sub,author,roles,score,scored,highrisk,any_signal
AnimeMirchi,-_-TheFool-_-,['top'],,False,False,False
AnimeMirchi,106_365361_334145,['latest'],,False,False,False
AnimeMirchi,3r1cki1,['top'],,False,False,False
AnimeMirchi,8_Tail_Bijuu,['latest'],,False,False,False
AnimeMirchi,AXPickle,"['latest', 'top']",,False,False,False
AnimeMirchi,Abracabastard,"['latest', 'top']",,False,False,False
AnimeMirchi,Additional-File8794,['latest'],,False,False,False
AnimeMirchi,AlternateSatan,['latest'],,False,False,False
AnimeMirchi,AnakinsAngstFace,['latest'],,False,False,False
AnimeMirchi,AnimeMirchi-ModTeam,['latest'],,False,False,False
AnimeMirchi,Anime_infinite,"['latest', 'top']",0.0,True,False,False
AnimeMirchi,Arnabmas7,['latest'],,False,False,False
AnimeMirchi,Ashamed_Fox_7021,"['poster', 'top']",,False,False,False
AnimeMirchi,AsurasDream,['top'],,False,False,False
AnimeMirchi,Atomicvoltaic,['latest'],,False,False,False
AnimeMirchi,Available_Present483,['latest'],,False,False,False
AnimeMirchi,Avatar_Yaksha,['latest'],,False,False,False
AnimeMirchi,AxEl_257,['top'],,False,False,False
AnimeMirchi,Baleeverne,['top'],,False,False,False
AnimeMirchi,Beginning_Brother_46,['latest'],,False,False,False
AnimeMirchi,Better_Anteater3126,['top'],1.0,True,False,True
AnimeMirchi,BigBellyBeluga,['latest'],,False,False,False
AnimeMirchi,BluebirdAmazing742,['latest'],,False,False,False
AnimeMirchi,BuhoNocturno737,['latest'],,False,False,False
AnimeMirchi,BulkyObjective23,['latest'],,False,False,False
AnimeMirchi,BusinessKing7067,['latest'],1.0,True,False,True
AnimeMirchi,Busy_Anything_3297,['top'],0.0,True,False,False
AnimeMirchi,Capraos,['top'],,False,False,False
AnimeMirchi,CartographerRare4123,"['poster', 'top']",4.0,True,False,True
AnimeMirchi,CatL1f3,"['latest', 'top']",,False,False,False
AnimeMirchi,Chance_End5830,['latest'],,False,False,False
AnimeMirchi,CharmingPerspective0,['latest'],,False,False,False
AnimeMirchi,Charming_Ratio_7355,"['latest', 'poster', 'top']",12.0,True,True,True
AnimeMirchi,Chemical_Sport_9307,['latest'],,False,False,False
AnimeMirchi,Chutiyamatbana,['poster'],,False,False,False
AnimeMirchi,Cr3m0,"['latest', 'top']",,False,False,False
AnimeMirchi,Cultural_Bike1804,"['latest', 'top']",,False,False,False
AnimeMirchi,DILIpK11,"['latest', 'top']",,False,False,False
AnimeMirchi,Dalles272,['latest'],,False,False,False
AnimeMirchi,Darthmark3,"['latest', 'top']",0.0,True,False,False
AnimeMirchi,DeMmeure,['latest'],,False,False,False
AnimeMirchi,Docha_Tiarna,['latest'],,False,False,False
AnimeMirchi,DogDays-leg,['latest'],,False,False,False
AnimeMirchi,Double-Name-2102,"['latest', 'top']",,False,False,False
AnimeMirchi,Dr_Greyman,"['poster', 'top']",2.0,True,False,True
AnimeMirchi,Due_Order_7517,['top'],,False,False,False
AnimeMirchi,EconomistStrange2715,['top'],0.0,True,False,False
AnimeMirchi,Egg-2bits,"['latest', 'top']",2.0,True,False,True
AnimeMirchi,Electrical_Gain3864,['latest'],,False,False,False
AnimeMirchi,Electronic_Phase_123,['top'],,False,False,False
AnimeMirchi,Elektrikor,['latest'],,False,False,False
AnimeMirchi,Enlightend-1,"['latest', 'top']",,False,False,False
AnimeMirchi,Etherealoverempress,['latest'],,False,False,False
AnimeMirchi,FALCON9868,['latest'],,False,False,False
AnimeMirchi,Fabulous_Document_72,['top'],,False,False,False
AnimeMirchi,Fair-Bunch4827,['top'],,False,False,False
AnimeMirchi,FangProd,"['latest', 'top']",,False,False,False
AnimeMirchi,Fantastic_Safe_4172,['latest'],,False,False,False
AnimeMirchi,Finergolem,['latest'],,False,False,False
AnimeMirchi,FirmnErect,"['latest', 'poster', 'top']",9.0,True,True,True
AnimeMirchi,Flimsy_Translator781,['top'],6.0,True,True,True
AnimeMirchi,Friendly-Shoulder466,['top'],,False,False,False
AnimeMirchi,Front_Internet_8586,['latest'],,False,False,False
AnimeMirchi,GBuckets0,['top'],,False,False,False
AnimeMirchi,Geene_Creemers,"['latest', 'top']",,False,False,False
AnimeMirchi,General_Belal,['latest'],,False,False,False
AnimeMirchi,Geometronics,['latest'],,False,False,False
AnimeMirchi,GetMaBFG,['latest'],,False,False,False
AnimeMirchi,GintoSenju,['latest'],,False,False,False
AnimeMirchi,Gloomy_Wrangler1975,['latest'],,False,False,False
AnimeMirchi,Gold_Weakness1157,['top'],,False,False,False
AnimeMirchi,Goldbeo12,['latest'],,False,False,False
AnimeMirchi,Goo_Wyvern,['top'],,False,False,False
AnimeMirchi,GreenTeaShake,['top'],,False,False,False
AnimeMirchi,Grievuuz,['latest'],,False,False,False
AnimeMirchi,GrouchyAd9713,['latest'],,False,False,False
AnimeMirchi,Guardian_of_Perineum,['top'],,False,False,False
AnimeMirchi,HDMI17_,['top'],,False,False,False
AnimeMirchi,HalcyoneDays,['latest'],,False,False,False
AnimeMirchi,IGflayer,['latest'],,False,False,False
AnimeMirchi,IamNotAHuman2,['top'],,False,False,False
AnimeMirchi,IllConfidence8744,['latest'],,False,False,False
AnimeMirchi,Illimited_Esoterica,['latest'],,False,False,False
AnimeMirchi,Instant_User731,['top'],,False,False,False
AnimeMirchi,ItsVanillaNice,['latest'],,False,False,False
AnimeMirchi,ItsWickie,['latest'],0.0,True,False,False
AnimeMirchi,JackieMacroni,['latest'],,False,False,False
AnimeMirchi,Jin_woo_shadow,['top'],2.0,True,False,True
AnimeMirchi,JorlestonR1,['latest'],,False,False,False
AnimeMirchi,Jumpy_Location_9068,['top'],,False,False,False
AnimeMirchi,Juniper-UwU,['top'],,False,False,False
AnimeMirchi,Just_a_passingby205,['top'],0.0,True,False,False
AnimeMirchi,K88LKI,['top'],,False,False,False
AnimeMirchi,KazuyaOhama,['top'],,False,False,False
AnimeMirchi,Kinuwa_K,['latest'],,False,False,False
AnimeMirchi,Klutzy_Taste6975,['top'],,False,False,False
AnimeMirchi,Knight2512,['latest'],,False,False,False
AnimeMirchi,KnownEggplant,['latest'],,False,False,False
AnimeMirchi,Krash2o,"['latest', 'top']",,False,False,False
AnimeMirchi,Krispen_Wah87,"['latest', 'top']",,False,False,False
AnimeMirchi,L00fah,['latest'],,False,False,False
AnimeMirchi,Leading-Control-3053,['top'],0.0,True,False,False
AnimeMirchi,Leather_Garden_89,['latest'],,False,False,False
AnimeMirchi,Left-Night-1125,"['latest', 'top']",0.0,True,False,False
AnimeMirchi,LordDShadowy53,['top'],0.0,True,False,False
AnimeMirchi,Lucid_Albatross,['top'],,False,False,False
AnimeMirchi,MAKstyles75,"['latest', 'top']",0.0,True,False,False
AnimeMirchi,MEM0RYCARD99,['latest'],,False,False,False
AnimeMirchi,MEOW_5189,['top'],,False,False,False
AnimeMirchi,METRlOS,['top'],,False,False,False
AnimeMirchi,MaguroSashimi8864,['latest'],,False,False,False
AnimeMirchi,ManWordsMan,['top'],0.0,True,False,False
AnimeMirchi,Master-Shaq,['latest'],,False,False,False
AnimeMirchi,MaximumIndependent67,"['latest', 'top']",0.0,True,False,False
AnimeMirchi,MeImmortalEmperor,['top'],,False,False,False
AnimeMirchi,MethodicOwl45,['latest'],,False,False,False
AnimeMirchi,MisterOphiuchus,"['latest', 'top']",,False,False,False
AnimeMirchi,Moonstoner,['latest'],,False,False,False
AnimeMirchi,N0s33,['top'],,False,False,False
AnimeMirchi,Negative_Wrongdoer17,"['latest', 'top']",,False,False,False
AnimeMirchi,Neonklight,['top'],0.0,True,False,False
AnimeMirchi,Nir117vash,"['latest', 'top']",,False,False,False
AnimeMirchi,No-Brush1587,['poster'],,False,False,False
AnimeMirchi,No-Championship6178,['latest'],,False,False,False
AnimeMirchi,No-Door-6374,['top'],,False,False,False
AnimeMirchi,No-Sand4863,['top'],,False,False,False
AnimeMirchi,No_Arugula3195,['latest'],,False,False,False
AnimeMirchi,Noktis_Lucis_Caelum,['top'],,False,False,False
AnimeMirchi,Nomad5560,"['latest', 'top']",,False,False,False
AnimeMirchi,NorthHamza,['top'],,False,False,False
AnimeMirchi,NotFered,['top'],0.0,True,False,False
AnimeMirchi,Nusarp_NotFound,['latest'],,False,False,False
AnimeMirchi,OddEntertainment7036,['top'],0.0,True,False,False
AnimeMirchi,Ohmargod777,['latest'],,False,False,False
AnimeMirchi,Ok_Cardiologist_6471,"['latest', 'top']",,False,False,False
AnimeMirchi,Ok_Trick5916,['poster'],2.0,True,False,True
AnimeMirchi,One-Spare-798,['latest'],,False,False,False
AnimeMirchi,Oopsforgotagain,['poster'],4.0,True,False,True
AnimeMirchi,Optimal_Trouble_1515,['top'],,False,False,False
AnimeMirchi,Osiris_The_Gamer,['top'],,False,False,False
AnimeMirchi,OutrageousAd8563,['latest'],,False,False,False
AnimeMirchi,PRATIIIIIIIIII,['top'],1.0,True,False,True
AnimeMirchi,PRO_BRO_2255,['top'],,False,False,False
AnimeMirchi,PangolinNorth4448,['top'],,False,False,False
AnimeMirchi,Pirate-Adorable,['top'],0.0,True,False,False
AnimeMirchi,PixelReaper69,['latest'],1.0,True,False,True
AnimeMirchi,Pleasant-Presence104,['top'],0.0,True,False,False
AnimeMirchi,Plenty-Dirt7357,['top'],0.0,True,False,False
AnimeMirchi,Prize-Measurement-68,['top'],,False,False,False
AnimeMirchi,ProofAd608,"['latest', 'top']",,False,False,False
AnimeMirchi,Pryce_808,['top'],,False,False,False
AnimeMirchi,Psudodrake,"['latest', 'top']",,False,False,False
AnimeMirchi,QualityBuddy,['latest'],,False,False,False
AnimeMirchi,RadiografiaDeTorax,['latest'],,False,False,False
AnimeMirchi,Randalf_Studio,['top'],,False,False,False
AnimeMirchi,RandomName5259,['latest'],,False,False,False
AnimeMirchi,Remarkable-Ad-2493,"['latest', 'top']",,False,False,False
AnimeMirchi,Reserve_Any,['latest'],,False,False,False
AnimeMirchi,ResolveUnlikely5542,['latest'],,False,False,False
AnimeMirchi,SCP_Void,['latest'],,False,False,False
AnimeMirchi,Sad_Firefighter3450,['latest'],0.0,True,False,False
AnimeMirchi,Secure-Chemistry-395,"['latest', 'top']",,False,False,False
AnimeMirchi,Separate-Swimmer-417,['latest'],,False,False,False
AnimeMirchi,Shadow24545,['top'],,False,False,False
AnimeMirchi,ShadowFlare_x,['latest'],,False,False,False
AnimeMirchi,SharksNCentipedes,"['latest', 'top']",,False,False,False
AnimeMirchi,SilentGhoul1111,['top'],,False,False,False
AnimeMirchi,SillyFatRacoon,"['latest', 'top']",,False,False,False
AnimeMirchi,Silveruleaf,"['latest', 'top']",,False,False,False
AnimeMirchi,Singularity252,['top'],2.0,True,False,True
AnimeMirchi,Sirduffselot,"['latest', 'top']",,False,False,False
AnimeMirchi,SnehithSanthosh,['top'],,False,False,False
AnimeMirchi,SomethingPotato_,"['latest', 'top']",,False,False,False
AnimeMirchi,SplatteredCake,['top'],1.0,True,False,True
AnimeMirchi,Square-Dragonfruit76,['top'],0.0,True,False,False
AnimeMirchi,Sunnybunnyeater,['latest'],,False,False,False
AnimeMirchi,Suspicious_Army7392,['top'],,False,False,False
AnimeMirchi,Technical_Impact_115,['latest'],,False,False,False
AnimeMirchi,ThatOneRepublican308,['top'],,False,False,False
AnimeMirchi,The0verm1nd,['top'],,False,False,False
AnimeMirchi,TheBlackoutEmpire,['latest'],,False,False,False
AnimeMirchi,TheRealPopatsot,['latest'],,False,False,False
AnimeMirchi,The_6thEmperor_Rises,['latest'],,False,False,False
AnimeMirchi,TheeSmartGuY,['latest'],,False,False,False
AnimeMirchi,Thin_Albatross2720,['latest'],,False,False,False
AnimeMirchi,Thra99,['top'],,False,False,False
AnimeMirchi,TooMuchEcchi,['latest'],,False,False,False
AnimeMirchi,Top-Committee2770,"['latest', 'poster']",,False,False,False
AnimeMirchi,Tsukuruya,['top'],,False,False,False
AnimeMirchi,TumbleweedEast6482,['top'],,False,False,False
AnimeMirchi,Turmoilitoitonomi1,"['latest', 'top']",,False,False,False
AnimeMirchi,TurnoverIcy1998,['top'],,False,False,False
AnimeMirchi,VegitoBlue_08,['top'],0.0,True,False,False
AnimeMirchi,Vivid-Ticket-7681,['top'],,False,False,False
AnimeMirchi,Vivid_Zone_8790,['top'],,False,False,False
AnimeMirchi,WarningIMightBeDumb,"['latest', 'top']",,False,False,False
AnimeMirchi,Weak-Software-8272,['top'],,False,False,False
AnimeMirchi,WeirdSet1792,['top'],4.0,True,False,True
AnimeMirchi,Willing_Line7527,['poster'],0.0,True,False,False
AnimeMirchi,Wolfstag_Jr_yt,['top'],,False,False,False
AnimeMirchi,Wooden-Variety175,['top'],,False,False,False
AnimeMirchi,Xeaiuz,"['latest', 'top']",1.0,True,False,True
AnimeMirchi,XxKTtheLegendxX,['top'],,False,False,False
AnimeMirchi,ZeebrU67,"['poster', 'top']",4.0,True,False,True
AnimeMirchi,_Etri_,['top'],,False,False,False
AnimeMirchi,_FIZZRIX_,['poster'],4.0,True,False,True
AnimeMirchi,aba_lancer,"['latest', 'top']",,False,False,False
AnimeMirchi,aisondenbrew,['top'],,False,False,False
AnimeMirchi,amberivanov,"['latest', 'top']",,False,False,False
AnimeMirchi,auddbot,['latest'],,False,False,False
AnimeMirchi,baaphaihumtumhare,['top'],,False,False,False
AnimeMirchi,bessovestnij,['latest'],,False,False,False
AnimeMirchi,boilingfrogsinpants,"['latest', 'top']",,False,False,False
AnimeMirchi,bruhtus_nakama,['top'],,False,False,False
AnimeMirchi,cyborgborg,['latest'],,False,False,False
AnimeMirchi,dranaei,['latest'],,False,False,False
AnimeMirchi,ging_ryu,['latest'],,False,False,False
AnimeMirchi,gorgonbrgr,['latest'],,False,False,False
AnimeMirchi,herobhai69,['poster'],12.0,True,True,True
AnimeMirchi,horko_,['latest'],,False,False,False
AnimeMirchi,i2wog,['top'],,False,False,False
AnimeMirchi,idiots_Surrounded,"['latest', 'top']",,False,False,False
AnimeMirchi,imyourtask,['top'],1.0,True,False,True
AnimeMirchi,itsmadfury,"['poster', 'top']",,False,False,False
AnimeMirchi,jabluszko132,['latest'],,False,False,False
AnimeMirchi,jmappellerobot,['latest'],,False,False,False
AnimeMirchi,juniorsundar,['top'],,False,False,False
AnimeMirchi,kulqupidyn77,['top'],,False,False,False
AnimeMirchi,kyngslinn,['top'],,False,False,False
AnimeMirchi,leylin_farlin,"['latest', 'top']",,False,False,False
AnimeMirchi,mauriciomeireles,['latest'],,False,False,False
AnimeMirchi,mesoziocera,"['latest', 'top']",,False,False,False
AnimeMirchi,misogichan,['latest'],,False,False,False
AnimeMirchi,newuser6d9,['latest'],,False,False,False
AnimeMirchi,ninjax2101,['latest'],,False,False,False
AnimeMirchi,octopus_sensei_smirk,['top'],0.0,True,False,False
AnimeMirchi,pcpxtc,['top'],,False,False,False
AnimeMirchi,pyoimn,['top'],0.0,True,False,False
AnimeMirchi,racerman156,['latest'],,False,False,False
AnimeMirchi,rayquazza74,['latest'],,False,False,False
AnimeMirchi,renannetto,['latest'],,False,False,False
AnimeMirchi,rickrack154,['latest'],,False,False,False
AnimeMirchi,ruinsit,['latest'],,False,False,False
AnimeMirchi,shreek07,['top'],0.0,True,False,False
AnimeMirchi,soullessforefront969,['top'],,False,False,False
AnimeMirchi,supajippy,['latest'],,False,False,False
AnimeMirchi,tehzeeb_less_Insan,['poster'],,False,False,False
AnimeMirchi,tentchi,"['latest', 'top']",,False,False,False
AnimeMirchi,timonten,"['latest', 'top']",,False,False,False
AnimeMirchi,tyrenanig,['latest'],,False,False,False
AnimeMirchi,uchiha_ryuma,"['latest', 'top']",,False,False,False
AnimeMirchi,uncertainty4747,['latest'],,False,False,False
AnimeMirchi,vfox67,['poster'],9.0,True,True,True
AnimeMirchi,wannabecold_,['top'],1.0,True,False,True
AnimeMirchi,warlockzekrom,['top'],0.0,True,False,False
AnimeMirchi,werephoenix,['latest'],,False,False,False
AnimeMirchi,xX-Delirium-Xx,['top'],,False,False,False
AskIndia,51837,"['latest', 'top']",2.0,True,False,True
AskIndia,ABahRunt,['top'],4.0,True,False,True
AskIndia,Aarya_Man,['latest'],1.0,True,False,True
AskIndia,Acceptable_Head_6249,['latest'],2.0,True,False,True
AskIndia,Admirable_Mistake300,['latest'],,False,False,False
AskIndia,Advanced_Bread4751,"['latest', 'top']",2.0,True,False,True
AskIndia,Afraid_Investment690,['latest'],2.0,True,False,True
AskIndia,Amazing-Worker-2250,['latest'],,False,False,False
AskIndia,Amazing_SpiderLAN,['latest'],,False,False,False
AskIndia,Ambitious-Upstairs90,['latest'],2.0,True,False,True
AskIndia,AmphaneTripolChor,"['latest', 'top']",2.0,True,False,True
AskIndia,Animeshkatyayan,['latest'],,False,False,False
AskIndia,Any-Lime8783,['latest'],,False,False,False
AskIndia,AnyAdvance8264,['latest'],2.0,True,False,True
AskIndia,Any_Ingenuity_7274,"['latest', 'top']",,False,False,False
AskIndia,AnzelmoPoblanito_46,['latest'],,False,False,False
AskIndia,Ashamed-Notice8307,"['latest', 'top']",,False,False,False
AskIndia,AugustusCaesar00,['top'],4.0,True,False,True
AskIndia,B-Cool-,['top'],0.0,True,False,False
AskIndia,BaidAayush,"['latest', 'poster', 'top']",,False,False,False
AskIndia,BasAajNai,['top'],,False,False,False
AskIndia,Beautiful_Soup9229,['latest'],0.0,True,False,False
AskIndia,Ben-Dragneel,['top'],,False,False,False
AskIndia,BornAwareness7088,['latest'],1.0,True,False,True
AskIndia,Both_Track_1754,"['latest', 'top']",2.0,True,False,True
AskIndia,BrilliantHawk305,['latest'],,False,False,False
AskIndia,Candy_83,['latest'],,False,False,False
AskIndia,CaptZombieAlpha,"['latest', 'top']",1.0,True,False,True
AskIndia,CareerThis2727,"['latest', 'top']",2.0,True,False,True
AskIndia,ChallengeWise6965,['latest'],0.0,True,False,False
AskIndia,Character_Sun_5783,"['latest', 'top']",4.0,True,False,True
AskIndia,Charming_Salad_948,['latest'],,False,False,False
AskIndia,Child_of_destiny99,"['latest', 'top']",1.0,True,False,True
AskIndia,Chukila_mafi_aahe,['latest'],,False,False,False
AskIndia,ClimateStreet1952,['top'],,False,False,False
AskIndia,CombustionChamber_19,['latest'],,False,False,False
AskIndia,Comfortable_Glove665,['top'],,False,False,False
AskIndia,Common_Dig5526,['top'],2.0,True,False,True
AskIndia,Content_Sleep_708,['latest'],,False,False,False
AskIndia,CrimeMasterGogoChan,['top'],4.0,True,False,True
AskIndia,Curious-Journalist76,['poster'],,False,False,False
AskIndia,Curious_Priority2313,"['latest', 'top']",0.0,True,False,False
AskIndia,CutSnow11,['latest'],,False,False,False
AskIndia,Dapper_Meal0809,"['latest', 'top']",0.0,True,False,False
AskIndia,DarthmanU058,['latest'],,False,False,False
AskIndia,DeanKeaton1999,['poster'],,False,False,False
AskIndia,DelgadoGant,['latest'],,False,False,False
AskIndia,Dependent-Swing-5043,['top'],0.0,True,False,False
AskIndia,Desert_Centipede,['top'],0.0,True,False,False
AskIndia,Desperate-Smile-7273,['top'],,False,False,False
AskIndia,Desperate_Sleep9924,['top'],,False,False,False
AskIndia,Dewittie_Ilianna,['latest'],,False,False,False
AskIndia,Dry-Ad3046,['latest'],2.0,True,False,True
AskIndia,DryApplication3997,['poster'],,False,False,False
AskIndia,DuckSleazzy,['latest'],1.0,True,False,True
AskIndia,EarlyCumEarlySleep,['latest'],,False,False,False
AskIndia,Embarrassed_Look9200,"['latest', 'poster', 'top']",9.0,True,True,True
AskIndia,Emergency_Cress_6484,['top'],,False,False,False
AskIndia,Entire_Dimension8556,['latest'],,False,False,False
AskIndia,Entire_One2271,['latest'],0.0,True,False,False
AskIndia,Evening_Nose6847,['latest'],0.0,True,False,False
AskIndia,Existing-Pizza-3157,"['latest', 'top']",,False,False,False
AskIndia,ExtensionFancy1763,['latest'],0.0,True,False,False
AskIndia,Extra-Inspector-6826,['top'],0.0,True,False,False
AskIndia,Extremepleasurepro,"['latest', 'poster', 'top']",3.0,True,False,True
AskIndia,Faggy-Cub,['latest'],,False,False,False
AskIndia,Fast_Impression9738,['top'],2.0,True,False,True
AskIndia,Fearless_Advisor8497,['top'],2.0,True,False,True
AskIndia,Feeling-Step1870,"['latest', 'top']",,False,False,False
AskIndia,Fighter_51,['latest'],,False,False,False
AskIndia,Financial_Pancake,['top'],,False,False,False
AskIndia,Flimsy-Report5949,['top'],2.0,True,False,True
AskIndia,Fluid_Score_1924,['latest'],,False,False,False
AskIndia,Forward_River610,['poster'],,False,False,False
AskIndia,Garryzzzz,"['latest', 'top']",,False,False,False
AskIndia,General-Clue-6419,['latest'],,False,False,False
AskIndia,GeneralHeinzGuderian,"['latest', 'top']",2.0,True,False,True
AskIndia,Gloomy-Sleep-4358,['top'],,False,False,False
AskIndia,GloomyCheesecake3567,['top'],,False,False,False
AskIndia,Gloomy_Temporary2914,['top'],12.0,True,True,True
AskIndia,Gold-Whole1009,['top'],1.0,True,False,True
AskIndia,Grouchy_Basil_3623,['top'],,False,False,False
AskIndia,GroundbreakingStay27,['top'],,False,False,False
AskIndia,HELLboy_SID,['top'],2.0,True,False,True
AskIndia,HaddadMorally,['latest'],,False,False,False
AskIndia,Hannibal_0901,['latest'],,False,False,False
AskIndia,IT_cell_ppl_exposer,"['latest', 'top']",,False,False,False
AskIndia,Illustrious-Milk-896,['top'],4.0,True,False,True
AskIndia,Im_back_for_Fourths,['top'],2.0,True,False,True
AskIndia,IndependentHeight948,['poster'],,False,False,False
AskIndia,Indian63536,['latest'],,False,False,False
AskIndia,InnocentDude69,['latest'],2.0,True,False,True
AskIndia,Inspectorock-,['top'],0.0,True,False,False
AskIndia,IsAcc0untKoKyaNaamDu,['poster'],,False,False,False
AskIndia,Jinu260,"['latest', 'top']",,False,False,False
AskIndia,Jivaah,['latest'],,False,False,False
AskIndia,Jumpy_Category_1217,"['latest', 'top']",,False,False,False
AskIndia,Large-Astronaut1130,['top'],,False,False,False
AskIndia,LeaderOk808,['latest'],,False,False,False
AskIndia,LeftRightLeft2006,"['latest', 'top']",,False,False,False
AskIndia,Level_Finish1930,['top'],,False,False,False
AskIndia,Logsdontli3,['latest'],,False,False,False
AskIndia,LuckExtra3475,['top'],,False,False,False
AskIndia,MagieMannn,['latest'],,False,False,False
AskIndia,Maleficent_Wheel7202,"['poster', 'top']",,False,False,False
AskIndia,Maverick910797,['top'],,False,False,False
AskIndia,Medical-Concept-2190,['latest'],12.0,True,True,True
AskIndia,MedusaLifts,['top'],2.0,True,False,True
AskIndia,Mindless_Toe7000,['poster'],,False,False,False
AskIndia,Misal_RajmaChawal,['top'],4.0,True,False,True
AskIndia,MoneyMagnet2008,['top'],,False,False,False
AskIndia,Monkey_D_Ketchum,['latest'],3.0,True,False,True
AskIndia,Mountain-Volume-4112,['latest'],,False,False,False
AskIndia,Mundane-Business-187,['top'],1.0,True,False,True
AskIndia,Muser_amused,['top'],,False,False,False
AskIndia,MyDespatcherDyKabel,['latest'],0.0,True,False,False
AskIndia,Naive-Double-7589,['latest'],0.0,True,False,False
AskIndia,Nearby-Material-2013,['top'],,False,False,False
AskIndia,NoGodsNoMastersOOO,['top'],6.0,True,True,True
AskIndia,NormalPunch69,"['latest', 'top']",,False,False,False
AskIndia,NotSoRoyalBlue101,['latest'],0.0,True,False,False
AskIndia,OMega2100,['latest'],2.0,True,False,True
AskIndia,Odd_Explanation3246,['latest'],0.0,True,False,False
AskIndia,Ok-Guarantee2075,"['latest', 'top']",,False,False,False
AskIndia,Ok-Tower68,['top'],,False,False,False
AskIndia,Own-Rich4190,['top'],,False,False,False
AskIndia,Particular-Way-549,['top'],,False,False,False
AskIndia,PersonalConfusion699,['top'],2.0,True,False,True
AskIndia,Plastic-Bonus8999,"['latest', 'poster']",0.0,True,False,False
AskIndia,PlusCardiologist1799,['latest'],4.0,True,False,True
AskIndia,Potential_Time5469,['latest'],0.0,True,False,False
AskIndia,PsyKite,"['latest', 'top']",3.0,True,False,True
AskIndia,PurpleExcellent9518,"['latest', 'top']",,False,False,False
AskIndia,PurposeAromatic5019,['latest'],,False,False,False
AskIndia,Remote-Pension-8262,['poster'],,False,False,False
AskIndia,Resident-Coyote9339,"['latest', 'top']",,False,False,False
AskIndia,RunImpressive9613,"['latest', 'top']",,False,False,False
AskIndia,Ryujiro101,['top'],2.0,True,False,True
AskIndia,Sawrey_Mobolade,['top'],,False,False,False
AskIndia,Sccar_,"['poster', 'top']",,False,False,False
AskIndia,Secure_Round4789,['latest'],,False,False,False
AskIndia,Sensitive_Smoke_78,['latest'],,False,False,False
AskIndia,ShadowL0rd333,['latest'],,False,False,False
AskIndia,Sherlock-Holmes8461,['top'],,False,False,False
AskIndia,ShiningWater,['latest'],0.0,True,False,False
AskIndia,Shitama_ftw,['latest'],2.0,True,False,True
AskIndia,Silly-Twist993,['latest'],1.0,True,False,True
AskIndia,Silver-Analysis7082,['top'],,False,False,False
AskIndia,Soldierboy-_-,['top'],,False,False,False
AskIndia,Somebodycoool,['poster'],,False,False,False
AskIndia,Southern-Reveal5111,['top'],0.0,True,False,False
AskIndia,SpecialOil1341,['latest'],6.0,True,True,True
AskIndia,Spirited_Ad_1032,['latest'],1.0,True,False,True
AskIndia,Spiritual_Point_2747,['top'],,False,False,False
AskIndia,Stock-Philosopher375,['top'],3.0,True,False,True
AskIndia,Successful_Raise1801,['latest'],0.0,True,False,False
AskIndia,Sweet_Beginning9931,['top'],1.0,True,False,True
AskIndia,Tablewala,['top'],,False,False,False
AskIndia,Tall-Assignment1349,['poster'],,False,False,False
AskIndia,TheBlockChainVillage,['top'],9.0,True,True,True
AskIndia,TheReaderDude_97,"['latest', 'top']",2.0,True,False,True
AskIndia,ThinkingIndian,['top'],0.0,True,False,False
AskIndia,Tough_Oven_7890,['top'],4.0,True,False,True
AskIndia,Training2Life,['latest'],2.0,True,False,True
AskIndia,TrifleWorldly7977,"['latest', 'top']",,False,False,False
AskIndia,Turbulent_Writing834,['poster'],4.0,True,False,True
AskIndia,UDKIDKWDKK,['top'],,False,False,False
AskIndia,UdtaTeer420,['latest'],0.0,True,False,False
AskIndia,Unlikely_Dimension55,['latest'],2.0,True,False,True
AskIndia,Wide-Ad1564,['latest'],,False,False,False
AskIndia,Yournewbestfriend_01,"['latest', 'top']",12.0,True,True,True
AskIndia,Zealousideal_Fun9869,['latest'],,False,False,False
AskIndia,ZonerRoamer,"['latest', 'top']",1.0,True,False,True
AskIndia,__M4V3RICK,"['latest', 'top']",1.0,True,False,True
AskIndia,_avada_kedavra_1,['latest'],0.0,True,False,False
AskIndia,_replicant_02,['top'],0.0,True,False,False
AskIndia,adventurousbat12t,['top'],,False,False,False
AskIndia,ani_v,['latest'],,False,False,False
AskIndia,aniket0_0,"['latest', 'poster']",6.0,True,True,True
AskIndia,aussiegreenie,"['latest', 'top']",,False,False,False
AskIndia,axisdork,"['latest', 'top']",1.0,True,False,True
AskIndia,baingan0,['top'],,False,False,False
AskIndia,barrelflex,"['latest', 'top']",,False,False,False
AskIndia,bastet_is_back,['top'],2.0,True,False,True
AskIndia,benbigpi,['top'],,False,False,False
AskIndia,bhabhihunter_,['top'],0.0,True,False,False
AskIndia,bheem-king,['top'],2.0,True,False,True
AskIndia,biryani-half,['top'],,False,False,False
AskIndia,botbhai,"['latest', 'top']",,False,False,False
AskIndia,chanakya2,['latest'],0.0,True,False,False
AskIndia,confused_being02,['top'],0.0,True,False,False
AskIndia,dark_owl30,['top'],0.0,True,False,False
AskIndia,darwinevo,['latest'],1.0,True,False,True
AskIndia,daydreaming_ocder,['latest'],,False,False,False
AskIndia,deepintoyourheart,['poster'],,False,False,False
AskIndia,detectiveJakePorotta,['latest'],2.0,True,False,True
AskIndia,discombobinator,['latest'],,False,False,False
AskIndia,disorderedblessings,"['latest', 'top']",,False,False,False
AskIndia,diwalibonus,['latest'],,False,False,False
AskIndia,doctorr__Doom,['latest'],12.0,True,True,True
AskIndia,entitled-hypocrite,['latest'],,False,False,False
AskIndia,fiestyconflict,['latest'],,False,False,False
AskIndia,find_a_rare_uuid,"['latest', 'top']",12.0,True,True,True
AskIndia,firesnake412,['latest'],4.0,True,False,True
AskIndia,gormeent,"['latest', 'top']",,False,False,False
AskIndia,guywithabeard007,"['latest', 'top']",2.0,True,False,True
AskIndia,hardcontractor,['latest'],,False,False,False
AskIndia,iambarcaholic,['top'],0.0,True,False,False
AskIndia,indi_n0rd,"['latest', 'top']",2.0,True,False,True
AskIndia,ishaanm3hra,['latest'],,False,False,False
AskIndia,ishi1807,['latest'],0.0,True,False,False
AskIndia,itsgg74,"['poster', 'top']",,False,False,False
AskIndia,kathegaara,['latest'],0.0,True,False,False
AskIndia,kerala_rationalist,['top'],0.0,True,False,False
AskIndia,kholeChature,['top'],12.0,True,True,True
AskIndia,kingoflarpers,['top'],,False,False,False
AskIndia,kinky-kid-7777,"['latest', 'poster']",1.0,True,False,True
AskIndia,kivtaas,"['latest', 'top']",,False,False,False
AskIndia,laughing_cactus,['top'],8.0,True,True,True
AskIndia,m3t4ph0r1c,['latest'],0.0,True,False,False
AskIndia,magicanon4,"['latest', 'top']",,False,False,False
AskIndia,magmagbuzz,['top'],,False,False,False
AskIndia,min2bro,['top'],,False,False,False
AskIndia,mojojojo-369,['latest'],1.0,True,False,True
AskIndia,mrwonderful50,['top'],,False,False,False
AskIndia,original_rain1818,['top'],0.0,True,False,False
AskIndia,oxomiya_lora,['top'],,False,False,False
AskIndia,paper_palpitation,['latest'],0.0,True,False,False
AskIndia,poddar413,['top'],,False,False,False
AskIndia,positive_9876,['latest'],,False,False,False
AskIndia,positive_Alarm4745,['top'],,False,False,False
AskIndia,primarilyIndependent,['top'],,False,False,False
AskIndia,priv_ish,['poster'],,False,False,False
AskIndia,punjupun,"['latest', 'top']",,False,False,False
AskIndia,randomece_student,['top'],,False,False,False
AskIndia,ravzzy,['poster'],0.0,True,False,False
AskIndia,rylexrr,['latest'],,False,False,False
AskIndia,saikybatman,['top'],0.0,True,False,False
AskIndia,saysomethingplesz,['poster'],,False,False,False
AskIndia,sg20043004,"['latest', 'top']",1.0,True,False,True
AskIndia,shaggershaggy,['latest'],,False,False,False
AskIndia,shubhanshux,['poster'],,False,False,False
AskIndia,sixxnine42,"['latest', 'top']",,False,False,False
AskIndia,tarunMI6,"['latest', 'top']",,False,False,False
AskIndia,tech-writer,['latest'],1.0,True,False,True
AskIndia,thenutsuperman,"['poster', 'top']",,False,False,False
AskIndia,theonlyfirss,"['latest', 'top']",,False,False,False
AskIndia,think_big_0,['poster'],6.0,True,True,True
AskIndia,thunderbird350xm,['top'],,False,False,False
AskIndia,ultron1796,['latest'],,False,False,False
AskIndia,webseher,['top'],,False,False,False
AskIndia,wizful_thinking,['latest'],1.0,True,False,True
AskIndia,xikete69,['top'],,False,False,False
AskIndia,zen-shen,['top'],0.0,True,False,False
AskIndia,zesty_cat9190,['poster'],,False,False,False
BollyBlindsNGossip,1825days,['top'],0.0,True,False,False
BollyBlindsNGossip,AccountSad1827,['latest'],,False,False,False
BollyBlindsNGossip,Active_Ad_5338,['top'],,False,False,False
BollyBlindsNGossip,Adventurous-Room9600,['top'],,False,False,False
BollyBlindsNGossip,After_Jeweler_6191,['latest'],,False,False,False
BollyBlindsNGossip,Alternative-Wear-175,['top'],2.0,True,False,True
BollyBlindsNGossip,AnxietyUnlucky6495,['top'],,False,False,False
BollyBlindsNGossip,Any_Environment2658,['top'],,False,False,False
BollyBlindsNGossip,BanhiC,['latest'],,False,False,False
BollyBlindsNGossip,BannedAgain12341,"['latest', 'top']",4.0,True,False,True
BollyBlindsNGossip,Beautiful_Owl8993,"['latest', 'top']",2.0,True,False,True
BollyBlindsNGossip,Benstokes54321,['top'],0.0,True,False,False
BollyBlindsNGossip,Bhickyplz,['poster'],,False,False,False
BollyBlindsNGossip,Big-Criticism-8926,"['latest', 'top']",9.0,True,True,True
BollyBlindsNGossip,BizarroAzzarro,['top'],,False,False,False
BollyBlindsNGossip,BobcatNo9883,"['latest', 'top']",,False,False,False
BollyBlindsNGossip,BollyLOVER1,['poster'],4.0,True,False,True
BollyBlindsNGossip,Both-Measurement-731,['poster'],16.0,True,True,True
BollyBlindsNGossip,Brahman_Shady,['latest'],0.0,True,False,False
BollyBlindsNGossip,BreadfruitCalm10,['poster'],,False,False,False
BollyBlindsNGossip,Capital_Rich_9362,['latest'],0.0,True,False,False
BollyBlindsNGossip,CareerThis2727,['top'],2.0,True,False,True
BollyBlindsNGossip,ChAdBrO19,['poster'],,False,False,False
BollyBlindsNGossip,Chaii_Lover,['latest'],4.0,True,False,True
BollyBlindsNGossip,ChanceImagination297,['top'],3.0,True,False,True
BollyBlindsNGossip,Chandlerbinge,['top'],0.0,True,False,False
BollyBlindsNGossip,Cheap-Ad-4031,['top'],,False,False,False
BollyBlindsNGossip,ChempakLalGada,['latest'],1.0,True,False,True
BollyBlindsNGossip,Cleopatralovesme,['top'],,False,False,False
BollyBlindsNGossip,Complaint-Lower,"['latest', 'top']",0.0,True,False,False
BollyBlindsNGossip,Connect_Accident1819,"['latest', 'top']",,False,False,False
BollyBlindsNGossip,Connect_Pickle_5418,['top'],12.0,True,True,True
BollyBlindsNGossip,Conscious_Piano6714,['latest'],,False,False,False
BollyBlindsNGossip,CookieMelodic,['latest'],,False,False,False
BollyBlindsNGossip,Darksoulmatethings,['latest'],,False,False,False
BollyBlindsNGossip,Dazzling_Check4142,['top'],4.0,True,False,True
BollyBlindsNGossip,Death_by_Chai,['latest'],2.0,True,False,True
BollyBlindsNGossip,Dependent-Click-4693,['top'],,False,False,False
BollyBlindsNGossip,Different_Earth6310,['top'],2.0,True,False,True
BollyBlindsNGossip,DigOk9541,['latest'],2.0,True,False,True
BollyBlindsNGossip,Dr-idk45,['top'],,False,False,False
BollyBlindsNGossip,DragonDeninSharkTank,"['latest', 'poster', 'top']",16.0,True,True,True
BollyBlindsNGossip,Due-Television8335,['top'],0.0,True,False,False
BollyBlindsNGossip,Ecstatic-Laugh,"['latest', 'top']",,False,False,False
BollyBlindsNGossip,Efficient-Owl-4116,['top'],,False,False,False
BollyBlindsNGossip,EfficientHospital900,"['latest', 'top']",12.0,True,True,True
BollyBlindsNGossip,Efficient_Guava_5561,['top'],0.0,True,False,False
BollyBlindsNGossip,ElevatorSeparate7517,['latest'],2.0,True,False,True
BollyBlindsNGossip,Estate-Salt,['top'],0.0,True,False,False
BollyBlindsNGossip,Expensive-Bad1599,['latest'],0.0,True,False,False
BollyBlindsNGossip,FarCryptographer596,['poster'],,False,False,False
BollyBlindsNGossip,Fickle_Bandicoot_151,['top'],,False,False,False
BollyBlindsNGossip,Fluffy_Celery6098,['top'],,False,False,False
BollyBlindsNGossip,ForsakenPurpose2963,['top'],,False,False,False
BollyBlindsNGossip,Full_Organization328,['top'],0.0,True,False,False
BollyBlindsNGossip,FunMammoth3064,['latest'],,False,False,False
BollyBlindsNGossip,Fun_Ride_4327,['top'],,False,False,False
BollyBlindsNGossip,GBandZ11,['latest'],,False,False,False
BollyBlindsNGossip,GiveMeSomeSunshine3,"['poster', 'top']",16.0,True,True,True
BollyBlindsNGossip,Glad-Leg-7100,['latest'],2.0,True,False,True
BollyBlindsNGossip,Glad_Atmosphere_1035,"['latest', 'top']",2.0,True,False,True
BollyBlindsNGossip,Glittering-Fuel-9013,['poster'],,False,False,False
BollyBlindsNGossip,God_Emperor__Doom,['poster'],16.0,True,True,True
BollyBlindsNGossip,GreyPyjamas,['top'],0.0,True,False,False
BollyBlindsNGossip,Honest_Lie8632,['top'],1.0,True,False,True
BollyBlindsNGossip,Housenka_Seed,"['latest', 'top']",4.0,True,False,True
BollyBlindsNGossip,Hurdy_Gurdy_Man_84,['latest'],9.0,True,True,True
BollyBlindsNGossip,I-WantToBe-CrazyRich,"['latest', 'top']",,False,False,False
BollyBlindsNGossip,Ill_Promotion_9073,['latest'],0.0,True,False,False
BollyBlindsNGossip,Impressive_Half5000,['latest'],0.0,True,False,False
BollyBlindsNGossip,Imsongoku7,['top'],9.0,True,True,True
BollyBlindsNGossip,IndependentOk388,['top'],4.0,True,False,True
BollyBlindsNGossip,Janaab_e_Marvel_3000,['poster'],12.0,True,True,True
BollyBlindsNGossip,JuliusFreezzer,['poster'],4.0,True,False,True
BollyBlindsNGossip,Jy_sunny,['latest'],2.0,True,False,True
BollyBlindsNGossip,Kaali_99,"['poster', 'top']",4.0,True,False,True
BollyBlindsNGossip,Kindly_Type2327,['latest'],,False,False,False
BollyBlindsNGossip,KramerDwight,"['latest', 'top']",8.0,True,True,True
BollyBlindsNGossip,Kre8ivity,['latest'],,False,False,False
BollyBlindsNGossip,LazyLooming,"['poster', 'top']",8.0,True,True,True
BollyBlindsNGossip,Least-Quality8333,['latest'],,False,False,False
BollyBlindsNGossip,LeftRightLeft2006,['top'],,False,False,False
BollyBlindsNGossip,LibrarianPlenty2158,['latest'],2.0,True,False,True
BollyBlindsNGossip,Little_Ad7831,['latest'],2.0,True,False,True
BollyBlindsNGossip,Lord_of_the_beach,['top'],1.0,True,False,True
BollyBlindsNGossip,LoreleiSlays,['latest'],,False,False,False
BollyBlindsNGossip,Lucky_Concern_9925,"['latest', 'top']",2.0,True,False,True
BollyBlindsNGossip,MSH-27,['top'],2.0,True,False,True
BollyBlindsNGossip,MaanBharGaya,['top'],4.0,True,False,True
BollyBlindsNGossip,MajorHighlight6884,"['latest', 'top']",4.0,True,False,True
BollyBlindsNGossip,ManufacturerIll1743,['top'],8.0,True,True,True
BollyBlindsNGossip,MarsupialUnfair1960,['top'],,False,False,False
BollyBlindsNGossip,Mellow-sid,['poster'],3.0,True,False,True
BollyBlindsNGossip,Mom2056,['top'],2.0,True,False,True
BollyBlindsNGossip,MongooseHonest,"['latest', 'top']",2.0,True,False,True
BollyBlindsNGossip,More_Pension4911,['top'],,False,False,False
BollyBlindsNGossip,Moviebuff1233,['poster'],0.0,True,False,False
BollyBlindsNGossip,No-Sweet5055,['latest'],,False,False,False
BollyBlindsNGossip,NoDryHands,['top'],2.0,True,False,True
BollyBlindsNGossip,NoVisual1030,['latest'],,False,False,False
BollyBlindsNGossip,NoYak2825,['top'],,False,False,False
BollyBlindsNGossip,No_Damage2484,['latest'],2.0,True,False,True
BollyBlindsNGossip,No_Scar_534,['top'],,False,False,False
BollyBlindsNGossip,Odd-Description-,"['latest', 'top']",2.0,True,False,True
BollyBlindsNGossip,Odd-Wall-7373,['top'],1.0,True,False,True
BollyBlindsNGossip,OilDiscombobulated25,['latest'],,False,False,False
BollyBlindsNGossip,Ok-Bonus6846,['top'],0.0,True,False,False
BollyBlindsNGossip,Ok_Antelope_1953,['latest'],,False,False,False
BollyBlindsNGossip,Ok_Huckleberry7273,['top'],4.0,True,False,True
BollyBlindsNGossip,Ok_Jeweler_2140,['top'],0.0,True,False,False
BollyBlindsNGossip,Original_Bite6555,['latest'],0.0,True,False,False
BollyBlindsNGossip,Own_Army4024,['latest'],2.0,True,False,True
BollyBlindsNGossip,PandaReal_1234,['top'],0.0,True,False,False
BollyBlindsNGossip,PepsiBrandAmbassador,"['latest', 'top']",0.0,True,False,False
BollyBlindsNGossip,Perfect-Charity5246,['latest'],,False,False,False
BollyBlindsNGossip,Physical-Turn-1141,['latest'],,False,False,False
BollyBlindsNGossip,Plus_Mortgage_7639,['top'],0.0,True,False,False
BollyBlindsNGossip,PoetPitiful239489,['latest'],2.0,True,False,True
BollyBlindsNGossip,Potential_Ad4956,"['latest', 'top']",2.0,True,False,True
BollyBlindsNGossip,Puzzled-Bluebird3991,['latest'],,False,False,False
BollyBlindsNGossip,ReferenceExact5261,['top'],4.0,True,False,True
BollyBlindsNGossip,ReflectionLevel9529,"['latest', 'top']",2.0,True,False,True
BollyBlindsNGossip,Remote_Tap6299,['latest'],4.0,True,False,True
BollyBlindsNGossip,RepulsiveHalf1420,['latest'],2.0,True,False,True
BollyBlindsNGossip,ReturnOfTS,['top'],0.0,True,False,False
BollyBlindsNGossip,Robustrogue,['latest'],0.0,True,False,False
BollyBlindsNGossip,Rogue107,"['latest', 'top']",2.0,True,False,True
BollyBlindsNGossip,Rresham16,['latest'],,False,False,False
BollyBlindsNGossip,Sansa_Baratheon,"['latest', 'top']",2.0,True,False,True
BollyBlindsNGossip,Scary_Telephone8337,"['latest', 'top']",2.0,True,False,True
BollyBlindsNGossip,Sea-witch-9999,"['latest', 'top']",,False,False,False
BollyBlindsNGossip,SecrectWinds,['top'],,False,False,False
BollyBlindsNGossip,Serenaa12,"['latest', 'top']",2.0,True,False,True
BollyBlindsNGossip,SerialEntrepreneur01,['top'],0.0,True,False,False
BollyBlindsNGossip,Silentthinker_1,['top'],,False,False,False
BollyBlindsNGossip,Skaur_11,['latest'],,False,False,False
BollyBlindsNGossip,Slash787,"['latest', 'top']",8.0,True,True,True
BollyBlindsNGossip,SmallAchiever,['poster'],2.0,True,False,True
BollyBlindsNGossip,SpiritedBicycle1367,"['latest', 'top']",3.0,True,False,True
BollyBlindsNGossip,Spottttt12345,['top'],0.0,True,False,False
BollyBlindsNGossip,Strict-Cup-6640,"['latest', 'poster', 'top']",4.0,True,False,True
BollyBlindsNGossip,StrongPresence4175,['latest'],1.0,True,False,True
BollyBlindsNGossip,TemperatureFalse6982,"['latest', 'top']",,False,False,False
BollyBlindsNGossip,The_13thWarrior_,['latest'],,False,False,False
BollyBlindsNGossip,The_Fox_of_Zootopia,['latest'],,False,False,False
BollyBlindsNGossip,The_namster,['latest'],0.0,True,False,False
BollyBlindsNGossip,Tiny-Boss-2777,"['latest', 'top']",,False,False,False
BollyBlindsNGossip,Total_Fudge_6473,['top'],,False,False,False
BollyBlindsNGossip,UndeadReborn,"['poster', 'top']",12.0,True,True,True
BollyBlindsNGossip,Unusual-Barber-9614,['top'],4.0,True,False,True
BollyBlindsNGossip,Used_Man_58,['top'],4.0,True,False,True
BollyBlindsNGossip,Vegetable-Soup1714,['latest'],,False,False,False
BollyBlindsNGossip,Vegetable_Peace_4530,"['poster', 'top']",,False,False,False
BollyBlindsNGossip,VelvetThunder_909,['latest'],1.0,True,False,True
BollyBlindsNGossip,Vichitra__Manushya,"['latest', 'top']",2.0,True,False,True
BollyBlindsNGossip,Visionary_Vulture001,['top'],4.0,True,False,True
BollyBlindsNGossip,Vivid-Chicken-76,['latest'],,False,False,False
BollyBlindsNGossip,Vivid-Cockroach8389,['latest'],0.0,True,False,False
BollyBlindsNGossip,Warm_Rain_3016,"['latest', 'top']",0.0,True,False,False
BollyBlindsNGossip,WearDry1676,['latest'],,False,False,False
BollyBlindsNGossip,Weekly_Cherry505,['top'],2.0,True,False,True
BollyBlindsNGossip,White_Blacksmith0101,"['latest', 'top']",1.0,True,False,True
BollyBlindsNGossip,WilliamsRutherford,['top'],,False,False,False
BollyBlindsNGossip,Working-Mountain6680,['latest'],8.0,True,True,True
BollyBlindsNGossip,ZenithChaser69,"['latest', 'top']",1.0,True,False,True
BollyBlindsNGossip,Zydus1818,"['latest', 'top']",2.0,True,False,True
BollyBlindsNGossip,__nocturnalbeing__,"['latest', 'top']",0.0,True,False,False
BollyBlindsNGossip,aezindagigaladabaade,"['latest', 'top']",4.0,True,False,True
BollyBlindsNGossip,afrostylady,['latest'],0.0,True,False,False
BollyBlindsNGossip,allthingsbolly,['top'],,False,False,False
BollyBlindsNGossip,alreadydoneit01,['latest'],0.0,True,False,False
BollyBlindsNGossip,arina_0730,"['latest', 'poster', 'top']",12.0,True,True,True
BollyBlindsNGossip,asfunnyasjohnoliver,['top'],2.0,True,False,True
BollyBlindsNGossip,bigcheemu,['top'],,False,False,False
BollyBlindsNGossip,bigreputation18,['latest'],0.0,True,False,False
BollyBlindsNGossip,bips99,['latest'],4.0,True,False,True
BollyBlindsNGossip,brooklynxb4by,"['latest', 'top']",,False,False,False
BollyBlindsNGossip,buriiiburiiizaimon,['top'],2.0,True,False,True
BollyBlindsNGossip,carlanepal17,"['latest', 'top']",1.0,True,False,True
BollyBlindsNGossip,chapalatheerthananda,['latest'],0.0,True,False,False
BollyBlindsNGossip,creativeforce06,['latest'],4.0,True,False,True
BollyBlindsNGossip,devoteesolace,['latest'],0.0,True,False,False
BollyBlindsNGossip,disatrus_ship_erebus,['latest'],2.0,True,False,True
BollyBlindsNGossip,dj_core_18,"['latest', 'top']",4.0,True,False,True
BollyBlindsNGossip,dollyayesha,['latest'],3.0,True,False,True
BollyBlindsNGossip,dontsharegossip,['poster'],,False,False,False
BollyBlindsNGossip,fairyg0dmother,"['latest', 'top']",,False,False,False
BollyBlindsNGossip,fake_account_98211,"['latest', 'top']",2.0,True,False,True
BollyBlindsNGossip,firey_eau,['latest'],2.0,True,False,True
BollyBlindsNGossip,hmm-ok-bye,['latest'],,False,False,False
BollyBlindsNGossip,iamvinoth,"['latest', 'top']",,False,False,False
BollyBlindsNGossip,icyspicy3825,"['latest', 'top']",0.0,True,False,False
BollyBlindsNGossip,ihateithere_noreally,['latest'],,False,False,False
BollyBlindsNGossip,jeffbezosadoptme,['latest'],,False,False,False
BollyBlindsNGossip,kalni,['poster'],,False,False,False
BollyBlindsNGossip,khanak,['top'],1.0,True,False,True
BollyBlindsNGossip,knightwrath,"['latest', 'top']",0.0,True,False,False
BollyBlindsNGossip,lazybonesdreamer,['top'],,False,False,False
BollyBlindsNGossip,literarygirl2090,['latest'],,False,False,False
BollyBlindsNGossip,lola_on_the_loop,['latest'],,False,False,False
BollyBlindsNGossip,magshag18,['top'],0.0,True,False,False
BollyBlindsNGossip,mangowomb,['latest'],,False,False,False
BollyBlindsNGossip,marlbo-rough,"['latest', 'top']",4.0,True,False,True
BollyBlindsNGossip,maskedorange,['latest'],0.0,True,False,False
BollyBlindsNGossip,mayudhon,"['latest', 'top']",4.0,True,False,True
BollyBlindsNGossip,mg211095,['top'],0.0,True,False,False
BollyBlindsNGossip,mrs_robpatt,['latest'],0.0,True,False,False
BollyBlindsNGossip,mx-shot,"['latest', 'poster', 'top']",12.0,True,True,True
BollyBlindsNGossip,mxforest,['latest'],4.0,True,False,True
BollyBlindsNGossip,mythologicalslxt,['latest'],,False,False,False
BollyBlindsNGossip,nam558881456,"['latest', 'top']",0.0,True,False,False
BollyBlindsNGossip,nikhil7599,"['latest', 'top']",,False,False,False
BollyBlindsNGossip,nishantatripathi,['poster'],8.0,True,True,True
BollyBlindsNGossip,nosferatu_zodd0,['top'],2.0,True,False,True
BollyBlindsNGossip,peterdparker,['latest'],4.0,True,False,True
BollyBlindsNGossip,radss_,['top'],,False,False,False
BollyBlindsNGossip,rahulsynha,['top'],1.0,True,False,True
BollyBlindsNGossip,rajrohit26,['top'],2.0,True,False,True
BollyBlindsNGossip,randittkiMKB,['top'],4.0,True,False,True
BollyBlindsNGossip,sandeepk0804,['latest'],,False,False,False
BollyBlindsNGossip,speaking_facts06,['latest'],12.0,True,True,True
BollyBlindsNGossip,ssen_v,"['latest', 'top']",,False,False,False
BollyBlindsNGossip,sureyoudo0,['top'],,False,False,False
BollyBlindsNGossip,swiftiewithcats,['top'],,False,False,False
BollyBlindsNGossip,swordofjericho,['latest'],6.0,True,True,True
BollyBlindsNGossip,take_the_leap4,['latest'],2.0,True,False,True
BollyBlindsNGossip,tea_accepted,['top'],1.0,True,False,True
BollyBlindsNGossip,tealisious_,['latest'],6.0,True,True,True
BollyBlindsNGossip,theanxioussoul,['top'],0.0,True,False,False
BollyBlindsNGossip,uksiddy,['latest'],1.0,True,False,True
BollyBlindsNGossip,vishasv,['latest'],2.0,True,False,True
BollyBlindsNGossip,whateverrrr6617,['latest'],,False,False,False
BollyBlindsNGossip,zennymd,['top'],,False,False,False
BollyBlindsNGossip,zerofinanace,['latest'],,False,False,False
BollywoodFashion,AdeptnessMain4170,['latest'],2.0,True,False,True
BollywoodFashion,Admirable_Exit_7506,['latest'],,False,False,False
BollywoodFashion,Affectionate-Bar3227,['top'],,False,False,False
BollywoodFashion,AllCuteEverythingg,['top'],2.0,True,False,True
BollywoodFashion,Antique-Tip2521,['latest'],0.0,True,False,False
BollywoodFashion,Apprehensive_Low2596,"['latest', 'top']",0.0,True,False,False
BollywoodFashion,Axilblaze,['latest'],,False,False,False
BollywoodFashion,BackgroundReaction22,['latest'],0.0,True,False,False
BollywoodFashion,Beginning-Boot6795,['latest'],0.0,True,False,False
BollywoodFashion,Bhosda_Driller,"['latest', 'top']",,False,False,False
BollywoodFashion,Big-Criticism-8926,['top'],9.0,True,True,True
BollywoodFashion,Boring_anaconda,['top'],,False,False,False
BollywoodFashion,Browngirl9811,['latest'],,False,False,False
BollywoodFashion,Bubbly-Albatross-373,"['latest', 'top']",1.0,True,False,True
BollywoodFashion,ButterscotchAny2758,['latest'],2.0,True,False,True
BollywoodFashion,Calm-Blacksmith4941,['top'],,False,False,False
BollywoodFashion,ChaiWaliLoser,['latest'],1.0,True,False,True
BollywoodFashion,ChaltaHaiShellBRight,['top'],0.0,True,False,False
BollywoodFashion,Charming-Link-9715,['latest'],1.0,True,False,True
BollywoodFashion,CleanYourRoom007,['latest'],0.0,True,False,False
BollywoodFashion,ComfortableBeing8104,['latest'],,False,False,False
BollywoodFashion,Confident-Author-309,['top'],,False,False,False
BollywoodFashion,Connect_Pickle_5418,['top'],12.0,True,True,True
BollywoodFashion,Conscious_Angle8145,['latest'],,False,False,False
BollywoodFashion,Cosmos_wanderer74,['top'],1.0,True,False,True
BollywoodFashion,CozyQuietBrew,['top'],2.0,True,False,True
BollywoodFashion,Curious-Ad407,['latest'],0.0,True,False,False
BollywoodFashion,Curious_pup_1997,['top'],,False,False,False
BollywoodFashion,Dal-Bhati-Churma,"['latest', 'top']",6.0,True,True,True
BollywoodFashion,Dangerous-Tax-4689,['latest'],,False,False,False
BollywoodFashion,DefiantBrain7101,['top'],1.0,True,False,True
BollywoodFashion,Deja-Vu-3456,['latest'],,False,False,False
BollywoodFashion,DivideIndividual3744,"['latest', 'top']",,False,False,False
BollywoodFashion,DoubtPrestigious4302,['latest'],,False,False,False
BollywoodFashion,DragonDeninSharkTank,['top'],16.0,True,True,True
BollywoodFashion,Dry-Weakness-901,['latest'],,False,False,False
BollywoodFashion,Due-External-1345,['latest'],1.0,True,False,True
BollywoodFashion,DueOven5731,['latest'],12.0,True,True,True
BollywoodFashion,Efficient-Sound5355,['top'],1.0,True,False,True
BollywoodFashion,Emergency_Row_5428,['latest'],,False,False,False
BollywoodFashion,Equivalent-House4107,"['latest', 'top']",,False,False,False
BollywoodFashion,Exact-Emu-848,['latest'],,False,False,False
BollywoodFashion,Extension_Muscle1779,['latest'],,False,False,False
BollywoodFashion,Few-Law-1674,['top'],,False,False,False
BollywoodFashion,Few-Scholar1873,['top'],1.0,True,False,True
BollywoodFashion,First-Relative9459,['latest'],0.0,True,False,False
BollywoodFashion,Fluid_dyno,['latest'],,False,False,False
BollywoodFashion,Glass_Adhesiveness_6,"['latest', 'top']",2.0,True,False,True
BollywoodFashion,Gold-Mango-12235,['latest'],2.0,True,False,True
BollywoodFashion,Grand-Bed9508,['latest'],3.0,True,False,True
BollywoodFashion,Guilty-Major-5627,['top'],12.0,True,True,True
BollywoodFashion,HairyStyles07,['top'],0.0,True,False,False
BollywoodFashion,Hariwtf10,['top'],1.0,True,False,True
BollywoodFashion,Hey_there__Delilah,"['latest', 'top']",1.0,True,False,True
BollywoodFashion,Hour-Understanding-8,"['latest', 'top']",2.0,True,False,True
BollywoodFashion,Housenka_Seed,['top'],4.0,True,False,True
BollywoodFashion,Ikras_777,['top'],,False,False,False
BollywoodFashion,IllustriousDimple862,['latest'],2.0,True,False,True
BollywoodFashion,Impressive-Cook-5299,['top'],,False,False,False
BollywoodFashion,ImpressiveStable9827,['latest'],1.0,True,False,True
BollywoodFashion,Independent-Rock2812,['latest'],,False,False,False
BollywoodFashion,Independent_Beach383,['top'],2.0,True,False,True
BollywoodFashion,Indian_fashiongirl,['top'],0.0,True,False,False
BollywoodFashion,InfiniteSoft4539,['latest'],4.0,True,False,True
BollywoodFashion,InspectionMore5206,['latest'],2.0,True,False,True
BollywoodFashion,Interesting-Nerve613,['latest'],1.0,True,False,True
BollywoodFashion,Internal_Friend_9497,['latest'],,False,False,False
BollywoodFashion,JuggernautDue9560,"['latest', 'top']",,False,False,False
BollywoodFashion,Key_Distribution888,['latest'],3.0,True,False,True
BollywoodFashion,Lazy-Effective,"['latest', 'top']",2.0,True,False,True
BollywoodFashion,Lord_of_the_beach,['top'],1.0,True,False,True
BollywoodFashion,MTheWan,['latest'],,False,False,False
BollywoodFashion,MaanBharGaya,['top'],4.0,True,False,True
BollywoodFashion,Macavity_mystery_cat,['top'],2.0,True,False,True
BollywoodFashion,MaleficentHorse8390,"['latest', 'top']",,False,False,False
BollywoodFashion,Maleficent_Prune6846,['latest'],,False,False,False
BollywoodFashion,Massive_Tea_9341,['poster'],,False,False,False
BollywoodFashion,Maximum-Respect7057,['top'],,False,False,False
BollywoodFashion,Melodic_Avocado_912,['poster'],0.0,True,False,False
BollywoodFashion,Melonomax,['latest'],0.0,True,False,False
BollywoodFashion,Moon_Child33,['top'],,False,False,False
BollywoodFashion,Mother_Sweet2027,['latest'],1.0,True,False,True
BollywoodFashion,MotorAd90,"['latest', 'top']",1.0,True,False,True
BollywoodFashion,Mundane-Bug-4962,['top'],1.0,True,False,True
BollywoodFashion,Narrow-Patient1967,['top'],,False,False,False
BollywoodFashion,Newboredmom,['latest'],,False,False,False
BollywoodFashion,NewdayNewEnergy1420,['latest'],,False,False,False
BollywoodFashion,NoBlackberry956,['latest'],12.0,True,True,True
BollywoodFashion,NoStatistician9217,['top'],0.0,True,False,False
BollywoodFashion,Oceanreveries,['latest'],,False,False,False
BollywoodFashion,Odd-Description-,['top'],2.0,True,False,True
BollywoodFashion,Odd-Wall-7373,"['latest', 'top']",1.0,True,False,True
BollywoodFashion,OkSiren248,['top'],,False,False,False
BollywoodFashion,Ok_Data4272,"['latest', 'top']",,False,False,False
BollywoodFashion,Ok_District5133,['latest'],0.0,True,False,False
BollywoodFashion,Ok_Huckleberry7273,['top'],4.0,True,False,True
BollywoodFashion,One-Collection1418,['top'],8.0,True,True,True
BollywoodFashion,Onethatblooms,['latest'],0.0,True,False,False
BollywoodFashion,Organic_Hovercraft81,['latest'],0.0,True,False,False
BollywoodFashion,Original_Bite6555,['latest'],0.0,True,False,False
BollywoodFashion,Ornery-Possibility51,['top'],,False,False,False
BollywoodFashion,Otherwise-Aerie-4551,['top'],2.0,True,False,True
BollywoodFashion,OtherwisePassenger55,['latest'],,False,False,False
BollywoodFashion,Outside_Material_507,['latest'],,False,False,False
BollywoodFashion,PatienceFeeling1481,['latest'],4.0,True,False,True
BollywoodFashion,PinkMoonbow,"['latest', 'top']",0.0,True,False,False
BollywoodFashion,Pitiful_Jump2996,"['latest', 'top']",,False,False,False
BollywoodFashion,PrestigiousCat8718,['top'],,False,False,False
BollywoodFashion,ProofWatch8140,"['latest', 'top']",1.0,True,False,True
BollywoodFashion,ProteinFirst,['latest'],0.0,True,False,False
BollywoodFashion,Putrid-Mention-4644,['latest'],2.0,True,False,True
BollywoodFashion,Quaffy_duck,['latest'],8.0,True,True,True
BollywoodFashion,Quiet-Lie-3899,['top'],,False,False,False
BollywoodFashion,QuoteFlat4272,['latest'],,False,False,False
BollywoodFashion,Radiant-Bottle9337,['latest'],,False,False,False
BollywoodFashion,Randomidek123,['latest'],8.0,True,True,True
BollywoodFashion,Ready-Bath9071,['top'],,False,False,False
BollywoodFashion,Red171022,['latest'],2.0,True,False,True
BollywoodFashion,ReferenceExact5261,['top'],4.0,True,False,True
BollywoodFashion,Relative-Gear-3483,"['latest', 'top']",,False,False,False
BollywoodFashion,Relevant-Strike6036,['latest'],,False,False,False
BollywoodFashion,Rogue107,['latest'],2.0,True,False,True
BollywoodFashion,Rude_Importance5294,['latest'],0.0,True,False,False
BollywoodFashion,SS0627,['latest'],0.0,True,False,False
BollywoodFashion,Saambajarer-Sosibabu,['latest'],16.0,True,True,True
BollywoodFashion,Samira_tales,['top'],,False,False,False
BollywoodFashion,Serious_Cream1245,['top'],2.0,True,False,True
BollywoodFashion,Sharp_Sandwich7245,['latest'],,False,False,False
BollywoodFashion,Shot-Froyo9654,"['latest', 'top']",2.0,True,False,True
BollywoodFashion,Signal-Shoulder-9407,['top'],0.0,True,False,False
BollywoodFashion,Slight-Ask1117,['latest'],1.0,True,False,True
BollywoodFashion,Slow-Criticism-6434,"['latest', 'top']",,False,False,False
BollywoodFashion,Strict_Bass5583,['top'],,False,False,False
BollywoodFashion,Substantial-Sundae36,['latest'],,False,False,False
BollywoodFashion,Substantial_Door3422,['top'],2.0,True,False,True
BollywoodFashion,Sumhitha15,['latest'],,False,False,False
BollywoodFashion,Swan-ish3456,['latest'],1.0,True,False,True
BollywoodFashion,SympathyFinebb,['top'],,False,False,False
BollywoodFashion,Tarahhhhhh,['latest'],,False,False,False
BollywoodFashion,Tealoveroni,"['latest', 'top']",,False,False,False
BollywoodFashion,Traditional_Heart218,"['latest', 'top']",0.0,True,False,False
BollywoodFashion,Tweeedha,"['latest', 'top']",,False,False,False
BollywoodFashion,Unique_Permission_63,"['latest', 'top']",,False,False,False
BollywoodFashion,Upper-Detective878,"['latest', 'top']",2.0,True,False,True
BollywoodFashion,Usual-Independence56,['top'],0.0,True,False,False
BollywoodFashion,Valuable_Sugar1234,['top'],,False,False,False
BollywoodFashion,Various-Shelter399,"['latest', 'poster', 'top']",0.0,True,False,False
BollywoodFashion,Vin0to,['top'],0.0,True,False,False
BollywoodFashion,Visual-Ostrich-3300,['top'],1.0,True,False,True
BollywoodFashion,WheresMyTan,"['latest', 'top']",2.0,True,False,True
BollywoodFashion,Whosmybiaslol,['top'],,False,False,False
BollywoodFashion,Winsomedimsum8,"['latest', 'top']",,False,False,False
BollywoodFashion,Wintercat99,['top'],2.0,True,False,True
BollywoodFashion,Working-Mountain6680,"['latest', 'top']",8.0,True,True,True
BollywoodFashion,aayuushiiiee,['poster'],,False,False,False
BollywoodFashion,aezindagigaladabade,['top'],2.0,True,False,True
BollywoodFashion,agentmadeleine,['top'],,False,False,False
BollywoodFashion,akasjh,['latest'],,False,False,False
BollywoodFashion,amiii07jsc,['latest'],,False,False,False
BollywoodFashion,ananyamouslyyy,['top'],2.0,True,False,True
BollywoodFashion,anotherredditor56,['latest'],,False,False,False
BollywoodFashion,batata_vada24,['top'],2.0,True,False,True
BollywoodFashion,billiondollarsoup777,['latest'],,False,False,False
BollywoodFashion,biscuitlore,['latest'],,False,False,False
BollywoodFashion,boop_a_burrito,['top'],,False,False,False
BollywoodFashion,capricorn29,['latest'],,False,False,False
BollywoodFashion,catpreet,['top'],2.0,True,False,True
BollywoodFashion,chai-gpt,['top'],,False,False,False
BollywoodFashion,chomumaamu,['top'],0.0,True,False,False
BollywoodFashion,chootnath_09,['latest'],4.0,True,False,True
BollywoodFashion,clue_computer_2295,['top'],3.0,True,False,True
BollywoodFashion,cookieoftheshire,"['latest', 'top']",4.0,True,False,True
BollywoodFashion,creativeforce06,['latest'],4.0,True,False,True
BollywoodFashion,critical_ghost-57,"['latest', 'top']",,False,False,False
BollywoodFashion,cuteteen01,['latest'],,False,False,False
BollywoodFashion,cutieindiangirly,['top'],,False,False,False
BollywoodFashion,daffodil_dahlia,"['latest', 'top']",2.0,True,False,True
BollywoodFashion,dark17chocolate,"['latest', 'top']",,False,False,False
BollywoodFashion,datsouthindianchick,['latest'],,False,False,False
BollywoodFashion,ded_futya12,"['latest', 'top']",4.0,True,False,True
BollywoodFashion,dj_core_18,"['latest', 'top']",4.0,True,False,True
BollywoodFashion,ekdumsaras,['top'],1.0,True,False,True
BollywoodFashion,excusemekyare,['top'],1.0,True,False,True
BollywoodFashion,fatalistoptimist,['top'],,False,False,False
BollywoodFashion,fossyfossy37856,['latest'],,False,False,False
BollywoodFashion,fragile_fedora,['top'],,False,False,False
BollywoodFashion,harshitagupta6,['top'],,False,False,False
BollywoodFashion,idkyaarpls,['latest'],,False,False,False
BollywoodFashion,idly_upma,['top'],,False,False,False
BollywoodFashion,itspooja,['top'],,False,False,False
BollywoodFashion,just_another_mystery,['top'],,False,False,False
BollywoodFashion,letmeputinside,['latest'],,False,False,False
BollywoodFashion,lowkeylostinthreads,['poster'],,False,False,False
BollywoodFashion,maki_zenin1402,['latest'],,False,False,False
BollywoodFashion,maybeidkye,['latest'],,False,False,False
BollywoodFashion,miapaip,['top'],0.0,True,False,False
BollywoodFashion,missamericana13-,['top'],,False,False,False
BollywoodFashion,mx-shot,['latest'],12.0,True,True,True
BollywoodFashion,neela-aasman,['top'],2.0,True,False,True
BollywoodFashion,nicetrydiddy04,['latest'],,False,False,False
BollywoodFashion,nonkowledg,['latest'],,False,False,False
BollywoodFashion,obelix_dogmatix,['latest'],2.0,True,False,True
BollywoodFashion,ohbabyitsme111,['top'],2.0,True,False,True
BollywoodFashion,peggylaws,"['poster', 'top']",0.0,True,False,False
BollywoodFashion,plum_Yam_3019,"['latest', 'top']",1.0,True,False,True
BollywoodFashion,potato_95,['top'],1.0,True,False,True
BollywoodFashion,rabbitee2,['top'],2.0,True,False,True
BollywoodFashion,rainbookworm,['latest'],1.0,True,False,True
BollywoodFashion,rkb145,['top'],4.0,True,False,True
BollywoodFashion,s3aswimming,"['latest', 'top']",,False,False,False
BollywoodFashion,sabrinachuchundhar,"['latest', 'top']",2.0,True,False,True
BollywoodFashion,sayfewwords,['latest'],1.0,True,False,True
BollywoodFashion,saygirlie,['latest'],2.0,True,False,True
BollywoodFashion,serenerestless,['top'],2.0,True,False,True
BollywoodFashion,sha_I_tan,['latest'],0.0,True,False,False
BollywoodFashion,shakysgf,['poster'],3.0,True,False,True
BollywoodFashion,she_was_a_fairy0402,"['latest', 'poster']",,False,False,False
BollywoodFashion,smartfishpet,['top'],,False,False,False
BollywoodFashion,starryeyedgirll,['latest'],0.0,True,False,False
BollywoodFashion,sushiroll465,['top'],2.0,True,False,True
BollywoodFashion,taeginn0,['latest'],,False,False,False
BollywoodFashion,tealeaf_oracle,['latest'],,False,False,False
BollywoodFashion,tellytelltelly,['top'],1.0,True,False,True
BollywoodFashion,tera_chachu,['latest'],4.0,True,False,True
BollywoodFashion,timorousingenue,"['latest', 'top']",4.0,True,False,True
BollywoodFashion,vedstara,['poster'],0.0,True,False,False
BollywoodFashion,wheremykittykatat,['top'],0.0,True,False,False
BollywoodFashion,wickedinhsor,"['latest', 'top']",,False,False,False
BollywoodFashion,zestygemini18,['latest'],,False,False,False
BollywoodMusic,07ragas,['top'],0.0,True,False,False
BollywoodMusic,1825days,"['latest', 'top']",0.0,True,False,False
BollywoodMusic,APOCALYPSE_Area51,['poster'],,False,False,False
BollywoodMusic,Abhi-7875,"['latest', 'top']",9.0,True,True,True
BollywoodMusic,Accomplished_Ad1684,['latest'],2.0,True,False,True
BollywoodMusic,Accomplished_Check_8,"['latest', 'top']",,False,False,False
BollywoodMusic,AccountSad1827,"['latest', 'top']",,False,False,False
BollywoodMusic,Affectionate-Stay173,['latest'],,False,False,False
BollywoodMusic,Affectionate_Pain482,['top'],0.0,True,False,False
BollywoodMusic,Aggravating-Humor212,['top'],,False,False,False
BollywoodMusic,Almost_Infamous,['latest'],9.0,True,True,True
BollywoodMusic,AmazingChemical1079,['latest'],,False,False,False
BollywoodMusic,AmbitiousSomewhere62,['top'],,False,False,False
BollywoodMusic,Anita_mishra,['top'],4.0,True,False,True
BollywoodMusic,AnnieHigh,['top'],0.0,True,False,False
BollywoodMusic,Apprehensive_Art5675,['top'],,False,False,False
BollywoodMusic,Apprehensive_Work_10,['top'],4.0,True,False,True
BollywoodMusic,Appropriate_Try_7040,['top'],1.0,True,False,True
BollywoodMusic,Ashroof99,['latest'],1.0,True,False,True
BollywoodMusic,Away_Enthusiasm9113,['latest'],2.0,True,False,True
BollywoodMusic,Bakchod_Jay,['top'],,False,False,False
BollywoodMusic,Bash2856,['latest'],2.0,True,False,True
BollywoodMusic,Basic-Grocery-961,['latest'],2.0,True,False,True
BollywoodMusic,Beginning-Wing2026,['latest'],2.0,True,False,True
BollywoodMusic,Beneficial-Appeal783,['top'],,False,False,False
BollywoodMusic,Bleak_star_dust,['latest'],2.0,True,False,True
BollywoodMusic,Boss452,['poster'],1.0,True,False,True
BollywoodMusic,Broad_Chemistry1080,['top'],,False,False,False
BollywoodMusic,Budget_Elephant_3000,['latest'],2.0,True,False,True
BollywoodMusic,CaptZombieAlpha,"['latest', 'top']",1.0,True,False,True
BollywoodMusic,Clean-Bother-9888,['top'],,False,False,False
BollywoodMusic,Competitive-Tap2134,['latest'],,False,False,False
BollywoodMusic,Consistent_Cut6545,['top'],,False,False,False
BollywoodMusic,Cool-Inevitable5615,"['latest', 'top']",,False,False,False
BollywoodMusic,CrimeMasterGogoChan,['latest'],4.0,True,False,True
BollywoodMusic,DISASTROUS_MAN56,['latest'],,False,False,False
BollywoodMusic,Dear-Time5236,['poster'],,False,False,False
BollywoodMusic,DeenuGupta,['poster'],0.0,True,False,False
BollywoodMusic,Defiant-Director-209,['top'],,False,False,False
BollywoodMusic,Dense-Pudding9729,['latest'],,False,False,False
BollywoodMusic,Dependent-Bag4016,['top'],,False,False,False
BollywoodMusic,Doomsday-3,['latest'],,False,False,False
BollywoodMusic,Downtown_Common_843,['latest'],,False,False,False
BollywoodMusic,Dr-idk45,['top'],,False,False,False
BollywoodMusic,Dreadlock_Rasta_12,"['latest', 'top']",1.0,True,False,True
BollywoodMusic,Dry-Feeling-6797,['latest'],2.0,True,False,True
BollywoodMusic,Enigma-Soul-15,['top'],,False,False,False
BollywoodMusic,Enticing-Cub-,['latest'],,False,False,False
BollywoodMusic,Entire-Positive5894,['latest'],,False,False,False
BollywoodMusic,Erwin_brock,['latest'],,False,False,False
BollywoodMusic,Exciting-Vacation467,['top'],,False,False,False
BollywoodMusic,Fabulous-Phone-8897,['latest'],,False,False,False
BollywoodMusic,Faster_than_FTL,"['latest', 'top']",1.0,True,False,True
BollywoodMusic,Fggfvbnkk,"['latest', 'top']",1.0,True,False,True
BollywoodMusic,Fluffy_soul20,"['poster', 'top']",,False,False,False
BollywoodMusic,Fluid_Film_1478,"['latest', 'top']",,False,False,False
BollywoodMusic,Fluid_Juggernaut_281,"['latest', 'top']",0.0,True,False,False
BollywoodMusic,FormUsual9270,['latest'],,False,False,False
BollywoodMusic,Foxtrotshinobi,"['latest', 'top']",0.0,True,False,False
BollywoodMusic,Freewdyt,['latest'],,False,False,False
BollywoodMusic,Fun-Sir-1517,['top'],,False,False,False
BollywoodMusic,FunctionPlus9183,['latest'],,False,False,False
BollywoodMusic,Fuzzy_Substance_4603,['top'],2.0,True,False,True
BollywoodMusic,Giftmeclearskin,['top'],2.0,True,False,True
BollywoodMusic,Glad-Leg-7100,['latest'],2.0,True,False,True
BollywoodMusic,Grandson-of-Madhava,['latest'],,False,False,False
BollywoodMusic,Guilty-Major-5627,['poster'],12.0,True,True,True
BollywoodMusic,Guilty_Air8,['latest'],,False,False,False
BollywoodMusic,HATE_ALL_EQUALLY,['top'],,False,False,False
BollywoodMusic,Highligh1234,['latest'],,False,False,False
BollywoodMusic,Holiday_Selection_27,['top'],,False,False,False
BollywoodMusic,Horror-Room-6422,['latest'],,False,False,False
BollywoodMusic,IO-OI-IO-OI-IO-OI,"['latest', 'top']",,False,False,False
BollywoodMusic,Icy_Display_2918,['latest'],0.0,True,False,False
BollywoodMusic,IdiotsEWE,['latest'],,False,False,False
BollywoodMusic,Ill-Skill-7810,"['latest', 'top']",1.0,True,False,True
BollywoodMusic,IllustriousDimple862,['top'],2.0,True,False,True
BollywoodMusic,Imaginary_Joke6251,['latest'],0.0,True,False,False
BollywoodMusic,ImmediateJacket9502,['latest'],1.0,True,False,True
BollywoodMusic,Infinite_Possible201,['top'],,False,False,False
BollywoodMusic,InternetNo9244,['top'],0.0,True,False,False
BollywoodMusic,KALIA_KEEDAinshortKK,['latest'],3.0,True,False,True
BollywoodMusic,Kindly-Order2959,['poster'],,False,False,False
BollywoodMusic,Lady22samurai,['top'],,False,False,False
BollywoodMusic,LastNewRon,['top'],1.0,True,False,True
BollywoodMusic,Left_Bee5657,['poster'],12.0,True,True,True
BollywoodMusic,Little_Ad7831,['top'],2.0,True,False,True
BollywoodMusic,Lonely-Ordinary1478,['poster'],12.0,True,True,True
BollywoodMusic,Long-Negotiation6244,['latest'],,False,False,False
BollywoodMusic,Longjumping-Fig-1126,['top'],,False,False,False
BollywoodMusic,LyinginAmbush4587,['latest'],2.0,True,False,True
BollywoodMusic,Macguffawin,['top'],1.0,True,False,True
BollywoodMusic,MagicMerrr,['latest'],,False,False,False
BollywoodMusic,Main_Pay_is_back,['poster'],12.0,True,True,True
BollywoodMusic,Maleficent-Host8016,['poster'],4.0,True,False,True
BollywoodMusic,Maleficent_Risk3076,"['latest', 'top']",,False,False,False
BollywoodMusic,Many_Car_6945,['latest'],2.0,True,False,True
BollywoodMusic,Max_VerStepOnME,['latest'],,False,False,False
BollywoodMusic,Melonomax,"['latest', 'top']",0.0,True,False,False
BollywoodMusic,Mental_Subject_9967,['latest'],,False,False,False
BollywoodMusic,Mobile_Champion_4130,['top'],,False,False,False
BollywoodMusic,Morrigan_Cross,['latest'],,False,False,False
BollywoodMusic,Most_Influence5893,['latest'],2.0,True,False,True
BollywoodMusic,Motu_SK,['top'],,False,False,False
BollywoodMusic,Much-Mess7627,['latest'],8.0,True,True,True
BollywoodMusic,Mundane-Hat-5384,['latest'],,False,False,False
BollywoodMusic,Mysterious-Chart-956,['latest'],,False,False,False
BollywoodMusic,Mysterious-Place4738,['top'],2.0,True,False,True
BollywoodMusic,New_Gap_4383,['top'],2.0,True,False,True
BollywoodMusic,No_Army2572,['latest'],,False,False,False
BollywoodMusic,No_Description5029,['latest'],,False,False,False
BollywoodMusic,Obvious_Grass_2227,"['latest', 'top']",,False,False,False
BollywoodMusic,Odd-Courage6650,['top'],,False,False,False
BollywoodMusic,Odd-Description-,"['latest', 'top']",2.0,True,False,True
BollywoodMusic,Ok-Aioli-6024,['latest'],0.0,True,False,False
BollywoodMusic,Ok-Earth-3601,"['latest', 'top']",4.0,True,False,True
BollywoodMusic,Ok_Conversation_9655,['top'],,False,False,False
BollywoodMusic,Ok_Statement3624,['top'],,False,False,False
BollywoodMusic,Old_Dragonfly1460,['latest'],,False,False,False
BollywoodMusic,OutrageousFault2669,['latest'],1.0,True,False,True
BollywoodMusic,Overthinker724,['top'],0.0,True,False,False
BollywoodMusic,OvertimeOverthinker,['top'],,False,False,False
BollywoodMusic,Parthosaur,['top'],,False,False,False
BollywoodMusic,Personal_Squirrel_60,['top'],2.0,True,False,True
BollywoodMusic,Possible_Incident_44,['top'],0.0,True,False,False
BollywoodMusic,Prestigious-Rice-206,['top'],1.0,True,False,True
BollywoodMusic,PurplePhantom_07,['latest'],,False,False,False
BollywoodMusic,Queasy_Ticket_626,['top'],,False,False,False
BollywoodMusic,Remarkable_Length284,['latest'],,False,False,False
BollywoodMusic,Rough-Dream6006,"['latest', 'top']",,False,False,False
BollywoodMusic,Rough-Honeydew-999,['latest'],,False,False,False
BollywoodMusic,Routine_Pepper_1688,['latest'],,False,False,False
BollywoodMusic,Ryan_2468,['poster'],,False,False,False
BollywoodMusic,SalmonKaDriver,['top'],4.0,True,False,True
BollywoodMusic,Secure-College7648,['poster'],,False,False,False
BollywoodMusic,SeductivePenguins,['top'],,False,False,False
BollywoodMusic,SerendipityOfCare,['latest'],,False,False,False
BollywoodMusic,Shubhiii08,['top'],,False,False,False
BollywoodMusic,Solid_Chain_5415,"['latest', 'top']",0.0,True,False,False
BollywoodMusic,Solo_Zombie,"['latest', 'top']",,False,False,False
BollywoodMusic,SpicyYoghurt237,['top'],8.0,True,True,True
BollywoodMusic,StardustNWanderlust,['latest'],,False,False,False
BollywoodMusic,Substantial-Sundae36,['latest'],,False,False,False
BollywoodMusic,Suii-generis,"['latest', 'poster', 'top']",,False,False,False
BollywoodMusic,SurprisePitiful2231,['latest'],,False,False,False
BollywoodMusic,SydneySwiggy,"['poster', 'top']",,False,False,False
BollywoodMusic,TanishAgarwal69,['top'],,False,False,False
BollywoodMusic,ThePR007,"['latest', 'top']",1.0,True,False,True
BollywoodMusic,Think_Addendum6620,['top'],,False,False,False
BollywoodMusic,Thunder9697,['top'],,False,False,False
BollywoodMusic,Top-Scratch-6988,['latest'],,False,False,False
BollywoodMusic,Training_Agency7945,['top'],1.0,True,False,True
BollywoodMusic,TrickProject2646,['latest'],,False,False,False
BollywoodMusic,Trick_Vacation_3617,['latest'],,False,False,False
BollywoodMusic,True-Requirement5712,['top'],,False,False,False
BollywoodMusic,Turmoilitoitonomi1,"['latest', 'top']",,False,False,False
BollywoodMusic,Uncritical_Think,['latest'],2.0,True,False,True
BollywoodMusic,Unique_Hearing_6786,"['latest', 'top']",,False,False,False
BollywoodMusic,UnknownAsset1,['latest'],,False,False,False
BollywoodMusic,Unlucky-Whole-9274,['latest'],6.0,True,True,True
BollywoodMusic,Unpredictablehulk,['poster'],,False,False,False
BollywoodMusic,Used_Man_58,['top'],4.0,True,False,True
BollywoodMusic,VelvetThunder_909,"['latest', 'top']",1.0,True,False,True
BollywoodMusic,Visionary_Vulture001,['latest'],4.0,True,False,True
BollywoodMusic,West-Paramedic7470,['latest'],,False,False,False
BollywoodMusic,Western_Cattle7451,['top'],0.0,True,False,False
BollywoodMusic,WhereSpiritMeetBones,['top'],,False,False,False
BollywoodMusic,Williamsmith557,['latest'],,False,False,False
BollywoodMusic,Wonderful_Tap_7136,['top'],,False,False,False
BollywoodMusic,Your_Marinette,['latest'],0.0,True,False,False
BollywoodMusic,_whatever__man_,['top'],,False,False,False
BollywoodMusic,alookaparathahehe01,"['latest', 'top']",,False,False,False
BollywoodMusic,ariesandnotproud,['latest'],2.0,True,False,True
BollywoodMusic,ashmaroli,"['latest', 'top']",2.0,True,False,True
BollywoodMusic,athiravan,['latest'],,False,False,False
BollywoodMusic,bholi_pahadan,['top'],2.0,True,False,True
BollywoodMusic,biryanikaghulam,['latest'],12.0,True,True,True
BollywoodMusic,brokeillionare,['top'],0.0,True,False,False
BollywoodMusic,bubblegand,['poster'],,False,False,False
BollywoodMusic,cadbury1106,['latest'],2.0,True,False,True
BollywoodMusic,casualxtalks,['top'],,False,False,False
BollywoodMusic,cofeetonic,['top'],0.0,True,False,False
BollywoodMusic,corrupted_gurl,['latest'],1.0,True,False,True
BollywoodMusic,damnyou2135,['top'],,False,False,False
BollywoodMusic,dead-69,"['latest', 'top']",2.0,True,False,True
BollywoodMusic,digbickboy0,['top'],,False,False,False
BollywoodMusic,ding_dong_777,['top'],0.0,True,False,False
BollywoodMusic,donewithevery1,"['latest', 'top']",6.0,True,True,True
BollywoodMusic,fake_account_98211,['top'],2.0,True,False,True
BollywoodMusic,flyckk,['poster'],4.0,True,False,True
BollywoodMusic,gadhe_ki_gaand,['latest'],0.0,True,False,False
BollywoodMusic,gannegajuice,['latest'],,False,False,False
BollywoodMusic,gaurav-verma-124,['poster'],,False,False,False
BollywoodMusic,gonebene444,['latest'],,False,False,False
BollywoodMusic,guychampion,['top'],2.0,True,False,True
BollywoodMusic,h4r_d1k,['top'],2.0,True,False,True
BollywoodMusic,harshgillz,['top'],,False,False,False
BollywoodMusic,hydratedgabru,['top'],2.0,True,False,True
BollywoodMusic,i4shaikh,"['latest', 'top']",0.0,True,False,False
BollywoodMusic,iiiiiilllllkkkkkk,['top'],,False,False,False
BollywoodMusic,imadiscodancertatata,['top'],,False,False,False
BollywoodMusic,inuetc,['latest'],,False,False,False
BollywoodMusic,ipsy_tipsy,['top'],,False,False,False
BollywoodMusic,irrelevant_bud,"['latest', 'top']",0.0,True,False,False
BollywoodMusic,jm24sa,['top'],,False,False,False
BollywoodMusic,lanafavtoy,"['latest', 'poster', 'top']",,False,False,False
BollywoodMusic,latent_interval,['top'],,False,False,False
BollywoodMusic,lazy_forks,['top'],0.0,True,False,False
BollywoodMusic,lazygoat93_,['latest'],,False,False,False
BollywoodMusic,littleSpooky4real,['latest'],,False,False,False
BollywoodMusic,macro-micro-observer,['top'],,False,False,False
BollywoodMusic,maehmoodul135,['latest'],,False,False,False
BollywoodMusic,masterjv81,['latest'],2.0,True,False,True
BollywoodMusic,mehu_akshit,"['latest', 'top']",,False,False,False
BollywoodMusic,meonraddit,['poster'],,False,False,False
BollywoodMusic,mmanyquestionss,"['latest', 'top']",1.0,True,False,True
BollywoodMusic,moonmeander18,['latest'],2.0,True,False,True
BollywoodMusic,muffledvoice24,['poster'],,False,False,False
BollywoodMusic,nafis78,['top'],0.0,True,False,False
BollywoodMusic,neeraj_agarwal,['latest'],2.0,True,False,True
BollywoodMusic,nik-329,['top'],6.0,True,True,True
BollywoodMusic,niverser,['latest'],,False,False,False
BollywoodMusic,nonchalantdream,['latest'],0.0,True,False,False
BollywoodMusic,noodleswind,['top'],,False,False,False
BollywoodMusic,normiecoder,['latest'],,False,False,False
BollywoodMusic,not_yourpotato,"['latest', 'top']",,False,False,False
BollywoodMusic,nvmnit,['latest'],0.0,True,False,False
BollywoodMusic,om2kool,['latest'],0.0,True,False,False
BollywoodMusic,omkargodbole31,"['latest', 'top']",0.0,True,False,False
BollywoodMusic,phoenixandunicorn,['latest'],0.0,True,False,False
BollywoodMusic,pilotshashi,"['latest', 'top']",4.0,True,False,True
BollywoodMusic,pleaseFireINtheHole,['latest'],,False,False,False
BollywoodMusic,potassium-K-,['poster'],,False,False,False
BollywoodMusic,potato_95,['latest'],1.0,True,False,True
BollywoodMusic,ppknm,['latest'],2.0,True,False,True
BollywoodMusic,quirky-quackk,['top'],0.0,True,False,False
BollywoodMusic,qween04,['top'],0.0,True,False,False
BollywoodMusic,rahulsynha,['top'],1.0,True,False,True
BollywoodMusic,rdt_Omkar,['top'],1.0,True,False,True
BollywoodMusic,reine2212,['latest'],0.0,True,False,False
BollywoodMusic,ro_ro_ro_roadhouse,['latest'],2.0,True,False,True
BollywoodMusic,ryuk17717,['top'],2.0,True,False,True
BollywoodMusic,santrupt1994,['top'],9.0,True,True,True
BollywoodMusic,shaktimaanlannister,['top'],2.0,True,False,True
BollywoodMusic,shithappenslifemoves,['latest'],,False,False,False
BollywoodMusic,sho-nag-007,['top'],0.0,True,False,False
BollywoodMusic,shutuppalak,['top'],,False,False,False
BollywoodMusic,smug_snake,['latest'],,False,False,False
BollywoodMusic,stormborn_sk,['top'],0.0,True,False,False
BollywoodMusic,sweet_moonpie_,['latest'],,False,False,False
BollywoodMusic,thegooddoc01,"['latest', 'poster']",,False,False,False
BollywoodMusic,thermometer-degC,['latest'],0.0,True,False,False
BollywoodMusic,timorousingenue,['top'],4.0,True,False,True
BollywoodMusic,tsar_hu,['top'],,False,False,False
BollywoodMusic,un-_-known_789,['top'],2.0,True,False,True
BollywoodMusic,underscoreyash,"['latest', 'top']",,False,False,False
BollywoodMusic,waah_modiji_wah,['latest'],,False,False,False
BollywoodMusic,wacko0904,['top'],,False,False,False
BollywoodMusic,wadarassa,['latest'],,False,False,False
BollywoodMusic,whorajaiswal,['top'],1.0,True,False,True
BollywoodMusic,xaybzc81,['latest'],9.0,True,True,True
BollywoodMusic,zlataniche,['top'],,False,False,False
CarsIndia,-Dr_Anonymous-,['top'],,False,False,False
CarsIndia,1050tigamer,['latest'],,False,False,False
CarsIndia,27JackBlack,['top'],,False,False,False
CarsIndia,2D_AbYsS,['top'],0.0,True,False,False
CarsIndia,60llum,"['latest', 'top']",2.0,True,False,True
CarsIndia,9119921,['top'],,False,False,False
CarsIndia,Abject_Use_6356,"['latest', 'top']",0.0,True,False,False
CarsIndia,AcalTheNerd,['top'],0.0,True,False,False
CarsIndia,Affectionate-Can4442,['latest'],,False,False,False
CarsIndia,Aggravating-Mix3336,['top'],,False,False,False
CarsIndia,Aggravating_Stick728,"['latest', 'top']",,False,False,False
CarsIndia,Agreeable-Sample6841,['poster'],,False,False,False
CarsIndia,Alive_Scientist_9245,['top'],,False,False,False
CarsIndia,Alpha_1_5,['top'],,False,False,False
CarsIndia,Ancient-Pipe927,"['latest', 'top']",,False,False,False
CarsIndia,AnyBattle4287,['latest'],0.0,True,False,False
CarsIndia,Apprehensive-Rent523,['top'],2.0,True,False,True
CarsIndia,AreyLifeChudiPadiHai,['top'],,False,False,False
CarsIndia,AssignmentTough4554,['latest'],2.0,True,False,True
CarsIndia,Athiest-proletariat,"['latest', 'top']",2.0,True,False,True
CarsIndia,AumPauskar,['top'],,False,False,False
CarsIndia,Aviator_Coyote,"['latest', 'poster', 'top']",,False,False,False
CarsIndia,BERSERXXKXX,"['poster', 'top']",2.0,True,False,True
CarsIndia,BadAnonymous,['latest'],0.0,True,False,False
CarsIndia,Barbaricshit,['top'],,False,False,False
CarsIndia,Bhadwinder,['top'],0.0,True,False,False
CarsIndia,Bigus_dickus_the_1st,['latest'],1.0,True,False,True
CarsIndia,Bosasa,"['latest', 'top']",0.0,True,False,False
CarsIndia,BridgeLanky,['poster'],,False,False,False
CarsIndia,Classic-Bit-5137,['latest'],,False,False,False
CarsIndia,Concept-Plastic,['latest'],2.0,True,False,True
CarsIndia,Consistent_Snow7844,['top'],1.0,True,False,True
CarsIndia,CraftyFortune4639,['latest'],,False,False,False
CarsIndia,DESTRUCTER_R_,['latest'],1.0,True,False,True
CarsIndia,DaddyMaddy75,"['latest', 'top']",0.0,True,False,False
CarsIndia,Dapper_Meal0809,['top'],0.0,True,False,False
CarsIndia,Disciple_Of_Buddha,"['latest', 'top']",,False,False,False
CarsIndia,Drake_Xahu,['top'],0.0,True,False,False
CarsIndia,Dry-System-5819,['top'],0.0,True,False,False
CarsIndia,DuckSleazzy,"['latest', 'top']",1.0,True,False,True
CarsIndia,Due_Chipmunk_9972,['top'],,False,False,False
CarsIndia,Due_Mention_7546,['latest'],,False,False,False
CarsIndia,ElectionClean7673,['poster'],,False,False,False
CarsIndia,Embarrassed-Virus-23,['latest'],,False,False,False
CarsIndia,Equal_Magician2599,['latest'],,False,False,False
CarsIndia,Exciting_Strike5598,['latest'],8.0,True,True,True
CarsIndia,EyeCe_YT,['top'],,False,False,False
CarsIndia,FeatureTeacher247,['top'],,False,False,False
CarsIndia,Fine_Foundation8943,['latest'],,False,False,False
CarsIndia,Firm-Victory-420,['latest'],,False,False,False
CarsIndia,FruitOrchards,['latest'],,False,False,False
CarsIndia,GeneralHeinzGuderian,['top'],2.0,True,False,True
CarsIndia,Glad-isHappy,['poster'],,False,False,False
CarsIndia,GunnerKnight,['latest'],0.0,True,False,False
CarsIndia,Haixlo,['latest'],,False,False,False
CarsIndia,Honda-Activa-125,['top'],2.0,True,False,True
CarsIndia,Hungry4Seva2222,['latest'],0.0,True,False,False
CarsIndia,HutiyaBanda,"['latest', 'top']",1.0,True,False,True
CarsIndia,IREDA1000,['top'],16.0,True,True,True
CarsIndia,Immediate-Humor-6077,['poster'],6.0,True,True,True
CarsIndia,ImpassiveThug,['latest'],0.0,True,False,False
CarsIndia,Impossible-Youth714,"['poster', 'top']",,False,False,False
CarsIndia,ImpulsiveTeen,['latest'],6.0,True,True,True
CarsIndia,IndiaRomeoKilo,['top'],2.0,True,False,True
CarsIndia,Informal-Low-3476,"['latest', 'top']",,False,False,False
CarsIndia,Initial-Shine-5955,['top'],4.0,True,False,True
CarsIndia,IntelligentHoney6929,['top'],12.0,True,True,True
CarsIndia,Jumpy_Scallion_3108,['top'],,False,False,False
CarsIndia,KauvaBiryanii,['poster'],0.0,True,False,False
CarsIndia,Key_Conference2447,['top'],,False,False,False
CarsIndia,Key_Door1467,"['latest', 'top']",,False,False,False
CarsIndia,KhattiBurpSnart,['top'],,False,False,False
CarsIndia,KingsmanVishnu,['top'],0.0,True,False,False
CarsIndia,Koki-noki,['poster'],12.0,True,True,True
CarsIndia,KpailDev,['top'],,False,False,False
CarsIndia,Kpatel84,"['poster', 'top']",,False,False,False
CarsIndia,KrK99,['latest'],,False,False,False
CarsIndia,Large_Election_2640,['latest'],0.0,True,False,False
CarsIndia,Lazy-Pressure1316,['latest'],,False,False,False
CarsIndia,LetMe_Work,['latest'],,False,False,False
CarsIndia,Living-Novel-8391,"['latest', 'top']",2.0,True,False,True
CarsIndia,Living_Training4656,['top'],2.0,True,False,True
CarsIndia,LooneyStark,['poster'],0.0,True,False,False
CarsIndia,Loose_Artichoke1689,['latest'],,False,False,False
CarsIndia,Low_Yesterday2448,['latest'],,False,False,False
CarsIndia,MacaroniPistachio,['top'],,False,False,False
CarsIndia,Majestic-Quiet-909,['top'],,False,False,False
CarsIndia,Mano1aa,['poster'],,False,False,False
CarsIndia,Minute-Persimmon-769,['poster'],,False,False,False
CarsIndia,MrTechie010,['poster'],,False,False,False
CarsIndia,MuteTheMadness,['top'],,False,False,False
CarsIndia,MysteriousBerry2494,['latest'],,False,False,False
CarsIndia,NAATICCLMarathi,"['latest', 'top']",,False,False,False
CarsIndia,National_Laugh_8302,['top'],,False,False,False
CarsIndia,Nearby-Map-540,"['latest', 'top']",,False,False,False
CarsIndia,Nearby_Ant_5627,['top'],,False,False,False
CarsIndia,NeatConversation6752,['latest'],2.0,True,False,True
CarsIndia,No-Independence2692,['top'],,False,False,False
CarsIndia,NoDifficulty3527,['latest'],,False,False,False
CarsIndia,NoExpression1030,['latest'],2.0,True,False,True
CarsIndia,No_Individual_2497,"['latest', 'top']",0.0,True,False,False
CarsIndia,No_Marzipan3286,['top'],,False,False,False
CarsIndia,Normie-Person,['top'],,False,False,False
CarsIndia,NorthTop9254,['top'],1.0,True,False,True
CarsIndia,Nudes-Enjoyer,['top'],,False,False,False
CarsIndia,Ok-Cow7548,['latest'],,False,False,False
CarsIndia,OmRoopchandani,['poster'],,False,False,False
CarsIndia,Orangeimposte,['latest'],,False,False,False
CarsIndia,Other_Tea900,['top'],,False,False,False
CarsIndia,Own-Art3757,['latest'],,False,False,False
CarsIndia,Particular_Guava_420,['latest'],,False,False,False
CarsIndia,Past-Flan4743,['latest'],3.0,True,False,True
CarsIndia,Pegasus777x,['top'],,False,False,False
CarsIndia,PigeonSuperstitions,['top'],0.0,True,False,False
CarsIndia,PixarFanatic,['top'],,False,False,False
CarsIndia,Poshturkjgdy45,['top'],6.0,True,True,True
CarsIndia,Prestigious_Dare7734,['latest'],0.0,True,False,False
CarsIndia,Previous_Spring_7700,['top'],,False,False,False
CarsIndia,Prince7777777,['latest'],0.0,True,False,False
CarsIndia,Prize_Artist5094,['top'],,False,False,False
CarsIndia,PsyCol_0911,['top'],1.0,True,False,True
CarsIndia,Pure_Definition_7372,['latest'],0.0,True,False,False
CarsIndia,Pure_Membership_2326,"['poster', 'top']",,False,False,False
CarsIndia,Quick-Detail-7280,['latest'],,False,False,False
CarsIndia,R0dney_2001,"['latest', 'top']",,False,False,False
CarsIndia,Realistic-Plant3957,['top'],,False,False,False
CarsIndia,Reasonable-Bat-1146,['latest'],,False,False,False
CarsIndia,Reasonable-Way-724,['top'],,False,False,False
CarsIndia,RedCrystal007,"['latest', 'top']",1.0,True,False,True
CarsIndia,RedditSaiyajin,['latest'],0.0,True,False,False
CarsIndia,RizzyNizzyDizzy,['top'],0.0,True,False,False
CarsIndia,Same-Custard1072,['latest'],,False,False,False
CarsIndia,Scary_Field_3124,['latest'],2.0,True,False,True
CarsIndia,Sedated_cartoon,['latest'],,False,False,False
CarsIndia,Sensitive_Turnip6871,"['latest', 'top']",0.0,True,False,False
CarsIndia,Shot-Ad-4036,['latest'],,False,False,False
CarsIndia,Shot-Ninja-7136,"['latest', 'top']",,False,False,False
CarsIndia,SilenceOfTheAtom,"['latest', 'top']",0.0,True,False,False
CarsIndia,Silent_Ambivert_283,['poster'],,False,False,False
CarsIndia,Slight_Loan5350,"['latest', 'top']",2.0,True,False,True
CarsIndia,SquareRyder,['top'],2.0,True,False,True
CarsIndia,SurfingTheInternet,['top'],,False,False,False
CarsIndia,SweetuRasmalai,"['latest', 'top']",4.0,True,False,True
CarsIndia,TallNBrownBoi,"['latest', 'top']",,False,False,False
CarsIndia,Techie_Ash,['poster'],,False,False,False
CarsIndia,Technical-Smile3947,"['latest', 'top']",,False,False,False
CarsIndia,Temporary-Speech5378,"['latest', 'top']",,False,False,False
CarsIndia,TheUndefeatedLasanga,"['latest', 'top']",6.0,True,True,True
CarsIndia,The_ApacheRK_200,['top'],2.0,True,False,True
CarsIndia,These_Letter7374,['poster'],3.0,True,False,True
CarsIndia,Throttlehead921,['top'],,False,False,False
CarsIndia,Tier3Guy,['latest'],,False,False,False
CarsIndia,Torqyboi,['top'],2.0,True,False,True
CarsIndia,Traditional-Cry-6747,['latest'],,False,False,False
CarsIndia,True_Skin7151,['latest'],0.0,True,False,False
CarsIndia,Tryzmo,['top'],2.0,True,False,True
CarsIndia,Turbo_Glitch,['latest'],,False,False,False
CarsIndia,Turbulent_Tailor_808,['latest'],,False,False,False
CarsIndia,UniqueDesigner453,['latest'],0.0,True,False,False
CarsIndia,Unlucky-Tap-9041,['latest'],2.0,True,False,True
CarsIndia,Vegetable-Company147,['latest'],,False,False,False
CarsIndia,Vicerock_,['latest'],0.0,True,False,False
CarsIndia,WealthyPhoenix,['top'],1.0,True,False,True
CarsIndia,Willing-Ad3030,['latest'],1.0,True,False,True
CarsIndia,WisdomWhispers,['top'],,False,False,False
CarsIndia,Worldly-Economics770,['top'],,False,False,False
CarsIndia,Yatharth-3001,['latest'],,False,False,False
CarsIndia,Zealousideal_Kiwi686,['top'],,False,False,False
CarsIndia,Zestyclose_Mud2170,['latest'],2.0,True,False,True
CarsIndia,Zilong_96,['latest'],,False,False,False
CarsIndia,ZylntKyllr,"['latest', 'top']",0.0,True,False,False
CarsIndia,_Not__Available_,['latest'],,False,False,False
CarsIndia,_harsh_aditya_,['latest'],,False,False,False
CarsIndia,_vedantt1_,['latest'],1.0,True,False,True
CarsIndia,aaks2,['latest'],,False,False,False
CarsIndia,akashtyagi1,['top'],,False,False,False
CarsIndia,aneesh131999,['latest'],0.0,True,False,False
CarsIndia,anonymoustifosi,['poster'],,False,False,False
CarsIndia,anrbn96,['latest'],,False,False,False
CarsIndia,arjgorithmic,['top'],,False,False,False
CarsIndia,avg_doc,['latest'],,False,False,False
CarsIndia,balmithai,['top'],,False,False,False
CarsIndia,bhodrolok,['latest'],12.0,True,True,True
CarsIndia,bhoot_terasi,['latest'],,False,False,False
CarsIndia,bikerkumar,['top'],0.0,True,False,False
CarsIndia,bluegoldredsilver5,['latest'],4.0,True,False,True
CarsIndia,brainrot-vowels,['poster'],,False,False,False
CarsIndia,brokebitchtip,['latest'],,False,False,False
CarsIndia,broken_empath1011011,['latest'],,False,False,False
CarsIndia,choresbeforewhores,['latest'],0.0,True,False,False
CarsIndia,clutch-cream-run,"['latest', 'top']",0.0,True,False,False
CarsIndia,curious_mind_here,"['latest', 'top']",0.0,True,False,False
CarsIndia,cyaniscalmingg,['latest'],,False,False,False
CarsIndia,dark_owl30,"['latest', 'top']",0.0,True,False,False
CarsIndia,deekayjee,['latest'],,False,False,False
CarsIndia,depresssed_soul,"['latest', 'top']",1.0,True,False,True
CarsIndia,desi_swag,['top'],,False,False,False
CarsIndia,do_not_ban_this,['latest'],2.0,True,False,True
CarsIndia,doolpicate,"['latest', 'top']",4.0,True,False,True
CarsIndia,edgetile,['top'],,False,False,False
CarsIndia,eno-eno-agide,"['latest', 'top']",,False,False,False
CarsIndia,felixfelicis90,"['latest', 'top']",,False,False,False
CarsIndia,find_a_rare_uuid,"['latest', 'top']",12.0,True,True,True
CarsIndia,flintontv,['poster'],0.0,True,False,False
CarsIndia,glenn1812,"['latest', 'top']",2.0,True,False,True
CarsIndia,greataeos,"['latest', 'top']",,False,False,False
CarsIndia,himnager,['latest'],,False,False,False
CarsIndia,iamjustaguy8044,['latest'],,False,False,False
CarsIndia,im-me-not-u,['top'],0.0,True,False,False
CarsIndia,ismyaltaccount,['latest'],4.0,True,False,True
CarsIndia,it_mnm,"['poster', 'top']",,False,False,False
CarsIndia,itheindian,['top'],2.0,True,False,True
CarsIndia,ivyleaguesuperman,['top'],2.0,True,False,True
CarsIndia,jgenius07,"['latest', 'top']",2.0,True,False,True
CarsIndia,kacchaaaam,['latest'],0.0,True,False,False
CarsIndia,karmaniak,['top'],,False,False,False
CarsIndia,kaushikboii,['latest'],,False,False,False
CarsIndia,keshavgKaLLen_Bhaiya,"['latest', 'top']",2.0,True,False,True
CarsIndia,kraken_enrager,"['latest', 'top']",8.0,True,True,True
CarsIndia,lalaland586,['top'],,False,False,False
CarsIndia,lambodownshift_02,"['latest', 'top']",,False,False,False
CarsIndia,leveling_2,"['latest', 'poster']",,False,False,False
CarsIndia,livingradically,['top'],,False,False,False
CarsIndia,lost_ted,['top'],1.0,True,False,True
CarsIndia,marlbo-rough,['latest'],4.0,True,False,True
CarsIndia,mikeeyy950,['latest'],,False,False,False
CarsIndia,misalkaran7,['poster'],,False,False,False
CarsIndia,mosquito_coil,['poster'],,False,False,False
CarsIndia,movingphoton,['top'],2.0,True,False,True
CarsIndia,mrdrinksonme,['top'],4.0,True,False,True
CarsIndia,nameis_atii,['latest'],,False,False,False
CarsIndia,nandu_sabka_bandhoo,"['latest', 'top']",1.0,True,False,True
CarsIndia,ostrish,['latest'],1.0,True,False,True
CarsIndia,pamyaa,"['latest', 'top']",,False,False,False
CarsIndia,petrolhead249,['top'],,False,False,False
CarsIndia,prathneo1,['top'],4.0,True,False,True
CarsIndia,raddaya,['latest'],0.0,True,False,False
CarsIndia,raja-anbazhagan,"['latest', 'top']",1.0,True,False,True
CarsIndia,rockaxorb13,['latest'],,False,False,False
CarsIndia,rupanshu08,['top'],,False,False,False
CarsIndia,rydergrovestreet,['top'],1.0,True,False,True
CarsIndia,sabkaraja,['latest'],0.0,True,False,False
CarsIndia,saffron-pray,['top'],,False,False,False
CarsIndia,sastavadapav,['top'],1.0,True,False,True
CarsIndia,sharkpeid,['top'],2.0,True,False,True
CarsIndia,shubham1286,['poster'],,False,False,False
CarsIndia,silverwarhead,['top'],0.0,True,False,False
CarsIndia,skyliners_a340,"['latest', 'top']",2.0,True,False,True
CarsIndia,snakeoilsalesman3,"['latest', 'top']",2.0,True,False,True
CarsIndia,soulseeker31,['top'],2.0,True,False,True
CarsIndia,spittymcghee69,['top'],,False,False,False
CarsIndia,sumitmsn2,['top'],2.0,True,False,True
CarsIndia,take_dat_dump,['latest'],,False,False,False
CarsIndia,theMLguy1994,"['latest', 'top']",,False,False,False
CarsIndia,tim0thy17,['latest'],0.0,True,False,False
CarsIndia,unmole228,['poster'],,False,False,False
CarsIndia,user_3_6_0_,['latest'],,False,False,False
CarsIndia,vkbluewhales,['top'],,False,False,False
CarsIndia,waitaminute322,"['latest', 'top']",8.0,True,True,True
CarsIndia,wantedtriglodyte,['top'],,False,False,False
CarsIndia,xAxGx,"['latest', 'top']",2.0,True,False,True
CarsIndia,yashas1354,['latest'],,False,False,False
CarsIndia,ys2110,['latest'],,False,False,False
CricketShitpost,1kshvaku,['top'],0.0,True,False,False
CricketShitpost,5am_nihilist,['latest'],,False,False,False
CricketShitpost,Accomplished_Arm9214,['latest'],,False,False,False
CricketShitpost,AggressiveReach3337,['top'],,False,False,False
CricketShitpost,Alive-Stay9099,['latest'],,False,False,False
CricketShitpost,Allenthe_alien00,['top'],0.0,True,False,False
CricketShitpost,AlternativeProduct41,['latest'],1.0,True,False,True
CricketShitpost,Ambitious-Text8309,['poster'],6.0,True,True,True
CricketShitpost,Ancient-Turnip-4426,['latest'],2.0,True,False,True
CricketShitpost,Ancient_Sale_9647,['top'],,False,False,False
CricketShitpost,Any-Calligrapher-636,['top'],,False,False,False
CricketShitpost,AppointmentOk2025,['latest'],0.0,True,False,False
CricketShitpost,Appropriate-Common81,['latest'],2.0,True,False,True
CricketShitpost,Asleep-Television-24,['latest'],,False,False,False
CricketShitpost,Automatic_Muscle3906,['top'],,False,False,False
CricketShitpost,BCPisBestCP,['latest'],,False,False,False
CricketShitpost,BehindTheWicket,['top'],,False,False,False
CricketShitpost,BiscottiSpiritual826,"['latest', 'top']",2.0,True,False,True
CricketShitpost,Bitter-Peanut2887,['latest'],,False,False,False
CricketShitpost,Black_Mamba265,['top'],1.0,True,False,True
CricketShitpost,BoringOrganism-820,"['latest', 'top']",,False,False,False
CricketShitpost,Broken_S_mile,"['poster', 'top']",1.0,True,False,True
CricketShitpost,Capable-Pair8312,['top'],1.0,True,False,True
CricketShitpost,Certain_Plan_5819,['latest'],2.0,True,False,True
CricketShitpost,Cheap_Pudding6922,"['latest', 'top']",,False,False,False
CricketShitpost,Competitive_Boat_134,['top'],,False,False,False
CricketShitpost,CompleteCartoonist91,['latest'],1.0,True,False,True
CricketShitpost,Connect_Pickle_5418,['top'],12.0,True,True,True
CricketShitpost,Consistent-Angle7904,['latest'],,False,False,False
CricketShitpost,Correct_Nerve6657,['top'],2.0,True,False,True
CricketShitpost,DarkPuzzleheaded6259,['top'],1.0,True,False,True
CricketShitpost,Data-CHOR-365,['top'],2.0,True,False,True
CricketShitpost,Dear-Time5236,['top'],,False,False,False
CricketShitpost,DearHeron323,['latest'],,False,False,False
CricketShitpost,Decent-Pepper8630,['top'],2.0,True,False,True
CricketShitpost,Difficult-Hurry8960,['latest'],0.0,True,False,False
CricketShitpost,Difficult_Abies8802,['latest'],2.0,True,False,True
CricketShitpost,Disastrous-Chart-840,['top'],2.0,True,False,True
CricketShitpost,Downtown-Umpire-9349,"['latest', 'top']",,False,False,False
CricketShitpost,Dry-Pirate-6133,"['latest', 'top']",,False,False,False
CricketShitpost,EfficientButton5044,['latest'],,False,False,False
CricketShitpost,Emmanuel_leorn,['latest'],0.0,True,False,False
CricketShitpost,Enough_Slice4348,['latest'],2.0,True,False,True
CricketShitpost,Ethical-Simp,['latest'],,False,False,False
CricketShitpost,ExitingEmbarrassment,['latest'],2.0,True,False,True
CricketShitpost,Eyeconic_Horizon,"['latest', 'poster']",3.0,True,False,True
CricketShitpost,Fancy_Use_9256,"['latest', 'top']",,False,False,False
CricketShitpost,Fggfvbnkk,"['latest', 'top']",1.0,True,False,True
CricketShitpost,FigurePuzzleheaded73,['latest'],0.0,True,False,False
CricketShitpost,FillJunior6109,['latest'],9.0,True,True,True
CricketShitpost,Fit-Objective9059,['top'],1.0,True,False,True
CricketShitpost,Flashu_,['latest'],,False,False,False
CricketShitpost,Fluffmuscle,['top'],,False,False,False
CricketShitpost,FormerLibrary5760,['top'],,False,False,False
CricketShitpost,Fun-Fan-9231,"['latest', 'top']",2.0,True,False,True
CricketShitpost,God_Emperor__Doom,['poster'],16.0,True,True,True
CricketShitpost,Greedy-Farmer-9756,['top'],3.0,True,False,True
CricketShitpost,HoePicker_38,['top'],,False,False,False
CricketShitpost,Honey_Badger_01,['latest'],,False,False,False
CricketShitpost,Hot-Ad-28,['latest'],,False,False,False
CricketShitpost,Icy-School-1061,['latest'],,False,False,False
CricketShitpost,Ill_Cranberry_5631,"['latest', 'top']",4.0,True,False,True
CricketShitpost,ImSuk10,"['latest', 'top']",,False,False,False
CricketShitpost,ImmediateJacket9502,['latest'],1.0,True,False,True
CricketShitpost,Immortalking97,['top'],1.0,True,False,True
CricketShitpost,Impressive-Pizza-423,"['latest', 'top']",,False,False,False
CricketShitpost,Impressive_Toe5395,"['latest', 'poster', 'top']",2.0,True,False,True
CricketShitpost,Independent-Dot5393,"['latest', 'top']",3.0,True,False,True
CricketShitpost,Inevitable-Age-5736,['top'],2.0,True,False,True
CricketShitpost,Initial-Customer462,['top'],1.0,True,False,True
CricketShitpost,Inside_One_9147,['poster'],8.0,True,True,True
CricketShitpost,Intelligent-Act-6685,['top'],,False,False,False
CricketShitpost,Itachi_Uchiha_Rogue,['latest'],,False,False,False
CricketShitpost,Jackie_Chan_93,['poster'],9.0,True,True,True
CricketShitpost,Key-Head-2329,['latest'],,False,False,False
CricketShitpost,Key_Current_7904,['latest'],0.0,True,False,False
CricketShitpost,Khaman-Dhoklaa,['poster'],,False,False,False
CricketShitpost,Kindly_Geologist_531,['top'],,False,False,False
CricketShitpost,Krishna132453,"['latest', 'top']",,False,False,False
CricketShitpost,Left_Razzmatazz_5520,['latest'],,False,False,False
CricketShitpost,Legitimate-Reveal763,['top'],,False,False,False
CricketShitpost,LeoGMS22,['latest'],,False,False,False
CricketShitpost,LetMeInFFH,['top'],,False,False,False
CricketShitpost,Level-Falcon-7597,['latest'],,False,False,False
CricketShitpost,Liberal_hunter_116,['latest'],,False,False,False
CricketShitpost,Longjumping-Pop7512,['latest'],2.0,True,False,True
CricketShitpost,Main_Friendship_2463,['latest'],,False,False,False
CricketShitpost,Many_Car_6945,['latest'],2.0,True,False,True
CricketShitpost,MarcDarcy,"['latest', 'top']",1.0,True,False,True
CricketShitpost,MaroonedHighHopes,"['latest', 'poster']",8.0,True,True,True
CricketShitpost,Mars0810,['poster'],,False,False,False
CricketShitpost,Miserable-History450,['top'],,False,False,False
CricketShitpost,Mobile_Bat_1007,['latest'],0.0,True,False,False
CricketShitpost,Modijifor2024,['top'],6.0,True,True,True
CricketShitpost,Monuu25,"['poster', 'top']",,False,False,False
CricketShitpost,Nice-Strawberry-2004,"['latest', 'top']",,False,False,False
CricketShitpost,Nilesh_97,['top'],,False,False,False
CricketShitpost,No-Principle5340,['latest'],2.0,True,False,True
CricketShitpost,NoSound7189,['latest'],0.0,True,False,False
CricketShitpost,No_Dinner_2380,['top'],,False,False,False
CricketShitpost,No_Syllabub_5767,['top'],,False,False,False
CricketShitpost,Objective_Repair_831,['top'],1.0,True,False,True
CricketShitpost,Obvious_Movie7564,['latest'],0.0,True,False,False
CricketShitpost,Odd_Result_8937,['top'],,False,False,False
CricketShitpost,Ok-Feature-1233,"['latest', 'top']",2.0,True,False,True
CricketShitpost,Ok-Information-7874,"['poster', 'top']",2.0,True,False,True
CricketShitpost,Ok_Satisfaction1775,['top'],2.0,True,False,True
CricketShitpost,Old_Specialist7892,['top'],0.0,True,False,False
CricketShitpost,Other-Record-3196,['latest'],1.0,True,False,True
CricketShitpost,Particular_Gear3130,['top'],2.0,True,False,True
CricketShitpost,Past-Change6511,['top'],,False,False,False
CricketShitpost,Perfect_Plastic_2228,['top'],0.0,True,False,False
CricketShitpost,PositiveArachnid8976,"['latest', 'top']",0.0,True,False,False
CricketShitpost,Priyotosh1234,['top'],1.0,True,False,True
CricketShitpost,QuietlyCorrect7,"['latest', 'top']",,False,False,False
CricketShitpost,Quirky-Particular975,"['latest', 'top']",,False,False,False
CricketShitpost,QuitMuch1938,['top'],4.0,True,False,True
CricketShitpost,R4artist,['latest'],,False,False,False
CricketShitpost,RB-reMarkable98,['poster'],,False,False,False
CricketShitpost,Ragedwithfire,['top'],4.0,True,False,True
CricketShitpost,Ragnarok_619,['latest'],2.0,True,False,True
CricketShitpost,Ready_P1430,['latest'],,False,False,False
CricketShitpost,Reiner-Braun_,['latest'],1.0,True,False,True
CricketShitpost,Reyatsu99,['poster'],0.0,True,False,False
CricketShitpost,SIIIIIUUUUUUUU,"['latest', 'poster']",,False,False,False
CricketShitpost,SaladDisastrous8117,['top'],,False,False,False
CricketShitpost,Same_Tip3963,['top'],0.0,True,False,False
CricketShitpost,SarcasmAndSin,['latest'],,False,False,False
CricketShitpost,SarcasticLuker,['top'],,False,False,False
CricketShitpost,SeaBoysenberry1229,['top'],,False,False,False
CricketShitpost,Sea_Barracuda_94,['latest'],,False,False,False
CricketShitpost,Shot_Tonight_975,"['latest', 'top']",,False,False,False
CricketShitpost,SignificanceAlert839,['top'],,False,False,False
CricketShitpost,Simple_Score_4,['top'],,False,False,False
CricketShitpost,Single-Sense8174,"['latest', 'top']",8.0,True,True,True
CricketShitpost,Smooth-Mix-4357,"['latest', 'top']",0.0,True,False,False
CricketShitpost,Soap-MacTavish3009,['top'],,False,False,False
CricketShitpost,SolburyalsAssistant,"['latest', 'top']",,False,False,False
CricketShitpost,Spiritual-Fox9778,['top'],4.0,True,False,True
CricketShitpost,Spirox_2707,"['latest', 'top']",8.0,True,True,True
CricketShitpost,Startherecca,['latest'],,False,False,False
CricketShitpost,Still-Vegetable-6755,['top'],6.0,True,True,True
CricketShitpost,Stock_Ad_308,['latest'],2.0,True,False,True
CricketShitpost,Strict-Comedian-8577,['latest'],1.0,True,False,True
CricketShitpost,Sunny-x-Genos,['latest'],,False,False,False
CricketShitpost,Surya872,['top'],,False,False,False
CricketShitpost,Sweet-Author-6037,['top'],3.0,True,False,True
CricketShitpost,Take_it-sleazy,['top'],1.0,True,False,True
CricketShitpost,ThatWeirdKid100,['latest'],,False,False,False
CricketShitpost,Trick_Mortgage_3452,['poster'],16.0,True,True,True
CricketShitpost,Truthful-as-usual,['top'],,False,False,False
CricketShitpost,UThinkUKnowMe2,['latest'],,False,False,False
CricketShitpost,Vegetable-Ear-7184,['latest'],,False,False,False
CricketShitpost,VibWhore,['top'],0.0,True,False,False
CricketShitpost,Vichitra__Manushya,['top'],2.0,True,False,True
CricketShitpost,Vignesh130588,['latest'],1.0,True,False,True
CricketShitpost,Wasteof32,['top'],1.0,True,False,True
CricketShitpost,Weekly_Bookkeeper580,['latest'],1.0,True,False,True
CricketShitpost,WolverineLow63,"['latest', 'top']",,False,False,False
CricketShitpost,Wonderful_Eagle7429,['top'],1.0,True,False,True
CricketShitpost,Yeagerist_69,['latest'],3.0,True,False,True
CricketShitpost,Your-mom-143,['latest'],,False,False,False
CricketShitpost,Zealousideal-Mud1407,['latest'],0.0,True,False,False
CricketShitpost,ZeroOneSixV2-0,['latest'],,False,False,False
CricketShitpost,_RoHaN_23,"['latest', 'top']",,False,False,False
CricketShitpost,_mfStarBoy,['latest'],,False,False,False
CricketShitpost,ajaxmenon17,['top'],6.0,True,True,True
CricketShitpost,alokesh985,['top'],0.0,True,False,False
CricketShitpost,amongus-77-sky,['latest'],1.0,True,False,True
CricketShitpost,anshuman_018,['latest'],,False,False,False
CricketShitpost,arshk0123,['top'],3.0,True,False,True
CricketShitpost,arunkumark21,['latest'],,False,False,False
CricketShitpost,ashrfzd,['latest'],0.0,True,False,False
CricketShitpost,banrishu,"['latest', 'top']",,False,False,False
CricketShitpost,being-minful,['top'],,False,False,False
CricketShitpost,bladeofmiquellaaa,['poster'],8.0,True,True,True
CricketShitpost,boobpagloo,['latest'],,False,False,False
CricketShitpost,braveen10,['poster'],9.0,True,True,True
CricketShitpost,bric-by-bric,['latest'],,False,False,False
CricketShitpost,cantwontdonttrackme,['top'],,False,False,False
CricketShitpost,chhotii_advance,['latest'],,False,False,False
CricketShitpost,chill_fann,"['latest', 'poster', 'top']",6.0,True,True,True
CricketShitpost,chinmoy9722,['latest'],,False,False,False
CricketShitpost,cmpunk34,['top'],0.0,True,False,False
CricketShitpost,cottoncandyisgood_3,"['poster', 'top']",,False,False,False
CricketShitpost,cricfanatic4518,['poster'],12.0,True,True,True
CricketShitpost,dead-69,"['latest', 'top']",2.0,True,False,True
CricketShitpost,dev_SLAYER,['latest'],2.0,True,False,True
CricketShitpost,dextervoid,['poster'],,False,False,False
CricketShitpost,dhairyashil96,['latest'],,False,False,False
CricketShitpost,dinosaur_from_Mars,['latest'],1.0,True,False,True
CricketShitpost,djsyj777,['top'],,False,False,False
CricketShitpost,doctorr__Doom,['poster'],12.0,True,True,True
CricketShitpost,ego_detox,['latest'],4.0,True,False,True
CricketShitpost,electroschocker,['latest'],0.0,True,False,False
CricketShitpost,ezhno_21,['top'],0.0,True,False,False
CricketShitpost,flamehashira690,['latest'],0.0,True,False,False
CricketShitpost,forgotten_milk,['top'],2.0,True,False,True
CricketShitpost,gforgops,['latest'],,False,False,False
CricketShitpost,goonMaxxer021,"['latest', 'top']",1.0,True,False,True
CricketShitpost,guptabhaiji,['latest'],,False,False,False
CricketShitpost,harshit_69,"['latest', 'top']",,False,False,False
CricketShitpost,iNoticeEverything_73,['top'],,False,False,False
CricketShitpost,idontknwnething,['top'],,False,False,False
CricketShitpost,intellectsup02,['top'],0.0,True,False,False
CricketShitpost,irdk_24,['latest'],1.0,True,False,True
CricketShitpost,jason9t8,"['latest', 'top']",4.0,True,False,True
CricketShitpost,lambodhar27,"['latest', 'top']",,False,False,False
CricketShitpost,little_lasun,"['latest', 'top']",,False,False,False
CricketShitpost,magshag18,['top'],0.0,True,False,False
CricketShitpost,misguidedkent,['top'],2.0,True,False,True
CricketShitpost,moonmeander18,['top'],2.0,True,False,True
CricketShitpost,nahimaalum,['top'],0.0,True,False,False
CricketShitpost,nitroninja9,['poster'],,False,False,False
CricketShitpost,no1premiumfastbowler,['top'],,False,False,False
CricketShitpost,notyours_pb,['poster'],8.0,True,True,True
CricketShitpost,oye_kontaass,['latest'],,False,False,False
CricketShitpost,pale-Intention-9692,['latest'],,False,False,False
CricketShitpost,perfect_susanoo,['top'],0.0,True,False,False
CricketShitpost,ppboi41,['latest'],0.0,True,False,False
CricketShitpost,proscosmos,"['latest', 'poster', 'top']",0.0,True,False,False
CricketShitpost,pussy-diss-troyer-69,['latest'],,False,False,False
CricketShitpost,roronoazoro4444,"['latest', 'top']",,False,False,False
CricketShitpost,rudeeguy,['latest'],,False,False,False
CricketShitpost,samosaforlife,['latest'],,False,False,False
CricketShitpost,sannasan91,['top'],,False,False,False
CricketShitpost,secretcounsel,"['latest', 'top']",,False,False,False
CricketShitpost,sepiosexual,"['latest', 'top']",4.0,True,False,True
CricketShitpost,sharpest_blunt,['top'],,False,False,False
CricketShitpost,sivm36,['latest'],,False,False,False
CricketShitpost,speed_hitter001,"['latest', 'top']",1.0,True,False,True
CricketShitpost,surgical_healer7,['latest'],,False,False,False
CricketShitpost,swordofjericho,['top'],6.0,True,True,True
CricketShitpost,the_zirten_spahic,['latest'],1.0,True,False,True
CricketShitpost,theindieboi,['top'],4.0,True,False,True
CricketShitpost,thewolverine07,['top'],1.0,True,False,True
CricketShitpost,vinesable85,['top'],,False,False,False
CricketShitpost,wasteconnection581,['top'],1.0,True,False,True
CricketShitpost,watermelon_cat21,['latest'],2.0,True,False,True
CricketShitpost,wesh9174,['top'],,False,False,False
CricketShitpost,whorajaiswal,['latest'],1.0,True,False,True
CricketShitpost,yellow_pills,"['latest', 'poster']",9.0,True,True,True
GadgetsIndia,21COPYNINJA21,"['latest', 'top']",,False,False,False
GadgetsIndia,8spd,['latest'],,False,False,False
GadgetsIndia,ARCHISMAN-,['latest'],,False,False,False
GadgetsIndia,Accomplished_Try99,['top'],,False,False,False
GadgetsIndia,AdAdministrative3196,['top'],,False,False,False
GadgetsIndia,AdvancedMechanic5249,['latest'],,False,False,False
GadgetsIndia,Advanced_Category292,['latest'],,False,False,False
GadgetsIndia,Agile-Fuel3560,['latest'],,False,False,False
GadgetsIndia,Agreeable-Top8212,['top'],,False,False,False
GadgetsIndia,Alarming_Emphasis_88,['latest'],0.0,True,False,False
GadgetsIndia,AnnualStorage7765,['latest'],,False,False,False
GadgetsIndia,Annual_Beginning1063,['top'],0.0,True,False,False
GadgetsIndia,Anxious_Pressure_292,['latest'],0.0,True,False,False
GadgetsIndia,AssassinBoo123,['top'],0.0,True,False,False
GadgetsIndia,Away-Advice-6177,['latest'],,False,False,False
GadgetsIndia,Awkward-District9660,['top'],1.0,True,False,True
GadgetsIndia,BERSERXXKXX,"['latest', 'top']",2.0,True,False,True
GadgetsIndia,BHOSIDE_WALE_CHACHA,['latest'],,False,False,False
GadgetsIndia,BRSProZ,"['latest', 'top']",,False,False,False
GadgetsIndia,BeingOMM,['latest'],0.0,True,False,False
GadgetsIndia,BhosariCountySheriff,['top'],,False,False,False
GadgetsIndia,Blake_kai,['top'],0.0,True,False,False
GadgetsIndia,Bright-Leg8276,['top'],2.0,True,False,True
GadgetsIndia,Budnaam,['top'],,False,False,False
GadgetsIndia,Car-Mai,"['latest', 'poster']",,False,False,False
GadgetsIndia,CertainJelly3931,['latest'],,False,False,False
GadgetsIndia,Cleopatra8602,"['latest', 'poster']",,False,False,False
GadgetsIndia,Comfortable-Way-6271,['top'],,False,False,False
GadgetsIndia,Commercial-Dare-4647,['latest'],,False,False,False
GadgetsIndia,ConfusionMountain105,"['latest', 'top']",0.0,True,False,False
GadgetsIndia,ConnectionDry4268,['top'],2.0,True,False,True
GadgetsIndia,Crimson_Excalibur,['top'],0.0,True,False,False
GadgetsIndia,Critical-Science-594,['latest'],,False,False,False
GadgetsIndia,Crux_Z,['top'],,False,False,False
GadgetsIndia,Cultural-Duty5452,['latest'],8.0,True,True,True
GadgetsIndia,DESTRUCTER_R_,['top'],1.0,True,False,True
GadgetsIndia,DamnDam2022,['latest'],,False,False,False
GadgetsIndia,Dangerous-Broccoli99,['top'],,False,False,False
GadgetsIndia,Dangerous-Green7171,['poster'],,False,False,False
GadgetsIndia,DarthNinja95,['latest'],0.0,True,False,False
GadgetsIndia,Dizzy_Ad2768,['latest'],,False,False,False
GadgetsIndia,Dr_Methotrexate9099,['latest'],0.0,True,False,False
GadgetsIndia,Dr_Victor_Blane_,['top'],,False,False,False
GadgetsIndia,DramaticBreak007,['latest'],,False,False,False
GadgetsIndia,Dull-Memory3772,"['latest', 'top']",0.0,True,False,False
GadgetsIndia,Egotism-,['top'],,False,False,False
GadgetsIndia,Emergency_Bit_3045,"['latest', 'top']",2.0,True,False,True
GadgetsIndia,Emordnilap1cAlgorith,['top'],,False,False,False
GadgetsIndia,Entropy_Interstellar,['latest'],,False,False,False
GadgetsIndia,Ethan_J_Hunt,['poster'],,False,False,False
GadgetsIndia,Excellent-Bar-1430,['latest'],2.0,True,False,True
GadgetsIndia,Exotic-Calendar-9541,['latest'],,False,False,False
GadgetsIndia,FcukMan360,['top'],9.0,True,True,True
GadgetsIndia,Final_Bowler8428,['top'],,False,False,False
GadgetsIndia,Fit-Guarantee215,['top'],,False,False,False
GadgetsIndia,Flaky-Abalone-1745,['top'],0.0,True,False,False
GadgetsIndia,Flashu_,"['latest', 'top']",,False,False,False
GadgetsIndia,Flashy_Detective_886,['latest'],,False,False,False
GadgetsIndia,Flat_Championship_20,['top'],2.0,True,False,True
GadgetsIndia,FlyingBike6000,['top'],2.0,True,False,True
GadgetsIndia,Football_IsGoated5,['top'],,False,False,False
GadgetsIndia,GGameG,['top'],,False,False,False
GadgetsIndia,GamePractice,['top'],,False,False,False
GadgetsIndia,GeekyAbin,['top'],0.0,True,False,False
GadgetsIndia,GlitchAFK_,['top'],0.0,True,False,False
GadgetsIndia,Good_Individual2464,['latest'],,False,False,False
GadgetsIndia,GuyFromCabin_09,['top'],,False,False,False
GadgetsIndia,HELLboy_SID,['top'],2.0,True,False,True
GadgetsIndia,Harry_16092005,['top'],1.0,True,False,True
GadgetsIndia,Hungry-Philosophy-31,"['latest', 'top']",2.0,True,False,True
GadgetsIndia,I_EFFEDUP,['top'],0.0,True,False,False
GadgetsIndia,IdaSukiShwan,['latest'],,False,False,False
GadgetsIndia,Ill_Butterscotch_107,"['latest', 'top']",1.0,True,False,True
GadgetsIndia,Impossible_Aioli3693,['latest'],1.0,True,False,True
GadgetsIndia,Independent-Pause245,['latest'],,False,False,False
GadgetsIndia,Individual_Visual_57,"['latest', 'top']",,False,False,False
GadgetsIndia,Inevitable-says,['latest'],,False,False,False
GadgetsIndia,IntrepidShelter5974,['top'],,False,False,False
GadgetsIndia,Intrepid_Hearing_916,['latest'],,False,False,False
GadgetsIndia,KOnvictEd06,['top'],,False,False,False
GadgetsIndia,KeyboardWxrr10r,['latest'],,False,False,False
GadgetsIndia,Khub_baje,"['poster', 'top']",0.0,True,False,False
GadgetsIndia,Kitchen_Comfort8509,"['latest', 'top']",,False,False,False
GadgetsIndia,LalwaniGul,['top'],0.0,True,False,False
GadgetsIndia,LanguageChoice6414,['latest'],,False,False,False
GadgetsIndia,LeAnarchiste,"['latest', 'top']",1.0,True,False,True
GadgetsIndia,LeadingTurnover6157,['latest'],,False,False,False
GadgetsIndia,LegalAli3n,['poster'],,False,False,False
GadgetsIndia,LegionaireR7,['latest'],,False,False,False
GadgetsIndia,Less_Persimmon3393,['latest'],,False,False,False
GadgetsIndia,Main_Pay_is_back,['poster'],12.0,True,True,True
GadgetsIndia,MeatyB0E,['top'],0.0,True,False,False
GadgetsIndia,Mental_Log_6879,['top'],0.0,True,False,False
GadgetsIndia,Mind_Flayer97,['latest'],,False,False,False
GadgetsIndia,Miserable_Loquat9633,['top'],,False,False,False
GadgetsIndia,Miserable_Winter644,['latest'],,False,False,False
GadgetsIndia,MistRider-0,['top'],,False,False,False
GadgetsIndia,MonkeyDLuffy411,['top'],0.0,True,False,False
GadgetsIndia,Muted_Processor,['latest'],,False,False,False
GadgetsIndia,MysteriousMind007,['latest'],,False,False,False
GadgetsIndia,Necessary-Office-558,['top'],,False,False,False
GadgetsIndia,NerveZealousideal329,['poster'],,False,False,False
GadgetsIndia,NinjaMastGanja,['latest'],,False,False,False
GadgetsIndia,No-AI-Comment,['top'],2.0,True,False,True
GadgetsIndia,No-Cartoonist-4450,['top'],,False,False,False
GadgetsIndia,No-Classroom8921,"['latest', 'top']",4.0,True,False,True
GadgetsIndia,NoSouth152,['top'],,False,False,False
GadgetsIndia,No_Distribution_5194,['top'],1.0,True,False,True
GadgetsIndia,No_Dog9018,['latest'],2.0,True,False,True
GadgetsIndia,Normal_Programmer_92,['top'],,False,False,False
GadgetsIndia,North_Elk_8034,"['poster', 'top']",4.0,True,False,True
GadgetsIndia,NotChamatkari,"['latest', 'poster']",,False,False,False
GadgetsIndia,NotDoneYet_,['latest'],,False,False,False
GadgetsIndia,Obvious-Neat6005,['latest'],,False,False,False
GadgetsIndia,Ok-Researcher-1199,['top'],,False,False,False
GadgetsIndia,Ok_Cap3333,['top'],,False,False,False
GadgetsIndia,Old_Average8053,['poster'],,False,False,False
GadgetsIndia,Ordinary-Hunter520,['latest'],0.0,True,False,False
GadgetsIndia,Outlawed_Sigma,['latest'],0.0,True,False,False
GadgetsIndia,Over-Yogurtcloset143,['latest'],2.0,True,False,True
GadgetsIndia,ParamedicFearless173,['latest'],2.0,True,False,True
GadgetsIndia,Past-Flan4743,['top'],3.0,True,False,True
GadgetsIndia,Perman_0,['latest'],,False,False,False
GadgetsIndia,PetitePrince_71,['latest'],,False,False,False
GadgetsIndia,PlentyBake8358,['top'],0.0,True,False,False
GadgetsIndia,Prash1234567,['top'],,False,False,False
GadgetsIndia,Proud-Pie-2731,['poster'],4.0,True,False,True
GadgetsIndia,PurpleReaction6530,['top'],,False,False,False
GadgetsIndia,Rajebait,"['latest', 'top']",,False,False,False
GadgetsIndia,Ready_P1430,['poster'],,False,False,False
GadgetsIndia,Reasonable-Sea-5083,"['latest', 'top']",,False,False,False
GadgetsIndia,Remarkable-Theory-96,"['latest', 'top']",,False,False,False
GadgetsIndia,Remarkable_Act114,['latest'],1.0,True,False,True
GadgetsIndia,Rin_glazer,['top'],,False,False,False
GadgetsIndia,RiseDifficult8322,['top'],,False,False,False
GadgetsIndia,Rivaroxaban5,"['latest', 'top']",,False,False,False
GadgetsIndia,Rmool,"['latest', 'top']",,False,False,False
GadgetsIndia,Rohit_BFire,['latest'],2.0,True,False,True
GadgetsIndia,Rough-Fee810,['latest'],,False,False,False
GadgetsIndia,SKSKREMO,['top'],,False,False,False
GadgetsIndia,Sad_Party_4953,['top'],,False,False,False
GadgetsIndia,Sad_Way_5420,['top'],,False,False,False
GadgetsIndia,Sai_Pavan,['top'],,False,False,False
GadgetsIndia,SelwanPWD,['latest'],1.0,True,False,True
GadgetsIndia,ShhenShaH,['latest'],,False,False,False
GadgetsIndia,ShirtCreative7446,['top'],,False,False,False
GadgetsIndia,Shoddy-Ad1415,"['latest', 'top']",,False,False,False
GadgetsIndia,Signal_Ad3275,['latest'],2.0,True,False,True
GadgetsIndia,SinkHealthy9010,"['latest', 'top']",,False,False,False
GadgetsIndia,Spirited-Artist4938,['top'],,False,False,False
GadgetsIndia,Spirited_Deer4409,"['poster', 'top']",,False,False,False
GadgetsIndia,Sree1207,"['poster', 'top']",,False,False,False
GadgetsIndia,Starplayer999,['latest'],1.0,True,False,True
GadgetsIndia,Stock_Tea_666,['poster'],,False,False,False
GadgetsIndia,Successful_Flow_6211,['latest'],,False,False,False
GadgetsIndia,Sweaty-Trash-7364,['top'],,False,False,False
GadgetsIndia,Tejas_008,"['latest', 'top']",4.0,True,False,True
GadgetsIndia,Temporary_Chart9149,"['poster', 'top']",,False,False,False
GadgetsIndia,TerekokyaXD,"['latest', 'top']",0.0,True,False,False
GadgetsIndia,Thass4554,"['latest', 'top']",1.0,True,False,True
GadgetsIndia,TheUndefeatedLasanga,"['latest', 'top']",6.0,True,True,True
GadgetsIndia,The_terror_god,['top'],0.0,True,False,False
GadgetsIndia,Throwaway_6651,['poster'],2.0,True,False,True
GadgetsIndia,Top_Opportunity_2950,"['latest', 'top']",1.0,True,False,True
GadgetsIndia,Ukwhoiam1272000,['latest'],1.0,True,False,True
GadgetsIndia,UseSwimming8928,['latest'],,False,False,False
GadgetsIndia,VAdoughnut,['top'],,False,False,False
GadgetsIndia,VariousBonus8224,['latest'],1.0,True,False,True
GadgetsIndia,Wheeljack26,['latest'],0.0,True,False,False
GadgetsIndia,Wiper-R,['latest'],,False,False,False
GadgetsIndia,Wolf_Beyond_The_Wall,['latest'],,False,False,False
GadgetsIndia,Wonderful_Response_1,"['latest', 'top']",,False,False,False
GadgetsIndia,Wrong_Ad_427,"['latest', 'top']",4.0,True,False,True
GadgetsIndia,XTINCTVOID,['top'],2.0,True,False,True
GadgetsIndia,YakBroad6631,"['latest', 'poster', 'top']",,False,False,False
GadgetsIndia,ZeroOneSixV2-0,['latest'],,False,False,False
GadgetsIndia,aaronstudds,['latest'],3.0,True,False,True
GadgetsIndia,abardawat,['poster'],,False,False,False
GadgetsIndia,aditya0172,['top'],0.0,True,False,False
GadgetsIndia,anonymous79799,['latest'],,False,False,False
GadgetsIndia,ashok05it,['latest'],,False,False,False
GadgetsIndia,bandaidcop,['top'],,False,False,False
GadgetsIndia,bitsyboffin,['top'],,False,False,False
GadgetsIndia,black-board-10,['latest'],,False,False,False
GadgetsIndia,bunnygonewild789,['top'],0.0,True,False,False
GadgetsIndia,chasing_goals22,['poster'],,False,False,False
GadgetsIndia,cocopussy,['latest'],0.0,True,False,False
GadgetsIndia,ctrl_alt_defeat09,['latest'],,False,False,False
GadgetsIndia,darshan98,['latest'],,False,False,False
GadgetsIndia,dheeraj_patil,['latest'],,False,False,False
GadgetsIndia,dscdrivercpm-fr,['top'],4.0,True,False,True
GadgetsIndia,fermiew,['top'],,False,False,False
GadgetsIndia,ft_redditor_69,['poster'],,False,False,False
GadgetsIndia,iZiilch,['latest'],0.0,True,False,False
GadgetsIndia,iZsaq,['latest'],,False,False,False
GadgetsIndia,iam_a_leadfarmer,['latest'],,False,False,False
GadgetsIndia,iamankitkamal,['top'],0.0,True,False,False
GadgetsIndia,ilovebigbootybabes,['top'],,False,False,False
GadgetsIndia,iluvvjav,['latest'],,False,False,False
GadgetsIndia,indian_boy786,['latest'],0.0,True,False,False
GadgetsIndia,jawisko,['latest'],1.0,True,False,True
GadgetsIndia,jazbaatininja,['latest'],,False,False,False
GadgetsIndia,justelling,"['latest', 'top']",1.0,True,False,True
GadgetsIndia,justherejamias5,['latest'],,False,False,False
GadgetsIndia,kalzbug,['top'],0.0,True,False,False
GadgetsIndia,kas-623,['top'],3.0,True,False,True
GadgetsIndia,kishimonjaro,['latest'],,False,False,False
GadgetsIndia,kutte-ka-biryani,['top'],2.0,True,False,True
GadgetsIndia,kya_HE_BEEE,['top'],2.0,True,False,True
GadgetsIndia,la_crazypasta,['latest'],1.0,True,False,True
GadgetsIndia,laserpointchaser,['top'],0.0,True,False,False
GadgetsIndia,leo_steam_28,['top'],,False,False,False
GadgetsIndia,liveyourlaife,['latest'],,False,False,False
GadgetsIndia,logicrak,"['latest', 'top']",2.0,True,False,True
GadgetsIndia,lol_vulcan,['latest'],,False,False,False
GadgetsIndia,lordaadhran,['latest'],,False,False,False
GadgetsIndia,lostwisdom20,['latest'],2.0,True,False,True
GadgetsIndia,luker_0,['latest'],,False,False,False
GadgetsIndia,m0h1tkumaar,['top'],2.0,True,False,True
GadgetsIndia,maihoonluckytheracer,['latest'],,False,False,False
GadgetsIndia,mallumanoos,"['latest', 'top']",2.0,True,False,True
GadgetsIndia,mehfil-biryani,['top'],1.0,True,False,True
GadgetsIndia,memezoneworld,"['latest', 'top']",,False,False,False
GadgetsIndia,messi_pewdiepie,"['latest', 'top']",4.0,True,False,True
GadgetsIndia,meth_head321,['latest'],1.0,True,False,True
GadgetsIndia,miracle-invoker21,['top'],,False,False,False
GadgetsIndia,momentaryspeck,"['latest', 'top']",1.0,True,False,True
GadgetsIndia,myexdrovemecrazy,"['latest', 'top']",1.0,True,False,True
GadgetsIndia,naiveintrovert2929,['latest'],,False,False,False
GadgetsIndia,natsuofujimessi,['latest'],1.0,True,False,True
GadgetsIndia,neither_bot_nor_man,['latest'],,False,False,False
GadgetsIndia,nenpotha,['latest'],0.0,True,False,False
GadgetsIndia,neutralsam_007,['top'],,False,False,False
GadgetsIndia,new_placebo,['top'],6.0,True,True,True
GadgetsIndia,nikggurs,['top'],,False,False,False
GadgetsIndia,nova-phoenix-,['top'],1.0,True,False,True
GadgetsIndia,nvmzxo,['top'],,False,False,False
GadgetsIndia,overthinking24x7,['latest'],,False,False,False
GadgetsIndia,owlpacino57,['top'],0.0,True,False,False
GadgetsIndia,ppatra,['latest'],2.0,True,False,True
GadgetsIndia,presentcandleback,['latest'],,False,False,False
GadgetsIndia,psps_meow13,['latest'],,False,False,False
GadgetsIndia,purpleeyea,['top'],,False,False,False
GadgetsIndia,rage-07,['latest'],,False,False,False
GadgetsIndia,raman_bhadu,['top'],1.0,True,False,True
GadgetsIndia,redditownersdad,['latest'],1.0,True,False,True
GadgetsIndia,rukthor,"['latest', 'top']",0.0,True,False,False
GadgetsIndia,sadxblob,['top'],,False,False,False
GadgetsIndia,sarcasticpro,['latest'],,False,False,False
GadgetsIndia,satej-,['top'],,False,False,False
GadgetsIndia,saybeast,['top'],6.0,True,True,True
GadgetsIndia,sherwillwin,['top'],,False,False,False
GadgetsIndia,simplefreak88,['top'],6.0,True,True,True
GadgetsIndia,sniper376,"['poster', 'top']",,False,False,False
GadgetsIndia,techie_in_house,"['latest', 'poster', 'top']",,False,False,False
GadgetsIndia,techtakneek,"['poster', 'top']",,False,False,False
GadgetsIndia,undefined_user_1,"['poster', 'top']",0.0,True,False,False
GadgetsIndia,undisputedx,"['latest', 'top']",,False,False,False
GadgetsIndia,vivu1,['latest'],1.0,True,False,True
GadgetsIndia,vkbluewhales,['latest'],,False,False,False
GadgetsIndia,vx7rz,['top'],,False,False,False
GadgetsIndia,walterwii,['latest'],,False,False,False
GadgetsIndia,whatevernvm5047,['latest'],,False,False,False
GadgetsIndia,winter-m00n,['top'],,False,False,False
GadgetsIndia,xAxGx,['top'],2.0,True,False,True
GadgetsIndia,yoshik07,['latest'],,False,False,False
ISRO,14000605wastaken,"['latest', 'top']",,False,False,False
ISRO,Abishek_Muthian,"['latest', 'top']",,False,False,False
ISRO,Aerogalaxystar,"['latest', 'top']",,False,False,False
ISRO,Aggravating_Beat_768,['top'],,False,False,False
ISRO,AksharV,['top'],,False,False,False
ISRO,Akshat_2307,['latest'],0.0,True,False,False
ISRO,Any-Profession-5509,['top'],,False,False,False
ISRO,Appropriate_Shine_20,"['latest', 'top']",,False,False,False
ISRO,Ar2_Dee2,"['latest', 'poster', 'top']",,False,False,False
ISRO,Background_Clerk776,"['latest', 'top']",,False,False,False
ISRO,Bitter_Film8572,"['latest', 'poster', 'top']",,False,False,False
ISRO,Bottlerrr,['top'],,False,False,False
ISRO,Carbform,['top'],,False,False,False
ISRO,Careful-Bug-6754,['latest'],,False,False,False
ISRO,Careful-Plum6202,['top'],,False,False,False
ISRO,CheesecakeNo2880,"['latest', 'top']",1.0,True,False,True
ISRO,CompoteMelodic981,"['latest', 'top']",2.0,True,False,True
ISRO,Conscious-Position89,['latest'],,False,False,False
ISRO,DANISHKFD,['latest'],0.0,True,False,False
ISRO,DankHeehaw,"['latest', 'poster', 'top']",,False,False,False
ISRO,Data-CHOR-365,['top'],2.0,True,False,True
ISRO,Decronym,['latest'],0.0,True,False,False
ISRO,Dependent_Ship324,"['latest', 'top']",,False,False,False
ISRO,Different-Republic85,['latest'],,False,False,False
ISRO,Dishant2036,['latest'],,False,False,False
ISRO,Early-Glass-6859,['latest'],,False,False,False
ISRO,EigenGauss,['latest'],0.0,True,False,False
ISRO,El_Impresionante,['latest'],0.0,True,False,False
ISRO,EnchantedHawk,"['latest', 'top']",,False,False,False
ISRO,Enough_Image_7548,['latest'],1.0,True,False,True
ISRO,EntertainerOk9959,['latest'],,False,False,False
ISRO,Eternal_Alooboi,['top'],1.0,True,False,True
ISRO,FirmBalance6086,['top'],,False,False,False
ISRO,Frequent-Victory-847,['top'],,False,False,False
ISRO,Hareesh936,['latest'],1.0,True,False,True
ISRO,High_guard627,['top'],,False,False,False
ISRO,I-will-rule,"['latest', 'top']",,False,False,False
ISRO,ISROAddict,"['latest', 'top']",0.0,True,False,False
ISRO,Inquisitive_Pleb,"['latest', 'top']",2.0,True,False,True
ISRO,Itchy_witchy_2k7,['top'],,False,False,False
ISRO,Key-Mechanic2565,"['latest', 'top']",1.0,True,False,True
ISRO,Kimi_Raikkonen2001,"['latest', 'poster', 'top']",0.0,True,False,False
ISRO,Maddaguduv,['latest'],,False,False,False
ISRO,MahaAkash_Prakausali,['latest'],,False,False,False
ISRO,Massive_Dish_3255,"['latest', 'poster', 'top']",0.0,True,False,False
ISRO,MidnightFamiliar2948,['latest'],,False,False,False
ISRO,Mlecchaghna,"['latest', 'top']",,False,False,False
ISRO,ModeTurbulent4582,"['latest', 'top']",,False,False,False
ISRO,Momo_Magi,"['latest', 'top']",,False,False,False
ISRO,MoonlitTherin,"['latest', 'top']",,False,False,False
ISRO,Most-Recognition2294,"['latest', 'top']",,False,False,False
ISRO,Murky_Sun1300,['latest'],,False,False,False
ISRO,MycologistAdvanced91,['top'],,False,False,False
ISRO,MysticGohanKun,['top'],0.0,True,False,False
ISRO,NewMeNewWorld,"['latest', 'top']",1.0,True,False,True
ISRO,Ohsin,"['latest', 'poster', 'top']",8.0,True,True,True
ISRO,Ok-Analysis7,"['latest', 'top']",2.0,True,False,True
ISRO,Ok_Run_953,['latest'],,False,False,False
ISRO,Outrageous-Onion7989,['top'],,False,False,False
ISRO,OwnStorm,['top'],12.0,True,True,True
ISRO,PB_05,['latest'],,False,False,False
ISRO,Pallab_1805,"['latest', 'poster', 'top']",0.0,True,False,False
ISRO,PassageNew1453,['top'],,False,False,False
ISRO,Petulant-bro,['latest'],,False,False,False
ISRO,PineappleSuch1326,['latest'],0.0,True,False,False
ISRO,PresidentLucilla2026,"['latest', 'poster', 'top']",,False,False,False
ISRO,Psquare_J_420,"['latest', 'top']",0.0,True,False,False
ISRO,PuzzleheadedChef2667,['top'],,False,False,False
ISRO,RebouncedCat,['latest'],,False,False,False
ISRO,Relative-Tutor-9133,"['latest', 'top']",0.0,True,False,False
ISRO,Remote_Community_398,['latest'],,False,False,False
ISRO,ResearcherPerfect876,['latest'],,False,False,False
ISRO,Rhaegar_Shaka,['latest'],,False,False,False
ISRO,Riteknight,['latest'],1.0,True,False,True
ISRO,Round_Adagio_6932,"['latest', 'top']",0.0,True,False,False
ISRO,Sailboat2525,"['latest', 'top']",,False,False,False
ISRO,SaintedTainted,"['poster', 'top']",4.0,True,False,True
ISRO,Samarium_15,"['latest', 'top']",2.0,True,False,True
ISRO,Same_Bowler_1550,"['latest', 'top']",,False,False,False
ISRO,Shot-Talk-5296,"['latest', 'top']",,False,False,False
ISRO,SilveRetArd,['latest'],,False,False,False
ISRO,Small-Park-9588,['top'],,False,False,False
ISRO,SolutionMedical6814,['poster'],,False,False,False
ISRO,SubjectRound6597,['latest'],,False,False,False
ISRO,Successful-Cat8608,['top'],,False,False,False
ISRO,Successful_Sea_3637,['latest'],0.0,True,False,False
ISRO,Symphonic_nerve,['latest'],,False,False,False
ISRO,Tasty_Dare_3271,['latest'],,False,False,False
ISRO,TattaChamakRahaHai,['latest'],,False,False,False
ISRO,Tiny_Bad_1926,"['latest', 'poster', 'top']",,False,False,False
ISRO,Top-Worldliness5027,['top'],1.0,True,False,True
ISRO,Undervalued_centrist,['top'],,False,False,False
ISRO,UnicornWithTits,['top'],8.0,True,True,True
ISRO,UpAndDownMiddle,['top'],,False,False,False
ISRO,Vegence6996,['latest'],,False,False,False
ISRO,Vildhorn,"['latest', 'top']",,False,False,False
ISRO,Visible-Road-8074,"['latest', 'top']",,False,False,False
ISRO,WesternOnion13,['top'],,False,False,False
ISRO,Witty_Extent799,"['latest', 'top']",,False,False,False
ISRO,Xamot113,['top'],0.0,True,False,False
ISRO,XlenderMan,"['latest', 'top']",,False,False,False
ISRO,alpha_joker_1994,['latest'],,False,False,False
ISRO,amey1475,['top'],,False,False,False
ISRO,antariksh_vaigyanik,"['latest', 'top']",0.0,True,False,False
ISRO,arjobmukherjee,['top'],,False,False,False
ISRO,axai_m,"['latest', 'top']",,False,False,False
ISRO,bald_bearded_ocddude,['top'],0.0,True,False,False
ISRO,berserk210,['latest'],,False,False,False
ISRO,charlizard1000xy,['top'],2.0,True,False,True
ISRO,code_gop,"['latest', 'top']",,False,False,False
ISRO,copenhegan54,['latest'],0.0,True,False,False
ISRO,gaganaut06,['top'],0.0,True,False,False
ISRO,gamerz85,['latest'],,False,False,False
ISRO,goodwinausten,['latest'],,False,False,False
ISRO,guru-yoda,"['latest', 'poster', 'top']",0.0,True,False,False
ISRO,halwaandflowers,['poster'],,False,False,False
ISRO,handmegun,['top'],1.0,True,False,True
ISRO,jmurthy,"['latest', 'top']",0.0,True,False,False
ISRO,just_spawned_again,['top'],2.0,True,False,True
ISRO,kaisadusht,['top'],12.0,True,True,True
ISRO,karan_bigbass,"['latest', 'top']",,False,False,False
ISRO,kkkazehaya,"['latest', 'top']",,False,False,False
ISRO,magic_maveric,['latest'],,False,False,False
ISRO,masxuda,"['latest', 'top']",,False,False,False
ISRO,mayan_kutty_v,"['latest', 'top']",,False,False,False
ISRO,mudit23june,['poster'],0.0,True,False,False
ISRO,nawap,['latest'],0.0,True,False,False
ISRO,nayak2h,['latest'],,False,False,False
ISRO,rage-wedieyoung,['top'],2.0,True,False,True
ISRO,ramanpon,['top'],0.0,True,False,False
ISRO,ravi_ram,['latest'],0.0,True,False,False
ISRO,rbmassert,"['latest', 'top']",,False,False,False
ISRO,reyn_ero,"['latest', 'top']",,False,False,False
ISRO,rs_bm,"['latest', 'top']",0.0,True,False,False
ISRO,ryuKEN-19,"['poster', 'top']",,False,False,False
ISRO,sivasuki,['latest'],0.0,True,False,False
ISRO,snoo-boop,['top'],,False,False,False
ISRO,spaceTech4kids,['latest'],0.0,True,False,False
ISRO,spinningweb,['top'],,False,False,False
ISRO,super_frolick,"['latest', 'top']",,False,False,False
ISRO,totally_totally_8888,"['latest', 'top']",,False,False,False
ISRO,turnedonmosfet,['top'],,False,False,False
ISRO,vineethgk,"['poster', 'top']",0.0,True,False,False
ISRO,vitrum_analytika,['latest'],4.0,True,False,True
ISRO,vladimir_maino_69,['poster'],,False,False,False
ISRO,wqfi,['top'],0.0,True,False,False
ISRO,ysrfgk,['latest'],,False,False,False
IncredibleIndia,1kshvaku,"['latest', 'top']",0.0,True,False,False
IncredibleIndia,4narchy4ll,['latest'],,False,False,False
IncredibleIndia,69odysseus,"['latest', 'top']",0.0,True,False,False
IncredibleIndia,7toshi,['latest'],,False,False,False
IncredibleIndia,Acceptable-Ebb6041,['latest'],,False,False,False
IncredibleIndia,Acceptable-Opening71,['top'],1.0,True,False,True
IncredibleIndia,AdSad5160,['latest'],,False,False,False
IncredibleIndia,Advanced-Total-9562,"['latest', 'top']",,False,False,False
IncredibleIndia,Affectionate-Bag-733,['latest'],,False,False,False
IncredibleIndia,Affectionate_Oil1532,['latest'],,False,False,False
IncredibleIndia,Aggressive_Chance395,"['latest', 'top']",,False,False,False
IncredibleIndia,ArmTop251,"['poster', 'top']",,False,False,False
IncredibleIndia,Automatic-Spirit-725,['top'],,False,False,False
IncredibleIndia,Beautiful-Pin-9608,"['latest', 'top']",,False,False,False
IncredibleIndia,Beginning_Win_36,['latest'],,False,False,False
IncredibleIndia,BestHawk1987,['top'],,False,False,False
IncredibleIndia,BiteDependent5588,['top'],,False,False,False
IncredibleIndia,Bursting_oppo123,['latest'],,False,False,False
IncredibleIndia,Catnip_Abuser,"['latest', 'top']",,False,False,False
IncredibleIndia,Chaltahaikoinahi,"['latest', 'top']",4.0,True,False,True
IncredibleIndia,Civil-Ad-2367,['top'],0.0,True,False,False
IncredibleIndia,Competitive_File_631,['top'],,False,False,False
IncredibleIndia,Connect-Cut2128,['top'],,False,False,False
IncredibleIndia,Conscious_Quasar97,['top'],,False,False,False
IncredibleIndia,Creepy_Lawyer_5688,['top'],,False,False,False
IncredibleIndia,CucumberAble3323,"['latest', 'top']",,False,False,False
IncredibleIndia,DSIN_HA,['top'],0.0,True,False,False
IncredibleIndia,Deep-Career-4226,['top'],,False,False,False
IncredibleIndia,Desperate-Pepper8626,['latest'],,False,False,False
IncredibleIndia,Doom_TheGreat,['latest'],0.0,True,False,False
IncredibleIndia,Dramatic_Set9261,['latest'],,False,False,False
IncredibleIndia,Either_Class918,"['latest', 'top']",,False,False,False
IncredibleIndia,Emeron87,"['latest', 'top']",0.0,True,False,False
IncredibleIndia,Emotional_Load1593,['top'],,False,False,False
IncredibleIndia,Equivalent_Access800,"['latest', 'top']",1.0,True,False,True
IncredibleIndia,EvenPhilosopher9625,"['latest', 'top']",,False,False,False
IncredibleIndia,Excellent_Twist_9973,"['latest', 'top']",,False,False,False
IncredibleIndia,Explorer_On_Wheels,"['latest', 'poster', 'top']",0.0,True,False,False
IncredibleIndia,Feeling-Policy1748,['poster'],,False,False,False
IncredibleIndia,Fit-Signature4125,['top'],0.0,True,False,False
IncredibleIndia,Fit-Use-3855,['latest'],,False,False,False
IncredibleIndia,Fit_Welcome_3929,"['latest', 'top']",,False,False,False
IncredibleIndia,Fluid_dyno,['top'],,False,False,False
IncredibleIndia,Friendly_Slice_6155,['latest'],,False,False,False
IncredibleIndia,Fun_Fix_2310,['latest'],,False,False,False
IncredibleIndia,G-en,"['latest', 'top']",1.0,True,False,True
IncredibleIndia,GiraffeStorage1987,['latest'],,False,False,False
IncredibleIndia,Harshit__pathak,"['latest', 'poster']",,False,False,False
IncredibleIndia,Haunting_Seat1302,"['latest', 'top']",,False,False,False
IncredibleIndia,Himanshu_Pannu,"['latest', 'top']",,False,False,False
IncredibleIndia,Hopeful-Tea-2127,"['latest', 'top']",,False,False,False
IncredibleIndia,IaceObjective4406,['latest'],,False,False,False
IncredibleIndia,ImaginaryCommon7641,['latest'],,False,False,False
IncredibleIndia,Impossible-Berry9669,"['latest', 'top']",,False,False,False
IncredibleIndia,IncredibleIndia-ModTeam,"['latest', 'top']",,False,False,False
IncredibleIndia,IndicationFast9443,['top'],,False,False,False
IncredibleIndia,Interesting_reddevil,['top'],2.0,True,False,True
IncredibleIndia,Intrepid-Swimming485,['poster'],,False,False,False
IncredibleIndia,InvestmentChoice8285,['latest'],0.0,True,False,False
IncredibleIndia,Itharel,['top'],,False,False,False
IncredibleIndia,JaguarOriginal3882,['top'],,False,False,False
IncredibleIndia,JaperDolphin94,['top'],2.0,True,False,True
IncredibleIndia,Khushi041006,['poster'],,False,False,False
IncredibleIndia,Kitchen_Eye_4914,['top'],,False,False,False
IncredibleIndia,Lady22samurai,"['latest', 'top']",,False,False,False
IncredibleIndia,Lanky-Whereas-2448,"['latest', 'top']",,False,False,False
IncredibleIndia,LaxPad,['top'],,False,False,False
IncredibleIndia,Laxmi8322,"['latest', 'top']",,False,False,False
IncredibleIndia,Live-Professor7071,['top'],,False,False,False
IncredibleIndia,Logical_Presence_96,['latest'],,False,False,False
IncredibleIndia,Longjumping-Neck-817,"['latest', 'top']",,False,False,False
IncredibleIndia,LoveLeo-,['top'],2.0,True,False,True
IncredibleIndia,Lower_Fisherman2466,"['latest', 'top']",,False,False,False
IncredibleIndia,MaDaFaKaRsss,"['latest', 'top']",,False,False,False
IncredibleIndia,Maher2252,"['latest', 'top']",,False,False,False
IncredibleIndia,Majestic_Throat_7772,"['latest', 'poster', 'top']",,False,False,False
IncredibleIndia,Mental_Subject_9967,['poster'],,False,False,False
IncredibleIndia,More_Bug_1111,['latest'],,False,False,False
IncredibleIndia,MrXprt,"['latest', 'top']",,False,False,False
IncredibleIndia,Muffins_nd_meadows,['top'],,False,False,False
IncredibleIndia,NaNi9996,"['latest', 'top']",,False,False,False
IncredibleIndia,Naive_Comparison_422,"['latest', 'top']",,False,False,False
IncredibleIndia,Nandini_sharma07,"['latest', 'top']",,False,False,False
IncredibleIndia,NaturalTwist4401,"['latest', 'top']",,False,False,False
IncredibleIndia,Neat-Dingo8769,"['latest', 'top']",,False,False,False
IncredibleIndia,NewWheelView,['latest'],2.0,True,False,True
IncredibleIndia,Nice-Firefighter6898,['top'],,False,False,False
IncredibleIndia,Nicesweetyolo,['latest'],,False,False,False
IncredibleIndia,NithikASK,['latest'],,False,False,False
IncredibleIndia,No-Pen-2624,"['latest', 'top']",,False,False,False
IncredibleIndia,No_Confidence2217,['latest'],,False,False,False
IncredibleIndia,No_Drummer_5570,['top'],,False,False,False
IncredibleIndia,No_Succotash_7653,['poster'],,False,False,False
IncredibleIndia,No_Survey_6711,['latest'],,False,False,False
IncredibleIndia,No_While_9043,['poster'],0.0,True,False,False
IncredibleIndia,OkMetal6542,"['latest', 'top']",,False,False,False
IncredibleIndia,OkPreference744,['top'],,False,False,False
IncredibleIndia,Ok_Visual4618,"['latest', 'top']",2.0,True,False,True
IncredibleIndia,Over-Campaign-6541,['latest'],,False,False,False
IncredibleIndia,Over_Sandwich_2280,"['latest', 'top']",,False,False,False
IncredibleIndia,PHANTOM_DELUXE_18,['top'],,False,False,False
IncredibleIndia,PartyFinancial5772,['poster'],,False,False,False
IncredibleIndia,Perfect_Stranger4479,['latest'],,False,False,False
IncredibleIndia,Plus_Ultra03,['latest'],2.0,True,False,True
IncredibleIndia,Professor2255,['latest'],,False,False,False
IncredibleIndia,Question-Marky-Mark,['latest'],,False,False,False
IncredibleIndia,RDP7490,"['latest', 'top']",,False,False,False
IncredibleIndia,Raj_DTO,['top'],,False,False,False
IncredibleIndia,Rational_maniac_,"['poster', 'top']",,False,False,False
IncredibleIndia,Ready-Sky596,"['latest', 'top']",,False,False,False
IncredibleIndia,Ready_Jacket921,"['latest', 'top']",,False,False,False
IncredibleIndia,Real-App-Phil,['latest'],,False,False,False
IncredibleIndia,Repulsive-Tomorrow35,['latest'],,False,False,False
IncredibleIndia,Rohit______45,['latest'],,False,False,False
IncredibleIndia,Round-Pomegranate-77,['top'],,False,False,False
IncredibleIndia,Royal-Following-6775,['top'],,False,False,False
IncredibleIndia,Sadiya2540,['latest'],,False,False,False
IncredibleIndia,SamosaMafia,['top'],4.0,True,False,True
IncredibleIndia,Scared_Procedure1933,['poster'],,False,False,False
IncredibleIndia,Shadow_Farts,['latest'],,False,False,False
IncredibleIndia,ShadowfaxShire,['top'],0.0,True,False,False
IncredibleIndia,Shankha24,"['latest', 'top']",0.0,True,False,False
IncredibleIndia,Shockwave_7227,['top'],,False,False,False
IncredibleIndia,Shoddy_Equipment5209,['latest'],,False,False,False
IncredibleIndia,Silly_Background_113,['latest'],,False,False,False
IncredibleIndia,SkyKetchup,['top'],,False,False,False
IncredibleIndia,Slow_Falcon_8851,['latest'],,False,False,False
IncredibleIndia,Smart_Eagle7861,"['latest', 'top']",,False,False,False
IncredibleIndia,SpaceTrash1986,['latest'],2.0,True,False,True
IncredibleIndia,Special-Spend-219999,"['latest', 'top']",,False,False,False
IncredibleIndia,SpecialManager3305,['poster'],,False,False,False
IncredibleIndia,Specialist_Tie_9928,['latest'],,False,False,False
IncredibleIndia,SportBoth5818,['latest'],,False,False,False
IncredibleIndia,SubstantialExtent639,"['latest', 'top']",,False,False,False
IncredibleIndia,SuccessfulStory5400,['latest'],1.0,True,False,True
IncredibleIndia,TREX_ZEUS,['top'],,False,False,False
IncredibleIndia,TheDarkKnight505,"['poster', 'top']",,False,False,False
IncredibleIndia,ThingOk7322,"['latest', 'top']",,False,False,False
IncredibleIndia,ThyArtIsPowder,['latest'],1.0,True,False,True
IncredibleIndia,Traditional-Plan-810,"['latest', 'top']",,False,False,False
IncredibleIndia,Turbulent-Ideal-6278,"['latest', 'top']",,False,False,False
IncredibleIndia,U_HIT_MY_DOG,"['latest', 'top']",0.0,True,False,False
IncredibleIndia,UparNietzsche,['top'],0.0,True,False,False
IncredibleIndia,Used_Calligrapher612,['top'],,False,False,False
IncredibleIndia,Used_Pomegranate3101,"['latest', 'top']",,False,False,False
IncredibleIndia,Valuable_Worry_1771,['latest'],,False,False,False
IncredibleIndia,VexRtten1,"['latest', 'top']",,False,False,False
IncredibleIndia,Vicariousvictim123,['latest'],,False,False,False
IncredibleIndia,WealthPotential,['latest'],0.0,True,False,False
IncredibleIndia,World-Peace-Oxymoron,"['latest', 'top']",,False,False,False
IncredibleIndia,Zealousideal_Rip3802,['latest'],,False,False,False
IncredibleIndia,_GKDK_,"['latest', 'top']",,False,False,False
IncredibleIndia,aaloo_bhujiyaa,['top'],,False,False,False
IncredibleIndia,akk_ie7,['latest'],,False,False,False
IncredibleIndia,apprehen-sid,['latest'],0.0,True,False,False
IncredibleIndia,arnabsaha04,"['latest', 'top']",0.0,True,False,False
IncredibleIndia,avanii_21,"['latest', 'top']",,False,False,False
IncredibleIndia,beasportin,"['latest', 'poster', 'top']",0.0,True,False,False
IncredibleIndia,blue_balls00,['top'],,False,False,False
IncredibleIndia,chaoticanurag,['top'],,False,False,False
IncredibleIndia,chilledmyspine,['poster'],,False,False,False
IncredibleIndia,cottoncandylune,['latest'],,False,False,False
IncredibleIndia,d_11,['latest'],1.0,True,False,True
IncredibleIndia,destinationuknown,['top'],0.0,True,False,False
IncredibleIndia,drktbr,['top'],,False,False,False
IncredibleIndia,g85poonam,['poster'],,False,False,False
IncredibleIndia,greyfox1245,"['latest', 'top']",0.0,True,False,False
IncredibleIndia,gundusp,['top'],2.0,True,False,True
IncredibleIndia,i__ozymandias,['top'],,False,False,False
IncredibleIndia,ibn4u,['top'],0.0,True,False,False
IncredibleIndia,iknowthisischeesy,"['latest', 'top']",,False,False,False
IncredibleIndia,inivr,['latest'],,False,False,False
IncredibleIndia,kanu_06,"['latest', 'poster', 'top']",,False,False,False
IncredibleIndia,kaychyakay,['latest'],8.0,True,True,True
IncredibleIndia,keepitbluntdaddyy,['top'],,False,False,False
IncredibleIndia,kilaithalai,"['latest', 'top']",6.0,True,True,True
IncredibleIndia,kitty1133,['latest'],,False,False,False
IncredibleIndia,kolirules95,['latest'],,False,False,False
IncredibleIndia,maddy0p,['top'],1.0,True,False,True
IncredibleIndia,mancan01,"['latest', 'top']",,False,False,False
IncredibleIndia,mandhotra22,"['poster', 'top']",0.0,True,False,False
IncredibleIndia,maya5085,['latest'],,False,False,False
IncredibleIndia,mcryan07,['latest'],,False,False,False
IncredibleIndia,mhniners,['latest'],,False,False,False
IncredibleIndia,miss_27_u,"['latest', 'top']",,False,False,False
IncredibleIndia,nandagurjar18,['poster'],,False,False,False
IncredibleIndia,niku_cutesissy,"['latest', 'top']",,False,False,False
IncredibleIndia,nophysics6969,['latest'],,False,False,False
IncredibleIndia,normie_guy_101,['top'],2.0,True,False,True
IncredibleIndia,nuvvulas,['latest'],,False,False,False
IncredibleIndia,oleanderpixy,['top'],,False,False,False
IncredibleIndia,overthinking_medico_,['latest'],,False,False,False
IncredibleIndia,pashupatye,['latest'],,False,False,False
IncredibleIndia,praveen774911,"['poster', 'top']",,False,False,False
IncredibleIndia,precisiontools23,['latest'],,False,False,False
IncredibleIndia,pvn271,['top'],,False,False,False
IncredibleIndia,randittkiMKB,['top'],4.0,True,False,True
IncredibleIndia,random_observer11,['latest'],,False,False,False
IncredibleIndia,roniee_259,"['latest', 'top']",0.0,True,False,False
IncredibleIndia,sachin_016,"['latest', 'top']",,False,False,False
IncredibleIndia,salvation_seeker44,['top'],,False,False,False
IncredibleIndia,scrolllock_life,"['latest', 'top']",,False,False,False
IncredibleIndia,shy_not,['latest'],,False,False,False
IncredibleIndia,siddhant698,['top'],,False,False,False
IncredibleIndia,silentbloom29,['latest'],,False,False,False
IncredibleIndia,sposky,['top'],2.0,True,False,True
IncredibleIndia,stengebt,"['latest', 'top']",,False,False,False
IncredibleIndia,stopthinking-plz,"['latest', 'top']",,False,False,False
IncredibleIndia,swiftiehorizon,"['latest', 'top']",,False,False,False
IncredibleIndia,tab_curious,"['poster', 'top']",,False,False,False
IncredibleIndia,thefirewing01,['top'],,False,False,False
IncredibleIndia,vaibhav040,['latest'],,False,False,False
IncredibleIndia,vandamm01,['top'],0.0,True,False,False
IncredibleIndia,vkku,['latest'],,False,False,False
IncredibleIndia,waah_modiji_wah,['top'],,False,False,False
IncredibleIndia,zephyr0123,['top'],0.0,True,False,False
IndiaCricket,23abby76phillip,['latest'],,False,False,False
IndiaCricket,69chamunda69,['latest'],1.0,True,False,True
IndiaCricket,Accomplished-Back530,['latest'],0.0,True,False,False
IndiaCricket,Accomplished_Pace355,['latest'],0.0,True,False,False
IndiaCricket,AdMinute9628,['latest'],,False,False,False
IndiaCricket,Additional-Battle10,['poster'],6.0,True,True,True
IndiaCricket,Additional_Echo882,['top'],2.0,True,False,True
IndiaCricket,Adept_Low3574,['latest'],,False,False,False
IndiaCricket,Admirable-Dot6968,['top'],0.0,True,False,False
IndiaCricket,After-Orchid-1786,['top'],2.0,True,False,True
IndiaCricket,AkRoyalDo,['poster'],6.0,True,True,True
IndiaCricket,Alive-Meat-9321,['latest'],2.0,True,False,True
IndiaCricket,AnkyCum96,['latest'],4.0,True,False,True
IndiaCricket,Antique_Bad_7859,['latest'],,False,False,False
IndiaCricket,Apprehensive_Sell175,['top'],2.0,True,False,True
IndiaCricket,ArmadilloArmour711,['latest'],1.0,True,False,True
IndiaCricket,Artistic_Anything_83,['latest'],,False,False,False
IndiaCricket,Artistic_Plastic_780,"['latest', 'top']",2.0,True,False,True
IndiaCricket,AugustusCaesar00,"['latest', 'top']",4.0,True,False,True
IndiaCricket,BadBtechBoy,['top'],,False,False,False
IndiaCricket,Balavadan,['latest'],1.0,True,False,True
IndiaCricket,Bangers_n_Mashallah,['top'],4.0,True,False,True
IndiaCricket,Beautiful_Apple8767,['top'],2.0,True,False,True
IndiaCricket,Beneficial-Eye-3665,['top'],6.0,True,True,True
IndiaCricket,Best-guy2005,['top'],8.0,True,True,True
IndiaCricket,Better_Indication_23,['poster'],,False,False,False
IndiaCricket,BeyondCraft,['poster'],,False,False,False
IndiaCricket,BiscottiSpiritual826,['latest'],2.0,True,False,True
IndiaCricket,BlowinLeah,['latest'],,False,False,False
IndiaCricket,Boring_Whole_7423,['top'],,False,False,False
IndiaCricket,BruhBorne-70,['top'],2.0,True,False,True
IndiaCricket,Calm-Bathroom-2030,['latest'],0.0,True,False,False
IndiaCricket,CanGreedy8471,['top'],,False,False,False
IndiaCricket,Certain_Plan_5819,['top'],2.0,True,False,True
IndiaCricket,ChillDude0808,['latest'],1.0,True,False,True
IndiaCricket,Confident_Season9377,"['latest', 'top']",,False,False,False
IndiaCricket,Connect_Pickle_5418,['top'],12.0,True,True,True
IndiaCricket,Cosmic_StormZ,['latest'],1.0,True,False,True
IndiaCricket,Crazy_Bison1976,['latest'],,False,False,False
IndiaCricket,Creepy-Persimmon-472,['latest'],,False,False,False
IndiaCricket,CricketerOtaku,"['latest', 'top']",9.0,True,True,True
IndiaCricket,Critical-Metal6483,"['latest', 'top']",3.0,True,False,True
IndiaCricket,Critical-Raccoon9359,['top'],1.0,True,False,True
IndiaCricket,CutSignal8133,"['latest', 'top']",1.0,True,False,True
IndiaCricket,Dashing_HERO,"['latest', 'top']",0.0,True,False,False
IndiaCricket,Delicious-Bedroom730,"['latest', 'top']",,False,False,False
IndiaCricket,Demonslayerinhell,['top'],1.0,True,False,True
IndiaCricket,Easy_Economy9642,['poster'],,False,False,False
IndiaCricket,Emotional-Aspect-86,['latest'],2.0,True,False,True
IndiaCricket,Eng_cse07,['top'],,False,False,False
IndiaCricket,Eyeconic_Horizon,"['latest', 'top']",3.0,True,False,True
IndiaCricket,Fantastic_cake_7064,['poster'],,False,False,False
IndiaCricket,Felonphantom,"['latest', 'top']",1.0,True,False,True
IndiaCricket,Few_Bet_8952,['latest'],2.0,True,False,True
IndiaCricket,Fine-Needleworker958,['latest'],4.0,True,False,True
IndiaCricket,Fit-Objective9059,['top'],1.0,True,False,True
IndiaCricket,FocusedAG,['latest'],4.0,True,False,True
IndiaCricket,Forward_Fix_1682,['top'],0.0,True,False,False
IndiaCricket,Fuzzy_Specific8385,['latest'],3.0,True,False,True
IndiaCricket,GioVasari121,['latest'],1.0,True,False,True
IndiaCricket,GiveMeSomeSunshine3,"['poster', 'top']",16.0,True,True,True
IndiaCricket,Global-Guess2161,['latest'],,False,False,False
IndiaCricket,God_Emperor__Doom,['poster'],16.0,True,True,True
IndiaCricket,Grouchy-Carpenter723,['top'],,False,False,False
IndiaCricket,Head_Evidence4553,"['latest', 'top']",2.0,True,False,True
IndiaCricket,Holiday_Context5033,['latest'],2.0,True,False,True
IndiaCricket,IamNotpolice_,['latest'],1.0,True,False,True
IndiaCricket,Illustrious_Reply424,"['latest', 'top']",3.0,True,False,True
IndiaCricket,ImplementSea3020,['latest'],,False,False,False
IndiaCricket,InFernalKnight1,['top'],,False,False,False
IndiaCricket,Independent-Delay331,['top'],,False,False,False
IndiaCricket,Indie297,"['latest', 'top']",2.0,True,False,True
IndiaCricket,Initial-Customer462,['top'],1.0,True,False,True
IndiaCricket,InsanE_PerSonX,['top'],0.0,True,False,False
IndiaCricket,Inside_Farmer8985,['latest'],,False,False,False
IndiaCricket,Inside_One_9147,['poster'],8.0,True,True,True
IndiaCricket,Intrepid_Bat9705,"['latest', 'top']",,False,False,False
IndiaCricket,Invhinsical,['top'],1.0,True,False,True
IndiaCricket,IsThisNecessary3205,['top'],,False,False,False
IndiaCricket,JesusBhadana,"['poster', 'top']",16.0,True,True,True
IndiaCricket,JethalalSigmalalGada,['latest'],,False,False,False
IndiaCricket,Jigoloji_173314,['top'],,False,False,False
IndiaCricket,Key_Grapefruit_5248,"['latest', 'top']",8.0,True,True,True
IndiaCricket,Kind-Independent7031,['top'],,False,False,False
IndiaCricket,KtmInd,['latest'],,False,False,False
IndiaCricket,Latter-Fig-8417,['latest'],,False,False,False
IndiaCricket,Left_Breakfast7610,['latest'],0.0,True,False,False
IndiaCricket,Living-Driver6782,"['latest', 'top']",2.0,True,False,True
IndiaCricket,Long_Orchid9513,"['latest', 'top']",,False,False,False
IndiaCricket,Lost-Yoghurt-4464,['poster'],,False,False,False
IndiaCricket,Lynxthewriter,['top'],0.0,True,False,False
IndiaCricket,Maddyadi007,"['poster', 'top']",6.0,True,True,True
IndiaCricket,Majdooor,['top'],,False,False,False
IndiaCricket,Marsmagnetar,['latest'],,False,False,False
IndiaCricket,MasalaDosa37,['latest'],4.0,True,False,True
IndiaCricket,Mediocre-Fold-840,"['latest', 'top']",,False,False,False
IndiaCricket,Milkshake__Mayhem,['latest'],,False,False,False
IndiaCricket,Mission-Pay3582,"['latest', 'poster', 'top']",12.0,True,True,True
IndiaCricket,Mountain-Comb2355,['top'],2.0,True,False,True
IndiaCricket,MysteriousYam8754,['top'],0.0,True,False,False
IndiaCricket,Necessary_Way6446,['latest'],0.0,True,False,False
IndiaCricket,NectarineSalt9632,['top'],,False,False,False
IndiaCricket,Nice-Comb-2734,['latest'],,False,False,False
IndiaCricket,Nice-Strawberry-2004,"['latest', 'top']",,False,False,False
IndiaCricket,NoWork215,['top'],,False,False,False
IndiaCricket,No_Answer_7341,['top'],2.0,True,False,True
IndiaCricket,No_Cryptographer7894,"['latest', 'top']",,False,False,False
IndiaCricket,Nomoreargument,"['latest', 'top']",,False,False,False
IndiaCricket,North_Chicken_5678,['latest'],,False,False,False
IndiaCricket,Ok_Gate8020,"['latest', 'top']",2.0,True,False,True
IndiaCricket,One-Peak1154,['latest'],,False,False,False
IndiaCricket,One_Revolution8284,['latest'],,False,False,False
IndiaCricket,Ordinary_Thing_2626,"['latest', 'top']",8.0,True,True,True
IndiaCricket,OrneryJuggernaut4489,['top'],,False,False,False
IndiaCricket,Outrageous-Royal-497,['latest'],1.0,True,False,True
IndiaCricket,Outrageous-Tea-8393,['top'],2.0,True,False,True
IndiaCricket,PanJL,"['latest', 'top']",0.0,True,False,False
IndiaCricket,Parking-Housing5619,['latest'],2.0,True,False,True
IndiaCricket,Past-Grapefruit-8702,"['latest', 'poster', 'top']",,False,False,False
IndiaCricket,Pkboi0017,['top'],1.0,True,False,True
IndiaCricket,PoetPitiful239489,['latest'],2.0,True,False,True
IndiaCricket,PowerfulMud3743,['latest'],,False,False,False
IndiaCricket,Pratham33,"['latest', 'top']",,False,False,False
IndiaCricket,Quirky_Pineapple7795,['top'],,False,False,False
IndiaCricket,RRaj007,['latest'],4.0,True,False,True
IndiaCricket,RaspberryOrdinary839,['top'],,False,False,False
IndiaCricket,RegionPhysical8214,['latest'],,False,False,False
IndiaCricket,ResponseNo8463,['top'],0.0,True,False,False
IndiaCricket,ResponsiblePower6476,['latest'],,False,False,False
IndiaCricket,Rich-Educator-4513,['latest'],4.0,True,False,True
IndiaCricket,Rishit1501,"['latest', 'top']",,False,False,False
IndiaCricket,SaggyHuncho1302,['top'],2.0,True,False,True
IndiaCricket,SaltyWidep,['latest'],,False,False,False
IndiaCricket,Same_Investigator_46,"['poster', 'top']",16.0,True,True,True
IndiaCricket,Sammyzone7,['latest'],2.0,True,False,True
IndiaCricket,Sandhuzz,['latest'],,False,False,False
IndiaCricket,SankarshanaV,['latest'],0.0,True,False,False
IndiaCricket,Scary_Phone1845,['latest'],,False,False,False
IndiaCricket,SecretTomatillo6168,['latest'],0.0,True,False,False
IndiaCricket,Shourya51,['top'],0.0,True,False,False
IndiaCricket,Significant-Track572,['poster'],3.0,True,False,True
IndiaCricket,Smooothhoperatorrr,"['poster', 'top']",,False,False,False
IndiaCricket,Smooth_Hamster_8013,['top'],2.0,True,False,True
IndiaCricket,Soft-Physics-1322,['latest'],,False,False,False
IndiaCricket,Square_Internal2989,['top'],,False,False,False
IndiaCricket,Status_East5224,['latest'],1.0,True,False,True
IndiaCricket,Straight_Maximum9826,['latest'],,False,False,False
IndiaCricket,Successful-Rope-376,['top'],,False,False,False
IndiaCricket,Sufficient_Motor_295,['top'],2.0,True,False,True
IndiaCricket,TailsTheFoxywoxy,['top'],2.0,True,False,True
IndiaCricket,Tall_Willow4063,"['latest', 'top']",,False,False,False
IndiaCricket,Terrorblade01,['top'],,False,False,False
IndiaCricket,TheLuc1ferW,['latest'],,False,False,False
IndiaCricket,TheRealCHILLBOI,['latest'],,False,False,False
IndiaCricket,Top_Fondant2114,"['latest', 'top']",2.0,True,False,True
IndiaCricket,TrickElectronic413,['latest'],2.0,True,False,True
IndiaCricket,Trisika,['top'],,False,False,False
IndiaCricket,Ukwhoiam1272000,['latest'],1.0,True,False,True
IndiaCricket,Upbeat-Paramedic2342,['latest'],0.0,True,False,False
IndiaCricket,Upbeat_Constant_1200,['poster'],,False,False,False
IndiaCricket,Used-Glove-8037,['latest'],,False,False,False
IndiaCricket,Various_Meeting_3325,['poster'],,False,False,False
IndiaCricket,Visible-Initiative-7,['latest'],,False,False,False
IndiaCricket,WaynneGretzky,"['latest', 'top']",2.0,True,False,True
IndiaCricket,Weak-Dot9147,['latest'],,False,False,False
IndiaCricket,Wide_Collection795,['top'],,False,False,False
IndiaCricket,Wounded_Healer47,"['latest', 'top']",,False,False,False
IndiaCricket,Y0u_Kn0w_Wh0,"['latest', 'top']",,False,False,False
IndiaCricket,ZubaTrey,['latest'],,False,False,False
IndiaCricket,_Bajrang_gun_,['latest'],,False,False,False
IndiaCricket,_BeyondTheHorizon,['top'],4.0,True,False,True
IndiaCricket,_moonlight_69,['latest'],,False,False,False
IndiaCricket,aayushupadhy2,"['latest', 'top']",,False,False,False
IndiaCricket,adolffrizzzler,['latest'],0.0,True,False,False
IndiaCricket,an_anique,['top'],,False,False,False
IndiaCricket,anfumann,"['latest', 'top']",2.0,True,False,True
IndiaCricket,anon_shawrma,['latest'],0.0,True,False,False
IndiaCricket,anvil_with_thoughts,['top'],2.0,True,False,True
IndiaCricket,arpannite,"['latest', 'top']",,False,False,False
IndiaCricket,being-goku,"['latest', 'top']",1.0,True,False,True
IndiaCricket,bhang_bhosda69,['latest'],,False,False,False
IndiaCricket,bonkers-joeMama,['latest'],1.0,True,False,True
IndiaCricket,byomd,"['latest', 'top']",2.0,True,False,True
IndiaCricket,catwithcolouredhair,['latest'],,False,False,False
IndiaCricket,cocaine_enthusiast1,['top'],0.0,True,False,False
IndiaCricket,comelickmyarmpits,"['latest', 'top']",1.0,True,False,True
IndiaCricket,cricfanatic4518,['poster'],12.0,True,True,True
IndiaCricket,dailycoder11,"['latest', 'top']",,False,False,False
IndiaCricket,dainiksandesh,['top'],,False,False,False
IndiaCricket,desimikeross,['top'],8.0,True,True,True
IndiaCricket,faithfulmaster,['top'],0.0,True,False,False
IndiaCricket,froozy1221,['top'],,False,False,False
IndiaCricket,haivees_lee,['top'],,False,False,False
IndiaCricket,hiruhiko,['latest'],3.0,True,False,True
IndiaCricket,huh206,['latest'],4.0,True,False,True
IndiaCricket,iWantJob-,['top'],4.0,True,False,True
IndiaCricket,indiansportsguy,"['latest', 'top']",0.0,True,False,False
IndiaCricket,itsking7,['top'],0.0,True,False,False
IndiaCricket,jayshahkatakla,['latest'],,False,False,False
IndiaCricket,jotarokujolovesiggy,['top'],,False,False,False
IndiaCricket,justanotheronebabe,"['latest', 'top']",,False,False,False
IndiaCricket,l3golas007,"['latest', 'top']",,False,False,False
IndiaCricket,lakshya10soin,['latest'],0.0,True,False,False
IndiaCricket,lyra_black,"['latest', 'top']",1.0,True,False,True
IndiaCricket,mac_n_cheese1608,"['latest', 'top']",2.0,True,False,True
IndiaCricket,mephistttoooo,['latest'],9.0,True,True,True
IndiaCricket,misguidedkent,['top'],2.0,True,False,True
IndiaCricket,mkgow,['top'],,False,False,False
IndiaCricket,nazgulonbicycle,['latest'],1.0,True,False,True
IndiaCricket,noducknoduck,['top'],,False,False,False
IndiaCricket,old_soul07,['latest'],,False,False,False
IndiaCricket,orbitter,['latest'],,False,False,False
IndiaCricket,pHoenixx_06,['top'],,False,False,False
IndiaCricket,poormasshole,['poster'],2.0,True,False,True
IndiaCricket,pr_edits,"['latest', 'top']",2.0,True,False,True
IndiaCricket,pyad4,['top'],0.0,True,False,False
IndiaCricket,ramaze23,"['latest', 'top']",2.0,True,False,True
IndiaCricket,randomvariable10,['latest'],2.0,True,False,True
IndiaCricket,ricinn123,['latest'],,False,False,False
IndiaCricket,rko1994,['top'],4.0,True,False,True
IndiaCricket,rohangc07,['latest'],0.0,True,False,False
IndiaCricket,sam2634,['latest'],0.0,True,False,False
IndiaCricket,sangha1212,['top'],,False,False,False
IndiaCricket,sinesquaredtheta,['top'],,False,False,False
IndiaCricket,straightouttaobesity,"['latest', 'top']",2.0,True,False,True
IndiaCricket,subzero_-_-,"['latest', 'top']",0.0,True,False,False
IndiaCricket,sweetmangolover,['top'],0.0,True,False,False
IndiaCricket,th3_1mp0st3r,['top'],4.0,True,False,True
IndiaCricket,the-economist-flyboy,['top'],2.0,True,False,True
IndiaCricket,the_latent_observer,['top'],,False,False,False
IndiaCricket,thepolymoth,['latest'],,False,False,False
IndiaCricket,therealsaker,['latest'],9.0,True,True,True
IndiaCricket,v_patti_ramasamy,['top'],1.0,True,False,True
IndiaCricket,vishwa02,"['latest', 'top']",0.0,True,False,False
IndiaCricket,wesh9174,['top'],,False,False,False
IndiaCricket,you-Backslash,['latest'],0.0,True,False,False
IndiaInvestments,AbhinavGulechha,"['latest', 'top']",0.0,True,False,False
IndiaInvestments,Allnamestaken69,['top'],,False,False,False
IndiaInvestments,AnandSatya,['top'],,False,False,False
IndiaInvestments,Anti-Mis-selling,['latest'],,False,False,False
IndiaInvestments,AnxietySad5497,"['latest', 'top']",,False,False,False
IndiaInvestments,AutoModerator,['poster'],,False,False,False
IndiaInvestments,Away-Moment-612,['poster'],,False,False,False
IndiaInvestments,Best_Gur3923,['latest'],,False,False,False
IndiaInvestments,BlackStagGoldField,['latest'],1.0,True,False,True
IndiaInvestments,Cosmic----SHADOW,['latest'],,False,False,False
IndiaInvestments,Crimson_Excalibur,"['latest', 'top']",0.0,True,False,False
IndiaInvestments,Deep_Chemistry7816,"['latest', 'top']",,False,False,False
IndiaInvestments,DesiInsuranceAdvisor,['top'],1.0,True,False,True
IndiaInvestments,ElectricalPromise547,"['latest', 'poster', 'top']",,False,False,False
IndiaInvestments,FairMagician9096,['latest'],,False,False,False
IndiaInvestments,Frosty-Fox2540,"['latest', 'top']",,False,False,False
IndiaInvestments,Fun_Leadership_3466,"['latest', 'top']",,False,False,False
IndiaInvestments,GlitteringNinja5,"['latest', 'top']",1.0,True,False,True
IndiaInvestments,GulabJamundedo,"['latest', 'top']",,False,False,False
IndiaInvestments,Human-Bed-937,['top'],,False,False,False
IndiaInvestments,HurryMain5713,['top'],,False,False,False
IndiaInvestments,Iamonvacationguy,['top'],,False,False,False
IndiaInvestments,Icy_Fish1012,['poster'],,False,False,False
IndiaInvestments,InvestWithKarthik,['top'],,False,False,False
IndiaInvestments,JackHill_123,"['latest', 'top']",,False,False,False
IndiaInvestments,Karthi2k,['top'],,False,False,False
IndiaInvestments,Katdoonga,"['latest', 'top']",,False,False,False
IndiaInvestments,Key_Power_6285,['latest'],,False,False,False
IndiaInvestments,LastRemainingName,"['latest', 'top']",,False,False,False
IndiaInvestments,Leather_Balance916,"['latest', 'top']",,False,False,False
IndiaInvestments,LevelIQ_in,"['latest', 'top']",,False,False,False
IndiaInvestments,Little-Umpire-3566,"['latest', 'top']",,False,False,False
IndiaInvestments,Major_Bag3934,['poster'],,False,False,False
IndiaInvestments,Maleficent-Draw-7239,['poster'],,False,False,False
IndiaInvestments,NoExpression1030,['top'],2.0,True,False,True
IndiaInvestments,NowHaraya,['poster'],,False,False,False
IndiaInvestments,Old_Lychee1525,['poster'],,False,False,False
IndiaInvestments,Otherwise_Remote1918,"['latest', 'top']",,False,False,False
IndiaInvestments,PagerUncle,['latest'],,False,False,False
IndiaInvestments,PoemVivid565,['poster'],,False,False,False
IndiaInvestments,PossessionAgitated79,['latest'],,False,False,False
IndiaInvestments,Potential_Site_8422,"['latest', 'top']",,False,False,False
IndiaInvestments,Prashank_25,"['latest', 'top']",0.0,True,False,False
IndiaInvestments,Prestigious-Two-7590,['top'],0.0,True,False,False
IndiaInvestments,Previous-Concern-257,"['latest', 'top']",,False,False,False
IndiaInvestments,Pristine_Mind,['latest'],,False,False,False
IndiaInvestments,PurePie9273,['latest'],,False,False,False
IndiaInvestments,Quiet-Emphasis-9012,['top'],0.0,True,False,False
IndiaInvestments,Real-Guest-5601,['latest'],,False,False,False
IndiaInvestments,Recent_Science_7184,['poster'],,False,False,False
IndiaInvestments,ReymanWealth,"['latest', 'top']",0.0,True,False,False
IndiaInvestments,RupeeRoutine7,['top'],,False,False,False
IndiaInvestments,Sad-Proposal-8797,"['latest', 'top']",,False,False,False
IndiaInvestments,SiriusLeeSam,['latest'],4.0,True,False,True
IndiaInvestments,Specialist_Screen433,['top'],,False,False,False
IndiaInvestments,Stunning_Help_3826,['top'],,False,False,False
IndiaInvestments,Surya412,['poster'],,False,False,False
IndiaInvestments,TheGameOfClones,['latest'],,False,False,False
IndiaInvestments,Tris_Memba,['poster'],6.0,True,True,True
IndiaInvestments,Unhappy-Vacation2096,['poster'],,False,False,False
IndiaInvestments,Upstairs-Scientist95,['poster'],,False,False,False
IndiaInvestments,Various_Sun8701,['latest'],,False,False,False
IndiaInvestments,Wealth_Blueprint2611,"['latest', 'top']",,False,False,False
IndiaInvestments,WearyStrawberry5729,"['latest', 'top']",0.0,True,False,False
IndiaInvestments,YouConfident1936,['latest'],,False,False,False
IndiaInvestments,ZenoSamaDBS,"['poster', 'top']",0.0,True,False,False
IndiaInvestments,_kr_,['latest'],,False,False,False
IndiaInvestments,aadill77,"['latest', 'top']",1.0,True,False,True
IndiaInvestments,agreeable9823,['top'],1.0,True,False,True
IndiaInvestments,airen977,['top'],0.0,True,False,False
IndiaInvestments,arti_prajapati,"['latest', 'top']",,False,False,False
IndiaInvestments,bartofdark,"['latest', 'top']",,False,False,False
IndiaInvestments,dabster7000,['poster'],,False,False,False
IndiaInvestments,digital_vr,"['latest', 'top']",,False,False,False
IndiaInvestments,ecosxt,['poster'],,False,False,False
IndiaInvestments,former_paper_leaker,['latest'],1.0,True,False,True
IndiaInvestments,gamer_nibba7,['top'],,False,False,False
IndiaInvestments,geek166,"['latest', 'top']",,False,False,False
IndiaInvestments,ginsoakedboy0267,['top'],,False,False,False
IndiaInvestments,horsemillet,"['latest', 'top']",,False,False,False
IndiaInvestments,jeeshusah007,['poster'],,False,False,False
IndiaInvestments,lostwisdom20,['latest'],2.0,True,False,True
IndiaInvestments,nithishreddy07,['top'],,False,False,False
IndiaInvestments,nrifinancehub,['latest'],,False,False,False
IndiaInvestments,og-mk,"['latest', 'top']",,False,False,False
IndiaInvestments,ohsayaa,"['latest', 'top']",,False,False,False
IndiaInvestments,rakeshsh,"['latest', 'top']",1.0,True,False,True
IndiaInvestments,randomusernameguy4,['latest'],2.0,True,False,True
IndiaInvestments,reo_sam,"['latest', 'poster', 'top']",0.0,True,False,False
IndiaInvestments,rsinghal1965,['top'],2.0,True,False,True
IndiaInvestments,sach2211,['top'],,False,False,False
IndiaInvestments,sinistadilly,"['latest', 'top']",0.0,True,False,False
IndiaInvestments,srinivesh,"['latest', 'top']",0.0,True,False,False
IndiaInvestments,summingly,"['poster', 'top']",,False,False,False
IndiaInvestments,thereisnosuch,"['latest', 'top']",2.0,True,False,True
IndiaInvestments,toji_yuji,['latest'],,False,False,False
IndiaInvestments,zenani,['latest'],,False,False,False
IndiaNostalgia,-yuki-sama-,"['latest', 'top']",,False,False,False
IndiaNostalgia,4Darsh23,['latest'],,False,False,False
IndiaNostalgia,51837,['top'],2.0,True,False,True
IndiaNostalgia,AbhiFT,"['latest', 'top']",6.0,True,True,True
IndiaNostalgia,Able-Kick9730,['top'],,False,False,False
IndiaNostalgia,ActiveExperience1773,['latest'],,False,False,False
IndiaNostalgia,AlliterationAlly,['latest'],2.0,True,False,True
IndiaNostalgia,Alternative-Plum-567,['top'],,False,False,False
IndiaNostalgia,Alternative_Fox_6871,['latest'],,False,False,False
IndiaNostalgia,Altruistic-Spend-896,['latest'],2.0,True,False,True
IndiaNostalgia,Antique_Truth6082,['latest'],3.0,True,False,True
IndiaNostalgia,Aos-Mafia69,['top'],,False,False,False
IndiaNostalgia,Apprehensive-Rent523,['top'],2.0,True,False,True
IndiaNostalgia,AsleepBarracuda2909,['top'],,False,False,False
IndiaNostalgia,Asleep_Spirit_6854,['top'],,False,False,False
IndiaNostalgia,BaidAayush,['poster'],,False,False,False
IndiaNostalgia,Beginning-Willow3840,['latest'],,False,False,False
IndiaNostalgia,BigZucchini2090,['top'],3.0,True,False,True
IndiaNostalgia,BlueDip113,['latest'],0.0,True,False,False
IndiaNostalgia,Bright-Rent-9229,['latest'],,False,False,False
IndiaNostalgia,CaptainMimoe,['latest'],0.0,True,False,False
IndiaNostalgia,Chins23,['latest'],0.0,True,False,False
IndiaNostalgia,Choice_Conference296,['latest'],0.0,True,False,False
IndiaNostalgia,Classic-Sentence3148,['latest'],0.0,True,False,False
IndiaNostalgia,ComparisonPowerful,['latest'],,False,False,False
IndiaNostalgia,CompetitiveAide6264,['latest'],,False,False,False
IndiaNostalgia,ConfusionFrequent345,['latest'],1.0,True,False,True
IndiaNostalgia,Critical-Seat6209,"['latest', 'top']",,False,False,False
IndiaNostalgia,DARRKNIIGHT,['latest'],4.0,True,False,True
IndiaNostalgia,Dangerous-Alfalfa599,['top'],,False,False,False
IndiaNostalgia,Dazzling_Jicama_2620,['top'],0.0,True,False,False
IndiaNostalgia,Delese,['top'],,False,False,False
IndiaNostalgia,Delicious-Dinner1034,"['latest', 'top']",0.0,True,False,False
IndiaNostalgia,Different-Parking-44,['latest'],1.0,True,False,True
IndiaNostalgia,DifficultGeneral8111,"['latest', 'top']",,False,False,False
IndiaNostalgia,Disastrous_Body9196,['latest'],1.0,True,False,True
IndiaNostalgia,Dragenox,"['latest', 'top']",0.0,True,False,False
IndiaNostalgia,Due-Astronaut5488,['top'],0.0,True,False,False
IndiaNostalgia,Educational_Answer22,['latest'],,False,False,False
IndiaNostalgia,Efficient_Gur5994,['top'],1.0,True,False,True
IndiaNostalgia,Empty-Dragonfly5895,['latest'],,False,False,False
IndiaNostalgia,Equivalent_Ant_707,['latest'],,False,False,False
IndiaNostalgia,Exciting-Rest-395,['latest'],0.0,True,False,False
IndiaNostalgia,FalseBuilding4465,['latest'],1.0,True,False,True
IndiaNostalgia,Far_Antelope_4563,['latest'],,False,False,False
IndiaNostalgia,Fragrant-Revenue2623,['top'],,False,False,False
IndiaNostalgia,Friendly_Fly_619,['latest'],,False,False,False
IndiaNostalgia,FrigatesLaugh,"['latest', 'top']",1.0,True,False,True
IndiaNostalgia,Fun_Hedgehog_4236,"['latest', 'top']",,False,False,False
IndiaNostalgia,Fuzzloo,"['latest', 'top']",,False,False,False
IndiaNostalgia,GamerRipjaw,['top'],1.0,True,False,True
IndiaNostalgia,GamerxGamer0,"['poster', 'top']",0.0,True,False,False
IndiaNostalgia,Gladey7,['latest'],,False,False,False
IndiaNostalgia,GlamarousInGivenchy,"['latest', 'top']",1.0,True,False,True
IndiaNostalgia,Gullible_Chocolate95,['top'],1.0,True,False,True
IndiaNostalgia,H3Xhamster,"['latest', 'top']",0.0,True,False,False
IndiaNostalgia,Habeusmemes,['latest'],,False,False,False
IndiaNostalgia,Hoe-lander,['latest'],1.0,True,False,True
IndiaNostalgia,Illustrious-End-5547,['latest'],,False,False,False
IndiaNostalgia,Illustrious_Box5089,"['poster', 'top']",,False,False,False
IndiaNostalgia,Important_Regular341,['top'],,False,False,False
IndiaNostalgia,Independent_Row_6926,['top'],1.0,True,False,True
IndiaNostalgia,Individual_Ebb2820,['top'],,False,False,False
IndiaNostalgia,InquisitiveSoul_94,['latest'],0.0,True,False,False
IndiaNostalgia,IntelligentSchool834,"['latest', 'top']",0.0,True,False,False
IndiaNostalgia,Interesting_Count366,"['latest', 'poster']",,False,False,False
IndiaNostalgia,Its_Pikachu_Piyu,['top'],2.0,True,False,True
IndiaNostalgia,JaipurJewel,['top'],0.0,True,False,False
IndiaNostalgia,KamalTheCoder,['latest'],0.0,True,False,False
IndiaNostalgia,KangarooOk2556,['latest'],2.0,True,False,True
IndiaNostalgia,Keep0nBuckin,['latest'],4.0,True,False,True
IndiaNostalgia,Kindlelove,['latest'],,False,False,False
IndiaNostalgia,Kindly-Earth-6733,"['latest', 'top']",2.0,True,False,True
IndiaNostalgia,KnoUsername,['top'],1.0,True,False,True
IndiaNostalgia,Krace11008,"['latest', 'top']",0.0,True,False,False
IndiaNostalgia,LOVE-TIWARI,['poster'],0.0,True,False,False
IndiaNostalgia,Left_Bite_754,['poster'],,False,False,False
IndiaNostalgia,Life_Engineering_617,"['latest', 'top']",0.0,True,False,False
IndiaNostalgia,LittleCanadianBear,['latest'],,False,False,False
IndiaNostalgia,Logan2294,['top'],0.0,True,False,False
IndiaNostalgia,Looking4OpposingView,['latest'],2.0,True,False,True
IndiaNostalgia,Lost_in_void_,['latest'],,False,False,False
IndiaNostalgia,Major_Soil3740,"['latest', 'poster', 'top']",,False,False,False
IndiaNostalgia,Marvelmanthan,['latest'],,False,False,False
IndiaNostalgia,Math--Detective,['top'],1.0,True,False,True
IndiaNostalgia,MaxVerstappen_14,['top'],4.0,True,False,True
IndiaNostalgia,Maximum-Bit-3848,['poster'],,False,False,False
IndiaNostalgia,Megalium,['latest'],,False,False,False
IndiaNostalgia,MikDxb,"['latest', 'top']",0.0,True,False,False
IndiaNostalgia,Monk_nd_Monkey,['top'],1.0,True,False,True
IndiaNostalgia,More-Examination4614,['latest'],,False,False,False
IndiaNostalgia,Mountain-D88,"['latest', 'top']",,False,False,False
IndiaNostalgia,Mr90zdude,['top'],,False,False,False
IndiaNostalgia,Mr_Unknown15,['top'],,False,False,False
IndiaNostalgia,NerveZealousideal329,['latest'],,False,False,False
IndiaNostalgia,Nervous-Doggy,['latest'],,False,False,False
IndiaNostalgia,New-Jury6253,['latest'],1.0,True,False,True
IndiaNostalgia,No_Suggestion3268,['top'],1.0,True,False,True
IndiaNostalgia,OceanFloor,['latest'],0.0,True,False,False
IndiaNostalgia,Odd_Today_7447,"['latest', 'top']",0.0,True,False,False
IndiaNostalgia,Ok_Association_7829,['top'],1.0,True,False,True
IndiaNostalgia,Ok_Manufacturer8339,['top'],,False,False,False
IndiaNostalgia,Ok_Plum960,['top'],0.0,True,False,False
IndiaNostalgia,Ok_Tea5865,['top'],1.0,True,False,True
IndiaNostalgia,One-Estimate-8399,"['latest', 'top']",,False,False,False
IndiaNostalgia,Opening-Ad2454,['poster'],,False,False,False
IndiaNostalgia,Outrageous-Inside341,['latest'],2.0,True,False,True
IndiaNostalgia,Outside_Morning_9035,['top'],,False,False,False
IndiaNostalgia,OverCow3922,['top'],,False,False,False
IndiaNostalgia,Overthought_Headbang,['latest'],,False,False,False
IndiaNostalgia,PermaBanHehe,['latest'],,False,False,False
IndiaNostalgia,Physical-Character75,['latest'],0.0,True,False,False
IndiaNostalgia,Public-Syrup-6266,['latest'],,False,False,False
IndiaNostalgia,PunctualPanther,"['latest', 'top']",1.0,True,False,True
IndiaNostalgia,PurpleMan9,['latest'],1.0,True,False,True
IndiaNostalgia,Puzzleheaded-Half290,['top'],1.0,True,False,True
IndiaNostalgia,Radiant_Progress6028,['top'],0.0,True,False,False
IndiaNostalgia,Ragnarok_619,['latest'],2.0,True,False,True
IndiaNostalgia,RealHixetaKalkri,['latest'],,False,False,False
IndiaNostalgia,ReceptionSecure596,['top'],,False,False,False
IndiaNostalgia,Reddit3699,['top'],,False,False,False
IndiaNostalgia,Remarkable-Guard-846,['poster'],,False,False,False
IndiaNostalgia,Ritz_Roy,['top'],,False,False,False
IndiaNostalgia,Routine_Fuel8006,['top'],0.0,True,False,False
IndiaNostalgia,SEODoneRight_in,['latest'],0.0,True,False,False
IndiaNostalgia,Sachin_Sensei,['top'],,False,False,False
IndiaNostalgia,SenatorArmnotstrong,['top'],1.0,True,False,True
IndiaNostalgia,SeparateCommission18,['top'],,False,False,False
IndiaNostalgia,Serious_Plankton_727,['top'],3.0,True,False,True
IndiaNostalgia,Significant-Ad637,['latest'],2.0,True,False,True
IndiaNostalgia,SinnerSaint240591,"['latest', 'poster', 'top']",2.0,True,False,True
IndiaNostalgia,SloToTheMo,['top'],,False,False,False
IndiaNostalgia,Snowflake_December,['latest'],2.0,True,False,True
IndiaNostalgia,Specialist-Drag-1078,['top'],,False,False,False
IndiaNostalgia,SportBoth5818,"['latest', 'poster']",,False,False,False
IndiaNostalgia,Standard-Ganache531,"['latest', 'top']",,False,False,False
IndiaNostalgia,StudyOk2403,"['latest', 'top']",,False,False,False
IndiaNostalgia,Successful_Purple885,['latest'],,False,False,False
IndiaNostalgia,Suspicious-Bus-4237,['top'],,False,False,False
IndiaNostalgia,Swimming-Try-5816,['top'],2.0,True,False,True
IndiaNostalgia,TarpDown,['top'],2.0,True,False,True
IndiaNostalgia,Tdakiddi,['top'],1.0,True,False,True
IndiaNostalgia,That-Marsupial3668,['latest'],,False,False,False
IndiaNostalgia,The-Retro-Dude,"['poster', 'top']",0.0,True,False,False
IndiaNostalgia,The_ApacheRK_200,['top'],2.0,True,False,True
IndiaNostalgia,The_Lazy_Ambivert,['top'],,False,False,False
IndiaNostalgia,ThenEngineering7118,"['latest', 'poster', 'top']",,False,False,False
IndiaNostalgia,Think-Distance-9923,['latest'],,False,False,False
IndiaNostalgia,TraditionalRepair991,['top'],1.0,True,False,True
IndiaNostalgia,Traditional_Cry5481,['top'],,False,False,False
IndiaNostalgia,Traditional_Mess8945,['latest'],,False,False,False
IndiaNostalgia,Turbulent-Walk-8973,['latest'],,False,False,False
IndiaNostalgia,UThinkUKnowMe2,"['latest', 'top']",,False,False,False
IndiaNostalgia,Upstairs-River5042,"['latest', 'top']",1.0,True,False,True
IndiaNostalgia,Useful-Baseball-9661,['latest'],,False,False,False
IndiaNostalgia,Vammy02,['latest'],1.0,True,False,True
IndiaNostalgia,Venmoira,['top'],,False,False,False
IndiaNostalgia,Vineetvvn,['top'],,False,False,False
IndiaNostalgia,Visionary_Vulture001,['latest'],4.0,True,False,True
IndiaNostalgia,WAV-Metal,['top'],1.0,True,False,True
IndiaNostalgia,Weird_Function8532,"['latest', 'top']",,False,False,False
IndiaNostalgia,WhoimPS,['top'],1.0,True,False,True
IndiaNostalgia,Wiper-R,['latest'],,False,False,False
IndiaNostalgia,Witty_Noodles,['latest'],,False,False,False
IndiaNostalgia,Yuvi_Yashasvi,"['latest', 'poster', 'top']",,False,False,False
IndiaNostalgia,Zoltikk,"['latest', 'top']",0.0,True,False,False
IndiaNostalgia,_sounak,['latest'],0.0,True,False,False
IndiaNostalgia,anirudhsky,"['latest', 'top']",0.0,True,False,False
IndiaNostalgia,ashmaroli,"['latest', 'top']",2.0,True,False,True
IndiaNostalgia,ask_ur_mom,['latest'],4.0,True,False,True
IndiaNostalgia,aunty-national,['top'],3.0,True,False,True
IndiaNostalgia,binge-red,['latest'],,False,False,False
IndiaNostalgia,bolshoybooze,['top'],8.0,True,True,True
IndiaNostalgia,byomd,['top'],2.0,True,False,True
IndiaNostalgia,calmcowboyy,"['latest', 'poster', 'top']",4.0,True,False,True
IndiaNostalgia,caramellucy,"['latest', 'top']",,False,False,False
IndiaNostalgia,colic_melon,['top'],,False,False,False
IndiaNostalgia,common_hence,['top'],,False,False,False
IndiaNostalgia,con_fused_4ever,['top'],0.0,True,False,False
IndiaNostalgia,darkerthanyourfuture,['top'],,False,False,False
IndiaNostalgia,debashish1990,"['latest', 'top']",,False,False,False
IndiaNostalgia,do_not_ban_this,['latest'],2.0,True,False,True
IndiaNostalgia,drivenkatrinator,['top'],,False,False,False
IndiaNostalgia,easternhermit,"['latest', 'top']",1.0,True,False,True
IndiaNostalgia,ekkanpuriya,['top'],0.0,True,False,False
IndiaNostalgia,faltuvlogger-faltuau,['top'],0.0,True,False,False
IndiaNostalgia,flamingolover7,['poster'],16.0,True,True,True
IndiaNostalgia,fortheapponly,['latest'],1.0,True,False,True
IndiaNostalgia,gauravblane,['latest'],0.0,True,False,False
IndiaNostalgia,gintamaz,['latest'],,False,False,False
IndiaNostalgia,gowthambhaskaran,['top'],,False,False,False
IndiaNostalgia,gray_wolf_46,['latest'],,False,False,False
IndiaNostalgia,gunda_swami,"['latest', 'top']",,False,False,False
IndiaNostalgia,hell-nah-bruh-30205,['latest'],,False,False,False
IndiaNostalgia,ihappentoeatass,['top'],0.0,True,False,False
IndiaNostalgia,incognitointrovert,['top'],,False,False,False
IndiaNostalgia,introverthash,['latest'],0.0,True,False,False
IndiaNostalgia,irsaditya,['poster'],,False,False,False
IndiaNostalgia,jason9t8,['latest'],4.0,True,False,True
IndiaNostalgia,jellybelly0212,['top'],0.0,True,False,False
IndiaNostalgia,jerrythespear,"['latest', 'top']",,False,False,False
IndiaNostalgia,jgenius07,['top'],2.0,True,False,True
IndiaNostalgia,jobless_troll,['latest'],,False,False,False
IndiaNostalgia,justarandom82113114,['poster'],,False,False,False
IndiaNostalgia,klosefarr,['poster'],,False,False,False
IndiaNostalgia,kohinoordiamond,['top'],0.0,True,False,False
IndiaNostalgia,kokoni_Opinion416516,"['latest', 'top']",,False,False,False
IndiaNostalgia,la_crazypasta,['latest'],1.0,True,False,True
IndiaNostalgia,lastvalence_electron,['latest'],,False,False,False
IndiaNostalgia,leapinfeb,['top'],,False,False,False
IndiaNostalgia,lol_lmao_xd_,"['latest', 'top']",,False,False,False
IndiaNostalgia,low_key1000,['latest'],,False,False,False
IndiaNostalgia,mademoiselle_angel,"['latest', 'poster']",,False,False,False
IndiaNostalgia,mammaboy28,['top'],0.0,True,False,False
IndiaNostalgia,mayank_marudhar,['top'],,False,False,False
IndiaNostalgia,mayudhon,['latest'],4.0,True,False,True
IndiaNostalgia,middlemisst_red,['latest'],,False,False,False
IndiaNostalgia,misguidedkent,['latest'],2.0,True,False,True
IndiaNostalgia,moriarty7878,"['latest', 'top']",1.0,True,False,True
IndiaNostalgia,nitin_is_me,"['latest', 'top']",3.0,True,False,True
IndiaNostalgia,ohmuisnotangry,['latest'],2.0,True,False,True
IndiaNostalgia,om2kool,['top'],0.0,True,False,False
IndiaNostalgia,partofcrowd,['top'],0.0,True,False,False
IndiaNostalgia,prof_devilsadvocate3,"['latest', 'top']",4.0,True,False,True
IndiaNostalgia,psychicsoul123,['top'],2.0,True,False,True
IndiaNostalgia,r2SN,['latest'],,False,False,False
IndiaNostalgia,rawknee2015,"['latest', 'top']",0.0,True,False,False
IndiaNostalgia,readit347,['top'],2.0,True,False,True
IndiaNostalgia,ronitkbiswas,['latest'],,False,False,False
IndiaNostalgia,santrupt1994,['latest'],9.0,True,True,True
IndiaNostalgia,sarcrastinator,['top'],0.0,True,False,False
IndiaNostalgia,sarthakmahajan610,['top'],2.0,True,False,True
IndiaNostalgia,shady2318,['latest'],2.0,True,False,True
IndiaNostalgia,shaji_pappan__,['top'],0.0,True,False,False
IndiaNostalgia,shunSwaptions,['latest'],4.0,True,False,True
IndiaNostalgia,simba4141,['latest'],,False,False,False
IndiaNostalgia,sthegreT,['latest'],1.0,True,False,True
IndiaNostalgia,stinkingcheese,['top'],2.0,True,False,True
IndiaNostalgia,sunny00verma,['top'],,False,False,False
IndiaNostalgia,taznado,"['latest', 'top']",1.0,True,False,True
IndiaNostalgia,the_spire_official,['poster'],,False,False,False
IndiaNostalgia,tigerbagh,['latest'],0.0,True,False,False
IndiaNostalgia,tomhanks95,['top'],2.0,True,False,True
IndiaNostalgia,useless_321,['top'],0.0,True,False,False
IndiaNostalgia,usernameman66,['top'],1.0,True,False,True
IndiaNostalgia,vsx007,['latest'],,False,False,False
IndiaNostalgia,wander-e-wisdom,['poster'],0.0,True,False,False
IndiaNostalgia,xAxGx,"['latest', 'top']",2.0,True,False,True
IndiaNostalgia,xisaey,['top'],,False,False,False
IndiaNostalgia,yashg,['top'],3.0,True,False,True
IndiaNostalgia,yodajedigrandmaster,['top'],1.0,True,False,True
IndiaSpeaks,0keytYorirawa,['latest'],0.0,True,False,False
IndiaSpeaks,Accurate_Welcome3121,['top'],1.0,True,False,True
IndiaSpeaks,Adorable_Drawing_659,['poster'],,False,False,False
IndiaSpeaks,AdvertisingRegular28,"['latest', 'top']",2.0,True,False,True
IndiaSpeaks,Affectionate-Yard899,['latest'],2.0,True,False,True
IndiaSpeaks,Affectionate_Ad8247,['latest'],2.0,True,False,True
IndiaSpeaks,Aggressive_Camel_394,['top'],0.0,True,False,False
IndiaSpeaks,Alarming-Charity-566,"['latest', 'top']",0.0,True,False,False
IndiaSpeaks,Altruistic-Berry8462,['poster'],3.0,True,False,True
IndiaSpeaks,AnimatorArtistic7834,['top'],0.0,True,False,False
IndiaSpeaks,Anxious_Ad_932,['latest'],,False,False,False
IndiaSpeaks,Apprehensive_Dig281,['top'],0.0,True,False,False
IndiaSpeaks,Automatic-Part8723,['latest'],1.0,True,False,True
IndiaSpeaks,AvGeekGupta,['top'],0.0,True,False,False
IndiaSpeaks,BeastGrand,['top'],,False,False,False
IndiaSpeaks,Beautiful_Soup9229,['top'],0.0,True,False,False
IndiaSpeaks,Bhadwa_saur,['top'],0.0,True,False,False
IndiaSpeaks,BodybuilderOk3160,"['latest', 'top']",,False,False,False
IndiaSpeaks,BoringDude2021,['top'],,False,False,False
IndiaSpeaks,Charming_Customer_27,['top'],2.0,True,False,True
IndiaSpeaks,ChickenRoll_,['top'],0.0,True,False,False
IndiaSpeaks,CicadaOrdinary1314,['poster'],2.0,True,False,True
IndiaSpeaks,Comprehensive-Bird17,['latest'],0.0,True,False,False
IndiaSpeaks,Concept-Plastic,"['latest', 'top']",2.0,True,False,True
IndiaSpeaks,Copper_mask76r7,['latest'],0.0,True,False,False
IndiaSpeaks,Correct-Ask-5188,"['latest', 'top']",,False,False,False
IndiaSpeaks,CrimeMasterGogoChan,['top'],4.0,True,False,True
IndiaSpeaks,CuriousStranger95,"['latest', 'top']",0.0,True,False,False
IndiaSpeaks,DARRKNIIGHT,"['latest', 'top']",4.0,True,False,True
IndiaSpeaks,DSIN_HA,['latest'],0.0,True,False,False
IndiaSpeaks,DareDifferent9666,['poster'],,False,False,False
IndiaSpeaks,Dean_46,"['latest', 'top']",0.0,True,False,False
IndiaSpeaks,Dheeru77,['poster'],,False,False,False
IndiaSpeaks,Difficult_Abies8802,['latest'],2.0,True,False,True
IndiaSpeaks,Disruptor_raptor,['latest'],1.0,True,False,True
IndiaSpeaks,Dizzy_Bus_2402,['latest'],0.0,True,False,False
IndiaSpeaks,Double_Illustrator28,"['latest', 'top']",,False,False,False
IndiaSpeaks,Dragenox,['latest'],0.0,True,False,False
IndiaSpeaks,Due-Sense-7027,"['latest', 'top']",,False,False,False
IndiaSpeaks,Eat_Turnip2193,['latest'],1.0,True,False,True
IndiaSpeaks,Effective-Tie-5873,['poster'],,False,False,False
IndiaSpeaks,Electronic_Cause_796,['poster'],0.0,True,False,False
IndiaSpeaks,Elegant_Macaron_1366,['latest'],0.0,True,False,False
IndiaSpeaks,EvenTheliberal5184,['top'],2.0,True,False,True
IndiaSpeaks,Exotic-Guarantee-286,['top'],0.0,True,False,False
IndiaSpeaks,Exporinglife2050,"['latest', 'poster', 'top']",6.0,True,True,True
IndiaSpeaks,External-Scallion-84,['top'],,False,False,False
IndiaSpeaks,Familiar-Ability6383,"['poster', 'top']",,False,False,False
IndiaSpeaks,FewParamedic778,['latest'],,False,False,False
IndiaSpeaks,FifthWaveThinker,['latest'],8.0,True,True,True
IndiaSpeaks,FinBhai,['top'],,False,False,False
IndiaSpeaks,Final-Development142,['top'],,False,False,False
IndiaSpeaks,FirmnErect,['poster'],9.0,True,True,True
IndiaSpeaks,ForeverIntoTheLight,['latest'],2.0,True,False,True
IndiaSpeaks,GanjaBhalu,['top'],0.0,True,False,False
IndiaSpeaks,GaseousGas77,['top'],,False,False,False
IndiaSpeaks,Glittering-Water1103,['latest'],0.0,True,False,False
IndiaSpeaks,Gloomy_Pollution998,['latest'],,False,False,False
IndiaSpeaks,Grand-x-zeno,['top'],,False,False,False
IndiaSpeaks,HERO_PATIONPLUS,['latest'],,False,False,False
IndiaSpeaks,HR_114,['latest'],2.0,True,False,True
IndiaSpeaks,Hareesh936,"['latest', 'top']",1.0,True,False,True
IndiaSpeaks,Honda-Activa-125,['latest'],2.0,True,False,True
IndiaSpeaks,IamAdvikaaa,['top'],2.0,True,False,True
IndiaSpeaks,IdoitsAreIdoits,"['latest', 'top']",0.0,True,False,False
IndiaSpeaks,Immediate-Humor-6077,['poster'],6.0,True,True,True
IndiaSpeaks,Important-Ad4651,['latest'],1.0,True,False,True
IndiaSpeaks,InTheBinFC,['top'],,False,False,False
IndiaSpeaks,Independent-Ad-9981,['latest'],0.0,True,False,False
IndiaSpeaks,Infamous_Draw_993,['top'],3.0,True,False,True
IndiaSpeaks,Informal-Age-1584,"['latest', 'top']",1.0,True,False,True
IndiaSpeaks,Inquisitive_gal,['latest'],,False,False,False
IndiaSpeaks,Intelligent-Paper550,['poster'],,False,False,False
IndiaSpeaks,Interesting_reddevil,['top'],2.0,True,False,True
IndiaSpeaks,International_Egg762,"['latest', 'top']",,False,False,False
IndiaSpeaks,Ishit_Wow,['top'],0.0,True,False,False
IndiaSpeaks,Jardanijovanovich913,['poster'],6.0,True,True,True
IndiaSpeaks,KlausBing,['latest'],0.0,True,False,False
IndiaSpeaks,KxDinho,['latest'],,False,False,False
IndiaSpeaks,Late_Appointment425,['latest'],,False,False,False
IndiaSpeaks,Leading-Roof-3581,['latest'],,False,False,False
IndiaSpeaks,LegItiMate2,['top'],0.0,True,False,False
IndiaSpeaks,LionSupremacist,['latest'],,False,False,False
IndiaSpeaks,Live_Cardiologist_56,"['latest', 'top']",2.0,True,False,True
IndiaSpeaks,Lost-Letterhead-6615,['latest'],1.0,True,False,True
IndiaSpeaks,MadToadtoast,['top'],,False,False,False
IndiaSpeaks,ManipulativFox,"['latest', 'top']",1.0,True,False,True
IndiaSpeaks,MarkEE93,['latest'],0.0,True,False,False
IndiaSpeaks,Mental-Hippo9430,['top'],0.0,True,False,False
IndiaSpeaks,Mission-Simple-5040,['latest'],0.0,True,False,False
IndiaSpeaks,Monsultant,"['latest', 'top']",2.0,True,False,True
IndiaSpeaks,MotorTough,['top'],0.0,True,False,False
IndiaSpeaks,MoveOpposite,['top'],3.0,True,False,True
IndiaSpeaks,MseMahi,['top'],0.0,True,False,False
IndiaSpeaks,NeedleworkerGold419,['top'],,False,False,False
IndiaSpeaks,Neither-Top2640,['latest'],,False,False,False
IndiaSpeaks,Neo_Awakens,['top'],,False,False,False
IndiaSpeaks,New-Wolf-2558,['top'],2.0,True,False,True
IndiaSpeaks,NewWheelView,['latest'],2.0,True,False,True
IndiaSpeaks,No-Pipe8487,['top'],0.0,True,False,False
IndiaSpeaks,No-Pomelo-2294,['latest'],,False,False,False
IndiaSpeaks,NoMedicine3572,"['latest', 'top']",12.0,True,True,True
IndiaSpeaks,No_Spinach_1682,['top'],0.0,True,False,False
IndiaSpeaks,NorthEastHunter,['latest'],,False,False,False
IndiaSpeaks,Odd-Cobbler1769,['top'],0.0,True,False,False
IndiaSpeaks,OfferWestern,['latest'],1.0,True,False,True
IndiaSpeaks,Ok-Farmer-9412,['latest'],,False,False,False
IndiaSpeaks,Ok_Plant1463,['latest'],,False,False,False
IndiaSpeaks,Particular-Risk1322,['top'],2.0,True,False,True
IndiaSpeaks,PayResponsible4458,['top'],2.0,True,False,True
IndiaSpeaks,PlatformEarly2480,['top'],1.0,True,False,True
IndiaSpeaks,Possibility-Puzzled,['top'],0.0,True,False,False
IndiaSpeaks,Present-Location-268,['top'],2.0,True,False,True
IndiaSpeaks,Profound_Sunshine,['latest'],0.0,True,False,False
IndiaSpeaks,PsyKite,['latest'],3.0,True,False,True
IndiaSpeaks,RRaj007,['top'],4.0,True,False,True
IndiaSpeaks,RemarkablePrompt7822,['top'],6.0,True,True,True
IndiaSpeaks,S_935,['latest'],,False,False,False
IndiaSpeaks,Saizou1991,['top'],2.0,True,False,True
IndiaSpeaks,SatoruGojo232,['poster'],12.0,True,True,True
IndiaSpeaks,SatyamRajput004,['top'],4.0,True,False,True
IndiaSpeaks,SelmonTheDriver,['top'],2.0,True,False,True
IndiaSpeaks,SeveralDepth5848,['top'],,False,False,False
IndiaSpeaks,SherlockInSlippers,['latest'],2.0,True,False,True
IndiaSpeaks,Shoshin_Sam,['latest'],0.0,True,False,False
IndiaSpeaks,SnooOwls7144,['top'],,False,False,False
IndiaSpeaks,SolidInstance9945,['top'],0.0,True,False,False
IndiaSpeaks,Sonicboom6969,['top'],,False,False,False
IndiaSpeaks,StarkWiz,"['latest', 'top']",,False,False,False
IndiaSpeaks,Stunning_Star_9770,"['latest', 'top']",,False,False,False
IndiaSpeaks,Subtle_Seekerr,"['latest', 'top']",,False,False,False
IndiaSpeaks,Sun_Namah,"['latest', 'top']",3.0,True,False,True
IndiaSpeaks,TBSsuxs,['top'],2.0,True,False,True
IndiaSpeaks,TheMoffisHere,['latest'],0.0,True,False,False
IndiaSpeaks,TheUntamedMane,['top'],2.0,True,False,True
IndiaSpeaks,The_Glum_Reaper,['top'],1.0,True,False,True
IndiaSpeaks,Theseus987,['top'],0.0,True,False,False
IndiaSpeaks,Top_Guess_946,['top'],,False,False,False
IndiaSpeaks,Toughsums,"['latest', 'top']",0.0,True,False,False
IndiaSpeaks,TraditionalCredit190,['latest'],,False,False,False
IndiaSpeaks,VentureIntoVoid,['latest'],2.0,True,False,True
IndiaSpeaks,VerTexV1sion,"['latest', 'top']",2.0,True,False,True
IndiaSpeaks,Vivid_Zone_8790,['top'],,False,False,False
IndiaSpeaks,WastedTalents1,['latest'],6.0,True,True,True
IndiaSpeaks,Werewolf1406,['latest'],,False,False,False
IndiaSpeaks,West-Seaworthiness57,['latest'],1.0,True,False,True
IndiaSpeaks,Whovishwas,['poster'],,False,False,False
IndiaSpeaks,Wisdombuster,['latest'],,False,False,False
IndiaSpeaks,Zimpixx,['top'],,False,False,False
IndiaSpeaks,_snorlax__,"['latest', 'top']",,False,False,False
IndiaSpeaks,_vedantt1_,['latest'],1.0,True,False,True
IndiaSpeaks,ab316_1punchd,"['latest', 'top']",1.0,True,False,True
IndiaSpeaks,acethecool1,['top'],2.0,True,False,True
IndiaSpeaks,alpha_46644,['top'],,False,False,False
IndiaSpeaks,amazinglycool256,['top'],2.0,True,False,True
IndiaSpeaks,ankit19900,['top'],1.0,True,False,True
IndiaSpeaks,argument_inverted,"['latest', 'top']",2.0,True,False,True
IndiaSpeaks,ave1894,['top'],0.0,True,False,False
IndiaSpeaks,ayekashh,['latest'],,False,False,False
IndiaSpeaks,b2fight,['top'],0.0,True,False,False
IndiaSpeaks,baarbarika,['top'],,False,False,False
IndiaSpeaks,babybullah,"['latest', 'top']",2.0,True,False,True
IndiaSpeaks,belketeal,['top'],0.0,True,False,False
IndiaSpeaks,brx_97kqt,['latest'],,False,False,False
IndiaSpeaks,chai-over-everything,"['poster', 'top']",2.0,True,False,True
IndiaSpeaks,chauhanhimalaya,['top'],,False,False,False
IndiaSpeaks,cheesy_way_out,"['latest', 'top']",0.0,True,False,False
IndiaSpeaks,chin_87,['latest'],0.0,True,False,False
IndiaSpeaks,ciao-adios,['latest'],12.0,True,True,True
IndiaSpeaks,coolcrank,['latest'],0.0,True,False,False
IndiaSpeaks,criti_fin,"['latest', 'top']",2.0,True,False,True
IndiaSpeaks,cyrusyruc,"['latest', 'top']",,False,False,False
IndiaSpeaks,dapotatopapi,['latest'],1.0,True,False,True
IndiaSpeaks,desi-detra,['top'],0.0,True,False,False
IndiaSpeaks,detailed_1,"['latest', 'top']",1.0,True,False,True
IndiaSpeaks,dexter_d3,['latest'],0.0,True,False,False
IndiaSpeaks,doctorr__Doom,"['latest', 'poster']",12.0,True,True,True
IndiaSpeaks,doomszay,"['latest', 'top']",,False,False,False
IndiaSpeaks,drunk_ace,['top'],0.0,True,False,False
IndiaSpeaks,ebrasi,['latest'],,False,False,False
IndiaSpeaks,encrypted-urok,"['latest', 'top']",,False,False,False
IndiaSpeaks,fcukitletsgo,['latest'],2.0,True,False,True
IndiaSpeaks,flyontheroof,['latest'],0.0,True,False,False
IndiaSpeaks,goldiekapur,['top'],,False,False,False
IndiaSpeaks,harry_baIIs,['top'],0.0,True,False,False
IndiaSpeaks,hashashin_2601,['poster'],0.0,True,False,False
IndiaSpeaks,hazardousid,"['latest', 'top']",,False,False,False
IndiaSpeaks,heXa_code,['top'],,False,False,False
IndiaSpeaks,holden_afart_,"['latest', 'top']",0.0,True,False,False
IndiaSpeaks,iamThebitbyte,['top'],2.0,True,False,True
IndiaSpeaks,ignorantladd,['latest'],0.0,True,False,False
IndiaSpeaks,investing11213,['latest'],1.0,True,False,True
IndiaSpeaks,itsyourbudyy234,['top'],,False,False,False
IndiaSpeaks,jack_1760,['poster'],4.0,True,False,True
IndiaSpeaks,jstjoined,['latest'],,False,False,False
IndiaSpeaks,kajnbagoat7,['latest'],1.0,True,False,True
IndiaSpeaks,kala_raja,['latest'],,False,False,False
IndiaSpeaks,karanarak09,['top'],,False,False,False
IndiaSpeaks,kerfufflemaster,"['latest', 'top']",,False,False,False
IndiaSpeaks,kungfupo20,['top'],,False,False,False
IndiaSpeaks,m0h1tkumaar,"['latest', 'top']",2.0,True,False,True
IndiaSpeaks,m4h5h,['latest'],,False,False,False
IndiaSpeaks,maalicious,['latest'],2.0,True,False,True
IndiaSpeaks,maculateconstipation,['latest'],0.0,True,False,False
IndiaSpeaks,maigoZoro,"['latest', 'top']",,False,False,False
IndiaSpeaks,makima_is_bae,['latest'],1.0,True,False,True
IndiaSpeaks,megasthenes_2,['top'],,False,False,False
IndiaSpeaks,mitti_ka_prani,['latest'],1.0,True,False,True
IndiaSpeaks,notlordtywin,['top'],2.0,True,False,True
IndiaSpeaks,obelix_dogmatix,"['latest', 'top']",2.0,True,False,True
IndiaSpeaks,obitachihasuminaruto,['latest'],0.0,True,False,False
IndiaSpeaks,occupiedbrain69,['top'],,False,False,False
IndiaSpeaks,panda_ammonium,['latest'],0.0,True,False,False
IndiaSpeaks,pulchritudinous_luos,['latest'],4.0,True,False,True
IndiaSpeaks,pushpaknandecha,"['poster', 'top']",0.0,True,False,False
IndiaSpeaks,rawlaw8,['top'],,False,False,False
IndiaSpeaks,reddit_guy666,['latest'],2.0,True,False,True
IndiaSpeaks,rnrn-0yo2375-aye,"['latest', 'top']",2.0,True,False,True
IndiaSpeaks,rudhresh_antisimp,['latest'],,False,False,False
IndiaSpeaks,samyadeep,['latest'],,False,False,False
IndiaSpeaks,scroller91,['top'],0.0,True,False,False
IndiaSpeaks,sg20043004,['top'],1.0,True,False,True
IndiaSpeaks,sid3091,['latest'],0.0,True,False,False
IndiaSpeaks,so_random_next,['top'],0.0,True,False,False
IndiaSpeaks,steelbyter,['top'],,False,False,False
IndiaSpeaks,striker_-09,['latest'],0.0,True,False,False
IndiaSpeaks,sukisuki2gp,['latest'],0.0,True,False,False
IndiaSpeaks,suruskyxoxo,['latest'],,False,False,False
IndiaSpeaks,swp6597,['top'],,False,False,False
IndiaSpeaks,thakurvinny07,['top'],2.0,True,False,True
IndiaSpeaks,the4thneutrino,['latest'],0.0,True,False,False
IndiaSpeaks,the_l0st_c0d3,['top'],,False,False,False
IndiaSpeaks,the_radioactive_guy,['latest'],,False,False,False
IndiaSpeaks,theagentK1,['latest'],2.0,True,False,True
IndiaSpeaks,theartisticvibe,"['latest', 'poster', 'top']",,False,False,False
IndiaSpeaks,u34j6,['poster'],,False,False,False
IndiaSpeaks,uddipta,['latest'],1.0,True,False,True
IndiaSpeaks,vaasu_annan,['latest'],,False,False,False
IndiaSpeaks,varungupta3009,['top'],,False,False,False
IndiaSpeaks,viduyutjinha,['poster'],,False,False,False
IndiaSpeaks,yomer80,"['latest', 'top']",0.0,True,False,False
IndiaSpeaks,zatokumeino,['latest'],,False,False,False
IndiaSpeaks,zgeom,['latest'],0.0,True,False,False
IndiaTech,-A8-,"['poster', 'top']",,False,False,False
IndiaTech,-_-95,['latest'],,False,False,False
IndiaTech,17052025,"['latest', 'top']",1.0,True,False,True
IndiaTech,51837,['top'],2.0,True,False,True
IndiaTech,AKSo18,['top'],,False,False,False
IndiaTech,According-Spot-6093,"['latest', 'poster']",3.0,True,False,True
IndiaTech,Acrobatic_Ear_1888,"['latest', 'top']",,False,False,False
IndiaTech,Adept-Dragonfly-5809,['latest'],0.0,True,False,False
IndiaTech,Adolf_Trump2,['poster'],,False,False,False
IndiaTech,Adventurous_Most_558,['top'],1.0,True,False,True
IndiaTech,Adventurous_Swing393,"['latest', 'top']",1.0,True,False,True
IndiaTech,AloofHorizon,"['latest', 'top']",0.0,True,False,False
IndiaTech,Altruistic_Hat3337,"['latest', 'top']",3.0,True,False,True
IndiaTech,Amazing-Passage7678,['latest'],2.0,True,False,True
IndiaTech,Ambitious-girl-224,['top'],,False,False,False
IndiaTech,AmorphousNeon,['latest'],,False,False,False
IndiaTech,Antique_Bad_7859,"['latest', 'top']",,False,False,False
IndiaTech,Any-Calligrapher2866,"['latest', 'poster', 'top']",9.0,True,True,True
IndiaTech,Any-Cold1569,['top'],,False,False,False
IndiaTech,Apprehensive_Emu9935,['latest'],1.0,True,False,True
IndiaTech,ApurvX,['latest'],,False,False,False
IndiaTech,Arnav_101,['top'],,False,False,False
IndiaTech,Arrrmatey4510,['top'],0.0,True,False,False
IndiaTech,Ashamed-Key7312,"['latest', 'top']",3.0,True,False,True
IndiaTech,Asn_Krish,"['latest', 'top']",1.0,True,False,True
IndiaTech,Automatic_Set_5797,"['poster', 'top']",,False,False,False
IndiaTech,Axerin,"['latest', 'top']",0.0,True,False,False
IndiaTech,BERSERXXKXX,"['latest', 'top']",2.0,True,False,True
IndiaTech,BROKEN_BALAK,"['latest', 'top']",,False,False,False
IndiaTech,Big_Wishbone_5324,"['latest', 'top']",,False,False,False
IndiaTech,Bihari-Batman_,['top'],,False,False,False
IndiaTech,Bohot_Bada_BKL_7676,['latest'],,False,False,False
IndiaTech,Broken_BiryaniBoy,"['latest', 'top']",1.0,True,False,True
IndiaTech,Bugged_IRL,['top'],,False,False,False
IndiaTech,Busy_Lunch_5520,['latest'],2.0,True,False,True
IndiaTech,CandidFalcon,['top'],2.0,True,False,True
IndiaTech,Careless-Ad1639,"['latest', 'top']",,False,False,False
IndiaTech,Chinese_Haka_Noodles,"['latest', 'top']",1.0,True,False,True
IndiaTech,Choice_Inspector8499,"['latest', 'top']",,False,False,False
IndiaTech,CombustionChamber_19,['top'],,False,False,False
IndiaTech,Competitive-Ad-9250,['latest'],0.0,True,False,False
IndiaTech,Competitive_Type_880,['latest'],,False,False,False
IndiaTech,Conscious_Tree_3693,['top'],,False,False,False
IndiaTech,Conscious_shadow,"['poster', 'top']",,False,False,False
IndiaTech,Constant-Papaya4663,['top'],0.0,True,False,False
IndiaTech,ContagiousSmileHehe,['top'],,False,False,False
IndiaTech,CrackingYourNuts,"['latest', 'top']",1.0,True,False,True
IndiaTech,Creative-Worker-3937,['poster'],,False,False,False
IndiaTech,CulturalLaw8072,['latest'],,False,False,False
IndiaTech,Dangerous-Green7171,['poster'],,False,False,False
IndiaTech,Data-CHOR-365,['top'],2.0,True,False,True
IndiaTech,Dave-C,['latest'],,False,False,False
IndiaTech,Decent_Twist_4012,['top'],,False,False,False
IndiaTech,Dense_Astronaut9329,['latest'],,False,False,False
IndiaTech,DogonElder,"['latest', 'top']",,False,False,False
IndiaTech,Dom-in-Ant,['latest'],0.0,True,False,False
IndiaTech,DontKnowIamBi,['top'],0.0,True,False,False
IndiaTech,Dry-Smell436,['top'],,False,False,False
IndiaTech,DumbCoder07,"['latest', 'top']",,False,False,False
IndiaTech,DungeonCrawler19,['top'],2.0,True,False,True
IndiaTech,Economy_Future_6752,['top'],,False,False,False
IndiaTech,Electrical_Being7986,"['latest', 'top']",0.0,True,False,False
IndiaTech,Electronic_Event_164,['latest'],0.0,True,False,False
IndiaTech,Embarrassed_Look9200,['latest'],9.0,True,True,True
IndiaTech,EnigmaticBuddy,['latest'],0.0,True,False,False
IndiaTech,EntrepreneurOne0099,['latest'],,False,False,False
IndiaTech,Excellent-Ad-7435,['top'],,False,False,False
IndiaTech,Exotic_Fun_4285,['top'],,False,False,False
IndiaTech,ExtremeRager12,['top'],,False,False,False
IndiaTech,Fair-Respect-2929,['top'],,False,False,False
IndiaTech,False-Assumptions,['latest'],,False,False,False
IndiaTech,Far-Culture8890,['poster'],,False,False,False
IndiaTech,Far-Dragonfruit-7985,['latest'],2.0,True,False,True
IndiaTech,FeistyRabbit49,['latest'],,False,False,False
IndiaTech,FewRefrigerator4703,"['latest', 'top']",1.0,True,False,True
IndiaTech,Few_Investigator7722,['latest'],,False,False,False
IndiaTech,Fit-Professional3095,['top'],1.0,True,False,True
IndiaTech,GioVasari121,['latest'],1.0,True,False,True
IndiaTech,GotBanned3rdTime,['top'],3.0,True,False,True
IndiaTech,HealthyMembership846,['poster'],,False,False,False
IndiaTech,HumbleOrder8785,"['latest', 'top']",2.0,True,False,True
IndiaTech,Impossible_Aioli3693,['top'],1.0,True,False,True
IndiaTech,InsideResolve4517,['poster'],3.0,True,False,True
IndiaTech,Jaatheeyam,['latest'],2.0,True,False,True
IndiaTech,Jaded-Month-6794,['latest'],,False,False,False
IndiaTech,Jazzlike_Cockroach89,['top'],,False,False,False
IndiaTech,JehanScript,['latest'],,False,False,False
IndiaTech,KnowledgeEven5309,['latest'],,False,False,False
IndiaTech,LabcoatMonkey,['latest'],,False,False,False
IndiaTech,LeAnarchiste,['latest'],1.0,True,False,True
IndiaTech,Less_Crew6450,['latest'],,False,False,False
IndiaTech,Let-me-code,['latest'],,False,False,False
IndiaTech,Loki9720,"['latest', 'top']",,False,False,False
IndiaTech,Loss-hunter,['top'],,False,False,False
IndiaTech,Lost-Profession7251,['latest'],2.0,True,False,True
IndiaTech,Main_Pay_is_back,['poster'],12.0,True,True,True
IndiaTech,MaleficentMountain3,['top'],0.0,True,False,False
IndiaTech,Manu9527,"['latest', 'poster']",12.0,True,True,True
IndiaTech,MikasaYuuichi,['top'],,False,False,False
IndiaTech,Minimum_Albatross_59,['top'],,False,False,False
IndiaTech,MistakeElectronic200,['latest'],,False,False,False
IndiaTech,Mysterious-Common284,['latest'],0.0,True,False,False
IndiaTech,Naan-violence,['latest'],0.0,True,False,False
IndiaTech,Naive_Care1212,['poster'],,False,False,False
IndiaTech,Nenomus,['top'],0.0,True,False,False
IndiaTech,NewWheelView,['latest'],2.0,True,False,True
IndiaTech,No-Ingenuity6581,['top'],2.0,True,False,True
IndiaTech,No-Jacket-4033,['latest'],,False,False,False
IndiaTech,NoMedicine3572,['latest'],12.0,True,True,True
IndiaTech,NoPangolin8998,['top'],0.0,True,False,False
IndiaTech,NoSituation1768,"['latest', 'top']",,False,False,False
IndiaTech,No_Mix_4814,['poster'],,False,False,False
IndiaTech,NotInACuIt,['latest'],,False,False,False
IndiaTech,Ok-Junket-6791,['top'],,False,False,False
IndiaTech,OkStable7935,['top'],,False,False,False
IndiaTech,OldDistribution4634,['top'],,False,False,False
IndiaTech,Opening_Cicada_4052,['latest'],0.0,True,False,False
IndiaTech,Outrageous_Pattern18,['top'],2.0,True,False,True
IndiaTech,Over-Importance-3251,['top'],,False,False,False
IndiaTech,OxymoronButOkey,['top'],,False,False,False
IndiaTech,Papa_Midnight69,['top'],,False,False,False
IndiaTech,Paper_OCD,['top'],1.0,True,False,True
IndiaTech,ParticularTimely2737,['latest'],,False,False,False
IndiaTech,PhilosopherWilling84,['top'],1.0,True,False,True
IndiaTech,Pitiful_Shopping4047,['poster'],,False,False,False
IndiaTech,PoetPitiful239489,['latest'],2.0,True,False,True
IndiaTech,Primary-Editor-9288,"['latest', 'top']",8.0,True,True,True
IndiaTech,REAPER420O,"['latest', 'top']",,False,False,False
IndiaTech,Rare-Ad6085,['top'],2.0,True,False,True
IndiaTech,Reasonable_Exit_8960,"['latest', 'top']",,False,False,False
IndiaTech,RedditNani,"['latest', 'top']",,False,False,False
IndiaTech,Reet1010,"['latest', 'top']",,False,False,False
IndiaTech,Reiniye,"['latest', 'top']",,False,False,False
IndiaTech,Rocrastinator96,['latest'],0.0,True,False,False
IndiaTech,Rosterx123x,"['latest', 'top']",,False,False,False
IndiaTech,Rough-County6188,['latest'],6.0,True,True,True
IndiaTech,Ryzen_bolt,['top'],,False,False,False
IndiaTech,SANJEEV_SHADOW_2_0,['latest'],,False,False,False
IndiaTech,SensitiveBake506,['top'],,False,False,False
IndiaTech,ShapeOfYou143,['latest'],0.0,True,False,False
IndiaTech,Sharp-potential7935,['poster'],9.0,True,True,True
IndiaTech,Shot-Maximum-1574,['top'],,False,False,False
IndiaTech,SimilarExtent8524,['latest'],,False,False,False
IndiaTech,SinDrafter101,"['latest', 'top']",1.0,True,False,True
IndiaTech,Skychu768,['latest'],,False,False,False
IndiaTech,Sleep_DeprivedMD,['latest'],,False,False,False
IndiaTech,Sleepergiant2586,['top'],1.0,True,False,True
IndiaTech,Smash-Racer,"['poster', 'top']",,False,False,False
IndiaTech,Socially_Dead_JB_285,"['latest', 'top']",0.0,True,False,False
IndiaTech,Sooribabu_Lavangam,['latest'],,False,False,False
IndiaTech,Specialist_Bowl_2805,['top'],,False,False,False
IndiaTech,Standard_Board_6991,['latest'],,False,False,False
IndiaTech,SuperCurve,['latest'],0.0,True,False,False
IndiaTech,SweetlyNoxious,"['latest', 'top']",,False,False,False
IndiaTech,That_Mind_2039,['top'],0.0,True,False,False
IndiaTech,TigerAnxious9161,['top'],,False,False,False
IndiaTech,Tiny-Edge-3952,['latest'],,False,False,False
IndiaTech,Tiny-Tofee-53X,['poster'],,False,False,False
IndiaTech,Top-Bedroom3547,['latest'],,False,False,False
IndiaTech,Top-Gap-4578,['top'],,False,False,False
IndiaTech,Traditional-Lie7366,"['latest', 'top']",2.0,True,False,True
IndiaTech,TruePace3,['latest'],2.0,True,False,True
IndiaTech,True_Skin7151,['latest'],0.0,True,False,False
IndiaTech,Unlucky_Research2824,['latest'],0.0,True,False,False
IndiaTech,Unnecessary-Cum,['top'],0.0,True,False,False
IndiaTech,Unusual-Big-6467,['latest'],1.0,True,False,True
IndiaTech,Victorvic1,['top'],2.0,True,False,True
IndiaTech,WASCIV,['top'],2.0,True,False,True
IndiaTech,Weak-Net-2101,['latest'],,False,False,False
IndiaTech,WillingFly247,['latest'],2.0,True,False,True
IndiaTech,Zealousideal-Pop1115,['top'],1.0,True,False,True
IndiaTech,abskpr,['top'],0.0,True,False,False
IndiaTech,amit29533,['latest'],0.0,True,False,False
IndiaTech,anonymous0461,['latest'],,False,False,False
IndiaTech,anshuman-11,['latest'],1.0,True,False,True
IndiaTech,appDecoded,['top'],,False,False,False
IndiaTech,arjunpant875,['top'],,False,False,False
IndiaTech,arschreads,['latest'],,False,False,False
IndiaTech,bhabhihunter_,['top'],0.0,True,False,False
IndiaTech,bhanu0809,['latest'],,False,False,False
IndiaTech,bleknnig,"['latest', 'poster']",,False,False,False
IndiaTech,caramel_heavn,"['latest', 'top']",,False,False,False
IndiaTech,clastrogod,['top'],,False,False,False
IndiaTech,comic_loving,['latest'],,False,False,False
IndiaTech,dabest27,['latest'],0.0,True,False,False
IndiaTech,darkisdone,['latest'],,False,False,False
IndiaTech,darksnoo,['latest'],,False,False,False
IndiaTech,david-labs-ca,['top'],,False,False,False
IndiaTech,dont_react_respond_,['latest'],,False,False,False
IndiaTech,doolpicate,"['latest', 'top']",4.0,True,False,True
IndiaTech,doomszay,['top'],,False,False,False
IndiaTech,durgesh2018,['latest'],1.0,True,False,True
IndiaTech,ego_detox,['poster'],4.0,True,False,True
IndiaTech,elekktronic,['top'],,False,False,False
IndiaTech,evilsmurf666,['top'],,False,False,False
IndiaTech,ffurin,['poster'],,False,False,False
IndiaTech,freakster_22,['top'],,False,False,False
IndiaTech,g0dfather93,['latest'],2.0,True,False,True
IndiaTech,glad-you-asked,"['latest', 'top']",2.0,True,False,True
IndiaTech,goshdagny,['top'],1.0,True,False,True
IndiaTech,greenturtle17,['latest'],,False,False,False
IndiaTech,haseen-sapne,"['latest', 'top']",2.0,True,False,True
IndiaTech,hitmaster47,['latest'],1.0,True,False,True
IndiaTech,hokie86,['top'],1.0,True,False,True
IndiaTech,hyperterminal_reborn,['top'],0.0,True,False,False
IndiaTech,iLikeSaltedPotatoes,['top'],0.0,True,False,False
IndiaTech,iarrrpit,['latest'],0.0,True,False,False
IndiaTech,iimv_research,['latest'],,False,False,False
IndiaTech,indianaadmi,['top'],2.0,True,False,True
IndiaTech,iquizuanswer,"['latest', 'poster']",6.0,True,True,True
IndiaTech,ivanrj7j,['top'],0.0,True,False,False
IndiaTech,jhatkattar,"['latest', 'top']",1.0,True,False,True
IndiaTech,kaatne_wala_kuta,['top'],1.0,True,False,True
IndiaTech,kim-jong-naidu,['top'],2.0,True,False,True
IndiaTech,kinoguy7,"['latest', 'top']",0.0,True,False,False
IndiaTech,kiyo_t-rex_taka,['top'],,False,False,False
IndiaTech,kool-krazy,['top'],2.0,True,False,True
IndiaTech,laptop_n_motorcycle,['latest'],1.0,True,False,True
IndiaTech,lapulga1019,['poster'],,False,False,False
IndiaTech,lelouch_0_,"['latest', 'top']",1.0,True,False,True
IndiaTech,lets_just_be_,['latest'],0.0,True,False,False
IndiaTech,lone_wolf_daredevil,['poster'],,False,False,False
IndiaTech,mambo2107,['top'],,False,False,False
IndiaTech,mannyjo,['latest'],0.0,True,False,False
IndiaTech,mercenary6,['top'],1.0,True,False,True
IndiaTech,mishrah10,['latest'],,False,False,False
IndiaTech,nahsuhbhgaw,['latest'],,False,False,False
IndiaTech,ompossible,['latest'],2.0,True,False,True
IndiaTech,pattisboi,['latest'],3.0,True,False,True
IndiaTech,prak101,['latest'],,False,False,False
IndiaTech,push_19,['latest'],,False,False,False
IndiaTech,raviyadav432,['top'],2.0,True,False,True
IndiaTech,razz_rage_08,['latest'],0.0,True,False,False
IndiaTech,rhik20,['top'],0.0,True,False,False
IndiaTech,ron22726,"['latest', 'top']",0.0,True,False,False
IndiaTech,rowschank,['top'],1.0,True,False,True
IndiaTech,rtz_c,"['latest', 'top']",,False,False,False
IndiaTech,ryansri03,['top'],,False,False,False
IndiaTech,sachin_root,['top'],4.0,True,False,True
IndiaTech,sanguisxq13v,['latest'],0.0,True,False,False
IndiaTech,seriously_ded,['top'],,False,False,False
IndiaTech,silent_observer_xyz,['top'],,False,False,False
IndiaTech,silverscance,['latest'],2.0,True,False,True
IndiaTech,simply_amazzing,['latest'],4.0,True,False,True
IndiaTech,slapstickpic,['latest'],,False,False,False
IndiaTech,solanki7,['top'],,False,False,False
IndiaTech,solitude_sage,['top'],1.0,True,False,True
IndiaTech,stixcvn,['latest'],,False,False,False
IndiaTech,suffering_chicken,['top'],0.0,True,False,False
IndiaTech,t0ugh_guy,['latest'],,False,False,False
IndiaTech,theDestroyer501,['latest'],,False,False,False
IndiaTech,thunderONEz,['top'],,False,False,False
IndiaTech,tony__starck,['poster'],4.0,True,False,True
IndiaTech,udayramp,['top'],0.0,True,False,False
IndiaTech,vintageLichen,['poster'],,False,False,False
IndiaTech,vks-akn,['latest'],,False,False,False
IndiaTech,walking-statue,['top'],0.0,True,False,False
IndiaTech,zork2030,['latest'],,False,False,False
IndiaTrending,Aarzee0809,['poster'],4.0,True,False,True
IndiaTrending,Agitated_Slip3573,['poster'],,False,False,False
IndiaTrending,Apprehensive_Rip6374,['poster'],,False,False,False
IndiaTrending,DARKNIGHT_0OO7,['poster'],,False,False,False
IndiaTrending,Dangerous-Roll-4908,['poster'],,False,False,False
IndiaTrending,GangsterMax06,['poster'],,False,False,False
IndiaTrending,HarshdeepCo,['poster'],,False,False,False
IndiaTrending,Icy_Impression98,['poster'],4.0,True,False,True
IndiaTrending,Jazzlike_Cockroach89,['poster'],,False,False,False
IndiaTrending,Major_Experience3989,['poster'],,False,False,False
IndiaTrending,Nite_Crawler_,['poster'],,False,False,False
IndiaTrending,No_Friendship4281,['poster'],,False,False,False
IndiaTrending,Quirky-Plane-5975,['poster'],,False,False,False
IndiaTrending,Tricky-Meaning-4602,['poster'],,False,False,False
IndiaTrending,aherpe,['poster'],,False,False,False
IndiaTrending,bhargavaa33,['poster'],,False,False,False
IndiaTrending,godzilla_rexxx,['poster'],,False,False,False
IndiaTrending,kefleto,['poster'],,False,False,False
IndiaTrending,kirrttiraj,['poster'],0.0,True,False,False
IndiaTrending,monilmathur,['poster'],,False,False,False
IndiaTrending,pinkusirra,['poster'],,False,False,False
IndiaTrending,traveljunkie2206,['poster'],,False,False,False
IndiaTrending,trynafind_2510,['poster'],,False,False,False
IndiaTrending,unreames,['poster'],,False,False,False
IndiaTrending,zehreelasher,['poster'],,False,False,False
IndianDankMemes,5-Rtik,['latest'],,False,False,False
IndianDankMemes,ADMIRAL_GEN,['top'],,False,False,False
IndianDankMemes,Academic_Ad5251,['top'],0.0,True,False,False
IndianDankMemes,Accomplished-Law8133,['latest'],,False,False,False
IndianDankMemes,Admirable_Search_585,['latest'],,False,False,False
IndianDankMemes,Adventurous_Alarm_77,['latest'],1.0,True,False,True
IndianDankMemes,Aemonalt,['latest'],0.0,True,False,False
IndianDankMemes,AmieLearner,['latest'],,False,False,False
IndianDankMemes,Annual_Climate_6514,['top'],,False,False,False
IndianDankMemes,Anshman123,['top'],,False,False,False
IndianDankMemes,Appropriate_Fact_198,['latest'],4.0,True,False,True
IndianDankMemes,Article19Voice,"['poster', 'top']",,False,False,False
IndianDankMemes,Aryahunter696,['poster'],,False,False,False
IndianDankMemes,Away-Media-2317,['top'],,False,False,False
IndianDankMemes,AwesomeI-123,['top'],0.0,True,False,False
IndianDankMemes,Beneficial-One7671,['top'],,False,False,False
IndianDankMemes,Beneficial_Sink_2949,['top'],6.0,True,True,True
IndianDankMemes,BeyondCraft,['top'],,False,False,False
IndianDankMemes,Bhairava_2898ad,['poster'],,False,False,False
IndianDankMemes,BonanaMONKy08,['top'],0.0,True,False,False
IndianDankMemes,Boundless70,['poster'],6.0,True,True,True
IndianDankMemes,Bourbonaddicted,['latest'],2.0,True,False,True
IndianDankMemes,Bronze000,['top'],1.0,True,False,True
IndianDankMemes,Careful_Reindeer263,"['poster', 'top']",0.0,True,False,False
IndianDankMemes,Cayley__Hamilton,['latest'],,False,False,False
IndianDankMemes,ClearlyAwake,"['latest', 'top']",,False,False,False
IndianDankMemes,Complex-Ad-7358,['latest'],,False,False,False
IndianDankMemes,Consistent-Risk4839,['top'],0.0,True,False,False
IndianDankMemes,ConsistentAd6733,"['latest', 'top']",,False,False,False
IndianDankMemes,Constant_Arm_9565,"['latest', 'top']",1.0,True,False,True
IndianDankMemes,CoolestDude_69,['top'],2.0,True,False,True
IndianDankMemes,CrimeMasterGogoChan,"['latest', 'top']",4.0,True,False,True
IndianDankMemes,DEVILKING_545,['poster'],,False,False,False
IndianDankMemes,D_for_Dracula,['top'],,False,False,False
IndianDankMemes,Darktemplar1989,['latest'],,False,False,False
IndianDankMemes,Decent-Technician846,['top'],,False,False,False
IndianDankMemes,DhruvDP3,['top'],,False,False,False
IndianDankMemes,Dhruvv_drizzy,['top'],0.0,True,False,False
IndianDankMemes,DifficultPoem9718,"['poster', 'top']",,False,False,False
IndianDankMemes,DraftOk532,['top'],1.0,True,False,True
IndianDankMemes,Drunkard-Atheist,['latest'],,False,False,False
IndianDankMemes,Dry-Artichoke-6556,['top'],,False,False,False
IndianDankMemes,Eaglise,['latest'],0.0,True,False,False
IndianDankMemes,East-Yam2036,['latest'],,False,False,False
IndianDankMemes,Eastern-Emotion9685,['top'],4.0,True,False,True
IndianDankMemes,Easy-Way3659,"['latest', 'top']",,False,False,False
IndianDankMemes,EclipseEternale,['latest'],,False,False,False
IndianDankMemes,Expert_Rhubarb_680,['top'],,False,False,False
IndianDankMemes,ExploDoc,['top'],2.0,True,False,True
IndianDankMemes,Fancy-Bobcat-6243,"['poster', 'top']",,False,False,False
IndianDankMemes,FastCurrency,['latest'],6.0,True,True,True
IndianDankMemes,Fb_patel,['latest'],,False,False,False
IndianDankMemes,FlourBoyy,['latest'],1.0,True,False,True
IndianDankMemes,Fluid_Trade_6233,['latest'],,False,False,False
IndianDankMemes,Fun_Jello2292,['latest'],,False,False,False
IndianDankMemes,Godbutcher69,['top'],,False,False,False
IndianDankMemes,Greedy-Farmer-9756,"['latest', 'top']",3.0,True,False,True
IndianDankMemes,HomeValuable547,"['latest', 'poster', 'top']",,False,False,False
IndianDankMemes,Huge-Measurement-820,['latest'],0.0,True,False,False
IndianDankMemes,Idi_Amin_42o,['latest'],,False,False,False
IndianDankMemes,IhateCommiess,"['latest', 'top']",0.0,True,False,False
IndianDankMemes,Indian_Steam,['latest'],2.0,True,False,True
IndianDankMemes,Intelligent_Heart842,['latest'],,False,False,False
IndianDankMemes,Interesting_Arm8682,['latest'],,False,False,False
IndianDankMemes,Internal_Leather184,['latest'],,False,False,False
IndianDankMemes,Jazzlike-Might-8298,['poster'],,False,False,False
IndianDankMemes,Jemil_G,"['latest', 'top']",2.0,True,False,True
IndianDankMemes,Kasugaa,"['latest', 'top']",6.0,True,True,True
IndianDankMemes,KayV07,['top'],0.0,True,False,False
IndianDankMemes,Key_Detective2622,['latest'],,False,False,False
IndianDankMemes,Key_Relief_6438,['latest'],,False,False,False
IndianDankMemes,Kitchen-Milk-9658,"['latest', 'top']",,False,False,False
IndianDankMemes,Kris_Luv,['top'],0.0,True,False,False
IndianDankMemes,Krishkatana,['latest'],,False,False,False
IndianDankMemes,Last-Safe7072,"['latest', 'top']",1.0,True,False,True
IndianDankMemes,LegItiMate2,['latest'],0.0,True,False,False
IndianDankMemes,Legendarylightiningb,['top'],,False,False,False
IndianDankMemes,LittleKidLover_Scott,['latest'],,False,False,False
IndianDankMemes,M0nsterH0und,"['latest', 'top']",,False,False,False
IndianDankMemes,MAKstyles75,['latest'],0.0,True,False,False
IndianDankMemes,Major_Interest5178,['latest'],,False,False,False
IndianDankMemes,Master_Researcher_63,['latest'],,False,False,False
IndianDankMemes,Medium-Lion1099,"['latest', 'top']",,False,False,False
IndianDankMemes,Mindinf,['top'],0.0,True,False,False
IndianDankMemes,Minimum-Conclusion91,['latest'],2.0,True,False,True
IndianDankMemes,MostDot8933,['top'],,False,False,False
IndianDankMemes,Mother-Gear1146,['latest'],,False,False,False
IndianDankMemes,Mr_Anderson_48,['latest'],0.0,True,False,False
IndianDankMemes,Mustafa-Moudi-LoL,['top'],9.0,True,True,True
IndianDankMemes,Mystinsuperguy290,['latest'],,False,False,False
IndianDankMemes,Mythun4523,['latest'],0.0,True,False,False
IndianDankMemes,National-Hope-2190,['latest'],0.0,True,False,False
IndianDankMemes,NewTHULTHUL-exe,['top'],2.0,True,False,True
IndianDankMemes,Nishat_Zain,['top'],,False,False,False
IndianDankMemes,Nitish0510,['latest'],,False,False,False
IndianDankMemes,No-Living-8560,['latest'],0.0,True,False,False
IndianDankMemes,No-Reveal-9023,['poster'],,False,False,False
IndianDankMemes,No_Macaron_9667,['latest'],1.0,True,False,True
IndianDankMemes,No_Particular_6321,['top'],,False,False,False
IndianDankMemes,No_Personality_7l,['poster'],,False,False,False
IndianDankMemes,No_Pin825,"['latest', 'top']",,False,False,False
IndianDankMemes,NotMiskey141,['latest'],,False,False,False
IndianDankMemes,Obnomus,['top'],0.0,True,False,False
IndianDankMemes,Ok-Education-2448,['top'],,False,False,False
IndianDankMemes,Ok-Wonder4298,['poster'],,False,False,False
IndianDankMemes,Ok_Breakfast4268,"['latest', 'top']",,False,False,False
IndianDankMemes,Ok_Finger7345,['top'],2.0,True,False,True
IndianDankMemes,One-Sapien,['top'],,False,False,False
IndianDankMemes,Pandit_OP,['top'],0.0,True,False,False
IndianDankMemes,Panicked_Noodle,['latest'],,False,False,False
IndianDankMemes,Particular-Risk1322,"['latest', 'top']",2.0,True,False,True
IndianDankMemes,Party-Wealth3437,"['latest', 'top']",,False,False,False
IndianDankMemes,PenaltyVast7769,['latest'],1.0,True,False,True
IndianDankMemes,Pitbull_hu_kat_lunga,['latest'],,False,False,False
IndianDankMemes,Pratheek_Kachinthaya,['latest'],2.0,True,False,True
IndianDankMemes,Previous_Insurance13,['top'],1.0,True,False,True
IndianDankMemes,PsyKite,"['poster', 'top']",3.0,True,False,True
IndianDankMemes,PsychologyNo7025,['poster'],4.0,True,False,True
IndianDankMemes,Public-Vegetable3896,['top'],,False,False,False
IndianDankMemes,R4artist,"['latest', 'top']",,False,False,False
IndianDankMemes,RagnAROck_and_Roll,['latest'],0.0,True,False,False
IndianDankMemes,Rational_bakchod,['latest'],,False,False,False
IndianDankMemes,Resilient_9920,['top'],,False,False,False
IndianDankMemes,RewardAdmirable9741,['latest'],,False,False,False
IndianDankMemes,Ryujiro101,"['latest', 'top']",2.0,True,False,True
IndianDankMemes,SMS402,['latest'],,False,False,False
IndianDankMemes,Sayandeep10,['top'],0.0,True,False,False
IndianDankMemes,Sea_Fan_8026,['top'],,False,False,False
IndianDankMemes,Sharp-potential7935,['poster'],9.0,True,True,True
IndianDankMemes,ShranikDua,['top'],0.0,True,False,False
IndianDankMemes,Silver16Music,['latest'],,False,False,False
IndianDankMemes,SirenStarlit_02,['top'],,False,False,False
IndianDankMemes,Slim_elephantt,"['latest', 'top']",1.0,True,False,True
IndianDankMemes,Slow-Mistake-5912,['top'],,False,False,False
IndianDankMemes,SnooSketches2163,"['latest', 'top']",,False,False,False
IndianDankMemes,Special-Travel-7670,['top'],,False,False,False
IndianDankMemes,Steppenwolf_1927,['latest'],,False,False,False
IndianDankMemes,Such-Trouble-6641,['latest'],,False,False,False
IndianDankMemes,TITSHAMBURGER,['latest'],,False,False,False
IndianDankMemes,TechGamer_Rachit,"['latest', 'top']",0.0,True,False,False
IndianDankMemes,The-OverThinker-23,['top'],1.0,True,False,True
IndianDankMemes,Theparadoxic1,['top'],,False,False,False
IndianDankMemes,Top-Bunch248,['poster'],,False,False,False
IndianDankMemes,Top_Professional9535,['latest'],,False,False,False
IndianDankMemes,Unlikely-Pain-7603,['latest'],,False,False,False
IndianDankMemes,Valuable-Quality-399,"['latest', 'top']",0.0,True,False,False
IndianDankMemes,Valuable_Expert_8001,['latest'],,False,False,False
IndianDankMemes,WalkerJohnniee,['top'],,False,False,False
IndianDankMemes,Weary-University-440,"['latest', 'top']",0.0,True,False,False
IndianDankMemes,Western_Purchase430,['latest'],0.0,True,False,False
IndianDankMemes,X8_O-0-O_8X,['top'],2.0,True,False,True
IndianDankMemes,YeOldeMemer,['latest'],,False,False,False
IndianDankMemes,Zealousideal-Clock16,['latest'],,False,False,False
IndianDankMemes,_ML_AI_,['top'],0.0,True,False,False
IndianDankMemes,aaravv007,['latest'],,False,False,False
IndianDankMemes,almostawake_17,['top'],,False,False,False
IndianDankMemes,amit29533,"['latest', 'top']",0.0,True,False,False
IndianDankMemes,arploit,['top'],,False,False,False
IndianDankMemes,assasin_234,['latest'],,False,False,False
IndianDankMemes,aviabhi,['latest'],,False,False,False
IndianDankMemes,band_on_the_run,"['latest', 'top']",,False,False,False
IndianDankMemes,bawarchijii,"['latest', 'poster', 'top']",0.0,True,False,False
IndianDankMemes,bhabhihunter_,['top'],0.0,True,False,False
IndianDankMemes,bhavneet1996,['latest'],0.0,True,False,False
IndianDankMemes,blade_runner1853,['latest'],3.0,True,False,True
IndianDankMemes,can_iloveu,"['latest', 'top']",1.0,True,False,True
IndianDankMemes,chaiwalaguy,"['latest', 'top']",,False,False,False
IndianDankMemes,chari__zard,['poster'],,False,False,False
IndianDankMemes,chhagan04,['top'],0.0,True,False,False
IndianDankMemes,corrupted_gurl,"['latest', 'top']",1.0,True,False,True
IndianDankMemes,cyborgassassin47,['latest'],,False,False,False
IndianDankMemes,daddyaka,['latest'],,False,False,False
IndianDankMemes,dead-inside8354637,['top'],0.0,True,False,False
IndianDankMemes,depressionsucks29,"['latest', 'top']",0.0,True,False,False
IndianDankMemes,deshbhakt14,['latest'],,False,False,False
IndianDankMemes,dextermorganfrfr,"['poster', 'top']",,False,False,False
IndianDankMemes,dhanushi-bansal,"['latest', 'top']",,False,False,False
IndianDankMemes,diptosen2017,['top'],1.0,True,False,True
IndianDankMemes,divyanksi,['latest'],,False,False,False
IndianDankMemes,doc303,['top'],2.0,True,False,True
IndianDankMemes,dont_ban_meeee,['top'],8.0,True,True,True
IndianDankMemes,droythedad,['latest'],0.0,True,False,False
IndianDankMemes,eigen_vector10,['top'],,False,False,False
IndianDankMemes,exos28,['top'],0.0,True,False,False
IndianDankMemes,hell20_,"['latest', 'top']",0.0,True,False,False
IndianDankMemes,heyshiv18,['latest'],,False,False,False
IndianDankMemes,higharistocrat,"['latest', 'top']",1.0,True,False,True
IndianDankMemes,imacrazydude,['poster'],0.0,True,False,False
IndianDankMemes,into_fiction,"['latest', 'top']",2.0,True,False,True
IndianDankMemes,itisnigerian,['latest'],,False,False,False
IndianDankMemes,iwannasurvive,['top'],3.0,True,False,True
IndianDankMemes,johnnyup,['latest'],0.0,True,False,False
IndianDankMemes,jungle_jungle,['top'],,False,False,False
IndianDankMemes,kabiraaaaaaaa,"['latest', 'top']",,False,False,False
IndianDankMemes,kill-ender-dragon,['latest'],0.0,True,False,False
IndianDankMemes,like_nonu_07,['top'],,False,False,False
IndianDankMemes,lildope_,"['latest', 'top']",,False,False,False
IndianDankMemes,lisawogan989,"['latest', 'top']",,False,False,False
IndianDankMemes,lizardjuiceee,"['poster', 'top']",4.0,True,False,True
IndianDankMemes,lone-_-wolf1,['top'],0.0,True,False,False
IndianDankMemes,lpeakyblinderl,"['latest', 'top']",,False,False,False
IndianDankMemes,mahua_bihari,['latest'],,False,False,False
IndianDankMemes,mariner_knight,['top'],0.0,True,False,False
IndianDankMemes,memesfuckers,['poster'],2.0,True,False,True
IndianDankMemes,mephistttoooo,['top'],9.0,True,True,True
IndianDankMemes,mjgestixoul9,"['poster', 'top']",8.0,True,True,True
IndianDankMemes,moduler_phi,['top'],0.0,True,False,False
IndianDankMemes,msmredit,['latest'],,False,False,False
IndianDankMemes,mxforest,"['latest', 'top']",4.0,True,False,True
IndianDankMemes,nakulpanwar11,['top'],,False,False,False
IndianDankMemes,nihilisticpenguin7,"['latest', 'top']",,False,False,False
IndianDankMemes,only-for-fun11,['top'],0.0,True,False,False
IndianDankMemes,outlastdll,['top'],,False,False,False
IndianDankMemes,painedvulture7,"['latest', 'top']",2.0,True,False,True
IndianDankMemes,pakalupapito10,['latest'],,False,False,False
IndianDankMemes,paneeerdopyaaza,['top'],,False,False,False
IndianDankMemes,pawbhauuu,['latest'],,False,False,False
IndianDankMemes,phoenix5irre,"['latest', 'top']",0.0,True,False,False
IndianDankMemes,prat_0712,['latest'],,False,False,False
IndianDankMemes,purpurpottyayi,['top'],,False,False,False
IndianDankMemes,rat_for008,"['poster', 'top']",3.0,True,False,True
IndianDankMemes,rudyleywin,['top'],,False,False,False
IndianDankMemes,salsadecasada,['poster'],,False,False,False
IndianDankMemes,sippline,['poster'],1.0,True,False,True
IndianDankMemes,snoopypopcorn,['latest'],0.0,True,False,False
IndianDankMemes,squarabh,['latest'],1.0,True,False,True
IndianDankMemes,summeraindance,['top'],0.0,True,False,False
IndianDankMemes,tandempandemonium,['latest'],0.0,True,False,False
IndianDankMemes,tehaqi,['latest'],1.0,True,False,True
IndianDankMemes,thegamer66666,"['latest', 'top']",1.0,True,False,True
IndianDankMemes,thehro,['latest'],,False,False,False
IndianDankMemes,themax7,['top'],,False,False,False
IndianDankMemes,theunseenbatman,['top'],6.0,True,True,True
IndianDankMemes,tid_burglar,['latest'],0.0,True,False,False
IndianDankMemes,usernameman66,['top'],1.0,True,False,True
IndianDankMemes,vyreign,"['latest', 'poster', 'top']",,False,False,False
IndianDankMemes,yaarwtf,['latest'],,False,False,False
IndianDankMemes,younometv,"['latest', 'top']",0.0,True,False,False
IndianDankMemes,zaaiiibbbb__,"['latest', 'top']",,False,False,False
IndianFashionAddicts,-SoftChaos-,"['latest', 'top']",,False,False,False
IndianFashionAddicts,24kmag1c,"['latest', 'top']",,False,False,False
IndianFashionAddicts,69_69_sixtynine,"['latest', 'top']",,False,False,False
IndianFashionAddicts,Acrobatic_Ear_1888,['top'],,False,False,False
IndianFashionAddicts,Additional-Arm8227,"['latest', 'top']",,False,False,False
IndianFashionAddicts,Affectionate_Hand760,"['latest', 'poster']",0.0,True,False,False
IndianFashionAddicts,AggravatingCarob1353,"['latest', 'top']",,False,False,False
IndianFashionAddicts,Aggressive-Rip4087,['top'],,False,False,False
IndianFashionAddicts,Alternative-Zone-382,['latest'],0.0,True,False,False
IndianFashionAddicts,Ambitious_Motor5087,"['latest', 'top']",,False,False,False
IndianFashionAddicts,Anant_001,['latest'],,False,False,False
IndianFashionAddicts,Ananya_pawar_23,"['latest', 'top']",,False,False,False
IndianFashionAddicts,AnishNischal,"['latest', 'top']",,False,False,False
IndianFashionAddicts,Anushka2808,"['latest', 'top']",,False,False,False
IndianFashionAddicts,Apprehensive-Cake804,['top'],,False,False,False
IndianFashionAddicts,Aurora_aa,['top'],,False,False,False
IndianFashionAddicts,Beautiful-Object-467,['latest'],,False,False,False
IndianFashionAddicts,Blue_Eagle8,['latest'],2.0,True,False,True
IndianFashionAddicts,BoudoirBySunny,['latest'],,False,False,False
IndianFashionAddicts,BurgandyBrew,"['latest', 'top']",,False,False,False
IndianFashionAddicts,Business-Voice708,['latest'],,False,False,False
IndianFashionAddicts,Business_Tangerine46,"['latest', 'top']",,False,False,False
IndianFashionAddicts,Calm_Tailor6958,"['latest', 'top']",,False,False,False
IndianFashionAddicts,CarpenterInfinite897,['latest'],,False,False,False
IndianFashionAddicts,CauliflowerDear4756,['latest'],,False,False,False
IndianFashionAddicts,CharmingStrawberry75,['top'],,False,False,False
IndianFashionAddicts,ChasexDreams,['latest'],,False,False,False
IndianFashionAddicts,ClassroomWeak5470,['top'],,False,False,False
IndianFashionAddicts,Confident-Industry57,['top'],,False,False,False
IndianFashionAddicts,DebateHot6163,['latest'],0.0,True,False,False
IndianFashionAddicts,Demskemop,"['latest', 'top']",,False,False,False
IndianFashionAddicts,DepartmentRound6413,['latest'],4.0,True,False,True
IndianFashionAddicts,Depresseddcow,['top'],0.0,True,False,False
IndianFashionAddicts,Designer_Work_960,['top'],,False,False,False
IndianFashionAddicts,DeusVultX100,['latest'],,False,False,False
IndianFashionAddicts,Dev_rocker,['top'],,False,False,False
IndianFashionAddicts,Different_Reading_22,['latest'],8.0,True,True,True
IndianFashionAddicts,Dry-Vacation2615,['latest'],,False,False,False
IndianFashionAddicts,Due-Departure-7435,['latest'],,False,False,False
IndianFashionAddicts,Easy-Squash-200,['latest'],1.0,True,False,True
IndianFashionAddicts,Embarrassed_Piece302,['latest'],,False,False,False
IndianFashionAddicts,Entire_Row3043,"['latest', 'poster', 'top']",0.0,True,False,False
IndianFashionAddicts,ErnestlyEarnest,"['latest', 'top']",,False,False,False
IndianFashionAddicts,Excellent_Seaweed_44,['latest'],,False,False,False
IndianFashionAddicts,ExploringPotential,['top'],0.0,True,False,False
IndianFashionAddicts,Far_Park_4631,"['latest', 'top']",,False,False,False
IndianFashionAddicts,FewRaspberry683,"['latest', 'top']",,False,False,False
IndianFashionAddicts,FitDefinition2543,['poster'],,False,False,False
IndianFashionAddicts,Fluffy_Bad_3514,"['latest', 'top']",,False,False,False
IndianFashionAddicts,Fun-Tomatillo-1957,['top'],0.0,True,False,False
IndianFashionAddicts,Glad-Sentence-5542,['top'],,False,False,False
IndianFashionAddicts,GoddessMermaidd,['top'],0.0,True,False,False
IndianFashionAddicts,Gold-Mango-12235,"['latest', 'top']",2.0,True,False,True
IndianFashionAddicts,Gold_Direction_7419,['top'],,False,False,False
IndianFashionAddicts,Gold_Penalty8871,"['latest', 'top']",,False,False,False
IndianFashionAddicts,Hariwtf10,['latest'],1.0,True,False,True
IndianFashionAddicts,HarmfulMonster,['top'],0.0,True,False,False
IndianFashionAddicts,Highgarden_Sleepwear,['latest'],,False,False,False
IndianFashionAddicts,Historical_Pay2600,['top'],,False,False,False
IndianFashionAddicts,HousingRelevant4754,['top'],0.0,True,False,False
IndianFashionAddicts,Husky_Energy,['top'],,False,False,False
IndianFashionAddicts,IDontCareBruhSTOP,['latest'],,False,False,False
IndianFashionAddicts,Icy_Objective_6119,['latest'],,False,False,False
IndianFashionAddicts,Ikras_777,['top'],,False,False,False
IndianFashionAddicts,Ill_Recognition4651,['latest'],,False,False,False
IndianFashionAddicts,IndianFashionAddicts-ModTeam,['top'],,False,False,False
IndianFashionAddicts,IndividualStart4003,['top'],0.0,True,False,False
IndianFashionAddicts,Inevitable_Tea2724,['latest'],,False,False,False
IndianFashionAddicts,Interesting_Dog1768,['top'],,False,False,False
IndianFashionAddicts,Intruder_7,['top'],3.0,True,False,True
IndianFashionAddicts,Just-Ad4857,['latest'],,False,False,False
IndianFashionAddicts,Killboy_Matrix,"['latest', 'top']",,False,False,False
IndianFashionAddicts,Klutzy_Mango2122,"['latest', 'top']",1.0,True,False,True
IndianFashionAddicts,LaughingOnMute,"['latest', 'top']",,False,False,False
IndianFashionAddicts,Legitimate_Tie_7785,['latest'],,False,False,False
IndianFashionAddicts,Lexana1996,"['latest', 'poster', 'top']",,False,False,False
IndianFashionAddicts,Life-District7540,"['latest', 'top']",,False,False,False
IndianFashionAddicts,MagneticElectron,['latest'],,False,False,False
IndianFashionAddicts,Majestic-Ability811,['top'],,False,False,False
IndianFashionAddicts,Maskboy05,"['latest', 'top']",,False,False,False
IndianFashionAddicts,Mental_Rutabaga_4075,['top'],,False,False,False
IndianFashionAddicts,Mikasabehaviour1947,['top'],,False,False,False
IndianFashionAddicts,MindlessBlueberry853,['latest'],,False,False,False
IndianFashionAddicts,Moonlitemischief,['latest'],,False,False,False
IndianFashionAddicts,Mrisnotsleepy,['latest'],,False,False,False
IndianFashionAddicts,NanThanAnthaPaiyan,['latest'],,False,False,False
IndianFashionAddicts,NaturalNobody7706,['top'],,False,False,False
IndianFashionAddicts,No-Phase-5060,['top'],,False,False,False
IndianFashionAddicts,No_Nebula3541,"['latest', 'top']",,False,False,False
IndianFashionAddicts,NotADoctorr,['top'],,False,False,False
IndianFashionAddicts,Nothing_Happened_377,['top'],1.0,True,False,True
IndianFashionAddicts,Odd_Building797,"['latest', 'top']",,False,False,False
IndianFashionAddicts,Ok-Bridge-1045,['latest'],0.0,True,False,False
IndianFashionAddicts,Ok-Evening9568,['latest'],,False,False,False
IndianFashionAddicts,Ok-Yellow7789,['top'],,False,False,False
IndianFashionAddicts,Ok_Dig_7157,['latest'],,False,False,False
IndianFashionAddicts,Ok_Scar294,['latest'],,False,False,False
IndianFashionAddicts,Own_Ideal782,"['poster', 'top']",0.0,True,False,False
IndianFashionAddicts,Particular-Phone-486,['latest'],,False,False,False
IndianFashionAddicts,PeanutTiny00,['latest'],,False,False,False
IndianFashionAddicts,Personal_Squirrel_60,['latest'],2.0,True,False,True
IndianFashionAddicts,Pineappletwerk,['poster'],2.0,True,False,True
IndianFashionAddicts,Pink_34,['top'],,False,False,False
IndianFashionAddicts,PreheatedPenguin,['top'],,False,False,False
IndianFashionAddicts,Prii99,"['latest', 'top']",1.0,True,False,True
IndianFashionAddicts,Primary_Signature_25,['latest'],,False,False,False
IndianFashionAddicts,Proud_Spot7289,"['poster', 'top']",,False,False,False
IndianFashionAddicts,Purple_Ship_258,['top'],,False,False,False
IndianFashionAddicts,PyaazKePakode01,['top'],0.0,True,False,False
IndianFashionAddicts,Queasy-Tap5873,['latest'],,False,False,False
IndianFashionAddicts,Quirkyboy4u,"['latest', 'top']",,False,False,False
IndianFashionAddicts,QuizMasterAsh,"['latest', 'top']",0.0,True,False,False
IndianFashionAddicts,R4r6202,['latest'],0.0,True,False,False
IndianFashionAddicts,Rajmachawalchutney,['top'],1.0,True,False,True
IndianFashionAddicts,Reasonable_Bus3549,"['latest', 'top']",,False,False,False
IndianFashionAddicts,Remote_Ad_3695,"['latest', 'top']",,False,False,False
IndianFashionAddicts,Rich-Apartment4876,['latest'],,False,False,False
IndianFashionAddicts,Ron_516,"['latest', 'top']",2.0,True,False,True
IndianFashionAddicts,Routine-Mastodon8688,['top'],0.0,True,False,False
IndianFashionAddicts,SaiyanLonda,"['poster', 'top']",,False,False,False
IndianFashionAddicts,Sea-Delivery1282,['top'],,False,False,False
IndianFashionAddicts,SecureEfficiency9378,['top'],,False,False,False
IndianFashionAddicts,Sharmkar_Sharma,['latest'],,False,False,False
IndianFashionAddicts,SharpProfession6940,['latest'],,False,False,False
IndianFashionAddicts,Significant_Way9032,"['latest', 'top']",,False,False,False
IndianFashionAddicts,SilverShyma,['top'],,False,False,False
IndianFashionAddicts,Slow_Elephant_1660,"['latest', 'top']",,False,False,False
IndianFashionAddicts,Soggy-Map5725,"['latest', 'poster']",,False,False,False
IndianFashionAddicts,Soul_King92,['latest'],0.0,True,False,False
IndianFashionAddicts,SparshSrivastovic,['latest'],,False,False,False
IndianFashionAddicts,Specific-Fortune-214,['latest'],,False,False,False
IndianFashionAddicts,Specific-Housing905,['top'],,False,False,False
IndianFashionAddicts,Spirited-Away-24,"['latest', 'poster', 'top']",,False,False,False
IndianFashionAddicts,Strict_Extent9131,"['latest', 'top']",,False,False,False
IndianFashionAddicts,SunJazzlike2796,['latest'],,False,False,False
IndianFashionAddicts,Synesthesia008,['top'],,False,False,False
IndianFashionAddicts,Tasty_Broccoli7730,['poster'],0.0,True,False,False
IndianFashionAddicts,TheFcukingLizardKing,['latest'],2.0,True,False,True
IndianFashionAddicts,ThisNeighborhood1918,"['latest', 'poster', 'top']",2.0,True,False,True
IndianFashionAddicts,TopInvestigator5479,['top'],0.0,True,False,False
IndianFashionAddicts,ToughRock99,['latest'],0.0,True,False,False
IndianFashionAddicts,TraditionalThought82,"['latest', 'top']",,False,False,False
IndianFashionAddicts,Unfair-Lime-9402,['top'],,False,False,False
IndianFashionAddicts,United_Donkey_2398,['latest'],,False,False,False
IndianFashionAddicts,UpsetVisual1971,"['latest', 'top']",,False,False,False
IndianFashionAddicts,VaingloryVergil,['top'],,False,False,False
IndianFashionAddicts,Weird_Gur_1418,['latest'],,False,False,False
IndianFashionAddicts,Wizmanog,['latest'],,False,False,False
IndianFashionAddicts,Wooden-Hat-3816,['latest'],,False,False,False
IndianFashionAddicts,abhrish,"['latest', 'top']",,False,False,False
IndianFashionAddicts,absurtist,['top'],,False,False,False
IndianFashionAddicts,adhi_speaks,"['latest', 'top']",,False,False,False
IndianFashionAddicts,anaaa-on,['top'],,False,False,False
IndianFashionAddicts,anthropologyka14,['latest'],,False,False,False
IndianFashionAddicts,babayum6969,['poster'],0.0,True,False,False
IndianFashionAddicts,bluescarfmayhem,"['latest', 'top']",,False,False,False
IndianFashionAddicts,brownbull_697,['latest'],,False,False,False
IndianFashionAddicts,calm_monster,['poster'],1.0,True,False,True
IndianFashionAddicts,cape-rain,['top'],,False,False,False
IndianFashionAddicts,catty-not-chatty,"['latest', 'poster']",6.0,True,True,True
IndianFashionAddicts,chla_jaa_bsdk,['top'],,False,False,False
IndianFashionAddicts,choresbeforewhores,['latest'],0.0,True,False,False
IndianFashionAddicts,chubbs2341,"['latest', 'poster', 'top']",2.0,True,False,True
IndianFashionAddicts,coffeeintraffic,['top'],,False,False,False
IndianFashionAddicts,cutubutton,['top'],,False,False,False
IndianFashionAddicts,damndevu,"['latest', 'top']",,False,False,False
IndianFashionAddicts,dreamlessgirl,['latest'],,False,False,False
IndianFashionAddicts,driptiiiii,['top'],,False,False,False
IndianFashionAddicts,dumbledhore,['latest'],,False,False,False
IndianFashionAddicts,ewwnope,"['latest', 'top']",,False,False,False
IndianFashionAddicts,exposedglassofmilk,['top'],,False,False,False
IndianFashionAddicts,hatepeopleugh,['latest'],,False,False,False
IndianFashionAddicts,houseofleaves9890,['top'],,False,False,False
IndianFashionAddicts,hungrysucker,"['latest', 'top']",,False,False,False
IndianFashionAddicts,hydrospacw,"['latest', 'top']",,False,False,False
IndianFashionAddicts,i-know-right-,"['latest', 'top']",2.0,True,False,True
IndianFashionAddicts,idkmanwhatever228890,"['latest', 'top']",,False,False,False
IndianFashionAddicts,imadiscodancertatata,"['latest', 'top']",,False,False,False
IndianFashionAddicts,inGenium_88,['top'],2.0,True,False,True
IndianFashionAddicts,in_aviator,"['latest', 'top']",,False,False,False
IndianFashionAddicts,ishi1807,['latest'],0.0,True,False,False
IndianFashionAddicts,itxNefertum,['latest'],,False,False,False
IndianFashionAddicts,iwishtobecutu,['latest'],,False,False,False
IndianFashionAddicts,jim-jam-biscuit,['top'],0.0,True,False,False
IndianFashionAddicts,khulljaasimsim,['latest'],,False,False,False
IndianFashionAddicts,kilmcured,['latest'],,False,False,False
IndianFashionAddicts,lLoveCooking,"['latest', 'poster', 'top']",0.0,True,False,False
IndianFashionAddicts,lilboibiscuit,['latest'],,False,False,False
IndianFashionAddicts,lionelgg,['latest'],,False,False,False
IndianFashionAddicts,lumospurple25233,['top'],0.0,True,False,False
IndianFashionAddicts,magneticaster,['latest'],0.0,True,False,False
IndianFashionAddicts,mahaanaatama,['top'],,False,False,False
IndianFashionAddicts,mihikitty,"['latest', 'poster', 'top']",2.0,True,False,True
IndianFashionAddicts,military_ragda,['latest'],,False,False,False
IndianFashionAddicts,mosaicmusings,"['latest', 'top']",,False,False,False
IndianFashionAddicts,motocrosshallway,['top'],0.0,True,False,False
IndianFashionAddicts,mylospykar,"['latest', 'top']",2.0,True,False,True
IndianFashionAddicts,not-ur_girl,['top'],,False,False,False
IndianFashionAddicts,peekaboo409,['latest'],0.0,True,False,False
IndianFashionAddicts,pinklomonade,['top'],,False,False,False
IndianFashionAddicts,previleged-luck,"['latest', 'poster', 'top']",,False,False,False
IndianFashionAddicts,punkkfaery,"['poster', 'top']",,False,False,False
IndianFashionAddicts,pyoimn,['top'],0.0,True,False,False
IndianFashionAddicts,rebelbunny10,['latest'],,False,False,False
IndianFashionAddicts,rsarefresh,"['latest', 'top']",,False,False,False
IndianFashionAddicts,rudha13,['latest'],1.0,True,False,True
IndianFashionAddicts,s9suparl,['latest'],,False,False,False
IndianFashionAddicts,sadpumpkinpie,['top'],,False,False,False
IndianFashionAddicts,saumyaa25,['top'],,False,False,False
IndianFashionAddicts,secretholder1991,['top'],0.0,True,False,False
IndianFashionAddicts,severlygay,['top'],,False,False,False
IndianFashionAddicts,shau_keen,['top'],1.0,True,False,True
IndianFashionAddicts,shubhsssss,['latest'],,False,False,False
IndianFashionAddicts,slayeahhh,['latest'],,False,False,False
IndianFashionAddicts,smashmern19,['top'],,False,False,False
IndianFashionAddicts,smeezington7777,['latest'],,False,False,False
IndianFashionAddicts,starlessone19,['latest'],,False,False,False
IndianFashionAddicts,sureyoudo0,"['latest', 'top']",,False,False,False
IndianFashionAddicts,tharunca,['top'],,False,False,False
IndianFashionAddicts,tyagishubhi2007,['top'],,False,False,False
IndianFashionAddicts,unescorted223,['latest'],,False,False,False
IndianFashionAddicts,unpopular_sense,"['poster', 'top']",0.0,True,False,False
IndianFashionAddicts,vandamm01,"['latest', 'top']",0.0,True,False,False
IndianFashionAddicts,vladamir_shanmugan,['top'],,False,False,False
IndianFashionAddicts,wanderMystic92,['latest'],1.0,True,False,True
IndianFashionAddicts,whatisupwithyouboo,"['latest', 'top']",,False,False,False
IndianFashionAddicts,xikete69,['latest'],,False,False,False
IndianGaming,0O_o_Oo,['latest'],,False,False,False
IndianGaming,Abhi_Ananth,"['latest', 'top']",1.0,True,False,True
IndianGaming,AcademicBaryonyx_dr,['top'],,False,False,False
IndianGaming,Adventurous_Lynx_811,"['latest', 'top']",,False,False,False
IndianGaming,Adventurous_Stop_169,['latest'],0.0,True,False,False
IndianGaming,Aggravating_Sky_2652,"['poster', 'top']",,False,False,False
IndianGaming,Akash_Rajvanshi,['latest'],,False,False,False
IndianGaming,Akitokami9000,['latest'],0.0,True,False,False
IndianGaming,Alookparathe,['top'],,False,False,False
IndianGaming,Altruistic_Fun8400,['top'],2.0,True,False,True
IndianGaming,Altruistic_Yam1372,"['latest', 'top']",2.0,True,False,True
IndianGaming,AnimeFuntai,['latest'],0.0,True,False,False
IndianGaming,AnnoyingPenny89,['latest'],,False,False,False
IndianGaming,Ansterrr06,['top'],,False,False,False
IndianGaming,Any_Science_6481,"['latest', 'top']",,False,False,False
IndianGaming,Ashamed-Key7312,['top'],3.0,True,False,True
IndianGaming,Ashindorean04,"['latest', 'poster', 'top']",,False,False,False
IndianGaming,Ayemaan0P,['latest'],,False,False,False
IndianGaming,BakaPotatoLord,['top'],2.0,True,False,True
IndianGaming,BhaagYahaSe,"['latest', 'top']",,False,False,False
IndianGaming,Big_Meeting8350,['poster'],,False,False,False
IndianGaming,BlueMoon_Hunter_2121,"['latest', 'top']",,False,False,False
IndianGaming,BonChan12002,['top'],0.0,True,False,False
IndianGaming,BottleFar3959,['top'],,False,False,False
IndianGaming,BreakLongjumping132,['latest'],,False,False,False
IndianGaming,BridgeLanky,"['poster', 'top']",,False,False,False
IndianGaming,Brilliant_Device_526,"['latest', 'top']",,False,False,False
IndianGaming,Business_Number_8740,"['latest', 'top']",,False,False,False
IndianGaming,CabinetLong8683,['top'],,False,False,False
IndianGaming,CallMeAGooodBoy,['latest'],,False,False,False
IndianGaming,Chaos_Alt,['latest'],0.0,True,False,False
IndianGaming,Classic_Gur_2657,['latest'],,False,False,False
IndianGaming,Competitive-Ad-4337,"['latest', 'top']",0.0,True,False,False
IndianGaming,Complex_Issue_2003,['top'],0.0,True,False,False
IndianGaming,Critical_Catch_607,['poster'],6.0,True,True,True
IndianGaming,Crooked_Claps,['latest'],,False,False,False
IndianGaming,Currstappen1,['top'],,False,False,False
IndianGaming,Cursed_69420,['latest'],0.0,True,False,False
IndianGaming,Defiant-Progress4093,['top'],,False,False,False
IndianGaming,Disastrous_Refuse299,['top'],,False,False,False
IndianGaming,DreamyYoda,['latest'],,False,False,False
IndianGaming,Dry_Tutor2027,['latest'],,False,False,False
IndianGaming,Due_Butterscotch243,['top'],,False,False,False
IndianGaming,Due_Time4158,['latest'],,False,False,False
IndianGaming,Dull-Builder3620,['poster'],,False,False,False
IndianGaming,Ehh_littlecomment,['top'],2.0,True,False,True
IndianGaming,Eisern_Mann,['latest'],,False,False,False
IndianGaming,Electronic_Lab5486,['latest'],,False,False,False
IndianGaming,Emotional-Letter-922,"['latest', 'poster', 'top']",,False,False,False
IndianGaming,EndlessDesire,['latest'],,False,False,False
IndianGaming,Eris3699,['latest'],,False,False,False
IndianGaming,Expert_Arm1459,"['poster', 'top']",,False,False,False
IndianGaming,Extra_Master,['top'],,False,False,False
IndianGaming,FANTOM-MASTON,['top'],0.0,True,False,False
IndianGaming,Fabulous_Comb1830,['top'],0.0,True,False,False
IndianGaming,Far-Newt2088,['latest'],0.0,True,False,False
IndianGaming,FastThoughtProcessor,['top'],2.0,True,False,True
IndianGaming,Few_News5628,['poster'],,False,False,False
IndianGaming,Few_Sympathy_7325,['latest'],,False,False,False
IndianGaming,Final_Cherry9131,['poster'],,False,False,False
IndianGaming,Financial_Humor_8134,"['latest', 'poster']",4.0,True,False,True
IndianGaming,Financial_Pancake,['top'],,False,False,False
IndianGaming,FizzyBoy147,['top'],0.0,True,False,False
IndianGaming,Frostyy_Gamer,['latest'],,False,False,False
IndianGaming,GaryVantage,['latest'],1.0,True,False,True
IndianGaming,GenesisPCIndia,['poster'],,False,False,False
IndianGaming,Glum-Jury-2197,"['latest', 'top']",,False,False,False
IndianGaming,Greedy_Flamingo_2678,"['latest', 'top']",,False,False,False
IndianGaming,H3X4RY,['top'],,False,False,False
IndianGaming,Holyxoxo,['latest'],,False,False,False
IndianGaming,Honda-Activa-125,"['latest', 'top']",2.0,True,False,True
IndianGaming,HotEnthusiasm4124,['latest'],0.0,True,False,False
IndianGaming,Hot_Version9817,['top'],0.0,True,False,False
IndianGaming,HotterThanYourGPU,['latest'],,False,False,False
IndianGaming,IMAryanDarad,['top'],4.0,True,False,True
IndianGaming,IXI-Felix-IXI,"['latest', 'top']",,False,False,False
IndianGaming,Iamrichparayil8519,"['latest', 'poster', 'top']",,False,False,False
IndianGaming,Icy_Degree_4797,['top'],,False,False,False
IndianGaming,Icyfirejosh4352,['top'],,False,False,False
IndianGaming,Impossible_Mall4535,['top'],0.0,True,False,False
IndianGaming,Impossipotent-Being,['latest'],0.0,True,False,False
IndianGaming,Inevitable-Fan3319,['latest'],,False,False,False
IndianGaming,Inevitable-Owl-550,['top'],0.0,True,False,False
IndianGaming,Interesting_Till4013,"['latest', 'top']",2.0,True,False,True
IndianGaming,JasonDuval69,['top'],2.0,True,False,True
IndianGaming,JuliusSeizure4,['top'],0.0,True,False,False
IndianGaming,KacchaParatha,['latest'],,False,False,False
IndianGaming,KamenRentaiHanger,['latest'],2.0,True,False,True
IndianGaming,Key_Village_5467,['latest'],0.0,True,False,False
IndianGaming,Kreeth12,['latest'],0.0,True,False,False
IndianGaming,LilbabYBoyI,['top'],,False,False,False
IndianGaming,LowClientFPS,['top'],,False,False,False
IndianGaming,MaHiToSH19,['latest'],,False,False,False
IndianGaming,Madmahi25,['top'],,False,False,False
IndianGaming,MaleficentMountain3,['latest'],0.0,True,False,False
IndianGaming,Mitir01,['latest'],,False,False,False
IndianGaming,MrBallBustaa,"['latest', 'top']",1.0,True,False,True
IndianGaming,NOT_deadsix,['latest'],1.0,True,False,True
IndianGaming,Na_-_man,['top'],3.0,True,False,True
IndianGaming,NarwhalKey446,"['latest', 'top']",,False,False,False
IndianGaming,Natural_Toe6573,['top'],,False,False,False
IndianGaming,Naveen_Surya77,['poster'],0.0,True,False,False
IndianGaming,Necessary-Pickle467,['latest'],,False,False,False
IndianGaming,Nex005,"['latest', 'top']",,False,False,False
IndianGaming,Nice-Relationship387,"['latest', 'top']",1.0,True,False,True
IndianGaming,Nickboi26,['latest'],,False,False,False
IndianGaming,NoTransportation6817,"['latest', 'top']",0.0,True,False,False
IndianGaming,No_Preparation_5734,['top'],,False,False,False
IndianGaming,NotSoCoolWaffle,"['latest', 'top']",2.0,True,False,True
IndianGaming,OilDiscombobulated25,['latest'],,False,False,False
IndianGaming,Ok-Championship7986,['top'],0.0,True,False,False
IndianGaming,Ok-Tumbleweed-5450,['latest'],,False,False,False
IndianGaming,OkWillingness7427,['top'],,False,False,False
IndianGaming,Ok_Leadership4996,['top'],,False,False,False
IndianGaming,Ok_Return3725,['top'],,False,False,False
IndianGaming,Ok_Spite3044,['poster'],,False,False,False
IndianGaming,Omstriker,['poster'],,False,False,False
IndianGaming,Ordinary_Lawfulness8,['top'],,False,False,False
IndianGaming,Ornery_Theory2503,['latest'],,False,False,False
IndianGaming,PJtheGFN,['top'],,False,False,False
IndianGaming,Pandu0P,['top'],,False,False,False
IndianGaming,Pokemonet756,['top'],,False,False,False
IndianGaming,Pristine__Babe,['top'],,False,False,False
IndianGaming,Proud-Concept-190,['latest'],2.0,True,False,True
IndianGaming,RISHI__adhikari,['top'],0.0,True,False,False
IndianGaming,Rainy247,['top'],0.0,True,False,False
IndianGaming,Rajebait,['latest'],,False,False,False
IndianGaming,Random_Version,"['latest', 'top']",,False,False,False
IndianGaming,Ready-Excitement3665,"['latest', 'top']",0.0,True,False,False
IndianGaming,Reasonable-End8118,['poster'],,False,False,False
IndianGaming,RedIndianRobin,['top'],4.0,True,False,True
IndianGaming,RedditfamAK,"['latest', 'top']",,False,False,False
IndianGaming,ResponsibleNose2324,['top'],,False,False,False
IndianGaming,RideAndRender,['latest'],,False,False,False
IndianGaming,RisingBlazeX,['latest'],,False,False,False
IndianGaming,RoboWarrior44,['top'],0.0,True,False,False
IndianGaming,Routine-Fun-5342,['latest'],,False,False,False
IndianGaming,Rude_Link_6152,['top'],,False,False,False
IndianGaming,RustyAdVenture,['top'],1.0,True,False,True
IndianGaming,SKGINDIA,['poster'],,False,False,False
IndianGaming,SaharshPro7,['latest'],,False,False,False
IndianGaming,Sam_0348,['latest'],,False,False,False
IndianGaming,Same-Philosophy5134,['latest'],,False,False,False
IndianGaming,SayanG8910,['latest'],,False,False,False
IndianGaming,Sayandeep10,['latest'],0.0,True,False,False
IndianGaming,Scoopskipotato33,['top'],,False,False,False
IndianGaming,Senior-Notice-4166,['poster'],,False,False,False
IndianGaming,SenpaiLovezYou,"['latest', 'top']",,False,False,False
IndianGaming,SharonGamingYT,"['latest', 'top']",0.0,True,False,False
IndianGaming,Sidane99,"['latest', 'top']",,False,False,False
IndianGaming,SidmaMale,['latest'],,False,False,False
IndianGaming,Similar_Order9017,['top'],,False,False,False
IndianGaming,SirDismal7462,['poster'],4.0,True,False,True
IndianGaming,SirFartsALot33,['top'],1.0,True,False,True
IndianGaming,SodaAshy,['latest'],2.0,True,False,True
IndianGaming,SonGoku471,['top'],1.0,True,False,True
IndianGaming,SonicAkshay_26,['latest'],0.0,True,False,False
IndianGaming,Southern_Mud1029,['latest'],,False,False,False
IndianGaming,StRiKeR_ImpacT,['latest'],,False,False,False
IndianGaming,Stalin98k,['top'],,False,False,False
IndianGaming,Swiper_The_Sniper,['latest'],,False,False,False
IndianGaming,That_Leader8913,"['poster', 'top']",,False,False,False
IndianGaming,TheAsphaltGamer2008,['poster'],,False,False,False
IndianGaming,TheBlueGuy1234566,['latest'],,False,False,False
IndianGaming,TheCaptainwicked,['top'],0.0,True,False,False
IndianGaming,TheLittleFoxX87,['latest'],0.0,True,False,False
IndianGaming,ThePunderfulGuy,['latest'],,False,False,False
IndianGaming,TheRealDarzs,['latest'],,False,False,False
IndianGaming,TheSoverGuy,"['latest', 'top']",,False,False,False
IndianGaming,The_ApacheRK_200,['top'],2.0,True,False,True
IndianGaming,The_Bipolar_Guy,['top'],,False,False,False
IndianGaming,The_will_D,['latest'],,False,False,False
IndianGaming,TjRaj1,"['latest', 'top']",,False,False,False
IndianGaming,Toughsums,['top'],0.0,True,False,False
IndianGaming,UCHIHA-MADARA109,['poster'],,False,False,False
IndianGaming,Un13roken,['top'],1.0,True,False,True
IndianGaming,Unlikely-Guidance302,['latest'],,False,False,False
IndianGaming,Unlikely_Main_2099,"['latest', 'top']",,False,False,False
IndianGaming,VibeHumble,['latest'],2.0,True,False,True
IndianGaming,Vibin_Vibrator,['top'],,False,False,False
IndianGaming,ViditM15,['latest'],0.0,True,False,False
IndianGaming,Viper_23,['latest'],,False,False,False
IndianGaming,Vireloxen,"['latest', 'top']",,False,False,False
IndianGaming,VisasHateMe,['latest'],,False,False,False
IndianGaming,Vivek_2004_m,['latest'],,False,False,False
IndianGaming,VortexOfPixels,['latest'],,False,False,False
IndianGaming,WYVERN2018,['top'],,False,False,False
IndianGaming,Wabbalub,"['latest', 'top']",,False,False,False
IndianGaming,Wonderful-Duty4843,"['latest', 'top']",,False,False,False
IndianGaming,Wooden_Baseball5975,['top'],,False,False,False
IndianGaming,YourJar,['latest'],,False,False,False
IndianGaming,Zealousideal-West225,"['latest', 'top']",,False,False,False
IndianGaming,_bibu,"['latest', 'top']",,False,False,False
IndianGaming,agentbond009,['top'],,False,False,False
IndianGaming,aravind-manoj,['top'],,False,False,False
IndianGaming,aryvd_0103,['latest'],,False,False,False
IndianGaming,ash350z,['latest'],,False,False,False
IndianGaming,bhosdka,['latest'],1.0,True,False,True
IndianGaming,bloodspeed,"['latest', 'top']",,False,False,False
IndianGaming,blueramen_1,['top'],,False,False,False
IndianGaming,cerebrite,['latest'],1.0,True,False,True
IndianGaming,chickenniggerdip,['latest'],,False,False,False
IndianGaming,covert_strike,['top'],,False,False,False
IndianGaming,cs-Saber93,['latest'],0.0,True,False,False
IndianGaming,desiOverthinker,['top'],,False,False,False
IndianGaming,detailed_1,['latest'],1.0,True,False,True
IndianGaming,doobeedoobeedumdum,['latest'],,False,False,False
IndianGaming,dude_kp,['top'],0.0,True,False,False
IndianGaming,fenixspider1,"['latest', 'top']",1.0,True,False,True
IndianGaming,gugugaga_2006,['top'],,False,False,False
IndianGaming,hashtagrichie6,['top'],,False,False,False
IndianGaming,hksbindra,"['latest', 'top']",0.0,True,False,False
IndianGaming,hyperparrot3366,['latest'],0.0,True,False,False
IndianGaming,iPushkarr2,['latest'],,False,False,False
IndianGaming,iamThebitbyte,['top'],2.0,True,False,True
IndianGaming,imhariiguess,['latest'],1.0,True,False,True
IndianGaming,imlost0011,['top'],,False,False,False
IndianGaming,incendery,['top'],,False,False,False
IndianGaming,incredible_penguin11,"['latest', 'top']",2.0,True,False,True
IndianGaming,jet_black_ninja,['top'],0.0,True,False,False
IndianGaming,joogasama,"['poster', 'top']",6.0,True,True,True
IndianGaming,juzousuzu,['latest'],,False,False,False
IndianGaming,krishgamehacker,['latest'],,False,False,False
IndianGaming,lemonzy19,"['latest', 'top']",,False,False,False
IndianGaming,lsddoc,['top'],,False,False,False
IndianGaming,manas695,['latest'],,False,False,False
IndianGaming,martinRuth8j8,['latest'],,False,False,False
IndianGaming,munchkinpumpkin662,"['latest', 'top']",,False,False,False
IndianGaming,n_i_e_l,"['latest', 'top']",,False,False,False
IndianGaming,not_anonymous_FS,['poster'],,False,False,False
IndianGaming,omaeshinderu,['latest'],,False,False,False
IndianGaming,overgrazed,['top'],,False,False,False
IndianGaming,owosam,"['latest', 'poster', 'top']",,False,False,False
IndianGaming,pawn24,"['latest', 'top']",,False,False,False
IndianGaming,perplexed_pepe,['latest'],1.0,True,False,True
IndianGaming,pkkthetigerr,"['latest', 'top']",,False,False,False
IndianGaming,please-redeem-it,['top'],,False,False,False
IndianGaming,rzoro7,['latest'],0.0,True,False,False
IndianGaming,sangadakVigyani,['top'],1.0,True,False,True
IndianGaming,saravjc,['top'],,False,False,False
IndianGaming,satu_23,['latest'],0.0,True,False,False
IndianGaming,shags2a,['latest'],2.0,True,False,True
IndianGaming,shotgunsamba,"['poster', 'top']",0.0,True,False,False
IndianGaming,sidekickk_007,['top'],,False,False,False
IndianGaming,silentalways,"['latest', 'top']",,False,False,False
IndianGaming,sjkeskar,['latest'],,False,False,False
IndianGaming,sky-yie,['top'],0.0,True,False,False
IndianGaming,slskskksksk,['top'],,False,False,False
IndianGaming,sohailkhan46,['latest'],,False,False,False
IndianGaming,sparta_reddy,"['latest', 'top']",0.0,True,False,False
IndianGaming,tesla_snake,['latest'],,False,False,False
IndianGaming,thestrongcoder,['poster'],,False,False,False
IndianGaming,tickledpicklees69,['top'],,False,False,False
IndianGaming,trexvash,['top'],,False,False,False
IndianGaming,uShadowu,"['latest', 'top']",,False,False,False
IndianGaming,ultimatous,['latest'],,False,False,False
IndianGaming,virus_exe777,['top'],0.0,True,False,False
IndianGaming,zard0g98,['latest'],,False,False,False
IndianStockMarket,36holes,['top'],1.0,True,False,True
IndianStockMarket,5tar_dust,['latest'],2.0,True,False,True
IndianStockMarket,Accomplished-Ring689,['top'],0.0,True,False,False
IndianStockMarket,ActuaryVegetable5471,['top'],,False,False,False
IndianStockMarket,AdiKadiAdi,['latest'],2.0,True,False,True
IndianStockMarket,Administrative_Pie0,"['latest', 'top']",,False,False,False
IndianStockMarket,Advanced_Soup_688,['top'],,False,False,False
IndianStockMarket,Affectionate-Bar5406,['top'],,False,False,False
IndianStockMarket,Affectionate-Cat6644,['top'],,False,False,False
IndianStockMarket,Akyurius,['top'],,False,False,False
IndianStockMarket,AlpsAccomplished2332,"['latest', 'poster']",4.0,True,False,True
IndianStockMarket,Altruistic-Roll-6380,['top'],,False,False,False
IndianStockMarket,Andrewsi12,"['latest', 'poster', 'top']",3.0,True,False,True
IndianStockMarket,Any-Calligrapher2866,['latest'],9.0,True,True,True
IndianStockMarket,Any_Negotiation_464,['latest'],,False,False,False
IndianStockMarket,Ashryfinancial,['top'],3.0,True,False,True
IndianStockMarket,Asleep_Bet_9778,['latest'],1.0,True,False,True
IndianStockMarket,Atharva_p,['latest'],,False,False,False
IndianStockMarket,AtmosphereLittle3986,['top'],,False,False,False
IndianStockMarket,Away-Score2893,['top'],1.0,True,False,True
IndianStockMarket,BetweenTheWickets,"['latest', 'top']",,False,False,False
IndianStockMarket,Boring_Bank501,['latest'],,False,False,False
IndianStockMarket,Busy_Bee_1729,['top'],1.0,True,False,True
IndianStockMarket,Busy_Bullfrog_1061,['top'],,False,False,False
IndianStockMarket,Buttonn_Clickerr,['poster'],,False,False,False
IndianStockMarket,COSMOCRAT_,"['latest', 'top']",4.0,True,False,True
IndianStockMarket,Careless-Load808,['latest'],4.0,True,False,True
IndianStockMarket,Casp3r_ghOst,['top'],2.0,True,False,True
IndianStockMarket,Certain_Plan_5819,['latest'],2.0,True,False,True
IndianStockMarket,ChandanPerspective,['poster'],6.0,True,True,True
IndianStockMarket,ChandlerBingg__,['latest'],,False,False,False
IndianStockMarket,ChepaukPitch,['latest'],2.0,True,False,True
IndianStockMarket,Coldvibe1,"['poster', 'top']",,False,False,False
IndianStockMarket,Competitive-Toe4868,['top'],,False,False,False
IndianStockMarket,Competitive_Air7402,['top'],2.0,True,False,True
IndianStockMarket,Concept-Plastic,['latest'],2.0,True,False,True
IndianStockMarket,Creepy_Action_8755,['latest'],,False,False,False
IndianStockMarket,Crespoter,['top'],1.0,True,False,True
IndianStockMarket,Cress-Used,"['latest', 'poster', 'top']",9.0,True,True,True
IndianStockMarket,Crystalisedorb,['latest'],0.0,True,False,False
IndianStockMarket,DARRKNIIGHT,['latest'],4.0,True,False,True
IndianStockMarket,DeadlyGamer2202,['top'],1.0,True,False,True
IndianStockMarket,Deadzombii,['top'],3.0,True,False,True
IndianStockMarket,Disastrous-Dig5884,['poster'],8.0,True,True,True
IndianStockMarket,Distinct-Hyena-2001,['top'],2.0,True,False,True
IndianStockMarket,Distinct_Theory2684,['latest'],0.0,True,False,False
IndianStockMarket,Dobratri,"['latest', 'top']",,False,False,False
IndianStockMarket,Dramatic-Angle-8153,['latest'],,False,False,False
IndianStockMarket,DriftingBetweenStars,['latest'],,False,False,False
IndianStockMarket,DrunkenMill,['latest'],,False,False,False
IndianStockMarket,DutyCommercial855,['top'],0.0,True,False,False
IndianStockMarket,Educational-Data-394,['latest'],,False,False,False
IndianStockMarket,EffectiveHeavy3031,['top'],,False,False,False
IndianStockMarket,Emmanuel_leorn,"['latest', 'top']",0.0,True,False,False
IndianStockMarket,EnvironmentalLimit36,['top'],,False,False,False
IndianStockMarket,Equivalent-Memory906,"['latest', 'poster']",,False,False,False
IndianStockMarket,Erianthus,['latest'],,False,False,False
IndianStockMarket,Evening_Nose6847,['latest'],0.0,True,False,False
IndianStockMarket,ExploDoc,['latest'],2.0,True,False,True
IndianStockMarket,Extension-Put309,['latest'],0.0,True,False,False
IndianStockMarket,External_Antelope357,"['latest', 'top']",,False,False,False
IndianStockMarket,ExtraChubbyPikachu,"['poster', 'top']",8.0,True,True,True
IndianStockMarket,Fantastic-Dinner-919,['latest'],1.0,True,False,True
IndianStockMarket,Fast-Common-1895,['latest'],0.0,True,False,False
IndianStockMarket,Felicie_dreamer,['latest'],2.0,True,False,True
IndianStockMarket,Financial-Wrap3752,['latest'],,False,False,False
IndianStockMarket,Fine_Passenger7478,['latest'],,False,False,False
IndianStockMarket,Global-Equipment-856,['latest'],2.0,True,False,True
IndianStockMarket,GloomyRaise3798,['top'],4.0,True,False,True
IndianStockMarket,Godofsaiyansongoku,['top'],0.0,True,False,False
IndianStockMarket,Gullible_Delivery492,['top'],0.0,True,False,False
IndianStockMarket,HIM_BULL_STOCKS,['top'],,False,False,False
IndianStockMarket,HR_114,['latest'],2.0,True,False,True
IndianStockMarket,HappyReporter95,['latest'],0.0,True,False,False
IndianStockMarket,Historical_Ground129,['top'],,False,False,False
IndianStockMarket,Huge-Caterpillar4465,['latest'],,False,False,False
IndianStockMarket,IamSP2024,['top'],2.0,True,False,True
IndianStockMarket,Ib21066,['latest'],0.0,True,False,False
IndianStockMarket,Igarlicbread,"['latest', 'top']",1.0,True,False,True
IndianStockMarket,Illiterate-Chef-007,['latest'],1.0,True,False,True
IndianStockMarket,Illustrious_Tea_5999,['top'],6.0,True,True,True
IndianStockMarket,Impossible_fall3384,['latest'],,False,False,False
IndianStockMarket,IndBeak,['top'],1.0,True,False,True
IndianStockMarket,Independent-Log-4245,['top'],1.0,True,False,True
IndianStockMarket,Individual-Oven9410,['latest'],0.0,True,False,False
IndianStockMarket,Initial-Swordfish311,"['latest', 'top']",1.0,True,False,True
IndianStockMarket,Inner_Ant_2170,['latest'],,False,False,False
IndianStockMarket,Jaded-Total6054,['top'],6.0,True,True,True
IndianStockMarket,Just_Sleepy_Guy,['poster'],,False,False,False
IndianStockMarket,KSK_GAMING,['top'],4.0,True,False,True
IndianStockMarket,Kragster77,['latest'],0.0,True,False,False
IndianStockMarket,Long_Consequence3808,['latest'],6.0,True,True,True
IndianStockMarket,MammayKaiseHain,['latest'],0.0,True,False,False
IndianStockMarket,Man_from_Pune41,['top'],,False,False,False
IndianStockMarket,Master_shifuji,['latest'],,False,False,False
IndianStockMarket,MichaelScotPaperComp,['top'],1.0,True,False,True
IndianStockMarket,Miningforbeer,"['latest', 'top']",0.0,True,False,False
IndianStockMarket,More-Ad271,"['latest', 'top']",0.0,True,False,False
IndianStockMarket,MuchNegotiation6828,['latest'],,False,False,False
IndianStockMarket,MulberryTimes,['latest'],,False,False,False
IndianStockMarket,Mundane_Baker3669,['top'],1.0,True,False,True
IndianStockMarket,Mysterious-Scar-8900,"['poster', 'top']",,False,False,False
IndianStockMarket,Neither-Side-241,"['latest', 'top']",0.0,True,False,False
IndianStockMarket,Nevermore1694,['top'],,False,False,False
IndianStockMarket,No-Guide848,['top'],,False,False,False
IndianStockMarket,No-Satisfaction-2001,"['latest', 'top']",2.0,True,False,True
IndianStockMarket,NoBailOnReddit,"['latest', 'top']",2.0,True,False,True
IndianStockMarket,Nomore_chances,['latest'],0.0,True,False,False
IndianStockMarket,NoraEmiE,['top'],2.0,True,False,True
IndianStockMarket,Oberjene,['poster'],,False,False,False
IndianStockMarket,Odd-Particular-5607,['latest'],,False,False,False
IndianStockMarket,Ok-Scene-9466,['top'],0.0,True,False,False
IndianStockMarket,OkCompetition7160,['latest'],,False,False,False
IndianStockMarket,Ok_Log_4990,['top'],,False,False,False
IndianStockMarket,Ok_Particular8393,['latest'],,False,False,False
IndianStockMarket,Ok_Percentage7654,['poster'],,False,False,False
IndianStockMarket,Ok_Voice_659,['latest'],,False,False,False
IndianStockMarket,OldMonkIsTheAnswer,['poster'],,False,False,False
IndianStockMarket,OpXy98,"['latest', 'top']",,False,False,False
IndianStockMarket,Ornery-Function5744,"['latest', 'top']",,False,False,False
IndianStockMarket,Over_Ad_4907,['latest'],1.0,True,False,True
IndianStockMarket,Ozymandiiass,"['latest', 'top']",,False,False,False
IndianStockMarket,PanicBig3536,['latest'],2.0,True,False,True
IndianStockMarket,Paras_Red,['latest'],,False,False,False
IndianStockMarket,Parking-Chocolate241,['top'],,False,False,False
IndianStockMarket,Plane_Read_3790,"['latest', 'poster', 'top']",4.0,True,False,True
IndianStockMarket,Pleasant-Form-1093,['top'],,False,False,False
IndianStockMarket,PossibleLow6990,['latest'],,False,False,False
IndianStockMarket,Primary-Active-4939,['latest'],,False,False,False
IndianStockMarket,PristineCat7983,['top'],,False,False,False
IndianStockMarket,Professional-Arm3460,['latest'],1.0,True,False,True
IndianStockMarket,ProfessionalImpact96,['latest'],2.0,True,False,True
IndianStockMarket,Rare-Mycologist-6658,['latest'],,False,False,False
IndianStockMarket,RingDisastrous8587,['top'],0.0,True,False,False
IndianStockMarket,Routine-Progress-885,['latest'],,False,False,False
IndianStockMarket,Royal_Historian_3837,"['latest', 'top']",,False,False,False
IndianStockMarket,SUSH_fromheaven,['top'],0.0,True,False,False
IndianStockMarket,Sad_Bat_2711,"['latest', 'top']",0.0,True,False,False
IndianStockMarket,Sea_MM_4160,"['latest', 'poster']",,False,False,False
IndianStockMarket,Secure-Line8467,['latest'],,False,False,False
IndianStockMarket,Select-Interview2520,['top'],,False,False,False
IndianStockMarket,Sensitive-Law-3625,"['latest', 'top']",,False,False,False
IndianStockMarket,SharadhNaidu,['top'],,False,False,False
IndianStockMarket,SnooComics2143,['latest'],1.0,True,False,True
IndianStockMarket,SnooHabits2900,['poster'],,False,False,False
IndianStockMarket,Splex777,['poster'],,False,False,False
IndianStockMarket,StarboyKillah94,['top'],0.0,True,False,False
IndianStockMarket,Stark7036,['top'],,False,False,False
IndianStockMarket,Strange_Drive_6598,"['latest', 'top']",2.0,True,False,True
IndianStockMarket,StrawberryFew1311,['top'],3.0,True,False,True
IndianStockMarket,StrugglingSaze,['top'],,False,False,False
IndianStockMarket,SwapnilTheMasterOf__,"['latest', 'top']",1.0,True,False,True
IndianStockMarket,TargetSome9990,['latest'],0.0,True,False,False
IndianStockMarket,TechDc-1306,['latest'],,False,False,False
IndianStockMarket,TechGuys_,"['latest', 'top']",,False,False,False
IndianStockMarket,Temporary-Koala974,['latest'],,False,False,False
IndianStockMarket,TheMayankBajpai,"['latest', 'top']",,False,False,False
IndianStockMarket,Throwaway-Addict,"['latest', 'top']",,False,False,False
IndianStockMarket,TimeVendor,"['latest', 'top']",4.0,True,False,True
IndianStockMarket,TipToeToKissMe27,['poster'],,False,False,False
IndianStockMarket,Tricky-Ad5610,['top'],,False,False,False
IndianStockMarket,Trivedi3,['top'],,False,False,False
IndianStockMarket,UdtaKabootar,['latest'],0.0,True,False,False
IndianStockMarket,UnicodeCharacter6666,"['latest', 'top']",0.0,True,False,False
IndianStockMarket,United-Brief2000,['top'],0.0,True,False,False
IndianStockMarket,Used_Man_58,"['latest', 'top']",4.0,True,False,True
IndianStockMarket,Usual_Disk2096,['latest'],,False,False,False
IndianStockMarket,Vegetable_Prompt_583,['top'],0.0,True,False,False
IndianStockMarket,VeryCuriousmind01,['poster'],,False,False,False
IndianStockMarket,Viagra-Trader-60,['top'],3.0,True,False,True
IndianStockMarket,Virsaop,['poster'],,False,False,False
IndianStockMarket,West_Screen_7834,['poster'],,False,False,False
IndianStockMarket,Wide-Conference6789,"['latest', 'top']",,False,False,False
IndianStockMarket,Wolf_Of_DalalStreet2,['top'],,False,False,False
IndianStockMarket,WriterWeird6794,['latest'],2.0,True,False,True
IndianStockMarket,Xiao891,['poster'],2.0,True,False,True
IndianStockMarket,YehDilMaaangeMore,"['latest', 'top']",8.0,True,True,True
IndianStockMarket,YogurtclosetTrick649,['top'],,False,False,False
IndianStockMarket,ZEUS_117,['top'],,False,False,False
IndianStockMarket,ZerefDragneel_,['top'],,False,False,False
IndianStockMarket,Zestyclose_Glass_643,['latest'],0.0,True,False,False
IndianStockMarket,Zestyclose_Web_6331,['latest'],2.0,True,False,True
IndianStockMarket,_Antinatalism_,['latest'],1.0,True,False,True
IndianStockMarket,_hmj,['top'],,False,False,False
IndianStockMarket,ai_investor77,"['latest', 'top']",2.0,True,False,True
IndianStockMarket,amitsingh80108,['top'],1.0,True,False,True
IndianStockMarket,an0n_helper,['top'],2.0,True,False,True
IndianStockMarket,anshuman-11,"['latest', 'top']",1.0,True,False,True
IndianStockMarket,apple_man88,['top'],8.0,True,True,True
IndianStockMarket,arjgorithmic,"['latest', 'top']",,False,False,False
IndianStockMarket,batman008,['latest'],0.0,True,False,False
IndianStockMarket,bikgayihaigormint,['top'],,False,False,False
IndianStockMarket,black_hustler3,['top'],0.0,True,False,False
IndianStockMarket,boykadc,['top'],3.0,True,False,True
IndianStockMarket,bunnygonewild789,['top'],0.0,True,False,False
IndianStockMarket,chatlover93,['top'],0.0,True,False,False
IndianStockMarket,confusedbiproduct,['top'],,False,False,False
IndianStockMarket,currentlevelzero,['top'],,False,False,False
IndianStockMarket,deadlyzard,['top'],,False,False,False
IndianStockMarket,doolpicate,['top'],4.0,True,False,True
IndianStockMarket,fischerx1,['latest'],,False,False,False
IndianStockMarket,gheeekhatam,['poster'],,False,False,False
IndianStockMarket,himsgpta,['latest'],,False,False,False
IndianStockMarket,horny-patty,['latest'],,False,False,False
IndianStockMarket,iArrun,"['latest', 'top']",2.0,True,False,True
IndianStockMarket,idkparth,['top'],2.0,True,False,True
IndianStockMarket,imnindian,['latest'],,False,False,False
IndianStockMarket,infinitehelpmaster,['latest'],3.0,True,False,True
IndianStockMarket,iphone4Suser,['latest'],2.0,True,False,True
IndianStockMarket,itzmanu1989,['latest'],1.0,True,False,True
IndianStockMarket,jaeger096,['latest'],,False,False,False
IndianStockMarket,josephcs,['latest'],,False,False,False
IndianStockMarket,kpdon1,"['latest', 'top']",0.0,True,False,False
IndianStockMarket,lancley,"['latest', 'top']",,False,False,False
IndianStockMarket,legiondary11,['top'],,False,False,False
IndianStockMarket,locopocopong,['top'],0.0,True,False,False
IndianStockMarket,marsianmonk77,['latest'],0.0,True,False,False
IndianStockMarket,maverick31031998,"['latest', 'top']",2.0,True,False,True
IndianStockMarket,maybeyashh,['poster'],,False,False,False
IndianStockMarket,nad09,['latest'],,False,False,False
IndianStockMarket,name-immaterial,['top'],,False,False,False
IndianStockMarket,neonz4,['latest'],0.0,True,False,False
IndianStockMarket,omgitzvg,['top'],1.0,True,False,True
IndianStockMarket,osuarry,['top'],,False,False,False
IndianStockMarket,piezod,['latest'],2.0,True,False,True
IndianStockMarket,pigsterben,['top'],2.0,True,False,True
IndianStockMarket,pmoar3,['latest'],,False,False,False
IndianStockMarket,psychicsoul123,"['latest', 'top']",2.0,True,False,True
IndianStockMarket,rakeshsh,['top'],1.0,True,False,True
IndianStockMarket,robbphoenix,['latest'],,False,False,False
IndianStockMarket,romaan001,"['latest', 'top']",0.0,True,False,False
IndianStockMarket,romka79,['top'],6.0,True,True,True
IndianStockMarket,roy790,['latest'],1.0,True,False,True
IndianStockMarket,sam_patches,['poster'],,False,False,False
IndianStockMarket,samax413zl,['latest'],1.0,True,False,True
IndianStockMarket,sarthakmahajan610,"['latest', 'top']",2.0,True,False,True
IndianStockMarket,show-spectator,['top'],1.0,True,False,True
IndianStockMarket,sindhisai,['top'],,False,False,False
IndianStockMarket,skZeno880,"['latest', 'top']",,False,False,False
IndianStockMarket,slaythatpony,['poster'],0.0,True,False,False
IndianStockMarket,snow_coffee,['latest'],2.0,True,False,True
IndianStockMarket,strippermonopoly,['top'],,False,False,False
IndianStockMarket,sudhukl,['latest'],,False,False,False
IndianStockMarket,sumandas094,['top'],6.0,True,True,True
IndianStockMarket,sweetGirl7890,"['latest', 'top']",,False,False,False
IndianStockMarket,trozaan,['latest'],1.0,True,False,True
IndianStockMarket,trycastello,['poster'],,False,False,False
IndianStockMarket,vignesh_2,"['latest', 'top']",,False,False,False
IndianStockMarket,voldemort_67,['latest'],,False,False,False
IndianStockMarket,webcossionnnn,['latest'],,False,False,False
IndianStockMarket,wizful_thinking,['top'],1.0,True,False,True
IndianStockMarket,yetanotherindiandude,['poster'],,False,False,False
IndianStockMarket,ymcd,['top'],2.0,True,False,True
IndianStockMarket,zaqplm25688524,['top'],0.0,True,False,False
IndianStreetBets,0xeno,"['latest', 'top']",2.0,True,False,True
IndianStreetBets,AGARAN24,"['latest', 'top']",0.0,True,False,False
IndianStreetBets,AdMajor9344,['top'],,False,False,False
IndianStreetBets,AdPlane6946,"['latest', 'top']",,False,False,False
IndianStreetBets,Affectionate-Sir-335,"['latest', 'top']",,False,False,False
IndianStreetBets,Afraid-Wrap-8278,['latest'],,False,False,False
IndianStreetBets,Agreeable-Craft-486,"['latest', 'top']",2.0,True,False,True
IndianStreetBets,Akshat_2307,['latest'],0.0,True,False,False
IndianStreetBets,AlooBhujiyaWapasKar,['top'],,False,False,False
IndianStreetBets,AlpsAccomplished2332,['poster'],4.0,True,False,True
IndianStreetBets,Appropriate-Soil-896,['poster'],,False,False,False
IndianStreetBets,Ashamed_Bid_9360,['top'],,False,False,False
IndianStreetBets,Ashryfinancial,['top'],3.0,True,False,True
IndianStreetBets,AssociationShoddy785,"['latest', 'top']",,False,False,False
IndianStreetBets,Background-Brush4803,['top'],,False,False,False
IndianStreetBets,BigBullHima,['top'],,False,False,False
IndianStreetBets,BojackInMan,['latest'],,False,False,False
IndianStreetBets,Born_Vermicelli9544,['poster'],0.0,True,False,False
IndianStreetBets,Capable_capybara_,['latest'],,False,False,False
IndianStreetBets,Captain_D_Buggy,['top'],1.0,True,False,True
IndianStreetBets,Chaandaal,['poster'],,False,False,False
IndianStreetBets,Chainsmoker7,['top'],0.0,True,False,False
IndianStreetBets,ClickyChucky,['latest'],,False,False,False
IndianStreetBets,Comfortable-Spite328,['top'],0.0,True,False,False
IndianStreetBets,CommitteeSenior5890,['top'],,False,False,False
IndianStreetBets,CommunicationLife753,"['latest', 'top']",,False,False,False
IndianStreetBets,Competitive_Air7402,['top'],2.0,True,False,True
IndianStreetBets,Competitive_Data_242,['latest'],,False,False,False
IndianStreetBets,Confident_Factor3389,['top'],,False,False,False
IndianStreetBets,Connect-Vanilla1003,"['latest', 'top']",0.0,True,False,False
IndianStreetBets,Consiouswierdsage,"['latest', 'top']",2.0,True,False,True
IndianStreetBets,Creepy_Action_8755,['latest'],,False,False,False
IndianStreetBets,Crespoter,['latest'],1.0,True,False,True
IndianStreetBets,Cress-Used,"['latest', 'top']",9.0,True,True,True
IndianStreetBets,Ctrl_Alt_Drift,['latest'],2.0,True,False,True
IndianStreetBets,Cultural-Ninja8228,['top'],,False,False,False
IndianStreetBets,CulturalZombie8203,['top'],,False,False,False
IndianStreetBets,DARRKNIIGHT,"['latest', 'top']",4.0,True,False,True
IndianStreetBets,DarkHumourFoundHere,['top'],1.0,True,False,True
IndianStreetBets,DeadlyGamer2202,['top'],1.0,True,False,True
IndianStreetBets,Dehydrated__water_,"['latest', 'top']",,False,False,False
IndianStreetBets,Difficult_Abies8802,['top'],2.0,True,False,True
IndianStreetBets,DilliKaLadka,['latest'],1.0,True,False,True
IndianStreetBets,Disastrous-Dig5884,"['latest', 'poster']",8.0,True,True,True
IndianStreetBets,Discussion_09,['latest'],,False,False,False
IndianStreetBets,DrawingVast5765,['top'],,False,False,False
IndianStreetBets,EmotionalQuarter8349,['latest'],0.0,True,False,False
IndianStreetBets,Emotional_Spread7717,"['latest', 'top']",,False,False,False
IndianStreetBets,Environmental_Ad8704,['latest'],,False,False,False
IndianStreetBets,Erianthus,['top'],,False,False,False
IndianStreetBets,Few_Service_2496,['top'],1.0,True,False,True
IndianStreetBets,Fit_Impression7520,['latest'],,False,False,False
IndianStreetBets,FoundationUseful270,['top'],3.0,True,False,True
IndianStreetBets,FruitsPunchSG,['top'],,False,False,False
IndianStreetBets,Fun-Bake5789,['top'],1.0,True,False,True
IndianStreetBets,Ghost-96x,['poster'],12.0,True,True,True
IndianStreetBets,Global_Maize_8944,"['latest', 'top']",0.0,True,False,False
IndianStreetBets,Gloomy_Spare47,['latest'],,False,False,False
IndianStreetBets,GuitarPrudent9564,['latest'],,False,False,False
IndianStreetBets,HR_114,"['latest', 'top']",2.0,True,False,True
IndianStreetBets,HUGE-W,['latest'],,False,False,False
IndianStreetBets,HappyReporter95,['latest'],0.0,True,False,False
IndianStreetBets,Humble_Barracuda_169,['latest'],,False,False,False
IndianStreetBets,IdeatorExplorer,"['poster', 'top']",0.0,True,False,False
IndianStreetBets,ImmediateParamedic58,['top'],0.0,True,False,False
IndianStreetBets,Individual-Oven9410,['top'],0.0,True,False,False
IndianStreetBets,IsAcc0untKoKyaNaamDu,['latest'],,False,False,False
IndianStreetBets,JadedFaithlessness10,['latest'],0.0,True,False,False
IndianStreetBets,Jiggly_Gel,['latest'],0.0,True,False,False
IndianStreetBets,JobStriking8796,['latest'],,False,False,False
IndianStreetBets,KSH_2005,"['latest', 'top']",,False,False,False
IndianStreetBets,KSP4444,"['poster', 'top']",4.0,True,False,True
IndianStreetBets,KamiSama169,"['latest', 'top']",,False,False,False
IndianStreetBets,KararaAloo,['top'],,False,False,False
IndianStreetBets,Killthatpussy,['top'],0.0,True,False,False
IndianStreetBets,Kooky_Pound,['top'],,False,False,False
IndianStreetBets,Krankenitrate,['poster'],6.0,True,True,True
IndianStreetBets,LazyAd7772,['latest'],,False,False,False
IndianStreetBets,Legal-Hyena--,['top'],,False,False,False
IndianStreetBets,Lift_Kara_De,"['poster', 'top']",,False,False,False
IndianStreetBets,Living-Caregiver-701,['latest'],,False,False,False
IndianStreetBets,LogicalBeast26,['top'],2.0,True,False,True
IndianStreetBets,LogicalSpare4403,['poster'],2.0,True,False,True
IndianStreetBets,Lone_Soldier_Hope,['latest'],,False,False,False
IndianStreetBets,MarketObserver_IN,['latest'],0.0,True,False,False
IndianStreetBets,Marketdepth0,['latest'],,False,False,False
IndianStreetBets,Mjolnir404,['latest'],,False,False,False
IndianStreetBets,ModiDeshChodi,['latest'],,False,False,False
IndianStreetBets,Most-Comparison-1674,['latest'],,False,False,False
IndianStreetBets,Mr-nobody-1,['top'],0.0,True,False,False
IndianStreetBets,Narrow_Ad_5764,['top'],,False,False,False
IndianStreetBets,NeatComfortable4,['latest'],,False,False,False
IndianStreetBets,Negative-Elephant-29,['top'],2.0,True,False,True
IndianStreetBets,NewWheelView,['latest'],2.0,True,False,True
IndianStreetBets,Next-Illustrator-311,['latest'],,False,False,False
IndianStreetBets,NikhilDoWhile,"['latest', 'top']",0.0,True,False,False
IndianStreetBets,No-AI-Comment,['top'],2.0,True,False,True
IndianStreetBets,NoNefariousness4657,['latest'],,False,False,False
IndianStreetBets,Noitswrong,"['latest', 'top']",,False,False,False
IndianStreetBets,Odd_Bid9933,['latest'],,False,False,False
IndianStreetBets,Old_Lychee1525,['latest'],,False,False,False
IndianStreetBets,One-Blackberry-3958,['latest'],,False,False,False
IndianStreetBets,OnlyFemboys777,['top'],2.0,True,False,True
IndianStreetBets,Optimizer_OP,"['latest', 'top']",,False,False,False
IndianStreetBets,Owl_Researcher_6372,"['latest', 'top']",,False,False,False
IndianStreetBets,Pale-Share-8451,"['latest', 'top']",,False,False,False
IndianStreetBets,Pandey_Ji_Online,['latest'],,False,False,False
IndianStreetBets,Parking-Patience5067,['latest'],,False,False,False
IndianStreetBets,PassionExternal4272,['top'],,False,False,False
IndianStreetBets,Passloc,['latest'],2.0,True,False,True
IndianStreetBets,Past_Account5380,['latest'],,False,False,False
IndianStreetBets,PayFabulous4807,['top'],2.0,True,False,True
IndianStreetBets,Playful_Diamond_738,['latest'],,False,False,False
IndianStreetBets,PointySalt,['latest'],2.0,True,False,True
IndianStreetBets,PossibleLow6990,['latest'],,False,False,False
IndianStreetBets,Powerful-Set-5754,['latest'],1.0,True,False,True
IndianStreetBets,Powerful_Tough_7977,['latest'],,False,False,False
IndianStreetBets,Pr0f35s0R,['latest'],0.0,True,False,False
IndianStreetBets,Primary-Item4727,"['latest', 'top']",0.0,True,False,False
IndianStreetBets,QuantumFarticles,['top'],,False,False,False
IndianStreetBets,Redd1897,['latest'],3.0,True,False,True
IndianStreetBets,Redd9647,['top'],,False,False,False
IndianStreetBets,RockitX_dot_com,"['latest', 'top']",,False,False,False
IndianStreetBets,Roller2424,"['latest', 'top']",,False,False,False
IndianStreetBets,Rude-Eye-9217,['top'],,False,False,False
IndianStreetBets,Sad_Compote_2495,['top'],2.0,True,False,True
IndianStreetBets,Saikumar_G,['top'],,False,False,False
IndianStreetBets,Saizou1991,['latest'],2.0,True,False,True
IndianStreetBets,Shoddy-Department-80,"['latest', 'top']",,False,False,False
IndianStreetBets,ShootingStar451,['latest'],,False,False,False
IndianStreetBets,Short_Influence_2613,['top'],,False,False,False
IndianStreetBets,SilverBlade67789,['latest'],,False,False,False
IndianStreetBets,Simple_Pollution_444,['latest'],,False,False,False
IndianStreetBets,Sir_speeds_alot,['top'],1.0,True,False,True
IndianStreetBets,SoulhuterR,['latest'],,False,False,False
IndianStreetBets,SpiritedActuator4246,['latest'],,False,False,False
IndianStreetBets,StarkAndRobotic,['top'],2.0,True,False,True
IndianStreetBets,Still-Wonder5426,['latest'],,False,False,False
IndianStreetBets,Stock-Willingness-73,['latest'],,False,False,False
IndianStreetBets,Stoxiq,"['latest', 'poster']",4.0,True,False,True
IndianStreetBets,Straight_Chicken_774,"['latest', 'top']",,False,False,False
IndianStreetBets,SubstantialRegion932,"['latest', 'top']",2.0,True,False,True
IndianStreetBets,Sun_Namah,['latest'],3.0,True,False,True
IndianStreetBets,Sure_Operation_783,['top'],,False,False,False
IndianStreetBets,Technical-Use-5561,['latest'],,False,False,False
IndianStreetBets,Tesla_laughs,['top'],,False,False,False
IndianStreetBets,TheProvost,['latest'],,False,False,False
IndianStreetBets,Thick_Patience_8515,['top'],1.0,True,False,True
IndianStreetBets,ThisCranberry3665,"['latest', 'top']",,False,False,False
IndianStreetBets,TimeVendor,['top'],4.0,True,False,True
IndianStreetBets,Traditional_Cry5481,['latest'],,False,False,False
IndianStreetBets,Tris_Memba,['top'],6.0,True,True,True
IndianStreetBets,United_Gamer_Morcha,['latest'],1.0,True,False,True
IndianStreetBets,VaibhavMundra-,['top'],,False,False,False
IndianStreetBets,Viagra-Trader-60,"['poster', 'top']",3.0,True,False,True
IndianStreetBets,Vivid_Tamper,['latest'],0.0,True,False,False
IndianStreetBets,VulcanSpark,['latest'],0.0,True,False,False
IndianStreetBets,Wandering_Calamity,['latest'],,False,False,False
IndianStreetBets,Wide-Read9355,['poster'],,False,False,False
IndianStreetBets,Witty-Ad3907,['top'],,False,False,False
IndianStreetBets,Wolf_Of_DalalStreet2,['top'],,False,False,False
IndianStreetBets,Worth_Toucan3419,['top'],,False,False,False
IndianStreetBets,YehDilMaaangeMore,"['latest', 'top']",8.0,True,True,True
IndianStreetBets,Zestyclose_Web_6331,"['latest', 'top']",2.0,True,False,True
IndianStreetBets,Zeus_Dadddy,"['latest', 'top']",0.0,True,False,False
IndianStreetBets,_Floydimus,['top'],8.0,True,True,True
IndianStreetBets,_Varuna_G,['top'],,False,False,False
IndianStreetBets,_nitd27_,['latest'],,False,False,False
IndianStreetBets,ai_investor77,['latest'],2.0,True,False,True
IndianStreetBets,ajeeb_gandu,['top'],6.0,True,True,True
IndianStreetBets,anatheistinindia,['latest'],0.0,True,False,False
IndianStreetBets,and-it-ended,['latest'],,False,False,False
IndianStreetBets,anikkket,['top'],0.0,True,False,False
IndianStreetBets,apple_man88,"['latest', 'poster', 'top']",8.0,True,True,True
IndianStreetBets,arnavbarbaad,['poster'],2.0,True,False,True
IndianStreetBets,arpitjn,['top'],,False,False,False
IndianStreetBets,ashishgupta9832,['latest'],0.0,True,False,False
IndianStreetBets,avocadopotato123,['top'],1.0,True,False,True
IndianStreetBets,blackknight_a,"['latest', 'top']",,False,False,False
IndianStreetBets,brightgreenhorizon,['latest'],,False,False,False
IndianStreetBets,chitownboyhere,['top'],3.0,True,False,True
IndianStreetBets,cidcaller,['latest'],0.0,True,False,False
IndianStreetBets,cuntsmacking,['latest'],0.0,True,False,False
IndianStreetBets,cupcakescanfly1434,['latest'],,False,False,False
IndianStreetBets,curiosity3001,['top'],,False,False,False
IndianStreetBets,darwinevo,['top'],1.0,True,False,True
IndianStreetBets,datadumbo,['latest'],4.0,True,False,True
IndianStreetBets,dettergent,['latest'],0.0,True,False,False
IndianStreetBets,dev_Ku,['top'],1.0,True,False,True
IndianStreetBets,dorkymammal,['top'],,False,False,False
IndianStreetBets,dramitppt,['poster'],0.0,True,False,False
IndianStreetBets,e0xz,['latest'],,False,False,False
IndianStreetBets,etrast75,['top'],2.0,True,False,True
IndianStreetBets,freakedmind,['latest'],1.0,True,False,True
IndianStreetBets,freaky__myra,"['latest', 'top']",,False,False,False
IndianStreetBets,gahual_randhi,['latest'],,False,False,False
IndianStreetBets,go_with_the_flow45,"['latest', 'top']",,False,False,False
IndianStreetBets,green_tomato_69,"['latest', 'top']",3.0,True,False,True
IndianStreetBets,iphone4Suser,['top'],2.0,True,False,True
IndianStreetBets,ironicalbanda,['latest'],0.0,True,False,False
IndianStreetBets,ismyaltaccount,"['latest', 'top']",4.0,True,False,True
IndianStreetBets,iwasagoatonce,['top'],0.0,True,False,False
IndianStreetBets,jarvis123451254,['top'],1.0,True,False,True
IndianStreetBets,jw11235,['top'],0.0,True,False,False
IndianStreetBets,kajnbagoat7,['latest'],1.0,True,False,True
IndianStreetBets,kathuriasanjay,['poster'],1.0,True,False,True
IndianStreetBets,kpdon1,"['latest', 'top']",0.0,True,False,False
IndianStreetBets,mercury_50,"['latest', 'top']",0.0,True,False,False
IndianStreetBets,messi_pewdiepie,['latest'],4.0,True,False,True
IndianStreetBets,mha666666,['poster'],,False,False,False
IndianStreetBets,mridulpj,"['latest', 'top']",,False,False,False
IndianStreetBets,mxforest,['top'],4.0,True,False,True
IndianStreetBets,name-immaterial,['top'],,False,False,False
IndianStreetBets,narasadow,"['latest', 'top']",1.0,True,False,True
IndianStreetBets,nazreinmilaana,"['latest', 'poster', 'top']",,False,False,False
IndianStreetBets,nom_nom_son,"['latest', 'top']",0.0,True,False,False
IndianStreetBets,nse_yolo,['top'],1.0,True,False,True
IndianStreetBets,overallpersonality8,['top'],2.0,True,False,True
IndianStreetBets,peaked_in_high_skool,"['poster', 'top']",8.0,True,True,True
IndianStreetBets,piezod,['latest'],2.0,True,False,True
IndianStreetBets,reddit_guy666,['latest'],2.0,True,False,True
IndianStreetBets,robininfinities,['top'],0.0,True,False,False
IndianStreetBets,romka79,['latest'],6.0,True,True,True
IndianStreetBets,san2375,['poster'],,False,False,False
IndianStreetBets,sanjeevkhatoi,['latest'],0.0,True,False,False
IndianStreetBets,science55centre,['latest'],,False,False,False
IndianStreetBets,shaileshbahuguna02,['top'],,False,False,False
IndianStreetBets,sharmaji_ka_padosi,"['latest', 'top']",0.0,True,False,False
IndianStreetBets,shub1991,['top'],,False,False,False
IndianStreetBets,sir-cum-season,"['latest', 'top']",,False,False,False
IndianStreetBets,sk2592,['latest'],0.0,True,False,False
IndianStreetBets,sk_jawla,"['latest', 'top']",,False,False,False
IndianStreetBets,skullshatter0123,"['latest', 'top']",0.0,True,False,False
IndianStreetBets,smallbanana33,['top'],,False,False,False
IndianStreetBets,stargazerphenomenon,['top'],0.0,True,False,False
IndianStreetBets,sumandas094,['top'],6.0,True,True,True
IndianStreetBets,surprisinglycool,['latest'],,False,False,False
IndianStreetBets,unluckyiest,['latest'],1.0,True,False,True
IndianStreetBets,urfrndsandy,"['latest', 'top']",,False,False,False
IndianStreetBets,vanardamko,['latest'],0.0,True,False,False
IndianStreetBets,vidushak0,['top'],2.0,True,False,True
IndianStreetBets,windeemind,['top'],,False,False,False
IndianStreetBets,wowo_cat,['latest'],,False,False,False
IndianStreetBets,yantrik,"['latest', 'top']",2.0,True,False,True
IndianStreetBets,yung_intellectual,"['poster', 'top']",2.0,True,False,True
IndianStreetBets,zzzehar,['top'],,False,False,False
InstaCelebsGossip,5MilfsmoreSpills,['latest'],,False,False,False
InstaCelebsGossip,Acceptable-Road2305,['top'],1.0,True,False,True
InstaCelebsGossip,ActiveStuff123,['latest'],0.0,True,False,False
InstaCelebsGossip,Additional_Bench_667,['top'],2.0,True,False,True
InstaCelebsGossip,Adorable-Distance-63,['latest'],,False,False,False
InstaCelebsGossip,Aggravating_Creme617,['poster'],,False,False,False
InstaCelebsGossip,AlliterationAlly,"['latest', 'top']",2.0,True,False,True
InstaCelebsGossip,AlooParathewithcum,"['latest', 'top']",4.0,True,False,True
InstaCelebsGossip,Anisha7,['latest'],0.0,True,False,False
InstaCelebsGossip,Antique_Note5511,['latest'],,False,False,False
InstaCelebsGossip,Anxious_Increase5362,['top'],1.0,True,False,True
InstaCelebsGossip,Any-Bodybuilder3758,['latest'],,False,False,False
InstaCelebsGossip,Aware_Class_1716,"['latest', 'top']",,False,False,False
InstaCelebsGossip,Ayaanimate,"['latest', 'top']",,False,False,False
InstaCelebsGossip,Baddie-patroller,['top'],,False,False,False
InstaCelebsGossip,BarberBoring,['top'],0.0,True,False,False
InstaCelebsGossip,Bed_Tundy_11,"['latest', 'top']",,False,False,False
InstaCelebsGossip,Being_Prats,"['latest', 'top']",0.0,True,False,False
InstaCelebsGossip,Bellbell28,['latest'],,False,False,False
InstaCelebsGossip,BeneficialBridge7389,['top'],0.0,True,False,False
InstaCelebsGossip,Bhootnichurail,['latest'],,False,False,False
InstaCelebsGossip,BlankCheck_96,['latest'],0.0,True,False,False
InstaCelebsGossip,Bubbly-Airline-5141,['poster'],,False,False,False
InstaCelebsGossip,BubblyAd8472,['latest'],,False,False,False
InstaCelebsGossip,CJP_GIRL,['latest'],,False,False,False
InstaCelebsGossip,Chaii_Lover,['latest'],4.0,True,False,True
InstaCelebsGossip,Champ_610,"['latest', 'top']",,False,False,False
InstaCelebsGossip,Chemical-Salary-8145,"['latest', 'top']",0.0,True,False,False
InstaCelebsGossip,Cherry_cola28,['latest'],,False,False,False
InstaCelebsGossip,Child_of_destiny99,['latest'],1.0,True,False,True
InstaCelebsGossip,Conscious_Idea_6987,"['latest', 'top']",1.0,True,False,True
InstaCelebsGossip,Consistent_Net_6038,['top'],,False,False,False
InstaCelebsGossip,CryptographerIll9118,['top'],0.0,True,False,False
InstaCelebsGossip,Curieous7,['top'],0.0,True,False,False
InstaCelebsGossip,Dahijalebi20,['top'],16.0,True,True,True
InstaCelebsGossip,Dark-Parkin,['latest'],,False,False,False
InstaCelebsGossip,DemonessOfPleasure,"['latest', 'top']",,False,False,False
InstaCelebsGossip,Diligent_Cap1898,"['latest', 'top']",,False,False,False
InstaCelebsGossip,DragonDeninSharkTank,"['poster', 'top']",16.0,True,True,True
InstaCelebsGossip,Elegant-Speech2427,['latest'],,False,False,False
InstaCelebsGossip,Emotional-Aspect-86,['top'],2.0,True,False,True
InstaCelebsGossip,Emotional-Spite-6675,['latest'],,False,False,False
InstaCelebsGossip,EnvironmentalAir2719,['top'],,False,False,False
InstaCelebsGossip,ExaminationFail25,['latest'],4.0,True,False,True
InstaCelebsGossip,External_Warning9773,"['latest', 'top']",,False,False,False
InstaCelebsGossip,Extreme-Skirt-5797,['top'],4.0,True,False,True
InstaCelebsGossip,Fantastic-Ebb14,['latest'],2.0,True,False,True
InstaCelebsGossip,Far-Culture8890,['poster'],,False,False,False
InstaCelebsGossip,FarmAffectionate4378,['latest'],,False,False,False
InstaCelebsGossip,Fearless_Reality5950,['latest'],,False,False,False
InstaCelebsGossip,Feisty-Technician733,['top'],,False,False,False
InstaCelebsGossip,Fine-Extension-6397,['top'],,False,False,False
InstaCelebsGossip,FirefighterSea2108,['top'],,False,False,False
InstaCelebsGossip,Firm-Principle9637,['top'],,False,False,False
InstaCelebsGossip,Formal-Beat-4292,"['latest', 'top']",,False,False,False
InstaCelebsGossip,FrequentAd5943,"['latest', 'top']",,False,False,False
InstaCelebsGossip,Frosty-Algae-2316,['top'],2.0,True,False,True
InstaCelebsGossip,GazelleFew2636,"['latest', 'top']",,False,False,False
InstaCelebsGossip,HauntingOil3491,"['latest', 'top']",,False,False,False
InstaCelebsGossip,Heavy_Imagination768,['top'],,False,False,False
InstaCelebsGossip,Hippotamuss,"['latest', 'top']",0.0,True,False,False
InstaCelebsGossip,Historical-Theory671,['top'],,False,False,False
InstaCelebsGossip,Icy-Ladder2099,['top'],,False,False,False
InstaCelebsGossip,ImmediateJacket9502,['latest'],1.0,True,False,True
InstaCelebsGossip,Impressive_Half5000,['latest'],0.0,True,False,False
InstaCelebsGossip,Independent-Task1225,['top'],,False,False,False
InstaCelebsGossip,Independent_Good_858,['poster'],,False,False,False
InstaCelebsGossip,InfiniteSinners,['latest'],,False,False,False
InstaCelebsGossip,Koki-noki,['latest'],12.0,True,True,True
InstaCelebsGossip,Kuch-to-log-bolenge,['poster'],8.0,True,True,True
InstaCelebsGossip,Lazy_Delay_9047,['latest'],,False,False,False
InstaCelebsGossip,Leather-Ad2276,"['latest', 'top']",,False,False,False
InstaCelebsGossip,Life-Eggplant6761,['poster'],0.0,True,False,False
InstaCelebsGossip,Liloink29,['latest'],2.0,True,False,True
InstaCelebsGossip,Lonely-Ordinary1478,"['poster', 'top']",12.0,True,True,True
InstaCelebsGossip,Low_Laugh_8139,['latest'],,False,False,False
InstaCelebsGossip,Maleficent_Night_193,"['poster', 'top']",,False,False,False
InstaCelebsGossip,Medicalmembership3,['top'],,False,False,False
InstaCelebsGossip,Misa_22,['latest'],,False,False,False
InstaCelebsGossip,Mobile_Tart9710,['top'],,False,False,False
InstaCelebsGossip,Moist_Point2300,['top'],2.0,True,False,True
InstaCelebsGossip,Motor-Ant391,['top'],,False,False,False
InstaCelebsGossip,Mozam8,['poster'],,False,False,False
InstaCelebsGossip,Much-Mess7627,['latest'],8.0,True,True,True
InstaCelebsGossip,NE_FinanceBro,['latest'],,False,False,False
InstaCelebsGossip,Neebaadentira,['latest'],,False,False,False
InstaCelebsGossip,Negative-Ad-6919,['top'],0.0,True,False,False
InstaCelebsGossip,NightFury0711,['latest'],,False,False,False
InstaCelebsGossip,No-Atmosphere-4111,['top'],,False,False,False
InstaCelebsGossip,NoRecommendation4005,['top'],,False,False,False
InstaCelebsGossip,No_Cranberry_8363,['top'],4.0,True,False,True
InstaCelebsGossip,No_Divide2258,"['latest', 'top']",,False,False,False
InstaCelebsGossip,No_Palpitation2579,['top'],,False,False,False
InstaCelebsGossip,No_Telephone_2710,['latest'],,False,False,False
InstaCelebsGossip,No_Working5412,['latest'],,False,False,False
InstaCelebsGossip,Ok-Blackberry-3789,['latest'],,False,False,False
InstaCelebsGossip,Ok-Connection3735,['latest'],,False,False,False
InstaCelebsGossip,Ok-Succotash1513,"['latest', 'top']",,False,False,False
InstaCelebsGossip,Ok_Huckleberry7273,['top'],4.0,True,False,True
InstaCelebsGossip,OkayWTF_bob,['poster'],,False,False,False
InstaCelebsGossip,OnePerception3107,['top'],,False,False,False
InstaCelebsGossip,Opening_Evening2,['poster'],,False,False,False
InstaCelebsGossip,OpinionFun8018,['latest'],0.0,True,False,False
InstaCelebsGossip,Optimal-Web-,['latest'],0.0,True,False,False
InstaCelebsGossip,OutsideOver8815,['latest'],,False,False,False
InstaCelebsGossip,Own-Art3757,['top'],,False,False,False
InstaCelebsGossip,ParrotWithWifi,['top'],0.0,True,False,False
InstaCelebsGossip,Particular-Theme1274,['top'],,False,False,False
InstaCelebsGossip,Past-Meal-4847,['latest'],,False,False,False
InstaCelebsGossip,PensionMany3658,['latest'],2.0,True,False,True
InstaCelebsGossip,Physical_Name_3371,['latest'],1.0,True,False,True
InstaCelebsGossip,Pitiful_Citron_820,['latest'],0.0,True,False,False
InstaCelebsGossip,Plane_Strawberry_135,['latest'],2.0,True,False,True
InstaCelebsGossip,Plastic-Oven-9659,['top'],,False,False,False
InstaCelebsGossip,Pleasant_Comb7170,['latest'],,False,False,False
InstaCelebsGossip,PoetPitiful239489,"['latest', 'top']",2.0,True,False,True
InstaCelebsGossip,Pointless_Birth,['latest'],,False,False,False
InstaCelebsGossip,Present-Juice-2561,['poster'],,False,False,False
InstaCelebsGossip,Present-Location-268,['latest'],2.0,True,False,True
InstaCelebsGossip,Pretend_Support_6193,['top'],2.0,True,False,True
InstaCelebsGossip,Pristine-Run-9747,['top'],,False,False,False
InstaCelebsGossip,Purple-Obligation-89,"['latest', 'top']",0.0,True,False,False
InstaCelebsGossip,PurpleBasis4844,['poster'],,False,False,False
InstaCelebsGossip,Quirky_Lemon_6942,['latest'],,False,False,False
InstaCelebsGossip,ReferenceExact5261,['top'],4.0,True,False,True
InstaCelebsGossip,Remarkable-One-7436,['latest'],,False,False,False
InstaCelebsGossip,ReporterFun5183,"['latest', 'top']",,False,False,False
InstaCelebsGossip,Repulsive_Impress729,['latest'],,False,False,False
InstaCelebsGossip,Responsible-Ebb7064,"['latest', 'top']",,False,False,False
InstaCelebsGossip,Rich_Cat811,['latest'],0.0,True,False,False
InstaCelebsGossip,Rude_Buy_7496,['latest'],,False,False,False
InstaCelebsGossip,Sad_Construction2477,['top'],,False,False,False
InstaCelebsGossip,Sheetal-41,['latest'],,False,False,False
InstaCelebsGossip,Shoddy-Cartoonist-23,['top'],,False,False,False
InstaCelebsGossip,Similar-Street-8247,['latest'],12.0,True,True,True
InstaCelebsGossip,SirenNoir444,['poster'],,False,False,False
InstaCelebsGossip,SmoothSpell7918,"['poster', 'top']",0.0,True,False,False
InstaCelebsGossip,Snowdrop18,['latest'],,False,False,False
InstaCelebsGossip,Solid_Charity2570,"['latest', 'top']",,False,False,False
InstaCelebsGossip,SouthernResist4841,['top'],,False,False,False
InstaCelebsGossip,SpringEastern890,"['latest', 'top']",,False,False,False
InstaCelebsGossip,Successful_Cry_4972,['latest'],,False,False,False
InstaCelebsGossip,Sudden-Yard-4052,['top'],,False,False,False
InstaCelebsGossip,Sweaty_Werewolf_5749,['latest'],,False,False,False
InstaCelebsGossip,TangerineMaximum1471,['latest'],,False,False,False
InstaCelebsGossip,TaraLadka,['latest'],2.0,True,False,True
InstaCelebsGossip,TasteOk735,['top'],0.0,True,False,False
InstaCelebsGossip,That-Preference733,"['latest', 'top']",,False,False,False
InstaCelebsGossip,TheMaleMemory,['latest'],,False,False,False
InstaCelebsGossip,Tiny-Restaurant2173,['latest'],,False,False,False
InstaCelebsGossip,TrickProject2646,['top'],,False,False,False
InstaCelebsGossip,Trick_Mortgage_3452,['top'],16.0,True,True,True
InstaCelebsGossip,UnitedWombat,['latest'],,False,False,False
InstaCelebsGossip,United_Engine_5719,"['latest', 'top']",,False,False,False
InstaCelebsGossip,Used_Tie_6843,['latest'],,False,False,False
InstaCelebsGossip,Veronicdasexy,['top'],,False,False,False
InstaCelebsGossip,Waaallflower,"['latest', 'top']",,False,False,False
InstaCelebsGossip,Warrior-spirit69,['latest'],2.0,True,False,True
InstaCelebsGossip,WeepingDeveloper,['latest'],,False,False,False
InstaCelebsGossip,Wintercat99,['top'],2.0,True,False,True
InstaCelebsGossip,Wiserman69,['latest'],,False,False,False
InstaCelebsGossip,Yogi10997,['top'],,False,False,False
InstaCelebsGossip,Ziyaaa29,['top'],,False,False,False
InstaCelebsGossip,_Buriburi_Zaemon,"['latest', 'top']",2.0,True,False,True
InstaCelebsGossip,_HornyPhilosopher_,['latest'],0.0,True,False,False
InstaCelebsGossip,_SaMaX_,['latest'],,False,False,False
InstaCelebsGossip,ajay6o9i,"['latest', 'top']",,False,False,False
InstaCelebsGossip,akamikasa,"['poster', 'top']",6.0,True,True,True
InstaCelebsGossip,arina_0730,['top'],12.0,True,True,True
InstaCelebsGossip,biryanikaghulam,['latest'],12.0,True,True,True
InstaCelebsGossip,blinksTooLess,['latest'],2.0,True,False,True
InstaCelebsGossip,blushinmyblood,['top'],2.0,True,False,True
InstaCelebsGossip,cutiepie282,['top'],,False,False,False
InstaCelebsGossip,dagmagdolaa,"['latest', 'top']",,False,False,False
InstaCelebsGossip,damn_it_88,['latest'],,False,False,False
InstaCelebsGossip,dhehshegegs,['latest'],,False,False,False
InstaCelebsGossip,diwamatkar,"['latest', 'top']",1.0,True,False,True
InstaCelebsGossip,doctorr__Doom,['poster'],12.0,True,True,True
InstaCelebsGossip,ekdumsaras,"['latest', 'top']",1.0,True,False,True
InstaCelebsGossip,fcukitletsgo,"['latest', 'top']",2.0,True,False,True
InstaCelebsGossip,fireflyyyyyy6272,['poster'],,False,False,False
InstaCelebsGossip,forever29_,['top'],,False,False,False
InstaCelebsGossip,gaurav_2124,['latest'],,False,False,False
InstaCelebsGossip,gloriousterry_38,['top'],,False,False,False
InstaCelebsGossip,goneboy_013,['latest'],,False,False,False
InstaCelebsGossip,greenmarigold,['top'],,False,False,False
InstaCelebsGossip,holdmybira,['latest'],,False,False,False
InstaCelebsGossip,hurricane_news,['latest'],1.0,True,False,True
InstaCelebsGossip,hypnoticpoison_21,['top'],,False,False,False
InstaCelebsGossip,informal_news11,['top'],,False,False,False
InstaCelebsGossip,iranoticgeee,"['latest', 'top']",0.0,True,False,False
InstaCelebsGossip,kaychyakay,"['latest', 'top']",8.0,True,True,True
InstaCelebsGossip,keaaaahere,"['latest', 'top']",,False,False,False
InstaCelebsGossip,kneepaindespot,"['latest', 'top']",1.0,True,False,True
InstaCelebsGossip,kyesto_,['top'],,False,False,False
InstaCelebsGossip,lastuserofworld,"['latest', 'top']",,False,False,False
InstaCelebsGossip,lonelyCobra,['top'],2.0,True,False,True
InstaCelebsGossip,lootnscoot12,['latest'],,False,False,False
InstaCelebsGossip,lost_laila,['top'],,False,False,False
InstaCelebsGossip,lostsarcasm8,['top'],,False,False,False
InstaCelebsGossip,love-you-zindagi,"['latest', 'top']",,False,False,False
InstaCelebsGossip,macnmunch,['latest'],0.0,True,False,False
InstaCelebsGossip,mahikayadav25,['latest'],,False,False,False
InstaCelebsGossip,majime_11,"['latest', 'top']",0.0,True,False,False
InstaCelebsGossip,maple010,"['latest', 'top']",0.0,True,False,False
InstaCelebsGossip,mayudhon,['latest'],4.0,True,False,True
InstaCelebsGossip,mistywihm,['top'],,False,False,False
InstaCelebsGossip,needaloginname,['top'],,False,False,False
InstaCelebsGossip,neurotoxics,['top'],2.0,True,False,True
InstaCelebsGossip,niharikaa_6,['latest'],,False,False,False
InstaCelebsGossip,noicejakenoice,['top'],,False,False,False
InstaCelebsGossip,nosargeitwasntme,"['latest', 'top']",2.0,True,False,True
InstaCelebsGossip,notorious-slippery,['latest'],2.0,True,False,True
InstaCelebsGossip,notyourgoall,"['latest', 'top']",2.0,True,False,True
InstaCelebsGossip,nshub5741,['latest'],4.0,True,False,True
InstaCelebsGossip,nunnonenomnom,"['latest', 'top']",,False,False,False
InstaCelebsGossip,phhheeeeeeelnotphil,['top'],,False,False,False
InstaCelebsGossip,pinkjuless_,['latest'],,False,False,False
InstaCelebsGossip,premprem18,['latest'],,False,False,False
InstaCelebsGossip,psylliumhusk0277,"['latest', 'top']",,False,False,False
InstaCelebsGossip,rashibaddie,['latest'],,False,False,False
InstaCelebsGossip,sbartist,"['latest', 'top']",0.0,True,False,False
InstaCelebsGossip,scar_hand_,['top'],,False,False,False
InstaCelebsGossip,siddu_ghee,['top'],,False,False,False
InstaCelebsGossip,sidmis,['top'],9.0,True,True,True
InstaCelebsGossip,silent_drmz,['latest'],0.0,True,False,False
InstaCelebsGossip,sivm36,['latest'],,False,False,False
InstaCelebsGossip,smileflower__,['top'],,False,False,False
InstaCelebsGossip,sparkwolther009,"['latest', 'top']",4.0,True,False,True
InstaCelebsGossip,srvx1,['latest'],,False,False,False
InstaCelebsGossip,suvs22,['top'],,False,False,False
InstaCelebsGossip,tandooriboobs,['top'],3.0,True,False,True
InstaCelebsGossip,tea_accepted,['top'],1.0,True,False,True
InstaCelebsGossip,tealisious_,"['latest', 'poster', 'top']",6.0,True,True,True
InstaCelebsGossip,the3wolfff,['latest'],,False,False,False
InstaCelebsGossip,thestainedbob,['latest'],,False,False,False
InstaCelebsGossip,tiramikd,"['latest', 'top']",,False,False,False
InstaCelebsGossip,user009231267,['top'],0.0,True,False,False
InstaCelebsGossip,vampiredfox,['top'],,False,False,False
InstaCelebsGossip,vanillastrawberry7,['top'],,False,False,False
InstaCelebsGossip,voidinvelvet,['top'],0.0,True,False,False
InstaCelebsGossip,wsnigg_,"['latest', 'top']",,False,False,False
InstaCelebsGossip,xEpic,['latest'],,False,False,False
InstaCelebsGossip,zindagijhandba,"['latest', 'top']",0.0,True,False,False
InstaCelebsGossip,zonedoutforeve,['top'],,False,False,False
JEENEETards,ADITYAbanned,['latest'],,False,False,False
JEENEETards,AR_somnia,"['latest', 'top']",,False,False,False
JEENEETards,Aalukhao2009,['top'],,False,False,False
JEENEETards,Aaryanhehe,['latest'],,False,False,False
JEENEETards,According-Bonus-6102,"['latest', 'top']",1.0,True,False,True
JEENEETards,Accurate_Welcome3121,['top'],1.0,True,False,True
JEENEETards,Acrobatic-Rip-6811,['latest'],,False,False,False
JEENEETards,AdhesivenessBorn1422,['top'],,False,False,False
JEENEETards,Advanced-Baker7186,['latest'],,False,False,False
JEENEETards,Affectionate_Ship230,"['latest', 'top']",,False,False,False
JEENEETards,AlbusBriamDumbledore,['latest'],1.0,True,False,True
JEENEETards,Ambitious-Goal6237,"['latest', 'top']",,False,False,False
JEENEETards,Ancient-Turnip-4426,['top'],2.0,True,False,True
JEENEETards,AntCritical6836,['latest'],0.0,True,False,False
JEENEETards,Any-Calligrapher2866,"['latest', 'top']",9.0,True,True,True
JEENEETards,BIood_moon,['latest'],,False,False,False
JEENEETards,Badmash_onion,['poster'],,False,False,False
JEENEETards,Bakasta0_,['top'],2.0,True,False,True
JEENEETards,BetterPersonthanIwas,['latest'],,False,False,False
JEENEETards,BhosariCountySheriff,"['latest', 'top']",,False,False,False
JEENEETards,Big_Distribution_730,['latest'],,False,False,False
JEENEETards,BrainSea5918,"['latest', 'top']",,False,False,False
JEENEETards,CWbyte,['top'],,False,False,False
JEENEETards,Carrer_destroyer,['top'],2.0,True,False,True
JEENEETards,Cautious-Load-9927,['latest'],,False,False,False
JEENEETards,Clean-Friendship4996,['latest'],0.0,True,False,False
JEENEETards,Commercial_Arm6412,['latest'],,False,False,False
JEENEETards,CompanyRelevant1750,['latest'],,False,False,False
JEENEETards,Complete-Stretch2621,['top'],,False,False,False
JEENEETards,Complete_Rain_9111,['top'],,False,False,False
JEENEETards,ComplexBarnacle_257,['top'],,False,False,False
JEENEETards,Constant_Arm_9565,['latest'],1.0,True,False,True
JEENEETards,Content-Lab-5464,"['latest', 'top']",1.0,True,False,True
JEENEETards,CuriousOrdinary3324,"['latest', 'top']",1.0,True,False,True
JEENEETards,CutePoha_,"['latest', 'top']",,False,False,False
JEENEETards,DareDeveloperZoro,"['latest', 'top']",,False,False,False
JEENEETards,DarkexGG,"['latest', 'top']",2.0,True,False,True
JEENEETards,Disastrous_Body9196,"['latest', 'top']",1.0,True,False,True
JEENEETards,Double-Gate3159,['top'],,False,False,False
JEENEETards,Downtown-Tangelo-851,['top'],,False,False,False
JEENEETards,Due_Potato8080,"['latest', 'top']",2.0,True,False,True
JEENEETards,EarBig2833,['latest'],,False,False,False
JEENEETards,Educational-Grab7830,['top'],2.0,True,False,True
JEENEETards,Ehh_littlecomment,['latest'],2.0,True,False,True
JEENEETards,Estacy007,['top'],,False,False,False
JEENEETards,Euphoric-Record816,['top'],,False,False,False
JEENEETards,EvilAssDrinker001,['latest'],,False,False,False
JEENEETards,ExpressionPrevious14,['latest'],0.0,True,False,False
JEENEETards,Fantastic-Ebb14,['latest'],2.0,True,False,True
JEENEETards,Far-Culture8890,['poster'],,False,False,False
JEENEETards,Final-Mortgage4673,['latest'],,False,False,False
JEENEETards,Flat-Highway-7152,['latest'],0.0,True,False,False
JEENEETards,FlippinGamerINK,['latest'],0.0,True,False,False
JEENEETards,Frosty-Bandicoot3896,['top'],,False,False,False
JEENEETards,GatarKaPaani,['top'],,False,False,False
JEENEETards,GokuSolosCope,['latest'],0.0,True,False,False
JEENEETards,Good_Poet6222,['top'],,False,False,False
JEENEETards,Great-Tale-5519,['latest'],,False,False,False
JEENEETards,Heavy_Event_2433,['latest'],,False,False,False
JEENEETards,HelpMeInChem,['top'],,False,False,False
JEENEETards,Hopeful_Ad1496,['top'],6.0,True,True,True
JEENEETards,Hopeful_Delay_7627,['top'],,False,False,False
JEENEETards,HopelessEngineer_,['top'],,False,False,False
JEENEETards,Horror-1-Effective,['top'],2.0,True,False,True
JEENEETards,Ill-Advice-4253,"['latest', 'top']",,False,False,False
JEENEETards,Ill_Midnight_1449,['poster'],6.0,True,True,True
JEENEETards,ImBadGuyInEveryStory,"['latest', 'top']",,False,False,False
JEENEETards,ImaginaryCommon7641,['latest'],,False,False,False
JEENEETards,Impressive_Caus,['latest'],,False,False,False
JEENEETards,Independent_Boot217,['top'],,False,False,False
JEENEETards,IndividualVisual1546,['top'],1.0,True,False,True
JEENEETards,InsaneGuy9,['latest'],0.0,True,False,False
JEENEETards,ItzFantasy_,['latest'],,False,False,False
JEENEETards,Jevlaas_Ka,['poster'],,False,False,False
JEENEETards,KALIA_KEEDAinshortKK,['top'],3.0,True,False,True
JEENEETards,Katingerr,['latest'],,False,False,False
JEENEETards,KeyFold5975,['top'],,False,False,False
JEENEETards,Kowendabest,['latest'],1.0,True,False,True
JEENEETards,Kuch-to-log-bolenge,"['latest', 'poster', 'top']",8.0,True,True,True
JEENEETards,LanguageOk4256,['top'],1.0,True,False,True
JEENEETards,Last_Collection1085,['top'],,False,False,False
JEENEETards,LatterMaintenance420,['poster'],0.0,True,False,False
JEENEETards,Lazy_Person1604,['latest'],,False,False,False
JEENEETards,Legitimate_Unit_,['latest'],,False,False,False
JEENEETards,LifeguardNearby314,['poster'],,False,False,False
JEENEETards,LifeisCinema29,"['latest', 'top']",,False,False,False
JEENEETards,LightningKeqing,['latest'],2.0,True,False,True
JEENEETards,Limp-Pumpkin7276,['poster'],,False,False,False
JEENEETards,Lol_898,['top'],4.0,True,False,True
JEENEETards,Loose-Rip-5531,['poster'],,False,False,False
JEENEETards,Lopsided_Bar9327,"['latest', 'top']",0.0,True,False,False
JEENEETards,LuffyKarlsefni,['top'],,False,False,False
JEENEETards,MACVXACE,['latest'],,False,False,False
JEENEETards,Main-Meet-5980,['top'],2.0,True,False,True
JEENEETards,Majestic2_7,"['latest', 'top']",1.0,True,False,True
JEENEETards,Maleficent_Law4687,['poster'],,False,False,False
JEENEETards,Mammoth-Way-4351,['top'],2.0,True,False,True
JEENEETards,Melodic_Snow_8748,['top'],1.0,True,False,True
JEENEETards,MenuInternational686,['top'],,False,False,False
JEENEETards,Menudoughy,"['latest', 'top']",,False,False,False
JEENEETards,MiddleMud4078,['top'],,False,False,False
JEENEETards,Minimum_Boss9220,['poster'],,False,False,False
JEENEETards,Most-Recognition2294,"['latest', 'top']",,False,False,False
JEENEETards,MrAnimeB0Y,['top'],,False,False,False
JEENEETards,MrSpy07,['top'],,False,False,False
JEENEETards,Mudihhlover,['top'],,False,False,False
JEENEETards,Mx-47,['latest'],,False,False,False
JEENEETards,Natural-Hour4657,['latest'],,False,False,False
JEENEETards,NeatFinancial7293,['top'],,False,False,False
JEENEETards,Negative_Culture7376,['top'],,False,False,False
JEENEETards,NeighborhoodThen6049,['top'],,False,False,False
JEENEETards,Nilesh_69_,['latest'],,False,False,False
JEENEETards,NoPerformance4830,"['latest', 'top']",1.0,True,False,True
JEENEETards,No_Doctor_7058,['latest'],,False,False,False
JEENEETards,No_Sprinkles_2990,"['poster', 'top']",9.0,True,True,True
JEENEETards,Normal_Sir3194,['top'],,False,False,False
JEENEETards,NotFered,['top'],0.0,True,False,False
JEENEETards,Numerous-Campaign844,['latest'],,False,False,False
JEENEETards,Objective-Clock-2265,['latest'],,False,False,False
JEENEETards,Ok-Head-7895,['top'],,False,False,False
JEENEETards,Ok-Leadership-4268,['top'],,False,False,False
JEENEETards,Ok-Proof7287,"['latest', 'top']",0.0,True,False,False
JEENEETards,Ok_Ask_1403,['latest'],,False,False,False
JEENEETards,Ok_Committee_1027,['latest'],,False,False,False
JEENEETards,Ok_Mastodon_9184,['top'],,False,False,False
JEENEETards,Ok_Reality3778,"['latest', 'top']",,False,False,False
JEENEETards,Ok_Return3725,['poster'],,False,False,False
JEENEETards,Ok_Trade248,"['poster', 'top']",,False,False,False
JEENEETards,One_Basil_5377,['latest'],,False,False,False
JEENEETards,Only_Mine_9033,['top'],,False,False,False
JEENEETards,Otherwise-Nose-5501,['latest'],,False,False,False
JEENEETards,Outside_Dot_6981,['latest'],,False,False,False
JEENEETards,Panic-Calm-Panic,['top'],,False,False,False
JEENEETards,PhotographStunning28,['top'],,False,False,False
JEENEETards,Plenty-Bad559,"['latest', 'top']",,False,False,False
JEENEETards,Prabal_Jee2026,['top'],,False,False,False
JEENEETards,PressureOk4860,"['latest', 'top']",,False,False,False
JEENEETards,Prestigious_Disk3946,['poster'],,False,False,False
JEENEETards,PretendCamel1475,['latest'],,False,False,False
JEENEETards,Primary-Equal9072,['top'],,False,False,False
JEENEETards,Ready_Ad_8058,"['latest', 'top']",,False,False,False
JEENEETards,ReflectionUnlucky172,['latest'],,False,False,False
JEENEETards,Relative-Anxiety-493,['poster'],,False,False,False
JEENEETards,Repulsive_Scene4726,['latest'],1.0,True,False,True
JEENEETards,ResolutionBig1994,['latest'],,False,False,False
JEENEETards,RisingwithVibes,"['latest', 'top']",,False,False,False
JEENEETards,Romantic-Homicide999,['top'],,False,False,False
JEENEETards,Sabrinamistrii,['latest'],2.0,True,False,True
JEENEETards,Sad-Adhesiveness8768,['top'],,False,False,False
JEENEETards,Satoru-Gojo-4240,['latest'],1.0,True,False,True
JEENEETards,Secure_Slide2249,['top'],,False,False,False
JEENEETards,Sepoyxhunter,['latest'],,False,False,False
JEENEETards,Several-Berry3907,['latest'],,False,False,False
JEENEETards,Shapeshifter4000,['latest'],,False,False,False
JEENEETards,ShitJustGotRiyal,['latest'],,False,False,False
JEENEETards,Silver-Bad8427,['latest'],,False,False,False
JEENEETards,Similar-Mail609,['top'],,False,False,False
JEENEETards,Skyflyer-2,['top'],2.0,True,False,True
JEENEETards,Slight_Volume_5922,['top'],,False,False,False
JEENEETards,Smol_Crate_45,['top'],0.0,True,False,False
JEENEETards,SodaAshy,"['latest', 'top']",2.0,True,False,True
JEENEETards,SpreakICSE,"['latest', 'top']",8.0,True,True,True
JEENEETards,StiffMaister007,['latest'],,False,False,False
JEENEETards,StrikingExchange22,['top'],,False,False,False
JEENEETards,SuggestAnyName,['latest'],0.0,True,False,False
JEENEETards,SuperKoru,['latest'],,False,False,False
JEENEETards,Technical-Bobcat1125,['top'],,False,False,False
JEENEETards,Technical-Gift-4504,['latest'],,False,False,False
JEENEETards,TheMighty_TripleT,['top'],2.0,True,False,True
JEENEETards,Tier3Guy,"['latest', 'top']",,False,False,False
JEENEETards,Tight-Wolf-6341,"['latest', 'top']",,False,False,False
JEENEETards,Tight_Squash_8854,"['latest', 'top']",,False,False,False
JEENEETards,Total-Television-492,['top'],,False,False,False
JEENEETards,Total_Meeting_4244,"['latest', 'top']",,False,False,False
JEENEETards,Turbulent-Spread-334,['latest'],,False,False,False
JEENEETards,Turbulent_Compote_63,"['latest', 'top']",0.0,True,False,False
JEENEETards,WHO-IS-SURYA,['top'],,False,False,False
JEENEETards,Working-Pack-1490,['top'],2.0,True,False,True
JEENEETards,Yournewbestfriend_01,"['latest', 'poster', 'top']",12.0,True,True,True
JEENEETards,Yourxmp4,['latest'],,False,False,False
JEENEETards,Zeallessretart,"['latest', 'poster']",,False,False,False
JEENEETards,Zestyclose_Set1716,['top'],,False,False,False
JEENEETards,_elegant-blaze2008,['top'],,False,False,False
JEENEETards,aapkapyara,['top'],0.0,True,False,False
JEENEETards,aapkiibandiikabanda,"['latest', 'top']",,False,False,False
JEENEETards,akshit_sinha,['top'],0.0,True,False,False
JEENEETards,always__broke,"['latest', 'poster', 'top']",,False,False,False
JEENEETards,amit3955,['poster'],,False,False,False
JEENEETards,an1_r_00dh,['latest'],,False,False,False
JEENEETards,anonymousghost9102,['top'],2.0,True,False,True
JEENEETards,apple2heart,['top'],,False,False,False
JEENEETards,awwpus,['latest'],,False,False,False
JEENEETards,beKindBeAmbitious,['top'],,False,False,False
JEENEETards,bonenumber206,['top'],,False,False,False
JEENEETards,cadeolx,['top'],,False,False,False
JEENEETards,calmlessperson,['latest'],,False,False,False
JEENEETards,chatpata_insan69,['latest'],0.0,True,False,False
JEENEETards,combinatoriallover,['top'],,False,False,False
JEENEETards,contagium_vivum_,['latest'],,False,False,False
JEENEETards,dark-kn1ght95,['poster'],,False,False,False
JEENEETards,deepver,['poster'],,False,False,False
JEENEETards,doctor-squidward,['latest'],,False,False,False
JEENEETards,dry_Relationship2007,['latest'],,False,False,False
JEENEETards,dukhiaatma_11,['top'],,False,False,False
JEENEETards,eating_cement_1984,"['latest', 'top']",0.0,True,False,False
JEENEETards,epsteinswatchman,['poster'],,False,False,False
JEENEETards,existingcoder,['top'],,False,False,False
JEENEETards,fearless7464,['top'],0.0,True,False,False
JEENEETards,fluff_ball34,"['latest', 'top']",,False,False,False
JEENEETards,friesian_periwinkle_,['latest'],,False,False,False
JEENEETards,gmc-deprived,['latest'],,False,False,False
JEENEETards,goatedfed,['top'],,False,False,False
JEENEETards,gokusingh10,['latest'],,False,False,False
JEENEETards,goodbyexgoodriddence,['latest'],,False,False,False
JEENEETards,greataeos,['top'],,False,False,False
JEENEETards,hrajdotexe,"['latest', 'top']",,False,False,False
JEENEETards,i_have_shoes02,['top'],,False,False,False
JEENEETards,iamSroyce,['top'],,False,False,False
JEENEETards,icecreamisbestdess,['latest'],,False,False,False
JEENEETards,ifuck3dupbigtime,"['latest', 'top']",1.0,True,False,True
JEENEETards,ishaan_jha,['poster'],,False,False,False
JEENEETards,jee_cooked,['top'],,False,False,False
JEENEETards,kachar_kuchur_tooo,"['latest', 'poster']",,False,False,False
JEENEETards,kamikaze-2607,"['latest', 'top']",,False,False,False
JEENEETards,lazyweirdo2501,"['latest', 'top']",,False,False,False
JEENEETards,loneyeager,['top'],,False,False,False
JEENEETards,lostandbefuddled,['latest'],,False,False,False
JEENEETards,manifestwithmelli,['latest'],,False,False,False
JEENEETards,manny_merchant,['latest'],,False,False,False
JEENEETards,memeress,"['latest', 'top']",,False,False,False
JEENEETards,namkeen_murabba,['latest'],,False,False,False
JEENEETards,not-weku,['top'],,False,False,False
JEENEETards,obsessed-lately-22,['latest'],,False,False,False
JEENEETards,oteridikyabaatkrdi,['latest'],,False,False,False
JEENEETards,prokash_is_pro,['latest'],,False,False,False
JEENEETards,rat_for008,"['poster', 'top']",3.0,True,False,True
JEENEETards,resident_4,['latest'],,False,False,False
JEENEETards,sad_0077,['latest'],,False,False,False
JEENEETards,safe-cell-3441,['latest'],,False,False,False
JEENEETards,sakeofhumanity_7,['top'],,False,False,False
JEENEETards,sandhutarun,['top'],,False,False,False
JEENEETards,sethunter7887,['top'],,False,False,False
JEENEETards,sexychutad,"['latest', 'top']",,False,False,False
JEENEETards,siimplyapril86,['latest'],,False,False,False
JEENEETards,smegsy_bae6789,"['latest', 'top']",0.0,True,False,False
JEENEETards,still_alive67,['latest'],2.0,True,False,True
JEENEETards,subsubnmoresub737,"['latest', 'poster']",,False,False,False
JEENEETards,sumedh026,['latest'],,False,False,False
JEENEETards,theicecreamlove_r,['latest'],,False,False,False
JEENEETards,tubklhai,['latest'],,False,False,False
JEENEETards,utopiaofpast,['top'],,False,False,False
JEENEETards,vedant05_50,['top'],,False,False,False
JEENEETards,waady0505,['latest'],,False,False,False
JEENEETards,wassupdawg-1,['latest'],,False,False,False
JEENEETards,woahim,['top'],,False,False,False
JEENEETards,worrysome_pigeon,"['latest', 'top']",1.0,True,False,True
JEENEETards,worstey,['poster'],,False,False,False
Kerala,AK24ROCKS,['poster'],,False,False,False
Kerala,AaaaduThoma,['latest'],2.0,True,False,True
Kerala,Academic_Chart1354,['top'],6.0,True,True,True
Kerala,AccomplishedDraw1889,['latest'],0.0,True,False,False
Kerala,Advanced_Bread4751,['top'],2.0,True,False,True
Kerala,AffectUseful3969,['top'],2.0,True,False,True
Kerala,Aggressive_Agent5048,['latest'],0.0,True,False,False
Kerala,Amazing_Throat_8316,['latest'],,False,False,False
Kerala,Ancient-Register2336,['latest'],,False,False,False
Kerala,Annual_Cupcake_1158,['top'],,False,False,False
Kerala,AntiClownery,"['latest', 'top']",,False,False,False
Kerala,AppearanceAnxious770,['poster'],,False,False,False
Kerala,Apprehensive_Net_164,"['latest', 'top']",,False,False,False
Kerala,Appropriate_Page_824,['top'],2.0,True,False,True
Kerala,Available_Froyo_2342,['latest'],,False,False,False
Kerala,Ayal_a_MeaN,['top'],,False,False,False
Kerala,Beginning-Passion676,['top'],12.0,True,True,True
Kerala,Beneficial_change404,['top'],,False,False,False
Kerala,Bill_Tench,"['latest', 'top']",,False,False,False
Kerala,Bob_macri,"['latest', 'poster']",,False,False,False
Kerala,BoredKottappuram,['top'],1.0,True,False,True
Kerala,Both_Lecture313,"['latest', 'top']",,False,False,False
Kerala,Boydcrowde,['latest'],3.0,True,False,True
Kerala,Broken_Love_____,"['latest', 'top']",,False,False,False
Kerala,C_O_Saira_Banu,['latest'],,False,False,False
Kerala,CarmynRamy,"['latest', 'top']",1.0,True,False,True
Kerala,Cautious_Engine4545,['latest'],,False,False,False
Kerala,Charming-Hyena-7097,['top'],2.0,True,False,True
Kerala,CharmingRing7383,['top'],,False,False,False
Kerala,Chenghayi,['latest'],3.0,True,False,True
Kerala,Comfortable_Plate965,['latest'],0.0,True,False,False
Kerala,Confident_While_,['latest'],,False,False,False
Kerala,Confused_Desi007,['latest'],,False,False,False
Kerala,ConfusionKey1898,['top'],,False,False,False
Kerala,Crazy-Reach-9439,['latest'],,False,False,False
Kerala,Dapper-Wolverine-200,['latest'],,False,False,False
Kerala,Davy-Jones69,['latest'],,False,False,False
Kerala,Deep-Development-616,"['latest', 'top']",,False,False,False
Kerala,Defiant_Fortune15,['top'],2.0,True,False,True
Kerala,Dexter_ikka,['top'],,False,False,False
Kerala,Direct_Shock_7499,['latest'],,False,False,False
Kerala,Dramatic-Season-5568,['top'],,False,False,False
Kerala,Dramatic_Sea7789,['latest'],0.0,True,False,False
Kerala,Drastical_one,['top'],,False,False,False
Kerala,Early_Craft_3270,['latest'],,False,False,False
Kerala,Economy-Delay-867,['top'],,False,False,False
Kerala,Eddielivingstone,"['latest', 'top']",,False,False,False
Kerala,Electrical_Delay8635,['top'],,False,False,False
Kerala,Embarrassed_Nobody91,['poster'],6.0,True,True,True
Kerala,Emergency-Bid-8346,['latest'],1.0,True,False,True
Kerala,Equal_Permit2890,"['latest', 'top']",0.0,True,False,False
Kerala,EquivalentAppeal4809,['latest'],,False,False,False
Kerala,Euphoric-Chard-9406,['top'],,False,False,False
Kerala,Exotic-Truth-162,['top'],,False,False,False
Kerala,Fearless_Memory9313,['top'],,False,False,False
Kerala,FindingAps,['top'],,False,False,False
Kerala,Firm_Cap2585,['latest'],,False,False,False
Kerala,Former_Pangolin3216,['latest'],,False,False,False
Kerala,Fresh-Proposal2217,['top'],,False,False,False
Kerala,Funny_Exam6928,['top'],,False,False,False
Kerala,Giwargis_Sahada,"['latest', 'poster', 'top']",8.0,True,True,True
Kerala,Goku047,['latest'],0.0,True,False,False
Kerala,Greedy-Aside-2946,['latest'],,False,False,False
Kerala,HairyStyles07,['latest'],0.0,True,False,False
Kerala,Hannibals_Muttapuffs,"['latest', 'top']",,False,False,False
Kerala,Happy_Health_3838,['latest'],2.0,True,False,True
Kerala,Hefty_Ad_5146,['latest'],,False,False,False
Kerala,Heman2979,['latest'],,False,False,False
Kerala,Ill_Addendum3047,['latest'],0.0,True,False,False
Kerala,Impossible_Mail1393,"['latest', 'top']",3.0,True,False,True
Kerala,InevitableQuit789,['latest'],,False,False,False
Kerala,Infamous-Ad-8293,['top'],,False,False,False
Kerala,IntelligentMirror355,['top'],,False,False,False
Kerala,J_SN0W,['top'],,False,False,False
Kerala,Jazzlike-Swim6838,['top'],,False,False,False
Kerala,Jerski2002,['top'],,False,False,False
Kerala,Jon-Bones-Jones_,['latest'],2.0,True,False,True
Kerala,Kn8th,"['latest', 'top']",,False,False,False
Kerala,Kooky_Cable5687,['top'],,False,False,False
Kerala,LegitimateCustomer93,['top'],0.0,True,False,False
Kerala,Longjumping-Cod-9132,['latest'],,False,False,False
Kerala,Macguffawin,['top'],1.0,True,False,True
Kerala,Malayali_Ron_Swanson,['poster'],0.0,True,False,False
Kerala,MammuKoya,"['latest', 'top']",,False,False,False
Kerala,Mangathol,['top'],0.0,True,False,False
Kerala,Marxwasthesecret,"['latest', 'poster']",,False,False,False
Kerala,Midhunnnnms,['top'],,False,False,False
Kerala,Mounamsammatham,['latest'],1.0,True,False,True
Kerala,Mr_Morazian,"['latest', 'poster', 'top']",,False,False,False
Kerala,Mr_muffinmclord_14,['top'],,False,False,False
Kerala,Muffins_nd_meadows,['top'],,False,False,False
Kerala,Nair-8,['latest'],0.0,True,False,False
Kerala,NakniD,['latest'],,False,False,False
Kerala,NiceFirmNeck,"['latest', 'top']",,False,False,False
Kerala,No-Quarter6660,['latest'],0.0,True,False,False
Kerala,No_Dog9018,['top'],2.0,True,False,True
Kerala,Obvious-Comfort-250,['top'],,False,False,False
Kerala,Ok-Top-5007,['top'],,False,False,False
Kerala,Ok_Cow_858,['top'],,False,False,False
Kerala,Ok_Drink_6174,['latest'],1.0,True,False,True
Kerala,Ok_Plan_4436,['latest'],,False,False,False
Kerala,One_Excitement3309,['latest'],,False,False,False
Kerala,Outrageous_Job1218,"['poster', 'top']",,False,False,False
Kerala,Outside_Educator_105,['latest'],,False,False,False
Kerala,Papa-Monkey,['top'],0.0,True,False,False
Kerala,PolappanZz,['latest'],,False,False,False
Kerala,Popular_Broccoli9268,"['latest', 'top']",,False,False,False
Kerala,PsychologicalSky622,['poster'],,False,False,False
Kerala,R_n_gad_,['top'],,False,False,False
Kerala,Rajar98,"['latest', 'top']",8.0,True,True,True
Kerala,Randomdude_1O,['latest'],0.0,True,False,False
Kerala,Rashidianz,"['latest', 'top']",,False,False,False
Kerala,ReasonableGuitar5094,['latest'],,False,False,False
Kerala,Reasonable_Sample_40,['top'],4.0,True,False,True
Kerala,Recently_4live,['top'],,False,False,False
Kerala,Relevant_Session5987,['top'],,False,False,False
Kerala,Responsible-Air-6190,['top'],2.0,True,False,True
Kerala,Routine_Ear_2954,['top'],,False,False,False
Kerala,SamplePitiful6564,['latest'],,False,False,False
Kerala,Savings_Store_7231,['latest'],0.0,True,False,False
Kerala,Scarred-Sloth134,['latest'],,False,False,False
Kerala,Sea-Layer1526,['latest'],,False,False,False
Kerala,SeaCalligrapher5410,['latest'],,False,False,False
Kerala,Second2breakfast,"['latest', 'top']",0.0,True,False,False
Kerala,Secularworld8766,['latest'],,False,False,False
Kerala,SentenceLoose9891,"['latest', 'top']",,False,False,False
Kerala,Separate_Raspberry12,['top'],0.0,True,False,False
Kerala,Short_Employment_757,['top'],1.0,True,False,True
Kerala,Shroft,['poster'],8.0,True,True,True
Kerala,Signal_Ad3275,['top'],2.0,True,False,True
Kerala,Significant_Cut_7709,['latest'],,False,False,False
Kerala,Slashy96,"['latest', 'top']",,False,False,False
Kerala,SmadBroi,"['poster', 'top']",,False,False,False
Kerala,Small_Introduction_8,"['latest', 'top']",,False,False,False
Kerala,Smaugthedestroyer,['top'],,False,False,False
Kerala,Someguyroaming,"['latest', 'top']",0.0,True,False,False
Kerala,SomewhereLast7928,['latest'],1.0,True,False,True
Kerala,SongLong6137,['latest'],,False,False,False
Kerala,SoundPilot90,['top'],,False,False,False
Kerala,SouthSide2207,['latest'],,False,False,False
Kerala,SpankaWank66,"['latest', 'top']",0.0,True,False,False
Kerala,StarStuffDoc,['latest'],,False,False,False
Kerala,Strange-Mistake-827,['top'],,False,False,False
Kerala,Striking_Barracuda51,['latest'],,False,False,False
Kerala,Successful_Sundae424,"['latest', 'top']",0.0,True,False,False
Kerala,Sweaty-Astronomer-36,"['poster', 'top']",,False,False,False
Kerala,Tacticaldickhead,"['latest', 'top']",,False,False,False
Kerala,Tess_James,['latest'],1.0,True,False,True
Kerala,That_Witness5984,['poster'],,False,False,False
Kerala,TheDeamonMeteor,['latest'],,False,False,False
Kerala,TheEnlightenedPanda,['top'],1.0,True,False,True
Kerala,TheSaine,['latest'],,False,False,False
Kerala,TheScariaRos,['top'],,False,False,False
Kerala,Theta-Chad_99,['latest'],1.0,True,False,True
Kerala,Think_Win9441,['latest'],,False,False,False
Kerala,ThorappanBastin,"['latest', 'top']",,False,False,False
Kerala,Three_Armed_Wrecker,['top'],0.0,True,False,False
Kerala,Traditional_Beach749,"['poster', 'top']",0.0,True,False,False
Kerala,TruePace3,"['latest', 'top']",2.0,True,False,True
Kerala,Unusual_Astronaut_95,['top'],,False,False,False
Kerala,Upset-Chance-9803,['top'],0.0,True,False,False
Kerala,VJC_007,['latest'],1.0,True,False,True
Kerala,Vladimpalerking,['top'],,False,False,False
Kerala,VowOfVengeance,['poster'],4.0,True,False,True
Kerala,Woman_of_Kulture,['top'],0.0,True,False,False
Kerala,Zealousideal_Tank824,['top'],0.0,True,False,False
Kerala,_Supermon_,['top'],,False,False,False
Kerala,____mynameis____,"['latest', 'top']",2.0,True,False,True
Kerala,_wimpykid_,['poster'],2.0,True,False,True
Kerala,alalbet,['top'],,False,False,False
Kerala,alensebu018,"['latest', 'top']",,False,False,False
Kerala,ambiverted_apricot,['latest'],,False,False,False
Kerala,anjoorann,"['latest', 'top']",,False,False,False
Kerala,appu_kili,['latest'],2.0,True,False,True
Kerala,bijut2009,['latest'],,False,False,False
Kerala,bill-buttlicker-_,"['latest', 'top']",,False,False,False
Kerala,blablablacksheep23,['top'],,False,False,False
Kerala,blahblahdodo,['latest'],0.0,True,False,False
Kerala,bomerckan,['latest'],0.0,True,False,False
Kerala,bornnooob,['latest'],,False,False,False
Kerala,c0madoof,['top'],0.0,True,False,False
Kerala,caffeniatedsoul1,['poster'],,False,False,False
Kerala,chavervavvachan,['latest'],,False,False,False
Kerala,cheesyfries79,['top'],,False,False,False
Kerala,chemicallocha05,"['latest', 'top']",12.0,True,True,True
Kerala,chickensherlock221b,"['poster', 'top']",,False,False,False
Kerala,chirpyswallow,['latest'],,False,False,False
Kerala,contentkumaran,['top'],1.0,True,False,True
Kerala,devakesu,['top'],1.0,True,False,True
Kerala,dumbestindumb,['latest'],0.0,True,False,False
Kerala,freeNovice28,"['latest', 'top']",,False,False,False
Kerala,god_withamnesia,['latest'],,False,False,False
Kerala,green_samurai,['latest'],,False,False,False
Kerala,heythisisajayhere,['top'],2.0,True,False,True
Kerala,i98_96,['top'],,False,False,False
Kerala,iamdoctorappukuttan,['top'],,False,False,False
Kerala,iamfromshire,['latest'],,False,False,False
Kerala,icemaker12345,['latest'],,False,False,False
Kerala,illuminandicomrade,['poster'],12.0,True,True,True
Kerala,inGenium_88,['top'],2.0,True,False,True
Kerala,interestingmonkE,['latest'],,False,False,False
Kerala,introvert_squirrel,"['latest', 'top']",0.0,True,False,False
Kerala,ismyaltaccount,"['latest', 'top']",4.0,True,False,True
Kerala,ixirohit,['latest'],0.0,True,False,False
Kerala,jasondigo888,['latest'],,False,False,False
Kerala,jeonmission,['latest'],3.0,True,False,True
Kerala,kallmewhite,['latest'],,False,False,False
Kerala,kitach98-,['latest'],0.0,True,False,False
Kerala,kochapi,['latest'],1.0,True,False,True
Kerala,kollam_furie,['top'],,False,False,False
Kerala,livesneartomountain,['top'],,False,False,False
Kerala,logos961,"['latest', 'top']",0.0,True,False,False
Kerala,lostinspacee7,"['latest', 'top']",0.0,True,False,False
Kerala,mayblocks,['poster'],,False,False,False
Kerala,minorkunjasuttanga,['top'],0.0,True,False,False
Kerala,narayanettan,['top'],,False,False,False
Kerala,nexusshaman,['top'],,False,False,False
Kerala,nik-329,['latest'],6.0,True,True,True
Kerala,nikhil6971,['top'],,False,False,False
Kerala,nithinnm123,['top'],,False,False,False
Kerala,notvip,"['latest', 'top']",0.0,True,False,False
Kerala,phil_an_thropist,['top'],0.0,True,False,False
Kerala,photos_on_film,['top'],,False,False,False
Kerala,psuedo_legendary,['latest'],,False,False,False
Kerala,reddevil__07,['latest'],,False,False,False
Kerala,resolve_1987,['top'],0.0,True,False,False
Kerala,robetx,['latest'],,False,False,False
Kerala,rohitnair87,['top'],0.0,True,False,False
Kerala,ruff_dede,['latest'],0.0,True,False,False
Kerala,saddragonborn,['latest'],,False,False,False
Kerala,shyamms,['top'],,False,False,False
Kerala,sid7907,"['latest', 'top']",,False,False,False
Kerala,slipperySquidd,['latest'],0.0,True,False,False
Kerala,smeagol_not_gollum,['top'],0.0,True,False,False
Kerala,smoothskinner,['latest'],0.0,True,False,False
Kerala,soapbleachdetergent,['latest'],0.0,True,False,False
Kerala,sodabubblecrisp,['top'],,False,False,False
Kerala,sreekanth850,['top'],1.0,True,False,True
Kerala,strobilanthus_,['latest'],,False,False,False
Kerala,swaggerin_buffoonery,['latest'],,False,False,False
Kerala,the_annan,['top'],4.0,True,False,True
Kerala,theartisticvibe,"['latest', 'poster']",,False,False,False
Kerala,thengagovindapilla,"['latest', 'top']",1.0,True,False,True
Kerala,theplaybacksinger,['latest'],,False,False,False
Kerala,thinkingcoward,['top'],0.0,True,False,False
Kerala,throwaway73878,"['latest', 'top']",,False,False,False
Kerala,verschwindet,"['latest', 'top']",,False,False,False
Kerala,vishnud3v,"['latest', 'top']",,False,False,False
Kerala,viveknidhi,['latest'],0.0,True,False,False
Kerala,whiletruelearn,['top'],,False,False,False
Kerala,witcher8116,['top'],1.0,True,False,True
Kerala,wizeon,['latest'],0.0,True,False,False
Kerala,yadhu-krishnan,"['poster', 'top']",0.0,True,False,False
Kerala,zjvrp,['top'],,False,False,False
Kerala,zodiackills,['latest'],0.0,True,False,False
Kerala,zxc2026,['top'],0.0,True,False,False
RelationshipIndia,1overkill,['top'],,False,False,False
RelationshipIndia,89degreez,['latest'],,False,False,False
RelationshipIndia,AccomplishedGold8122,['top'],,False,False,False
RelationshipIndia,Accomplished_Row1433,['top'],,False,False,False
RelationshipIndia,Accurate_Grab2290,['top'],0.0,True,False,False
RelationshipIndia,Adorable_Conflict_79,['top'],,False,False,False
RelationshipIndia,AffectionateFold6997,"['poster', 'top']",,False,False,False
RelationshipIndia,Aggravating_Eye_6483,['latest'],4.0,True,False,True
RelationshipIndia,Aggravating_Post_550,"['latest', 'top']",,False,False,False
RelationshipIndia,AlooParathewithcum,['latest'],4.0,True,False,True
RelationshipIndia,Alternative_Jacket22,['latest'],,False,False,False
RelationshipIndia,Anshi_Shri,"['latest', 'top']",,False,False,False
RelationshipIndia,Apprehensive_Long91,['top'],,False,False,False
RelationshipIndia,Atharva_p,['latest'],,False,False,False
RelationshipIndia,AvDevilliers,['latest'],,False,False,False
RelationshipIndia,AverageIndianGeek,['latest'],4.0,True,False,True
RelationshipIndia,Badanmesuyian,['latest'],9.0,True,True,True
RelationshipIndia,Basic_Tutor_9122,['latest'],,False,False,False
RelationshipIndia,BeneficialDot730,['top'],,False,False,False
RelationshipIndia,Big-Tailor-1404,['latest'],1.0,True,False,True
RelationshipIndia,Big_Manufacturer_253,['latest'],3.0,True,False,True
RelationshipIndia,Bitter_University403,['top'],2.0,True,False,True
RelationshipIndia,Bluestar201,['top'],,False,False,False
RelationshipIndia,Broad-Newspaper-7937,['poster'],,False,False,False
RelationshipIndia,Bunnai,['latest'],,False,False,False
RelationshipIndia,Capable-Risk2929,['latest'],,False,False,False
RelationshipIndia,Capital_Salamander56,['latest'],,False,False,False
RelationshipIndia,ChampionshipJaded365,"['latest', 'poster']",,False,False,False
RelationshipIndia,Chance_Tell424,['top'],,False,False,False
RelationshipIndia,CitrullinePsycho13,['latest'],,False,False,False
RelationshipIndia,CleverPage,['top'],,False,False,False
RelationshipIndia,Common_Boat_4464,['top'],12.0,True,True,True
RelationshipIndia,CompetitionTop3210,['top'],,False,False,False
RelationshipIndia,Competitive_Big_7992,['top'],,False,False,False
RelationshipIndia,Complete_Society_660,['latest'],,False,False,False
RelationshipIndia,Confident-Memory8077,['latest'],,False,False,False
RelationshipIndia,Connect404x,['top'],,False,False,False
RelationshipIndia,Content_City_987,['top'],0.0,True,False,False
RelationshipIndia,Crafty_Jackfruit_546,['latest'],,False,False,False
RelationshipIndia,Creative_Cobbler_,['latest'],,False,False,False
RelationshipIndia,CuriousSupport_,['latest'],1.0,True,False,True
RelationshipIndia,Current-Handle-3563,['latest'],,False,False,False
RelationshipIndia,Current-Slide5103,"['poster', 'top']",,False,False,False
RelationshipIndia,Cutiescooty,['top'],,False,False,False
RelationshipIndia,Dabainya,['latest'],,False,False,False
RelationshipIndia,Dependent-Morning665,['top'],,False,False,False
RelationshipIndia,Desperate-Pressure46,['poster'],,False,False,False
RelationshipIndia,Dharm747,['latest'],,False,False,False
RelationshipIndia,Difficult_Sea_3429,['poster'],,False,False,False
RelationshipIndia,Dimagkadahi12,['top'],,False,False,False
RelationshipIndia,Due_King3327,['top'],,False,False,False
RelationshipIndia,Electrical_Lab_4035,"['latest', 'top']",,False,False,False
RelationshipIndia,Electronic_Branch756,['latest'],,False,False,False
RelationshipIndia,Equal-Ad5411,['poster'],,False,False,False
RelationshipIndia,Equal_Ocelot_6901,"['latest', 'top']",,False,False,False
RelationshipIndia,Erwin_smith_SNK,['poster'],,False,False,False
RelationshipIndia,Euphoric_Proof8401,['top'],,False,False,False
RelationshipIndia,Evening_Class7908,['latest'],,False,False,False
RelationshipIndia,Extension_Agent4981,['top'],1.0,True,False,True
RelationshipIndia,Extra_Entry_6772,['latest'],,False,False,False
RelationshipIndia,Fattibanyan,['top'],,False,False,False
RelationshipIndia,Federal-Cockroach904,['latest'],,False,False,False
RelationshipIndia,Flaky-Figure-2758,['latest'],,False,False,False
RelationshipIndia,Flashy-Math3,['poster'],,False,False,False
RelationshipIndia,Fluid_Trade_6233,"['latest', 'top']",,False,False,False
RelationshipIndia,Foodie_boy,['top'],,False,False,False
RelationshipIndia,Forsaken_Art2205,['latest'],0.0,True,False,False
RelationshipIndia,Free_Persimmon_8475,['top'],0.0,True,False,False
RelationshipIndia,Fresh_Piece_1616,"['latest', 'top']",0.0,True,False,False
RelationshipIndia,Friendly-Wait-1455,"['latest', 'poster', 'top']",,False,False,False
RelationshipIndia,Fuzzy_Bet5276,['latest'],,False,False,False
RelationshipIndia,Gains_And_Grit,['latest'],,False,False,False
RelationshipIndia,General-Crow-9553,['top'],,False,False,False
RelationshipIndia,General-Fondant4921,['latest'],4.0,True,False,True
RelationshipIndia,GlobalRooster236,"['latest', 'top']",,False,False,False
RelationshipIndia,Good-Scallion-8808,"['latest', 'top']",4.0,True,False,True
RelationshipIndia,Grand_Teach_3213,['latest'],,False,False,False
RelationshipIndia,HERO_129,['top'],0.0,True,False,False
RelationshipIndia,HalfWitty7610,"['latest', 'poster']",,False,False,False
RelationshipIndia,Hardy_28,['latest'],1.0,True,False,True
RelationshipIndia,Haunting_Glove914,['top'],,False,False,False
RelationshipIndia,Havefun24x7,['latest'],,False,False,False
RelationshipIndia,Helixwod,['top'],,False,False,False
RelationshipIndia,HelpfulManagement929,['top'],,False,False,False
RelationshipIndia,Himanshu_Golchha,['top'],,False,False,False
RelationshipIndia,Hitman47_x,['top'],1.0,True,False,True
RelationshipIndia,Hopeful_Air_1879,['latest'],,False,False,False
RelationshipIndia,Horror-Mirror-9513,['latest'],,False,False,False
RelationshipIndia,HuntsPointWarlord,['latest'],,False,False,False
RelationshipIndia,IamGrokk,['latest'],,False,False,False
RelationshipIndia,IncidentQuirky3324,"['latest', 'poster']",,False,False,False
RelationshipIndia,Interesting-Nerve613,['top'],1.0,True,False,True
RelationshipIndia,Interesting_Past108,"['latest', 'top']",,False,False,False
RelationshipIndia,Jarjarmink,['latest'],,False,False,False
RelationshipIndia,Key_Signature2296,['top'],0.0,True,False,False
RelationshipIndia,KgpKaClockTower,['latest'],,False,False,False
RelationshipIndia,KingShxtOnly,['top'],,False,False,False
RelationshipIndia,Leading-Acanthaceae2,['top'],,False,False,False
RelationshipIndia,Level-Dependent-9086,['top'],,False,False,False
RelationshipIndia,Lie_detective_,"['latest', 'top']",,False,False,False
RelationshipIndia,LifebuoyBunty,['latest'],,False,False,False
RelationshipIndia,Livid_Let8211,['latest'],,False,False,False
RelationshipIndia,LongLog40,['top'],,False,False,False
RelationshipIndia,Lost_Knowledge3591,['top'],,False,False,False
RelationshipIndia,Low-Director-9691,['top'],,False,False,False
RelationshipIndia,Lower_Focus5494,['top'],0.0,True,False,False
RelationshipIndia,MacWett1804,['top'],0.0,True,False,False
RelationshipIndia,Malaiyoor_Naattaamai,['top'],,False,False,False
RelationshipIndia,Mean-Programmer2663,['latest'],,False,False,False
RelationshipIndia,MediumGuy485,['latest'],0.0,True,False,False
RelationshipIndia,Michael_Scaarn,['top'],,False,False,False
RelationshipIndia,MindlessWasabi5233,['top'],,False,False,False
RelationshipIndia,Mother-Commercial-17,"['latest', 'top']",,False,False,False
RelationshipIndia,Mr_Anderson_48,['latest'],0.0,True,False,False
RelationshipIndia,Ms_Selenophile,['top'],2.0,True,False,True
RelationshipIndia,Much-Teacher-4191,"['latest', 'top']",0.0,True,False,False
RelationshipIndia,MulberryNo5810,"['latest', 'poster', 'top']",,False,False,False
RelationshipIndia,Nearby_Spinach_4407,"['latest', 'top']",,False,False,False
RelationshipIndia,New_Appointment_5348,['top'],0.0,True,False,False
RelationshipIndia,NishantRockstar911,"['latest', 'top']",,False,False,False
RelationshipIndia,No_Bell_8792,['latest'],,False,False,False
RelationshipIndia,No_Collection_1907,"['latest', 'top']",0.0,True,False,False
RelationshipIndia,NotYourDivaa,['top'],,False,False,False
RelationshipIndia,November2612,['top'],,False,False,False
RelationshipIndia,NuttyFlash,['top'],,False,False,False
RelationshipIndia,OBITO_UCHIHA_1804,['latest'],,False,False,False
RelationshipIndia,O_balmaa,['poster'],,False,False,False
RelationshipIndia,Odd_Drag8011,"['poster', 'top']",,False,False,False
RelationshipIndia,Ok-Blacksmith437,['top'],2.0,True,False,True
RelationshipIndia,Ok-Hospital-5076,"['latest', 'top']",,False,False,False
RelationshipIndia,OkResearch5556,"['latest', 'top']",,False,False,False
RelationshipIndia,Ok_Flower_52,['top'],,False,False,False
RelationshipIndia,Ok_Joke5702,['top'],0.0,True,False,False
RelationshipIndia,Ok_Rich5706,['latest'],,False,False,False
RelationshipIndia,One-Credit8091,['latest'],,False,False,False
RelationshipIndia,Opposite_Rent_5440,['latest'],,False,False,False
RelationshipIndia,Outrageous_Stop_1480,['latest'],,False,False,False
RelationshipIndia,Patient_Substance593,['latest'],,False,False,False
RelationshipIndia,Personal-Tie-9923,['latest'],,False,False,False
RelationshipIndia,PersonalPhone6447,['poster'],,False,False,False
RelationshipIndia,PewAvocado,"['latest', 'poster']",,False,False,False
RelationshipIndia,Phoenixxxxx007,['top'],,False,False,False
RelationshipIndia,PlaneTry3370,['top'],,False,False,False
RelationshipIndia,PlumInteresting9954,['latest'],,False,False,False
RelationshipIndia,PossibleRub5441,['latest'],2.0,True,False,True
RelationshipIndia,PotentialFrosting413,"['latest', 'top']",,False,False,False
RelationshipIndia,ProfessionalBird3990,"['latest', 'top']",,False,False,False
RelationshipIndia,PunksterPerez,['top'],,False,False,False
RelationshipIndia,Purple_Wafer1997,['poster'],,False,False,False
RelationshipIndia,Puzzleheaded-Ruin4,['latest'],,False,False,False
RelationshipIndia,Puzzleheaded-Year465,['latest'],12.0,True,True,True
RelationshipIndia,Puzzleheaded_Net8166,['top'],,False,False,False
RelationshipIndia,Ready_Proposal_2013,['latest'],,False,False,False
RelationshipIndia,RelationshipIndia-ModTeam,['latest'],,False,False,False
RelationshipIndia,Relevant-Volume-3800,"['latest', 'top']",,False,False,False
RelationshipIndia,Relevant-Winner-6574,['latest'],,False,False,False
RelationshipIndia,Repulsive-Cancel9603,['top'],,False,False,False
RelationshipIndia,Respect_Bulky,['top'],0.0,True,False,False
RelationshipIndia,RiskyState,['top'],,False,False,False
RelationshipIndia,Satthaar2906,['poster'],,False,False,False
RelationshipIndia,Separate-Mobile-7209,['latest'],,False,False,False
RelationshipIndia,Sheru_Dogesh,['top'],,False,False,False
RelationshipIndia,ShoppingSelect1922,"['latest', 'top']",,False,False,False
RelationshipIndia,Short_Guava63,['top'],6.0,True,True,True
RelationshipIndia,Sieraa9135,['top'],,False,False,False
RelationshipIndia,SmoothArmadillo6884,['top'],4.0,True,False,True
RelationshipIndia,SociallySolo29,['latest'],,False,False,False
RelationshipIndia,SpiritualWillow3762,['latest'],,False,False,False
RelationshipIndia,Srijti_Govham,"['latest', 'top']",,False,False,False
RelationshipIndia,Strange_Adeptness268,['top'],0.0,True,False,False
RelationshipIndia,Successful-Start-605,['top'],0.0,True,False,False
RelationshipIndia,Sweet_Enthusiasm_252,['latest'],,False,False,False
RelationshipIndia,That_Competition7845,['top'],,False,False,False
RelationshipIndia,Top_Huckleberry_2858,['poster'],,False,False,False
RelationshipIndia,Tricky-Macaroon4576,['top'],,False,False,False
RelationshipIndia,TrueSpread296,"['latest', 'poster']",,False,False,False
RelationshipIndia,Type_Writer00,"['latest', 'top']",,False,False,False
RelationshipIndia,Unable_Reveal2972,['latest'],,False,False,False
RelationshipIndia,Vammy02,"['latest', 'top']",1.0,True,False,True
RelationshipIndia,Virtual-Cicada394,"['latest', 'top']",,False,False,False
RelationshipIndia,Visual_Cucumber_33,['top'],,False,False,False
RelationshipIndia,Wahi_Piyush,['top'],,False,False,False
RelationshipIndia,Weak_Environment1153,['top'],,False,False,False
RelationshipIndia,Wild_Dragonfruit1744,['latest'],,False,False,False
RelationshipIndia,WorkAsOff,['top'],,False,False,False
RelationshipIndia,YTS28,"['latest', 'poster', 'top']",,False,False,False
RelationshipIndia,acc_throwaway2,['latest'],1.0,True,False,True
RelationshipIndia,acidkidrock,['latest'],0.0,True,False,False
RelationshipIndia,akshatk21,"['latest', 'top']",,False,False,False
RelationshipIndia,always_big_pp,['top'],,False,False,False
RelationshipIndia,anonymous_bookworm22,"['latest', 'top']",,False,False,False
RelationshipIndia,askmeaboutyou13,['top'],,False,False,False
RelationshipIndia,awkward-buck,"['poster', 'top']",,False,False,False
RelationshipIndia,bad-influencebaby,['top'],,False,False,False
RelationshipIndia,baldndhandsome-blr,['poster'],,False,False,False
RelationshipIndia,beast_within_me,['latest'],2.0,True,False,True
RelationshipIndia,bekindtoeachother_,"['latest', 'top']",,False,False,False
RelationshipIndia,bhubhuti,['poster'],,False,False,False
RelationshipIndia,bhujiya_sev,['latest'],0.0,True,False,False
RelationshipIndia,businesswpleasure,['top'],1.0,True,False,True
RelationshipIndia,callsignsuper,['latest'],,False,False,False
RelationshipIndia,cap_90,['latest'],,False,False,False
RelationshipIndia,chaiandchocolate,['top'],,False,False,False
RelationshipIndia,chamakchalloooo,['latest'],,False,False,False
RelationshipIndia,change_maker___,['latest'],0.0,True,False,False
RelationshipIndia,chembulingam,['latest'],,False,False,False
RelationshipIndia,chunmun2002,['top'],,False,False,False
RelationshipIndia,cicada324,['top'],,False,False,False
RelationshipIndia,coolNcollected1,['latest'],,False,False,False
RelationshipIndia,cupcakemuffin30,['poster'],,False,False,False
RelationshipIndia,darkdaemon000,['top'],1.0,True,False,True
RelationshipIndia,delusional-phoenix,['latest'],2.0,True,False,True
RelationshipIndia,devil_0f_hells_ktchn,['top'],,False,False,False
RelationshipIndia,escape__artist,['top'],,False,False,False
RelationshipIndia,forget_me_not_uwu,['latest'],0.0,True,False,False
RelationshipIndia,glitchnoob,['top'],0.0,True,False,False
RelationshipIndia,grandprime99,['top'],,False,False,False
RelationshipIndia,haha_im_scared,"['latest', 'top']",0.0,True,False,False
RelationshipIndia,hebrewboy28,['latest'],0.0,True,False,False
RelationshipIndia,hemfrr,['top'],,False,False,False
RelationshipIndia,highsky2718,['top'],,False,False,False
RelationshipIndia,hotelpunsylvania,"['latest', 'top']",0.0,True,False,False
RelationshipIndia,hustler031,"['latest', 'top']",,False,False,False
RelationshipIndia,i_am_unpossible,['top'],,False,False,False
RelationshipIndia,justananxioussoul,['top'],0.0,True,False,False
RelationshipIndia,kaajukatliiii,['top'],,False,False,False
RelationshipIndia,kaychyakay,['latest'],8.0,True,True,True
RelationshipIndia,king-of-kutiyas,['latest'],2.0,True,False,True
RelationshipIndia,kkmessi10,['poster'],,False,False,False
RelationshipIndia,maawokeanand,['poster'],,False,False,False
RelationshipIndia,magshag18,['top'],0.0,True,False,False
RelationshipIndia,makemoney-TRADEnIT,['top'],0.0,True,False,False
RelationshipIndia,minato_shikamaru,['latest'],,False,False,False
RelationshipIndia,mnmohitrocks,['latest'],,False,False,False
RelationshipIndia,neo_wanderer,"['latest', 'top']",,False,False,False
RelationshipIndia,nikhilxdsouza,"['latest', 'top']",,False,False,False
RelationshipIndia,ninjaGirl6993,['top'],,False,False,False
RelationshipIndia,normal-prince,"['latest', 'top']",,False,False,False
RelationshipIndia,nutsbrainup,['latest'],,False,False,False
RelationshipIndia,obi_wankenobi69,['latest'],0.0,True,False,False
RelationshipIndia,phoenixtales22,['latest'],,False,False,False
RelationshipIndia,poperley,"['latest', 'top']",,False,False,False
RelationshipIndia,pyaari-ladki,['top'],,False,False,False
RelationshipIndia,real_hitman,['top'],0.0,True,False,False
RelationshipIndia,refresh_memory00,['latest'],,False,False,False
RelationshipIndia,relex41738,['poster'],,False,False,False
RelationshipIndia,rsr123456,['latest'],0.0,True,False,False
RelationshipIndia,ruchir031,['top'],0.0,True,False,False
RelationshipIndia,salemandsphinx,['latest'],,False,False,False
RelationshipIndia,samx5601,['latest'],,False,False,False
RelationshipIndia,sass-n-wine,"['latest', 'top']",2.0,True,False,True
RelationshipIndia,shan23,"['latest', 'top']",0.0,True,False,False
RelationshipIndia,sleep_Deprived_Hun,['latest'],,False,False,False
RelationshipIndia,sleepdeprivedsince92,['top'],0.0,True,False,False
RelationshipIndia,smokin-barrel,"['latest', 'top']",0.0,True,False,False
RelationshipIndia,takeyouhomee,['latest'],,False,False,False
RelationshipIndia,tiredofthisnw,['top'],1.0,True,False,True
RelationshipIndia,unfunny_bastard,['top'],,False,False,False
RelationshipIndia,unholy_seeker,"['latest', 'top']",,False,False,False
RelationshipIndia,universal-solar-god,['latest'],,False,False,False
RelationshipIndia,user_3_6_0_,"['latest', 'top']",,False,False,False
RelationshipIndia,vanthiyadevan_vanar,"['latest', 'poster', 'top']",,False,False,False
RelationshipIndia,vik123221,['top'],,False,False,False
RelationshipIndia,wh0ami_7,['latest'],,False,False,False
SaimanSays,-Rachit,['top'],0.0,True,False,False
SaimanSays,07june2026,['top'],,False,False,False
SaimanSays,69StepDaddy,['latest'],,False,False,False
SaimanSays,A_Random_Nobody197,['latest'],0.0,True,False,False
SaimanSays,Aakarsh_eatspie,['latest'],,False,False,False
SaimanSays,AbaloneOwn1355,['latest'],0.0,True,False,False
SaimanSays,Able_Disaster_6238,['top'],,False,False,False
SaimanSays,Acceptable_Thanks861,"['latest', 'top']",,False,False,False
SaimanSays,AmbitiousRedditor20,['top'],1.0,True,False,True
SaimanSays,Ancient-Tour-2222,['top'],,False,False,False
SaimanSays,Antique_Morning_3319,"['latest', 'top']",,False,False,False
SaimanSays,Apprehensive_Low1503,['top'],,False,False,False
SaimanSays,Appu_46,['latest'],,False,False,False
SaimanSays,AurumMark,['latest'],2.0,True,False,True
SaimanSays,Aware-Adman,"['latest', 'top']",0.0,True,False,False
SaimanSays,Axel_Blazer,"['latest', 'top']",1.0,True,False,True
SaimanSays,BaapKoBhej69,['top'],0.0,True,False,False
SaimanSays,BeastGrand,['latest'],,False,False,False
SaimanSays,Beneficial_Sink_2949,"['latest', 'top']",6.0,True,True,True
SaimanSays,Blaxksoul0804,"['latest', 'top']",,False,False,False
SaimanSays,Brilliant_Meal_2653,['top'],2.0,True,False,True
SaimanSays,Busy-Sir-80,"['latest', 'top']",,False,False,False
SaimanSays,Cap10subiiii,['latest'],,False,False,False
SaimanSays,Charming_Ratio_7355,['top'],12.0,True,True,True
SaimanSays,ChillGuy_754,['latest'],,False,False,False
SaimanSays,Classic_Gur_2657,['latest'],,False,False,False
SaimanSays,ClearSpear24,['top'],,False,False,False
SaimanSays,Competitive_Rock5872,['latest'],,False,False,False
SaimanSays,ComplaintNo5190,['poster'],,False,False,False
SaimanSays,ConclusionOk1764,['latest'],,False,False,False
SaimanSays,CosmicRook90,"['latest', 'top']",0.0,True,False,False
SaimanSays,Crazy_Indic,['top'],2.0,True,False,True
SaimanSays,Creative_Leg8699,['poster'],,False,False,False
SaimanSays,DetectiveExisting307,['latest'],,False,False,False
SaimanSays,Diligent-State-8326,['top'],,False,False,False
SaimanSays,Direct_Sky5739,['latest'],4.0,True,False,True
SaimanSays,Disastrous_Body9196,['top'],1.0,True,False,True
SaimanSays,DragonNinja366,['top'],0.0,True,False,False
SaimanSays,Drstatins,['latest'],,False,False,False
SaimanSays,DryCow7695,"['latest', 'top']",,False,False,False
SaimanSays,Dry_Candidate_6117,['top'],6.0,True,True,True
SaimanSays,Due_Operation_1384,"['latest', 'top']",,False,False,False
SaimanSays,Educational_Ad_1001,['top'],,False,False,False
SaimanSays,Effective-Cash-1681,['top'],,False,False,False
SaimanSays,Egg-2bits,"['latest', 'top']",2.0,True,False,True
SaimanSays,Emergency_Lock6853,"['latest', 'top']",,False,False,False
SaimanSays,EvenTheliberal5184,"['latest', 'top']",2.0,True,False,True
SaimanSays,EveningMysterious788,['latest'],,False,False,False
SaimanSays,Extension_War_1361,['latest'],,False,False,False
SaimanSays,FAMPpro,['top'],3.0,True,False,True
SaimanSays,Flaky-Knee2278,['latest'],2.0,True,False,True
SaimanSays,Fluffy_Jackfruit_672,['latest'],,False,False,False
SaimanSays,FocusedAG,['latest'],4.0,True,False,True
SaimanSays,Former_Repair9221,['top'],0.0,True,False,False
SaimanSays,Free_Anxiety_9660,['top'],0.0,True,False,False
SaimanSays,Funny-Shoe-121,['poster'],,False,False,False
SaimanSays,GapRepresentative209,['top'],,False,False,False
SaimanSays,General_Ad_6247,['top'],,False,False,False
SaimanSays,Great_Money_4051,['latest'],,False,False,False
SaimanSays,GuityTurtle,['top'],,False,False,False
SaimanSays,Healthy-Ad-1957,['latest'],,False,False,False
SaimanSays,Hmg_Environment732,['top'],,False,False,False
SaimanSays,Huge_Acanthisitta989,"['latest', 'top']",,False,False,False
SaimanSays,Human-Pipe-6121,['latest'],1.0,True,False,True
SaimanSays,Icy_Response9956,['top'],,False,False,False
SaimanSays,Illustrious-Car-5290,['latest'],,False,False,False
SaimanSays,Imaginary-Host-2733,['latest'],,False,False,False
SaimanSays,ImaginaryOnion8006,"['latest', 'top']",2.0,True,False,True
SaimanSays,Imaginary_Alarm_2883,['top'],,False,False,False
SaimanSays,ImmediateJacket9502,"['latest', 'top']",1.0,True,False,True
SaimanSays,ImperialBeautyhunter,"['latest', 'top']",1.0,True,False,True
SaimanSays,IndianWeeb69,['poster'],,False,False,False
SaimanSays,IndividualJury5356,"['latest', 'top']",,False,False,False
SaimanSays,Initial-Customer462,['top'],1.0,True,False,True
SaimanSays,JeffysChewToy,['top'],1.0,True,False,True
SaimanSays,JethalalGadaBwing,['top'],,False,False,False
SaimanSays,Joel_joey125,['latest'],,False,False,False
SaimanSays,Kooky_Housing2856,['latest'],,False,False,False
SaimanSays,Left_Bee5657,['poster'],12.0,True,True,True
SaimanSays,LegItiMate2,['latest'],0.0,True,False,False
SaimanSays,Legitimate_Main8244,['top'],2.0,True,False,True
SaimanSays,Local-Computer1118,['top'],2.0,True,False,True
SaimanSays,Logical-Winter4106,['latest'],,False,False,False
SaimanSays,Lol_898,['top'],4.0,True,False,True
SaimanSays,LongjumpingCoyote294,['latest'],,False,False,False
SaimanSays,Lostanomalyii,['latest'],,False,False,False
SaimanSays,Loud-Feeling6676,['top'],,False,False,False
SaimanSays,Low-life1567,['latest'],0.0,True,False,False
SaimanSays,Low_Offer_1899,['top'],2.0,True,False,True
SaimanSays,MaleficentGuide2510,['latest'],,False,False,False
SaimanSays,Mammoth_Calendar_352,['latest'],2.0,True,False,True
SaimanSays,Matrix_Wanderer,['latest'],,False,False,False
SaimanSays,Maximum-Election-300,['top'],,False,False,False
SaimanSays,Mediocre-Tip2954,"['latest', 'top']",,False,False,False
SaimanSays,Mission-Rhubarb-8963,['latest'],,False,False,False
SaimanSays,Modijifor2024,"['poster', 'top']",6.0,True,True,True
SaimanSays,Mr_Mangoman007,"['latest', 'top']",,False,False,False
SaimanSays,Much-Community8457,['latest'],1.0,True,False,True
SaimanSays,Nikhk9,['poster'],0.0,True,False,False
SaimanSays,Nilesh_69_,['latest'],,False,False,False
SaimanSays,No-Scene-9109,['latest'],1.0,True,False,True
SaimanSays,No_Plum5958,['latest'],,False,False,False
SaimanSays,Odd_Treat_9225,['latest'],0.0,True,False,False
SaimanSays,Ok-Arugula8057,['latest'],1.0,True,False,True
SaimanSays,Ok-Concentrate8650,['top'],0.0,True,False,False
SaimanSays,Ok-Succotash1513,"['latest', 'top']",,False,False,False
SaimanSays,OkAccess6128,['top'],2.0,True,False,True
SaimanSays,OkCar226,['latest'],,False,False,False
SaimanSays,OkMetal394,"['latest', 'top']",,False,False,False
SaimanSays,Ok_Wishbone8433,['top'],,False,False,False
SaimanSays,OpeningDecent1133,['latest'],,False,False,False
SaimanSays,OutsourcingMyPeace,['latest'],,False,False,False
SaimanSays,Paranoia_soul,['latest'],0.0,True,False,False
SaimanSays,Particular-Risk1322,['top'],2.0,True,False,True
SaimanSays,Playful-Yam8843,['latest'],,False,False,False
SaimanSays,Pleasant_Goose_2797,['top'],,False,False,False
SaimanSays,Prestigious_War_9939,['latest'],,False,False,False
SaimanSays,Puzzled_Mirror_7216,['latest'],,False,False,False
SaimanSays,Puzzleheaded-Sea-914,"['poster', 'top']",3.0,True,False,True
SaimanSays,QuickCampaign6382,['latest'],,False,False,False
SaimanSays,RedditZyon,['latest'],,False,False,False
SaimanSays,Resident_Credit_4437,"['latest', 'top']",0.0,True,False,False
SaimanSays,Rizzler_346,['latest'],,False,False,False
SaimanSays,S1lent_Radi0,['latest'],,False,False,False
SaimanSays,SGdareflex,['latest'],,False,False,False
SaimanSays,SPYxoxo,['top'],0.0,True,False,False
SaimanSays,Scared-Engineer-6218,"['latest', 'top']",4.0,True,False,True
SaimanSays,Scared_Skirt9455,['latest'],,False,False,False
SaimanSays,Scary_Tap1444,['top'],,False,False,False
SaimanSays,Setto_Senpai,['latest'],2.0,True,False,True
SaimanSays,Severe-Gear-8189,['top'],0.0,True,False,False
SaimanSays,ShintY_XD,['top'],,False,False,False
SaimanSays,Silver-Conclusion134,['latest'],0.0,True,False,False
SaimanSays,SimilarExtent8524,"['latest', 'top']",,False,False,False
SaimanSays,Snuggle_slow,['top'],,False,False,False
SaimanSays,SpecialistRabbit9160,['latest'],,False,False,False
SaimanSays,StillSlight476,['latest'],1.0,True,False,True
SaimanSays,Strange_Ice_6571,['top'],,False,False,False
SaimanSays,Subhash_Boi,['top'],2.0,True,False,True
SaimanSays,Substantial-Run-5748,['top'],1.0,True,False,True
SaimanSays,Suha6755,"['latest', 'top']",,False,False,False
SaimanSays,SuperB_Boi,"['latest', 'top']",0.0,True,False,False
SaimanSays,Suspicious-Status228,['latest'],,False,False,False
SaimanSays,TaZz47,['poster'],,False,False,False
SaimanSays,TalePsychological920,['latest'],,False,False,False
SaimanSays,Terrible_Nothing_365,"['poster', 'top']",2.0,True,False,True
SaimanSays,TheBrownProphet,['latest'],1.0,True,False,True
SaimanSays,TheBuroun,['latest'],0.0,True,False,False
SaimanSays,TheDeparted383,['top'],1.0,True,False,True
SaimanSays,Thorsagal,['latest'],,False,False,False
SaimanSays,TitanRuse,['latest'],0.0,True,False,False
SaimanSays,TopConcentrate8484,['top'],3.0,True,False,True
SaimanSays,TraditionalPath3894,['top'],,False,False,False
SaimanSays,Trick_Mortgage_3452,['poster'],16.0,True,True,True
SaimanSays,Trick_Opportunity_93,['latest'],,False,False,False
SaimanSays,United_Engine_5719,['latest'],,False,False,False
SaimanSays,User_reddit69,['top'],,False,False,False
SaimanSays,Viperlooksbeyond,['latest'],,False,False,False
SaimanSays,Visheshhh_Vyaktiii,['top'],3.0,True,False,True
SaimanSays,Weary_Media617,['latest'],,False,False,False
SaimanSays,WeebishKumar,['latest'],3.0,True,False,True
SaimanSays,Westwolfey,['poster'],2.0,True,False,True
SaimanSays,Wooden-Tear-4938,['top'],0.0,True,False,False
SaimanSays,Yaksha8,['top'],1.0,True,False,True
SaimanSays,YeeHaw_72,['top'],2.0,True,False,True
SaimanSays,ZealousidealTank1353,['latest'],6.0,True,True,True
SaimanSays,Zealousideal_Bed6190,['top'],,False,False,False
SaimanSays,Zorichi-9595,['latest'],,False,False,False
SaimanSays,_1dit_,"['latest', 'top']",0.0,True,False,False
SaimanSays,__muzi,['latest'],,False,False,False
SaimanSays,_ishan__,['top'],,False,False,False
SaimanSays,aaditya_9303,['latest'],2.0,True,False,True
SaimanSays,aamar98,['latest'],0.0,True,False,False
SaimanSays,aaveshamstar,['top'],2.0,True,False,True
SaimanSays,abhisheksharma_98,['latest'],,False,False,False
SaimanSays,almostrizwan,['latest'],,False,False,False
SaimanSays,asifs6585,['poster'],8.0,True,True,True
SaimanSays,awkwardness_maxed,"['latest', 'top']",,False,False,False
SaimanSays,b1p1nkumar,['top'],3.0,True,False,True
SaimanSays,bedanto77,['latest'],1.0,True,False,True
SaimanSays,biryanikaghulam,['latest'],12.0,True,True,True
SaimanSays,black-board-10,['latest'],,False,False,False
SaimanSays,calderst,['latest'],,False,False,False
SaimanSays,can_iloveu,['top'],1.0,True,False,True
SaimanSays,cauliflowereyes5725,['top'],,False,False,False
SaimanSays,chaarbimaari,['poster'],0.0,True,False,False
SaimanSays,charlizard1000xy,['top'],2.0,True,False,True
SaimanSays,child_target,['top'],1.0,True,False,True
SaimanSays,divyaraj00,"['latest', 'top']",3.0,True,False,True
SaimanSays,doctorr__Doom,['latest'],12.0,True,True,True
SaimanSays,egg-curry,['top'],,False,False,False
SaimanSays,generalist_red,"['latest', 'top']",,False,False,False
SaimanSays,ha9unaka,['top'],,False,False,False
SaimanSays,hardBaLlls,"['latest', 'top']",,False,False,False
SaimanSays,heiheiboii,"['poster', 'top']",3.0,True,False,True
SaimanSays,hitsham96,"['latest', 'top']",2.0,True,False,True
SaimanSays,ichbindoge,"['latest', 'top']",1.0,True,False,True
SaimanSays,imfrom_mars_,['poster'],12.0,True,True,True
SaimanSays,into_fiction,"['latest', 'top']",2.0,True,False,True
SaimanSays,ishu_reddit,['top'],,False,False,False
SaimanSays,jazbaatininja,['top'],,False,False,False
SaimanSays,ka_me_haa_mee_haaa,['latest'],2.0,True,False,True
SaimanSays,kas-623,['top'],3.0,True,False,True
SaimanSays,keshavgKaLLen_Bhaiya,['top'],2.0,True,False,True
SaimanSays,knownone010,['top'],,False,False,False
SaimanSays,leigeoverlord,"['latest', 'top']",,False,False,False
SaimanSays,level100PPguy,['top'],3.0,True,False,True
SaimanSays,lol_lmao_xd_,['top'],,False,False,False
SaimanSays,meatrider_2008,['latest'],,False,False,False
SaimanSays,micasaaaaa,['latest'],,False,False,False
SaimanSays,millburnpennybags,['top'],0.0,True,False,False
SaimanSays,mimicplyz_Fee4026,['top'],,False,False,False
SaimanSays,misalkaran7,['latest'],,False,False,False
SaimanSays,mjgestixoul9,"['latest', 'poster', 'top']",8.0,True,True,True
SaimanSays,ms_regedit,['top'],2.0,True,False,True
SaimanSays,naam-nahi-bataunga,['latest'],,False,False,False
SaimanSays,normie_56,['top'],0.0,True,False,False
SaimanSays,nothyacarthohyan,"['latest', 'top']",2.0,True,False,True
SaimanSays,painedvulture7,['top'],2.0,True,False,True
SaimanSays,parthetic_insaan_99,['top'],0.0,True,False,False
SaimanSays,pattisboi,"['latest', 'poster', 'top']",3.0,True,False,True
SaimanSays,peekaboo409,['top'],0.0,True,False,False
SaimanSays,platypus_perry__,['top'],,False,False,False
SaimanSays,ppboi41,['poster'],0.0,True,False,False
SaimanSays,praneeth_8,"['latest', 'top']",,False,False,False
SaimanSays,procrastinatingsex,"['latest', 'top']",,False,False,False
SaimanSays,quicketyquakity,"['latest', 'top']",,False,False,False
SaimanSays,raiseIQUnderflow,['latest'],,False,False,False
SaimanSays,randomgenericdude63,['top'],,False,False,False
SaimanSays,reinvigorated__,['latest'],,False,False,False
SaimanSays,sahaj_21,['latest'],,False,False,False
SaimanSays,sampath2030,"['latest', 'top']",,False,False,False
SaimanSays,san2005,['latest'],0.0,True,False,False
SaimanSays,saurabhkushwaha-,"['latest', 'top']",,False,False,False
SaimanSays,sinus_rhythm_006,['top'],,False,False,False
SaimanSays,sns_kar,['top'],0.0,True,False,False
SaimanSays,steal_the_fearzz077,['poster'],0.0,True,False,False
SaimanSays,stunnerswag,['latest'],0.0,True,False,False
SaimanSays,tacsderby,['latest'],,False,False,False
SaimanSays,tealeaff_,['top'],0.0,True,False,False
SaimanSays,theclonelyisland,['top'],,False,False,False
SaimanSays,thehappygirl1410,['latest'],1.0,True,False,True
SaimanSays,timothy_talks,"['latest', 'poster']",,False,False,False
SaimanSays,vichenadenca,['latest'],,False,False,False
SaimanSays,vidyutmandrake,['latest'],,False,False,False
SaimanSays,voidinvelvet,['latest'],0.0,True,False,False
SaimanSays,xyz__99,['latest'],0.0,True,False,False
SaimanSays,yashvone,['latest'],1.0,True,False,True
animeindian,-OddLion-,"['latest', 'top']",,False,False,False
animeindian,AIZEN-074,"['latest', 'top']",,False,False,False
animeindian,ARKNet9000,['top'],,False,False,False
animeindian,ARKUR_745,['top'],0.0,True,False,False
animeindian,Active_Beginning4210,"['latest', 'top']",1.0,True,False,True
animeindian,Actual_Stand4693,"['latest', 'top']",1.0,True,False,True
animeindian,Additional_Echo882,['latest'],2.0,True,False,True
animeindian,Altheix11,['latest'],0.0,True,False,False
animeindian,Altruistic-Spend-896,['latest'],2.0,True,False,True
animeindian,Animesh25A,['latest'],,False,False,False
animeindian,Anuromancer,['latest'],,False,False,False
animeindian,Any-Distance6586,['latest'],,False,False,False
animeindian,Ash_Born_here,['latest'],1.0,True,False,True
animeindian,Ashamed_Law661,['latest'],,False,False,False
animeindian,AsuraAKU,"['latest', 'top']",,False,False,False
animeindian,Auquie,['latest'],1.0,True,False,True
animeindian,BERSERK_KNIGHT_666,['latest'],2.0,True,False,True
animeindian,BaapKoBhej69,['top'],0.0,True,False,False
animeindian,BeautifulSpell6209,['latest'],0.0,True,False,False
animeindian,Benny2Tao,['latest'],,False,False,False
animeindian,Best-Letterhead4362,['top'],,False,False,False
animeindian,Blake_kai,['latest'],0.0,True,False,False
animeindian,BlueBastard_,['top'],2.0,True,False,True
animeindian,CatParticular2190,['latest'],,False,False,False
animeindian,Cautious-Water1491,"['latest', 'top']",,False,False,False
animeindian,CertainPin2935,['latest'],,False,False,False
animeindian,Charming_Ratio_7355,"['latest', 'poster']",12.0,True,True,True
animeindian,Chemical-Brush3587,['latest'],2.0,True,False,True
animeindian,ChipmunkHealthy9822,['latest'],,False,False,False
animeindian,Clear-Treat-9052,['top'],3.0,True,False,True
animeindian,Competitive_Set_478,['top'],,False,False,False
animeindian,Ctrl_Shift_Esc_,['poster'],,False,False,False
animeindian,Curious_Link_867,"['latest', 'top']",,False,False,False
animeindian,CutJazzlike5985,['latest'],0.0,True,False,False
animeindian,CykaBilal,['latest'],,False,False,False
animeindian,D4ve_18,"['latest', 'top']",,False,False,False
animeindian,Dam_wreak,['top'],2.0,True,False,True
animeindian,Dangerous_Equal4373,['latest'],,False,False,False
animeindian,DarkexGG,['top'],2.0,True,False,True
animeindian,DiamondNo1795,['latest'],,False,False,False
animeindian,Difficult_Secret_251,"['latest', 'top']",,False,False,False
animeindian,Disastrous_Abroad212,['top'],,False,False,False
animeindian,EconomyAd7177,['top'],2.0,True,False,True
animeindian,Ecstatic-Quality-212,['top'],2.0,True,False,True
animeindian,Electrozade,['top'],,False,False,False
animeindian,Embarrassed_Play_181,['top'],0.0,True,False,False
animeindian,Entire_Bug355,['top'],,False,False,False
animeindian,ErenYeager-77,['top'],0.0,True,False,False
animeindian,EtherStarz,['top'],,False,False,False
animeindian,Euphoric_Carob,"['latest', 'top']",,False,False,False
animeindian,Expensive-Guitar-147,['latest'],,False,False,False
animeindian,ExperienceTough2461,['top'],,False,False,False
animeindian,Federal_Nature_2949,['latest'],,False,False,False
animeindian,Few_Cartographer4720,['latest'],0.0,True,False,False
animeindian,Firm_Translator_3177,['top'],0.0,True,False,False
animeindian,Flash-Leap,['top'],0.0,True,False,False
animeindian,Formal-Nature2540,['top'],,False,False,False
animeindian,Frequent-Monitor3924,['top'],0.0,True,False,False
animeindian,Fun-Cartographer-368,['latest'],,False,False,False
animeindian,G-en,['latest'],1.0,True,False,True
animeindian,Gamerz_SG,['top'],,False,False,False
animeindian,Ghostwiser,['latest'],1.0,True,False,True
animeindian,GolfAggravating7630,['latest'],,False,False,False
animeindian,GoofySen,['top'],2.0,True,False,True
animeindian,GreyAstajho-24,['latest'],,False,False,False
animeindian,Hairy-Fee-6796,['latest'],0.0,True,False,False
animeindian,Hungry-Philosophy-31,['top'],2.0,True,False,True
animeindian,I_am_a_visitor,['latest'],,False,False,False
animeindian,Icy_Independent_3850,['latest'],,False,False,False
animeindian,Ikigaiyeka,['top'],3.0,True,False,True
animeindian,ImaginaryOnion8006,['top'],2.0,True,False,True
animeindian,Immediate_Beach7404,['latest'],,False,False,False
animeindian,Ind-Shadow_777,['top'],1.0,True,False,True
animeindian,Indervir007,['poster'],2.0,True,False,True
animeindian,InstanceShot1564,"['latest', 'top']",,False,False,False
animeindian,Intelligent-Path-238,['top'],3.0,True,False,True
animeindian,ItzFantasy_,['latest'],,False,False,False
animeindian,JawkneeJyoshtar,['latest'],2.0,True,False,True
animeindian,Jazzlike-Site-1662,['latest'],,False,False,False
animeindian,Jin_woo_shadow,"['latest', 'top']",2.0,True,False,True
animeindian,Joyboy_9105,['top'],,False,False,False
animeindian,Kapish-Rawat,['latest'],,False,False,False
animeindian,Key_Carpenter1341,['top'],1.0,True,False,True
animeindian,KhunAcensio,['latest'],0.0,True,False,False
animeindian,Known_Pomelo_9808,['latest'],0.0,True,False,False
animeindian,Koki-noki,"['latest', 'top']",12.0,True,True,True
animeindian,LAditya_121,['latest'],0.0,True,False,False
animeindian,LIVI-_-,['top'],0.0,True,False,False
animeindian,Litti__Chokha,['top'],1.0,True,False,True
animeindian,LudicrousMorality117,"['latest', 'top']",,False,False,False
animeindian,LuffyKarlsefni,"['latest', 'top']",,False,False,False
animeindian,MAKstyles75,['top'],0.0,True,False,False
animeindian,MAYR-ih-WAH-nuh,"['latest', 'top']",0.0,True,False,False
animeindian,Mathguy-Programmer,['top'],,False,False,False
animeindian,Max-White69,"['latest', 'top']",,False,False,False
animeindian,Melodic-Nothing1147,['latest'],,False,False,False
animeindian,Meowllionairee,"['latest', 'top']",1.0,True,False,True
animeindian,MonkeyDluffy836,['latest'],,False,False,False
animeindian,Most-Courage-7028,"['latest', 'top']",,False,False,False
animeindian,Mr_Calculator2063,['latest'],,False,False,False
animeindian,Mult_Cheese,['latest'],,False,False,False
animeindian,Neither-Ad-2594,['top'],,False,False,False
animeindian,Nervous_Key_4443,['top'],,False,False,False
animeindian,No-Brush1587,['poster'],,False,False,False
animeindian,No-Cauliflower7160,['latest'],0.0,True,False,False
animeindian,Nonyabuizness,['latest'],2.0,True,False,True
animeindian,Nuttednutela,['top'],,False,False,False
animeindian,Ok-Chard6986,['top'],2.0,True,False,True
animeindian,Ok-Instance2782,['latest'],,False,False,False
animeindian,Ok-Manufacturer-8152,['top'],,False,False,False
animeindian,Ok_Brain8684,['top'],1.0,True,False,True
animeindian,Ok_Criticism_7001,['latest'],,False,False,False
animeindian,Ok_Ground511,"['latest', 'top']",1.0,True,False,True
animeindian,Ok_Neat2422,['latest'],,False,False,False
animeindian,Ok_Rule1695,['latest'],2.0,True,False,True
animeindian,Onyxwilson10,['top'],2.0,True,False,True
animeindian,OperationEquivalent3,['latest'],0.0,True,False,False
animeindian,Original_Eternal_8,"['latest', 'top']",,False,False,False
animeindian,OstakuVibes,['latest'],2.0,True,False,True
animeindian,Otherwise_Salt1279,['latest'],,False,False,False
animeindian,Own-View1271,['latest'],0.0,True,False,False
animeindian,Pandarenu,['latest'],,False,False,False
animeindian,Particular-Kale-990,['top'],,False,False,False
animeindian,Particular-Risk1322,['top'],2.0,True,False,True
animeindian,Pleasant-Spinach-564,"['poster', 'top']",,False,False,False
animeindian,Potential_Run_3139,['top'],,False,False,False
animeindian,Prajwal_M_Acharya_,['top'],,False,False,False
animeindian,PresentRefuse8373,"['latest', 'top']",,False,False,False
animeindian,PsychologicalGas7843,['top'],1.0,True,False,True
animeindian,Pure-Attempt2199,['top'],,False,False,False
animeindian,Quirky_Humor4627,"['poster', 'top']",,False,False,False
animeindian,Rank_SSS7777,['latest'],,False,False,False
animeindian,Raumdeuterthegoat,['top'],,False,False,False
animeindian,RedEyeSide_,['latest'],,False,False,False
animeindian,Report_Otherwise,['top'],,False,False,False
animeindian,Rude_Fennel6653,['latest'],,False,False,False
animeindian,Rude_Parfait_3194,"['latest', 'top']",,False,False,False
animeindian,SadAnimator1354,['poster'],6.0,True,True,True
animeindian,SamStorm1,['top'],,False,False,False
animeindian,Sassy_Sloth_,['poster'],,False,False,False
animeindian,Scary_Pop1244,['top'],0.0,True,False,False
animeindian,Sea_Statistician5558,"['latest', 'top']",,False,False,False
animeindian,ShadeSphere007,['top'],,False,False,False
animeindian,Shinxmiya_San,['top'],,False,False,False
animeindian,ShivyShanky,['latest'],,False,False,False
animeindian,Significant-Tip9361,"['latest', 'top']",0.0,True,False,False
animeindian,SillyPotato9853,"['latest', 'top']",,False,False,False
animeindian,SinDrafter101,"['latest', 'top']",1.0,True,False,True
animeindian,Slight_Commercial407,"['latest', 'top']",,False,False,False
animeindian,SmoothSplit6003,"['poster', 'top']",0.0,True,False,False
animeindian,Smooth_Living3667,['top'],,False,False,False
animeindian,StatisticianNo4339,['poster'],,False,False,False
animeindian,SubstantialWeb3156,['latest'],,False,False,False
animeindian,Such_Explanation_184,['top'],,False,False,False
animeindian,Sure_Investigator_43,['latest'],,False,False,False
animeindian,That_Rich5960,['poster'],,False,False,False
animeindian,Then-Tell-8660,['latest'],,False,False,False
animeindian,Time_Blacksmith861,['top'],1.0,True,False,True
animeindian,Toaster960,['latest'],,False,False,False
animeindian,Top-Prize5145,['top'],0.0,True,False,False
animeindian,Top_Road4422,['poster'],,False,False,False
animeindian,Top_Tune_9753,"['latest', 'top']",3.0,True,False,True
animeindian,Trick_Mortgage_3452,['poster'],16.0,True,True,True
animeindian,Trollge-2005,['top'],2.0,True,False,True
animeindian,ULTRADEV_305,['top'],1.0,True,False,True
animeindian,Unlikely_Dimension55,['top'],2.0,True,False,True
animeindian,UntoldHacker,['latest'],0.0,True,False,False
animeindian,Upbeat-Money5299,"['latest', 'top']",4.0,True,False,True
animeindian,VIVEKKRISHNAA,['latest'],0.0,True,False,False
animeindian,Vibin_Vibrator,['top'],,False,False,False
animeindian,Vikhyatvarun,['latest'],0.0,True,False,False
animeindian,VineethVish,"['latest', 'top']",,False,False,False
animeindian,Wandering_Calamity,['latest'],,False,False,False
animeindian,Whitekittybloom,['latest'],,False,False,False
animeindian,Wizard_026,['top'],,False,False,False
animeindian,WonderfulTime6375,['latest'],,False,False,False
animeindian,Wonderful_Return_514,['latest'],,False,False,False
animeindian,Wooden_Experience529,['latest'],,False,False,False
animeindian,Xeaiuz,['top'],1.0,True,False,True
animeindian,Yamate_Kudasai69,"['latest', 'top']",,False,False,False
animeindian,Yuna_08,['poster'],,False,False,False
animeindian,Zerith--,['latest'],,False,False,False
animeindian,Zestyclose-Trash5557,['latest'],,False,False,False
animeindian,ZestycloseGuava3887,['top'],,False,False,False
animeindian,ZuraKats,"['poster', 'top']",,False,False,False
animeindian,aaAS69,"['latest', 'poster', 'top']",2.0,True,False,True
animeindian,ace_2op,['latest'],2.0,True,False,True
animeindian,aizensama075,['latest'],,False,False,False
animeindian,animeindian-ModTeam,['latest'],,False,False,False
animeindian,arsonfelony,['top'],,False,False,False
animeindian,ashdragoncatcher,"['latest', 'top']",0.0,True,False,False
animeindian,ask_ur_mom,['top'],4.0,True,False,True
animeindian,axisdork,['top'],1.0,True,False,True
animeindian,axrtesh,['top'],,False,False,False
animeindian,bluinkinnovation,"['latest', 'top']",,False,False,False
animeindian,bseal---,['top'],,False,False,False
animeindian,chutkarsh7,['latest'],,False,False,False
animeindian,conrakon,['latest'],,False,False,False
animeindian,dankteen69,['latest'],0.0,True,False,False
animeindian,demon_king_700,['latest'],1.0,True,False,True
animeindian,drifterotaku,"['poster', 'top']",0.0,True,False,False
animeindian,embarrassedmommy,['top'],,False,False,False
animeindian,evammist,['top'],4.0,True,False,True
animeindian,florencemistry,['top'],,False,False,False
animeindian,fumblemaster69,['top'],,False,False,False
animeindian,gogoak69,['latest'],3.0,True,False,True
animeindian,hairy_hippo03,['latest'],,False,False,False
animeindian,hlo2you_,['latest'],,False,False,False
animeindian,i_bang_106,['latest'],,False,False,False
animeindian,immortal_drake,['latest'],,False,False,False
animeindian,infinitehelpmaster,['top'],3.0,True,False,True
animeindian,itsjokerkhan,"['poster', 'top']",,False,False,False
animeindian,itsmadfury,['poster'],,False,False,False
animeindian,jokerxgoro,"['poster', 'top']",2.0,True,False,True
animeindian,joy_boy005,['top'],,False,False,False
animeindian,just_a_nerd_04,['top'],,False,False,False
animeindian,kakarot_1315,['top'],,False,False,False
animeindian,kick_buttowskyy,['top'],,False,False,False
animeindian,kirayash,['latest'],,False,False,False
animeindian,knivef,['poster'],0.0,True,False,False
animeindian,kowa-biryani,['latest'],,False,False,False
animeindian,krrish-1119,['latest'],,False,False,False
animeindian,lilmilk-69,['top'],,False,False,False
animeindian,me_no_likey_67,"['latest', 'top']",,False,False,False
animeindian,menonswaroop,['latest'],0.0,True,False,False
animeindian,myberich,['poster'],3.0,True,False,True
animeindian,normann508,['latest'],1.0,True,False,True
animeindian,nvmnit,"['latest', 'top']",0.0,True,False,False
animeindian,omen056,['latest'],0.0,True,False,False
animeindian,oogwaysrightnut,['top'],,False,False,False
animeindian,pachatel,['latest'],,False,False,False
animeindian,perplexed_pepe,['latest'],1.0,True,False,True
animeindian,pervy_sage1109,['latest'],,False,False,False
animeindian,potatopeeler0w0,"['latest', 'top']",,False,False,False
animeindian,rahkrish,['top'],2.0,True,False,True
animeindian,ras-bhari,['latest'],,False,False,False
animeindian,red-zone-user-1000,"['latest', 'poster']",0.0,True,False,False
animeindian,resident_4,"['poster', 'top']",,False,False,False
animeindian,riostasis,['latest'],,False,False,False
animeindian,rixk0goro,['top'],1.0,True,False,True
animeindian,sad_individual_v4,['latest'],,False,False,False
animeindian,sj975,"['latest', 'top']",,False,False,False
animeindian,skaftabakram,['latest'],,False,False,False
animeindian,sliceoflife_daisuki,['poster'],6.0,True,True,True
animeindian,sometimequrious,['latest'],,False,False,False
animeindian,sp2-hybrid-orbital,['latest'],,False,False,False
animeindian,sttongestforeskin3,['top'],0.0,True,False,False
animeindian,tactical_touche007,['latest'],,False,False,False
animeindian,tarinotmarchon,['latest'],,False,False,False
animeindian,thegaming_unity,"['latest', 'top']",1.0,True,False,True
animeindian,tony-tonychoppaaa,['top'],,False,False,False
animeindian,toxicshubh05,"['latest', 'top']",1.0,True,False,True
animeindian,unfinished-godswork,['top'],4.0,True,False,True
animeindian,vfox67,['top'],9.0,True,True,True
animeindian,vysevysevyse,['top'],0.0,True,False,False
animeindian,whyme2479,['top'],1.0,True,False,True
animeindian,zah1rrr,['top'],0.0,True,False,False
bangalore,00_troublesome_00,['latest'],,False,False,False
bangalore,1993s-Batman,['top'],,False,False,False
bangalore,500Rtg,['top'],0.0,True,False,False
bangalore,Acceptable-Salt7246,"['latest', 'top']",,False,False,False
bangalore,Accomplished-Fig4746,['latest'],,False,False,False
bangalore,Acrobatic-Bread-4948,"['latest', 'top']",2.0,True,False,True
bangalore,Acrobatic_Fan_5499,['latest'],,False,False,False
bangalore,Active_Historian_964,"['latest', 'top']",,False,False,False
bangalore,AdLeft6493,['top'],,False,False,False
bangalore,Adorable_Trade4578,['latest'],0.0,True,False,False
bangalore,Alone-Alfalfa9001,['latest'],,False,False,False
bangalore,Alternative-Cod4878,"['latest', 'top']",,False,False,False
bangalore,AncientArugula3939,['top'],2.0,True,False,True
bangalore,Angelthatfelltoodeep,"['latest', 'top']",,False,False,False
bangalore,Any_Loan1699,['top'],0.0,True,False,False
bangalore,Any_Year_5644,['latest'],,False,False,False
bangalore,ApprehensiveWork9059,['poster'],,False,False,False
bangalore,AppropriateBar4093,['latest'],,False,False,False
bangalore,Awkward-Theme-2225,['latest'],,False,False,False
bangalore,AwkwardIcon,['latest'],,False,False,False
bangalore,Back2Pac,['latest'],0.0,True,False,False
bangalore,Background-Field7486,"['latest', 'top']",0.0,True,False,False
bangalore,Bagheera_10,['latest'],,False,False,False
bangalore,Blackbeard567,['latest'],0.0,True,False,False
bangalore,Bleak_star_dust,['top'],2.0,True,False,True
bangalore,CartographerBig3021,['latest'],,False,False,False
bangalore,Chetan87,['top'],1.0,True,False,True
bangalore,ChunkyBoi_350,"['latest', 'top']",,False,False,False
bangalore,Clear_Mountain_724,['top'],,False,False,False
bangalore,Commercial-Tap8537,['latest'],1.0,True,False,True
bangalore,Concept-Plastic,"['latest', 'top']",2.0,True,False,True
bangalore,ConstructionPrior329,['top'],,False,False,False
bangalore,CosmicKarmic,['top'],,False,False,False
bangalore,Curious_Confusion77,"['latest', 'top']",,False,False,False
bangalore,Defiant_Fortune15,['top'],2.0,True,False,True
bangalore,Distinct_Panic9523,['poster'],0.0,True,False,False
bangalore,DressAffectionate492,['latest'],2.0,True,False,True
bangalore,Eld3rr,['latest'],,False,False,False
bangalore,Electroniccomptrader,['top'],,False,False,False
bangalore,Fancy-Mess-6409,['top'],,False,False,False
bangalore,Fantastic-Ad2604,['top'],,False,False,False
bangalore,Fantastic-Anywhere58,['top'],,False,False,False
bangalore,Far_Cardiologist5422,['latest'],,False,False,False
bangalore,Farminthefarm,['latest'],,False,False,False
bangalore,Fenexx7,"['latest', 'poster']",,False,False,False
bangalore,Few_Calligrapher7237,['latest'],,False,False,False
bangalore,Flayedelephant,['top'],,False,False,False
bangalore,G952,['top'],1.0,True,False,True
bangalore,GamerMansMustachio,['latest'],,False,False,False
bangalore,General-Fondant4921,['top'],4.0,True,False,True
bangalore,Glittering-Peach-311,['poster'],,False,False,False
bangalore,GoldCampaignofaround,['top'],,False,False,False
bangalore,Good-Scallion-8808,['latest'],4.0,True,False,True
bangalore,Greedy_Study2820,['latest'],,False,False,False
bangalore,Guilty_Tear_4477,['latest'],1.0,True,False,True
bangalore,HOODIEBABA,['latest'],,False,False,False
bangalore,HospitalTechnical663,['latest'],,False,False,False
bangalore,HumbleOrder8785,['latest'],2.0,True,False,True
bangalore,Hyd_chicha,['latest'],0.0,True,False,False
bangalore,Icy_Impression98,"['latest', 'top']",4.0,True,False,True
bangalore,Icy_Strawberry4965,['latest'],,False,False,False
bangalore,IllustratorSquare667,['latest'],0.0,True,False,False
bangalore,ImaginaryTactician6,['top'],,False,False,False
bangalore,IncreaseBeautiful716,['top'],,False,False,False
bangalore,Independent-Cash-690,"['latest', 'top']",0.0,True,False,False
bangalore,Indie-fafo-2026,['latest'],,False,False,False
bangalore,Inner_Map_8425,['top'],,False,False,False
bangalore,InnovatorElevator,['top'],2.0,True,False,True
bangalore,Jaded_Ninja31,['top'],,False,False,False
bangalore,JuggernautThinker,['latest'],,False,False,False
bangalore,Latiyan,['latest'],,False,False,False
bangalore,Leather-Tradition482,['top'],12.0,True,True,True
bangalore,Less_Beginning_2271,['latest'],,False,False,False
bangalore,LetterheadSea3544,['top'],,False,False,False
bangalore,Little-Program-446,['poster'],,False,False,False
bangalore,LittleBlueCubes,['top'],2.0,True,False,True
bangalore,Loose_Artichoke6339,['latest'],,False,False,False
bangalore,LuciferIsPlaying,['top'],0.0,True,False,False
bangalore,Matrix-Enigma,['top'],,False,False,False
bangalore,McuNsiNjoR,['top'],,False,False,False
bangalore,Miserable-Smoke6485,"['latest', 'top']",,False,False,False
bangalore,Mr_Meta314,['latest'],2.0,True,False,True
bangalore,Murky-Anybody5360,['top'],2.0,True,False,True
bangalore,MurkyContribution347,"['latest', 'top']",,False,False,False
bangalore,Muscular_Farmer_,['latest'],1.0,True,False,True
bangalore,Muted-But-Present,"['latest', 'top']",1.0,True,False,True
bangalore,Naadamaya,['top'],1.0,True,False,True
bangalore,Next_Candy_3491,['top'],0.0,True,False,False
bangalore,Nightfury78,"['latest', 'top']",0.0,True,False,False
bangalore,NoMedicine3572,"['latest', 'top']",12.0,True,True,True
bangalore,No_Selection2836,['latest'],,False,False,False
bangalore,Odd-Construction1995,['latest'],,False,False,False
bangalore,Ok_Alps1153,['top'],,False,False,False
bangalore,Ok_Hat4658,['top'],,False,False,False
bangalore,Only_Pop_6216,['top'],2.0,True,False,True
bangalore,Outrageous_Act8956,"['latest', 'top']",,False,False,False
bangalore,Paranoid__Android,['top'],,False,False,False
bangalore,Pitamah_Bheeshm,['poster'],,False,False,False
bangalore,Pitforsofts,['top'],2.0,True,False,True
bangalore,Powerful-Set-5754,"['latest', 'top']",1.0,True,False,True
bangalore,Professional_Chef561,['top'],,False,False,False
bangalore,Prottusha1,"['latest', 'top']",1.0,True,False,True
bangalore,PsychBong,['top'],1.0,True,False,True
bangalore,PsychologicalTap7445,"['poster', 'top']",,False,False,False
bangalore,PunctualPanther,['latest'],1.0,True,False,True
bangalore,Realtors_Lord_Blr,['poster'],,False,False,False
bangalore,Reasonable-Exit4653,['top'],0.0,True,False,False
bangalore,Robustrogue,"['latest', 'top']",0.0,True,False,False
bangalore,Round_Sprinkles_2377,['poster'],,False,False,False
bangalore,SamosaMafia,['top'],4.0,True,False,True
bangalore,SeaRaisin6665,"['latest', 'top']",0.0,True,False,False
bangalore,Secret_Ad_2213,['top'],0.0,True,False,False
bangalore,SelwanPWD,['top'],1.0,True,False,True
bangalore,Signal_Face_5378,"['latest', 'poster', 'top']",1.0,True,False,True
bangalore,SillyLayer2526,['latest'],0.0,True,False,False
bangalore,SnoopyScone,['top'],0.0,True,False,False
bangalore,Some_red1,['latest'],,False,False,False
bangalore,Soorex,['top'],,False,False,False
bangalore,South_Individual_209,['top'],2.0,True,False,True
bangalore,SpringFries,['latest'],,False,False,False
bangalore,SquirrelInevitable33,['top'],,False,False,False
bangalore,StatSigEntropy,"['poster', 'top']",0.0,True,False,False
bangalore,Streetlegal26,['latest'],,False,False,False
bangalore,SubstantialPace3162,['top'],,False,False,False
bangalore,Sundara_prapancha,"['poster', 'top']",,False,False,False
bangalore,Tasty-Yak-1794,"['latest', 'top']",,False,False,False
bangalore,Technerdal,['latest'],,False,False,False
bangalore,The_Maaniac,['latest'],,False,False,False
bangalore,This_Lengthiness_457,['latest'],0.0,True,False,False
bangalore,Tough-Difference3171,['latest'],2.0,True,False,True
bangalore,Traditional-Kick3312,['latest'],,False,False,False
bangalore,Traditional_Level_50,['latest'],0.0,True,False,False
bangalore,UnFazedLaser,['top'],,False,False,False
bangalore,Unfair_Fact_8258,"['latest', 'top']",2.0,True,False,True
bangalore,Upbeat-Economics-380,['top'],,False,False,False
bangalore,Valkyre____,['top'],0.0,True,False,False
bangalore,VariousBonus8224,"['latest', 'top']",1.0,True,False,True
bangalore,Various_Ad1416,"['latest', 'top']",1.0,True,False,True
bangalore,Visible-Repair-1766,"['latest', 'top']",,False,False,False
bangalore,West-Cauliflower-450,['latest'],,False,False,False
bangalore,Western_Ratio3125,['latest'],2.0,True,False,True
bangalore,Wild-Apricot-9161,['poster'],,False,False,False
bangalore,Willing_Chemist8272,['latest'],1.0,True,False,True
bangalore,WolfStunning9683,['top'],,False,False,False
bangalore,YUNOVU,['latest'],0.0,True,False,False
bangalore,ZealousidealTwist303,['latest'],,False,False,False
bangalore,Zestyclose_Virus7869,['top'],0.0,True,False,False
bangalore,_KNAWLEDGE_,['latest'],1.0,True,False,True
bangalore,akashlanka,"['latest', 'poster']",0.0,True,False,False
bangalore,asdrver,"['latest', 'top']",,False,False,False
bangalore,batcave7373,['top'],0.0,True,False,False
bangalore,betta10u,['top'],,False,False,False
bangalore,bharathmohan94,['latest'],,False,False,False
bangalore,bhodrolok,"['poster', 'top']",12.0,True,True,True
bangalore,black_af,['latest'],,False,False,False
bangalore,blunt_dopess,['latest'],0.0,True,False,False
bangalore,booty-hunters,['top'],,False,False,False
bangalore,capt_arun,"['latest', 'poster', 'top']",,False,False,False
bangalore,carelessNinja101,['latest'],0.0,True,False,False
bangalore,chil_will_bro,['top'],,False,False,False
bangalore,chunmunsingh,['poster'],6.0,True,True,True
bangalore,cleancodedesk,['top'],,False,False,False
bangalore,cloud_techie3,['poster'],,False,False,False
bangalore,colablizzard,['latest'],0.0,True,False,False
bangalore,commandersaitama,['poster'],,False,False,False
bangalore,daBuddhaWay,['top'],2.0,True,False,True
bangalore,daddy-im-verucasalt,"['latest', 'poster']",,False,False,False
bangalore,darkkid85,['latest'],1.0,True,False,True
bangalore,debugger_life,['latest'],,False,False,False
bangalore,dick_saber,['top'],,False,False,False
bangalore,dommy6912,['latest'],1.0,True,False,True
bangalore,dragon_idli,['latest'],1.0,True,False,True
bangalore,dwight46schrute,['latest'],0.0,True,False,False
bangalore,dynamic_diprotodon,['top'],2.0,True,False,True
bangalore,earth_mail,['top'],,False,False,False
bangalore,earthsmight,['top'],0.0,True,False,False
bangalore,edith1122,['top'],0.0,True,False,False
bangalore,ee_user,['top'],0.0,True,False,False
bangalore,egg-curry,"['latest', 'top']",,False,False,False
bangalore,empatheticsocialist1,['latest'],0.0,True,False,False
bangalore,fatpikachu69,['poster'],,False,False,False
bangalore,find_a_rare_uuid,"['latest', 'top']",12.0,True,True,True
bangalore,fried-potato-diccs,['latest'],,False,False,False
bangalore,goonMaxxer021,['latest'],1.0,True,False,True
bangalore,gowt7,"['latest', 'top']",,False,False,False
bangalore,harshamv,['poster'],,False,False,False
bangalore,hellcat777-,"['latest', 'top']",,False,False,False
bangalore,hxmxd,['latest'],0.0,True,False,False
bangalore,imti283,['top'],,False,False,False
bangalore,insani_makdi,['top'],,False,False,False
bangalore,investing11213,"['latest', 'top']",1.0,True,False,True
bangalore,ismyaltaccount,['latest'],4.0,True,False,True
bangalore,iva4jj,['top'],,False,False,False
bangalore,jazzarchitect,['top'],,False,False,False
bangalore,kathegaara,['latest'],0.0,True,False,False
bangalore,kkang_kkang,['top'],0.0,True,False,False
bangalore,kr0n0sShrugg3d,"['latest', 'top']",,False,False,False
bangalore,margazi_perumal_20,['poster'],12.0,True,True,True
bangalore,milku_manitha,['top'],,False,False,False
bangalore,morataalvaro89,['latest'],,False,False,False
bangalore,movingphoton,['top'],2.0,True,False,True
bangalore,naiivekid,['top'],,False,False,False
bangalore,netflixandcookies,['latest'],1.0,True,False,True
bangalore,neutrinome,['top'],,False,False,False
bangalore,notmadhav,"['latest', 'top']",4.0,True,False,True
bangalore,notsosleepy,['latest'],1.0,True,False,True
bangalore,okiedoookie69,"['latest', 'poster']",,False,False,False
bangalore,orcapuca,['latest'],,False,False,False
bangalore,perfectonic,"['latest', 'top']",,False,False,False
bangalore,perfopt,"['latest', 'top']",0.0,True,False,False
bangalore,phish_curry,['top'],1.0,True,False,True
bangalore,pinkchampagne10,"['latest', 'top']",,False,False,False
bangalore,podi-dosai,['top'],,False,False,False
bangalore,poolnoodlefightchamp,['top'],2.0,True,False,True
bangalore,prajwel,['top'],,False,False,False
bangalore,priyamanavargal,['top'],0.0,True,False,False
bangalore,pulthekit,['latest'],,False,False,False
bangalore,radit_yeah,['top'],,False,False,False
bangalore,rajput19984,['top'],,False,False,False
bangalore,randomasad,['poster'],,False,False,False
bangalore,readytobehurt,['top'],0.0,True,False,False
bangalore,rock32091,['latest'],,False,False,False
bangalore,rotttencandy,"['latest', 'top']",,False,False,False
bangalore,rv94,['top'],,False,False,False
bangalore,saetarubia,['latest'],0.0,True,False,False
bangalore,sansays,['latest'],2.0,True,False,True
bangalore,shadow_at_dawn_32,['latest'],,False,False,False
bangalore,shamantr,['latest'],,False,False,False
bangalore,siddakadas,['top'],,False,False,False
bangalore,siddharthnibjiya,['latest'],,False,False,False
bangalore,siddmahi,['top'],,False,False,False
bangalore,sloppyandsoaking,['latest'],,False,False,False
bangalore,snippetmajnu,['poster'],4.0,True,False,True
bangalore,snow_coffee,"['latest', 'top']",2.0,True,False,True
bangalore,srdrhl146,"['latest', 'top']",,False,False,False
bangalore,tamilindian,['latest'],,False,False,False
bangalore,tea_and_goodday,['poster'],,False,False,False
bangalore,terminalTraveller,['top'],,False,False,False
bangalore,thankyouforecstasy,"['latest', 'top']",0.0,True,False,False
bangalore,the_annan,['latest'],4.0,True,False,True
bangalore,thoughtCoder07,['poster'],,False,False,False
bangalore,tocra,['top'],4.0,True,False,True
bangalore,tr_24,"['latest', 'top']",2.0,True,False,True
bangalore,ulf3t,['top'],,False,False,False
bangalore,user-tempo-1,"['latest', 'top']",2.0,True,False,True
bangalore,username_zz,['latest'],,False,False,False
bangalore,vectorey,"['latest', 'poster', 'top']",,False,False,False
bangalore,vimppera,['latest'],,False,False,False
bangalore,virgin_father,['top'],2.0,True,False,True
bangalore,wanderingonearth_99,"['latest', 'top']",,False,False,False
bangalore,wavechildhq,['latest'],,False,False,False
bangalore,wellfuckit2,['latest'],2.0,True,False,True
bangalore,wideomannn,['top'],0.0,True,False,False
bangalore,wizard_of_menlo_park,['latest'],,False,False,False
bangalore,wokeu,"['latest', 'top']",0.0,True,False,False
bangalore,xkcdthrowaway,['latest'],1.0,True,False,True
bangalore,y_all_need_JESUS,['latest'],0.0,True,False,False
bangalore,yavij87,['top'],0.0,True,False,False
bangalore,ymopuri,['latest'],,False,False,False
bangalore,you-Backslash,['top'],0.0,True,False,False
bangalore,yours_wisely,['latest'],1.0,True,False,True
bangalore,zeroAI_,['top'],,False,False,False
bangalore,zgeom,['latest'],0.0,True,False,False
bollywood,51sebastian,['top'],0.0,True,False,False
bollywood,6by6Hindsight,['latest'],2.0,True,False,True
bollywood,AawaraTreker,['latest'],,False,False,False
bollywood,AbjectAdvertising776,['top'],0.0,True,False,False
bollywood,AccomplishedGold8122,['top'],,False,False,False
bollywood,Accurate-Friend-2498,['top'],2.0,True,False,True
bollywood,AdvertisingRegular28,['latest'],2.0,True,False,True
bollywood,Agreeable-Owl648,['top'],,False,False,False
bollywood,Albert-Wesker7,['latest'],,False,False,False
bollywood,AlteredReality79,['top'],1.0,True,False,True
bollywood,Alternative_Egg_1310,['latest'],,False,False,False
bollywood,Altruistic_Gap_643,['top'],1.0,True,False,True
bollywood,Ambitious449,['top'],0.0,True,False,False
bollywood,AneeshRai7,"['latest', 'top']",4.0,True,False,True
bollywood,Anx_It_Up,"['latest', 'top']",0.0,True,False,False
bollywood,Any-Description-9128,['top'],,False,False,False
bollywood,AplabTheSamurai,['top'],0.0,True,False,False
bollywood,AromiLovesMozun,['top'],,False,False,False
bollywood,Atithiupayogi,['top'],,False,False,False
bollywood,Beautiful_Secret_957,"['latest', 'top']",0.0,True,False,False
bollywood,Big-Introduction6720,"['latest', 'top']",1.0,True,False,True
bollywood,Big_Lavishness_2239,['latest'],0.0,True,False,False
bollywood,BiscottiLoud8044,"['poster', 'top']",0.0,True,False,False
bollywood,Blues8378,"['latest', 'top']",2.0,True,False,True
bollywood,Bond_OOO7,['top'],0.0,True,False,False
bollywood,Boss452,"['latest', 'poster']",1.0,True,False,True
bollywood,Brief-Ad-1629,['top'],,False,False,False
bollywood,Certain_Strawberry66,['top'],0.0,True,False,False
bollywood,Cheesecakesandcuties,['latest'],0.0,True,False,False
bollywood,CodeNegative8841,['latest'],,False,False,False
bollywood,Comfortable-Yak-616,['top'],,False,False,False
bollywood,ContractIcy8102,"['latest', 'top']",2.0,True,False,True
bollywood,DankCumLame,['top'],0.0,True,False,False
bollywood,DarkThanos12,['latest'],0.0,True,False,False
bollywood,Defiant-Director-209,['top'],,False,False,False
bollywood,DefiantBrain7101,['latest'],1.0,True,False,True
bollywood,Delicious-Carry2675,['top'],,False,False,False
bollywood,DemonCyborg27,['poster'],0.0,True,False,False
bollywood,DifficultCycle651,['top'],,False,False,False
bollywood,DragonDeninSharkTank,"['latest', 'poster', 'top']",16.0,True,True,True
bollywood,Dreadlock_Rasta_12,['latest'],1.0,True,False,True
bollywood,DressAffectionate492,['top'],2.0,True,False,True
bollywood,Due-Pianist-8135,['top'],,False,False,False
bollywood,Effective_Deer6959,['latest'],,False,False,False
bollywood,Enough_Medicine9973,['latest'],,False,False,False
bollywood,Even_Rooster_9279,['latest'],,False,False,False
bollywood,Fakewokebitch,"['latest', 'top']",2.0,True,False,True
bollywood,FalconGood4891,['top'],4.0,True,False,True
bollywood,Few-Two935,"['latest', 'top']",1.0,True,False,True
bollywood,Fggfvbnkk,['latest'],1.0,True,False,True
bollywood,Flat_Clock151,['top'],0.0,True,False,False
bollywood,Former_Mail776,['poster'],8.0,True,True,True
bollywood,Fragrant_Painter_193,['top'],2.0,True,False,True
bollywood,Furrylover4206969,"['latest', 'top']",,False,False,False
bollywood,Gauravsharma2191,['top'],2.0,True,False,True
bollywood,Guilty_Commission_79,['latest'],,False,False,False
bollywood,GujjubhaiPatel707,"['latest', 'top']",,False,False,False
bollywood,H4RTY17,['latest'],2.0,True,False,True
bollywood,HELLboy_SID,['latest'],2.0,True,False,True
bollywood,Haunting_Display2454,"['latest', 'top']",2.0,True,False,True
bollywood,Housenka_Seed,['latest'],4.0,True,False,True
bollywood,Hrithik_Ki_Patni,['top'],12.0,True,True,True
bollywood,Human-Web-4455,"['latest', 'top']",2.0,True,False,True
bollywood,Hurdy_Gurdy_Man_84,['poster'],9.0,True,True,True
bollywood,Illustrious-Grape897,"['latest', 'top']",6.0,True,True,True
bollywood,Imsongoku7,['top'],9.0,True,True,True
bollywood,Independent_Club5346,['top'],,False,False,False
bollywood,InsidiousColossus,['top'],0.0,True,False,False
bollywood,InternationalAd4557,['latest'],,False,False,False
bollywood,Itchy-Agency3550,['poster'],,False,False,False
bollywood,ItsBarryParker,['latest'],0.0,True,False,False
bollywood,JunketShot6362,['latest'],0.0,True,False,False
bollywood,Kabiraa101,['latest'],,False,False,False
bollywood,Kchinki,"['latest', 'top']",0.0,True,False,False
bollywood,Known_Original2281,['latest'],,False,False,False
bollywood,KramerDwight,"['latest', 'top']",8.0,True,True,True
bollywood,Krishu-Scion,['latest'],,False,False,False
bollywood,Kunal_Sen,['latest'],1.0,True,False,True
bollywood,KyaHiBolunAb,['top'],4.0,True,False,True
bollywood,LagrangeMultiplier99,['latest'],1.0,True,False,True
bollywood,LilHalwaPoori,['latest'],0.0,True,False,False
bollywood,Livid_Sir8921,['poster'],,False,False,False
bollywood,Loganroy5,['latest'],0.0,True,False,False
bollywood,Lord_Phazer101,['latest'],2.0,True,False,True
bollywood,Major-Tomatillo1336,['top'],,False,False,False
bollywood,Mannubhaigandhi_here,['latest'],0.0,True,False,False
bollywood,Mediocre_Call_2427,['top'],,False,False,False
bollywood,Minimum-State-9020,['latest'],4.0,True,False,True
bollywood,MissChonky,['top'],,False,False,False
bollywood,Mysterious_Trash_698,"['latest', 'top']",0.0,True,False,False
bollywood,NavdeepGusain,['latest'],4.0,True,False,True
bollywood,Nenomus,['top'],0.0,True,False,False
bollywood,NetDiscombobulated12,['top'],,False,False,False
bollywood,NishantWubaluba,['latest'],0.0,True,False,False
bollywood,No-Internet1016,['poster'],0.0,True,False,False
bollywood,No-Strawberry7,"['poster', 'top']",0.0,True,False,False
bollywood,No_Let_5065,['top'],2.0,True,False,True
bollywood,Normal-Tourist-7648,['top'],4.0,True,False,True
bollywood,North_Explanation299,['latest'],1.0,True,False,True
bollywood,Numerous-Heat-3457,['latest'],0.0,True,False,False
bollywood,OMG_NoReally,"['latest', 'top']",2.0,True,False,True
bollywood,Odd-Maximum3255,"['latest', 'top']",,False,False,False
bollywood,OkNeck_,['latest'],0.0,True,False,False
bollywood,Ok_Bluebird1842,"['poster', 'top']",6.0,True,True,True
bollywood,Ok_Information1554,"['latest', 'top']",,False,False,False
bollywood,OneEstablishment9309,['latest'],,False,False,False
bollywood,Only-Trying-,"['latest', 'top']",0.0,True,False,False
bollywood,Only_Attention5463,"['latest', 'top']",1.0,True,False,True
bollywood,Optimistic_Satirist,"['latest', 'top']",1.0,True,False,True
bollywood,Outrageous-Inside341,"['latest', 'top']",2.0,True,False,True
bollywood,OutrageousFault2669,['top'],1.0,True,False,True
bollywood,Own-Weakness-2435,['top'],4.0,True,False,True
bollywood,Own_Aide6021,['latest'],,False,False,False
bollywood,Own_Army4024,['latest'],2.0,True,False,True
bollywood,ParticularJuice3983,['latest'],2.0,True,False,True
bollywood,Peony-Fairy,['poster'],,False,False,False
bollywood,Percy_akr_616,['top'],,False,False,False
bollywood,Phlegmatic-soul,['poster'],,False,False,False
bollywood,PleaseLikeMeIBegOfU,['top'],,False,False,False
bollywood,PoetPitiful239489,"['latest', 'top']",2.0,True,False,True
bollywood,Primary-Resident-764,['latest'],1.0,True,False,True
bollywood,Professional-Mark740,['latest'],1.0,True,False,True
bollywood,Pure-Risk-5307,['top'],,False,False,False
bollywood,Puzzleheaded-Lime448,['top'],,False,False,False
bollywood,Quaffy_duck,['latest'],8.0,True,True,True
bollywood,Quiet-Penalty-5029,['latest'],,False,False,False
bollywood,RBanoKhan2026,['top'],,False,False,False
bollywood,Ragedwithfire,['poster'],4.0,True,False,True
bollywood,Relative_Swimming379,['top'],,False,False,False
bollywood,Responsible_Oil1046,['latest'],16.0,True,True,True
bollywood,RevolutionaryCash669,"['latest', 'top']",,False,False,False
bollywood,Rich-Look9809,['top'],1.0,True,False,True
bollywood,Rich_Western_4106,['top'],1.0,True,False,True
bollywood,RoutineIntelligent19,['top'],4.0,True,False,True
bollywood,Rudias87,['top'],0.0,True,False,False
bollywood,Saambajarer-Sosibabu,"['poster', 'top']",16.0,True,True,True
bollywood,Sabrinamistrii,['top'],2.0,True,False,True
bollywood,SamosaMafia,"['latest', 'top']",4.0,True,False,True
bollywood,Sanam_bewafa,['top'],,False,False,False
bollywood,Several-Second-2679,['latest'],,False,False,False
bollywood,ShadowSage_J,['latest'],,False,False,False
bollywood,SharpShotLFCFan,"['latest', 'top']",,False,False,False
bollywood,Silent_Contest_2337,"['latest', 'top']",,False,False,False
bollywood,Sir-Alonne007,['top'],,False,False,False
bollywood,SnooStories7381,['latest'],1.0,True,False,True
bollywood,Solemon3000,['latest'],,False,False,False
bollywood,SpecialAd9853,['latest'],0.0,True,False,False
bollywood,SpiritedBicycle1367,"['latest', 'top']",3.0,True,False,True
bollywood,SquirrelAlive826,['latest'],0.0,True,False,False
bollywood,Status-Cranberry8696,['latest'],2.0,True,False,True
bollywood,Strider_Elessar,['latest'],,False,False,False
bollywood,SubstantialPlane801,"['latest', 'top']",0.0,True,False,False
bollywood,SweatTasteGreat,['latest'],4.0,True,False,True
bollywood,Tandoori_Chicken_69,['top'],4.0,True,False,True
bollywood,Temporary-Net-5837,"['latest', 'poster']",,False,False,False
bollywood,Terrible_Turnover229,"['latest', 'top']",2.0,True,False,True
bollywood,ThatPahadiguy,['latest'],0.0,True,False,False
bollywood,TheJuggernautRollsOn,['latest'],0.0,True,False,False
bollywood,TheThinker12,"['latest', 'top']",1.0,True,False,True
bollywood,The_Last_Evening,"['latest', 'top']",,False,False,False
bollywood,Think_Addendum6620,['top'],,False,False,False
bollywood,Uncertn_Laaife,['latest'],2.0,True,False,True
bollywood,UndeadReborn,['poster'],12.0,True,True,True
bollywood,UniStuden,"['poster', 'top']",,False,False,False
bollywood,Vasaab,['latest'],1.0,True,False,True
bollywood,Virtual-Lemon-2881,['latest'],,False,False,False
bollywood,Visible-Criticism425,['latest'],,False,False,False
bollywood,Waste_Business_8940,['poster'],,False,False,False
bollywood,Weekly_Cherry505,['top'],2.0,True,False,True
bollywood,WhatShouldTheHeartDo,['top'],2.0,True,False,True
bollywood,Wtf_doing21,['poster'],2.0,True,False,True
bollywood,abechalhatt_,"['latest', 'top']",,False,False,False
bollywood,aezindagigaladabaade,['top'],4.0,True,False,True
bollywood,ajaxmenon17,['top'],6.0,True,True,True
bollywood,ansangoiam,['top'],2.0,True,False,True
bollywood,apple_2050,['top'],,False,False,False
bollywood,ayanistic,"['latest', 'top']",,False,False,False
bollywood,billaxbong,['latest'],1.0,True,False,True
bollywood,biryanikaghulam,['top'],12.0,True,True,True
bollywood,brokebrownbuffoon,['latest'],,False,False,False
bollywood,chillgoza001,['latest'],0.0,True,False,False
bollywood,chillichicken99,"['latest', 'top']",1.0,True,False,True
bollywood,cndynn96,"['latest', 'top']",2.0,True,False,True
bollywood,cornr_antiq,['latest'],,False,False,False
bollywood,curiousfan123,['top'],,False,False,False
bollywood,daffodil_dahlia,['latest'],2.0,True,False,True
bollywood,demonic666entity,['latest'],1.0,True,False,True
bollywood,fake_account_98211,['latest'],2.0,True,False,True
bollywood,flowercastor,['top'],12.0,True,True,True
bollywood,fluorofloxacin,['latest'],,False,False,False
bollywood,goatcuck,['latest'],,False,False,False
bollywood,gundusp,"['latest', 'top']",2.0,True,False,True
bollywood,guychampion,['latest'],2.0,True,False,True
bollywood,hawaahawaii,['latest'],0.0,True,False,False
bollywood,hooka_pooka,['latest'],0.0,True,False,False
bollywood,ihugsyi,['top'],,False,False,False
bollywood,imperator-108,['latest'],,False,False,False
bollywood,indi-girlsfc,"['latest', 'top']",4.0,True,False,True
bollywood,issurvey,['latest'],0.0,True,False,False
bollywood,iwillstaybythebeach,['latest'],,False,False,False
bollywood,justbeingpretentious,['latest'],0.0,True,False,False
bollywood,kaladin_stormchest,['latest'],4.0,True,False,True
bollywood,kingslayyer,['top'],2.0,True,False,True
bollywood,kinky-kid-7777,"['latest', 'top']",1.0,True,False,True
bollywood,klausmichaelson_,['top'],,False,False,False
bollywood,lollypop44445,['top'],,False,False,False
bollywood,lostinplethora,['latest'],0.0,True,False,False
bollywood,mallumanoos,['top'],2.0,True,False,True
bollywood,manjeete,"['latest', 'top']",2.0,True,False,True
bollywood,mendbinding,['top'],,False,False,False
bollywood,mormegil1,['latest'],2.0,True,False,True
bollywood,mxforest,['latest'],4.0,True,False,True
bollywood,my_red_nucleus_9426,['top'],,False,False,False
bollywood,nickdonhelm,['top'],12.0,True,True,True
bollywood,niharikamishra_,['latest'],1.0,True,False,True
bollywood,nofilter_kaapi,['top'],,False,False,False
bollywood,nosferatu_zodd0,"['latest', 'top']",2.0,True,False,True
bollywood,notcallipygian,['top'],,False,False,False
bollywood,nutwit9211,['latest'],,False,False,False
bollywood,obelix_dogmatix,"['latest', 'top']",2.0,True,False,True
bollywood,ohmuisnotangry,['top'],2.0,True,False,True
bollywood,padfoony,['latest'],6.0,True,True,True
bollywood,panotilife,['latest'],0.0,True,False,False
bollywood,pntfams,"['poster', 'top']",2.0,True,False,True
bollywood,pointlemiserables,['latest'],0.0,True,False,False
bollywood,potato_95,['latest'],1.0,True,False,True
bollywood,primezilla2598,['latest'],,False,False,False
bollywood,prock1903,['top'],3.0,True,False,True
bollywood,rabbitee2,"['latest', 'top']",2.0,True,False,True
bollywood,ray_action,['latest'],,False,False,False
bollywood,rn3122,['poster'],12.0,True,True,True
bollywood,rnjbond,"['latest', 'top']",1.0,True,False,True
bollywood,sabkuchsimultaneous,['poster'],,False,False,False
bollywood,sahilmdesai,['top'],2.0,True,False,True
bollywood,saigotsomeissues,['top'],,False,False,False
bollywood,sherlocked_4947,"['latest', 'top']",,False,False,False
bollywood,stan_films,['top'],9.0,True,True,True
bollywood,swamikrish,['top'],,False,False,False
bollywood,timorousingenue,['latest'],4.0,True,False,True
bollywood,veramaz1,['latest'],0.0,True,False,False
bollywood,whats-hisface,['top'],0.0,True,False,False
bollywood,whodoesntlovedogs,['latest'],,False,False,False
bollywood,wohi_raj,['top'],1.0,True,False,True
bollywood,xaybzc81,"['latest', 'poster']",9.0,True,True,True
bollywood,yashhhhhhhhhhhhhhh,['latest'],,False,False,False
bollywood,yoursmistress,['top'],,False,False,False
bollywoodmemes,ADAMATC,['latest'],0.0,True,False,False
bollywoodmemes,ADvar8714,"['latest', 'top']",9.0,True,True,True
bollywoodmemes,Aaalokaparatha,['top'],,False,False,False
bollywoodmemes,Accomplished_Bid463,['latest'],,False,False,False
bollywoodmemes,Affectionate-Ball-35,['top'],1.0,True,False,True
bollywoodmemes,Akagami05,['latest'],1.0,True,False,True
bollywoodmemes,Alien_XLR,['latest'],,False,False,False
bollywoodmemes,Alpha_Learns,['latest'],,False,False,False
bollywoodmemes,Alternative-Sugar452,"['latest', 'top']",0.0,True,False,False
bollywoodmemes,Ambitious-Brush-2674,['poster'],,False,False,False
bollywoodmemes,Ancient-Turnip-4426,['top'],2.0,True,False,True
bollywoodmemes,AneeshRai7,"['latest', 'top']",4.0,True,False,True
bollywoodmemes,AnuragShukla7,['latest'],,False,False,False
bollywoodmemes,Athiest-proletariat,['top'],2.0,True,False,True
bollywoodmemes,BJJ-Newbie,['top'],0.0,True,False,False
bollywoodmemes,Beautiful_Error_279,['latest'],2.0,True,False,True
bollywoodmemes,Beneficial_Sink_2949,['top'],6.0,True,True,True
bollywoodmemes,BlackPhoenixX20,['latest'],1.0,True,False,True
bollywoodmemes,BleedingH217,"['latest', 'top']",1.0,True,False,True
bollywoodmemes,ButcherInChaos,"['poster', 'top']",6.0,True,True,True
bollywoodmemes,Calico-Brown,"['latest', 'top']",,False,False,False
bollywoodmemes,Calm-Friendship-5837,"['latest', 'top']",,False,False,False
bollywoodmemes,Calm_Associate3580,['latest'],,False,False,False
bollywoodmemes,ChampionLife5205,['latest'],4.0,True,False,True
bollywoodmemes,Classic_Kitchen_4558,['latest'],,False,False,False
bollywoodmemes,Classic_Leave_726,['top'],6.0,True,True,True
bollywoodmemes,Col-JNW-Singh,['top'],2.0,True,False,True
bollywoodmemes,Comfortable_You_7627,"['latest', 'top']",,False,False,False
bollywoodmemes,CompetitiveOp,"['latest', 'top']",1.0,True,False,True
bollywoodmemes,Competitive_Sky_4513,['top'],1.0,True,False,True
bollywoodmemes,Confident_Date2396,"['latest', 'top']",,False,False,False
bollywoodmemes,ConsistentTruth1878,['latest'],,False,False,False
bollywoodmemes,CoolInvestigator1606,['top'],,False,False,False
bollywoodmemes,Cool_Internal4536,['top'],,False,False,False
bollywoodmemes,Creative-View-1569,['top'],,False,False,False
bollywoodmemes,CricketXDrift,['latest'],,False,False,False
bollywoodmemes,DJDadJock,['top'],0.0,True,False,False
bollywoodmemes,Daft_Pankaj,"['latest', 'top']",2.0,True,False,True
bollywoodmemes,Dancing_ninja_001,['latest'],,False,False,False
bollywoodmemes,Dear-Assistance-2170,['top'],,False,False,False
bollywoodmemes,Desperate-Exit3834,['latest'],,False,False,False
bollywoodmemes,DesperateReality2927,['latest'],,False,False,False
bollywoodmemes,DoNotDisturbMeEver,['top'],4.0,True,False,True
bollywoodmemes,DoughnutOdd9158,['latest'],,False,False,False
bollywoodmemes,Dry_Double_9671,['top'],,False,False,False
bollywoodmemes,DueApple4068,['poster'],,False,False,False
bollywoodmemes,EarEarly2973,['latest'],,False,False,False
bollywoodmemes,EasyRider_Suraj,['top'],4.0,True,False,True
bollywoodmemes,Elegant_Produce9376,['top'],,False,False,False
bollywoodmemes,Elysium_amlike,['latest'],,False,False,False
bollywoodmemes,EnigmaticSoul_mra,['top'],1.0,True,False,True
bollywoodmemes,Entire-Positive5894,['latest'],,False,False,False
bollywoodmemes,Excellent-Kangaroo38,"['latest', 'top']",2.0,True,False,True
bollywoodmemes,Existing_Program_256,['latest'],4.0,True,False,True
bollywoodmemes,FaithlessnessTiny783,['latest'],,False,False,False
bollywoodmemes,Far_Drink1831,['latest'],,False,False,False
bollywoodmemes,Fb_patel,['latest'],,False,False,False
bollywoodmemes,Few_Weekend10,['latest'],2.0,True,False,True
bollywoodmemes,Fickle_Pomelo6775,['latest'],,False,False,False
bollywoodmemes,FigurePuzzleheaded73,['top'],0.0,True,False,False
bollywoodmemes,FineSpinach7,['latest'],,False,False,False
bollywoodmemes,FloorOk386,['latest'],,False,False,False
bollywoodmemes,Former_Mail776,['top'],8.0,True,True,True
bollywoodmemes,Full_Mode_3869,"['latest', 'top']",,False,False,False
bollywoodmemes,GharKaBatman,"['latest', 'top']",,False,False,False
bollywoodmemes,Grouchy-Volume-5008,['top'],,False,False,False
bollywoodmemes,Hakaishin_Swas,['latest'],,False,False,False
bollywoodmemes,Happy_Driver_9855,['latest'],,False,False,False
bollywoodmemes,Haunting-Code-9096,['latest'],,False,False,False
bollywoodmemes,Heavy-Rhubarb731,['top'],0.0,True,False,False
bollywoodmemes,Human-Web-4455,['top'],2.0,True,False,True
bollywoodmemes,I_like7200,['latest'],0.0,True,False,False
bollywoodmemes,Icy-Film-7703,['top'],,False,False,False
bollywoodmemes,Im_Rolex,['top'],,False,False,False
bollywoodmemes,ImmediateJacket9502,['latest'],1.0,True,False,True
bollywoodmemes,Important-Ad4651,"['latest', 'top']",1.0,True,False,True
bollywoodmemes,Indian_Steam,['top'],2.0,True,False,True
bollywoodmemes,Individual_Plan9034,['latest'],,False,False,False
bollywoodmemes,InsiderVinsider06,['poster'],4.0,True,False,True
bollywoodmemes,Jaxon_michael,"['latest', 'top']",,False,False,False
bollywoodmemes,JuliusFreezzer,['poster'],4.0,True,False,True
bollywoodmemes,Jumpy_Evening_6607,"['latest', 'top']",0.0,True,False,False
bollywoodmemes,KALLA17061999,['latest'],,False,False,False
bollywoodmemes,KCAUTOMATIONS,['latest'],,False,False,False
bollywoodmemes,Khokhar58,['latest'],0.0,True,False,False
bollywoodmemes,Kind-Dot75,['latest'],,False,False,False
bollywoodmemes,Koki-noki,"['latest', 'top']",12.0,True,True,True
bollywoodmemes,Kowalski_1001,['top'],,False,False,False
bollywoodmemes,Large_Criticism_4587,['latest'],,False,False,False
bollywoodmemes,Last-Safe7072,"['latest', 'top']",1.0,True,False,True
bollywoodmemes,LazyGuy4U,['top'],1.0,True,False,True
bollywoodmemes,Least_Ad_1327,['top'],,False,False,False
bollywoodmemes,Left_Bee5657,['poster'],12.0,True,True,True
bollywoodmemes,Left_Membership2780,['latest'],2.0,True,False,True
bollywoodmemes,Loose_Constant_4090,['latest'],9.0,True,True,True
bollywoodmemes,Magarmach_PaniWala,"['latest', 'top']",,False,False,False
bollywoodmemes,Major-Tomatillo1336,"['latest', 'top']",,False,False,False
bollywoodmemes,Miningforbeer,['top'],0.0,True,False,False
bollywoodmemes,Modijifor2024,['latest'],6.0,True,True,True
bollywoodmemes,Neeraj_Bawana,['top'],,False,False,False
bollywoodmemes,Neet_Ka_14_,['latest'],,False,False,False
bollywoodmemes,Next-Anywhere2604,['top'],0.0,True,False,False
bollywoodmemes,No-Badger7504,['top'],1.0,True,False,True
bollywoodmemes,No_Damage2484,['top'],2.0,True,False,True
bollywoodmemes,No_Growth_2549,['latest'],4.0,True,False,True
bollywoodmemes,Nox-Arcana444,['latest'],3.0,True,False,True
bollywoodmemes,Numerous-Scholar-628,['poster'],,False,False,False
bollywoodmemes,Ok-Earth-3601,['latest'],4.0,True,False,True
bollywoodmemes,Ok-Evidence4907,"['latest', 'top']",0.0,True,False,False
bollywoodmemes,Ok_Huckleberry7273,['latest'],4.0,True,False,True
bollywoodmemes,Onii___Chan____,"['poster', 'top']",,False,False,False
bollywoodmemes,OriginalLeoDas,['top'],4.0,True,False,True
bollywoodmemes,Otherwise_Day7230,"['latest', 'top']",,False,False,False
bollywoodmemes,Overall_Brilliant700,['top'],,False,False,False
bollywoodmemes,Peak_Judgement2008,"['latest', 'top']",,False,False,False
bollywoodmemes,PenHuge374,['top'],,False,False,False
bollywoodmemes,Plane-Cantaloupe5837,['latest'],,False,False,False
bollywoodmemes,Playfair99999,"['latest', 'top']",2.0,True,False,True
bollywoodmemes,PleaseLikeMeIBegOfU,['top'],,False,False,False
bollywoodmemes,PoetPitiful239489,"['latest', 'top']",2.0,True,False,True
bollywoodmemes,Practical_War_907,['top'],,False,False,False
bollywoodmemes,Prestigious-Coach-81,['latest'],0.0,True,False,False
bollywoodmemes,PrincipleMiserable61,"['latest', 'top']",,False,False,False
bollywoodmemes,Proof_Swimming_735,['top'],,False,False,False
bollywoodmemes,Punk96,['top'],,False,False,False
bollywoodmemes,Puzzleheaded-Half290,['top'],1.0,True,False,True
bollywoodmemes,Qrubrics_,['top'],0.0,True,False,False
bollywoodmemes,RED-DOT-MAN,['latest'],0.0,True,False,False
bollywoodmemes,RangerV3046,['top'],,False,False,False
bollywoodmemes,Rehman_Baloch_Dakait,"['latest', 'top']",,False,False,False
bollywoodmemes,Relevant-Target1533,['latest'],4.0,True,False,True
bollywoodmemes,Resident_Swing_2069,['latest'],,False,False,False
bollywoodmemes,Responsible_Oil1046,"['latest', 'poster', 'top']",16.0,True,True,True
bollywoodmemes,Responsible_Tie5644,['top'],,False,False,False
bollywoodmemes,Routine_Complex_6609,['top'],,False,False,False
bollywoodmemes,Savings_Reality1170,['latest'],1.0,True,False,True
bollywoodmemes,ScaleDisastrous9477,['top'],,False,False,False
bollywoodmemes,Serenaa12,['top'],2.0,True,False,True
bollywoodmemes,Sharp_Ninja_45,['latest'],,False,False,False
bollywoodmemes,Signal_Pie_963,['top'],1.0,True,False,True
bollywoodmemes,South-Bear-2792,['latest'],1.0,True,False,True
bollywoodmemes,SpecialAd9853,['top'],0.0,True,False,False
bollywoodmemes,Specific-Sense5072,['poster'],,False,False,False
bollywoodmemes,SpiritedBicycle1367,"['latest', 'poster']",3.0,True,False,True
bollywoodmemes,Spiritual-Buyer7090,"['latest', 'poster', 'top']",,False,False,False
bollywoodmemes,SportUsual4748,['top'],1.0,True,False,True
bollywoodmemes,Srijti_Govham,['latest'],,False,False,False
bollywoodmemes,Straight-Adagio2126,['top'],2.0,True,False,True
bollywoodmemes,Strangerdanger-3,['latest'],,False,False,False
bollywoodmemes,SunbeeRay,['latest'],1.0,True,False,True
bollywoodmemes,Sunny_Titor,['latest'],,False,False,False
bollywoodmemes,SweetuRasmalai,['latest'],4.0,True,False,True
bollywoodmemes,Technical-Value-384,['poster'],0.0,True,False,False
bollywoodmemes,The-Bangaloreal,['top'],2.0,True,False,True
bollywoodmemes,TheDarkKnight505,['poster'],,False,False,False
bollywoodmemes,TheJavierEscuella,['top'],1.0,True,False,True
bollywoodmemes,TheRiyalLalA10,['top'],,False,False,False
bollywoodmemes,Thick_Document1695,['top'],,False,False,False
bollywoodmemes,Think_Addendum6620,['top'],,False,False,False
bollywoodmemes,Tight_Finish639,['top'],0.0,True,False,False
bollywoodmemes,Unfair-Anteater-5198,['latest'],,False,False,False
bollywoodmemes,Used_Estate_2854,"['latest', 'top']",,False,False,False
bollywoodmemes,Useful_Rope9754,['top'],,False,False,False
bollywoodmemes,VKarm,['latest'],0.0,True,False,False
bollywoodmemes,VastLengthiness3321,['latest'],,False,False,False
bollywoodmemes,WeebishKumar,['top'],3.0,True,False,True
bollywoodmemes,Working-Mountain6680,['latest'],8.0,True,True,True
bollywoodmemes,Worried_Froyo_7726,['top'],2.0,True,False,True
bollywoodmemes,Wtf_doing21,['top'],2.0,True,False,True
bollywoodmemes,X8_O-0-O_8X,"['latest', 'top']",2.0,True,False,True
bollywoodmemes,YUUTAROZO,['top'],,False,False,False
bollywoodmemes,Yash00875,['latest'],1.0,True,False,True
bollywoodmemes,YouAccomplished9042,['top'],,False,False,False
bollywoodmemes,YourGirlfriendsThong,['top'],,False,False,False
bollywoodmemes,Zealousideal_Fan3870,['top'],,False,False,False
bollywoodmemes,Zoro852,['top'],,False,False,False
bollywoodmemes,arnroy,"['latest', 'top']",,False,False,False
bollywoodmemes,aunty-national,['latest'],3.0,True,False,True
bollywoodmemes,boxofcoffee1,['top'],,False,False,False
bollywoodmemes,crt7981,['latest'],1.0,True,False,True
bollywoodmemes,destructioninheart,['latest'],,False,False,False
bollywoodmemes,devilruhan,['latest'],,False,False,False
bollywoodmemes,dgusn,"['poster', 'top']",,False,False,False
bollywoodmemes,distant_alien,"['poster', 'top']",0.0,True,False,False
bollywoodmemes,dont_disturb6969,['latest'],,False,False,False
bollywoodmemes,dubinetvibd3754,['top'],3.0,True,False,True
bollywoodmemes,earthsmight,['top'],0.0,True,False,False
bollywoodmemes,epistemophile23,['latest'],0.0,True,False,False
bollywoodmemes,flamingolover7,"['poster', 'top']",16.0,True,True,True
bollywoodmemes,flooded_thought,['top'],0.0,True,False,False
bollywoodmemes,flyingjattlite,['top'],,False,False,False
bollywoodmemes,gametechori27,['latest'],,False,False,False
bollywoodmemes,greatestofalltimefr,"['latest', 'top']",,False,False,False
bollywoodmemes,green9206,"['latest', 'top']",2.0,True,False,True
bollywoodmemes,h4r_d1k,"['latest', 'top']",2.0,True,False,True
bollywoodmemes,hadhitter10126,['latest'],1.0,True,False,True
bollywoodmemes,hairy_hippo03,['latest'],,False,False,False
bollywoodmemes,hemadeitrain,['top'],0.0,True,False,False
bollywoodmemes,homie2026,['latest'],1.0,True,False,True
bollywoodmemes,hurricane1197,['latest'],0.0,True,False,False
bollywoodmemes,iBishalDeb,['latest'],,False,False,False
bollywoodmemes,idlidosavadasambhar,['top'],2.0,True,False,True
bollywoodmemes,imbratman,['top'],,False,False,False
bollywoodmemes,imfrom_mars_,['poster'],12.0,True,True,True
bollywoodmemes,jason9t8,"['latest', 'top']",4.0,True,False,True
bollywoodmemes,jethiya_akalvakaljo,['latest'],0.0,True,False,False
bollywoodmemes,kamaal_hai,"['latest', 'top']",,False,False,False
bollywoodmemes,kartikkarora,['latest'],,False,False,False
bollywoodmemes,katanakumar,['top'],,False,False,False
bollywoodmemes,koreankkwr,['top'],2.0,True,False,True
bollywoodmemes,kyunbataunmein,['latest'],,False,False,False
bollywoodmemes,mai-jo-hu-mai-hu,['latest'],,False,False,False
bollywoodmemes,marryUwannaa,['top'],1.0,True,False,True
bollywoodmemes,maxthrowaway4044,['latest'],,False,False,False
bollywoodmemes,mdred5,['top'],1.0,True,False,True
bollywoodmemes,memesfuckers,['poster'],2.0,True,False,True
bollywoodmemes,meralulu,['latest'],,False,False,False
bollywoodmemes,mister_doctor_99,['top'],3.0,True,False,True
bollywoodmemes,muifui,"['latest', 'top']",0.0,True,False,False
bollywoodmemes,mx-shot,"['latest', 'poster', 'top']",12.0,True,True,True
bollywoodmemes,mythologicalslxt,['top'],,False,False,False
bollywoodmemes,nikhilreckons,"['latest', 'top']",,False,False,False
bollywoodmemes,onelifemanymemories,['top'],4.0,True,False,True
bollywoodmemes,pixworm,['latest'],2.0,True,False,True
bollywoodmemes,planet_spice,['top'],0.0,True,False,False
bollywoodmemes,pr_edits,"['latest', 'top']",2.0,True,False,True
bollywoodmemes,prank23,['top'],,False,False,False
bollywoodmemes,prof_devilsadvocate3,['top'],4.0,True,False,True
bollywoodmemes,pyoimn,"['latest', 'top']",0.0,True,False,False
bollywoodmemes,randittkiMKB,['latest'],4.0,True,False,True
bollywoodmemes,ro_ro_ro_roadhouse,['top'],2.0,True,False,True
bollywoodmemes,sdd007,['latest'],0.0,True,False,False
bollywoodmemes,sexy_beardo,['latest'],,False,False,False
bollywoodmemes,sha_I_tan,['latest'],0.0,True,False,False
bollywoodmemes,shaktimaanlannister,['latest'],2.0,True,False,True
bollywoodmemes,smart__joey,['top'],,False,False,False
bollywoodmemes,srg_7,['latest'],0.0,True,False,False
bollywoodmemes,swasdash,['latest'],,False,False,False
bollywoodmemes,tall-glassof-falooda,"['latest', 'top']",2.0,True,False,True
bollywoodmemes,taway9925881,['top'],2.0,True,False,True
bollywoodmemes,timorousingenue,['latest'],4.0,True,False,True
bollywoodmemes,topgun_maverik,['latest'],2.0,True,False,True
bollywoodmemes,tripleschezwannrice,['top'],,False,False,False
bollywoodmemes,twoOneJa,['latest'],4.0,True,False,True
bollywoodmemes,u_dt_know_me,['latest'],0.0,True,False,False
bollywoodmemes,varxxxxxx,"['poster', 'top']",,False,False,False
bollywoodmemes,veg_biryani_is_scam,['latest'],,False,False,False
bollywoodmemes,venom_dixit,['latest'],,False,False,False
bollywoodmemes,veren12816,['top'],0.0,True,False,False
bollywoodmemes,vulcan059,['top'],,False,False,False
bollywoodmemes,wabalub_dub_dub,['latest'],,False,False,False
chennai,4bitgeek,['latest'],,False,False,False
chennai,505reaper,['top'],,False,False,False
chennai,76sun,['latest'],2.0,True,False,True
chennai,AdditionalWorkInc,['latest'],,False,False,False
chennai,AggravatingTower8541,['latest'],,False,False,False
chennai,Agreeable_Winter8053,"['latest', 'top']",2.0,True,False,True
chennai,AlgaeExpensive8250,['top'],1.0,True,False,True
chennai,AnIdealOfHope,['latest'],,False,False,False
chennai,Anadhi,['top'],,False,False,False
chennai,Any-Background-619,['poster'],,False,False,False
chennai,Any_Salt_5507,['latest'],,False,False,False
chennai,AppearanceAnxious770,"['poster', 'top']",,False,False,False
chennai,Away_Influence_3439,['top'],,False,False,False
chennai,Bahuleyan,"['latest', 'poster', 'top']",0.0,True,False,False
chennai,Bangers_n_Mashallah,['top'],4.0,True,False,True
chennai,BarrySwami,['top'],0.0,True,False,False
chennai,BigCamel7695,['latest'],,False,False,False
chennai,BlueDaBeast2408,"['latest', 'top']",,False,False,False
chennai,Bonecrusher_16,['latest'],,False,False,False
chennai,BriefTemperature990,"['poster', 'top']",,False,False,False
chennai,BrilliantRadiant23,['top'],,False,False,False
chennai,Busy_Theme961,"['latest', 'top']",0.0,True,False,False
chennai,CareerLegitimate7662,['latest'],8.0,True,True,True
chennai,Casidy_ALRM,['latest'],,False,False,False
chennai,Casual_Casuality,['latest'],,False,False,False
chennai,CheapStranger4846,['latest'],,False,False,False
chennai,CheesecakeNo2880,['top'],1.0,True,False,True
chennai,Cold-Scholar3954,['top'],,False,False,False
chennai,Common_Chance_5581,"['latest', 'poster', 'top']",,False,False,False
chennai,Confident-Ladder3699,['poster'],,False,False,False
chennai,Coolwave97,['latest'],,False,False,False
chennai,CriticalAd3475,['top'],2.0,True,False,True
chennai,Cyberian_Musky,['latest'],0.0,True,False,False
chennai,DANISHKFD,['top'],0.0,True,False,False
chennai,Dense-Tap-5828,['latest'],,False,False,False
chennai,Dhan996,['latest'],0.0,True,False,False
chennai,Divi_Bash2208,['top'],,False,False,False
chennai,Double-Vegetable-249,"['latest', 'top']",0.0,True,False,False
chennai,DrunkenPirate_69,['latest'],,False,False,False
chennai,Eagle__Gunner,['top'],2.0,True,False,True
chennai,Economics_Proper,['latest'],,False,False,False
chennai,EddieBlair313,['top'],,False,False,False
chennai,Enough_Chemical_8235,['top'],,False,False,False
chennai,Equal-Wafer-3739,['top'],0.0,True,False,False
chennai,Equivalent_Win_5191,['latest'],,False,False,False
chennai,Excellent-Peanut8849,['poster'],,False,False,False
chennai,ExtremeBack1427,['latest'],2.0,True,False,True
chennai,Feeling-Direction163,['top'],,False,False,False
chennai,Flame_sid,['top'],,False,False,False
chennai,Foreign_Permit_1807,['latest'],,False,False,False
chennai,FragrantAct8833,['latest'],,False,False,False
chennai,FreeDeparture6775,['top'],,False,False,False
chennai,Fun-Mathematician992,"['latest', 'top']",1.0,True,False,True
chennai,Gabriel_Pasternak13,['top'],,False,False,False
chennai,GauntletInMyPussPuss,"['latest', 'top']",,False,False,False
chennai,Greedy_Somewhere_527,['latest'],,False,False,False
chennai,Gullible_Creme8944,['top'],,False,False,False
chennai,HeHaa123,['top'],1.0,True,False,True
chennai,Hot_Will1997,['top'],0.0,True,False,False
chennai,HumbleOrder8785,['latest'],2.0,True,False,True
chennai,Humble_Buffalo_007,"['poster', 'top']",6.0,True,True,True
chennai,IAmNotAnIncelXD,['latest'],,False,False,False
chennai,IamBlade,['latest'],1.0,True,False,True
chennai,IamMrNull,['top'],,False,False,False
chennai,Icongau,['top'],0.0,True,False,False
chennai,IllPaleontologist384,['top'],,False,False,False
chennai,Illustrious-Catch945,"['latest', 'top']",1.0,True,False,True
chennai,Imaginary_Sale5813,['latest'],,False,False,False
chennai,Impressive-Ebb9379,['latest'],,False,False,False
chennai,Inevitable-Revenue37,['latest'],,False,False,False
chennai,Inevitable-Wash-4167,['top'],,False,False,False
chennai,Intelligent_Rub1466,"['latest', 'top']",,False,False,False
chennai,Intrepid-Dress-2417,['latest'],,False,False,False
chennai,Intrepid_Comfort8669,"['latest', 'top']",,False,False,False
chennai,Itchy_witchy_2k7,['poster'],,False,False,False
chennai,JDwalker03,['top'],1.0,True,False,True
chennai,Jackie_Chan_93,['poster'],9.0,True,True,True
chennai,JayaramanAndres,"['latest', 'top']",0.0,True,False,False
chennai,JhonathanwickEx,['poster'],1.0,True,False,True
chennai,JustASheepInTheFlock,"['latest', 'top']",2.0,True,False,True
chennai,KtR____2020,"['latest', 'top']",,False,False,False
chennai,Lanky_Cartoonist_743,['latest'],1.0,True,False,True
chennai,Lanky_Tooth3287,['latest'],,False,False,False
chennai,Lattice-shadow,['latest'],1.0,True,False,True
chennai,Life-Rope6971,['top'],,False,False,False
chennai,Loud-Claim9135,['latest'],,False,False,False
chennai,MavericK_KX,['top'],,False,False,False
chennai,Medallion444,['top'],,False,False,False
chennai,MemeLover2060,"['latest', 'top']",,False,False,False
chennai,MobileOk120,['latest'],2.0,True,False,True
chennai,MoonStars_14,"['latest', 'top']",,False,False,False
chennai,MrPeepersVT,['latest'],0.0,True,False,False
chennai,Mrkamanati,['top'],0.0,True,False,False
chennai,Ms_ChanandlerMBong,['latest'],,False,False,False
chennai,Muted_Cause6633,['latest'],0.0,True,False,False
chennai,Natural-Copy-4432,['top'],,False,False,False
chennai,Neither_Birthday_438,['poster'],,False,False,False
chennai,NervousCode6064,"['latest', 'top']",0.0,True,False,False
chennai,No-Journalist-0104,['poster'],,False,False,False
chennai,No-Noise5707,['latest'],,False,False,False
chennai,No-Stop283,['top'],3.0,True,False,True
chennai,NoMedicine3572,['top'],12.0,True,True,True
chennai,No_Document5588,['latest'],,False,False,False
chennai,Objective-Space3328,"['latest', 'poster']",,False,False,False
chennai,Ok_Nectarine5795,['latest'],,False,False,False
chennai,Ostirith,['latest'],,False,False,False
chennai,Particular_Tea_9692,['top'],0.0,True,False,False
chennai,Party_Row1902,['latest'],2.0,True,False,True
chennai,Past-Flow-9064,['latest'],,False,False,False
chennai,PatientBodybuilder30,"['latest', 'poster']",,False,False,False
chennai,PeaDowntown6285,['top'],0.0,True,False,False
chennai,Perfect-Ostrich8534,['top'],,False,False,False
chennai,Positive_Resident46,['poster'],,False,False,False
chennai,Present_Carpenter912,['latest'],,False,False,False
chennai,Prestigious_Book_96,['latest'],,False,False,False
chennai,Primary-Room-3405,['latest'],,False,False,False
chennai,Puzzleheaded_Term967,['top'],1.0,True,False,True
chennai,Reading__Ant,['top'],0.0,True,False,False
chennai,Realistic_Arm_2381,['latest'],,False,False,False
chennai,RedRanger-_-,['top'],0.0,True,False,False
chennai,Regular_Relative_227,['top'],,False,False,False
chennai,Remarkable_Frame8969,['top'],1.0,True,False,True
chennai,Remote-Roll9095,"['poster', 'top']",,False,False,False
chennai,Responsible-Fun-3100,['top'],,False,False,False
chennai,Rockstarven,['top'],,False,False,False
chennai,Rushylol,"['poster', 'top']",0.0,True,False,False
chennai,Saf_prespectives,['latest'],,False,False,False
chennai,SatisfactionLow6752,['top'],,False,False,False
chennai,Shashikant_5,['top'],,False,False,False
chennai,Shy_guy-118,['top'],,False,False,False
chennai,Signal_Accident_9633,['latest'],,False,False,False
chennai,Significant_Sky_8228,['top'],,False,False,False
chennai,Sir_McNugg3t,['latest'],,False,False,False
chennai,SkizmVv,['latest'],,False,False,False
chennai,Smart_Army_4574,['top'],,False,False,False
chennai,SpIitPersona,['latest'],,False,False,False
chennai,SpeakerComplete8216,['poster'],,False,False,False
chennai,Status_Anything_6451,['latest'],,False,False,False
chennai,Stock_Ad_308,['top'],2.0,True,False,True
chennai,Strangeshark45,['poster'],,False,False,False
chennai,Strict_While_908,['top'],,False,False,False
chennai,Strong-Emu-2542,"['latest', 'top']",,False,False,False
chennai,SuchAdvice3772,['latest'],,False,False,False
chennai,SundaeIndependent18,"['latest', 'top']",,False,False,False
chennai,Tarajuvva,['top'],,False,False,False
chennai,ThinkLine9704,['top'],,False,False,False
chennai,UncouthVillageYouth,['latest'],0.0,True,False,False
chennai,UnicodeCharacter6666,"['latest', 'top']",0.0,True,False,False
chennai,Unlikely_Attorney644,['latest'],,False,False,False
chennai,UnrealHallucinator,['latest'],,False,False,False
chennai,Upbeat-Pumpkin3659,['top'],,False,False,False
chennai,VK_1810,['latest'],,False,False,False
chennai,Vibranium-Balls,"['latest', 'top']",0.0,True,False,False
chennai,Vignesh130588,['top'],1.0,True,False,True
chennai,Virtual_Wolverine585,['latest'],,False,False,False
chennai,Witty-Play9499,['top'],1.0,True,False,True
chennai,Working-Situation766,['poster'],6.0,True,True,True
chennai,Wrong_Bullfrog_5598,['top'],,False,False,False
chennai,YourNanban,['latest'],1.0,True,False,True
chennai,ZoronovaRoro,['latest'],,False,False,False
chennai,_Zevrine_,"['latest', 'top']",,False,False,False
chennai,_chennai_guy,['latest'],,False,False,False
chennai,_v_b_k,['latest'],,False,False,False
chennai,adhithya_vijay,['top'],,False,False,False
chennai,alienfoodie,['top'],,False,False,False
chennai,badhanganesh,['top'],0.0,True,False,False
chennai,badri__75,['top'],,False,False,False
chennai,balars,['latest'],1.0,True,False,True
chennai,beard3dsould,['poster'],,False,False,False
chennai,beau_peep1,['top'],,False,False,False
chennai,beetroot747,['top'],1.0,True,False,True
chennai,bootpalishAgain,"['latest', 'poster']",3.0,True,False,True
chennai,brockgoli,['latest'],0.0,True,False,False
chennai,bunn-y,"['latest', 'top']",0.0,True,False,False
chennai,butterscochpie,['top'],,False,False,False
chennai,cactus-sama,['top'],0.0,True,False,False
chennai,cattlebull-,['latest'],,False,False,False
chennai,chaosProgrammers,"['latest', 'top']",0.0,True,False,False
chennai,computer1902,['latest'],0.0,True,False,False
chennai,dev241994,"['latest', 'top']",0.0,True,False,False
chennai,fake-nonchalant96,['top'],1.0,True,False,True
chennai,fartinggod,['top'],,False,False,False
chennai,fatasfnigha,['top'],,False,False,False
chennai,gau-tam,['poster'],0.0,True,False,False
chennai,goonMaxxer021,['latest'],1.0,True,False,True
chennai,gordonramaswami,['top'],,False,False,False
chennai,goshdagny,['top'],1.0,True,False,True
chennai,gottakeepitshlowkey,['poster'],,False,False,False
chennai,happysrooner,['top'],0.0,True,False,False
chennai,hd2211,['latest'],1.0,True,False,True
chennai,hermitmoon999,['top'],,False,False,False
chennai,hypocritehumans,['latest'],,False,False,False
chennai,ialmostpuked,['latest'],,False,False,False
chennai,ihadcoffeee,['poster'],2.0,True,False,True
chennai,ila1998,"['latest', 'top']",0.0,True,False,False
chennai,itismeganrms,['latest'],,False,False,False
chennai,itsshadyhere,['latest'],0.0,True,False,False
chennai,kaachabadaam,['top'],4.0,True,False,True
chennai,kal_vratrak,['latest'],,False,False,False
chennai,kantnobody,"['latest', 'poster']",,False,False,False
chennai,kartxtpro,['latest'],,False,False,False
chennai,kilaithalai,['top'],6.0,True,True,True
chennai,kiraL007,['latest'],,False,False,False
chennai,kuttipuli,['top'],0.0,True,False,False
chennai,life_konjam_better,"['latest', 'top']",0.0,True,False,False
chennai,lionelwarner,['top'],,False,False,False
chennai,lord_lableigh,['latest'],0.0,True,False,False
chennai,lungicoder124,['latest'],,False,False,False
chennai,maghil,['top'],,False,False,False
chennai,magum_365,['top'],,False,False,False
chennai,masalacandy,['latest'],1.0,True,False,True
chennai,mayilacries,['top'],0.0,True,False,False
chennai,native_vandheri,"['latest', 'top']",0.0,True,False,False
chennai,nicerthannicer,['top'],,False,False,False
chennai,parmegan,['top'],1.0,True,False,True
chennai,plasmalightwave,['top'],0.0,True,False,False
chennai,podaangu7,['top'],,False,False,False
chennai,porottaandbeef,['top'],0.0,True,False,False
chennai,professortarzan,"['latest', 'top']",0.0,True,False,False
chennai,quanta777,['latest'],,False,False,False
chennai,raja-anbazhagan,['top'],1.0,True,False,True
chennai,rarariricoco,['top'],,False,False,False
chennai,rdndas,['top'],,False,False,False
chennai,redditsk08,"['latest', 'top']",,False,False,False
chennai,rmdk_mech,['top'],0.0,True,False,False
chennai,rmk_1808,['top'],6.0,True,True,True
chennai,roark91,['top'],,False,False,False
chennai,rsvicki07,['latest'],,False,False,False
chennai,sakarapongalvadacury,['top'],0.0,True,False,False
chennai,samueltheboss2002,['latest'],1.0,True,False,True
chennai,sanlonely,['top'],2.0,True,False,True
chennai,sanv84,['top'],0.0,True,False,False
chennai,sas8184,['latest'],4.0,True,False,True
chennai,scorpyn24,['top'],,False,False,False
chennai,sexy_nibba,['top'],,False,False,False
chennai,shukxrenai,['latest'],,False,False,False
chennai,simplespectator38,['latest'],,False,False,False
chennai,sirsa2,['top'],0.0,True,False,False
chennai,sma_joe,['latest'],0.0,True,False,False
chennai,sparrow-head,['top'],1.0,True,False,True
chennai,suffering_chicken,['top'],0.0,True,False,False
chennai,superpowerpinger,['latest'],4.0,True,False,True
chennai,thefirefist7,['latest'],,False,False,False
chennai,thelastattemptsname,['top'],0.0,True,False,False
chennai,thetalogic,['latest'],,False,False,False
chennai,thewood_pen,"['poster', 'top']",12.0,True,True,True
chennai,topgun098421,['latest'],,False,False,False
chennai,trojantruce,['latest'],,False,False,False
chennai,tutu_pattie,['latest'],,False,False,False
chennai,ufcmod,['latest'],0.0,True,False,False
chennai,unknown-pdf,['poster'],,False,False,False
chennai,vanitti,"['latest', 'top']",0.0,True,False,False
chennai,veyser,"['latest', 'top']",0.0,True,False,False
chennai,vgu1990,['latest'],0.0,True,False,False
chennai,viiiinay,['latest'],,False,False,False
chennai,vsnu,"['latest', 'top']",0.0,True,False,False
chennai,weird_lass_from_asia,['latest'],0.0,True,False,False
chennai,whiner_03,['latest'],,False,False,False
chennai,white_irony,['latest'],0.0,True,False,False
chennai,zakk_user,['top'],0.0,True,False,False
delhi,-intheabyss,"['latest', 'top']",,False,False,False
delhi,4nonymou8,['latest'],,False,False,False
delhi,AGamer991,['latest'],,False,False,False
delhi,Aakash_Rohit,['latest'],,False,False,False
delhi,AbaloneOwn1355,['top'],0.0,True,False,False
delhi,Accomplished-Cry1420,['top'],2.0,True,False,True
delhi,AccountantConnect598,['latest'],,False,False,False
delhi,Additional_Egg628,['latest'],,False,False,False
delhi,Agile_Sport_3829,['latest'],,False,False,False
delhi,Alarming_Pride_8200,"['poster', 'top']",,False,False,False
delhi,AlfalfaAdorable6286,['top'],,False,False,False
delhi,Alternative-Kick57,['latest'],,False,False,False
delhi,Anxious-Progress3480,"['latest', 'top']",3.0,True,False,True
delhi,AskPsychological2932,['top'],,False,False,False
delhi,BeastGrand,['top'],,False,False,False
delhi,Bed_Tundy_11,"['latest', 'top']",,False,False,False
delhi,BlueSkyandDarkland,['latest'],,False,False,False
delhi,Bright_Appearance_57,['latest'],1.0,True,False,True
delhi,Calm_Waltz_7720,['top'],,False,False,False
delhi,Cautious_Role_668,"['latest', 'top']",8.0,True,True,True
delhi,CharmingTechnician47,['latest'],,False,False,False
delhi,Chidchidi_Billi,['latest'],,False,False,False
delhi,ChipmunkCool5208,['top'],,False,False,False
delhi,Chussta,"['latest', 'top']",,False,False,False
delhi,Civil_Algae9370,"['latest', 'top']",,False,False,False
delhi,CodSignificant67,['latest'],,False,False,False
delhi,Comfortable_Ad7513,['top'],1.0,True,False,True
delhi,Competitive-Bat6697,['latest'],,False,False,False
delhi,Competitive_Spend_77,"['latest', 'top']",4.0,True,False,True
delhi,Comprehensive-Bus156,['top'],0.0,True,False,False
delhi,Conscious-Mix-651,['latest'],1.0,True,False,True
delhi,Conscious_Way_9361,['latest'],,False,False,False
delhi,Consistent-Lime7494,"['latest', 'top']",,False,False,False
delhi,ConstantEbb9466,['latest'],,False,False,False
delhi,Dal-Bhati-Churma,['top'],6.0,True,True,True
delhi,DeliciousDistrict544,['top'],,False,False,False
delhi,Desi_MCU_Nerd,['latest'],2.0,True,False,True
delhi,Devansh_1d,['latest'],,False,False,False
delhi,DisciplineCorrect699,"['latest', 'top']",,False,False,False
delhi,Distinct-Ad1057,"['latest', 'top']",0.0,True,False,False
delhi,Distinct-Spell-5554,['latest'],0.0,True,False,False
delhi,DonScaria,"['latest', 'top']",,False,False,False
delhi,Dramatic-Crazy-9439,"['latest', 'top']",,False,False,False
delhi,EasySignificance3819,['poster'],,False,False,False
delhi,ElderberryMajor8443,"['latest', 'top']",,False,False,False
delhi,Embarrassed_Look9200,['top'],9.0,True,True,True
delhi,EmergencyCancel963,['poster'],,False,False,False
delhi,EsotericAlgae408,['top'],4.0,True,False,True
delhi,EvaluatorOp2,['top'],2.0,True,False,True
delhi,Evil_bitch_21,['top'],,False,False,False
delhi,Exact-Peanut9976,['latest'],,False,False,False
delhi,FantasticLocation15,['latest'],0.0,True,False,False
delhi,Fast-Cauliflower-331,['top'],,False,False,False
delhi,Fat_nig_flying,['top'],,False,False,False
delhi,Feisty_Ad_4511,['latest'],,False,False,False
delhi,Fierybeast007,['top'],,False,False,False
delhi,FitSignificance2100,['latest'],1.0,True,False,True
delhi,FragenM,"['latest', 'top']",,False,False,False
delhi,Free_Paper_2749,['latest'],,False,False,False
delhi,Front-Solid-6252,['top'],,False,False,False
delhi,Glass-Wolf117,['top'],,False,False,False
delhi,God_Of_Devils_69,['latest'],,False,False,False
delhi,Haunting_nobody25,['latest'],,False,False,False
delhi,Himanshu_chaudhary_,['poster'],,False,False,False
delhi,HolySinner17,"['latest', 'top']",,False,False,False
delhi,Hour_Discussion2516,"['latest', 'top']",,False,False,False
delhi,HyenaCool9661,['top'],,False,False,False
delhi,ILoveSpaceSoMuch,['latest'],1.0,True,False,True
delhi,I_am_me_panda,"['poster', 'top']",,False,False,False
delhi,ImaginaryCommon7641,['latest'],,False,False,False
delhi,Imaginary_Ebb3906,"['latest', 'top']",,False,False,False
delhi,Imalldeadinside,"['latest', 'top']",3.0,True,False,True
delhi,Inevitable-Track-182,['top'],,False,False,False
delhi,Intelligent-Swim-643,['top'],,False,False,False
delhi,Intelligent_Syrup_60,['top'],0.0,True,False,False
delhi,JOYTHEGR8,['top'],0.0,True,False,False
delhi,Jeenekhainchardin,['latest'],2.0,True,False,True
delhi,JesusBhadana,"['poster', 'top']",16.0,True,True,True
delhi,Key-Industry-7385,['top'],,False,False,False
delhi,King_Sicario,['latest'],,False,False,False
delhi,Lanapagluu,['top'],,False,False,False
delhi,Lone-Voyager,['poster'],0.0,True,False,False
delhi,Lost-Letterhead-6615,['latest'],1.0,True,False,True
delhi,Lucky_Connection_251,"['latest', 'top']",,False,False,False
delhi,Mammoth-Currency-350,['top'],2.0,True,False,True
delhi,Many-Entertainment56,['latest'],,False,False,False
delhi,Material_Annual_2377,"['latest', 'top']",,False,False,False
delhi,Medium-Advantage9219,['top'],0.0,True,False,False
delhi,Mental_Win_7289,"['latest', 'top']",,False,False,False
delhi,Minute-Persimmon-769,['latest'],,False,False,False
delhi,Miserable-Shock-2739,['top'],,False,False,False
delhi,MrAnand_,['top'],,False,False,False
delhi,MrBigHouse,"['latest', 'top']",,False,False,False
delhi,Muted-But-Present,['latest'],1.0,True,False,True
delhi,NearbyAbrocoma659,"['latest', 'top']",2.0,True,False,True
delhi,Neat_Conference_7026,['top'],,False,False,False
delhi,NewInteraction679,['top'],,False,False,False
delhi,No_Description_3226,"['latest', 'poster']",0.0,True,False,False
delhi,No_Pineapple_856,['top'],,False,False,False
delhi,No_Resolution_5536,"['latest', 'top']",,False,False,False
delhi,NotHereToLove,['poster'],12.0,True,True,True
delhi,Ok_Afternoon_5264,"['latest', 'top']",,False,False,False
delhi,Ok_Particular8393,['top'],,False,False,False
delhi,One_Guava_3883,['top'],6.0,True,True,True
delhi,Over_Monitor2526,"['latest', 'top']",,False,False,False
delhi,Parabellum89,['top'],0.0,True,False,False
delhi,Peace_Pepper,"['latest', 'top']",,False,False,False
delhi,Playful-Tower3068,['top'],0.0,True,False,False
delhi,Pleasantlyrough,['latest'],,False,False,False
delhi,Pritam1997,['latest'],,False,False,False
delhi,Professoron,"['latest', 'top']",0.0,True,False,False
delhi,Public-Psychology-55,['latest'],,False,False,False
delhi,Public_Compote_4326,['latest'],0.0,True,False,False
delhi,Pure_Bed_6357,['latest'],1.0,True,False,True
delhi,Radella_the_elf,['latest'],,False,False,False
delhi,RationalPsycho42,['latest'],2.0,True,False,True
delhi,RemarkableWin5682,['latest'],,False,False,False
delhi,Rich-Currency-7644,['top'],,False,False,False
delhi,SakshamUchicha,['top'],,False,False,False
delhi,Silly_Coffee3337,"['latest', 'top']",,False,False,False
delhi,Slow-Cupcake-5835,['top'],,False,False,False
delhi,Slow-Jaguar1134,['poster'],,False,False,False
delhi,SmokedGeek,['latest'],,False,False,False
delhi,Solid_Routine_2026,"['latest', 'top']",2.0,True,False,True
delhi,StonksUpMan,['top'],0.0,True,False,False
delhi,StrikingFriend3265,"['latest', 'top']",,False,False,False
delhi,SuccessfulStory5400,['latest'],1.0,True,False,True
delhi,Successful_Sea_3637,['top'],0.0,True,False,False
delhi,Sure_Distance_4499,"['latest', 'top']",,False,False,False
delhi,Suspicious-Mud-5688,['top'],1.0,True,False,True
delhi,Sweet_Enthusiasm_252,['latest'],,False,False,False
delhi,Swimming-Hat-9871,"['latest', 'top']",,False,False,False
delhi,Swimming-Tea-3466,['latest'],,False,False,False
delhi,Tatyavinchoo63,['top'],2.0,True,False,True
delhi,TicketyTick3,['latest'],,False,False,False
delhi,TimeVendor,"['latest', 'top']",4.0,True,False,True
delhi,Traditional-Pen2612,['latest'],0.0,True,False,False
delhi,Training_Treacle_366,"['latest', 'top']",,False,False,False
delhi,TricksterChad,['top'],,False,False,False
delhi,True-Combination-467,['latest'],,False,False,False
delhi,Turbulent_Listen_128,['latest'],,False,False,False
delhi,Unlucky-Whole-9274,['latest'],6.0,True,True,True
delhi,Upbeat-Fall2981,"['latest', 'top']",,False,False,False
delhi,VX_vAl0Ur,['latest'],,False,False,False
delhi,Velorial,"['poster', 'top']",,False,False,False
delhi,Visible-Initiative-7,['top'],,False,False,False
delhi,Vivid_Green5031,"['latest', 'top']",,False,False,False
delhi,Vlad_Bagina67,['latest'],2.0,True,False,True
delhi,WatchDawg07,['poster'],,False,False,False
delhi,Weekly_Theory5724,['latest'],0.0,True,False,False
delhi,Weird-Promise6173,['poster'],,False,False,False
delhi,Worldly_Ad2370,['latest'],,False,False,False
delhi,Wrong_Sherbert5635,['latest'],,False,False,False
delhi,Yellow-pagee,['poster'],,False,False,False
delhi,ZaiiKim,['top'],,False,False,False
delhi,Zealousideal-Row8038,['latest'],,False,False,False
delhi,Zestyclose_Egg_5428,['poster'],,False,False,False
delhi,___Saul_Goodman___,"['latest', 'top']",,False,False,False
delhi,_fireinthesky_,['top'],,False,False,False
delhi,aadi_manavv,['top'],,False,False,False
delhi,abhigyapookie,['latest'],,False,False,False
delhi,acdhemtos,['top'],2.0,True,False,True
delhi,aesthetic_slut1310,"['latest', 'poster']",,False,False,False
delhi,ajdude711,"['latest', 'top']",1.0,True,False,True
delhi,ajzone007,"['latest', 'top']",2.0,True,False,True
delhi,barbulky15,['latest'],,False,False,False
delhi,bardocx,"['latest', 'top']",,False,False,False
delhi,bash2482,['latest'],6.0,True,True,True
delhi,bethechange_now,"['latest', 'top']",,False,False,False
delhi,biryanikaghulam,['top'],12.0,True,True,True
delhi,blackleg_zorro,['top'],,False,False,False
delhi,del_48_content,"['latest', 'top']",0.0,True,False,False
delhi,designer_bh,['top'],,False,False,False
delhi,dreadedanxiety,"['latest', 'top']",8.0,True,True,True
delhi,dsmmuse,['latest'],,False,False,False
delhi,eenthucutlet,['top'],,False,False,False
delhi,elekktronic,"['latest', 'top']",,False,False,False
delhi,fallion596,['top'],,False,False,False
delhi,fcukitletsgo,"['latest', 'top']",2.0,True,False,True
delhi,find_a_rare_uuid,"['latest', 'top']",12.0,True,True,True
delhi,fluffbear0,"['latest', 'top']",,False,False,False
delhi,freakedmind,['top'],1.0,True,False,True
delhi,gabedi212,['latest'],,False,False,False
delhi,gokukouji,"['latest', 'top']",1.0,True,False,True
delhi,greghouse1106,['top'],,False,False,False
delhi,happylilgui,['top'],,False,False,False
delhi,hdsahil,['top'],0.0,True,False,False
delhi,hgayatsh,['latest'],,False,False,False
delhi,hopetobelong,['latest'],,False,False,False
delhi,idiot100688,['latest'],,False,False,False
delhi,inSANity-kitty,['latest'],,False,False,False
delhi,india-mods,"['poster', 'top']",,False,False,False
delhi,indiagateway,"['latest', 'poster']",,False,False,False
delhi,john_wick_909,['top'],0.0,True,False,False
delhi,kaunvarun,['latest'],,False,False,False
delhi,khakhra_Nanga_Dayum,['top'],,False,False,False
delhi,kholeChature,"['latest', 'top']",12.0,True,True,True
delhi,khooni-,['top'],,False,False,False
delhi,killerdrama,"['latest', 'top']",0.0,True,False,False
delhi,kool-krazy,['top'],2.0,True,False,True
delhi,lemonkhattehai,['top'],4.0,True,False,True
delhi,literallyimaginary,['latest'],0.0,True,False,False
delhi,luffy888,['latest'],,False,False,False
delhi,lunar_rexx,['top'],,False,False,False
delhi,magpie08,['latest'],,False,False,False
delhi,malai_jalebi,"['latest', 'top']",,False,False,False
delhi,march_11,['top'],,False,False,False
delhi,mayank2906,['top'],0.0,True,False,False
delhi,missfinewine,"['latest', 'poster', 'top']",,False,False,False
delhi,mthelostboy,['top'],,False,False,False
delhi,myidispg,['top'],,False,False,False
delhi,nangs_paranoid,['poster'],0.0,True,False,False
delhi,nitish_kumar24,['top'],0.0,True,False,False
delhi,ogaarush,['latest'],3.0,True,False,True
delhi,orang3muffin,"['poster', 'top']",0.0,True,False,False
delhi,orange_diaster,['latest'],0.0,True,False,False
delhi,paid_procrastinator,['latest'],,False,False,False
delhi,people_are_silly,['latest'],,False,False,False
delhi,pepoji,['top'],3.0,True,False,True
delhi,preet_ki_latt,"['latest', 'top']",,False,False,False
delhi,pussykillerbro,['poster'],,False,False,False
delhi,rishianand,['poster'],6.0,True,True,True
delhi,rohithkumarsp,"['latest', 'top']",6.0,True,True,True
delhi,rootlogger_v,['top'],,False,False,False
delhi,sarvesh_s,['top'],2.0,True,False,True
delhi,shriy0,['latest'],,False,False,False
delhi,sillygirlhu,['latest'],0.0,True,False,False
delhi,snuFan,['latest'],,False,False,False
delhi,spicegirl999,"['latest', 'poster']",,False,False,False
delhi,tandooriboobs,"['poster', 'top']",3.0,True,False,True
delhi,tera_chachu,['top'],4.0,True,False,True
delhi,theMediocreshits,['latest'],,False,False,False
delhi,trancetechno,"['latest', 'top']",,False,False,False
delhi,ukmeikthatukme,['poster'],,False,False,False
delhi,user404notfoun,['poster'],,False,False,False
delhi,waitaminute322,['latest'],8.0,True,True,True
delhi,weisbrodgordon,['latest'],,False,False,False
delhi,xp0z3d,"['latest', 'top']",,False,False,False
delhi,yoyoyohunnysing,"['latest', 'top']",,False,False,False
delhi,yxk__0zvnb9pl,"['latest', 'top']",,False,False,False
delhi,zesty_cat9190,['poster'],,False,False,False
developersIndia,-Space_Monkey-,['top'],2.0,True,False,True
developersIndia,-kay-o-,['latest'],0.0,True,False,False
developersIndia,13THWARRI0R,['latest'],,False,False,False
developersIndia,8-_-8_1,['latest'],,False,False,False
developersIndia,Accomplished_Cup7314,['top'],,False,False,False
developersIndia,After_Cap4136,['top'],,False,False,False
developersIndia,AgentDarkFury,"['latest', 'top']",0.0,True,False,False
developersIndia,Aggravating-Owl-8152,['top'],,False,False,False
developersIndia,AggravatingTooth8145,"['poster', 'top']",,False,False,False
developersIndia,Alarming_Data_2773,['poster'],,False,False,False
developersIndia,Alps-Salt,['top'],,False,False,False
developersIndia,Alternative-Set1218,['latest'],,False,False,False
developersIndia,Altruistic-Spend-896,"['latest', 'top']",2.0,True,False,True
developersIndia,AmazingInflation58,"['latest', 'top']",,False,False,False
developersIndia,Ambitious-Upstairs90,"['latest', 'top']",2.0,True,False,True
developersIndia,Anant_001,"['latest', 'top']",,False,False,False
developersIndia,Ancient-Complaint500,"['latest', 'top']",,False,False,False
developersIndia,Anxious_Arrival_9356,"['latest', 'top']",,False,False,False
developersIndia,AspectAdventurous420,['latest'],,False,False,False
developersIndia,AvinashPathrol,['latest'],,False,False,False
developersIndia,Beautiful_Soup9229,"['latest', 'top']",0.0,True,False,False
developersIndia,Best_Reaction2068,['top'],,False,False,False
developersIndia,Breadbonda,['top'],,False,False,False
developersIndia,Bright_Sun2933,['top'],,False,False,False
developersIndia,Business-Log1511,['latest'],,False,False,False
developersIndia,Careless-Cloud2009,['top'],0.0,True,False,False
developersIndia,ChickenChefLive,['latest'],,False,False,False
developersIndia,Cold-Ice8108,['top'],,False,False,False
developersIndia,Common-Brush-7027,['latest'],0.0,True,False,False
developersIndia,Common_Dream9420,['latest'],,False,False,False
developersIndia,Complete-Regret-4300,['latest'],,False,False,False
developersIndia,Complete_Pen2985,['top'],,False,False,False
developersIndia,Confident-Choice6476,['latest'],,False,False,False
developersIndia,Connect_Ad_7655,['top'],,False,False,False
developersIndia,Consistent-Citron509,['latest'],,False,False,False
developersIndia,Cunnykun,['top'],4.0,True,False,True
developersIndia,Curiasjoe1,['top'],0.0,True,False,False
developersIndia,DARKDYNAMO,"['latest', 'top']",0.0,True,False,False
developersIndia,DJaydeep,"['latest', 'top']",0.0,True,False,False
developersIndia,DarkHumourFoundHere,['latest'],1.0,True,False,True
developersIndia,DeFcONaReA51,['latest'],0.0,True,False,False
developersIndia,DealerDry9438,"['latest', 'top']",,False,False,False
developersIndia,Delicious_Ice1334,['top'],,False,False,False
developersIndia,Ecstatic_Jicama_1482,"['latest', 'top']",,False,False,False
developersIndia,Education_Alert,['latest'],,False,False,False
developersIndia,Educational_Monk_396,['top'],,False,False,False
developersIndia,Electronic-Sugar-967,"['latest', 'top']",,False,False,False
developersIndia,EmotionalQuarter8349,['latest'],0.0,True,False,False
developersIndia,Emotional_Ear_7018,['top'],0.0,True,False,False
developersIndia,Existing_As_Usual,"['latest', 'poster', 'top']",,False,False,False
developersIndia,Expensive_Break_4801,['top'],,False,False,False
developersIndia,ExtraChubbyPikachu,"['poster', 'top']",8.0,True,True,True
developersIndia,FckZaWarudo,['latest'],,False,False,False
developersIndia,Federal_Tackle3053,['top'],,False,False,False
developersIndia,Feisty-Passenger-440,"['latest', 'top']",,False,False,False
developersIndia,Financial_Humor_8134,['top'],4.0,True,False,True
developersIndia,FirefighterAlone8335,['latest'],,False,False,False
developersIndia,Fun-Pool2958,"['latest', 'top']",,False,False,False
developersIndia,GRENADE-1,['top'],,False,False,False
developersIndia,General_Diamond3849,['top'],,False,False,False
developersIndia,Glad-Injury2408,['latest'],,False,False,False
developersIndia,GlueSniffer53,['top'],0.0,True,False,False
developersIndia,Green_grasshopper24,['latest'],,False,False,False
developersIndia,Hardy_28,['latest'],1.0,True,False,True
developersIndia,HeWantedIndigo,['latest'],,False,False,False
developersIndia,Heck-Yeahhh,"['latest', 'top']",,False,False,False
developersIndia,Holiday-Ad-5883,['poster'],,False,False,False
developersIndia,HumbleThought123,['poster'],,False,False,False
developersIndia,IcyButterscotch9450,"['poster', 'top']",,False,False,False
developersIndia,ImperialBeautyhunter,['top'],1.0,True,False,True
developersIndia,Impossible-Ad6436,['poster'],,False,False,False
developersIndia,Individual-Oil-7642,['poster'],,False,False,False
developersIndia,Infinite-Point8055,"['latest', 'top']",,False,False,False
developersIndia,Inside_Programmer348,['latest'],,False,False,False
developersIndia,Insurgent25,['latest'],,False,False,False
developersIndia,Iron_ptriot,"['latest', 'top']",,False,False,False
developersIndia,Jealous_Apple_4294,['latest'],,False,False,False
developersIndia,JustTheYouLike,['top'],,False,False,False
developersIndia,Kronos_328,['top'],,False,False,False
developersIndia,Less-Piglet3899,['latest'],,False,False,False
developersIndia,LoganKnightWatch,['top'],,False,False,False
developersIndia,Logical-Ambition-111,['latest'],,False,False,False
developersIndia,Lower_Peril,['latest'],0.0,True,False,False
developersIndia,ManipulativFox,['latest'],1.0,True,False,True
developersIndia,MarionberryVisual911,"['poster', 'top']",,False,False,False
developersIndia,MasalaMonk,['top'],0.0,True,False,False
developersIndia,Massive-Divide-6130,"['latest', 'top']",,False,False,False
developersIndia,MaterialSoil3548,['top'],,False,False,False
developersIndia,MediumChemical4292,['latest'],0.0,True,False,False
developersIndia,Miserable-Grocery568,"['latest', 'top']",,False,False,False
developersIndia,Mother-Ad3590,['top'],,False,False,False
developersIndia,MutedBeach8248,['top'],0.0,True,False,False
developersIndia,Natural_Donkey_2953,['top'],,False,False,False
developersIndia,NerdInLabyrinth,['latest'],,False,False,False
developersIndia,New-Ad6482,['top'],,False,False,False
developersIndia,NightFury_GT,"['latest', 'poster']",,False,False,False
developersIndia,NikhilDoWhile,['latest'],0.0,True,False,False
developersIndia,No-Lettuce-5175,['top'],,False,False,False
developersIndia,No-Reporter6150,['top'],,False,False,False
developersIndia,NoMedicine3572,['top'],12.0,True,True,True
developersIndia,No_Ask_8883,['top'],,False,False,False
developersIndia,No_Pay_4410,['top'],,False,False,False
developersIndia,No_Standard,['top'],,False,False,False
developersIndia,Obvious_Gap_5768,"['poster', 'top']",,False,False,False
developersIndia,Obvious_Investment_4,"['latest', 'top']",,False,False,False
developersIndia,Ok-Pride-6845,"['latest', 'top']",0.0,True,False,False
developersIndia,Ok_Chemical_7359,"['latest', 'poster', 'top']",,False,False,False
developersIndia,Ok_Owl_3680,['latest'],,False,False,False
developersIndia,Old-Brilliant3101,"['latest', 'top']",,False,False,False
developersIndia,Outrageous_Text_2479,['poster'],,False,False,False
developersIndia,PHpaper,['top'],,False,False,False
developersIndia,Peacencalm9,['top'],,False,False,False
developersIndia,PhaseStreet9860,['top'],4.0,True,False,True
developersIndia,Plastic-Resident8391,['latest'],,False,False,False
developersIndia,Pleasant-Direction-4,['latest'],,False,False,False
developersIndia,Plus-Entertainer2529,['latest'],,False,False,False
developersIndia,Plus_Inside9731,['latest'],,False,False,False
developersIndia,Positive-Anything825,"['latest', 'poster']",,False,False,False
developersIndia,Powerful-Set-5754,['latest'],1.0,True,False,True
developersIndia,Proud_Yesterday6627,"['poster', 'top']",,False,False,False
developersIndia,Puchuku_puchuku,['latest'],,False,False,False
developersIndia,PuzzleheadedOne1867,['poster'],,False,False,False
developersIndia,Ragnorrr_,['latest'],,False,False,False
developersIndia,Rare-Assignment-8474,['poster'],,False,False,False
developersIndia,Realistic-Rich9000,['latest'],,False,False,False
developersIndia,Remaster_Expert,['latest'],,False,False,False
developersIndia,Rift-enjoyer,"['latest', 'top']",1.0,True,False,True
developersIndia,Rough_Employee1254,['latest'],,False,False,False
developersIndia,Scary-Hedgehog310,['top'],,False,False,False
developersIndia,Scary_Animal3938,['top'],0.0,True,False,False
developersIndia,Secret-Jaguar-4102,['latest'],,False,False,False
developersIndia,Signal_Present7429,['top'],,False,False,False
developersIndia,SilencingFox,['latest'],1.0,True,False,True
developersIndia,SilentKillerBA,['top'],,False,False,False
developersIndia,SiriusLeeSam,"['latest', 'top']",4.0,True,False,True
developersIndia,Small-Explanation74,['latest'],,False,False,False
developersIndia,Southern_0301,['poster'],0.0,True,False,False
developersIndia,Spirited_Savings_389,['latest'],,False,False,False
developersIndia,Stackway,"['latest', 'top']",0.0,True,False,False
developersIndia,Substantial-Ball-392,['latest'],,False,False,False
developersIndia,Successful_Bowl2564,['top'],,False,False,False
developersIndia,Sudden-Engineer-587,['latest'],,False,False,False
developersIndia,SuggestAnyName,"['latest', 'top']",0.0,True,False,False
developersIndia,Tandoori_Chicken_69,['top'],4.0,True,False,True
developersIndia,TechAny124,"['latest', 'top']",,False,False,False
developersIndia,Technical-Shop-9907,['top'],0.0,True,False,False
developersIndia,TribalSoul899,['top'],4.0,True,False,True
developersIndia,Unlucky_Buy217,['latest'],1.0,True,False,True
developersIndia,Upset-Philosophy43,"['poster', 'top']",,False,False,False
developersIndia,Used_Language1517,['top'],0.0,True,False,False
developersIndia,Valuable-Still-3187,"['latest', 'top']",0.0,True,False,False
developersIndia,Valuable_Beginning92,['top'],0.0,True,False,False
developersIndia,VariousBonus8224,['latest'],1.0,True,False,True
developersIndia,Vaxion,['latest'],,False,False,False
developersIndia,VegetablePen4755,['poster'],,False,False,False
developersIndia,Walter_White_02,['latest'],,False,False,False
developersIndia,WeatherImpressive808,['latest'],,False,False,False
developersIndia,Weekly_Pipe5392,['latest'],,False,False,False
developersIndia,Wrong_Score_4429,['top'],,False,False,False
developersIndia,Younosewho,['top'],,False,False,False
developersIndia,_prenk,['top'],1.0,True,False,True
developersIndia,abhitooth,['latest'],4.0,True,False,True
developersIndia,ahead_of_the_masses,['top'],,False,False,False
developersIndia,aktheant,['top'],1.0,True,False,True
developersIndia,amitavroy,['top'],,False,False,False
developersIndia,andabread,['latest'],0.0,True,False,False
developersIndia,arcturus-77,['top'],0.0,True,False,False
developersIndia,baingan0,['top'],,False,False,False
developersIndia,bhabhi_seeker,"['latest', 'top']",0.0,True,False,False
developersIndia,bisector_babu,['latest'],0.0,True,False,False
developersIndia,blueberrysouled,['poster'],,False,False,False
developersIndia,bojackisrealhorse,['latest'],1.0,True,False,True
developersIndia,bssgopi,['top'],0.0,True,False,False
developersIndia,captainrushingin,"['latest', 'top']",2.0,True,False,True
developersIndia,cashlessman,['latest'],,False,False,False
developersIndia,codedam,['latest'],,False,False,False
developersIndia,codingzombie72072,['latest'],0.0,True,False,False
developersIndia,cookieoftheshire,['latest'],4.0,True,False,True
developersIndia,cptnTiTuS,['top'],0.0,True,False,False
developersIndia,crysomore,['latest'],,False,False,False
developersIndia,datatardd,['latest'],,False,False,False
developersIndia,dead_soul_artist,['top'],,False,False,False
developersIndia,dronz3r,"['latest', 'top']",1.0,True,False,True
developersIndia,dvsh_srma,['latest'],,False,False,False
developersIndia,ellothere35,['latest'],,False,False,False
developersIndia,evolvedzero,['top'],0.0,True,False,False
developersIndia,fictional_wolf,['latest'],0.0,True,False,False
developersIndia,fit_like_this,['top'],0.0,True,False,False
developersIndia,flamingspew,['top'],,False,False,False
developersIndia,flight_or_fight,['top'],2.0,True,False,True
developersIndia,freaky_jupiter,['top'],,False,False,False
developersIndia,fuckAIbruhIhateCorps,['latest'],,False,False,False
developersIndia,gatorboi326,['latest'],,False,False,False
developersIndia,hariacidreign,['latest'],,False,False,False
developersIndia,haskell_46,"['latest', 'poster']",,False,False,False
developersIndia,hyiipls,['top'],1.0,True,False,True
developersIndia,i-love-tres-leches,"['latest', 'top']",,False,False,False
developersIndia,ihavetotrynochoice,['latest'],,False,False,False
developersIndia,ilikedoingnothing7,"['latest', 'top']",,False,False,False
developersIndia,im_avt,['top'],,False,False,False
developersIndia,jasonj2232,['top'],0.0,True,False,False
developersIndia,jatinag22,['latest'],0.0,True,False,False
developersIndia,jayToDiscuss,['top'],1.0,True,False,True
developersIndia,justDeadpoool,"['latest', 'top']",,False,False,False
developersIndia,kachorilal,['top'],2.0,True,False,True
developersIndia,karl_blackfyre,['latest'],,False,False,False
developersIndia,karty135,"['latest', 'top']",1.0,True,False,True
developersIndia,kathegaara,"['latest', 'top']",0.0,True,False,False
developersIndia,kira2697,['latest'],,False,False,False
developersIndia,kishoredbn,['latest'],0.0,True,False,False
developersIndia,kronvenzano,['latest'],,False,False,False
developersIndia,laptop_n_motorcycle,['top'],1.0,True,False,True
developersIndia,lazy_dope_kid,['top'],,False,False,False
developersIndia,lean_compiler,['latest'],1.0,True,False,True
developersIndia,mamimapr,['top'],,False,False,False
developersIndia,mind-body-dualism,['top'],0.0,True,False,False
developersIndia,moores_law_is_dead,['latest'],,False,False,False
developersIndia,mrxplek,['latest'],,False,False,False
developersIndia,mxforest,['latest'],4.0,True,False,True
developersIndia,naane_bere,['latest'],0.0,True,False,False
developersIndia,nonchalant-ovrthinkr,"['poster', 'top']",,False,False,False
developersIndia,noobcoder17,"['poster', 'top']",,False,False,False
developersIndia,notorious0000,"['latest', 'top']",,False,False,False
developersIndia,ogMasterPloKoon,"['latest', 'poster', 'top']",3.0,True,False,True
developersIndia,ok-chanakya,['latest'],,False,False,False
developersIndia,pantsushogun,['latest'],,False,False,False
developersIndia,perhapsascythe,['latest'],,False,False,False
developersIndia,pixel_creatrice,"['latest', 'top']",0.0,True,False,False
developersIndia,prat8,['poster'],0.0,True,False,False
developersIndia,rajeshbhat_ds,['top'],6.0,True,True,True
developersIndia,randomforce24,['top'],,False,False,False
developersIndia,rbosamiya9,"['latest', 'top']",,False,False,False
developersIndia,rheotsu,['poster'],,False,False,False
developersIndia,rj_1024,['latest'],2.0,True,False,True
developersIndia,semi-column,['latest'],0.0,True,False,False
developersIndia,siiingintherain,['latest'],0.0,True,False,False
developersIndia,silent_tou,['latest'],,False,False,False
developersIndia,skinkiana,['latest'],,False,False,False
developersIndia,sloppybird,['top'],0.0,True,False,False
developersIndia,snacc-mate,['latest'],,False,False,False
developersIndia,stan3098,['top'],,False,False,False
developersIndia,stillbecoming11,['latest'],,False,False,False
developersIndia,stopcommentingg,"['latest', 'top']",,False,False,False
developersIndia,sumesan,['top'],,False,False,False
developersIndia,sur_yeahhh,"['latest', 'top']",0.0,True,False,False
developersIndia,taintofelonmusk,['poster'],,False,False,False
developersIndia,teady_bear,['latest'],0.0,True,False,False
developersIndia,terimummy04,"['latest', 'top']",,False,False,False
developersIndia,theeki_maggie,['poster'],,False,False,False
developersIndia,tipsyy_in,['latest'],0.0,True,False,False
developersIndia,tsuki069,['top'],,False,False,False
developersIndia,unpopularredditor,['latest'],,False,False,False
developersIndia,valkyrie173,['top'],0.0,True,False,False
developersIndia,vens98,['latest'],,False,False,False
developersIndia,vikramdesh1,"['latest', 'top']",2.0,True,False,True
developersIndia,xdcfret1,['top'],,False,False,False
developersIndia,xxwranglerxx,['top'],,False,False,False
developersIndia,zvnezztx,['top'],,False,False,False
funnyIndia,19potato96,['top'],,False,False,False
funnyIndia,911Rxd,['top'],,False,False,False
funnyIndia,Aarzee0809,['top'],4.0,True,False,True
funnyIndia,Act-star536,['top'],,False,False,False
funnyIndia,AdImaginary1775,['top'],,False,False,False
funnyIndia,Admirable-East3396,"['latest', 'top']",0.0,True,False,False
funnyIndia,Admirable_Praline253,['latest'],,False,False,False
funnyIndia,Adventurous-Cat-6398,['top'],,False,False,False
funnyIndia,Adventurous_adios,['top'],,False,False,False
funnyIndia,Affectionate-Ball-35,['top'],1.0,True,False,True
funnyIndia,Affectionate-Stay173,['top'],,False,False,False
funnyIndia,AlonePerson6174,"['latest', 'top']",,False,False,False
funnyIndia,AmanHRK,"['latest', 'top']",,False,False,False
funnyIndia,Ancient-Stomach-5111,['latest'],,False,False,False
funnyIndia,Anjalii_verma,['latest'],,False,False,False
funnyIndia,Anxious-Present-6763,['latest'],,False,False,False
funnyIndia,AppolloAlphaa,['top'],3.0,True,False,True
funnyIndia,ApprehensiveJudge861,['latest'],,False,False,False
funnyIndia,Asleep_Spirit_6854,['top'],,False,False,False
funnyIndia,AudienceNegative7587,['top'],,False,False,False
funnyIndia,Aware-Charge-1243,['latest'],1.0,True,False,True
funnyIndia,BasicRaspberry9332,"['latest', 'top']",,False,False,False
funnyIndia,BathIndividual6660,"['latest', 'top']",,False,False,False
funnyIndia,BhosariExpress,['top'],,False,False,False
funnyIndia,Boring-Locksmith-473,['poster'],3.0,True,False,True
funnyIndia,Breathing_Is_FUNN,['top'],,False,False,False
funnyIndia,Brilliant_Meal_2653,['latest'],2.0,True,False,True
funnyIndia,Brilliant_Piece7849,"['latest', 'top']",,False,False,False
funnyIndia,Bulky-Bear7265,['top'],0.0,True,False,False
funnyIndia,Buri_Buri_Zaem0nn,['latest'],,False,False,False
funnyIndia,ButcherBoy420,['latest'],,False,False,False
funnyIndia,Candid_Assistance935,['latest'],2.0,True,False,True
funnyIndia,ChandlightSurajrise,['latest'],,False,False,False
funnyIndia,CharacterBit5048,['top'],2.0,True,False,True
funnyIndia,Character_Mood_1001,['top'],,False,False,False
funnyIndia,Chhumantar1,"['latest', 'top']",,False,False,False
funnyIndia,CholeBhature_Achaar,['latest'],,False,False,False
funnyIndia,Coffee_MysticRealm,['poster'],0.0,True,False,False
funnyIndia,Comfortable_Motor159,['top'],,False,False,False
funnyIndia,Comi9689,['top'],1.0,True,False,True
funnyIndia,CommunistImprover,['latest'],,False,False,False
funnyIndia,ConclusionOk1764,['poster'],,False,False,False
funnyIndia,Confused_Boy69,['latest'],,False,False,False
funnyIndia,Consistent-Screen387,['latest'],,False,False,False
funnyIndia,ConstantString9553,"['latest', 'top']",,False,False,False
funnyIndia,Constant_Arm_9565,['top'],1.0,True,False,True
funnyIndia,CoolMail3312,['latest'],0.0,True,False,False
funnyIndia,Cosmichydra_56,"['latest', 'top']",1.0,True,False,True
funnyIndia,Crazy-Set6381,['top'],0.0,True,False,False
funnyIndia,Creative_Amount4212,"['latest', 'top']",,False,False,False
funnyIndia,Creative_Chip6407,"['latest', 'top']",,False,False,False
funnyIndia,CrimeMasterGogoChan,"['latest', 'top']",4.0,True,False,True
funnyIndia,CryOk1545,['latest'],,False,False,False
funnyIndia,DR_Benoit,['top'],0.0,True,False,False
funnyIndia,Dead__from_inside,['top'],,False,False,False
funnyIndia,Deadcentr,['latest'],,False,False,False
funnyIndia,Decent-Pepper8630,"['latest', 'top']",2.0,True,False,True
funnyIndia,DependentFearless162,['latest'],1.0,True,False,True
funnyIndia,DepressedSamurai,['top'],,False,False,False
funnyIndia,Dmg_deala,['top'],,False,False,False
funnyIndia,Doomstar2427,"['latest', 'top']",0.0,True,False,False
funnyIndia,Dreadlock_Rasta_12,"['latest', 'top']",1.0,True,False,True
funnyIndia,Elysium_amlike,['top'],,False,False,False
funnyIndia,EstablishmentBest860,['top'],,False,False,False
funnyIndia,Eunoiabunny,['top'],8.0,True,True,True
funnyIndia,Euthanasia1111,['latest'],,False,False,False
funnyIndia,EvenTheliberal5184,['latest'],2.0,True,False,True
funnyIndia,Every_Vegetable_3566,"['latest', 'top']",,False,False,False
funnyIndia,Fancy-Quantity-5308,['top'],,False,False,False
funnyIndia,FantasticBridge7027,['top'],,False,False,False
funnyIndia,FarCryFever1,['top'],,False,False,False
funnyIndia,FcukMan360,['latest'],9.0,True,True,True
funnyIndia,Feeling-Character-31,['latest'],,False,False,False
funnyIndia,Feisty_Air_648,['top'],,False,False,False
funnyIndia,Financial-Horror-432,['latest'],,False,False,False
funnyIndia,Firm-Travel-2486,['poster'],,False,False,False
funnyIndia,Firm_Translator_3177,"['latest', 'top']",0.0,True,False,False
funnyIndia,GAVINDEVIL,['top'],2.0,True,False,True
funnyIndia,GreedyTank7251,"['poster', 'top']",6.0,True,True,True
funnyIndia,GujjubhaiPatel707,['top'],,False,False,False
funnyIndia,HighlightRadiant7133,['latest'],,False,False,False
funnyIndia,Hot_Investigator7069,['latest'],1.0,True,False,True
funnyIndia,Hungry_Vacation752,['top'],,False,False,False
funnyIndia,HydraShiv,['poster'],,False,False,False
funnyIndia,Hypr_Chandel,['top'],,False,False,False
funnyIndia,Icy-Session1808,['latest'],2.0,True,False,True
funnyIndia,Icy_Arachnid_1157,['top'],,False,False,False
funnyIndia,Illustrious-Fun-5424,['poster'],,False,False,False
funnyIndia,Illustrious_Tea_5999,['top'],6.0,True,True,True
funnyIndia,Impossible-Ad3431,['latest'],,False,False,False
funnyIndia,Indian_Steam,['top'],2.0,True,False,True
funnyIndia,Intelligent_Bank7131,['latest'],,False,False,False
funnyIndia,Interesting_Till4013,['latest'],2.0,True,False,True
funnyIndia,Jumping_Spiders_,['latest'],,False,False,False
funnyIndia,Jumpy-Fisherman5204,['latest'],1.0,True,False,True
funnyIndia,Key-Piglet17,['latest'],,False,False,False
funnyIndia,Key_Relative6992,['latest'],,False,False,False
funnyIndia,KiKiPAWG,['latest'],,False,False,False
funnyIndia,Kingxix,['latest'],0.0,True,False,False
funnyIndia,Ksha3yaNK,['top'],8.0,True,True,True
funnyIndia,Last_Transition_2058,['latest'],,False,False,False
funnyIndia,Latter-Counter-5624,"['latest', 'top']",,False,False,False
funnyIndia,Legitimate_Main8244,['top'],2.0,True,False,True
funnyIndia,Lonely_Failure0906,['poster'],6.0,True,True,True
funnyIndia,LostCucumber9301,"['latest', 'top']",,False,False,False
funnyIndia,MEU898,"['latest', 'top']",0.0,True,False,False
funnyIndia,Macguffawin,['top'],1.0,True,False,True
funnyIndia,MarquezArey,['latest'],,False,False,False
funnyIndia,Mindless-Cash259,['top'],1.0,True,False,True
funnyIndia,MrMeowwMeow,['top'],,False,False,False
funnyIndia,Mr_deadpool_24,['latest'],,False,False,False
funnyIndia,Much-Mess7627,"['latest', 'top']",8.0,True,True,True
funnyIndia,Mysterious-Club-1433,['latest'],,False,False,False
funnyIndia,MysticMyth007,['latest'],,False,False,False
funnyIndia,New-Armadillo-7861,['latest'],1.0,True,False,True
funnyIndia,No-Cauliflower7160,"['latest', 'top']",0.0,True,False,False
funnyIndia,No-History1880,['latest'],0.0,True,False,False
funnyIndia,No-Obligation-9346,['top'],,False,False,False
funnyIndia,Not_aTechiee,['top'],,False,False,False
funnyIndia,Nox-Arcana444,['top'],3.0,True,False,True
funnyIndia,Odd_Craft5057,"['latest', 'top']",,False,False,False
funnyIndia,OkTaste8340,['latest'],1.0,True,False,True
funnyIndia,One-Reward-7181,['latest'],,False,False,False
funnyIndia,One4all_SU,['top'],,False,False,False
funnyIndia,One_Spliff,['latest'],,False,False,False
funnyIndia,Optimistic_Satirist,['top'],1.0,True,False,True
funnyIndia,OtherwiseFox4975,['top'],,False,False,False
funnyIndia,Outrageous_Height_64,"['latest', 'top']",2.0,True,False,True
funnyIndia,PROXeR__OiShi,['latest'],,False,False,False
funnyIndia,Paranoia_soul,['latest'],0.0,True,False,False
funnyIndia,Perfect-Sound-2698,['latest'],,False,False,False
funnyIndia,Plastic_Pie6572,['top'],0.0,True,False,False
funnyIndia,Popping_Mercury,['top'],4.0,True,False,True
funnyIndia,Porkfight,"['latest', 'top']",1.0,True,False,True
funnyIndia,Poshturkjgdy45,"['poster', 'top']",6.0,True,True,True
funnyIndia,PrestigiousBad7125,"['latest', 'top']",2.0,True,False,True
funnyIndia,ProductJazzlike2908,['latest'],,False,False,False
funnyIndia,RDX005,['top'],,False,False,False
funnyIndia,RabbitCity6090,"['latest', 'top']",1.0,True,False,True
funnyIndia,Rare-Factor-7769,['latest'],,False,False,False
funnyIndia,Reasonable-Code1535,['latest'],,False,False,False
funnyIndia,ReflectionLife6785,['top'],9.0,True,True,True
funnyIndia,Remarkable_Buy4591,['latest'],1.0,True,False,True
funnyIndia,Resident-Contract292,['latest'],,False,False,False
funnyIndia,RewardPale3025,['top'],0.0,True,False,False
funnyIndia,Rich_Blueberry6604,['latest'],,False,False,False
funnyIndia,Roy_reddy18,['latest'],,False,False,False
funnyIndia,Sachin951,"['latest', 'top']",0.0,True,False,False
funnyIndia,Savings_Reality1170,['top'],1.0,True,False,True
funnyIndia,Sea-Estimate-2912,['latest'],,False,False,False
funnyIndia,Self_Help_therapy,['latest'],,False,False,False
funnyIndia,Serious_Cream1245,['top'],2.0,True,False,True
funnyIndia,Sharp-potential7935,['poster'],9.0,True,True,True
funnyIndia,Shoddy-Flatworm8078,"['latest', 'top']",,False,False,False
funnyIndia,Short_Stay_9283,['latest'],,False,False,False
funnyIndia,SiddharthJain131,['latest'],,False,False,False
funnyIndia,Similar-Street-8247,"['latest', 'poster']",12.0,True,True,True
funnyIndia,SinDrafter101,['latest'],1.0,True,False,True
funnyIndia,SleepOk5995,['latest'],,False,False,False
funnyIndia,SleepyProMax,['poster'],,False,False,False
funnyIndia,Slow-Artichoke9588,['top'],,False,False,False
funnyIndia,SlutLov3r,"['latest', 'top']",,False,False,False
funnyIndia,Sodium_nitroprusside,"['latest', 'top']",,False,False,False
funnyIndia,Soft-Ad-502,['top'],,False,False,False
funnyIndia,Space_CreeperYT,['latest'],,False,False,False
funnyIndia,Spiritual_Fee_1192,['top'],,False,False,False
funnyIndia,SprinklesNumerous774,['latest'],,False,False,False
funnyIndia,Status-Ad773,['top'],2.0,True,False,True
funnyIndia,Strange_Priority_310,['top'],,False,False,False
funnyIndia,Strict-Buddy5945,['latest'],,False,False,False
funnyIndia,Strikhedonia_1697,['latest'],2.0,True,False,True
funnyIndia,Stunning-Accident-18,['top'],0.0,True,False,False
funnyIndia,Super_Tooth_2435,['latest'],,False,False,False
funnyIndia,SuperbRuin8319,['top'],,False,False,False
funnyIndia,Suspicious-Coast8397,['top'],,False,False,False
funnyIndia,Suspicious-Estate695,['poster'],,False,False,False
funnyIndia,SystematicChaoser,"['latest', 'top']",,False,False,False
funnyIndia,TalktoMePwease,"['latest', 'top']",,False,False,False
funnyIndia,TangyBaal,['latest'],,False,False,False
funnyIndia,Technical-Relation-9,['poster'],8.0,True,True,True
funnyIndia,Terrible-Emotion-997,['poster'],,False,False,False
funnyIndia,TerribleWinter5172,['top'],,False,False,False
funnyIndia,TheCaptainwicked,['latest'],0.0,True,False,False
funnyIndia,Traditional_Might785,['poster'],,False,False,False
funnyIndia,UseGrouchy7802,['latest'],2.0,True,False,True
funnyIndia,Valuable-Paramedic93,['top'],1.0,True,False,True
funnyIndia,Vasaab,['top'],1.0,True,False,True
funnyIndia,Venerable2000,['poster'],,False,False,False
funnyIndia,Vesper_Veks,"['latest', 'top']",,False,False,False
funnyIndia,Victer_007,['top'],,False,False,False
funnyIndia,VictoryMysterious686,"['latest', 'top']",,False,False,False
funnyIndia,Waste_Text8098,['latest'],,False,False,False
funnyIndia,Wolf8713,['latest'],,False,False,False
funnyIndia,Worldly-Necessary551,['latest'],1.0,True,False,True
funnyIndia,Worth_Werewolf_7769,['latest'],1.0,True,False,True
funnyIndia,Y3RDOP,['poster'],,False,False,False
funnyIndia,Zealousideal-Stuff53,"['latest', 'top']",,False,False,False
funnyIndia,a__sad,['latest'],,False,False,False
funnyIndia,aalopuri_lover,['poster'],,False,False,False
funnyIndia,ange-na-gatram,['top'],4.0,True,False,True
funnyIndia,aquaton20,"['latest', 'top']",,False,False,False
funnyIndia,bhosdka,['top'],1.0,True,False,True
funnyIndia,blrtalks,['latest'],,False,False,False
funnyIndia,brainrotmee,['latest'],,False,False,False
funnyIndia,caramel_heavn,['top'],,False,False,False
funnyIndia,coldcoffee_garamchai,['top'],,False,False,False
funnyIndia,comic_loving,['latest'],,False,False,False
funnyIndia,confusedpersonality1,['latest'],,False,False,False
funnyIndia,crafty_dude_24,['latest'],,False,False,False
funnyIndia,dead-69,['top'],2.0,True,False,True
funnyIndia,digitalmazic8,['latest'],,False,False,False
funnyIndia,dwalphin,['top'],1.0,True,False,True
funnyIndia,fatboy_was_slim,"['latest', 'top']",0.0,True,False,False
funnyIndia,fixin-xo,['top'],,False,False,False
funnyIndia,flamingolover7,['poster'],16.0,True,True,True
funnyIndia,fun_dayzz,['latest'],,False,False,False
funnyIndia,gooner-exe,['top'],,False,False,False
funnyIndia,grandpaisproud,['top'],,False,False,False
funnyIndia,gritsagh,['latest'],,False,False,False
funnyIndia,have_a_,['latest'],,False,False,False
funnyIndia,iamtheredditnube,['poster'],,False,False,False
funnyIndia,idlidosavadasambhar,"['latest', 'top']",2.0,True,False,True
funnyIndia,iem_god,['latest'],2.0,True,False,True
funnyIndia,ihappentoeatass,['latest'],0.0,True,False,False
funnyIndia,imfrom_mars_,['poster'],12.0,True,True,True
funnyIndia,imperiu578920134,['top'],,False,False,False
funnyIndia,ind_manjot,['top'],,False,False,False
funnyIndia,intelligent-Raccon,"['latest', 'top']",2.0,True,False,True
funnyIndia,iyashhh02,['poster'],,False,False,False
funnyIndia,jsbhemi,['latest'],,False,False,False
funnyIndia,judo--paranthe,"['latest', 'top']",1.0,True,False,True
funnyIndia,kamikaibitsu,['top'],,False,False,False
funnyIndia,ki_chan4,['top'],0.0,True,False,False
funnyIndia,kingofroyale2,"['latest', 'top']",0.0,True,False,False
funnyIndia,kingoftypos121,['latest'],0.0,True,False,False
funnyIndia,koreankkwr,['top'],2.0,True,False,True
funnyIndia,la_crazypasta,['latest'],1.0,True,False,True
funnyIndia,leadprofessor,['top'],,False,False,False
funnyIndia,lovelifebae,['top'],,False,False,False
funnyIndia,lowkyash,['latest'],,False,False,False
funnyIndia,luxie_mart,['poster'],,False,False,False
funnyIndia,ma46560,['top'],,False,False,False
funnyIndia,neon_fossil_,['top'],,False,False,False
funnyIndia,no_nonsenses,['latest'],0.0,True,False,False
funnyIndia,nonutonu,['top'],,False,False,False
funnyIndia,pratik_kun,['top'],,False,False,False
funnyIndia,protostar-505,['latest'],,False,False,False
funnyIndia,quirky_planet,"['latest', 'top']",,False,False,False
funnyIndia,raviyadav432,['top'],2.0,True,False,True
funnyIndia,re-pet,['top'],0.0,True,False,False
funnyIndia,sangadakVigyani,['latest'],1.0,True,False,True
funnyIndia,sherwinator27,['latest'],,False,False,False
funnyIndia,skullripper15,['latest'],,False,False,False
funnyIndia,smoothskinner,['latest'],0.0,True,False,False
funnyIndia,son-of_ZEUS,['poster'],,False,False,False
funnyIndia,southsidegardian,['poster'],,False,False,False
funnyIndia,spartacusblr,['top'],,False,False,False
funnyIndia,spidy0518,['poster'],3.0,True,False,True
funnyIndia,the_himalayan_dumb,"['latest', 'top']",,False,False,False
funnyIndia,titleHiddenusername,['latest'],,False,False,False
funnyIndia,unluckyiest,['top'],1.0,True,False,True
funnyIndia,unnamedjpg10,"['latest', 'top']",,False,False,False
funnyIndia,unpossibletohandle,['top'],,False,False,False
funnyIndia,vamika2296,['top'],2.0,True,False,True
funnyIndia,vitrum_analytika,['latest'],4.0,True,False,True
funnyIndia,wassupdawg-1,"['latest', 'top']",,False,False,False
funnyIndia,wwwrites,"['latest', 'top']",,False,False,False
funnyIndia,zephyr0123,['top'],0.0,True,False,False
hyderabad,AardvarkNice5145,['latest'],2.0,True,False,True
hyderabad,Academic_Chart1354,"['latest', 'top']",6.0,True,True,True
hyderabad,Accomplished-Ebb-491,['poster'],0.0,True,False,False
hyderabad,Accurate_Welcome3121,['latest'],1.0,True,False,True
hyderabad,Additional_Echo882,['latest'],2.0,True,False,True
hyderabad,Adorable_Salt_7145,"['latest', 'top']",,False,False,False
hyderabad,AgitatedReveal07,['latest'],,False,False,False
hyderabad,Agitated_Slip3573,['poster'],,False,False,False
hyderabad,Alarming-Design9668,['latest'],,False,False,False
hyderabad,Ambitious_Resort9412,['latest'],,False,False,False
hyderabad,Antique_Situation878,['top'],,False,False,False
hyderabad,Apprehensive_Cut3837,['top'],,False,False,False
hyderabad,Appropriate-Peace566,"['latest', 'top']",2.0,True,False,True
hyderabad,Aromatic-Monitor6015,['latest'],,False,False,False
hyderabad,Aromatic-Teach-4122,['latest'],0.0,True,False,False
hyderabad,Aware_View_6247,['top'],0.0,True,False,False
hyderabad,Away_Oil6375,['latest'],,False,False,False
hyderabad,BERSERK_KNIGHT_666,['top'],2.0,True,False,True
hyderabad,Background_Idea_7357,['top'],,False,False,False
hyderabad,Badabhakkchod,['latest'],,False,False,False
hyderabad,Bharathi-,"['latest', 'top']",1.0,True,False,True
hyderabad,Bong-Bon,"['latest', 'poster']",,False,False,False
hyderabad,Capable_Carpet8672,['latest'],,False,False,False
hyderabad,Captain_NRU,['latest'],,False,False,False
hyderabad,CauliflowerMuch843,['poster'],,False,False,False
hyderabad,Ceruleanseahere,"['latest', 'top']",,False,False,False
hyderabad,Chance-Aioli4339,['top'],0.0,True,False,False
hyderabad,Class_Psycho,"['latest', 'top']",,False,False,False
hyderabad,Classic-Coconut7891,"['latest', 'top']",,False,False,False
hyderabad,Comfortable_Taro_442,['top'],0.0,True,False,False
hyderabad,CompetitiveNumber731,"['latest', 'top']",,False,False,False
hyderabad,Coolbiker32,['top'],2.0,True,False,True
hyderabad,Cultural-Yogurt-3484,['latest'],,False,False,False
hyderabad,Dark-Local858,['top'],1.0,True,False,True
hyderabad,Didd-E,"['latest', 'top']",1.0,True,False,True
hyderabad,Dis_CD,['top'],2.0,True,False,True
hyderabad,Disastrous-You-6975,"['poster', 'top']",6.0,True,True,True
hyderabad,DoctorMagnobot,['latest'],,False,False,False
hyderabad,DontMindMeHereNow,['latest'],,False,False,False
hyderabad,Due-Smoke8035,['top'],1.0,True,False,True
hyderabad,DukeofDabra,['poster'],0.0,True,False,False
hyderabad,Efficient-Dust-3130,['latest'],,False,False,False
hyderabad,Embarrassed_Crazy155,['latest'],,False,False,False
hyderabad,Emotional-Pear-1743,['latest'],,False,False,False
hyderabad,Existing-Mulberry382,['top'],4.0,True,False,True
hyderabad,Extension-Answer4821,"['latest', 'top']",,False,False,False
hyderabad,Extension_Agent4981,['top'],1.0,True,False,True
hyderabad,Familiar-Fox-7174,['top'],,False,False,False
hyderabad,Fantastic-Ebb14,"['latest', 'top']",2.0,True,False,True
hyderabad,FeetmyWrathUwU,['latest'],,False,False,False
hyderabad,Frequent-Society-965,['latest'],0.0,True,False,False
hyderabad,Future_Web_7061,['top'],2.0,True,False,True
hyderabad,GlassShirt9072,['poster'],2.0,True,False,True
hyderabad,Gold-Whole1009,['latest'],1.0,True,False,True
hyderabad,Grand-Lib1303,"['poster', 'top']",0.0,True,False,False
hyderabad,Green-Island-2283,['latest'],8.0,True,True,True
hyderabad,Groot8902,['top'],0.0,True,False,False
hyderabad,GuidePlenty5521,['top'],,False,False,False
hyderabad,HalfLonely77645,['top'],,False,False,False
hyderabad,Hayabusa_3143,['top'],,False,False,False
hyderabad,Hefty-Being-8522,['latest'],8.0,True,True,True
hyderabad,HereIamNitin,['top'],,False,False,False
hyderabad,Honest-Ask-9577,['latest'],,False,False,False
hyderabad,Honest_Lobster_9325,['poster'],3.0,True,False,True
hyderabad,Hot-Finger3903,"['latest', 'top']",,False,False,False
hyderabad,HotCoach8391,['top'],,False,False,False
hyderabad,Hot_Waltz3619,"['latest', 'top']",4.0,True,False,True
hyderabad,Hulkasaur,"['latest', 'top']",0.0,True,False,False
hyderabad,Hungrynerd90,['top'],0.0,True,False,False
hyderabad,IAmDicy,['top'],,False,False,False
hyderabad,I_am_whatI_am,['top'],,False,False,False
hyderabad,Icy-prime-01,"['latest', 'top']",,False,False,False
hyderabad,IcyMeet462,['latest'],3.0,True,False,True
hyderabad,Illustrious-Echo1383,"['latest', 'top']",0.0,True,False,False
hyderabad,InfiniteRegressor,['top'],,False,False,False
hyderabad,Jaatheeyam,['latest'],2.0,True,False,True
hyderabad,Jackie_Chan_93,"['latest', 'poster', 'top']",9.0,True,True,True
hyderabad,JayaJanakiNayaka,['latest'],,False,False,False
hyderabad,Jojosundargarh,['latest'],,False,False,False
hyderabad,KING-of-WSB,"['poster', 'top']",4.0,True,False,True
hyderabad,KISHtheFiSH000,['latest'],,False,False,False
hyderabad,KSP4444,['top'],4.0,True,False,True
hyderabad,KalJyot,['latest'],,False,False,False
hyderabad,KhooniMoorga,['top'],1.0,True,False,True
hyderabad,KillerShark_-,['top'],1.0,True,False,True
hyderabad,Kind-Chance8571,['top'],2.0,True,False,True
hyderabad,KlutzyLeather4029,['latest'],,False,False,False
hyderabad,Koki-noki,"['latest', 'poster']",12.0,True,True,True
hyderabad,Krackjack-,"['latest', 'top']",1.0,True,False,True
hyderabad,Kunju_007,['latest'],,False,False,False
hyderabad,Legitimate_Main8244,['top'],2.0,True,False,True
hyderabad,Live_Secret233,['top'],,False,False,False
hyderabad,MaNaM69,['top'],0.0,True,False,False
hyderabad,Maleficent_Promise26,"['latest', 'top']",1.0,True,False,True
hyderabad,ManofTheNightsWatch,['latest'],1.0,True,False,True
hyderabad,Miserable-Log-7952,['top'],,False,False,False
hyderabad,Motor-Ant391,['top'],,False,False,False
hyderabad,Mundane-Wave-9610,['top'],0.0,True,False,False
hyderabad,Nearby_Tip9279,['latest'],,False,False,False
hyderabad,Neither_Theme_1115,"['latest', 'top']",,False,False,False
hyderabad,No-Environment-1416,['top'],,False,False,False
hyderabad,No_Growth_2549,['latest'],4.0,True,False,True
hyderabad,Ok_Carpenter_6661,"['poster', 'top']",,False,False,False
hyderabad,Ok_Entertainer4482,['latest'],0.0,True,False,False
hyderabad,Opening-Pie2182,"['latest', 'top']",,False,False,False
hyderabad,OutlandishnessNo9052,"['latest', 'top']",,False,False,False
hyderabad,Overall-Somewhere423,['top'],2.0,True,False,True
hyderabad,Own-Customer-7295,['top'],0.0,True,False,False
hyderabad,Physical_Composer_34,['top'],,False,False,False
hyderabad,Proexus_,"['latest', 'top']",1.0,True,False,True
hyderabad,Professional_Run2842,"['latest', 'top']",0.0,True,False,False
hyderabad,Prudent-Train-260,['poster'],,False,False,False
hyderabad,PsyCol_0911,"['latest', 'top']",1.0,True,False,True
hyderabad,PuddingIcy3597,['top'],,False,False,False
hyderabad,Puzzleheaded-Row-477,['latest'],9.0,True,True,True
hyderabad,Raining_lotus0210,['latest'],,False,False,False
hyderabad,Real_Arm_3100,['poster'],,False,False,False
hyderabad,Relevant-Scheme3687,"['latest', 'top']",2.0,True,False,True
hyderabad,Remarkable_West7666,['latest'],,False,False,False
hyderabad,Repulsive_Scene4726,"['latest', 'top']",1.0,True,False,True
hyderabad,Resident_Operation47,['top'],,False,False,False
hyderabad,Revenant_999_,['latest'],,False,False,False
hyderabad,Rough-Satisfaction18,['top'],,False,False,False
hyderabad,Routine_Machine_175,['latest'],,False,False,False
hyderabad,SJW_Shadow_Monarch,['latest'],2.0,True,False,True
hyderabad,Salt_Crab_6096,['latest'],,False,False,False
hyderabad,Scary_Telephone8337,"['latest', 'top']",2.0,True,False,True
hyderabad,SceneEmotional8458,['latest'],,False,False,False
hyderabad,ScoreResponsible3869,['latest'],,False,False,False
hyderabad,Sea-Influence6767,"['latest', 'top']",,False,False,False
hyderabad,Select-Present-1405,['top'],,False,False,False
hyderabad,Shaar_Chan,['top'],,False,False,False
hyderabad,Silver_Fix8881,"['latest', 'top']",,False,False,False
hyderabad,Similar-Street-8247,['poster'],12.0,True,True,True
hyderabad,Snehith220,['poster'],8.0,True,True,True
hyderabad,SnooComics2143,"['poster', 'top']",1.0,True,False,True
hyderabad,Some_Interest_6907,['top'],,False,False,False
hyderabad,Srihari_stan,"['poster', 'top']",12.0,True,True,True
hyderabad,StarshipTrooper123,['latest'],,False,False,False
hyderabad,StellarDreamerGirl1,['top'],,False,False,False
hyderabad,SubstantialMajor2798,['top'],0.0,True,False,False
hyderabad,SuccessfulStory5400,['latest'],1.0,True,False,True
hyderabad,Successful_Ad9415,['latest'],0.0,True,False,False
hyderabad,SuckMyRakshak,['latest'],2.0,True,False,True
hyderabad,Suspicious_Meaning72,"['latest', 'top']",,False,False,False
hyderabad,Swimmer-Fine,['latest'],,False,False,False
hyderabad,Swoopsome,['latest'],,False,False,False
hyderabad,TakumiAltoWala,['top'],2.0,True,False,True
hyderabad,TemporaryActivity678,['top'],2.0,True,False,True
hyderabad,Toiton,"['latest', 'top']",,False,False,False
hyderabad,Trikkstergaming,['latest'],,False,False,False
hyderabad,UpsetSock7330,['top'],,False,False,False
hyderabad,V-ideator14,['latest'],,False,False,False
hyderabad,ValuablePermission15,['latest'],,False,False,False
hyderabad,Vegetable-Trust-9847,['top'],2.0,True,False,True
hyderabad,VegetableLocksmith29,['top'],,False,False,False
hyderabad,VegetableRutabaga746,"['latest', 'top']",2.0,True,False,True
hyderabad,WarmBroccoli1730,['latest'],,False,False,False
hyderabad,YeeHaw_72,"['latest', 'top']",2.0,True,False,True
hyderabad,Zealousideal-Lead961,['latest'],,False,False,False
hyderabad,ZonerRoamer,['top'],1.0,True,False,True
hyderabad,_elvane,['latest'],2.0,True,False,True
hyderabad,_unhappy__,"['latest', 'top']",,False,False,False
hyderabad,akonsagar,['top'],0.0,True,False,False
hyderabad,ballerhooper9,"['latest', 'top']",0.0,True,False,False
hyderabad,batman8232,['latest'],2.0,True,False,True
hyderabad,bhanu899,['latest'],2.0,True,False,True
hyderabad,boyapatinolanbay,['top'],,False,False,False
hyderabad,candianbastard,['latest'],1.0,True,False,True
hyderabad,captain_hype_crook,['top'],,False,False,False
hyderabad,cdrfrk,['latest'],3.0,True,False,True
hyderabad,creepymotherfucker18,['top'],,False,False,False
hyderabad,daijobudaijobu,['latest'],,False,False,False
hyderabad,dasgoodshitinnit,['latest'],0.0,True,False,False
hyderabad,dazzlingbuddha,['latest'],,False,False,False
hyderabad,debacomm1990,['poster'],0.0,True,False,False
hyderabad,disatrus_ship_erebus,['top'],2.0,True,False,True
hyderabad,dr_DCTR,"['latest', 'top']",,False,False,False
hyderabad,dynamech_1992,['top'],,False,False,False
hyderabad,ehhlitebro,"['latest', 'poster', 'top']",,False,False,False
hyderabad,evaru_nuvvu,['top'],0.0,True,False,False
hyderabad,extreme_extrovert,['latest'],,False,False,False
hyderabad,gymbrattt,['poster'],0.0,True,False,False
hyderabad,harshavardhnn,['top'],,False,False,False
hyderabad,hbs187,['top'],,False,False,False
hyderabad,headshot_to_liver,"['latest', 'top']",4.0,True,False,True
hyderabad,heiheiboii,['top'],3.0,True,False,True
hyderabad,hell_storm2004,['latest'],0.0,True,False,False
hyderabad,hemanbean,"['latest', 'top']",,False,False,False
hyderabad,hieg_siel,['latest'],,False,False,False
hyderabad,hitmanbhargav,"['poster', 'top']",,False,False,False
hyderabad,ibn_e_batuta_,['latest'],,False,False,False
hyderabad,idkwdcwhatever,['top'],,False,False,False
hyderabad,idli_sambar_,['latest'],0.0,True,False,False
hyderabad,indifferentcabbage,['top'],1.0,True,False,True
hyderabad,itsmukeshrishi,['poster'],,False,False,False
hyderabad,jawheadhelcurt,['latest'],,False,False,False
hyderabad,justDeadpoool,['latest'],,False,False,False
hyderabad,justelling,"['poster', 'top']",1.0,True,False,True
hyderabad,jvthinksitsfunny,['top'],0.0,True,False,False
hyderabad,kbeastcoast,['latest'],,False,False,False
hyderabad,kim-jong-naidu,"['latest', 'top']",2.0,True,False,True
hyderabad,koragg_knightslayer,"['latest', 'top']",0.0,True,False,False
hyderabad,langdreamerjr,"['latest', 'top']",,False,False,False
hyderabad,legendswiki,['latest'],2.0,True,False,True
hyderabad,licoricluv,['latest'],,False,False,False
hyderabad,mannoshot,"['latest', 'top']",0.0,True,False,False
hyderabad,masalacandy,['latest'],1.0,True,False,True
hyderabad,masti-khorr,['latest'],,False,False,False
hyderabad,maverickmetalhead,['latest'],,False,False,False
hyderabad,memellowwww,['top'],,False,False,False
hyderabad,middleclassman_1,['latest'],,False,False,False
hyderabad,nagaraju291990,['top'],1.0,True,False,True
hyderabad,nehapaswan,"['latest', 'top']",,False,False,False
hyderabad,newinvestor0908,"['latest', 'top']",0.0,True,False,False
hyderabad,nithishreddy07,"['latest', 'top']",,False,False,False
hyderabad,nograduation,['latest'],0.0,True,False,False
hyderabad,oceanic_opening,['top'],4.0,True,False,True
hyderabad,oneplustwothreemama,['top'],0.0,True,False,False
hyderabad,outrageous_curve2,"['latest', 'top']",,False,False,False
hyderabad,pellikaniprasad,['latest'],2.0,True,False,True
hyderabad,pessimistic-soul,['top'],,False,False,False
hyderabad,polytr0n,['latest'],,False,False,False
hyderabad,psymphony,['latest'],,False,False,False
hyderabad,punKtual_penny,['latest'],,False,False,False
hyderabad,rahem027,"['latest', 'top']",1.0,True,False,True
hyderabad,rav33ndra,['top'],,False,False,False
hyderabad,readit347,"['latest', 'top']",2.0,True,False,True
hyderabad,rude_miss7,['top'],,False,False,False
hyderabad,s_narayanan33,['latest'],,False,False,False
hyderabad,s_scalpel,['latest'],,False,False,False
hyderabad,saketh-28,"['latest', 'top']",,False,False,False
hyderabad,samprime534,['poster'],,False,False,False
hyderabad,scottpilgrrim,['top'],1.0,True,False,True
hyderabad,seiiicyy,['latest'],1.0,True,False,True
hyderabad,seshudabuss,['top'],0.0,True,False,False
hyderabad,srijayaharsha,['top'],,False,False,False
hyderabad,sriramthegreat,['latest'],,False,False,False
hyderabad,thatusernameisnotok,['latest'],1.0,True,False,True
hyderabad,timetraveler1990,"['latest', 'top']",8.0,True,True,True
hyderabad,urja,['latest'],,False,False,False
hyderabad,vathsa_95,['latest'],4.0,True,False,True
hyderabad,vkashy,['top'],,False,False,False
hyderabad,vnt_007,['top'],,False,False,False
hyderabad,whitewolf_here,"['latest', 'top']",1.0,True,False,True
hyderabad,yogurt_empousai,['top'],,False,False,False
hyderabad,zzipzzapppp,['latest'],,False,False,False
india,-bonkster,['top'],2.0,True,False,True
india,1tonsoprano,['top'],2.0,True,False,True
india,AXE555,['latest'],,False,False,False
india,AamPataJoraJora,['latest'],,False,False,False
india,Accomplished-Ad539,['top'],2.0,True,False,True
india,Aditii_Singh,"['latest', 'top']",,False,False,False
india,Aditya1311,"['latest', 'top']",1.0,True,False,True
india,AdorableAd5104,['top'],2.0,True,False,True
india,Aggressive-Speed-987,['latest'],,False,False,False
india,Ajay_Didier,['latest'],,False,False,False
india,AlliterationAlly,['top'],2.0,True,False,True
india,Altruistic_Sky1866,['top'],1.0,True,False,True
india,Amanitg10,['latest'],,False,False,False
india,AncientMistake4420,['top'],,False,False,False
india,AntistaticAgent,['top'],,False,False,False
india,Anurag2426,['latest'],0.0,True,False,False
india,Artistic-Tell7233,['top'],,False,False,False
india,Artistic_Ad_4473,['top'],,False,False,False
india,AssMilker9000,"['latest', 'poster']",6.0,True,True,True
india,B-Cool-,"['latest', 'top']",0.0,True,False,False
india,Bakasta0_,['top'],2.0,True,False,True
india,Bake2727,['latest'],4.0,True,False,True
india,Bed_Tundy_11,['latest'],,False,False,False
india,Bedukinjockey,['latest'],,False,False,False
india,Beginning_Caramel,"['latest', 'top']",,False,False,False
india,Bheegabhoot,['latest'],1.0,True,False,True
india,Big-Communication439,['top'],0.0,True,False,False
india,Big_Acanthaceae_6237,['latest'],,False,False,False
india,BirdWatcher_In,['latest'],0.0,True,False,False
india,BonnieACD,['top'],,False,False,False
india,Busy_Lunch_5520,['top'],2.0,True,False,True
india,CareerThis2727,['top'],2.0,True,False,True
india,Cleopatra-15,['latest'],,False,False,False
india,Clumsy-_-Phoenix,['top'],,False,False,False
india,Complete-Abroad-6176,['top'],1.0,True,False,True
india,ConstructionOdd1138,['poster'],,False,False,False
india,Cool-Bag1782,['latest'],,False,False,False
india,Crafty_Kangaroo_42,['top'],2.0,True,False,True
india,Cruzo007,['latest'],1.0,True,False,True
india,DankKid2410,['latest'],,False,False,False
india,Dense_Ask_3564,"['latest', 'top']",,False,False,False
india,DismantledChip,['latest'],,False,False,False
india,Dr_J-Bell,"['latest', 'top']",0.0,True,False,False
india,Dry_Lack_2262,"['poster', 'top']",9.0,True,True,True
india,Drymaninchill,['top'],,False,False,False
india,Due-Astronaut-1074,"['latest', 'top']",2.0,True,False,True
india,Due-Smoke8035,['top'],1.0,True,False,True
india,Easy-Banana-8893,['top'],,False,False,False
india,EmergencyCancel963,['poster'],,False,False,False
india,EsotericAlgae408,['top'],4.0,True,False,True
india,ExaminationFail25,"['latest', 'top']",4.0,True,False,True
india,ExampleAdorable5858,"['latest', 'top']",,False,False,False
india,Eziopool,['top'],,False,False,False
india,Falanadhamakaaa,['latest'],,False,False,False
india,FallPuzzleheaded1338,['top'],,False,False,False
india,FearlessMonk5400,['latest'],1.0,True,False,True
india,Fluffy-Reveal-4845,['top'],,False,False,False
india,Formal-Anything-1598,['latest'],0.0,True,False,False
india,Frosty_Seesaw_8956,"['latest', 'top']",1.0,True,False,True
india,Glass_Extension_6529,"['poster', 'top']",2.0,True,False,True
india,God_Emperor__Doom,['poster'],16.0,True,True,True
india,GoldenColossus55,['latest'],,False,False,False
india,Greedy_Enthusiasm_46,['top'],,False,False,False
india,Green-Contract-3554,['latest'],,False,False,False
india,Guilty_Tear_4477,['latest'],1.0,True,False,True
india,Gullible_Delivery492,['top'],0.0,True,False,False
india,HOLYMOTHEROFGod663,['latest'],,False,False,False
india,HalfWitty7610,['latest'],,False,False,False
india,HateBoredom,"['latest', 'top']",0.0,True,False,False
india,HateSpaceBar,['top'],2.0,True,False,True
india,Healingous_7,['top'],,False,False,False
india,Hot-Marionberry5714,['poster'],,False,False,False
india,Hot_Locksmith_962,['top'],,False,False,False
india,HungrySoul82,['latest'],,False,False,False
india,I_love_ass_69420,"['latest', 'top']",,False,False,False
india,Imaginary_Stay6905,['top'],,False,False,False
india,InternationalYou5345,['latest'],,False,False,False
india,JoeAnthony,"['latest', 'top']",2.0,True,False,True
india,Karinaakkan,"['latest', 'top']",0.0,True,False,False
india,KatAsh_In,"['latest', 'top']",0.0,True,False,False
india,Kaya3_3,['top'],,False,False,False
india,Kindly-Stop2558,"['poster', 'top']",3.0,True,False,True
india,KnowledgeEven5309,['latest'],,False,False,False
india,KrishnasFlute,['latest'],,False,False,False
india,Lamechocolate,"['latest', 'top']",,False,False,False
india,Last-Host-433,"['latest', 'top']",,False,False,False
india,LavishnessOpposite22,['top'],,False,False,False
india,Leather-Tradition482,['poster'],12.0,True,True,True
india,Low_Econ2000,['top'],,False,False,False
india,Lyx97,['top'],0.0,True,False,False
india,Maheesh_Dalla,['latest'],,False,False,False
india,MaleficentCake470,['poster'],,False,False,False
india,MaskedManiac92,['latest'],0.0,True,False,False
india,Medical-Concept-2190,"['latest', 'top']",12.0,True,True,True
india,Memostream,['poster'],,False,False,False
india,Minetish,['latest'],0.0,True,False,False
india,MostlyUnverified,['latest'],,False,False,False
india,NEEEEMKS,['latest'],,False,False,False
india,NecessaryWork3305,"['latest', 'top']",,False,False,False
india,New_Classroom_2540,['top'],,False,False,False
india,No-Strawberry7,['top'],0.0,True,False,False
india,NoGodsNoMastersOOO,"['latest', 'top']",6.0,True,True,True
india,NoIceGoGoEtcRace,['latest'],,False,False,False
india,No_Initiative6462,"['latest', 'top']",,False,False,False
india,NotSoAverageN,"['latest', 'top']",0.0,True,False,False
india,Odd_Ingenuity7763,['top'],,False,False,False
india,Ok-Amphibian-2909,['latest'],,False,False,False
india,Ok-Woodpecker-9440,"['latest', 'top']",,False,False,False
india,Ok_Cod1066,['latest'],,False,False,False
india,Old-Elk-3580,['top'],,False,False,False
india,OneAcr3,['latest'],,False,False,False
india,One_Rhubarb_788,['latest'],,False,False,False
india,Overall-Ad5565,['latest'],2.0,True,False,True
india,OzFootball,['poster'],,False,False,False
india,Paree264,['top'],2.0,True,False,True
india,PlusCardiologist1799,['top'],4.0,True,False,True
india,PresentationPutrid72,['top'],,False,False,False
india,PrimaLumiere_A1M,['top'],,False,False,False
india,Prudent-Farmer-4182,['top'],1.0,True,False,True
india,Quiet_Form_2800,['poster'],0.0,True,False,False
india,Ragnarok_619,['latest'],2.0,True,False,True
india,RamenWithChutney,['poster'],,False,False,False
india,RationalPsycho42,['top'],2.0,True,False,True
india,ReadIt_Here,['top'],2.0,True,False,True
india,RevolutionaryDebt170,['latest'],,False,False,False
india,RevolutionaryFig9437,['top'],2.0,True,False,True
india,SEC_intern_,['top'],,False,False,False
india,SentientForNow,['top'],,False,False,False
india,Separate_Mortgage_42,['top'],,False,False,False
india,Sharp_Action_4015,['latest'],,False,False,False
india,ShibamKarmakar,"['latest', 'top']",0.0,True,False,False
india,Shreya_J,['latest'],,False,False,False
india,Sierra-117-Mobile,['latest'],,False,False,False
india,Silly-Twist993,['top'],1.0,True,False,True
india,Skyloxifier,['top'],,False,False,False
india,SnooSprouts6610,"['latest', 'top']",0.0,True,False,False
india,SpecialOil1341,"['poster', 'top']",6.0,True,True,True
india,Successful-Essay-755,['latest'],0.0,True,False,False
india,Sunnysideup1311,['top'],,False,False,False
india,Supergrass0172,['latest'],0.0,True,False,False
india,Sweaty_Explorer_8441,['latest'],1.0,True,False,True
india,TheShinChanFan778,['poster'],,False,False,False
india,Throwaway18409199,['latest'],,False,False,False
india,Turbulent_Writing834,['latest'],4.0,True,False,True
india,UnawakenedBuddha,"['latest', 'top']",0.0,True,False,False
india,Unusual_Web4431,['latest'],1.0,True,False,True
india,Upbeat-Evidence-2874,['latest'],,False,False,False
india,Usual-Method-4790,"['latest', 'top']",,False,False,False
india,Variable_Required,['top'],,False,False,False
india,VastCryptographer980,['latest'],0.0,True,False,False
india,Vegetable_Captain886,['poster'],,False,False,False
india,Virat__Kohli,['latest'],,False,False,False
india,Visible-Program8411,['top'],,False,False,False
india,Vortexsy,['latest'],0.0,True,False,False
india,Wachkuss,['top'],0.0,True,False,False
india,Warm-Geologist001,['top'],2.0,True,False,True
india,Whole-Pristine,"['latest', 'top']",,False,False,False
india,Wise-Lecture-9220,"['latest', 'top']",2.0,True,False,True
india,WorkSmooth404,['top'],,False,False,False
india,Yournewbestfriend_01,['poster'],12.0,True,True,True
india,YuYuWiWi,['latest'],0.0,True,False,False
india,Zaron_467,['latest'],0.0,True,False,False
india,_Floydimus,"['poster', 'top']",8.0,True,True,True
india,_MSdhoni_7,['top'],4.0,True,False,True
india,_Tan___,"['latest', 'top']",0.0,True,False,False
india,_anurag_singh,['latest'],0.0,True,False,False
india,aclumsypotato,['latest'],,False,False,False
india,aftrunner,['top'],,False,False,False
india,anamethatisnotaname,['top'],0.0,True,False,False
india,applesheep223,"['latest', 'top']",,False,False,False
india,benjacob,['latest'],0.0,True,False,False
india,better__guy,['top'],,False,False,False
india,bhodrolok,['latest'],12.0,True,True,True
india,cadbury1106,['latest'],2.0,True,False,True
india,cheeseburgerwalrus22,['latest'],,False,False,False
india,cosmogli,['latest'],,False,False,False
india,d1andonly,"['latest', 'top']",0.0,True,False,False
india,darwinevo,['latest'],1.0,True,False,True
india,doctorr__Doom,['poster'],12.0,True,True,True
india,doihavesoul,['top'],,False,False,False
india,domnick142ki,['latest'],,False,False,False
india,erixx_19,['top'],,False,False,False
india,finally_free234,"['latest', 'poster', 'top']",2.0,True,False,True
india,firesnake412,['latest'],4.0,True,False,True
india,freddledgruntbugly,"['latest', 'poster', 'top']",,False,False,False
india,godblessthegays,['poster'],8.0,True,True,True
india,have-to,['top'],0.0,True,False,False
india,heisenberg_rk,['top'],,False,False,False
india,hell_storm2004,['latest'],0.0,True,False,False
india,honeydoodh,['latest'],,False,False,False
india,huge-Demon,['latest'],,False,False,False
india,i__m__batman,['top'],,False,False,False
india,iamparbonaaa,['latest'],0.0,True,False,False
india,impish_kid,['top'],,False,False,False
india,itsVinay,['latest'],3.0,True,False,True
india,jawisko,['latest'],1.0,True,False,True
india,joy74,"['latest', 'top']",6.0,True,True,True
india,kaachabadaam,['top'],4.0,True,False,True
india,kaneki_sasaki,['latest'],0.0,True,False,False
india,karanChan,"['latest', 'top']",0.0,True,False,False
india,krakends,['top'],0.0,True,False,False
india,leelaa_thomas,"['latest', 'top']",,False,False,False
india,lostwisdom20,['top'],2.0,True,False,True
india,maihoonaa,"['latest', 'top']",0.0,True,False,False
india,majime_11,['latest'],0.0,True,False,False
india,mama_ooOOooO,"['latest', 'top']",1.0,True,False,True
india,meemboy,['latest'],0.0,True,False,False
india,missedOpportunity343,['latest'],,False,False,False
india,mrdrinksonme,['top'],4.0,True,False,True
india,mumbaiblues,"['latest', 'poster', 'top']",8.0,True,True,True
india,myhotel2025,['latest'],,False,False,False
india,nvmnit,['latest'],0.0,True,False,False
india,ohwhatfollyisman,"['latest', 'top']",2.0,True,False,True
india,pagewans,['latest'],,False,False,False
india,partly_wave,['top'],,False,False,False
india,pashchimrailway,"['latest', 'top']",,False,False,False
india,people_are_silly,['top'],,False,False,False
india,predator9494,['latest'],1.0,True,False,True
india,pulchritudinous_luos,['latest'],4.0,True,False,True
india,pyad4,"['latest', 'top']",0.0,True,False,False
india,rbp25,['latest'],,False,False,False
india,rekt73,['latest'],,False,False,False
india,rmsprs,['top'],,False,False,False
india,sad_0077,['top'],,False,False,False
india,safe-cell-3441,['latest'],,False,False,False
india,sas8184,['top'],4.0,True,False,True
india,sass-n-wine,['latest'],2.0,True,False,True
india,shailendronCooparan,['latest'],2.0,True,False,True
india,sharedevaaste,['poster'],9.0,True,True,True
india,skaduush,['top'],0.0,True,False,False
india,sonashine9,['top'],2.0,True,False,True
india,sputnik1776,"['latest', 'poster', 'top']",,False,False,False
india,suhanibhandari,"['latest', 'top']",,False,False,False
india,syd_imuh-duh,['latest'],0.0,True,False,False
india,tadxb,['latest'],0.0,True,False,False
india,techno848,['latest'],,False,False,False
india,tera_chachu,"['latest', 'top']",4.0,True,False,True
india,thegreatking2025,"['latest', 'top']",1.0,True,False,True
india,tilixr,['top'],0.0,True,False,False
india,traditional_ant_56,['top'],,False,False,False
india,turtledoveangel_3,['latest'],0.0,True,False,False
india,usso_122,['latest'],,False,False,False
india,vanillastrawberry7,['top'],,False,False,False
india,watamote99,['latest'],2.0,True,False,True
india,wetbhai,['latest'],2.0,True,False,True
india,yashg,['top'],3.0,True,False,True
india,yashvone,['latest'],1.0,True,False,True
indiameme,-Dr_Anonymous-,['top'],,False,False,False
indiameme,-ENDLESSNIGHT,['latest'],,False,False,False
indiameme,5MilfsmoreSpills,"['latest', 'top']",,False,False,False
indiameme,AaaaduThoma,"['latest', 'top']",2.0,True,False,True
indiameme,Accomplished_Sky7353,['top'],,False,False,False
indiameme,Accurate_Concert320,['top'],,False,False,False
indiameme,AdWitty97,['latest'],,False,False,False
indiameme,Affectionate-Ball-35,['top'],1.0,True,False,True
indiameme,Alive-Brother01,['top'],,False,False,False
indiameme,AlooParathewithcum,"['latest', 'top']",4.0,True,False,True
indiameme,Amit_1996,['latest'],,False,False,False
indiameme,An0neemuz,"['latest', 'top']",1.0,True,False,True
indiameme,Anjalii_verma,['latest'],,False,False,False
indiameme,Any-Individual5262,['top'],2.0,True,False,True
indiameme,Apprehensive-Pick172,['latest'],,False,False,False
indiameme,Aqdasxain,['latest'],,False,False,False
indiameme,Athiest-proletariat,['latest'],2.0,True,False,True
indiameme,Aware-Adman,['top'],0.0,True,False,False
indiameme,B-L-A-N-K-S-P-A-C-E,['poster'],0.0,True,False,False
indiameme,Beginning-Smoke-2486,"['latest', 'top']",,False,False,False
indiameme,Beginning-Willow3840,['latest'],,False,False,False
indiameme,Being_Prats,['latest'],0.0,True,False,False
indiameme,BeyondCraft,['latest'],,False,False,False
indiameme,Bigus_dickus_the_1st,['top'],1.0,True,False,True
indiameme,BihariBabua,['latest'],1.0,True,False,True
indiameme,Bing33chandler,['top'],,False,False,False
indiameme,BlueLabel19,['latest'],0.0,True,False,False
indiameme,Calm-Friendship-5837,['poster'],,False,False,False
indiameme,Capital-Ad7787,['latest'],,False,False,False
indiameme,ChampionLife5205,['top'],4.0,True,False,True
indiameme,Chemical-Note-6387,['latest'],,False,False,False
indiameme,ClassicBanana32,['top'],,False,False,False
indiameme,Cold-Journalist-7662,"['latest', 'top']",1.0,True,False,True
indiameme,Competitive_Spend_77,"['latest', 'top']",4.0,True,False,True
indiameme,Consistent_Pay_2395,['top'],,False,False,False
indiameme,Content_Ideal_9309,['top'],,False,False,False
indiameme,DARRKNIIGHT,['latest'],4.0,True,False,True
indiameme,Dahijalebi20,"['latest', 'poster', 'top']",16.0,True,True,True
indiameme,DarkVenom7,['top'],,False,False,False
indiameme,DesiHot_Mommy,"['latest', 'top']",,False,False,False
indiameme,DevelopmentPure1813,"['latest', 'top']",,False,False,False
indiameme,Diligent_Worth9440,"['latest', 'top']",,False,False,False
indiameme,Distinct-Spell-5554,['latest'],0.0,True,False,False
indiameme,Downtown-soulfish,['latest'],,False,False,False
indiameme,DryFix4204,['top'],,False,False,False
indiameme,Due_Opportunity_2770,['top'],,False,False,False
indiameme,DullDragonfly896,['top'],,False,False,False
indiameme,Electrical-Face-9291,['latest'],,False,False,False
indiameme,Electronic-Koala1082,['latest'],1.0,True,False,True
indiameme,Evening-Scholar-7761,"['latest', 'top']",,False,False,False
indiameme,EvidenceInfinite7161,['top'],,False,False,False
indiameme,Existing_Quote_1965,"['latest', 'top']",12.0,True,True,True
indiameme,ExpressionPrevious14,['latest'],0.0,True,False,False
indiameme,Fantastic-Ebb14,['top'],2.0,True,False,True
indiameme,Few-Series-5293,['top'],,False,False,False
indiameme,Flaky-Employer266,['latest'],,False,False,False
indiameme,Forsaken-Big-2561,['top'],,False,False,False
indiameme,FreshPound7111,['top'],,False,False,False
indiameme,GardenWild6543,"['latest', 'poster', 'top']",,False,False,False
indiameme,Gineet,['latest'],,False,False,False
indiameme,Glad-Bridge-3816,['latest'],,False,False,False
indiameme,GlitteringHotel8383,['poster'],,False,False,False
indiameme,GlobalChemical4943,['poster'],,False,False,False
indiameme,GujjubhaiPatel707,['top'],,False,False,False
indiameme,H-Jazzz,['latest'],,False,False,False
indiameme,HelplessMyself,['top'],2.0,True,False,True
indiameme,Herojit_s,['top'],0.0,True,False,False
indiameme,Ho-ho-hosey,"['latest', 'top']",1.0,True,False,True
indiameme,Hola_Como_Estass,['latest'],,False,False,False
indiameme,Honda-Activa-125,['top'],2.0,True,False,True
indiameme,HopefullyLon,['latest'],1.0,True,False,True
indiameme,HotEnthusiasm4124,['latest'],0.0,True,False,False
indiameme,ICanBeYourFlashlight,['latest'],1.0,True,False,True
indiameme,IEATCATTOS,"['latest', 'top']",,False,False,False
indiameme,IcyConcern01,['latest'],,False,False,False
indiameme,Imaginary-Proof-3342,['latest'],,False,False,False
indiameme,ImmediateJacket9502,['latest'],1.0,True,False,True
indiameme,Impossible-Animator6,['latest'],0.0,True,False,False
indiameme,InfernoSub,['top'],,False,False,False
indiameme,Infinite_Sky1898,['top'],,False,False,False
indiameme,Intelligent-Metal660,['latest'],8.0,True,True,True
indiameme,Jaded_Baker_9992,"['latest', 'top']",,False,False,False
indiameme,Jazzlike_Ad_8539,['latest'],,False,False,False
indiameme,JokerExo,['latest'],0.0,True,False,False
indiameme,Jumpy_Description_84,['latest'],,False,False,False
indiameme,Just-Island-840,['top'],,False,False,False
indiameme,KALIA_KEEDAinshortKK,['top'],3.0,True,False,True
indiameme,Karinaakkan,"['latest', 'top']",0.0,True,False,False
indiameme,KrishPateI,['top'],,False,False,False
indiameme,Lasun_Phataka,['latest'],,False,False,False
indiameme,Lill_Leader,['top'],1.0,True,False,True
indiameme,Live_Current3810,['latest'],,False,False,False
indiameme,Lonely-Ordinary1478,['poster'],12.0,True,True,True
indiameme,Lost_In_Limits,['latest'],,False,False,False
indiameme,LowAccomplished801,['top'],,False,False,False
indiameme,MEErinta,['top'],,False,False,False
indiameme,Maximum_Push_7558,"['latest', 'top']",,False,False,False
indiameme,Medical-Concept-2190,"['latest', 'poster', 'top']",12.0,True,True,True
indiameme,Medium-Advantage9219,['latest'],0.0,True,False,False
indiameme,MindGold24,['latest'],0.0,True,False,False
indiameme,MysticAscendant,['top'],,False,False,False
indiameme,NoGodsNoMastersOOO,['top'],6.0,True,True,True
indiameme,No_Ferret2216,['latest'],0.0,True,False,False
indiameme,NovelFolk,['latest'],,False,False,False
indiameme,OIC_I_AM_FOOL,['latest'],,False,False,False
indiameme,Obvious_Support223,"['latest', 'top']",4.0,True,False,True
indiameme,Odd_Treat_9225,"['poster', 'top']",0.0,True,False,False
indiameme,Ok-Bumblebee-4389,['latest'],,False,False,False
indiameme,Ok_Voice_659,"['latest', 'top']",,False,False,False
indiameme,OldIntroduction2909,"['latest', 'top']",,False,False,False
indiameme,Original_Pause_1558,['poster'],,False,False,False
indiameme,Paranoid_Paradigm18,['latest'],,False,False,False
indiameme,PepsiBrandAmbassador,['top'],0.0,True,False,False
indiameme,Perfect-Seat539,['latest'],,False,False,False
indiameme,PhilosopherUseful249,"['latest', 'top']",2.0,True,False,True
indiameme,Piafection_xxxx,['top'],,False,False,False
indiameme,PleasantBus5583,['poster'],8.0,True,True,True
indiameme,Positive_Prior_5450,['top'],,False,False,False
indiameme,Potential_Cry_4089,"['latest', 'top']",0.0,True,False,False
indiameme,Prize_Economy_9697,['latest'],,False,False,False
indiameme,Pro-Creative,['top'],,False,False,False
indiameme,Professional-Run3614,['latest'],,False,False,False
indiameme,ProudSir7066,['top'],,False,False,False
indiameme,PsychologyWeary4156,"['latest', 'top']",,False,False,False
indiameme,Puzzleheaded-Half290,"['latest', 'top']",1.0,True,False,True
indiameme,ReadIt_Here,['latest'],2.0,True,False,True
indiameme,Realistic_Pajama,['latest'],1.0,True,False,True
indiameme,Reasonable_Tone4813,['top'],,False,False,False
indiameme,Remarkable_Buy4591,['top'],1.0,True,False,True
indiameme,Rich_Blueberry6604,['latest'],,False,False,False
indiameme,Rog652,['latest'],2.0,True,False,True
indiameme,Sad_Effective_1987,['poster'],,False,False,False
indiameme,Safe-Rise-4790,['top'],3.0,True,False,True
indiameme,Scared-Position-9208,['latest'],,False,False,False
indiameme,Sea-Huckleberry-2880,['latest'],1.0,True,False,True
indiameme,Sea_Paramedic7392,"['latest', 'top']",,False,False,False
indiameme,Secret_Buy4712,"['latest', 'top']",,False,False,False
indiameme,ShatPumba,['latest'],,False,False,False
indiameme,Shroomlight_arting,['latest'],,False,False,False
indiameme,Silver-Yoghurt1870,['top'],,False,False,False
indiameme,Socially_Dead_JB_285,['latest'],0.0,True,False,False
indiameme,Spare-Mango6531,['latest'],,False,False,False
indiameme,StentRider,['latest'],,False,False,False
indiameme,Step-Sysadmin,['latest'],,False,False,False
indiameme,Still-Chocolate7168,['poster'],,False,False,False
indiameme,Strange-Shower-6214,['poster'],,False,False,False
indiameme,Substantial-Run-5748,['latest'],1.0,True,False,True
indiameme,SuperbHealth5023,['poster'],8.0,True,True,True
indiameme,Sushigolu,['top'],0.0,True,False,False
indiameme,SweetuRasmalai,['top'],4.0,True,False,True
indiameme,Swimming-Try-5816,['top'],2.0,True,False,True
indiameme,Theseus987,['top'],0.0,True,False,False
indiameme,Tight-Switch819,['top'],,False,False,False
indiameme,Time-Candidate-2007,['latest'],,False,False,False
indiameme,Time-Peace7,['latest'],,False,False,False
indiameme,TipPretend4569,['top'],,False,False,False
indiameme,Top-Durian-2119,"['latest', 'top']",,False,False,False
indiameme,TopConcentrate8484,['top'],3.0,True,False,True
indiameme,Tricky-Program5599,['top'],,False,False,False
indiameme,Turbulent-Mark712,['latest'],,False,False,False
indiameme,Typical-Map-752,"['latest', 'top']",,False,False,False
indiameme,UdtaTeer420,['poster'],0.0,True,False,False
indiameme,Vegetable-Trust-9847,['latest'],2.0,True,False,True
indiameme,Visual-Efficiency549,['latest'],,False,False,False
indiameme,Weekly_Theory5724,"['latest', 'top']",0.0,True,False,False
indiameme,Which-Cartographer93,['top'],4.0,True,False,True
indiameme,Whole_Stage2812,['top'],,False,False,False
indiameme,WittyBoysenberry9860,['top'],,False,False,False
indiameme,Worth_Ground1609,['poster'],,False,False,False
indiameme,Wrong-Ad3040,['top'],,False,False,False
indiameme,Ykayyyyy,['poster'],,False,False,False
indiameme,YogurtclosetLeast230,['top'],,False,False,False
indiameme,Yourxmp4,['latest'],,False,False,False
indiameme,Zealousideal_Use_420,['top'],,False,False,False
indiameme,Zephyrs_23,['latest'],,False,False,False
indiameme,ZeroFrogsGiven,['top'],,False,False,False
indiameme,_Floydimus,['latest'],8.0,True,True,True
indiameme,_abhishek_pandey_,['top'],0.0,True,False,False
indiameme,_marlowe_,['top'],,False,False,False
indiameme,alag_hu,['top'],,False,False,False
indiameme,amol_EcoCentric,['poster'],,False,False,False
indiameme,amor_e,"['latest', 'top']",,False,False,False
indiameme,ange-na-gatram,['top'],4.0,True,False,True
indiameme,awaishssn,['latest'],1.0,True,False,True
indiameme,ayewhy2407,['top'],2.0,True,False,True
indiameme,b1p1nkumar,['latest'],3.0,True,False,True
indiameme,bash2482,['latest'],6.0,True,True,True
indiameme,bhakk_saale,"['latest', 'top']",,False,False,False
indiameme,brobiski,['top'],0.0,True,False,False
indiameme,cadeolx,"['poster', 'top']",,False,False,False
indiameme,ciao-adios,"['latest', 'top']",12.0,True,True,True
indiameme,conarDsilva,"['latest', 'top']",0.0,True,False,False
indiameme,dashutsu,['top'],,False,False,False
indiameme,daydreaming_ocder,['top'],,False,False,False
indiameme,deepudhokla,['top'],0.0,True,False,False
indiameme,demon_king_700,['latest'],1.0,True,False,True
indiameme,devdevours,"['latest', 'top']",,False,False,False
indiameme,dipsylocus,['latest'],,False,False,False
indiameme,doolpicate,['top'],4.0,True,False,True
indiameme,drlazy098,['top'],,False,False,False
indiameme,edeshkumar3,['latest'],1.0,True,False,True
indiameme,epixyll,['latest'],,False,False,False
indiameme,find_a_rare_uuid,"['latest', 'top']",12.0,True,True,True
indiameme,freya_aurora,['latest'],0.0,True,False,False
indiameme,funn_cactus,['poster'],,False,False,False
indiameme,gurningwanker,"['latest', 'top']",1.0,True,False,True
indiameme,hahehihohu7,['latest'],0.0,True,False,False
indiameme,high_duck1,['latest'],1.0,True,False,True
indiameme,hrane19,['top'],,False,False,False
indiameme,hsg8,['latest'],0.0,True,False,False
indiameme,hydiBiryani,['top'],2.0,True,False,True
indiameme,i_bang_106,['latest'],,False,False,False
indiameme,iamrrritesh,['latest'],,False,False,False
indiameme,idiot100688,"['latest', 'top']",,False,False,False
indiameme,idiotamongidiots,['latest'],,False,False,False
indiameme,ishu_reddit,['top'],,False,False,False
indiameme,jeetendraprasad,['latest'],1.0,True,False,True
indiameme,juryisskillout,"['latest', 'top']",1.0,True,False,True
indiameme,just_call_me_n_u,['top'],0.0,True,False,False
indiameme,kalinooni,['poster'],16.0,True,True,True
indiameme,kholeChature,['top'],12.0,True,True,True
indiameme,killbear123,['top'],1.0,True,False,True
indiameme,killerdrama,['top'],0.0,True,False,False
indiameme,killmealready6769,['top'],,False,False,False
indiameme,kool-krazy,['top'],2.0,True,False,True
indiameme,l1consolable,['latest'],2.0,True,False,True
indiameme,lemmelearnlol,['top'],2.0,True,False,True
indiameme,loatzu_786,['poster'],,False,False,False
indiameme,luxie_mart,['poster'],,False,False,False
indiameme,masaledaar_boobies,['latest'],,False,False,False
indiameme,mathnerd271828,['top'],1.0,True,False,True
indiameme,midnightsega,['poster'],,False,False,False
indiameme,monk5814,['poster'],,False,False,False
indiameme,munchkinkitten03,['latest'],,False,False,False
indiameme,musci12234,['latest'],1.0,True,False,True
indiameme,nandanprakash,['poster'],,False,False,False
indiameme,navjan13,['top'],0.0,True,False,False
indiameme,neel23s,"['latest', 'top']",,False,False,False
indiameme,nik-329,['top'],6.0,True,True,True
indiameme,onelifeCoder,['top'],4.0,True,False,True
indiameme,orangehunter69,['latest'],,False,False,False
indiameme,p000l,['latest'],,False,False,False
indiameme,pebblefishy,['top'],,False,False,False
indiameme,pixworm,['top'],2.0,True,False,True
indiameme,pratik-10,['top'],,False,False,False
indiameme,pshychopath_,"['poster', 'top']",,False,False,False
indiameme,re_DQ_lus,['latest'],,False,False,False
indiameme,redhood_007,['latest'],,False,False,False
indiameme,rootlogger_v,['latest'],,False,False,False
indiameme,rounak_1110,['top'],,False,False,False
indiameme,ruined-mind,['latest'],,False,False,False
indiameme,sakshm18,['latest'],,False,False,False
indiameme,sayonara444,['top'],,False,False,False
indiameme,seedhibaatnobakwass,['top'],4.0,True,False,True
indiameme,shakebaba,"['latest', 'top']",,False,False,False
indiameme,sistine234,"['latest', 'top']",,False,False,False
indiameme,spd_47,['latest'],2.0,True,False,True
indiameme,spirit101_gg,['latest'],8.0,True,True,True
indiameme,torsadesdespointless,['top'],,False,False,False
indiameme,veditaa_hu_yawr,"['latest', 'top']",,False,False,False
indiameme,z3r0_se7en,"['latest', 'poster']",4.0,True,False,True
indiansports,-Borgir,['top'],0.0,True,False,False
indiansports,90-Thorium-232,"['latest', 'top']",1.0,True,False,True
indiansports,AdThink3943,['top'],,False,False,False
indiansports,Additional_Echo882,['top'],2.0,True,False,True
indiansports,Admirable-Screen2238,['top'],2.0,True,False,True
indiansports,AloVeraaa,['top'],,False,False,False
indiansports,Apprehensive_Bite109,"['latest', 'top']",1.0,True,False,True
indiansports,ArtemisNyxAte,['latest'],,False,False,False
indiansports,Aryanxd_x,['top'],,False,False,False
indiansports,AverageBrownGuy01,"['latest', 'poster', 'top']",0.0,True,False,False
indiansports,Basic-Afternoon-3876,"['latest', 'top']",,False,False,False
indiansports,BasicErgonomics,['top'],0.0,True,False,False
indiansports,CROYL23,['latest'],0.0,True,False,False
indiansports,Calm_Sea_3008,['latest'],0.0,True,False,False
indiansports,CharismaticConqueror,"['latest', 'top']",4.0,True,False,True
indiansports,Choice_Neat_8626,"['poster', 'top']",0.0,True,False,False
indiansports,CompetitiveAide6264,['latest'],,False,False,False
indiansports,Competitive_Till2622,['top'],0.0,True,False,False
indiansports,Consistent-Travel-93,"['latest', 'top']",,False,False,False
indiansports,Curious-Jelly-1641,['top'],,False,False,False
indiansports,Dark_2Dragon,['top'],0.0,True,False,False
indiansports,Data-CHOR-365,"['latest', 'top']",2.0,True,False,True
indiansports,Decent-Chipmunk5434,"['latest', 'top']",1.0,True,False,True
indiansports,DeenaMatne,"['latest', 'top']",,False,False,False
indiansports,Derian23,"['latest', 'top']",6.0,True,True,True
indiansports,Different_Earth6310,"['latest', 'top']",2.0,True,False,True
indiansports,Different_Rutabaga32,['latest'],0.0,True,False,False
indiansports,DistributionSea6838,['top'],0.0,True,False,False
indiansports,Dizzy_Cobbler_3493,['latest'],,False,False,False
indiansports,Dortmundfan831,['top'],,False,False,False
indiansports,Due-Newspaper-9999,['latest'],0.0,True,False,False
indiansports,Economy-Wall-6744,['top'],0.0,True,False,False
indiansports,Economy_Base2479,['latest'],,False,False,False
indiansports,Educational-Film-920,['top'],,False,False,False
indiansports,Efficient_Fly_9232,['latest'],2.0,True,False,True
indiansports,Electronic_Quail_196,['top'],1.0,True,False,True
indiansports,Far-Shock2004,"['latest', 'top']",,False,False,False
indiansports,Far-Tomato-4775,['latest'],,False,False,False
indiansports,Feeling_Loss2429,['top'],,False,False,False
indiansports,FocusedAG,['top'],4.0,True,False,True
indiansports,Fuzzy-Jackfruit5037,"['latest', 'top']",,False,False,False
indiansports,General_Stretch_1402,['top'],,False,False,False
indiansports,Goodguy2675,['latest'],0.0,True,False,False
indiansports,GrabOk4101,['latest'],,False,False,False
indiansports,Griffindor-69,['top'],,False,False,False
indiansports,Happyranger265,['top'],1.0,True,False,True
indiansports,Hey_ItsmeAryaman,['top'],,False,False,False
indiansports,Hour-Professional526,['latest'],0.0,True,False,False
indiansports,HungryWar1630,"['latest', 'top']",,False,False,False
indiansports,IFrogbonesProton,"['latest', 'top']",2.0,True,False,True
indiansports,Imaginary_Cook7461,['latest'],,False,False,False
indiansports,InboxGhost,['poster'],2.0,True,False,True
indiansports,IndianHighLights,"['poster', 'top']",0.0,True,False,False
indiansports,Inevitable-Ranger534,"['latest', 'top']",0.0,True,False,False
indiansports,Inner_Fan_001,['latest'],,False,False,False
indiansports,InternationalMud7184,['poster'],3.0,True,False,True
indiansports,Junior-Ad-133,['top'],0.0,True,False,False
indiansports,Key-Toe-6257,['latest'],0.0,True,False,False
indiansports,Key_Selection6302,"['latest', 'top']",,False,False,False
indiansports,Kingof-Ducks,"['poster', 'top']",0.0,True,False,False
indiansports,Krokrr,['latest'],2.0,True,False,True
indiansports,LogicalSerendipity,['latest'],,False,False,False
indiansports,Loose-Young8677,['top'],1.0,True,False,True
indiansports,Low-Introduction-973,['latest'],,False,False,False
indiansports,Mammoth-Sun-7980,['top'],,False,False,False
indiansports,Man_of_Mystery_2819,['latest'],1.0,True,False,True
indiansports,Mediocre-Fold-840,['latest'],,False,False,False
indiansports,Mocha_Phantom,['top'],2.0,True,False,True
indiansports,Murim_Overlord,['latest'],0.0,True,False,False
indiansports,MysteriousSpaceMan,['latest'],2.0,True,False,True
indiansports,Nervous_Signature263,['top'],,False,False,False
indiansports,NewMeNewWorld,['latest'],1.0,True,False,True
indiansports,NewWheelView,['latest'],2.0,True,False,True
indiansports,No-History1880,['latest'],0.0,True,False,False
indiansports,Numerous-Vehicle734,"['latest', 'poster']",,False,False,False
indiansports,Objective_Push5126,['top'],,False,False,False
indiansports,Objective_Stranger15,['top'],2.0,True,False,True
indiansports,Ok-Fudge-8850,['top'],,False,False,False
indiansports,Ok_Pineapple_9534,"['latest', 'top']",0.0,True,False,False
indiansports,Ok_Pop1201,['top'],,False,False,False
indiansports,Ok_Priority7746,['latest'],,False,False,False
indiansports,OppositeVegetable884,['latest'],,False,False,False
indiansports,Outlander_TB,['top'],2.0,True,False,True
indiansports,Own_Barracuda3588,['top'],1.0,True,False,True
indiansports,PM_2310,"['latest', 'top']",,False,False,False
indiansports,Playful-Fix582,['latest'],,False,False,False
indiansports,Practical-Lead6608,['latest'],3.0,True,False,True
indiansports,Pre-yunk,"['latest', 'top']",,False,False,False
indiansports,Prestigious-Pen-5336,"['latest', 'top']",,False,False,False
indiansports,PrestigiousRule9549,"['latest', 'top']",1.0,True,False,True
indiansports,Prozium243,['top'],2.0,True,False,True
indiansports,RabbitCity6090,['latest'],1.0,True,False,True
indiansports,Rare-Ad6085,"['latest', 'top']",2.0,True,False,True
indiansports,Reasonable_Sample_40,['latest'],4.0,True,False,True
indiansports,Recyclebin32,['top'],,False,False,False
indiansports,Redittor_53,['latest'],12.0,True,True,True
indiansports,Regular_Spite_5008,['latest'],,False,False,False
indiansports,RemoveExtension8910,"['latest', 'top']",,False,False,False
indiansports,RevolutionaryTap2512,"['latest', 'top']",0.0,True,False,False
indiansports,Rishit1501,['latest'],,False,False,False
indiansports,Samarium_15,['top'],2.0,True,False,True
indiansports,Sanayam31,['latest'],,False,False,False
indiansports,SandhuG,['top'],2.0,True,False,True
indiansports,SeaLow3024,['latest'],3.0,True,False,True
indiansports,SeaworthinessLost984,['latest'],0.0,True,False,False
indiansports,Self_sabotage2082,"['latest', 'top']",0.0,True,False,False
indiansports,Sensitive_Mess2423,"['latest', 'top']",,False,False,False
indiansports,Sharp-Cartoonist-866,['latest'],0.0,True,False,False
indiansports,Shawdemption007,"['latest', 'top']",,False,False,False
indiansports,Shroft,"['latest', 'poster']",8.0,True,True,True
indiansports,Significant-View8743,['top'],4.0,True,False,True
indiansports,Specialist_Pain_8691,['latest'],,False,False,False
indiansports,Spirited-Dimension54,['top'],,False,False,False
indiansports,Srishdev,['latest'],0.0,True,False,False
indiansports,Strange_Drive_6598,['latest'],2.0,True,False,True
indiansports,SuperfluousMainMan,['top'],1.0,True,False,True
indiansports,Suspicious-Yellow-53,['top'],,False,False,False
indiansports,TheGhostRider0903,['top'],,False,False,False
indiansports,TheSportsgramIndia,['poster'],,False,False,False
indiansports,TomorrowOpposite8496,['latest'],,False,False,False
indiansports,TouchPractical2241,['top'],,False,False,False
indiansports,Travlgeek,['top'],,False,False,False
indiansports,Unlikely_Hat7784,['latest'],,False,False,False
indiansports,Used-Air-7740,['top'],1.0,True,False,True
indiansports,Useful-Creme8657,"['latest', 'top']",,False,False,False
indiansports,ValueZERO,['top'],,False,False,False
indiansports,Vaushington,['latest'],,False,False,False
indiansports,Vay32,"['poster', 'top']",3.0,True,False,True
indiansports,Visible_Event_4598,"['latest', 'top']",2.0,True,False,True
indiansports,West_Future326,"['latest', 'top']",6.0,True,True,True
indiansports,Who-The-Fuck-Is-Duck,['latest'],,False,False,False
indiansports,WillingnessOpen6568,['top'],,False,False,False
indiansports,Zestyclose-Study-284,"['latest', 'top']",,False,False,False
indiansports,acethecool1,['latest'],2.0,True,False,True
indiansports,adanga007,['latest'],,False,False,False
indiansports,aditya_patnaik_,['poster'],,False,False,False
indiansports,afridinho,['latest'],,False,False,False
indiansports,agarys_01,"['latest', 'top']",,False,False,False
indiansports,asg2222,"['latest', 'top']",,False,False,False
indiansports,aweap,['latest'],1.0,True,False,True
indiansports,bob-thesnob,"['latest', 'top']",0.0,True,False,False
indiansports,bonkers-joeMama,"['latest', 'top']",1.0,True,False,True
indiansports,boots_the_barbarian,['top'],1.0,True,False,True
indiansports,ccr87315,"['latest', 'top']",0.0,True,False,False
indiansports,dal_khichadi,"['poster', 'top']",4.0,True,False,True
indiansports,dasgoodshitinnit,['latest'],0.0,True,False,False
indiansports,fake_account_98211,['top'],2.0,True,False,True
indiansports,hampsten,"['latest', 'top']",,False,False,False
indiansports,ideallypragmaticmann,['top'],,False,False,False
indiansports,iisagoat,['latest'],,False,False,False
indiansports,imsaurabh3,['top'],1.0,True,False,True
indiansports,indiansports-ModTeam,['latest'],,False,False,False
indiansports,islander_guy,"['latest', 'top']",2.0,True,False,True
indiansports,ismailkl,['latest'],,False,False,False
indiansports,jackkirbyisgod,['latest'],0.0,True,False,False
indiansports,juryisskillout,['latest'],1.0,True,False,True
indiansports,karenproletaren,['top'],0.0,True,False,False
indiansports,kingbradley1297,['top'],1.0,True,False,True
indiansports,leomesi-goat,['latest'],,False,False,False
indiansports,madhurima5,['latest'],2.0,True,False,True
indiansports,majime_11,['top'],0.0,True,False,False
indiansports,meta-morpho-magus,['latest'],,False,False,False
indiansports,mna9,"['latest', 'top']",0.0,True,False,False
indiansports,nawap,"['latest', 'top']",0.0,True,False,False
indiansports,oldlostschizo,['top'],1.0,True,False,True
indiansports,prb_data,"['latest', 'top']",,False,False,False
indiansports,racingcar85,"['latest', 'top']",,False,False,False
indiansports,refusestonamethyself,['top'],2.0,True,False,True
indiansports,rohitnair87,['top'],0.0,True,False,False
indiansports,rtz_c,"['latest', 'top']",,False,False,False
indiansports,runBalboa,['latest'],,False,False,False
indiansports,rushan3103,['top'],2.0,True,False,True
indiansports,saliansuhas,['latest'],,False,False,False
indiansports,saltycucumber69,['top'],,False,False,False
indiansports,samarth678,['latest'],1.0,True,False,True
indiansports,saran_z7,['latest'],,False,False,False
indiansports,schowdur123,['latest'],,False,False,False
indiansports,shankaro,['top'],,False,False,False
indiansports,silverMCakshar,['top'],,False,False,False
indiansports,sleepdeprivedindian,['top'],2.0,True,False,True
indiansports,smoothskinner,['latest'],0.0,True,False,False
indiansports,sunnywayne,['latest'],,False,False,False
indiansports,synapticspicules,"['latest', 'top']",,False,False,False
indiansports,theanonymoussking,['latest'],16.0,True,True,True
indiansports,thisaintyouravgstonk,['latest'],0.0,True,False,False
indiansports,tj9429,"['latest', 'top']",,False,False,False
indiansports,tocra,['top'],4.0,True,False,True
indiansports,tom234878,"['latest', 'top']",,False,False,False
indiansports,urghyuck,['latest'],,False,False,False
indiansports,vimesh92,['latest'],0.0,True,False,False
indiansports,webwebster12,"['latest', 'top']",0.0,True,False,False
indiansports,wtfbro2times,['top'],2.0,True,False,True
indiansports,youCanDoItToo_,['top'],,False,False,False
indiansports,yoyohinatashoyo1,"['latest', 'top']",0.0,True,False,False
indiansports,zeros0-0,['latest'],,False,False,False
indiasocial,--celestial--,['top'],3.0,True,False,True
indiasocial,-Ajayff4-,['latest'],,False,False,False
indiasocial,1011010010001001101,['top'],0.0,True,False,False
indiasocial,1DayTablesWillTurn,"['latest', 'top']",,False,False,False
indiasocial,36holes,['top'],1.0,True,False,True
indiasocial,69420isntfunny,['top'],0.0,True,False,False
indiasocial,6ft_baap689,['latest'],,False,False,False
indiasocial,Acrobatic-Lead-8203,['latest'],0.0,True,False,False
indiasocial,AdDefiant2343,"['latest', 'top']",,False,False,False
indiasocial,AdditionalDealer1100,['top'],,False,False,False
indiasocial,AdditionalElephant35,"['latest', 'top']",,False,False,False
indiasocial,Adventurous-Buy4936,['top'],,False,False,False
indiasocial,Aggressive-Buy-3828,['poster'],,False,False,False
indiasocial,Aggressive_Maybe0,['top'],0.0,True,False,False
indiasocial,Ambitious_Emu355,"['latest', 'top']",4.0,True,False,True
indiasocial,Ambitious_Jello,"['latest', 'top']",2.0,True,False,True
indiasocial,Ancient-Tour-2222,['latest'],,False,False,False
indiasocial,Any_Anxiety_4203,['latest'],,False,False,False
indiasocial,Apprehensive_Low2596,['top'],0.0,True,False,False
indiasocial,Ash_remember06,['latest'],,False,False,False
indiasocial,AssistanceOk9610,['poster'],,False,False,False
indiasocial,Astra7157,['top'],0.0,True,False,False
indiasocial,Auctorxtas,['latest'],,False,False,False
indiasocial,Avocado864,"['latest', 'poster']",,False,False,False
indiasocial,Background_Link_2741,['top'],,False,False,False
indiasocial,Better_Action_7445,['top'],,False,False,False
indiasocial,Big_Biscotti3371,['latest'],,False,False,False
indiasocial,BiscuitWithTea,"['latest', 'top']",0.0,True,False,False
indiasocial,BossEfficient7354,['top'],,False,False,False
indiasocial,Bru-cappi,"['latest', 'top']",,False,False,False
indiasocial,CanGreedy8471,"['latest', 'top']",,False,False,False
indiasocial,Certain-Two4678,['poster'],,False,False,False
indiasocial,CharismaticConqueror,['latest'],4.0,True,False,True
indiasocial,ChunChunKartiChidiya,['top'],,False,False,False
indiasocial,CoMmunicationdue24,['top'],,False,False,False
indiasocial,Coconut_Scrambled,['latest'],0.0,True,False,False
indiasocial,Commatoz-,['top'],,False,False,False
indiasocial,ComplaintNo5190,['latest'],,False,False,False
indiasocial,Connect_Pickle_5418,['top'],12.0,True,True,True
indiasocial,ConstantString9553,['latest'],,False,False,False
indiasocial,CuteLilHamster,['top'],,False,False,False
indiasocial,CyKa_Blyat93,['top'],2.0,True,False,True
indiasocial,CykaBilal,['latest'],,False,False,False
indiasocial,Dahi_Koki,['top'],,False,False,False
indiasocial,Dal-Bhati-Churma,['top'],6.0,True,True,True
indiasocial,Dangerous_Evening374,['top'],,False,False,False
indiasocial,Darkkiller059,['latest'],0.0,True,False,False
indiasocial,Delulu_Girl_31,['top'],,False,False,False
indiasocial,Disastrous-Bet-208,['latest'],,False,False,False
indiasocial,Drumcode9,['latest'],,False,False,False
indiasocial,Dull_Particular5943,['poster'],,False,False,False
indiasocial,Dumb-Dora,['latest'],,False,False,False
indiasocial,East-Professor-67,"['latest', 'top']",,False,False,False
indiasocial,EasyRider_Suraj,['top'],4.0,True,False,True
indiasocial,Efficient_Contest_87,['latest'],,False,False,False
indiasocial,Elysium_amlike,"['latest', 'top']",,False,False,False
indiasocial,EmpathyMerchant,['latest'],,False,False,False
indiasocial,Entire_Notice_9813,"['poster', 'top']",,False,False,False
indiasocial,Evening_Nose6847,['top'],0.0,True,False,False
indiasocial,ExcitedPandaLOL,"['latest', 'top']",,False,False,False
indiasocial,Existing-Candle-7854,"['latest', 'top']",,False,False,False
indiasocial,Exotic-Gate-8952,['latest'],0.0,True,False,False
indiasocial,Expensive-Summer-447,['top'],1.0,True,False,True
indiasocial,Expensive_Hunter_352,['top'],,False,False,False
indiasocial,Fast_District_852,['latest'],,False,False,False
indiasocial,Feisty_Air_648,['top'],,False,False,False
indiasocial,Flower-306,['latest'],,False,False,False
indiasocial,Fun_Singer4251,"['latest', 'top']",0.0,True,False,False
indiasocial,Funny_incidents101,"['latest', 'poster', 'top']",6.0,True,True,True
indiasocial,General-Tie-2462,['top'],,False,False,False
indiasocial,GodsWorth01,['latest'],2.0,True,False,True
indiasocial,HERO_129,['latest'],0.0,True,False,False
indiasocial,HamedAliKhan,['poster'],0.0,True,False,False
indiasocial,Harrypotterhu108,['top'],,False,False,False
indiasocial,HeavyDrinker123,['top'],,False,False,False
indiasocial,Hedge_hog_816,['top'],2.0,True,False,True
indiasocial,Historical_Can_7503,['top'],,False,False,False
indiasocial,HolidaySpace,['poster'],,False,False,False
indiasocial,Hopeful-baby333,['top'],,False,False,False
indiasocial,Hot-Possible-9070,['top'],,False,False,False
indiasocial,I_-AM-ARNAV,"['latest', 'top']",4.0,True,False,True
indiasocial,Icy-Pumpkin-407,"['latest', 'top']",,False,False,False
indiasocial,Icy_Public5186,['latest'],,False,False,False
indiasocial,Ill-Advice-4253,['top'],,False,False,False
indiasocial,Inquisitivenerdguy,['top'],0.0,True,False,False
indiasocial,Intelligent-Gap-7107,"['latest', 'top']",1.0,True,False,True
indiasocial,Interesting_Dig5582,['top'],,False,False,False
indiasocial,Ishqq_Shavvaaa,['top'],2.0,True,False,True
indiasocial,ItsBritneyBiaatch,['top'],0.0,True,False,False
indiasocial,IwasNotAImposter,['top'],,False,False,False
indiasocial,J3kaReddit,['top'],,False,False,False
indiasocial,KingKobbs,"['latest', 'top']",,False,False,False
indiasocial,KiraLight3719,['top'],0.0,True,False,False
indiasocial,Kitchen-Nerve-2002,"['latest', 'top']",,False,False,False
indiasocial,Kitchen_Engineer1332,['top'],9.0,True,True,True
indiasocial,Knighthawk_2511,['latest'],4.0,True,False,True
indiasocial,Late-horse77,['latest'],,False,False,False
indiasocial,LaughMore424,['latest'],4.0,True,False,True
indiasocial,Legitimatehuman229,"['latest', 'top']",,False,False,False
indiasocial,LetterheadUpstairs90,['poster'],0.0,True,False,False
indiasocial,Level-Tear-624,['poster'],,False,False,False
indiasocial,Limp_Pea2121,['latest'],1.0,True,False,True
indiasocial,Living_Source_7439,"['latest', 'top']",,False,False,False
indiasocial,Low_Offer_1899,['top'],2.0,True,False,True
indiasocial,Mai_Pittar_Banunga,['latest'],,False,False,False
indiasocial,Mean-Brain-3086,['top'],,False,False,False
indiasocial,MeatyB0E,['top'],0.0,True,False,False
indiasocial,Mechanirav,['latest'],,False,False,False
indiasocial,Meta_Zephyr,['top'],,False,False,False
indiasocial,Micelander,['latest'],,False,False,False
indiasocial,Mikasa090,['latest'],,False,False,False
indiasocial,MohitChauhaan,['top'],0.0,True,False,False
indiasocial,Monkey_D_Ketchum,['latest'],3.0,True,False,True
indiasocial,More_Election1269,['top'],,False,False,False
indiasocial,Most_Requirement_470,['latest'],,False,False,False
indiasocial,MotivatedChimpanZ,"['latest', 'top']",0.0,True,False,False
indiasocial,MrFruitPunchSamurai,['latest'],0.0,True,False,False
indiasocial,Muttonbiiryanii,['top'],,False,False,False
indiasocial,Naive-Actuary4414,['latest'],,False,False,False
indiasocial,Nara_Sibhatu,"['latest', 'top']",,False,False,False
indiasocial,Negative_Bag241,['top'],,False,False,False
indiasocial,Nimanch,"['latest', 'top']",,False,False,False
indiasocial,No-Neha,"['latest', 'top']",,False,False,False
indiasocial,NoAnybody8034,['top'],,False,False,False
indiasocial,No_Concentrate2187,['latest'],,False,False,False
indiasocial,NotSoRoyalBlue101,['latest'],0.0,True,False,False
indiasocial,NotTheAbhi,['latest'],2.0,True,False,True
indiasocial,OGPerineumLicker,['top'],,False,False,False
indiasocial,One_Novel7102,"['latest', 'top']",,False,False,False
indiasocial,OrdinaryHelicopter2,['latest'],8.0,True,True,True
indiasocial,OrganicTechnology866,['poster'],,False,False,False
indiasocial,Orgasmic_ange,['latest'],2.0,True,False,True
indiasocial,Over-Employment6960,['top'],1.0,True,False,True
indiasocial,OverThinker_123,['latest'],,False,False,False
indiasocial,OwlAlternative1835,['poster'],6.0,True,True,True
indiasocial,Own-Sample-2904,['poster'],,False,False,False
indiasocial,Own_Construction_965,['top'],,False,False,False
indiasocial,Pale-Pop-2763,['latest'],,False,False,False
indiasocial,Pale_Scholar3415,['top'],,False,False,False
indiasocial,Past-Change6511,['top'],,False,False,False
indiasocial,PastFaithlessness_03,"['latest', 'top']",,False,False,False
indiasocial,PervySage697,"['latest', 'top']",,False,False,False
indiasocial,Physical-Bonus-8411,"['latest', 'top']",,False,False,False
indiasocial,PhysicalTry2021,['latest'],0.0,True,False,False
indiasocial,PlantainExpensive315,['latest'],1.0,True,False,True
indiasocial,Plastic_Many393,['top'],8.0,True,True,True
indiasocial,Pokiriee,['latest'],2.0,True,False,True
indiasocial,Powerful_Somewhere92,['latest'],3.0,True,False,True
indiasocial,Profound_Sunshine,"['latest', 'top']",0.0,True,False,False
indiasocial,Pure_Membership_2326,"['latest', 'top']",,False,False,False
indiasocial,Puzzled_Hunter_1711,['latest'],,False,False,False
indiasocial,Ranger_Hawk3046,['top'],9.0,True,True,True
indiasocial,Reasonable-Gear9976,"['poster', 'top']",12.0,True,True,True
indiasocial,Revenantscythe,['top'],,False,False,False
indiasocial,RhubarbLarge2747,"['latest', 'top']",4.0,True,False,True
indiasocial,Rishi_kumar_goud,['latest'],,False,False,False
indiasocial,SHAKTIMAN66,['latest'],,False,False,False
indiasocial,S_935,['latest'],,False,False,False
indiasocial,Samrudh09,['top'],,False,False,False
indiasocial,Sawrey_Mobolade,"['latest', 'top']",,False,False,False
indiasocial,Scales_of_Injustice,['top'],0.0,True,False,False
indiasocial,Scared_Carrot1409,['latest'],,False,False,False
indiasocial,Scholar_n_rich07,"['poster', 'top']",8.0,True,True,True
indiasocial,Secure-Requirement48,"['latest', 'top']",,False,False,False
indiasocial,Separate-Goal7098,['top'],,False,False,False
indiasocial,SgtJegffords,"['latest', 'top']",0.0,True,False,False
indiasocial,Shareef_Ladka01,['top'],2.0,True,False,True
indiasocial,Shocking_Strike,['latest'],,False,False,False
indiasocial,Sidonkey,['latest'],0.0,True,False,False
indiasocial,Significant-Gas-2659,['poster'],,False,False,False
indiasocial,Silent-Patient-717,['top'],2.0,True,False,True
indiasocial,Silver-Analysis7082,['latest'],,False,False,False
indiasocial,Similar-Win-5273,['latest'],,False,False,False
indiasocial,Sohailsp10,['latest'],3.0,True,False,True
indiasocial,Sony-hayes-F1,['top'],,False,False,False
indiasocial,SorryIPooped,"['latest', 'top']",0.0,True,False,False
indiasocial,Spiritual-Fox9778,"['latest', 'top']",4.0,True,False,True
indiasocial,SpookyIndian,['top'],,False,False,False
indiasocial,Spuddle_,"['latest', 'top']",,False,False,False
indiasocial,Status_Armadillo_654,['poster'],0.0,True,False,False
indiasocial,StrainDisastrous2701,['top'],,False,False,False
indiasocial,Striking-Challenge99,['top'],,False,False,False
indiasocial,Success25100,['latest'],4.0,True,False,True
indiasocial,Taimur_ki_nanny09,"['poster', 'top']",0.0,True,False,False
indiasocial,That-Replacement-232,['top'],8.0,True,True,True
indiasocial,TheSanSav1,['top'],2.0,True,False,True
indiasocial,Tony---Gunk,['top'],,False,False,False
indiasocial,Total-Elderberry2028,['latest'],,False,False,False
indiasocial,Total-Television-492,['latest'],,False,False,False
indiasocial,U-day10,['latest'],0.0,True,False,False
indiasocial,Upstairs_Skirt_2207,['latest'],,False,False,False
indiasocial,Urgayifyouregay,['latest'],,False,False,False
indiasocial,VastNo2879,['top'],,False,False,False
indiasocial,Web_Slinger_18,"['poster', 'top']",,False,False,False
indiasocial,WillingNorth6341,"['latest', 'top']",,False,False,False
indiasocial,World-Peace-Oxymoron,['top'],,False,False,False
indiasocial,ZealousidealTank1353,['poster'],6.0,True,True,True
indiasocial,_UNHUMAN,"['latest', 'top']",0.0,True,False,False
indiasocial,_sortasimpleguy,['top'],,False,False,False
indiasocial,abhitooth,['latest'],4.0,True,False,True
indiasocial,anamethatisnotaname,['latest'],0.0,True,False,False
indiasocial,ardh_satya,['latest'],,False,False,False
indiasocial,baghdadi1005,"['latest', 'top']",,False,False,False
indiasocial,blaze_003,"['latest', 'top']",2.0,True,False,True
indiasocial,british-orange-09,['latest'],,False,False,False
indiasocial,chillamatchudail,['top'],,False,False,False
indiasocial,chokeonmywords,['latest'],,False,False,False
indiasocial,climaxxing-_,['latest'],,False,False,False
indiasocial,clovermanifesting,['top'],,False,False,False
indiasocial,coamse,['latest'],2.0,True,False,True
indiasocial,confused__ostrich,['latest'],,False,False,False
indiasocial,cookieoftheshire,['latest'],4.0,True,False,True
indiasocial,daddyroronoazoro,"['poster', 'top']",,False,False,False
indiasocial,deathfreak007,['top'],,False,False,False
indiasocial,dinosaur1001,"['latest', 'top']",,False,False,False
indiasocial,discreters,"['latest', 'top']",0.0,True,False,False
indiasocial,elonmark69420,['latest'],0.0,True,False,False
indiasocial,exciting_one2005,"['latest', 'top']",4.0,True,False,True
indiasocial,gocool2000,['latest'],0.0,True,False,False
indiasocial,happy_batman876,['latest'],8.0,True,True,True
indiasocial,horoizon,"['latest', 'top']",,False,False,False
indiasocial,iCanHealYouu,['latest'],,False,False,False
indiasocial,ifuck3dupbigtime,['latest'],1.0,True,False,True
indiasocial,iiieatkids,['latest'],,False,False,False
indiasocial,justmyevocation,"['poster', 'top']",,False,False,False
indiasocial,karth11k,['top'],,False,False,False
indiasocial,keepatience,['latest'],0.0,True,False,False
indiasocial,krypt0niteCos,"['latest', 'top']",4.0,True,False,True
indiasocial,likeashiningstar,['top'],0.0,True,False,False
indiasocial,lokid21g,['latest'],,False,False,False
indiasocial,lucky_Dig6726,['latest'],,False,False,False
indiasocial,luxie_mart,"['latest', 'poster']",,False,False,False
indiasocial,maybeidkye,['top'],,False,False,False
indiasocial,milkshakestains,['latest'],,False,False,False
indiasocial,morgansixfeet,['latest'],,False,False,False
indiasocial,music-haver,"['latest', 'top']",,False,False,False
indiasocial,no_one__-_-,['latest'],,False,False,False
indiasocial,nxfi_2205,['top'],,False,False,False
indiasocial,originalidli,['latest'],0.0,True,False,False
indiasocial,pellikaniprasad,['latest'],2.0,True,False,True
indiasocial,pk3189,['top'],0.0,True,False,False
indiasocial,potayto_tomaahto,"['latest', 'poster']",,False,False,False
indiasocial,sabrinachuchundhar,['top'],2.0,True,False,True
indiasocial,scrkid2,['latest'],0.0,True,False,False
indiasocial,segue_yay,['latest'],,False,False,False
indiasocial,shangriLaaaaaaa,['latest'],2.0,True,False,True
indiasocial,sid95ok,['top'],0.0,True,False,False
indiasocial,singlefrvr,['top'],,False,False,False
indiasocial,smokeyhashpants,['latest'],,False,False,False
indiasocial,suki3618,['latest'],,False,False,False
indiasocial,tacsderby,['top'],,False,False,False
indiasocial,tcsreject,['latest'],2.0,True,False,True
indiasocial,the_NP,"['latest', 'top']",0.0,True,False,False
indiasocial,un-_-known_789,['top'],2.0,True,False,True
indiasocial,vidhikaroy,"['latest', 'poster', 'top']",1.0,True,False,True
indiasocial,vko9,['latest'],,False,False,False
indiasocial,voltrix_04,['latest'],0.0,True,False,False
indiasocial,zi6xd,['top'],0.0,True,False,False
ipl,-ELI5-,['top'],0.0,True,False,False
ipl,-speeedy-,['latest'],,False,False,False
ipl,111batman,['top'],0.0,True,False,False
ipl,69chamunda69,"['latest', 'top']",1.0,True,False,True
ipl,Accomplished_Ad1684,"['latest', 'top']",2.0,True,False,True
ipl,Accurate-Friend-2498,['top'],2.0,True,False,True
ipl,Acid_walker,['top'],,False,False,False
ipl,Additional_Lion_2630,['latest'],,False,False,False
ipl,Adventurous-Feed-197,['latest'],2.0,True,False,True
ipl,Affectionate-Yard899,['top'],2.0,True,False,True
ipl,Agile_Hat_6214,['latest'],,False,False,False
ipl,Agreeable_Nose9633,['top'],,False,False,False
ipl,AkRoyalDo,['poster'],6.0,True,True,True
ipl,AlFactorial,['top'],6.0,True,True,True
ipl,Alone-Wheel2902,['top'],9.0,True,True,True
ipl,Appropriate_Ebb_2622,"['latest', 'top']",,False,False,False
ipl,AradhyaSingh3,['latest'],0.0,True,False,False
ipl,Away_Yes_2124,"['poster', 'top']",,False,False,False
ipl,Ayan_Choudhury,"['latest', 'top']",1.0,True,False,True
ipl,Beneficial-Eye-3665,['top'],6.0,True,True,True
ipl,Bihari_babuji,['latest'],,False,False,False
ipl,Billy-Leroy,"['latest', 'top']",,False,False,False
ipl,BiscottiSpiritual826,['top'],2.0,True,False,True
ipl,Brilliant-Bit-291,['top'],,False,False,False
ipl,CareerLegitimate7662,['latest'],8.0,True,True,True
ipl,Certain_Tea_,['top'],,False,False,False
ipl,ChaiPioBiscuitKhao,['top'],1.0,True,False,True
ipl,Character-Tune-3443,['top'],,False,False,False
ipl,CheemaY1738,"['latest', 'poster']",,False,False,False
ipl,CheesecakeNext371,"['poster', 'top']",2.0,True,False,True
ipl,Competitive_Bat6413,"['latest', 'top']",,False,False,False
ipl,Conscious_Site5306,['latest'],,False,False,False
ipl,Correct_Nerve6657,['top'],2.0,True,False,True
ipl,Creepy-Squirrel-8111,['latest'],3.0,True,False,True
ipl,Cultural_Resident_21,"['latest', 'top']",,False,False,False
ipl,DEADSHOT___OP,['top'],,False,False,False
ipl,Daredevil_140,['top'],,False,False,False
ipl,Data-CHOR-365,['latest'],2.0,True,False,True
ipl,DeepFile6271,['latest'],1.0,True,False,True
ipl,DelBabe,"['latest', 'top']",,False,False,False
ipl,Desperate-Board6989,['top'],1.0,True,False,True
ipl,Difficult-Hurry8960,['latest'],0.0,True,False,False
ipl,Difficult_Project_91,['top'],,False,False,False
ipl,Disastrous-Leek-8873,"['latest', 'poster']",,False,False,False
ipl,DisastrousPipe3853,['top'],1.0,True,False,True
ipl,Disastrous_Text7678,['latest'],,False,False,False
ipl,Educational-Ad1744,['latest'],0.0,True,False,False
ipl,Ekanshnotfound,['top'],2.0,True,False,True
ipl,Electronic_Seat_4336,['top'],1.0,True,False,True
ipl,Enough_Slice4348,['latest'],2.0,True,False,True
ipl,Entire-Welder5242,['latest'],,False,False,False
ipl,Equal_Perception_541,['top'],2.0,True,False,True
ipl,Express-Homework-752,['poster'],6.0,True,True,True
ipl,Extreme_Molasses_134,['latest'],,False,False,False
ipl,FRPG,['latest'],0.0,True,False,False
ipl,Fabulous-Leopard8281,['latest'],,False,False,False
ipl,Felonphantom,"['latest', 'top']",1.0,True,False,True
ipl,Fire_brand666,['latest'],1.0,True,False,True
ipl,Flimsy-Tie-6426,['top'],,False,False,False
ipl,FoldElectrical9840,['top'],,False,False,False
ipl,Fun-Negotiation5510,['top'],,False,False,False
ipl,Glittering-Cicada-95,['latest'],,False,False,False
ipl,Greedy_Lab_8682,['latest'],,False,False,False
ipl,Green-Yesterday001,['latest'],,False,False,False
ipl,HakeemMcGrady,['latest'],2.0,True,False,True
ipl,Half_Dead_-,['top'],,False,False,False
ipl,Hash-aly,['latest'],3.0,True,False,True
ipl,Heisenberg0721,['poster'],,False,False,False
ipl,Hot_Purrr-suit,['latest'],,False,False,False
ipl,Icy_Research3046,"['latest', 'top']",,False,False,False
ipl,Illustrious_Error_47,['latest'],,False,False,False
ipl,ImaginaryCover3964,['top'],,False,False,False
ipl,Important-Aerie-5321,['latest'],0.0,True,False,False
ipl,Independent-Dot5393,"['latest', 'top']",3.0,True,False,True
ipl,Inevitable-Age-5736,['latest'],2.0,True,False,True
ipl,Inevitable_Credit_99,['latest'],,False,False,False
ipl,InternationalFan7017,['latest'],,False,False,False
ipl,Invhinsical,['top'],1.0,True,False,True
ipl,Ishandank,"['latest', 'top']",0.0,True,False,False
ipl,Jackie_Chan_93,['poster'],9.0,True,True,True
ipl,JadedFaithlessness10,['top'],0.0,True,False,False
ipl,Jazzlike-Project8834,['latest'],,False,False,False
ipl,Jealous-Tip-6332,['latest'],,False,False,False
ipl,JimmyNoBreaks,"['latest', 'top']",,False,False,False
ipl,JustHereForFunns,['latest'],,False,False,False
ipl,Key_Grapefruit_5248,"['latest', 'top']",8.0,True,True,True
ipl,Kidsomia_Playzone,['latest'],,False,False,False
ipl,Kshiti_salman,['latest'],,False,False,False
ipl,Legal-Lemon-8746,['top'],0.0,True,False,False
ipl,LiteTheesko,['latest'],1.0,True,False,True
ipl,Lopsided-Soft636,['top'],,False,False,False
ipl,Lost-Profession7251,['top'],2.0,True,False,True
ipl,Loud_Cup1677,['top'],1.0,True,False,True
ipl,Lower_Mission_8925,['top'],,False,False,False
ipl,M05S3,"['latest', 'top']",,False,False,False
ipl,MSDHONl,['top'],0.0,True,False,False
ipl,M_S_Dhoni,['latest'],0.0,True,False,False
ipl,Maddyadi007,['top'],6.0,True,True,True
ipl,Manthan10,['top'],3.0,True,False,True
ipl,Mark_My_Words_Mr,['top'],1.0,True,False,True
ipl,Marshall19051999,['latest'],,False,False,False
ipl,MasalaDosa37,['latest'],4.0,True,False,True
ipl,MaximumIndependent67,['latest'],0.0,True,False,False
ipl,Mental-Objective-651,['latest'],,False,False,False
ipl,Metal-Banana-72,['latest'],2.0,True,False,True
ipl,Mindless-Gamer-98,['latest'],0.0,True,False,False
ipl,Miserable_Eye9216,['latest'],,False,False,False
ipl,Mission-Pay3582,['top'],12.0,True,True,True
ipl,Mortgage5388,['latest'],2.0,True,False,True
ipl,Mountain-Comb2355,['top'],2.0,True,False,True
ipl,Mr_Everythingy,['top'],,False,False,False
ipl,Mr_unknown006,['top'],,False,False,False
ipl,MuhMeinLogeWifi,['latest'],1.0,True,False,True
ipl,Mysterious_Match5567,"['latest', 'top']",,False,False,False
ipl,NaipaulVS,['top'],,False,False,False
ipl,Nearby-War-4288,['latest'],,False,False,False
ipl,Next-Knee1849,['poster'],,False,False,False
ipl,Nnntridib,['top'],,False,False,False
ipl,No-Caterpillar-9387,['poster'],,False,False,False
ipl,No-Day8949,['top'],6.0,True,True,True
ipl,No-Needleworker3393,['latest'],0.0,True,False,False
ipl,No_Cod_9198,['top'],1.0,True,False,True
ipl,No_Theme_8707,['top'],,False,False,False
ipl,Not_god45,"['latest', 'top']",,False,False,False
ipl,Ok-Analysis7,['latest'],2.0,True,False,True
ipl,Ok-Estimate7013,['latest'],,False,False,False
ipl,Ok-Tension-9665,['latest'],,False,False,False
ipl,OkNegotiation3159,['latest'],,False,False,False
ipl,Ok_Tie9476,['latest'],,False,False,False
ipl,Optimal_Ad_8831,['latest'],,False,False,False
ipl,Outlander_TB,"['latest', 'top']",2.0,True,False,True
ipl,Porn__Flakes_,['latest'],,False,False,False
ipl,PranavJH,['latest'],0.0,True,False,False
ipl,Professional-Mark740,"['latest', 'top']",1.0,True,False,True
ipl,Proud-Attention-473,['top'],,False,False,False
ipl,PsychologyTechnical5,['latest'],0.0,True,False,False
ipl,Puzzleheaded-Tea348,"['latest', 'top']",,False,False,False
ipl,QueasyAdvertising173,['latest'],4.0,True,False,True
ipl,RadlogLutar,['latest'],2.0,True,False,True
ipl,Ragnarok_619,['latest'],2.0,True,False,True
ipl,RealisticMuscle8246,['top'],4.0,True,False,True
ipl,Remarkable_Act114,['latest'],1.0,True,False,True
ipl,Repulsive-Horror-868,['latest'],0.0,True,False,False
ipl,RobloxianTrainerNo1,['latest'],,False,False,False
ipl,Round_Stay8459,['poster'],,False,False,False
ipl,RowElegant2102,"['latest', 'top']",,False,False,False
ipl,RoyalTechnology9969,['latest'],,False,False,False
ipl,Ruxixweb1801,['latest'],,False,False,False
ipl,SHUBH_XD,['latest'],,False,False,False
ipl,San_07,['top'],,False,False,False
ipl,SatisfactionFew350,['latest'],1.0,True,False,True
ipl,Sedlyf19,"['latest', 'top']",0.0,True,False,False
ipl,Shadow_Clone_007,"['latest', 'top']",2.0,True,False,True
ipl,Shadow_Senpai17,"['poster', 'top']",12.0,True,True,True
ipl,ShakesR12,['latest'],,False,False,False
ipl,Shubham0015,['latest'],,False,False,False
ipl,Smash-Racer,['poster'],,False,False,False
ipl,SnoopyScone,['top'],0.0,True,False,False
ipl,Soft_Stranger3954,['latest'],,False,False,False
ipl,Substantial_Self_525,['top'],,False,False,False
ipl,Successful-Mess6818,['top'],,False,False,False
ipl,Sudden_Republic7223,"['latest', 'top']",1.0,True,False,True
ipl,Sufficient_Motor_295,['top'],2.0,True,False,True
ipl,Sweet-Author-6037,['latest'],3.0,True,False,True
ipl,TheFitSyntaxx,['top'],1.0,True,False,True
ipl,TheseStop6773,"['latest', 'top']",,False,False,False
ipl,Tommo-Bet,['top'],,False,False,False
ipl,Top-Grape6650,['top'],3.0,True,False,True
ipl,Top_Fondant2114,['latest'],2.0,True,False,True
ipl,Tyranistar,['latest'],,False,False,False
ipl,Uncritical_Think,"['latest', 'top']",2.0,True,False,True
ipl,Upbeat-Paramedic2342,['top'],0.0,True,False,False
ipl,Vast-Grapefruit-6464,"['latest', 'top']",1.0,True,False,True
ipl,Vatsal2106,['latest'],,False,False,False
ipl,VisitAfter,['top'],,False,False,False
ipl,Visual-Pool-1503,"['latest', 'top']",,False,False,False
ipl,Vivacious-Pillow615,['latest'],,False,False,False
ipl,Vizzu10520,['latest'],,False,False,False
ipl,Wolfie_3467,['top'],9.0,True,True,True
ipl,Wonderful-Owl2711,['latest'],,False,False,False
ipl,WrongContract8489,['top'],2.0,True,False,True
ipl,XxTheLeoxX,['top'],0.0,True,False,False
ipl,Your78Ranger,['latest'],9.0,True,True,True
ipl,_anencephalous,"['latest', 'top']",0.0,True,False,False
ipl,_ashok_kumar,['top'],0.0,True,False,False
ipl,abewlodeee,['top'],,False,False,False
ipl,akhilmathew472,['latest'],,False,False,False
ipl,anfumann,['top'],2.0,True,False,True
ipl,aniket0_0,['top'],6.0,True,True,True
ipl,anonymous010103,['top'],1.0,True,False,True
ipl,anvil_with_thoughts,['latest'],2.0,True,False,True
ipl,arcesp,['poster'],,False,False,False
ipl,arctic_drift,['latest'],,False,False,False
ipl,bikbar1,['latest'],2.0,True,False,True
ipl,billybellybutton,['top'],,False,False,False
ipl,biopiclover777,['latest'],2.0,True,False,True
ipl,bobby5890,['latest'],,False,False,False
ipl,brandnewwwwW,['top'],0.0,True,False,False
ipl,chaoticlabrat,['top'],2.0,True,False,True
ipl,charming-orfebre,['top'],,False,False,False
ipl,combatant007,"['latest', 'poster', 'top']",2.0,True,False,True
ipl,cricfanatic4518,"['poster', 'top']",12.0,True,True,True
ipl,cursxdfxrlxfe,['top'],,False,False,False
ipl,dankteen69,"['latest', 'top']",0.0,True,False,False
ipl,deathclient,['top'],0.0,True,False,False
ipl,desimikeross,['latest'],8.0,True,True,True
ipl,divijxbeast,['top'],,False,False,False
ipl,dont_ban_meeee,"['poster', 'top']",8.0,True,True,True
ipl,drizzy_ganash,"['latest', 'top']",0.0,True,False,False
ipl,ezhno_21,['top'],0.0,True,False,False
ipl,forever_Knightt,['top'],,False,False,False
ipl,geek-jock-guy,['latest'],,False,False,False
ipl,ghatta_21,['latest'],,False,False,False
ipl,ilolalot1,['top'],0.0,True,False,False
ipl,ipl-ModTeam,"['latest', 'top']",,False,False,False
ipl,ironically_star,['latest'],,False,False,False
ipl,jotarokujolovesiggy,"['latest', 'top']",,False,False,False
ipl,kanhaaaaaaaaaaaa,"['latest', 'top']",0.0,True,False,False
ipl,kewlkarthi,['latest'],,False,False,False
ipl,kikiboy_007,['latest'],2.0,True,False,True
ipl,kundan0075,['top'],0.0,True,False,False
ipl,luminous_lad18,"['latest', 'top']",,False,False,False
ipl,missyousachin,['top'],2.0,True,False,True
ipl,nazgulonbicycle,['latest'],1.0,True,False,True
ipl,newparrot2025,['latest'],12.0,True,True,True
ipl,nexorarc,['poster'],,False,False,False
ipl,nick_nxt,['latest'],0.0,True,False,False
ipl,pineapplesuit7,['top'],2.0,True,False,True
ipl,pintusuraj23,['poster'],,False,False,False
ipl,pipsqueak74,['top'],,False,False,False
ipl,pobox01983,['top'],0.0,True,False,False
ipl,protonixthe3rd,['top'],2.0,True,False,True
ipl,punjabii_bulll,['latest'],,False,False,False
ipl,rudeeguy,['top'],,False,False,False
ipl,sankkalp,['latest'],,False,False,False
ipl,shreyash2av,['top'],,False,False,False
ipl,sigmaiotapi,['latest'],,False,False,False
ipl,sillyplan_,['top'],,False,False,False
ipl,sneakpeekbot,['latest'],,False,False,False
ipl,stall-goodman,['latest'],0.0,True,False,False
ipl,stoned_experiences,['latest'],1.0,True,False,True
ipl,supreme_nair,['top'],,False,False,False
ipl,swordofjericho,['top'],6.0,True,True,True
ipl,th3_1mp0st3r,"['latest', 'top']",4.0,True,False,True
ipl,thalaraj,['poster'],,False,False,False
ipl,the-economist-flyboy,['top'],2.0,True,False,True
ipl,the_ossuary,['latest'],,False,False,False
ipl,tuna_machli,"['latest', 'top']",2.0,True,False,True
ipl,unknown5493,['latest'],,False,False,False
ipl,unreliablewitness9,['top'],,False,False,False
ipl,userwastakennn,['top'],1.0,True,False,True
ipl,veg_biryani_is_scam,"['latest', 'top']",,False,False,False
ipl,vvitch_-,['top'],,False,False,False
ipl,yoyo-4325,['latest'],,False,False,False
kolkata,-Purple-turtle-,['latest'],0.0,True,False,False
kolkata,00_ynw,['latest'],,False,False,False
kolkata,Abid94Tony,['latest'],,False,False,False
kolkata,Aby55walker,['latest'],0.0,True,False,False
kolkata,AbyssmalA,['top'],,False,False,False
kolkata,Accomplished_Side560,['top'],,False,False,False
kolkata,AdMajor9344,['latest'],,False,False,False
kolkata,Alternative_Let8538,"['latest', 'top']",,False,False,False
kolkata,Amazing-Rise7694,"['latest', 'top']",,False,False,False
kolkata,AmphaneTripolChor,"['latest', 'top']",2.0,True,False,True
kolkata,Anikastacea,"['latest', 'top']",0.0,True,False,False
kolkata,AnimatorPlayful6587,['latest'],2.0,True,False,True
kolkata,Anirbit21,"['poster', 'top']",,False,False,False
kolkata,AnskyOP,['top'],2.0,True,False,True
kolkata,AntiHeroOnline,['top'],2.0,True,False,True
kolkata,Any-Bit-8313,['latest'],,False,False,False
kolkata,Any-Individual5262,['top'],2.0,True,False,True
kolkata,Apprehensive-Fan6090,['latest'],,False,False,False
kolkata,Assassin_Ankur,['latest'],1.0,True,False,True
kolkata,Atomaniac_,['latest'],,False,False,False
kolkata,Avinandanm,['top'],0.0,True,False,False
kolkata,Away_Oven9140,['latest'],,False,False,False
kolkata,Beautiful-Object-467,['top'],,False,False,False
kolkata,Beginning-Airport384,"['latest', 'top']",,False,False,False
kolkata,Beginning-Dark-4259,['latest'],1.0,True,False,True
kolkata,BerozgarBJPpaglu,['top'],,False,False,False
kolkata,Big_Manufacturer7648,['latest'],,False,False,False
kolkata,BloodySurgeon_20,['latest'],0.0,True,False,False
kolkata,BoatLivid7110,['latest'],,False,False,False
kolkata,Both_Track_1754,['top'],2.0,True,False,True
kolkata,Budget-Bee-1041,['latest'],,False,False,False
kolkata,Business-Active-1143,['latest'],1.0,True,False,True
kolkata,Busy_Lunch_5520,['latest'],2.0,True,False,True
kolkata,Capt_NEM0029,['latest'],,False,False,False
kolkata,Cartmanninglife,['latest'],,False,False,False
kolkata,ChaiWaliLoser,['latest'],1.0,True,False,True
kolkata,CharacterBit5048,"['poster', 'top']",2.0,True,False,True
kolkata,Classmatenotebook_,['top'],,False,False,False
kolkata,Competitive_Food1322,"['latest', 'top']",,False,False,False
kolkata,ConcentrateFormer965,"['latest', 'top']",0.0,True,False,False
kolkata,Coolbiker32,['latest'],2.0,True,False,True
kolkata,Cute-Oven8125,['latest'],,False,False,False
kolkata,Dad_of_One_Punch_Man,['top'],0.0,True,False,False
kolkata,Dangerous_Engine7595,['latest'],,False,False,False
kolkata,Dark_oreo70_1,['latest'],,False,False,False
kolkata,Dazzling_Article_129,['top'],,False,False,False
kolkata,Dense-Ad-6672,['poster'],2.0,True,False,True
kolkata,DiscussionLucky2197,"['latest', 'top']",0.0,True,False,False
kolkata,Due-Philosophy-676,['top'],0.0,True,False,False
kolkata,Electronic-Coach7687,['latest'],1.0,True,False,True
kolkata,Emergency_Try_7970,['latest'],,False,False,False
kolkata,Emotional_Ear_7018,"['latest', 'top']",0.0,True,False,False
kolkata,Equivalent_Face_9746,"['latest', 'top']",2.0,True,False,True
kolkata,EstablishmentFlat826,['latest'],,False,False,False
kolkata,Fahad1012,['top'],2.0,True,False,True
kolkata,FalconIMGN,"['latest', 'top']",2.0,True,False,True
kolkata,Fantasy-512,['latest'],0.0,True,False,False
kolkata,Few-Market-6535,['latest'],,False,False,False
kolkata,First_Mix_9504,['latest'],,False,False,False
kolkata,FitOwl87,['latest'],,False,False,False
kolkata,Former-Bid1017,"['latest', 'poster']",0.0,True,False,False
kolkata,Gamin_Addict,"['latest', 'top']",,False,False,False
kolkata,Glum_Feature_2626,['top'],,False,False,False
kolkata,GodsWorth01,['latest'],2.0,True,False,True
kolkata,Gol_D_Deb,"['latest', 'top']",,False,False,False
kolkata,Gumnaamibaba,['latest'],1.0,True,False,True
kolkata,Hefty-Simple-273,['top'],,False,False,False
kolkata,Hermy0612,"['latest', 'top']",2.0,True,False,True
kolkata,HyenaOptimal,['top'],,False,False,False
kolkata,IAMSHADOW1234,['top'],0.0,True,False,False
kolkata,Ill-Skill-7810,['latest'],1.0,True,False,True
kolkata,IllMathematician1803,['poster'],,False,False,False
kolkata,Ill_Confidence_3248,['top'],,False,False,False
kolkata,Illustrious_Issue763,['poster'],,False,False,False
kolkata,Impossible-Mood-4666,['poster'],,False,False,False
kolkata,IndependenceUpset914,['top'],,False,False,False
kolkata,Inevitable_Client307,['top'],,False,False,False
kolkata,Interesting_Monk2293,"['latest', 'top']",,False,False,False
kolkata,InternalServerError5,['latest'],,False,False,False
kolkata,Jattboy8iinch,['latest'],,False,False,False
kolkata,Jujutsuing,['top'],1.0,True,False,True
kolkata,JumboPrawn5,['top'],,False,False,False
kolkata,Last-Safe7072,['top'],1.0,True,False,True
kolkata,LieAgitated2869,['top'],1.0,True,False,True
kolkata,Longjumping_Tale6394,['top'],1.0,True,False,True
kolkata,LowFun0110,['latest'],,False,False,False
kolkata,Lucky-Ad-4798,['latest'],,False,False,False
kolkata,Mij99009,['latest'],0.0,True,False,False
kolkata,Moonlight1314,['top'],1.0,True,False,True
kolkata,Most-Bandicoot645,['top'],0.0,True,False,False
kolkata,Most-Peace1637,['top'],,False,False,False
kolkata,Mr_Ntropy,['latest'],,False,False,False
kolkata,New-Outcome3495,['latest'],,False,False,False
kolkata,New_Key3007,"['latest', 'top']",0.0,True,False,False
kolkata,Ninja-Panda70,['latest'],,False,False,False
kolkata,No-Hippo3809,['latest'],1.0,True,False,True
kolkata,No_Taste_1080,['top'],,False,False,False
kolkata,Nonchalant225,"['poster', 'top']",2.0,True,False,True
kolkata,NotHereToLove,"['latest', 'poster']",12.0,True,True,True
kolkata,Numerous-Tomorrow-26,['latest'],,False,False,False
kolkata,Odd_Confection_925,['top'],,False,False,False
kolkata,Odd_Scheme_711,['poster'],,False,False,False
kolkata,Ok_Percentage257,"['latest', 'top']",,False,False,False
kolkata,Optimal_Ad8613,['latest'],,False,False,False
kolkata,Ornery-Committee246,['latest'],0.0,True,False,False
kolkata,Paracetamol650,['top'],0.0,True,False,False
kolkata,Particular-Hippo-351,['top'],,False,False,False
kolkata,ParticularBother9692,['latest'],,False,False,False
kolkata,PauseRecent99,['top'],1.0,True,False,True
kolkata,PewdiePie9089,['top'],,False,False,False
kolkata,Polgua,['latest'],,False,False,False
kolkata,Positive-Appeal-3058,['top'],,False,False,False
kolkata,Potato2890,['top'],0.0,True,False,False
kolkata,Potential-Simple-901,['latest'],,False,False,False
kolkata,Powerful-Welcome-843,"['latest', 'top']",,False,False,False
kolkata,Present-Eggplant-902,"['latest', 'top']",,False,False,False
kolkata,ProductJazzlike2908,['latest'],,False,False,False
kolkata,Pure_Taste7048,['top'],,False,False,False
kolkata,Reindeer_Relative,['latest'],0.0,True,False,False
kolkata,Responsible_Bread372,['top'],,False,False,False
kolkata,Rimond14,"['latest', 'top']",,False,False,False
kolkata,Saambajarer-Sosibabu,"['poster', 'top']",16.0,True,True,True
kolkata,Safe-Rise-4790,"['latest', 'top']",3.0,True,False,True
kolkata,Scared_Baby_4860,"['latest', 'top']",,False,False,False
kolkata,Sharp_Mongoose_7343,['top'],,False,False,False
kolkata,Short_Guava63,['top'],6.0,True,True,True
kolkata,ShowWick7,['latest'],,False,False,False
kolkata,SignificantJoke8316,['latest'],,False,False,False
kolkata,Significant_Lunch817,['top'],,False,False,False
kolkata,Similar-Street-8247,"['latest', 'poster', 'top']",12.0,True,True,True
kolkata,SirFartsALot33,"['latest', 'top']",1.0,True,False,True
kolkata,Soumikp,['latest'],0.0,True,False,False
kolkata,SpoonofSalt,['latest'],,False,False,False
kolkata,Ssk5860,"['latest', 'top']",0.0,True,False,False
kolkata,StarPlatinum-69,['latest'],,False,False,False
kolkata,StrongVoice_007,['latest'],,False,False,False
kolkata,Substantial-Call-927,['latest'],,False,False,False
kolkata,Sunlightfartss,['top'],,False,False,False
kolkata,Superneel1988,"['latest', 'top']",0.0,True,False,False
kolkata,ThatGreatBoi,['top'],,False,False,False
kolkata,The-Bangaloreal,"['latest', 'top']",2.0,True,False,True
kolkata,TheBuroun,['top'],0.0,True,False,False
kolkata,TheLastWarrior1206,['latest'],,False,False,False
kolkata,Then_East1087,['poster'],,False,False,False
kolkata,Timeless_elephant,['poster'],,False,False,False
kolkata,Top_Routine_5566,['top'],,False,False,False
kolkata,TritiyaPandav,['poster'],,False,False,False
kolkata,Uglu_Buglu,['poster'],0.0,True,False,False
kolkata,UnhappyAnalyst2772,"['latest', 'top']",,False,False,False
kolkata,Upper_Weakness8408,"['latest', 'poster', 'top']",0.0,True,False,False
kolkata,VastNo2879,['top'],,False,False,False
kolkata,Vital_Lamp,['top'],0.0,True,False,False
kolkata,Warm-Breakfast-3688,['latest'],,False,False,False
kolkata,Weak-Pea8758,['latest'],,False,False,False
kolkata,WeepingDeveloper,"['latest', 'top']",,False,False,False
kolkata,WillingFly247,['top'],2.0,True,False,True
kolkata,Witty_Hand_9233,['top'],,False,False,False
kolkata,Worldly_Passenger161,['latest'],,False,False,False
kolkata,WrongdoerAdept3985,['latest'],0.0,True,False,False
kolkata,_anobody112_,['latest'],,False,False,False
kolkata,_temp-3,"['latest', 'top']",,False,False,False
kolkata,ad_unboxthetech,['latest'],,False,False,False
kolkata,ankanbhunia,['top'],0.0,True,False,False
kolkata,args10,['latest'],,False,False,False
kolkata,aromatic_underwear,['latest'],0.0,True,False,False
kolkata,arya_wrld,['poster'],,False,False,False
kolkata,barmanrags,"['latest', 'top']",1.0,True,False,True
kolkata,bikbar1,['latest'],2.0,True,False,True
kolkata,dankmemerlover69,['latest'],,False,False,False
kolkata,deadinsideyouXD,['latest'],,False,False,False
kolkata,dey27,['latest'],2.0,True,False,True
kolkata,dg11arindam,['latest'],,False,False,False
kolkata,dhruvvv_pawar,['latest'],,False,False,False
kolkata,dipintosaucs,['poster'],,False,False,False
kolkata,dont_ban_meeee,['top'],8.0,True,True,True
kolkata,dorara_pvt,"['poster', 'top']",,False,False,False
kolkata,egoxvert,['top'],,False,False,False
kolkata,exciting_one2005,['latest'],4.0,True,False,True
kolkata,fafdupussies,['latest'],,False,False,False
kolkata,gnittidder,['latest'],2.0,True,False,True
kolkata,goddude007,['top'],,False,False,False
kolkata,haleluyahha,['latest'],,False,False,False
kolkata,hashibababe,"['latest', 'top']",,False,False,False
kolkata,hownot2lyf,['latest'],,False,False,False
kolkata,humanfromporlock,['top'],0.0,True,False,False
kolkata,hype_a_102,"['latest', 'top']",,False,False,False
kolkata,i__am__db,['latest'],,False,False,False
kolkata,iamdip62,"['latest', 'top']",3.0,True,False,True
kolkata,idkmanfuc,"['latest', 'poster', 'top']",12.0,True,True,True
kolkata,iscrappedthe_data,['top'],0.0,True,False,False
kolkata,jarvis123451254,['top'],1.0,True,False,True
kolkata,jrcske67,['poster'],0.0,True,False,False
kolkata,justChilllinHere,['top'],0.0,True,False,False
kolkata,kaMal_9991,['top'],,False,False,False
kolkata,kansmamalovesyou,['top'],,False,False,False
kolkata,kholeChature,['latest'],12.0,True,True,True
kolkata,l05t_50ul,"['latest', 'top']",0.0,True,False,False
kolkata,l1consolable,['latest'],2.0,True,False,True
kolkata,lousy18,"['latest', 'top']",,False,False,False
kolkata,lucifer_carlito,['poster'],,False,False,False
kolkata,luvbrism,"['poster', 'top']",,False,False,False
kolkata,myplantsarehydrated,['latest'],,False,False,False
kolkata,natsuofujimessi,['latest'],1.0,True,False,True
kolkata,notnullyet,['top'],,False,False,False
kolkata,notrajanya,['latest'],,False,False,False
kolkata,nse_yolo,['top'],1.0,True,False,True
kolkata,outsider1624,['latest'],,False,False,False
kolkata,pawzoned,['latest'],,False,False,False
kolkata,pixworm,['top'],2.0,True,False,True
kolkata,poopicidal,['latest'],,False,False,False
kolkata,primorialdwarf,['top'],,False,False,False
kolkata,proasr,"['latest', 'top']",,False,False,False
kolkata,prof_devilsadvocate3,['latest'],4.0,True,False,True
kolkata,prongs1547,['latest'],,False,False,False
kolkata,rnrn-0yo2375-aye,"['latest', 'top']",2.0,True,False,True
kolkata,roy_anir,"['latest', 'top']",,False,False,False
kolkata,sengupta7,['latest'],,False,False,False
kolkata,senpahii_returns,['latest'],6.0,True,True,True
kolkata,severus_xdx,['top'],,False,False,False
kolkata,shinobiixx,['top'],0.0,True,False,False
kolkata,soumick,"['latest', 'top']",1.0,True,False,True
kolkata,star_shadoww,"['poster', 'top']",,False,False,False
kolkata,subsins,"['latest', 'top']",0.0,True,False,False
kolkata,swagonmypizza,"['latest', 'top']",,False,False,False
kolkata,switch_green09,"['latest', 'poster', 'top']",,False,False,False
kolkata,terrified-engine-117,"['latest', 'top']",,False,False,False
kolkata,the-virgin-suicides,['latest'],,False,False,False
kolkata,throwRA_Vera,['top'],,False,False,False
kolkata,truthful_liar_420,['top'],,False,False,False
kolkata,unskilledlabor_,['top'],1.0,True,False,True
kolkata,vathsa_95,"['latest', 'top']",4.0,True,False,True
kolkata,vhshujnee,['top'],1.0,True,False,True
kolkata,wizardrkd,['top'],0.0,True,False,False
kolkata,wolfgang_grimmer98,['latest'],,False,False,False
kolkata,wtfff0511,"['latest', 'top']",1.0,True,False,True
mumbai,2PacBiggieforever,"['latest', 'top']",,False,False,False
mumbai,5th_username_attempt,['latest'],,False,False,False
mumbai,Abhinik,['latest'],,False,False,False
mumbai,Accomplished-Cry1420,['latest'],2.0,True,False,True
mumbai,Adorable_Pension2442,['latest'],0.0,True,False,False
mumbai,AdventurousCode7281,"['latest', 'top']",,False,False,False
mumbai,Adventurous_Touch170,['latest'],,False,False,False
mumbai,Affectionate-Cap-920,['latest'],2.0,True,False,True
mumbai,AllIsEvanescent,['top'],2.0,True,False,True
mumbai,AlooParathewithcum,['latest'],4.0,True,False,True
mumbai,AltruisticReply7755,['latest'],,False,False,False
mumbai,AmitBhalerao,['top'],,False,False,False
mumbai,Any-Calligrapher2866,['latest'],9.0,True,True,True
mumbai,Aquarium_Lad0,['top'],,False,False,False
mumbai,Ashuu_69,['latest'],0.0,True,False,False
mumbai,AssignmentTough4554,"['latest', 'top']",2.0,True,False,True
mumbai,BALDEV-DESTROYER,['poster'],,False,False,False
mumbai,BihariBabua,['latest'],1.0,True,False,True
mumbai,BlueSkyandDarkland,['latest'],,False,False,False
mumbai,Bosasa,['top'],0.0,True,False,False
mumbai,Bulky-Carpet1368,['latest'],1.0,True,False,True
mumbai,Casp3r_ghOst,"['latest', 'top']",2.0,True,False,True
mumbai,Classic_Reference_10,['latest'],0.0,True,False,False
mumbai,CourageSpecific8144,['latest'],,False,False,False
mumbai,CustomerExtreme3898,['latest'],0.0,True,False,False
mumbai,Dark_Avenger_69,['top'],,False,False,False
mumbai,Deadzombii,['top'],3.0,True,False,True
mumbai,Deathly_Vader,"['latest', 'top']",2.0,True,False,True
mumbai,Dhruvi-60,['top'],1.0,True,False,True
mumbai,Direct_Sky5739,['top'],4.0,True,False,True
mumbai,Dis_CD,['latest'],2.0,True,False,True
mumbai,Divine_Snafu,['top'],,False,False,False
mumbai,Entire_One2271,['latest'],0.0,True,False,False
mumbai,Eternal_Jay,['poster'],,False,False,False
mumbai,Euphoric_Park1767,['latest'],,False,False,False
mumbai,Every-Violinist-2989,['poster'],,False,False,False
mumbai,ExchangeOptimal,['latest'],0.0,True,False,False
mumbai,ExtensionForce4354,['top'],,False,False,False
mumbai,Extra_Imagination193,['latest'],,False,False,False
mumbai,FALIOMON,['latest'],,False,False,False
mumbai,Fast_Impression9738,['latest'],2.0,True,False,True
mumbai,FewInteraction4563,['latest'],,False,False,False
mumbai,Few_Dream_4938,['top'],,False,False,False
mumbai,Final-Mortgage4673,['latest'],,False,False,False
mumbai,FishermanImaginary80,['top'],,False,False,False
mumbai,Flat_Championship_20,['top'],2.0,True,False,True
mumbai,FlourBoyy,['top'],1.0,True,False,True
mumbai,ForwardInstance,['top'],,False,False,False
mumbai,Forward_Fix_1682,['top'],0.0,True,False,False
mumbai,G33kym4n,"['latest', 'top']",0.0,True,False,False
mumbai,Glass_Extension_6529,['top'],2.0,True,False,True
mumbai,Global-Equipment-856,['top'],2.0,True,False,True
mumbai,Gloomy_Tangerine3123,"['latest', 'top']",2.0,True,False,True
mumbai,GrabOk4101,['latest'],,False,False,False
mumbai,Green-Island-2283,['latest'],8.0,True,True,True
mumbai,GroupSignal6973,['top'],,False,False,False
mumbai,Gullible_Chocolate95,"['latest', 'top']",1.0,True,False,True
mumbai,Heartinsane,"['latest', 'top']",0.0,True,False,False
mumbai,Historical-Role2484,"['latest', 'poster']",,False,False,False
mumbai,HotHippo3,['latest'],,False,False,False
mumbai,IdealEmpty8363,['latest'],,False,False,False
mumbai,Imaginary-Durian-644,['top'],,False,False,False
mumbai,Immediate-Rip4861,['poster'],,False,False,False
mumbai,ImpressiveMud1623,['poster'],,False,False,False
mumbai,ImpulsiveTeen,['latest'],6.0,True,True,True
mumbai,Imsongoku7,['top'],9.0,True,True,True
mumbai,Indian_Steam,"['latest', 'top']",2.0,True,False,True
mumbai,Indin_Dude,"['latest', 'top']",,False,False,False
mumbai,IntelligentCycle5103,"['latest', 'top']",,False,False,False
mumbai,InternationalIron706,"['latest', 'top']",,False,False,False
mumbai,Itchy-Bag9501,['top'],0.0,True,False,False
mumbai,JoeAnthony,"['latest', 'poster', 'top']",2.0,True,False,True
mumbai,JohnathonW95,['top'],0.0,True,False,False
mumbai,Known-Astronomer9765,['top'],0.0,True,False,False
mumbai,Ksha3yaNK,['top'],8.0,True,True,True
mumbai,LaysAirBreather,"['latest', 'top']",,False,False,False
mumbai,Lazy-House-8112,['latest'],0.0,True,False,False
mumbai,Leading_Positive_337,['latest'],,False,False,False
mumbai,Lightup17,"['latest', 'top']",,False,False,False
mumbai,Living-Degree-9441,['top'],2.0,True,False,True
mumbai,Lonely-Ordinary1478,['poster'],12.0,True,True,True
mumbai,Low-Distance7888,['latest'],,False,False,False
mumbai,MRKNL,['top'],,False,False,False
mumbai,MaintenanceLow97,['top'],,False,False,False
mumbai,Maple-Syrup-Bandit,['latest'],1.0,True,False,True
mumbai,McAlooTikku,['top'],,False,False,False
mumbai,McgrawFeathers,['latest'],,False,False,False
mumbai,MeManoos,['poster'],,False,False,False
mumbai,MeTejaHu,"['latest', 'top']",8.0,True,True,True
mumbai,Mean_Film_1007,['top'],,False,False,False
mumbai,Mediocre_Low7198,['poster'],,False,False,False
mumbai,Meliodas016,['latest'],2.0,True,False,True
mumbai,MoneyMagnet2008,['top'],,False,False,False
mumbai,Muted_Cable_1963,['top'],,False,False,False
mumbai,Natural-Yogurt-99,['top'],,False,False,False
mumbai,Negative_Bag241,['latest'],,False,False,False
mumbai,Neither-Scarcity-235,['latest'],0.0,True,False,False
mumbai,No-Kiwi-5270,['latest'],,False,False,False
mumbai,No_Writer4668,['latest'],,False,False,False
mumbai,Normal-Addition-173,['top'],,False,False,False
mumbai,Odd-Cell-8883,['latest'],,False,False,False
mumbai,Ok-Life5170,"['latest', 'top']",,False,False,False
mumbai,Ok_Distribution8175,['top'],,False,False,False
mumbai,Ok_Injury1644,['latest'],,False,False,False
mumbai,Old-Adhesiveness2803,['top'],0.0,True,False,False
mumbai,Only-Maintenance1774,['top'],,False,False,False
mumbai,Open_Goose3468,['latest'],,False,False,False
mumbai,Overall-Vacation-90,['latest'],0.0,True,False,False
mumbai,Own-Awareness1597,['latest'],1.0,True,False,True
mumbai,Particular_Shift8895,['latest'],0.0,True,False,False
mumbai,PeacefulAtheist,['poster'],,False,False,False
mumbai,Prestigious-Dot-6465,['latest'],,False,False,False
mumbai,Previous-Ad8792,['top'],0.0,True,False,False
mumbai,Proof-Painting9791,['latest'],,False,False,False
mumbai,PsyKite,['top'],3.0,True,False,True
mumbai,PsySmoothy,['latest'],0.0,True,False,False
mumbai,RandomNow1,['top'],,False,False,False
mumbai,Relevant_Skirt_3212,"['latest', 'top']",,False,False,False
mumbai,Remote_Tap6299,['top'],4.0,True,False,True
mumbai,Rigvedabhi_2019,['poster'],,False,False,False
mumbai,RoyBoi_39T,['latest'],,False,False,False
mumbai,Saambajarer-Sosibabu,['latest'],16.0,True,True,True
mumbai,Sagacious_onlooker,['top'],,False,False,False
mumbai,SaintedTainted,['poster'],4.0,True,False,True
mumbai,Select_Ebb_3868,['latest'],,False,False,False
mumbai,Several-Support-9259,"['latest', 'top']",,False,False,False
mumbai,Shreee08,"['latest', 'top']",8.0,True,True,True
mumbai,Significant_Show57,['top'],9.0,True,True,True
mumbai,Silly-Ad-8823,['latest'],,False,False,False
mumbai,Sir_speeds_alot,['latest'],1.0,True,False,True
mumbai,Siuuuu_cide,['latest'],,False,False,False
mumbai,SpideyWithAnAss,['latest'],,False,False,False
mumbai,Spirit-Hydra69,['latest'],,False,False,False
mumbai,SquawkTalk,"['latest', 'top']",,False,False,False
mumbai,Starkcasm,['latest'],0.0,True,False,False
mumbai,Starplayer999,['top'],1.0,True,False,True
mumbai,Strange_Guy006,"['latest', 'top']",0.0,True,False,False
mumbai,Striking-Draft-5481,['poster'],9.0,True,True,True
mumbai,SupernovaKingx8,['poster'],,False,False,False
mumbai,TheOG_DeadShoT,['top'],1.0,True,False,True
mumbai,TheRealOriginalSatan,"['latest', 'top']",1.0,True,False,True
mumbai,TheStarkster3000,['top'],1.0,True,False,True
mumbai,This_Patience_6508,"['latest', 'top']",0.0,True,False,False
mumbai,Titaniumspring,['top'],0.0,True,False,False
mumbai,Traditional-Gap-6716,['latest'],,False,False,False
mumbai,Unlucky-Whole-9274,['latest'],6.0,True,True,True
mumbai,UpsetAd6643,"['latest', 'top']",,False,False,False
mumbai,Used-Ad-3435,['top'],0.0,True,False,False
mumbai,Visual-Paper6647,['top'],2.0,True,False,True
mumbai,WYD_stepSister,['latest'],,False,False,False
mumbai,WeShaII,"['latest', 'top']",,False,False,False
mumbai,Weird_WorldInd,['latest'],,False,False,False
mumbai,WideCod8462,['top'],,False,False,False
mumbai,Willing-Resolve09,['latest'],,False,False,False
mumbai,Winter_Value_7632,"['latest', 'top']",1.0,True,False,True
mumbai,Witch_Doctor_In,['top'],3.0,True,False,True
mumbai,WorthAdhesiveness388,['latest'],,False,False,False
mumbai,YesterdayDreamer,['latest'],4.0,True,False,True
mumbai,YouKnowMeButDont0,"['latest', 'top']",1.0,True,False,True
mumbai,Your-cup-of-coffee,['poster'],,False,False,False
mumbai,_Floydimus,['top'],8.0,True,True,True
mumbai,_Psyduck-,"['latest', 'top']",,False,False,False
mumbai,aaronvolkov2,['latest'],,False,False,False
mumbai,abhiSamjhe,['latest'],2.0,True,False,True
mumbai,abhijeetsskamble,"['latest', 'top']",0.0,True,False,False
mumbai,alphaBEE_1,['top'],0.0,True,False,False
mumbai,arnitdo,['latest'],,False,False,False
mumbai,average-teen-guy,['top'],0.0,True,False,False
mumbai,baddadjokesminusdad,"['latest', 'top']",1.0,True,False,True
mumbai,bal1892,['latest'],,False,False,False
mumbai,barbieoncocaine14,['latest'],,False,False,False
mumbai,bebop_eh,"['latest', 'top']",1.0,True,False,True
mumbai,blueberry_slushyyy,"['latest', 'top']",1.0,True,False,True
mumbai,boots_the_barbarian,['latest'],1.0,True,False,True
mumbai,calvinwalterson,['latest'],,False,False,False
mumbai,chanduchillar_,['latest'],,False,False,False
mumbai,chemicallocha05,"['latest', 'top']",12.0,True,True,True
mumbai,crackmelikeaglowstic,['top'],0.0,True,False,False
mumbai,d3athR0n,"['latest', 'top']",0.0,True,False,False
mumbai,datadumbo,"['latest', 'top']",4.0,True,False,True
mumbai,deadboy_012,"['latest', 'top']",,False,False,False
mumbai,dhemigatikasamachaar,['top'],,False,False,False
mumbai,dontdonnaame,['latest'],,False,False,False
mumbai,dwalphin,['latest'],1.0,True,False,True
mumbai,fake_account_98211,"['latest', 'top']",2.0,True,False,True
mumbai,fakemessiah1,"['latest', 'top']",0.0,True,False,False
mumbai,fluxkaizenflux,['top'],,False,False,False
mumbai,fullmetalpower,['top'],1.0,True,False,True
mumbai,goofybrickhitter,['latest'],,False,False,False
mumbai,guychampion,['top'],2.0,True,False,True
mumbai,gypsydreams101,['latest'],,False,False,False
mumbai,hankypanky555,['top'],0.0,True,False,False
mumbai,iGuessYouReadIt,['top'],2.0,True,False,True
mumbai,iZsaq,['poster'],,False,False,False
mumbai,iammoin46,['latest'],2.0,True,False,True
mumbai,iphone4Suser,['latest'],2.0,True,False,True
mumbai,jack_1760,"['poster', 'top']",4.0,True,False,True
mumbai,kaladin_stormchest,"['latest', 'top']",4.0,True,False,True
mumbai,kalidoskolosal,['top'],,False,False,False
mumbai,kidharhaibro,"['latest', 'top']",2.0,True,False,True
mumbai,kinddemocracy,['latest'],1.0,True,False,True
mumbai,kk_red,['top'],1.0,True,False,True
mumbai,kwadd,['latest'],1.0,True,False,True
mumbai,lambiseeti,"['latest', 'top']",1.0,True,False,True
mumbai,livLongAndRed,"['latest', 'top']",0.0,True,False,False
mumbai,lonelyCobra,['top'],2.0,True,False,True
mumbai,mafik69,"['latest', 'top']",,False,False,False
mumbai,missedOpportunity343,"['latest', 'top']",,False,False,False
mumbai,moab911,['top'],0.0,True,False,False
mumbai,moronbehindthescreen,['top'],4.0,True,False,True
mumbai,nifty9099,['top'],,False,False,False
mumbai,ninjafiedzombie,['latest'],,False,False,False
mumbai,no_nonsenses,['top'],0.0,True,False,False
mumbai,nomad5405,['latest'],,False,False,False
mumbai,nosferatu1806,['poster'],0.0,True,False,False
mumbai,nyxxxtron,['poster'],8.0,True,True,True
mumbai,pedropedrotrader,['latest'],,False,False,False
mumbai,pinterest_paglu15,['poster'],,False,False,False
mumbai,psychicsoul123,['latest'],2.0,True,False,True
mumbai,quirky0987,['top'],0.0,True,False,False
mumbai,randomvariable10,['top'],2.0,True,False,True
mumbai,redPistolStar,['top'],,False,False,False
mumbai,rushi_B,['top'],0.0,True,False,False
mumbai,sagarkelkar28,['poster'],,False,False,False
mumbai,samratvishaljain,"['latest', 'top']",0.0,True,False,False
mumbai,sastavadapav,"['latest', 'top']",1.0,True,False,True
mumbai,seedhibaatnobakwass,"['latest', 'top']",4.0,True,False,True
mumbai,senpahii_returns,['poster'],6.0,True,True,True
mumbai,sherpitch51,"['latest', 'top']",,False,False,False
mumbai,simpleliving100,['latest'],2.0,True,False,True
mumbai,sirajnoorani,['poster'],0.0,True,False,False
mumbai,smooth-operator6897,"['latest', 'top']",2.0,True,False,True
mumbai,soh_amore,['top'],0.0,True,False,False
mumbai,spirit101_gg,['poster'],8.0,True,True,True
mumbai,sunilswag,['top'],2.0,True,False,True
mumbai,svmk1987,['latest'],2.0,True,False,True
mumbai,techabouts,['top'],0.0,True,False,False
mumbai,that_oldmonkguy,['top'],,False,False,False
mumbai,thatbuttcracktho,"['poster', 'top']",0.0,True,False,False
mumbai,the_Spider_459,['latest'],,False,False,False
mumbai,the_running_stache,['latest'],2.0,True,False,True
mumbai,theshykidd,['top'],,False,False,False
mumbai,thewhitetulip,"['latest', 'top']",,False,False,False
mumbai,thickboymumbai,['latest'],,False,False,False
mumbai,tinycupcake_006,['top'],,False,False,False
mumbai,turtledoveangel_3,['top'],0.0,True,False,False
mumbai,urge_kiya_hai,['latest'],0.0,True,False,False
mumbai,user404notfoun,['poster'],,False,False,False
mumbai,uzer4vedi,['top'],,False,False,False
mumbai,whoisur,['poster'],,False,False,False
mumbai,whydontyouthinkfloyd,['top'],,False,False,False
mumbai,xperia3310,['latest'],2.0,True,False,True
mumbai,yourmanviv,['top'],,False,False,False
personalfinanceindia,ABahRunt,['top'],4.0,True,False,True
personalfinanceindia,A_Priyam_srivastava,['latest'],,False,False,False
personalfinanceindia,Abalone-Objective,['latest'],0.0,True,False,False
personalfinanceindia,Accomplished_Eye6883,['latest'],,False,False,False
personalfinanceindia,Accomplished_Nose639,['top'],,False,False,False
personalfinanceindia,AdSome8362,"['poster', 'top']",,False,False,False
personalfinanceindia,Additional_Sea_2919,['poster'],,False,False,False
personalfinanceindia,Admirable_Tale7745,['latest'],,False,False,False
personalfinanceindia,Adventurous_War_3561,['top'],0.0,True,False,False
personalfinanceindia,Alarming_Finance2503,"['latest', 'top']",,False,False,False
personalfinanceindia,AlternativeFace292,['top'],2.0,True,False,True
personalfinanceindia,Altruistic-Ease-4903,"['latest', 'poster']",,False,False,False
personalfinanceindia,Apart-Text-9571,['poster'],,False,False,False
personalfinanceindia,Appropriate_Page_824,['top'],2.0,True,False,True
personalfinanceindia,ArabianCoconut,['top'],0.0,True,False,False
personalfinanceindia,ArrivingSomewhereBut,"['poster', 'top']",,False,False,False
personalfinanceindia,Background_Style406,['poster'],,False,False,False
personalfinanceindia,Bad_ass_da,['latest'],,False,False,False
personalfinanceindia,Big-Tailor-1404,['top'],1.0,True,False,True
personalfinanceindia,BiggerFix,['top'],,False,False,False
personalfinanceindia,BlahBlahBlah_3748,['top'],,False,False,False
personalfinanceindia,BoredTigerWillKill,['top'],0.0,True,False,False
personalfinanceindia,BreakfastNo51,['top'],,False,False,False
personalfinanceindia,Broad-Research5220,"['latest', 'top']",16.0,True,True,True
personalfinanceindia,CaffeineColonel,['latest'],,False,False,False
personalfinanceindia,Capable_capybara_,['latest'],,False,False,False
personalfinanceindia,CareerThis2727,['latest'],2.0,True,False,True
personalfinanceindia,Careful_Alfalfa_5882,['top'],2.0,True,False,True
personalfinanceindia,ChannelyourBets,['top'],,False,False,False
personalfinanceindia,ChepaukPitch,['latest'],2.0,True,False,True
personalfinanceindia,Concept-Plastic,"['latest', 'top']",2.0,True,False,True
personalfinanceindia,ConquerorShark,['top'],,False,False,False
personalfinanceindia,Conscious_Mud_1090,['latest'],,False,False,False
personalfinanceindia,Ctrl_Alt_Drift,['latest'],2.0,True,False,True
personalfinanceindia,DR_Benoit,['top'],0.0,True,False,False
personalfinanceindia,DarkBlade_12,['latest'],0.0,True,False,False
personalfinanceindia,Destroyer-128,['top'],1.0,True,False,True
personalfinanceindia,DeusExMachina24,['top'],2.0,True,False,True
personalfinanceindia,DevyBash,['latest'],1.0,True,False,True
personalfinanceindia,DisastrousSky7626,['latest'],,False,False,False
personalfinanceindia,DonKarnageXt,['top'],1.0,True,False,True
personalfinanceindia,Downtown-Body7841,['top'],2.0,True,False,True
personalfinanceindia,Dramatic_Set9261,['latest'],,False,False,False
personalfinanceindia,DummyQuest,['latest'],0.0,True,False,False
personalfinanceindia,EarlierJethiyaBabita,['latest'],2.0,True,False,True
personalfinanceindia,Easy-Wallaby3837,['top'],,False,False,False
personalfinanceindia,EctoplasmicExclusion,['top'],,False,False,False
personalfinanceindia,EnlightenedSage01,"['latest', 'top']",,False,False,False
personalfinanceindia,Enough_Image_7548,['latest'],1.0,True,False,True
personalfinanceindia,EntertainmentKey980,"['latest', 'top']",0.0,True,False,False
personalfinanceindia,EstablishmentFew7604,['top'],,False,False,False
personalfinanceindia,Euphoric_Entrance460,['top'],,False,False,False
personalfinanceindia,External_Ad_7096,['top'],,False,False,False
personalfinanceindia,ExtraChubbyPikachu,['top'],8.0,True,True,True
personalfinanceindia,Fair-Tax-9240,['top'],,False,False,False
personalfinanceindia,Famous_Simple_1712,"['poster', 'top']",,False,False,False
personalfinanceindia,Fearless_Ad_3886,['latest'],,False,False,False
personalfinanceindia,Few_Frosting_3436,"['latest', 'top']",,False,False,False
personalfinanceindia,Fin_Turtle,"['latest', 'top']",2.0,True,False,True
personalfinanceindia,Flimsy-Try-6509,['top'],,False,False,False
personalfinanceindia,Flimsy_Program_8551,['top'],0.0,True,False,False
personalfinanceindia,FuckPigeons2025,['top'],2.0,True,False,True
personalfinanceindia,Fun_Donut_4163,['top'],,False,False,False
personalfinanceindia,Gloomy_Temporary2914,['top'],12.0,True,True,True
personalfinanceindia,Greedy_Bad_8406,['latest'],,False,False,False
personalfinanceindia,GrimReaper_7,['latest'],,False,False,False
personalfinanceindia,HR_114,"['latest', 'top']",2.0,True,False,True
personalfinanceindia,Heavy_Luck_6085,['top'],1.0,True,False,True
personalfinanceindia,IamPsyduck,['latest'],0.0,True,False,False
personalfinanceindia,Icy-Wolverine-5436,"['latest', 'top']",,False,False,False
personalfinanceindia,Illustrious-Sound714,['latest'],,False,False,False
personalfinanceindia,Illustrious_Tea_5999,"['poster', 'top']",6.0,True,True,True
personalfinanceindia,Imaginary-Emotion166,['latest'],,False,False,False
personalfinanceindia,Immediate-Ad-7510,['latest'],,False,False,False
personalfinanceindia,IndependentHeight948,['latest'],,False,False,False
personalfinanceindia,Independent_Door6619,['top'],,False,False,False
personalfinanceindia,IndusDesigns,['top'],,False,False,False
personalfinanceindia,Informal_Assist_1329,['top'],,False,False,False
personalfinanceindia,Initial-Prompt-2653,['top'],1.0,True,False,True
personalfinanceindia,Jaded-Mammoth6229,"['latest', 'poster']",,False,False,False
personalfinanceindia,Jazzlike-Swim6838,['top'],,False,False,False
personalfinanceindia,Juicernamesmine,['latest'],1.0,True,False,True
personalfinanceindia,JuryLumpy,['top'],,False,False,False
personalfinanceindia,Kalikallay,['latest'],,False,False,False
personalfinanceindia,KeanuReevesNephew,['latest'],0.0,True,False,False
personalfinanceindia,Khajooor,"['latest', 'top']",,False,False,False
personalfinanceindia,Kirua-001,['latest'],,False,False,False
personalfinanceindia,LonelyLetterhead8765,['top'],,False,False,False
personalfinanceindia,Long-Gap1909,['latest'],0.0,True,False,False
personalfinanceindia,Maleficent-Club-8124,['latest'],,False,False,False
personalfinanceindia,Midnight_Sun3107,['top'],1.0,True,False,True
personalfinanceindia,Mission_Jelly_7253,['latest'],,False,False,False
personalfinanceindia,MoneyMagnet2008,['latest'],,False,False,False
personalfinanceindia,Murky_Swordfish1410,"['poster', 'top']",,False,False,False
personalfinanceindia,MutedReputation6785,['poster'],,False,False,False
personalfinanceindia,Muted_Comfortable561,"['poster', 'top']",,False,False,False
personalfinanceindia,MysteriousSearch6664,['latest'],0.0,True,False,False
personalfinanceindia,Mythohlogy,['latest'],,False,False,False
personalfinanceindia,Naive_Necessary_3641,['latest'],0.0,True,False,False
personalfinanceindia,Nameless_Thread,"['poster', 'top']",,False,False,False
personalfinanceindia,Naruto-189,"['poster', 'top']",,False,False,False
personalfinanceindia,Nearby-Obligation730,['latest'],,False,False,False
personalfinanceindia,Neat-Row326,['top'],1.0,True,False,True
personalfinanceindia,Necessary_Drama6337,['latest'],,False,False,False
personalfinanceindia,Necessary_Pudding454,['latest'],,False,False,False
personalfinanceindia,Nervous-Ingenuity509,['latest'],0.0,True,False,False
personalfinanceindia,Nervous_Description7,['latest'],,False,False,False
personalfinanceindia,NickHalfBlood,"['latest', 'top']",0.0,True,False,False
personalfinanceindia,NoMedicine3572,"['poster', 'top']",12.0,True,True,True
personalfinanceindia,No_Appointment759,['top'],2.0,True,False,True
personalfinanceindia,No_Let_5065,['top'],2.0,True,False,True
personalfinanceindia,Normie-Person,['latest'],,False,False,False
personalfinanceindia,NoseIntelligent1249,['latest'],,False,False,False
personalfinanceindia,Novel_Mud8665,['top'],,False,False,False
personalfinanceindia,Ok-Being1322,"['latest', 'poster', 'top']",,False,False,False
personalfinanceindia,OkJudge5932,['poster'],,False,False,False
personalfinanceindia,Ok_Campaign6726,"['latest', 'top']",,False,False,False
personalfinanceindia,Ok_Charizard,['top'],,False,False,False
personalfinanceindia,Ok_Pomelo_5033,['top'],1.0,True,False,True
personalfinanceindia,Old-Blacksmith-4890,['poster'],,False,False,False
personalfinanceindia,Old_Dark_7426,['latest'],,False,False,False
personalfinanceindia,OneRandomGhost,"['latest', 'top']",0.0,True,False,False
personalfinanceindia,Parking_Proof_5785,['top'],,False,False,False
personalfinanceindia,Patient_Musician_375,['top'],,False,False,False
personalfinanceindia,Playful-Bird9203,['latest'],,False,False,False
personalfinanceindia,Poha_Best_Breakfast,['top'],2.0,True,False,True
personalfinanceindia,Powerful-Set-5754,['top'],1.0,True,False,True
personalfinanceindia,Present_Wind2800,['latest'],,False,False,False
personalfinanceindia,ProfessionalImpact96,['poster'],2.0,True,False,True
personalfinanceindia,PsychologicalShake10,['latest'],0.0,True,False,False
personalfinanceindia,PsychologyNo7025,"['latest', 'top']",4.0,True,False,True
personalfinanceindia,Radiant_Rabbit6746,['top'],,False,False,False
personalfinanceindia,Randomdude_906,['latest'],,False,False,False
personalfinanceindia,RaspberryNo8046,['top'],,False,False,False
personalfinanceindia,Realistic-Owl3972,['top'],,False,False,False
personalfinanceindia,RedLipstickGirl10,['latest'],,False,False,False
personalfinanceindia,Reg-infinia_2026,['top'],0.0,True,False,False
personalfinanceindia,Remarkable_List2887,['latest'],,False,False,False
personalfinanceindia,Remote-Dragonfly1657,['top'],1.0,True,False,True
personalfinanceindia,Sabmohmayahaibro,"['latest', 'top']",3.0,True,False,True
personalfinanceindia,Sad_Firefighter_4879,['latest'],,False,False,False
personalfinanceindia,Same_worm,"['latest', 'top']",,False,False,False
personalfinanceindia,Senior-Trade-7567,['latest'],,False,False,False
personalfinanceindia,ShadowPulse128,"['latest', 'top']",,False,False,False
personalfinanceindia,ShahMeWhatYouGot,"['latest', 'top']",,False,False,False
personalfinanceindia,Shah_of_Iran_,"['latest', 'top']",0.0,True,False,False
personalfinanceindia,Shauryaahere341,['top'],,False,False,False
personalfinanceindia,Short_Guava63,['top'],6.0,True,True,True
personalfinanceindia,Signal_Ad3275,['latest'],2.0,True,False,True
personalfinanceindia,SignificantTrifle245,['top'],,False,False,False
personalfinanceindia,Silodal,['top'],1.0,True,False,True
personalfinanceindia,SleepyTan0511,"['latest', 'top']",0.0,True,False,False
personalfinanceindia,Stock-Pop-910,['latest'],,False,False,False
personalfinanceindia,SubstantialLog9113,"['latest', 'poster', 'top']",,False,False,False
personalfinanceindia,Tangent_pikachu,['top'],2.0,True,False,True
personalfinanceindia,Technical_Unit_3252,['top'],,False,False,False
personalfinanceindia,Thanay08,"['latest', 'top']",,False,False,False
personalfinanceindia,That_Manufacturer_20,['top'],,False,False,False
personalfinanceindia,TheMarineEngr,['top'],0.0,True,False,False
personalfinanceindia,ThetaDayAfternoon,['latest'],2.0,True,False,True
personalfinanceindia,Thick_tongue6867,['latest'],1.0,True,False,True
personalfinanceindia,Traditional_Let_842,['top'],,False,False,False
personalfinanceindia,UniversityDizzy5898,['latest'],,False,False,False
personalfinanceindia,Ussop1901,['latest'],,False,False,False
personalfinanceindia,Vadapaav84,"['latest', 'top']",0.0,True,False,False
personalfinanceindia,VenomSpittt,['top'],,False,False,False
personalfinanceindia,Vicerock_,"['latest', 'top']",0.0,True,False,False
personalfinanceindia,Visible_Champion4560,['latest'],,False,False,False
personalfinanceindia,Visual-Run-4718,['latest'],2.0,True,False,True
personalfinanceindia,Wacko_97,"['latest', 'top']",,False,False,False
personalfinanceindia,Warm-Border1617,"['poster', 'top']",,False,False,False
personalfinanceindia,WeeklyExamination942,['top'],,False,False,False
personalfinanceindia,WittyMango7,['latest'],,False,False,False
personalfinanceindia,YogurtclosetLeast230,['top'],,False,False,False
personalfinanceindia,admiral_luldog,['top'],,False,False,False
personalfinanceindia,ai_investor77,['latest'],2.0,True,False,True
personalfinanceindia,ajeeb_gandu,['top'],6.0,True,True,True
personalfinanceindia,arav,['top'],2.0,True,False,True
personalfinanceindia,awol_man,['latest'],,False,False,False
personalfinanceindia,awsome_alpaca,['latest'],,False,False,False
personalfinanceindia,badass_guts,['latest'],,False,False,False
personalfinanceindia,bagheera_bh,['top'],,False,False,False
personalfinanceindia,biblio_,['top'],,False,False,False
personalfinanceindia,blinksTooLess,['latest'],2.0,True,False,True
personalfinanceindia,bomdiggybomgirl,['top'],,False,False,False
personalfinanceindia,centertable,"['latest', 'top']",,False,False,False
personalfinanceindia,cnb53,['top'],,False,False,False
personalfinanceindia,corvus2187,"['latest', 'top']",0.0,True,False,False
personalfinanceindia,d_11,['latest'],1.0,True,False,True
personalfinanceindia,daBuddhaWay,['top'],2.0,True,False,True
personalfinanceindia,debt-lens,['top'],0.0,True,False,False
personalfinanceindia,desi-crypto,['latest'],0.0,True,False,False
personalfinanceindia,dhilu3089,['latest'],0.0,True,False,False
personalfinanceindia,displeased_potato,"['latest', 'top']",0.0,True,False,False
personalfinanceindia,dj184,['top'],1.0,True,False,True
personalfinanceindia,djinngerale,['latest'],0.0,True,False,False
personalfinanceindia,dvishall,['latest'],0.0,True,False,False
personalfinanceindia,ekkanpuriya,"['latest', 'top']",0.0,True,False,False
personalfinanceindia,famesardens,['top'],2.0,True,False,True
personalfinanceindia,findinganamme,"['latest', 'top']",,False,False,False
personalfinanceindia,glad-you-asked,['latest'],2.0,True,False,True
personalfinanceindia,goonergod6996,['latest'],,False,False,False
personalfinanceindia,gunda_swami,['latest'],,False,False,False
personalfinanceindia,harshacc,['top'],0.0,True,False,False
personalfinanceindia,hereforstor1es,['latest'],,False,False,False
personalfinanceindia,imaginevishal,"['latest', 'poster', 'top']",,False,False,False
personalfinanceindia,iocxx,['latest'],,False,False,False
personalfinanceindia,itzmanu1989,['latest'],1.0,True,False,True
personalfinanceindia,kawaguchiko,['latest'],,False,False,False
personalfinanceindia,kb_kills,['top'],0.0,True,False,False
personalfinanceindia,kingmegx,['top'],,False,False,False
personalfinanceindia,krana4592,"['latest', 'top']",0.0,True,False,False
personalfinanceindia,kronos55,['latest'],2.0,True,False,True
personalfinanceindia,life_noob00,['top'],,False,False,False
personalfinanceindia,lone_warrior_ind,['latest'],,False,False,False
personalfinanceindia,lowkeywrecked,['top'],,False,False,False
personalfinanceindia,m0h1tkumaar,['latest'],2.0,True,False,True
personalfinanceindia,mc_accounty_account,['top'],0.0,True,False,False
personalfinanceindia,mkumar118,"['latest', 'top']",0.0,True,False,False
personalfinanceindia,mrdrinksonme,['latest'],4.0,True,False,True
personalfinanceindia,mrexperimenter,['latest'],,False,False,False
personalfinanceindia,mulloverit,"['latest', 'top']",,False,False,False
personalfinanceindia,naturaltiming,['latest'],0.0,True,False,False
personalfinanceindia,ngomma_solren,['latest'],,False,False,False
personalfinanceindia,oPisBat,['latest'],1.0,True,False,True
personalfinanceindia,opinion_discarder,['latest'],6.0,True,True,True
personalfinanceindia,pathToBeing,['latest'],,False,False,False
personalfinanceindia,phoenix5irre,['latest'],0.0,True,False,False
personalfinanceindia,qwerty_qwer,['top'],0.0,True,False,False
personalfinanceindia,raider_bro,['latest'],,False,False,False
personalfinanceindia,rajeshbhat_ds,"['poster', 'top']",6.0,True,True,True
personalfinanceindia,revasen,['latest'],2.0,True,False,True
personalfinanceindia,salaryexitindia,"['latest', 'poster', 'top']",,False,False,False
personalfinanceindia,sdjnd,['top'],1.0,True,False,True
personalfinanceindia,sirfapdoge,['latest'],,False,False,False
personalfinanceindia,skye-charmer-01,['latest'],,False,False,False
personalfinanceindia,sleepdeprivedsince92,['top'],0.0,True,False,False
personalfinanceindia,sleepylittlething666,['latest'],,False,False,False
personalfinanceindia,sss100100,"['latest', 'top']",0.0,True,False,False
personalfinanceindia,swagzzz_krizzz,['top'],0.0,True,False,False
personalfinanceindia,sweet_poison87,['top'],,False,False,False
personalfinanceindia,themadhatter746,['latest'],0.0,True,False,False
personalfinanceindia,thewiselad,['latest'],,False,False,False
personalfinanceindia,think_2times,['latest'],0.0,True,False,False
personalfinanceindia,thirtyone-charlie,['latest'],,False,False,False
personalfinanceindia,thunderboy13,['top'],,False,False,False
personalfinanceindia,tpabgnxcrg,['top'],,False,False,False
personalfinanceindia,trumpdolund,['latest'],2.0,True,False,True
personalfinanceindia,trying2bgeek,['latest'],,False,False,False
personalfinanceindia,ubiexplorer,['latest'],,False,False,False
personalfinanceindia,udbilao_007,"['latest', 'top']",0.0,True,False,False
personalfinanceindia,ulf3t,['top'],,False,False,False
personalfinanceindia,uuuuvS,['latest'],,False,False,False
personalfinanceindia,vegarhoalpha,['top'],2.0,True,False,True
personalfinanceindia,vrush05,['top'],,False,False,False
personalfinanceindia,who_is_erik,"['latest', 'poster']",,False,False,False
personalfinanceindia,whohas,['top'],0.0,True,False,False
personalfinanceindia,wisdomofpj,['latest'],,False,False,False
personalfinanceindia,xavierzyst,['top'],,False,False,False
personalfinanceindia,yung_intellectual,"['latest', 'poster', 'top']",2.0,True,False,True
unitedstatesofindia,16x2is8,['latest'],,False,False,False
unitedstatesofindia,51837,"['latest', 'top']",2.0,True,False,True
unitedstatesofindia,AbhiSHAKE3,['top'],0.0,True,False,False
unitedstatesofindia,Actual_Stand4693,['latest'],1.0,True,False,True
unitedstatesofindia,Advanced-Risk-5584,['top'],,False,False,False
unitedstatesofindia,Affectionate-Ball-35,['top'],1.0,True,False,True
unitedstatesofindia,Affectionate_Use_364,['latest'],1.0,True,False,True
unitedstatesofindia,Afraid_Habit7036,['top'],0.0,True,False,False
unitedstatesofindia,Agent_Saffron666,['latest'],1.0,True,False,True
unitedstatesofindia,AggravatingAnswer921,"['latest', 'top']",2.0,True,False,True
unitedstatesofindia,Agreeable_Winter8053,['top'],2.0,True,False,True
unitedstatesofindia,AllIsEvanescent,['top'],2.0,True,False,True
unitedstatesofindia,AlliterationAlly,['latest'],2.0,True,False,True
unitedstatesofindia,Alternate_Chinmay7,['latest'],,False,False,False
unitedstatesofindia,AlternativeProduct41,['top'],1.0,True,False,True
unitedstatesofindia,Altruistic_Bank_1552,['latest'],2.0,True,False,True
unitedstatesofindia,AmazingArr,['latest'],0.0,True,False,False
unitedstatesofindia,Antique-War-3094,['top'],,False,False,False
unitedstatesofindia,Any-Calligrapher2866,['latest'],9.0,True,True,True
unitedstatesofindia,AnyAdvance8264,['latest'],2.0,True,False,True
unitedstatesofindia,Aravind92,"['latest', 'top']",,False,False,False
unitedstatesofindia,AssMilker9000,['latest'],6.0,True,True,True
unitedstatesofindia,Atreus421boy,['poster'],3.0,True,False,True
unitedstatesofindia,BandicootKlutzy791,['top'],,False,False,False
unitedstatesofindia,Black_Hat15,['top'],3.0,True,False,True
unitedstatesofindia,BlissfulIndian,"['latest', 'top']",0.0,True,False,False
unitedstatesofindia,Both_Track_1754,"['latest', 'top']",2.0,True,False,True
unitedstatesofindia,Brief_Atmosphere5359,['latest'],,False,False,False
unitedstatesofindia,Cheri-Cherry,['top'],0.0,True,False,False
unitedstatesofindia,CombinationProper814,['top'],,False,False,False
unitedstatesofindia,Common_Dig5526,['latest'],2.0,True,False,True
unitedstatesofindia,CompileAndChill,['latest'],,False,False,False
unitedstatesofindia,Comprehensive-Put-31,"['latest', 'top']",,False,False,False
unitedstatesofindia,Crafty_Package7265,['latest'],,False,False,False
unitedstatesofindia,CreativeMuseMan,"['latest', 'poster', 'top']",6.0,True,True,True
unitedstatesofindia,Dazzling_Fold_7491,"['latest', 'top']",0.0,True,False,False
unitedstatesofindia,DerpiDanger,"['latest', 'top']",,False,False,False
unitedstatesofindia,Descendant3999,"['latest', 'top']",0.0,True,False,False
unitedstatesofindia,Designer-Award-1791,['latest'],,False,False,False
unitedstatesofindia,Different-Jicama-106,['latest'],,False,False,False
unitedstatesofindia,Direct-Day-3737,['top'],6.0,True,True,True
unitedstatesofindia,Direct-Tennis-3963,['latest'],1.0,True,False,True
unitedstatesofindia,Don_Elaadio,['latest'],,False,False,False
unitedstatesofindia,DrDerpex,['top'],,False,False,False
unitedstatesofindia,DragonDeninSharkTank,['poster'],16.0,True,True,True
unitedstatesofindia,Due_Page_1732,"['latest', 'top']",6.0,True,True,True
unitedstatesofindia,EasyDay7889,['top'],0.0,True,False,False
unitedstatesofindia,Embarrassed_Look9200,"['latest', 'top']",9.0,True,True,True
unitedstatesofindia,ExaminationFail25,['latest'],4.0,True,False,True
unitedstatesofindia,ExchangeOptimal,['top'],0.0,True,False,False
unitedstatesofindia,Fantastic-Ebb14,['top'],2.0,True,False,True
unitedstatesofindia,FantasticFungiiii,['latest'],1.0,True,False,True
unitedstatesofindia,Far_Radish_7628,['top'],,False,False,False
unitedstatesofindia,Fiateartherr,"['latest', 'top']",,False,False,False
unitedstatesofindia,Final_Sweet2619,['latest'],,False,False,False
unitedstatesofindia,FluidAcanthaceae1829,['latest'],0.0,True,False,False
unitedstatesofindia,Fragrant-Ease-9961,['latest'],,False,False,False
unitedstatesofindia,Fun_Arm5126,['latest'],,False,False,False
unitedstatesofindia,GetGodmodeon,['top'],0.0,True,False,False
unitedstatesofindia,Hamza_Ali_Mazaari_,['latest'],,False,False,False
unitedstatesofindia,Ho-ho-hosey,['top'],1.0,True,False,True
unitedstatesofindia,HotPassage1789,['top'],,False,False,False
unitedstatesofindia,I_am_not_akuma,['top'],0.0,True,False,False
unitedstatesofindia,Ib90,['top'],0.0,True,False,False
unitedstatesofindia,Interesting-Flow2617,['top'],6.0,True,True,True
unitedstatesofindia,InternalDelivery4800,"['latest', 'top']",,False,False,False
unitedstatesofindia,JoeAnthony,['latest'],2.0,True,False,True
unitedstatesofindia,Kite_in_Solitude,['latest'],,False,False,False
unitedstatesofindia,Kragster77,['latest'],0.0,True,False,False
unitedstatesofindia,Last-Safe7072,['latest'],1.0,True,False,True
unitedstatesofindia,Latter-Basket-9728,['poster'],,False,False,False
unitedstatesofindia,Leading-Ad-9004,['top'],0.0,True,False,False
unitedstatesofindia,LetsDiscussQ,['latest'],0.0,True,False,False
unitedstatesofindia,Lonely-Ordinary1478,['poster'],12.0,True,True,True
unitedstatesofindia,Love_Whole,['top'],,False,False,False
unitedstatesofindia,Low_Consequence7216,['latest'],,False,False,False
unitedstatesofindia,LuciferStar101,"['latest', 'top']",1.0,True,False,True
unitedstatesofindia,MaharaniSahibaa,['latest'],,False,False,False
unitedstatesofindia,Main-Meet-5980,['top'],2.0,True,False,True
unitedstatesofindia,Maleficent_Promise26,"['latest', 'top']",1.0,True,False,True
unitedstatesofindia,Man_from_Bombay,"['latest', 'top']",2.0,True,False,True
unitedstatesofindia,Medical-Concept-2190,['latest'],12.0,True,True,True
unitedstatesofindia,Medium-Dot-9906,['top'],,False,False,False
unitedstatesofindia,Medium_Building_4406,['top'],,False,False,False
unitedstatesofindia,Mountain-Finish-1992,['top'],4.0,True,False,True
unitedstatesofindia,Munchingonmunch,['latest'],,False,False,False
unitedstatesofindia,MusicalCucumber,['top'],,False,False,False
unitedstatesofindia,MyDespatcherDyKabel,"['latest', 'top']",0.0,True,False,False
unitedstatesofindia,MysteriousSuB,"['latest', 'top']",,False,False,False
unitedstatesofindia,No-End2652,['top'],0.0,True,False,False
unitedstatesofindia,NoGodsNoMastersOOO,['top'],6.0,True,True,True
unitedstatesofindia,NoPermission6093,['poster'],,False,False,False
unitedstatesofindia,No_Equivalent8083,"['latest', 'top']",,False,False,False
unitedstatesofindia,NotHereToLove,['poster'],12.0,True,True,True
unitedstatesofindia,Notalabel_4566,['poster'],,False,False,False
unitedstatesofindia,Nowa_Iscord,['latest'],0.0,True,False,False
unitedstatesofindia,Odd_Treat_9225,['poster'],0.0,True,False,False
unitedstatesofindia,Ok-Cupcake-6402,['top'],,False,False,False
unitedstatesofindia,Ok-Procedure-1272,['latest'],1.0,True,False,True
unitedstatesofindia,OrdinaryHelicopter2,"['latest', 'top']",8.0,True,True,True
unitedstatesofindia,Outrageous-Onion7989,['latest'],,False,False,False
unitedstatesofindia,Over-Log-7887,['top'],0.0,True,False,False
unitedstatesofindia,Own_Opportunity6143,['top'],,False,False,False
unitedstatesofindia,Party-Ad4673,"['latest', 'top']",,False,False,False
unitedstatesofindia,Physical-Parking8165,['latest'],2.0,True,False,True
unitedstatesofindia,Plastic_Persimmon_91,['top'],,False,False,False
unitedstatesofindia,PlusCardiologist1799,"['poster', 'top']",4.0,True,False,True
unitedstatesofindia,Popular-Stomach-8125,['top'],,False,False,False
unitedstatesofindia,Potential-Cat1028,['latest'],,False,False,False
unitedstatesofindia,PowerfulChocolate106,"['latest', 'top']",1.0,True,False,True
unitedstatesofindia,Praag92,['top'],,False,False,False
unitedstatesofindia,Prof_Weedgenstein,['latest'],,False,False,False
unitedstatesofindia,ProteinFirst,['top'],0.0,True,False,False
unitedstatesofindia,RandomStranger022,['top'],,False,False,False
unitedstatesofindia,RareExcitement1077,['latest'],,False,False,False
unitedstatesofindia,RasberryLicious,['latest'],,False,False,False
unitedstatesofindia,RedScholar10,['top'],1.0,True,False,True
unitedstatesofindia,Remarkable_Buy4591,['top'],1.0,True,False,True
unitedstatesofindia,Responsible_Gain_188,['latest'],0.0,True,False,False
unitedstatesofindia,RewardNew8047,['latest'],0.0,True,False,False
unitedstatesofindia,SUSH_fromheaven,['top'],0.0,True,False,False
unitedstatesofindia,SabChangaSea,"['poster', 'top']",12.0,True,True,True
unitedstatesofindia,Safe_Lifeguard_4317,['top'],,False,False,False
unitedstatesofindia,Saumitra04,['latest'],,False,False,False
unitedstatesofindia,SenseAny486,['latest'],2.0,True,False,True
unitedstatesofindia,ShallowAstronaut,['poster'],8.0,True,True,True
unitedstatesofindia,SpiritofArrogance,['latest'],,False,False,False
unitedstatesofindia,Starplayer999,['latest'],1.0,True,False,True
unitedstatesofindia,SureOps30,['top'],,False,False,False
unitedstatesofindia,Tenaciouswill,"['latest', 'top']",0.0,True,False,False
unitedstatesofindia,ThePhilospherMan,['top'],,False,False,False
unitedstatesofindia,TheReaderDude_97,['top'],2.0,True,False,True
unitedstatesofindia,The_Glum_Reaper,['top'],1.0,True,False,True
unitedstatesofindia,Truly_Edge,['latest'],,False,False,False
unitedstatesofindia,TwoNo6304,"['latest', 'top']",0.0,True,False,False
unitedstatesofindia,Undefeated_dragonfly,['top'],0.0,True,False,False
unitedstatesofindia,United_Gamer_Morcha,['top'],1.0,True,False,True
unitedstatesofindia,VegetableRutabaga746,['top'],2.0,True,False,True
unitedstatesofindia,Wachkuss,['top'],0.0,True,False,False
unitedstatesofindia,Weekly_Theory5724,['latest'],0.0,True,False,False
unitedstatesofindia,Wise-Lecture-9220,['top'],2.0,True,False,True
unitedstatesofindia,Wonderful_Tap_7136,['top'],,False,False,False
unitedstatesofindia,Worried-Deer107,['top'],0.0,True,False,False
unitedstatesofindia,Yaksha8,['latest'],1.0,True,False,True
unitedstatesofindia,Yellow-Capcicum69,['top'],8.0,True,True,True
unitedstatesofindia,ZebraEfficient1748,['top'],,False,False,False
unitedstatesofindia,_Closedheimer,['top'],,False,False,False
unitedstatesofindia,_Kingsguard,['poster'],4.0,True,False,True
unitedstatesofindia,_MSdhoni_7,['top'],4.0,True,False,True
unitedstatesofindia,__gangadhar__,['latest'],,False,False,False
unitedstatesofindia,_extirpator,['top'],,False,False,False
unitedstatesofindia,_shivraj28_,['poster'],12.0,True,True,True
unitedstatesofindia,akshit_sinha,['latest'],0.0,True,False,False
unitedstatesofindia,amit3955,['poster'],,False,False,False
unitedstatesofindia,anunkeptbeard,['top'],,False,False,False
unitedstatesofindia,anuratya,"['latest', 'top']",0.0,True,False,False
unitedstatesofindia,arkhamcityfc,['latest'],,False,False,False
unitedstatesofindia,ashu_6921,['latest'],1.0,True,False,True
unitedstatesofindia,auch_meow,['latest'],,False,False,False
unitedstatesofindia,aveihs56m,['latest'],2.0,True,False,True
unitedstatesofindia,baddadjokesminusdad,['top'],1.0,True,False,True
unitedstatesofindia,benswami,['top'],4.0,True,False,True
unitedstatesofindia,bhabhihunter_,['latest'],0.0,True,False,False
unitedstatesofindia,bit_banger_,['top'],,False,False,False
unitedstatesofindia,blackfyrevich,['latest'],,False,False,False
unitedstatesofindia,bladeofmiquellaaa,"['poster', 'top']",8.0,True,True,True
unitedstatesofindia,bobs_and_vegana17,['latest'],1.0,True,False,True
unitedstatesofindia,charavaka,"['latest', 'top']",2.0,True,False,True
unitedstatesofindia,chatpatahulaadle,['top'],,False,False,False
unitedstatesofindia,cherryyyy_blossom,"['latest', 'top']",4.0,True,False,True
unitedstatesofindia,chiefgivemeasmoke,['poster'],,False,False,False
unitedstatesofindia,cock_slurper_yum,"['latest', 'top']",,False,False,False
unitedstatesofindia,danksecret1313,['top'],,False,False,False
unitedstatesofindia,dark-light92,['latest'],1.0,True,False,True
unitedstatesofindia,darwinevo,['latest'],1.0,True,False,True
unitedstatesofindia,desaichirag,['top'],,False,False,False
unitedstatesofindia,devilcross2,"['latest', 'top']",1.0,True,False,True
unitedstatesofindia,dikshamishra34,['poster'],9.0,True,True,True
unitedstatesofindia,draconianfaux_pass,['latest'],0.0,True,False,False
unitedstatesofindia,fcukitletsgo,['latest'],2.0,True,False,True
unitedstatesofindia,fenrir245,"['latest', 'top']",1.0,True,False,True
unitedstatesofindia,find_a_rare_uuid,"['latest', 'top']",12.0,True,True,True
unitedstatesofindia,frayedrope,['poster'],,False,False,False
unitedstatesofindia,frizene26,"['poster', 'top']",4.0,True,False,True
unitedstatesofindia,gannegajuice,['latest'],,False,False,False
unitedstatesofindia,gheevargheese,"['latest', 'top']",0.0,True,False,False
unitedstatesofindia,gnittidder,['latest'],2.0,True,False,True
unitedstatesofindia,green_tomato_69,['latest'],3.0,True,False,True
unitedstatesofindia,grumpy_sourpatch,['top'],,False,False,False
unitedstatesofindia,hardeep1singh,"['latest', 'top']",2.0,True,False,True
unitedstatesofindia,heiheiboii,['poster'],3.0,True,False,True
unitedstatesofindia,hellkingbat,['latest'],1.0,True,False,True
unitedstatesofindia,hemanbean,['top'],,False,False,False
unitedstatesofindia,iceman___11,"['latest', 'top']",2.0,True,False,True
unitedstatesofindia,iimram,['latest'],,False,False,False
unitedstatesofindia,itsVinay,['latest'],3.0,True,False,True
unitedstatesofindia,jarvis123451254,['top'],1.0,True,False,True
unitedstatesofindia,kaychyakay,['latest'],8.0,True,True,True
unitedstatesofindia,kbrunner69,"['latest', 'top']",0.0,True,False,False
unitedstatesofindia,khainiChor,['top'],1.0,True,False,True
unitedstatesofindia,kholeChature,['latest'],12.0,True,True,True
unitedstatesofindia,kidharhaibro,['latest'],2.0,True,False,True
unitedstatesofindia,killbear123,"['latest', 'top']",1.0,True,False,True
unitedstatesofindia,ksnagpur,['latest'],0.0,True,False,False
unitedstatesofindia,lone-lobo,['top'],0.0,True,False,False
unitedstatesofindia,lostwisdom20,['top'],2.0,True,False,True
unitedstatesofindia,mangoplasm,['latest'],0.0,True,False,False
unitedstatesofindia,mhytyj7b,['latest'],0.0,True,False,False
unitedstatesofindia,mna9,['top'],0.0,True,False,False
unitedstatesofindia,morose_coder,"['latest', 'poster']",8.0,True,True,True
unitedstatesofindia,mrgermanpainter,['latest'],,False,False,False
unitedstatesofindia,nick_wd,['top'],0.0,True,False,False
unitedstatesofindia,orangehunter69,['latest'],,False,False,False
unitedstatesofindia,pepoji,['top'],3.0,True,False,True
unitedstatesofindia,phaiyez,['latest'],,False,False,False
unitedstatesofindia,photon229,['latest'],,False,False,False
unitedstatesofindia,prof_devilsadvocate3,"['latest', 'top']",4.0,True,False,True
unitedstatesofindia,pulchritudinous_luos,['top'],4.0,True,False,True
unitedstatesofindia,raiseIQUnderflow,"['latest', 'top']",,False,False,False
unitedstatesofindia,rishianand,['poster'],6.0,True,True,True
unitedstatesofindia,rohit-joshi,"['latest', 'top']",,False,False,False
unitedstatesofindia,sansays,"['latest', 'top']",2.0,True,False,True
unitedstatesofindia,shaurya_770,['latest'],0.0,True,False,False
unitedstatesofindia,sheldons_therapist,['latest'],0.0,True,False,False
unitedstatesofindia,shubhamxtreme,['top'],12.0,True,True,True
unitedstatesofindia,sidhu4444,['latest'],,False,False,False
unitedstatesofindia,silverwarhead1,['top'],,False,False,False
unitedstatesofindia,sir_qoala,['top'],0.0,True,False,False
unitedstatesofindia,sith_play_quidditch,['top'],2.0,True,False,True
unitedstatesofindia,slurpygurl,"['poster', 'top']",,False,False,False
unitedstatesofindia,smittenssss,['latest'],,False,False,False
unitedstatesofindia,spirit101_gg,['top'],8.0,True,True,True
unitedstatesofindia,spyderverse_,['top'],,False,False,False
unitedstatesofindia,srameshr,"['latest', 'top']",,False,False,False
unitedstatesofindia,thankyouforecstasy,['latest'],0.0,True,False,False
unitedstatesofindia,the_good_bad_dude,"['latest', 'top']",2.0,True,False,True
unitedstatesofindia,timewaste1235,['top'],1.0,True,False,True
unitedstatesofindia,tocra,['latest'],4.0,True,False,True
unitedstatesofindia,uchiha_reyn,['top'],,False,False,False
unitedstatesofindia,vanrakshak24,['latest'],0.0,True,False,False
unitedstatesofindia,vathsa_95,['top'],4.0,True,False,True
unitedstatesofindia,vggaikwad,['latest'],,False,False,False
unitedstatesofindia,vijiv,['top'],1.0,True,False,True
unitedstatesofindia,vu2tve,['top'],2.0,True,False,True
unitedstatesofindia,whiteyfang,['latest'],,False,False,False
unitedstatesofindia,yktoshi,['latest'],,False,False,False
unitedstatesofindia,zaplinaki,['top'],0.0,True,False,False
unitedstatesofindia,zynga2200,['latest'],0.0,True,False,False
