account,gone,kpd_log,link_ratio_log,account_age_days,unverified,n_posts,n_comments,n_subs,pct_first5,pct_top10,comments_per_day
--celestial--,False,3.7985284575935547,0.5594795261691876,798.8,0,1.0,5.0,3,0.6,1.0,0.006259389083625439
-Agile_Ninja-,False,1.20820803247132,0.033436296710849155,2240.7,0,0.0,1.0,1,0.0,1.0,0.00044628910608292055
-Cherry97,False,3.8113299428178147,0.0007437709528446278,30.4,0,0.0,1.0,1,1.0,0.0,0.03289473684210526
-Frooty-Loops-,False,0.20232936018113998,0.8544153281560676,624.3,0,0.0,1.0,1,0.0,1.0,0.0016017940092904054
-GuyNextDoor,False,1.7456319086498315,1.3330437997561708,258.8,0,0.0,1.0,1,0.0,1.0,0.0038639876352395673
-Yutoki,False,2.1272157037298656,0.24764308264895327,262.6,0,0.0,1.0,1,1.0,1.0,0.0038080731150038076
-asimpleboy,False,5.646872709405895,1.4056768223337188,179.3,0,1.0,0.0,1,0.0,0.0,0.0
-bonkster,False,3.2543093719725573,0.27640715312286973,1709.4,0,1.0,0.0,1,0.0,0.0,0.0
-dragon_emperor,False,3.2352702010765526,0.5487511769523432,459.3,0,0.0,1.0,1,1.0,1.0,0.002177226213803614
-kay-o-,False,2.9229344598449787,0.1382744002637441,1221.6,0,0.0,1.0,1,1.0,1.0,0.0008185985592665358
-wallflowerlife,False,2.97608234395853,2.414010023098889,507.5,1,1.0,0.0,1,0.0,0.0,0.0
-yato_gami-,False,2.5402399018293806,0.14391095286560165,3219.8,0,0.0,1.0,1,0.0,1.0,0.0003105782967886204
0-selfrespect,False,4.9355786158516555,1.679375219690921,438.7,0,0.0,1.0,1,0.0,1.0,0.0022794620469569183
0Layscheetoskurkure0,False,7.274196524871429,4.317791503475015,311.0,1,27.0,5.0,1,0.6,1.0,0.01607717041800643
0R_C0,False,2.6298020857333304,0.03347847653225828,2336.1,0,0.0,1.0,1,0.0,1.0,0.0004280638671289757
0Rohan2,False,3.207569282725165,0.4624372958200491,2277.0,0,0.0,5.0,2,0.4,1.0,0.0021958717610891525
0WARRIOR0,False,2.647488436505621,0.5154354442441523,464.0,0,1.0,0.0,1,0.0,0.0,0.0
0singularity9,False,0.29396064963073565,0.007272759329079776,400.9,0,0.0,2.0,1,0.0,1.0,0.004988775255674732
0stz,False,0.5666192489363068,0.0031897953681001502,410.6,0,0.0,1.0,1,1.0,1.0,0.0024354603019970775
0xoddity,False,2.4932851364417825,0.0763332108701175,2157.2,0,1.0,2.0,2,1.0,1.0,0.0009271277582050808
100emoji_humanform,False,1.9070635185031453,0.05190785960201793,1165.3,0,0.0,1.0,1,0.0,1.0,0.0008581481163648846
124-cyber,False,0.8164172488515549,0.2950890487551268,2110.3,0,0.0,2.0,2,0.0,1.0,0.0009477325498744254
1337x_Octane,False,0.5003494419506601,0.4245133030788589,733.1,0,0.0,1.0,1,1.0,0.0,0.001364070386031919
14saalkabaccha,False,0.14381871876123714,0.06899287148695145,1448.2,0,0.0,1.0,1,1.0,1.0,0.000690512360171247
165cm_man,False,3.4616890557534656,0.13248360762328598,3050.2,0,0.0,1.0,1,1.0,1.0,0.00032784735427185104
17ani29,False,3.1630051765987743,5.186569453633655,703.0,0,0.0,1.0,1,0.0,1.0,0.001422475106685633
1800skylab,False,4.215085519415012,0.06061694019586426,1341.8,0,0.0,3.0,1,0.0,1.0,0.002235802653152482
19potato96,False,2.7778663636164196,0.8740985947388759,2533.5,0,0.0,1.0,1,1.0,1.0,0.00039471087428458656
1ckaaa,False,3.2619209530231443,0.09836419411074193,506.9,0,0.0,3.0,2,0.0,1.0,0.005918327086210299
1more7,True,3.080635231414668,0.7287664235528756,1257.4,1,1.0,1.0,1,0.0,1.0,0.0007952918721170669
1mveryconfused,False,2.70251806484543,0.09551761555349192,2182.4,0,0.0,6.0,2,0.3333333333333333,1.0,0.0027492668621700877
1singhnee,False,3.6547301439694864,0.162718686139005,727.3,0,0.0,1.0,1,0.0,1.0,0.0013749484394335212
1stPhoton,False,2.312928707899594,0.07862074159137147,2720.9,1,0.0,1.0,1,1.0,1.0,0.00036752545113749124
1tachi_UchiH4,False,1.4096701078963534,0.06955106296111546,413.3,0,0.0,1.0,1,0.0,1.0,0.0024195499637067507
21LivesLater,False,2.2927113413312465,0.05368319963745828,406.1,0,0.0,1.0,1,0.0,1.0,0.0024624476729869487
24Gameplay_,False,2.412878016426229,0.19966004203399346,2896.7,0,0.0,4.0,3,0.75,1.0,0.0013808816929609556
298_Life,False,0.8854274793345692,2.53414384123354,627.8,0,1.0,0.0,1,0.0,0.0,0.0
2deepstar,False,1.8897421463168973,3.7652956845582994,391.8,0,1.0,0.0,1,0.0,0.0,0.0
2loquaciouslobsters,False,2.336345642240742,0.11864820522177615,1082.8,0,0.0,1.0,1,0.0,1.0,0.0009235315847801995
2nd_2_Nonee,False,1.6303093946467737,0.2141150307115375,771.9,0,0.0,2.0,1,1.0,1.0,0.002591009198082653
2ndgrade,False,0.858458341286813,1.0413413952149724,3268.8,0,1.0,0.0,1,0.0,0.0,0.0
2tojango,False,0.5336548670924774,0.016529301951210565,258.1,1,0.0,1.0,1,1.0,1.0,0.0038744672607516463
36KleaguesUTO,False,0.7603193311319043,0.03211755389010877,1304.7,1,0.0,1.0,1,0.0,1.0,0.0007664597225415804
3AMgeek,False,2.1816655647359293,0.04379163128112828,1900.0,0,0.0,1.0,1,0.0,1.0,0.0005263157894736842
3_scorpion,False,1.8143378689763239,0.056064394254497225,1642.2,0,0.0,2.0,2,0.5,1.0,0.001217878455730118
3eyed_Coconut,False,4.673310488727168,0.01599743767366361,1361.8,0,0.0,3.0,1,0.6666666666666666,0.6666666666666666,0.0022029666617711854
3kushall,False,3.850585105031456,1.3470580228445377,320.9,0,2.0,0.0,2,0.0,0.0,0.0
404_ThatsWhatSheSaid,False,3.303319989493918,0.03092176055223023,421.1,0,0.0,1.0,1,0.0,1.0,0.0023747328425552123
404errorneverfound,False,0.7591014068127654,0.48647517708916915,2843.3,0,0.0,1.0,1,0.0,1.0,0.00035170400590862726
420kumaran,False,1.6325361476727007,0.3729515980730054,1304.4,0,0.0,1.0,1,0.0,1.0,0.0007666360012266176
4bh15h3Kr4Ng4,False,1.1566480136492845,1.0352313464357281,1065.5,0,0.0,1.0,1,1.0,1.0,0.0009385265133740028
4eyedrakshasi,False,0.32674065187454404,0.6319927574066146,2295.3,0,0.0,1.0,1,0.0,1.0,0.0004356728967890907
4rindam,False,2.5608896875774203,0.041446905388907954,4108.7,0,0.0,1.0,1,1.0,1.0,0.00024338598583493565
51837,False,3.7344628287964765,0.11757940458664308,2898.8,0,0.0,5.0,2,0.0,1.0,0.0017248516627570028
51sebastian,False,2.169004048073508,0.031124025318604302,2071.6,0,0.0,1.0,1,1.0,1.0,0.0004827186715582159
5Doublu,False,3.115940583817123,0.047678443324941956,965.5,0,1.0,2.0,2,0.5,1.0,0.0020714655618850335
5_sec_is_a_yoke,False,3.091927858981096,0.03440726404508617,2771.0,0,0.0,1.0,1,1.0,1.0,0.00036088054853843375
5ive_Sev7n,False,4.041593091679718,0.0781021950402002,329.9,0,0.0,1.0,1,0.0,1.0,0.003031221582297666
5missedcallsfromBCCI,False,5.709386940915996,1.4526886193314066,594.7,0,5.0,2.0,2,0.5,1.0,0.00336304018833025
610NightOwl,False,0.8733065391988282,0.8582985564610927,2052.6,0,1.0,0.0,1,0.0,0.0,0.0
624mahesh,False,0.107754642917775,0.009661910911736894,905.3,0,0.0,2.0,1,0.5,1.0,0.002209212415773777
66BlackBeard99,False,2.2275519925981864,0.09558730326459916,435.9,0,0.0,1.0,1,1.0,1.0,0.0022941041523285156
673rollingpin,False,3.2422182788695046,0.31986965736619616,564.0,0,1.0,0.0,1,0.0,0.0,0.0
68or70,False,2.4709887105583745,0.031496713936278335,1134.1,0,0.0,1.0,1,0.0,1.0,0.0008817564588660613
69420isntfunny,False,3.818567763930362,0.05347498707312349,1981.3,0,0.0,1.0,1,1.0,1.0,0.000504719123807601
69creamery,False,0.608888196799094,0.2955794481467319,1616.2,1,0.0,1.0,1,1.0,1.0,0.0006187353050365054
6amrainclouds,False,3.271714863319673,0.09262056599002352,2161.3,0,0.0,1.0,1,0.0,1.0,0.0004626844954425577
6ix9ineisGoat,False,1.7003471300342201,1.4999961968251843,1556.8,0,1.0,0.0,1,0.0,0.0,0.0
7DarKooL7,False,1.2210981854454193,0.22715404566077738,2037.3,0,0.0,1.0,1,0.0,1.0,0.0004908457271879448
89degreez,False,3.3339037459281635,0.9045450014354088,73.5,0,1.0,0.0,1,0.0,0.0,0.0
8rnlsunshine,False,1.5863871133267307,0.5134072573650603,2694.5,0,0.0,1.0,1,1.0,1.0,0.00037112636852848393
99Kira,False,1.7815943546956154,0.11576435102828757,2842.7,0,0.0,1.0,1,1.0,1.0,0.0003517782389981356
9tanki,False,0.5778237925694325,0.08302529323957482,3898.2,0,1.0,0.0,1,0.0,0.0,0.0
AG_940,False,1.9238286691248183,0.2223580493942272,380.7,0,1.0,0.0,1,0.0,0.0,0.0
AJ69_real,False,1.1858758025189629,3.2900884530934653,991.4,0,1.0,0.0,1,0.0,0.0,0.0
ALFAQ6969,False,1.8369097315128518,4.954799534575075,1290.1,0,1.0,0.0,1,0.0,0.0,0.0
ALPha--29k,False,1.9305090178588997,0.2941992509723534,888.0,0,0.0,1.0,1,0.0,1.0,0.0011261261261261261
ALazyScribbler,False,2.765006487996253,0.058667104490510324,2184.4,0,2.0,0.0,1,0.0,0.0,0.0
APSanyal,False,1.502997255627357,0.003763242976809514,2665.7,0,0.0,1.0,1,0.0,1.0,0.00037513598679521327
APrimitiveMartian,False,5.002260992924009,1.842908089293493,2971.7,0,1.0,0.0,1,0.0,0.0,0.0
AS_as-Master,False,3.1158085741803605,4.4717719403762526e-05,1037.6,0,0.0,1.0,1,1.0,1.0,0.0009637625289128759
ATOMdotEXE,False,1.4534205721248588,0.3457091074104051,1984.0,0,0.0,1.0,1,0.0,1.0,0.0005040322580645161
AURYTHEA,False,2.2605046516685814,1.3284232977206387,381.0,0,0.0,1.0,1,1.0,1.0,0.0026246719160104987
AVijha,False,0.30742387884659256,0.12635340365809072,3578.6,0,0.0,1.0,1,1.0,1.0,0.0002794388867154753
A_BAK3D_POTATO,False,2.9237036312397278,0.4113935156362721,2003.0,0,0.0,1.0,1,0.0,1.0,0.0004992511233150275
A_nervous_boy,False,0.13069689502609766,0.03896596853338373,1117.3,0,0.0,1.0,1,0.0,1.0,0.0008950147677436678
A_random_zy,False,3.930073539235231,0.019814874669923946,2486.6,0,0.0,2.0,2,0.5,1.0,0.0008043111075363951
Aadityapatil_05,False,0.5221509645596814,1.30031550874445,1411.8,0,0.0,1.0,1,1.0,1.0,0.0007083156254426973
Aarvy271,False,3.2456826925168767,0.6015276561014331,2593.8,0,0.0,1.0,1,0.0,1.0,0.00038553473667977484
Aarya_Man,False,0.864802991953233,0.17720236468341596,1813.7,0,0.0,1.0,1,1.0,1.0,0.0005513591001819485
AaryamanStonker,False,4.621619343516981,0.5991969180838943,1939.2,0,0.0,1.0,1,1.0,1.0,0.0005156765676567656
Aastha_Sinha,False,2.571599564075441,0.4936173865335857,1088.3,0,0.0,2.0,2,0.5,1.0,0.0018377285674905817
AawaraTreker,False,3.3592285593439293,0.0005825808495679408,61.8,1,0.0,1.0,1,1.0,1.0,0.016181229773462785
Aayushman_96,False,0.0995000492423491,0.049392755329576425,783.8,0,0.0,1.0,1,0.0,1.0,0.0012758356723653994
Abbas9364,False,1.6918857838156869,0.3639045374388418,3800.7,0,0.0,1.0,1,0.0,1.0,0.000263109427210777
AbbreviationsDry2516,False,5.0121725734151426,0.025701645628223066,67.6,0,0.0,1.0,1,0.0,1.0,0.014792899408284025
AbbreviationsMoney70,False,1.8220007177393778,0.9090781049515347,2184.9,0,0.0,1.0,1,0.0,1.0,0.0004576868506567806
AbdullahM09,False,0.46272905003715,3.386808644210056,701.9,1,0.0,1.0,1,0.0,1.0,0.0014247043738424277
AbdussamiT,False,3.3779430733381615,0.017342764730566226,3593.2,0,0.0,1.0,1,0.0,1.0,0.00027830346209506846
Abhigyan_Bose,False,0.8748314776542818,0.19678884884153847,3165.6,0,0.0,1.0,1,1.0,1.0,0.00031589588071771546
Abhishek_8310,False,1.173015028694268,5.5310811612392365,1356.8,0,1.0,0.0,1,0.0,0.0,0.0
Abhishek_gg,False,2.6963071736985667,1.7623784188506868,2777.6,0,0.0,1.0,1,1.0,1.0,0.0003600230414746544
Abject-Jicama-5716,False,2.836148936602991,1.0778758042369543,1388.6,0,0.0,1.0,1,1.0,1.0,0.0007201497911565606
Abject-Weather2004,False,3.169995492699331,0.00044913542187748436,97.6,1,0.0,1.0,1,1.0,1.0,0.010245901639344263
Abject_Taste_3597,False,2.5405649406249196,0.14381620940191042,404.9,0,0.0,1.0,1,0.0,1.0,0.0024697456162015314
Able-Sky6574,False,1.5209061969974311,0.6228673713118469,187.9,0,0.0,1.0,1,1.0,1.0,0.005321979776476849
Able_Attitude_5132,False,0.021978906718775244,0.06453852113757116,675.0,1,0.0,1.0,1,0.0,1.0,0.0014814814814814814
Able_Fee3181,False,2.9043192866858405,0.14490279350985802,817.2,0,0.0,1.0,1,1.0,1.0,0.0012236906510034262
Aboodify,False,1.342378981410539,2.7333680090865,211.8,1,2.0,0.0,1,0.0,0.0,0.0
AboveHope4you,False,3.5329095515348925,0.9275902871280884,160.7,0,2.0,0.0,1,0.0,0.0,0.0
Abyxrss,True,2.5441582229998394,0.0038549620080242228,708.8,0,0.0,1.0,1,1.0,1.0,0.0014108352144469526
Academic-Celery-3956,False,1.4601915099059826,0.022609658768128385,703.1,0,0.0,1.0,1,1.0,1.0,0.0014222727919214904
Academic_Flamingo302,False,2.9518274170867884,1.5518303631722743,102.2,0,1.0,0.0,1,0.0,0.0,0.0
Academiccomeback7,False,0.5801990418887127,0.22314355131420976,914.3,0,0.0,1.0,1,1.0,1.0,0.0010937329104232748
AcanthisittaLeading2,False,0.048327308340756714,0.00930239266231352,2161.0,0,0.0,1.0,1,1.0,1.0,0.00046274872744099955
AcanthisittaSmooth16,False,1.7368635614643215,0.04338599245111424,1293.3,0,0.0,1.0,1,0.0,1.0,0.0007732158045310446
Acceptable-Match-806,False,3.057899489894253,0.4939604189355391,353.6,0,0.0,2.0,2,1.0,0.5,0.005656108597285068
Acceptable-Road2305,False,4.311340541613163,0.3996513880030059,236.7,0,0.0,1.0,1,1.0,1.0,0.0042247570764681035
Acceptable-Set-8327,False,2.7705572484287204,0.20069864130311318,1062.5,0,1.0,3.0,3,0.3333333333333333,1.0,0.002823529411764706
Acceptable-While6064,False,2.655861359346382,0.008308782904416183,693.8,0,0.0,1.0,1,1.0,1.0,0.0014413375612568466
Acceptable-Work_420,False,3.297660987326318,1.0520144828954112,1570.1,0,1.0,0.0,1,0.0,0.0,0.0
Acceptable_Gift_6017,False,0.0657214358742167,0.06062462181643484,485.8,0,0.0,1.0,1,0.0,1.0,0.0020584602717167557
Acceptable_Mango_312,False,2.691243082785829,0.20256116924682785,603.2,1,0.0,1.0,1,0.0,1.0,0.0016578249336870025
Accomplished-Ad539,False,3.3458482991049494,0.09790918503945151,2141.2,0,2.0,3.0,2,0.6666666666666666,1.0,0.001401083504576873
Accomplished-Bat-692,False,1.5738379463197703,0.06309047891673399,2056.4,0,0.0,1.0,1,0.0,1.0,0.0004862867146469558
Accomplished-Bit1074,False,0.4872127297555604,0.014184634991956432,450.8,0,0.0,1.0,1,0.0,1.0,0.0022182786157941437
Accomplished-Mind356,False,3.0720414372953204,0.08279217292491053,1450.7,0,0.0,1.0,1,0.0,1.0,0.0006893223960846487
AccomplishedAsk324,False,1.9988120985046114,0.13578849833294201,655.3,0,0.0,1.0,1,0.0,1.0,0.0015260186174271327
AccomplishedCare9810,False,0.43437266820941045,0.040821994520255124,273.9,0,0.0,1.0,1,0.0,1.0,0.0036509675063891934
AccomplishedCod5674,False,3.768001861090979,1.7257622706217555,346.2,1,1.0,1.0,1,1.0,1.0,0.0028885037550548816
AccomplishedGold8122,False,2.2103522503787545,0.004341092088657479,597.0,0,0.0,1.0,1,0.0,1.0,0.0016750418760469012
AccomplishedLeg3338,False,1.589209978391387,1.5362345084108053,161.8,0,1.0,0.0,1,0.0,0.0,0.0
Accomplished_Cow7116,False,0.3334580833435525,0.11145544092532282,1291.1,0,0.0,1.0,1,1.0,1.0,0.0007745333436604446
Accomplished_Jicama6,False,1.1448652533662564,0.4369944841277543,2127.9,0,0.0,1.0,1,1.0,1.0,0.0004699468960007519
Accomplished_Row1433,False,2.246089259930366,0.48675443967055093,35.5,0,2.0,0.0,1,0.0,0.0,0.0
Accomplished_Sky1192,False,0.7767888477968634,0.06756641598639296,2214.6,0,0.0,1.0,1,1.0,1.0,0.00045154881242662334
According-Comb-5390,False,0.3227281011259527,0.03939240171066072,609.1,0,0.0,1.0,1,1.0,1.0,0.0016417665407978984
According-Ordinary11,False,3.368876814284825,0.05406086554678785,623.3,0,0.0,2.0,2,1.0,1.0,0.0032087277394513077
According-Spot-6093,False,2.5692823880725983,2.52712302055091,892.8,0,3.0,0.0,2,0.0,0.0,0.0
According-Willow-98,False,2.559321077402378,0.1160924336280004,1145.8,0,0.0,2.0,1,0.0,1.0,0.0017455053237912376
According_Schedule_3,False,1.2445050632835817,3.2569702003765943,2154.0,0,1.0,0.0,1,0.0,0.0,0.0
According_Speech9248,False,1.5048098199432711,4.7092651953481495,1076.7,0,1.0,0.0,1,0.0,0.0,0.0
According_Strike3731,False,4.280217887318613,1.3776793768266287,303.3,0,1.0,0.0,1,0.0,0.0,0.0
According_Sun_2568,False,0.008519753344770497,2.8903717578961645,1870.0,0,1.0,0.0,1,0.0,0.0,0.0
According_Tea_9675,False,3.117477544563615,0.0005372011947616225,86.2,0,0.0,1.0,1,0.0,1.0,0.01160092807424594
According_Vanilla956,False,0.4233174704126989,0.0018779348242001558,2020.8,0,0.0,1.0,1,1.0,1.0,0.0004948535233570864
According_You_3236,False,2.24835865285859,2.6288850979274945,600.2,0,1.0,0.0,1,0.0,0.0,0.0
Accurate-Heart4953,False,2.2156894529596065,0.1901283163446482,1445.2,0,0.0,1.0,1,0.0,1.0,0.0006919457514530861
Accurate_Grab2290,False,2.211006067795403,0.2854170658209288,1157.8,0,0.0,1.0,1,1.0,1.0,0.0008637070305752289
Achilles20795,False,1.5170380042597267,0.04432513420907735,3227.3,0,0.0,3.0,1,0.6666666666666666,0.6666666666666666,0.0009295696092709075
AcidReign999,False,3.5467266286671553,0.6569184359501348,2869.0,0,0.0,3.0,2,0.0,1.0,0.0010456605088881143
AckermanEren73,True,4.312855844559754,1.4763605081044773,373.9,1,4.0,0.0,4,0.0,0.0,0.0
Acrobatic-Stage-30,False,0.7781586503365784,0.5035609045132458,1785.2,0,0.0,2.0,1,0.0,1.0,0.001120322652924042
Acrobatic_Ear_1888,False,1.071310376920813,0.1171505772027996,1955.5,0,0.0,1.0,1,1.0,1.0,0.0005113781641523907
Acrobatic_Neck_5866,False,4.745750360702451,1.6397969911576387,803.1,0,1.0,0.0,1,0.0,0.0,0.0
Acrobatic_Win_3319,False,2.1961470934734586,0.0003566969896924304,350.8,0,0.0,1.0,1,1.0,1.0,0.0028506271379703536
ActAmazing,False,0.5115664067504622,0.06382804153397251,2105.1,0,0.0,1.0,1,1.0,1.0,0.0004750368153531899
Actual-Perception893,False,1.1604560623690696,0.08652892165377926,1117.1,0,0.0,1.0,1,0.0,1.0,0.0008951750067138127
Actual-Series-3544,False,0.7624258350419657,0.2641940911445672,1912.6,0,0.0,1.0,1,1.0,1.0,0.0005228484785109275
Actual_Custard2628,False,2.495691058644553,0.8212070483619217,432.7,1,0.0,2.0,2,0.5,1.0,0.004622140050843541
Actual_Employment_89,False,2.755996223777748,0.15696808610749802,1997.8,0,0.0,1.0,1,0.0,1.0,0.0005005506056662329
Actualthrowaway165,False,1.3909056610440123,0.6737140000214544,843.8,1,0.0,1.0,1,0.0,1.0,0.0011851149561507466
AdCapable2347,False,0.6162453278994603,0.8392066062403638,1588.1,0,0.0,1.0,1,1.0,1.0,0.0006296832693155343
AdDefiant2343,False,1.125746836449996,0.09954565612100215,1737.8,0,0.0,1.0,1,0.0,1.0,0.0005754402117619979
AdElegant7801,False,2.784505167864029,0.6533355755648818,419.7,0,0.0,1.0,1,1.0,1.0,0.002382654276864427
AdEmotional4967,False,0.15984751438628303,1.0719440415859482,1915.4,0,1.0,0.0,1,0.0,0.0,0.0
AdExtra3167,False,0.4272432661248586,0.3152631528811795,1906.1,0,0.0,1.0,1,0.0,1.0,0.0005246314464088978
AdMajor9344,False,0.47278296983104473,0.030447316807593796,1432.7,0,0.0,1.0,1,0.0,1.0,0.0006979828296223913
AdMaximum9999,False,2.592516142089755,1.7950683826702019,514.1,0,1.0,0.0,1,0.0,0.0,0.0
AdMysterious9163,False,0.2204131640069375,0.9376005184609061,1342.3,0,1.0,0.0,1,0.0,0.0,0.0
AdNeither6119,False,2.7563367368471976,1.625206964552332,312.1,0,0.0,1.0,1,0.0,1.0,0.003204101249599487
AdPhysical3780,False,1.3720412122053949,0.04559718600270338,1699.4,0,0.0,1.0,1,1.0,1.0,0.0005884429798752501
AdUnlikely8132,False,4.246651300861457,1.176095735911182,1070.9,1,1.0,0.0,1,0.0,0.0,0.0
Ad_Ketchum,False,3.149974386872526,0.49039579312432874,3265.3,0,0.0,1.0,1,0.0,1.0,0.0003062505742198266
Adam_Lame,False,3.4420866008135405,1.9496198681254153,142.8,0,1.0,0.0,1,0.0,0.0,0.0
Adarsh_lee98,False,1.7925457687857789,0.8294168780917832,2118.8,0,0.0,1.0,1,0.0,1.0,0.0004719652633566169
Additional-Act8765,False,4.118400496091471,2.4430464790807728e-05,677.0,1,0.0,2.0,1,1.0,1.0,0.0029542097488921715
Additional-Okra-9923,False,0.3925617032722565,0.07878087785311429,135.2,0,0.0,1.0,1,1.0,1.0,0.007396449704142012
Additional-sn4289,False,0.6666996022627156,0.018614808442231942,1028.7,0,0.0,1.0,1,0.0,1.0,0.000972100709633518
Additional_Curve_333,False,1.3122246584214077,0.00036650174498575313,1005.0,1,0.0,1.0,1,0.0,1.0,0.0009950248756218905
Additional_Diamond95,False,0.15786424754989803,0.3291818033585337,1912.2,0,0.0,1.0,1,0.0,1.0,0.0005229578495973224
Additional_Let4091,False,0.6165035493614128,1.4635860354215373,850.5,0,0.0,1.0,1,1.0,1.0,0.0011757789535567313
Addixt_,False,0.9687274242281784,0.12003967832087542,1865.3,0,0.0,2.0,2,0.5,1.0,0.0010722135849461213
AddressCharming9129,False,4.814599995018915,2.3402390670552915,437.0,0,0.0,1.0,1,0.0,1.0,0.002288329519450801
Adept-Office9082,False,0.33010954283338423,2.005333569526114,662.2,0,1.0,0.0,1,0.0,0.0,0.0
Adept_Amphibian_3237,False,0.1257996281757527,0.2268404131955359,2014.1,0,0.0,1.0,1,1.0,0.0,0.0004964996772752098
Adept_Blacksmith_428,False,1.643227088651302,0.1058517954515443,1951.9,0,0.0,1.0,1,1.0,1.0,0.000512321327936882
Adept_Watercress7716,False,0.16694944227842023,0.46575733836428446,1029.2,0,1.0,0.0,1,0.0,0.0,0.0
AdhesivenessBoth5731,False,1.3647767760764902,0.00029926679858248835,1146.2,0,0.0,1.0,1,0.0,1.0,0.0008724480893386843
AdhesivenessWhole181,True,2.9158237812277528,0.008727778592553657,1021.3,0,0.0,2.0,1,0.0,1.0,0.0019582884558895525
Adi9691,False,2.09443903112478,0.19706859063752918,1755.4,0,0.0,3.0,3,0.6666666666666666,1.0,0.0017090121909536288
AdiKadiAdi,False,4.912462381837253,0.00019392999188094057,38.2,0,0.0,4.0,3,0.25,1.0,0.10471204188481674
Aditya13841,False,1.6986273818951503,0.17387682821246042,1990.4,0,0.0,1.0,1,1.0,1.0,0.0005024115755627009
AdityaDevendra,False,1.8134214204026975,0.18976422087904718,3405.9,0,0.0,1.0,1,0.0,1.0,0.0002936081505622596
Aditya_Narayan_Nayak,False,0.11721627663523836,0.7711087220296571,1921.8,0,1.0,1.0,1,1.0,1.0,0.0005203455094182537
AdminZer0,False,0.5133012297772727,0.46167402766504195,3598.7,0,0.0,1.0,1,0.0,1.0,0.00027787812265540337
AdministrativeDog546,False,1.14030045710703,0.027629059728995525,1758.7,0,0.0,3.0,1,0.6666666666666666,1.0,0.0017058054244612497
AdministrativeFly339,False,0.8280265850713626,0.6113285454163719,973.0,0,0.0,1.0,1,0.0,1.0,0.0010277492291880781
Administrative_Aide9,False,0.4195469343676348,0.07172190564347913,2160.1,0,0.0,1.0,1,1.0,1.0,0.0004629415304846998
Admirable-Ticket3584,True,2.7227165928753547,3.44475847855691,1542.3,0,1.0,0.0,1,0.0,0.0,0.0
AdmirableCost5692,False,5.096096885686686,0.044460062331997334,640.8,0,0.0,1.0,1,0.0,1.0,0.0015605493133583022
Admirable_Evening_76,False,1.2231592886574603,0.01238034982204391,2101.0,0,0.0,1.0,1,1.0,1.0,0.00047596382674916705
Admirable_Mistake300,False,0.33043576741461156,0.013793322132335818,370.3,0,0.0,1.0,1,0.0,1.0,0.0027005130974885228
Admirable_Move6933,False,7.015116595440755,6.576787691528061,149.8,1,4.0,0.0,2,0.0,0.0,0.0
Admirable_Switch9946,False,0.8882372565549687,0.039220713153281295,944.2,0,0.0,1.0,1,1.0,1.0,0.0010590976488032196
Admirable_Tennis3712,False,2.8546000236747515,0.027134514137439208,1462.9,0,0.0,1.0,1,0.0,1.0,0.0006835737234260715
Adorable-Pie7403,True,1.1559931224378008,3.4760986898352733,133.2,0,0.0,1.0,1,0.0,1.0,0.007507507507507508
Adorable-Serve-6545,False,0.004660926638790207,0.4054651081081644,428.1,1,0.0,1.0,1,1.0,1.0,0.00233590282644242
Adorable-Tooth-1214,False,0.30729780132670825,0.16587719856757746,1070.2,1,0.0,1.0,1,0.0,1.0,0.0009344047841524948
Adorable-Wafer4622,False,1.518811945591723,0.017111148360178043,1156.5,0,0.0,1.0,1,0.0,1.0,0.0008646779074794639
Adorable_Airline_656,True,3.1883947423493115,3.4358139273313193,329.9,0,0.0,1.0,1,1.0,0.0,0.003031221582297666
Adorable_Conflict_79,False,0.43719882369034346,0.052068855631130305,1112.4,0,0.0,1.0,1,0.0,1.0,0.0008989572096368212
Adorable_Fox_3690,False,2.440697093481633,0.03144108368943231,530.1,0,0.0,1.0,1,0.0,1.0,0.0018864365214110545
Adorable_Radish3573,False,2.1136982874542656,0.00016999575051563333,808.1,1,0.0,1.0,1,0.0,1.0,0.0012374706100730108
Advanced-Ad-6169,False,2.0471303936910377,0.12445266335040737,1181.8,0,0.0,1.0,1,1.0,1.0,0.0008461668641056016
Adventurous-Nose5850,False,2.121006951697371,0.22941885259376574,451.8,0,0.0,1.0,1,1.0,1.0,0.002213368747233289
AdventurousDevice658,False,0.9800317412061579,0.03495501503357662,156.8,0,0.0,1.0,1,0.0,1.0,0.0063775510204081625
AdventurousGarlic406,False,1.400940051659874,0.2723217217828339,1421.7,0,1.0,0.0,1,0.0,0.0,0.0
Adventurous_Iron_551,False,3.5596313491887845,5.7731720709970036e-05,507.2,0,0.0,1.0,1,0.0,1.0,0.001971608832807571
Adventurous_Yak7901,False,0.1431888098617012,0.028573372444056038,454.7,0,0.0,1.0,1,1.0,1.0,0.0021992522542335605
AdvertisingSeveral30,False,0.15729176200411557,1.1610178548555394,1643.8,0,0.0,1.0,1,0.0,1.0,0.0006083465141744738
AeMereDilTuGayeJa,False,2.392210613135499,0.04898610813008636,128.3,0,0.0,1.0,1,0.0,1.0,0.007794232268121589
AegonTargeryen,False,3.5160353050183546,2.2539705332399667,2965.2,0,0.0,1.0,1,0.0,1.0,0.0003372453797382976
Aegon_01,False,0.9050570506033159,0.46526088611419847,1228.2,0,1.0,0.0,1,0.0,0.0,0.0
Aeswyr,False,1.362505735321277,0.008814081153603461,1764.3,0,0.0,1.0,1,1.0,1.0,0.0005667970299835629
AeyKyaBoltiTu,False,2.9557952368246854,0.02348179687166892,697.7,0,0.0,1.0,1,0.0,1.0,0.001433280779704744
Affectionate-Air5158,False,0.660472161709298,0.43642733371213127,174.2,1,1.0,1.0,1,1.0,0.0,0.0057405281285878304
Affectionate-Ball-35,False,2.2272951567786285,0.059228987727714386,2130.7,0,0.0,2.0,1,0.5,1.0,0.0009386586567794622
Affectionate-Bug114,False,0.5848889520660477,0.007884403524148835,960.0,0,0.0,1.0,1,1.0,1.0,0.0010416666666666667
Affectionate-Map9362,False,1.026895457850003,0.09932645624982556,1628.0,0,0.0,1.0,1,1.0,1.0,0.0006142506142506142
Affectionate-Sea6881,False,0.41168451047741317,0.8197630812148375,1170.1,0,1.0,0.0,1,0.0,0.0,0.0
Affectionate-Way3727,False,0.7992415379118001,0.05053706899635572,1988.8,0,0.0,1.0,1,1.0,1.0,0.000502815768302494
AffectionateIron5336,False,0.46233490343664374,2.862614873897501,2053.5,0,1.0,0.0,1,0.0,0.0,0.0
Affectionate_Okra286,False,0.5215839772465812,6.066108090103747,576.9,0,1.0,0.0,1,0.0,0.0,0.0
Affectionate_Pie9446,False,1.9189155342928996,0.020085570149762224,838.9,0,0.0,2.0,2,0.5,1.0,0.0023840743831207534
Affectionate_bear18,False,0.8977146408693393,1.2244234147972268,848.7,0,2.0,1.0,1,0.0,1.0,0.0011782726522917403
Afraid-Start-6906,True,2.7422579233947473,0.8567463391102269,1061.7,0,1.0,1.0,1,0.0,1.0,0.0009418856550814731
Afraid_Resort_2128,False,2.2723710771138497,1.310378901673489,517.1,0,1.0,0.0,1,0.0,0.0,0.0
AfsurdahSahafi,False,0.1510097008690705,0.3016078677253811,4282.0,0,0.0,1.0,1,1.0,0.0,0.00023353573096683791
After-Toe-3147,False,0.30636899190346273,0.826678573184468,532.8,0,0.0,1.0,1,0.0,1.0,0.001876876876876877
Agasthya_Y,False,1.0216170881099556,3.3932292120129786,702.6,1,1.0,0.0,1,0.0,0.0,0.0
AgeUnusual8553,True,3.221640745671968,0.7316753985471736,381.4,0,0.0,2.0,2,1.0,0.5,0.005243838489774515
Agent47B,False,1.7987362032656118,0.18169004430059563,2511.5,0,0.0,1.0,1,0.0,1.0,0.00039816842524387816
AgentAppropriate1996,False,1.4894876771208636,0.11069065852745756,863.8,0,0.0,4.0,2,0.5,1.0,0.00463070155128502
Agent_47H,False,2.376475107119743,0.22101082485321455,875.1,0,0.0,1.0,1,1.0,1.0,0.0011427265455376528
Agentnataasha,False,3.3375509574168043,0.5097989775420727,394.4,0,0.0,1.0,1,1.0,1.0,0.002535496957403651
Aggravating-Ant-8234,False,0.7698815043833944,0.8613218226958484,1609.3,0,1.0,0.0,1,0.0,0.0,0.0
Aggravating-Check799,False,0.5494897764485257,0.19993303801787968,1437.8,0,0.0,2.0,1,0.5,1.0,0.0013910140492418973
Aggravating-Fox7384,False,0.8908137234296165,2.678150255406536,434.9,0,1.0,0.0,1,0.0,0.0,0.0
AggravatingError9363,False,0.5464614018412745,1.2658291602435676,1534.8,0,0.0,1.0,1,0.0,1.0,0.0006515506906437321
AggravatingSite597,False,0.10552606486770691,0.48653293119694613,1087.2,0,0.0,1.0,1,1.0,1.0,0.000919793966151582
Aggravating_End_9423,False,0.5094683711086817,0.10511417990094571,2034.9,0,0.0,1.0,1,0.0,1.0,0.0004914246400314512
Aggravating_Eye_6483,False,3.598630325442737,0.16047087836834506,104.9,0,1.0,2.0,1,0.5,1.0,0.019065776930409912
Aggravating_Put2904,False,0.8358075308409412,0.5687500276855219,1998.2,0,0.0,1.0,1,1.0,1.0,0.0005004504053648283
Aggravating_Put4083,False,3.508911570730405,0.8229876053032636,1208.6,0,1.0,0.0,1,0.0,0.0,0.0
Aggravating_Sea_8081,False,1.5080641820502916,0.05965779029726803,1707.8,0,0.0,1.0,1,0.0,1.0,0.0005855486590935707
Aggravating_Shirt669,False,1.5817269385221344,0.588115898496326,1100.6,1,0.0,1.0,1,1.0,1.0,0.000908595311648192
Aggravating_You720,False,1.580450375560848,0.1446394801072154,791.0,0,0.0,1.0,1,1.0,1.0,0.0012642225031605564
Aggressive-Band-1167,False,1.288038671085809,1.4321038971511848,561.0,1,1.0,0.0,1,0.0,0.0,0.0
Aggressive-Car9047,False,2.7759797054823396,0.124080730778481,2097.6,0,1.0,2.0,2,1.0,1.0,0.0009534706331045005
Aggressive-Jump-2632,False,0.712367670500053,1.0560526742493137,87.6,0,1.0,0.0,1,0.0,0.0,0.0
Aggressive-Office301,True,4.409512626637049,0.002459864471976543,375.8,0,0.0,1.0,1,1.0,1.0,0.0026609898882384245
Aggressive-Sense-457,False,0.09932955437480159,0.058063800954761186,1857.7,0,0.0,1.0,1,1.0,1.0,0.0005383000484470043
Aggressive_Sugar201,False,4.243378191967949,0.4185141155855006,2051.9,0,3.0,6.0,1,0.8333333333333334,1.0,0.002924119109118378
Agile-Zucchini-1355,False,4.244085890658653,0.0001441040845708476,1414.4,0,0.0,3.0,3,0.3333333333333333,1.0,0.0021210407239819003
Agile_Bicycle2696,False,0.2043523455330274,0.01307208156735277,335.2,1,0.0,1.0,1,0.0,1.0,0.0029832935560859188
Agile_Custard6276,False,2.4162040962011866,0.09587938577738223,516.6,0,0.0,1.0,1,0.0,1.0,0.0019357336430507162
Agile_Rain4486,False,3.2308642116385413,0.26619896912170815,859.0,0,0.0,1.0,1,0.0,1.0,0.0011641443538998836
Agitated-Bill-4420,False,2.3579753005336674,0.023675501817818998,978.0,0,0.0,1.0,1,1.0,1.0,0.0010224948875255625
Agitated_Ad677,False,4.883728515439489,2.071350067426234,1243.8,0,0.0,1.0,1,0.0,1.0,0.0008039877793857533
Agitated_Data_996,False,0.7677410295513374,1.748688214992521,845.1,1,1.0,0.0,1,0.0,0.0,0.0
Agitated_Falcon_8523,False,5.403012371546564,0.005685560909417986,72.6,0,0.0,7.0,2,1.0,1.0,0.09641873278236915
AgnivMandal,False,2.0103594305355554,0.3679013408827401,2141.2,0,0.0,1.0,1,1.0,1.0,0.00046702783485895764
Agreeable-Ad-9191,False,0.8896278313705844,0.22544416582587132,1819.8,0,0.0,1.0,1,0.0,1.0,0.0005495109352676119
Agreeable-Air8725,False,0.5327186013762276,0.7548951876283924,1897.5,0,0.0,1.0,1,0.0,1.0,0.0005270092226613965
Agreeable-Art-4275,False,0.1772519036853883,0.01600034134644113,319.7,0,0.0,1.0,1,0.0,1.0,0.0031279324366593683
Agreeable-Fan-384,False,0.20293954320144914,0.025752496102414695,1568.9,0,0.0,1.0,1,0.0,1.0,0.0006373892536171839
Agreeable-Radio2590,False,2.322270476687195,0.27884104451448355,334.5,1,1.0,0.0,1,0.0,0.0,0.0
AgreeableShift7734,False,0.7013591027131448,0.29688702555975904,1036.9,0,0.0,1.0,1,1.0,0.0,0.0009644131545954286
Agreeable_Run_7063,False,4.006593670461297,5.224850214666164,103.3,0,0.0,1.0,1,0.0,1.0,0.00968054211035818
Ahambrahmaasmiii,False,0.5028255810989144,0.685727247698288,2259.0,0,1.0,0.0,1,0.0,0.0,0.0
AidanRM5,False,0.3729911483837092,1.727445389792694,2462.0,0,1.0,0.0,1,0.0,0.0,0.0
AilsaLorne,False,2.4813517720332934,0.031110639433436726,3593.0,0,0.0,1.0,1,1.0,1.0,0.00027831895352073476
AintEzio,False,1.7571059671456668,0.0778080698721201,403.7,0,0.0,1.0,1,1.0,1.0,0.0024770869457517958
Aintnothang0203,False,0.6418538861723948,0.2363887780642304,210.0,0,1.0,0.0,1,0.0,0.0,0.0
Airhead_kun,False,2.6873675186212487,0.0685670856089316,747.1,0,0.0,1.0,1,1.0,1.0,0.0013385089010841923
Aishyoumustbekidding,False,3.13909142613359,6.09291698589102e-05,743.2,1,0.0,1.0,1,0.0,1.0,0.0013455328310010763
Ajolotechilango,False,1.1686146093721996,0.6478962006283574,710.7,1,1.0,0.0,1,0.0,0.0,0.0
Ak0002,False,2.4194614950037763,1.784324490740537,1517.9,0,1.0,0.0,1,0.0,0.0,0.0
Ak885544,False,0.878921286037092,0.1210067039453851,1874.6,0,0.0,1.0,1,0.0,1.0,0.000533447135388883
AkashHisabhkaro,False,1.7545861077320601,0.19963474799563063,111.9,0,1.0,0.0,1,0.0,0.0,0.0
Akela_Ladkaa,False,0.11725437620241665,0.2595111954850846,273.3,0,0.0,1.0,1,1.0,1.0,0.003658982802780827
Akshat_2307,False,2.8266417799062693,0.0058128725939499415,1672.2,0,0.0,2.0,2,0.0,1.0,0.001196029183112068
AlanSpectre,False,0.31366348785526393,0.004175371410480636,648.7,0,0.0,1.0,1,0.0,1.0,0.0015415446277169723
AlanTuringReborn,False,1.7337956186468544,0.007359738832080207,233.8,0,0.0,1.0,1,1.0,1.0,0.00427715996578272
Alanbesodope,False,1.6216145317082469,0.7756570202366113,3314.0,0,1.0,0.0,1,0.0,0.0,0.0
Alarmed_Ferret_9310,False,0.07610392196596248,0.029852963149681156,847.3,0,0.0,1.0,1,1.0,1.0,0.0011802195208308747
Alarming-Track-9447,False,2.0543669322792444,0.04611694757020856,1180.7,0,0.0,1.0,1,0.0,1.0,0.0008469551960701278
Alarming_Cow_1470,False,0.6044828802752842,1.7079895861625962,743.1,0,1.0,0.0,1,0.0,0.0,0.0
Alarming_Data_2773,False,0.6367568780126132,0.3194189156126294,2036.3,0,1.0,0.0,1,0.0,0.0,0.0
Alarming_March_2523,False,0.7960943073406936,0.0012730746467981128,645.1,0,0.0,1.0,1,0.0,1.0,0.001550147263990079
AlbatrossChoice3471,False,1.6488721461869997,0.002936859673309716,162.1,0,0.0,1.0,1,0.0,1.0,0.006169031462060457
Albhat-0203,False,3.7563705344662632,0.00095328891871304,50.2,0,0.0,1.0,1,1.0,1.0,0.0199203187250996
AlbusBriamDumbledore,False,2.529870957033174,0.019363103819364735,956.9,0,0.0,1.0,1,1.0,1.0,0.0010450412791305256
AlbusDT2,False,3.625698428563473,0.014501174503686121,1100.3,0,0.0,1.0,1,0.0,1.0,0.0009088430428065074
AlchemistSage,False,2.4081706637109344,0.029461328712946686,466.5,0,0.0,1.0,1,1.0,1.0,0.0021436227224008574
Alert-Dependent5393,False,0.0054080495227342065,0.09531017980432487,1844.1,0,0.0,1.0,1,0.0,1.0,0.0005422699419771163
Alert-Helicopter5072,True,0.2574850102532353,0.871395411966264,330.3,0,1.0,0.0,1,0.0,0.0,0.0
Alert-Translator2590,False,4.100591534841911,1.59230800701527,378.2,0,1.0,0.0,1,0.0,0.0,0.0
Alert_Fudge,False,3.3715124706635398,0.05309274514052246,1779.0,0,0.0,2.0,1,1.0,1.0,0.0011242270938729624
Alert_Message_3132,False,1.5243166059002342,0.00016810960785997646,1655.9,0,0.0,1.0,1,0.0,1.0,0.0006039012017633915
Alex00120021,False,2.0147449199806786,2.0010509077341134,716.9,0,1.0,1.0,1,1.0,1.0,0.0013948946854512485
Alive-Meat-9321,False,3.26958294578945,5.5998880037033346e-05,705.8,0,0.0,1.0,1,0.0,1.0,0.0014168319637291019
Alive-Rooster5240,False,2.1260693472968324,0.4515848568931502,289.9,0,0.0,1.0,1,0.0,1.0,0.0034494653328734047
AliveShine,False,0.6251717184317169,0.05539222074401746,2220.9,0,0.0,3.0,1,0.6666666666666666,1.0,0.0013508037282182897
Alive_Kaleidoscope_6,False,0.8575449015813743,2.8648592785960783,2080.5,0,1.0,0.0,1,0.0,0.0,0.0
AllCuteEverythingg,False,3.695101548642162,0.15404432660962641,1836.5,0,0.0,1.0,1,0.0,1.0,0.0005445140212360468
AllIsEvanescent,False,4.385291808166138,0.11501918255831915,902.0,0,2.0,9.0,2,0.6666666666666666,1.0,0.009977827050997782
Almondsniffer40,False,2.5999962206439458,0.15585147175945568,716.0,0,0.0,1.0,1,1.0,1.0,0.0013966480446927375
Almost_Infamous,False,3.685100776691533,0.5489152157750168,4768.6,0,6.0,11.0,2,0.45454545454545453,1.0,0.002306756700079688
Alone-Bottle-03,False,3.5266516878151903,0.012062872449275059,50.5,0,0.0,3.0,2,0.3333333333333333,1.0,0.0594059405940594
AloneTusk,False,1.5589689524432422,0.0017582422111964125,606.3,0,0.0,1.0,1,1.0,1.0,0.001649348507339601
Alone_Ad6784,False,1.609401714321828,0.1868789227745331,2210.1,0,0.0,1.0,1,1.0,1.0,0.00045246821410795893
Alone_Mushroom_3322,False,0.5000672204531001,0.8742424956306556,500.9,1,1.0,1.0,1,0.0,1.0,0.0019964064683569574
Alone_Register3991,False,1.535074545382653,0.15713199151832652,1198.9,0,0.0,2.0,1,0.0,1.0,0.001668195846192343
Alookparathe,False,1.26390743248043,0.11433650411497757,484.4,0,0.0,1.0,1,0.0,1.0,0.002064409578860446
AlphaSeeker_07,False,1.7286179895095677,0.20676703622894027,532.5,0,0.0,2.0,2,0.5,1.0,0.003755868544600939
Alphabet_1001,False,3.748418798034476,1.8020688388869164,28.2,0,0.0,1.0,1,0.0,1.0,0.03546099290780142
Alternative-Club-540,False,0.3971537644573716,1.8833897920739793,443.0,0,1.0,0.0,1,0.0,0.0,0.0
Alternative-Feed-779,False,0.3405979880226488,0.0077220460939103055,317.9,0,0.0,1.0,1,0.0,1.0,0.0031456432840515887
AlternativeBad5072,False,0.719574687786461,2.027173113134079,1361.1,0,0.0,1.0,1,0.0,1.0,0.0007346998751010213
AlternativeUsual7008,False,2.128006230020792,0.0005563282480065423,242.9,0,0.0,1.0,1,1.0,1.0,0.004116920543433511
Alternative_Cable_11,False,0.346671370927485,0.22314355131420976,432.0,0,0.0,1.0,1,0.0,1.0,0.0023148148148148147
Alternative_Day155,False,0.3056134798524404,0.003514942107444486,794.5,0,0.0,1.0,1,0.0,1.0,0.0012586532410320957
Alternative_Run_5565,False,3.414623332392933,0.0010094779613352368,910.0,0,0.0,5.0,3,1.0,0.8,0.005494505494505495
Altruistic-Bee3854,False,5.579105813772161,0.6205590269079534,73.8,0,1.0,4.0,2,0.5,1.0,0.05420054200542006
Altruistic-Clerk4205,False,2.768797597585569,0.30335753296501394,1156.2,0,0.0,1.0,1,0.0,1.0,0.000864902266043937
Altruistic-Ease-4903,False,1.8054686124252046,1.0513998266402953,748.6,1,1.0,0.0,1,0.0,0.0,0.0
Altruistic-End-3267,False,1.1854232287045119,0.9022523979049412,762.3,0,1.0,0.0,1,0.0,0.0,0.0
Altruistic-Growth903,False,0.9424720412793101,0.40345598912617864,2062.8,0,0.0,1.0,1,1.0,1.0,0.0004847779716889664
Altruistic-Growth930,False,3.3709649954922662,1.5227770147119195,448.4,0,1.0,0.0,1,0.0,0.0,0.0
Altruistic-Rock-6797,False,0.5924991891389025,0.6067221419043228,1053.8,0,1.0,0.0,1,0.0,0.0,0.0
Altruistic_Act2165,False,0.003225809248882663,0.6931471805599453,309.5,0,0.0,1.0,1,1.0,1.0,0.0032310177705977385
Altruistic_Bank_1552,False,3.7486937187500593,0.05467795661019196,305.0,0,0.0,4.0,2,0.75,0.75,0.013114754098360656
Altruistic_Fun8400,False,1.6160564917044946,0.0001199976001919904,2066.1,0,0.0,1.0,1,0.0,1.0,0.00048400367842795606
Altruistic_Major_924,False,2.8511306571752213,0.03868677280140348,87.2,1,0.0,1.0,1,1.0,1.0,0.01146788990825688
Altruistic_Map_7262,False,0.3630746554930367,0.004434597067865746,514.0,0,0.0,1.0,1,0.0,1.0,0.0019455252918287938
Altruistic_Mind1093,False,1.860232208528516,0.0014505895562659397,1017.1,0,0.0,1.0,1,0.0,1.0,0.000983187493855078
Altruistic_Shirt5763,False,0.10517565568872606,1.8718021769015913,108.2,0,0.0,2.0,1,0.5,1.0,0.018484288354898334
Altruistic_Virus8460,False,3.5765194902809867,0.09408658471676136,886.1,0,1.0,4.0,2,1.0,1.0,0.00451416318699921
AmarDemonX,False,3.790033587801732,0.2414799713005703,1851.2,0,1.0,0.0,1,0.0,0.0,0.0
Amazing-Permit-3899,False,4.2670810514939035,0.04291414557376516,1488.0,0,0.0,1.0,1,0.0,1.0,0.0006720430107526882
Amazing_Middle_7586,False,4.069517841022713,0.03799378377211206,817.8,0,0.0,1.0,1,1.0,1.0,0.0012227928588897043
AmbassadorAlarmed999,False,3.101794372417297,0.0004830917968348504,584.9,1,0.0,1.0,1,1.0,1.0,0.0017096939647803045
AmbassadorLegal8531,False,2.8852195580449993,3.760997619200399,2044.3,0,0.0,1.0,1,1.0,1.0,0.0004891649953529325
Ambitious-Ad5735,False,1.93777899003906,0.010820814755524467,2032.2,0,0.0,1.0,1,0.0,1.0,0.0004920775514221041
Ambitious-Coconut851,False,1.1531335062116979,0.0025673955052458184,359.3,0,0.0,1.0,1,0.0,1.0,0.0027831895352073473
Ambitious-Craft2054,False,0.3302843888831292,0.0027932979056127035,1829.5,0,0.0,1.0,1,1.0,1.0,0.0005465974309920743
Ambitious-Lack-881,False,1.6828597906021465,0.3543610208083352,633.2,0,0.0,1.0,1,1.0,1.0,0.0015792798483891344
Ambitious-Silver9940,False,1.3714306994973335,0.06120093091847479,921.8,0,0.0,1.0,1,1.0,1.0,0.0010848340203948796
Ambitious-Text8309,False,4.307250021985758,2.4284184832232016,767.6,0,1.0,0.0,1,0.0,0.0,0.0
Ambitious-Upstairs90,False,4.2973083829456655,0.0915716606881753,888.2,0,0.0,2.0,1,0.0,1.0,0.002251745102454402
Ambitious_Progress89,False,1.3961523707875891,0.002494963389996829,1716.0,0,0.0,3.0,1,0.3333333333333333,1.0,0.0017482517482517483
Ambitious_Steak_224,False,2.367210882988929,0.12079058324605589,1468.1,0,1.0,1.0,1,1.0,1.0,0.0006811525100469996
Ambitious_Turnover20,False,0.09265883048270479,0.1679917312391297,988.8,0,0.0,1.0,1,0.0,1.0,0.001011326860841424
Ambitious_kirmada,False,1.8252219403725554,0.568483513166995,565.7,0,0.0,1.0,1,0.0,1.0,0.0017677214071062399
AmplifierXD_,False,6.084400952638285,2.8389887497515103,407.2,1,4.0,0.0,2,0.0,0.0,0.0
Amrit2206,False,0.973235714850054,0.04951506452738057,3519.6,0,0.0,2.0,1,0.0,1.0,0.0005682463916354131
AnIdealOfHope,False,2.4490186417845567,1.0674309971255564,3041.7,0,1.0,0.0,1,0.0,0.0,0.0
Anakulosmos,False,0.8509853645656585,0.20094284133401724,2737.8,0,0.0,1.0,1,0.0,1.0,0.00036525677551318573
AnalystAcademic9022,False,0.8822088721848619,0.016983829183879744,879.8,0,0.0,2.0,1,0.5,1.0,0.0022732439190725168
AnandSatya,False,0.1724116837448453,0.5509200809678688,3645.7,0,0.0,1.0,1,0.0,1.0,0.00027429574567298465
Anas_malik0503,False,4.41445200035175,1.0719791575884738,403.9,0,0.0,3.0,1,0.0,1.0,0.007427581084426839
AnbuAttack,False,6.628576632249365,4.120114645016917,252.0,0,1.0,0.0,1,0.0,0.0,0.0
AncientMetagross,False,0.47160491061270937,0.34697896669985323,1872.0,0,0.0,1.0,1,1.0,1.0,0.0005341880341880342
Ancient_Economist138,False,2.444533124461669,1.0072801338649424,641.7,0,1.0,0.0,1,0.0,0.0,0.0
Ancient_Reach_8925,False,1.2141022431166983,0.06817300939172863,845.7,0,0.0,1.0,1,1.0,1.0,0.0011824524062906468
Ancient_Tour_3090,False,2.458579128518797,1.2374487335223254,424.3,0,1.0,0.0,1,0.0,0.0,0.0
Andher-nagri,False,0.7626569647970749,0.004228336109521116,206.3,0,0.0,1.0,1,1.0,1.0,0.004847309743092583
Andrew_Tit026,False,0.3544134974140426,6.284134161070802,1248.4,0,1.0,0.0,1,0.0,0.0,0.0
Android_Arsenal,False,2.7764916830515793,0.3861876404233387,3332.3,0,0.0,2.0,1,0.0,1.0,0.0006001860576778801
Anexirix,False,2.6071432422843537,4.022797410930052,186.7,1,1.0,0.0,1,0.0,0.0,0.0
Angelicsoul_47,False,4.544617356160804,0.7020927957132481,419.6,0,0.0,1.0,1,1.0,1.0,0.002383222116301239
AngrySupeMD,False,2.071375538773986,1.1902617726399423,455.9,0,0.0,1.0,1,0.0,1.0,0.0021934634788330775
Angrybudha9,False,0.06836374280939023,0.23967285326542032,848.0,0,0.0,1.0,1,1.0,1.0,0.0011792452830188679
Angryhaast786,False,1.941647034700453,2.1136297638048736,1853.7,0,0.0,1.0,1,0.0,1.0,0.0005394616173059287
Anim8rFromOuterSpace,False,2.9098240704766862,1.264466905832293,1545.1,0,0.0,2.0,1,0.5,1.0,0.0012944146009966993
Animatrix_Mak,False,4.948528601121902,0.19418609587524252,1594.7,0,0.0,1.0,1,0.0,1.0,0.0006270771932024832
AnimeRocking,False,1.9966275847042902,1.4890266859832189,2010.0,0,0.0,1.0,1,0.0,1.0,0.0004975124378109452
Anime_fan_21,False,2.797322684474357,0.6599812308898941,2978.7,0,0.0,1.0,1,0.0,1.0,0.00033571692349011317
Anime_kon,False,0.8959101795255037,0.8820073793666006,1354.2,0,0.0,1.0,1,0.0,1.0,0.000738443361394181
Annika_Desai,False,3.2702856886525344,0.0023633753045899904,1823.7,0,0.0,1.0,1,0.0,1.0,0.0005483358008444372
Anonymo7890,False,1.2532071326301986,0.04420328449774523,803.9,0,0.0,1.0,1,0.0,1.0,0.0012439358129120537
AnonymousRonin23,False,0.6312765199829794,0.1011499831214828,1794.3,0,0.0,1.0,1,0.0,1.0,0.0005573204034999722
Anonymous_1176,False,3.9235479292179423,0.02948616565446357,33.3,0,0.0,1.0,1,0.0,1.0,0.030030030030030033
Anonymous_Phantom42,False,2.7910221248542353,1.3667834379150101,2003.9,0,0.0,1.0,1,1.0,1.0,0.000499026897549778
Another_Guy_123,True,1.7321286479476476,3.505128304510387,200.1,0,1.0,0.0,1,0.0,0.0,0.0
Anshh125,False,0.6393252807780786,0.0026631174194837,418.9,0,0.0,1.0,1,0.0,1.0,0.0023872045834328003
AntCritical6836,False,2.022921572178518,0.009055832179778383,693.1,0,0.0,2.0,2,0.5,1.0,0.002885586495455201
AntIHappyPappy,False,3.195338211261187,0.004529717310854478,321.2,1,0.0,1.0,1,0.0,1.0,0.0031133250311332506
AntiHeroOnline,False,4.5733319239978245,0.23695381852614644,194.5,0,0.0,1.0,1,1.0,1.0,0.005141388174807198
Anti_Venom69,False,0.6554940433767803,0.5241659960547768,1764.4,0,0.0,1.0,1,0.0,1.0,0.0005667649059170256
Antique-Abrocoma-271,False,3.04521347499783,0.24482319812352218,482.2,0,0.0,2.0,1,0.5,0.5,0.00414765657403567
Antique-War-3094,False,1.1647765931695688,0.08489145755474971,718.3,0,0.0,1.0,1,1.0,1.0,0.00139217597104274
AntiqueAdvisor6497,False,0.21319945339837573,0.532804530484766,770.1,0,0.0,1.0,1,0.0,1.0,0.001298532658096351
Antique_Comedian_907,False,3.6925190079057115,0.08144503576760037,296.2,0,1.0,2.0,2,1.0,1.0,0.006752194463200541
Antique_Most7958,False,1.4877396473589315,1.4766282809379874,1415.2,0,1.0,1.0,2,0.0,1.0,0.0007066139061616733
Anukaran_Uzumaki,False,1.9992937655202487,0.21129859327081685,1754.9,0,0.0,1.0,1,0.0,1.0,0.0005698330389195966
Anurag4one,False,2.647726114551705,0.04834954473667205,804.0,0,0.0,1.0,1,1.0,1.0,0.0012437810945273632
AnxiousInterest4219,False,0.6314653481813481,0.6568293831104127,1626.6,0,1.0,0.0,1,0.0,0.0,0.0
Any-Competition-6320,False,0.012891307086089206,0.13976194237515868,1695.6,0,0.0,1.0,1,1.0,0.0,0.0005897617362585516
Any-Consequence-8899,False,1.2278566061486842,0.25633704054719747,1239.9,0,0.0,1.0,1,0.0,1.0,0.0008065166545689168
Any-Description-9128,False,0.8556690059182325,0.14027533333364123,863.3,1,0.0,2.0,1,1.0,0.5,0.0023166917641607786
Any-Main-3866,False,3.519240145610693,0.005974302370712031,707.2,0,0.0,4.0,2,0.5,1.0,0.005656108597285068
Any-Organization8541,True,3.396333432857754,0.004712226827976789,464.4,0,0.0,1.0,1,0.0,1.0,0.002153316106804479
Any-Pomegranate730,False,1.3087449116113867,0.7207140103925999,367.2,1,1.0,0.0,1,0.0,0.0,0.0
Any-Tax-7251,False,1.6978338235863444,0.6502556159306323,899.8,0,0.0,1.0,1,0.0,1.0,0.0011113580795732386
AnyArcher252,False,1.9111461973926962,0.11180838324862008,1209.2,0,0.0,2.0,2,0.5,1.0,0.0016539861065167053
AnyChampion4294,False,2.777739681528732,4.2958170751801035,248.1,1,1.0,0.0,1,0.0,0.0,0.0
Any_Animator_880,False,2.372751348361002,0.42040060488587944,981.2,0,0.0,1.0,1,0.0,1.0,0.0010191602119853241
Any_Science_6481,False,0.4655050433796517,0.595773016534769,295.2,0,0.0,1.0,1,0.0,1.0,0.0033875338753387536
AnybodyBeneficial961,False,0.24253881107194836,4.02535169073515,404.4,1,1.0,0.0,1,0.0,0.0,0.0
AnywhereOwn9839,False,0.27765173179943187,4.584967478670572,303.1,1,1.0,0.0,1,0.0,0.0,0.0
Aoungu,False,0.667241729098059,0.002436054797881119,432.1,0,0.0,1.0,1,0.0,1.0,0.002314279102059708
ApartAd1143,False,1.8070767975340678,0.7976643948651163,1473.9,0,0.0,1.0,1,0.0,1.0,0.000678472080873872
Apart_Comfort_7078,False,3.6343165340311656,2.6630030232116124,65.3,0,0.0,1.0,1,0.0,1.0,0.015313935681470138
Apartment-Final,False,0.332012451376676,0.17464920137559928,2041.8,0,0.0,1.0,1,0.0,1.0,0.0004897639337839161
ApartmentFar7573,False,0.710296410841864,0.030813493544497358,2165.1,0,0.0,1.0,1,0.0,1.0,0.0004618724308346035
ApocalypseYay,False,5.285742728600846,0.054950184261086825,2015.9,0,0.0,8.0,2,0.875,1.0,0.0039684508160126985
ApplicationOk7147,False,2.1530904308126066,0.24443136908726018,643.9,0,0.0,1.0,1,0.0,1.0,0.001553036185743128
Apprehensive-Ad-7609,False,0.7628910896146524,0.2144836598307955,2058.6,0,0.0,2.0,2,1.0,1.0,0.0009715340522685321
Apprehensive-Bus375,False,0.8479658878753977,0.0071591584655910446,1154.4,0,0.0,1.0,1,0.0,1.0,0.0008662508662508662
Apprehensive-Leg8938,True,1.2105453353275701,1.1699472062567444,1140.4,1,0.0,1.0,1,0.0,1.0,0.0008768853034023149
Apprehensive-Put88,False,0.7234289791748449,0.0045106075573498865,1045.7,0,0.0,1.0,1,0.0,1.0,0.0009562972171750979
Apprehensive-Top4412,False,1.7491037302317327,1.9858600927475702,542.8,0,1.0,0.0,1,0.0,0.0,0.0
ApprehensiveForce7,False,0.20408354920137484,2.1022562194460073,2345.4,0,1.0,0.0,1,0.0,0.0,0.0
Apprehensive_Age7981,False,0.998736291817898,0.03891541624967355,152.2,0,0.0,1.0,1,0.0,1.0,0.00657030223390276
Apprehensive_Fix_909,False,1.783070059013895,1.0479092033847262,1387.0,0,1.0,0.0,1,0.0,0.0,0.0
Apprehensive_Low2596,False,2.129975118096652,0.10403821322975211,418.9,0,0.0,2.0,2,0.0,1.0,0.004774409166865601
Apprehensive_Lynx579,False,0.8330189861555052,0.2636896457085597,1741.2,0,1.0,1.0,1,0.0,1.0,0.0005743165632896852
Apprehensive_Pea1890,False,2.5813197763602695,0.000805477288816865,101.6,0,0.0,1.0,1,1.0,1.0,0.00984251968503937
Apprehensive_Run6619,False,2.529439223704791,0.06023839715762668,672.5,0,0.0,1.0,1,0.0,1.0,0.001486988847583643
Apprehensive_Stand41,False,0.30378383040389517,0.06562804367135175,1549.4,0,0.0,1.0,1,0.0,1.0,0.0006454111268878275
Apprehensive_Tap78,False,2.4636963775122354,0.008656853839052603,2007.6,0,0.0,1.0,1,1.0,0.0,0.0004981071926678622
Apprehensive_Web2882,False,2.995081963398994,0.006609294430590495,1215.2,0,0.0,2.0,2,0.5,1.0,0.0016458196181698486
Appropriate-Cup-7225,True,3.3531644144118626,0.0003855368648531321,658.1,1,0.0,4.0,2,0.5,1.0,0.00607810363166692
Appropriate-Fix-8222,False,2.224331500186123,2.2525658000528135,333.2,0,1.0,0.0,1,0.0,0.0,0.0
Appropriate-Row-5902,False,2.0668504579125226,0.051959738930711055,102.9,0,0.0,1.0,1,0.0,1.0,0.009718172983479106
AppropriateCrew79,False,2.325285767529527,0.1536118383234258,2110.6,0,0.0,1.0,1,1.0,1.0,0.000473798919738463
AppropriateFood9277,False,2.7026612068070914,0.16353364292832145,116.6,1,0.0,1.0,1,1.0,1.0,0.008576329331046312
Appropriate_Bison746,False,1.1703792774084028,0.1319433905263642,1455.1,0,0.0,1.0,1,1.0,1.0,0.0006872379905161158
Appropriate_Car7045,False,1.3233094476760345,0.00518583703236546,210.1,0,0.0,1.0,1,1.0,1.0,0.00475963826749167
Appropriate_Duck_521,False,3.8185290811507833,1.5687181203770135,131.8,0,2.0,0.0,1,0.0,0.0,0.0
Appropriate_Net594,True,0.8005528475638264,0.3378843942472488,1270.0,0,0.0,1.0,1,1.0,1.0,0.0007874015748031496
Aquavivus,False,0.4559110183605155,0.23111172096338664,979.9,0,0.0,1.0,1,0.0,1.0,0.001020512297173181
AqueductFilterdSherm,False,3.1574900939605324,0.4574340500057075,868.8,1,1.0,0.0,1,0.0,0.0,0.0
Ar2_Dee2,False,0.2036514006324879,1.8929446134754007,1053.7,0,1.0,0.0,1,0.0,0.0,0.0
Arabinda07,False,2.2091136796133557,1.415103909671445,3179.1,0,0.0,1.0,1,1.0,1.0,0.0003145544336447422
ArbitraryMeritocracy,False,3.219323456027606,0.2519615558423349,2501.5,0,0.0,1.0,1,0.0,1.0,0.0003997601439136518
ArbyHag,False,1.6481996590821537,0.22274299052375482,2229.6,0,0.0,1.0,1,0.0,1.0,0.0004485109436670255
Arcangelathanos,False,2.340557333282689,0.04718933481356322,4298.7,0,0.0,1.0,1,0.0,1.0,0.00023262846907204504
Arceline,False,0.060116035472942315,0.03727139479723162,1307.3,0,0.0,1.0,1,0.0,1.0,0.0007649353629618298
Archiet_Tanwar,False,3.2599132943270455,0.03795548714168756,1734.4,0,0.0,3.0,2,1.0,1.0,0.0017297047970479705
Archit138,False,1.052923428857621,0.19586349632064284,1704.7,0,0.0,1.0,1,1.0,1.0,0.000586613480377779
AreaConfident1297,False,1.3248075303155415,1.1641876165341212,279.2,0,0.0,1.0,1,1.0,1.0,0.0035816618911174787
Arijit12321,False,1.475619808860034,0.0006610477847729945,3588.0,0,0.0,2.0,1,0.0,1.0,0.0005574136008918618
Aristofans,False,3.448923427593984,0.03922403266086554,791.0,0,0.0,3.0,1,0.3333333333333333,1.0,0.0037926675094816687
Arjunshakti,False,1.1245849870903564,0.3426596613216114,919.7,0,0.0,1.0,1,1.0,1.0,0.0010873110796999022
Arklightq,False,0.06444828607517256,0.12675170563914387,1246.8,0,0.0,1.0,1,1.0,1.0,0.0008020532563362208
ArkyaSpace,False,0.09227854088759849,0.054067221270275766,186.2,1,0.0,1.0,1,1.0,1.0,0.0053705692803437165
Armageddonhitfit,False,3.008956940882142,0.6382403372750144,800.0,0,0.0,1.0,1,0.0,1.0,0.00125
Aromatic-One9010,False,3.8850198898594264,0.006459044963872671,1072.0,0,0.0,4.0,2,0.0,1.0,0.0037313432835820895
Aromatic-Sugarr,False,2.623616041556397,0.6613552206061748,338.9,1,0.0,1.0,1,1.0,1.0,0.0029507229271171437
Aromatic_Advance6026,False,3.849447788186817,0.06772983634616943,1271.3,0,0.0,2.0,2,0.5,1.0,0.001573192794777
ArpanMondal270,False,3.505919351737956,0.5154159058829625,1939.4,1,0.0,3.0,1,0.3333333333333333,1.0,0.0015468701660307311
Arr0www,False,0.4175726632579602,0.016444358226377156,1890.9,0,0.0,1.0,1,0.0,1.0,0.0005288486963879634
Arsian_but_ded,False,4.037289785671953,3.7959910131197274,232.7,0,1.0,0.0,1,0.0,0.0,0.0
Art-e-Blanche,False,4.8145088968518985,0.9589722819294599,638.6,0,0.0,1.0,1,0.0,1.0,0.0015659254619480112
Arteezy230699,False,1.455407998261237,0.4833075948720984,276.0,1,1.0,0.0,1,0.0,0.0,0.0
ArthurMorgan_27,False,3.8934845155665228,0.5604348124192805,450.9,0,0.0,1.0,1,1.0,1.0,0.0022177866489243737
Artistic-League-484,False,1.4344679074186986,0.7492366472109889,154.5,1,1.0,0.0,1,0.0,0.0,0.0
Artistic-Variety-467,False,0.6874131722453826,0.030614635819606842,1206.8,1,0.0,1.0,1,1.0,1.0,0.0008286377195889957
Artistic_Anything_83,False,1.0126108059983612,0.08670009294042359,665.8,0,0.0,1.0,1,0.0,1.0,0.00150195253829979
Artistic_Company_756,False,3.580072376566987,0.1216704997993754,1505.7,0,0.0,1.0,1,1.0,1.0,0.0006641429235571494
Artistic_Form_9579,False,2.3132013939491034,0.1252904585057726,172.4,0,0.0,2.0,1,1.0,1.0,0.01160092807424594
AryanPlayz678,False,2.386648222518739,0.6431001736256725,2227.2,0,1.0,0.0,1,0.0,0.0,0.0
Aryan_Bisoyi,False,0.9800418325261825,0.3664467780161117,1826.3,0,0.0,1.0,1,1.0,1.0,0.000547555166182993
Aryan_S_96,False,3.5535861332945746,1.3765122243862546,782.3,0,1.0,0.0,1,0.0,0.0,0.0
As1Asim,False,1.4391147735404413,0.018376778630055147,2082.4,0,0.0,2.0,1,0.5,1.0,0.0009604302727621974
AsBluntAsAKnife,False,3.569697606852957,0.012702485895449511,213.5,0,0.0,1.0,1,0.0,1.0,0.00468384074941452
AsHotAsFire,False,1.3081669959204232,0.09221792514996031,537.9,0,0.0,2.0,2,0.5,1.0,0.0037181632273656814
AscharyaChuckit,False,0.676839587056655,0.0009886308269394378,1044.8,0,0.0,1.0,1,0.0,1.0,0.0009571209800918836
AshVrma,False,1.861971142201264,0.020304816041902964,2095.5,0,0.0,1.0,1,0.0,1.0,0.0004772130756382725
Ashamed-Two-674,False,0.2726422053047734,2.0574626349610607,571.1,0,1.0,0.0,1,0.0,0.0,0.0
Ashamed_Coffee9542,False,3.409923736746656,2.100215034850648,332.4,0,1.0,0.0,1,0.0,0.0,0.0
Ashamed_Fox_9923,True,5.609110323539604,1.9535851279604834,1070.3,0,2.0,3.0,2,0.6666666666666666,1.0,0.0028029524432402132
AshishKumar24,False,0.05339901510487256,0.3839589028872008,2497.7,0,0.0,1.0,1,1.0,1.0,0.00040036833887176204
Ashlytics,False,3.9873188878084775,1.435453597077974,51.2,0,1.0,0.0,1,0.0,0.0,0.0
Ashrith_2007,False,2.6167723340568583,0.23189549502973192,2043.5,0,0.0,1.0,1,1.0,0.0,0.0004893564962074871
Ashryfinancial,False,4.781925495550159,0.16778536156588966,291.1,0,3.0,15.0,4,0.9333333333333333,1.0,0.05152868430092751
Ashu_78,False,1.5829022172927247,0.26323491805679927,950.1,0,0.0,2.0,2,0.0,1.0,0.002105041574571098
AshutoshRaiK,False,2.2017354048568905,0.3540863414434949,2728.0,0,0.0,1.0,1,0.0,1.0,0.00036656891495601173
Ashwani10101,False,1.3000677685856439,0.04913268857764468,1968.5,0,0.0,1.0,1,1.0,1.0,0.000508001016002032
Asirbachan,False,0.8745430811861886,0.8908810163487867,2918.2,0,0.0,1.0,1,0.0,1.0,0.0003426769926667124
AskGpts,False,4.532192094047561,4.6078117057018675,469.9,0,1.0,0.0,1,0.0,0.0,0.0
AskSmooth157,False,3.588682059638026,0.07384881980101529,1585.7,0,0.0,1.0,1,0.0,1.0,0.0006306363120388472
Asleep-Bee-9904,False,0.1901837079669032,0.9808292530117263,109.8,0,0.0,1.0,1,0.0,1.0,0.009107468123861567
Asleep-Builder7086,False,1.1567159821001316,0.4255947033173722,1024.1,1,1.0,0.0,1,0.0,0.0,0.0
Asleep-Pineapple-614,False,2.3500845180362315,1.453929228663632,177.2,0,0.0,1.0,1,1.0,0.0,0.0056433408577878106
Asleep-Poem8294,False,1.3535415746480826,1.0445450673978338,112.5,1,0.0,1.0,1,1.0,1.0,0.008888888888888889
Asleep-Theme8444,False,1.5469433734872606,0.6896154432232218,1299.4,0,1.0,0.0,1,0.0,0.0,0.0
AsleepBarracuda2909,False,3.245193133185574,1.2914520905497129,94.5,0,0.0,1.0,1,0.0,1.0,0.010582010582010581
Aspirant_huu,False,2.1396142677861087,0.39139350184125604,781.2,1,0.0,3.0,1,0.6666666666666666,1.0,0.0038402457757296463
AspiringWriter234,False,0.7479610940186731,0.002547772078798697,352.3,1,0.0,1.0,1,1.0,1.0,0.002838489923360772
AsquareM35,False,1.5892311443210574,0.5406863166531314,3015.4,0,0.0,1.0,1,1.0,0.0,0.00033163096106652516
AssInTheHat,False,2.178526467478825,0.12547632707460518,4103.9,0,0.0,1.0,1,1.0,1.0,0.0002436706547430493
AssistGreat548,False,0.15728431969942777,0.051672010544320905,810.2,1,0.0,1.0,1,1.0,1.0,0.0012342631449024932
AssociationEarly1594,False,3.7066835917975776,0.06745582083354695,362.4,0,0.0,2.0,1,1.0,1.0,0.005518763796909493
Astra7157,False,1.2533827084723177,0.0024301348532917827,1152.2,0,0.0,1.0,1,1.0,1.0,0.0008679048776254122
AstroAlchemist_,False,1.7997501688236948,0.4458595303163746,405.1,0,0.0,2.0,1,1.0,1.0,0.004937052579609973
AstroSatUVIT,False,0.7237278928138655,2.676797657598106,888.8,0,4.0,0.0,1,0.0,0.0,0.0
Astronaut_in_Sea,False,3.199187476756192,1.157452788691043,59.5,0,1.0,0.0,1,0.0,0.0,0.0
AsymmetricCurve,False,4.270474148768134,0.02156141022475915,55.8,0,0.0,1.0,1,0.0,1.0,0.01792114695340502
Ateez1117,False,2.326166401660396,0.006476040185001192,1794.1,0,0.0,1.0,1,1.0,1.0,0.0005573825316314587
AtmosphereLittle3986,False,0.9764284831104613,1.8311687015637215,640.5,1,1.0,1.0,2,1.0,1.0,0.00156128024980484
AtmosphericReverbMan,False,3.282164414929356,4.4199871827567565e-05,882.6,0,0.0,1.0,1,0.0,1.0,0.0011330160888284614
Atomsmasher_kal,True,3.443295765381293,0.9301529935536894,1762.6,0,2.0,1.0,1,1.0,1.0,0.0005673436968115285
AtreusStark,False,2.212667485542824,0.5550825651996246,2588.8,0,0.0,2.0,2,0.5,1.0,0.0007725587144622991
AttackTitanLit,False,2.433412662663815,0.781251120753776,1521.2,0,0.0,1.0,1,0.0,1.0,0.0006573757559821193
AttemptChoice844,False,0.9277092588439602,0.4663562087886921,536.4,1,1.0,0.0,1,0.0,0.0,0.0
AttentionAsleep1136,False,2.553895275522297,0.023139373614528263,261.7,0,0.0,1.0,1,1.0,1.0,0.0038211692777990066
Atyan7a,False,3.1443584940030425,0.18644563013564303,2090.0,0,0.0,1.0,1,0.0,1.0,0.0004784688995215311
AuldysBlack,False,2.0450485346161775,0.4626416328046664,482.5,0,0.0,1.0,1,1.0,1.0,0.002072538860103627
Auquie,False,3.6518638088867013,0.03321776346248481,570.6,0,0.0,1.0,1,1.0,1.0,0.0017525411847178409
Aurorion,False,1.7924528703883926,0.025218300546026765,4325.0,0,0.0,3.0,2,0.0,1.0,0.0006936416184971098
Aussie_5aabi,False,2.713201707106007,0.0543005399887249,490.5,0,0.0,1.0,1,1.0,1.0,0.0020387359836901123
Automatic-Annual7586,False,1.1949433976065418,0.06359443096173226,1317.2,0,0.0,1.0,1,1.0,1.0,0.0007591861524445793
Automatic-Big6636,False,0.8450006590898343,1.6956156086751528,1394.6,0,1.0,0.0,1,0.0,0.0,0.0
Automatic-Funny-8842,True,2.827333901996764,0.17848278048678895,379.3,0,0.0,2.0,2,0.5,1.0,0.005272871078302136
Automatic-Part8723,False,2.3388465039855113,0.014979896459252238,1701.2,0,0.0,1.0,1,0.0,1.0,0.0005878203620973431
Automatic-Piccolo-32,False,2.701269970815522,0.44853808838473846,1919.9,0,0.0,3.0,3,0.3333333333333333,1.0,0.0015625813844471065
Automatic_Cat5117,False,2.406570862203921,0.10992753571607457,31.3,0,0.0,1.0,1,0.0,1.0,0.03194888178913738
Automatic_Guava_2958,False,0.03029387278730775,0.11778303565638346,260.1,0,0.0,1.0,1,1.0,1.0,0.0038446751249519412
Avacado_toast_729,False,0.05799457045177393,0.34484048629172953,385.2,1,0.0,1.0,1,0.0,1.0,0.002596053997923157
Available-Finger9602,False,2.1935596355068774,2.168301077091941,1792.0,0,0.0,1.0,1,0.0,1.0,0.0005580357142857143
Available_Rub_8684,False,0.7440469783676272,0.07510230454150293,349.5,0,0.0,1.0,1,0.0,1.0,0.002861230329041488
Available_Still3879,False,1.1154282393072594,0.004086642385452029,1195.1,0,0.0,1.0,1,0.0,1.0,0.0008367500627562548
Available_Zombie_617,False,0.001477214243070862,0.4054651081081644,1352.9,0,0.0,1.0,1,0.0,1.0,0.0007391529307413703
AwaariPagliDewaani,False,3.364893611399802,0.6433236758736786,112.1,0,0.0,2.0,2,0.5,1.0,0.01784121320249777
Aware-Adman,True,1.4271619052778715,0.305357192198689,1844.1,0,1.0,0.0,1,0.0,0.0,0.0
AwarenessNo4986,False,4.643322571873282,0.4697069763518515,2070.3,0,0.0,1.0,1,0.0,1.0,0.0004830217842824711
Away-Score2893,False,1.9628900029402552,0.00012571500425130705,1299.7,0,0.0,1.0,1,0.0,1.0,0.0007694083249980765
Away-Tiger745,False,3.207502876126369,0.7247185442140016,1104.3,0,0.0,1.0,1,1.0,1.0,0.0009055510278004166
Away_Oil6375,False,4.741081968256174,1.307903727174168,123.1,0,2.0,0.0,1,0.0,0.0,0.0
Awkward-Ad2594,False,1.4480571773264848,0.6240051777625989,1647.7,0,0.0,1.0,1,1.0,1.0,0.0006069065970747101
Awkward-Lake-6733,False,2.487817859995459,0.003968259175620619,137.2,1,0.0,1.0,1,0.0,1.0,0.00728862973760933
AwkwardGuy78,False,1.8997181648437254,0.19384140062681604,2156.4,0,1.0,0.0,1,0.0,0.0,0.0
Awkward_Focus69,False,0.7979261317931221,0.19896602852474235,2132.8,0,0.0,2.0,2,0.5,1.0,0.000937734433608402
Awkward_Way_3327,True,0.5715230689097556,0.35254270665382187,177.7,0,0.0,1.0,1,0.0,1.0,0.005627462014631402
Ax008,False,0.16451870796668622,0.4879861317961679,1124.0,0,0.0,1.0,1,0.0,1.0,0.0008896797153024911
AxonBee,False,2.929085761775403,2.202475723170195,1660.2,0,3.0,0.0,1,0.0,0.0,0.0
Ayan_Choudhury,False,3.1139092689944063,0.03102493380487498,2989.0,0,0.0,4.0,4,0.0,1.0,0.0013382402141184342
Ayesspreso_,False,1.3549192385521367,0.11123924545953422,1502.2,0,0.0,1.0,1,0.0,1.0,0.0006656903208627346
Ayu_builder,False,3.7410242004295213,0.3469219407520286,744.0,0,0.0,1.0,1,0.0,1.0,0.0013440860215053765
Ayushibhanushalii,False,0.06216353651416081,0.4328640822962788,1138.2,0,0.0,1.0,1,1.0,0.0,0.0008785802143735723
B-Cool-,False,2.4934679732114686,0.4368582689224914,686.2,0,0.0,4.0,3,0.75,1.0,0.005829204313611192
B3_CHAD,False,4.438370402647854,0.34016669517781484,1510.9,0,0.0,2.0,1,1.0,1.0,0.0013237143424449003
B7TMANN,False,4.141246000761551,0.48178715436915326,755.4,0,3.0,9.0,1,0.4444444444444444,1.0,0.011914217633042097
BDivyesh,False,1.119374280116539,0.6190392084062234,314.6,0,1.0,0.0,1,0.0,0.0,0.0
BDoctorofdoom,False,2.072317460132487,0.0021344725286326274,202.5,0,0.0,1.0,1,0.0,1.0,0.0049382716049382715
BOOM_GOAT_93,False,5.298180993613307,0.9860818150177115,110.0,0,0.0,2.0,1,0.5,1.0,0.01818181818181818
BOOTY-DESTROYER69,False,4.187017819931104,0.7275573363112293,494.8,0,0.0,1.0,1,1.0,1.0,0.002021018593371059
BRASHxThug,False,1.7757965061685714,1.2012600586628202,1726.0,0,0.0,1.0,1,1.0,1.0,0.0005793742757821553
Baazigar00,False,4.2712948465784395,0.0009433819418173129,1396.7,0,0.0,1.0,1,1.0,0.0,0.0007159733657907926
Backbencher_1411,False,3.7981154291918613,0.46659757615967734,28.2,0,0.0,1.0,1,1.0,1.0,0.03546099290780142
Background-Row6614,False,1.2872091881988854,0.05428468348707273,1363.5,0,0.0,1.0,1,1.0,1.0,0.0007334066740007334
BackgroundDurian4198,False,0.2693902913218146,0.0018535686493229135,1743.4,0,0.0,1.0,1,1.0,1.0,0.0005735918320523115
Background_Ad_19,False,2.1977758452663876,1.588640254740202,2015.0,0,1.0,0.0,1,0.0,0.0,0.0
Background_Line_559,False,2.1625921409580084,0.00022570816030817011,575.8,1,0.0,1.0,1,1.0,1.0,0.001736714136853074
Background_Road_3943,False,1.5450436364310818,0.1752263684311226,517.6,0,0.0,2.0,2,0.5,1.0,0.0038639876352395673
Background_Way186,False,0.11054867034807955,0.8472978603872036,171.1,0,0.0,1.0,1,1.0,1.0,0.0058445353594389245
BackhandQ,False,3.099419016026881,0.11392819830486448,4205.7,0,0.0,1.0,1,0.0,1.0,0.0002377725467817486
Bad_Username5456,False,3.5463672600326706,0.028181753093055265,311.9,0,0.0,1.0,1,0.0,1.0,0.003206155819172812
Baga_Shaga,False,2.4738787878695483,0.19852353137023507,185.4,0,0.0,1.0,1,0.0,1.0,0.005393743257820927
BajaRamMohanGoy,False,1.5743149865607848,0.26121549926361765,45.2,0,0.0,1.0,1,1.0,1.0,0.022123893805309734
Bakchod_Batman07,False,1.9442792707378678,0.1751281342097298,420.8,0,0.0,1.0,1,1.0,1.0,0.002376425855513308
Bake2727,False,5.434575941159822,6.831378802611164e-05,769.8,0,0.0,5.0,3,0.6,1.0,0.006495193556767992
Baked_potato46,False,2.2349895881447575,0.07833923591939564,1200.4,0,0.0,1.0,1,0.0,1.0,0.0008330556481172942
Balbonator,False,1.0182022635044037,1.7056094187343973,3940.7,0,1.0,0.0,1,0.0,0.0,0.0
BallTampering001,False,0.4231239163060777,1.2787384548986287,516.4,0,1.0,0.0,1,0.0,0.0,0.0
Baloo_Cat,False,0.9193315773223045,0.3223947509224172,1917.6,0,0.0,1.0,1,0.0,1.0,0.0005214851898206091
BananaNo4722,False,1.6279410220731512,0.3560124728976113,368.4,0,0.0,1.0,1,1.0,1.0,0.002714440825190011
Bandidos_in,False,1.2590931422603822,0.0109338504527002,911.1,0,0.0,1.0,1,1.0,1.0,0.0010975743606629349
Bangers_n_Mashallah,False,5.873458909871128,0.00420806022927308,462.2,0,0.0,6.0,3,0.8333333333333334,1.0,0.012981393336218087
BanishedMermaid,False,1.9347327470816995,0.08526178841403734,2778.7,0,0.0,1.0,1,0.0,1.0,0.00035988051966747044
BankaiSaringam,False,1.989627719500171,0.29915447361401776,583.1,0,0.0,3.0,1,1.0,0.6666666666666666,0.005144915108900703
BannedAgain12341,False,5.498785438082129,0.07863428594935203,173.2,0,5.0,4.0,4,1.0,1.0,0.023094688221709007
Barolt_sama,False,0.4341668740808961,0.004576667027411811,1206.6,0,0.0,1.0,1,1.0,1.0,0.000828775070445881
Based_Indian007,False,2.123086902331498,0.1915431629454061,1525.1,0,0.0,1.0,1,1.0,1.0,0.0006556947085437021
Basic_Target_,False,1.1145273186166718,0.32260434484484773,1649.8,0,0.0,1.0,1,1.0,1.0,0.000606134076857801
BasilisK1929,False,0.595296630685094,0.08851513667149606,1783.5,0,0.0,1.0,1,0.0,1.0,0.000560695262125035
Bathakkaaa,True,3.9523365888999846,0.05293818889227848,161.8,1,0.0,1.0,1,1.0,1.0,0.006180469715698393
Batman0890,False,2.5332785086930705,0.5138196379785954,576.9,0,0.0,1.0,1,0.0,1.0,0.001733402669440111
Batman_0018,False,0.7230906262167052,0.37806613392004995,406.3,1,0.0,1.0,1,1.0,1.0,0.002461235540241201
Batman_55599,False,2.972711990654059,7.43024854523217e-05,725.7,1,0.0,1.0,1,1.0,0.0,0.00137797988149373
Battata_Vada,False,1.184951020200258,0.001305767323724511,1012.1,0,0.0,1.0,1,0.0,1.0,0.0009880446596186147
Bazingaapunk,False,1.6241711827655052,0.6344555786909499,1883.8,0,0.0,1.0,1,0.0,1.0,0.0005308419152776304
Beastman136,False,1.7946991817197353,0.007887364833165874,1953.1,0,0.0,1.0,1,0.0,1.0,0.0005120065536838872
Beautiful-Ad-425,False,0.7228101649428357,0.00046849380102625287,2012.8,0,0.0,1.0,1,1.0,1.0,0.0004968203497615262
BeautifulAhhhh,False,2.261860902767477,0.03555271681257685,639.0,0,0.0,2.0,1,0.5,1.0,0.003129890453834116
Beautiful_Apple8767,False,2.827516847853686,0.07047843124807561,1543.0,0,0.0,1.0,1,1.0,1.0,0.0006480881399870382
Beautiful_Device_549,False,1.7289530377720252,0.14822180870497956,1088.3,0,0.0,1.0,1,1.0,1.0,0.0009188642837452909
Beautiful_Show_9004,False,0.04700984702254552,0.01398624197473989,1475.1,0,0.0,1.0,1,0.0,1.0,0.0006779201410073894
BechariLitchi4799,False,4.046752866594131,0.6891067710229404,61.5,0,1.0,0.0,1,0.0,0.0,0.0
BeeSwimming3627,False,1.2382462918690327,0.08304635721774599,317.2,0,0.0,1.0,1,0.0,1.0,0.0031525851197982345
Beginning-Buyer6827,False,0.8047703393267711,0.37782319174623746,1528.9,0,0.0,1.0,1,0.0,1.0,0.0006540650140623977
Beginning-Emotion641,False,3.34580964851322,0.15971593417860158,1972.9,0,0.0,2.0,2,0.5,1.0,0.001013736124486796
Beginning-Passion676,False,7.788981221305336,2.5105211956424722,168.7,0,3.0,4.0,3,0.5,1.0,0.02371072910491998
Beginning-Wing2026,False,3.390005333466066,0.027138529688711888,1078.8,0,0.0,1.0,1,1.0,1.0,0.0009269558769002596
BeginningDue3375,False,0.032600308780162034,0.04445176257083384,663.9,0,0.0,1.0,1,1.0,1.0,0.0015062509414068383
BeginningInflation35,False,1.7152317707179545,0.048903356766757,1162.8,0,0.0,1.0,1,1.0,1.0,0.0008599931200550396
Beginning_Ad6341,False,1.463997918626733,0.08435189828997167,1119.4,0,0.0,1.0,1,0.0,1.0,0.0008933357155619081
Beginning_Bird_8947,False,1.0526607708548679,0.5419070591514253,1027.2,0,0.0,3.0,1,0.3333333333333333,1.0,0.0029205607476635513
Beginning_Tackle908,False,3.0518762439147067,0.10054610436538945,587.1,0,0.0,1.0,1,0.0,1.0,0.0017032873445750297
BekaarInsaanButGood,False,0.3238887989317073,0.009569451016150707,271.9,0,0.0,1.0,1,0.0,1.0,0.003677822728944465
Belly_fat_,False,1.9050050250945323,2.2301241154481457,637.3,0,1.0,0.0,1,0.0,0.0,0.0
BeltOld1063,False,2.4398803651551293,2.8185116091109377,631.8,0,2.0,0.0,1,0.0,0.0,0.0
Beneficial-Eye-3665,False,5.088210260316419,0.27481227451237467,525.7,0,2.0,5.0,2,1.0,1.0,0.009511128019783146
Beneficial-Fun2221,False,0.2660078646275649,0.7158052044525293,1607.9,0,0.0,1.0,1,1.0,1.0,0.0006219292244542571
Beneficial-Resort704,False,1.3821840254248798,1.175713893630782,1621.2,0,1.0,0.0,1,0.0,0.0,0.0
Beneficial-Tip9769,False,2.072150592354876,0.031364331554078306,531.7,1,0.0,1.0,1,1.0,0.0,0.0018807598269700958
Beneficial-Yellow804,False,1.1308957048107149,0.17606808782211267,516.1,0,0.0,1.0,1,1.0,0.0,0.0019376089905057158
Beneficial_Leg_7301,False,2.560310269535078,0.03423868676056033,831.0,1,0.0,2.0,2,0.5,1.0,0.0024067388688327317
Beneficial_Mood_6969,False,2.520623028218865,0.0978272164737457,772.1,0,0.0,1.0,1,0.0,1.0,0.0012951690195570523
Beneficial_Promise79,False,4.012468921829837,0.11585783516995501,1416.0,0,0.0,3.0,1,1.0,1.0,0.00211864406779661
Beneficial_Ride_1986,False,0.24396061780106232,1.0080982811272778,2059.4,0,0.0,1.0,1,1.0,1.0,0.0004855783237836263
Beneficial_Split2435,False,0.41119199600698786,0.07310730495881404,1810.8,0,0.0,1.0,1,0.0,1.0,0.000552242102937928
Beneficial_Sport5771,False,2.48155793623161,0.3685074223263939,1567.9,0,0.0,3.0,1,0.3333333333333333,1.0,0.0019133873333758529
Beneficial_Wrap786,False,0.8912909930258084,0.6873117234248838,1781.3,0,0.0,1.0,1,0.0,1.0,0.0005613877505192837
Benevolenz,False,1.9520477049378284,0.0005401026326271875,306.3,0,0.0,2.0,1,1.0,1.0,0.00652954619653934
BepoSmith,False,0.10702464029647706,0.05956226115134311,2593.8,0,0.0,1.0,1,0.0,1.0,0.00038553473667977484
Berie_,False,2.0870495103731326,0.16284921545219155,983.7,0,0.0,1.0,1,0.0,1.0,0.0010165700925078784
BerryDear6170,False,3.9731419332938653,0.5701371337892294,560.6,0,0.0,1.0,1,1.0,1.0,0.0017838030681412772
Best-Branch-1845,False,1.4492836952706325,2.1481633737288903,323.0,0,1.0,0.0,1,0.0,0.0,0.0
Best-Captain1615,False,0.0,0.6931471805599453,1064.3,0,0.0,1.0,1,0.0,1.0,0.0009395847035610261
Best-Project-230,False,4.061186821371329,0.766064404255117,1028.8,0,2.0,0.0,2,0.0,0.0,0.0
Best_Ad4323,False,0.15535829182419425,0.22800974096538265,1832.5,0,1.0,1.0,2,1.0,0.0,0.0005457025920873125
Best_Gur3923,False,0.07948274498974929,1.2602536402245255,1607.7,0,0.0,1.0,1,1.0,1.0,0.0006220065932698887
Best_Teach_8552,False,0.10576807044204735,0.04879016416943201,932.2,0,0.0,2.0,1,0.5,1.0,0.002145462347135808
Best_Tell2432,False,2.125108972271336,0.00024357569235028455,556.7,1,0.0,1.0,1,0.0,1.0,0.0017962996227770792
Beti_Pushpa_,False,0.03061976634124331,0.5559460590464603,2154.8,0,0.0,1.0,1,0.0,1.0,0.00046408019305736026
Better-Guava-1786,False,2.3605073221620674,0.43433414577374146,413.7,1,1.0,1.0,2,1.0,1.0,0.00241721053903795
BetterColSol,False,5.636947473244455,3.9803970285247483,420.1,0,1.0,0.0,1,0.0,0.0,0.0
Better_Indication_23,False,1.2601026305486236,1.9083282346329984,2036.2,0,1.0,0.0,1,0.0,0.0,0.0
BeyondOutrageous7223,False,0.37636392145968517,0.007326040092072906,897.2,0,0.0,1.0,1,1.0,1.0,0.0011145786892554615
BezosIsRich420,False,0.03922523856232171,0.09097177820572669,1699.8,0,0.0,1.0,1,1.0,0.0,0.0005883045064125191
BhadwaBatallion,False,0.1286902333963578,0.03315220731690047,662.6,0,0.0,1.0,1,0.0,1.0,0.0015092061575611227
Bhallaladevaa,False,2.2679456700434177,0.18838782363258166,3085.5,0,0.0,1.0,1,0.0,1.0,0.00032409658078107277
Bharat_Birder,False,1.2487451107952308,0.03508042472549844,1318.2,0,0.0,1.0,1,1.0,1.0,0.0007586102260658473
BhindiAndBooks1776,False,0.922808341191622,0.03396552915563024,354.8,0,0.0,1.0,1,0.0,1.0,0.002818489289740699
Big-Ant-2208,False,2.7206465887878957,0.08888017303836829,511.2,0,0.0,2.0,2,0.0,1.0,0.003912363067292645
Big-Chance5392,False,1.2131327925345383,0.0006629101999475157,637.9,0,0.0,1.0,1,0.0,1.0,0.0015676438313215238
Big-Fix1084,False,1.2526238032085324,0.03004178490250803,513.3,0,0.0,1.0,1,1.0,1.0,0.0019481784531463083
Big-Spell-8152,False,0.39761131012169854,1.2150226405125208,370.7,0,1.0,0.0,1,0.0,0.0,0.0
BigGuy300000,True,3.126380577060468,0.009066245237753179,50.8,0,0.0,1.0,1,1.0,0.0,0.01968503937007874
BigPension3235,False,2.5527876256285675,0.14102872744448816,666.9,0,0.0,1.0,1,0.0,1.0,0.00149947518368571
Big_Lie9363,False,0.05508683956823646,0.4480247225269603,1253.7,0,0.0,1.0,1,0.0,1.0,0.0007976389885937624
Big_Link_1221,False,0.44727916064775813,0.7932306391169278,1785.3,0,0.0,1.0,1,0.0,1.0,0.0005601299501484345
Big_Organization_978,False,2.6622821705220323,0.04548939609110275,2130.7,0,0.0,1.0,1,1.0,1.0,0.0004693293283897311
Big_Raspberry_6833,False,0.06361040108885244,0.6077873316087885,1522.6,0,0.0,1.0,1,0.0,1.0,0.0006567713122290819
Big_Tank8302,True,1.2327709945306935,1.1035750780102387,332.0,0,1.0,0.0,1,0.0,0.0,0.0
Big_Tip9205,False,1.8464046938740672,3.535188227545392,873.9,0,1.0,0.0,1,0.0,0.0,0.0
Bightwhite,False,0.4955408654010944,0.09531017980432487,427.2,0,0.0,1.0,1,1.0,1.0,0.0023408239700374533
Bigusdickus_7,True,2.756918141819659,0.03788529094997685,1061.2,0,0.0,1.0,1,1.0,1.0,0.0009423294383716547
BillFirm7100,False,0.7427441216993175,0.002743485945750844,330.4,0,0.0,1.0,1,1.0,1.0,0.0030266343825665863
Bill_skis,False,0.36663429877066295,1.5115821224303418,2413.8,0,1.0,0.0,1,0.0,0.0,0.0
BiriyaniMonster,False,4.469013506961665,1.0651516718278715,2495.3,0,0.0,4.0,3,0.0,1.0,0.0016030136656914999
Biscobibble,False,0.6688630562468292,0.06012287405122976,1961.1,0,0.0,1.0,1,0.0,1.0,0.000509917903217582
Bishan_cfc,False,1.6022794754125598,1.1144285781113947,3005.8,0,0.0,1.0,1,0.0,1.0,0.00033269013241067266
Bitter-Commission-46,False,2.2921947615086413,0.46893699128166416,1664.0,0,0.0,1.0,1,1.0,0.0,0.0006009615384615385
BitterAd1993,False,0.2545186352931481,0.9665880553341584,2001.1,0,1.0,0.0,1,0.0,0.0,0.0
BitterGalileo,False,1.7162632466104992,0.014331369686721135,2047.9,0,0.0,1.0,1,1.0,1.0,0.0004883050930221202
BitterMouth_0202,False,2.49062164099377,1.727576513374648,1238.8,0,0.0,1.0,1,0.0,1.0,0.0008072328059412335
Bitter_Dingo516,False,3.487538762160986,0.006662471761493907,1899.9,0,0.0,1.0,1,0.0,1.0,0.0005263434917627244
Bitter_Elk9285,False,2.0697123468839096,1.7503555234921406,1875.9,0,1.0,0.0,1,0.0,0.0,0.0
Bitter_Film8572,False,2.049054932111599,1.1089750757036563,14.2,0,1.0,1.0,1,0.0,1.0,0.07042253521126761
Bkm321,False,2.2910284176127544,0.21855154550846362,1289.8,0,0.0,1.0,1,1.0,1.0,0.0007753140021708792
Black-Dot-0310,False,0.0,0.6931471805599453,500.2,1,0.0,1.0,1,0.0,1.0,0.001999200319872051
BlackProgrammer-,False,0.1484379010356185,0.5910176854835655,1156.1,0,1.0,0.0,1,0.0,0.0,0.0
BlackSunAdmirer,False,3.295739009071087,0.5824832255119184,227.1,1,1.0,0.0,1,0.0,0.0,0.0
Blake_kai,False,2.3978952727983707,0.6962811606648891,1533.9,0,1.0,0.0,1,0.0,0.0,0.0
Blaxksoul0804,False,2.2819982517282704,1.1780099242094308,308.2,0,3.0,0.0,1,0.0,0.0,0.0
BlazewaterHurricane,False,0.7247413839720209,0.9791343373517349,2953.4,0,0.0,1.0,1,0.0,1.0,0.00033859280828875193
Bleak_star_dust,False,4.857306978937032,0.00836228127525025,1202.0,0,0.0,9.0,5,0.4444444444444444,1.0,0.0074875207986688855
Blind_asf,False,2.0677241183825483,0.1595872138441565,907.8,0,1.0,0.0,1,0.0,0.0,0.0
BlissfulBreeze11,False,3.799066599264888,0.0564135949839964,1034.3,0,0.0,2.0,2,0.5,1.0,0.0019336749492410326
BlissfulSunset_15,False,0.7741883905630712,0.43149468803914764,831.6,0,0.0,1.0,1,0.0,1.0,0.0012025012025012026
Blockchain_Batman,False,3.1551956922718953,0.003777152743745501,47.2,0,0.0,1.0,1,1.0,1.0,0.0211864406779661
Blockhunters44,False,1.0048185468444526,0.0028612322810322006,1616.6,0,0.0,1.0,1,0.0,1.0,0.0006185822095756526
BloodDry7700,False,1.7936565876372457,1.347033297455161,1141.0,0,0.0,1.0,1,1.0,1.0,0.0008764241893076249
BlueLeaves8,False,4.6292375344311285,0.013205729716524839,465.9,1,0.0,1.0,1,1.0,1.0,0.0021463833440652502
BoardZealousideal145,False,0.7890755006442903,0.40283698570189486,1264.4,0,0.0,1.0,1,1.0,1.0,0.0007908889591901297
BodybuilderUpbeat786,False,3.6287030346250035,0.1541692978140959,488.3,0,0.0,2.0,2,1.0,1.0,0.0040958427196395655
BoiPink45,False,0.9215374086030438,0.1144923099934852,1954.2,0,0.0,1.0,1,1.0,1.0,0.0005117183502200389
BollywoodMeraMaalik,False,2.74626809814819,0.6039753922520373,929.9,1,1.0,3.0,1,0.6666666666666666,1.0,0.003226153349822562
BonolotaSen23,False,6.593363713812997,3.447820697746497,271.2,0,3.0,2.0,2,1.0,1.0,0.007374631268436578
BonusEast9896,False,0.605285824768611,1.6789639750827108,321.0,0,0.0,1.0,1,0.0,1.0,0.003115264797507788
Boobytraphunter,False,2.9415789159298136,0.12071103162196581,154.8,1,0.0,2.0,1,0.5,1.0,0.012919896640826873
BookWormAttorney,False,1.1805995745215605,0.9362753179571718,1948.3,0,0.0,1.0,1,0.0,1.0,0.0005132679772109018
BoomerGhoomer,False,1.854847881642248,0.1359323541620608,541.3,0,0.0,1.0,1,1.0,1.0,0.0018474043968224646
Boomi_19,False,1.329841439566426,1.1544183801112051,1000.2,0,1.0,0.0,1,0.0,0.0,0.0
Bop2y,False,0.16370578481681256,0.18232155679395465,938.9,0,0.0,1.0,1,0.0,1.0,0.0010650761529449357
Boring_Ad_9431,False,1.596654003780474,0.09463594053393046,1845.3,0,0.0,1.0,1,0.0,1.0,0.0005419173034194982
Born-Adeptness-5550,False,4.703563087877493,0.0017268676042699056,63.6,0,0.0,1.0,1,1.0,1.0,0.015723270440251572
Born-Position5616,False,0.4785896942295298,0.5618111784988583,184.1,0,0.0,1.0,1,0.0,1.0,0.005431830526887562
Born_Figure_6852,False,2.7931046716311196,1.9021405465887706,395.0,0,4.0,0.0,2,0.0,0.0,0.0
Born_North6315,False,1.3686176021658667,0.007715171800673552,1154.3,0,0.0,1.0,1,0.0,1.0,0.0008663259118080222
Bos_gaurus,False,1.3993207735169328,0.1691761420647112,2331.9,0,0.0,1.0,1,0.0,1.0,0.00042883485569707104
Bot_Bot_123,False,5.223699230838198,2.1218593138664157,220.8,0,1.0,0.0,1,0.0,0.0,0.0
Both-Cardiologist167,False,0.036181215109334204,0.10080469912196559,1954.2,0,0.0,1.0,1,0.0,1.0,0.0005117183502200389
Both_Office9540,False,0.5593605621868639,0.00095283475527188,1399.5,0,0.0,1.0,1,0.0,1.0,0.0007145409074669524
BoundIess,False,0.49117017373743205,1.7331219839751433,3549.2,0,1.0,0.0,1,0.0,0.0,0.0
Boy7628,False,0.45141655828941235,0.0013689256073416906,1279.5,0,0.0,1.0,1,1.0,1.0,0.0007815552950371239
Brain_stoned,False,2.136070330446476,0.14033991230142664,2839.5,0,0.0,1.0,1,0.0,1.0,0.00035217467864060575
Bratyushh,False,0.2094056907608793,0.7529656757708555,661.1,0,0.0,1.0,1,0.0,1.0,0.0015126304643775525
Brave-Perspective389,False,2.5215705737074074,0.04669352000876988,1102.8,1,0.0,2.0,1,0.5,1.0,0.0018135654697134568
Brave_Ad9913,False,0.33612363755018526,0.00760459938521931,327.9,0,0.0,1.0,1,0.0,1.0,0.0030497102775236353
Brave_Agent9,False,1.7675905377263519,0.6389214430017891,820.1,0,0.0,1.0,1,1.0,1.0,0.0012193634922570418
Brawling_Shadow,False,1.5514927678151336,0.3079001359167504,595.4,0,0.0,1.0,1,0.0,1.0,0.0016795431642593216
BreakingBadYo,False,1.0195224635999045,0.15645738646485,4367.7,0,0.0,1.0,1,0.0,1.0,0.00022895345376285002
Brendon32,False,0.6031275351093425,0.0004337453982554424,2784.4,0,0.0,1.0,1,0.0,1.0,0.00035914380117799165
Brief_Painting_5346,False,2.4920507244339483,0.5526801879491824,1723.7,0,0.0,2.0,2,0.5,1.0,0.0011602947148575738
Brief_Picture787,False,0.4585216577903741,0.3832643981279719,1682.9,0,1.0,0.0,1,0.0,0.0,0.0
Bright-Leg8276,False,3.676874085892132,0.1535756855816049,1602.2,0,0.0,2.0,2,0.5,1.0,0.0012482836100362001
BrightMeasurement240,False,1.491358502797183,0.8573320383209979,1754.8,0,0.0,1.0,1,1.0,1.0,0.0005698655117392296
Brilliant-Camp334,False,2.724305962516078,2.294256668887564,293.7,0,1.0,0.0,1,0.0,0.0,0.0
Brilliant-Dare-5598,False,0.4400750298341881,0.0026917916657114172,671.1,0,0.0,1.0,1,0.0,1.0,0.0014900908955446282
BrilliantAstronaut26,False,1.738055465732025,0.00032578596150666485,1965.1,0,0.0,1.0,1,0.0,1.0,0.0005088799552185639
Brilliant_Berry_2570,False,4.165437024994413,5.853337894823819,236.2,1,0.0,1.0,1,0.0,1.0,0.004233700254022015
Brilliant_Fish_5404,False,0.2669963690452382,1.2855527913183589,705.8,0,0.0,1.0,1,0.0,1.0,0.0014168319637291019
Brilliant_Long8275,False,0.29492819866813674,0.22693862228276138,959.1,0,0.0,1.0,1,0.0,1.0,0.0010426441455531226
Brilliant_Mirror1668,False,0.10130674281031046,1.6650077635889111,684.7,0,0.0,1.0,1,0.0,1.0,0.0014604936468526361
Brilliant_Seaweed_24,False,1.8031103288967445,1.1148728095398899,36.5,0,1.0,0.0,1,0.0,0.0,0.0
BringYourOwnVenture,False,1.5078787400861215,2.1358556309599273,67.1,0,1.0,0.0,1,0.0,0.0,0.0
BroadResident7805,False,0.10742024862083686,1.5125880864441827,1552.0,0,0.0,1.0,1,0.0,1.0,0.0006443298969072165
Broad_Geologist7998,False,3.148949280027251,0.0022522532043250877,39.8,0,0.0,1.0,1,0.0,1.0,0.02512562814070352
Broad_Result_6326,True,1.1885403758688142,0.31925110258464,1992.3,0,0.0,1.0,1,1.0,1.0,0.0005019324398935904
BrokenBOT-_-,False,2.113450298382323,0.14190790031158085,858.9,0,0.0,1.0,1,1.0,1.0,0.0011642798928862498
Bronco_bully,False,2.4131307249716767,0.28107509408753145,2877.9,0,0.0,1.0,1,1.0,1.0,0.00034747558983981374
Bruce-Lannister,False,1.7172033010557748,0.7599973168149537,3090.0,0,0.0,1.0,1,0.0,1.0,0.00032362459546925567
BubblesPP,False,0.23299115313092536,0.38856329730556116,1002.4,1,2.0,0.0,1,0.0,0.0,0.0
Bubbly-Albatross-373,False,2.92429170315241,0.1427067549656222,1439.7,0,0.0,1.0,1,1.0,1.0,0.0006945891505174689
Bubbly-Week3994,False,0.07682852906195484,0.007968169649176874,1565.3,0,0.0,1.0,1,1.0,1.0,0.0006388551715326135
Budget-Emergency-508,False,0.9077632941720465,0.0295588022415444,765.5,0,0.0,2.0,2,0.5,1.0,0.002612671456564337
BudgetOver9367,False,1.1062847324075513,0.9343695637424898,744.4,0,1.0,0.0,1,0.0,0.0,0.0
Budget_Elephant_3000,False,3.148622387255088,0.07357926578972022,286.9,0,0.0,2.0,1,0.5,1.0,0.006971070059254096
BugGlad5743,False,2.398853517367778,0.02209593422037165,379.3,0,0.0,3.0,2,0.6666666666666666,1.0,0.007909306617453203
BuildingJazzlike5865,False,2.6560665373396386,2.4269530072779135,1835.4,0,1.0,0.0,1,0.0,0.0,0.0
Bukuna3,False,2.8095874127221947,0.07055161214976492,3365.3,0,0.0,2.0,2,1.0,1.0,0.0005943006567022257
BulkyFix3079,False,1.8275894233849417,0.009125700002940242,1813.8,0,0.0,1.0,1,0.0,1.0,0.0005513287021722351
BulletTiger,False,2.565090898847463,0.289874574974449,760.8,0,0.0,3.0,1,0.6666666666666666,1.0,0.003943217665615143
BullishW,False,0.3840268951191145,0.05129329438755053,1023.1,0,0.0,1.0,1,1.0,0.0,0.000977421561919656
Bunnyslade,False,4.1705337005796475,0.2174822002147942,80.8,0,0.0,2.0,1,0.5,1.0,0.024752475247524754
Burberry143,False,0.8022542221342491,0.32903222935651744,1196.2,0,0.0,1.0,1,0.0,1.0,0.0008359806052499582
BurgerGunz,False,0.7550319038990971,0.00412371718386206,214.6,0,0.0,1.0,1,1.0,1.0,0.004659832246039143
BurhanBaroda,False,0.7397107644335991,0.0035849470778259703,2295.2,0,0.0,1.0,1,0.0,1.0,0.000435691878703381
Business_Raisin_541,False,1.4951631669904264,0.0041997961835898,1930.6,0,0.0,1.0,1,0.0,1.0,0.0005179736869367036
Busty_Cat,False,0.44833298546774386,0.09217045979965713,279.3,0,0.0,1.0,1,1.0,1.0,0.0035803795202291443
Busy-Mongoose-1487,False,0.8900531692342006,0.13753963409245978,1815.7,0,0.0,2.0,1,0.5,1.0,0.0011015035523489563
BusyTransportation27,False,1.0417413646760667,2.0708048439472444,1759.4,0,0.0,1.0,1,1.0,0.0,0.0005683755825849721
Busy_Armadillo_481,False,0.1649598689604171,0.2602830982636665,1867.9,0,1.0,0.0,1,0.0,0.0,0.0
Busy_Bullfrog_1061,False,0.21119316911077832,0.031482138270352344,2054.0,0,0.0,2.0,2,1.0,1.0,0.0009737098344693282
Busy_Ganache5874,False,5.612854513139446,4.465581531096874e-05,164.1,0,0.0,1.0,1,1.0,1.0,0.006093845216331505
Busy_Temperature_111,False,1.5707700162305418,0.15536574680542636,287.9,0,0.0,1.0,1,0.0,1.0,0.003473428273706148
Buttbuttchin,False,1.7123225135718245,0.8526241046698777,1049.8,0,0.0,1.0,1,0.0,1.0,0.0009525623928367308
Butterpopcorn123,False,1.478708244649475,0.5587032553477138,2990.9,0,0.0,1.0,1,1.0,1.0,0.00033434752081313316
ButterscotchFlat3086,False,0.09168834752312614,0.5456944494168147,1103.9,0,1.0,0.0,1,0.0,0.0,0.0
ButterscotchTop194,False,5.844948707675788,1.3352650167440335e-05,217.4,0,0.0,1.0,1,1.0,0.0,0.004599816007359705
Byte-Sized-,False,1.529389541589018,0.23139345078635165,294.3,0,0.0,1.0,1,0.0,1.0,0.0033978933061501867
ByteMePleasee,False,1.3368771070687733,0.33719105778550573,297.1,0,0.0,1.0,1,1.0,1.0,0.0033658700774150114
C00LOO7,False,0.7647343085922496,0.11701645838618793,1560.4,0,0.0,1.0,1,0.0,1.0,0.000640861317610869
C4HOTFUNMUM,False,1.3677405104626839,0.06335451583268488,1691.8,0,0.0,4.0,2,0.0,1.0,0.002364345667336565
CAAtharvaS,False,0.9161788061926907,4.087841984734534,714.8,1,1.0,0.0,1,0.0,0.0,0.0
CAFinalist_Ted,False,1.7788835643062115,0.3541449468058744,377.8,0,2.0,0.0,1,0.0,0.0,0.0
CAGRGuy,False,4.222182087409756,2.1661808760298937,353.1,0,16.0,3.0,2,0.3333333333333333,1.0,0.008496176720475786
CAPTAIN0510,False,0.27316436013471945,3.081426994658874,1314.8,0,0.0,1.0,1,1.0,1.0,0.0007605719501064801
CB_hunter,False,1.8487518616954681,1.0632625108160634,373.7,1,0.0,1.0,1,0.0,1.0,0.002675943270002676
CH3T4N45,False,0.876030971754304,0.05524660576834431,503.8,0,0.0,1.0,1,1.0,1.0,0.001984914648670107
CLONELMUSTARD,False,2.248042830701121,0.21801141021579099,653.9,0,0.0,1.0,1,1.0,1.0,0.001529285823520416
COSMOCRAT_,False,3.6217777765336567,0.609755218367902,849.0,0,0.0,2.0,2,0.5,1.0,0.002355712603062426
CRXC0D1LE,False,0.009794397592287642,0.4054651081081644,203.2,1,0.0,1.0,1,0.0,1.0,0.004921259842519685
C_FalcoOn,False,0.03666814472602339,0.09156719352549048,2115.2,0,0.0,1.0,1,1.0,1.0,0.0004727685325264751
CactusHibs_7475,False,3.9718249258032845,0.017887444772040666,1896.4,0,0.0,1.0,1,0.0,1.0,0.0005273149124657245
CaffeinatedSim,False,1.4179496750538922,0.7379446022320505,1765.3,0,0.0,1.0,1,1.0,1.0,0.0005664759530957911
Cain_94,False,0.19089057496431935,0.6786890973847154,1954.1,0,0.0,2.0,2,0.5,1.0,0.0010234890742541324
CakeFoDays,False,0.3409000367708014,0.004901970600206757,1004.4,0,0.0,1.0,1,1.0,1.0,0.0009956192751891678
CalenderGirl_,False,2.0268400850733874,0.05171734406829528,1318.5,0,0.0,1.0,1,0.0,1.0,0.0007584376185058779
CallOld2021,False,0.10106976000680094,0.5725191927713306,1824.1,0,1.0,0.0,1,0.0,0.0,0.0
CallSea8422,False,1.9808559614090695,3.899950424193877,237.0,0,1.0,0.0,1,0.0,0.0,0.0
Calm-Distribution839,False,2.128540872647217,0.0010958905206370783,123.2,1,0.0,1.0,1,1.0,1.0,0.008116883116883116
Calm-Philosophy-5656,False,3.892423534899352,4.478807943835105,453.2,0,3.0,0.0,1,0.0,0.0,0.0
Calm_Description_947,False,3.7781243364756087,0.4599244510364588,532.2,1,0.0,2.0,1,0.5,1.0,0.003757985719654265
Calm_Selection_8626,False,0.17244165417716553,0.0046189458562945485,1147.7,0,0.0,1.0,1,1.0,0.0,0.0008713078330574191
CalmbutClumsy,False,3.280446027377962,2.5493646264448384,97.0,0,1.0,0.0,1,0.0,0.0,0.0
CalzonePocket,False,3.3408859850375414,0.05486498756707347,874.5,1,0.0,1.0,1,1.0,1.0,0.0011435105774728416
CanIJoinToo,False,1.0527399683620473,0.3318504169993803,1202.9,0,0.0,1.0,1,0.0,1.0,0.0008313242996092775
CanadianControlsTech,False,1.0088162145644268,0.00020062192864963316,2860.5,0,0.0,1.0,1,1.0,1.0,0.0003495892326516343
CandidComfortable338,False,0.7871089619640317,0.13310468043541504,1956.5,0,0.0,1.0,1,1.0,0.0,0.0005111167901865576
Candid_Assistance935,False,3.412773949491153,0.12412874927501538,1343.2,0,0.0,2.0,2,0.0,1.0,0.0014889815366289458
CandidateEvery595,False,2.885839539066608,0.04107765091944896,240.8,0,0.0,1.0,1,1.0,1.0,0.00415282392026578
CandyInitial1963,True,2.1702575045356025,0.001304518165605035,1482.5,0,0.0,4.0,1,0.5,1.0,0.0026981450252951096
Candy_2828,False,2.2910960783467855,1.8744025175415078,1993.3,0,0.0,1.0,1,0.0,1.0,0.0005016806301108715
Cannibal_House69,False,3.3680598065863854,0.31109980546391636,532.4,0,1.0,0.0,1,0.0,0.0,0.0
Cant_Anything,True,2.9203743423545934,2.7541826602757107,819.0,0,1.0,0.0,1,0.0,0.0,0.0
Cantefffingsleep,False,2.328326349542221,0.02636877687300277,867.1,0,0.0,1.0,1,0.0,1.0,0.0011532695190866105
Cap_tain_Wolf,False,2.4252810117952457,1.2124712620235691,2079.2,0,3.0,2.0,3,0.5,1.0,0.0009619084263178146
Capable-Ambassador47,False,0.012684226752838682,0.04255961441879593,1801.8,0,0.0,1.0,1,0.0,1.0,0.000555000555000555
Capable-Foot6268,False,2.2641051661059963,3.6020535886729323,416.7,0,1.0,0.0,1,0.0,0.0,0.0
Capable-Operation-98,False,1.7563145354575087,0.22348045274310194,1703.8,0,0.0,1.0,1,1.0,1.0,0.0005869233478107759
Capable-Sun8548,False,2.683957776203419,0.287874657912174,761.2,0,0.0,1.0,1,0.0,1.0,0.0013137151865475565
Capable_Ad_515,False,0.13269843648763485,0.3756121449584832,690.6,0,0.0,1.0,1,1.0,1.0,0.0014480162177816392
Capable_Dimension588,False,3.3919492976258727,0.008087961604884442,1132.3,0,0.0,2.0,1,0.0,1.0,0.001766316347257794
Capable_Spring2530,False,0.3025926589477027,0.6239897135660796,1143.3,0,0.0,1.0,1,1.0,0.0,0.0008746610688358261
Capital-Enthusiasm75,False,1.2523911466383704,0.018707849857467682,1921.4,0,0.0,2.0,2,0.0,1.0,0.0010409076714895389
CapitalEffective2939,False,0.6715727397076733,2.313125375029478,1593.0,0,0.0,1.0,1,0.0,1.0,0.0006277463904582549
CapitalOpposite7772,False,0.5397656723727933,0.845163387858571,216.6,0,0.0,1.0,1,1.0,1.0,0.0046168051708217915
Capital_Ad_2821,False,0.3998717263678392,0.329674929362218,2025.9,0,0.0,1.0,1,0.0,1.0,0.0004936077792586011
CaptZombieAlpha,False,2.1816661507251043,0.07776488498262293,2919.2,0,0.0,2.0,2,0.0,1.0,0.0006851192107426693
Capt_awesome126,False,1.0296023655744702,0.00022101889801542257,2513.4,0,0.0,1.0,1,1.0,1.0,0.00039786743057213333
CaptainFatBat,False,1.4441351717738058,0.04202048468795582,2116.0,0,0.0,1.0,1,1.0,1.0,0.0004725897920604915
CaptainGuts69,False,1.6446356626087966,0.0008726004044089191,1645.8,0,0.0,2.0,2,0.0,1.0,0.0012152144853566655
Captain_nopants04,False,0.2439322900788339,0.011696039763191278,1864.2,0,0.0,1.0,1,0.0,1.0,0.0005364231305653899
CarbonCrawler,False,3.1155033276382262,0.5110142259103274,3691.8,0,2.0,2.0,3,0.5,1.0,0.000541741156075627
CarburetorX,False,0.5047325473082204,0.002333723346220179,651.9,0,0.0,1.0,1,1.0,1.0,0.0015339776039269828
CardGlad,False,0.2242314198447331,0.29135180134074334,2168.2,0,1.0,0.0,1,0.0,0.0,0.0
CardiologistJumpy63,False,1.5437971696384083,0.013618887534803892,280.8,0,0.0,1.0,1,0.0,1.0,0.0035612535612535613
CareerLegitimate7662,False,5.246718780905635,0.15939030177359387,569.0,0,0.0,3.0,2,0.6666666666666666,1.0,0.005272407732864675
CareerThis2727,False,3.270858725887207,0.05951370169688112,437.2,0,2.0,2.0,3,0.5,1.0,0.004574565416285453
Careful-Advance-2096,False,3.2642328258817277,0.0031006028730140417,1412.2,0,0.0,1.0,1,0.0,1.0,0.000708114997875655
Careful-Housing-2222,False,1.1617911902896414,0.2443017768215558,92.0,0,0.0,1.0,1,1.0,1.0,0.010869565217391304
Careful_Alfalfa_5882,False,2.360070866939578,0.0005408196006839903,2121.0,0,0.0,6.0,2,0.6666666666666666,0.6666666666666666,0.002828854314002829
Careful_Ferret_1002,False,0.7721058772872234,0.2342491677267191,213.0,0,0.0,1.0,1,1.0,1.0,0.004694835680751174
Careful_Fig8482,False,3.617302791078391,0.4926024806881152,836.3,0,1.0,0.0,1,0.0,0.0,0.0
Careful_Young112,False,1.147629796329825,0.10247173175193529,481.7,0,0.0,1.0,1,0.0,1.0,0.002075980900975711
CaregiverHealthy6515,False,2.8840985693740873,0.15084637282480284,351.8,0,0.0,1.0,1,0.0,1.0,0.0028425241614553724
Careless-Load808,False,1.986019498647263,0.2892453055354787,339.3,0,0.0,3.0,3,0.6666666666666666,0.6666666666666666,0.008841732979664015
Careless-Stand7532,False,2.3732295419330045,0.08370268132356433,667.9,0,0.0,1.0,1,1.0,1.0,0.0014972301242701003
CarelessComparison97,False,0.6021726399042017,0.20301097268285812,861.9,0,0.0,1.0,1,0.0,1.0,0.001160227404571296
CarelessSamosa,False,2.356707280460125,0.05421888578865248,114.9,0,0.0,1.0,1,0.0,1.0,0.008703220191470844
Careless_Initial2167,False,1.1481870742979596,0.04901340337116277,728.0,0,0.0,1.0,1,0.0,1.0,0.0013736263736263737
CarsAlcoholSmokes,False,2.6127538333571945,0.18162625008603178,3185.6,0,0.0,1.0,1,1.0,1.0,0.0003139126067302863
CartographerOwn3656,False,4.11713182944399,0.6240180235930746,1668.7,0,2.0,4.0,1,1.0,0.75,0.002397075567807275
Cartographer_69_,False,4.239933249362329,0.3582417527058632,236.1,1,0.0,1.0,1,1.0,1.0,0.004235493434985176
Cascasrealm,False,1.5533277895340243,0.5984912369582169,186.2,0,0.0,1.0,1,1.0,1.0,0.0053705692803437165
Casestudy007,False,2.6074209530699637,1.9647458979924024,324.1,0,3.0,0.0,1,0.0,0.0,0.0
CaspianRoach,False,3.7897561386157137,0.024235341368428816,5403.3,0,0.0,1.0,1,0.0,1.0,0.00018507208557733238
CasualMKGamer,False,2.0813994763882016,0.285934263814696,1683.8,0,0.0,2.0,1,0.0,1.0,0.001187789523696401
CategorySpirited,False,0.6541858131159461,0.0005013788021801914,2159.0,0,0.0,1.0,1,0.0,1.0,0.0004631773969430292
CaterpillarLive2640,False,2.5666475692695916,0.3447707430166966,1403.0,0,1.0,0.0,1,0.0,0.0,0.0
CaterpillarNo163,False,0.9215924573730674,0.0693298554834007,699.8,0,0.0,1.0,1,0.0,1.0,0.0014289797084881396
CaterpillarStock6704,False,1.5934572404457503,0.5676792989170047,492.0,0,0.0,1.0,1,0.0,1.0,0.0020325203252032522
CauliflowerAmazing35,False,3.9894553159707815,0.0849256437983251,1512.5,0,0.0,1.0,1,1.0,0.0,0.0006611570247933885
Cautious-Mango-7681,False,1.3047707344910147,0.6749648614767549,161.9,0,0.0,1.0,1,0.0,1.0,0.006176652254478073
Cautious-Pirate-8632,False,0.41120436278892136,1.5114575040738967,532.8,1,1.0,0.0,1,0.0,0.0,0.0
Cautious-Security813,False,1.5366619342914452,2.06746535063312,136.2,1,0.0,1.0,1,0.0,1.0,0.007342143906020559
Cautious_Duty_6257,False,0.20709012737619203,0.1709065935556973,1434.2,0,0.0,1.0,1,0.0,1.0,0.0006972528238739366
Cautious_Lemon_8415,False,1.6263024385034144,0.2876820724517809,185.8,0,0.0,1.0,1,0.0,1.0,0.005382131324004305
Celestial_Analyst,False,1.4887419490713492,0.16646931782227384,543.2,0,0.0,1.0,1,1.0,1.0,0.0018409425625920469
Celestial_Mahafuz,False,5.169741413919478,3.075181037656044,535.8,0,0.0,1.0,1,0.0,1.0,0.0018663680477790223
CellInevitable7613,False,2.6012329705254573,0.6441699664788166,1284.9,0,1.0,0.0,1,0.0,0.0,0.0
Centeredrightbhakt05,False,4.946076379888249,0.04585056454825877,444.6,0,0.0,3.0,1,0.6666666666666666,1.0,0.0067476383265856945
Cerealkiller1911,False,2.844906455608881,0.13234411960647402,794.2,0,0.0,1.0,1,0.0,1.0,0.0012591286829513975
Certain-Car-6474,False,2.379456388137668,0.07323009979141894,1403.2,0,0.0,2.0,2,1.0,1.0,0.0014253135689851768
Certain_Buddy738,False,1.120637430426798,0.2667294951169027,799.3,0,0.0,1.0,1,0.0,1.0,0.0012510947078693858
Certain_Fan_1902,False,0.300718277649101,0.15154989812720093,362.0,0,0.0,1.0,1,0.0,1.0,0.0027624309392265192
Certain_Plan_5819,False,4.382259636017991,0.0803023987909628,568.6,0,0.0,6.0,3,0.3333333333333333,1.0,0.010552233556102708
Certain_Tea_,False,5.170344622997079,2.509927042310442,1773.5,0,0.0,1.0,1,1.0,1.0,0.000563856780377784
Chackochi,False,2.364342583909394,0.4642057529210693,3636.8,0,0.0,1.0,1,0.0,1.0,0.00027496700395952486
ChaiKaCupWithGupShup,False,4.123887203304567,0.021372325061356973,80.1,0,0.0,1.0,1,1.0,1.0,0.012484394506866418
Chaii_Lover,False,4.919472671529068,0.020421567486057116,979.7,0,0.0,4.0,3,0.75,0.75,0.004082882515055629
ChallengeActual,False,0.6108298359558824,0.2898399938384552,2019.1,0,0.0,1.0,1,0.0,1.0,0.0004952701698776683
ChampionLife5205,False,2.919052411664492,0.047387364749738876,1601.6,0,0.0,1.0,1,1.0,1.0,0.0006243756243756244
Champion__survivor,False,3.3993398284123937,1.813278081997275,605.3,0,1.0,0.0,1,0.0,0.0,0.0
ChampionshipGlass716,False,5.866847531648695,1.5584244196045023,329.9,0,0.0,3.0,2,1.0,1.0,0.009093664746892998
Chance-Influence9778,True,1.914297530386237,0.15376032624002678,1845.5,0,0.0,1.0,1,1.0,1.0,0.000541858574911948
Chance-Struggle-380,False,1.125902714687868,0.2677703788053985,373.5,1,0.0,1.0,1,0.0,1.0,0.002677376171352075
ChanceImagination297,False,3.700035297742343,0.15441464883572414,272.1,1,0.0,1.0,1,1.0,1.0,0.0036751194413818444
Chandu_yb7,False,3.8908809474187245,3.8787373824831555,699.9,0,2.0,0.0,2,0.0,0.0,0.0
Changed_name1,False,1.6504983609067758,0.6450710471241703,110.7,0,0.0,1.0,1,1.0,1.0,0.009033423667570008
Chantingpsy,False,0.8031230635408956,0.6589279559052038,3914.8,1,1.0,0.0,1,0.0,0.0,0.0
Chaos_Agent_1212,False,0.7859128297292753,0.023277684869345634,472.2,0,0.0,1.0,1,1.0,1.0,0.002117746717492588
Chaos_Alt,False,2.9230737827547575,0.0736050668456269,2572.0,0,0.0,1.0,1,0.0,1.0,0.00038880248833592535
Chaotic_coffeebean,False,1.0754666607509218,1.5861602275647548,571.1,0,0.0,1.0,1,0.0,1.0,0.0017510068289266327
Character-Fix-7570,False,0.7490507443529794,0.025271273630294647,1975.8,0,0.0,1.0,1,1.0,1.0,0.0005061241016297197
Character-Yoghurt-52,False,0.031663629118471565,0.9932517730102833,808.2,0,0.0,1.0,1,1.0,0.0,0.0012373174956693887
Character_Hunter1707,False,0.963915109852101,0.06001800972625295,253.4,1,0.0,1.0,1,1.0,0.0,0.003946329913180742
CharamSukhi,False,1.541876345299733,0.0033532073148278287,2927.3,0,0.0,4.0,3,0.25,1.0,0.0013664468964574863
CharismaticOP1,False,0.2638971674283389,0.009434032233358617,702.0,0,0.0,1.0,1,1.0,1.0,0.0014245014245014246
Charismatic_Evil_,False,1.6422277352570913,0.006300335856250774,687.6,0,0.0,1.0,1,1.0,1.0,0.0014543339150668994
Charlie__Olives,False,4.015429735878584,0.0001537190403272876,955.9,1,0.0,1.0,1,0.0,1.0,0.001046134532900931
Charming-Ad1028,False,1.5127171004204918,1.128430341101943,1471.3,0,3.0,1.0,1,1.0,1.0,0.000679671039217019
Charming-Influence-8,False,0.33657821302831453,0.016336419319693485,2156.7,0,0.0,1.0,1,1.0,1.0,0.00046367134974729913
Charming-Objective15,False,3.039779766966032,0.21417350742419222,734.7,0,3.0,1.0,2,1.0,1.0,0.0013610997686130393
Charming-Skill-8087,False,2.7188114186731998,0.08873193811445153,380.8,0,0.0,1.0,1,1.0,1.0,0.002626050420168067
Charming_Lawyer4050,False,1.0376244207484484,0.11778303565638346,315.5,0,0.0,1.0,1,1.0,1.0,0.003169572107765452
Charming_Painter5947,False,0.34546281521899264,0.17570145170434848,1967.8,0,0.0,2.0,2,0.0,1.0,0.0010163634515702815
Charming_Win3618,False,0.05794892771510752,0.008733679968754604,1910.8,0,0.0,1.0,1,0.0,1.0,0.0005233410090014653
Cheap-Comfort4669,True,1.535111366111663,0.3626840179216033,464.6,0,0.0,1.0,1,1.0,1.0,0.002152389151958674
Cheerful_Pessimist_0,False,0.1871088856490126,0.18038169197612802,1496.9,1,0.0,1.0,1,0.0,1.0,0.0006680472977486806
CheesecakeNext371,False,2.7863466515819972,0.9785690962177983,367.7,0,2.0,1.0,1,1.0,1.0,0.0027196083763937995
CheesecakeSimilar347,True,1.6247624507902587,1.678595379427966,106.2,0,1.0,0.0,1,0.0,0.0,0.0
Cheesepizzassss,False,1.175318747318138,0.0009203866273286955,485.0,0,0.0,1.0,1,0.0,1.0,0.002061855670103093
Chemical-Row-9323,False,0.656979685196025,0.11504878219142335,1276.7,0,0.0,1.0,1,0.0,1.0,0.0007832693663350826
ChemicalFreedom2898,False,1.0934167970487993,0.7201329450817735,1286.5,1,1.0,0.0,1,0.0,0.0,0.0
ChemicalSample146,False,1.2972451562582632,2.0541237336955462,571.6,0,1.0,0.0,1,0.0,0.0,0.0
Chemical_Equipment69,False,1.432921435823804,0.0996459995617863,1846.8,0,0.0,2.0,1,0.5,1.0,0.0010829542993285683
Chenghayi,False,2.1634249003705164,0.33400055445796184,2403.1,0,1.0,0.0,1,0.0,0.0,0.0
CherryLipTwink,True,3.7734199922325673,0.07270183177673212,200.5,0,0.0,2.0,1,0.5,1.0,0.00997506234413965
CherryOntopOf_Uik,False,1.409130304899075,0.0040650462481695284,159.1,0,0.0,1.0,1,0.0,1.0,0.006285355122564425
Chevellier,False,2.310452792420813,0.3063325719936452,1647.1,0,0.0,1.0,1,0.0,1.0,0.0006071276789508834
ChewyNapkin,False,1.8537984009737982,1.8966430319248417,2725.1,0,0.0,1.0,1,0.0,1.0,0.0003669590106785072
Chibuaha,False,0.5346901947349104,0.01885662408888255,1134.5,0,0.0,1.0,1,1.0,1.0,0.0008814455707360071
Chief_Sage,False,0.8449275745542392,0.0030464608481650837,989.6,0,0.0,3.0,1,0.6666666666666666,1.0,0.0030315278900565883
ChildhoodOdd3619,False,0.9768093335626419,1.0534480216139803,1620.2,0,0.0,1.0,1,0.0,1.0,0.0006172077521293668
Chirya999,False,3.9705076038847706,0.09820408199423346,2151.7,0,0.0,1.0,1,0.0,1.0,0.0004647488032718316
Chisai_chinchin,False,3.482136524536512,0.00842910535680773,578.1,0,0.0,1.0,1,0.0,1.0,0.001729804532087874
ChoicePut2932,False,0.08376198339132028,0.012578782206860118,904.2,0,0.0,1.0,1,1.0,1.0,0.0011059500110595
Chorly21,False,1.2405674798520456,0.34728587147980405,1626.4,0,0.0,1.0,1,0.0,1.0,0.0006148548942449581
Chota_don007,False,2.326975397576766,1.3568655504290785,104.9,0,0.0,1.0,1,1.0,1.0,0.009532888465204956
Chotibachihoon,False,2.7324914498703627,0.12607502459836517,1180.7,0,0.0,1.0,1,1.0,0.0,0.0008469551960701278
Chronushan,False,0.08148413207319988,0.4337197757657639,4004.9,0,0.0,1.0,1,0.0,1.0,0.00024969412469724587
ChutneyChic,False,3.513023904090539,0.4353180712578455,575.0,0,1.0,2.0,2,1.0,1.0,0.0034782608695652175
CineNom,False,2.934527818007228,0.4613894386591639,264.7,0,0.0,3.0,2,1.0,0.3333333333333333,0.011333585190782017
Cinephile__diary,False,3.912555183188074,1.2507488691236668,131.5,0,0.0,1.0,1,1.0,0.0,0.0076045627376425855
CipherFaze,False,1.250025036494377,0.16295718961216343,862.1,0,0.0,1.0,1,1.0,1.0,0.0011599582415033058
CityDazzling1937,True,0.7596738795278529,0.41547233958440966,617.1,0,0.0,1.0,1,1.0,1.0,0.0016204829039053637
Civil_Bank4988,False,2.525498996816145,0.26374301002763934,435.5,0,0.0,1.0,1,0.0,1.0,0.002296211251435132
Civil_Passenger2598,False,0.9002665395486301,0.031951599806602365,108.2,0,0.0,1.0,1,0.0,1.0,0.009242144177449167
Classic-Ad8335,False,0.8494207040123962,0.582903502077047,1922.6,0,0.0,1.0,1,1.0,1.0,0.0005201289919900136
Classic-Age583,False,0.6246609937944624,0.42634269312971956,556.7,1,1.0,0.0,1,0.0,0.0,0.0
Classic_Key_1189,False,2.0669295045368354,1.0401381561158431,1118.9,0,0.0,1.0,1,1.0,1.0,0.0008937349182232549
Classic_Plantain2109,True,1.478767309637108,0.007968169649176874,36.9,0,0.0,1.0,1,0.0,1.0,0.02710027100271003
Classic_Trade_,False,0.7768731336497782,0.18931459228492523,487.8,0,0.0,1.0,1,1.0,1.0,0.002050020500205002
Classic_Turnover_896,False,1.0591884649587884,3.4232919153683983,1529.7,0,1.0,0.0,1,0.0,0.0,0.0
ClassroomPuzzled9130,False,1.4399535669631884,0.6604576906840021,1896.6,0,1.0,0.0,1,0.0,0.0,0.0
Clean-Ad4235,False,3.2137292393579724,0.48762340106996543,1709.6,0,0.0,1.0,1,0.0,1.0,0.000584932147870847
Clean-Bodybuilder822,False,3.8913328894900916,2.2528926052804232,175.9,0,1.0,0.0,1,0.0,0.0,0.0
Clean-Turnover9884,False,1.5197202736304813,0.010638398205055754,740.7,0,0.0,2.0,1,0.0,1.0,0.002700148508167949
Clean-Video6882,False,3.1371215878847143,0.011046381603130009,437.8,0,0.0,1.0,1,1.0,1.0,0.0022841480127912287
CleanSlate1703,False,0.47999408858301906,0.0011954574047736972,1357.0,0,0.0,1.0,1,1.0,1.0,0.0007369196757553427
Clear-Title-4453,False,1.6926733022821336,0.17974186124135347,733.2,0,0.0,1.0,1,1.0,1.0,0.0013638843426077467
Clear_Boat_2,False,3.07923195670282,1.804649013954052,271.0,0,1.0,0.0,1,0.0,0.0,0.0
ClickAffectionate233,False,0.5820788783428467,0.4246841493786216,1495.4,0,0.0,1.0,1,0.0,1.0,0.0006687174000267487
ClickArts-,False,3.289548413210525,0.33093068156082994,933.5,0,0.0,1.0,1,1.0,1.0,0.0010712372790573112
ClickResponsible2824,False,1.2284702759263235,0.07512063046810812,62.5,1,0.0,1.0,1,0.0,1.0,0.016
ClickyChucky,False,1.1059441868328703,0.8865185735404849,2699.7,0,0.0,1.0,1,1.0,1.0,0.0003704115272067267
ClientRelevant5046,False,4.920318512836968,1.4211362859587864,639.9,0,1.0,0.0,1,0.0,0.0,0.0
ClimateExpert4848,False,1.3629141946430292,0.15935254613142014,1524.3,0,0.0,1.0,1,0.0,1.0,0.00065603883749918
ClinicallyWannabe,False,0.6931471805599453,1.1151415906193203,182.0,0,0.0,1.0,1,0.0,1.0,0.005494505494505495
ClownKING_Striker,False,0.262579764545624,0.004056800695614392,1641.8,0,0.0,2.0,2,0.0,1.0,0.0012181751735899622
CluelessFounder_,False,2.1145405964900426,4.097426228759509,222.9,1,1.0,0.0,1,0.0,0.0,0.0
ClumsyHannibalLecter,False,4.457382360445704,0.06746477834024281,2019.8,0,0.0,2.0,1,0.5,1.0,0.0009901970492127933
ClupTheGreat,False,1.8836415797679271,0.08477919710026487,3019.5,0,0.0,2.0,1,0.0,1.0,0.000662361318099023
Coconuts_Underrated,False,2.7490649817882797,0.4274281002563542,286.3,0,0.0,1.0,1,0.0,1.0,0.0034928396786587496
Cod_277killsshipment,False,0.9842967430205927,1.433024792326312,809.7,0,0.0,1.0,1,0.0,1.0,0.0012350253180190194
CodeCatto,False,3.0187278685711156,0.07705093281671382,205.7,0,0.0,2.0,2,0.5,1.0,0.009722897423432183
CodeFall,False,1.2226334116311601,0.225182288004058,1638.9,0,1.0,0.0,1,0.0,0.0,0.0
Code_Sorcerer_11,False,2.5829835614281205,0.529965415127133,875.0,0,0.0,2.0,2,0.0,1.0,0.002285714285714286
Coder_Khiladi,False,0.34414543721677693,1.6949096432381374,1721.1,0,1.0,0.0,1,0.0,0.0,0.0
CoffeeVast6129,False,2.061714931868574,0.015188141679753216,734.9,0,0.0,2.0,2,0.0,1.0,0.002721458701864199
Coinsafe_08,False,1.7551070833289448,0.7550319038990971,477.0,0,1.0,0.0,1,0.0,0.0,0.0
Col-JNW-Singh,False,4.377025131422931,0.167140076579979,295.9,0,0.0,1.0,1,1.0,1.0,0.003379520108144644
Cold-Ice8108,False,0.28228451501323004,0.28886062297122517,1732.3,0,0.0,1.0,1,1.0,1.0,0.0005772672169947468
Cold-Introduction365,False,1.3010815457661757,0.0023157092555980076,484.8,0,0.0,1.0,1,0.0,1.0,0.0020627062706270625
ColdParty2910,False,0.29626581614317243,0.04000533461369916,145.0,0,0.0,1.0,1,0.0,1.0,0.006896551724137931
CombinationBoth5879,False,2.3440452134733887,0.2043989212427961,402.3,0,0.0,1.0,1,1.0,1.0,0.002485707183693761
Comfortable-Ad9806,False,0.24872379741132972,0.016378892084039736,1958.3,0,0.0,1.0,1,0.0,1.0,0.0005106469897359955
Comfortable-Row-1822,False,0.5509868495679563,0.03237439665901597,981.0,0,0.0,1.0,1,0.0,1.0,0.0010193679918450561
Comfortable-Walk4427,False,2.2992100714072428,1.1600142564426221,2009.3,0,0.0,1.0,1,0.0,1.0,0.0004976857612103717
ComfortableOther8180,False,0.8398750316784517,0.36544539131685944,1553.1,0,0.0,1.0,1,1.0,1.0,0.0006438735432361084
Comfortable_Ad7513,False,0.9738336508296472,0.08546799668106109,1999.3,0,0.0,1.0,1,0.0,1.0,0.000500175061271445
Comfortable_Watch370,False,1.0372935866817663,0.22453931771674118,2065.8,0,0.0,1.0,1,1.0,1.0,0.00048407396650208145
CommandSpaceOption,False,3.0275113571879655,0.0010611104068032286,1583.8,0,0.0,1.0,1,0.0,1.0,0.0006313928526329082
Commercial-March-418,False,0.10444878035887879,0.4395109495178815,2161.7,0,0.0,1.0,1,0.0,1.0,0.0004625988805107092
Commercial-Skill790,False,0.12141590641112399,0.09237332013101514,519.0,0,0.0,1.0,1,1.0,1.0,0.0019267822736030828
Commercial-Tap8537,False,1.0282992629853416,0.007485795737807603,1716.3,0,0.0,1.0,1,1.0,1.0,0.0005826487210860572
CommercialBobcat9824,False,0.28671135566305,0.006472514505617462,463.8,0,0.0,1.0,1,0.0,1.0,0.0021561017680034496
CommercialRub8825,False,1.8751748018262488,0.911928901300943,869.8,0,1.0,0.0,1,0.0,0.0,0.0
Commercial_Try_2888,False,0.08992839755807924,2.5520459526256287,1626.0,0,0.0,1.0,1,0.0,1.0,0.0006150061500615006
CommissionMuted4001,False,2.6979840575962237,2.232087330327674,191.7,0,0.0,1.0,1,0.0,1.0,0.005216484089723527
Common-Stock8623,False,3.6290785511671215,1.6307634988627098,292.0,0,0.0,1.0,1,1.0,1.0,0.003424657534246575
Common_Mars,False,0.5413656086874908,0.25562013999211797,368.9,0,0.0,1.0,1,1.0,1.0,0.0027107617240444567
Common_Particular_52,False,2.2965009942358767,0.19032383267812528,603.4,0,0.0,1.0,1,1.0,1.0,0.0016572754391779914
CommunicationCold650,False,4.170186249132491,0.004600786065201195,1128.1,0,0.0,1.0,1,1.0,1.0,0.0008864462370357239
CompetitionLate7944,False,2.5538530949419274,0.060693144132711714,2154.0,0,1.0,1.0,2,0.0,1.0,0.00046425255338904364
Competitive-Ad-4337,False,0.8506698758802491,0.0017292067251939232,2157.0,0,0.0,1.0,1,1.0,0.0,0.0004636068613815484
Competitive-Dog2550,False,2.5008145109409106,0.9502727834542862,306.1,0,1.0,0.0,1,0.0,0.0,0.0
Competitive-Part-369,False,1.6543152648672663,0.01084731040002035,635.3,0,0.0,1.0,1,1.0,1.0,0.0015740594994490794
Competitive-Sun-4083,False,3.566740021327001,0.5187551094438663,120.2,0,1.0,1.0,1,0.0,1.0,0.008319467554076539
Competitive-Yard-589,False,0.026542401557376704,1.33500106673234,669.2,0,0.0,1.0,1,1.0,1.0,0.0014943215780035862
CompetitiveDish5122,False,1.7654112221486242,0.31665989771139996,416.6,1,0.0,1.0,1,0.0,1.0,0.002400384061449832
CompetitiveLow6824,False,0.3994555627228074,0.018000486023620966,2052.9,0,0.0,1.0,1,0.0,1.0,0.00048711578742267035
Competitive_Air7402,False,2.3303620675646615,0.1592518641590345,158.7,0,0.0,2.0,2,1.0,1.0,0.012602394454946441
Competitive_Bath_511,False,2.880237831818126,0.23151278625445135,1521.3,0,0.0,1.0,1,0.0,1.0,0.0006573325445342799
Competitive_Boat_134,False,0.5344380678289598,0.14347478026277388,1163.5,0,0.0,1.0,1,1.0,0.0,0.0008594757198109154
Competitive_Cat_870,False,0.334007977731796,1.6591613477865308,673.3,0,1.0,0.0,1,0.0,0.0,0.0
Competitive_Fox_2002,False,3.035238404633332,0.1926786664513793,778.1,0,0.0,1.0,1,0.0,1.0,0.0012851818532322323
Competitive_Web7431,False,0.8254734863040969,0.05890027109972719,394.4,0,0.0,1.0,1,1.0,1.0,0.002535496957403651
Complaint-Lower,False,3.656298455663741,0.03348789261311582,2112.4,0,0.0,2.0,1,0.5,1.0,0.000946790380609733
Complete-Sorbet-1993,False,0.32148649431338955,0.0040899852515251175,643.5,0,0.0,1.0,1,1.0,1.0,0.001554001554001554
CompleteFinding6694,False,2.9590218918598152,0.04280162078976736,1041.9,0,0.0,2.0,1,1.0,1.0,0.001919570016316345
CompleteItem9947,False,0.4838074745645976,0.4474439894468256,1562.1,0,0.0,1.0,1,0.0,1.0,0.0006401638819537802
ComplexImpress1714,False,2.411592618884415,0.551410903881069,1733.6,0,0.0,1.0,1,0.0,1.0,0.0005768343331795109
Complex_Matter4270,False,4.068265736227628,1.8631829981563224,382.0,0,0.0,1.0,1,0.0,1.0,0.002617801047120419
Compote-Motor,False,1.2594778523203238,0.009017571853642882,1897.7,0,0.0,1.0,1,0.0,1.0,0.0005269536807714602
ConcernedUser59,False,0.8156035586782885,0.14915483263388662,474.4,0,0.0,1.0,1,1.0,1.0,0.0021079258010118043
ConclusionKey56,False,0.29775822211030817,0.00760459938521931,377.7,0,0.0,1.0,1,0.0,1.0,0.0026476039184537992
Cone_silenced,False,3.913842812605216,0.024324039803874393,1107.9,0,0.0,1.0,1,1.0,0.0,0.0009026085386767758
Confident-Border4627,False,4.2324242365670335,0.335134228982276,550.1,0,1.0,1.0,1,1.0,1.0,0.0018178512997636793
Confident-Candy270,False,0.04220827212794346,0.011049836186584975,2087.6,0,0.0,1.0,1,1.0,1.0,0.0004790189691511784
Confident-Lemon9067,False,0.9620237246010375,0.06019154728991483,624.0,0,0.0,1.0,1,0.0,1.0,0.0016025641025641025
Confident-Machine-80,False,2.732658921522951,0.006678476993202727,1599.1,0,0.0,1.0,1,0.0,1.0,0.0006253517603652055
Confident-Profile143,False,3.7527411670530144,1.3648464667582998,1963.0,0,0.0,1.0,1,1.0,1.0,0.0005094243504839531
Confident-Walk4075,False,0.2817858878789751,0.42392717094789983,752.7,0,0.0,1.0,1,1.0,0.0,0.0013285505513484788
ConfidentDocument535,False,1.1113513144455394,0.0024620447397750694,598.0,0,0.0,1.0,1,0.0,1.0,0.0016722408026755853
ConfidentEmotion581,False,1.9837532865046301,0.18562734492845412,869.7,1,0.0,1.0,1,0.0,1.0,0.0011498217776244682
Confident_Appeal5729,False,3.2345446172127446,0.4351839616434429,1278.1,0,2.0,3.0,3,0.3333333333333333,1.0,0.002347234175729599
Confident_Break_7633,False,3.1202006776498523,0.39348192013846217,1768.1,0,0.0,1.0,1,0.0,1.0,0.0005655788699734178
Confident_One_6279,False,0.5238551240563245,0.4328640822962788,213.5,0,1.0,0.0,1,0.0,0.0,0.0
Confident_Store_4082,False,1.938335520406231,3.5301993009233272,745.9,0,1.0,0.0,1,0.0,0.0,0.0
Confident_Subject330,False,1.7238908249533844,0.005483221414531421,635.0,0,0.0,2.0,1,0.5,1.0,0.0031496062992125984
Confident_Throat3521,False,0.15832244736790352,0.6931471805599453,297.3,0,0.0,1.0,1,1.0,1.0,0.003363605785401951
ConfusionMountain105,False,1.8981525095000706,0.25191799768369255,1210.0,0,0.0,1.0,1,0.0,1.0,0.0008264462809917355
Confusionoverloaded1,False,0.7515281136282591,0.1456512148266787,2021.0,0,0.0,2.0,1,0.5,1.0,0.0009896091044037606
Connect-Barracuda-39,False,1.72225686587585,0.021343891437630904,1864.2,0,0.0,1.0,1,1.0,1.0,0.0005364231305653899
Connect-Parfait-8949,False,0.026588472224494977,0.040821994520255124,890.7,1,0.0,1.0,1,0.0,1.0,0.0011227124733355787
Connect_Impression93,False,1.252762968495368,0.14038160335192038,225.6,1,0.0,1.0,1,0.0,1.0,0.004432624113475178
Connect_Pickle_5418,False,7.298875089506571,2.1954773942238104,77.4,0,1.0,5.0,3,0.6,1.0,0.06459948320413436
Conscious-Attorney10,False,0.13572641250119988,3.784189633918261,295.8,0,1.0,0.0,1,0.0,0.0,0.0
Conscious-Package192,False,2.975291888348309,0.022957667685625672,274.8,1,0.0,1.0,1,0.0,1.0,0.00363901018922853
Conscious-Score1871,False,3.8065701950600594,0.058747743282322455,1685.5,0,0.0,1.0,1,0.0,1.0,0.0005932957579353308
ConsciousAdeptness98,False,0.42996736623074966,1.075622770443411,478.4,0,0.0,1.0,1,1.0,0.0,0.0020903010033444815
ConsciousNorth9112,False,1.0449604811718984,0.20692071580732246,289.7,1,0.0,1.0,1,1.0,1.0,0.0034518467380048328
Conscious_Action9,False,1.0868220092395464,0.2084594084159901,1814.4,0,0.0,1.0,1,0.0,1.0,0.0005511463844797178
Conscious_Crazy5546,False,1.2891031985068278,0.6393762409569399,1823.9,0,1.0,0.0,1,0.0,0.0,0.0
Conscious_Diet8961,False,1.8863864641866452,1.319703786486904,1544.1,0,0.0,1.0,1,0.0,1.0,0.0006476264490641798
Conscious_Half6283,True,0.1871018647222874,0.003305788134499504,1467.8,0,0.0,1.0,1,0.0,1.0,0.0006812917291184085
Conscious_Heron5536,False,1.9196965390647862,0.010555706877950655,900.0,0,0.0,1.0,1,1.0,1.0,0.0011111111111111111
ConsiderationFun759,False,0.17727570275537322,0.3046604089861988,2036.5,0,0.0,1.0,1,0.0,1.0,0.0004910385465259023
ConsiderationTop2886,False,1.3724226207769241,0.002686626064277848,885.6,0,0.0,1.0,1,0.0,1.0,0.001129177958446251
Consistent-Ant4376,False,0.038915416249673554,0.03636764417087485,680.4,0,0.0,1.0,1,0.0,1.0,0.0014697236919459142
Consistent-Citron509,False,1.1450859352330187,0.36124100632374356,1960.6,0,0.0,1.0,1,0.0,1.0,0.0005100479445067837
Consistent-Deer-8470,False,3.153116735275307,0.07017693903452454,1158.2,0,0.0,1.0,1,1.0,1.0,0.0008634087376964254
Consistent-Figure820,False,4.709976755484542,2.7543926039299804,1008.5,0,2.0,0.0,1,0.0,0.0,0.0
Consistent-Present25,False,0.08349159372459995,0.41197978912935806,872.8,0,0.0,1.0,1,1.0,1.0,0.001145737855178735
ConsistentMessage187,False,1.642589832614116,1.0680422225834316,757.1,0,2.0,0.0,1,0.0,0.0,0.0
ConsistentStorm4987,False,1.9871136839627779,0.05049616401453228,461.2,0,0.0,1.0,1,1.0,1.0,0.002168256721595837
ConsistentSuperPower,False,1.7644496194265338,0.03901068269809332,275.3,0,0.0,2.0,2,0.5,1.0,0.007264802034144569
Consistent_Can666,False,2.855942011079899,0.19429312282534997,317.8,0,0.0,1.0,1,1.0,1.0,0.003146633102580239
Consistent_Peak948,False,2.0840141952046785,0.3509850281610538,199.1,1,0.0,1.0,1,0.0,1.0,0.005022601707684581
Consistent_Safety691,False,2.1626651535094785,0.330723823710349,117.1,0,0.0,2.0,1,0.5,1.0,0.017079419299743808
Consistent_Speech391,False,3.0078622925850453,0.8281218173728667,375.7,0,0.0,3.0,1,0.0,1.0,0.007985094490284802
ConsoleError404,False,0.10808553136989738,0.015504186535965254,560.7,0,0.0,1.0,1,0.0,1.0,0.0017834849295523451
Constant-Ad9765,False,0.6062940699836642,1.0246235699877866,1435.9,0,1.0,0.0,1,0.0,0.0,0.0
Constant-Recipe-9850,True,3.675948446221534,0.005912966832934007,2124.3,0,0.0,3.0,2,0.3333333333333333,1.0,0.0014122299110295156
Constant_Artist312,False,0.08982952173584183,0.065240521868401,2010.9,0,0.0,1.0,1,0.0,1.0,0.0004972897707494156
ConstructionAny8440,False,6.589796884055386,2.7148847790760606,1725.9,0,14.0,6.0,4,0.5,0.8333333333333334,0.0034764470710933423
ConstructionBulky319,True,0.3421687225230587,0.05664027911333101,1110.3,0,0.0,1.0,1,0.0,1.0,0.0009006574799603711
ConstructionSmall979,False,3.053391906834632,3.745605082007864,545.2,0,1.0,1.0,2,1.0,1.0,0.001834189288334556
ContagiousSmileHehe,False,2.8981457680722285,0.9468701324692721,180.1,0,0.0,1.0,1,1.0,1.0,0.00555247084952804
Content-Earth1341,False,0.3034067210881837,1.2030154083696087,1960.7,0,1.0,0.0,1,0.0,0.0,0.0
Content-Lab-5464,False,4.444500642712449,0.502804143551638,563.1,0,0.0,1.0,1,0.0,1.0,0.0017758835020422659
Content-Restaurant70,False,3.498840668500643,0.10927531026210584,1593.1,0,0.0,2.0,2,1.0,0.5,0.0012554139727575168
Content_Ad_4153,False,1.0483573129976633,0.2836223653835085,1503.0,0,0.0,1.0,1,0.0,1.0,0.0006653359946773121
Content_Associate_76,True,1.390829516285282,0.1981887124210376,770.0,0,0.0,1.0,1,1.0,1.0,0.0012987012987012987
ContextNo102,True,0.8742440653979423,2.205312856724829,1954.1,0,1.0,0.0,1,0.0,0.0,0.0
Cool-Ad-8804,True,4.362172724011451,0.4193222112264287,1755.0,0,2.0,2.0,1,0.5,1.0,0.0011396011396011395
Cool-Apartment-4683,False,1.4243307488891448,1.1883380901785339,1307.1,0,0.0,1.0,1,1.0,1.0,0.0007650524060898172
Cool-Bee3430,False,0.14038427088642494,3.7376696182833684,265.4,0,1.0,0.0,1,0.0,0.0,0.0
Cool-Elderberry5449,False,1.4024651322752277,1.9065751436566365,1536.6,0,1.0,0.0,1,0.0,0.0,0.0
Cool_Doughnut1300,False,0.003106557329061015,0.6931471805599453,321.4,0,0.0,2.0,1,0.0,1.0,0.006222775357809584
Cool_Tea_5501,True,4.0711309926028445,2.2028643525950833,148.1,0,0.0,1.0,1,1.0,1.0,0.006752194463200541
CoolestDude_69,False,3.08071794221389,0.13018420423756233,785.5,0,0.0,4.0,1,0.5,1.0,0.005092297899427116
Corf_27,False,0.17021806163626751,0.7051521266567687,2252.6,0,1.0,0.0,1,0.0,0.0,0.0
CornerFew120,False,2.303616091110913,0.36800079613599823,1027.6,0,0.0,1.0,1,1.0,1.0,0.0009731413001167771
CorporateMajdoorr,False,3.2715161374062642,0.5309530992807263,959.4,0,0.0,2.0,2,0.0,1.0,0.0020846362309776944
CorrectToe3539,False,1.1468537989851613,0.6419769454255804,1134.4,0,1.0,0.0,1,0.0,0.0,0.0
CosmicJerky,False,4.284050988569939,0.3264982417709867,193.0,0,1.0,0.0,1,0.0,0.0,0.0
Cosmicola,False,0.8698805756579998,0.6420882232506142,4308.3,1,2.0,1.0,2,0.0,1.0,0.00023211011303762505
CountyNo9953,False,2.959880643257209,1.3519128149206452,106.2,0,2.0,0.0,1,0.0,0.0,0.0
CourageInfamous9581,False,0.731650534170268,0.0747305208882654,1145.1,0,0.0,1.0,1,0.0,1.0,0.0008732861758798359
CozyAbode,True,0.979420921088673,1.0031791000685009,888.2,0,0.0,1.0,1,1.0,1.0,0.001125872551227201
Crafty-Bus7591,False,0.23900999020617616,0.007662872745569125,1937.1,0,0.0,1.0,1,1.0,1.0,0.0005162356099323731
Crafty_Kangaroo_42,False,1.031274790455468,0.027534390351207676,1590.9,0,0.0,3.0,1,1.0,1.0,0.0018857250612860643
Crazy-Fold-5287,False,3.8931478666631976,0.7818202226486685,334.9,1,0.0,1.0,1,1.0,1.0,0.002985965959988056
CrazyHeart99,False,3.049632337794248,0.8685429690009397,2704.9,0,4.0,0.0,1,0.0,0.0,0.0
CrazyVast1066,False,0.02577462268861525,0.6931471805599453,38.3,1,0.0,1.0,1,0.0,1.0,0.026109660574412535
Creative-Sink-2808,False,0.3151853523809779,0.20526312603636132,259.1,1,0.0,1.0,1,1.0,1.0,0.003859513701273639
CreativeArtist01,False,0.1864300632174529,0.024391453124159156,2020.1,0,0.0,2.0,2,0.0,1.0,0.000990049997524875
Creepy784,False,2.0779706079978304,0.40625298910727103,1998.5,0,0.0,1.0,1,1.0,1.0,0.0005003752814610958
Creepy_League_3454,False,1.4808637623631589,0.0434213120162771,1025.1,0,0.0,1.0,1,0.0,1.0,0.00097551458394303
Creepy_Researcher709,False,0.2342517533111808,0.02454110891611761,621.3,0,0.0,1.0,1,0.0,1.0,0.0016095284081764044
Cricketloverbybirth,False,3.470032146193627,0.363212527714632,3171.1,0,1.0,0.0,1,0.0,0.0,0.0
Criminence,False,0.04065792798608216,1.13370360847938,2072.5,0,0.0,1.0,1,1.0,1.0,0.0004825090470446321
CrissPDuck,False,2.7518482345443673,0.0263576398425155,788.6,0,0.0,1.0,1,1.0,1.0,0.00126806999746386
Critical-Doctor-2052,False,0.6809043187105517,0.0007532957041716517,1360.1,0,0.0,1.0,1,0.0,1.0,0.0007352400558782443
Critical-Grade496,False,2.9842541641635103,0.23893515994213813,97.7,0,0.0,1.0,1,1.0,1.0,0.010235414534288638
Critical-Raccoon9359,False,2.1278529896924976,0.12465150313726793,528.2,0,0.0,2.0,2,1.0,1.0,0.0037864445285876558
Critical-Spread7735,False,1.018651426411205,0.0252883698118095,1968.4,0,0.0,1.0,1,0.0,1.0,0.0005080268238162975
CriticalStudio5800,True,4.735605770121933,0.023763202152342837,60.7,1,0.0,1.0,1,1.0,1.0,0.016474464579901153
Critical_Cat12,False,1.679882555723891,0.44536501865345113,310.2,0,1.0,0.0,1,0.0,0.0,0.0
Critical_Catch_607,False,2.5874951012390373,1.4388836792529145,1454.0,0,2.0,2.0,2,0.5,1.0,0.001375515818431912
Critical_Sherbert569,False,1.898205641079179,0.11795910749414794,1376.3,0,0.0,1.0,1,0.0,1.0,0.0007265857734505559
Criticall16,False,5.0948052408841855,0.8382191095683047,892.7,1,0.0,2.0,1,1.0,1.0,0.002240394309398454
CriticismTiny1584,False,2.0895268607750226,0.06732051691969013,1114.8,0,0.0,1.0,1,1.0,1.0,0.000897021887334051
Critifin,False,0.34174520169230765,6.787844982309579,1929.3,0,0.0,1.0,1,1.0,1.0,0.0005183227077178251
CrocCuttingOnions,False,2.903926584141424,0.44008469598576805,1292.5,0,0.0,1.0,1,1.0,1.0,0.0007736943907156673
Crooked-Moon,False,1.034260567103018,0.353250964800326,987.3,0,0.0,1.0,1,0.0,1.0,0.0010128633647320977
CruelMarco,False,0.11468219654030506,1.828938472469809,2246.6,0,1.0,0.0,1,0.0,0.0,0.0
CryptoSantaCroatia,False,0.6545877321241602,0.871606957469677,1620.6,0,0.0,1.0,1,0.0,1.0,0.0006170554115759595
CryptographerHot3205,False,0.608351780497928,0.5914631396314277,389.3,0,0.0,1.0,1,0.0,1.0,0.0025687130747495505
CuberBeats,False,3.2479804064052242,0.0637847822815797,1904.9,0,0.0,1.0,1,0.0,1.0,0.0005249619402593311
Cultural-Escape-7129,False,0.8055480719001,0.015725139759543115,1656.0,0,0.0,1.0,1,1.0,1.0,0.0006038647342995169
Cultural-Ninja8228,False,2.1094076871450813,3.9517852837178697,2039.8,0,0.0,2.0,2,0.0,1.0,0.0009804882831650162
Cultural_Bat9098,False,2.6207166169812277,0.002565128296197969,1868.1,0,0.0,3.0,2,1.0,1.0,0.0016059097478721696
Cunning_Linguist_07,False,2.0125192291869887,0.5976367805126851,280.0,0,3.0,0.0,1,0.0,0.0,0.0
CupPuzzleheaded5343,True,2.138284068618179,0.5970791378925185,1057.2,0,2.0,0.0,1,0.0,0.0,0.0
Cup_45_Neural,False,3.3412199669659643,0.4496220806206965,132.9,0,0.0,1.0,1,0.0,1.0,0.007524454477050414
Curious-Dot-999,False,3.1287867032942955,2.2064190183640817,515.1,0,2.0,0.0,2,0.0,0.0,0.0
Curious-Lavishness30,False,0.3514710535949378,0.01933465170745575,1113.6,1,0.0,1.0,1,1.0,1.0,0.0008979885057471265
Curious-Preference25,True,0.8117578253010579,0.00297177038915749,268.4,0,0.0,1.0,1,0.0,1.0,0.003725782414307005
Curious_Act1415,False,0.9651675248823817,0.5380381872908754,824.5,0,0.0,1.0,1,0.0,1.0,0.001212856276531231
Curious_Act7873,False,3.84513441966136,0.11804474725170085,668.0,0,0.0,1.0,1,0.0,1.0,0.0014970059880239522
Curious_Bar6154,False,0.934216948142307,0.06648974126883293,774.0,0,0.0,1.0,1,0.0,1.0,0.0012919896640826874
Curious_Variety777,False,1.277499251609884,0.0006129329030384483,630.3,1,0.0,1.0,1,1.0,1.0,0.0015865460891638903
Curious__Enigma,False,0.373439081388756,0.2388919082823489,174.5,0,0.0,1.0,1,0.0,1.0,0.0057306590257879654
Curious_artist_1,False,0.9810533225638525,1.1029180003793215,557.8,0,1.0,1.0,2,0.0,1.0,0.0017927572606669059
CurlyGucha,False,2.1833297408945422,0.07176414756893605,570.1,0,0.0,1.0,1,0.0,1.0,0.0017540782318891423
Current_Alfalfa6213,False,1.1063994099960153,1.5184661342283736,1867.6,0,1.0,0.0,1,0.0,0.0,0.0
Cursed_by_destiny,True,3.322971697553884,6.71174039505618,30.7,0,1.0,0.0,1,0.0,0.0,0.0
CustardWide7880,False,0.11949901341746061,0.2957142441490452,976.9,0,0.0,1.0,1,0.0,1.0,0.0010236462278636503
Cute-Cheesecake-4446,False,0.5316597106688327,1.0677265724021447,1134.3,0,0.0,1.0,1,0.0,1.0,0.0008816009873931059
Cute-Eye7179,False,1.4720174554461292,0.9075900906433237,391.6,0,1.0,0.0,1,0.0,0.0,0.0
Cute_Chipmunk7288,False,0.8446011498023526,0.0023380885095973386,1612.6,0,0.0,1.0,1,0.0,1.0,0.0006201165819174005
Cute_Dolphin_2712,False,2.6611289591551075,0.52061904588604,303.1,0,1.0,0.0,1,0.0,0.0,0.0
Cute_Inflation33,False,4.049793546267597,1.6126577415403613,364.1,0,2.0,0.0,2,0.0,0.0,0.0
Cute_Wait_1956,False,2.2217401337553233,2.700861892571542,1533.8,0,0.0,1.0,1,0.0,1.0,0.0006519754857217369
Cute_noob07,False,1.3831709853376224,0.04116976012974162,481.0,1,0.0,1.0,1,0.0,1.0,0.002079002079002079
Cutie_fleming,False,6.169208936405389,3.930257865686896,80.2,0,1.0,0.0,1,0.0,0.0,0.0
Cutie_pie_xxx,False,2.305642321576643,0.2679907221071146,747.9,1,0.0,1.0,1,1.0,1.0,0.0013370771493515176
CyCoCyCo,False,2.195635044653589,0.08694936556214404,4589.2,0,0.0,2.0,1,0.5,1.0,0.0004358058049333217
CyKa_Blyat93,False,2.9983856240686473,0.5278879083383641,2580.1,0,0.0,2.0,2,0.5,1.0,0.0007751637533428938
Cyanide_eXtasy595,False,0.5312472940866121,0.2636424532656341,3125.3,0,0.0,1.0,1,0.0,1.0,0.0003199692829488369
Cybercitizen64,False,0.15280289537465405,0.0024906613124518746,2428.9,0,0.0,1.0,1,0.0,1.0,0.00041170900407591914
Cyberpulse-,False,0.9990465824167765,0.028449661468083757,955.3,0,0.0,1.0,1,0.0,1.0,0.0010467915837956664
Cybertronian1512,False,4.1329239123152215,3.843119485472516,972.8,0,1.0,0.0,1,0.0,0.0,0.0
Cycicks,False,0.3071331258749231,5.981414211254481,1020.8,0,0.0,1.0,1,0.0,1.0,0.0009796238244514108
DAA-007,False,1.8935596664040921,0.060873588391812006,1290.1,0,0.0,5.0,2,0.6,1.0,0.003875668552825363
DARKMASTEROP,False,2.218121701573629,0.009996238563376074,1755.3,0,0.0,1.0,1,1.0,1.0,0.0005697031846408022
DARKchocolate-W,False,4.955627728674651,0.17946162460553874,106.0,0,0.0,4.0,1,0.5,1.0,0.03773584905660377
DEXTERTOYOU,False,2.488631877192392,0.11201267919504704,1496.0,0,1.0,4.0,4,0.25,1.0,0.00267379679144385
DEvilAnimeGuy,False,2.3886474106997233,0.4309891654486562,2449.2,0,0.0,1.0,1,1.0,1.0,0.00040829658664053573
DKisWriting001,False,0.45532114089585096,0.21384491952787948,2132.9,0,0.0,2.0,2,0.5,1.0,0.0009376904683763889
DaVincisDeemon,False,0.8673425843727485,0.008896136308970565,898.9,1,0.0,1.0,1,0.0,1.0,0.001112470797641562
Daagdardoom,False,1.825372313172721,0.07400698415437663,438.8,0,0.0,1.0,1,0.0,1.0,0.0022789425706472195
Dad_of_One_Punch_Man,False,1.9710662532106853,0.15051463731506895,1806.8,0,0.0,1.0,1,0.0,1.0,0.0005534646889528448
Daddyinsheets,False,0.31528037788423285,0.0024844733276619215,1084.6,1,0.0,1.0,1,1.0,1.0,0.0009219988936013277
DaikiAce05,False,0.6148928947767128,0.41731034911213416,1948.3,0,0.0,1.0,1,0.0,1.0,0.0005132679772109018
Dalbus_Umbledore,False,3.6388832833998936,0.036420886328954134,1727.4,0,0.0,2.0,1,0.5,1.0,0.001157809424568716
DangerBoy1707,False,2.426042805474469,0.0032206147000422044,1417.1,0,0.0,2.0,1,0.5,1.0,0.001411333004022299
DangerousButt_,False,0.4985618894435826,1.041896059226257,1165.0,0,0.0,1.0,1,0.0,1.0,0.0008583690987124463
DangerousSubstance74,False,2.920716602920746,0.3821205392850261,705.4,0,0.0,3.0,2,0.3333333333333333,1.0,0.0042529061525375675
Dangerous_Face_9489,False,2.910618505597977,0.159304789067986,595.4,0,0.0,1.0,1,0.0,1.0,0.0016795431642593216
Dangerous_Tip_4985,False,4.290796524608248,2.051794028575381,1633.4,0,7.0,0.0,2,0.0,0.0,0.0
Daphne010,False,3.5295913528564054,0.4144247520734293,1085.2,0,0.0,4.0,3,0.5,0.75,0.0036859565057132324
Dapper-Message-2066,False,3.07147914485254,0.026041927371994424,423.5,0,1.0,0.0,1,0.0,0.0,0.0
Dark-Niggu,False,0.6110142377711335,0.08032238883883315,706.4,0,0.0,1.0,1,1.0,1.0,0.0014156285390713478
DarkMutant105,False,2.5656485565535667,0.008114501069686513,1957.6,0,0.0,2.0,2,1.0,1.0,0.001021659174499387
DarkPuzzleheaded6259,False,3.632706217909534,0.07689938475361856,1004.4,0,1.0,2.0,2,0.5,1.0,0.0019912385503783356
DarkSnapdragon,False,2.3892226094293063,0.0005326231816993987,189.5,0,0.0,1.0,1,1.0,1.0,0.005277044854881266
DarkThanos12,False,2.759294941892424,0.06473105975989346,2224.4,0,0.0,2.0,1,0.5,1.0,0.0008991188635137565
DarkXEzio69,False,3.4856189654995036,0.1257923383469962,894.3,0,0.0,1.0,1,1.0,1.0,0.0011181930001118194
Darkseid_1010,False,0.7925493507520185,0.7873858679110204,1387.9,0,0.0,1.0,1,1.0,1.0,0.0007205130052597449
Darling-Moon72,False,1.3713997550013588,0.001809955245239489,187.7,1,0.0,1.0,1,1.0,1.0,0.005327650506126798
Darth_Ambush,False,0.7248265813518844,0.2855825545694982,744.1,0,1.0,0.0,1,0.0,0.0,0.0
Darth_Kumbidi,False,1.0912823037890569,0.5855325816999318,1926.1,0,1.0,0.0,1,0.0,0.0,0.0
Dashing_HERO,False,2.814457536343134,0.07300500833758224,719.9,0,0.0,1.0,1,1.0,1.0,0.0013890818169190165
Dasthan_Jasmine,False,0.018401085370891263,0.07410797215372188,700.0,0,0.0,1.0,1,1.0,1.0,0.0014285714285714286
Data-Witch-007,False,2.794587736303052,0.01292723450145966,141.9,0,0.0,2.0,1,1.0,1.0,0.01409443269908386
Dave99750,False,0.29218731682925453,0.1253458080380832,2148.2,0,0.0,1.0,1,0.0,1.0,0.0004655060050274649
DavinaCarter,False,1.8184380511387874,0.42989882329286533,2206.8,0,1.0,0.0,1,0.0,0.0,0.0
Dazai_san_69,False,0.24268683474890174,0.0046189458562945485,786.4,0,0.0,1.0,1,0.0,1.0,0.001271617497456765
Dazzling_Respect1961,False,2.597905167374562,0.055529938430629,345.3,0,0.0,1.0,1,1.0,1.0,0.0028960324355632784
DeRangedRykeR,False,1.8596954367385647,0.012927902331040235,2053.2,0,0.0,1.0,1,1.0,1.0,0.0004870446132865771
DeadIndianDemocracy,False,1.5096760052415348,0.21303492268941182,425.5,1,0.0,1.0,1,0.0,1.0,0.0023501762632197414
DeadlyBeatle,False,0.32860712493077815,0.0008173273850990361,3143.7,0,0.0,1.0,1,1.0,1.0,0.00031809651048128005
DeanW1nchester,False,0.7861292314889116,0.6174353588242489,1712.3,0,0.0,1.0,1,1.0,1.0,0.0005840098113648309
Dear-Temporary-2512,False,2.84301073171512,0.9211782658845482,494.7,0,0.0,1.0,1,1.0,1.0,0.002021427127552052
Dear__D,False,0.9474553339159685,0.12400067226725399,1378.6,0,0.0,2.0,2,0.5,1.0,0.001450747134774409
Deathveeng,False,0.015918142349569932,1.0986122886681098,2742.2,0,1.0,0.0,1,0.0,0.0,0.0
Deb_99,False,1.3711871710647734,1.537918560155189,2912.9,0,0.0,1.0,1,1.0,1.0,0.000343300490919702
Debopam77,False,1.816824727968787,0.030627528737165777,3197.8,0,0.0,1.0,1,1.0,1.0,0.0003127149915566952
DecentR1,False,1.414455443335594,0.17166159547906631,2127.0,0,0.0,1.0,1,0.0,1.0,0.0004701457451810061
Decent_Barnacle_778,False,3.003501004648667,0.051260523082102646,335.3,0,0.0,1.0,1,1.0,0.0,0.0029824038174768863
Decent_Half_3391,False,0.8729079164922262,0.11847008480742184,391.0,0,0.0,1.0,1,0.0,1.0,0.0025575447570332483
Decent_Suspect6340,False,1.4062406253022697,0.04245634597237793,273.0,0,0.0,1.0,1,1.0,1.0,0.003663003663003663
Dedhso_rupiya_dega,False,1.173707735281485,0.6515583568406963,653.1,0,1.0,1.0,2,0.0,1.0,0.001531159087429184
Deep-Put1688,False,2.0154986723021575,0.0015255533088371228,100.7,0,0.0,1.0,1,0.0,1.0,0.009930486593843098
Deep_Flower9503,False,0.9992159567143931,1.168751730125883,980.1,0,0.0,1.0,1,1.0,1.0,0.001020304050607081
Deep_Personality_929,False,1.0632996662689091,0.1005412292218774,242.1,0,0.0,1.0,1,0.0,1.0,0.004130524576621231
Deep_Target1,False,3.7632443976154355,5.9058024526245634e-05,402.3,0,0.0,3.0,3,1.0,1.0,0.007457121551081283
Deepak-Kishan,False,4.307421623320958,4.768698248013597,583.6,1,0.0,1.0,1,0.0,1.0,0.0017135023989033585
Defiant-Bit1497,False,1.4574565553782968,0.5558142856588464,1653.1,0,1.0,0.0,1,0.0,0.0,0.0
Defiant_Classic_7965,False,0.6355344277753343,0.17297905262163796,310.8,0,0.0,1.0,1,0.0,1.0,0.0032175032175032173
Dekhajayega,False,0.7402525687058529,0.1279885185119803,1335.2,0,0.0,1.0,1,1.0,1.0,0.0007489514679448772
Delese,False,1.7070207082059334,0.002575246876312193,2757.0,0,0.0,1.0,1,1.0,1.0,0.0003627130939426913
DelhiBro,False,2.532652257976181,1.387948621215917,313.2,0,0.0,1.0,1,1.0,0.0,0.0031928480204342275
Delhistan,False,2.8878871585904644,0.02683170839395723,438.8,0,0.0,1.0,1,1.0,1.0,0.0022789425706472195
Delicious-Dinner1034,False,1.0662736064475145,0.015344142588420841,1896.0,0,0.0,1.0,1,0.0,1.0,0.0005274261603375527
Delicious-March8353,False,0.4734348850193556,0.0009263548601307175,1782.0,0,0.0,1.0,1,1.0,1.0,0.0005611672278338945
Delicious-Ticket6752,False,0.2035640067029586,0.37729423114146804,150.6,0,0.0,1.0,1,0.0,1.0,0.006640106241699867
Delicious-Visual-744,False,1.4992971498066785,0.007040977763300943,778.2,0,0.0,1.0,1,1.0,1.0,0.0012850167052171678
DeliciousGorrila,False,2.683844269778789,0.008686064591238387,796.7,0,0.0,1.0,1,0.0,1.0,0.0012551776076314798
Delicious_Essay_7564,False,2.0702357644049156,0.03385836818903993,1383.2,0,0.0,2.0,1,0.5,0.5,0.0014459224985540775
Delicious_Morning947,False,0.045834991147561815,0.2613647641344075,2110.8,0,0.0,1.0,1,1.0,0.0,0.0004737540269092287
Delicious_Owl4214,False,2.1861363808300025,0.021353124470568974,646.9,0,0.0,1.0,1,0.0,1.0,0.001545833977430824
Delusional_Bojack,False,0.6972195301812264,1.3784016603209817,624.9,0,1.0,0.0,1,0.0,0.0,0.0
Demon_69,False,1.4587838508106867,1.4736951687563185,2617.0,0,0.0,1.0,1,1.0,1.0,0.00038211692777990065
Demonologist_666,False,3.2346366817582157,1.36360294991782,350.0,0,0.0,1.0,1,0.0,1.0,0.002857142857142857
Dense-File2793,False,0.44476101205812757,1.6199092123013956,341.0,0,1.0,0.0,1,0.0,0.0,0.0
Dense_Lawyer_666,False,1.2449355196617382,1.5029839029549028,1108.5,0,1.0,0.0,1,0.0,0.0,0.0
DentArthurDent4,False,4.058266019191011,0.016903275945033373,886.4,0,0.0,1.0,1,0.0,1.0,0.001128158844765343
DepartmentMuch5660,False,0.001154734539396827,0.4054651081081644,1731.0,0,0.0,1.0,1,0.0,1.0,0.0005777007510109763
Dependent-Access-796,False,1.8778230212260845,0.01780740588398469,388.5,0,0.0,1.0,1,0.0,1.0,0.002574002574002574
Dependent-Praline-19,False,1.4805416745282458,0.1910807368838362,607.6,0,0.0,1.0,1,0.0,1.0,0.0016458196181698486
DependentImpressive9,False,0.45686315940397065,0.03989649699931223,1940.9,0,0.0,1.0,1,0.0,1.0,0.0005152248956669586
Dependent_Bit4364,False,1.3889663907270708,2.472560813965701,1924.8,0,0.0,1.0,1,1.0,1.0,0.0005195344970906068
Dependent_Echo8289,False,0.7541452851071455,0.02774452863365529,2141.6,0,0.0,1.0,1,0.0,1.0,0.0004669406051550243
Dependent_Rice_8948,False,3.3758820135859784,0.5829484335107376,350.3,0,0.0,4.0,2,0.75,0.75,0.0114187838995147
DepressedBoiiiiiiii,False,1.2359228454428042,0.18571024183947143,2421.0,0,0.0,1.0,1,1.0,0.0,0.0004130524576621231
DepressedPanda08,False,4.478875695299838,0.0002644644010269145,954.8,0,0.0,3.0,2,0.6666666666666666,1.0,0.003142019271051529
Depressed_0077,False,3.6550900289170407,0.9346448314627015,891.8,0,5.0,2.0,1,1.0,1.0,0.002242655303879794
Derian23,False,3.3227151220922853,0.17794131588509093,3227.5,0,2.0,8.0,4,0.75,1.0,0.0024786986831913244
Desamudhuru,False,2.4217687076090813,0.2989465147297104,252.1,0,1.0,0.0,1,0.0,0.0,0.0
DescriptionSome7899,False,0.37845422269078144,0.00402415029972544,539.1,0,0.0,2.0,1,0.0,1.0,0.003709886848451122
DesertIbu,False,1.7521537419021718,0.028919842114102617,1184.6,1,0.0,1.0,1,1.0,1.0,0.0008441668073611346
DesiBail,False,4.18597730623581,0.09728551177400298,1884.3,1,0.0,3.0,2,0.6666666666666666,1.0,0.0015921031682853048
DesiInsuranceAdvisor,False,1.6174060820832772,0.019996667106629524,1250.0,0,0.0,5.0,1,1.0,1.0,0.004
Desi_stoic,False,1.9448634547689057,3.5341956864841872,491.6,0,2.0,0.0,2,0.0,0.0,0.0
Designer-Truck-4217,False,0.03351520120555053,0.03636764417087485,1613.7,0,0.0,1.0,1,1.0,1.0,0.0006196938712276135
DesignerAcademic8366,False,0.6145850286754782,0.11215977810202128,1408.9,0,0.0,1.0,1,1.0,1.0,0.0007097735822272695
DesperateButterfly58,False,0.8764451036262196,0.016723833565770924,1160.2,0,0.0,3.0,2,0.3333333333333333,1.0,0.0025857610756766076
Desperate_Mirror_767,False,2.3700591965605047,0.21926121106376661,172.2,0,0.0,1.0,1,0.0,1.0,0.005807200929152149
Desperate_Pumpkin168,False,0.6507324899798436,0.86103905908175,2129.9,0,1.0,0.0,1,0.0,0.0,0.0
Desperate_Space3645,False,2.6210388241125804,0.8930532977999041,1276.0,0,0.0,1.0,1,0.0,1.0,0.0007836990595611285
Desperate_Stable_770,False,0.6532030495979682,0.009199696898423522,1183.7,0,0.0,1.0,1,0.0,1.0,0.0008448086508405846
DetectiveOwn6606,False,2.868530452237988,0.08401885605317586,1446.2,0,0.0,1.0,1,0.0,1.0,0.0006914672935970129
DevelopmentLimp8578,True,0.2281295189156337,0.7958013346200287,316.1,0,0.0,1.0,1,1.0,1.0,0.0031635558367605187
DevyBash,False,1.8149911420903906,0.027507423471913216,996.3,1,0.0,2.0,2,1.0,1.0,0.0020074274816822245
DhanHQ,False,0.07580991958407622,1.0185695809945732,1815.7,0,1.0,0.0,1,0.0,0.0,0.0
Dharm-Bhakt,False,2.7512161910139836,1.074216327343534,1093.6,0,0.0,1.0,1,1.0,0.0,0.00091441111923921
Dhileepan_coimbatore,False,4.088316412688327,1.8329927715547192,1078.2,0,0.0,1.0,1,0.0,1.0,0.0009274717121127806
Dhoomphatash,False,0.2225869714828172,0.20309329464108952,4600.8,0,0.0,1.0,1,1.0,1.0,0.00021735350373848025
Dhruvmishra_,False,2.8928839955409344,2.3659033577263875,256.2,1,1.0,0.0,1,0.0,0.0,0.0
Diddydoobies,False,0.6138881559768646,0.509249579310525,2242.8,0,0.0,1.0,1,1.0,1.0,0.0004458712323880863
Didilovesdrama,False,2.9651578183104834,0.07388081816505689,644.1,0,0.0,1.0,1,1.0,1.0,0.0015525539512498058
DiedCoke2008,False,0.4872989785768909,0.0006133088202058524,2595.9,0,0.0,2.0,1,0.0,1.0,0.0007704457028390924
DielectricPikachu,False,2.6971170043479833,0.09773855105893112,1296.1,0,0.0,2.0,1,1.0,1.0,0.0015430908108942211
Different-Article636,False,2.4445830807068227,2.6957297167141694,275.8,0,0.0,1.0,1,1.0,0.0,0.003625815808556925
Different-Bread7686,False,0.6210263969278554,0.5725191927713306,587.8,1,0.0,1.0,1,1.0,1.0,0.0017012589316093912
Different-Jaguar7870,False,0.18031274826863788,0.43671765161226883,323.9,1,0.0,1.0,1,0.0,1.0,0.003087372645878358
Different-One2238,False,1.2833463918674481,4.361973976122493,510.6,0,1.0,0.0,1,0.0,0.0,0.0
Different-Plastic-93,False,0.037026940677168385,2.1400661634962708,1776.2,0,1.0,0.0,1,0.0,0.0,0.0
Different-Republic85,False,0.1231801751523687,0.3992345583575283,1823.2,0,0.0,1.0,1,1.0,1.0,0.0005484861781483106
DifferentConcept9457,False,1.4058215506900982,0.007587551490469976,1890.3,0,0.0,1.0,1,0.0,1.0,0.0005290165582182723
DifferentIssue1,True,1.4061082138279537,0.9926100870428758,960.7,0,0.0,1.0,1,1.0,1.0,0.0010409076714895389
DifferentMaize9794,False,6.524066719155,2.825429762538104,474.4,0,5.0,2.0,4,1.0,1.0,0.0042158516020236085
DifferentPirate69,False,4.245874812304543,0.2760354376408981,709.1,0,0.0,1.0,1,1.0,1.0,0.0014102383302778169
Different_Bid_2357,False,3.2626279967826997,1.1568105279110978,630.9,0,0.0,1.0,1,1.0,1.0,0.0015850372483753369
Different_Initial_37,False,0.8138253477398946,1.6551726109251865,1494.6,0,1.0,0.0,1,0.0,0.0,0.0
Difficult-Piano-178,True,1.5369381584753188,0.7494252992924304,1061.0,0,2.0,1.0,2,1.0,1.0,0.000942507068803016
Digitalunicon,False,2.8562554946909122,0.9096957418499798,1092.2,0,1.0,2.0,1,0.5,1.0,0.0018311664530305805
Diligent-Wealth-1536,False,3.445973863976276,0.027462215816524964,997.8,0,0.0,1.0,1,1.0,1.0,0.0010022048506714773
Diligent_Complex_578,False,0.8034762795356885,0.6613065747042866,1653.3,0,0.0,1.0,1,0.0,1.0,0.0006048509042521019
Diligent_Frosting_32,True,0.118502901877049,0.025446665661164262,1573.8,0,0.0,1.0,1,0.0,1.0,0.0006354047528275512
Diligent_Law_9878,False,0.40615035965343393,0.0037243990909824275,534.9,0,0.0,1.0,1,1.0,1.0,0.001869508319312021
Diligent_Season_6096,False,3.9203634769350755,1.208485774919265,428.4,0,2.0,0.0,2,0.0,0.0,0.0
Diligent_Tangerine36,False,1.6562561147874986,0.0042008845433671735,1237.6,0,0.0,1.0,1,1.0,1.0,0.0008080155138978669
DilliKaLadka,False,4.19467252894538,0.014864727264214077,2963.8,0,0.0,5.0,2,0.0,1.0,0.0016870234158850124
DimaagKharabHaiKya,False,1.3621123522212863,0.0004767580543225364,722.0,0,0.0,1.0,1,1.0,1.0,0.0013850415512465374
DimensionSuitable919,True,1.5199413260909045,0.7171269118148637,1216.7,0,0.0,1.0,1,0.0,1.0,0.0008218952905399852
DinDan26,False,1.083006000160159,0.32404971662265575,744.8,0,0.0,1.0,1,0.0,1.0,0.0013426423200859291
Direct-Can7816,False,1.144935648242019,0.11445926767728926,577.9,0,0.0,1.0,1,1.0,1.0,0.0017304031839418584
Direct_Crew_5832,False,3.7801419092750077,2.2226035829582997,176.1,0,1.0,0.0,1,0.0,0.0,0.0
Direct_Revolution610,False,0.6803094399173764,0.4316883032072668,435.1,0,0.0,1.0,1,1.0,1.0,0.0022983222247759134
Direct_Sort_8386,False,0.0031565682775467267,0.6931471805599453,316.3,0,0.0,1.0,1,0.0,1.0,0.003161555485298767
Dirt_to_stardust,True,1.4446945483716114,0.03873063718169858,251.5,0,0.0,1.0,1,1.0,1.0,0.003976143141153081
Disastrous-Cry8142,False,0.24756207866235563,0.05377639678080413,676.4,0,0.0,1.0,1,0.0,1.0,0.0014784151389710231
Disastrous-Fix-5849,True,0.606258972358515,0.07696104113612832,1845.1,0,0.0,1.0,1,1.0,1.0,0.0005419760446588261
Disastrous-Fly-1172,False,1.3333613861026274,0.024657818484489526,514.0,0,0.0,1.0,1,1.0,1.0,0.0019455252918287938
Disastrous-Ice-4434,False,2.5779338035224315,0.560563924917421,108.3,0,1.0,0.0,1,0.0,0.0,0.0
Disastrous-Island430,False,0.4003110733180131,1.460482049483946,1958.2,0,1.0,0.0,1,0.0,0.0,0.0
Disastrous-Rip4426,False,0.6790166788250612,0.21267225144691435,976.4,1,0.0,1.0,1,1.0,1.0,0.0010241704219582138
Disastrous_Body9196,False,3.0245401906632186,0.48038691165445235,830.4,0,0.0,3.0,2,0.6666666666666666,1.0,0.0036127167630057803
Disastrous_Citron911,True,1.363139634043293,0.013642776403786526,253.4,0,0.0,1.0,1,0.0,1.0,0.003946329913180742
Disastrous_Sky_88,False,2.047286431076979,2.789584817073097,1143.2,0,0.0,1.0,1,1.0,1.0,0.000874737578726382
Disastrous_Top_5763,False,0.2692217540790323,0.04630456804168632,712.1,0,0.0,1.0,1,1.0,1.0,0.001404297149276787
DisciplineClear5761,True,3.2044978626395526,0.00577884455587444,80.7,1,0.0,1.0,1,0.0,1.0,0.012391573729863692
DiscombobulatedLet80,False,3.8922211904869948,0.04606160127695074,2117.3,0,0.0,1.0,1,1.0,1.0,0.0004722996268832947
Dishant2036,False,1.158862958344236,0.03154290453294206,2150.2,0,0.0,1.0,1,0.0,1.0,0.0004650730164635848
Dismal-Year6952,False,0.061321890874318864,0.38136755652910387,632.5,1,0.0,1.0,1,0.0,1.0,0.0015810276679841897
DismalRoom4,True,1.0786229703657455,0.302935845107944,2314.2,1,0.0,1.0,1,0.0,1.0,0.00043211476968282777
Distinct-Let6921,False,1.9313829427992906,0.8860611302538639,701.3,0,2.0,0.0,1,0.0,0.0,0.0
Distinct-Potato8431,False,1.6497886598137788,1.0229076740617056,1030.7,1,0.0,1.0,1,1.0,0.0,0.0009702144173862423
Distinct_Law_3708,False,1.5329500170454085,0.4124610789954648,1480.8,0,0.0,1.0,1,1.0,1.0,0.000675310642895732
Distinct_Mirror_7979,False,1.3712355507722944,0.46438324486884114,796.2,0,0.0,1.0,1,0.0,1.0,0.0012559658377292136
Distracttx,False,1.5025001093830255,6.3835066348840055,169.2,0,1.0,0.0,1,0.0,0.0,0.0
DivideEfficient7210,False,0.4319582764044251,1.2318926457697876,2104.5,0,1.0,0.0,1,0.0,0.0,0.0
Divya9677,False,0.29934067596933056,2.6505737716768176,1498.7,0,1.0,0.0,1,0.0,0.0,0.0
Divyanshailani,False,1.4104813610395248,0.5791395317777248,1018.1,0,1.0,0.0,1,0.0,0.0,0.0
DixyLee14,False,1.802907035033511,0.03459008237087083,899.5,0,0.0,1.0,1,0.0,1.0,0.0011117287381878821
Dizzy_Cobbler_3493,False,1.8021337236932347,0.03492462781357081,719.2,0,0.0,2.0,1,0.5,1.0,0.0027808676307007783
Dizzy_Location_8384,False,2.275829780270014,0.039220713153281295,285.6,0,0.0,1.0,1,1.0,1.0,0.0035014005602240893
DjXer007_,False,2.450788339892977,0.04931373570774753,1964.9,0,1.0,1.0,1,1.0,1.0,0.0005089317522520229
Dk1372002,False,0.31207749893805303,0.20067069546215116,1288.7,0,0.0,1.0,1,0.0,1.0,0.0007759757895553659
Dmannmann,False,3.173003511210542,0.008041146735119747,2199.3,0,0.0,1.0,1,0.0,1.0,0.0004546901286773064
DoOm101DoN,False,0.30686779955537513,0.05384565670703851,4883.6,0,0.0,1.0,1,0.0,1.0,0.0002047669751822426
DoPA-69,False,3.256310056968341,0.8607312438969019,1045.1,0,1.0,0.0,1,0.0,0.0,0.0
DoctorMagnobot,False,1.059970455550493,0.0461739649350125,1750.0,0,0.0,3.0,2,0.6666666666666666,1.0,0.0017142857142857142
Doctor_Ka_Kutta,False,3.602874360630116,0.21511006809939512,854.2,0,1.0,1.0,2,0.0,1.0,0.001170686022008897
Domonuro,False,2.2717444943162186,0.1194770414298113,1205.8,0,0.0,1.0,1,0.0,1.0,0.000829324929507381
DonKarnageXt,False,2.127595868341779,0.17206771914345617,621.8,1,0.0,4.0,1,0.5,1.0,0.00643293663557414
DonetMemes,False,2.102902653851411,0.11988436631795261,2128.4,0,0.0,1.0,1,0.0,1.0,0.0004698364968990791
DonnaPollson,False,2.094650566933685,0.0011702751481903542,119.9,0,0.0,2.0,2,0.0,1.0,0.016680567139282735
Dontlurk44,False,3.9225082050975484,0.28087643155190156,756.9,0,0.0,1.0,1,1.0,1.0,0.001321178491214163
DonutAccurate4,False,4.003969463758341,0.01636372344671398,980.0,0,0.0,4.0,2,0.0,1.0,0.004081632653061225
Doranathbhakt,False,4.92056605061905,0.8497112889912737,301.8,0,2.0,2.0,2,0.5,1.0,0.0066269052352551355
Dotfr,False,3.0849638007744336,0.03788069104760761,1549.6,1,0.0,1.0,1,0.0,1.0,0.0006453278265358802
Double-Context-7091,False,2.196708973525611,0.9488770130721811,819.1,0,0.0,2.0,2,0.0,1.0,0.0024417043096081063
Double-Cover6366,False,3.0206328836491423,2.0440111047003353,187.6,0,2.0,0.0,1,0.0,0.0,0.0
DoubleImprovement593,False,1.2732828115109975,0.08446442746651432,1967.3,0,0.0,3.0,2,0.6666666666666666,1.0,0.0015249326488080111
Double_Astronaut02,False,0.041953718072310665,2.6741486494265287,653.5,1,1.0,0.0,1,0.0,0.0,0.0
Double_Philosopher14,False,0.029050699422092676,0.02739897418811444,1221.3,0,0.0,1.0,1,0.0,1.0,0.0008187996397281585
Doubledoor,False,2.7970794384170303,0.058427631757399595,4313.2,0,0.0,1.0,1,0.0,1.0,0.0002318464249281276
DoughnutConnect7736,False,1.1963749066088072,0.06666479513046224,1685.8,0,0.0,1.0,1,0.0,1.0,0.0005931901767706727
Doughwisdom,False,2.465824089366874,2.377642118322837,331.1,0,1.0,2.0,1,0.0,1.0,0.006040471156750226
Downtown-Ebb-5700,False,2.0871661248113234,1.6394225220867824,1629.7,0,1.0,1.0,2,0.0,1.0,0.0006136098668466589
Downtown-Intern7151,False,0.6163925833377323,0.10222448799947849,1327.1,0,0.0,1.0,1,0.0,1.0,0.0007535227187099692
Downtown-Machine9757,False,0.19699319387789002,0.2853428900986087,1956.5,0,0.0,1.0,1,1.0,1.0,0.0005111167901865576
Downtown-Plane2619,False,1.6089576050281327,0.0007508917191563963,1332.8,0,0.0,1.0,1,0.0,1.0,0.0007503001200480192
Downtown8Cat,False,4.933281819280205,0.601181591006217,31.4,0,1.0,0.0,1,0.0,0.0,0.0
Downtown_Pool2003,False,1.8568979813426656,2.3862841118706926,380.1,0,2.0,0.0,1,0.0,0.0,0.0
Dr-Question,False,1.1428471215918024,0.03725583471196204,3046.8,0,0.0,1.0,1,1.0,1.0,0.0003282132072994617
Dr-slyDragon007,False,2.9336107432314313,0.12797613347833903,644.1,0,0.0,3.0,2,0.6666666666666666,1.0,0.004657661853749418
DrBravestone_,False,0.31492879461464934,1.0034993280735751,1242.7,1,1.0,0.0,1,0.0,0.0,0.0
DrChiwawa,False,1.9276061544644472,0.0069962971945746865,732.5,0,0.0,2.0,1,0.0,1.0,0.0027303754266211604
DrMurphy97,False,0.3232303317385468,0.0018264845260343285,1433.5,0,0.0,1.0,1,1.0,1.0,0.0006975933031042902
DrNotStrange_,False,1.6245622362641783,0.07982118518018604,645.7,0,0.0,1.0,1,0.0,1.0,0.0015487068297971192
DrOptimus69,False,0.023468369530288035,0.12783337150988489,1010.7,0,0.0,1.0,1,1.0,1.0,0.0009894132779261896
DrShail,False,3.6654107741490103,0.8801976594119968,2263.7,0,2.0,1.0,1,1.0,1.0,0.00044175464946768567
DrSurgical_Strike,False,1.8550208961229984,0.5176262248694457,2654.2,0,0.0,2.0,2,0.5,1.0,0.0007535227187099692
Dr_ArtsyCurls,False,2.6925601005612445,0.3104153401280079,887.4,0,0.0,1.0,1,0.0,1.0,0.001126887536623845
Dr_Cupcakee,False,4.737380654036349,0.1875826439575906,114.2,1,1.0,3.0,1,1.0,0.6666666666666666,0.02626970227670753
Dr_Microbiologist,False,2.1760601382023816,0.06327473727217657,958.2,0,0.0,1.0,1,0.0,1.0,0.0010436234606553956
Draconian___unlimit,False,0.5867775996824411,0.013681805462622697,2027.1,0,1.0,0.0,1,0.0,0.0,0.0
Dracule_Zoroo,False,0.04246922710911267,0.03774032798284703,599.3,0,0.0,1.0,1,0.0,1.0,0.001668613382279326
Dragenox,False,1.1590251751432497,0.15008398044470464,4862.3,0,0.0,2.0,2,0.0,1.0,0.00041132797235876026
DragonDeninSharkTank,False,5.309816522408711,0.921498853672017,1539.1,0,26.0,2.0,3,0.5,1.0,0.0012994607237996232
DragonfruitCalm261,False,3.14470562358863,2.189388995581962,509.3,0,0.0,1.0,1,1.0,1.0,0.0019634792852935403
DragonfruitMajor5573,False,0.3525035611765587,0.6493445579015523,314.7,1,1.0,0.0,1,0.0,0.0,0.0
Dragunov4317,False,1.6923425998520547,1.0717241636173347,2375.8,0,1.0,0.0,1,0.0,0.0,0.0
Dramatic-Driver,False,3.1490962465590493,0.04931318794463952,2352.5,0,0.0,1.0,1,1.0,1.0,0.0004250797024442083
Dramatic_Bass7773,False,0.8485447433417669,0.09278173345096619,1832.0,0,0.0,1.0,1,0.0,1.0,0.0005458515283842794
Dramatic_Climate_561,False,2.5380740008359615,3.222232706123855,1228.8,0,0.0,1.0,1,0.0,1.0,0.0008138020833333334
Dramatic_Pin3971,False,1.4376607184092065,0.00018022889117903416,1727.9,0,0.0,1.0,1,1.0,1.0,0.0005787371954395509
DrawingDramatic1641,False,3.692155044687756,0.10496704722859103,108.2,1,0.0,1.0,1,0.0,1.0,0.009242144177449167
Dreadedtriox,False,3.4577504445570626,0.4580325720157272,3077.2,0,0.0,1.0,1,1.0,0.0,0.0003249707526322631
DreamSuccessful1992,False,3.315505600864623,2.8591913484790545,393.8,0,4.0,0.0,2,0.0,0.0,0.0
Dreamy-Flower-1705,False,1.652470228350708,0.6111099863919564,310.2,0,1.0,0.0,1,0.0,0.0,0.0
DressWonderful5396,False,3.183456365039513,0.23970774786142762,1109.9,0,0.0,1.0,1,1.0,1.0,0.0009009820704567979
DrewDrowski,False,4.541730355903546,0.8725727776810429,349.8,0,1.0,1.0,2,0.0,1.0,0.002858776443682104
Drokeprokes,False,0.6585226645587874,0.00931768867846641,1965.8,0,0.0,1.0,1,0.0,1.0,0.0005086987486010785
DropOk7005,True,0.7619098603774647,0.0008884940611151848,984.8,0,0.0,2.0,1,1.0,1.0,0.002030869212022746
Drth_vdr_piggybank,False,0.5184673200095581,0.19314275757811109,2487.3,0,0.0,1.0,1,0.0,1.0,0.00040204237526635306
DrunkAsPanda,False,3.075646457825945,0.017437467342289164,909.8,0,0.0,1.0,1,0.0,1.0,0.0010991426687183997
Drwynyllo,False,5.328170448581157,0.05856856273485332,371.1,0,0.0,3.0,1,1.0,1.0,0.008084074373484235
Dry-Common-7708,False,0.2160868222684029,1.9459101490553132,489.2,0,0.0,1.0,1,1.0,1.0,0.002044153720359771
Dry-Hope-4450,False,2.4254092709962585,0.12426770001832901,570.3,0,0.0,2.0,2,0.5,1.0,0.0035069261792039282
Dry_Ad7010,False,0.0028979927546273253,0.1541506798272583,2067.4,0,0.0,1.0,1,1.0,1.0,0.0004836993324949211
Dry_Extension7993,False,2.6076744983138846,1.3097378624228913,1938.1,0,0.0,1.0,1,0.0,1.0,0.0005159692482328053
Dry_Lack_2262,False,2.5825085716263025,0.795485173357086,1956.7,0,1.0,2.0,1,1.0,1.0,0.0010221290949046864
Dry_Turnip7497,False,0.3675464952255761,1.9962911733476656,776.7,0,0.0,1.0,1,1.0,0.0,0.0012874983906270116
Dtattlingtea,False,2.9890073782376327,0.0007594541230356552,1186.9,0,0.0,1.0,1,1.0,1.0,0.0008425309630128906
DuckChanJi,False,1.0752332159268962,0.6844185828087656,885.7,0,1.0,0.0,1,0.0,0.0,0.0
DuckDoesNothing,False,3.519441830030906,0.4599053418466138,1507.1,0,1.0,0.0,1,0.0,0.0,0.0
Due-Acanthisitta-145,False,0.15480870568083277,0.40933358488608473,1540.9,0,0.0,1.0,1,0.0,1.0,0.0006489713803621259
Due-Ad3859,False,1.7047615781422845,0.706752832615724,1348.2,0,1.0,0.0,1,0.0,0.0,0.0
Due-Mall-6542,False,2.1523156696410317,0.036899721707917194,613.3,0,0.0,1.0,1,1.0,1.0,0.0016305233980107615
Due-Philosophy-676,False,3.4708422620377752,2.3190748918936404,1218.4,0,0.0,1.0,1,0.0,1.0,0.0008207485226526592
Due-Promotion6206,True,4.036581455013027,0.4959043576778927,50.6,0,0.0,1.0,1,1.0,1.0,0.019762845849802372
Due-Restaurant5783,False,1.4739368520465301,1.7909421418429559,363.0,1,1.0,0.0,1,0.0,0.0,0.0
Due-Sense-7027,False,3.031780706622051,0.43618024785324505,406.2,0,0.0,1.0,1,0.0,1.0,0.002461841457410143
DueCap11,False,0.7659196467591394,0.12591977704944518,535.2,0,0.0,1.0,1,1.0,1.0,0.0018684603886397607
DuePerception0604,False,2.0299744375086934,0.18332553417295358,391.6,0,0.0,1.0,1,0.0,1.0,0.002553626149131767
Due_Airport_5778,False,1.5591276060920267,0.005956710843437902,1659.0,0,0.0,1.0,1,0.0,1.0,0.0006027727546714888
Due_Cod_2167,False,1.369556242540729,1.7842383442324776,1670.3,0,2.0,0.0,2,0.0,0.0,0.0
Due_Midnight9580,False,0.37088858882306414,0.0022909517465558317,971.0,0,0.0,1.0,1,1.0,1.0,0.0010298661174047373
Due_Potato8080,False,3.272137768429026,1.0111400063205265,149.6,0,1.0,0.0,1,0.0,0.0,0.0
Due_Surprise_3621,False,2.3919889532100247,1.0866019485919216,1157.8,0,1.0,0.0,1,0.0,0.0,0.0
DullBladeConnoisseur,False,3.099623143996807,0.04595948121465857,1018.0,0,0.0,1.0,1,1.0,1.0,0.0009823182711198428
DumboChinxx0512,False,3.2289979349962956,0.46776058355293104,455.3,1,0.0,1.0,1,1.0,1.0,0.0021963540522732263
Dumbthumb13,False,2.7783090449283105,1.04350964840262,414.0,0,0.0,1.0,1,1.0,1.0,0.0024154589371980675
Dunmer001Vivec,False,1.2709551632008487,0.020540628276873515,1342.3,0,0.0,1.0,1,1.0,1.0,0.0007449899426357745
DunnoMuchIno,False,0.2863953760361545,0.20097267342005518,2216.4,0,1.0,1.0,1,1.0,0.0,0.0004511820970943873
Durinsaxe,False,0.9708109946574658,0.3070115916339339,2834.0,0,1.0,0.0,1,0.0,0.0,0.0
Durkheim__,False,0.7416148161021661,0.6972539625125987,443.0,1,1.0,0.0,1,0.0,0.0,0.0
Durkrui,False,0.7392617543872475,1.2545822032648732,2764.1,0,1.0,0.0,1,0.0,0.0,0.0
Dushyant_Choudhary,False,1.7616982901649,0.8181384536926412,562.8,1,1.0,0.0,1,0.0,0.0,0.0
Duxy__04,False,0.40540210606057697,0.05228683644642831,1058.2,0,0.0,1.0,1,0.0,1.0,0.000945000945000945
DwaiG91,False,1.2171571404110384,0.18796754288015405,2225.8,0,0.0,1.0,1,0.0,1.0,0.0004492766645700422
DwiMat,False,0.5224736406495952,0.2606081754723656,1573.9,0,0.0,1.0,1,1.0,1.0,0.0006353643814727746
Dx-Devilster,False,2.031042937298657,1.1431554519549794,1351.7,0,1.0,0.0,1,0.0,0.0,0.0
DzabeL,False,0.06642108062138938,0.22107956709335827,3509.2,0,0.0,1.0,1,0.0,1.0,0.00028496523424142257
E404-missingusername,False,0.5560289718052717,0.08641425509931336,3068.3,0,0.0,1.0,1,1.0,1.0,0.0003259133722256624
E5evo,False,3.3324985902490596,0.2932626119047044,740.7,0,0.0,1.0,1,0.0,1.0,0.0013500742540839745
EagleEyeSierra,False,1.8745729966551643,0.30544785060380275,390.9,0,1.0,0.0,1,0.0,0.0,0.0
Eaglise,False,4.047272900895393,0.008453254558348841,1016.0,0,0.0,1.0,1,1.0,1.0,0.000984251968503937
EarlyFalcone,False,2.2165837631847585,0.011797907004255717,1991.7,0,0.0,3.0,2,0.6666666666666666,1.0,0.0015062509414068383
Early_Bicycle6884,False,3.0030745758121973,0.8336428214925371,2100.6,0,0.0,1.0,1,0.0,1.0,0.0004760544606302961
Early_Coffee_2715,False,0.9418484570037032,0.015201161332050565,295.9,0,0.0,1.0,1,0.0,1.0,0.003379520108144644
Early_Mix_2499,False,1.2722823225218252,0.0502806360731643,1920.6,0,0.0,3.0,2,0.3333333333333333,1.0,0.001562011871290222
Early_Self7066,False,0.6879747961429571,0.006233537326800597,2112.8,0,0.0,1.0,1,1.0,1.0,0.00047330556607345697
EarthOpen,False,0.9361234514517154,1.7197061515879974,2019.9,0,1.0,0.0,1,0.0,0.0,0.0
East-Combination4412,False,0.49798199000687654,0.36189385981452415,1912.0,0,0.0,1.0,1,0.0,1.0,0.0005230125523012552
East-Education8810,False,1.9952132463461927,0.007284185603382158,1105.8,0,0.0,2.0,2,0.5,0.5,0.0018086453246518358
East-Town150,False,2.627602274509345,0.00023812358726639764,654.1,0,0.0,1.0,1,1.0,1.0,0.0015288182235132241
EastAppropriate7230,False,4.330832437230121,0.06305355258510513,464.7,1,0.0,1.0,1,1.0,1.0,0.002151925973746503
East_River8887,False,0.892374978433905,0.3834323931082817,1261.0,0,1.0,0.0,1,0.0,0.0,0.0
Eastern_Chipmunk_873,False,2.263165369767439,0.9852223457421709,812.1,0,1.0,0.0,1,0.0,0.0,0.0
Easy-Apartment-1622,False,0.008505425124607762,1.3862943611198906,1287.8,0,0.0,1.0,1,1.0,1.0,0.000776518092871564
Easy_Check8942,False,0.8851579619568138,0.8525899549689688,1152.9,1,5.0,1.0,2,0.0,1.0,0.0008673779165582444
Easy_Pizza_001,False,1.5232736711722075,0.40134414666002177,1248.6,0,1.0,0.0,1,0.0,0.0,0.0
Eat_Turnip2193,False,3.3808335515965333,0.022244138790402518,244.9,0,0.0,1.0,1,0.0,1.0,0.004083299305839118
Eccentric_Explorer_,False,1.550163488210915,1.259726246147513,698.5,0,2.0,0.0,2,0.0,0.0,0.0
Ecclesiasticus6_18,False,4.350034207564104,1.0569952886110912,100.6,0,0.0,1.0,1,1.0,1.0,0.009940357852882704
EchidnaCivil9005,False,2.245030866710356,0.12689770969101566,350.8,0,0.0,1.0,1,1.0,0.0,0.0028506271379703536
EchoOfVoid,False,0.548630486613821,0.03697900324108739,413.2,0,0.0,1.0,1,1.0,0.0,0.002420135527589545
EconomistAnxious5913,False,2.3168540627952448,0.09445938513264393,501.0,0,0.0,1.0,1,1.0,1.0,0.001996007984031936
Economy-Hurry5540,False,2.3865942627599863,0.1575091830303986,639.1,0,0.0,1.0,1,1.0,1.0,0.0015647003598810826
Economy-Praline9372,False,2.640655953924954,0.1384567431470159,352.7,0,0.0,1.0,1,0.0,1.0,0.002835270768358378
Economy-Taro8270,False,0.19218332630906726,2.362304327695668,1949.1,0,1.0,0.0,1,0.0,0.0,0.0
Economy-Wall-6744,False,2.4429490804787046,0.07416023814582069,700.3,0,0.0,1.0,1,1.0,1.0,0.001427959445951735
EcstasyCalculus,False,3.1861458065115444,0.2615081100090679,2773.4,0,0.0,1.0,1,0.0,1.0,0.0003605682555707795
Ecstatic-Sea-8882,False,4.003799132349415,0.12196146115942448,254.6,0,1.0,3.0,2,0.6666666666666666,0.6666666666666666,0.01178318931657502
Ecstatic-Start6014,False,1.7522786241555615,2.861334705041619,604.9,0,1.0,0.0,1,0.0,0.0,0.0
Ecstatic-Zombie3672,False,2.1730651981325564,0.030962225603966897,105.2,0,0.0,1.0,1,0.0,1.0,0.009505703422053232
EcstaticLime2672,False,1.990019072503474,0.9699406941418363,453.0,0,1.0,0.0,1,0.0,0.0,0.0
EcstaticWolverine197,False,1.728235325546915,0.2743136664449914,737.9,0,0.0,1.0,1,1.0,1.0,0.001355197181189863
Ecstatic_Emu640,False,0.133120574405804,3.9889840465642745,365.2,0,1.0,0.0,1,0.0,0.0,0.0
Ecstatic_Rub_548,False,1.7387916000701724,1.9881878430301907,1972.3,0,0.0,2.0,2,0.5,1.0,0.0010140445165542768
Ecstatic_Signature26,False,3.4814048799435784,0.10221736760866941,532.1,1,0.0,1.0,1,1.0,0.0,0.0018793459875963165
Educational-Fun1202,False,1.9381029477466063,0.20905016782466457,1972.9,0,0.0,1.0,1,1.0,1.0,0.000506868062243398
Educational-Grab7830,False,3.840519385865294,0.5549019781251274,507.6,0,1.0,0.0,1,0.0,0.0,0.0
Educational-Hyena-69,False,1.3893288644049446,0.0043956114730380955,1892.0,0,0.0,1.0,1,0.0,1.0,0.0005285412262156448
Educational-Oil-8895,False,0.7853103247533765,0.1987395218674929,1203.6,1,0.0,1.0,1,1.0,1.0,0.0008308408109006315
Educational_Gap_4441,True,3.1358534758575694,0.5797112508965736,121.0,0,1.0,0.0,1,0.0,0.0,0.0
Educational_Juice_72,False,0.7765631800284731,1.0505822917720753,639.7,0,2.0,0.0,1,0.0,0.0,0.0
Educational_Race6342,False,1.1941192924775397,0.06615500067924453,1955.1,0,0.0,1.0,1,1.0,1.0,0.0005114827886041635
Educational_wolf_001,False,0.7162384354292538,0.8842024173226545,614.3,0,0.0,1.0,1,1.0,1.0,0.0016278691193228065
Effective-Bus9352,False,1.3209037542574233,0.7237207605888324,688.8,0,1.0,0.0,1,0.0,0.0,0.0
EffectiveAd4777,False,0.07728526275059616,0.08576682175742506,1804.6,0,0.0,1.0,1,0.0,1.0,0.000554139421478444
Effective_Fee_236,False,1.4588407818154998,1.271480702818309,669.5,0,1.0,0.0,1,0.0,0.0,0.0
Effective_Push_6104,False,0.5271952460053306,0.13626487952018312,1129.4,0,0.0,1.0,1,0.0,1.0,0.0008854258898530192
Effective_Tour6961,True,1.1101668938113747,0.9094802628716283,2156.9,0,2.0,0.0,2,0.0,0.0,0.0
EfficiencyWooden1030,False,0.8682182909545059,0.8326826480162332,637.9,0,1.0,0.0,1,0.0,0.0,0.0
Efficient-Celery2319,False,1.1115299985389857,0.026013027463800027,687.1,0,0.0,3.0,1,1.0,0.6666666666666666,0.004366176684616504
Efficient-Owl-4116,False,1.5458861250735454,0.00015851628788047097,1708.5,0,0.0,1.0,1,1.0,1.0,0.000585308750365818
Efficient-Risk-5240,False,3.302103293487876,0.31927535633935106,87.2,0,1.0,0.0,1,0.0,0.0,0.0
Efficient-Wrap-3719,False,0.4728851460930599,0.006042314455962623,272.9,1,0.0,1.0,1,1.0,1.0,0.003664345914254306
EfficientPin5196,False,1.6473046157978495,0.09272174005022227,662.3,0,0.0,1.0,1,0.0,1.0,0.0015098897780462027
Efficient_Piece7368,False,3.9592519871827436,7.126313917143795e-05,272.9,0,0.0,2.0,1,0.5,0.5,0.007328691828508612
EigenGauss,False,1.377539958717064,0.0033003330286567995,613.8,0,0.0,2.0,1,1.0,1.0,0.003258390355164549
Eikichi_Onizuka09,False,7.096019809073531,1.9791525264363212,589.0,0,0.0,8.0,3,0.5,1.0,0.013582342954159592
Either_Joke_1314,False,5.1523168767630185,1.1814630820647019,239.7,0,3.0,3.0,2,0.6666666666666666,1.0,0.012515644555694618
Ek_Chutki_Sindoor,False,4.255081130138472,0.00017095785930416042,1600.1,0,0.0,4.0,1,0.0,1.0,0.0024998437597650146
El_Impresionante,False,3.5974529625260843,0.364339787483693,5967.7,0,1.0,1.0,2,0.0,1.0,0.00016756874507766812
EldenLord_-,False,1.2281333898540083,0.34697404801423953,1371.1,0,0.0,1.0,1,1.0,1.0,0.0007293414047115455
Electrical-Dream-903,False,2.7147915429030713,0.30980398953905164,348.9,0,1.0,0.0,1,0.0,0.0,0.0
Electrical-Try-7583,False,1.7436101253304723,0.04367829732586523,585.0,0,0.0,1.0,1,1.0,0.0,0.0017094017094017094
ElectricalPromise547,False,0.10371982620036639,0.9162907318741551,36.6,0,1.0,0.0,1,0.0,0.0,0.0
Electrical_Boot_2765,False,1.774188912485793,0.09807008239514704,837.3,0,0.0,1.0,1,1.0,1.0,0.0011943150603129105
Electrical_Pen_3106,False,1.1456860243931946,0.12339813997437399,738.6,1,0.0,1.0,1,1.0,1.0,0.0013539128080151638
Electrical_Size_1999,False,4.772425544427402,1.1055734305561369,214.0,0,0.0,3.0,2,0.3333333333333333,1.0,0.014018691588785047
Electronic-Act6864,False,1.2642639578306796,0.11778303565638346,98.8,0,0.0,1.0,1,1.0,1.0,0.010121457489878543
Electronic-Bug594,False,1.3269186582060724,0.0049776110737521865,1454.1,0,0.0,2.0,2,0.0,1.0,0.001375421222749467
Electronic-Button-99,False,0.5612942008760248,0.9630904286743447,1581.8,0,1.0,0.0,1,0.0,0.0,0.0
Electronic-Foot9271,False,0.005277753377608209,0.11778303565638346,1511.8,0,0.0,1.0,1,1.0,0.0,0.0006614631565021829
Electronic-Post3115,False,0.5099830369748451,1.4645815824491821,1994.7,0,0.0,1.0,1,1.0,1.0,0.0005013285205795357
Electronic-Salad5405,False,4.098612022384555,0.1436544002559711,375.3,0,0.0,1.0,1,1.0,1.0,0.0026645350386357578
Electronic-Sock-7326,False,1.0226965704832411,0.09828740938130016,887.3,1,0.0,1.0,1,0.0,1.0,0.0011270145384875466
ElectronicLab62,True,3.5500808377040394,1.2503300330485372,115.3,0,1.0,0.0,1,0.0,0.0,0.0
Electronic_Low2502,False,0.4253120209130258,5.929589143389895,1416.8,0,1.0,0.0,1,0.0,0.0,0.0
Electronic_Pie_5135,False,2.3360311145750567,0.0261638249710522,344.0,0,0.0,1.0,1,0.0,1.0,0.0029069767441860465
Electronic_Run_5217,False,0.48772111722062056,2.3177634345931115,1371.3,0,0.0,1.0,1,0.0,1.0,0.000729235032450959
Electronic_Usual7945,False,2.9047901333204362,0.5247073202521466,819.4,0,0.0,3.0,3,0.6666666666666666,1.0,0.00366121552355382
Elegant-Yoghurt-16,False,0.03876774132685425,0.7801585575495751,1189.0,0,1.0,0.0,1,0.0,0.0,0.0
Elegant_Eggplant_404,False,3.7163464981074914,1.4464694862467524,790.1,1,1.0,0.0,1,0.0,0.0,0.0
Elegant_Place_9203,False,3.054777223517061,0.2780129053568689,1048.7,0,0.0,3.0,2,1.0,1.0,0.0028606846571946217
ElephantStunning4956,False,1.5459245067117746,0.10277986906433467,1339.0,0,0.0,1.0,1,0.0,1.0,0.0007468259895444362
Eliterocky07,False,2.7462069901552133,1.6569889888640343,2129.2,0,1.0,0.0,1,0.0,0.0,0.0
ElonMusk-Doge,False,0.5044203087009347,0.13105496503260897,1140.2,0,0.0,1.0,1,0.0,1.0,0.0008770391159445711
Ely-sian_,False,2.2066393872706502,0.207591017061456,787.0,0,0.0,1.0,1,1.0,1.0,0.0012706480304955528
Embarrassed-Rub5624,False,0.8661587029662376,0.014941579998199069,1712.2,0,0.0,1.0,1,1.0,1.0,0.0005840439201027917
Embarrassed-Tower-85,False,0.15812700163065999,0.00297177038915749,1961.3,0,0.0,1.0,1,1.0,1.0,0.0005098659052669148
EmbarrassedEmploy69,False,1.5375238979891737,0.6677220821941352,1530.5,0,0.0,2.0,2,0.0,1.0,0.0013067624959163672
EmbarrassedIncome570,False,1.4158986246801748,0.0018356283836023517,1922.0,0,0.0,1.0,1,1.0,1.0,0.0005202913631633715
EmbarrassedWillow990,False,0.6385410674537727,0.07557551961209301,644.5,0,0.0,1.0,1,1.0,1.0,0.0015515903801396431
Embarrassed_Egg3690,False,2.858086131862829,0.31522116398840383,1158.5,0,0.0,1.0,1,1.0,1.0,0.0008631851532153647
Embarrassed_Look9200,False,5.6058453179557866,0.19015728281317262,425.0,0,7.0,39.0,5,0.48717948717948717,1.0,0.09176470588235294
Embarrassed_Pie8743,False,0.8832258867145424,0.22982193937096826,1561.3,0,0.0,1.0,1,0.0,1.0,0.0006404918977774932
Embarrassed_Rip5194,True,0.2709525216191494,0.21045072451579078,437.0,0,0.0,1.0,1,1.0,1.0,0.002288329519450801
Embarrassed_Road_747,False,1.9276335268521487,0.0033320297390099004,1740.1,0,0.0,1.0,1,1.0,1.0,0.0005746796161140165
Embarrassed_Tip7359,False,7.254865663445348,4.874977309618909,1616.7,0,0.0,1.0,1,1.0,0.0,0.0006185439475474733
Emergency-Bug-4044,False,2.210987107648092,0.04974699231782334,1557.1,0,0.0,3.0,2,0.6666666666666666,0.6666666666666666,0.0019266585318861989
Emergency-Plum-1981,False,3.528069319373443,0.037418476628293014,1778.2,0,0.0,1.0,1,0.0,1.0,0.0005623664379709819
EmergencyDance6247,False,3.1232609123301383,1.7263429078198311,655.1,0,0.0,1.0,1,0.0,1.0,0.0015264845061822622
EmergencyHead7866,False,0.8226052477968321,0.35883661495513075,984.0,0,1.0,1.0,2,0.0,1.0,0.0010162601626016261
EmergencySherbert247,False,2.3604595729901825,0.11780305186951677,650.7,0,0.0,1.0,1,1.0,0.0,0.001536806516059628
Emergency_Computer83,False,1.190325741609311,0.9993204270469679,2051.0,0,0.0,1.0,1,0.0,1.0,0.00048756704046806434
Emergency_Pea_61652,False,1.4997886125040565,0.012345835822299337,140.2,0,0.0,1.0,1,0.0,1.0,0.007132667617689016
Emergency_Raisin2341,False,6.0035305555549225,3.9852271146847302,1111.1,0,1.0,0.0,1,0.0,0.0,0.0
Emergency_Signal_180,False,1.7461519301814237,0.49093683891220136,448.6,0,0.0,1.0,1,1.0,1.0,0.002229157378510923
Emeron87,False,2.1724702946867436,0.5454936153043934,2869.3,0,0.0,1.0,1,0.0,1.0,0.0003485170599100826
Emeryvillethrow,False,0.14380258266642207,0.9267620317414506,303.9,0,0.0,1.0,1,1.0,1.0,0.003290556103981573
EmiyaBoi,False,2.545736275565457,0.9336783360552086,2524.8,0,2.0,0.0,1,0.0,0.0,0.0
EmmVeeEss,False,2.282345365569775,0.1985121457259384,2535.9,0,0.0,5.0,2,1.0,1.0,0.0019716865807011315
EmmVeeKay88,False,2.8110981545355953,0.000707964631340054,1084.9,1,0.0,1.0,1,1.0,1.0,0.0009217439395335974
Emotional-Access4971,False,1.5954930060981314,0.12981161152199064,701.9,0,0.0,1.0,1,0.0,1.0,0.0014247043738424277
Emotional-Let-6548,False,0.5543902117993623,0.21979065630389882,1606.2,0,0.0,1.0,1,0.0,1.0,0.0006225874735400323
Emotional-Nail-8690,False,0.7247899701705918,0.0008602151068078869,1091.8,0,0.0,1.0,1,1.0,1.0,0.0009159186664224217
Emotional-Ninja-3911,False,2.3468696282936503,0.06660664229944437,1549.7,0,0.0,2.0,1,0.0,1.0,0.001290572368845583
EmotionalBoat2342,False,0.8810570785039498,1.1543916297157992,481.8,0,1.0,0.0,1,0.0,0.0,0.0
EmotionalConflict487,False,0.8620331425470642,0.3042113744029915,1961.3,0,0.0,1.0,1,1.0,1.0,0.0005098659052669148
Emotional_Aerie2077,False,2.265128797443867,0.04040557476312856,602.5,0,0.0,1.0,1,1.0,0.0,0.0016597510373443983
Emotional_Stranger_5,False,1.7692334444416973,0.0666093229472775,2158.7,0,0.0,1.0,1,0.0,1.0,0.0004632417658776116
EmployAltruistic647,False,4.079489220968082,0.009715282100185126,622.9,0,0.0,1.0,1,0.0,1.0,0.0016053941242575053
Empty-Dragonfly5895,False,0.968804479362431,0.5151793401211229,1736.0,0,0.0,1.0,1,0.0,1.0,0.000576036866359447
EmptyFlight6900,False,0.8525225789361123,0.0046189458562945485,321.8,0,0.0,1.0,1,1.0,1.0,0.0031075201988812924
EmptyMathematician60,False,0.4389795875286166,1.1033493889523789,1917.9,0,1.0,0.0,1,0.0,0.0,0.0
Empty_Intention_3310,False,1.6889821905992726,0.00022033711667857305,1028.1,0,0.0,1.0,1,0.0,1.0,0.0009726680284019065
EnPassantt12,False,1.7341906937511602,1.227888355722494,114.7,1,0.0,1.0,1,0.0,1.0,0.008718395815170008
EnchantedHawk,False,0.37814725516316683,0.1469677729208588,1255.5,0,0.0,1.0,1,1.0,1.0,0.0007964954201513341
Encrypted_Cerebrum,False,2.7397609047740303,0.02811407653499777,1250.2,0,0.0,2.0,2,0.0,1.0,0.0015997440409534474
EndChemical,False,3.4965691660005933,0.06812461901717422,2065.9,0,0.0,1.0,1,0.0,1.0,0.000484050534875841
EnergyStriking3277,False,3.2989990693909426,0.10442766800990992,844.3,0,0.0,1.0,1,1.0,1.0,0.0011844131232974062
EnflamedPhoenix,False,1.1486755087479765,0.031904993991586396,2586.8,0,0.0,1.0,1,0.0,1.0,0.00038657801144270914
EnidSnyder,False,2.751506618637356,0.6408429960435761,741.5,0,0.0,2.0,2,0.5,1.0,0.0026972353337828725
EnigmaticSoul_mra,False,3.103375767223363,0.000211092934447908,890.8,0,0.0,1.0,1,1.0,1.0,0.001122586439155815
Ennamo_poda,False,3.122496766581145,0.011550206935963472,958.9,1,0.0,1.0,1,1.0,1.0,0.0010428616122640526
Enough-Ad9354,False,1.6485356662923423,1.9009321537722357,688.2,0,0.0,1.0,1,0.0,1.0,0.0014530659691950013
Enough-Performer4607,True,0.6646706801189874,0.9490215802625462,1496.0,0,1.0,0.0,1,0.0,0.0,0.0
Ensurekar,True,0.6852149057015797,3.873183172111882,1025.2,0,1.0,0.0,1,0.0,0.0,0.0
EntertainmentSome448,False,2.649111829536428,0.05463314143508795,1217.9,0,0.0,3.0,2,0.3333333333333333,1.0,0.002463256424993842
EntertainmentTiny543,False,0.5526430007172028,0.030868592645096993,2183.4,0,0.0,1.0,1,0.0,1.0,0.00045800128240359073
Enthonnade,False,3.5064581643323067,0.002948405084297612,220.6,0,0.0,3.0,2,0.3333333333333333,1.0,0.013599274705349048
Entire_Feature_446,True,2.6938766064630335,3.5112137088561757,327.8,0,1.0,0.0,1,0.0,0.0,0.0
EntrepreneurNo60,False,0.027606169796308803,2.0794415416798357,821.7,0,1.0,0.0,1,0.0,0.0,0.0
EntrepreneurReal1199,True,2.7365614340845807,0.4003863770291487,136.0,0,0.0,1.0,1,0.0,1.0,0.007352941176470588
Environmental-Deal88,False,0.6608911513025164,1.3406805098489005,2035.2,0,1.0,0.0,1,0.0,0.0,0.0
Environmental-Home29,False,2.133989879148952,0.6624205496978687,2078.0,0,0.0,1.0,1,0.0,1.0,0.00048123195380173246
Environmental-Let937,False,0.4119257487258294,0.38760055534230003,1249.7,0,0.0,1.0,1,0.0,1.0,0.0008001920460910619
EnvironmentalAir1691,False,0.34092175288838,0.9203094914690728,1838.8,0,0.0,1.0,1,0.0,1.0,0.0005438329345225147
EnvironmentalAngle17,False,1.69224341658983,0.00034034829303525326,1989.1,0,0.0,1.0,1,1.0,1.0,0.0005027399326328491
Environmental_Act576,False,3.148711101502059,0.00773846659831302,2052.9,0,0.0,2.0,2,0.0,1.0,0.0009742315748453407
Environmental_Pipe29,False,0.8319345403186553,0.6687928566081812,1999.6,0,1.0,0.0,1,0.0,0.0,0.0
EpicAnkush27,False,2.28018626460621,0.1763723692029248,736.8,0,0.0,1.0,1,0.0,1.0,0.0013572204125950056
EpicDankMaster,False,1.943667811710608,0.7323730055473783,2615.0,0,0.0,1.0,1,0.0,1.0,0.0003824091778202677
Equivalent-Gazelle20,False,1.7153562754030358,0.4339529277057862,612.9,0,2.0,0.0,1,0.0,0.0,0.0
Equivalent-Piglet455,False,1.7656001071242495,0.20312891997994173,1316.8,0,0.0,1.0,1,1.0,1.0,0.0007594167679222357
EquivalentDealer4698,False,2.1239439638099986,8.358666283188,579.3,0,2.0,0.0,1,0.0,0.0,0.0
Equivalent_Crab_5461,True,3.659785604006358,0.05798250738374064,415.0,0,0.0,1.0,1,1.0,1.0,0.0024096385542168677
Equivalent_Crazy753,False,1.604606985164435,2.9117466174808984,83.0,0,1.0,0.0,1,0.0,0.0,0.0
ErebusMalison,False,3.0922174252743666,0.00013820744960151682,344.1,0,0.0,1.0,1,0.0,1.0,0.0029061319383900026
Erianthus,False,1.729968179968767,0.03630851281054068,404.7,0,0.0,1.0,1,1.0,1.0,0.002470966147763776
Error_BrainNot_Found,False,4.093632623981644,1.738312886881121,100.7,0,1.0,1.0,1,1.0,0.0,0.009930486593843098
Error_Cardiologist46,False,3.3373919583574776,0.7355741706679464,1135.1,0,0.0,1.0,1,1.0,1.0,0.0008809796493700996
Escape-Potential-2,False,1.7926842820193924,0.46832932935197347,1621.2,0,0.0,1.0,1,1.0,1.0,0.000616827041697508
EssySnipp,False,2.6606797936284243,3.385929909531367,73.2,0,1.0,0.0,1,0.0,0.0,0.0
EstablishmentFew7604,False,0.17601600423067792,0.02884815433765832,2187.5,0,0.0,1.0,1,1.0,1.0,0.00045714285714285713
Etovo,False,3.8377424806454443,1.6308569055249196,214.0,1,1.0,0.0,1,0.0,0.0,0.0
EuphoricDiamond2237,False,2.454444909619001,0.023002940809271292,814.1,0,0.0,1.0,1,1.0,1.0,0.0012283503255128363
EurusJr,False,1.6543501375136833,1.1899411140971243,2648.9,0,1.0,0.0,1,0.0,0.0,0.0
Even-Commission5447,False,1.9319431254774184,0.49022964269315666,889.9,0,0.0,1.0,1,1.0,1.0,0.001123721766490617
EvenCoyote6317,False,4.489490691949899,0.12074755136403789,494.3,0,0.0,2.0,2,1.0,1.0,0.004046125834513453
EvenDamage5604,False,1.151864687893109,0.7907275088988094,407.1,0,0.0,1.0,1,0.0,1.0,0.0024563989191844753
Even_Benefit7131,False,1.7364811207717084,0.13817216372607924,362.6,0,0.0,1.0,1,1.0,1.0,0.0027578599007170436
Even_Boysenberry4446,False,3.460370147608681,0.04434965438888693,418.7,0,0.0,1.0,1,0.0,1.0,0.002388344877000239
Evening-Hour8934,False,0.3051712693934623,1.1818549990723168,1751.4,0,1.0,0.0,1,0.0,0.0,0.0
Evening_Pudding00,False,1.021914000433159,0.07654007712233436,213.1,0,0.0,1.0,1,0.0,1.0,0.004692632566870014
Every-Border335,False,2.0360949017425014,0.25500103133423185,1602.7,0,0.0,1.0,1,1.0,1.0,0.0006239470892868285
Every-Bumblebee-5149,False,0.7486367848084894,0.007411362669642169,1700.9,0,0.0,1.0,1,0.0,1.0,0.0005879240402140043
EveryNameIsTaken142,False,2.242793620570534,0.2369294887130052,1786.9,0,0.0,1.0,1,1.0,1.0,0.000559628406737926
Every_Raccoon_3090,False,0.4563567154045536,0.11455052302866266,1867.5,0,0.0,1.0,1,0.0,1.0,0.000535475234270415
Evil_Eg,False,4.290775513426216,0.08457414104255899,390.0,0,0.0,1.0,1,1.0,1.0,0.002564102564102564
ExcaliburIN_Games,False,3.1327239681982406,0.34155233670728835,1851.4,0,0.0,1.0,1,1.0,1.0,0.0005401317921572864
Excellent-Panic-8523,False,1.7162250176393055,0.4105029021381215,741.1,0,0.0,1.0,1,1.0,1.0,0.001349345567399811
Excellent-Today-7614,False,2.140278939155538,0.15078124222309652,967.5,0,0.0,1.0,1,1.0,1.0,0.0010335917312661498
ExcellentAd4757,False,0.3128249840745084,0.028210615487236433,1954.9,0,0.0,1.0,1,1.0,0.0,0.0005115351168857742
Excellent_Baby_7241,False,0.022278473501363926,0.22314355131420976,1509.2,0,0.0,1.0,1,1.0,1.0,0.0006626027034190299
Excellent_Base63,False,1.0266690631752904,1.171958936080072,1183.2,0,1.0,0.0,1,0.0,0.0,0.0
ExcitingLadder9689,True,2.927012720761515,0.30823422528505096,280.9,0,1.0,0.0,1,0.0,0.0,0.0
Exciting_Sea_8336,False,1.4187904648273963,0.12226630267471565,1114.9,0,0.0,1.0,1,1.0,1.0,0.000896941429724639
Exciting_Strike5598,False,4.299257787724964,0.0640490496590907,937.2,0,1.0,13.0,4,0.46153846153846156,1.0,0.013871105420401195
Existing-List6662,False,3.287739692461623,0.17925443158664223,1641.4,0,1.0,4.0,5,0.25,1.0,0.0024369440721335443
Existing_As_Usual,False,3.2103058741851336,0.48285177172358457,37.5,0,1.0,0.0,1,0.0,0.0,0.0
Existing_Driver_2652,False,0.16481193125747645,0.8979415932059586,446.5,0,1.0,0.0,1,0.0,0.0,0.0
Existing_Quote_1965,False,4.418364124236192,0.7821439619919778,667.7,0,0.0,1.0,1,0.0,1.0,0.001497678598172832
Exokiller93,False,0.810849569103855,0.1704725299578726,2066.7,0,0.0,1.0,1,1.0,1.0,0.000483863163497363
Exotic_Tomatillo_695,False,2.5514244090649165,2.809140247636584,1481.9,0,1.0,2.0,2,1.0,1.0,0.0013496187327080098
Expensive-Fig3409,False,0.10207309651903997,1.8458266904983307,344.3,0,1.0,0.0,1,0.0,0.0,0.0
Expensive-Middle9537,False,1.9077193503229233,0.7306554199767542,866.2,0,0.0,1.0,1,1.0,1.0,0.001154467790348649
ExpensiveStart4515,False,3.131700430469735,0.3316611335248031,64.3,0,0.0,1.0,1,1.0,1.0,0.015552099533437015
Expensive_Yak9772,False,0.8405453694116279,1.1146554135086855,857.6,0,1.0,0.0,1,0.0,0.0,0.0
Expert_Classic9997,False,5.868902824458724,3.4118899693283593,169.2,0,0.0,1.0,1,1.0,1.0,0.0059101654846335705
Explorer_2288,False,0.2781463722161202,0.9216815805090315,576.9,0,1.0,0.0,1,0.0,0.0,0.0
Express-Marsupial425,False,0.3056543148562113,4.248495242049359,193.0,1,1.0,0.0,1,0.0,0.0,0.0
ExpressAssumption581,False,1.849320865140755,0.06988007564241679,827.0,0,0.0,2.0,1,0.5,1.0,0.0024183796856106408
Extension-Affect-530,False,3.065431126134448,0.0070777483430079025,360.6,0,0.0,1.0,1,1.0,1.0,0.002773155851358846
Extension-County1707,False,0.4103385947923637,0.020367302824433716,975.7,0,0.0,1.0,1,1.0,1.0,0.001024905196269345
Extension-Diet-1696,False,3.537543436855907,3.784189633918261,170.0,0,1.0,0.0,1,0.0,0.0,0.0
Extension-Foot-3033,False,0.8716893135113628,0.521219184293254,486.0,0,0.0,1.0,1,1.0,1.0,0.00205761316872428
Extension-Region1421,False,3.735960302096232,2.3107918596937043,331.8,0,0.0,2.0,2,1.0,1.0,0.006027727546714888
ExtensionFancy1763,False,1.480520796141616,0.12154214819600187,2148.6,0,0.0,2.0,2,0.5,1.0,0.0009308386856557759
Extension_Bus4000,False,1.1966895261786903,0.17529100054526733,1165.8,0,0.0,2.0,2,0.0,1.0,0.00171556013038257
Extra-Ad-8486,False,1.3695176751134952,0.1406035966579813,891.1,0,0.0,1.0,1,0.0,1.0,0.001122208506340478
Extra-Bicycle3573,False,2.166038376525321,0.18269615878372572,414.7,0,0.0,1.0,1,1.0,1.0,0.0024113817217265494
Extra-Inspector-6826,False,2.287638063150016,0.04601030564883324,1002.3,0,0.0,1.0,1,0.0,1.0,0.00099770527786092
Extra_Chicken_5612,False,0.7657557181284046,0.5868696542922376,1704.3,0,0.0,1.0,1,0.0,1.0,0.0005867511588335387
Extra_Spirit9376,False,5.340578263071056,1.7937110555108216,256.9,0,1.0,0.0,1,0.0,0.0,0.0
Extra_chE3se,False,0.5817288012582964,0.15257090066773984,3204.8,0,0.0,1.0,1,0.0,1.0,0.00031203195207189213
Extreme-Method-9312,False,0.42470024482461666,0.20316508438332342,841.0,0,0.0,1.0,1,0.0,1.0,0.0011890606420927466
Extreme-Opening7868,False,0.8718523185667757,0.05695167412451306,817.2,0,0.0,1.0,1,1.0,1.0,0.0012236906510034262
Extreme-Skirt-5797,False,3.4619705593710237,0.0003293807671412958,393.3,1,0.0,1.0,1,1.0,1.0,0.002542588354945334
Extreme-Zone-4333,False,1.07631851039088,0.3374072530521196,774.1,0,0.0,2.0,1,0.0,1.0,0.00258364552383413
ExtremeBack1427,False,2.8933409228671048,0.13510365055133247,1898.2,0,0.0,1.0,1,0.0,1.0,0.0005268148772521336
ExtremeMarsupial2648,False,4.305016633544372,0.13814135603476232,225.7,1,0.0,1.0,1,1.0,1.0,0.004430660168365087
Extreme_Molasses_134,False,0.0,0.6931471805599453,830.6,0,0.0,1.0,1,0.0,1.0,0.0012039489525644113
Extreme_Tadpole_5150,False,1.1594710904576069,0.24185626024636386,418.6,0,0.0,1.0,1,1.0,1.0,0.002388915432393693
Ezmods,False,2.4118716694074203,0.04506394502031692,884.9,0,0.0,1.0,1,1.0,1.0,0.0011300711944852526
FabulousDrama9487,False,1.2277954373680957,0.05043085362689191,353.4,0,0.0,1.0,1,1.0,1.0,0.002829654782116582
Fabulous_Can8540,False,3.1940008659700534,1.079643842965758,1315.2,0,0.0,1.0,1,0.0,1.0,0.0007603406326034063
Fabulous_Comb1830,False,1.9603696570536693,0.006438236153972659,1583.1,0,0.0,1.0,1,1.0,1.0,0.0006316720358789717
FactIllustrious21,False,0.7834216049269095,0.8164703965919441,608.1,0,0.0,1.0,1,1.0,1.0,0.00164446637066272
Fair_Amount5400,True,1.6682865815240446,0.15581043124562272,139.9,0,0.0,1.0,1,0.0,1.0,0.007147962830593281
FakeNewsPeddlerr,False,2.8558141702938986,0.2650842048797108,462.7,0,1.0,1.0,2,1.0,1.0,0.002161227577263886
FallingBruh,False,0.6188188969093561,0.06219124722025908,1257.1,0,0.0,1.0,1,0.0,1.0,0.0007954816641476414
False_Purple_8815,False,1.097205818675358,0.21007146974685698,142.3,0,0.0,1.0,1,0.0,1.0,0.007027406886858749
Familymanuae,False,1.8833366280012098,0.004804662169903992,710.8,0,0.0,1.0,1,0.0,1.0,0.0014068655036578504
Famous-Calendar-3781,False,2.0286425197231885,0.34584188144870126,1165.7,0,0.0,1.0,1,1.0,0.0,0.0008578536501672815
Famous-Scientist1196,False,2.156581918073855,0.12624018898113276,234.9,0,0.0,1.0,1,0.0,1.0,0.004257130693912303
Fan-Hun-BC,False,3.8517275427413584,0.004599575208636338,643.2,0,0.0,2.0,1,0.5,0.5,0.0031094527363184077
FancyProof4088,False,1.6822654093906264,0.5762695320183744,504.6,0,2.0,1.0,1,1.0,1.0,0.0019817677368212444
Fancy_Orchid_3280,False,0.04222411632079888,1.236762627148927,695.6,0,1.0,0.0,1,0.0,0.0,0.0
Fantastic-List-4849,False,1.6201095127527414,0.6086347636379542,592.8,0,0.0,1.0,1,0.0,1.0,0.0016869095816464238
FantasticBee,False,1.6731695361106895,0.9764963801695725,3014.3,0,0.0,1.0,1,0.0,1.0,0.0003317519822180937
Fantastic_Fox_5538,False,0.9702009574309343,1.5808430371570452,1998.2,0,2.0,0.0,1,0.0,0.0,0.0
Far-Abies-7482,False,3.207758594642721,0.4082781760927878,937.8,0,2.0,3.0,3,0.3333333333333333,1.0,0.0031989763275751763
Far-Newt2088,False,1.297673226174992,0.08116154420038273,587.8,1,0.0,1.0,1,0.0,1.0,0.0017012589316093912
Far-Pirate-9068,False,0.21951158606264537,2.7957557815213154,529.6,1,1.0,1.0,1,1.0,1.0,0.0018882175226586102
Far-Sugar7816,False,0.5081901987108886,1.6918815816451749,2097.3,0,1.0,0.0,1,0.0,0.0,0.0
Far-Trash7503,False,0.7065475985742173,0.0013745706631666035,707.9,0,0.0,1.0,1,1.0,1.0,0.001412628902387343
FarFaithlessness5693,False,2.7089421171590673,0.5551042035770641,493.1,0,0.0,2.0,1,1.0,1.0,0.004055972419387548
FarRadio7281,False,2.74025815691619,0.3094010782483954,1048.1,0,0.0,1.0,1,0.0,1.0,0.0009541074324968992
Far_Cauliflower1949,False,0.35129037151685183,0.6931471805599453,68.9,0,0.0,1.0,1,0.0,1.0,0.014513788098693758
Far_Information_4070,False,0.2661671171873888,0.2851014258582893,2111.8,0,0.0,1.0,1,0.0,1.0,0.0004735296903115825
Far_Law_9632,False,0.05811835484037521,2.302585092994046,150.4,0,2.0,0.0,1,0.0,0.0,0.0
Far_Owl5970,False,1.8383698476696781,2.9808066233373154,503.0,0,1.0,0.0,1,0.0,0.0,0.0
FarmerInternational8,False,0.40212510735530144,0.1293424803443117,2129.3,0,0.0,1.0,1,0.0,1.0,0.0004696379091720283
FarmerSuspicious191,False,3.7340356404952457,0.0559734966688279,617.0,0,0.0,1.0,1,0.0,1.0,0.0016207455429497568
Fashion_Nahi_Aata,False,0.8377317124863861,0.805708272235177,873.3,1,0.0,1.0,1,0.0,1.0,0.0011450818733539448
Fast-Cauliflower-331,False,2.495884999610579,0.6815314216562963,338.2,0,1.0,0.0,1,0.0,0.0,0.0
Fast-Competition8607,True,1.857246858089146,0.1994930826969614,645.2,0,0.0,1.0,1,1.0,1.0,0.001549907005579665
FastConsideration840,False,1.3354901117131448,1.5669021214361105,1248.1,0,0.0,1.0,1,1.0,1.0,0.0008012178511337233
Fast_Impression9738,False,1.4981405851050582,0.0009306654929531757,2166.2,0,0.0,3.0,2,0.3333333333333333,1.0,0.0013849136737143386
FatAmyDieting,False,3.81057140025398,0.26026506838816227,339.3,0,0.0,1.0,1,0.0,1.0,0.0029472443265546712
FaultOld6298,False,2.1403221078041867,0.9857704053407143,459.6,0,2.0,0.0,2,0.0,0.0,0.0
FavedFakhtar,False,0.169881122165773,0.0030911925696728445,1744.4,0,0.0,1.0,1,0.0,1.0,0.0005732630130703966
Fawkes_phoenix1,False,2.1612533060260737,0.014072521390681766,679.9,0,0.0,1.0,1,1.0,1.0,0.0014708045300779527
FcukMan360,False,5.188726508119156,0.8747542111083556,218.2,1,2.0,2.0,1,0.0,1.0,0.00916590284142988
Fdsn,False,3.9039414600503393,0.25567635769781205,3095.3,0,0.0,1.0,1,1.0,1.0,0.0003230704616676897
Fearless-Breakfast-6,False,1.6185020985668013,0.5594887957452717,1946.1,0,1.0,1.0,1,1.0,1.0,0.0005138482092389908
Fearless_Advisor8497,False,3.5413921228809992,0.008761756704125784,475.4,0,0.0,1.0,1,1.0,1.0,0.002103491796381994
FedMates,False,4.763537171305375,1.0347998596371228,1161.6,0,0.0,1.0,1,1.0,1.0,0.0008608815426997245
FedStan,False,1.548130916477542,0.02576919189396256,1687.7,0,0.0,1.0,1,0.0,1.0,0.0005925223677193814
Fedboy,False,3.075478628390658,0.07630937483860634,2886.8,0,0.0,1.0,1,1.0,1.0,0.0003464043231259526
Federal_Singer5520,False,1.6453853002424126,2.6417275581711377,627.3,0,1.0,0.0,1,0.0,0.0,0.0
Feeling-Fun-2255,False,2.336836683303495,0.053231450222879666,383.7,1,0.0,1.0,1,0.0,1.0,0.0026062027625749283
Feeling_Can10,False,0.36226260395271376,1.6700625342505353,581.8,0,1.0,0.0,1,0.0,0.0,0.0
Feeling_Emu_7367,False,0.49727618659659006,0.06609980170452366,1988.4,0,0.0,1.0,1,0.0,1.0,0.0005029169181251257
Feels_like_autumn,False,0.18982214346939807,0.014184634991956432,1693.5,1,0.0,1.0,1,1.0,1.0,0.000590493061706525
Feisty-Discussion-22,False,1.8701846235405863,0.0023306774173108523,1956.1,0,0.0,1.0,1,1.0,0.0,0.0005112213077041051
Feisty_Mud4187,False,3.457811223446871,0.6259338995458451,1004.8,0,1.0,3.0,3,0.6666666666666666,0.6666666666666666,0.0029856687898089174
Feisty_Reason_6288,False,3.1674188956042384,0.0014078371916005504,656.2,1,0.0,4.0,2,0.5,1.0,0.006095702529716549
Felonphantom,False,3.2091022596566368,0.03564564770291316,200.7,0,0.0,2.0,2,0.5,1.0,0.009965122072745391
FenixOfNafo,False,5.351451958657622,0.158970517244754,793.6,0,1.0,2.0,2,1.0,1.0,0.0025201612903225806
Fernsjjf,False,1.4293907870958942,0.4083594661345289,1524.8,0,0.0,1.0,1,0.0,1.0,0.0006558237145855195
Feverox,False,1.0731809855732555,0.08477659851433916,2997.4,0,1.0,0.0,1,0.0,0.0,0.0
Few-Blackberry8596,False,2.604038425426007,2.1995070319647687,1962.1,0,1.0,1.0,2,1.0,1.0,0.0005096580194689364
Few-Card8875,False,1.1634227090233797,0.37230396204402927,275.8,0,1.0,0.0,1,0.0,0.0,0.0
Few-Indication2541,False,2.558759292109935,0.13476280390484222,827.7,1,1.0,5.0,3,0.2,1.0,0.006040836051709556
Few-Philosopher-2677,False,2.565910346936755,0.0724507213036116,1104.1,0,1.0,1.0,2,1.0,1.0,0.0009057150620414818
FewBoysenberry6792,False,3.0778687384779673,1.6950636270893853,2006.8,0,0.0,2.0,2,0.5,1.0,0.000996611520829181
FewEntertainment8721,True,1.1618772095217291,0.09424716119383565,1969.1,0,0.0,1.0,1,0.0,1.0,0.0005078462241633234
FewPresentation5603,False,1.8750668513907747,0.03563477495522215,988.0,0,0.0,2.0,1,0.0,1.0,0.0020242914979757085
Few_Archer_2077,False,2.5538228343131104,0.2308697529969269,550.6,1,0.0,1.0,1,1.0,1.0,0.0018162005085361423
Few_Building_7681,False,1.1189399340579476,0.32579162552766733,1616.7,0,0.0,1.0,1,0.0,1.0,0.0006185439475474733
Few_Championship7507,False,4.448582081123591,0.7811984734826602,89.0,0,1.0,0.0,1,0.0,0.0,0.0
Few_Cup8254,False,2.4270050177793183,0.8799299400455822,1009.5,0,3.0,1.0,1,0.0,1.0,0.0009905894006934125
Few_Earth8318,False,2.241045418498236,0.00017072129789651107,697.0,0,0.0,1.0,1,1.0,0.0,0.0014347202295552368
Few_Imagination4195,False,0.49141302772390977,0.2113090936672069,428.6,0,0.0,1.0,1,0.0,1.0,0.0023331777881474567
Few_Year433,False,0.7005233046745665,0.5251371381592466,553.8,0,1.0,0.0,1,0.0,0.0,0.0
Fiateartherr,False,3.883636678507997,2.0547481105977727,626.0,0,1.0,0.0,1,0.0,0.0,0.0
Fickle-Ad-5782,False,0.030428311023895677,0.1053605156578263,1262.3,0,0.0,1.0,1,0.0,1.0,0.0007922047056959519
Fickle-Sense8599,False,2.7068139316407134,0.055849241464888816,658.3,0,0.0,1.0,1,0.0,1.0,0.0015190642564180466
FickleImagination143,False,3.3343928618971392,0.09183795409357573,140.2,0,0.0,1.0,1,1.0,1.0,0.007132667617689016
FickleRelease3092,False,1.1257759944031414,0.04028430058166043,631.9,1,0.0,1.0,1,1.0,1.0,0.0015825288811520811
Fickle_Ebb_9004,False,2.9304442444732968,0.2926142649410998,183.3,0,0.0,1.0,1,1.0,1.0,0.005455537370430987
Fickle_Philosophy802,False,0.10135383997509419,1.3256697393034558,1790.6,0,1.0,0.0,1,0.0,0.0,0.0
FilterKaapi7,False,2.3513906461588077,0.06680866967211031,928.3,0,0.0,1.0,1,0.0,1.0,0.0010772379618657763
Final_Indication6251,False,1.172102370056491,0.005277057100843765,84.8,0,0.0,1.0,1,0.0,1.0,0.01179245283018868
Financial-Struggle67,False,1.517458305646318,0.018357850569961188,1790.7,0,0.0,2.0,1,0.5,1.0,0.0011168816663874462
Financial_Yam_4128,False,0.49665634213512955,0.08437149023413451,1228.2,0,0.0,1.0,1,0.0,1.0,0.0008141996417521576
Fine-Group845,True,0.7171866904968491,0.006153865574378259,1087.1,0,0.0,1.0,1,0.0,1.0,0.0009198785760279644
Fine-Sand-8806,True,1.0910614154712222,0.16474680545875348,895.1,0,0.0,1.0,1,1.0,1.0,0.0011171936096525527
FinePersimmon3718,False,3.5278715933570535,0.5487433083754728,597.1,0,0.0,1.0,1,1.0,1.0,0.0016747613465081226
FineWreck,False,0.5747747276058546,0.08027230243978435,933.4,0,0.0,1.0,1,0.0,1.0,0.0010713520462824085
Fine_Ad_4744,False,0.048638520650088723,0.1633250561032996,1444.6,0,0.0,1.0,1,0.0,1.0,0.0006922331441229407
Fine_Ad_9209,False,0.085812680633486,0.00547946576462559,2031.2,0,0.0,1.0,1,0.0,1.0,0.0004923198109491926
Fine_Knee4319,False,0.6149010578517748,0.0037878833169370553,1244.3,0,0.0,1.0,1,0.0,1.0,0.0008036647110825364
FinishNo5394,False,0.2433164253947101,0.08149303425118291,831.3,0,0.0,1.0,1,0.0,1.0,0.0012029351617947794
FireInTheBowl27,False,1.7290446052395225,0.02993100644814273,1675.2,0,0.0,2.0,2,0.0,1.0,0.0011938872970391596
FirefighterAlone8335,False,2.081107727011833,0.5298912313038329,367.3,0,0.0,1.0,1,0.0,1.0,0.002722570106180234
FirefighterFine6990,False,1.1627444394960482,0.6072262924354408,1738.3,0,0.0,1.0,1,1.0,1.0,0.0005752746936662257
Firewhiskey880,False,3.1599298368688387,0.11515193875400768,1700.7,0,3.0,5.0,2,0.4,1.0,0.0029399658963956015
Firm-Highlight-6782,False,2.2760133714495323,0.6025145792618893,1892.7,0,1.0,0.0,1,0.0,0.0,0.0
Firm-Investigator861,False,0.35032509119346494,0.6815863581588694,407.6,0,0.0,1.0,1,0.0,1.0,0.002453385672227674
Firm-Sun4299,False,0.3190320464911077,0.23034646360826777,1665.8,0,0.0,1.0,1,1.0,1.0,0.0006003121623244087
Firm-Wrongdoer410,False,0.005119028327122075,0.5877866649021191,1558.8,0,1.0,0.0,1,0.0,0.0,0.0
First_Leadership,False,2.722768657471922,1.551162168804395,2134.8,0,1.0,0.0,1,0.0,0.0,0.0
First_Tea8991,False,3.181160274143436,0.06485572970486225,136.6,0,0.0,1.0,1,1.0,1.0,0.007320644216691069
Fit-Association1401,False,1.825697708910598,0.00038424592211479117,499.7,0,0.0,1.0,1,1.0,1.0,0.0020012007204322593
Fit-Chicken6836,False,0.6683464929654158,0.18924199963852842,242.9,0,0.0,1.0,1,1.0,1.0,0.004116920543433511
Fit-Cut9104,True,1.1173948556302926,0.0013956736389747434,348.1,0,0.0,1.0,1,1.0,1.0,0.0028727377190462507
Fit-Paramedic-3047,True,1.3015895101907684,0.014084739881739002,748.0,0,0.0,1.0,1,1.0,1.0,0.001336898395721925
Fit-Savings-8872,False,1.2553198607091447,0.007117467768863979,55.8,1,0.0,1.0,1,1.0,1.0,0.01792114695340502
FitParfait2433,False,1.134626631794931,0.3219520369807359,576.3,0,0.0,1.0,1,1.0,1.0,0.001735207357279195
Fit_Ad_3129,False,3.5142852573570442,0.12698374736452483,922.1,0,1.0,0.0,1,0.0,0.0,0.0
Fit_Construction3062,False,0.4777857696877905,0.5727834983100702,560.0,1,1.0,0.0,1,0.0,0.0,0.0
Fit_Firefighter_5172,False,1.5358588536071813,0.016066879976677245,1462.7,0,0.0,2.0,2,0.5,1.0,0.001367334381623026
Fit_Violinist_2985,False,1.7593941847260233,0.5942346295900176,219.8,0,0.0,1.0,1,1.0,1.0,0.004549590536851683
FitnessLover1998,False,2.537506362756968,0.005329211779360343,888.3,0,0.0,1.0,1,0.0,1.0,0.0011257458065968705
Flaky-Cheek-5571,False,3.3463869714061225,0.05229975141780298,971.9,0,2.0,4.0,2,0.5,1.0,0.004115649758205577
Flaky-Plantain1205,False,1.2943308034269587,0.9936943488086117,511.6,0,2.0,1.0,1,1.0,1.0,0.001954652071931196
Flaky_Jackfruit7679,False,0.33198097926524023,0.6320391945191633,924.5,1,0.0,1.0,1,0.0,1.0,0.001081665765278529
FlameengoSan,False,1.840042147976801,0.3447214907177071,2146.2,0,0.0,1.0,1,0.0,1.0,0.0004659398005777654
FlamigosBoardGames,False,0.6477684569914136,0.2580006211797177,375.3,0,0.0,1.0,1,1.0,1.0,0.0026645350386357578
FlamingoPractical625,False,1.9934388941646837,0.5230167669664015,468.4,0,0.0,1.0,1,1.0,1.0,0.002134927412467976
Flashjr0083,False,0.7929102004692853,0.05827920153773507,1605.2,0,0.0,1.0,1,0.0,1.0,0.000622975330176925
Flashygranade100,False,0.0077160876658627755,0.6931471805599453,129.1,0,0.0,1.0,1,1.0,1.0,0.0077459333849728895
Flat-Emphasis9781,False,1.4943655446238677,0.5840720839129495,481.7,0,0.0,1.0,1,1.0,1.0,0.002075980900975711
Flat-Highway-7152,False,3.4325748621458123,0.11232152563086145,365.7,0,0.0,2.0,1,0.5,0.5,0.005468963631391851
Flat_Bookkeeper4443,False,0.3592023132716681,0.8164156934929999,1055.1,0,0.0,1.0,1,0.0,1.0,0.0009477774618519572
Flat_Championship_20,False,3.4493853795712144,0.1599265378156371,1326.3,0,0.0,1.0,1,0.0,1.0,0.0007539772298876574
Flat_Pay_7119,False,1.3379420060347171,0.002858895147129618,1744.1,0,0.0,1.0,1,0.0,1.0,0.0005733616191732126
Flat_Web_7599,False,0.9295555349915856,0.0797901377734743,2150.8,0,0.0,1.0,1,1.0,1.0,0.0004649432769202157
FlatwormFlashy3442,False,1.3542737882284397,0.05974741204985389,569.6,0,0.0,1.0,1,1.0,0.0,0.0017556179775280898
Flickshot017_,False,0.36568713665124525,3.275571168544746,1436.0,0,1.0,0.0,1,0.0,0.0,0.0
Flimsy-Report5949,True,1.6841401906194913,0.02668470202851857,1497.1,0,0.0,4.0,3,0.75,0.75,0.002671832208937279
Flimsy-Shower-137,False,0.29203666720229554,0.17504879746487487,401.0,0,0.0,1.0,1,1.0,0.0,0.0024937655860349127
FlintSpace,False,2.9607223551805117,0.04666223746837202,2614.8,0,0.0,1.0,1,1.0,1.0,0.00038243842741318647
Fluffy-Fruit-8037,False,0.38716207735555247,0.3429447511268304,1178.1,0,0.0,1.0,1,1.0,1.0,0.000848824378236143
Fluffy-Magazine-2309,False,0.2821327701664024,0.39441527192157944,411.1,0,0.0,1.0,1,0.0,1.0,0.002432498175626368
Fluffy-Rent-3538,False,1.461665345582795,0.2331605425912676,1188.3,0,0.0,1.0,1,1.0,1.0,0.0008415383320710259
FluffySyntax,False,4.391394294691285,5.637309716938799,323.8,1,1.0,0.0,1,0.0,0.0,0.0
Fluffy_Leopard7822,False,1.0938357304796462,0.006427710634555508,1021.3,0,0.0,1.0,1,1.0,1.0,0.0009791442279447763
Fluffy_Quality_9421,False,5.962752707520858,3.6244688838434067,50.4,0,0.0,1.0,1,1.0,1.0,0.01984126984126984
Fluid-Election-8549,False,2.5028809252115067,0.060758120688567646,208.6,0,0.0,1.0,1,0.0,1.0,0.004793863854266539
Fluid_crystal,False,3.356606651188341,0.01803614687129615,1674.8,0,0.0,5.0,2,0.6,1.0,0.0029854310962502987
FlyingBike6000,False,3.01695835689185,0.005972505147750432,527.2,0,0.0,4.0,2,1.0,1.0,0.007587253414264036
FlyingDagger_HAL,False,0.7553526031654421,0.19880754620184588,1636.0,0,0.0,1.0,1,1.0,1.0,0.0006112469437652812
FlyingFairy111,False,2.5623050634642177,0.026557017471415714,1380.7,0,0.0,1.0,1,0.0,1.0,0.0007242702976750923
FlyingSpagetiMonsta,False,2.71383097871127,0.08593784622361601,4169.6,0,1.0,0.0,1,0.0,0.0,0.0
Foreign_Ambition8546,False,1.2039196961711662,1.0171126618289734,564.9,0,0.0,1.0,1,1.0,1.0,0.0017702248185519562
Foreign_Minute_4882,False,1.2477647907514697,0.001874414794350299,429.8,1,0.0,3.0,1,0.3333333333333333,1.0,0.006979990693345742
ForeverOne4756,False,2.0682503219802206,0.018324987601414874,1442.2,0,0.0,1.0,1,0.0,1.0,0.0006933851060879212
Formal-Use7560,False,0.8612014986942936,0.003174605840772633,461.2,0,0.0,1.0,1,0.0,1.0,0.002168256721595837
Formal_Anything4109,False,1.560290239953015,0.14425283455214602,1421.2,0,0.0,1.0,1,1.0,1.0,0.0007036307345904869
Formal_Television895,False,1.2655864915562605,0.01976593072180081,642.0,0,0.0,1.0,1,0.0,1.0,0.001557632398753894
Former-Collection-47,False,1.29029472063452,0.42290234155130496,438.9,0,0.0,1.0,1,0.0,1.0,0.00227842333105491
Former_Guarantee_794,True,1.456520144247226,0.0002755959780431111,1102.4,0,0.0,1.0,1,0.0,1.0,0.0009071117561683599
Forsaken_Life_5236,False,0.03144014316697522,0.015037877364540516,2066.4,0,0.0,1.0,1,0.0,1.0,0.00048393341076267905
Fortuna_majoris,False,3.2190834157764643,0.0574361318477183,1156.0,0,0.0,1.0,1,0.0,1.0,0.0008650519031141869
Forward-Ebb-3765,False,1.8867880481293962,0.11623144496496458,86.1,0,0.0,1.0,1,0.0,1.0,0.011614401858304297
Forward-Row4372,False,0.015055372305158502,0.09097177820572669,1450.3,0,0.0,1.0,1,0.0,1.0,0.000689512514652141
Forward-Studio8437,False,2.0418532925087574,1.3821227221738255,1997.8,0,0.0,1.0,1,1.0,1.0,0.0005005506056662329
Four_Ostrich_7060,False,0.1966336051298894,0.04427282367798813,1164.3,0,0.0,1.0,1,0.0,1.0,0.000858885167053165
Fragrant-Talk6338,False,2.2275052702504894,0.07694704543280902,1035.8,0,0.0,1.0,1,1.0,1.0,0.0009654373431164318
Fragrant-Theory-3961,False,0.014111240741362188,0.2876820724517809,211.1,0,0.0,1.0,1,0.0,1.0,0.0047370914258645196
FrancescoBernoulli,False,0.185349027155298,0.03121501934792448,2072.3,0,0.0,1.0,1,0.0,1.0,0.00048255561453457505
Freddie_Arsenic,False,3.028057366078161,0.36051457223967,656.1,0,0.0,1.0,1,0.0,1.0,0.0015241579027587258
FreddyMurkery,False,0.4280277008204553,0.6425641328763851,3425.5,0,0.0,1.0,1,1.0,1.0,0.00029192818566632606
Free-Biscotti-9194,False,0.8186704509202918,0.9525606577667483,1494.3,0,0.0,1.0,1,1.0,1.0,0.0006692096633875394
Free-Wind-3937,False,1.8992699682331988,0.27665121573889573,1528.6,0,0.0,2.0,1,0.5,1.0,0.0013083867591259977
FreeBirdYeah_666,False,3.019758263894491,0.012976204643748547,91.5,1,0.0,2.0,2,0.5,1.0,0.02185792349726776
Free_Bell_7650,False,2.6155449348890842,0.15938061712599652,516.7,0,0.0,2.0,1,0.5,1.0,0.0038707180181923742
Free_Study_1489,False,1.79244136492444,0.04286768224354834,366.5,0,0.0,1.0,1,0.0,1.0,0.002728512960436562
Free_Sundae_5476,False,0.19298790005902422,3.189353385601879,1249.6,0,0.0,1.0,1,0.0,1.0,0.0008002560819462229
FrequentWeakness6900,True,1.7221247030760098,0.5176515888363906,372.9,0,0.0,1.0,1,1.0,1.0,0.0026816840976133013
Frequent_Region2667,False,1.466082577012138,0.0635025599706067,906.9,0,1.0,0.0,1,0.0,0.0,0.0
Fresh-Pair-1294,False,1.4654483526519497,0.7329402291173874,1385.5,0,0.0,1.0,1,0.0,1.0,0.0007217610970768675
Fresh_Assistance5855,False,0.43249492567565073,0.478112426359688,776.2,0,0.0,1.0,1,0.0,1.0,0.0012883277505797474
Fresh_Librarian_2536,False,1.1636958216424118,0.10687595447787489,2132.4,0,0.0,1.0,1,1.0,1.0,0.0004689551678859501
Fresh_Piece_1616,False,4.161962096578069,0.03309675425470418,166.7,0,0.0,7.0,1,0.7142857142857143,1.0,0.04199160167966407
Fresh_Professional69,False,1.2634594618561126,0.000780335583881104,504.8,0,0.0,1.0,1,1.0,1.0,0.0019809825673534074
Frickin_Hell,False,0.45246630226957113,0.0035524016043678225,491.1,0,0.0,1.0,1,0.0,1.0,0.0020362451639177356
Friendly-Wait-1455,False,3.1448553511277293,1.5384884760498447,1072.5,0,1.0,1.0,1,0.0,1.0,0.0009324009324009324
Friendly_Resource854,False,1.6000057563678183,0.1364476172450675,2121.9,0,0.0,2.0,2,1.0,1.0,0.0009425514868749705
FrontSink9225,False,0.8063677120211786,0.0028694424279528258,280.7,1,0.0,1.0,1,1.0,1.0,0.0035625222657641614
Front_Reporter_5425,False,0.0072745228653226515,1.3862943611198906,410.9,0,1.0,0.0,1,0.0,0.0,0.0
FrostedEntropy05,False,1.1814246897720544,0.5816218173436855,543.6,0,0.0,1.0,1,0.0,1.0,0.001839587932303164
FrostedRosePetals,False,0.29313087468172166,0.2687061709927753,507.9,0,0.0,1.0,1,0.0,1.0,0.0019688915140775743
Frosty-Bandicoot3896,False,1.3084960411771287,0.14857963477780292,463.6,0,0.0,1.0,1,0.0,1.0,0.0021570319240724763
Frosty-Fox2540,False,2.5191078985442577,1.451298199512509,1317.8,0,1.0,3.0,2,0.0,1.0,0.002276521475185916
Frosty-Parfait-3610,False,0.4476191811427911,2.492232689880073,726.2,0,1.0,0.0,1,0.0,0.0,0.0
Frosty-Rope-4363,False,1.0690659415879844,0.07730256286266887,428.2,0,0.0,1.0,1,1.0,1.0,0.002335357309668379
Frosty-Sand8819,False,3.035919309061752,0.08097491971794296,311.3,0,0.0,1.0,1,1.0,1.0,0.0032123353678123997
Frosty-Tale-4599,False,1.3620870676363515,1.706073608619094,1689.2,0,0.0,1.0,1,0.0,1.0,0.0005919962112242482
Frosty-Tourist-470,False,1.1347843651141472,0.05695057844483282,401.8,0,0.0,1.0,1,0.0,1.0,0.0024888003982080635
FrostyCampaign4670,False,2.4315806422111685,0.12499887829733884,1486.0,0,0.0,4.0,1,0.5,1.0,0.0026917900403768506
Frosty_Feet001,False,2.784560385603109,0.7736344314726319,49.3,1,1.0,0.0,1,0.0,0.0,0.0
Frosty_Patient_2630,False,1.4073652360717461,1.138484679915487,298.2,0,1.0,0.0,1,0.0,0.0,0.0
Frosty_Seesaw_8956,False,3.368958431598849,0.0019807990306709203,882.8,0,0.0,1.0,1,1.0,1.0,0.001132759401903036
FuckMyNamesTaken,False,2.9786166529704103,1.3363417390020267,1175.9,0,0.0,1.0,1,0.0,1.0,0.0008504124500382685
FuckTheyreWatchingMe,False,2.311419378753467,0.2632978260725585,919.6,0,1.0,0.0,1,0.0,0.0,0.0
FuckYouAndroidUsers,False,0.9178154237018391,0.2196747436359093,1769.5,0,0.0,2.0,2,0.5,1.0,0.0011302627860977678
FudgeSouthern890,False,0.7643234590278403,1.1490431422950016,158.6,0,0.0,1.0,1,0.0,1.0,0.006305170239596469
Full-Peace-793,False,0.5913972671522894,1.7215552105548064,817.1,0,0.0,1.0,1,0.0,1.0,0.0012238404112103782
Full-World3090,False,4.211144494280765,1.4630788091130098,1442.1,0,1.0,0.0,1,0.0,0.0,0.0
Full-of-lies1001,False,1.0590046768653565,0.007237667300230528,441.2,0,0.0,1.0,1,0.0,1.0,0.0022665457842248413
Full_Midnight8122,False,2.3656219007769703,1.404949089596558,1620.2,0,0.0,1.0,1,1.0,1.0,0.0006172077521293668
Full_Nature_1091,True,0.761634341723843,0.011124960226654589,1424.1,0,0.0,1.0,1,1.0,1.0,0.0007021978793624044
Full_Pin_5771,False,1.105179987889906,0.09467276344363754,465.4,0,0.0,1.0,1,0.0,1.0,0.0021486892995272885
Full_Stress7370,False,2.5592496009121857,0.035621787057221375,1773.0,0,0.0,1.0,1,0.0,1.0,0.0005640157924421884
Fun-Estate-1046,False,0.1007562928969156,1.1741198411762548,509.4,0,1.0,0.0,1,0.0,0.0,0.0
Fun-Finance-839,False,1.1401808669903535,0.2387245175234497,980.1,0,0.0,2.0,2,0.5,1.0,0.002040608101214162
Fun-Idea-9074,False,2.0566298043939333,0.433925295072539,1013.7,0,0.0,1.0,1,1.0,1.0,0.0009864851533984414
Fun-Reflection5295,False,1.7132289690292084,0.2520343707166103,785.6,0,0.0,1.0,1,0.0,1.0,0.0012729124236252546
Fun-Tomatillo-1957,False,4.590826912104546,0.8974462686996912,596.1,1,1.0,0.0,1,0.0,0.0,0.0
FunBag3445,False,0.8336766113500828,0.030459207484708546,1919.7,0,0.0,2.0,2,0.5,1.0,0.0010418294525186226
FunInternational1590,False,2.068591163972431,0.20225422706779542,1005.4,0,0.0,1.0,1,1.0,1.0,0.0009946290033817386
FunMedia4460,False,1.090173420022245,0.0003376667261528172,1499.4,0,0.0,2.0,2,0.0,1.0,0.0013338668800853674
Fun_Beautiful_2234,False,4.373608244358847,1.1857829371640576,167.6,1,0.0,1.0,1,0.0,1.0,0.0059665871121718375
Fun_Condition2377,False,3.3794141878045454,0.05125036579925056,691.8,0,0.0,1.0,1,1.0,1.0,0.0014455044810638914
Fun_Criticism1861,False,0.5163159821241974,0.02774991295290236,2107.0,0,0.0,1.0,1,0.0,1.0,0.00047460844803037496
Fun_Steak_8671,False,1.8410615351235362,0.2768058323076421,155.0,0,0.0,1.0,1,1.0,1.0,0.0064516129032258064
Fun_Transition_4706,False,0.10291071731891112,0.007326040092072906,1254.7,0,0.0,1.0,1,0.0,1.0,0.0007970032677133976
FunctionSevere4604,False,1.9486746500384302,0.11399050461872032,743.1,0,0.0,1.0,1,1.0,1.0,0.0013457139012245996
Funny-Bit-4148,False,3.5523178142578384,0.06663410033952986,746.0,0,0.0,2.0,1,0.0,1.0,0.002680965147453083
Funny_incidents101,False,1.3011651724899802,1.7335070830658974,1708.2,0,1.0,0.0,1,0.0,0.0,0.0
Furious_Cinephile_04,False,4.202101260051103,1.673675573804767,656.3,0,0.0,2.0,1,0.0,1.0,0.0030473868657626088
Furrylover4206969,False,0.9392492226240223,0.0005092946379501327,1259.9,0,0.0,3.0,2,0.0,1.0,0.0023811413604254306
FurtiveMirth,False,0.46271488828607665,0.026526754333428628,1621.4,0,0.0,1.0,1,0.0,1.0,0.0006167509559639817
Future-Fortune3193,False,2.278939166743384,0.001063641298646764,321.8,0,0.0,1.0,1,1.0,1.0,0.0031075201988812924
Future-Sir8199,False,2.0425630862317483,1.7658736407797564,511.3,0,0.0,1.0,1,0.0,1.0,0.0019557989438685705
Future-Tangelo-5671,False,0.6476560774553763,0.022261193241468392,1295.2,0,0.0,1.0,1,1.0,1.0,0.0007720815318097591
FutureAccording7353,False,2.7263744654847804,0.059586732395378664,1374.2,0,0.0,4.0,3,0.25,1.0,0.0029107844564110028
FutureHealthy,False,3.237314755109943,0.18315053420574018,2130.9,0,0.0,1.0,1,1.0,1.0,0.0004692852785208128
FutureOwn8305,False,0.19055931402632284,1.168704665488478,1543.4,0,0.0,1.0,1,0.0,1.0,0.0006479201762342879
Future_Diary1,False,1.136416747991965,0.5936337349533055,1540.0,0,0.0,1.0,1,0.0,1.0,0.0006493506493506494
Future_Relative_8337,False,0.3214059214988805,0.4467304633095903,1857.2,0,1.0,0.0,1,0.0,0.0,0.0
Future_Sign_2846,False,3.29218722691678,0.006977188540814853,1299.3,0,0.0,2.0,2,0.5,1.0,0.0015392903871315324
Fuzzy_Art_3682,False,2.379482561805631,0.1967571469178364,378.7,0,0.0,2.0,2,1.0,1.0,0.0052812252442566675
Fxxxingawesome,False,2.8566026079887497,0.19262019715191137,677.1,0,0.0,1.0,1,1.0,1.0,0.001476886722788362
G1ORY401E,False,2.7310169500036423,0.784118958765672,525.7,0,1.0,0.0,1,0.0,0.0,0.0
GENx100,False,1.3604879881550422,0.0006379585543323294,540.7,1,0.0,3.0,1,0.6666666666666666,1.0,0.00554836323284631
GHOST1812,False,1.474491392934801,0.028680969358646623,1879.0,0,0.0,1.0,1,1.0,1.0,0.0005321979776476849
GODKiller1311,False,2.370169280304515,0.36050573809398967,1845.1,0,0.0,1.0,1,0.0,1.0,0.0005419760446588261
Gambare_Senpai_007,False,2.087096249667465,0.33395667223840947,888.2,0,0.0,1.0,1,1.0,1.0,0.001125872551227201
GambinoCrew,False,0.17124227650428528,0.003584233227815138,2987.5,0,0.0,1.0,1,1.0,0.0,0.00033472803347280337
Game3362,False,2.5426512142699944,0.11103944310849484,539.3,0,0.0,1.0,1,0.0,1.0,0.0018542555164101616
GamingGladi,False,2.9814331006678536,0.18758664418686455,2338.1,0,1.0,1.0,1,1.0,1.0,0.00042769770326333347
GamingWildman,False,2.0399286510154018,0.19390136665621654,2892.5,0,1.0,0.0,1,0.0,0.0,0.0
Ganesh0825,False,3.106050625772981,0.7163052696628386,1306.4,0,1.0,0.0,1,0.0,0.0,0.0
GanjaGlobal,True,3.415942795795897,0.897511444181157,1951.8,0,0.0,4.0,4,0.0,1.0,0.002049390306383851
GapAdministrative949,False,1.4002216488318466,0.025665699143814655,1278.1,0,0.0,1.0,1,0.0,1.0,0.0007824113919098662
GarimaSoul,False,1.730237181283119,0.17896410067332968,3715.0,0,0.0,1.0,1,1.0,1.0,0.00026917900403768504
Garuda_of_hope,False,1.8354356700565564,0.009976094616133796,2505.0,0,0.0,1.0,1,0.0,1.0,0.0003992015968063872
GaryVantage,False,4.121827812744704,0.12439872702160325,705.5,0,0.0,2.0,1,0.0,1.0,0.002834868887313962
Gautam_Anadi,False,1.328880402538475,0.02621495358991724,1266.2,0,0.0,1.0,1,1.0,1.0,0.00078976465013426
GenZee97,False,0.13347228922310467,1.2396908869280152,1057.5,0,1.0,0.0,1,0.0,0.0,0.0
General-Beautiful574,False,0.88308057239353,0.0003740415229694863,1884.6,0,0.0,1.0,1,0.0,1.0,0.0005306165764618487
General-Patience-891,False,0.23631723280586184,3.471401640335404,1324.2,0,1.0,0.0,1,0.0,0.0,0.0
GeneralAd827,False,1.5522562413507655,0.03473017860113339,1062.3,0,0.0,1.0,1,1.0,1.0,0.0009413536665725314
GeneralDumbtomics,False,4.052132436163558,0.061098661536610574,2006.6,0,0.0,1.0,1,1.0,1.0,0.0004983554270906011
General_Jalal,False,1.227288855349186,0.1388883403367257,1019.5,0,0.0,1.0,1,0.0,1.0,0.000980872976949485
Generalfieldmarshal,False,0.04058928632470324,0.13353139262452263,1134.6,0,0.0,1.0,1,0.0,1.0,0.0008813678829543453
Generalno1,False,1.4723908029338568,0.17678489410049628,4674.6,0,0.0,1.0,1,0.0,1.0,0.00021392204680614383
GenesisPCIndia,False,0.9864000737090852,1.1675137064991374,1857.2,0,3.0,0.0,1,0.0,0.0,0.0
Geralt_of_rivia_002,False,2.1469693047733607,0.5014699735951678,314.2,0,1.0,0.0,1,0.0,0.0,0.0
Ghastly_King,False,3.017379107232622,0.12152333175963749,1317.7,0,0.0,2.0,2,1.0,0.5,0.0015177961599757153
Ghazalsandjazz,False,2.4730782784015686,0.2574599921031995,440.1,0,0.0,1.0,1,1.0,1.0,0.0022722108611679163
Ghoul-154,False,3.0624342229463313,0.0004078765550190325,1082.9,0,0.0,1.0,1,1.0,1.0,0.000923446301597562
Ghumketu,False,4.1583337093535375,0.5410210388173994,196.3,0,0.0,1.0,1,0.0,1.0,0.005094243504839531
Ghusu_Manjar,False,3.159512332006897,0.08794764402786258,241.1,1,0.0,1.0,1,1.0,1.0,0.00414765657403567
GiantDefender427,False,3.002333967895969,3.094099753720847,1986.1,0,0.0,1.0,1,1.0,1.0,0.0005034993202759177
Giftmeclearskin,False,3.500559956631862,0.20231377226140906,3258.2,1,0.0,1.0,1,1.0,1.0,0.0003069179301454791
GiggleGuru404,False,1.874096453923409,0.6750892343268196,328.2,0,1.0,0.0,1,0.0,0.0,0.0
Gigo_3_,False,3.873983169801614,0.3333248086169163,673.0,0,1.0,2.0,2,0.5,1.0,0.0029717682020802376
Gimmeyourmoneybro,False,1.6776703737037313,0.2605566885912191,1815.5,0,1.0,1.0,2,0.0,1.0,0.000550812448361333
GiraffeOnTrampoline,False,0.2752541372601481,0.10697211955216783,2827.7,0,0.0,1.0,1,0.0,1.0,0.0003536443045584751
GiteshS9100,False,2.500688746199914,0.034147744832089745,926.2,0,0.0,2.0,2,0.0,1.0,0.0021593608291945584
Glad-Ad-9217,False,2.607279450244569,0.990438468621488,615.9,0,1.0,0.0,1,0.0,0.0,0.0
GladWriter1065,False,0.010917138995348526,0.6931471805599453,91.1,0,0.0,1.0,1,0.0,1.0,0.010976948408342482
GlamarousInGivenchy,False,2.769253176558401,0.2719134629343514,1445.2,0,1.0,0.0,1,0.0,0.0,0.0
Glass-Advantage3635,False,2.6127540268020484,3.48724210802069,476.0,0,1.0,0.0,1,0.0,0.0,0.0
GlassShirt9072,False,3.017295852218716,2.25618858492152,1780.0,0,2.0,0.0,1,0.0,0.0,0.0
Glass_Salad_404,False,3.4744789225742156,0.11555834063427231,1076.5,0,0.0,3.0,2,0.3333333333333333,1.0,0.002786809103576405
Glass_Sample9558,False,4.2578113182524255,1.7829876118293055,487.2,0,0.0,1.0,1,1.0,1.0,0.002052545155993432
Glittering-Award6875,False,1.192452317375354,0.23455886625777184,1870.9,0,0.0,2.0,2,1.0,1.0,0.001069004222566679
Glittering-Leg1896,False,0.39706155992096165,0.8393296907380268,1023.7,0,0.0,1.0,1,0.0,1.0,0.000976848686138517
Glittering-Stick-993,False,0.08448590641270697,1.236762627148927,340.3,1,0.0,1.0,1,0.0,1.0,0.0029385836027034967
Glittering-Water1103,False,3.5371752741134475,0.6557889725943417,412.5,0,2.0,5.0,3,0.4,1.0,0.012121212121212121
GlitteringKadiPatta,False,3.317227195868998,0.01874664356579859,273.4,0,0.0,1.0,1,0.0,1.0,0.00365764447695684
Glittering_Ask_6693,False,5.919763440420968,4.088090544254182,151.1,0,3.0,1.0,2,1.0,0.0,0.0066181336863004635
Glittering_Scratch98,False,1.5492009911793059,1.3202758929902811,1137.9,0,1.0,0.0,1,0.0,0.0,0.0
Global-Equipment-856,False,2.833271907209273,0.07877322811913376,1205.3,0,0.0,2.0,2,1.0,1.0,0.001659337924168257
Global_Common4453,False,3.9279094342592757,8.00603417874901,60.2,1,1.0,0.0,1,0.0,0.0,0.0
Gloomy-Equivalent81,False,3.1152038636275687,0.8692179159321557,1408.3,0,1.0,0.0,1,0.0,0.0,0.0
Gloomy_Confection712,False,1.8418986793506058,1.2619626653937914,359.8,0,1.0,0.0,1,0.0,0.0,0.0
Gloomy_Tangerine3123,False,4.16606047901533,0.19127616093359567,1877.2,0,0.0,11.0,4,0.09090909090909091,1.0,0.005859791178350735
Glum-Assumption8,False,0.7939440438028309,0.9377456668754145,1748.2,0,1.0,0.0,1,0.0,0.0,0.0
Glum-Sympathy8715,False,0.680622505482031,0.07323602885405654,1988.5,0,0.0,1.0,1,1.0,1.0,0.0005028916268544129
Glum_Cheesecake9859,False,4.163150888555185,0.0036220833396397663,620.7,0,0.0,1.0,1,1.0,1.0,0.0016110842597067826
Glum_Response_4269,False,0.9503588086966966,0.6215346303388254,1697.3,0,0.0,1.0,1,1.0,1.0,0.0005891710363518529
GoatKey5029,False,0.1942472428312958,0.6118015411059929,1096.1,0,1.0,0.0,1,0.0,0.0,0.0
GoatSavings,False,0.8023923567132542,0.0005403945011270024,1503.0,0,0.0,1.0,1,1.0,1.0,0.0006653359946773121
God-Eye18,False,0.1412310996476322,1.0375981829129635,1984.3,0,0.0,1.0,1,0.0,1.0,0.0005039560550320013
GodOfArk,False,4.3137453496943055,0.7803708023422528,2277.8,0,0.0,1.0,1,0.0,1.0,0.0004390201071209061
Godegaard,False,4.128706712413044,0.8800114528697891,393.6,0,0.0,1.0,1,0.0,1.0,0.002540650406504065
Godfather_Demon,False,0.9897953949004364,0.75092604063801,2074.9,0,0.0,1.0,1,0.0,1.0,0.00048195093739457324
Godfatherhere,False,1.4727659496876133,0.024542839774554164,2134.9,0,0.0,1.0,1,1.0,1.0,0.000468406014333224
GodzillaDaniel,False,1.260482389560813,1.6253112615903906,1004.7,0,0.0,1.0,1,0.0,1.0,0.0009953219866626853
Gohan_009,False,0.5072614652068187,0.7124403834946241,236.1,0,0.0,1.0,1,0.0,1.0,0.004235493434985176
GojoC80745,False,1.3861857540060178,0.17683734619467467,460.4,1,0.0,1.0,1,0.0,1.0,0.002172024326672459
Gold-Ad8389,False,0.4742224717924281,0.5614073679906271,688.9,0,1.0,0.0,1,0.0,0.0,0.0
Gold-Development7075,False,2.593787937657038,0.006808751559170204,1606.9,0,0.0,2.0,2,0.5,1.0,0.0012446325222478063
Gold-Square8477,False,1.4555340326215565,0.14845071969285326,1188.4,0,0.0,2.0,1,1.0,1.0,0.0016829350387075057
GoldInternational135,False,0.22590471275553778,1.3057554986358784,607.6,0,0.0,1.0,1,1.0,1.0,0.0016458196181698486
GoldSalt3059,False,2.482856988005346,0.06865098208724861,1351.2,0,0.0,5.0,3,0.2,1.0,0.003700414446417999
Gold_Cheesecake_265,False,1.774879020616277,3.4273885945251026,647.2,0,0.0,1.0,1,1.0,1.0,0.0015451174289245982
Gold_Dependent_934,False,1.8706627995069436,4.4557416724961625,391.8,0,1.0,1.0,1,0.0,1.0,0.002552322613578356
GoldenMoon_04,True,5.2354112409178954,2.9084482261318994,379.5,0,1.0,1.0,1,1.0,1.0,0.002635046113306983
Good-Guy-Angad,False,0.8129692000763343,0.2402993680502287,2014.2,0,1.0,0.0,1,0.0,0.0,0.0
Good-Philosopher5775,False,0.9827676972638476,0.5931619104266265,869.7,0,0.0,1.0,1,0.0,1.0,0.0011498217776244682
Good-Revolution-9742,False,1.6703299225418875,0.2297977057668833,602.7,0,0.0,1.0,1,1.0,1.0,0.0016592002654720424
GossipAddict09,False,0.6548993976390802,0.0011634672632980455,928.7,0,0.0,1.0,1,0.0,1.0,0.001076773985140519
Gothamgempir,False,2.7941891864170985,0.47715313672877036,395.0,0,0.0,1.0,1,1.0,1.0,0.002531645569620253
GovMajor,False,1.3265735293579048,0.05349168168604336,2649.1,0,0.0,1.0,1,1.0,1.0,0.0003774866935940508
GracieMelania,False,0.06740612131124367,0.0037950709685516124,3771.7,0,0.0,1.0,1,0.0,1.0,0.0002651324336506085
Grand-Neighborhood94,False,1.8797969941422024,0.03548619854306918,1906.1,0,0.0,2.0,2,1.0,1.0,0.0010492628928177956
Grand-Stick5256,False,0.993457633535088,0.0012906003082005925,1367.2,0,0.0,1.0,1,1.0,1.0,0.0007314218841427735
Grand_Damage1947,False,3.873002370602395,0.3367646770385625,1220.2,0,0.0,1.0,1,1.0,1.0,0.0008195377806916899
Grand_Hold9039,False,0.3444683627765695,2.5070181033954313,1220.7,0,0.0,1.0,1,0.0,1.0,0.0008192020971573687
Graphical27,False,1.9706398585556593,1.6632106479479962,244.2,0,2.0,0.0,2,0.0,0.0,0.0
GrayRainfall,False,3.895649173981919,4.554643697465838,487.3,0,4.0,0.0,1,0.0,0.0,0.0
GraySuitGhost,False,1.6209762138148347,0.209782375813407,265.4,1,0.0,1.0,1,0.0,1.0,0.0037678975131876418
Great-Divider,False,0.42762873418985703,0.6254011920275572,800.2,0,0.0,1.0,1,0.0,1.0,0.0012496875781054736
Great-Listen2703,False,2.3364646603665187,0.8668182783350895,485.2,0,1.0,0.0,1,0.0,0.0,0.0
Great_Bed_6334,False,0.6763366165875887,0.16400297627026994,983.8,0,0.0,1.0,1,0.0,1.0,0.0010164667615368977
Great_Dimension_9866,True,1.4794405439727554,0.005830920310793199,1673.8,0,0.0,1.0,1,1.0,1.0,0.000597442944198829
Great_Friendship1667,False,0.3959412265969089,0.006079046076382187,337.6,0,0.0,1.0,1,0.0,1.0,0.002962085308056872
Great_Percentage_587,False,3.8454799196017695,0.7313709319634358,782.2,0,0.0,1.0,1,0.0,1.0,0.0012784454103809766
GreedyCalligrapher75,False,0.19669980294910955,0.024557850781664083,1702.1,0,0.0,1.0,1,1.0,1.0,0.0005875095470301392
GreedyNerve5332,False,0.5121371446276923,0.1630754547707966,1737.3,0,0.0,1.0,1,0.0,1.0,0.0005756058251309503
Greedy_Somewhere_527,False,0.864541215331888,0.10698451704043686,946.2,0,0.0,1.0,1,1.0,1.0,0.001056859015007398
Green-Championship18,False,0.00911647267586875,4.356708826689592,1419.5,0,1.0,0.0,1,0.0,0.0,0.0
GreenAuroraa,False,5.556439457512295,0.7749227582747727,79.5,0,1.0,1.0,2,1.0,1.0,0.012578616352201259
GreenExplorer8648,False,1.3053938985260047,0.019894836073682396,886.9,0,0.0,1.0,1,0.0,1.0,0.0011275228323373548
Green_Broccoli_4933,False,2.8563028917006097,0.5415894689865848,975.6,0,1.0,0.0,1,0.0,0.0,0.0
Green_Site2467,False,2.596047546627669,1.172707689716517,1972.1,0,0.0,1.0,1,1.0,1.0,0.0005070736778053852
Grouchy-Cycle-6697,False,2.8303692500939315,0.08804572752645295,683.5,0,0.0,2.0,1,1.0,1.0,0.002926115581565472
Grouchy-Signature139,False,2.5179030942928655,0.29074201152545676,2076.2,0,0.0,1.0,1,1.0,1.0,0.00048164916674694157
Groundbreaking-Arm29,False,0.6679073787381818,0.24040141336537224,2136.5,0,0.0,2.0,1,1.0,1.0,0.000936110461034402
GrowFinance,False,0.9037480809684473,0.19502324196907614,840.8,0,0.0,1.0,1,1.0,1.0,0.0011893434823977164
GrowthHuge8535,False,1.7460347771329177,0.5002992107790032,199.5,1,0.0,1.0,1,1.0,1.0,0.005012531328320802
Guac_burrito_21,False,0.5368877740434697,0.3686266967591733,692.3,1,0.0,1.0,1,1.0,1.0,0.0014444604940054891
GuaranteeExpensive21,False,0.7499303187630937,0.48125894747769804,1103.1,0,1.0,0.0,1,0.0,0.0,0.0
Guaranteed_username,False,2.782009211213133,0.9441227267977721,2420.1,0,0.0,1.0,1,0.0,1.0,0.0004132060658650469
Guilty-Somewhere7158,False,3.5834216385290083,0.055981693928215365,571.0,0,0.0,1.0,1,0.0,1.0,0.0017513134851138354
Guilty_Passenger_699,False,2.0333474900425674,0.12767314505615465,1922.4,0,0.0,1.0,1,0.0,1.0,0.0005201831044527673
Guilty_cat2611,False,4.466962549487234,2.7656773710104257,405.3,0,3.0,0.0,1,0.0,0.0,0.0
GuitarZealousideal71,False,2.9379124211399343,0.1304181923528531,1268.6,0,0.0,1.0,1,1.0,1.0,0.0007882705344474224
GujjubhaiPatel707,False,0.06619777183878343,0.05715841383994861,248.4,0,0.0,1.0,1,0.0,1.0,0.004025764895330112
Gullible-Company2301,False,2.9664275544827348,0.16799681648787645,1822.4,0,0.0,1.0,1,1.0,1.0,0.0005487269534679544
Gullible_Act4524,False,5.12489960148022,0.4305602981040015,49.6,0,0.0,2.0,1,0.5,1.0,0.04032258064516129
Gullible_Salt_6172,False,1.1024073596366613,0.4322737983525705,1052.0,0,0.0,1.0,1,0.0,1.0,0.0009505703422053232
Gullible_Walrus_8982,False,1.154485832556971,1.4520528409301774,628.8,0,1.0,0.0,1,0.0,0.0,0.0
Gumnamhaikoii,False,0.48589495609171335,0.002296212260350226,695.3,0,0.0,2.0,2,0.0,1.0,0.0028764562059542644
Gunner0716,False,2.680675052585765,0.05838769862792426,2254.0,0,0.0,2.0,1,0.0,1.0,0.0008873114463176575
Guren_Jasiha,True,2.257079639394139,0.19296743417884354,350.9,0,0.0,1.0,1,0.0,1.0,0.0028498147620404676
Gurjoe,False,1.0025128991260015,3.3623575483458916,350.7,1,1.0,0.0,1,0.0,0.0,0.0
Gyamerz,True,3.830690157705619,0.04483141329673028,10.6,0,0.0,1.0,1,0.0,1.0,0.09433962264150944
Gyan-Chodu-Baba-GCB,False,3.3688899149257545,0.003583519662037752,358.8,0,0.0,3.0,1,0.6666666666666666,1.0,0.008361204013377926
HYPERFIBRE,False,0.9346093123978397,0.040878570006112204,952.0,0,0.0,1.0,1,0.0,1.0,0.0010504201680672268
Haarrruuu,True,0.9228321748890143,1.3646258322618927,2678.7,0,1.0,0.0,1,0.0,0.0,0.0
Hagar_Ak,False,1.7576205794064346,0.25138427043766026,2557.4,0,0.0,1.0,1,0.0,1.0,0.00039102213185266283
HaggisPope,False,4.855622349596945,0.008648435422060998,1339.3,0,0.0,1.0,1,0.0,1.0,0.0007466587023071754
Haise_1927,False,2.8768539335864673,0.7046907323868606,883.8,0,0.0,1.0,1,1.0,1.0,0.0011314777098891152
HakiXDreamXDesire,False,0.02287681465375464,0.13353139262452263,302.5,0,0.0,1.0,1,0.0,1.0,0.003305785123966942
HakunaMatata603,False,3.2268806136402204,0.504204036307521,476.8,0,0.0,1.0,1,0.0,1.0,0.0020973154362416107
HaleemKiBehenNihari,False,2.6292851347789044,0.04080597516887833,808.7,0,0.0,1.0,1,0.0,1.0,0.0012365524916532705
HalfAdministrative70,False,0.4674307150611398,0.9825759783466679,1921.5,0,0.0,1.0,1,1.0,1.0,0.0005204267499349467
HalfMadHalfGenius,False,2.326172232435458,2.001525717282411,2841.1,0,0.0,1.0,1,1.0,1.0,0.0003519763471894689
Half_Blood_Princess2,False,2.2968670215530884,1.3376034447108975,912.0,0,0.0,1.0,1,0.0,1.0,0.0010964912280701754
Halfistani1,False,2.0847834031352637,5.612459661919447e-05,2529.8,0,0.0,1.0,1,0.0,1.0,0.00039528816507233773
Hanging_out07,False,1.1397231991364711,2.036702248884849,872.1,1,0.0,1.0,1,1.0,1.0,0.0011466574934067195
HappuHeisenberg,False,1.3878116799857108,0.5479293739693678,1004.3,0,0.0,1.0,1,1.0,1.0,0.0009957184108334164
HappyTonight8640,False,3.7737026464230135,0.0019249284095844005,12.2,0,0.0,1.0,1,0.0,1.0,0.0819672131147541
HardTune272,False,4.789160820937523,0.622876698698948,2190.0,0,0.0,1.0,1,0.0,1.0,0.00045662100456621003
HareKrishnaHareRam2,False,0.7029144574881242,0.3784364357202451,1574.1,0,1.0,0.0,1,0.0,0.0,0.0
Hareesh936,False,2.1476263229190176,0.1373570024614213,573.6,0,0.0,2.0,2,0.5,1.0,0.003486750348675035
Harry_Singh1,False,3.1850550751697524,0.0017603701322335193,392.6,0,0.0,1.0,1,1.0,1.0,0.0025471217524197657
Harry_lewiesssss,False,1.815642736926199,0.01748296278034749,224.1,0,0.0,1.0,1,0.0,1.0,0.004462293618920125
HateSpaceBar,False,2.3020253840280884,0.013348084171949753,3127.5,0,0.0,1.0,1,1.0,1.0,0.000319744204636291
Haunting-Bell-4379,False,4.772115660848188,0.9141392210895792,136.7,0,0.0,1.0,1,0.0,1.0,0.00731528895391368
Haunting_Beach1201,False,0.41332575801950466,2.39044644878538,1043.3,0,1.0,0.0,1,0.0,0.0,0.0
Haunting_Toe536,False,0.5517515328777411,0.726457159441478,1739.8,0,1.0,0.0,1,0.0,0.0,0.0
HawkEntire5517,False,2.753033129007431,0.004195276938843686,1073.1,0,0.0,1.0,1,0.0,1.0,0.0009318796011555308
HeHaySportzinmyasssz,False,3.0549571400990114,0.3549890767229206,376.8,0,0.0,1.0,1,1.0,1.0,0.002653927813163482
HeWantedIndigo,False,0.826379810332048,0.6852907989607423,2761.8,0,0.0,1.0,1,0.0,1.0,0.00036208269968860887
HeWhoDidIt,False,2.6367148731914294,0.060183312401552544,2707.9,0,0.0,1.0,1,0.0,1.0,0.00036928985560766644
Head-Ice6889,True,1.4322447948867578,0.012213892293937977,413.1,0,0.0,1.0,1,0.0,1.0,0.002420721374969741
Head-Independence760,False,0.6541970057796731,2.0229087143476217,1153.1,0,1.0,0.0,1,0.0,0.0,0.0
Head_Consequence_870,True,1.4450815989835044,3.380143972464323,362.1,0,1.0,0.0,1,0.0,0.0,0.0
Head_Text_3815,False,0.491996615613083,2.129313371720009,289.5,0,0.0,1.0,1,1.0,1.0,0.0034542314335060447
Healthy-Inspection20,False,2.3375973317747767,0.3916819595367784,1151.2,0,0.0,1.0,1,1.0,0.0,0.0008686587908269632
Healthy-Lettuce3134,False,0.18585378643952055,1.6495323696359785,1116.3,0,0.0,1.0,1,1.0,1.0,0.0008958165367732689
Healthy-Mud-,False,2.8581108956779433,0.6202327354198122,247.8,0,1.0,1.0,1,1.0,1.0,0.004035512510088781
Healthy-Project-4613,False,2.0052277841222854,0.20521671464266525,636.3,0,0.0,1.0,1,1.0,1.0,0.0015715857300015717
HealthyIndianLife,False,1.941769356389282,1.8412395264914247,48.4,0,0.0,1.0,1,0.0,1.0,0.02066115702479339
Healthy_Pause4333,False,0.6140124507721183,0.015666116744399407,454.1,0,0.0,1.0,1,0.0,1.0,0.0022021581149526534
Heavy-Chest7721,False,1.3533626330869366,0.016010069398739217,1732.5,0,0.0,1.0,1,0.0,1.0,0.0005772005772005772
HeavyDrinker123,False,5.8881215702560015,0.08316870868201694,40.3,0,0.0,1.0,1,1.0,1.0,0.02481389578163772
Heera-Thakur-Bus,False,2.0834964071044593,3.343133580707394,261.5,0,4.0,0.0,1,0.0,0.0,0.0
Hefty-Being-8522,False,4.963559120466626,1.6434152291887802,1860.9,0,1.0,4.0,3,0.25,1.0,0.002149497554946531
Hefty-Car1872,False,2.1192630358665077,0.5046423474605318,1680.0,0,0.0,1.0,1,1.0,1.0,0.0005952380952380953
Hefty-Conference-791,False,4.164526386535618,0.0005652010981770342,1536.2,0,0.0,12.0,4,0.5,1.0,0.007811482879833354
Hefty-Individual6198,True,1.258846885704578,1.2071445645523422,959.8,0,1.0,0.0,1,0.0,0.0,0.0
Hefty-Shoe4841,False,4.750351037116933,0.009016897216014449,373.2,0,0.0,2.0,1,0.5,1.0,0.0053590568060021436
Hefty-Winner605,False,0.3496855805588819,0.13783247452391326,554.2,0,0.0,1.0,1,0.0,1.0,0.0018044027426921687
Hegde137,False,2.1245583263690175,0.08563154457610274,2769.5,0,0.0,1.0,1,0.0,1.0,0.0003610760064993681
HeightLarge1458,False,2.375113168468842,2.84908263024463,201.8,0,1.0,0.0,1,0.0,0.0,0.0
HeistOP1,False,2.1446713257233814,0.14547826225371543,2070.9,0,0.0,1.0,1,0.0,1.0,0.0004828818388140422
Helixdust,False,4.856563441934787,0.8546172846995624,386.2,0,0.0,1.0,1,1.0,1.0,0.002589331952356292
Hell_holder11,False,4.390784189703189,0.9413865930789621,1643.5,0,8.0,0.0,1,0.0,0.0,0.0
HelloHubei,False,2.312623039390267,2.3886072803319,282.5,0,0.0,1.0,1,1.0,1.0,0.0035398230088495575
Hello_there56789,False,2.946893520011962,0.004207960600365853,818.1,1,0.0,1.0,1,0.0,1.0,0.001222344456667889
HelpfulPace3368,False,1.8163516111961426,0.19846822465913744,1917.9,0,0.0,1.0,1,1.0,1.0,0.0005214036185411127
HelpfulWorldliness40,False,1.7204774832535197,0.013915468061974582,2082.1,0,0.0,1.0,1,0.0,1.0,0.00048028432832236684
HemRat-2208,False,2.579269411236285,0.02076495459137562,387.2,0,0.0,1.0,1,1.0,1.0,0.0025826446280991736
Heniekoriginal,False,0.15236851471096682,2.005333569526114,625.8,0,0.0,1.0,1,1.0,0.0,0.0015979546180888463
Henry_rearden_55,False,1.5129761206981798,0.3114320676856068,1327.6,0,0.0,1.0,1,1.0,1.0,0.0007532389273877674
HerCacklingStump,False,4.086539211175663,0.026213896712542765,2689.4,0,1.0,0.0,1,0.0,0.0,0.0
HereForTheMemes1364,False,0.4830400424574552,0.7230001437096264,655.4,0,0.0,1.0,1,0.0,1.0,0.0015257857796765334
Here_for_cats2023,False,0.6427449571763265,0.04708967889168211,1204.4,0,0.0,1.0,1,1.0,1.0,0.0008302889405513118
HeresyLight,False,2.935315928067638,0.047258252008217705,2359.9,0,0.0,1.0,1,1.0,1.0,0.00042374676893088686
Heretonailyouu,False,2.6128206985660563,0.5369764180541724,760.2,1,1.0,0.0,1,0.0,0.0,0.0
Hernodous,False,1.8932333159748618,0.47561641366677887,1399.8,0,0.0,1.0,1,0.0,1.0,0.0007143877696813831
HexRanger,False,2.7355404536437264,0.01949254879320956,219.1,0,0.0,1.0,1,1.0,1.0,0.004564125969876769
HexadecimalCowboy,False,2.4475228275137693,1.1272292853076913,3209.0,0,1.0,0.0,1,0.0,0.0,0.0
HeyRoh2003,False,0.6966953806160426,0.17185025692665923,168.8,0,0.0,1.0,1,0.0,1.0,0.005924170616113744
HiBuddySam,False,1.7239811872520459,0.0006205398895992218,349.7,0,0.0,1.0,1,1.0,1.0,0.0028595939376608523
HiddenGamer666,False,1.861780390882596,0.1303360376907728,1896.9,0,1.0,0.0,1,0.0,0.0,0.0
His_Walrusness,False,1.1413159913134843,0.9002112264998069,375.9,0,0.0,1.0,1,1.0,1.0,0.002660281989890929
Historical-Sorbet-36,False,1.5605762815261721,0.30956608683238684,1805.1,0,0.0,1.0,1,1.0,1.0,0.0005539859287574096
Historical_Pookie537,False,1.1733169788902589,0.3271201310509326,466.7,0,0.0,1.0,1,1.0,1.0,0.002142704092564817
Historical_Sun451,False,1.4665402151244904,0.21239054776885968,1893.1,0,0.0,2.0,1,0.0,1.0,0.0010564682267180815
Ho-ho-hosey,False,2.408569052752398,0.07310327385399132,1973.9,0,0.0,4.0,3,0.25,1.0,0.0020264451086681188
HoC_97,False,1.4854725537227143,1.1966969322968846,453.9,0,1.0,0.0,1,0.0,0.0,0.0
HoManFuk,False,1.985748948842032,0.0004222081548891607,376.8,0,0.0,1.0,1,1.0,1.0,0.002653927813163482
Hol06969,False,0.9268692301121378,0.019418085857101582,408.1,0,0.0,1.0,1,1.0,1.0,0.0024503798088703747
Holiday-Act-1975,False,1.8470488397526432,0.004469281182297072,335.7,0,0.0,1.0,1,1.0,0.0,0.002978850163836759
Holiday-Board775,False,0.1019132852340587,0.532978428407124,1976.0,0,0.0,1.0,1,0.0,1.0,0.0005060728744939271
Holiday-Ice3914,False,0.18280789031450606,0.0030911925696728445,1610.3,0,0.0,2.0,1,0.0,1.0,0.0012420045954170031
Holiday_Context5033,False,2.9266141688199534,0.00968015430663277,2139.0,0,0.0,1.0,1,1.0,1.0,0.0004675081813931744
Holiday_Passenger_38,False,1.4117969822551888,0.009454472631017974,1643.4,0,0.0,3.0,2,0.6666666666666666,1.0,0.0018254837531945965
Holiday_Sprinkles734,False,2.527057066700339,0.048082310901447246,331.0,0,0.0,1.0,1,1.0,1.0,0.0030211480362537764
Holiday_Standard8250,False,0.16998035440086648,0.005602255548669849,960.7,0,0.0,1.0,1,1.0,1.0,0.0010409076714895389
HomeZealousideal9834,False,1.0948909026081852,0.003656311203110492,412.8,0,0.0,1.0,1,0.0,1.0,0.0024224806201550387
Homes-By-Nia,False,3.072341120925727,0.0004144096202337829,820.4,0,0.0,1.0,1,1.0,1.0,0.0012189176011701609
Homie_bearrr,False,0.13128660513313628,0.3043213914557456,1432.7,0,0.0,1.0,1,0.0,1.0,0.0006979828296223913
Honda-Activa-125,False,3.189454223768807,0.001898895969239566,928.5,1,0.0,3.0,3,0.0,1.0,0.0032310177705977385
Hondafreak420,False,4.031511860273912,0.8145896150923683,257.2,0,0.0,1.0,1,1.0,0.0,0.0038880248833592537
Honest-Bad-1557,False,0.37741477842628646,0.059860387923678926,711.0,0,0.0,1.0,1,0.0,1.0,0.0014064697609001407
Honest-Reindeer2353,False,1.8707658525874082,2.385966701933097,363.9,0,1.0,0.0,1,0.0,0.0,0.0
HonestDeparture5778,False,0.6348067926859821,0.003838776307165681,587.6,0,0.0,1.0,1,0.0,1.0,0.0017018379850238256
HoneyWrong7198,False,1.3681390122513362,3.600931810086074,850.4,0,1.0,0.0,1,0.0,0.0,0.0
Honey_monk3,False,0.8920570598590355,0.006230549750636074,111.1,0,0.0,1.0,1,0.0,1.0,0.009000900090009001
Hopeful-Bus4034,False,2.569353130784492,0.003913203143741975,467.1,1,0.0,3.0,2,0.6666666666666666,1.0,0.006422607578676943
Hopeful-Repair-1346,False,0.5045795072690378,3.7041469262447246,803.0,0,1.0,0.0,1,0.0,0.0,0.0
Hopeful_Ad1496,False,4.877167026021381,0.05396370448652943,642.7,0,0.0,4.0,2,0.75,1.0,0.006223743581764431
Hopeless_Ninja,False,1.724058160238527,3.128677556950052,793.1,0,2.0,0.0,1,0.0,0.0,0.0
Horizon_26,False,3.2543255211688704,0.4910641180541552,2099.9,0,0.0,2.0,1,1.0,1.0,0.0009524263060145721
Hornymous,False,2.810463402337516,0.24889855135093122,3335.4,0,0.0,2.0,2,0.0,1.0,0.0005996282304970917
Horror-Bid-1208,False,0.47734590784906206,0.44508953543729635,1618.2,0,0.0,1.0,1,1.0,1.0,0.000617970584600173
HospitalLegitimate,False,0.2502972355400577,0.30774963550259016,2120.2,0,0.0,1.0,1,1.0,1.0,0.0004716536175832469
HostAffectionate8533,False,2.479058074141146,1.6805981050104837,2097.8,0,0.0,1.0,1,1.0,1.0,0.0004766898655734579
Hot-Explanation-1761,False,1.3242462672263187,2.123335735237061,708.5,0,1.0,0.0,1,0.0,0.0,0.0
Hot-Lawfulness-5192,True,0.9779971922120078,0.47818177568962794,132.6,0,0.0,1.0,1,0.0,1.0,0.007541478129713424
Hot-Temperature3956,False,1.0313000411460314,1.399879475710197,1477.8,0,3.0,0.0,1,0.0,0.0,0.0
HotEngineering505,False,3.1838877230231803,3.215141789393035,1467.0,0,0.0,1.0,1,1.0,1.0,0.0006816632583503749
HotFrost-,False,1.0711544877633605,0.965080896043587,1794.4,0,0.0,1.0,1,0.0,1.0,0.0005572893446277307
HotJoker0876,False,1.0252448528311418,0.008845266514966362,571.1,0,0.0,1.0,1,1.0,1.0,0.0017510068289266327
Hot_Broccoli3501,False,2.624264857478203,0.07224678511005891,1084.3,0,0.0,1.0,1,1.0,1.0,0.0009222539887485014
Hot_Disk9993,False,1.522321526094503,0.2947287337347412,450.2,0,0.0,1.0,1,1.0,1.0,0.002221235006663705
Hot_Sort4607,False,2.2575397573059117,1.637773384907711,1622.4,0,0.0,1.0,1,1.0,1.0,0.000616370808678501
Hot_Strike_5647,False,1.0148166133627172,0.1507186090107809,1267.3,0,0.0,1.0,1,0.0,1.0,0.0007890791446382073
Hot_Waltz3619,False,2.655712625667121,0.19013803028298876,1581.7,0,0.0,1.0,1,0.0,1.0,0.0006322311437061389
Hotwheelsenjoyer,False,0.24768017239348714,1.2738163776932003,594.2,1,0.0,1.0,1,1.0,1.0,0.0016829350387075057
Hour-Understanding-8,False,1.5274978683005374,0.012977638823196174,2085.6,0,0.0,1.0,1,1.0,1.0,0.0004794783275795934
Hour_Ad9988,False,0.9846157020642293,4.7059200890882344,659.0,1,1.0,0.0,1,0.0,0.0,0.0
Hour_Discussion2516,False,0.0875477743882594,0.07410797215372188,295.1,0,0.0,1.0,1,0.0,1.0,0.0033886818027787187
Hour_Interview_5341,False,0.1314927938170126,0.31164635289050957,1295.1,0,0.0,1.0,1,1.0,0.0,0.0007721411474017451
HrishikeshS123_,False,2.3946215103493564,2.849534571694874,2113.9,0,1.0,0.0,1,0.0,0.0,0.0
Hrit33,False,3.9583154486865397,0.04984723998887262,2905.7,0,0.0,1.0,1,1.0,1.0,0.0003441511511856007
Hrithik_Ki_Patni,False,5.906789650896813,0.8146975009098545,494.3,0,3.0,1.0,2,0.0,1.0,0.0020230629172567267
Htrap13,False,0.1689715899379275,0.021245108613736186,1803.5,0,0.0,1.0,1,1.0,0.0,0.0005544774050457444
Huge-Junket69,False,0.8181529674033162,0.1556966734358767,1532.8,0,0.0,1.0,1,1.0,1.0,0.0006524008350730689
Huge_Flatworm_5062,False,1.4525110535675043,0.00239904153446616,1529.4,0,0.0,1.0,1,1.0,1.0,0.000653851183470642
Huge_Path4806,False,1.4118505603052687,0.10341309537343073,367.0,0,0.0,1.0,1,0.0,1.0,0.0027247956403269754
Human-Calendar-8459,False,3.394209013540794,1.047380120843126,85.2,0,1.0,0.0,1,0.0,0.0,0.0
Human-Witness-9154,False,4.713671141333665,0.2639682604558227,277.9,0,0.0,1.0,1,0.0,1.0,0.003598416696653473
HumanCelebration5241,False,2.137573868640243,0.008368249670516609,224.5,0,0.0,1.0,1,0.0,1.0,0.004454342984409799
Human_Broccoli_9522,True,1.1189562833708273,3.420649807588971,830.4,0,1.0,0.0,1,0.0,0.0,0.0
Human_Chip_6035,False,2.1847047360541456,0.6566595711788374,603.7,0,0.0,1.0,1,0.0,1.0,0.0016564518800728837
Human_History01,False,1.9311667352582307,0.9408137851971008,437.3,0,1.0,0.0,1,0.0,0.0,0.0
HumbleBrilliant6915,False,0.36823007474479463,0.216223108469636,2100.3,0,0.0,1.0,1,1.0,1.0,0.00047612245869637666
HumbleOrder8785,False,4.042656391351717,0.03736360919896064,71.1,0,0.0,1.0,1,1.0,1.0,0.014064697609001408
HumbleSandwich5467,True,2.210924960074267,0.1549857529446798,294.8,1,0.0,1.0,1,1.0,1.0,0.0033921302578018993
HumbleSprinkles6423,False,2.157698011646899,0.049685807001442026,1321.1,0,0.0,1.0,1,0.0,1.0,0.0007569449701006737
Humble_Bedroom_3446,False,2.0999001217709363,0.01092907053219027,12.7,0,0.0,1.0,1,1.0,1.0,0.07874015748031496
Humung-o-saur,False,2.6573871565535097,0.43165783300120125,484.2,0,1.0,0.0,1,0.0,0.0,0.0
Hungry4Seva2222,False,2.738265736757844,0.11704731955074454,587.2,0,0.0,1.0,1,1.0,1.0,0.0017029972752043594
HungryMuffin7645,False,0.1956039009013685,0.006349227678658746,726.7,0,0.0,1.0,1,1.0,1.0,0.0013760836658868857
Hungry_Particular566,False,2.7097803053399927,0.0030816665374081005,23.1,0,0.0,1.0,1,1.0,1.0,0.04329004329004329
Hungry_for_wisdom,False,0.8910352133695761,0.22192929229658892,3004.9,0,0.0,1.0,1,0.0,1.0,0.0003327897766980598
HuntLust4525,False,0.47721408787261244,0.5364610608588251,1010.5,0,0.0,1.0,1,0.0,1.0,0.0009896091044037606
HunterNo7593,False,1.3006783502730157,0.0005042864453817791,1484.4,0,0.0,1.0,1,0.0,1.0,0.0006736728644570196
Hunter_Prash,False,0.1684255620169678,0.1946420411819952,795.9,0,0.0,1.0,1,1.0,1.0,0.0012564392511622063
Hunterrr_lmao,False,0.9572643016136725,0.5675409014609357,1736.3,0,0.0,1.0,1,0.0,1.0,0.0005759373380176237
HuntingNumbers,False,0.5629743821226455,2.1340147078129155,870.5,0,1.0,0.0,1,0.0,0.0,0.0
HybridLighting,False,3.3338645248903176,0.3109917668648652,2519.4,0,0.0,1.0,1,0.0,1.0,0.0003969199015638644
HyenaRevolutionary98,False,1.283250087288091,1.9216991480462144,1126.0,0,1.0,0.0,1,0.0,0.0,0.0
HyperCrowx,False,0.05111845392902314,1.8718021769015913,228.8,0,1.0,0.0,1,0.0,0.0,0.0
IASBanungaMain,False,0.7002534086482409,0.614602151764528,252.4,0,0.0,1.0,1,0.0,1.0,0.003961965134706815
IAmAllThis,True,0.5791117655736175,0.007552905995930731,1692.9,0,0.0,2.0,1,0.5,1.0,0.00118140469017662
IDK_wt_is_my_passion,False,0.15202327091710555,0.8406311690290142,1815.0,0,1.0,0.0,1,0.0,0.0,0.0
IDkwhyImhere_34718,False,3.125349997470031,0.19884140380235737,1360.4,0,1.0,3.0,3,0.6666666666666666,1.0,0.002205233754778006
IDoButtStuffs,False,1.457495957966398,0.1059337778850593,2412.0,0,0.0,2.0,2,0.5,0.5,0.0008291873963515755
IFKhan,False,2.715507066477395,0.0694028701949925,2691.7,0,0.0,1.0,1,0.0,1.0,0.0003715124270906862
ILoveMon3y,False,1.3548229962319127,0.0570677807678786,2256.2,0,0.0,1.0,1,1.0,1.0,0.00044322311851786194
IMAGINE_PHOENIX16,False,0.8169208203534858,1.797661870018751,1747.5,1,0.0,1.0,1,0.0,1.0,0.0005722460658082976
INFPamigo,False,3.9960791301567546,0.03075843683751342,1948.0,0,0.0,5.0,2,0.6,1.0,0.002566735112936345
IREDA1000,True,4.997128382746125,1.258696904160884,886.0,0,12.0,3.0,2,1.0,1.0,0.003386004514672686
IRT_the_Hulk,False,1.1896643123305706,0.6963578379347853,3684.2,0,0.0,1.0,1,1.0,1.0,0.0002714293469409913
IStakurn,False,1.4707608760521693,0.019741961795620173,1769.7,0,0.0,1.0,1,0.0,1.0,0.0005650675255693056
IWantMoneyyyyyy,False,1.5555913465723616,0.5114385566690292,1455.1,0,0.0,1.0,1,0.0,1.0,0.0006872379905161158
I_CANNOT_THINK_OF_IT,False,1.0241358007296346,0.43271652932784904,1739.8,0,1.0,0.0,1,0.0,0.0,0.0
I_hope_to_be_gentle,False,3.5901259421511456,2.0953817165219983,349.9,0,4.0,0.0,1,0.0,0.0,0.0
Iam-Locksmith123,False,1.1635401053626007,0.10215024002757808,2118.8,0,0.0,3.0,2,0.3333333333333333,1.0,0.0014158957900698508
IamAdvikaaa,False,4.60635579270876,0.4918512351249083,777.2,0,0.0,1.0,1,0.0,1.0,0.0012866700977869274
IamBatman_456,False,2.5179285180929467,1.3805767926566872,305.8,1,0.0,1.0,1,1.0,1.0,0.0032701111837802484
IamHellgod07,False,2.229407081903156,0.011748320486629599,3065.7,0,0.0,1.0,1,0.0,1.0,0.0003261897772123822
IamSam1103,False,4.3516219454631955,0.012664324316170497,2146.2,0,0.0,2.0,2,0.5,1.0,0.0009318796011555308
IamSteveRogers31,False,0.5064270584239279,0.03234502100907761,2952.9,0,0.0,1.0,1,0.0,1.0,0.0003386501405398083
IamVengance7,False,1.1992429428611808,0.0322159496853716,1102.0,0,0.0,1.0,1,0.0,1.0,0.0009074410163339383
Iamnotjustausername,False,0.11207092668550188,0.05786738232054866,2091.2,0,0.0,1.0,1,1.0,1.0,0.000478194338179036
Iampoorghini,False,2.590850354277408,0.3647393119290596,1954.2,0,0.0,1.0,1,0.0,1.0,0.0005117183502200389
IchadhariNag,False,0.03590884791691894,0.025317807984289873,1066.7,0,0.0,1.0,1,0.0,1.0,0.0009374707040404987
Icy-Ad-7947,False,0.9619613398615976,0.05139738334901016,1875.9,0,0.0,2.0,2,1.0,1.0,0.0010661549123087584
Icy-Adhesiveness6226,False,0.8244942605217854,0.10924401568422393,2013.7,0,0.0,1.0,1,0.0,1.0,0.0004965983016338084
Icy-Bison-7433,False,2.811312786724453,0.0207629558685595,463.8,0,0.0,1.0,1,1.0,1.0,0.0021561017680034496
Icy-Captain-2428,False,2.0693181311116735,0.03715356992155991,946.9,0,0.0,1.0,1,0.0,1.0,0.0010560777273207309
Icy-Door3510,False,3.292580888067224,0.17278978581193044,1071.0,0,0.0,2.0,2,1.0,1.0,0.0018674136321195146
Icy-Gas7020,False,1.5771303182088812,0.5142896486438086,827.9,0,0.0,1.0,1,0.0,1.0,0.0012078753472641623
Icy-Surround3750,False,0.3418560193916338,0.06244225333775931,1010.9,0,0.0,1.0,1,0.0,1.0,0.0009892175289346128
Icy-Worldliness-3559,False,1.9452791892631545,0.5438266063849412,1404.2,0,0.0,1.0,1,1.0,1.0,0.0007121492664862555
IcyDevelopment0,False,0.010298752200574489,0.10178269430994231,2898.0,0,0.0,1.0,1,0.0,1.0,0.0003450655624568668
IcyRain4670,False,1.987452691686908,0.003764457255442573,295.7,0,0.0,1.0,1,0.0,1.0,0.003381805884342239
Icy_Ad_2816,False,1.812538694001809,0.030207483757572057,1901.1,0,0.0,1.0,1,1.0,1.0,0.0005260112566408922
Icy_Destiny140,False,3.608253060446884,0.21060667027773164,457.0,0,0.0,1.0,1,0.0,1.0,0.002188183807439825
Icy_Lock_4189,False,1.5875777793414176,0.30553735215951505,1650.1,0,0.0,1.0,1,1.0,0.0,0.0006060238773407672
Icy_Science_9583,False,1.9606445545680993,2.0042821552772203,1557.2,0,1.0,0.0,1,0.0,0.0,0.0
Icy_Swordfish8023,False,1.9838227533364243,0.024931334549527822,1904.0,0,0.0,1.0,1,1.0,0.0,0.0005252100840336134
IdiotLiver,False,6.107156467363212,3.684059363195087,106.7,0,1.0,0.0,1,0.0,0.0,0.0
Idiotic_experimenter,False,3.0388248701632072,0.08414737115453638,1139.9,0,0.0,1.0,1,1.0,1.0,0.0008772699359592946
Idontworkeven40hrs,False,4.864227625324411,1.0781259570255948,471.6,1,1.0,0.0,1,0.0,0.0,0.0
Iexperience,False,2.59008111704876,0.5395685367267874,4071.9,0,1.0,2.0,2,0.5,1.0,0.0004911711977209657
Igor_InSpectatorMode,False,2.784085224676729,0.009229600028895876,1648.6,0,0.0,1.0,1,0.0,1.0,0.0006065752759917507
Il-savitr,False,3.3432824955019496,0.03186684828725416,939.7,0,0.0,1.0,1,1.0,0.0,0.0010641694157709908
Ill-Advice-4253,False,0.8390159836310224,0.05990825275340893,928.4,0,0.0,1.0,1,1.0,1.0,0.001077121930202499
Ill-Building6706,False,2.337970535260417,0.6330432564902398,84.4,0,0.0,1.0,1,0.0,1.0,0.011848341232227487
Ill-Focus-5215,True,0.5721118726411755,0.3714129653622489,1718.9,0,0.0,1.0,1,1.0,1.0,0.000581767409389726
Ill-Indication-3926,False,2.2516113095595323,0.04868275176572347,1861.1,0,0.0,1.0,1,0.0,1.0,0.0005373166406963624
Ill-Inspector7980,False,5.181955510300329,0.002067406264044798,1394.9,0,0.0,1.0,1,0.0,1.0,0.0007168972686214065
Ill-Noise-1840,False,1.6139777468924505,0.04052998108556218,1063.7,0,0.0,2.0,1,0.5,1.0,0.0018802293879853342
Ill-Village7647,False,4.271755256773899,0.08065107074265786,182.3,0,0.0,1.0,1,1.0,1.0,0.005485463521667581
IllPossession9717,False,1.4106626281599148,0.043836314813177873,714.5,0,0.0,1.0,1,1.0,1.0,0.0013995801259622112
Ill_Associate4839,False,0.35938365691272545,0.0011827322490494323,1954.0,0,0.0,1.0,1,0.0,1.0,0.0005117707267144319
Ill_Dimension_3953,False,1.1022006708031078,1.4625987466828199,574.9,0,0.0,1.0,1,0.0,1.0,0.0017394329448599758
Ill_Earth8585,False,5.7958809808144816,3.6355299867602793,1840.0,0,0.0,1.0,1,1.0,1.0,0.0005434782608695652
Ill_Fennel9008,False,2.7719031802920444,2.286631165051804,91.2,1,1.0,0.0,1,0.0,0.0,0.0
Ill_Illustrator5187,False,2.211239908088335,0.13873588106840734,832.9,0,0.0,1.0,1,1.0,1.0,0.0012006243246488173
Ill_Pick_,False,1.210759064010295,0.6077873316087885,514.0,0,1.0,0.0,1,0.0,0.0,0.0
Ill_Poem_1789,False,6.007622257248516,0.4053393720280306,353.0,0,0.0,5.0,2,0.8,0.8,0.014164305949008499
Ill_Strain_1050,False,0.5330670355158267,0.9671898599184074,1515.3,0,0.0,1.0,1,0.0,1.0,0.000659935326338019
Ill_Zookeepergame_77,True,1.5526109203694225,0.47644876235507727,2165.0,0,0.0,1.0,1,1.0,1.0,0.00046189376443418013
IlluminatiFriend,False,3.4228273373992186,0.09910834280268764,563.9,0,0.0,1.0,1,1.0,1.0,0.0017733640716439086
IllustratorAbject446,False,0.04740223889458392,2.120263536200091,494.4,0,2.0,0.0,1,0.0,0.0,0.0
Illustrious-Grape897,False,4.37804909326399,0.14294676194017458,900.9,0,0.0,15.0,2,0.5333333333333333,0.9333333333333333,0.016650016650016652
Illustrious-Maybe-91,False,2.2896805926693062,0.5224203030264869,1896.8,0,1.0,1.0,2,1.0,1.0,0.000527203711514129
Illustrious-Ninja472,False,2.821814281238556,0.19327050214789324,2014.7,0,0.0,1.0,1,0.0,1.0,0.0004963518141658808
Illustrious-Rich-364,False,0.9939037824486369,0.271261685730917,1856.9,0,0.0,1.0,1,0.0,1.0,0.0005385319618719371
Illustrious-Wall-293,False,3.4827818388007885,2.4354867909996414,1408.9,0,6.0,0.0,1,0.0,0.0,0.0
IllustriousEscape281,False,0.524196343941519,1.9459101490553132,933.1,1,1.0,0.0,1,0.0,0.0,0.0
IllustriousNarwhal12,False,0.6471525013598144,0.746860156192594,1721.8,0,1.0,0.0,1,0.0,0.0,0.0
IllustriousSeries595,False,0.2769907128289102,1.4957282021653528,2052.3,0,1.0,0.0,1,0.0,0.0,0.0
IllustriousShine5694,False,3.1787537720480494,0.29567063628342527,374.9,0,1.0,0.0,1,0.0,0.0,0.0
Illustrious_Advice10,False,2.8462278466924347,3.2657846593604956,1464.8,0,1.0,0.0,1,0.0,0.0,0.0
Illustrious_Mix4946,True,1.2675956343798367,0.77258401120798,215.1,0,0.0,2.0,2,0.5,1.0,0.009298000929800094
Illustrious_Read9176,False,0.8012401462378815,0.20763936477824452,754.7,1,0.0,1.0,1,1.0,1.0,0.0013250298131707962
Illustrious_Reply424,False,4.022521462023463,0.030132305100403035,619.2,0,0.0,2.0,1,0.5,1.0,0.003229974160206718
Illustrious_Salt_564,True,1.957638884886521,0.000351679272131713,467.4,0,0.0,1.0,1,0.0,1.0,0.002139495079161318
Illustrious_Shine216,False,1.2292403163247478,0.3773935475138537,1560.8,0,0.0,1.0,1,0.0,1.0,0.0006406970784213225
Illustrious_Try_4952,False,0.07616876628851016,0.2537805207760996,720.2,0,0.0,1.0,1,1.0,1.0,0.0013885031935573452
Ilookcool69,False,4.561651784350053,0.7626554575735895,678.9,0,2.0,0.0,2,0.0,0.0,0.0
IloveLegs02,False,4.059314652774008,0.09443364628127522,1175.7,0,0.0,4.0,4,0.75,1.0,0.0034022284596410646
Im-6ft-Tall,False,2.3445681475658793,5.143854137882478,145.3,0,1.0,0.0,1,0.0,0.0,0.0
ImInsideTheAncientPi,False,1.7711569532266997,0.14297495454879688,2505.1,0,0.0,2.0,2,0.0,1.0,0.0007983713225020958
ImLazyBug141,False,0.5336346252386909,0.5801237921565499,662.3,1,0.0,1.0,1,1.0,1.0,0.0015098897780462027
Imaginary-Pickle-177,False,0.8458314813768929,0.03273702590631854,1423.4,0,0.0,1.0,1,0.0,1.0,0.000702543206407194
ImaginaryEconomist,False,2.5685444910734376,1.375753348122099,2827.8,0,0.0,1.0,1,1.0,1.0,0.00035363179857132753
ImaginaryElk7951,False,0.5641273239743531,0.17646899565924448,1841.9,0,0.0,1.0,1,0.0,1.0,0.0005429176393941039
Imaginary_Ad122,False,1.3785832805995621,0.05767980387756897,1519.9,0,0.0,1.0,1,0.0,1.0,0.0006579380222383051
Imaginary_Bottle_560,False,1.7965665154127672,0.141702740085185,1158.7,0,0.0,1.0,1,0.0,1.0,0.0008630361612151549
Imaginary_Fudge8119,True,2.9607627220764714,0.05774028903820215,541.1,0,0.0,1.0,1,1.0,1.0,0.0018480872297172426
Immamigratory,False,3.3108363400211522,0.005355982688987023,751.4,1,0.0,2.0,1,0.5,1.0,0.002661698163428267
Immediate-Building67,False,0.04790131113527408,3.3081069585961433,1650.8,0,1.0,0.0,1,0.0,0.0,0.0
Immediate-Effort4431,False,3.299400514916184,1.1891111940047745,1041.6,0,1.0,0.0,1,0.0,0.0,0.0
Immediate-Humor-6077,False,4.156599814083698,1.1431130620301122,1564.1,0,4.0,2.0,4,0.5,1.0,0.0012786906208042965
Immediate-Mess6470,False,0.9947385745783413,0.37298795016959196,968.3,1,1.0,0.0,1,0.0,0.0,0.0
Immediate-Stay6439,False,4.193580893635446,0.00017683153305967755,433.3,0,0.0,1.0,1,1.0,1.0,0.0023078698361412415
Immediate_Pomelo_496,False,2.126926141657219,0.012039526578846294,1209.9,0,0.0,2.0,2,0.5,1.0,0.0016530291759649556
Immediate_Taste6240,False,0.1326735255413011,0.9382696385929303,641.4,1,1.0,0.0,1,0.0,0.0,0.0
Immi0,False,1.004459254365578,0.04156442442125047,1589.2,1,0.0,1.0,1,0.0,1.0,0.0006292474200855776
ImperfectZama,False,2.4205147992285743,0.041895243885416045,242.4,0,0.0,1.0,1,0.0,1.0,0.004125412541254125
ImportanceLiving5386,False,2.5752113610621805,0.2506246597128051,1825.6,0,0.0,3.0,2,0.3333333333333333,1.0,0.0016432953549517968
Important_Menu4937,False,2.6699972121412623,0.34043447367824897,1350.9,0,7.0,6.0,2,0.5,1.0,0.0044414834554741284
Important_Pipe8396,False,0.4869820752334784,1.791759469228055,1538.1,0,0.0,1.0,1,0.0,1.0,0.0006501527859046877
Important_Sock5787,False,1.0831321033802104,1.149855978650779,542.5,0,1.0,0.0,1,0.0,0.0,0.0
Impossible-Alps1222,False,1.2296066988895527,0.27008631056140137,1675.7,0,0.0,3.0,2,0.3333333333333333,1.0,0.001790296592468819
Impossible-Cap5219,False,0.2710701268638834,0.4260843953109001,468.9,0,0.0,1.0,1,1.0,0.0,0.0021326508850501172
Impossible-Knee9090,False,1.490931922069426,0.3490191987515113,577.7,0,0.0,1.0,1,0.0,1.0,0.0017310022503029252
ImpossibleKoala5386,False,3.697676850193706,0.29638853811669574,92.8,0,1.0,0.0,1,0.0,0.0,0.0
Impossible_Bee25,False,4.691892458691104,0.03214803922079292,320.0,0,0.0,4.0,3,0.25,1.0,0.0125
Impossible_Key2155,False,1.9936167606909982,0.825698507163311,1860.6,0,0.0,1.0,1,0.0,1.0,0.0005374610340750296
Impossible_Syrup1026,False,0.4876073336639835,0.0028943580263644996,549.0,0,0.0,1.0,1,1.0,1.0,0.0018214936247723133
Impossible_Wealth190,False,0.5265889114505917,0.11304095692061303,1402.3,0,0.0,1.0,1,1.0,1.0,0.0007131141695785496
Impressive-Cook-5299,False,1.7910005217433151,0.4321052170885202,768.9,1,0.0,1.0,1,1.0,1.0,0.0013005592404734035
Impressive-Guess6810,False,5.870166784571928,5.147660575975034,409.0,0,1.0,0.0,1,0.0,0.0,0.0
Impressive-Teacher10,False,2.7945861577119326,0.07112847687058826,1473.9,0,0.0,2.0,2,0.5,0.5,0.001356944161747744
Impressive-Theme-818,False,2.4083702289126383,1.9558075452021981,802.9,0,0.0,1.0,1,0.0,1.0,0.0012454851164528584
Impressive_Air1820,False,0.0015604684570951503,1.3862943611198906,1921.0,0,1.0,0.0,1,0.0,0.0,0.0
Impressive_Answer297,False,1.1504292170877244,0.24243372838837177,496.4,0,1.0,0.0,1,0.0,0.0,0.0
Impressive_Band_7585,True,0.3486506323627498,0.09716374845364778,256.5,0,0.0,1.0,1,0.0,1.0,0.003898635477582846
Impressive_Mood8856,False,2.7934108029234017,1.463291039077931,805.0,0,1.0,0.0,1,0.0,0.0,0.0
Impressive_Pick_4742,True,1.8201126576602982,0.7821220374656778,492.6,0,1.0,0.0,1,0.0,0.0,0.0
Imvu_credits_seller,True,0.3439373800203049,0.9084166754432492,613.9,1,0.0,1.0,1,0.0,1.0,0.0016289297931259164
In_Your_Books,False,2.454755911074204,0.2287472338330438,369.8,0,0.0,1.0,1,1.0,1.0,0.0027041644131963224
IncidentQuirky3324,False,0.5102190451265313,1.4404764918990547,1451.2,0,1.0,0.0,1,0.0,0.0,0.0
Incredible_meh,False,0.5916051195981333,0.001077006027637943,1150.1,0,0.0,1.0,1,1.0,1.0,0.0008694896095991654
IndependenceOk5425,False,0.20481350175205187,0.8818237292362772,1940.2,0,0.0,1.0,1,1.0,1.0,0.0005154107823935677
Independent-Coat-389,False,1.3036631068758655,0.121717632085691,1482.8,0,0.0,1.0,1,0.0,1.0,0.000674399784192069
Independent-Okra-816,False,0.0011641444853737245,0.6931471805599453,858.5,0,0.0,1.0,1,0.0,1.0,0.0011648223645894002
Independent-Permit33,False,1.1998997826594078,0.006836945996531283,1075.1,1,0.0,1.0,1,1.0,1.0,0.0009301460329271696
IndependentAccess405,False,0.2309613563288653,1.1851527449991661,739.0,0,0.0,1.0,1,0.0,1.0,0.0013531799729364006
IndependentPath6297,False,2.6460879641296295,0.3591864074554622,1682.6,0,0.0,1.0,1,1.0,1.0,0.0005943183168905266
Independent_Meal_809,False,1.8940152122398517,0.48834354788249174,711.3,0,0.0,1.0,1,1.0,1.0,0.0014058765640376776
IndiHippi,False,0.2410850003730048,0.2375842354690041,1019.7,0,1.0,0.0,1,0.0,0.0,0.0
IndiaSocial,False,3.8519778212848794,0.5048146833394201,2079.0,0,0.0,2.0,1,1.0,0.0,0.000962000962000962
Indian-Yello,False,1.3298179584396217,0.09686445004209654,1250.2,0,0.0,1.0,1,0.0,1.0,0.0007998720204767237
IndianLucifer666,True,0.5705983753281126,0.35713146072365237,812.4,1,1.0,0.0,1,0.0,0.0,0.0
IndianRedditor88,False,4.620023898436099,0.016297993100310652,1863.2,0,0.0,2.0,1,0.5,1.0,0.00107342206955775
IndianWhiteeye,False,2.2233130134205172,1.2563280346598642,68.1,0,0.0,1.0,1,1.0,1.0,0.014684287812041117
IndicationFresh3191,False,0.7152026305831324,4.7140245909001735,426.0,0,1.0,0.0,1,0.0,0.0,0.0
IndieMamba,False,0.03552771519240477,0.14310084364067333,1216.6,0,0.0,1.0,1,1.0,1.0,0.000821962847279303
Individual-Good8837,False,3.127990167023603,0.10161831525146418,1234.1,0,0.0,2.0,2,0.5,1.0,0.0016206142127866462
Individual-Lab-2008,False,0.3784364357202451,0.5287935411821526,1300.0,0,1.0,0.0,1,0.0,0.0,0.0
Individual-Pie-6876,False,1.7746384284479435,0.08881573371064024,216.0,0,0.0,1.0,1,1.0,1.0,0.004629629629629629
Individual-Regret-33,True,3.3622154459694165,0.1676912966118352,783.9,0,0.0,1.0,1,1.0,1.0,0.0012756729174639623
Individual-Title-770,False,3.4529639599643454,0.06858742091075283,426.0,0,0.0,1.0,1,1.0,1.0,0.002347417840375587
Individual-Wall-1795,False,0.9992121236122598,0.703997196584011,323.4,0,2.0,0.0,1,0.0,0.0,0.0
Individual-Wasabi404,False,1.2641481770137672,0.016532761207228377,1896.4,0,0.0,1.0,1,0.0,1.0,0.0005273149124657245
IndividualAge715,True,2.765381617961353,0.4640783282909941,926.9,0,1.0,0.0,1,0.0,0.0,0.0
IndividualBread8568,False,4.740168851000786,0.07322418950671408,499.2,0,0.0,1.0,1,1.0,1.0,0.0020032051282051285
IndividualNormal1252,False,0.7563340203668277,0.4480621078009053,2056.7,0,0.0,1.0,1,0.0,1.0,0.00048621578256430206
Individual_Cress_19,False,2.269456044747056,0.068380198564424,1222.6,0,0.0,2.0,2,0.5,1.0,0.001635858007524947
Individual_Mix_4234,False,2.2209018482759846,0.6395794348507252,448.9,0,1.0,1.0,2,1.0,1.0,0.0022276676319893073
Individual_Scene5641,False,2.362769095903266,3.13413459641311,381.9,0,1.0,0.0,1,0.0,0.0,0.0
IndyGlobalNRI,False,1.6407268685661083,0.08994026872591802,709.8,0,1.0,0.0,1,0.0,0.0,0.0
Inevitable-Affect462,False,0.650895495319872,0.19856007328686265,1948.2,0,1.0,0.0,1,0.0,0.0,0.0
Inevitable-Age-5736,False,2.998612259655049,0.000130454634585898,402.2,0,0.0,1.0,1,1.0,1.0,0.002486325211337643
Inevitable-Arugula44,False,0.017148334807607253,0.09844007281325252,1792.3,0,0.0,1.0,1,1.0,1.0,0.0005579423087652737
InevitableAlive16,False,1.3710186546355243,0.37935782815930186,1588.1,0,0.0,1.0,1,0.0,1.0,0.0006296832693155343
InevitableRecover113,False,5.799709251667842,3.191309806954187,11.3,0,2.0,0.0,1,0.0,0.0,0.0
Inevitable_Park_4506,False,2.508287927350401,6.08106053883159e-05,1457.3,0,0.0,1.0,1,0.0,1.0,0.0006862005077883758
Inevitable_Pumpkin59,False,0.24927983958311856,0.10389959501815148,1607.2,1,0.0,1.0,1,0.0,1.0,0.0006222000995520159
Infamous-Duty-5103,False,1.0889408425136389,0.020629662422560747,1018.2,0,0.0,1.0,1,1.0,1.0,0.0009821253191907287
InfamousBumbleb33,False,1.7234008094748667,0.0707365510917783,1469.3,0,1.0,0.0,1,0.0,0.0,0.0
Infamous_Sky5202,False,1.7783915938549568,1.7878209056491265,257.3,0,0.0,1.0,1,1.0,1.0,0.0038865137971239795
Infemos,False,1.859214344225537,0.019945831884636504,2345.4,0,0.0,1.0,1,0.0,1.0,0.0004263665046473949
Infinite-Fix4715,False,1.7252061861992671,0.6839782903342495,541.0,0,0.0,1.0,1,0.0,1.0,0.0018484288354898336
Infinite-Teach8044,False,2.7709731669452724,0.2911712949826254,658.2,0,1.0,0.0,1,0.0,0.0,0.0
Infinite_Macaroon338,False,0.07713923073032754,0.09531017980432487,124.7,0,0.0,1.0,1,0.0,1.0,0.00801924619085806
InflationThis4003,False,0.7206724760129265,0.7772455137228915,1091.1,0,0.0,1.0,1,1.0,1.0,0.0009165062780680048
Informal-Rhubarb818,False,0.9261173036641179,0.025899034388330567,1128.1,0,0.0,1.0,1,1.0,1.0,0.0008864462370357239
Informal-Tap4269,False,0.46005696407499835,2.657258034262105,852.5,0,1.0,0.0,1,0.0,0.0,0.0
Informal_Ad_9704,False,0.541086559782932,0.633474849073547,2150.8,0,1.0,1.0,2,1.0,1.0,0.0004649432769202157
Informal_Assist_1329,False,1.280347507128057,0.19338341589621702,426.5,0,0.0,2.0,1,0.0,1.0,0.004689331770222743
Informal_Ice1909,False,1.8967738165855303,0.220836916860191,592.3,1,0.0,1.0,1,1.0,1.0,0.0016883336147222692
Informal_Pressure_21,False,3.944221269875443,0.29394746878153405,1119.3,0,0.0,1.0,1,1.0,0.0,0.000893415527561869
Informal_Writing2820,False,1.6270318315483008,0.007772059847703021,189.3,1,0.0,1.0,1,0.0,1.0,0.0052826201796090854
Inglorious_Lassun,False,4.14517615067328,2.5410966999114994,2105.0,0,0.0,1.0,1,0.0,1.0,0.00047505938242280285
Initial-Confusion511,False,2.5636283357385494,0.06098212035194481,1736.4,0,1.0,5.0,2,0.8,1.0,0.0028795208477309375
Initial-Pirate-4518,False,3.810425479158729,0.0594612724946268,585.9,0,0.0,3.0,2,1.0,0.6666666666666666,0.005120327700972862
Initial-Prompt-2653,False,1.9714289501665903,0.08271321405538817,389.1,0,0.0,3.0,2,0.3333333333333333,1.0,0.007710100231303006
Initial-Respect-1858,False,0.8299385817295133,0.3811590711744448,926.4,0,1.0,0.0,1,0.0,0.0,0.0
Initial-Shoulder5906,False,4.4873851447871065,5.321095024085202,1371.2,0,7.0,0.0,2,0.0,0.0,0.0
Initial_Comedian_781,False,0.9669208229655943,0.06346957394866612,687.8,0,0.0,1.0,1,1.0,0.0,0.0014539110206455365
Initial_Ice_2719,False,3.715793069659386,0.23245538839112606,394.9,0,0.0,3.0,3,0.6666666666666666,0.6666666666666666,0.0075968599645479876
Initial_Ordinary9813,False,1.2870466736103041,0.03457561350974068,448.5,0,0.0,1.0,1,0.0,1.0,0.002229654403567447
Initial_Physics_4305,False,3.2244417019456457,1.2627188029410061,150.5,0,1.0,0.0,1,0.0,0.0,0.0
InnateCandor,False,1.3287654534073774,0.07895160009120183,1071.9,0,1.0,0.0,1,0.0,0.0,0.0
Inner_Ad7994,False,0.9546654583085638,0.09697032485536582,527.6,0,0.0,1.0,1,0.0,1.0,0.0018953752843062926
Inner_Advantage7871,False,1.625387374846953,0.42243064226646104,393.1,0,0.0,1.0,1,1.0,1.0,0.002543881963876876
Innocuous_salt,False,1.8159877280962897,8.121167828396567e-05,2392.2,1,0.0,2.0,2,0.5,0.5,0.0008360504974500461
InquisitiveSapienLad,False,2.3000035623407644,0.00936983225459676,1636.8,0,0.0,1.0,1,0.0,1.0,0.0006109481915933529
InsanE_PerSonX,False,2.3051068666085452,0.08756598971778798,1362.4,0,0.0,3.0,2,0.6666666666666666,1.0,0.002201996476805637
InsatiableLord,False,1.4904013381223622,1.5663784229736535,363.2,0,0.0,1.0,1,1.0,1.0,0.0027533039647577094
Inside-Drop2380,False,0.8964201617178945,0.11294041118059546,141.3,1,0.0,1.0,1,0.0,1.0,0.007077140835102618
Inside-Flow3297,False,3.2642941366715483,0.8237986633510515,649.6,0,1.0,1.0,1,1.0,1.0,0.0015394088669950737
InsideResolve4517,False,3.5712402365671156,0.6538164200862052,525.8,0,2.0,0.0,1,0.0,0.0,0.0
InsideStatus361,False,2.579293083965539,1.3881399476173053,400.4,0,1.0,0.0,1,0.0,0.0,0.0
Inside_One_9147,True,5.633906516178214,3.95633895298624,878.8,0,43.0,1.0,4,0.0,1.0,0.0011379153390987712
Inside_Tower3440,False,1.244047258005454,4.032630331846291,502.1,1,1.0,0.0,1,0.0,0.0,0.0
InsidiousColossus,False,5.005977771074466,0.0011898761591278004,1411.9,0,0.0,1.0,1,1.0,0.0,0.0007082654578936184
Intelligent-Ad74,False,1.7515927305023657,0.04736688964923465,1960.0,0,0.0,1.0,1,0.0,1.0,0.0005102040816326531
Intelligent-Bid-6106,False,2.532966311608486,0.6737049962849037,413.0,0,0.0,2.0,1,0.5,1.0,0.004842615012106538
Intelligent-Chard136,False,1.3777641674390306,0.26325354865237516,1972.0,0,0.0,1.0,1,0.0,1.0,0.0005070993914807302
Intelligent-Lake-344,False,3.59267717821216,0.12942087737078292,816.7,0,0.0,1.0,1,0.0,1.0,0.0012244398187829068
Intelligent-Pin4050,True,0.9380174675565895,0.0451919941913735,275.9,0,0.0,1.0,1,0.0,1.0,0.0036245016310257343
IntelligentHoney6929,False,4.6453986954627,0.6694410494747319,1778.5,0,2.0,13.0,4,1.0,0.9230769230769231,0.007309530503233062
IntelligentPlane2564,False,0.5488865704802983,0.04177259151078545,2037.4,0,0.0,1.0,1,1.0,1.0,0.0004908216354176892
IntelligentVisual955,False,3.5243090952231912,0.8534850227001087,823.8,0,0.0,4.0,2,0.25,1.0,0.004855547462976451
Intelligent_Bar_7303,False,0.36658873910566486,0.017756721589259037,1409.2,0,0.0,1.0,1,0.0,1.0,0.000709622480840193
Intelligent_Bat_8929,False,1.200789258108342,0.17709961281280295,81.8,0,0.0,1.0,1,0.0,1.0,0.012224938875305624
Intelligent_Face6250,False,1.824032197007864,1.2635354155314762,1984.3,0,0.0,2.0,1,0.5,1.0,0.0010079121100640025
Intelligent_Green633,True,1.8760078908470401,0.992072626912236,1073.2,0,1.0,0.0,1,0.0,0.0,0.0
Intelligent_Line7212,False,1.3964425273252328,0.31449332990243767,600.5,1,0.0,1.0,1,0.0,1.0,0.0016652789342214821
Intelligent_Text_791,False,5.287787313424815,1.6760125456963775,516.0,0,0.0,1.0,1,0.0,1.0,0.001937984496124031
Intelligent_Zombie_0,False,0.8675141638053616,1.2330981914251362,2059.4,0,1.0,0.0,1,0.0,0.0,0.0
Interesting-Boot-399,False,0.7532352737039371,0.02324096403945075,1316.0,0,0.0,1.0,1,0.0,1.0,0.0007598784194528875
Interesting-Flow2617,False,4.288446029198855,1.732521916536378,956.2,0,2.0,1.0,1,1.0,1.0,0.0010458063166701526
Interesting-Mud-1911,False,0.7170410485667208,0.7358049448536789,1689.3,0,1.0,1.0,1,1.0,1.0,0.0005919611673474221
Interesting-Panic568,False,4.399823811935526,3.007631760124108,701.0,0,1.0,0.0,1,0.0,0.0,0.0
Interesting-Take781,True,6.523313915255487,1.7485143723216754,473.0,0,16.0,6.0,3,0.3333333333333333,0.8333333333333334,0.012684989429175475
Interesting-Web4098,False,0.16568201949015487,0.07466152876901964,1537.2,0,0.0,1.0,1,0.0,1.0,0.0006505334374186833
InterestingAd757,False,1.8048913149558758,1.0910274028016556,2042.6,0,2.0,0.0,1,0.0,0.0,0.0
Interesting_Meal_626,False,3.0764989591887923,0.5058571442158561,420.6,0,1.0,0.0,1,0.0,0.0,0.0
Internal-Passage5339,False,1.1746335432008683,0.6860480865313323,1380.0,0,0.0,1.0,1,1.0,0.0,0.0007246376811594203
InternalLake8,False,1.5611653212677057,0.13202476243657998,2592.2,0,0.0,1.0,1,0.0,1.0,0.0003857727027235553
Internal_Bumblebee28,False,2.755717928160364,2.6904366030260776,1703.6,0,0.0,1.0,1,0.0,1.0,0.0005869922517022776
Internal_Pin6937,False,2.792998807156219,0.13059103210021436,468.3,1,0.0,5.0,2,0.4,1.0,0.010676916506512918
InternationalBag3691,False,0.6591432830576268,6.982862751468942,1145.6,0,1.0,0.0,1,0.0,0.0,0.0
InternationalFold467,False,2.7811076264413073,0.13647558888966055,741.5,0,0.0,1.0,1,1.0,1.0,0.0013486176668914363
InternationalFox2696,False,3.3235265521655943,0.08385088053169101,412.1,0,0.0,1.0,1,1.0,1.0,0.002426595486532395
InternationalLeg8010,False,2.064696711140815,0.0844505561279561,679.8,0,0.0,1.0,1,1.0,1.0,0.0014710208884966167
InternationalMud7184,False,6.712570597116073,6.818503298476055,280.5,0,1.0,0.0,1,0.0,0.0,0.0
InternationalNose980,False,3.6999053614352433,0.9892478983369761,1090.7,1,2.0,1.0,1,1.0,1.0,0.0009168423947923352
InternationalPay7888,False,0.07522342123758753,0.04255961441879593,294.4,0,0.0,1.0,1,0.0,1.0,0.003396739130434783
International_Toe585,False,1.7589024120389685,0.23657529570862285,1933.6,0,1.0,0.0,1,0.0,0.0,0.0
InterviewNo7048,False,2.0951421284137792,0.3337568932723469,650.1,0,0.0,3.0,2,0.3333333333333333,1.0,0.0046146746654360865
Intrepid-Damage9902,False,1.6706587240733488,0.12487858721473087,434.0,0,1.0,0.0,1,0.0,0.0,0.0
Intrepid_Bat9705,False,1.4519388568443048,1.5305678502763154,882.5,1,0.0,1.0,1,0.0,1.0,0.0011331444759206798
Intrepid_Courage8323,False,0.7046698447748933,1.0622239647540765,1686.9,0,0.0,1.0,1,0.0,1.0,0.0005928033671231252
Intrepid_Fondant_190,False,0.49466632082756734,0.006389798098771011,489.1,0,0.0,1.0,1,1.0,1.0,0.0020445716622367613
Intrepid_Pride_9969,True,3.1929530536811996,0.4927069795093251,185.7,0,0.0,1.0,1,1.0,1.0,0.005385029617662898
IntrnLoop,False,4.160019867667664,0.3976269152405909,559.1,0,0.0,1.0,1,1.0,1.0,0.0017885888034340903
IntroductionKlutzy64,False,0.031105581934290354,0.41689380393178715,1361.0,0,0.0,1.0,1,1.0,1.0,0.0007347538574577516
IntrovertOfPeakLevel,False,0.2902041418844908,0.03030534949532895,594.0,0,0.0,1.0,1,1.0,1.0,0.0016835016835016834
Introvertfellow,False,1.28600334325209,0.606848308053611,982.7,0,0.0,1.0,1,0.0,1.0,0.0010176045588684236
Inukollu,False,0.5382281564766778,0.0013853615699869104,3038.0,0,0.0,1.0,1,0.0,1.0,0.0003291639236339697
InvestmentBig7308,False,0.498722601594747,3.828641396489095,66.5,1,1.0,0.0,1,0.0,0.0,0.0
Invhinsical,False,3.840942231523873,0.05682820806691235,1145.2,0,0.0,8.0,4,0.875,1.0,0.006985679357317499
Invincible_Trader,False,3.3299046040482074,1.2001610597252472,1422.5,0,1.0,0.0,1,0.0,0.0,0.0
Ir0nMerc,False,1.5441288205476844,0.17053992697285222,1474.8,0,0.0,1.0,1,1.0,1.0,0.0006780580417683754
IronmanisdrDoom,False,1.6284966869730317,0.23610073888891134,677.7,0,0.0,2.0,2,0.5,1.0,0.0029511583296443853
Isaacjd93,False,2.14765623705465,0.07477163869554075,3601.7,0,0.0,2.0,1,0.0,1.0,0.0005552933337035289
IshigamiSenku04,False,4.795147547365796,3.3476871132710366,990.0,0,1.0,0.0,1,0.0,0.0,0.0
Ishit_Wow,False,1.856858371439411,0.010424905462998055,713.6,0,0.0,1.0,1,1.0,1.0,0.0014013452914798206
IsmailBhaiKaBaigan,False,1.0412883682397016,0.0633271339512741,959.7,0,0.0,1.0,1,0.0,1.0,0.0010419922892570595
ItHurtsWhenIP00,False,1.7648411121425056,0.2173218889339914,583.6,0,0.0,3.0,2,0.3333333333333333,1.0,0.005140507196710075
Itchy-Ad-5275,False,0.46604495677716906,0.05395499412241094,832.1,0,0.0,1.0,1,0.0,1.0,0.0012017786323759163
Itchy-Agency3550,False,0.1882147435329964,3.6635616461296463,1125.1,0,1.0,0.0,1,0.0,0.0,0.0
Itchy-Bag9501,False,2.0250534854908615,0.08372149451418055,1342.2,0,0.0,2.0,1,1.0,1.0,0.0014900908955446282
Itchy-Kangaroo5120,False,0.5078343652079461,1.5871576420424347,870.5,0,1.0,0.0,1,0.0,0.0,0.0
Itchy_Dress_2967,False,2.779789188888208,0.9997554805762652,709.2,0,0.0,1.0,1,0.0,1.0,0.0014100394811054709
Ithinkifuckedupp,False,1.5207113860104218,0.02061126824592173,3632.8,1,0.0,2.0,1,0.5,1.0,0.0005505395287381633
Itiswatitis_0987,False,2.2212540020630547,0.03254908366560443,1398.0,0,0.0,1.0,1,0.0,1.0,0.000715307582260372
ItsRimi,False,2.965991500120269,0.0012686907003025577,599.6,0,0.0,1.0,1,1.0,1.0,0.001667778519012675
Its_Ur_Big_Daddy,False,3.8454040466839348,0.34091448987933864,225.7,0,0.0,1.0,1,1.0,0.0,0.004430660168365087
Itz_Kanashii,False,1.4076292960388337,0.776697979923222,832.4,0,0.0,1.0,1,0.0,1.0,0.001201345506967804
Itz_Raj69_,False,4.93498272130078,1.5023885495194955,1928.2,0,1.0,1.0,1,0.0,1.0,0.0005186184005808525
Itz_fat-batman,True,1.3283437425328146,0.004571436532580835,315.7,0,0.0,1.0,1,0.0,1.0,0.0031675641431738993
Itzz_D4rk,False,2.7543028013056388,0.04407542510848676,238.0,0,0.0,1.0,1,1.0,1.0,0.004201680672268907
Ivaker_Official,False,3.3897161992881992,3.8966107264332592,146.0,0,2.0,0.0,1,0.0,0.0,0.0
J464N4U7,False,1.196548001599247,0.041821879232256325,1173.4,0,0.0,1.0,1,1.0,1.0,0.000852224305437191
J477Y,False,0.9204303155902959,1.3155510630954366,1914.1,0,0.0,1.0,1,1.0,1.0,0.0005224387440572593
JDLovesElliot,False,4.424012823777811,0.05275222644036003,5295.0,0,0.0,1.0,1,0.0,1.0,0.00018885741265344664
JEE-Men,False,1.0342237616381942,0.09464638953766828,414.8,0,0.0,1.0,1,0.0,1.0,0.0024108003857280617
JIREN-_-_-,False,0.5489608591653519,0.005293818609715185,2588.0,0,0.0,1.0,1,0.0,1.0,0.0003863987635239567
JKKIDD231,False,5.837779925758678,0.3671255832445496,2191.9,0,3.0,0.0,1,0.0,0.0,0.0
JShearar13,True,4.638013473787081,0.10840380475632648,54.3,1,0.0,1.0,1,1.0,1.0,0.01841620626151013
Jaanbaaz_Sipahi,False,1.0123365070296373,0.16349808389587897,2606.7,1,0.0,1.0,1,1.0,1.0,0.000383626807841332
Jack_Z13,False,0.5608238147484018,0.407546274311989,638.2,0,0.0,1.0,1,1.0,1.0,0.0015669069257286117
JackblaZ,False,2.4714932256894517,2.1158470180648457,2077.1,0,1.0,0.0,1,0.0,0.0,0.0
JacketHistorical2321,False,2.2469196298003435,0.06999103905623605,1108.7,0,0.0,1.0,1,0.0,1.0,0.0009019572472264815
JackfruitTight,False,1.1665794959885192,1.1799544065923095,2176.4,0,0.0,1.0,1,0.0,1.0,0.00045947436133063775
Jackpison,False,0.2021121440059576,0.3390900391632918,4777.1,0,0.0,1.0,1,1.0,1.0,0.0002093320215193318
Jaded_Phone5688,False,2.2048006470822576,0.9507125420034676,303.9,0,0.0,1.0,1,1.0,1.0,0.003290556103981573
JaffarBhai,False,0.14982006651196678,0.012642393415176468,2456.3,0,0.0,1.0,1,1.0,1.0,0.0004071163945772096
JagmeetSingh2,False,4.794525440917353,0.08505203781309113,3111.5,1,0.0,9.0,1,0.0,1.0,0.0028924955809095294
JaipurJewel,False,3.7153088972922865,1.0939719091116076,182.4,0,0.0,1.0,1,0.0,1.0,0.005482456140350877
Jaldevta,False,5.58873808529806,2.310674993546146,217.1,0,0.0,1.0,1,1.0,1.0,0.00460617227084293
Jameshasnohumor,False,0.9257677840919026,0.07478693562893922,2230.6,0,0.0,1.0,1,1.0,1.0,0.0004483098717833767
JaneNoah,False,0.6785752072231062,0.6698401264113274,2357.2,0,1.0,0.0,1,0.0,0.0,0.0
Jarisatis,False,5.00079815694902,0.6045282386843955,2487.1,0,1.0,0.0,1,0.0,0.0,0.0
Jarvis_010101,False,3.3227173557835665,2.1881074528872273,420.6,0,1.0,0.0,1,0.0,0.0,0.0
Jarvis_negotiater,False,4.336563788531936,1.0171191296389615,923.7,0,1.0,0.0,1,0.0,0.0,0.0
Jay07080,False,1.4871863342280893,0.683927693007064,1891.3,0,0.0,2.0,1,0.5,1.0,0.0010574736953418284
Jazzlike-Project8834,False,3.6325434593174983,0.0029011401736214137,243.8,0,0.0,1.0,1,0.0,1.0,0.004101722723543888
Jazzlike-Reward-2125,False,0.47268492084184444,1.388366900721863,1596.9,0,1.0,0.0,1,0.0,0.0,0.0
JazzlikeDatabase9222,False,0.5387887482399486,3.6847040827034556,1002.9,0,1.0,0.0,1,0.0,0.0,0.0
Jazzlike_Math_970,False,2.8607834967661883,0.46446698571398537,1042.9,0,0.0,1.0,1,0.0,1.0,0.0009588647041902387
Jazzlike_Resist_1327,False,3.763395282683506,1.674699886499207,821.2,0,1.0,1.0,2,0.0,1.0,0.0012177301509985387
Jazzlike_Stable6491,True,4.408606775832394,4.854595645979862,928.2,1,1.0,0.0,1,0.0,0.0,0.0
Jazzwinder69,False,1.5519302293461668,0.20510664919896052,195.4,0,0.0,1.0,1,1.0,0.0,0.005117707267144319
Jediknight1819,False,0.5358650863745191,0.2761816843314648,892.9,0,0.0,1.0,1,1.0,1.0,0.0011199462425803561
JeeFked69,False,3.0224046761498293,0.022883613706063902,348.3,0,0.0,1.0,1,1.0,1.0,0.002871088142405972
Jeezwhataload,False,3.2482115243311904,4.037223198432857e-05,1001.0,1,0.0,1.0,1,1.0,0.0,0.000999000999000999
Jerry-Ahlawat,True,0.572933705863273,0.05191668280704721,1199.8,0,0.0,1.0,1,0.0,1.0,0.0008334722453742291
JerseyGirl4ever,False,1.8177090517019237,0.12198708866149567,2177.7,0,1.0,0.0,1,0.0,0.0,0.0
JessePinkman009,False,2.279129282196129,0.6992733483723009,914.9,0,1.0,0.0,1,0.0,0.0,0.0
JesusCriesUwU,False,0.9686691964961364,0.1624593329662754,2414.9,0,0.0,1.0,1,0.0,1.0,0.00041409582177315827
Jesusncon,False,1.2328442715354968,0.14571181118139367,315.1,0,0.0,1.0,1,0.0,1.0,0.0031735956839098697
Jetha-bhai,False,1.961956386264051,0.024273036356206458,340.9,0,0.0,1.0,1,0.0,1.0,0.0029334115576415375
JhantuReporter,False,0.49984198863202667,0.7179162486723542,1007.0,0,1.0,0.0,1,0.0,0.0,0.0
JhumarkenicheShanti,False,2.2379942346137423,0.004835933431416308,866.2,1,0.0,1.0,1,0.0,1.0,0.001154467790348649
Jiim-Moriarity,False,1.7624239119463043,0.0014749265210678667,562.1,0,0.0,2.0,2,1.0,0.5,0.0035580857498665715
Jimmyjamhopper,False,1.2228138359475895,0.06628872758486748,2178.8,0,0.0,2.0,1,0.5,1.0,0.0009179364787956672
Jishnujichu1200,False,2.9804636986659934,2.7044449968468793,2650.7,0,1.0,1.0,1,1.0,1.0,0.0003772588372882635
Jisoooooooooyaaa,False,0.9290190954108096,0.0356012897340976,1828.3,0,0.0,1.0,1,1.0,1.0,0.0005469561888092764
JithendraChunduru,False,1.585408487707265,0.0088536128065093,1432.0,0,0.0,1.0,1,0.0,1.0,0.0006983240223463687
JoJo_is-based,False,2.768744370830497,0.0484022001767524,293.2,0,0.0,1.0,1,1.0,1.0,0.0034106412005457027
Joel9730,False,0.014038247007565195,0.026668247082161325,2617.2,0,0.0,1.0,1,1.0,1.0,0.0003820877273421978
John_J24,False,1.4866203582165485,0.21836335824719275,2012.2,0,0.0,2.0,2,0.5,1.0,0.0009939369843951892
John_Wick_6395,False,2.3214176830607958,0.5125160055499048,2083.0,0,1.0,0.0,1,0.0,0.0,0.0
John_snow_2006,False,1.0231395012349738,0.19415601444095745,37.6,0,0.0,1.0,1,1.0,1.0,0.026595744680851064
John_w8ck69,False,0.41216188666585396,0.06728200708332202,570.5,0,0.0,1.0,1,0.0,1.0,0.0017528483786152498
JokerSlayer18,False,4.9791819272156355,3.9167636724214665,498.0,0,0.0,1.0,1,1.0,1.0,0.002008032128514056
Jolly-Analyst-2147,False,1.9331427740170575,0.06656618218004581,885.1,0,0.0,1.0,1,0.0,1.0,0.001129815840018077
Jolly_Bat8531,False,4.987650636278623,3.0992123240200433,720.9,0,1.0,1.0,1,1.0,0.0,0.0013871549452073796
Jolly_Brother_5984,False,0.00653597097978553,0.2876820724517809,457.5,0,0.0,1.0,1,1.0,1.0,0.002185792349726776
Jolly_Lake_6543,False,0.6979169566181553,0.0036479748617472686,2175.2,0,0.0,1.0,1,0.0,1.0,0.0004597278411180581
Jolly_Mouse8812,False,1.6661437928760543,0.2156013682679213,1046.2,1,0.0,1.0,1,0.0,1.0,0.0009558401835213152
Josaphine-by,False,0.24171993688714516,0.4080064055368369,716.8,0,0.0,1.0,1,0.0,1.0,0.0013950892857142857
JosephJoestar1987,False,2.5672715352933952,0.017066200058119495,152.2,0,0.0,1.0,1,0.0,1.0,0.00657030223390276
Jskull432,False,0.9775122687725476,0.6300283299818186,1434.4,0,0.0,1.0,1,1.0,1.0,0.0006971556051310652
Jugad,False,2.131762473370745,0.027881628470601418,5516.5,0,0.0,1.0,1,0.0,1.0,0.00018127435874195594
Jujutsuing,False,6.465146448218005,0.4647129182283987,794.3,0,0.0,1.0,1,1.0,1.0,0.001258970162407151
Jumpy-Yam-6374,False,0.07627467260005277,0.011976191046715693,1047.2,0,0.0,1.0,1,1.0,1.0,0.0009549274255156607
Juna14_K,False,2.7058499801926077,0.008954497546731003,273.0,0,0.0,1.0,1,0.0,1.0,0.003663003663003663
Jungian_soul,False,1.711155257364347,0.044776983452880795,1016.9,0,0.0,1.0,1,1.0,1.0,0.000983380863408398
Junior-Rooster-8439,False,0.626988510308869,0.17855507399847775,181.2,0,0.0,1.0,1,0.0,1.0,0.005518763796909493
Junior-Singer301,False,1.1085117787418777,0.026412099539777197,623.2,1,0.0,1.0,1,1.0,1.0,0.0016046213093709883
Junior-Support-8140,False,4.428674708037118,2.1109891270717474,801.7,0,0.0,1.0,1,0.0,1.0,0.0012473493825620556
Junior_Sleep269,False,5.135412302349294,1.549030190549694,1016.3,0,2.0,0.0,1,0.0,0.0,0.0
Just-Control-9815,False,0.9667810427269556,0.21551962620355042,1863.8,0,0.0,1.0,1,0.0,1.0,0.0005365382551775941
Just-Pattern-7878,False,0.2835423856960104,0.867790380777321,1500.8,0,0.0,1.0,1,0.0,1.0,0.0006663113006396588
JustAPaneerLover,False,2.287027106651062,0.04028553121533217,798.7,0,0.0,2.0,1,1.0,1.0,0.0025040691123074995
JustASheepInTheFlock,False,3.034081975685994,0.003784716043473578,1150.8,0,0.0,2.0,2,0.5,1.0,0.001737921445950643
JustSomeCodes,False,0.3077340383094607,2.9575110607337933,424.6,0,1.0,0.0,1,0.0,0.0,0.0
JustYerJester,False,0.7006492213386847,0.18695954500997897,1148.7,1,0.0,1.0,1,0.0,1.0,0.0008705493166187864
Just_Deer_8190,False,0.5587473002144171,0.04652001563489285,674.7,0,0.0,1.0,1,0.0,1.0,0.0014821402104639098
Just_scrolling07,False,1.7903792067590965,0.3924952917144959,1450.0,0,0.0,6.0,3,0.16666666666666666,1.0,0.004137931034482759
Justanother-redditor,False,0.3145601733766718,0.044891523753774684,3633.1,0,0.0,1.0,1,0.0,1.0,0.0002752470342132064
Justaraandomhumann,False,0.8447483789660112,0.42148253543982656,1066.0,0,1.0,1.0,1,0.0,1.0,0.0009380863039399625
Justateahorse,False,2.7269186854065928,0.6390073016397199,1876.0,0,0.0,1.0,1,1.0,1.0,0.0005330490405117271
Justme_090,False,1.655000077722427,0.5742859776832164,632.4,0,0.0,1.0,1,0.0,1.0,0.0015812776723592664
KABALI_JNP,False,2.878867506420902,0.09107431601663427,387.1,0,0.0,2.0,1,0.5,1.0,0.005166623611469904
KARAMKAANDI,False,0.4548426790471528,1.4557228675516536,1137.3,1,0.0,1.0,1,0.0,1.0,0.0008792754770069463
KAUR_EMBROIDERY,False,1.564286604539181,0.5833765144245663,239.2,0,0.0,1.0,1,1.0,1.0,0.004180602006688963
KOgenie,False,2.0184579773593745,1.8805959021277312,481.1,0,2.0,0.0,1,0.0,0.0,0.0
KaapiTunes,False,0.2016772031393129,0.1562806060850832,1047.2,0,0.0,1.0,1,1.0,0.0,0.0009549274255156607
Kabiraa101,False,0.9732575564808326,0.5959618929157394,2088.0,0,0.0,1.0,1,1.0,1.0,0.0004789272030651341
Kai-la-7687,False,1.179147971456387,0.017618726551594414,1372.8,0,0.0,1.0,1,1.0,1.0,0.0007284382284382285
Kailash_69,False,0.11278182184308473,0.4554755286828257,1365.3,0,0.0,1.0,1,1.0,1.0,0.0007324397568300008
KaisenKlaus,False,0.431002919795843,0.005982071677547464,931.7,0,0.0,1.0,1,1.0,1.0,0.0010733068584308253
KakashiUchiha30,False,1.4093371362122853,0.2752759479116822,405.4,0,1.0,0.0,1,0.0,0.0,0.0
KaleidoscopeShort501,False,4.251645962718828,0.02398453551935814,109.1,0,0.0,1.0,1,1.0,1.0,0.00916590284142988
Kaleshi-guy,False,5.307254583114066,6.287924043949341e-05,79.2,0,0.0,9.0,1,1.0,0.6666666666666666,0.11363636363636363
Kallu-kaliyaa,False,2.092874160210806,0.1164460645995827,486.2,0,0.0,1.0,1,0.0,1.0,0.0020567667626491155
KamalTheCoder,False,0.4778926887087545,0.1251335532157251,3675.7,0,0.0,1.0,1,0.0,1.0,0.0002720570231520527
Kamicrazy_K,False,1.072506585852648,0.06728644172228697,1717.9,1,0.0,1.0,1,1.0,1.0,0.0005821060597240817
KangarooPristine3651,False,0.9417620222161399,0.13653838942105642,2097.8,0,0.0,1.0,1,1.0,1.0,0.0004766898655734579
KanonKaBadla,False,3.50412499072961,0.05113090298644291,653.1,0,0.0,3.0,3,0.0,1.0,0.004593477262287551
Kanshuuu,False,1.868832149968155,1.2935126276689244,420.2,0,1.0,0.0,1,0.0,0.0,0.0
KapilRB,False,4.958417393236754,1.657532133425633,993.2,0,1.0,0.0,1,0.0,0.0,0.0
Karan22223,False,0.4825731108141068,0.22242473014991695,1680.0,0,0.0,1.0,1,1.0,1.0,0.0005952380952380953
Karmabots,False,1.9764461599626477,0.022673910348903696,2109.2,0,0.0,1.0,1,0.0,1.0,0.0004741134079271762
KartikTheGreat,False,1.495943203364302,1.5859905559364635,2664.9,0,1.0,0.0,1,0.0,0.0,0.0
Kashyapm94,False,2.4867604513966133,0.6528834176586573,2119.8,0,0.0,1.0,1,1.0,1.0,0.00047174261722804036
KatilKiller07,False,0.3527656902971696,1.4785696372290615,1553.2,0,1.0,0.0,1,0.0,0.0,0.0
Kay_Bhagtos_Lavdya,False,3.581060024156602,1.7954169105234319,1114.1,1,1.0,1.0,2,0.0,1.0,0.0008975854950184006
KeepFlowingAlways,False,0.7166749903652389,0.1940772649823193,1730.6,0,1.0,0.0,1,0.0,0.0,0.0
KeetanuJi,False,1.7862951169464387,2.2370806782646144,1926.8,0,0.0,1.0,1,0.0,1.0,0.0005189952252439277
KenDrakebot,False,5.440839209375188,1.7087556964259683,461.1,0,0.0,1.0,1,0.0,1.0,0.002168726957276079
Ken_1928,False,0.03296277335956864,0.18232155679395465,149.2,0,0.0,1.0,1,1.0,1.0,0.006702412868632708
Kent0_nanami,False,2.4930412683948626,0.2864371910461306,1374.3,1,0.0,1.0,1,1.0,1.0,0.0007276431637924761
KevlarArmor,False,2.095208820024401,0.07606539402157578,1672.2,0,0.0,1.0,1,0.0,1.0,0.000598014591556034
Key-Pressure5005,False,1.3611809336929086,0.011767851329671774,677.4,0,0.0,2.0,1,1.0,1.0,0.002952465308532625
Key-Significance-298,False,1.3938785552825463,0.14357540468062588,2032.7,0,0.0,2.0,2,0.0,1.0,0.0009839130220888473
Key_Confection83,False,0.29988070963606406,0.14771602761647906,1621.4,0,0.0,1.0,1,1.0,1.0,0.0006167509559639817
Key_Gap9168,False,2.683092071891448,0.06757746997489375,551.2,0,0.0,1.0,1,1.0,1.0,0.0018142235123367197
Key_Grapefruit_5248,False,4.714028915196448,0.11069806168932964,1037.0,0,0.0,4.0,2,0.75,1.0,0.003857280617164899
Key_Lawfulness2611,False,0.4727548967052554,2.121512755600523,440.1,0,1.0,0.0,1,0.0,0.0,0.0
Key_Possession_1623,False,0.5059156302684348,0.1088028598487991,735.0,0,0.0,1.0,1,1.0,0.0,0.0013605442176870747
Key_River433,False,1.372579084454386,0.18880991890896054,556.1,0,0.0,1.0,1,1.0,0.0,0.001798237727027513
Key_Seaworthiness241,False,0.29820492863754205,0.6747304537737142,1545.6,0,0.0,1.0,1,0.0,1.0,0.0006469979296066253
Key_Seaworthiness_18,False,1.764786716720411,0.5825060121405187,1935.2,0,0.0,1.0,1,1.0,1.0,0.0005167424555601488
Key_Soup2284,False,1.2244122544766305,0.028024667448196223,406.3,0,0.0,1.0,1,0.0,1.0,0.002461235540241201
Key_Tomato6685,False,1.1580580442776685,0.5191063422534675,1406.3,0,0.0,1.0,1,1.0,1.0,0.0007110858280594468
Keysersoze_66,False,2.069596565720269,1.1491076015691941,2705.0,0,0.0,1.0,1,1.0,1.0,0.0003696857670979667
Khada_Masala,False,3.6751509346103406,1.2625741316335597,688.5,0,1.0,1.0,2,0.0,1.0,0.0014524328249818446
Kicstarv,False,1.9053039969066718,0.5846705886336355,3628.8,0,1.0,0.0,1,0.0,0.0,0.0
Kimi_Raikkonen2001,False,2.676264295561982,2.0270109323826846,2312.0,0,26.0,14.0,1,1.0,1.0,0.006055363321799308
KinSlayer_18,False,1.436663440163195,0.34247199376073895,3357.1,0,0.0,1.0,1,0.0,1.0,0.00029787614309969917
Kind_Fault1944,False,0.542031236970763,0.0015349197180837104,904.8,1,0.0,1.0,1,0.0,1.0,0.0011052166224580018
Kind_Tomato9679,False,1.8538332768719836,0.22445280730107517,1454.8,0,0.0,1.0,1,0.0,1.0,0.0006873797085510036
KindheartednessDry40,False,1.532642903679135,0.0001281804782886863,2148.8,0,0.0,3.0,1,0.3333333333333333,1.0,0.001396128071481757
Kindly-Bed-8486,False,1.256537792415547,0.0004680552390621619,849.9,0,0.0,2.0,1,0.5,1.0,0.0023532180256500765
Kindly-Grand3237,False,0.8902987269887774,0.2656438519929604,509.8,0,0.0,1.0,1,1.0,1.0,0.001961553550411926
KindlyWestern5514,False,2.204928103804798,0.0008133388004283582,152.3,0,0.0,1.0,1,0.0,1.0,0.006565988181221273
Kindly_Chemist3457,False,0.8032983233941912,0.03145870781779208,811.1,0,0.0,1.0,1,1.0,1.0,0.0012328936012822092
Kindly_Regret5017,False,1.170895858947496,1.0156402849777326,1755.6,0,1.0,0.0,1,0.0,0.0,0.0
KingAtlan,False,3.0563509728887124,1.0455792262661008,2185.1,0,0.0,1.0,1,1.0,1.0,0.0004576449590407762
KingDong___,False,2.9928111176437215,2.331892465978676,2204.4,0,0.0,1.0,1,1.0,1.0,0.00045363817818907636
KingJohn911,True,1.6899227732830864,0.10772620872602626,914.9,0,0.0,1.0,1,0.0,1.0,0.0010930156301235108
KingShxtOnly,False,0.8086578828899074,0.7465723472335258,416.1,0,0.0,1.0,1,1.0,1.0,0.002403268445085316
KisBaatNeRoneNaDiya,False,3.8498478864373222,0.248554162416751,156.2,0,1.0,3.0,2,1.0,1.0,0.01920614596670935
Kitchen-Apricot-4806,False,1.300211352645997,0.3145541830637782,1605.2,0,1.0,1.0,2,1.0,1.0,0.000622975330176925
KitchenImagination38,False,2.5050496330998544,0.22715335842443993,1200.0,0,0.0,2.0,2,1.0,1.0,0.0016666666666666668
KitchenWolverine8695,True,2.538532233458906,0.5091495788387412,119.2,1,0.0,1.0,1,1.0,1.0,0.008389261744966443
Kitchen_Internet3623,False,2.616462248750368,0.6579811873260656,2001.7,0,0.0,1.0,1,0.0,1.0,0.0004995753609431982
KitsawZonReddit,False,1.7608868308955885,0.25199434300870904,479.7,0,0.0,1.0,1,0.0,1.0,0.0020846362309776944
Kixaz007,False,1.2525565658857063,0.24250659230973526,4845.4,0,0.0,1.0,1,0.0,1.0,0.0002063813101085566
Klutzy_Concern_7918,False,0.7696633882006043,0.06519058553721288,1940.4,0,0.0,1.0,1,1.0,1.0,0.0005153576582148011
Klutzy_Fisherman_727,False,1.8956487749418354,2.2965227983184997,639.4,0,2.0,1.0,2,1.0,0.0,0.0015639662183296842
Kneegr0w_pass,False,2.2735879651215773,0.2075640874143337,1993.3,0,1.0,0.0,1,0.0,0.0,0.0
Knight-check44,False,5.335476749840652,0.7799393807648505,445.7,0,0.0,3.0,2,0.0,1.0,0.006730984967466906
KnoUsername,False,2.3975734442372416,0.0489790171243617,2542.7,0,0.0,1.0,1,1.0,1.0,0.0003932827309552838
KnowledgeAmazing7850,False,1.3521825266130276,0.11359871562568412,1705.6,0,0.0,1.0,1,0.0,1.0,0.0005863039399624766
Known_Reason5342,False,1.4137458901292652,0.25042336116915137,205.7,0,0.0,1.0,1,1.0,1.0,0.004861448711716091
Koenigss15,False,1.0091463936091065,0.37611738766159897,5276.9,0,0.0,1.0,1,1.0,1.0,0.00018950520191779265
Kohl_And_Curves,False,5.382933459100187,0.3987259982704126,48.8,0,0.0,2.0,2,0.5,0.5,0.04098360655737705
KokaOP,False,0.40836184275617704,0.42257123853676387,1459.3,0,0.0,1.0,1,1.0,1.0,0.0006852600561913246
Kooky-Sugar-531,False,0.8156914559246456,1.1228333143598568,1722.8,0,1.0,1.0,2,1.0,1.0,0.0005804504295333179
Kooky-Toe8851,False,0.02100917608934343,0.6931471805599453,47.1,1,0.0,1.0,1,0.0,1.0,0.021231422505307854
Kooky_Amphibian346,False,2.1486452652092716,0.2601244872081434,877.3,0,0.0,1.0,1,0.0,1.0,0.0011398609369656903
KrakenFranken,False,1.2047844673430554,0.04543368131880747,2081.3,0,0.0,3.0,1,0.6666666666666666,1.0,0.0014414068130495362
Kratos_Monster,False,1.0691500566540393,0.21710725672344822,2222.8,0,0.0,1.0,1,1.0,0.0,0.0004498830304120928
Krekken24,False,0.4122391484481869,0.2947995402206449,2393.2,1,0.0,1.0,1,0.0,1.0,0.00041785057663379577
Krissssiie,False,0.7315414595197761,2.3122322863720486,1834.4,0,0.0,1.0,1,1.0,1.0,0.0005451373746184038
Ksb2311,False,2.546862457231285,0.37267978370060667,3047.0,0,0.0,1.0,1,0.0,1.0,0.0003281916639317361
KuShAgRa016,False,1.7858922292424275,0.056111512101414636,2635.3,0,0.0,1.0,1,1.0,1.0,0.00037946343869768145
Kuch-to-log-bolenge,False,5.184724568696483,1.1675075182080032,41.2,0,3.0,2.0,3,1.0,1.0,0.04854368932038835
Kunal_Sen,False,2.1119967926560346,0.042155058220132685,3091.1,0,0.0,1.0,1,0.0,1.0,0.00032350943029989325
Kuroryu95,False,1.1931638566955385,0.17252967325206617,3644.4,0,0.0,1.0,1,0.0,1.0,0.0002743935901657337
KussyPigga,False,3.550684407225942,0.2486029501087474,1016.9,0,0.0,1.0,1,1.0,1.0,0.000983380863408398
Kweefus,False,2.7902957653130063,0.011996316292831362,2819.8,1,1.0,0.0,1,0.0,0.0,0.0
LOfP,True,0.46704565624431116,0.3091513384562211,3952.8,1,1.0,0.0,1,0.0,0.0,0.0
LUCIFERisonline,False,0.7865081162210836,0.8281286821967342,2390.2,0,0.0,1.0,1,1.0,1.0,0.0004183750313781274
Ladiesman-agu,False,0.21511473842685197,0.5787368293822011,1920.8,0,0.0,1.0,1,0.0,1.0,0.0005206164098292378
Lady_Scarecrow,False,2.0848997305882007,0.09389284360285256,2041.8,0,0.0,3.0,2,0.6666666666666666,1.0,0.0014692918013517486
Lagom_sr,False,0.1615457557735511,0.004555816535860717,1249.1,0,0.0,1.0,1,1.0,1.0,0.0008005764150188136
LaiBhaariMulgi,False,1.1313636777924287,0.8839660945045867,2014.4,0,5.0,0.0,1,0.0,0.0,0.0
Lancer_70,False,0.2023633559164568,0.6888827817734877,2082.1,0,0.0,1.0,1,0.0,1.0,0.00048028432832236684
Lancysteel,False,0.45889504737681963,0.003212854169325338,2139.7,0,0.0,1.0,1,0.0,1.0,0.00046735523671542745
Lanky-Equivalent7915,False,2.229032250085399,0.012558529247395724,376.8,0,0.0,6.0,1,0.5,1.0,0.01592356687898089
Lannistr_warlord,False,0.5118079421161011,0.08945935862826981,610.5,0,0.0,1.0,1,1.0,1.0,0.001638001638001638
Large-Courage5626,False,0.8232879184466073,0.9146721720387443,723.8,0,0.0,1.0,1,1.0,1.0,0.0013815971262779775
Large-Party-265,False,1.7523613005332588,0.9371288537114596,1367.6,0,0.0,1.0,1,0.0,1.0,0.0007312079555425563
Large_Election_2640,False,1.836600765832919,0.3851630626708416,1182.9,0,0.0,1.0,1,0.0,1.0,0.0008453799983092399
LargrFries43,True,4.832078997528414,1.4537348824429983,246.0,0,0.0,3.0,2,0.3333333333333333,1.0,0.012195121951219513
Last-Safe7072,False,3.6723767164607564,0.3430024226072934,1767.7,0,0.0,2.0,1,0.5,1.0,0.0011314137014199243
LastShinobi01,False,0.09178849208734202,1.2899632521814586,1841.2,0,0.0,1.0,1,1.0,1.0,0.0005431240495329133
Late-Spite8425,False,4.336341617826529,0.03730815702527186,1123.0,0,0.0,6.0,2,1.0,1.0,0.005342831700801425
Late-Warning7849,False,1.946650312397477,0.007556943160396255,1813.6,0,0.0,8.0,2,0.625,0.75,0.004411116012351125
LateAgain___,True,0.17261524012894802,0.010810916104215628,488.3,0,0.0,1.0,1,0.0,1.0,0.0020479213598197828
LatterMaintenance420,False,2.278051497217636,0.9948452433723324,702.7,0,1.0,0.0,1,0.0,0.0,0.0
Latter_Ad_874,False,0.527744252592353,0.031400900451190566,1999.7,0,0.0,1.0,1,0.0,1.0,0.0005000750112516877
Latter_Worker4374,False,1.2279352789863545,0.02073010894607512,544.7,0,0.0,3.0,1,0.3333333333333333,1.0,0.005507618872774004
Lavender_Zero,False,1.1411719030869056,0.4342600100561091,322.0,0,0.0,1.0,1,1.0,1.0,0.003105590062111801
LawfulnessFast1025,False,4.6208707921943954,0.27578745417588085,396.6,0,1.0,0.0,1,0.0,0.0,0.0
Laznaz,False,2.337330072898127,0.2911620996145211,2113.1,0,0.0,2.0,2,1.0,1.0,0.0009464767403341063
Lazy-One-1187,True,3.6967007732584536,0.01604229992345917,166.2,0,0.0,2.0,2,0.5,1.0,0.012033694344163659
Lazy-Pressure1316,False,0.9443589130769614,0.0003920799893395647,1623.0,0,0.0,1.0,1,1.0,1.0,0.0006161429451632779
Lazy-and-Happy,False,0.6382227451828548,0.18392283816092847,278.8,1,0.0,2.0,2,0.5,1.0,0.007173601147776184
Lazy_Classroom7270,False,2.7466997971869316,0.11856361488577642,494.0,0,1.0,0.0,1,0.0,0.0,0.0
Lazy_killer9999,False,2.969703957606471,1.4205106135624508,1606.5,0,0.0,1.0,1,1.0,1.0,0.0006224712107065049
LeAnarchiste,False,3.030870424319892,0.11532519755982798,1295.9,0,0.0,3.0,3,0.3333333333333333,1.0,0.0023149934408519175
Leading-Reception-13,False,0.8843902649857842,0.08580077670890913,2163.9,0,0.0,1.0,1,1.0,1.0,0.0004621285641665511
Leading_Protection_7,False,3.2588773531306803,0.14797146346130022,1895.7,0,0.0,1.0,1,0.0,1.0,0.0005275096270506937
Least-Whereas-1358,False,0.13811470789227706,0.12201495056296352,1991.8,0,0.0,1.0,1,0.0,1.0,0.0005020584396023697
Least_Narwhal_9711,True,2.055381397750644,0.8192102785769421,97.8,0,0.0,1.0,1,1.0,1.0,0.010224948875255624
Leather-Fish-7407,False,1.5533424097418547,0.41497992774950293,637.2,0,0.0,1.0,1,0.0,1.0,0.001569365976145637
Leather_Solution1772,False,0.4770045297897173,0.013355791181555682,1971.4,0,0.0,1.0,1,0.0,1.0,0.0005072537283149031
LeekOne1501,False,1.188987813056034,0.2342591877969198,1108.7,0,0.0,1.0,1,1.0,1.0,0.0009019572472264815
Leelaah_saiee,False,2.3997615252840467,0.24974037255176088,2190.0,0,0.0,2.0,2,1.0,0.5,0.0009132420091324201
LeftHuckleberry447,False,1.3279735387717444,0.4312211419109677,1772.2,0,0.0,3.0,1,0.6666666666666666,1.0,0.0016928111951247037
Left_Ad8617,False,0.4348563948315439,0.06564410444532079,662.7,0,0.0,1.0,1,1.0,1.0,0.001508978421608571
Legal_Introduction_8,False,0.33172307599870715,0.019324272826402825,2122.7,0,0.0,1.0,1,0.0,1.0,0.000471098129740425
Legitimate-Guitar466,False,0.09473397696498895,0.014388737452099606,694.4,1,0.0,1.0,1,0.0,1.0,0.0014400921658986176
Legitimate-Home5263,False,0.006680051560373893,0.6931471805599453,149.2,0,0.0,1.0,1,0.0,1.0,0.006702412868632708
Legitimate-Mail3331,False,1.7976938611464075,0.9787943518468942,1722.1,0,0.0,1.0,1,1.0,1.0,0.0005806863712908659
Legitimate-Ride5034,False,2.7029547192309122,7.439092434154119e-05,965.4,1,0.0,1.0,1,1.0,0.0,0.0010358400662937642
Legitimate-Ruin1508,False,0.29794220137541333,0.12770952483191372,1054.5,1,1.0,0.0,1,0.0,0.0,0.0
Legitimate-Trip8422,False,4.573372065484193,0.06492775026179218,503.9,0,0.0,8.0,4,0.5,1.0,0.015876165905933718
LegitimateAnalyst687,False,0.5710679257459893,0.1173930960920742,831.0,0,0.0,1.0,1,0.0,1.0,0.0012033694344163659
LegitimateClassic997,False,0.3991341517105239,0.32609152056665214,232.4,0,0.0,1.0,1,0.0,1.0,0.004302925989672977
Legitimate_Cat8360,False,0.00397867955421833,0.18232155679395465,1254.2,0,0.0,1.0,1,0.0,1.0,0.0007973210014351777
Legitimate_Dark_3554,False,0.784575942861439,0.0023501773449535923,356.7,0,0.0,1.0,1,0.0,1.0,0.0028034763106251754
LemonCertain1944,False,1.1550474958897938,0.14636140791294655,499.5,1,0.0,1.0,1,1.0,1.0,0.002002002002002002
LemonLopsided278,False,0.8297112270570767,0.8461855132202295,926.0,0,0.0,1.0,1,0.0,1.0,0.0010799136069114472
Lemonade2250,False,3.6228875158248144,4.4937050897529405,488.4,0,4.0,0.0,1,0.0,0.0,0.0
LengthAggressive953,False,2.1250634152494117,0.9052358322233758,1177.2,0,0.0,1.0,1,0.0,1.0,0.0008494733265375467
Less-Secret2818,False,2.869905072635769,0.015670272298289194,989.7,0,0.0,1.0,1,0.0,1.0,0.001010407194099222
Less-Web-1847,False,2.8347205033467873,0.23578106002668756,390.0,1,1.0,0.0,1,0.0,0.0,0.0
LessRecommended,False,2.665360908835183,4.191905431227323e-05,1783.8,0,0.0,4.0,1,0.75,1.0,0.002242403856934634
Less_Juggernaut2950,True,0.7318167588736517,0.39961029044673274,1577.6,0,0.0,1.0,1,1.0,0.0,0.0006338742393509128
Less_Match_5894,False,0.6023721559210117,0.16430305129127631,278.3,0,0.0,1.0,1,1.0,1.0,0.0035932446999640674
Lesterfremonwithtits,False,2.615809065713926,0.41148950187883954,1280.3,0,0.0,1.0,1,0.0,1.0,0.0007810669374365383
LetAntique1298,False,1.0790452100269021,0.07458318546863747,1833.8,0,0.0,1.0,1,1.0,1.0,0.0005453157378121933
Level-Shoulder1353,False,0.23091043422975593,0.04461706548880674,2113.6,0,0.0,1.0,1,0.0,1.0,0.00047312641937925814
Level_Tower1408,False,0.583880409935054,0.07275935428242832,142.5,0,0.0,2.0,1,0.0,1.0,0.014035087719298246
LieSuperb9799,False,3.665051691363587,1.29338007647083,1196.8,0,1.0,0.0,1,0.0,0.0,0.0
Liepie325,False,1.942521591596074,0.6723033710275208,532.1,0,0.0,1.0,1,1.0,1.0,0.0018793459875963165
Life-idk92,False,2.767479210994596,0.810605593587281,619.3,0,0.0,2.0,2,0.5,1.0,0.003229452607782981
LifePie9114,False,1.8255861714175672,1.639935828847028,460.2,0,1.0,0.0,1,0.0,0.0,0.0
Life_Abalone_3689,False,1.394656127598808,2.3269241612993135,931.9,0,0.0,1.0,1,0.0,1.0,0.0010730765103551883
Life_Machine_9694,False,3.9507425431953536,0.15667563454508662,483.6,0,0.0,2.0,1,1.0,1.0,0.0041356492969396195
Life_Whole4103,False,0.6205569321124389,0.24487110701997386,769.8,0,1.0,2.0,1,0.5,1.0,0.002598077422707197
LightKitchen8265,False,2.019578777827003,0.11102197633536919,2032.7,0,1.0,0.0,1,0.0,0.0,0.0
LightPhotographer,False,3.085631768434721,0.01320257464193373,2095.8,0,1.0,0.0,1,0.0,0.0,0.0
LightningKeqing,False,4.504264769532683,0.2264941124818097,118.7,0,1.0,0.0,1,0.0,0.0,0.0
Limitless_infinity99,False,1.0731754734837438,0.08608416320043757,610.5,1,1.0,0.0,1,0.0,0.0,0.0
Limp-Question-4778,False,0.3263824649255962,1.1519582693734025,1793.0,0,2.0,1.0,1,0.0,1.0,0.0005577244841048522
Limp_Desk9845,False,3.4406932145311884,0.011439556067736088,910.9,0,0.0,1.0,1,1.0,1.0,0.0010978153474585574
LinguoBuxo,False,6.1867242025290885,0.18199936238014167,1218.9,0,0.0,1.0,1,1.0,1.0,0.0008204118467470669
LinkSuspicious5624,False,0.014025475354504421,0.22314355131420976,283.2,1,0.0,1.0,1,0.0,1.0,0.0035310734463276836
LionSupremacist,False,0.5891849233864964,0.5193883672158786,5113.9,0,0.0,1.0,1,0.0,1.0,0.00019554547410000197
LipstickAndLaw24,False,0.6001104790550948,0.08338160893905106,272.4,0,0.0,1.0,1,0.0,1.0,0.0036710719530102793
LithiumIonisthename,False,1.3489615167266706,0.09798955954230776,1689.2,0,0.0,1.0,1,1.0,1.0,0.0005919962112242482
Little-Breath5557,False,1.2896258147941833,0.019875516249891055,1042.4,0,0.0,1.0,1,1.0,0.0,0.0009593246354566385
Little-Midnight7285,False,2.2585518291984,0.7032921951068059,323.6,0,1.0,0.0,1,0.0,0.0,0.0
Littlestitious21_,False,3.305926883610182,0.20311885336692628,588.0,0,0.0,1.0,1,0.0,1.0,0.0017006802721088435
Live-Ad-7710,False,2.123625435147769,1.4826231196067814,1948.0,0,1.0,1.0,1,0.0,1.0,0.000513347022587269
Live-Cat9553,False,2.9926572699298086,0.07084231972647015,1667.6,0,0.0,1.0,1,0.0,1.0,0.0005996641880546894
LiveKaleidoscope8625,False,0.1486304843539583,0.023530497410194116,262.1,0,0.0,1.0,1,0.0,1.0,0.003815337657382678
Live_Jellyfish_339,False,1.6966669725505195,0.3410962078682944,826.8,0,0.0,1.0,1,1.0,1.0,0.0012094823415578133
Livezee,False,1.9053317895709814,0.023574292710965346,855.0,0,0.0,1.0,1,1.0,1.0,0.0011695906432748538
Livid-Cheek7846,False,2.411169357098068,0.19827686585342344,1877.7,0,0.0,1.0,1,1.0,1.0,0.0005325664376630984
Livid-Needleworker25,False,2.3132592781901296,0.16658304045679678,1673.6,0,1.0,7.0,2,0.2857142857142857,1.0,0.004182600382409178
Livid_Strawberry9304,False,1.5236251588539522,0.030213778596496592,701.9,0,0.0,1.0,1,1.0,1.0,0.0014247043738424277
Living_Astronomer475,False,0.02377235626945377,0.37729423114146804,1413.3,0,0.0,1.0,1,0.0,1.0,0.0007075638576381518
Living_Decision_6725,False,0.9427132590976288,0.07531232988401196,1345.3,0,0.0,1.0,1,1.0,1.0,0.0007433286255853713
Living_Designer2299,False,0.8384911333272781,0.1665933613193796,1652.1,0,0.0,2.0,1,0.5,1.0,0.001210580473336965
Living_Inflation_327,False,1.9930387457009766,0.7867215746028733,1344.0,0,0.0,2.0,2,0.0,1.0,0.001488095238095238
Living_Pain6691,False,0.0014912021850685797,0.2876820724517809,2010.3,0,0.0,1.0,1,1.0,1.0,0.0004974381933044819
Lizyyy-13,False,3.6876672659661653,0.005215727000534868,454.0,0,0.0,2.0,2,0.5,1.0,0.004405286343612335
LmaoAkashi,False,0.5584862504122381,0.04477902340063365,2227.2,0,0.0,1.0,1,0.0,1.0,0.00044899425287356327
Local-Ad8205,False,0.2500510042341341,0.030583423372080237,580.8,0,0.0,1.0,1,0.0,1.0,0.001721763085399449
Local-Fortune-3785,False,0.17985215463723025,0.6455191315706906,1243.4,0,0.0,1.0,1,1.0,1.0,0.000804246421103426
Local-Main-4977,False,0.8585423566750882,0.12516314295400602,1137.0,0,0.0,1.0,1,1.0,1.0,0.0008795074758135445
LocalBeyond9455,False,0.7199021206056933,0.0016012813669738332,591.9,0,0.0,1.0,1,1.0,1.0,0.0016894745734076704
LocalDurian7120,True,0.4300709189103646,0.015538603427779152,843.0,0,0.0,1.0,1,0.0,1.0,0.0011862396204033216
LocalShare69,False,1.8019010381364584,0.23760403764526392,498.7,0,0.0,1.0,1,0.0,1.0,0.0020052135552436337
Local_Discipline5428,False,1.3440530659780148,0.2079129448633208,1884.6,0,0.0,2.0,1,0.0,1.0,0.0010612331529236973
Local_Indication_941,False,2.783902428470486,2.242732545210825,436.7,0,1.0,0.0,1,0.0,0.0,0.0
LocksmithInfinite585,False,0.6943926809715733,0.13128284026314244,1644.9,0,0.0,1.0,1,0.0,1.0,0.0006079396923825156
Locupleto,False,1.3696579560615745,0.482043860680421,5758.0,0,0.0,1.0,1,0.0,1.0,0.0001736714136853074
Lodumal-cum-boy,False,0.9056522503278104,0.03331850377635696,1283.3,0,0.0,1.0,1,0.0,1.0,0.0007792410192472532
Logen10Fingers,False,3.4931472406017257,0.10851223631797628,1530.2,0,0.0,1.0,1,1.0,0.0,0.0006535093451836362
Logical-Yak5511,False,1.3653653271587536,1.356407727369691,1197.4,0,1.0,1.0,1,1.0,1.0,0.0008351428094204108
LogicalGuess,False,0.5812425894917864,0.019987907617413144,3011.7,0,0.0,1.0,1,1.0,1.0,0.00033203838363714846
LogicalmeLunatic,False,0.8827239082350719,0.015314234973042507,463.5,0,0.0,1.0,1,1.0,1.0,0.002157497303128371
LoneBuddy,False,0.7006843476976897,1.7743828373922392,2247.0,0,1.0,0.0,1,0.0,0.0,0.0
LoneL1on,False,1.8846246062977823,0.01939991603100449,2898.7,0,0.0,1.0,1,0.0,1.0,0.00034498223341497916
Lone_Warrior520,False,1.4948507370191868,0.00023427433631807552,1234.0,0,0.0,1.0,1,0.0,1.0,0.0008103727714748784
Lonely-Ordinary1478,False,4.823752028865154,4.055737349154332,1159.4,0,5.0,0.0,2,0.0,0.0,0.0
Lonely-Purchase8094,False,2.6627773944962425,0.9603042214803409,1104.0,0,1.0,0.0,1,0.0,0.0,0.0
LonelyLetterhead8765,False,1.8434029534154464,0.10172234395838321,1891.5,0,0.0,2.0,2,0.5,1.0,0.00105736188210415
Lonely_Check_3632,False,1.1762680697145445,2.7586024802650413,316.2,0,0.0,1.0,1,0.0,1.0,0.003162555344718533
Lonely_Pie_5,False,2.574269576490181,0.5697514079986044,175.8,0,1.0,0.0,1,0.0,0.0,0.0
Lonely_Scene1102,False,0.7196265900147429,0.2674048800126301,508.7,0,0.0,1.0,1,0.0,1.0,0.001965795164143896
LongCod582,False,0.4465662800474814,0.04065600564112889,444.1,0,0.0,1.0,1,0.0,1.0,0.002251745102454402
Long_Ad_1775,False,0.349646079839384,0.10610650599454778,1777.5,0,0.0,1.0,1,1.0,1.0,0.0005625879043600563
Long_Inspection_656,False,0.40775605985472024,2.5604142022961454,872.0,0,1.0,0.0,1,0.0,0.0,0.0
Longjumping-Act6680,False,1.4681213642269946,0.12849359859456547,473.8,0,0.0,2.0,1,0.0,1.0,0.004221190375685943
Longjumping-Emu-6330,False,0.7568013673615267,0.02170273644549436,781.3,0,0.0,1.0,1,1.0,1.0,0.0012799180852425445
Longjumping-Pop7512,False,2.52523547737483,0.003992414796104136,1768.6,0,0.0,3.0,1,1.0,1.0,0.0016962569263824494
LongjumpingNeat241,False,2.047689058532971,0.01841672678623112,852.3,0,0.0,1.0,1,0.0,1.0,0.0011732957878681216
LongjumpingWall4763,False,1.6897764835215094,0.5938764192462783,1804.1,0,1.0,0.0,1,0.0,0.0,0.0
Longjumping_Mail9314,False,4.0605305264087255,0.43434798225695037,19.7,0,0.0,1.0,1,1.0,1.0,0.050761421319796954
Look4the_Light_,False,2.24527069325443,0.2841325044438931,1976.2,0,0.0,1.0,1,1.0,1.0,0.0005060216577269506
LoopUnbroken,False,1.512977646246538,1.8190039913346205,304.5,1,1.0,0.0,1,0.0,0.0,0.0
Looperadi,False,0.012416837089459735,2.0541237336955462,3041.4,0,0.0,1.0,1,0.0,1.0,0.00032879594923390545
Loose_Calendar_1081,False,0.29838144849750825,0.02510592113107633,1041.2,0,0.0,1.0,1,1.0,0.0,0.0009604302727621974
Lopsided-Land-1431,False,3.089012540177325,0.08307608550957456,237.6,0,0.0,1.0,1,1.0,1.0,0.004208754208754209
Lopsided_Brilliant83,False,3.358200980478225,1.3491797457994639,1867.8,0,1.0,0.0,1,0.0,0.0,0.0
LordWarrage,False,0.6378584592408306,0.38578090459161796,2225.4,0,0.0,1.0,1,0.0,1.0,0.00044935741889098586
Lost-Department2126,False,1.3503437528722784,1.4431921433611266,2131.0,0,3.0,0.0,2,0.0,0.0,0.0
Lost-Yoghurt-4464,False,3.84405002184194,6.9930151229329605,23.8,0,1.0,0.0,1,0.0,0.0,0.0
Lost_Knowledge3591,False,0.4888410247014282,0.0067873563733999815,1405.4,0,0.0,1.0,1,1.0,1.0,0.0007115411982353778
Lost_Seat2973,False,0.5013838911868033,0.13124732599469915,1821.8,0,1.0,0.0,1,0.0,0.0,0.0
Lostsoul_bojack,False,2.7741900036067553,0.00024375380986016491,273.0,0,0.0,2.0,1,1.0,1.0,0.007326007326007326
Loud-Orchid-848,False,0.178339670427985,0.34627623671783375,624.9,0,0.0,1.0,1,0.0,1.0,0.0016002560409665548
Loud-Worth2578,False,2.043817954707404,1.885297658376476,1443.0,0,1.0,0.0,1,0.0,0.0,0.0
Loud_Cup1677,False,3.6520673317243175,0.08149413622145066,455.9,1,0.0,4.0,1,0.25,1.0,0.00877385391533231
Loud_Presence6959,False,0.9302560992945287,0.06117014580574241,372.6,0,0.0,1.0,1,1.0,1.0,0.0026838432635534083
Loud_Winner_8693,False,0.3983126890393744,2.072955032450229,940.1,0,1.0,0.0,1,0.0,0.0,0.0
LoveIsTheSpiceOfLife,False,2.3906444857446747,0.35982485347772947,151.0,0,1.0,0.0,1,0.0,0.0,0.0
Love_Whole,False,0.711767476306184,0.001447527393888478,1997.9,0,0.0,1.0,1,1.0,1.0,0.0005005255518294208
Love_cheesecakes_,False,2.392227898285236,0.8820519585947018,1640.8,0,0.0,1.0,1,0.0,1.0,0.0006094588005850804
Loved-one,False,0.07539328047528457,0.46747518289237683,2004.9,0,0.0,1.0,1,0.0,1.0,0.0004987779939149084
LovelyJasmineFlower,False,0.39507154758090113,0.1792866530988006,677.0,0,0.0,1.0,1,0.0,1.0,0.0014771048744460858
Low-Goat3779,False,2.364734276071955,0.07699291415402773,1301.6,0,0.0,4.0,2,0.25,1.0,0.0030731407498463433
Low-Hedgehog-2607,False,3.731251792621405,2.905312572487977,620.8,0,1.0,0.0,1,0.0,0.0,0.0
Low-Illustrator-6788,False,1.2769814271606956,0.2741291060470774,1057.7,0,0.0,1.0,1,1.0,1.0,0.0009454476694714947
Low-Opportunity2403,False,2.503332299905958,0.0644030384569559,1271.3,0,0.0,2.0,1,1.0,1.0,0.001573192794777
Low-Scientist-2048,False,0.6952569577742801,0.009530364850693992,733.9,1,0.0,1.0,1,1.0,1.0,0.001362583458236817
Low-Zone-2094,False,0.04291441556701506,0.01904819497069448,1185.9,0,0.0,1.0,1,0.0,1.0,0.0008432414200185513
Low_Army_720,False,0.536280141155124,0.006116227017436089,460.8,0,0.0,1.0,1,0.0,1.0,0.002170138888888889
Low_Average8913,False,1.3869530296922807,0.06939574532574509,531.2,0,0.0,2.0,1,0.5,1.0,0.003765060240963855
Low_Land8133,False,0.6779826102609002,0.0649378024365472,687.7,0,0.0,1.0,1,1.0,1.0,0.0014541224371092045
Lowcrbnaman,False,6.114410393028526,2.6934783055214746,3398.1,0,0.0,2.0,2,1.0,1.0,0.0005885641976398576
Lower-Candy6711,False,0.9297921883764931,0.5944822393448662,1992.2,0,0.0,1.0,1,0.0,1.0,0.0005019576347756249
Lower-Message-828,False,3.352272073226013,0.13480673229748175,329.3,0,0.0,4.0,3,0.25,1.0,0.01214697843911327
Lower-Piccolo-9286,False,2.035284701530159,1.7174265504981963,190.7,1,0.0,1.0,1,1.0,1.0,0.005243838489774515
LowerDepartment6400,False,3.5146507655306607,1.917136819667013,887.8,0,1.0,0.0,1,0.0,0.0,0.0
Lower_Focus5494,False,1.4852296228155026,0.0005715918989576687,2048.9,0,0.0,1.0,1,0.0,1.0,0.0004880667675337986
Lowkey-Cool-1567,False,2.89222622420565,0.6967764943490861,469.9,0,0.0,2.0,2,1.0,1.0,0.004256224728665674
Luc1fer777,False,0.6105612293453228,1.6462518855568167,2070.2,0,2.0,0.0,2,0.0,0.0,0.0
LucidParadoXx,False,2.7924693252855426,0.08966728980633945,480.9,0,0.0,2.0,2,0.5,1.0,0.004158868787689749
Lucifer_78924,False,0.6886183994924865,0.8436415491840931,641.8,0,1.0,0.0,1,0.0,0.0,0.0
Lucifertigris,False,0.2662773009576184,0.6530271867705201,557.2,0,0.0,1.0,1,1.0,1.0,0.0017946877243359654
Lucky_Maintenance583,False,0.572079239865074,0.02645656953683045,991.0,0,0.0,1.0,1,1.0,0.0,0.0010090817356205853
Lumiaman88,False,2.2487717990108425,0.49550711843809647,2183.2,0,0.0,2.0,1,0.5,1.0,0.0009160864785635764
Lumplard,False,2.493444342837424,0.0005070994023474392,2487.1,0,0.0,1.0,1,1.0,1.0,0.00040207470548027824
Lunar-cipher,False,2.915731441050579,0.001437814769627515,39.8,0,0.0,1.0,1,0.0,1.0,0.02512562814070352
Lupe_897,False,0.33400256485500956,0.006514681021193696,3104.3,0,0.0,1.0,1,0.0,1.0,0.0003221338143864961
LurkingINFJ,False,2.7175924050950044,0.17349159268561037,2155.5,0,0.0,2.0,1,0.5,1.0,0.0009278589654372535
Lusty_Pasta,False,5.13664054392862,2.4978685574871062,316.3,0,1.0,3.0,2,0.3333333333333333,1.0,0.0094846664558963
LyinginAmbush4587,False,1.229740878572215,1.3185073260264881,1142.4,0,0.0,1.0,1,1.0,0.0,0.0008753501400560223
Lynxthewriter,False,2.6649814976166915,0.06413553906481967,1484.7,0,0.0,1.0,1,1.0,1.0,0.0006735367414292449
M0HIT01,False,2.2505630002051693,3.4907104437821546,1336.5,0,1.0,0.0,1,0.0,0.0,0.0
MACSECE,False,2.173475780304563,0.5532933221959356,60.6,1,0.0,1.0,1,1.0,1.0,0.0165016501650165
MADDIE_9876,False,2.33044813557321,0.00029837386466325934,361.0,0,0.0,1.0,1,1.0,0.0,0.002770083102493075
MAH_SARCASTIC,False,0.1803599006617873,0.5499335401225814,2985.1,0,1.0,0.0,1,0.0,0.0,0.0
MAMMER_JAMMER,False,0.5673468007578151,0.024467792445539666,2328.5,0,0.0,1.0,1,1.0,1.0,0.00042946102641185313
MAVERICK-MONARCH,False,0.6503084626198422,0.730241304966186,2337.0,0,0.0,1.0,1,0.0,1.0,0.0004278990158322636
MAYBE_CYBOT,False,3.21096819392706,0.052402840867615784,51.8,0,0.0,1.0,1,1.0,1.0,0.019305019305019305
MIKASAoo7,True,0.32826658599638436,0.007594973217444758,2038.3,0,0.0,1.0,1,0.0,1.0,0.0004906049158612569
MOHAN_OTAKU,False,0.04101499320959841,0.48342664957787623,1409.2,0,0.0,1.0,1,0.0,1.0,0.000709622480840193
MOURYASYT2001,False,0.22788964470346543,0.0553048451906257,2102.0,0,0.0,1.0,1,1.0,1.0,0.0004757373929590866
M_S_Dhoni,False,2.8223604471695047,0.0005320564105295745,118.8,1,0.0,1.0,1,1.0,1.0,0.008417508417508417
MacaronIndividual731,False,2.3767213583840143,0.16968749695517418,555.4,1,0.0,1.0,1,0.0,1.0,0.0018005041411595247
MacaroonElectrical31,False,1.3048345444939826,1.6334187710904542,1633.0,0,1.0,0.0,1,0.0,0.0,0.0
Macca_Bee,False,0.38153951774721534,0.03735921589316988,2169.9,0,0.0,1.0,1,0.0,1.0,0.00046085073044840777
MadErection,False,1.757169622836746,0.00037140204698048526,561.3,0,0.0,2.0,1,0.5,1.0,0.003563156957063959
Madara_X_Uchiha,True,2.4061684580857734,0.1991410522517362,2035.4,0,0.0,2.0,2,0.5,1.0,0.000982607841210573
Madbeliver,False,1.087261721817772,0.18623545611509096,259.9,0,0.0,1.0,1,0.0,1.0,0.0038476337052712585
Madrascalcutta,False,3.5940606783371116,0.2887929657004696,3988.1,0,0.0,1.0,1,1.0,1.0,0.00025074596925854417
MaesterCrow,False,3.348619112949622,0.49584926240178123,2650.4,0,0.0,3.0,2,0.3333333333333333,1.0,0.0011319046181708422
Mage_Asterix,False,0.5785084330670369,0.48948272456542374,2050.1,0,0.0,1.0,1,1.0,1.0,0.00048778108384956836
MagicPikeXXL,False,2.922811499759359,0.23804822458192945,3096.6,1,0.0,1.0,1,0.0,1.0,0.00032293483175095265
MagnumVY,False,2.2245811220103575,0.005007362527263225,1528.8,0,0.0,1.0,1,1.0,1.0,0.0006541077969649398
Mahirahk,False,2.025216658845546,0.009317510528759551,1409.6,0,0.0,1.0,1,0.0,1.0,0.0007094211123723043
Main-Floor-7486,False,1.6895144743939554,0.056098589448458226,954.3,0,0.0,1.0,1,0.0,1.0,0.001047888504663104
Main-Proof5736,False,3.5068049129959933,0.13866692459613905,93.1,0,0.0,1.0,1,1.0,1.0,0.010741138560687433
Main_247,False,0.013914881288609047,0.33647223662121295,428.2,0,0.0,1.0,1,0.0,1.0,0.002335357309668379
Maitrik_Kagda,True,1.4460901391259247,0.7556675375412794,142.0,0,0.0,1.0,1,0.0,1.0,0.007042253521126761
Majestic-Biscuit,False,1.4243176831819646,0.31100868826942407,641.2,0,0.0,1.0,1,0.0,1.0,0.0015595757953836555
Majestic-Current-508,False,3.9773799526780858,1.2326247702609197,674.8,0,1.0,0.0,1,0.0,0.0,0.0
Majestic-Moat,False,1.6505847954278343,3.0126159655151126,1787.4,0,1.0,1.0,1,1.0,1.0,0.0005594718585655141
MajesticAd5047,True,5.065501329245821,0.18320510819695404,1675.5,0,0.0,1.0,1,0.0,1.0,0.000596836765144733
Majestic_mahajan,False,2.2310944610910606,1.3044498861905003,2140.3,0,0.0,1.0,1,1.0,1.0,0.0004672242209036116
Major-Tomatillo1336,False,0.3740978179551724,0.001998002662673056,1102.1,0,0.0,2.0,1,1.0,1.0,0.0018147173577715272
Major_Dot_7030,False,3.1362243315905696,0.9232049981278372,2119.2,0,0.0,1.0,1,1.0,1.0,0.00047187617969044924
Major_Garden_8719,True,2.165365143844701,1.9143304448319751,359.3,0,1.0,3.0,2,1.0,1.0,0.008349568605622042
Malaiyoor_Naattaamai,False,2.0673887052482844,0.29404563698260155,235.8,0,0.0,1.0,1,1.0,1.0,0.004240882103477523
Malavika_Agnimitram,False,2.4105072598848754,0.020372572014164078,308.0,0,0.0,1.0,1,0.0,1.0,0.003246753246753247
Maleficent-Gur-5951,False,0.2527460677523439,0.18267685969341102,1954.4,0,0.0,1.0,1,0.0,1.0,0.000511665984445354
MaleficentAlps463,False,0.17464069573862775,0.7320160494593184,1781.8,0,0.0,1.0,1,0.0,1.0,0.0005612302166348636
MaleficentBicycle517,False,3.055778344338486,1.232944642488837,185.1,0,1.0,0.0,1,0.0,0.0,0.0
MaleficentDivide1989,False,0.9243895792936181,0.2940053220866085,1773.3,0,0.0,1.0,1,0.0,1.0,0.0005639203744431286
MaleficentMountain3,False,1.3524332209806063,0.09357268892712942,2346.5,0,0.0,1.0,1,1.0,1.0,0.0004261666311527807
Maleficent_Ad3276,False,1.1418776210580612,0.15748133425440455,2091.3,0,0.0,1.0,1,1.0,1.0,0.00047817147228996316
Maleficent_Job_3383,False,1.613905998279043,0.23180161405732433,634.2,0,0.0,1.0,1,1.0,1.0,0.0015767896562598547
Maleficent_Repair359,False,2.9127998173470173,0.3869122763264411,733.1,0,3.0,1.0,2,1.0,0.0,0.001364070386031919
Maleficent_Wheel7202,False,2.510777130573364,0.6513415888880384,244.2,0,1.0,1.0,1,1.0,1.0,0.004095004095004095
Malfeasant_Prophet,False,0.8221420221430951,0.010938266399567534,936.2,0,0.0,1.0,1,1.0,1.0,0.0010681478316599017
Mall_Remarkable,False,0.7625870460199209,0.14799681425288005,2147.2,0,0.0,1.0,1,1.0,0.0,0.0004657228017883756
MammayKaiseHain,False,2.472620621403407,0.020470658598590003,645.6,0,0.0,2.0,2,0.5,1.0,0.003097893432465923
Mammoth-Exchange6698,False,0.7902300267324723,1.3621071355058867,881.3,0,1.0,0.0,1,0.0,0.0,0.0
MammothHousing7872,False,0.29147575013388327,0.036634133179780384,407.8,0,0.0,1.0,1,0.0,1.0,0.0024521824423737125
MammothSundae1416,False,0.13703053418088665,0.2876820724517809,1954.2,0,0.0,1.0,1,0.0,1.0,0.0005117183502200389
Mammoth_Calendar_352,False,5.088447641616884,1.3097632223186715,438.5,0,0.0,1.0,1,0.0,1.0,0.002280501710376283
Mammoth_Summer3788,False,3.965416315460719,0.15442269712350884,225.0,0,0.0,2.0,1,0.5,1.0,0.008888888888888889
Man_I_amDed,False,3.5252608370877216,0.5088540334119199,1562.8,0,0.0,2.0,1,0.5,1.0,0.001279754287176862
ManagementUpbeat7542,False,1.902347561823991,0.003572592302629195,1081.8,0,0.0,1.0,1,1.0,1.0,0.0009243852837862821
Manager0808,False,2.7078679446005336,0.07652797319804024,804.8,0,1.0,1.0,2,1.0,1.0,0.001242544731610338
Maniya3175,False,1.5055136810574659,0.021001623280801726,1522.9,0,0.0,3.0,2,0.6666666666666666,1.0,0.0019699257994615534
Mannubhaigandhi_here,False,3.2387602519008887,0.5974265842443879,551.3,0,1.0,1.0,2,0.0,1.0,0.001813894431344096
ManoharBabu,False,0.003987422765784447,0.1053605156578263,2252.6,0,0.0,1.0,1,0.0,1.0,0.00044393145698304185
Manojative,False,2.154570687725532,0.20834295266375535,3428.3,0,0.0,1.0,1,0.0,1.0,0.0002916897587725695
Manoos,False,2.8552069833606244,0.6278892677332525,6023.8,1,0.0,8.0,5,0.125,1.0,0.0013280653408147681
ManufacturerOwn8772,False,2.062346087201653,0.1229204331157612,1055.3,0,0.0,1.0,1,1.0,1.0,0.000947597839476926
ManyEngine3704,False,0.7592272797897479,0.003361347702704832,261.3,0,0.0,1.0,1,1.0,1.0,0.0038270187523918864
Many_Novel_9716,False,0.3898832074486317,0.14964108932128323,616.6,0,0.0,1.0,1,0.0,1.0,0.001621796951021732
MapMaximum7657,False,1.6253995757941126,0.15881970267236453,517.1,0,0.0,1.0,1,0.0,1.0,0.0019338619222587505
MarathiManoos510,False,2.2652286459790503,0.4057967280747252,523.9,0,2.0,0.0,1,0.0,0.0,0.0
Margielamongos,True,2.515213843741976,0.17737942162099948,202.3,0,0.0,1.0,1,1.0,1.0,0.004943153732081067
Mario__2668,False,0.13200955395004477,1.3217558399823195,205.5,0,0.0,1.0,1,0.0,1.0,0.004866180048661801
MarkAccomplished7873,False,0.8361740979789541,0.014941579998199069,1082.2,0,0.0,1.0,1,1.0,1.0,0.0009240436148586213
Mark_Calculus,False,0.6324067254969226,0.4976355679078215,539.6,0,0.0,1.0,1,1.0,1.0,0.0018532246108228317
Maroonporsche,False,1.3733449106945435,0.07314658768614776,3173.1,0,0.0,1.0,1,0.0,1.0,0.0003151492231571649
Martian__Frog,False,2.3211559763372023,0.008822721674578543,557.5,1,0.0,1.0,1,1.0,0.0,0.0017937219730941704
MarvelousAnna,False,0.8586491928954008,1.007679557709557,1636.8,0,0.0,1.0,1,0.0,1.0,0.0006109481915933529
MasalaGuy,False,2.5267512637638356,0.6605723663637241,821.0,0,1.0,0.0,1,0.0,0.0,0.0
MasalaMonk,False,2.8486427046784577,0.09065127306669898,1159.9,0,0.0,6.0,5,0.3333333333333333,1.0,0.005172859729287007
Masalasabebien,False,1.9314890882402882,0.07185714983518092,1434.8,0,0.0,1.0,1,0.0,1.0,0.0006969612489545581
Mashed_Potato123,False,2.378587105871897,1.5961454489270033,1877.8,0,1.0,0.0,1,0.0,0.0,0.0
Mashexxx,False,0.050281617396322115,0.33474958330976673,2230.1,0,1.0,0.0,1,0.0,0.0,0.0
MaskOff009,False,3.2439297847366286,0.4598013997419631,1911.2,0,1.0,1.0,1,1.0,1.0,0.0005232314776056927
MassiveDepressive,False,3.7231548345223513,0.038018173407784864,291.3,0,0.0,3.0,3,0.3333333333333333,0.6666666666666666,0.010298661174047373
Massive_Dish_3255,False,0.33895701502814957,0.1556137378790187,1975.3,0,6.0,7.0,1,0.7142857142857143,1.0,0.00354376550397408
Massive_Fortress,False,0.6017453259700359,0.4536042950812637,1068.7,0,0.0,1.0,1,0.0,1.0,0.0009357162908206232
Massive_League_214,False,0.02566178551448309,0.05715841383994861,654.0,0,0.0,1.0,1,0.0,1.0,0.0015290519877675841
Master-Ooooogway,False,0.8508692927548007,0.0992760301723815,1844.7,0,0.0,1.0,1,1.0,1.0,0.0005420935653493793
Master-Yuda,False,0.2676250754996442,0.001923077515741491,3389.2,0,0.0,1.0,1,1.0,1.0,0.00029505488020771867
Master_Beast_07,False,3.1712257540960707,0.6635031061777554,2108.8,0,0.0,1.0,1,1.0,1.0,0.00047420333839150224
Master_Emergency7775,False,0.43797894534816095,0.014648149237334634,1624.9,0,0.0,1.0,1,0.0,1.0,0.0006154224875376946
Masterstrokehumain,False,1.8563621566847472,1.9383629434199305,48.7,0,0.0,1.0,1,1.0,1.0,0.02053388090349076
MaterialAgent4105,False,0.5590953891905802,0.23705901937618434,1592.6,0,0.0,1.0,1,0.0,1.0,0.0006279040562602035
MaterialSimilar9687,False,0.9859451013395326,0.17446387827797674,255.9,0,0.0,1.0,1,0.0,1.0,0.003907776475185619
Materialmumaterial,False,1.1551337634408316,0.9480597057333879,1462.9,0,0.0,1.0,1,1.0,1.0,0.0006835737234260715
MathematicianSad4262,False,0.629189323331073,0.04512043528046959,619.8,0,0.0,1.0,1,0.0,1.0,0.0016134236850596968
MathematicianTiny575,False,2.0250277998777007,0.06880843769815863,1413.1,0,0.0,1.0,1,1.0,1.0,0.0007076640011322625
Matter_Entante,False,2.8217413853946938,0.5875745983124153,357.9,0,0.0,1.0,1,1.0,1.0,0.002794076557697681
Mausambi_Bai,False,3.6989238279448147,0.015662067754318755,494.8,0,0.0,2.0,1,0.0,1.0,0.004042037186742118
Maverick2367,False,4.6196427294521785,1.4043289540092538,225.0,0,0.0,1.0,1,1.0,1.0,0.0044444444444444444
MaverickIsGoose,False,1.0551567074846557,0.07303051076648716,3010.0,0,0.0,1.0,1,1.0,0.0,0.0003322259136212625
Max__007,False,1.4390965740430592,0.6388743152960863,2624.9,0,0.0,2.0,1,0.5,1.0,0.0007619337879538268
Maximum-Complex3591,False,0.023947504544804876,0.03278982282299087,1237.8,0,0.0,1.0,1,0.0,1.0,0.0008078849571820973
MaximumOutrageous01,False,3.731197210920709,1.5042986074803708,721.5,1,2.0,1.0,2,1.0,1.0,0.001386001386001386
Maximum_Load6069,False,0.7165589793200682,0.0005295207960635545,1802.6,0,0.0,1.0,1,0.0,1.0,0.0005547542438699656
Maximum_Smile3264,False,0.46298813680947865,3.4011973816621555,507.8,0,1.0,0.0,1,0.0,0.0,0.0
MeManoos,False,2.6341952608893697,1.288435898594862,4904.0,0,1.0,0.0,1,0.0,0.0,0.0
Mean-Brain-3086,False,0.16747341034121438,0.3496015280630056,1760.7,0,0.0,1.0,1,1.0,1.0,0.0005679559266200942
Mean-Newspaper8413,False,0.10160060924376882,0.06637506894487262,1009.9,0,0.0,1.0,1,1.0,1.0,0.0009901970492127933
Mean-Programmer2663,False,1.0402256636104172,0.9607424944449888,62.3,0,0.0,1.0,1,0.0,1.0,0.01605136436597111
MeanPerformance473,False,0.31103013804536034,3.9219733362813143,274.1,1,1.0,0.0,1,0.0,0.0,0.0
Meaning-lass,False,0.0943918482221087,0.5645298027378517,505.1,0,0.0,1.0,1,0.0,1.0,0.0019798059790140567
Medical-Gap-1367,True,0.2458114305122191,0.030213778596496592,599.3,0,0.0,1.0,1,1.0,1.0,0.001668613382279326
MedicalMadness1507,False,1.474200325913329,0.06324050927322143,838.0,0,0.0,3.0,1,0.6666666666666666,1.0,0.003579952267303103
Mediocre-Fold-840,False,3.160094163949753,0.002148228538289563,20.6,0,0.0,1.0,1,0.0,1.0,0.04854368932038835
Mediocre-Western9749,False,0.16727086803239513,0.4384092638275184,1774.0,0,0.0,1.0,1,0.0,1.0,0.0005636978579481398
Mediocre_Lead5119,False,1.1741753104462935,0.028294877214855706,721.1,0,0.0,2.0,2,1.0,1.0,0.002773540424351685
MediumDragonfruit988,False,0.5385000659083019,0.4380354642343454,1595.1,0,1.0,1.0,2,1.0,1.0,0.0006269199423233654
Medium_Inflation8063,False,2.3520724967569,0.007017572658646549,75.1,0,0.0,1.0,1,0.0,1.0,0.013315579227696406
MeinhunGhatotkach,False,1.450290947631182,0.11742296429289642,2338.9,0,1.0,0.0,1,0.0,0.0,0.0
Melodic-Age2531,False,2.258624903564334,0.10409361751685185,1799.9,0,0.0,1.0,1,1.0,1.0,0.0005555864214678593
Melodic-Credit2381,False,1.9478431393479119,2.1325922871517418,221.5,1,1.0,0.0,1,0.0,0.0,0.0
Melodic-Yak-9442,False,3.6923102199827698,0.29574384593107467,37.1,0,0.0,2.0,1,1.0,0.5,0.053908355795148244
MelodicAdvance3780,False,0.406703498359311,0.24116205681688804,53.8,0,0.0,1.0,1,1.0,0.0,0.01858736059479554
Melodic_Poet9696,False,1.8960777753074376,0.7431576011346067,28.8,1,1.0,0.0,1,0.0,0.0,0.0
Meme___Addict,False,1.3805527185522155,0.06990892562541066,2646.2,0,0.0,1.0,1,0.0,1.0,0.0003779003854583932
Memes_FoIder,False,6.293838003438712,4.299907949531936,1046.0,0,1.0,0.0,1,0.0,0.0,0.0
Mental-Confusion5032,False,1.809620914284024,0.18041860664786852,924.8,0,1.0,0.0,1,0.0,0.0,0.0
Mental-Dinner-6827,False,5.4399636565721945,0.2861032601355016,245.5,0,1.0,6.0,1,0.6666666666666666,1.0,0.024439918533604887
Mental-Hippo9430,False,2.990161228504536,0.014543411567694784,843.3,0,0.0,1.0,1,1.0,1.0,0.001185817621249852
Mental-Humor6369,False,0.8430516836230232,0.0654210780882567,1598.1,0,0.0,2.0,1,1.0,1.0,0.001251486139791002
Mental-Persimmon7920,False,4.498933306721676,0.08565544457849388,24.1,0,0.0,1.0,1,0.0,1.0,0.04149377593360996
MentalChaosX,False,1.6447711872429216,0.24996762673052736,228.0,1,0.0,1.0,1,1.0,1.0,0.0043859649122807015
MentalStable1111,False,3.0766299417376843,0.6464021677365681,410.1,0,1.0,0.0,1,0.0,0.0,0.0
Merebaalkankimaa_ilu,False,2.4525350149305076,0.3043435708470997,284.9,0,0.0,1.0,1,0.0,1.0,0.00351000351000351
Mess_Emotional,False,1.4699750399538047,2.722296071206399,2089.5,0,2.0,0.0,2,0.0,0.0,0.0
Meta-Morpheus-New,False,2.1612145421952076,1.1807785568549494,1656.8,0,0.0,1.0,1,0.0,1.0,0.0006035731530661516
MetaHuman03,False,1.184511936805049,0.30785644458146344,1375.0,0,0.0,1.0,1,1.0,1.0,0.0007272727272727272
MichaelScotPaperComp,False,3.6011596826201595,0.006430585130805176,1186.2,0,0.0,4.0,2,0.25,1.0,0.003372112628561794
Middle-Addendum-5081,False,1.6075759487831613,0.00031491104023431904,795.6,0,0.0,1.0,1,0.0,1.0,0.0012569130216189038
Middle-Listen9850,False,2.5636197769321423,0.00015333895606216405,544.2,0,0.0,1.0,1,1.0,1.0,0.0018375597206909222
MiddleCanary,False,0.770451628292855,0.09158998684704825,2588.0,0,0.0,1.0,1,0.0,1.0,0.0003863987635239567
Midoriya_izuku_Ultra,True,4.6539239398107695,1.7323169199496853,1778.7,0,0.0,1.0,1,1.0,1.0,0.0005622083544161466
Mikey_Kun_ULTRA,False,1.7708301613078157,0.7767719038515731,1577.2,0,0.0,1.0,1,1.0,1.0,0.00063403499873193
Mimi_luna,False,2.6960603374344654,0.0880368967418746,2502.6,0,1.0,2.0,1,0.5,1.0,0.0007991688643810438
Mindfulsoul_rd,False,1.852200823381556,1.7674551993020051,128.4,0,0.0,1.0,1,1.0,1.0,0.00778816199376947
Mindless-Gamer-98,False,1.5032822945637574,0.05580365534486755,2097.0,0,0.0,3.0,2,0.0,1.0,0.001430615164520744
Mindless-Pilot-Chef,False,4.0634046937464605,0.21925989168769341,1699.1,0,0.0,10.0,4,0.4,1.0,0.005885468777588135
Mindless-Strength604,False,4.442300456598804,3.003403472604105,550.1,0,2.0,0.0,1,0.0,0.0,0.0
MindlessHope7953,False,1.3550784607872044,0.04898664712516776,1591.9,0,0.0,1.0,1,0.0,1.0,0.0006281801620704818
Mindless_Conflict847,False,1.20210771208494,0.024292692569044566,483.0,0,0.0,1.0,1,0.0,1.0,0.002070393374741201
Mindless_Rub1232,False,1.4167884418868955,0.08023058224902281,709.7,0,0.0,1.0,1,0.0,1.0,0.0014090460758066788
Mindless_Tomato8202,False,1.6539717481079386,0.11542813627163662,1366.7,0,0.0,1.0,1,0.0,1.0,0.0007316894709885124
MineFit7730,False,0.790579493537834,5.703782474656201,248.2,0,0.0,1.0,1,0.0,1.0,0.004029008863819501
MineHuman5987,False,1.2501516221688493,1.3838563265924604,493.0,0,1.0,0.0,1,0.0,0.0,0.0
MineLoud1577,False,1.7196082798042744,3.2901055596733797,1974.1,0,1.0,0.0,1,0.0,0.0,0.0
Minimum-Candy-6866,False,2.590683212049047,0.049632114082784416,702.9,0,0.0,3.0,1,1.0,1.0,0.004268032437046522
Minimum-Canon,False,0.2897422769117401,0.8323050758010623,981.9,0,0.0,1.0,1,0.0,1.0,0.0010184336490477645
Minimum_Garlic_5437,True,2.3078964067488585,0.02796355862864683,152.1,0,0.0,1.0,1,0.0,1.0,0.006574621959237344
Minimum_Necessary_50,False,1.0229004669324133,0.8785753786044124,832.0,0,2.0,0.0,1,0.0,0.0,0.0
MinorMiraclesOfApril,False,1.4410311505437388,0.03916535136397413,895.8,0,0.0,1.0,1,0.0,1.0,0.0011163206072784104
Minskdhaka,False,3.5668926969849633,0.025651461842424766,2298.7,0,0.0,1.0,1,0.0,1.0,0.000435028494366381
Minute-Plankton-4719,False,1.6662469346692388,0.04008231320406674,1482.2,0,0.0,1.0,1,1.0,1.0,0.0006746727836999055
Minute-Strain5099,False,1.4146315582532905,1.4088370957323284,835.0,1,1.0,0.0,1,0.0,0.0,0.0
Minute-Taste-2023,False,1.595821572183255,0.3598209023244155,1538.0,0,1.0,0.0,1,0.0,0.0,0.0
Minute_Basil_690,False,1.315798524674148,0.07844362109635111,801.4,0,0.0,1.0,1,0.0,1.0,0.0012478163214374844
Miserable-Grape-6863,False,2.978631097829706,0.05143187512307038,1994.6,0,0.0,1.0,1,1.0,1.0,0.000501353654868144
Miserable-Zombie-121,False,6.575986479965068,1.900224423066496,644.8,0,1.0,1.0,1,0.0,1.0,0.0015508684863523574
Miserable_Arm_2481,False,0.18091584274927125,0.3196982863507393,1008.5,0,0.0,1.0,1,1.0,1.0,0.0009915716410510659
Miserable_Extreme300,False,0.5808649709021255,0.07151335171228644,863.4,0,0.0,1.0,1,1.0,1.0,0.0011582117211026176
MissSimpleton,False,4.6284572259143015,0.08551590428600805,1039.8,0,0.0,1.0,1,1.0,0.0,0.0009617234083477592
Miss_Potentialgirlie,False,2.76256371919607,0.10280362344404954,438.6,0,0.0,1.0,1,1.0,1.0,0.002279981760145919
Mission-Macaroon5431,False,0.9885329118119048,0.36000273403140703,177.8,0,0.0,1.0,1,1.0,0.0,0.00562429696287964
Mission-Marsupial191,True,1.1140196054604172,0.004486324258673023,545.3,0,0.0,1.0,1,1.0,1.0,0.0018338529249954155
Mission-Pay3582,False,4.753848392924885,0.16273945089150932,1185.1,0,2.0,5.0,3,0.8,0.8,0.004219053244451945
Mission-Quail-1001,False,0.559649167815147,0.14605765244370292,1283.9,0,0.0,1.0,1,0.0,1.0,0.0007788768595685022
Mission-Task9838,False,1.6219926044150332,0.00021956307037376848,1120.8,0,0.0,3.0,1,0.3333333333333333,1.0,0.002676659528907923
MissionAntelope4602,False,3.525648057735523,0.03323685719268836,1115.0,1,0.0,8.0,1,0.25,1.0,0.007174887892376682
MissionIndependence5,False,1.4102113461383763,1.215318655628866,2060.5,0,2.0,0.0,2,0.0,0.0,0.0
Mission_Solid_5216,False,2.6373070767281948,0.10375150485212563,53.1,0,0.0,1.0,1,1.0,1.0,0.018832391713747645
Mitaka-Cirrina91,False,4.635398332297464,0.5354338374872569,14.5,0,0.0,1.0,1,1.0,1.0,0.06896551724137931
MithrilHuman,False,4.613954761418545,0.14745008055155434,458.9,0,0.0,2.0,1,1.0,0.5,0.004358247984310308
Mitsuha_d,False,1.2887871130391213,0.24853749853181434,1152.8,0,0.0,1.0,1,1.0,1.0,0.0008674531575294935
Mitth-Raw_Nuruodo,False,2.234012263323586,0.014374581400505283,2210.2,0,0.0,1.0,1,1.0,1.0,0.00045244774228576603
MixtureGrand,False,4.812868097850228,0.19794909185132306,2042.1,0,0.0,1.0,1,0.0,1.0,0.0004896919837422261
MoJOjojo_07,False,0.32202021003267245,0.045495740220134744,1832.0,0,0.0,1.0,1,0.0,1.0,0.0005458515283842794
Mobasirhassan,False,1.3522142528107735,3.018736902883085,2684.6,0,1.0,0.0,1,0.0,0.0,0.0
Mobile-Ad-1757,False,0.0313418593162318,0.014598799421152683,2135.8,0,0.0,1.0,1,0.0,1.0,0.00046820863376720664
Mobile-Magazine877,False,0.4104822223949632,0.0018001805041478658,1093.5,0,0.0,1.0,1,1.0,1.0,0.0009144947416552355
Mobile-Perception376,False,3.8695094596285666,0.13250359152438068,604.0,0,0.0,1.0,1,1.0,1.0,0.0016556291390728477
Mobile-Shower6651,False,2.251436811280561,0.5389303609793642,1778.3,0,0.0,1.0,1,0.0,1.0,0.000562334814148344
MobileLoad9947,False,0.6800306964307623,0.12943209287358193,963.1,0,0.0,1.0,1,1.0,1.0,0.0010383137784238396
Mobile_Cry9958,False,0.7096419130597307,0.9738362175207557,1470.1,0,0.0,1.0,1,0.0,1.0,0.0006802258349772125
ModeWrong1822,False,0.5268757653986473,1.0077367059316507,650.2,1,0.0,1.0,1,1.0,1.0,0.001537988311288834
Mogamboking,False,1.0172688708858986,0.02474816968919409,254.3,0,0.0,1.0,1,1.0,0.0,0.003932363350373574
MohitKumar_07,False,4.927041880783511,2.7076754371270555,253.2,0,1.0,0.0,1,0.0,0.0,0.0
Moist-Chart2440,False,3.6583157513399365,0.061782733871370836,892.9,0,0.0,6.0,3,0.5,0.6666666666666666,0.006719677455482137
Moist-Law8438,False,0.26489797317975705,0.7323678937132266,339.6,0,0.0,1.0,1,1.0,1.0,0.0029446407538280327
Moist-Present9739,False,0.5051835537890227,0.024897551621727174,369.7,0,0.0,1.0,1,1.0,1.0,0.002704895861509332
Moist_Egg_1515,False,3.2461860496563237,1.2146031246276923,107.2,0,0.0,1.0,1,1.0,1.0,0.009328358208955223
Moist_Investment8528,False,0.9351525262532309,0.04186291833766652,2095.5,0,0.0,1.0,1,0.0,1.0,0.0004772130756382725
Mom2056,False,3.3683402165043805,0.034579178716340975,343.2,0,0.0,5.0,4,0.0,1.0,0.01456876456876457
Momo_and_moon,False,4.039462659274038,0.0061679373552734566,597.5,0,0.0,1.0,1,0.0,1.0,0.0016736401673640166
Money-Artichoke-8792,False,0.4697096989051096,0.10247866928293739,255.2,0,0.0,1.0,1,1.0,1.0,0.003918495297805643
Money-Bus-5570,False,1.6956663660995757,0.13489807317071822,704.9,0,0.0,1.0,1,0.0,1.0,0.0014186409419775854
Money-Preference-757,False,3.5600322200442185,0.5295298749790753,820.3,1,0.0,2.0,2,0.5,1.0,0.002438132390588809
MoneyPal_Club,False,0.01069528911674796,0.4054651081081644,186.0,0,0.0,1.0,1,1.0,1.0,0.005376344086021506
Money_Magnet94,False,3.872300633245251,0.0003619909541791086,58.7,0,0.0,1.0,1,0.0,1.0,0.017035775127768313
Money_Principle_4565,False,0.9569554692919449,0.44920305085126544,574.9,0,0.0,1.0,1,0.0,1.0,0.0017394329448599758
Money_Profit_1340,False,2.2676219700934057,0.09582123225016814,1560.0,0,0.0,2.0,1,0.0,1.0,0.001282051282051282
Monika_Awasthi,True,0.9760529344266242,0.5705448584676129,472.2,0,0.0,2.0,2,0.0,1.0,0.004235493434985176
Monkey_D_Ketchum,False,3.8895771561768835,0.3247738957769649,1371.7,0,1.0,1.0,2,1.0,1.0,0.0007290223809870963
MonsterKiller112,False,3.737817686980291,0.0005673689036703666,1977.7,0,0.0,3.0,3,0.3333333333333333,1.0,0.0015169135864893564
Moon_Child33,False,1.4531212007763188,0.04165960856592827,1488.2,0,0.0,1.0,1,0.0,1.0,0.0006719526945303051
Moon_Flurryshine3712,False,0.1302685665582712,0.005277057100843765,1358.4,0,0.0,1.0,1,0.0,1.0,0.0007361601884570082
Moon_andStars_05,False,2.001963686790656,0.4632960169297455,245.8,0,0.0,1.0,1,0.0,1.0,0.0040683482506102524
Moonlight1314,False,4.336012785386998,0.13375907143999247,191.4,0,0.0,2.0,1,1.0,1.0,0.01044932079414838
More-Climate-2194,False,2.2884658199122323,0.07926075689658942,408.7,0,0.0,1.0,1,0.0,1.0,0.002446782481037436
More-Mention-5225,False,3.0515282110880606,0.05470963604800288,304.8,0,0.0,4.0,1,0.75,1.0,0.013123359580052493
More-Possibility65,True,1.7791377261986565,0.06639709057451815,451.8,0,0.0,2.0,2,1.0,1.0,0.004426737494466578
More_Pension4911,False,4.16873087960823,0.5875724839035861,425.5,0,0.0,1.0,1,0.0,1.0,0.0023501762632197414
Morningstar2020,False,0.44445340165952935,1.8558267738329142,2272.9,0,0.0,1.0,1,0.0,1.0,0.00043996656254124684
Most-Comparison-1674,False,0.6824279354537711,0.0016246957270019075,628.4,1,0.0,1.0,1,0.0,1.0,0.001591343093570974
Most_Landscape_9461,False,2.5498497566383453,0.5195928032095245,258.7,0,0.0,1.0,1,1.0,1.0,0.003865481252415926
Most_Lengthiness4153,False,0.4341443567362519,0.32318876090869075,1263.7,0,0.0,1.0,1,0.0,1.0,0.0007913270554720266
Mother-Cantaloupe-57,False,2.610715800785652,5.648281511852123e-05,1404.1,0,0.0,1.0,1,0.0,1.0,0.0007121999857560003
Mother-Day-1657,False,4.255665303176503,0.4861286740740674,350.6,0,2.0,4.0,3,0.5,1.0,0.011409013120365089
Mother-Influence-863,False,1.7459343806537901,1.4537193374346797,904.2,0,1.0,2.0,1,1.0,0.5,0.002211900022119
Motor_Musician2643,False,1.1263250949143444,0.49845164627854716,1463.8,0,0.0,1.0,1,1.0,1.0,0.0006831534362617844
Motti_90,False,0.057505461653834175,0.054067221270275766,304.1,0,0.0,1.0,1,1.0,1.0,0.0032883919763235774
Mountain-Finish-1992,False,4.243137820273139,0.015444394361414373,788.2,0,0.0,9.0,4,0.7777777777777778,1.0,0.011418421720375539
Mountain-Rate-2942,False,2.7358640136032704,0.01644572054469782,1423.9,0,1.0,2.0,2,0.0,1.0,0.0014045930191726947
Mountain_Candle7626,False,6.245083687682266,6.035237285937933,39.8,0,1.0,0.0,1,0.0,0.0,0.0
MousseProud9172,True,1.4229480906720373,0.03414713555258003,1248.2,0,0.0,3.0,2,0.6666666666666666,1.0,0.002403460983816696
MoveTheHeffalump,False,2.1064354496178783,0.23332359639558642,1251.3,0,0.0,2.0,2,0.0,1.0,0.0015983377287620876
MovieReview_hub,False,2.4023339472175267,2.771198867950727,286.1,0,2.0,0.0,1,0.0,0.0,0.0
Mr-Mystery20,False,2.139284798998833,0.6868547272756295,2410.0,0,0.0,1.0,1,1.0,1.0,0.0004149377593360996
Mr-Purp1e,False,4.273930809384341,0.001050826931495802,1022.0,0,0.0,1.0,1,1.0,1.0,0.0009784735812133072
Mr0range,False,2.0305050723123585,0.33020361233660145,5348.8,0,0.0,1.0,1,1.0,1.0,0.00018695782231528565
MrBhendi007,False,3.444351285517389,0.8318275634176476,1542.0,0,0.0,1.0,1,1.0,1.0,0.0006485084306095979
MrRedFlag-10,False,2.3062526393561003,0.7209731272148228,100.7,0,0.0,1.0,1,1.0,1.0,0.009930486593843098
MrShiroYuki,False,2.791437155387369,0.6861330420242324,399.1,0,0.0,1.0,1,0.0,1.0,0.002505637684790779
MrSmartyHalfPants,False,2.3095360452912645,0.0023216636528351157,1473.8,0,0.0,1.0,1,1.0,1.0,0.0006785181164337088
MrSpotgold,False,3.774332563667235,0.05444909729135342,2649.1,0,0.0,1.0,1,0.0,1.0,0.0003774866935940508
Mr_BETADINE,False,1.5610066193679863,1.450321418327576,2111.8,0,1.0,0.0,1,0.0,0.0,0.0
Mr_Panda_38,False,1.4408503839837847,0.85440702667965,1867.7,0,1.0,0.0,1,0.0,0.0,0.0
Mr_Wolf33,False,3.2648000752236332,0.7373559764160237,2407.4,0,0.0,1.0,1,0.0,1.0,0.0004153858934950569
Mr__That__Guy,False,4.408824827828606,2.8983855386197184,32.4,0,1.0,0.0,1,0.0,0.0,0.0
Mr_ityu,False,3.5162629227204065,0.15195818008726064,1606.6,0,0.0,1.0,1,0.0,1.0,0.0006224324660774307
MranonymousSir,False,3.508728094660393,0.8946113209225219,1599.5,0,2.0,0.0,2,0.0,0.0,0.0
Mrk2d,False,4.379322266101867,1.5592869736215027,2209.6,0,4.0,1.0,1,1.0,1.0,0.00045257060101375814
MrsMoonu,False,1.924295191953606,0.9357718674459776,956.7,1,0.0,1.0,1,1.0,0.0,0.0010452597470471411
Msink,False,2.6469565338430217,0.112529396613548,3426.2,0,0.0,1.0,1,1.0,1.0,0.0002918685424084992
Mta_sipisial,False,1.7394784725376813,0.3355500500197819,2678.1,1,1.0,0.0,1,0.0,0.0,0.0
Much-Description-493,False,1.2018323225858574,0.06257877075531851,1898.8,0,0.0,1.0,1,0.0,1.0,0.0005266484095218033
Much-Mess7627,False,5.041919801952546,0.8439856614418758,126.1,0,1.0,1.0,2,0.0,1.0,0.007930214115781126
Much_Athlete6335,False,0.5211898239983935,0.3827256211386749,729.5,0,0.0,1.0,1,0.0,1.0,0.0013708019191226869
Much_Discussion1490,False,4.316827563335441,0.09265438877783672,1389.2,0,0.0,3.0,2,0.6666666666666666,1.0,0.002159516268355888
Much_Pea_1540,False,2.5059090519907685,0.010554968520883166,905.4,0,0.0,3.0,2,0.6666666666666666,1.0,0.003313452617627568
Much_Ship_8393,False,2.426284832566536,0.0003885758743278029,249.4,0,0.0,1.0,1,0.0,1.0,0.00400962309542903
Muffin-no-ghulaam,False,0.639141136959839,0.14163071841527383,1225.9,1,0.0,1.0,1,1.0,1.0,0.0008157272208173586
MujkoYaadSatayeTeri,True,3.7935532586297933,0.3892670103969194,244.0,0,0.0,1.0,1,1.0,1.0,0.004098360655737705
MulayamChaddi,False,3.989673112733203,0.16932224007248162,2237.9,0,0.0,1.0,1,1.0,0.0,0.0004468474909513383
MultiSapman001,False,0.880349036886484,0.617367023139816,1510.9,0,0.0,1.0,1,1.0,1.0,0.0006618571712224501
Mundane_Cobbler_9441,False,2.318431213113289,0.5528761699108397,1836.3,0,0.0,1.0,1,1.0,1.0,0.0005445733267984534
Mundane_Simple_9391,False,3.8703713544134932,1.758423048960463,82.9,0,1.0,0.0,1,0.0,0.0,0.0
Murky-Jaguar-206,False,0.4244252136504142,1.8985894928652414,856.8,1,1.0,0.0,1,0.0,0.0,0.0
Murky-Top-1527,False,1.8761817887982566,0.9005099584189877,653.7,0,1.0,0.0,1,0.0,0.0,0.0
Murky_Swordfish1410,False,0.6551963424417265,0.3561253423860136,1964.3,0,1.0,0.0,1,0.0,0.0,0.0
Muser_amused,False,0.2873912479623093,1.5260563034950494,687.8,0,1.0,1.0,1,1.0,1.0,0.0014539110206455365
MushiMushi_Onichan,False,0.6651501245220544,5.460800581122327,1742.2,0,2.0,0.0,1,0.0,0.0,0.0
MushroomSafe6384,False,2.6928895608715284,3.262136947558487,288.0,0,2.0,0.0,1,0.0,0.0,0.0
MusicMetalStory,False,0.9174991685946872,1.2821815062602195,2133.7,0,5.0,0.0,1,0.0,0.0,0.0
Muted-Letterhead-330,False,2.1410169327401527,0.011915218956995183,1236.8,0,0.0,1.0,1,1.0,1.0,0.0008085381630012937
Muted-Phrase-4766,False,1.7628179051389226,0.14834233823151138,853.0,0,0.0,1.0,1,1.0,1.0,0.0011723329425556857
Muted_Being_8935,False,1.1857762605338995,0.9802926283677782,819.1,0,0.0,1.0,1,1.0,1.0,0.0012208521548040532
Muted_Respect_6595,False,2.042297698384391,0.12263911263275275,880.7,1,2.0,3.0,1,1.0,1.0,0.0034063812876121264
Muted_Shoulder,False,4.481874394553239,0.149519391732072,2332.5,0,0.0,1.0,1,1.0,1.0,0.00042872454448017146
Mutthal8,False,5.072229007349659,0.3418356267191603,262.5,0,1.0,7.0,3,0.8571428571428571,1.0,0.02666666666666667
My-Question-Is-,False,0.5091280292589127,2.9014215940827497,683.9,0,1.0,0.0,1,0.0,0.0,0.0
Mysterious-Bath-7182,False,1.0876060515127153,0.00031491104023431904,1614.0,0,0.0,1.0,1,0.0,1.0,0.0006195786864931846
Mysterious-Stay-3393,True,1.5234126170249647,0.07612921741245304,1995.9,0,0.0,1.0,1,0.0,1.0,0.0005010271055664111
Mysterious-Web-7690,True,0.8509027169772637,1.8173550164170187,205.7,1,1.0,0.0,1,0.0,0.0,0.0
MysteriousSearch6664,False,1.755894110956189,0.00035362763379066727,1771.7,0,0.0,4.0,4,0.0,1.0,0.0022577185753795788
Mysterious_Mix7311,False,0.2710402360367721,0.12078153865264003,533.2,0,1.0,0.0,1,0.0,0.0,0.0
Mysterious_Shock_761,False,0.3714632638043924,0.7985076962177716,2131.8,0,0.0,1.0,1,1.0,1.0,0.00046908715639365793
Mysterious_Simple_3,False,1.4304646280084838,1.1690597058660555,1622.0,0,0.0,1.0,1,1.0,1.0,0.0006165228113440197
Mysterious_Skin_7524,False,1.6738128076202308,1.1337344236959361,534.8,0,1.0,1.0,2,0.0,1.0,0.0018698578908002994
MysteryMani,False,2.123853813679039,0.09761527673345138,3303.0,0,0.0,1.0,1,0.0,1.0,0.0003027550711474417
MysticMuse30,False,1.0627288753122968,0.01071438821240636,593.9,1,0.0,1.0,1,1.0,1.0,0.0016837851490149858
MysticSprYT,False,0.8525562403871064,0.2988139128206252,1409.0,0,0.0,1.0,1,0.0,1.0,0.0007097232079489
Mythicspecter,False,3.6856267015698845,4.37971836688577,1135.5,0,1.0,0.0,1,0.0,0.0,0.0
Mzoconu,True,1.023709772896055,2.1473922035883435,306.7,0,1.0,0.0,1,0.0,0.0,0.0
N00B_N00M,False,2.8235950163810317,0.106255935228136,2179.1,0,0.0,1.0,1,1.0,1.0,0.00045890505254462854
N1H1L,False,2.338761258275156,0.3216912193291014,5234.2,0,0.0,1.0,1,0.0,1.0,0.00019105116350158572
NAPALM2614,False,2.844905090693346,0.08843417859336447,2166.8,0,0.0,1.0,1,1.0,1.0,0.000461510060919328
NIXITY9999,False,0.9947314079700023,0.004472057142591958,1183.1,0,0.0,1.0,1,1.0,1.0,0.0008452370890034655
NOISY_BOY_69,False,2.9877422440236634,1.1996003783017113,1526.1,0,2.0,0.0,1,0.0,0.0,0.0
NSP999,False,2.3447484638478153,1.2519760903259085,1953.1,0,0.0,1.0,1,0.0,1.0,0.0005120065536838872
Naan-violence,False,1.3215751712409263,0.1361658313260809,2251.1,0,0.0,2.0,2,1.0,0.5,0.0008884545333392564
NadeStark1,False,2.8333334257118863,0.22879298274442794,293.9,0,0.0,1.0,1,1.0,1.0,0.0034025178632187823
NainaaDaaaKyaKasoor,False,2.8457124439441395,1.0556827211618716,687.5,0,1.0,3.0,2,0.3333333333333333,1.0,0.004363636363636364
Naive_Tie8365,False,2.7263385415965633,0.04017023314407547,1369.7,0,0.0,1.0,1,1.0,1.0,0.0007300868803387602
NakamericaIsANoob,False,2.7558007697622093,0.012614403334078263,1591.8,0,0.0,1.0,1,0.0,1.0,0.0006282196255811032
NameSpirited3134,False,2.6962005664380677,0.0759397995938163,784.4,0,0.0,1.0,1,1.0,1.0,0.0012748597654258032
NamkeenNostalgia,False,3.493086711574039,0.03278272687513187,294.6,0,0.0,1.0,1,0.0,1.0,0.003394433129667345
NapOnJos,False,0.8960727450563769,0.6363706647578634,400.7,1,0.0,1.0,1,0.0,1.0,0.0024956326428749688
NarangSaab69,False,1.6353607836759143,0.04112902727851352,2660.9,0,0.0,1.0,1,1.0,1.0,0.0003758126949528355
NarglesChaserRaven,False,3.98228269277388,0.13573808102062487,1953.9,0,0.0,3.0,3,0.3333333333333333,1.0,0.001535390756947643
Narrow_Let_3780,False,4.076312972331231,0.02014909493379405,565.1,0,0.0,1.0,1,0.0,1.0,0.0017695983011856307
Naruto_Gamer1231,False,0.5411776996700786,0.0696018230941179,1469.3,0,0.0,1.0,1,1.0,1.0,0.0006805962022731914
NastyStreetRat,False,4.226184948229582,0.0907135297486172,956.6,0,0.0,1.0,1,1.0,1.0,0.0010453690152623877
National-Power3073,False,3.5793256626917835,0.20133910559005544,381.7,0,0.0,2.0,2,0.0,1.0,0.005239717055279015
NationalMusician8669,False,2.413147880676942,1.5312906921086977,1390.0,0,1.0,0.0,1,0.0,0.0,0.0
National_Bet246,False,1.2417504380855868,0.012348659089977582,1787.0,0,0.0,1.0,1,1.0,1.0,0.0005595970900951316
National_Holobird,False,1.7482721200222966,0.46820344874158765,2152.1,0,0.0,1.0,1,0.0,1.0,0.00046466242274987224
National_Mud1819,False,0.33926494205619423,0.1659426647099149,807.1,0,0.0,1.0,1,1.0,1.0,0.0012390038409119068
Natural-Order-5695,False,2.022822647680328,0.08481902625863855,239.8,0,0.0,1.0,1,1.0,1.0,0.004170141784820684
Natural_Acadia_1435,False,0.32357499551238755,0.6835777295437946,541.8,0,1.0,0.0,1,0.0,0.0,0.0
Natural_Log145,False,0.8043441755637901,0.7853176403596024,1286.4,0,0.0,1.0,1,0.0,1.0,0.0007773631840796019
Natural_Repeat6984,False,1.0157399409960657,0.9083625291942173,1746.9,0,0.0,1.0,1,1.0,1.0,0.000572442612628084
Natural_Season_7357,False,2.2998019320390166,0.829519792735663,1835.0,0,0.0,1.0,1,0.0,1.0,0.0005449591280653951
Natural_Spray_5503,True,1.6924270578393983,0.0008254230761675091,273.2,1,0.0,2.0,2,0.0,1.0,0.007320644216691069
Natural_star_69,False,1.2387633423572162,0.0010045204260054638,405.9,0,0.0,1.0,1,1.0,1.0,0.002463661000246366
Nature_Spirit-_-,False,1.2536064944838072,0.03218353764830083,592.5,0,0.0,2.0,2,1.0,1.0,0.0033755274261603376
NavdeepGusain,False,3.3156503533432593,0.2728598126362858,2574.5,0,0.0,2.0,1,0.5,1.0,0.0007768498737618955
NavyLemon64,False,6.396364087373138,2.0200171390079915,654.1,0,1.0,0.0,1,0.0,0.0,0.0
Nazz911,False,2.9922637607269436,1.3048579114611778,836.1,0,1.0,0.0,1,0.0,0.0,0.0
Nearby-Tonight-6227,False,1.1763572523073256,0.008583743691391473,103.9,1,0.0,1.0,1,1.0,1.0,0.009624639076034648
Neat-Musician-6616,False,0.4212291862456444,0.019371065755999704,1590.2,0,0.0,1.0,1,0.0,1.0,0.0006288517167651867
Neat-Peak29,False,0.019235986248112534,0.12783337150988489,1235.7,0,0.0,1.0,1,0.0,1.0,0.0008092579104960751
Neat_Entrepreneur238,False,1.0048185070360867,0.3425760195592307,568.9,0,0.0,1.0,1,0.0,1.0,0.0017577781683951485
Necessary_Aspect_375,False,0.5187522181667967,0.7376696369910468,1889.9,0,1.0,0.0,1,0.0,0.0,0.0
Necessary_Bill320,False,0.49241247895318246,0.014078907498598072,1909.6,0,0.0,1.0,1,0.0,1.0,0.0005236698785085882
Necessary_Double_884,False,2.0266715056997717,0.6866708553038195,256.8,1,1.0,0.0,1,0.0,0.0,0.0
Necessary_Hornet_957,False,0.09370145660457642,0.18232155679395465,50.9,0,0.0,2.0,1,0.0,1.0,0.03929273084479371
Necessary_Plankton,False,0.42679907806980744,0.7306609566614427,2549.1,0,1.0,0.0,1,0.0,0.0,0.0
Necessary_Sweet_150,False,1.9085358666858365,0.04074764231381915,780.4,1,0.0,1.0,1,1.0,0.0,0.001281394156842645
NectarineFriendly131,False,0.9005902321001578,2.1692685000696295,796.0,0,1.0,0.0,1,0.0,0.0,0.0
NeedleworkerGold419,False,1.7805067594343034,0.41285885713310266,990.5,0,0.0,1.0,1,1.0,1.0,0.0010095911155981827
Neelam1111,False,0.23261064113998692,0.004705891037412659,809.5,1,0.0,1.0,1,0.0,1.0,0.0012353304508956147
Neerad-Nandan,False,0.29950236418763215,0.1772064561271842,332.2,0,0.0,2.0,1,1.0,0.5,0.006020469596628537
Negative-String-113,False,0.34046608475561196,0.007168489478612542,342.7,0,0.0,1.0,1,0.0,1.0,0.0029180040852057193
NegativeMastodon9087,False,0.11814316720306028,0.006779686985378761,1172.2,0,0.0,1.0,1,1.0,0.0,0.0008530967411704487
Negative_Culture7376,False,1.6846216267090668,0.014117881545784987,146.0,0,0.0,2.0,1,1.0,1.0,0.0136986301369863
NeighborhoodThen6049,False,3.1575458261268183,0.018349138668196534,19.5,0,0.0,1.0,1,1.0,1.0,0.05128205128205128
Neither-Weird-0,False,3.6217028719827193,0.00010777604149032418,764.7,0,0.0,3.0,1,0.0,1.0,0.003923107100823852
Neither_Ad_3957,False,0.18780442952945944,0.8150369981689822,1176.2,0,0.0,1.0,1,1.0,1.0,0.0008501955449753442
Neither_Educator6087,False,0.3655615377474847,4.330733340286331,1203.2,0,1.0,0.0,1,0.0,0.0,0.0
Neither_Tomorrow_253,False,1.9311756253335406,0.06682369608102426,574.3,0,0.0,1.0,1,0.0,1.0,0.0017412502176562773
Nenomus,False,1.411734382588438,0.09830223833773025,3063.1,0,0.0,3.0,3,0.6666666666666666,1.0,0.0009793999542946688
Neo_The_bluepill_One,False,4.751742264062756,1.5188411958756078,2302.0,0,4.0,0.0,2,0.0,0.0,0.0
NeonWraithByte,False,3.0449889535584336,0.3422662231726992,204.1,0,1.0,0.0,1,0.0,0.0,0.0
Nero470,False,0.014380115982052695,1.6094379124341003,1657.0,0,0.0,1.0,1,1.0,1.0,0.0006035003017501509
Nervous-Bat5772,True,2.2340327695559834,0.2975929563512349,324.2,0,1.0,0.0,1,0.0,0.0,0.0
Nervous-Ingenuity509,False,1.0611595851842852,0.13883644485421578,1256.8,0,0.0,3.0,2,0.3333333333333333,0.6666666666666666,0.002387014640356461
NetworkAvailable,False,0.5471612145605943,0.026741394620779266,2027.9,0,0.0,1.0,1,0.0,1.0,0.0004931209625721189
NeuMaster369,False,4.986038801792126,0.003045838955306532,531.6,0,0.0,1.0,1,0.0,1.0,0.0018811136192626034
New-Armadillo-7861,False,2.3355571085774804,0.0606682477098637,460.3,0,0.0,1.0,1,1.0,1.0,0.0021724961981316533
New-Eagle-5595,False,0.4756010164174206,1.5862196223320932,487.7,0,1.0,0.0,1,0.0,0.0,0.0
New-Engineering-5132,False,2.0088321303409673,0.3879427574159619,1196.2,0,2.0,1.0,2,1.0,0.0,0.0008359806052499582
New-Jury6253,False,2.838723451519233,0.19742944587519046,1645.9,0,0.0,1.0,1,1.0,1.0,0.0006075703262652652
New-Smell8084,False,3.4154164104632296,1.898816479008032,955.5,0,2.0,0.0,1,0.0,0.0,0.0
New-Tackle-7420,False,1.3511135726628478,0.13623423224983094,499.0,0,0.0,1.0,1,0.0,1.0,0.002004008016032064
New-Win-1131,False,0.051400826500071294,0.2749430466743512,1952.8,0,1.0,0.0,1,0.0,0.0,0.0
New-Youth-4028,False,3.223968820012476,0.06325865062208805,429.3,0,0.0,4.0,3,1.0,1.0,0.009317493594223153
NewBox337,True,1.0649123702222676,0.30922534422574466,205.2,0,0.0,1.0,1,0.0,1.0,0.004873294346978558
NewLeague6438,False,2.945046749968739,0.32418119762914144,484.8,0,0.0,1.0,1,1.0,1.0,0.0020627062706270625
New_Ad_8571,False,2.2280995129815935,0.9400833690257494,1776.7,0,0.0,1.0,1,1.0,1.0,0.0005628412224911352
New_Cheesecake9719,False,2.618524319565104,0.04105674319353598,893.4,0,0.0,1.0,1,0.0,1.0,0.0011193194537721066
New_Length6643,False,1.3561911750064706,0.17155471468659653,660.1,0,0.0,1.0,1,1.0,1.0,0.0015149219815179518
New_Magician4336,False,0.6545889904230608,1.8179826643271575,458.7,0,1.0,1.0,1,0.0,1.0,0.0021800741225201656
New_Reaction3715,False,4.0196803559461065,0.557116911129072,685.2,0,0.0,1.0,1,1.0,1.0,0.0014594279042615295
Newspaper1202,False,0.4305440140348743,0.3591218364953651,1193.1,0,0.0,1.0,1,0.0,1.0,0.0008381527114240215
Newt_Double,False,1.5198498524720818,0.31768042628101256,1945.1,0,0.0,2.0,1,0.0,1.0,0.0010282247699347077
Newton_huu,False,1.687845020070129,0.20395611936194807,245.7,1,0.0,1.0,1,1.0,1.0,0.004070004070004071
Next-Chipmunk-1529,False,0.31553819696867846,0.5596157879354227,827.5,0,0.0,1.0,1,1.0,1.0,0.0012084592145015106
Next_Surround7623,False,0.711036383685192,0.43032964117345984,490.3,0,0.0,1.0,1,0.0,1.0,0.002039567611666327
NexusKada,False,2.252168243353793,0.2649037180360794,1686.7,0,0.0,1.0,1,1.0,1.0,0.0005928736586233473
Nibba_Seth,False,0.10549191306948635,0.007843177461025893,1141.5,0,0.0,1.0,1,0.0,1.0,0.0008760402978537013
Nice-Bell-7670,False,0.16530767588925743,0.7537718023763802,467.3,0,1.0,0.0,1,0.0,0.0,0.0
NiceDisaster3189,False,3.8872821180152752,4.106833994231389,625.6,0,1.0,0.0,1,0.0,0.0,0.0
NiceVehicle250,False,3.209593622044588,0.8758506182341712,1123.9,0,0.0,1.0,1,0.0,1.0,0.0008897588753447815
Nice_Resolution3258,False,2.734208460531596,0.021489698804093654,457.3,0,0.0,1.0,1,1.0,1.0,0.002186748305270063
Night-walker-15,False,0.9363991765346855,0.4486294158960849,1205.2,0,0.0,1.0,1,0.0,1.0,0.000829737802854298
Ninalicious07,False,3.7706364057547295,1.1414152664035482,2978.8,0,0.0,1.0,1,0.0,1.0,0.00033570565328320124
NishantRockstar911,False,1.277498438231464,0.7588931673888583,3479.6,0,0.0,1.0,1,1.0,1.0,0.0002873893550982872
Nishanth-N,False,0.16995997487623243,1.2243005038316064,2051.2,0,0.0,1.0,1,0.0,1.0,0.0004875195007800312
Nitzi91,False,0.36545977349446523,0.0077220460939103055,292.4,1,0.0,1.0,1,0.0,1.0,0.0034199726402188786
Njoymadi,False,3.213944341347444,0.010243701826330115,1450.6,1,0.0,1.0,1,0.0,1.0,0.0006893699158968703
No-AI-Comment,False,4.180101036326234,0.02907647431643907,344.2,0,0.0,2.0,2,0.5,1.0,0.005810575246949448
No-Ad8161,False,0.042496110809171685,0.054067221270275766,2165.3,0,0.0,1.0,1,1.0,1.0,0.00046182976954694497
No-Assignment8665,False,3.19186649517677,6.051254124263395e-05,708.2,0,0.0,1.0,1,1.0,1.0,0.0014120304998587968
No-Belt-7798,False,3.4392335138430665,0.030091815555034193,1674.2,0,0.0,1.0,1,1.0,1.0,0.000597300203082069
No-Campaign-5576,False,0.08113709902763513,0.2876820724517809,224.8,0,0.0,1.0,1,1.0,1.0,0.004448398576512455
No-Cancel1378,False,2.126687715812868,0.027912629627128063,1662.1,0,0.0,1.0,1,0.0,1.0,0.0006016485169364058
No-Chapter-8374,False,3.3953325396137717,0.017868302989255066,848.2,0,0.0,2.0,2,0.0,1.0,0.002357934449422306
No-Chef-7654,True,0.14150499548919673,0.007326040092072906,894.7,0,0.0,1.0,1,1.0,1.0,0.0011176930814798256
No-Chemistry1722,False,4.666736736839245,1.8181206516268218,432.7,0,0.0,1.0,1,0.0,1.0,0.0023110700254217703
No-Comment-8160,False,2.1488574862422705,0.04793211283353,1122.5,0,0.0,2.0,2,0.5,1.0,0.0017817371937639199
No-Consequence-2099,False,1.1507656337561012,0.1062450800675605,523.0,0,0.0,1.0,1,0.0,1.0,0.0019120458891013384
No-Difficulty-2280,False,1.295615342279435,0.025779637762045338,1569.4,0,0.0,1.0,1,0.0,1.0,0.0006371861858034917
No-Drink7148,False,1.5270585151901366,0.0006151953439180411,901.9,0,0.0,1.0,1,1.0,1.0,0.001108770373655616
No-Explorer-2427,False,5.251481059994803,2.2001985155042947,846.1,0,8.0,0.0,3,0.0,0.0,0.0
No-Falcon769,False,0.2902268899702404,0.2051421177955525,1550.2,0,0.0,1.0,1,1.0,0.0,0.0006450780544445878
No-Government-6214,False,1.2726279016117275,1.1043103097827476,615.9,0,0.0,1.0,1,0.0,1.0,0.001623640201331385
No-Historian-9115,False,3.3858031069025665,0.22487964763887283,999.8,1,0.0,1.0,1,1.0,1.0,0.0010002000400080016
No-Hyena-7047,False,2.4817301570411696,0.004481919785145003,428.3,0,0.0,1.0,1,0.0,1.0,0.0023348120476301658
No-Kaleidoscope-5478,False,0.6474095518709354,1.6130512858326143,1216.8,0,0.0,1.0,1,0.0,1.0,0.000821827744904668
No-Leading-2066,False,0.02823512573796067,2.1972245773362196,907.9,0,1.0,0.0,1,0.0,0.0,0.0
No-Mix-6438,False,2.110322228278815,0.4781281469945022,1445.2,0,0.0,1.0,1,1.0,1.0,0.0006919457514530861
No-Moment-75,False,1.6332518200438058,1.5742307557981743,433.2,0,1.0,0.0,1,0.0,0.0,0.0
No-Narwhal7400,False,1.5363705758757382,2.770916201361523,818.6,0,1.0,0.0,1,0.0,0.0,0.0
No-Painter3135,False,0.4296645397253248,0.0020597329630105696,903.6,1,0.0,2.0,1,0.5,1.0,0.002213368747233289
No-Point248,False,2.2502097425946967,0.00040330712383735416,292.0,1,0.0,3.0,2,0.0,1.0,0.010273972602739725
No-Positive-9890,False,0.1840251347187385,1.5488132906176655,391.0,0,1.0,0.0,1,0.0,0.0,0.0
No-Psychology-940,False,2.082906955483959,0.1821256895912914,435.7,0,0.0,1.0,1,1.0,1.0,0.0022951572182694515
No-Reception4593,False,0.8410491121896048,1.0350160843533127,1408.1,0,0.0,1.0,1,0.0,1.0,0.0007101768340316739
No-Role1508,False,2.836591164422745,3.1930810314229237,1060.5,0,1.0,0.0,1,0.0,0.0,0.0
No-Seesaw4460,False,2.22626789848779,1.8725439249885114,489.4,1,1.0,1.0,1,0.0,1.0,0.002043318348998774
No-Shelter-4363,False,2.533863884378003,0.29010396755664397,475.0,0,0.0,1.0,1,1.0,1.0,0.002105263157894737
No-Situation4626,False,0.21413542503915203,1.0728044047122371,1918.0,0,0.0,1.0,1,1.0,1.0,0.0005213764337851929
No-Stop283,False,2.439293597882314,0.6814022140795576,1180.8,0,1.0,0.0,1,0.0,0.0,0.0
No-Struggle-7117,False,1.2546213596639266,0.10766998550648883,460.8,0,0.0,1.0,1,1.0,1.0,0.002170138888888889
No-Sundae-3158,False,1.3573552958078237,1.7531606046071075,1972.0,0,0.0,1.0,1,1.0,1.0,0.0005070993914807302
No-Tip1830,False,2.5004253872662954,0.24817962947553462,740.1,0,0.0,1.0,1,1.0,1.0,0.0013511687609782462
No-Track7927,False,1.5208151627522337,0.004338401598598165,710.3,0,0.0,1.0,1,0.0,1.0,0.0014078558355624384
No-Two-4864,False,0.6471849491528822,0.0005148005261698662,2133.7,0,0.0,3.0,2,0.3333333333333333,1.0,0.0014060083423161646
No-Vermicelli-5258,False,0.8625791363004722,0.6192999306081958,799.7,0,0.0,2.0,1,1.0,1.0,0.002500937851694385
No-Voice0,False,1.3123714995702829,0.11294561692461343,768.7,0,0.0,1.0,1,0.0,1.0,0.0013008976193573565
No-Whole7509,False,0.25918273432266364,0.25029454038016063,469.8,0,0.0,1.0,1,0.0,1.0,0.0021285653469561515
No-Woodpecker-1682,False,0.3576299018340009,2.028148247292285,439.6,0,1.0,0.0,1,0.0,0.0,0.0
No-fusss,False,1.5259032442225473,0.4693523755594156,340.9,0,0.0,1.0,1,0.0,1.0,0.0029334115576415375
NoBailOnReddit,False,5.196473423306297,0.001321492358554008,248.7,0,0.0,5.0,2,0.4,1.0,0.02010454362685967
NoCat8136,False,2.074982907725428,1.0977777730559635,859.8,0,1.0,0.0,1,0.0,0.0,0.0
NoContest3105,False,2.1861071754496435,0.29928680232518395,201.0,0,1.0,0.0,1,0.0,0.0,0.0
NoConversation1943,False,1.8010418289742143,0.09752502013387769,446.8,0,0.0,1.0,1,0.0,1.0,0.0022381378692927483
NoCut8130,False,1.755746257391283,0.4265323783764874,320.4,0,1.0,0.0,1,0.0,0.0,0.0
NoDust7568,False,1.7116761329723054,1.201216716223956,239.3,0,1.0,0.0,1,0.0,0.0,0.0
NoExpression1030,False,3.4966374695566893,0.04781709328919844,653.1,0,0.0,6.0,6,0.5,1.0,0.009186954524575103
NoFlatworm5371,False,0.02392458608524522,0.6931471805599453,41.3,0,1.0,0.0,1,0.0,0.0,0.0
NoFlounder8103,False,0.8087339747806,0.0555166469303828,430.5,0,0.0,1.0,1,1.0,0.0,0.0023228803716608595
NoKale1985,False,2.6474553627548225,1.4357862181520757,1217.1,0,5.0,0.0,2,0.0,0.0,0.0
NoLandscape404,False,1.826735512557094,0.19580232885144416,807.7,0,0.0,1.0,1,1.0,0.0,0.001238083446824316
NoLeadership4825,False,1.4711572844311684,0.22232498142695414,636.8,0,0.0,1.0,1,0.0,1.0,0.00157035175879397
NoLeading4657,False,0.5519269191747143,1.349515109616594,1411.9,0,0.0,1.0,1,0.0,1.0,0.0007082654578936184
NoMedicine3572,False,6.331129519509671,1.1978566761400589,660.1,0,16.0,14.0,9,0.6428571428571429,0.7857142857142857,0.021208907741251323
NoMoreResearch,False,1.5667095430523903,0.025401697082950706,3870.1,0,0.0,1.0,1,1.0,1.0,0.0002583912560398956
NoPraline438,False,1.5989277133021385,0.0011409014357916009,221.9,0,0.0,1.0,1,1.0,1.0,0.004506534474988734
NoProcedure7943,False,1.4065623314111204,0.2935692316859861,865.7,0,0.0,1.0,1,0.0,1.0,0.0011551345731777751
NoProgress4951,False,0.6199566950402704,0.004272206681019765,1910.7,0,0.0,2.0,2,0.5,1.0,0.0010467367980321349
NoRecommendation9289,False,0.49332861720679566,0.0007222824438239992,2170.1,0,0.0,2.0,2,0.5,1.0,0.0009216165153679554
NoRestBro,False,3.8797397209596056,0.38515355132934226,387.5,0,0.0,1.0,1,0.0,1.0,0.0025806451612903226
NoSea9644,False,0.8038566866264539,0.00930239266231352,86.7,0,0.0,1.0,1,0.0,1.0,0.011534025374855825
NoSeaworthiness389,False,2.292846219965113,0.6108072244707863,1682.9,0,1.0,0.0,1,0.0,0.0,0.0
NoSlide4501,False,0.7052051805955226,0.9555114450274363,836.7,1,1.0,0.0,1,0.0,0.0,0.0
NoSpinach1082,True,2.387074018147564,0.062460444094653275,1089.6,0,0.0,1.0,1,0.0,1.0,0.0009177679882525698
NoStretch9973,False,2.134008846530649,0.2286155211922031,491.9,0,0.0,1.0,1,0.0,1.0,0.0020329335230737954
NoSwordfish3809,True,1.0880756230970632,0.510378596489883,756.9,0,0.0,1.0,1,0.0,1.0,0.001321178491214163
NoTeaHere,False,1.6560866321855574,0.0309777804854779,572.1,0,0.0,1.0,1,1.0,1.0,0.0017479461632581715
NoVisual1030,True,3.3411718953966596,0.018798106870174247,124.1,1,0.0,1.0,1,0.0,1.0,0.008058017727639002
NoWalrus2071,False,1.0701246765403576,0.0061463008486940885,2129.2,0,0.0,1.0,1,1.0,1.0,0.0004696599661844825
No_Alarm6362,False,0.5807238127232007,1.2468319381544672,2027.1,0,0.0,1.0,1,0.0,1.0,0.0004933155739726703
No_Army_4122,False,4.090618456270164,0.014930229275267036,167.6,1,0.0,2.0,2,0.0,1.0,0.011933174224343675
No_Barracuda1,False,1.578042186558365,0.028539392356384145,665.2,0,0.0,4.0,2,0.75,0.75,0.006013229104028863
No_Blackberry6125,False,1.423945469961349,1.396820774106878,726.5,1,1.0,0.0,1,0.0,0.0,0.0
No_Blackberry_5354,False,0.24125269810405642,0.0077220460939103055,472.8,0,0.0,1.0,1,1.0,1.0,0.0021150592216582064
No_Bother9001,False,1.9536361865618044,0.4178550688451627,2092.4,0,1.0,0.0,1,0.0,0.0,0.0
No_Bug_8705,False,1.0297446656487679,0.2121155110955697,1539.7,0,0.0,1.0,1,0.0,1.0,0.0006494771708774437
No_Bus_474,False,5.747932663191133,2.968653356466269,263.2,1,0.0,1.0,1,1.0,1.0,0.003799392097264438
No_Catch_828,False,0.20663975343272142,0.13650316301368012,1463.8,0,0.0,1.0,1,0.0,1.0,0.0006831534362617844
No_Classroom_2956,False,2.673369851027223,0.059628366914190364,753.0,0,0.0,1.0,1,1.0,1.0,0.0013280212483399733
No_Cod_9198,False,3.175910603264869,5.682625374451496e-05,766.8,0,0.0,2.0,1,0.5,1.0,0.0026082420448617634
No_Collection_7208,False,0.5624345139301593,0.47528068634657933,1609.4,0,0.0,1.0,1,1.0,0.0,0.0006213495712687958
No_Concentrate2187,False,2.882061346798208,0.4351092438231283,542.4,0,1.0,3.0,1,0.3333333333333333,1.0,0.0055309734513274336
No_Criticism_7781,False,0.30205370670394915,0.004106781952653411,689.1,0,0.0,1.0,1,1.0,0.0,0.0014511681903932665
No_Cucumber7287,False,1.0352472612427805,0.13733355605790512,1222.6,0,0.0,2.0,1,0.5,1.0,0.001635858007524947
No_Degree5101,False,1.0742651557932148,1.2198832943762117,185.7,1,1.0,0.0,1,0.0,0.0,0.0
No_Designer_4141,False,1.8199346368524878,0.26662866325394863,863.2,0,0.0,1.0,1,0.0,1.0,0.0011584800741427247
No_Display_4766,False,0.0320117712470887,2.4423470353692043,2090.4,0,0.0,1.0,1,0.0,1.0,0.0004783773440489858
No_Display_5755,False,3.5764609384184842,0.030684818892578257,1315.2,0,0.0,1.0,1,0.0,1.0,0.0007603406326034063
No_Dog9018,False,2.600677629932721,0.5223169415720371,1059.5,0,0.0,2.0,1,0.0,1.0,0.0018876828692779614
No_Drama_2500,False,0.607039064403113,0.06970033525894208,603.6,0,0.0,1.0,1,0.0,1.0,0.0016567263088137839
No_Duck_6133,False,0.3720438073021629,0.1920068625284183,366.1,0,0.0,1.0,1,1.0,0.0,0.0027314941272876263
No_Extent_2020,False,0.22864291266815537,1.3440474910351528,2070.9,0,2.0,0.0,1,0.0,0.0,0.0
No_Flow_3335,False,0.484342927095715,0.0011841327612167323,1354.5,0,0.0,2.0,2,0.5,1.0,0.0014765596160944998
No_Form_3461,False,2.836957747178869,1.414669738965724,191.3,0,0.0,1.0,1,0.0,1.0,0.005227391531625719
No_Grass_3728,False,3.1588001218257573,1.1090907344229641,2025.7,0,0.0,1.0,1,0.0,1.0,0.0004936565137976996
No_Growth_2549,False,2.3006441524152126,0.13872162016678186,722.0,0,0.0,2.0,2,1.0,1.0,0.002770083102493075
No_Guide_8222,False,1.010409253146201,0.0246926125903715,22.9,1,0.0,1.0,1,0.0,1.0,0.04366812227074236
No_Heart4363,False,1.8835916515106228,0.1670540846631662,118.7,0,0.0,1.0,1,1.0,1.0,0.008424599831508003
No_Honeydew_5860,False,0.5950387696125672,1.7898850544337046,1309.8,0,1.0,0.0,1,0.0,0.0,0.0
No_Instruction_3048,False,0.5875056870975168,0.6235645125356961,1977.5,0,1.0,0.0,1,0.0,0.0,0.0
No_Jackfruit852,False,3.2451013479629305,0.8492071688431239,28.3,0,1.0,1.0,2,0.0,1.0,0.0353356890459364
No_Jello_2520,False,3.5865351552208886,0.44697640247042003,1043.7,0,3.0,2.0,1,0.5,1.0,0.0019162594615310911
No_Lemon8449,False,2.766558781902936,0.10571228057425643,275.5,0,0.0,1.0,1,0.0,1.0,0.003629764065335753
No_Let_5065,False,2.2075074442918035,0.0789683120449672,2021.0,0,2.0,11.0,3,0.9090909090909091,0.9090909090909091,0.0054428500742206825
No_Meeting4588,False,1.338195574065861,0.2806447457312048,1006.7,1,0.0,1.0,1,0.0,1.0,0.0009933445912387007
No_Newspaper6789,False,3.7923071926176424,0.11315628002449088,1252.0,0,0.0,1.0,1,0.0,1.0,0.0007987220447284345
No_Olive_229,False,4.575065233311668,0.27791899310333357,453.9,0,0.0,1.0,1,0.0,1.0,0.002203128442388191
No_Package3942,False,0.6774379118812932,0.01246898947973376,1664.9,0,0.0,1.0,1,0.0,1.0,0.0006006366748753678
No_Peach6683,False,2.0539392488689,0.28230625064515996,1473.4,0,0.0,1.0,1,0.0,1.0,0.0006787023211619383
No_Peak_2103,False,0.8118184519963382,0.806011936375909,687.7,0,0.0,1.0,1,1.0,1.0,0.0014541224371092045
No_Resource_9,False,0.4328009779174999,0.6875449250112755,1970.2,0,0.0,1.0,1,0.0,1.0,0.000507562683991473
No_Run8812,False,0.15055007091121878,0.2273189227246904,1840.3,0,0.0,1.0,1,1.0,1.0,0.0005433896647285769
No_Sheepherder_3713,False,0.804085244888118,0.6814217530896298,1922.0,0,0.0,4.0,1,0.25,1.0,0.002081165452653486
No_Spinach_1682,False,2.811668459169582,0.00019738270596819397,1620.0,0,0.0,2.0,2,0.5,1.0,0.0012345679012345679
No_Standard,False,0.4144660689671405,1.0739664914612816,3041.5,0,0.0,1.0,1,0.0,1.0,0.0003287851389117212
No_Success3393,False,0.7840358864179167,0.0008022463326379978,1046.8,0,0.0,1.0,1,0.0,1.0,0.0009552923194497516
No_Surprise_7871,False,1.066163230713221,0.956248241336598,1568.1,0,0.0,1.0,1,0.0,1.0,0.0006377144314775844
No_Tank5863,False,0.6492898055407033,2.087388603372368,2071.8,0,1.0,0.0,1,0.0,0.0,0.0
No_Technician_,False,0.9890335686001903,0.0003981684305042836,1487.0,0,0.0,1.0,1,0.0,1.0,0.0006724949562878278
No_Union_2694,False,1.1118019283190876,2.7814776696570274,165.7,0,1.0,0.0,1,0.0,0.0,0.0
No_Weight_9474,False,0.5421715280785194,0.257111545965232,2161.9,0,0.0,1.0,1,0.0,1.0,0.0004625560849252972
No_Werewolf_3869,False,1.4133688349954072,1.5788112548551088,2015.9,0,1.0,0.0,1,0.0,0.0,0.0
No_Yogurt8713,False,2.630284506441255,0.517902389423427,1090.1,0,0.0,2.0,1,0.0,1.0,0.0018346940647647005
No_Yogurtcloset_334,False,1.0447551117179577,0.03734064351788918,1983.5,0,0.0,1.0,1,1.0,1.0,0.0005041593143433325
No_Zookeepergame2847,False,0.7761048455321229,0.1551622349849064,1826.1,0,0.0,1.0,1,1.0,1.0,0.0005476151360823613
Nobita_kothari,True,4.64544120907933,4.4840364726531705,183.0,0,1.0,0.0,1,0.0,0.0,0.0
Nobody200258,False,1.0101568681062463,0.03987666594820171,453.6,0,0.0,1.0,1,0.0,1.0,0.002204585537918871
NobodyDifferent5293,False,0.8277610783194445,0.05510375932628433,998.3,0,0.0,1.0,1,1.0,1.0,0.0010017028949213663
Nocompetitionguy,False,4.587857208523603,7.233534669868954e-05,142.1,0,0.0,2.0,1,0.5,1.0,0.014074595355383534
Nocturnalmegahunt,False,4.143698821738602,1.891225612798417,236.3,0,0.0,1.0,1,0.0,1.0,0.004231908590774439
Noice2904,False,0.6807373896046098,0.7225437711612902,883.8,0,0.0,1.0,1,1.0,0.0,0.0011314777098891152
NoiceAndToitt,False,2.981009912361728,0.17095501168009367,1950.8,0,0.0,3.0,1,1.0,1.0,0.001537830633586221
Nomadicfreelife,False,3.199766565384415,0.056885236971691525,970.0,0,0.0,1.0,1,1.0,1.0,0.0010309278350515464
Nomoreargument,False,4.202889656893547,0.06150805745671399,58.0,1,0.0,1.0,1,0.0,1.0,0.017241379310344827
NonAromatic_Benzene,False,2.265957506009126,1.365436130999481,296.4,1,1.0,1.0,1,0.0,1.0,0.0033738191632928477
Non_IronMan,False,1.0707788770775561,0.0011961723914302588,871.9,0,0.0,1.0,1,0.0,1.0,0.0011469205184080743
NordIndian69,False,1.6740718670784482,0.38099805821712357,1047.8,0,0.0,1.0,1,0.0,1.0,0.0009543806069860661
Noreddit86,False,1.1222148286610432,0.3612300103993043,1258.9,0,0.0,1.0,1,1.0,1.0,0.0007943442688061005
Normal-Cup-7454,False,0.8835066351817887,1.1969481893889715,465.7,0,1.0,0.0,1,0.0,0.0,0.0
NormalMachine669,False,0.8045304614928819,0.04647196527810971,801.2,0,0.0,1.0,1,0.0,1.0,0.0012481278082875685
Normal_OnRed,False,0.7286190323595205,0.21911350372753116,634.2,0,0.0,1.0,1,0.0,1.0,0.0015767896562598547
North-Platform-3471,False,0.4182267433760902,0.5907321751318758,783.8,0,0.0,1.0,1,0.0,1.0,0.0012758356723653994
NorthTop9254,False,3.5667177651071653,0.4015220358018276,570.2,0,0.0,1.0,1,1.0,1.0,0.0017537706068046297
North_Beginning_7860,False,2.4924712126259334,0.36918819668077657,1472.8,0,0.0,1.0,1,1.0,1.0,0.0006789788158609452
North_Possibility_81,False,0.14115919467340876,0.11359717772370537,1959.0,0,0.0,1.0,1,0.0,1.0,0.0005104645227156713
North_Presentation31,False,0.2277396745209779,1.5220959022789524,1966.7,0,1.0,0.0,1,0.0,0.0,0.0
NoseZealousideal8897,False,0.14529876053287583,0.7380985684222117,1157.4,0,0.0,1.0,1,1.0,1.0,0.0008640055296353896
Nostalgiaitsme,False,1.8169939404065965,2.3499214163452495,600.0,0,0.0,1.0,1,1.0,1.0,0.0016666666666666668
Not-N-Extrovert,False,3.207963692402803,0.3429891216204594,1899.6,0,0.0,1.0,1,0.0,1.0,0.0005264266161297116
NotADodgyCat,False,1.7079661084717748,0.4998428869125381,1957.4,0,1.0,0.0,1,0.0,0.0,0.0
NotSoCoolWaffle,False,3.49462119386759,0.11501083131060572,1762.3,0,0.0,1.0,1,1.0,1.0,0.0005674402769108551
NotSoGenius00,False,0.10438577872323127,0.20898980387611596,2063.1,0,0.0,1.0,1,1.0,1.0,0.00048470747903640155
NotSukuna,False,0.48793053073802267,0.03205849451541607,1157.5,0,0.0,1.0,1,0.0,1.0,0.0008639308855291577
NotTheAbhi,False,3.8003870373582886,0.10854221465078188,2848.2,0,0.0,1.0,1,0.0,1.0,0.0003510989396812022
NotTheRealMello,False,1.6391691285920122,1.446963176948044,1362.6,0,1.0,1.0,1,0.0,1.0,0.0007338910905621606
NotYour_Maya,False,1.1487499914842418,0.06386625220468907,689.8,0,0.0,1.0,1,1.0,1.0,0.0014496955639315744
Not_Here_To_Please,False,4.698027074842668,0.12515116984560734,51.2,0,0.0,1.0,1,1.0,1.0,0.01953125
Not_Space07,False,1.162281362845245,0.15761716723579888,942.1,0,0.0,1.0,1,1.0,1.0,0.0010614584439019212
Not_Your-Bae,False,2.166090604200701,2.028748427364318,258.8,0,1.0,0.0,1,0.0,0.0,0.0
Not_legend247,False,0.9593917159714261,0.14843992563541056,1246.5,0,0.0,1.0,1,1.0,1.0,0.0008022462896109105
Notalabel_4566,False,5.697180096468813,6.093428808074128,1600.1,0,4.0,0.0,2,0.0,0.0,0.0
NothingAny1544,False,1.1028023719339803,1.6815810329568908,349.3,0,1.0,0.0,1,0.0,0.0,0.0
NothingFit5231,False,0.8653513795560263,0.24604991752311717,1828.7,0,0.0,1.0,1,1.0,1.0,0.000546836550555039
Noticepop-Tip3910,False,1.125314447275106,4.392904752821065,310.4,0,2.0,0.0,2,0.0,0.0,0.0
Nova_Dawnspire,False,2.1275563013773926,0.7932433306802114,560.7,0,0.0,1.0,1,0.0,1.0,0.0017834849295523451
Novel-Following-937,True,1.7988567310988166,0.17290655785935274,58.5,0,0.0,1.0,1,1.0,1.0,0.017094017094017096
Novel_Tap2786,False,1.230504928228478,0.07102953206875492,2028.1,0,0.0,1.0,1,1.0,1.0,0.0004930723337113555
Noxy2067,False,0.6624252818016436,0.36772478012531734,1507.2,0,0.0,1.0,1,0.0,1.0,0.0006634819532908704
Nsci,False,1.4922054161321037,0.0010589715729186376,4385.4,0,0.0,1.0,1,1.0,0.0,0.00022802937018287958
Nuclear4d,False,1.548252876229281,0.03554381127362841,3154.8,0,0.0,1.0,1,0.0,1.0,0.00031697730442500313
Null_Commamd,False,3.101014635176826,0.10272615531378335,601.4,0,0.0,1.0,1,1.0,1.0,0.0016627868307283007
Numerous-Ad1097,True,1.142798217815809,0.20067069546215116,643.4,0,0.0,1.0,1,0.0,1.0,0.001554243083618278
Numerous-Trust7439,True,4.825220933266912,1.9868531677845511,548.7,0,1.0,0.0,1,0.0,0.0,0.0
Numerous_Map73,False,1.8559161035463618,0.00017410986376359137,1064.0,0,0.0,1.0,1,0.0,1.0,0.0009398496240601503
Numerous_Staff7503,False,2.529277688263657,0.6955621545651975,861.8,0,0.0,1.0,1,1.0,1.0,0.0011603620329542817
Numerous_Subject_164,False,0.7127556519483217,0.1554030281437242,767.6,1,0.0,1.0,1,0.0,1.0,0.0013027618551328818
Nunatrocious,False,0.7752078322522232,0.05356974521934007,3240.7,0,0.0,1.0,1,0.0,1.0,0.00030857530780386953
Nunnupandey,False,2.5466982281271595,0.006048670644029537,324.1,1,0.0,1.0,1,0.0,1.0,0.00308546744831842
Nuttyweed2,False,0.005427421735365098,0.4054651081081644,367.5,0,0.0,1.0,1,0.0,1.0,0.0027210884353741495
Nybbc2397,False,2.441251532123323,0.08297085388469227,1231.0,0,1.0,3.0,3,0.3333333333333333,1.0,0.002437043054427295
NyxAsh3nvaldr,False,3.229716197086242,0.03670981188102014,410.3,0,0.0,1.0,1,0.0,1.0,0.0024372410431391664
OG_RaM,False,2.2504358486836473,0.04743451511237623,2196.1,0,1.0,1.0,2,1.0,1.0,0.0004553526706434133
OMG_NoReally,False,3.350686558477128,0.18080757520995935,4729.0,0,0.0,8.0,2,0.0,1.0,0.0016916895749629942
OMega2100,False,2.3184379277868614,1.2189759709179848,921.2,0,0.0,1.0,1,0.0,1.0,0.0010855405992184106
OTGOp,False,1.3674156105250437,0.2952741724731284,1461.1,0,0.0,1.0,1,0.0,1.0,0.0006844158510711109
Objective-Advisor699,False,1.6798836093374794,0.05150468853271996,912.5,0,0.0,1.0,1,0.0,1.0,0.001095890410958904
Objective-Peanut-666,False,3.6851591828392336,0.9443372577976967,709.6,1,0.0,2.0,1,0.0,1.0,0.002818489289740699
ObjectiveWolverine37,False,2.1571203725709824,0.9282595954775806,1720.2,0,0.0,1.0,1,0.0,1.0,0.0005813277525869085
Objective_Fox_9287,False,2.9987075905811427,1.411697032396168,1204.8,0,0.0,1.0,1,0.0,1.0,0.0008300132802124834
Objective_Lemon_5893,False,0.32563284788878,0.1404830410985945,1979.7,0,0.0,1.0,1,0.0,1.0,0.0005051270394504217
Objective_Steak6423,False,2.133788678977132,0.8993051855084112,188.0,1,1.0,0.0,1,0.0,0.0,0.0
Oblivion_Gem4137,False,1.7878702456492392,0.3212271451177544,407.9,0,1.0,0.0,1,0.0,0.0,0.0
Obnoxious_ogre,False,1.4442527226422883,1.024162634424589,4581.8,0,0.0,1.0,1,0.0,1.0,0.00021825483434458073
Obocchamakun,False,4.159470891140115,1.3004977235958564,736.1,0,1.0,1.0,2,1.0,1.0,0.0013585110718652357
Obvious-Instance9551,False,1.7968290457928309,0.0468620421452814,442.7,0,0.0,1.0,1,0.0,1.0,0.00225886604924328
Obvious-Profit-5597,False,3.32815261369853,0.010694949690429351,1178.2,0,0.0,2.0,2,0.5,1.0,0.0016975046681378372
ObviousBody3053,False,3.1440401923751704,4.022962400206124,546.1,0,1.0,0.0,1,0.0,0.0,0.0
Obvious_Gap_5768,False,4.0104090900731,1.5656462400995634,120.4,0,3.0,0.0,2,0.0,0.0,0.0
Obvious_Shoe7302,False,4.927206093371538,2.9034251014188763,2070.8,0,12.0,0.0,4,0.0,0.0,0.0
Odd-Button4376,False,1.7688530523454906,0.004621317595597709,401.1,0,0.0,1.0,1,1.0,0.0,0.0024931438544003987
Odd-Description-,False,4.797587941654449,0.006701883235342465,826.9,1,0.0,2.0,1,0.5,1.0,0.0024186721489902045
Odd-Extension8576,False,2.40104167276911,0.14639573953752588,605.8,0,0.0,1.0,1,1.0,1.0,0.001650709805216243
Odd-Indication-5301,False,2.6464487685263567,0.1986816346372941,1993.0,0,0.0,1.0,1,0.0,1.0,0.0005017561465127947
Odd-Nebula7648,False,2.757382197996479,1.1536927163195296,1795.3,0,0.0,1.0,1,0.0,1.0,0.0005570099704784716
Odd-Pear-4739,False,2.3353306347206293,0.2260890615439666,728.5,0,0.0,1.0,1,0.0,1.0,0.0013726835964310226
OddCode6845,False,2.004165972541308,0.0018885746878681367,82.4,0,0.0,1.0,1,0.0,1.0,0.012135922330097087
OddEnd1850,True,0.034016885278254264,0.9808292530117263,202.3,0,0.0,1.0,1,0.0,1.0,0.004943153732081067
Odd_Bid9933,False,0.5151996055891038,0.1572327262785437,2007.5,0,0.0,1.0,1,0.0,1.0,0.00049813200498132
Odd_Meaning4590,False,1.44566921786293,0.0034992878080467448,970.2,1,0.0,3.0,3,1.0,0.6666666666666666,0.003092145949288806
Odd_Neighborhood2079,False,0.4066969604416769,2.4849066497880004,189.3,0,2.0,0.0,1,0.0,0.0,0.0
Odd_Possible_1588,False,1.5127396261079318,0.7507473703463547,827.6,1,1.0,0.0,1,0.0,0.0,0.0
Odd_Razzmatazz3102,False,2.229000544039921,0.9251684059061726,382.0,0,1.0,0.0,1,0.0,0.0,0.0
Odd_Reaction_5356,False,1.396300261935656,1.381435637842039,1282.8,0,1.0,0.0,1,0.0,0.0,0.0
Odd_Treat_9225,False,2.1074253454068135,0.8911133130801281,1663.2,0,0.0,1.0,1,0.0,1.0,0.0006012506012506013
Odd_Werewolf7753,False,4.604573614177145,2.019286219703883,721.0,0,1.0,1.0,2,1.0,1.0,0.0013869625520110957
OdeToMyFeed,False,2.5331018635810536,0.0922348830850406,341.6,0,0.0,1.0,1,0.0,1.0,0.0029274004683840747
OfferWestern,False,1.8699788426524506,0.16874354309177558,2031.1,0,0.0,6.0,5,0.16666666666666666,1.0,0.002954064300132933
Ok-Address-7352,False,6.073491182464428,2.8502103446105957,274.9,0,1.0,0.0,1,0.0,0.0,0.0
Ok-Amphibian-2909,False,4.714362062278572,0.8177595110516639,18.6,0,0.0,1.0,1,0.0,1.0,0.05376344086021505
Ok-Baseball-1544,False,0.7673605612244478,0.018925296030338316,2032.8,0,1.0,0.0,1,0.0,0.0,0.0
Ok-Boysenberry4326,False,0.05652096361916015,0.02739897418811444,1255.4,0,0.0,1.0,1,0.0,1.0,0.0007965588657001752
Ok-Bridge-1045,False,4.074786442089504,0.09047854394190624,1775.6,0,0.0,1.0,1,0.0,1.0,0.0005631899076368552
Ok-Cauliflower-9676,False,0.725422684593963,1.5956919915294652,1355.1,0,0.0,1.0,1,1.0,1.0,0.0007379529186037931
Ok-Charge-1830,False,1.0908347803154097,0.10017812415084316,843.3,0,1.0,0.0,1,0.0,0.0,0.0
Ok-Concentrate197,False,0.7112822283224642,0.28669539254933585,1953.5,0,0.0,1.0,1,1.0,1.0,0.0005119017148707448
Ok-Consequence5933,False,3.2763467882020665,3.723626769088105,1906.6,0,0.0,2.0,2,0.0,1.0,0.001048987726843596
Ok-Construction-2671,False,2.82893521398903,0.011332601634531538,518.1,0,0.0,1.0,1,0.0,1.0,0.0019301293186643504
Ok-Custard-3239,False,0.35424283897011993,0.00297177038915749,790.4,0,0.0,1.0,1,0.0,1.0,0.0012651821862348178
Ok-Diamond-9840,False,2.287446360946171,0.07430747340126635,1132.8,0,0.0,1.0,1,0.0,1.0,0.0008827683615819209
Ok-Dragonfruit-9763,False,3.1501471808671075,3.0388567001877456,275.7,0,0.0,1.0,1,0.0,1.0,0.0036271309394269135
Ok-Energy669,True,1.3779707136685444,1.7018486990794228,1450.7,0,0.0,1.0,1,1.0,1.0,0.0006893223960846487
Ok-Equivalent3810,False,6.494915943938479,2.0597076244491395,728.6,1,10.0,1.0,2,1.0,1.0,0.001372495196266813
Ok-Garcia-5605,False,6.098775418312237,0.4268044513283869,974.0,0,0.0,1.0,1,1.0,1.0,0.001026694045174538
Ok-Home9841,True,1.9008827260056151,0.7330998163343242,1632.7,0,0.0,1.0,1,0.0,1.0,0.000612482391131255
Ok-Horror247,False,0.06460962213657016,0.7274362540385774,1318.5,0,0.0,1.0,1,0.0,1.0,0.0007584376185058779
Ok-Inspector-9277,False,0.3377179247853611,0.004778981616350695,2085.9,0,0.0,1.0,1,0.0,1.0,0.00047940936765904403
Ok-Leadership-4268,False,4.50890523581475,0.17590153136406034,39.4,0,0.0,2.0,1,1.0,1.0,0.050761421319796954
Ok-Letterhead-4447,False,0.5825182181094636,0.10325694500030443,1133.4,0,0.0,1.0,1,1.0,1.0,0.0008823010411152285
Ok-Meal2799,False,0.07796594829941655,0.26662866325394863,567.3,0,0.0,1.0,1,1.0,0.0,0.0017627357659086905
Ok-Message8061,False,0.1415787733316046,0.022472855852058594,289.3,0,0.0,1.0,1,0.0,1.0,0.0034566194262011752
Ok-Might-8839,True,2.404322030137264,0.525253065606293,408.9,0,0.0,1.0,1,1.0,1.0,0.0024455857177794085
Ok-Mountain-9541,False,2.084709332614695,4.6482632838103015,844.9,0,1.0,0.0,1,0.0,0.0,0.0
Ok-Panda0702,False,3.4038660203803675,1.2379910070265743,1565.5,0,0.0,1.0,1,1.0,1.0,0.0006387735547748323
Ok-Possession-473,False,0.9070239901080833,0.23967285326542032,1981.8,0,1.0,0.0,1,0.0,0.0,0.0
Ok-Professional539,False,0.9046779398233428,0.012578782206860118,53.7,0,0.0,1.0,1,0.0,1.0,0.018621973929236497
Ok-Reception-7392,False,0.16675078809478275,1.0672617587840336,1724.9,0,0.0,1.0,1,0.0,1.0,0.0005797437532610585
Ok-Refrigerator5593,False,0.01871096613854625,0.025317807984289873,2064.9,0,0.0,1.0,1,0.0,1.0,0.000484284953266502
Ok-Refrigerator7995,False,0.6283475774224949,1.6293470984175777,2145.2,0,1.0,0.0,1,0.0,0.0,0.0
Ok-Response4622,False,0.559658648445898,0.10513876158218645,666.6,0,1.0,0.0,1,0.0,0.0,0.0
Ok-Row-9513,False,1.1557820322196606,0.00035130862823987797,1307.6,0,0.0,1.0,1,0.0,1.0,0.0007647598654022638
Ok-Seaworthiness1303,False,0.7958045972617048,2.035563535507782,1868.9,0,1.0,1.0,2,0.0,1.0,0.0005350741077639252
Ok-Sector5718,False,1.9587707446566844,0.5130503187881018,1108.1,0,0.0,1.0,1,1.0,1.0,0.0009024456276509341
Ok-Succotash-2390,False,2.2240000014208334,0.042088454609321146,1868.7,0,0.0,1.0,1,1.0,0.0,0.0005351313747525017
Ok-Tangerine-9870,False,0.05560419240380536,0.8649974374866045,314.8,1,0.0,1.0,1,1.0,1.0,0.0031766200762388818
Ok-Television-9662,False,4.728793489559088,0.010699595076499138,1313.6,0,0.0,2.0,2,1.0,1.0,0.0015225334957369063
Ok-Traffic4922,False,0.08404944434245169,0.04652001563489285,239.5,0,0.0,1.0,1,1.0,1.0,0.0041753653444676405
Ok-Training-5996,False,2.310717671571863,0.900345440517353,825.4,0,1.0,0.0,1,0.0,0.0,0.0
Ok-Vast-7565,False,0.6773104258016933,0.0030816665374081005,1005.6,0,0.0,1.0,1,0.0,1.0,0.000994431185361973
OkCount2379,False,4.364053840726871,2.3593392450174724,493.2,0,0.0,1.0,1,0.0,1.0,0.00202757502027575
OkCover628,False,2.2177076247214402,0.8790465587017839,1313.3,1,0.0,1.0,1,1.0,1.0,0.0007614406457016675
OkFilm6451,False,0.8915201195259538,0.03774032798284703,487.2,0,0.0,1.0,1,0.0,1.0,0.002052545155993432
OkMaize9773,False,1.7436961977956364,0.011479984144508045,2042.2,0,0.0,1.0,1,1.0,0.0,0.0004896680050925472
OkMembership2574,False,0.7422190745523424,1.9730120788331047,169.0,0,1.0,0.0,1,0.0,0.0,0.0
OkSuspect3169,False,0.24625998517191192,0.052643733485421985,974.1,0,0.0,1.0,1,0.0,1.0,0.001026588645929576
OkWillingness7427,False,1.579729134995865,0.00963240150561155,1109.6,0,0.0,1.0,1,1.0,1.0,0.0009012256669069936
Ok_Acanthisitta8995,False,0.04894941251756694,0.054067221270275766,358.8,0,0.0,1.0,1,1.0,1.0,0.0027870680044593085
Ok_Addition_7549,False,0.8787029832205503,0.003411032301062849,625.1,0,0.0,1.0,1,1.0,1.0,0.0015997440409534474
Ok_Apple6168,False,1.6007868717273062,0.0005667328006605302,445.8,0,0.0,1.0,1,0.0,1.0,0.0022431583669807087
Ok_Caramel_5035,False,1.3800481831828086,0.0003295435851210791,1019.8,0,0.0,1.0,1,0.0,1.0,0.0009805844283192783
Ok_College2946,False,0.9959917560208349,0.004376374599798878,535.9,0,0.0,1.0,1,1.0,1.0,0.001866019779809666
Ok_Constant_8405,True,1.6839308938133608,0.7017895818548454,1138.9,0,0.0,1.0,1,1.0,1.0,0.0008780402142418122
Ok_Description_507,False,3.683974089017339,1.66473813096173,928.3,0,0.0,1.0,1,0.0,1.0,0.0010772379618657763
Ok_Diver_8822,False,3.5198260310059943,0.353417982150338,287.2,0,0.0,1.0,1,1.0,1.0,0.0034818941504178276
Ok_Elk_3953,False,0.4486643132107401,0.8681714835299567,625.2,1,0.0,1.0,1,1.0,1.0,0.001599488163787588
Ok_Emphasis_6757,False,2.472798338824884,2.0940325240512214,693.1,0,1.0,0.0,1,0.0,0.0,0.0
Ok_Homework6430,False,0.024897551621727174,0.1541506798272583,238.0,0,0.0,1.0,1,1.0,1.0,0.004201680672268907
Ok_Ice_814,False,2.3476695090196467,0.15742158100620118,285.8,0,1.0,0.0,1,0.0,0.0,0.0
Ok_Independent_5518,False,0.6543866503149298,0.21102219078186496,886.4,0,0.0,1.0,1,0.0,1.0,0.001128158844765343
Ok_Jello_3630,False,3.989660532424187,0.04086199105389421,883.9,0,0.0,1.0,1,1.0,1.0,0.0011313497001923295
Ok_Law_4208,False,2.76930766410896,0.08990425742113453,143.1,0,0.0,1.0,1,1.0,1.0,0.0069881201956673656
Ok_Loquat_5778,False,0.793583073319509,0.011049836186584975,74.3,0,0.0,1.0,1,0.0,1.0,0.013458950201884253
Ok_Medium9389,False,1.1192723853924091,0.0004729250501954009,2050.3,0,0.0,2.0,2,0.5,1.0,0.0009754670048285616
Ok_Monitor_22,False,1.8028701067766093,0.0021012825550514903,469.9,1,0.0,1.0,1,0.0,1.0,0.002128112364332837
Ok_Muscle_3770,False,2.7747808890820314,3.70693010625734e-05,1794.2,0,0.0,2.0,2,0.5,1.0,0.0011147029316687102
Ok_Nectarine5795,False,2.183742366022318,0.044482254824714705,1324.2,0,1.0,1.0,1,0.0,1.0,0.0007551729346020238
Ok_Note7045,False,3.6394705883487384,0.36320945725498854,1386.8,0,0.0,1.0,1,1.0,1.0,0.0007210845111047015
Ok_Performer_2092,False,1.210820107054102,0.005293818609715185,803.4,0,0.0,2.0,2,0.5,1.0,0.0024894199651481204
Ok_Piglet7877,False,0.8086713048363176,3.380852940944923,1132.6,0,0.0,1.0,1,0.0,1.0,0.0008829242450997705
Ok_Platypus_7858,False,1.216650404514331,0.008688151957637906,972.7,0,0.0,1.0,1,1.0,1.0,0.0010280662074637606
Ok_Pomelo_5033,False,3.855723447219901,0.09861785208231001,888.9,0,0.0,4.0,2,0.75,1.0,0.004499943750703116
Ok_Possibility6612,False,3.5268476104426214,0.7352094557333977,344.1,1,0.0,1.0,1,0.0,1.0,0.0029061319383900026
Ok_Post930,False,0.8089073817792264,0.5509024014098572,687.3,0,0.0,1.0,1,0.0,1.0,0.0014549687181725595
Ok_Program_7549,False,2.2752885627449455,0.033470518760741204,1621.4,0,0.0,1.0,1,1.0,1.0,0.0006167509559639817
Ok_Pudding8840,True,0.46813621507094005,0.04839654086185018,636.5,0,0.0,1.0,1,0.0,1.0,0.0015710919088766694
Ok_Range_4672,False,0.0008378016575843114,0.6931471805599453,1193.1,0,0.0,1.0,1,0.0,1.0,0.0008381527114240215
Ok_Reaction_1235,False,1.366991608865362,0.3747848195360423,340.0,0,0.0,1.0,1,0.0,1.0,0.0029411764705882353
Ok_Reflection4626,False,1.9393563107155918,0.15131476778739933,817.9,0,0.0,2.0,1,0.0,1.0,0.002445286709866732
Ok_Resource2169,False,1.0169601349591884,0.11597681661288392,822.2,0,0.0,1.0,1,1.0,1.0,0.001216249087813184
Ok_Resource8356,False,0.5134456528337137,0.23284792116462108,2043.1,0,0.0,1.0,1,1.0,1.0,0.000489452302873085
Ok_Review1075,False,2.218144516170948,0.31115051934042054,312.2,0,1.0,0.0,1,0.0,0.0,0.0
Ok_Scratch6300,False,0.4656393733145281,0.23222076946532638,1397.9,0,0.0,1.0,1,0.0,1.0,0.0007153587524143357
Ok_Team_528,False,0.5352489032059904,0.47248302962622896,1938.2,0,0.0,1.0,1,0.0,1.0,0.0005159426271798576
Ok_Transition_9319,False,0.7920393880377967,0.049566012507188395,1813.9,0,0.0,1.0,1,1.0,1.0,0.0005512983075141959
Ok_Umpire9640,False,3.0456140217200347,3.501481744288121,130.8,0,1.0,0.0,1,0.0,0.0,0.0
Ok_View6806,False,0.8595232137233402,1.4049168732178925,397.2,0,1.0,0.0,1,0.0,0.0,0.0
Ok_Visual4618,False,2.2603551698723483,0.427729362239348,1877.6,0,0.0,1.0,1,1.0,1.0,0.0005325948018747338
Ok_Yogurtcloset4894,False,2.368222398741288,0.04188843932877083,662.3,0,0.0,1.0,1,0.0,1.0,0.0015098897780462027
OkraApprehensive4678,False,2.291540101756964,0.007148747191073043,1926.4,0,0.0,1.0,1,1.0,1.0,0.0005191029900332225
Old-Cantaloupe9119,False,4.018062455964232,2.7000143368541134,992.1,1,1.0,0.0,1,0.0,0.0,0.0
Old-Discount-8636,False,0.9114715879221327,0.00049541739928323,1356.2,0,0.0,1.0,1,0.0,1.0,0.000737354372511429
Old-Noise893,False,1.0114409217827636,0.0005292405521785111,1079.7,0,0.0,1.0,1,1.0,1.0,0.0009261831990367694
Old-One-6255,False,2.3417935805358936,0.036077160513546196,786.5,0,0.0,1.0,1,0.0,1.0,0.0012714558169103624
Old-Pudding-3338,False,1.6103043801883197,1.919811396087952,415.3,0,1.0,0.0,1,0.0,0.0,0.0
Old-Run-9503,False,0.22561254322154745,0.22603790934057427,679.6,0,0.0,1.0,1,0.0,1.0,0.0014714537963507945
OldAssumption1542,False,1.9894245268608117,0.10643043390105844,872.4,0,0.0,1.0,1,0.0,1.0,0.0011462631820265932
OldOneHadMyNameInIt,False,1.9508568866920661,0.9800054047266465,3819.9,0,0.0,1.0,1,1.0,1.0,0.0002617869577737637
OldTea7032,False,0.24879798893040106,0.03561763561289327,1918.7,0,0.0,2.0,1,0.0,1.0,0.0010423724396726951
Old_Application_5722,False,3.204702236055604,0.05044501132433572,1132.9,0,0.0,1.0,1,0.0,1.0,0.0008826904404625297
Old_Cupcake_Factory,False,3.9360976829672656,0.21644007125607756,389.3,0,2.0,1.0,2,1.0,1.0,0.0025687130747495505
Old_Incident2659,False,0.49168678581659925,0.016483889721689352,1154.2,0,0.0,1.0,1,0.0,1.0,0.0008664009703690868
Old_Judgment_1926,False,1.1734951715100816,1.6042340845590732,1286.9,0,0.0,1.0,1,0.0,1.0,0.0007770611547128759
Old_Lobster_9629,False,1.7260535324258421,0.32126481192791817,327.6,1,1.0,0.0,1,0.0,0.0,0.0
Old_Protection6789,False,1.077347661636208,0.7278636175177153,392.9,1,1.0,0.0,1,0.0,0.0,0.0
Old_Specialist7892,False,5.860281821734212,2.574756568445052,1920.9,0,2.0,1.0,2,1.0,1.0,0.0005205893070956322
Oldnbold22,False,4.5441800040430635,0.9358560280951321,97.3,0,1.0,1.0,1,1.0,1.0,0.010277492291880781
Omee_172,False,1.7921680828078834,0.42148690687658746,1427.3,0,0.0,1.0,1,0.0,1.0,0.0007006235549639179
Omnibobbia,False,4.359141095944279,1.5742922390721534,2514.9,0,0.0,1.0,1,0.0,1.0,0.00039763012445822893
Omstriker,False,4.641732374133847,4.159609563595038,26.8,0,3.0,0.0,1,0.0,0.0,0.0
OnShantiOm,False,0.540283171007983,0.1663212154475135,517.8,0,0.0,1.0,1,0.0,1.0,0.0019312475859405178
One-Butterscotch6098,False,2.0544145944376293,0.2974164507628565,617.0,0,0.0,1.0,1,1.0,1.0,0.0016207455429497568
One-Collection1418,False,4.752642934291066,0.5671240690851176,364.2,0,4.0,1.0,1,1.0,1.0,0.0027457440966501922
One-Credit8091,False,1.4831331704967556,0.041829154196396844,558.6,0,0.0,1.0,1,0.0,1.0,0.0017901897601145722
One-Flight-6025,False,2.2838087246282655,1.525145172448502,672.0,0,5.0,0.0,1,0.0,0.0,0.0
One-Imagination-3098,True,0.968442243746292,0.2173687518203259,792.0,0,0.0,1.0,1,0.0,1.0,0.0012626262626262627
One-Seaworthiness508,True,0.5651518293521804,0.0017683470567419909,743.7,0,0.0,1.0,1,1.0,1.0,0.001344628210299852
OneAcr3,False,0.2929926669202615,0.156030861562237,2864.0,0,0.0,1.0,1,1.0,1.0,0.00034916201117318437
OneDarkCoder,False,0.6187442956491093,1.18354076550873,2034.8,0,1.0,1.0,1,1.0,1.0,0.000491448791035974
OneWinter9980,False,0.5007520770935939,0.0016820861829848323,913.9,0,0.0,3.0,1,0.0,1.0,0.00328263486158223
One_Above_You,False,2.5523449205720197,0.020663147813721024,842.6,0,0.0,1.0,1,1.0,1.0,0.0011868027533823878
One_Advice3052,False,1.2428126376422,0.07327454874184597,1010.0,1,0.0,3.0,3,0.0,1.0,0.0029702970297029703
One_Basil_5377,False,2.498022979142971,0.1406395203165177,117.4,0,0.0,1.0,1,0.0,1.0,0.008517887563884156
One_Enthusiasm_1972,False,0.16907861698401958,0.16301061188086724,1943.4,0,0.0,1.0,1,1.0,1.0,0.0005145621076463929
One_Indication2727,False,0.29496677946953526,2.532534698777255,1501.1,0,1.0,0.0,1,0.0,0.0,0.0
One_Shock_4455,False,0.8651221819339059,1.1249908546044185,1898.5,1,1.0,0.0,1,0.0,0.0,0.0
Only-Trying-,False,3.0427188566524346,0.6762802047044891,1004.2,0,0.0,2.0,1,0.5,1.0,0.0019916351324437364
OnlyWholesomeness,False,1.3898901369985621,0.08177302032804082,2526.2,0,0.0,1.0,1,1.0,1.0,0.00039585147652600747
Only_Avi,False,3.782580545050995,1.8193792731849197,281.3,0,1.0,0.0,1,0.0,0.0,0.0
Only_bliss_,False,2.7760075289885666,0.024205338554060006,511.0,1,0.0,10.0,4,0.8,0.9,0.019569471624266144
OpManBros,False,1.455176715694572,0.8736766221789184,1628.8,0,1.0,0.0,1,0.0,0.0,0.0
OpXy98,False,0.07702346992830754,0.0317486983145803,1186.5,0,0.0,1.0,1,0.0,1.0,0.0008428150021070375
OpenBat685,False,0.7346104593255512,0.3036824137982221,579.9,0,0.0,1.0,1,1.0,1.0,0.0017244352474564582
OpenSourcePenguin,False,4.411305970311236,0.4316392509905925,1151.8,0,0.0,2.0,2,0.0,1.0,0.0017364125716270186
Open_Entertainer5008,False,0.1647401201637088,0.32329970806467423,1005.1,0,0.0,1.0,1,1.0,1.0,0.0009949258780220873
Open_Love1580,False,1.6979317320189475,0.6485476274572892,1581.8,0,1.0,0.0,1,0.0,0.0,0.0
Opening-Ad8396,False,2.9110731821558264,0.3132182156660317,2095.3,0,0.0,3.0,2,0.6666666666666666,0.6666666666666666,0.001431775879349019
Opening-Building-833,False,1.0719440415859482,2.793208009442517,76.0,0,1.0,0.0,1,0.0,0.0,0.0
Opening-Thought7540,False,2.5161225746106384,0.09874844614637689,609.2,0,0.0,1.0,1,1.0,1.0,0.0016414970453053183
OpeningCourage7719,False,2.075217097665206,0.17347563413598058,2054.9,0,0.0,1.0,1,0.0,1.0,0.00048664168572679935
OpeningRush4035,False,1.395761051387312,0.22298789717738682,528.3,0,0.0,1.0,1,0.0,1.0,0.0018928639030853683
Opposite-Activity-68,False,2.3531154644540284,0.001387375111050564,1060.8,0,0.0,1.0,1,0.0,1.0,0.000942684766214178
Opposite-Area-4728,False,2.78070987064304,0.023090497580276596,532.7,0,0.0,2.0,2,0.0,1.0,0.003754458419373005
Opposite-Cut3506,False,2.361138933766107,0.4319524446931468,979.9,0,1.0,0.0,1,0.0,0.0,0.0
Opposite-Week-3184,False,0.6006176348388608,0.05199529511838036,454.3,0,0.0,1.0,1,1.0,1.0,0.002201188641866608
Opposite-Wing7055,False,3.643019034112935,0.08143838131251117,1837.1,0,0.0,1.0,1,1.0,1.0,0.0005443361820260193
Opposite_Antelope804,True,2.4408449743327103,0.23947209708312864,712.6,0,0.0,1.0,1,0.0,1.0,0.0014033118158854898
Opposite_Meringue800,False,0.6237983998959274,0.0010746911297654488,1073.9,1,0.0,1.0,1,0.0,1.0,0.0009311853990129434
Opposite_Question801,False,1.682132735495495,3.60151836563272,217.5,0,1.0,0.0,1,0.0,0.0,0.0
Optimal-Web-,True,3.733693469903729,0.22503450680990977,97.2,0,0.0,1.0,1,0.0,1.0,0.0102880658436214
Optimal_Ad_4894,False,0.599817837411564,0.0009685230781305035,1255.8,0,0.0,1.0,1,0.0,1.0,0.0007963051441312311
Optimal_Fact_8309,False,0.12414944617468152,0.17934092865581683,499.3,0,0.0,1.0,1,1.0,1.0,0.002002803925495694
Optimal_Life6803,True,3.879899627148316,0.6081212255572803,62.0,0,0.0,1.0,1,1.0,1.0,0.016129032258064516
Optimal_Trifle_2384,False,2.670801002111984,0.05609385591110942,1954.2,0,0.0,1.0,1,1.0,0.0,0.0005117183502200389
OptimistMess08,False,2.267075666307757,0.0552134285088202,880.0,0,0.0,1.0,1,1.0,1.0,0.0011363636363636363
Optimist_WeAre,False,3.1237236572706477,0.47360619078722654,1620.0,0,0.0,1.0,1,0.0,1.0,0.0006172839506172839
OptimusMonk,False,3.518215805368731,0.39756004140122575,2133.1,0,1.0,0.0,1,0.0,0.0,0.0
OrangeBilla33,False,3.2713962141680084,0.37574371565267783,379.2,0,1.0,2.0,1,1.0,1.0,0.005274261603375527
Ordinary-Incident280,False,1.8116902747985053,0.000466962418011281,418.1,0,0.0,2.0,1,0.0,1.0,0.004783544606553456
OrdinaryAndroidDev,False,2.559832387232272,0.1560417567987446,1160.5,0,0.0,1.0,1,0.0,1.0,0.0008616975441619991
OrdinaryPotential506,False,1.8450586193828589,0.0037989390140475685,2029.1,0,0.0,1.0,1,1.0,1.0,0.0004928293332019122
Ordinary_Ad8951,False,2.5977413138932386,0.006938850553722893,697.8,0,0.0,1.0,1,1.0,1.0,0.0014330753797649758
Ordinary_Awareness45,False,1.6389624516194703,0.043714174217046764,1870.2,0,0.0,1.0,1,1.0,1.0,0.0005347021708908138
Ordinary_Cat2597,False,0.1538836214734211,0.30271994981632144,1605.0,0,0.0,1.0,1,0.0,1.0,0.0006230529595015577
Ordinary_Elk7777,False,4.168673145204638,1.3707987417017997,649.1,0,0.0,2.0,2,0.0,1.0,0.0030811893390848867
Original-Bat3803,False,0.6832141717495356,2.0670702498772893,490.7,1,1.0,0.0,1,0.0,0.0,0.0
Original-Case-8637,False,0.7520338730220787,0.3770619161212572,958.7,0,0.0,1.0,1,0.0,1.0,0.001043079169708981
Original-Solution-39,False,0.6014635136794042,1.0986122886681098,1140.9,0,1.0,0.0,1,0.0,0.0,0.0
OriginalDebate8457,False,2.8420657572247077,2.1079550873650743,314.9,0,1.0,0.0,1,0.0,0.0,0.0
Original_Crew4693,False,3.0215078560394364,1.2416636016121236,238.6,0,1.0,0.0,1,0.0,0.0,0.0
Original_Project5298,False,2.941008362341436,0.0002519208981707213,221.3,1,0.0,1.0,1,1.0,1.0,0.004518752824220515
Ornery-Ad-670,False,0.9934746390687054,0.7396110432341586,1994.0,0,0.0,2.0,2,0.0,1.0,0.0010030090270812437
Ornery-Dimension2539,False,1.419412337146492,0.33716772754990815,825.6,0,0.0,1.0,1,0.0,1.0,0.0012112403100775194
Ornery-Maize-7473,False,1.093435958766512,0.0008126778179903311,619.8,0,0.0,1.0,1,0.0,1.0,0.0016134236850596968
Orthopaedics21,False,2.134254446247124,0.8227791402210936,2070.8,0,0.0,1.0,1,0.0,1.0,0.0004829051574270813
OssifiedCrystal46496,False,3.5478171773026297,0.2257021792517916,1429.6,0,1.0,1.0,1,1.0,1.0,0.0006994963626189145
OstakuVibes,False,4.80481218158906,0.5306869708774979,267.2,0,1.0,3.0,1,0.0,1.0,0.01122754491017964
Other-Plate-3348,False,0.3995431527127006,0.8947265539583146,745.2,0,1.0,0.0,1,0.0,0.0,0.0
Other-SideOf-Grass,False,0.7972874398125422,0.039220713153281295,20.5,0,0.0,1.0,1,0.0,1.0,0.04878048780487805
Otherwise-Oven-4365,False,1.6800773676326455,2.03688192726104,373.8,0,1.0,0.0,1,0.0,0.0,0.0
Otherwise_Ad_1216,False,1.8752523441260553,0.34622077627206355,2138.9,0,0.0,3.0,1,0.3333333333333333,1.0,0.0014025901164149797
Otherwise_Judge0,False,0.5054388321129184,0.6106459590482016,1518.9,0,1.0,0.0,1,0.0,0.0,0.0
Outlander_TB,False,4.346814277398748,2.6559366826256146e-05,493.9,0,0.0,2.0,1,0.5,1.0,0.004049402713099818
Outrageous-Extent-43,False,1.129801631306916,0.00044553353376773326,1071.1,0,0.0,1.0,1,0.0,1.0,0.0009336196433572963
Outrageous-Onion7989,False,4.50918465127942,1.12030882915601,39.4,0,0.0,1.0,1,1.0,1.0,0.025380710659898477
OutrageousChair2581,False,1.3445532488878726,0.4654831178344173,435.4,0,0.0,1.0,1,1.0,1.0,0.002296738631143776
OutrageousClimate251,False,1.881057606875752,2.120263536200091,364.0,0,1.0,0.0,1,0.0,0.0,0.0
Outrageous_Break_911,False,1.1556604133424107,0.45747867221471733,2048.6,0,0.0,1.0,1,0.0,1.0,0.00048813824074978035
Outrageous_Coffee518,False,1.4323568375850615,0.43985763806792005,1321.6,0,0.0,1.0,1,1.0,1.0,0.0007566585956416466
Outrageous_Fix136,False,0.8443718331604847,2.0390534807745477,694.3,0,1.0,0.0,1,0.0,0.0,0.0
Outrageous_Purple384,False,2.685334472492852,9.200055206820386e-05,795.5,1,0.0,1.0,1,0.0,1.0,0.001257071024512885
Outside-Nature3754,False,1.572897988135312,0.18889111251305157,1926.4,0,0.0,2.0,2,0.5,0.5,0.001038205980066445
Outside_Cellist3740,False,4.520291947119811,0.021564145568101836,1854.1,0,0.0,2.0,1,0.0,1.0,0.0010786904697696997
Outspoken_Infantry04,False,2.043435993323469,0.014464677526979264,767.0,0,0.0,2.0,1,0.5,1.0,0.002607561929595828
Over-Cockroach-9127,False,4.075517944944431,0.19290449323553743,1777.7,0,1.0,0.0,1,0.0,0.0,0.0
Over-Conference-8714,True,5.089867957173047,2.89265672706399,19.0,0,1.0,0.0,1,0.0,0.0,0.0
Over-Palpitation6983,False,3.4939859023436264,5.2497571999352515e-05,596.8,0,0.0,1.0,1,0.0,1.0,0.001675603217158177
OverApplication3184,False,3.4840065848153854,1.1519175307827483,1405.0,0,3.0,2.0,4,0.5,1.0,0.0014234875444839859
Over_Ad9254,False,3.4872364094415205,0.2962522811993309,1446.8,0,0.0,1.0,1,1.0,1.0,0.0006911805363560963
Overall-Grapefruit55,False,2.351832149390551,0.09192403556028912,521.0,0,0.0,1.0,1,0.0,1.0,0.0019193857965451055
Overall-Resolve-3807,False,2.636844137701732,0.0022551101875539635,1095.3,0,0.0,3.0,2,0.6666666666666666,1.0,0.0027389756231169546
OverallLoquat926,False,0.13876945854258588,0.00930239266231352,718.8,0,0.0,1.0,1,0.0,1.0,0.001391207568169171
OverallShock1947,False,0.741145785989489,0.08115232180022666,956.9,0,0.0,2.0,1,0.0,1.0,0.002090082558261051
Overall_Charge_773,False,0.6726600238688493,0.05541054361126167,559.7,0,0.0,1.0,1,1.0,1.0,0.0017866714311238162
Overlord_6301,False,3.3839714493245787,0.0843672414030018,1829.6,0,0.0,2.0,2,0.0,1.0,0.0010931351114997815
Own-Ad3770,False,0.8868795335001,0.04511074117787683,1111.0,0,0.0,1.0,1,1.0,1.0,0.0009000900090009
Own-Bandicoot-2937,False,1.4303295785103776,0.6361633020202041,600.3,0,1.0,0.0,1,0.0,0.0,0.0
Own-Cap-7919,False,1.225414077449017,0.10775520494848881,1061.7,0,0.0,1.0,1,0.0,1.0,0.0009418856550814731
Own-Coat7436,False,3.2821249572314644,1.2616476304034205,1137.9,0,1.0,0.0,1,0.0,0.0,0.0
Own-Competition5035,False,1.0153004128960659,0.06286586861004598,1537.9,0,0.0,1.0,1,1.0,1.0,0.0006502373366278691
Own-Mud5321,False,0.7359487551977382,1.5253641022675952,1592.7,0,1.0,0.0,1,0.0,0.0,0.0
Own-Passion5235,False,0.8252406660150852,1.3384102748874567,1557.2,0,0.0,1.0,1,0.0,1.0,0.0006421782686873876
Own-Quality-8759,True,2.7795716305188987,0.2770793182193896,1810.6,0,2.0,1.0,2,0.0,1.0,0.0005523031039434442
OwnCry9640,False,1.5471286970628944,2.629022509785931,348.3,0,1.0,0.0,1,0.0,0.0,0.0
OwnItem6977,False,0.09346641313638805,0.005665737535677361,1796.4,0,0.0,1.0,1,1.0,1.0,0.00055666889334224
OwnOstrich1492,False,1.3157131342184316,0.10287559059358735,1342.3,0,0.0,1.0,1,1.0,1.0,0.0007449899426357745
OwnReceptionn,False,2.9715821399589237,0.7289566332566562,408.2,1,0.0,1.0,1,1.0,1.0,0.002449779519843214
Own_Army4024,False,3.496710410718974,0.0006169445347976216,1165.1,0,0.0,1.0,1,0.0,1.0,0.0008582954252853833
Own_Assignment_300,False,1.4545963284370742,2.430940067575828,955.6,0,1.0,0.0,1,0.0,0.0,0.0
Own_Pin5680,False,4.943788401694671,1.2256197257928223,1737.6,0,5.0,2.0,4,0.0,1.0,0.0011510128913443832
Oyee-Anni,False,2.2081490557306087,1.3813005929394035,394.5,0,1.0,0.0,1,0.0,0.0,0.0
OzFootball,False,1.6079426040016165,2.236106015614941,3158.9,0,2.0,0.0,1,0.0,0.0,0.0
Ozymate,False,2.392478667249048,0.3557572727854129,2911.4,0,0.0,1.0,1,0.0,1.0,0.0003434773648416569
PAIN-Mix-18,False,1.279737479825344,0.18636359948396564,1909.7,0,0.0,1.0,1,1.0,0.0,0.000523642456930408
PB_05,False,2.495063401711001,0.0020606976194457688,1921.6,0,0.0,1.0,1,0.0,1.0,0.0005203996669442131
PILLI_SUMANTH,False,0.795621050491755,2.0351615402557317,2706.0,0,2.0,0.0,1,0.0,0.0,0.0
PIYUSH-50N1,False,0.1175720620122368,0.021898685307637597,2212.2,0,0.0,1.0,1,0.0,1.0,0.00045203869451225027
PMMEURDIMPLESOFVENUS,False,2.3785551876953157,0.002785240037896729,3085.0,0,0.0,2.0,1,0.0,1.0,0.0006482982171799027
PRATIKXVERSE,False,0.3333936253034426,0.9418438062987725,548.4,0,0.0,1.0,1,0.0,1.0,0.0018234865061998542
P_Tranquility9,False,5.002171508026497,0.1422731528301631,1270.2,1,1.0,0.0,1,0.0,0.0,0.0
PageEarly1231,True,0.05246569758923164,2.4423470353692043,835.4,0,0.0,1.0,1,1.0,0.0,0.0011970313622216902
PainNo3217,True,4.929319541332426,0.00016899028346088881,43.1,0,0.0,2.0,1,1.0,1.0,0.04640371229698376
PaintTheRed,False,2.612500184385835,0.7032569471627422,417.0,0,1.0,0.0,1,0.0,0.0,0.0
PaintballArcher,False,0.9606509570747936,0.014328603353040625,1045.0,0,0.0,1.0,1,0.0,1.0,0.0009569377990430622
PaintingDirect4437,False,0.6097446461535534,0.20907777998577137,1973.9,0,0.0,1.0,1,1.0,1.0,0.0005066112771670297
Pakul1729,False,1.8411798576454925,2.840409398070299,3444.4,0,0.0,1.0,1,1.0,1.0,0.00029032632679131345
Palanikutti,False,1.6115010163507981,0.1867129151217509,2014.3,0,0.0,1.0,1,1.0,1.0,0.0004964503797845406
Pale-Amphibian-3541,False,2.6657684912845236,0.001705030251083833,43.8,0,0.0,1.0,1,0.0,1.0,0.022831050228310504
Pale-Play-5936,False,0.3996725904239305,2.341805806147327,421.3,0,1.0,0.0,1,0.0,0.0,0.0
Pale_Swimmer8235,False,1.4032025016012817,0.011131840368844221,441.3,0,0.0,1.0,1,0.0,1.0,0.002266032177656923
Pallab_1805,False,1.301760966382432,2.0182308106349396,337.1,0,9.0,7.0,1,0.8571428571428571,1.0,0.020765351527736575
ParamedicFearless173,False,3.9299914429217684,0.12338172269132706,74.9,0,0.0,1.0,1,0.0,1.0,0.013351134846461948
ParamedicLucky4527,False,0.25599128640013846,0.3450412693463143,2005.2,0,0.0,1.0,1,0.0,1.0,0.0004987033712347895
Parfait-Ashamed,False,2.0497048169852823,0.7939000578633365,1987.7,0,3.0,0.0,1,0.0,0.0,0.0
ParkNo2048,False,3.3805212366800568,0.11177324115480416,1146.9,0,0.0,1.0,1,1.0,0.0,0.0008719155985700583
Parking-Branch14,False,2.287162196393179,0.19694802945990547,1777.9,0,1.0,0.0,1,0.0,0.0,0.0
Parking-Minimum3885,False,1.295617394237054,0.1837211371483779,323.0,0,0.0,1.0,1,0.0,1.0,0.0030959752321981426
Parking-Row3003,False,1.0973456640529167,1.9386465769339656,1580.0,0,0.0,1.0,1,0.0,1.0,0.0006329113924050633
ParkingPercentage821,False,0.1858316367376633,0.002541297428672581,1924.4,0,0.0,1.0,1,0.0,1.0,0.0005196424859696528
Parking_Cucumber_118,False,2.4300041104191044,0.0069964227054778,899.9,0,0.0,1.0,1,0.0,1.0,0.00111123458162018
Parlonny,False,0.6190655436872718,0.07672154885860955,2336.7,0,0.0,1.0,1,1.0,1.0,0.0004279539521547482
Particular-Age-3576,False,3.5068773113836014,3.3986741551829454,269.2,0,1.0,0.0,1,0.0,0.0,0.0
Particular-Spray-871,False,3.0638433162448755,1.014950998563762,161.1,0,1.0,0.0,1,0.0,0.0,0.0
ParticularFig636,False,0.7233301834471814,2.218348742562242,1982.5,0,1.0,0.0,1,0.0,0.0,0.0
ParticularTurnip5717,False,0.04305443258322036,0.03278982282299087,681.9,0,0.0,1.0,1,1.0,1.0,0.0014664906877841326
Particular_Break8840,False,1.2761330681187077,2.5770219386958058,290.0,0,0.0,1.0,1,0.0,1.0,0.0034482758620689655
Particular_Cat4886,False,1.7998097461607072,0.3328320371804949,206.2,0,1.0,0.0,1,0.0,0.0,0.0
Particular_Sir_864,False,0.33379126986795515,0.97859461521031,373.5,0,1.0,0.0,1,0.0,0.0,0.0
Particular_Yard_2460,False,4.8826610993334025,0.033416272454501815,134.5,0,0.0,1.0,1,0.0,1.0,0.007434944237918215
Party-Bet-4003,False,3.7696670997705706,0.8767067241547882,2174.9,0,3.0,1.0,3,0.0,1.0,0.00045979125477033425
Party_Art6515,False,0.2574650183724372,0.006042314455962623,561.9,0,0.0,1.0,1,0.0,1.0,0.0017796760989499912
Party_Position7700,False,2.3920981551140446,0.737440347232794,346.0,1,1.0,0.0,1,0.0,0.0,0.0
Party_Raccoon2201,False,1.7192141212415637,0.9862027210728695,678.8,1,0.0,1.0,1,0.0,1.0,0.0014731879787860931
Parzival2,False,1.942157799436763,0.16844752857406706,4699.2,1,0.0,1.0,1,1.0,1.0,0.00021280217909431392
Pash-ki-ghaas,False,3.1339967114895675,2.921040062168769,523.0,0,1.0,0.0,1,0.0,0.0,0.0
Past-Flan4743,False,2.5695463721072653,1.4110802398920121,711.2,0,1.0,0.0,1,0.0,0.0,0.0
Past_Department_1374,False,0.6892737089641485,0.004319661144516415,232.8,0,0.0,1.0,1,1.0,1.0,0.0042955326460481094
Pathik_25,False,2.5081413867457227,0.23557576428778335,857.2,0,0.0,1.0,1,1.0,1.0,0.0011665888940737283
Patient-Effect-5409,False,2.5349038987624164,0.08647708118422599,1435.1,0,0.0,1.0,1,1.0,1.0,0.0006968155529231412
Patient-Tomorrow2640,False,2.1719007930020533,0.5834032226543273,667.4,0,0.0,1.0,1,0.0,1.0,0.0014983518130056938
Patient_Practice86,False,2.482880428168146,0.16819886550310142,1947.3,0,0.0,2.0,2,0.0,1.0,0.0010270631130282956
Patriot_cdp,False,0.4443238096159599,0.05591094759366014,1346.0,0,0.0,1.0,1,0.0,1.0,0.0007429420505200594
Paul-Scholes,False,0.567154303556804,0.05266173966154088,1965.3,0,0.0,1.0,1,1.0,1.0,0.0005088281687274207
PawPawNeWaarKarwaDee,True,2.8685107805879917,0.07015143019479375,393.6,0,2.0,2.0,3,0.5,1.0,0.00508130081300813
PayFabulous4807,False,2.6389321212870493,0.02162505296842366,2110.9,0,0.0,1.0,1,1.0,1.0,0.0004737315836846842
Pazcare,False,1.4976458429043766,4.9469852670198,324.1,0,1.0,0.0,1,0.0,0.0,0.0
Pea_paw098,True,3.793612644781243,1.5343780540117873,528.6,0,0.0,1.0,1,0.0,1.0,0.0018917896329928112
Pearson_Specter_Ross,False,0.20476539088259077,0.14732471475685843,638.1,0,0.0,1.0,1,1.0,1.0,0.001567152483936687
PensionMany3658,False,4.285100409276134,0.15603106341710155,662.8,0,0.0,1.0,1,0.0,1.0,0.0015087507543753774
PentesterTechno,True,1.6536177631895592,0.03316017422766447,2002.2,0,0.0,1.0,1,1.0,1.0,0.0004994506043352312
PepperTurmeric9407,False,0.3000584680528299,0.42155124585978876,803.0,0,1.0,0.0,1,0.0,0.0,0.0
Per-Volar-Sunata,False,2.9034432254724165,1.5307176245250935,1175.1,0,0.0,1.0,1,1.0,1.0,0.0008509914049868097
PercentageMammoth759,False,0.5100389287049512,0.14679770552199947,1627.7,0,0.0,1.0,1,1.0,1.0,0.0006143638262579099
Percy_Chase,False,1.3721729257761797,0.46878237934837635,666.8,0,0.0,1.0,1,1.0,1.0,0.0014997000599880025
Perfect_Chicken16,False,4.3143651907459954,0.3574817178953082,1037.4,0,3.0,8.0,3,0.375,0.875,0.007711586658955079
Perfect_Peach_2703,False,1.7491850611439064,1.375614302323665,293.9,0,1.0,0.0,1,0.0,0.0,0.0
Perfect_Schedule_70,False,1.4389606446105254,0.5036358807539774,1392.9,0,0.0,2.0,2,0.5,1.0,0.0014358532557972575
Perfect_Toe_6526,False,1.1841457361660912,0.049233359380847816,1890.3,0,0.0,2.0,1,1.0,1.0,0.0010580331164365445
PerformerLast5587,False,1.3536029382617623,0.07897763141990741,1769.9,0,0.0,1.0,1,0.0,1.0,0.0005650036725238713
PermanentHuSir,False,2.7969214844595713,0.019928457345705437,227.1,0,0.0,1.0,1,1.0,1.0,0.004403346543372964
PermissionLow8879,False,7.123325309259603,4.543727112468922,238.9,0,4.0,0.0,1,0.0,0.0,0.0
PersonaFie,False,0.7602257479823267,0.025290309177539935,5730.8,0,0.0,1.0,1,1.0,1.0,0.00017449570740559782
Personal-Business318,False,4.397720519583721,1.6591314247784286,244.9,0,2.0,0.0,1,0.0,0.0,0.0
Personal-Fan-1993,False,0.6881233323967821,0.25495885487064723,1466.7,0,0.0,1.0,1,0.0,1.0,0.000681802686302584
Personal-Hyena8381,False,1.8762287739880117,0.582513931891052,2025.2,0,0.0,1.0,1,0.0,1.0,0.0004937783922575548
Personal-Property-51,False,2.0253812254711776,0.6691072024050081,2011.4,0,1.0,1.0,2,1.0,1.0,0.0004971661529283086
Personal_Upstairs836,False,1.4516792775426257,1.0908301482260547,586.8,0,0.0,1.0,1,0.0,1.0,0.0017041581458759375
PersonalityMiddle864,False,3.4871309689462073,0.018809331957496192,1117.6,0,0.0,1.0,1,0.0,1.0,0.000894774516821761
PeterGriffin2512,False,2.2225108986787143,0.4319162941953341,635.2,0,0.0,1.0,1,1.0,1.0,0.001574307304785894
PhantomMystery,False,3.4035284054757997,0.3881722314032766,569.9,0,1.0,0.0,1,0.0,0.0,0.0
PharahsMum,False,0.3048622977246291,1.3188136629136826,3091.7,0,0.0,1.0,1,0.0,1.0,0.0003234466474754989
PhaseDramatic6137,True,1.9563747570722785,0.0828990804806155,355.8,0,0.0,1.0,1,1.0,1.0,0.0028105677346824056
PhilosophyGlass661,False,3.192527888392222,0.1692025989525572,1347.8,0,0.0,2.0,2,0.5,1.0,0.0014838996883810656
PhilosophyNo1628,False,0.8736971936595093,0.9101178727670741,230.7,1,1.0,0.0,1,0.0,0.0,0.0
PhilosophyOdd6301,False,1.0262961354122984,0.11122563511022437,1293.9,0,0.0,1.0,1,1.0,1.0,0.0007728572532653219
Phoenixxxxx007,False,0.6881116926940186,0.3309625808102433,547.5,0,0.0,1.0,1,1.0,1.0,0.0018264840182648401
Physical-Pudding-833,False,1.0551447463259396,1.449010834987517,2108.0,0,0.0,1.0,1,1.0,0.0,0.0004743833017077799
Physical-Squirrel453,False,0.5207629440350484,0.4054651081081644,152.2,1,0.0,1.0,1,0.0,1.0,0.00657030223390276
Physical-Turn-1141,False,1.5886848184405966,0.2960715470799096,1320.4,0,1.0,1.0,2,0.0,1.0,0.0007573462587094819
PieDramatic3677,False,2.349249558317867,6.49835916659782e-05,1623.6,0,0.0,1.0,1,1.0,1.0,0.0006159152500615915
Pika-Pika007,False,0.2542300548375989,0.39859222882040235,1499.3,0,0.0,1.0,1,1.0,0.0,0.0006669779230307477
Pink_Panther_18,False,1.4725647730533058,0.003764457255442573,554.1,1,0.0,1.0,1,0.0,1.0,0.001804728388377549
PipeOriginal1253,False,1.6202924933237652,0.00039115979376119645,630.4,0,0.0,1.0,1,1.0,1.0,0.0015862944162436548
Pirate_Jack_,False,2.530973210711253,0.06998724550582193,2361.2,0,0.0,1.0,1,0.0,1.0,0.0004235134677282738
PistonPusher2009,False,7.542603123604758,1.2956656891547944,585.0,0,1.0,0.0,1,0.0,0.0,0.0
Pitiful-Instance-243,False,1.5238923756926777,0.1322483408663657,1146.5,0,0.0,1.0,1,0.0,1.0,0.0008722197993894462
Pitiful-Natural-3669,False,3.146681740276295,0.23961854888937933,465.3,0,0.0,1.0,1,0.0,1.0,0.002149151085321298
Pitiful-Passage2826,False,1.9281834383210323,0.05129329438755053,517.1,0,0.0,1.0,1,1.0,1.0,0.0019338619222587505
PixelBaaaaaaaz,False,0.4654219007156431,0.007092228309491859,475.8,0,0.0,1.0,1,1.0,1.0,0.002101723413198823
PixelleTS,False,2.524222306187103,2.2952921278689327,249.8,0,1.0,0.0,1,0.0,0.0,0.0
PlaceLegitimate345,False,2.002805737289964,0.6336744041837005,1458.7,0,0.0,1.0,1,1.0,1.0,0.0006855419208884623
Plane_Opportunity727,False,2.1148799431166183,3.229187920479561,1043.0,0,3.0,0.0,1,0.0,0.0,0.0
Plastic-Steak-6788,False,1.9266896591152058,0.5964500379812716,893.0,0,2.0,1.0,2,0.0,1.0,0.0011198208286674132
Plastic_Many393,False,4.777051261537065,1.8007160897840666,990.5,0,7.0,0.0,1,0.0,0.0,0.0
Plastic_Party_2342,False,1.3495334651448208,0.08112554481236843,188.4,0,0.0,1.0,1,0.0,1.0,0.005307855626326964
PlateExternal9212,False,1.76235793938677,0.03383060201443622,604.0,0,0.0,3.0,2,0.6666666666666666,1.0,0.004966887417218543
PlatformEarly2480,False,3.504474733675763,0.5301066611334091,1229.7,0,0.0,2.0,2,0.5,1.0,0.001626412946247052
Platupus_with_a_hat,False,1.2053246477179986,0.2862016872813467,288.3,0,0.0,1.0,1,1.0,1.0,0.0034686090877558097
Playfair99999,False,3.747852310510744,0.02882985436074484,2998.2,0,0.0,1.0,1,1.0,1.0,0.00033353345340537656
Playful_Joke_5771,False,2.948808865168328,0.3280208584581643,1144.1,0,0.0,1.0,1,1.0,1.0,0.00087404947120007
Playful_Stick3355,False,2.5345718658255474,0.0012492194004319248,68.9,0,0.0,1.0,1,0.0,1.0,0.014513788098693758
Playful_Wealth3875,False,3.0718325357505343,0.16059118990496632,586.5,0,0.0,1.0,1,0.0,1.0,0.0017050298380221654
Pleasant-Direction-4,True,2.4574190663224367,0.0025131279214551895,2090.0,0,0.0,1.0,1,0.0,1.0,0.0004784688995215311
Pleasant-Yam5075,False,1.611806646269651,0.32768740706548005,50.6,0,0.0,1.0,1,1.0,1.0,0.019762845849802372
PleasantRace4794,False,0.6936817969854026,0.0638983845532452,935.0,1,0.0,1.0,1,1.0,1.0,0.0010695187165775401
Plenty_Stand9767,False,0.6629941423892578,0.06993139806921582,565.6,0,0.0,1.0,1,1.0,1.0,0.001768033946251768
Plus-Net-9086,False,0.0012790996883363145,0.6931471805599453,781.3,0,0.0,1.0,1,1.0,1.0,0.0012799180852425445
Plus_Field_6630,False,0.749836481228402,0.0004907975558643043,1824.2,0,0.0,1.0,1,0.0,1.0,0.000548185505975222
Plus_Fun_8818,False,1.283759042637108,0.04793858796797484,1955.8,0,0.0,1.0,1,0.0,1.0,0.0005112997238981491
PmMeAnnaKendrick,False,3.003446214551451,0.03002205443655793,3639.7,0,0.0,1.0,1,1.0,1.0,0.0002747479187845152
Poccha_Kazhuvu,False,3.4255199353571535,0.31672647062502907,753.7,0,0.0,1.0,1,1.0,1.0,0.001326787846623325
Poetuk,False,0.45489307616006613,0.15880506900837285,2303.8,0,0.0,1.0,1,0.0,1.0,0.00043406545707092627
Pogsheepiscool,False,2.44821548571783,0.017687612586147088,847.3,1,1.0,1.0,2,1.0,1.0,0.0011802195208308747
PointySalt,True,3.251396640785673,0.6331939395390846,1751.0,0,0.0,1.0,1,1.0,1.0,0.0005711022272986865
Polity-Culturalist3,False,5.595966162086346,4.012405256475968,151.0,0,2.0,1.0,2,0.0,1.0,0.006622516556291391
PonjikkaraStandard,False,1.2780667981879448,0.005892272939956661,919.8,0,0.0,1.0,1,1.0,1.0,0.001087192868014786
Popgrenade12,False,1.534715694745473,0.38618538268020086,648.9,0,0.0,1.0,1,1.0,1.0,0.0015410695022345508
Popping_Bubble,False,1.926541798719506,1.873726474819793,2083.8,0,1.0,0.0,1,0.0,0.0,0.0
PopularAd6391,False,3.647124344967816,0.335754554702905,298.2,0,0.0,2.0,1,0.5,1.0,0.00670690811535882
PorcupineTreeFan,False,0.5252475639539987,0.0004204330522305357,3442.0,0,0.0,1.0,1,1.0,1.0,0.0002905287623474724
Portia4000,False,2.309543433993071,0.21939952697255286,396.7,0,0.0,2.0,1,1.0,1.0,0.005041593143433325
Positive-Guide007,False,1.8439285564263737,0.22230265397778967,949.2,0,0.0,2.0,2,0.0,1.0,0.002107037505267594
Positive-Radish-4305,False,1.2762706881594192,0.36189936807553863,816.8,1,0.0,1.0,1,0.0,1.0,0.0012242899118511264
Positive_Profile_135,False,4.0068257552486815,2.2479587608465876,516.1,1,0.0,2.0,1,0.0,1.0,0.0038752179810114316
PossibilityFunny6583,False,1.387547624991501,0.3189971680443176,1913.8,0,0.0,1.0,1,1.0,0.0,0.0005225206395652628
Possible-Fan3378,False,1.4212906825935603,0.0006259781112075426,508.2,1,0.0,1.0,1,1.0,1.0,0.0019677292404565133
Possible-Turnip-9734,False,3.5242522243727885,0.05790006827254372,561.4,0,0.0,1.0,1,1.0,1.0,0.0017812611328820807
Possible_Bedroom_350,False,3.148025651751982,0.5997364659843276,958.5,0,0.0,1.0,1,1.0,1.0,0.0010432968179447052
Possible_Layer7482,False,0.046279837073401706,0.03774032798284703,548.9,0,0.0,1.0,1,0.0,1.0,0.0018218254691200583
Possible_Sympathy641,False,1.4877342056303988,0.574575416507889,451.7,0,1.0,0.0,1,0.0,0.0,0.0
Potential_Friend2026,False,2.7158521830554623,0.004236886453641982,737.1,0,0.0,1.0,1,1.0,1.0,0.00135666802333469
Potter_Head040396,False,1.9664736160335083,0.37947579666083614,2716.0,0,1.0,0.0,1,0.0,0.0,0.0
PoundAccomplished781,False,2.435151572433182,0.000290444381943023,661.0,0,0.0,1.0,1,0.0,1.0,0.0015128593040847202
Power-of-Behnoi,False,2.3397364485783236,0.05044065826939021,374.9,0,0.0,2.0,1,0.5,1.0,0.005334755934915978
Poweratplay,False,2.3637222209442004,0.8403234471302499,543.9,0,0.0,1.0,1,0.0,1.0,0.0018385732671446957
Powerful-Amoeba573,False,1.2585812292046752,2.1344274584671843,1823.9,0,0.0,1.0,1,1.0,1.0,0.0005482756730083886
PowerfulMud3743,False,1.2470858786111734,0.4148902485677474,214.5,0,0.0,1.0,1,0.0,1.0,0.004662004662004662
Prabhu8335,False,1.185269378854618,1.0035878989733096,2940.7,0,1.0,0.0,1,0.0,0.0,0.0
Practical-Chip-8896,False,1.077730791085585,0.1644494320278328,754.9,0,0.0,1.0,1,0.0,1.0,0.0013246787653993907
Practical-Lab5329,False,1.225698817372943,0.4383215776038448,1246.6,0,0.0,1.0,1,1.0,1.0,0.0008021819348628269
PracticalDog6455,False,3.2965807162155008,0.01037769843809305,1771.9,0,0.0,2.0,1,0.5,1.0,0.001128731869744342
Practical_Diet_2922,False,1.5682503540274857,0.013558216600929601,684.0,0,0.0,1.0,1,0.0,1.0,0.0014619883040935672
Practical_Dig8735,True,1.5130090947653156,0.020216475006131263,1255.8,1,0.0,2.0,1,0.0,1.0,0.0015926102882624622
Practical_Doubt101,False,1.0310161467337222,0.11792420880548501,981.2,0,0.0,1.0,1,0.0,1.0,0.0010191602119853241
Practical_Rain_3448,False,0.8276487632594929,0.056535665721428485,1538.9,0,0.0,1.0,1,0.0,1.0,0.0006498148027812074
Praftoral,False,1.0942544340440556,2.7920333989618586,1855.1,0,0.0,1.0,1,0.0,1.0,0.0005390544984097892
Pragitya,False,3.587145778884896,0.011415712039801311,2595.5,0,0.0,2.0,1,1.0,1.0,0.0007705644384511655
Pragmatic-approach,False,0.606495063498735,0.4910436148139525,759.0,0,0.0,1.0,1,0.0,1.0,0.0013175230566534915
PralineOk3385,False,2.8844096332912246,0.10407562859523756,670.1,0,0.0,2.0,2,0.5,1.0,0.0029846291598268912
PrashantAggarwal7,False,2.686492833024202,1.4601916073219319,320.1,0,2.0,2.0,2,0.0,1.0,0.006248047485160887
Pratham1019,False,0.7869372422624211,0.13205972201306637,2106.7,0,0.0,1.0,1,1.0,1.0,0.0004746760336070632
PreciousBasketcase,False,3.4926505132315455,0.03740184792193079,2024.6,0,0.0,2.0,2,0.0,1.0,0.0009878494517435543
Present-Solution-507,False,1.248873041318048,0.6530405789401187,1011.9,0,1.0,1.0,1,0.0,1.0,0.000988239944658563
PresentRecording9386,False,3.3987346399817753,1.3183751593098683,393.0,0,7.0,3.0,1,0.6666666666666666,1.0,0.007633587786259542
PressureAggressive69,False,2.0916539241813803,0.23772056696276403,1545.3,0,1.0,0.0,1,0.0,0.0,0.0
Prestigious-Cash9965,False,0.40824621754876605,1.406438927212358,694.2,0,1.0,1.0,1,0.0,1.0,0.0014405070584845865
Prestigious-Cut4651,False,2.4384538619477922,0.3439117489504592,472.2,0,0.0,1.0,1,0.0,1.0,0.002117746717492588
Prestigious-Face-391,False,0.5526672536250343,3.0104877391199105,2034.2,0,0.0,1.0,1,1.0,0.0,0.000491593746927539
Prestigious-Math-328,False,3.0105841233692088,0.08292107609105423,1340.0,0,2.0,6.0,1,1.0,1.0,0.004477611940298508
Prestigious-Owl8599,False,0.3923497485311938,0.050131757710040484,1317.5,0,1.0,0.0,1,0.0,0.0,0.0
PrestigiousBad7125,False,3.479975286344324,0.04297000436575678,390.7,0,0.0,1.0,1,0.0,1.0,0.002559508574353724
Prestigious_Cake_997,False,0.10754234025335131,0.08863607271663167,1964.1,0,0.0,1.0,1,0.0,1.0,0.000509139045873428
Prestigious_Hair_757,False,0.3462860118291785,4.152855337562155,1996.1,0,1.0,0.0,1,0.0,0.0,0.0
Prestigious_Sky362,False,0.1633917234235921,0.01600034134644113,349.3,0,0.0,1.0,1,1.0,0.0,0.00286286859433152
Prestigious_Trash734,False,2.2011134124178326,0.1621144222587865,1574.1,0,0.0,3.0,1,0.6666666666666666,1.0,0.001905850962454736
Pretend-Help9164,False,4.16321874444763,0.068639635739977,54.3,0,0.0,1.0,1,0.0,1.0,0.01841620626151013
PretendCourage1685,False,0.18987346544561706,0.16126814759612226,1119.1,0,0.0,1.0,1,0.0,1.0,0.0008935751943526048
Pretend_Set_8931,False,4.211797205408427,3.789960395367525e-05,396.9,0,0.0,2.0,1,0.0,1.0,0.005039052658100278
Pretend_Support_6193,False,3.9857947866222383,0.21619357515922397,309.4,0,1.0,0.0,1,0.0,0.0,0.0
PretentiousFlower,False,1.5247182522977385,0.07648496400264226,630.8,0,0.0,2.0,2,1.0,0.5,0.0031705770450221942
Pretty-Court902,False,1.4178166439437685,0.5652690839973147,1715.1,0,0.0,2.0,1,0.5,1.0,0.0011661127631041922
Pretty-Energy-6681,False,3.8766406174777623,0.06482262136129877,258.2,0,0.0,1.0,1,1.0,1.0,0.0038729666924864447
Pretty-West-2924,False,0.4974413625493718,0.05088112154390533,592.7,0,0.0,1.0,1,0.0,1.0,0.0016871941960519654
Pretty_Seat_2951,False,1.780259273483262,0.043200806816623305,728.8,0,0.0,2.0,2,1.0,1.0,0.0027442371020856204
Previous-Farmer6329,False,3.8778958401631236,0.017831821794597708,214.0,1,0.0,1.0,1,1.0,1.0,0.004672897196261682
Previous_Ad_8193,False,0.6881230569358269,0.06829738055825621,1865.7,0,0.0,1.0,1,0.0,1.0,0.0005359918529238355
PricyPlutoz_idk,False,3.9175572181932097,0.12365760741040943,685.1,0,0.0,2.0,1,1.0,1.0,0.002919281856663261
Primary-Editor-9288,False,2.637618135315513,0.29741772998915006,2086.0,0,2.0,9.0,7,0.3333333333333333,1.0,0.004314477468839885
Primary-Ganache6199,False,3.215684458296497,0.03532041232437945,1935.8,0,0.0,1.0,1,0.0,1.0,0.0005165822915590454
Primary-Resident-764,False,4.026773910064581,0.14949621082866546,708.9,0,0.0,2.0,2,0.0,1.0,0.002821272393849626
PrimarySelection8619,False,2.539564414416513,0.005155459382378126,1915.6,0,0.0,1.0,1,1.0,1.0,0.0005220296512841929
Primary_Spray1572,False,0.3317773923170052,0.008298802814695094,305.0,0,0.0,1.0,1,1.0,0.0,0.003278688524590164
Princess_Neko802,False,3.8715103517883644,0.003840277805695338,599.3,0,0.0,9.0,3,0.3333333333333333,1.0,0.015017520440513934
Princie99,False,3.536339804403567,0.47125477227983453,1871.0,0,0.0,1.0,1,1.0,1.0,0.0005344735435595938
PrintPrevious2465,False,0.9667502831185457,2.09937267654437,1336.7,0,1.0,0.0,1,0.0,0.0,0.0
Prior-Newt2446,False,2.4777424549442437,0.05268068662514971,1005.1,0,2.0,1.0,1,1.0,1.0,0.0009949258780220873
Prior_Policy,False,0.4643097193167432,0.019656652549551623,2084.9,0,0.0,1.0,1,0.0,1.0,0.00047963931123794906
Pristine-Amoeba-6223,False,0.4828248219041467,0.010152371464018007,157.9,1,0.0,1.0,1,0.0,1.0,0.006333122229259024
Pristine_Cattle5681,False,3.116509883785825,0.00010863071000851512,426.8,0,0.0,1.0,1,0.0,1.0,0.0023430178069353325
Pristine_End_2730,False,0.3049915059504402,0.16108523749592635,1146.9,1,0.0,1.0,1,0.0,1.0,0.0008719155985700583
Pristine_Worth_1880,False,0.11122563511022437,0.11778303565638346,68.0,0,0.0,1.0,1,0.0,1.0,0.014705882352941176
Prith_wish,False,2.97820365448481,0.8601836302494312,1381.8,0,0.0,2.0,2,0.5,1.0,0.0014473874656245477
PriyankVashiar,False,1.1000803278504108,0.06722375708459047,2132.8,0,0.0,1.0,1,0.0,1.0,0.000468867216804201
Prize-Collection411,False,2.023952381579055,0.21816558199785963,632.9,0,0.0,1.0,1,0.0,1.0,0.0015800284405119293
Prize_Assistant_8223,False,0.8932608181195048,0.608734953588329,1289.6,1,0.0,1.0,1,1.0,1.0,0.0007754342431761787
ProProcastinator9999,False,2.927993847908405,0.0007581090957122234,522.1,0,0.0,2.0,1,1.0,1.0,0.003830683777054204
Proboy7563,False,0.6254861702505592,0.057690413639696084,635.1,0,0.0,1.0,1,1.0,1.0,0.001574555188159345
ProfessionMoney9624,False,2.4709610231000476,0.04741848178186085,1213.7,0,0.0,1.0,1,0.0,1.0,0.0008239268352970256
Professional-Age1964,True,1.6102378210586288,0.0071582267001704435,349.9,1,0.0,1.0,1,1.0,1.0,0.0028579594169762792
Professional-Art8232,False,3.1038322096333344,0.896804424073672,1066.1,0,1.0,0.0,1,0.0,0.0,0.0
Professional-Bag6686,False,0.896010006447726,0.012442858636886019,2118.9,0,0.0,2.0,1,0.5,1.0,0.0009438859785737883
Professional-Gold429,False,0.8808309924537936,0.08252102368800351,857.1,0,1.0,2.0,2,0.0,1.0,0.0023334500058336247
Professional-Oil9018,False,1.6924957948404975,0.8138320797659543,914.5,0,1.0,1.0,1,1.0,1.0,0.0010934937124111536
Professional-Sun628,False,0.20083185581705273,1.389911001590079,1240.9,0,0.0,1.0,1,1.0,1.0,0.0008058667096462244
Professional-Task929,False,0.02536692269169888,0.5108256237659906,1323.4,0,0.0,1.0,1,0.0,1.0,0.000755629439322956
Professional-Tax5429,False,1.2927533693775006,0.009649479826565154,1181.7,0,0.0,1.0,1,0.0,1.0,0.0008462384700008462
ProfessionalOk9416,False,0.8280855163741924,0.0602686274611189,2042.0,0,0.0,1.0,1,0.0,1.0,0.0004897159647404506
ProfessionalSpare523,False,1.5498807586455718,0.016052926407846307,2148.8,0,0.0,1.0,1,1.0,1.0,0.0004653760238272524
Professional_Dot8829,False,1.7307489705015648,0.7757203133644506,1377.0,0,0.0,1.0,1,0.0,1.0,0.0007262164124909223
Professional_Week558,False,1.6555910569042764,0.6238440391356614,1216.9,0,0.0,1.0,1,1.0,1.0,0.0008217602103706138
Professor2255,False,1.6667025558198543,1.4065902607397933,2039.5,0,1.0,0.0,1,0.0,0.0,0.0
ProfessorOak11,False,1.5980079359129586,0.00746801220968007,2692.5,0,0.0,2.0,2,0.0,1.0,0.0007428040854224698
Professor_chaos24,False,1.2913888954725095,0.07745805903900385,487.9,0,0.0,1.0,1,1.0,1.0,0.0020496003279360524
Professorjoey,False,2.4793226075416066,0.7530628338957801,773.7,0,0.0,1.0,1,0.0,1.0,0.0012924906294429364
Prony_Crony,False,0.45655134172263845,0.0401199937894253,305.9,0,0.0,1.0,1,1.0,1.0,0.0032690421706440017
Proof-Breakfast-7358,False,1.9633254700639056,0.17245157985518145,543.2,1,0.0,1.0,1,0.0,1.0,0.0018409425625920469
ProofArtichoke4793,False,0.4540432669959435,0.014084739881739002,247.1,0,0.0,1.0,1,0.0,1.0,0.004046944556859571
Propaganda-Detector,False,2.077284043539815,0.8452549587574033,23.2,0,1.0,0.0,1,0.0,0.0,0.0
Proper-Yard-5241,False,3.364020197328129,0.0011621652012875426,833.0,0,0.0,1.0,1,0.0,1.0,0.0012004801920768306
Proper_Excuse2,False,2.490598976193283,0.22687066790556779,1147.4,0,0.0,1.0,1,1.0,1.0,0.0008715356458079134
Proper_Valuable_5007,False,1.9088776062569799,0.5525382863951009,741.1,0,1.0,1.0,2,1.0,1.0,0.001349345567399811
Protagunist,False,3.024549613777789,0.35613202462537996,953.6,0,2.0,1.0,2,0.0,1.0,0.0010486577181208054
ProtectionPristine49,False,1.1246418685990929,0.0040650462481695284,948.0,0,0.0,2.0,2,0.5,1.0,0.002109704641350211
Proud-Concept-190,False,3.214893018721623,0.18955146909036372,1656.4,0,0.0,1.0,1,1.0,1.0,0.0006037189084762135
Proud-Variation-2535,False,0.038190798732389945,0.36772478012531734,1644.0,0,0.0,1.0,1,0.0,1.0,0.0006082725060827251
Proud_Conclusion1283,False,2.6995151342665458,0.4619494192238239,811.1,0,0.0,1.0,1,0.0,1.0,0.0012328936012822092
ProudyGeek,False,1.5424498029266953,0.17392703881173674,2278.0,0,0.0,1.0,1,1.0,1.0,0.0004389815627743635
PsyKite,False,2.3123894782672814,0.744181689562859,2279.6,0,0.0,1.0,1,0.0,1.0,0.0004386734514827163
PsychologicalAlarm91,False,0.40183395266111144,1.8092526266755722,2096.8,0,1.0,0.0,1,0.0,0.0,0.0
PsychologicalCry2034,False,0.5773896747305683,0.02713344751440016,2006.7,0,0.0,1.0,1,1.0,1.0,0.0004983305925150745
PsychologicalDot6193,False,1.0587254210104384,0.02039791602878581,999.1,1,0.0,1.0,1,1.0,1.0,0.0010009008107296567
PsychologicalFilm460,True,0.9545034025166385,0.2065777390214409,1404.8,0,0.0,1.0,1,1.0,1.0,0.0007118451025056948
PsychologicalLab23,False,2.0280303330270493,0.00032325844794181416,468.7,0,0.0,2.0,1,1.0,1.0,0.004267121826328142
PsychologicalStasis,False,3.139266819065028,0.7524835145102329,381.9,0,0.0,1.0,1,0.0,1.0,0.002618486514794449
Psychological_Two978,False,0.4699419598553179,0.7924092838346127,2027.0,0,1.0,0.0,1,0.0,0.0,0.0
Public-Archer149,False,0.592837080265917,0.0734274685548172,557.4,0,0.0,1.0,1,1.0,1.0,0.001794043774668102
Public_Compote_4326,False,2.7598728165754927,0.035582714774216415,1070.9,0,0.0,1.0,1,0.0,1.0,0.0009337940050424875
PuchukPuchukkk,False,1.639937901614913,0.13899013568686017,966.1,0,0.0,1.0,1,0.0,1.0,0.0010350895352447987
PuffcornSucks,False,5.305196196251978,0.4495452602985147,515.1,0,0.0,1.0,1,0.0,1.0,0.0019413706076490001
Pukerman,False,2.019407296737776,2.096272148282457,2540.0,0,2.0,1.0,1,1.0,1.0,0.0003937007874015748
PunctualPanther,False,3.070298695883083,0.03930348063516732,2963.5,0,0.0,1.0,1,1.0,1.0,0.0003374388392103931
PunithAiu,False,2.499980740363387,1.3659685068845488,3688.7,0,0.0,1.0,1,0.0,1.0,0.0002710982188847019
Pups_4_lyf,False,3.165745418153734,0.2236254661317076,1028.3,0,0.0,1.0,1,0.0,1.0,0.0009724788485850433
Pure-Helicopter-1825,False,1.9427186569846697,0.05363558025077157,538.0,0,0.0,2.0,2,0.0,1.0,0.0037174721189591076
Pure-Lab8830,False,1.3618561928132558,5.6080055192624325,469.1,0,1.0,0.0,1,0.0,0.0,0.0
PureConstruction7286,True,6.393057539421416,1.9390545630028015,45.8,1,0.0,1.0,1,1.0,1.0,0.02183406113537118
PureMobile3874,False,4.4403794695571595,0.3947814460522379,474.9,0,0.0,8.0,5,0.625,0.875,0.01684565171615077
Purple-Scratch-5966,False,0.7689378907719369,0.360906261958495,349.9,0,0.0,1.0,1,0.0,1.0,0.0028579594169762792
Purple_Quarter_1309,False,0.6264254602709906,0.2942028221522176,1647.7,0,0.0,1.0,1,1.0,1.0,0.0006069065970747101
PurposeDry3759,False,0.3307217378239777,0.33647223662121295,318.9,0,0.0,1.0,1,1.0,1.0,0.0031357792411414237
PushIll6076,False,0.8454486677597203,1.222077157791924,1592.9,0,0.0,1.0,1,0.0,1.0,0.0006277857994852156
Putrid-Deer8553,False,0.11174664261052057,1.6474171604993166,1353.3,0,0.0,1.0,1,0.0,1.0,0.0007389344565137073
Putrid_Nectarine_155,False,0.3404396583618133,0.06778001506174217,1013.4,0,0.0,1.0,1,0.0,1.0,0.0009867771857114663
Putrid_Pie1690,False,0.013315775975772146,0.08004270767353643,895.2,0,0.0,1.0,1,1.0,1.0,0.0011170688114387846
Putrid_Push7999,True,0.8743997901649948,0.0022909517465558317,312.0,1,0.0,1.0,1,0.0,1.0,0.003205128205128205
Putsomefunda,False,0.12349002743247298,0.36440362131039045,2533.5,0,0.0,1.0,1,0.0,1.0,0.00039471087428458656
Puzzled-Ostrich-7061,False,0.11816304706129853,1.3217558399823195,350.8,0,1.0,0.0,1,0.0,0.0,0.0
Puzzled_Day7879,False,2.9191488365431644,3.970755771310729,1107.3,0,4.0,0.0,2,0.0,0.0,0.0
Puzzleheaded-Ad7606,False,5.636913804822663,0.003653999582223177,2108.3,0,0.0,2.0,1,0.5,1.0,0.00094863159891856
Puzzleheaded-Ask-155,False,0.21637298993049037,0.06899287148695145,1982.9,0,0.0,1.0,1,0.0,1.0,0.0005043118664582177
Puzzleheaded-Good-63,False,0.37266970214736633,0.0013898542890543064,1592.1,0,0.0,1.0,1,1.0,1.0,0.0006281012499214874
Puzzleheaded-Row-477,False,1.3729372215827298,1.125606542979652,2025.5,0,2.0,1.0,2,0.0,1.0,0.0004937052579609973
Puzzleheaded-Tea348,False,0.26460925203285424,0.048368667851284505,1954.3,0,0.0,1.0,1,0.0,1.0,0.0005116921659929387
PuzzleheadedHeat8065,False,0.5229653783166013,0.10190628078973875,419.2,0,0.0,1.0,1,0.0,1.0,0.002385496183206107
PuzzleheadedMode7517,False,3.938217126688129,0.4070377018207906,1966.3,0,0.0,1.0,1,1.0,1.0,0.0005085693942938514
PuzzleheadedMusic920,False,1.0842208264983249,0.27939913245543313,531.9,0,0.0,1.0,1,1.0,1.0,0.0018800526414739613
PuzzleheadedYear1094,False,2.7287194035450386,1.2720039004423,425.2,0,0.0,1.0,1,0.0,1.0,0.002351834430856068
Puzzleheaded_Ask480,False,1.3015640402286504,0.04594989019185585,374.2,1,0.0,1.0,1,1.0,1.0,0.002672367717797969
Puzzleheaded_Drop781,False,2.35308758634899,0.1236596441453685,1089.2,0,0.0,2.0,1,0.0,1.0,0.001836210062431142
Puzzleheaded_East_94,False,1.7618519335058531,0.3181412799364895,2073.1,0,0.0,1.0,1,0.0,1.0,0.0004823693984853601
Puzzleheaded_Mail_12,False,1.2550260927940953,0.020101179321087244,1923.1,0,0.0,3.0,3,0.0,1.0,0.0015599812802246373
Puzzleheaded_Part891,False,2.2289253450542943,0.16157645652410785,391.2,0,0.0,1.0,1,1.0,1.0,0.002556237218813906
PyaaraAadmi_,False,3.352641565031194,0.18232155679395465,12.8,0,0.0,1.0,1,0.0,1.0,0.078125
PyrotechnikGeoguessr,False,3.488188182308406,0.0380701739869447,742.5,0,0.0,1.0,1,0.0,1.0,0.0013468013468013469
PyschednDamned,False,1.4009511879009597,0.0006542362025965002,499.5,0,0.0,2.0,1,1.0,1.0,0.004004004004004004
QnXc,False,0.6143897467546814,1.6866794978279251,839.1,0,0.0,1.0,1,0.0,1.0,0.001191753068764152
QtK_Dash,False,3.32859142313586,0.03928549788419801,2042.9,0,0.0,1.0,1,1.0,1.0,0.0004895002202750991
QueDark,False,1.0942073912185064,0.05116264452306239,2229.7,0,0.0,1.0,1,1.0,1.0,0.00044849082836256003
Queasy_Effort0501,False,0.8462220656624222,0.0732196534850319,584.6,1,0.0,1.0,1,0.0,1.0,0.0017105713308244953
QueenOfTheNight09,False,2.9832475302228714,1.0187067081802526,269.2,0,0.0,1.0,1,1.0,1.0,0.0037147102526002974
QuestionEcstatic5307,False,1.602600447130107,0.9942564487004946,1631.9,0,1.0,1.0,2,0.0,1.0,0.0006127826459954653
QuickVacation3682,False,0.1303695058538335,0.06371581438610768,1156.2,0,0.0,1.0,1,1.0,1.0,0.000864902266043937
Quick_Eye_6585,True,4.030573799986749,2.6839985595166156,450.2,0,1.0,0.0,1,0.0,0.0,0.0
Quiet-Door-7281,False,2.60887434795227,0.012615879622617173,976.1,0,0.0,1.0,1,1.0,1.0,0.001024485196188915
Quiet-Interview3916,False,4.508936558354302,1.3464294311450522,1390.0,0,0.0,1.0,1,1.0,1.0,0.0007194244604316547
Quiet-Let5103,False,1.1833737434558633,0.007151401157625104,185.4,0,0.0,1.0,1,1.0,1.0,0.005393743257820927
QuietHour_05,False,0.1011952055855756,0.0317486983145803,291.1,0,0.0,1.0,1,1.0,1.0,0.0034352456200618343
QuietSelf_95,False,0.04347797630742366,0.01869213301215255,1192.7,1,0.0,1.0,1,0.0,1.0,0.0008384338056510438
Quiet_Quantity_2447,False,0.7577576208604084,1.3106177611935421,1042.8,0,1.0,0.0,1,0.0,0.0,0.0
Quirky-Cat2860,False,4.737592439389751,0.003328897881036134,558.4,0,0.0,1.0,1,1.0,1.0,0.0017908309455587394
Quirky_Mongoose2629,False,1.4046349796870388,0.00304414238122816,106.7,1,0.0,1.0,1,0.0,1.0,0.00937207122774133
QuitPenguin,False,1.731130336068977,0.25244621496008895,461.8,0,0.0,1.0,1,1.0,1.0,0.0021654395842356
Quite_unhappy,False,1.4156595590375616,0.14830885386909667,2307.0,0,0.0,2.0,2,0.0,1.0,0.0008669267446900737
R4ZXGOd,False,1.1366463048945372,1.132316815419501,1239.9,0,0.0,1.0,1,1.0,1.0,0.0008065166545689168
RC-2050,False,1.3049403268052717,0.04599378292264914,1009.5,0,0.0,1.0,1,0.0,1.0,0.0009905894006934125
REVwazza,False,0.8968541364924942,1.0071952300435252,1949.2,0,1.0,0.0,1,0.0,0.0,0.0
RISHI2144,False,0.8935596139980914,0.39718480602094486,2165.1,0,0.0,1.0,1,1.0,1.0,0.0004618724308346035
RKH3107,False,2.955557139473054,0.11498911659591342,1803.0,0,0.0,1.0,1,1.0,1.0,0.0005546311702717693
RR_2025,False,3.299776599416966,1.7019558297670312,2760.3,0,0.0,1.0,1,0.0,1.0,0.0003622794623772778
RRvhit,False,0.09516619718215258,0.923163611161917,1452.3,0,0.0,1.0,1,1.0,1.0,0.0006885629690835227
RaDio4CTiVE_M0nK,False,3.340863829908833,0.13492039211187892,759.3,0,0.0,1.0,1,1.0,1.0,0.0013170025023047545
RaavanaRowdy,False,1.0857916002390482,0.027615167032973367,392.5,0,0.0,2.0,1,0.5,1.0,0.005095541401273885
Rachel_ka_Ross,False,0.2192793455673804,0.02646657318816327,1089.0,0,0.0,1.0,1,0.0,1.0,0.0009182736455463728
Rachit55,False,1.848668050823433,0.11575047707492046,1894.1,0,0.0,1.0,1,0.0,1.0,0.0005279552293965472
Radiant-Increase6024,False,1.1609706141088116,0.07930783807981227,723.2,0,0.0,1.0,1,0.0,1.0,0.0013827433628318584
Radiant-Serve3043,False,2.000928820493807,0.47812424368743583,912.3,1,0.0,1.0,1,1.0,1.0,0.0010961306587745259
Radiant-Tangerine601,False,1.4859734875414008,0.017989037836073363,721.5,0,0.0,1.0,1,1.0,0.0,0.001386001386001386
Radiant_Lemon_5501,False,0.2788554785914171,0.016103407566578746,970.1,0,0.0,1.0,1,0.0,1.0,0.0010308215647871354
RadioAny2578,False,0.6966580092100083,0.2747736955464729,1706.0,0,0.0,1.0,1,0.0,1.0,0.0005861664712778429
Ragnar-Heartbroke,False,0.06813629722753865,0.0350913198112701,397.1,0,0.0,1.0,1,0.0,1.0,0.002518257365902795
Rainbow_Sassy,False,1.3879667294306086,0.030411219686118734,1643.0,0,0.0,1.0,1,0.0,1.0,0.0006086427267194157
RaiseTemporary636,True,2.3887486530613358,4.355348150029079,519.2,0,0.0,1.0,1,0.0,1.0,0.0019260400616332818
RaisinCurious7483,False,0.9854897184272777,0.042334363826560736,1953.4,0,0.0,1.0,1,1.0,1.0,0.0005119279205487867
RajIshu07,False,1.5719760971950116,1.7258673754193519,1184.7,0,1.0,0.0,1,0.0,0.0,0.0
RakulSingh_10,False,2.828923921018781,0.5218813332709712,197.9,0,1.0,0.0,1,0.0,0.0,0.0
Ramanean3,False,0.594838647187268,1.1842801709802,2411.6,0,1.0,2.0,1,0.5,1.0,0.000829324929507381
RamenWithChutney,False,2.9175430782082477,3.7336667308633915,356.2,0,6.0,0.0,1,0.0,0.0,0.0
Ramu_1798,False,4.3303987036883065,0.0016070714587757549,963.5,0,0.0,1.0,1,1.0,1.0,0.0010378827192527244
RandControl,False,3.1352679374548096,4.404750355114135,115.3,0,0.0,1.0,1,0.0,1.0,0.008673026886383347
RaptorX99,False,0.6010470912610033,0.5462783910392471,2077.6,0,0.0,1.0,1,0.0,1.0,0.0004813246053138237
Rarararararrararar,True,1.8195678020487365,0.34554945477232957,706.3,0,0.0,1.0,1,1.0,1.0,0.0014158289678606825
Rare-Assignment-8474,False,4.283084656360064,2.9280028261138114,118.2,0,2.0,0.0,2,0.0,0.0,0.0
Rare-Cress-2304,False,0.876334913241749,0.7489992584858384,577.0,0,1.0,0.0,1,0.0,0.0,0.0
Rare-Newspaper9988,False,0.5632636878677668,0.3684016907312769,2169.5,0,0.0,1.0,1,0.0,1.0,0.0004609356994699239
Rare-Progress-4939,False,3.2906832096281153,0.019386582749317396,481.3,0,0.0,3.0,2,0.3333333333333333,1.0,0.006233118637024725
Rare-Tooth-7810,False,2.37837473737198,2.02424199232522,522.0,1,1.0,0.0,1,0.0,0.0,0.0
Rare-Translator-3781,False,0.2474459058770475,0.9985288301111271,943.9,0,0.0,1.0,1,1.0,1.0,0.0010594342621040365
Rare_Breadfruit7467,False,1.3384015842332677,0.0005610098323857892,633.5,0,0.0,2.0,2,0.0,1.0,0.0031570639305445935
Rashtriya-Rifles,False,2.1606375255955155,1.3827488296055555,403.3,0,0.0,1.0,1,0.0,1.0,0.002479543763947434
RasmalaiWithRedflags,False,2.978055168889125,0.1664645523809911,206.6,1,0.0,1.0,1,0.0,1.0,0.00484027105517909
RathodKetan,False,1.7250882034370572,2.142343550041949,714.5,0,2.0,0.0,1,0.0,0.0,0.0
Ray44_,False,0.635771481695512,0.05089855953796576,1949.4,0,0.0,1.0,1,1.0,1.0,0.0005129783523135324
RayInRed,False,5.952995181015764,1.6889349096324238,3130.0,0,1.0,0.0,1,0.0,0.0,0.0
Raza2614,False,3.1311916148913426,3.1690130856957963,135.7,0,0.0,1.0,1,0.0,1.0,0.007369196757553428
Rcbgonnaloosefinal,False,3.7386571579378214,2.9578084290266125,122.9,0,1.0,0.0,1,0.0,0.0,0.0
Reachsri,False,2.280770257969311,0.16444453134541276,2356.5,0,0.0,1.0,1,1.0,1.0,0.000424358158285593
ReadIt_Here,False,3.4552845890002084,0.0043432642706607875,3265.4,0,0.0,3.0,3,0.6666666666666666,1.0,0.0009187235866968825
Reading_Snorlax,False,0.3620550865450927,0.042319431878911865,1657.2,0,0.0,1.0,1,1.0,1.0,0.0006034274680183442
Ready-Geologist-9618,False,0.9083839253375258,7.493317248862145,1170.7,0,1.0,0.0,1,0.0,0.0,0.0
Ready-Stage-18,False,2.0472338854829757,0.0003346160312299338,442.9,0,0.0,1.0,1,1.0,1.0,0.002257846014901784
ReadyConfection7959,False,4.893938388271152,1.294256200515055,275.6,0,0.0,1.0,1,1.0,1.0,0.0036284470246734394
Real_BreadthBandit,False,0.9948945094710329,0.05644839283222752,533.9,0,0.0,1.0,1,1.0,1.0,0.0018730099269526129
Realistic-Candle7342,False,3.4934244103585845,1.8809985631866852,157.5,1,1.0,1.0,1,0.0,1.0,0.006349206349206349
Realistic-Ratio8438,False,0.414998068766888,0.1053605156578263,348.0,0,0.0,1.0,1,0.0,1.0,0.0028735632183908046
RealisticSea3963,False,1.653465459393683,0.1549320824847168,807.8,0,0.0,1.0,1,1.0,1.0,0.0012379301807378064
Realistic_Aide5124,False,0.7724707224347762,0.03410263754002272,1765.5,0,0.0,1.0,1,1.0,1.0,0.0005664117813650524
Realistic_Alarm1422,False,2.117453658938979,0.5841859971395587,1941.6,0,0.0,1.0,1,0.0,1.0,0.0005150391429748661
Realistic_Back_1849,False,1.1198645643277687,0.03169899529014104,1257.0,0,0.0,1.0,1,1.0,1.0,0.0007955449482895784
Realistic_Computer_2,False,1.562394495187496,0.33737477610020394,1940.2,0,0.0,1.0,1,0.0,1.0,0.0005154107823935677
Realistic_Power5452,False,1.5035244523331008,0.0317486983145803,201.0,0,0.0,1.0,1,0.0,1.0,0.004975124378109453
ReallyReallyLuckyGuy,False,2.775149251676531,0.5432453690366897,109.7,0,0.0,1.0,1,1.0,0.0,0.009115770282588878
Reasonable-Can-3746,False,1.6609514468842084,0.10666135373390653,340.5,0,0.0,1.0,1,1.0,1.0,0.002936857562408223
Reasonable-Exit4653,False,2.346348450483749,0.021202764728994215,1357.1,0,0.0,1.0,1,1.0,1.0,0.000736865374696043
Reasonable-Radio-447,False,0.16941340436389007,0.5871289864831483,1641.3,0,0.0,1.0,1,0.0,1.0,0.0006092731371473832
Reasonable_Mood4003,False,0.5457365846625325,0.4824261492442927,221.8,0,0.0,1.0,1,0.0,1.0,0.004508566275924256
Reasonable_Sample_40,False,3.3425855576063745,0.03423670930508527,1855.0,0,0.0,4.0,2,0.5,1.0,0.00215633423180593
Recent-Accountant-14,False,0.15680824282645817,0.006920442844573781,848.2,0,0.0,1.0,1,1.0,0.0,0.001178967224711153
Recent-Ratio2369,False,2.747487152111544,0.44146545508139445,1594.7,0,0.0,1.0,1,1.0,1.0,0.0006270771932024832
Recent_Guide6525,False,2.2166363100944384,0.9046463521596766,302.7,0,1.0,0.0,1,0.0,0.0,0.0
ReceptionPractical73,False,2.3792760114576055,2.050121404422875,157.7,1,1.0,0.0,1,0.0,0.0,0.0
RecognitionCrafty388,False,2.603051639711795,0.9649245849842614,1534.6,0,0.0,1.0,1,1.0,1.0,0.0006516356053694774
Red-ambrane-69,False,3.2212260022131542,0.3392591174969963,221.0,0,0.0,1.0,1,1.0,1.0,0.004524886877828055
Red171022,False,4.447291400466208,0.0008408445855897772,1156.0,0,0.0,6.0,1,0.3333333333333333,0.8333333333333334,0.005190311418685121
RedFalconEyes,False,2.8880596476732787,0.0017470410178640557,3918.7,0,0.0,1.0,1,1.0,1.0,0.0002551866690484089
RedditSurfer82,False,2.0245751706954054,0.012775061960085956,1677.8,0,0.0,1.0,1,0.0,1.0,0.0005960185957801883
Reddittuser21,False,1.149901359360307,0.10578456929065479,1578.4,0,0.0,1.0,1,1.0,1.0,0.0006335529650278763
Redheadishh,False,0.16938206672472172,0.4700036292457355,1511.6,1,0.0,1.0,1,0.0,1.0,0.0006615506747816883
Redthebird_2255,False,4.25522245569597,0.14708772062303035,1192.4,0,0.0,1.0,1,1.0,1.0,0.0008386447500838644
ReflectionLevel9529,False,4.115994377853437,0.019867238555637164,287.4,0,0.0,4.0,1,0.25,0.75,0.013917884481558803
RefrigeratorMain7921,False,2.6781246563366894,0.1272876499962136,773.8,0,0.0,1.0,1,0.0,1.0,0.0012923235978288964
Regiiins,False,0.22505045696703627,3.618099272052889,2210.9,1,0.0,1.0,1,0.0,1.0,0.00045230449138359944
RegionSafe5143,False,2.3042230949982843,0.8776131966999337,341.6,0,1.0,0.0,1,0.0,0.0,0.0
Regular-Appeal5392,False,1.8055847797461488,0.6736702105573829,1670.1,0,0.0,1.0,1,0.0,1.0,0.000598766540925693
Regular-Fig-643,False,0.1653686571890062,4.204692619390966,255.8,0,1.0,0.0,1,0.0,0.0,0.0
Regular_Boi1207,False,2.1117737464411874,0.053518649981797485,2272.1,0,0.0,1.0,1,1.0,1.0,0.0004401214735266934
Regular_Section6486,False,3.9126559521886706,0.5437167226676584,268.5,0,0.0,2.0,2,0.5,1.0,0.0074487895716946
Rehan_sidhu,False,2.5226775227666165,0.9955301866234921,1859.2,0,0.0,1.0,1,0.0,1.0,0.0005378657487091222
Reindeer_Relative,False,2.4288059707315512,0.8600344090132583,2001.0,0,1.0,0.0,1,0.0,0.0,0.0
Rejuvenate_2021,False,2.5141303459492113,0.031039896613301726,1846.8,0,0.0,1.0,1,0.0,1.0,0.0005414771496642842
RelationshipBasic11,False,2.2016919087340074,1.0415517461274806,635.3,0,2.0,0.0,2,0.0,0.0,0.0
Relative-Ad-6324,False,1.0601544718652451,0.2719122748901653,1544.4,0,0.0,1.0,1,1.0,1.0,0.0006475006475006475
Relative-Cry8179,True,1.056907698791748,0.001495886591582724,355.8,0,0.0,2.0,1,0.0,1.0,0.005621135469364811
Relax-maccha,False,1.7510062292198418,0.0019425564593376235,757.5,1,0.0,2.0,2,0.0,1.0,0.0026402640264026403
Relevant-Point-9730,False,2.4759020866949184,0.08566585066099784,502.0,0,0.0,1.0,1,1.0,1.0,0.00199203187250996
RelevantArmadillo222,False,1.6311820378064537,0.007309783233710427,1870.6,0,0.0,1.0,1,0.0,1.0,0.0005345878327809259
Relevant_Back_4340,False,3.0200942987336568,0.04771401435472938,1586.5,0,1.0,5.0,3,0.8,0.8,0.003151591553734636
Reliable_Carrot,False,1.6528236172019817,0.06544390825238373,470.9,0,0.0,1.0,1,1.0,1.0,0.0021235931195582925
ReligionIsTheMatrix,False,4.216125161092263,0.08613583959059704,1706.7,0,0.0,2.0,1,0.5,1.0,0.0011718521122634324
Remarkable-Bank-3024,False,0.20303756047241733,0.02631730831737341,337.6,0,0.0,1.0,1,1.0,1.0,0.002962085308056872
Remarkable-Pin6536,False,0.21461082103616871,0.18532391804562387,1946.7,0,1.0,0.0,1,0.0,0.0,0.0
Remarkable-Range-490,False,1.25947153790103,0.2801166440134753,817.1,0,0.0,2.0,2,0.0,1.0,0.0024476808224207563
Remarkable-Web5095,False,2.7153495035838215,1.5587819441312178,500.5,0,0.0,1.0,1,1.0,1.0,0.001998001998001998
Remarkable-While-145,False,2.481580593304534,0.9447118277837308,208.3,1,0.0,1.0,1,0.0,1.0,0.004800768122899664
RemarkableAge4859,False,1.989184543873626,0.06308397542657684,253.9,1,0.0,1.0,1,0.0,1.0,0.003938558487593541
Remarkable_Check2390,False,2.9253352434880586,0.1559977856893103,455.6,1,0.0,1.0,1,1.0,1.0,0.0021949078138718174
Remarkable_Highway63,False,0.2083120228195793,0.1568424714929697,798.8,0,0.0,1.0,1,0.0,1.0,0.0012518778167250877
Remarkable_Pass_7687,False,1.8031632834613875,0.014815085785140639,1918.2,0,0.0,1.0,1,0.0,1.0,0.0005213220727765613
Remarkable_Profile94,False,1.203771213145215,2.3380594811877056,1438.7,0,2.0,1.0,2,1.0,1.0,0.0006950719399457844
Remote-Pension-8262,False,3.8425691982335635,1.277176208349231,18.6,1,1.0,0.0,1,0.0,0.0,0.0
Remote_Challenge6132,False,0.644256609743509,1.269802784404379,1045.8,0,0.0,1.0,1,0.0,1.0,0.000956205775482884
Remote_Salamander456,False,1.9057623277941795,3.3948481539834967,822.6,0,1.0,0.0,1,0.0,0.0,0.0
Remote_Side_5058,False,1.6394827024106762,0.3006572313149144,217.7,0,0.0,1.0,1,0.0,1.0,0.004593477262287552
Remote_Tradition_367,False,1.32619613539681,0.5147091237923883,465.9,0,0.0,1.0,1,0.0,1.0,0.0021463833440652502
Remote_Werewolf_1863,False,1.2842763217247637,0.06227177081387402,595.7,0,0.0,1.0,1,1.0,1.0,0.0016786973308712439
RemoveMeifYoucan,False,6.3532317665335505,2.4786321193986116,26.6,0,0.0,1.0,1,1.0,0.0,0.03759398496240601
Reparm,False,1.4075771765532188,0.6157860594024773,2429.0,1,1.0,0.0,1,0.0,0.0,0.0
ReplacementLow3678,False,1.1350199592564254,0.1828522015397574,713.8,0,0.0,1.0,1,0.0,1.0,0.0014009526478005044
ReplacementPrize3629,False,0.08022081339247299,0.029852963149681156,1209.2,0,0.0,1.0,1,0.0,1.0,0.0008269930532583526
ReporterWeird7197,False,2.2353202329963553,0.653485759824936,1734.6,0,0.0,1.0,1,0.0,1.0,0.0005765017871555402
RepresentativeBox881,False,5.2631633188663205,0.013726026388010746,2067.1,0,0.0,1.0,1,1.0,1.0,0.0004837695321948624
RepresentativeNo9079,False,1.905526887144715,1.4657242968567146,1995.3,0,1.0,1.0,2,1.0,1.0,0.0005011777677542224
Repulsive-Bunch-4126,False,4.08674612981633,1.8868609619578895,1980.5,0,3.0,0.0,2,0.0,0.0,0.0
Repulsive-Isopod3329,False,1.8465516659327041,0.024876904755404577,304.8,1,0.0,1.0,1,0.0,1.0,0.0032808398950131233
Repulsive-Tear-6020,False,0.5347052703834844,0.022451831768970643,1527.7,0,0.0,1.0,1,1.0,1.0,0.0006545787785559992
Repulsive_Bread_2417,False,0.33372451035182177,0.09747234280882008,1166.2,0,0.0,1.0,1,0.0,1.0,0.0008574858514834505
Repulsive_Fox7725,False,2.0819274243217136,0.03979948738656948,748.3,0,0.0,2.0,1,0.5,1.0,0.0026727248429774158
Repulsive_Gas_3863,False,1.0282152512588927,0.06973333801467517,106.9,1,0.0,1.0,1,0.0,1.0,0.009354536950420954
RequirementOk7191,False,2.0215114726011922,0.3108166478534379,293.6,0,0.0,1.0,1,0.0,1.0,0.003405994550408719
Resident-Belt-7982,False,2.5738701353041487,0.008834580056979404,121.9,0,0.0,1.0,1,0.0,1.0,0.008203445447087777
Respect_Bulky,False,0.9076213160806166,0.456942270579241,2129.3,0,0.0,2.0,1,0.5,1.0,0.0009392758183440566
ResponsibilityOne363,False,1.088230413772008,1.4008633089036788,2001.0,0,0.0,1.0,1,0.0,1.0,0.0004997501249375312
Responsible-Ad3125,False,0.7594193530144622,0.02090358524070138,1997.3,0,0.0,1.0,1,1.0,1.0,0.0005006759124818505
Responsible-Dialect,False,2.612335899247528,0.2550593127042822,290.4,0,0.0,1.0,1,0.0,1.0,0.003443526170798898
Responsible-Hat6517,False,0.1674074207483451,0.3888672166991266,1306.0,0,0.0,1.0,1,0.0,1.0,0.0007656967840735069
Responsible-Sir-2291,False,2.2615861006099456,0.18512449346670198,988.8,0,0.0,1.0,1,1.0,1.0,0.001011326860841424
ResponsibleNose2324,False,1.1496124174918612,0.4009868202834685,1290.7,0,0.0,1.0,1,0.0,1.0,0.0007747733787867049
ResponsibleTop1068,False,0.004572481674890025,0.6931471805599453,218.2,0,0.0,1.0,1,0.0,1.0,0.00458295142071494
Responsible_Ad1201,False,0.18034654574643622,0.7516136390599093,2044.2,0,1.0,0.0,1,0.0,0.0,0.0
Responsible_Bread372,False,3.6446400079980754,0.041028513641217686,48.7,0,0.0,1.0,1,0.0,1.0,0.02053388090349076
Responsible_Mood884,False,2.4458020897793546,0.17331989895332722,585.4,0,0.0,1.0,1,0.0,1.0,0.0017082336863682953
Responsible_Ruin2310,False,2.9127490845878743,0.014179232723460767,1974.8,0,0.0,1.0,1,0.0,1.0,0.0005063803929511849
Responsible_Swim_162,False,0.46326024159013923,0.010344919842392818,1977.1,0,0.0,1.0,1,1.0,1.0,0.0005057913105052856
RestaurantHefty4669,False,1.3118302001823494,0.2321792881290935,1188.0,0,0.0,1.0,1,0.0,1.0,0.0008417508417508417
RestoredVirgin,False,2.6055949992279412,0.23001848796608376,2004.9,0,0.0,1.0,1,1.0,1.0,0.0004987779939149084
ResurgentRex18,False,2.8234986643346627,1.815400614666983,2446.0,0,1.0,0.0,1,0.0,0.0,0.0
Reva_19,False,1.5628546352775339,0.08817870976709317,1610.9,0,0.0,1.0,1,0.0,1.0,0.000620770997578993
Revival456,False,3.22995916120067,0.0001459960583657548,282.1,0,0.0,1.0,1,0.0,1.0,0.0035448422545196734
RevolutionaryCan2463,False,2.2245092826655295,0.0914088498328296,1017.1,0,0.0,3.0,3,0.3333333333333333,1.0,0.0029495624815652345
RevolutionaryDebt170,False,0.6490349611305871,0.15310955531884773,1224.7,0,0.0,1.0,1,0.0,1.0,0.0008165264962848044
RevolutionaryPart654,False,0.15308126823585005,0.4340384805522204,1710.8,0,0.0,1.0,1,0.0,1.0,0.0005845218611176058
RevolutionaryRush93,False,1.1850826525833493,0.583108714665771,487.9,0,1.0,0.0,1,0.0,0.0,0.0
Revolutionary_Grab44,False,0.14263002321126894,0.003149608902896221,2067.8,0,0.0,1.0,1,1.0,1.0,0.00048360576458071375
Revolutionary_Tip855,False,1.3303136649993919,2.8327900636266157,848.6,0,1.0,0.0,1,0.0,0.0,0.0
Rhit_Pnch,False,0.29291572925789044,0.10503472969631963,2001.0,0,0.0,1.0,1,1.0,1.0,0.0004997501249375312
Rich-Cartoonist-7239,False,1.646014584460163,0.05539257844827867,731.2,0,0.0,2.0,1,0.5,1.0,0.002735229759299781
Rich-Look9809,False,1.9717648034089341,0.20431972509764776,1455.2,0,1.0,0.0,1,0.0,0.0,0.0
Rich-Personality-194,False,3.9378846028618493,0.03503087705598079,587.2,0,0.0,2.0,1,0.5,1.0,0.003405994550408719
RichJuggernaut3616,False,0.24700217580052608,0.07223355735937158,2045.1,0,0.0,1.0,1,1.0,1.0,0.0004889736443205711
Rider650,False,0.11954038148339725,0.0033277900926746693,2362.6,0,0.0,1.0,1,1.0,1.0,0.0004232625074070939
Rift-enjoyer,False,2.8181672357482044,0.02059569367208069,1570.1,1,0.0,4.0,1,0.75,1.0,0.002547608432583912
Right-Bank3561,False,1.4068061418226232,0.3233729126647009,1082.1,0,0.0,1.0,1,1.0,1.0,0.000924129008409574
Right-Bathroom-7246,False,2.103031927467326,0.07579383936953364,1009.6,0,0.0,1.0,1,0.0,1.0,0.0009904912836767037
Right_Apartment3673,True,1.7450130654180818,0.08203264160889506,1206.1,0,0.0,1.0,1,0.0,1.0,0.0008291186468783684
Right_Chemical,False,0.2362391656536019,1.1002775679871708,2251.6,0,1.0,0.0,1,0.0,0.0,0.0
RishavSaha,False,2.1250173025672616,0.039777971456919116,1947.5,0,0.0,3.0,2,0.3333333333333333,1.0,0.0015404364569961489
Rishu_2466,False,0.6047275509787586,0.9780782196398364,581.4,0,0.0,1.0,1,1.0,1.0,0.0017199862401100791
RiskyEnterpreneur,False,0.10095807426015639,0.026668247082161325,348.3,1,0.0,1.0,1,0.0,1.0,0.002871088142405972
Ritaz-charmi-6105,False,0.8451757665675825,0.000764818392922063,983.9,0,0.0,1.0,1,0.0,1.0,0.0010163634515702815
Ritesh_Nvidia,False,2.5578352374436535,5.052416828111211,262.6,0,2.0,0.0,1,0.0,0.0,0.0
Ritz_Ind,False,0.04270207960717691,0.02702867238791931,1696.2,0,0.0,1.0,1,1.0,1.0,0.0005895531187359981
RiverAware9427,False,1.0985497534920527,0.0028169032711133778,1066.1,0,0.0,1.0,1,0.0,1.0,0.0009379983116030392
RixDixRox,False,2.131288393629904,1.7175527209109165,2921.2,0,0.0,1.0,1,0.0,1.0,0.00034232507188826513
Robinkhare,False,0.4234431204035727,0.0016542600960265151,2293.2,0,0.0,1.0,1,0.0,1.0,0.0004360718646432933
RobloxianTrainerNo1,False,1.0332451039748731,0.6811099981822967,2371.6,0,0.0,1.0,1,0.0,1.0,0.00042165626581210997
Rocco_Hunter007,False,0.3054844001857574,0.5802067693793498,512.2,0,0.0,1.0,1,1.0,1.0,0.0019523623584537287
Rock_as_tar,False,3.234798429388938,0.5599637573542536,1119.0,0,0.0,2.0,1,0.5,1.0,0.0017873100983020554
Rocket_paglu,False,4.178773241838892,0.1450654538026091,392.0,0,0.0,1.0,1,1.0,1.0,0.002551020408163265
RockiestHades45,False,2.1299424937519347,0.004064220184881516,2660.1,0,0.0,1.0,1,0.0,1.0,0.00037592571707830536
RockitX_dot_com,False,0.11848160362052347,0.4054651081081644,15.9,0,0.0,1.0,1,1.0,1.0,0.06289308176100629
Rockstar-7-8,False,2.178291705811224,0.004603481659775231,305.7,0,0.0,1.0,1,1.0,1.0,0.003271180896303566
Rohan094,False,0.15525198196176773,0.4841250084629458,1607.6,0,0.0,1.0,1,0.0,1.0,0.0006220452848967405
RohanKhanna911,False,0.49961459258684776,0.00516797015844258,297.8,0,0.0,1.0,1,1.0,1.0,0.0033579583613163196
RohanNotFound,False,3.0470209130563894,0.08784376036830938,1503.8,0,0.0,1.0,1,0.0,1.0,0.0006649820454847719
Rohan_3090,False,0.07302513501488987,0.0246926125903715,528.0,0,0.0,1.0,1,0.0,1.0,0.001893939393939394
Rohan_XoX,False,0.15685145198285552,0.016260520871780308,359.2,0,0.0,1.0,1,1.0,1.0,0.0027839643652561247
Rohi1227,True,1.7581062370857052,0.00020831163495805538,999.7,0,0.0,1.0,1,0.0,1.0,0.001000300090027008
Rohit-_-21,False,0.05644839283222752,0.1556533097117933,1894.2,0,0.0,1.0,1,0.0,1.0,0.0005279273571956499
Rohit_BFire,False,4.962378688780895,0.24244843532895705,2537.0,0,0.0,1.0,1,0.0,1.0,0.00039416633819471815
RoleMassive4422,False,4.355993040020145,1.4102786499192563,542.9,0,0.0,1.0,1,0.0,1.0,0.0018419598452753731
Rolex_300,False,0.39268306986018386,0.6464914889191459,1391.0,0,0.0,1.0,1,1.0,0.0,0.0007189072609633358
RomanfanSabya28560,False,0.1987008517018703,0.012739025777429757,1792.4,0,0.0,1.0,1,1.0,1.0,0.000557911180540058
Ronit_865,True,1.5016266461858898,0.0005395198404406823,531.1,0,0.0,1.0,1,0.0,1.0,0.0018828845791752965
Rose_939,False,2.918623541028908,0.7775478778951149,728.6,0,1.0,0.0,1,0.0,0.0,0.0
Rose_apricity,False,0.4747665739502881,0.16126814759612226,230.4,0,0.0,1.0,1,1.0,1.0,0.004340277777777778
Rouank_kanojiya,False,5.703739336097682,2.109795170319901,2101.8,0,0.0,1.0,1,0.0,1.0,0.0004757826624797792
Rough_Requirement935,False,3.310041494289445,2.574424508887821,200.9,0,1.0,0.0,1,0.0,0.0,0.0
Round-Dish3837,False,0.7130296441192496,1.5727739280625088,1620.9,0,1.0,0.0,1,0.0,0.0,0.0
Roundabout321,False,4.167579026337989,0.0003293988500824486,143.3,0,0.0,1.0,1,1.0,1.0,0.006978367062107466
Routine_Front_9965,False,0.2100107552629795,0.004255325570138384,2011.2,0,0.0,1.0,1,0.0,1.0,0.0004972155926809865
RowConsistent9179,False,1.6332590652743308,0.8697461066095129,448.0,0,0.0,1.0,1,0.0,1.0,0.002232142857142857
Rowdy_Rathod,False,1.065483304524947,0.5971146139583317,3306.1,1,0.0,2.0,2,0.5,1.0,0.0006049423792383776
Royal-Fig-6670,False,0.8759040114079083,0.01007057856359616,1780.1,0,0.0,3.0,2,0.3333333333333333,1.0,0.001685298578731532
Royal-Junket5226,True,0.47717211872434806,0.4124280688634144,2001.6,0,0.0,1.0,1,1.0,0.0,0.0004996003197442046
RoyalTopper,False,0.019452081924893016,0.09531017980432487,509.1,1,0.0,1.0,1,1.0,1.0,0.0019642506383814574
Royal_Assignment_284,False,1.0775752682525344,0.5147055551189178,1687.7,0,0.0,1.0,1,1.0,1.0,0.0005925223677193814
Royal_Independent_98,False,0.008658062743114581,0.6931471805599453,115.0,0,0.0,1.0,1,0.0,1.0,0.008695652173913044
Rphal,False,3.113392216361865,3.927190606766689,2292.9,0,0.0,1.0,1,1.0,1.0,0.00043612891970866587
Rqany,False,2.960392050140524,1.2020361446606496,1343.2,0,0.0,2.0,2,0.0,1.0,0.0014889815366289458
Rude-Mongoose-5488,False,3.2050575757582607,0.012082305660244553,844.7,0,0.0,1.0,1,1.0,1.0,0.0011838522552385462
Rude_Affect_7556,False,4.298033891797534,0.4245204766234005,277.1,1,1.0,0.0,1,0.0,0.0,0.0
Rude_Issue_5972,False,3.8400244585263206,0.003692786735639678,798.5,0,0.0,2.0,1,1.0,1.0,0.002504696305572949
Rugbyunionfan,False,0.715595254273552,1.2816653743900779,3138.5,0,0.0,1.0,1,1.0,0.0,0.0003186235462800701
Ruhi0202,False,1.169044070761601,0.04828721632569692,2418.3,0,0.0,1.0,1,0.0,1.0,0.00041351362527395274
RustyAdVenture,False,0.8464751406192565,0.06911162928057123,2709.9,1,0.0,2.0,1,0.5,1.0,0.0007380346138233883
RustyJourneyman79,False,0.9113647711089741,0.0002680605832966197,2507.2,0,0.0,1.0,1,0.0,1.0,0.000398851308232291
Ruthless_18,False,1.1230411796395972,1.0395847154054576,514.9,1,0.0,1.0,1,0.0,1.0,0.0019421246844047388
S3pD3cM0n,False,2.171696363972647,0.042222937417586245,1129.4,0,0.0,1.0,1,0.0,1.0,0.0008854258898530192
SAMEERFUDI,False,2.9347722867129846,0.007697076925404032,1603.0,0,0.0,3.0,2,0.0,1.0,0.0018714909544603868
SANJEEV_SHADOW_2_0,False,0.6244101935529217,0.7306729024514479,2065.4,0,0.0,1.0,1,0.0,1.0,0.0004841677156967173
SCartexs,False,0.019059288349208232,0.19611487892629045,3741.8,0,0.0,1.0,1,0.0,1.0,0.00026725105564166975
SMARTOK221,False,3.0063438742826833,0.3687637412577364,278.4,0,0.0,2.0,2,0.0,1.0,0.007183908045977012
SOULSK69,False,0.984906590285156,0.172356201789463,1177.9,0,0.0,1.0,1,1.0,1.0,0.0008489685032685287
SRJtheBoss,False,2.249626428545284,1.4962970284773693,3093.4,0,0.0,1.0,1,0.0,1.0,0.00032326889506691667
SRTrusher_,False,2.2402084755420373,0.6005151156630252,433.1,0,0.0,1.0,1,1.0,0.0,0.002308935580697298
SS_Affi,False,1.2613016497657976,1.5031260263653163,2698.8,0,0.0,1.0,1,0.0,1.0,0.00037053505261597745
STGwasnthere,False,0.0921721065912645,0.30128772450755953,3055.3,0,0.0,1.0,1,1.0,1.0,0.00032730010146303143
S_7_R,False,0.7998342495849774,0.08271936880052472,1017.0,0,0.0,1.0,1,1.0,1.0,0.0009832841691248771
S_K_Sharma_,False,3.2207668331045127,0.010942464854337312,477.6,0,0.0,2.0,1,0.0,1.0,0.0041876046901172526
S_a_i_i,False,0.7540173087344743,4.429934575583623,2012.4,0,1.0,0.0,1,0.0,0.0,0.0
S_bitez,False,0.7889415611614211,0.0003959612009762183,2102.3,0,0.0,2.0,2,0.5,1.0,0.0009513390096560909
S_hash_wat,False,0.5076381574879204,1.8631007376883786,2853.2,0,0.0,1.0,1,1.0,1.0,0.00035048366746109633
Saanjhmalhotra,False,0.32938369812779417,0.29347919013610685,440.9,1,0.0,1.0,1,1.0,1.0,0.0022680880018144706
SabAccountBanKarDiye,False,3.9881146256228575,0.22345780261308246,1172.0,0,0.0,2.0,2,0.0,1.0,0.0017064846416382253
SabChangaSea,False,5.29822663662575,1.0770872209169957,198.4,0,2.0,2.0,3,0.5,1.0,0.010080645161290322
Saber_2049,False,0.28319250042953986,0.015238390104932463,1612.9,0,0.0,2.0,2,0.0,1.0,0.0012400024800049599
Sabmohmayahaibro,False,4.809043539668861,1.1540116628157615,350.0,0,3.0,5.0,2,0.4,1.0,0.014285714285714285
SabotageWeener,False,3.45652844965482,0.13912995821118063,28.3,0,0.0,1.0,1,0.0,1.0,0.0353356890459364
Sad-Researcher-1301,False,0.40377237541326766,0.03146326945578506,906.6,0,0.0,1.0,1,0.0,1.0,0.0011030222810500773
Sad-Rope5857,False,0.0017432236611796654,1.0986122886681098,1146.3,0,1.0,0.0,1,0.0,0.0,0.0
Sad-Sorbet8078,False,0.22682528997912993,0.590199211307503,1952.0,0,2.0,0.0,2,0.0,0.0,0.0
SadAd746,False,0.5698275079707974,0.12409061302145738,1940.2,0,0.0,2.0,2,1.0,0.5,0.0010308215647871354
SadCalligrapher4407,False,1.2495442385767523,0.089253027782613,489.0,0,0.0,1.0,1,1.0,1.0,0.002044989775051125
SadLengthiness7484,False,2.211335361597583,0.004690027650144626,841.3,1,0.0,1.0,1,1.0,1.0,0.001188636633781053
Sad_Compote_2495,False,2.6406848730105184,0.08589247619281501,1596.2,0,0.0,4.0,4,0.75,1.0,0.0025059516351334417
Sad_Daikon938,False,3.650925856310322,0.03041641303212173,1746.8,0,0.0,1.0,1,0.0,1.0,0.000572475383558507
Sad_Fix_1460,False,0.5360706135651203,0.8310169747830661,370.8,0,1.0,0.0,1,0.0,0.0,0.0
Sad_Floor_4120,False,5.148620315543713,0.00023194680790550722,755.6,0,0.0,1.0,1,1.0,1.0,0.0013234515616728428
Sada_dosa_,False,1.7708749076456514,0.1262937253242921,604.8,0,0.0,2.0,2,0.5,1.0,0.003306878306878307
Saddestkitty24,False,3.2910960966005023,1.3891658009871264,444.8,0,0.0,1.0,1,0.0,1.0,0.0022482014388489208
Saditko,False,2.769642482884026,0.7498626474769655,2326.3,0,0.0,1.0,1,0.0,1.0,0.00042986717104414733
Safe_Bluebird946,False,2.064427921372934,1.8894199611005704,507.5,0,1.0,0.0,1,0.0,0.0,0.0
Safe_Mission_3524,False,1.2077832692646697,0.6192265795890838,649.6,0,1.0,0.0,1,0.0,0.0,0.0
SafetySouthern6397,False,0.8954385119373841,0.09264706238484116,568.9,0,0.0,3.0,2,0.3333333333333333,1.0,0.005273334505185446
Sagacious_07,True,5.784703917008426,3.9744337217019683,113.4,0,3.0,0.0,1,0.0,0.0,0.0
Sage_griff,False,0.720263392702468,0.9252926459851744,1797.2,0,0.0,1.0,1,0.0,1.0,0.0005564210994880925
SaggyHuncho1302,False,2.54050157242169,1.2032198576626958,2461.4,0,0.0,1.0,1,0.0,1.0,0.0004062728528479727
SaiRohitS,False,0.5579707916769641,0.19219330527310874,2042.5,0,0.0,1.0,1,0.0,1.0,0.0004895960832313342
Saikumar_G,False,0.28188800830979316,0.00402415029972544,761.6,0,0.0,1.0,1,1.0,1.0,0.0013130252100840335
SaintSinnerin,False,2.875043833583034,0.12427730404404053,1119.8,0,0.0,2.0,2,0.5,1.0,0.001786033220217896
Saitamabois,False,0.9546127888663086,0.002492730829602481,753.6,0,0.0,1.0,1,0.0,1.0,0.001326963906581741
Saitu282,False,2.037918021223831,0.04184422201864769,3103.7,0,0.0,1.0,1,0.0,1.0,0.00032219608853948517
SaltWillingness6647,True,3.1653039763760633,0.3819290722960761,740.0,0,0.0,3.0,1,0.3333333333333333,1.0,0.004054054054054054
Salt_Assistance4641,False,1.5422863726150902,1.6281569615353468,953.4,0,1.0,0.0,1,0.0,0.0,0.0
Salty-Bodybuilder179,False,1.0280930877065104,1.1097677828398953,1405.0,0,1.0,0.0,1,0.0,0.0,0.0
Salty-Library-8253,False,2.0494781386479923,2.215095132602125,308.7,0,1.0,0.0,1,0.0,0.0,0.0
Salty_Big_D,False,0.1135931742900938,1.258954938743289,2011.7,0,0.0,1.0,1,1.0,1.0,0.0004970920117313715
Salty_Fudge1712,False,3.1914727298222667,3.86702563949741,512.3,0,0.0,1.0,1,1.0,1.0,0.0019519812609798948
Salty_Problem_7394,False,2.7823758162544845,0.783083786340566,533.8,0,0.0,1.0,1,0.0,1.0,0.0018733608092918698
Sam_02095,False,1.736113057188163,0.005515733785302337,777.5,0,0.0,3.0,1,0.0,1.0,0.0038585209003215433
Sam_1803,False,0.038362269577620595,0.009478743954543773,2684.9,0,0.0,1.0,1,0.0,1.0,0.0003724533502178852
Samarthetic_here,False,2.0154745290362093,0.10891890502918618,548.1,0,0.0,1.0,1,1.0,1.0,0.0018244845831052727
Same_Fox5904,False,0.1618325091527816,0.3798882663185147,1093.0,0,0.0,1.0,1,0.0,1.0,0.0009149130832570906
Sameer_021,False,1.3532199851979905,0.001722653311446208,202.1,0,0.0,1.0,1,1.0,1.0,0.004948045522018803
SanctaFeria,False,0.9287187155837193,0.6358053562008893,1581.7,0,3.0,0.0,1,0.0,0.0,0.0
SandhuG,False,4.163708240810335,0.05423242078409257,3883.3,0,0.0,3.0,3,0.6666666666666666,1.0,0.0007725388200757088
Sanivaramoduu,False,2.747159425320653,0.00023823704698743082,287.5,0,0.0,2.0,2,0.0,1.0,0.006956521739130435
Sanjay_10_,False,1.7729650762710338,0.34352486650046477,1955.9,0,0.0,1.0,1,0.0,1.0,0.0005112735824939925
SanjuRai1986,False,1.8245983649816093,0.0684242973742456,1183.2,0,0.0,6.0,3,0.3333333333333333,1.0,0.005070993914807302
SanskrutiChaiBar,False,1.2899037282356443,0.2492546953178955,368.1,0,1.0,0.0,1,0.0,0.0,0.0
Santosh83,False,0.9609785940801312,0.12123755806046153,3726.8,0,0.0,2.0,2,0.5,1.0,0.0005366534292154127
SapienSeek,False,1.6441666498685805,0.0030349036951540275,315.8,0,0.0,1.0,1,1.0,1.0,0.003166561114629512
SapnoKaSenapati,True,2.905305981464292,0.10670010058688276,48.0,0,0.0,1.0,1,1.0,1.0,0.020833333333333332
Sarcas8ic,False,4.219179943783464,2.6532974138850025,215.4,0,1.0,1.0,2,1.0,1.0,0.004642525533890436
SarthakSidhant,False,3.9402744947203177,0.5393263655649484,1726.3,0,2.0,3.0,4,0.0,1.0,0.0017378207727509704
SastaAaloo,False,3.0870618113257366,1.9419632948329564,362.7,0,2.0,0.0,2,0.0,0.0,0.0
Sasuke_vs_Naruto,False,1.2207993525053698,0.7355498460652903,463.2,0,1.0,0.0,1,0.0,0.0,0.0
SatyamRajput004,False,6.08670575448647,2.6242655139744673,2076.0,0,0.0,2.0,1,0.5,1.0,0.0009633911368015414
Saura767,False,1.2718499457038024,1.109172048883112,1112.0,0,1.0,0.0,1,0.0,0.0,0.0
Savings-Promotion916,False,1.832540688197325,0.5160069825079883,98.1,0,0.0,1.0,1,0.0,1.0,0.010193679918450561
Savings-Row-1161,True,1.4453786149526844,0.2038704484555768,879.0,0,0.0,1.0,1,1.0,1.0,0.0011376564277588168
Savings_Lion3573,False,0.49131166260150105,0.498722601594747,343.6,0,0.0,1.0,1,1.0,1.0,0.0029103608847497087
Savings_Relation6936,False,1.995270724103801,0.058890016004226525,385.1,0,0.0,1.0,1,1.0,1.0,0.002596728122565567
Savings_Start4305,False,3.4435623882469897,2.3406555340921775,653.8,0,0.0,1.0,1,0.0,1.0,0.0015295197308045276
Savya16,False,0.3093685407452214,0.8113227579289257,3511.1,0,0.0,1.0,1,0.0,1.0,0.0002848110278829996
Sc0res7,False,0.1130959209076683,0.01889394935996166,3115.1,0,0.0,1.0,1,1.0,1.0,0.00032101698179833716
Scam_,False,1.6541020704726066,0.007639597190860469,2579.0,0,0.0,1.0,1,0.0,1.0,0.00038774718883288094
ScarDry4916,False,0.17483339195404202,1.3941580975801051,1999.5,0,0.0,1.0,1,0.0,1.0,0.0005001250312578145
Scared-Claim7213,False,0.8794614368771646,0.0072464085207672065,195.8,0,0.0,1.0,1,1.0,1.0,0.005107252298263534
Scared-Increase7202,False,1.0317147361036276,6.2422232654551655,568.7,0,1.0,0.0,1,0.0,0.0,0.0
Scared-Money-5540,True,3.1815407579158426,1.671602929382641,66.8,0,5.0,0.0,1,0.0,0.0,0.0
ScaredTranslator5618,False,0.6129388231248418,1.1143606456362487,452.8,1,1.0,0.0,1,0.0,0.0,0.0
ScarletPumpkinTickle,False,3.6782595102896867,0.19887999466483952,1708.2,0,0.0,1.0,1,0.0,1.0,0.0005854115443156538
Scary-Estimate-8842,True,3.852153341023593,0.2189940941874246,305.2,0,0.0,1.0,1,0.0,1.0,0.0032765399737876805
Scary-Hedgehog310,False,0.4266171792796088,0.035584278724912266,2041.1,0,0.0,1.0,1,1.0,1.0,0.0004899318994659742
Scary_Load_1252,False,1.3063261796460741,1.0310363497597033,419.3,0,0.0,1.0,1,0.0,1.0,0.0023849272597185785
Schleimwurm1,False,2.375759382233556,0.30778648116960533,2254.8,0,1.0,0.0,1,0.0,0.0,0.0
SchrodingerDontLook,False,0.4042594506470242,0.3089727952606625,2157.8,0,1.0,0.0,1,0.0,0.0,0.0
Scissoriser,False,3.2455001503357965,0.020614590261149188,719.0,0,0.0,4.0,2,0.25,1.0,0.005563282336578581
Scorched_Scorpion,False,3.9149870707091026,0.8711246348595065,1575.9,0,1.0,0.0,1,0.0,0.0,0.0
Scott_Pillgrim,False,3.895113249206758,0.11073292779997705,1836.4,0,0.0,1.0,1,0.0,1.0,0.0005445436724025267
ScreamSmart,False,5.360748062397921,0.7449465447584882,2004.1,0,0.0,1.0,1,0.0,1.0,0.0004989770969512499
ScrupulousBeyotch,False,1.137978244548999,0.16460422889798626,838.5,0,0.0,1.0,1,1.0,1.0,0.0011926058437686344
Sea-Anteater-709,False,3.9837990071708806,0.0014896657214454572,305.8,0,0.0,1.0,1,0.0,1.0,0.0032701111837802484
Sea-Ask114,False,0.6878209362772713,0.8164787802622312,1506.0,0,0.0,1.0,1,0.0,1.0,0.0006640106241699867
Sea-Breadfruit1460,False,0.18385397262560826,1.5950491749820008,336.9,0,0.0,1.0,1,0.0,1.0,0.0029682398337785693
Sea-Buy-4271,False,2.08034226875611,0.008115131218990938,971.0,0,0.0,4.0,3,0.25,0.75,0.004119464469618949
Sea-Cartographer-883,False,2.2278669030640517,0.3272921292384812,1770.4,0,1.0,4.0,4,0.25,1.0,0.0022593764121102574
Sea-Layer1526,False,1.3186684505503286,0.027669325470109505,1725.8,0,0.0,1.0,1,0.0,1.0,0.0005794414184725924
Sea-Needleworker101,False,4.5297180872282095,2.522604972877271,479.1,0,0.0,1.0,1,0.0,1.0,0.002087246921310791
Sea-Rabbit6801,False,0.9510385291629565,1.0488198008464902,985.9,0,1.0,0.0,1,0.0,0.0,0.0
SeaRaisin6665,False,1.2414350143707957,0.3294412403816518,1566.3,0,0.0,1.0,1,1.0,1.0,0.0006384472961757007
Sea_Bumblebee6331,False,1.9056961889186683,0.018135212044212427,408.1,1,0.0,1.0,1,0.0,1.0,0.0024503798088703747
Sea_Fox7782,False,1.1522601928491416,0.1408514324765859,1293.1,0,0.0,1.0,1,1.0,1.0,0.0007733353955610549
Sea_Imagination_8320,False,0.891603755187496,0.01888091214523203,1596.9,0,0.0,1.0,1,0.0,1.0,0.0006262132882459766
Sea_Independent3641,False,1.2584588259297587,2.53445238633943,1050.4,0,1.0,0.0,1,0.0,0.0,0.0
Sea_Painting_7069,False,0.8442209348827243,1.1496065846979235,530.1,0,0.0,2.0,1,1.0,1.0,0.003772873042822109
SeaweedUnlucky924316,False,0.97894728502537,1.9186261901068449,565.1,1,1.0,0.0,1,0.0,0.0,0.0
Secret-Fee-1318,False,1.5125474471297042,4.1998663551966215,583.9,0,0.0,1.0,1,0.0,1.0,0.0017126220243192328
Secret-Laugh-8733,False,1.3323459540837,0.37252883487668126,631.2,1,0.0,2.0,2,0.5,1.0,0.0031685678073510772
Secret_Cat_823,True,2.2192787031305876,0.7332671743493707,86.7,0,1.0,0.0,1,0.0,0.0,0.0
Secret_Peach_4605,False,0.8574651929150533,0.240978418950244,1822.9,0,0.0,1.0,1,1.0,1.0,0.0005485764441274892
Secret_Process404,False,3.515272614222943,1.7913018033161763,267.8,1,1.0,0.0,1,0.0,0.0,0.0
Section80Flow,False,6.199546681111888,0.8863078789819033,114.7,0,2.0,2.0,3,0.5,1.0,0.017436791630340016
SectorTop2884,False,0.5810252935150665,0.4688026339911428,1477.4,0,1.0,0.0,1,0.0,0.0,0.0
Secure-Repair4538,True,0.7024417130391951,0.5904524445547638,589.0,0,0.0,1.0,1,0.0,1.0,0.001697792869269949
Secure_Insect9950,False,1.5789671603381277,0.7223571050214653,893.0,1,0.0,1.0,1,0.0,1.0,0.0011198208286674132
Select-Albatross-675,False,1.4625067654908415,0.025029748065835352,1609.7,0,0.0,3.0,2,1.0,1.0,0.0018637013108032553
Select-Use-9965,False,1.5411120163345726,0.9644860528587361,1488.1,0,0.0,1.0,1,0.0,1.0,0.0006719978496068813
Select_Error_654,False,0.7560654665026114,1.2750687260096663,1503.7,0,0.0,1.0,1,0.0,1.0,0.0006650262685376072
Select_Maintenance67,False,1.5937904991431324,0.11233192339575801,1952.9,0,0.0,1.0,1,0.0,1.0,0.0005120589891955554
Select_Safe548,False,3.897565302545782,0.06935349175771859,689.3,0,1.0,0.0,1,0.0,0.0,0.0
SelectionCalm70,True,2.6282870092598714,0.8884390378019655,1625.6,0,2.0,0.0,1,0.0,0.0,0.0
SelmonTheDriver,False,4.48212114125254,0.1200610054598391,1314.6,0,0.0,2.0,2,0.5,1.0,0.0015213753232922564
Senior-Mix-3715,False,6.506801318834392,2.948532947379964,309.3,1,2.0,0.0,1,0.0,0.0,0.0
Senior-Trade-7567,False,0.851775479808498,0.02016197329034422,744.9,0,0.0,1.0,1,1.0,1.0,0.0013424620754463688
SeniorTemperature872,False,2.9928495241740367,0.011628037995119104,319.6,1,0.0,1.0,1,1.0,1.0,0.0031289111389236545
Senior_Guard_7839,False,1.1227835740534164,0.1686836341818288,645.8,1,0.0,2.0,1,0.0,1.0,0.0030969340353050484
Senior_Iron4055,False,1.9595467240048587,0.00037530493966515913,437.0,0,0.0,1.0,1,0.0,1.0,0.002288329519450801
Senior_Pea3171,False,0.8081923277795547,1.1255148169473481,1483.3,0,1.0,0.0,1,0.0,0.0,0.0
Senior_Relief3594,False,2.473425467414044,0.000630517044848242,292.0,0,0.0,2.0,2,0.0,1.0,0.00684931506849315
Senior_Rub_9518,False,1.9994676243640908,0.3449258651605114,863.1,0,0.0,1.0,1,1.0,1.0,0.0011586142973004287
Senju-Itachi,False,1.741000782426477,0.003792531037663131,954.7,0,0.0,2.0,2,0.5,1.0,0.0020948989211270557
Sensitive-File-3862,False,1.0016708491783062,6.525029657843462,394.7,1,1.0,0.0,1,0.0,0.0,0.0
Sensitive_Bison_8803,False,0.21973711838431606,1.0826119473216684,752.8,0,0.0,1.0,1,1.0,1.0,0.001328374070138151
Sensitive_Bus_9307,False,2.1035295561792076,1.25581050495296,936.2,0,0.0,1.0,1,1.0,1.0,0.0010681478316599017
Sensitive_Paper2471,False,2.4825825808928843,0.09663907741417575,1942.1,0,0.0,2.0,1,1.0,1.0,0.0010298130889243604
Separate_Hospital701,True,1.320641117388949,2.1006307268862563,1597.7,0,1.0,0.0,1,0.0,0.0,0.0
Separate_Marzipan976,False,2.0004488344945597,0.03430731349906143,199.3,0,0.0,1.0,1,1.0,1.0,0.005017561465127948
Separate_Mortgage_42,False,0.6839942260279176,0.08833143342719314,1613.4,0,0.0,1.0,1,0.0,1.0,0.0006198090987975703
SerialG1,False,0.9733356675473838,0.03148095830637664,1096.7,0,0.0,1.0,1,1.0,1.0,0.0009118263882556761
Serial_Kisser3,False,4.879743354577395,3.1765646267964778,231.2,0,1.0,0.0,1,0.0,0.0,0.0
Serious-Anything6625,False,1.0497002649213796,0.04930576098415401,1723.4,0,0.0,1.0,1,0.0,1.0,0.000580248346292213
Serious-Evidence7711,False,0.645789740375166,0.004848494346621502,910.2,0,0.0,1.0,1,1.0,1.0,0.001098659635245001
Serious-Ice7221,False,2.486794173008853,0.782703859208563,613.1,0,1.0,0.0,1,0.0,0.0,0.0
Serious-Special2142,False,0.07664255338818891,1.2144441041932312,790.9,0,1.0,0.0,1,0.0,0.0,0.0
Serious_Actuary8000,False,1.3081545341469132,0.29575414360242797,1197.7,0,0.0,1.0,1,0.0,1.0,0.0008349336227769892
Serious_Brilliant_90,False,1.3699026110363957,0.1107909572055765,1705.3,0,0.0,1.0,1,0.0,1.0,0.0005864070837975723
Serious_Homework_,True,1.118684861932239,0.006311160108717511,1542.1,0,0.0,1.0,1,0.0,1.0,0.0006484663770183516
Seriousin,False,0.65173122076176,0.33857490229511444,2382.3,0,0.0,1.0,1,0.0,1.0,0.000419762414473408
SettledNomad123,False,1.5132625678168548,0.0009685230781305035,291.4,0,0.0,1.0,1,1.0,1.0,0.0034317089910775567
SevEdg,False,1.713694463847376,0.621814510019072,2220.5,0,0.0,1.0,1,1.0,1.0,0.00045034902049088043
Several-Today-473,True,2.3368761045398045,0.8973339006377775,463.8,0,1.0,0.0,1,0.0,0.0,0.0
Several_Anything_421,False,0.8051751748408492,0.19914530837186933,822.9,0,0.0,1.0,1,1.0,1.0,0.0012152144853566655
Severe-Economics-284,False,2.1292594957962483,0.0029917748568226024,180.6,0,0.0,1.0,1,1.0,1.0,0.005537098560354375
Severe-Experience333,False,4.607371824207294,0.033635000905006984,1358.4,0,0.0,4.0,2,0.5,1.0,0.0029446407538280327
Severe_Working_5934,False,3.383935121952072,0.2124429390703375,420.9,0,0.0,1.0,1,0.0,1.0,0.0023758612497030173
Sexy_naari,False,2.7548039401238222,2.2064750854176696,501.7,0,2.0,0.0,2,0.0,0.0,0.0
ShRiKaRMr,False,3.2429304043760316,0.5084338145683425,1086.0,0,0.0,1.0,1,0.0,1.0,0.0009208103130755065
ShabbyBash,False,3.0112782069830626,0.14392271646103078,2181.6,0,1.0,1.0,1,0.0,1.0,0.0004583791712504584
ShadowDen3869,False,3.204890180327303,0.3227876250618244,2263.2,0,0.0,1.0,1,0.0,1.0,0.0004418522446094027
Shadow_Clone_007,False,3.082105158396649,0.003548311227234628,2049.1,0,0.0,2.0,1,0.0,1.0,0.0009760382606998195
Shadow_o7,False,1.8353415543146283,0.6001295751267554,1853.9,0,0.0,2.0,1,0.5,0.5,0.0010788068396353633
Shahid6699,False,0.0010168802991361201,0.6931471805599453,982.9,1,0.0,1.0,1,0.0,1.0,0.001017397497202157
Shaily-Metal9859,False,0.6508405248560225,0.2836740510542421,360.9,0,0.0,1.0,1,1.0,1.0,0.002770850651149903
Shakes8781,False,1.8904837205583565,0.33936015150961946,591.9,0,0.0,2.0,2,0.5,1.0,0.0033789491468153407
ShakyaAryan,False,3.0712396948612457,0.13635950345318162,2771.6,0,0.0,1.0,1,1.0,1.0,0.00036080242459229326
Shame_Silent,False,0.1358470821288646,0.028471674081312025,1951.8,0,0.0,1.0,1,0.0,1.0,0.0005123475765959627
Shanu_PEKKA,False,1.906358614149196,0.17568133969963587,801.6,0,0.0,1.0,1,1.0,1.0,0.00124750499001996
ShareGeneral700,False,3.08404710813735,0.24898897882169801,538.6,0,0.0,3.0,3,0.3333333333333333,0.6666666666666666,0.005569996286669142
Sharp-Present-3687,False,0.7508926189315679,0.08395660699467275,742.7,0,0.0,1.0,1,0.0,1.0,0.0013464386697185943
Sharp_Firefighter773,False,0.17412673256538497,0.6931471805599453,247.1,0,1.0,0.0,1,0.0,0.0,0.0
Sharp_Sir8546,False,0.16050611554346328,1.3862943611198906,2039.0,0,1.0,0.0,1,0.0,0.0,0.0
Shaury1,False,1.218347111659492,0.04133216857915933,445.5,0,0.0,1.0,1,0.0,1.0,0.002244668911335578
Shaurya_527,False,0.8194457077857904,0.2485566836396423,1058.9,0,0.0,1.0,1,0.0,1.0,0.0009443762394938142
Shawon770,True,5.634115492538465,1.3026360467881823,2089.7,0,0.0,3.0,3,0.6666666666666666,1.0,0.0014356127673828781
SheddingCorporate,False,3.9327657812991794,0.039146868142603895,3106.1,0,0.0,6.0,1,1.0,1.0,0.0019316828176813368
Shell__Shocked,False,2.316111228517816,0.8100933005818282,718.9,0,0.0,1.0,1,0.0,1.0,0.0013910140492418973
ShinyGanS,False,1.646866334939365,0.16583584025452414,2064.1,0,0.0,1.0,1,0.0,1.0,0.0004844726515188218
ShinyLoda,False,1.657753068497872,2.1486376445464117,661.8,0,1.0,0.0,1,0.0,0.0,0.0
ShirtSubstantial368,False,6.838628043477668,2.6639641540276506,272.2,0,0.0,1.0,1,1.0,1.0,0.0036737692872887582
Shivjy,False,0.3156652441152513,1.2194265482277762,1110.0,1,1.0,0.0,1,0.0,0.0,0.0
Shivu_1,False,0.6672575494905,0.11760409676353774,1471.2,0,0.0,1.0,1,0.0,1.0,0.0006797172376291462
ShivyShanky,False,3.0735213586178007,0.3006138567974144,3262.7,0,2.0,0.0,2,0.0,0.0,0.0
Shlok_786,False,3.2983248162847203,1.9315034970377758,214.1,1,0.0,1.0,1,1.0,1.0,0.004670714619336758
ShockAffectionate226,True,1.0396493883023026,0.12062798778861472,841.8,0,0.0,1.0,1,0.0,1.0,0.0011879306248515087
Shoddy_Square_2233,False,1.1839225423014117,0.6712813576363827,2034.7,0,0.0,1.0,1,1.0,1.0,0.00049147294441441
Shoddy_Will9168,False,0.46136724037585136,0.8194409058842373,501.5,1,1.0,0.0,1,0.0,0.0,0.0
Sholly_17,False,1.122781452452785,0.8044296516132353,498.7,0,1.0,0.0,1,0.0,0.0,0.0
Shoot-on-sight,False,4.653548850937505,2.127618902964059,652.8,0,2.0,1.0,1,1.0,0.0,0.0015318627450980394
Short-Imagination311,False,3.2670944871646967,0.3504107624526894,846.8,0,0.0,1.0,1,1.0,0.0,0.0011809163911195087
Short_Ad_3943,False,2.4745020794449606,0.11275039366791598,425.9,1,1.0,2.0,1,0.5,1.0,0.0046959380136182205
Short_Crazy_1124,False,2.201929879472568,0.12034736480375087,442.9,1,0.0,1.0,1,0.0,1.0,0.002257846014901784
Shot-Commission-8569,False,0.7011045831069262,0.9478485722818673,331.7,0,1.0,0.0,1,0.0,0.0,0.0
ShotFactor2070,False,2.065195602474785,0.15612173066557736,1573.0,0,0.0,1.0,1,1.0,1.0,0.0006357279084551812
Shot_Industry8144,False,2.007384888886563,3.1841943589435493,430.8,1,1.0,0.0,1,0.0,0.0,0.0
Shourya51,False,2.9294178870487495,0.014767901308403976,2803.0,0,0.0,1.0,1,1.0,1.0,0.00035676061362825543
Shourya_Narayan,False,0.031117876971900767,0.07410797215372188,411.3,0,0.0,1.0,1,1.0,1.0,0.0024313153415998056
Shower_enjoyer_ha,True,3.408542023984393,0.04641523593411767,279.9,0,0.0,2.0,2,0.0,1.0,0.007145409074669525
ShrekOnSteroid,False,0.650550750678651,0.1814003222746338,472.4,0,0.0,1.0,1,1.0,1.0,0.0021168501270110076
ShrekYourGreenButt,False,2.6100406297593732,0.27357132172351745,554.7,0,0.0,1.0,1,0.0,1.0,0.0018027762754642147
Shrek_4eva,False,0.05716054985041506,0.006514681021193696,2600.9,0,0.0,1.0,1,0.0,1.0,0.0003844822945903341
Shreypgi,False,0.1913313989748268,0.02012876743061379,2613.1,0,0.0,1.0,1,0.0,1.0,0.00038268722972714404
Shubh_Chaklan,False,0.9280904422241499,3.0140814122221875,358.9,0,0.0,1.0,1,0.0,1.0,0.0027862914460852605
Shubham-5434,False,3.3897771065011546,1.350912424273775,45.5,1,0.0,1.0,1,0.0,1.0,0.02197802197802198
Shunzi-Dragon,False,2.1319081805785767,0.3859684449291518,181.0,0,0.0,2.0,1,0.0,1.0,0.011049723756906077
Shuyabu,False,0.6319035553192267,0.0022446698538238553,505.0,1,0.0,1.0,1,1.0,1.0,0.0019801980198019802
SidKillz,False,1.1126511809183621,0.3135541622773762,1494.8,0,0.0,1.0,1,0.0,1.0,0.000668985817500669
SideEye2X,False,3.961118990887218,0.00707891716423689,1136.5,0,0.0,2.0,1,1.0,1.0,0.0017597888253409592
Sidonkey,False,2.0218494196801897,1.1174094703559305,3974.8,0,0.0,1.0,1,1.0,1.0,0.00025158498540807085
SignSilly7350,True,5.620866595757393,0.19957803706574276,140.0,0,0.0,6.0,3,0.6666666666666666,0.8333333333333334,0.04285714285714286
Signal-Fox8156,False,1.294675860547366,1.0786316039776263,747.6,0,1.0,0.0,1,0.0,0.0,0.0
Signal_Astronomer645,True,6.200530525368075,0.38697088950669906,95.0,0,0.0,1.0,1,1.0,1.0,0.010526315789473684
Signal_Golf7381,False,1.0013793576069419,0.001969150619880852,885.0,0,0.0,1.0,1,1.0,1.0,0.0011299435028248588
SignificanChest358,False,4.628849480781452,4.006926805058231,194.1,0,1.0,0.0,1,0.0,0.0,0.0
Significant-Ebb-3384,False,2.889147567254391,0.07657072307331346,1375.9,0,0.0,1.0,1,0.0,1.0,0.0007267970055963369
Significant-Lake-274,False,2.4655648264570553,2.2204230239428138,2056.8,0,1.0,0.0,1,0.0,0.0,0.0
Significant-Plane746,False,2.3451825542055884,0.030022683006250973,605.5,0,0.0,1.0,1,1.0,1.0,0.0016515276630883566
Significant-Sky2898,False,5.38028174921647,2.396020205282318,172.6,0,1.0,0.0,1,0.0,0.0,0.0
Significant-Tree3524,False,0.8372450801465651,0.00430108189939061,177.1,0,0.0,1.0,1,0.0,1.0,0.005646527385657821
Significant-View8743,False,3.82700453941937,0.0015400181202583846,737.7,0,0.0,7.0,3,0.2857142857142857,1.0,0.009488952148569879
SignificantDingo4106,False,1.2954426053912447,0.0006908463141778138,545.5,0,0.0,1.0,1,0.0,1.0,0.0018331805682859762
SignificantWork9057,False,0.04279236200509042,0.8247235383486646,1646.8,0,1.0,0.0,1,0.0,0.0,0.0
SignificantYoung5781,False,0.3656784397188396,0.15900898897833465,1399.8,0,0.0,1.0,1,0.0,1.0,0.0007143877696813831
Significant_Owl_8319,False,1.4617477996097863,1.458390664922709,403.2,0,4.0,0.0,1,0.0,0.0,0.0
Significant_Shop1546,False,1.4367837610422824,0.004056800695614392,1540.0,0,0.0,1.0,1,0.0,1.0,0.0006493506493506494
Significantbtc,False,0.9209775832441166,0.027583316179898655,996.2,1,0.0,1.0,1,0.0,1.0,0.0010038144950813089
SilencedMonk,False,2.50089005435436,0.5745384282298898,781.0,0,0.0,1.0,1,1.0,0.0,0.0012804097311139564
SilentKillerBA,False,0.7019091554024424,0.16723019526107655,2028.3,0,0.0,1.0,1,1.0,1.0,0.0004930237144406646
Silent_Accountant581,False,0.4549824893023908,0.2480959957577162,1459.7,0,1.0,0.0,1,0.0,0.0,0.0
Silent_Ambivert_283,False,3.1898255966557363,2.978302391289494,1126.0,0,2.0,0.0,1,0.0,0.0,0.0
Silent_Buyer7978,False,1.4169242743328923,0.00027214587186609007,1175.9,0,0.0,1.0,1,0.0,1.0,0.0008504124500382685
Silent_Hyena_8277,False,0.2036995666845041,4.442651256490317,287.7,1,1.0,0.0,1,0.0,0.0,0.0
Silent_Spectator_04,False,2.0948578359923724,0.17719550414550353,2223.1,0,0.0,1.0,1,1.0,1.0,0.00044982232018352754
Silent_Torque,False,2.5474150443456995,2.2830664490394184,422.2,0,1.0,0.0,1,0.0,0.0,0.0
Silentthinker_1,False,3.0812484906983104,0.008539964130636013,2036.7,0,0.0,1.0,1,0.0,1.0,0.0004909903274905484
SiliconBarista,False,2.09319561195261,0.9277695885017503,418.8,0,0.0,1.0,1,0.0,1.0,0.002387774594078319
Silly-Age-420,False,1.5055621780438533,1.6471782404169475,269.2,0,0.0,1.0,1,1.0,1.0,0.0037147102526002974
SillyAccountant9908,False,3.404051350376622,0.23889966259471596,211.1,0,0.0,2.0,1,0.5,1.0,0.009474182851729039
SillyCrimsonTree,False,3.90632246996616,3.271071892822529,781.8,0,1.0,0.0,1,0.0,0.0,0.0
Silly_Ad_164,False,1.3001528538107492,0.310075465472537,856.6,0,0.0,1.0,1,1.0,1.0,0.0011674060238150829
Silly_Venus8136,False,0.8559473553967518,0.2657307363482457,1164.3,0,1.0,0.0,1,0.0,0.0,0.0
Sillyintrovert15,False,1.0953220510135913,0.1325375214146684,1298.9,1,0.0,1.0,1,1.0,1.0,0.0007698822080221726
Silver-Somewhere884,False,0.03275460597524727,0.016260520871780308,1832.0,0,0.0,1.0,1,0.0,1.0,0.0005458515283842794
Silver-Speech-8699,False,2.378315428746071,0.6169934648835453,534.5,0,0.0,4.0,1,0.5,1.0,0.007483629560336763
SilverEssay3744,False,0.30547593313742216,0.3132811520301058,1953.7,0,0.0,1.0,1,0.0,1.0,0.0005118493115626759
Silver_Bathroom5587,False,0.6192846448240839,0.32056228608596177,2005.6,0,0.0,1.0,1,1.0,1.0,0.000498603909054647
Similar-Register6025,False,1.6804879488768105,0.8100409320314447,64.1,1,0.0,1.0,1,1.0,1.0,0.015600624024960999
Simon_Drake,False,4.787554894883904,0.33398788261206436,3879.4,0,2.0,1.0,1,0.0,1.0,0.00025777182038459555
Simple_Doggy1994,False,1.1497174166539736,0.3420047541909386,806.1,1,1.0,0.0,1,0.0,0.0,0.0
Simply_Kaif24,False,8.136353849561132,4.134765080000794,167.7,0,2.0,0.0,2,0.0,0.0,0.0
SinOfSloth,False,0.6456944901536532,0.7543711830343298,4137.5,0,1.0,0.0,1,0.0,0.0,0.0
Single_Difference467,False,3.438908443986457,0.18655913393339074,1046.2,0,0.0,1.0,1,0.0,1.0,0.0009558401835213152
Single_Writing_2319,False,3.204417130439613,1.3252000964842723,95.3,0,0.0,1.0,1,0.0,1.0,0.010493179433368312
Singularity252,False,3.7452726777085497,0.16875086034274872,901.9,0,0.0,2.0,2,1.0,0.5,0.002217540747311232
SirCocainalot,False,2.2131537937429715,0.5738120725758511,2107.8,0,0.0,1.0,1,0.0,1.0,0.0004744283138817724
SirDismal7462,False,2.354787250667237,3.9340290856907605,1715.1,0,3.0,0.0,1,0.0,0.0,0.0
SirFartsALot33,False,3.2123410800430916,0.07110194214555988,513.4,0,0.0,2.0,1,1.0,1.0,0.0038955979742890537
Sir_Bebe_Michelin,False,1.4523090666500842,0.13521092708407345,3224.9,0,1.0,0.0,1,0.0,0.0,0.0
Skorpeyo,False,5.308431336740467,1.8398348795718547,338.8,0,2.0,2.0,3,0.5,1.0,0.0059031877213695395
SkullRusher7459,False,2.0641871452658536,1.754283030185157,2264.9,0,0.0,1.0,1,1.0,1.0,0.00044152059693584704
SlaBLister,False,2.713142319339047,1.0399088970295687,222.0,0,0.0,1.0,1,0.0,1.0,0.0045045045045045045
SliceAwkward3739,False,0.0,0.6931471805599453,1122.2,0,0.0,1.0,1,0.0,1.0,0.0008911067545891997
Slight-Coconut-2844,False,0.32319080720868365,0.3024971582369216,710.3,0,0.0,1.0,1,1.0,1.0,0.0014078558355624384
Slight_Management798,False,1.319940133627835,0.05344783444341296,588.0,0,0.0,3.0,1,1.0,1.0,0.00510204081632653
SlinkyAstronaught,False,2.5492106582015133,0.21194885825566762,4677.8,0,1.0,0.0,1,0.0,0.0,0.0
Slow_Ad_7051,False,0.7087279308108194,0.2759258753341201,1748.1,0,1.0,0.0,1,0.0,0.0,0.0
Slow_Experience_6758,False,0.6580363018029017,0.11778303565638346,182.6,0,0.0,1.0,1,1.0,1.0,0.00547645125958379
Slow_Function_5466,False,1.9896302748566104,0.039744089723526395,569.0,0,0.0,1.0,1,1.0,1.0,0.0017574692442882249
Slow_Significance889,False,0.4146911124463512,0.04625101765075567,686.9,1,0.0,1.0,1,0.0,1.0,0.0014558159848595139
Slurpmey,False,4.626345323567814,0.09969840486888441,1085.0,1,1.0,1.0,1,1.0,1.0,0.0009216589861751152
Small-Independence00,False,1.8229557602710995,0.12153124862141215,547.0,1,0.0,1.0,1,1.0,0.0,0.0018281535648994515
SmokeandAshes231,False,2.287151635634975,0.008980314611966434,1049.3,1,0.0,1.0,1,1.0,1.0,0.0009530162965786716
SmolManDan,False,3.1962875805173625,1.9308125848355453,2773.4,0,0.0,1.0,1,0.0,1.0,0.0003605682555707795
Smol_ass_,False,2.960800575974753,0.7860496703850737,276.3,1,1.0,0.0,1,0.0,0.0,0.0
SmooooothOperatorrrr,False,1.7764742163955507,0.12516314295400602,346.1,0,0.0,1.0,1,1.0,1.0,0.0028893383415197916
Smooth-Average6950,False,1.2574196747941622,0.037581834306412924,1928.2,0,0.0,1.0,1,1.0,1.0,0.0005186184005808525
Smooth-Mind4247,False,2.213894799556295,0.07451288792979269,2027.9,0,0.0,2.0,2,0.0,1.0,0.0009862419251442378
SmoothCheesecake69,False,0.801135818624041,0.7537718023763802,2103.3,0,1.0,0.0,1,0.0,0.0,0.0
SmoothLawyer4,True,2.1063911320874076,0.12487179191556781,887.3,0,0.0,1.0,1,1.0,1.0,0.0011270145384875466
SnafuJuants,False,3.0205735263723987,0.7316162893100809,1066.5,0,0.0,1.0,1,0.0,1.0,0.0009376465072667605
SnarkyBustard,False,3.140781354758818,0.16860050061584272,1952.0,0,0.0,4.0,3,0.5,1.0,0.0020491803278688526
Snehrajbhardwaj,False,4.072193747791059,2.5382671572479434,490.4,0,1.0,0.0,1,0.0,0.0,0.0
Snoo-82055,False,0.12833687491181955,1.0754707601064153,2176.2,0,1.0,0.0,1,0.0,0.0,0.0
Snoo19285,False,1.3127717997980408,0.0208251222727898,2160.9,0,0.0,1.0,1,0.0,1.0,0.0004627701420704336
Snoo68427,False,1.8060479986077649,2.065971193806516,2159.9,0,0.0,1.0,1,1.0,1.0,0.0004629843974258067
Snoo81962,False,1.0041713500029954,0.23075224707904876,2154.2,0,0.0,4.0,1,0.5,1.0,0.0018568378052177144
SnooCats5309,False,1.5244893773623593,0.3596344777208561,2166.0,0,1.0,0.0,1,0.0,0.0,0.0
SnooCauliflowers6134,False,0.7399062641584137,0.01013001395401768,2081.7,0,0.0,1.0,1,1.0,1.0,0.00048037661526636886
SnooComics9938,False,3.31819313218217,0.05178358524348254,1985.2,0,1.0,1.0,1,1.0,1.0,0.0005037275841225066
SnooDoodles4111,False,1.1862310441096184,0.254441874145101,2171.7,0,1.0,1.0,2,0.0,1.0,0.0004604687571948244
SnooHamsters5737,False,0.14534509716306407,0.26236426446749106,2154.2,0,0.0,1.0,1,1.0,1.0,0.0004642094513044286
SnooOwls7646,False,0.5858842039843266,0.12396509832847659,2163.0,0,0.0,1.0,1,0.0,1.0,0.0004623208506703652
SnooPets8873,False,5.131132516595709,0.017170354827397035,2138.6,0,0.0,1.0,1,0.0,1.0,0.00046759562330496587
SnooSeagulls945,False,1.477843219138036,0.00014820303843354502,1994.1,0,0.0,1.0,1,1.0,1.0,0.0005014793641241664
SnooShortcuts2108,False,0.2470371718212656,0.27917138278387227,2223.2,0,0.0,1.0,1,0.0,1.0,0.0004498020870816841
Snoo_37953,False,3.0779311819120756,0.555327997686749,2182.4,0,0.0,3.0,2,0.6666666666666666,0.3333333333333333,0.0013746334310850439
Snoo_46473,False,1.8719222185632534,0.04270110562753016,2178.6,0,1.0,0.0,1,0.0,0.0,0.0
Snoron,False,3.3407483641628404,0.02947485576855225,7009.7,0,0.0,1.0,1,1.0,1.0,0.00014265945760874216
SnowStark7696,False,2.6015838576196524,0.1525365458574915,1206.4,0,0.0,1.0,1,0.0,1.0,0.0008289124668435013
SnowyChicago,False,1.6188655246264083,0.03159919739819346,2398.6,0,0.0,1.0,1,1.0,1.0,0.0004169098640873843
SnuggleScroll,False,2.5762843358231184,0.3097471441519301,495.3,0,0.0,2.0,1,1.0,0.5,0.004037956793862305
Social_Giant,False,2.6207895373484162,1.42543740738641,1050.4,0,0.0,1.0,1,0.0,1.0,0.0009520182787509519
SoftEducator0001,False,1.5446127775435792,1.5404450409471488,432.7,0,0.0,2.0,2,1.0,1.0,0.004622140050843541
SoftStill1675,False,1.2792150879716877,0.16680707959830654,1844.0,0,0.0,1.0,1,1.0,1.0,0.0005422993492407809
Soft_Body_6995,False,2.188222068920835,0.0008107013009888254,934.8,0,0.0,1.0,1,1.0,1.0,0.001069747539580659
Soft_Stranger3954,False,5.216588455423487,2.3978952727983707,34.5,1,0.0,2.0,1,1.0,1.0,0.057971014492753624
Soggy_Explanation208,False,0.8095468988011069,1.5853667283386605,723.4,0,1.0,0.0,1,0.0,0.0,0.0
Soggy_Writing_3912,False,1.7990608215179582,0.01531216586696875,887.0,0,0.0,2.0,1,0.5,1.0,0.002254791431792559
Soja_cat_0_0,False,0.9177044384860772,0.20688303044242945,607.9,0,0.0,1.0,1,1.0,1.0,0.0016450074025333116
Solace_seeker123123,False,3.2845182092278793,0.43126211839391804,456.1,0,0.0,1.0,1,1.0,1.0,0.0021925016443762333
Solid-Analysis-653,False,0.33109064694553697,1.5735059032080372,1251.0,0,0.0,1.0,1,0.0,1.0,0.0007993605115907274
SolidInstance9945,False,2.9631293451187344,0.009183738016014329,1930.5,0,0.0,1.0,1,1.0,1.0,0.000518000518000518
SolutionMedical6814,False,0.2732047606045127,2.1886408336448278,1104.5,0,1.0,0.0,1,0.0,0.0,0.0
Some-Ant-4175,False,2.2902302748265457,1.4108756889273297,1113.3,0,1.0,0.0,1,0.0,0.0,0.0
Some-Return6509,False,0.08478875925259013,0.5623075796011341,2090.7,0,1.0,0.0,1,0.0,0.0,0.0
SomethingAndAnything,False,3.8563178373105518,1.2826413378639019,2215.9,0,0.0,2.0,2,0.5,1.0,0.0009025678054063811
Sometimesiread_books,False,1.0926871434045948,0.33918447045093253,1862.0,0,1.0,0.0,1,0.0,0.0,0.0
SomewhereJust5265,False,3.508659075108291,0.002478505598518352,2019.6,0,0.0,1.0,1,1.0,1.0,0.0004951475539710835
SomewhereWise4565,False,0.5316795321958044,0.9733283654736042,2080.4,0,1.0,0.0,1,0.0,0.0,0.0
Son_Chidi,False,4.456622501486276,0.012083517428476366,730.0,0,0.0,5.0,3,0.8,1.0,0.00684931506849315
SoopTee,False,0.9869537604385222,0.5476609208963418,579.9,0,0.0,2.0,2,0.5,1.0,0.0034488704949129164
Soumya1704,False,0.186632283512689,1.6114766491239487,2388.1,0,1.0,0.0,1,0.0,0.0,0.0
SoumyaSamanta,False,0.6596796085168738,1.03154532117718,2113.1,0,0.0,1.0,1,1.0,1.0,0.00047323837016705316
South-Fisherman-2189,False,1.0252688571582917,1.405235649954071,1609.2,0,1.0,0.0,1,0.0,0.0,0.0
South-Net8904,False,1.0339184357674696,0.43369716773571365,772.6,0,0.0,1.0,1,1.0,0.0,0.0012943308309603934
South-Obligation-289,False,1.3573896847674614,1.4008779529189828,1339.9,0,0.0,1.0,1,0.0,1.0,0.000746324352563624
Southern-Paint-8579,False,0.6143350468463546,0.0885995792519989,944.1,0,0.0,1.0,1,0.0,1.0,0.0010592098294672173
Southern-Trip-6972,False,0.3068493008710149,0.20893520531204463,824.2,0,0.0,1.0,1,0.0,1.0,0.0012132977432661974
Southern_Leader_8098,False,2.3697501839447295,1.53468756977453,1077.7,0,0.0,1.0,1,0.0,1.0,0.0009279020135473694
Southern_Prior7493,False,1.135672158771313,0.8924994842688382,716.9,0,1.0,0.0,1,0.0,0.0,0.0
Southern_lonlyWolf,False,2.3810740183082273,0.2542407838077039,403.3,0,0.0,1.0,1,0.0,1.0,0.002479543763947434
SoyAmable,False,4.794027428545853,0.15294635454730482,666.2,0,2.0,4.0,3,0.25,1.0,0.006004202942059441
Spacegeek269,False,3.246804235783225,0.38440281511481916,1138.9,0,0.0,2.0,2,0.0,1.0,0.0017560804284836244
SpaceyDude_,False,0.08386513355845208,0.5298221244566458,1406.0,0,0.0,1.0,1,0.0,1.0,0.0007112375533428165
Spare-Lawyer-8592,False,2.1124324803496997,0.08387039264913218,930.2,1,0.0,1.0,1,0.0,1.0,0.0010750376263169211
Spare-Okra3708,False,0.19858000849214774,0.1855525773754011,1688.9,0,0.0,1.0,1,0.0,1.0,0.0005921013677541595
Spare_Database6176,False,0.7651468195339048,0.12516314295400602,398.5,0,0.0,1.0,1,1.0,1.0,0.002509410288582183
Sparky-0_0,False,1.2245876927770374,0.5537220608862754,2041.4,0,0.0,1.0,1,0.0,1.0,0.0004898599000685804
Sparky-moon,False,8.25137300761031,2.127794261734083,197.9,0,2.0,0.0,2,0.0,0.0,0.0
Sparrowish_8042,False,0.17492214653858906,0.26684798554893896,1982.7,0,0.0,1.0,1,0.0,1.0,0.0005043627376809402
SpecialOil1341,False,7.00287516584047,1.9419728034478898,107.5,0,1.0,3.0,3,1.0,1.0,0.027906976744186046
Specialist-Aerie-327,False,2.200019742308549,0.5502101057871762,913.0,0,0.0,3.0,1,0.6666666666666666,1.0,0.0032858707557502738
Specialist-Carrot210,False,0.3526588742838424,0.15178661253237774,1996.0,0,0.0,1.0,1,0.0,1.0,0.000501002004008016
Specialist-Tailor165,False,2.0885625921264324,0.03883480489310198,556.6,0,0.0,1.0,1,1.0,1.0,0.0017966223499820337
SpecialistOne649,False,1.0790792160828886,0.0011757790890119962,437.7,0,0.0,2.0,1,0.0,1.0,0.004569339730408956
SpecialistPopular,False,1.9865954995873012,0.04789559906823577,2086.9,0,0.0,3.0,1,0.3333333333333333,1.0,0.0014375389333461115
Specialist_Client596,False,0.03781028593814444,4.174387269895637,1323.5,0,1.0,0.0,1,0.0,0.0,0.0
Specialist_Income_31,False,4.114279847694458,0.021993368705029732,1556.8,0,0.0,1.0,1,0.0,1.0,0.0006423432682425488
Specialist_Meaning73,False,1.446730638809149,6.995079107153812,1343.1,0,2.0,0.0,1,0.0,0.0,0.0
Specialist_Public_88,False,0.3085797290862895,0.46898891581518903,2177.1,0,0.0,1.0,1,1.0,1.0,0.00045932662716457675
Specialist_Screen433,False,0.01826868490895124,0.18232155679395465,271.2,0,0.0,1.0,1,1.0,1.0,0.003687315634218289
Specific_Direction25,True,1.8178065323089805,0.15728269237611864,382.1,0,0.0,1.0,1,1.0,1.0,0.0026171159382360636
Specific_Tower_6320,False,2.805770651918816,0.9485012374316323,953.1,0,0.0,1.0,1,1.0,1.0,0.0010492078480747035
Spectator7778,False,4.7561256371753515,1.805070442923045e-05,480.5,0,0.0,11.0,2,0.6363636363636364,0.9090909090909091,0.022892819979188347
SpiceLevel-Regret,False,2.2445706979334177,0.15063161461206256,302.5,0,0.0,1.0,1,0.0,1.0,0.003305785123966942
SpideRishi,False,0.4500962987261942,1.5101779133682716,2746.0,0,0.0,1.0,1,0.0,1.0,0.0003641660597232338
SpiderStingerr,False,0.5177045562000587,0.5485395905209302,2149.9,0,1.0,0.0,1,0.0,0.0,0.0
Spidey_JD,False,4.440631381685018,0.8111455372902426,457.1,0,3.0,0.0,1,0.0,0.0,0.0
Spirited-Top1217,False,0.23565117243903558,0.004175371410480636,899.4,0,0.0,1.0,1,0.0,1.0,0.0011118523460084502
Spirited_Ad_1032,False,2.2889318560541456,0.02911199736700963,1946.1,0,0.0,5.0,2,0.2,1.0,0.002569241046194954
Spirited_Savings_389,False,0.10101959314733719,0.4324209180966927,1759.2,0,0.0,1.0,1,0.0,1.0,0.0005684402000909505
Spirited_Trouble6412,False,2.186862694717503,0.17369911736986846,1407.7,0,0.0,1.0,1,0.0,1.0,0.0007103786318107551
Spiritspeaker455666,False,2.3580911991289146,0.020578223656892727,636.0,1,0.0,4.0,2,0.25,1.0,0.006289308176100629
Spiritual-Age6318,False,3.6816351859536134,1.5280422742301063,80.7,0,1.0,0.0,1,0.0,0.0,0.0
Spiritual-Box-9779,False,2.058636249650336,0.7308432754343035,763.1,0,0.0,1.0,1,1.0,1.0,0.0013104442405975625
Spiritual-Fox9778,False,4.702224270868309,0.09086272009022674,259.9,0,1.0,2.0,2,0.5,1.0,0.007695267410542517
Spiritual-Meringue1,False,0.5313126827426158,0.010030174359937315,713.1,0,0.0,1.0,1,1.0,1.0,0.0014023278642546627
SpiritualExtreme2659,False,2.8723158749633164,1.8071372618399526,978.3,0,3.0,0.0,2,0.0,0.0,0.0
SpiritualOven2646,False,1.7955121501733686,0.14682592504505756,753.6,0,0.0,1.0,1,1.0,1.0,0.001326963906581741
SpiritualWillow3762,False,3.4136999612250714,0.01600034134644113,25.7,0,0.0,1.0,1,0.0,1.0,0.038910505836575876
Spiritual_Flan_6395,False,1.898425962387005,0.0007742185618513097,1821.2,0,0.0,1.0,1,1.0,1.0,0.0005490885130683066
Spiritual_Serve8024,False,1.3319056136692553,0.8965107031926812,933.2,0,0.0,1.0,1,1.0,0.0,0.0010715816545220746
Spiritwarrior1124,False,1.926451674551724,0.32043548596126536,624.2,0,0.0,1.0,1,0.0,1.0,0.0016020506247997435
Spirox_2707,False,4.488835104768519,1.5608877863072927,712.3,0,2.0,2.0,3,0.5,1.0,0.002807805699845571
Spray_and_prey,False,0.7054882550443087,0.09731825064788627,2577.0,0,0.0,2.0,1,0.0,1.0,0.0007760962359332557
SprinklesSoft7387,False,0.5508033952371223,0.25044768933173767,1792.7,0,0.0,1.0,1,0.0,1.0,0.0005578178167010654
Square-Effective8720,False,1.628709393918271,0.13233330941411894,1395.8,0,0.0,1.0,1,0.0,1.0,0.0007164350193437455
Square-Sock5411,False,1.3366011133401012,0.0032701140978974026,1091.2,0,0.0,1.0,1,0.0,1.0,0.0009164222873900293
Square_Humor_4704,False,0.18571714579509285,0.3022808718729336,107.8,0,1.0,0.0,1,0.0,0.0,0.0
Square_Minute9068,False,1.096928619854018,0.9599823913722033,673.7,0,1.0,2.0,2,1.0,1.0,0.0029686804215526197
SquashClassic8920,False,3.4171403097124444,4.688529067396146,324.4,0,1.0,0.0,1,0.0,0.0,0.0
SquirrelThat9009,False,2.3269902976427943,0.5066543991263159,543.2,1,1.0,0.0,1,0.0,0.0,0.0
Sr_11_10,False,3.37799582214162,0.0007547170169558345,93.6,0,0.0,2.0,1,0.5,0.5,0.021367521367521368
Srikanth_srik,False,0.825585837346757,2.5312112178296866,2065.9,0,1.0,0.0,1,0.0,0.0,0.0
StArGaZeR299792458,False,0.18733062514872179,0.5022172492293905,1679.4,0,0.0,1.0,1,1.0,1.0,0.0005954507562224604
StableCommercial7997,False,0.0005394907338445121,0.6931471805599453,1853.1,0,0.0,1.0,1,0.0,1.0,0.0005396362851438131
Standard_Feature_680,True,0.6291423679816573,0.06859831634275228,412.1,0,0.0,1.0,1,0.0,1.0,0.002426595486532395
Star_kid9260,False,1.9501344518554609,0.04979270458865833,1464.6,0,0.0,1.0,1,1.0,1.0,0.0006827802813054759
StarkAndRobotic,False,3.6882212182096845,0.021634012964491165,1056.2,0,0.0,5.0,2,0.8,1.0,0.004733951903048665
Starkcasm,False,2.794620101344975,0.22434334385360818,3625.0,0,0.0,1.0,1,0.0,1.0,0.00027586206896551725
Starlinkboy,False,1.2447094123702434,0.14909590916563423,2155.0,0,0.0,1.0,1,0.0,1.0,0.0004640371229698376
Starman__10,False,0.06700935454102029,1.2992829841302609,2048.9,0,1.0,0.0,1,0.0,0.0,0.0
Status_Armadillo_654,False,2.967432477182149,3.023708310022159,1232.3,0,2.0,0.0,1,0.0,0.0,0.0
SteamXpc,False,1.1414476119290713,0.36358741385935583,3268.9,0,0.0,1.0,1,0.0,1.0,0.0003059133041695983
SteampunkStarboy,False,1.7272729894113041,0.005710675418050129,683.2,0,0.0,1.0,1,1.0,0.0,0.0014637002341920374
StepNeighbour,False,3.7414889746442137,2.3614635031854943,1650.7,0,1.0,0.0,1,0.0,0.0,0.0
SteveInfinty,False,0.5875128482566796,1.2181188508828416,1542.2,0,0.0,1.0,1,1.0,1.0,0.0006484243288808196
StewartLittle_7030,False,2.8900308681706885,2.7635115040886644,309.7,0,1.0,0.0,1,0.0,0.0,0.0
StfuBlokeee,False,2.842575082430319,7.979253943990193e-05,775.5,1,0.0,1.0,1,1.0,1.0,0.0012894906511927789
Stifffmeister11,True,4.684704728639768,0.18993696613931038,1061.1,0,0.0,3.0,3,0.3333333333333333,1.0,0.0028272547356516823
Still-Egg5063,False,0.00417362876292849,0.6931471805599453,239.1,0,0.0,1.0,1,0.0,1.0,0.004182350480970306
Still-Guava8019,False,0.0483770263821056,0.017699577099400916,1129.8,0,0.0,1.0,1,1.0,1.0,0.0008851124092759781
Still-Voice2605,True,2.802129611520402,0.002383791355276259,54.2,0,0.0,1.0,1,0.0,1.0,0.01845018450184502
Still_Chemistry3813,False,1.585795123719729,5.892748574168825,933.0,0,1.0,0.0,1,0.0,0.0,0.0
Stillwatergirl,False,1.6685067877198836,0.17595399006629175,2822.1,0,0.0,1.0,1,0.0,1.0,0.00035434605435668475
Stochastic-Calculus,False,4.844315111039486,2.5699067983720667,36.9,1,1.0,0.0,1,0.0,0.0,0.0
Stock_Cherry9808,False,1.9373549399467342,0.14327066617653192,1143.7,0,0.0,1.0,1,0.0,1.0,0.0008743551630672378
StomachNo2061,False,1.4927293222272473,0.4964999877494697,327.9,0,0.0,1.0,1,0.0,1.0,0.0030497102775236353
StonedArtemis,False,0.8865224462720466,0.19119286512048494,2411.9,0,0.0,1.0,1,0.0,1.0,0.0004146108876819105
StopthinkingitsMe,False,7.542138820091068,9.681907841333072e-05,383.6,0,0.0,1.0,1,1.0,1.0,0.0026068821689259644
StoreBeautiful1492,False,3.4786129084599082,0.03713787974789623,516.0,0,0.0,2.0,2,0.5,1.0,0.003875968992248062
StormMeDaddy,False,0.6920027180722332,2.2034941903498146,1923.4,0,1.0,0.0,1,0.0,0.0,0.0
StorySammler,False,1.1119596778935072,0.7260448840670043,605.3,0,1.0,0.0,1,0.0,0.0,0.0
Straight-Anybody7120,False,1.4961674621528935,0.7557177068627497,370.9,0,1.0,0.0,1,0.0,0.0,0.0
Straight-Economist98,False,1.2135671538805437,0.2994142230753174,1836.0,0,0.0,1.0,1,0.0,1.0,0.0005446623093681918
Straight-Example9126,False,3.572664922221048,0.0012673641238134465,2030.2,0,0.0,1.0,1,0.0,1.0,0.0004925623091321052
Straight-Hippo3459,False,2.442977329377195,0.009451384767850218,1689.5,0,0.0,1.0,1,0.0,1.0,0.0005918910920390648
Straight-Tune5602,False,0.3939859533606179,0.12155520157780693,341.7,0,0.0,1.0,1,1.0,1.0,0.00292654375182909
Straight_Airline_640,True,1.0761971878768544,0.06322647196618772,472.2,0,0.0,1.0,1,0.0,1.0,0.002117746717492588
Strange-Ad3658,False,0.20114648531127297,0.49195713946160785,1566.4,0,1.0,0.0,1,0.0,0.0,0.0
StrangeDurian3474,False,0.9445977418715253,0.049787399191561964,1754.7,0,0.0,1.0,1,1.0,1.0,0.0005698979882601014
Strange_Ask_7494,False,0.49134560767745944,0.0011204482964896694,1405.8,0,0.0,1.0,1,1.0,1.0,0.0007113387395077536
Strange_Watercress48,False,1.2001394206629021,0.000511901726049116,841.6,0,0.0,1.0,1,1.0,1.0,0.001188212927756654
Stranger_in_Basement,False,4.207971549755123,0.5349645980156847,204.5,0,5.0,1.0,2,1.0,1.0,0.004889975550122249
Street_Bed_1393,False,2.002194370654579,0.2566403697662114,1868.3,0,1.0,1.0,2,1.0,1.0,0.0005352459455119627
Street_Buddy6875,False,2.090845937052684,0.9952991560009833,192.9,0,1.0,0.0,1,0.0,0.0,0.0
Street_Debt2403,False,1.9216970519858647,0.030295980102325006,844.4,0,0.0,1.0,1,0.0,1.0,0.0011842728564661299
StressExpress1999,False,3.3475760965627037,0.007021092031916561,437.6,0,0.0,2.0,1,1.0,1.0,0.004570383912248629
StretchTurbulent7525,False,0.8420998791403962,0.1966869817773793,1410.8,0,0.0,1.0,1,0.0,1.0,0.0007088176920895946
Strict-Transition119,False,0.08164574535071328,0.01612938192988363,1457.6,0,0.0,1.0,1,0.0,1.0,0.0006860592755214051
Strict-Waltz-6446,False,1.8835258927887182,0.21976131660373854,568.8,0,0.0,2.0,1,0.5,1.0,0.003516174402250352
Strict_Shoe_8404,False,1.6696925881481115,0.4227222092189415,725.2,0,0.0,1.0,1,0.0,1.0,0.0013789299503585218
Strike_Package,False,1.5614411305648577,0.14659328025217244,1370.8,0,0.0,1.0,1,0.0,1.0,0.0007295010213014298
Strikhedonia_1697,False,3.6116396942021987,0.30543184779096516,1145.4,0,0.0,4.0,2,0.25,1.0,0.0034922297887200974
StrikingPea,False,1.9046755710207166,0.5461456810817901,2476.2,0,0.0,1.0,1,1.0,1.0,0.00040384460059769006
StrikingPhilosopher6,False,0.470115508792799,0.08167803101426718,2122.7,0,0.0,1.0,1,0.0,1.0,0.000471098129740425
Striking_Foot_9501,False,2.312842582567497,0.9462889277595501,618.8,0,1.0,0.0,1,0.0,0.0,0.0
Striking_Travel_6151,False,1.2691130444463805,0.33511722286375334,576.3,0,0.0,1.0,1,0.0,1.0,0.001735207357279195
Strong-Light-8382,False,2.234709280835983,0.42043087962128384,415.4,0,1.0,0.0,1,0.0,0.0,0.0
StrongAd8833,False,1.0852315608072105,0.23175022263454148,862.7,0,0.0,1.0,1,0.0,1.0,0.001159151501101194
StrongBlackberry1992,False,1.9110622932281467,0.40123677199864327,450.5,0,0.0,1.0,1,1.0,1.0,0.0022197558268590455
StrongSarah,False,2.416168427553518,0.07317027338601707,1759.9,0,0.0,1.0,1,0.0,1.0,0.0005682141030740383
Strong_008,False,1.7489944834130386,1.9653814061326182,698.7,1,0.0,1.0,1,0.0,1.0,0.001431229426077
Strong_College_5420,False,0.4221293941495649,0.05491575759611468,995.8,0,0.0,1.0,1,0.0,1.0,0.001004217714400482
Strong_Wasabi216,False,2.256896774503264,0.08999368232584046,1513.2,0,0.0,1.0,1,1.0,1.0,0.0006608511763150938
StudiousDolphin999,True,2.482961123882509,0.2201639099771146,68.6,0,0.0,1.0,1,0.0,1.0,0.01457725947521866
Stunning-Bit1252,False,0.18778593370645963,0.3250378589955498,1931.5,0,0.0,1.0,1,0.0,1.0,0.0005177323323841574
Stunning-School8343,False,2.6783389804249835,0.001603528104670578,1104.5,0,0.0,1.0,1,0.0,1.0,0.0009053870529651426
Stunning_Roll9030,False,1.0954234528983293,0.13133600206108695,1109.8,0,0.0,1.0,1,0.0,1.0,0.0009010632546404758
Stunningunipeg,False,2.6527049110200904,0.04318501810217553,1128.0,0,0.0,2.0,2,0.5,1.0,0.0017730496453900709
StupidNoobyIdiot,False,2.571218584403632,0.12225561293656316,2615.1,0,0.0,2.0,2,1.0,1.0,0.0007647891094030822
SturdyBirdyy,False,3.296603868977958,0.22278172875837965,1486.7,0,0.0,1.0,1,0.0,1.0,0.0006726306585054147
StylishSoul414,False,1.6594483330087617,0.07676401621183813,429.0,0,0.0,1.0,1,1.0,1.0,0.002331002331002331
Subject-Confidence-7,False,1.480563119511796,0.2564863469501602,2152.9,0,0.0,1.0,1,1.0,1.0,0.00046448975800083604
Subject-Produce-9103,False,0.001955703943150584,0.22314355131420976,2043.3,0,0.0,1.0,1,0.0,1.0,0.0004894043948514658
SubjectRice9419,False,5.388883861757131,2.644151584137002,63.2,0,1.0,0.0,1,0.0,0.0,0.0
Subject_Sun8277,False,0.8967461358011849,0.3613697882429401,1680.2,0,0.0,1.0,1,0.0,1.0,0.0005951672419950006
Submissive_Brownie,False,0.49375771525384266,0.011976191046715693,130.0,0,0.0,1.0,1,0.0,1.0,0.007692307692307693
Substantial-Army-938,False,0.1968507075293815,0.016970104218461537,1907.5,0,0.0,1.0,1,1.0,0.0,0.0005242463958060288
Substantial-Bed-2735,True,0.16229594721674928,0.008163310639160938,1390.4,0,0.0,1.0,1,1.0,1.0,0.00071921749136939
Substantial-Crab24,False,2.5167807768704553,0.9125851343361814,815.9,0,0.0,1.0,1,0.0,1.0,0.0012256403971074887
Substantial-Event22,False,1.9999297763935469,0.34781149989430876,868.9,0,0.0,1.0,1,1.0,1.0,0.0011508804235239958
Substantial-Pitch-16,False,0.35568739043694003,3.129547716741423,1175.2,0,2.0,0.0,1,0.0,0.0,0.0
Substantial-Two-601,False,0.44679199295496025,0.7207853033800736,1235.6,0,1.0,0.0,1,0.0,0.0,0.0
SubstantialAct4212,False,4.84421841364462,0.00951764962268164,804.3,1,0.0,7.0,4,0.2857142857142857,1.0,0.008703220191470845
SubstantialAd1027,False,2.662710966775791,1.140748228123995,2077.3,0,0.0,1.0,1,1.0,1.0,0.00048139411736388576
SubstantialJunket393,False,1.9432831773169201,0.6639821971419989,457.4,0,1.0,1.0,1,1.0,1.0,0.002186270222999563
Substantial_Judge1,False,2.00862662292294,0.020114996995420152,1081.5,0,0.0,1.0,1,1.0,1.0,0.0009246417013407304
Substantial_Owl_5056,False,0.8460970001674343,0.007275872029051298,1761.7,0,0.0,1.0,1,1.0,1.0,0.0005676335357892944
Successful-Cat8608,False,0.3984852139987474,0.001819836716985971,1121.4,0,0.0,1.0,1,1.0,1.0,0.0008917424647761726
Successful-Hippo9679,False,3.505913953104677,0.3209291024503379,2151.5,0,0.0,5.0,2,0.6,1.0,0.0023239600278875203
Successful-Try-1986,False,1.0141883104618756,0.09149234042466584,1249.2,0,0.0,1.0,1,0.0,1.0,0.0008005123278898495
Successful-War4506,False,2.129688921945817,1.7180623265448007,703.7,0,2.0,1.0,1,1.0,1.0,0.0014210601108426886
Successful_Choice310,False,1.0379421035756673,0.5746990301467512,365.8,0,1.0,0.0,1,0.0,0.0,0.0
Successful_Cow_8713,False,4.1531751534249715,0.003902369325966071,418.1,0,0.0,3.0,2,0.0,1.0,0.007175316909830184
Successful_Gate4678,False,2.512441645673444,0.014068610905225898,1629.2,0,0.0,1.0,1,1.0,1.0,0.0006137981831573779
Successful_Size_638,False,1.9864171333351308,0.04610291448181766,508.0,0,0.0,1.0,1,1.0,1.0,0.001968503937007874
Successful_Village92,False,0.46698055253500176,0.41462148339415067,1933.9,0,0.0,1.0,1,0.0,1.0,0.0005170898185014737
Such-Calendar-3784,False,0.15696706569673166,0.010050335853501442,582.5,0,0.0,1.0,1,1.0,1.0,0.0017167381974248926
Such-Emu-1455,False,2.837560237538696,0.03283023720512783,1847.2,0,0.0,7.0,6,0.5714285714285714,0.5714285714285714,0.0037895192724122996
Such-Professor6228,False,2.1227806907101128,0.005077324546940083,295.2,0,0.0,2.0,1,0.5,1.0,0.006775067750677507
Such-Rent7481,False,2.6340886484026997,3.23364572890977,1302.8,0,5.0,0.0,1,0.0,0.0,0.0
SuchBluebird409,False,2.0529379003479424,0.03795025247254443,1834.7,0,0.0,2.0,1,0.5,0.5,0.0010900964735379081
Sufficient-Ad8825,False,3.403397865586772,0.4228919214767181,2116.9,0,0.0,1.0,1,1.0,1.0,0.0004723888705182106
Sufficient-Dig1028,False,1.9307662177404707,0.8197099038683746,193.9,0,1.0,0.0,1,0.0,0.0,0.0
SufficientClue6386,False,2.4582696292859065,0.35667494393873234,346.2,0,1.0,1.0,1,0.0,1.0,0.0028885037550548816
SufficientPangolin41,False,1.1838221241145506,0.05513491580276631,1882.8,0,0.0,1.0,1,1.0,1.0,0.0005311238580837051
Sufficient_Future_87,False,4.513607724275287,0.40355328096674614,579.0,0,2.0,1.0,1,1.0,1.0,0.0017271157167530224
Sugadevan,False,1.0016981238843792,0.00012239153065887122,4742.0,0,0.0,1.0,1,0.0,1.0,0.00021088148460565162
Sugar_without_G,False,1.010933258203611,1.1057636898257348,721.9,0,1.0,0.0,1,0.0,0.0,0.0
SuggestionQuick6838,False,0.10756745293399787,0.009049835519917906,968.6,0,0.0,1.0,1,0.0,1.0,0.0010324179227751394
Sui404,False,0.3885484631293991,0.1496978552066233,2042.8,0,0.0,1.0,1,0.0,1.0,0.0004895241824946152
SuitableTelevision46,False,2.1366797735347527,0.3431078927690963,522.0,0,0.0,1.0,1,0.0,1.0,0.0019157088122605363
Suitable_Bid7761,False,1.7922519587726067,0.05503006435748407,507.5,0,0.0,1.0,1,0.0,1.0,0.0019704433497536944
Suitable_Chart_4569,False,0.008261778652311116,0.18232155679395465,602.7,0,0.0,1.0,1,0.0,1.0,0.0016592002654720424
Sujiiimon,False,0.12565420645499684,0.01069528911674796,694.6,0,0.0,1.0,1,1.0,1.0,0.0014396775122372588
Suku23,False,1.6391823132573795,1.2766733253621325,3012.8,0,1.0,0.0,1,0.0,0.0,0.0
Sulla-hunter,False,3.852409340312645,0.016449718966010787,272.5,1,0.0,1.0,1,0.0,1.0,0.003669724770642202
SunQuest7,False,0.2441096458736875,0.021053409197832343,343.6,0,0.0,1.0,1,0.0,1.0,0.0029103608847497087
Sunday-ke-Sunday,False,0.5285320139915606,0.1348574768925794,772.5,0,0.0,1.0,1,0.0,1.0,0.0012944983818770227
Sunnysideup1311,False,2.9686825907764334,0.10766838651832854,65.2,1,0.0,1.0,1,1.0,1.0,0.015337423312883436
SunshineFlames,False,0.7602134687124629,0.4879529620999993,3415.2,0,1.0,1.0,1,1.0,1.0,0.0002928086202857812
Super-Anteater4414,False,0.9285756512520414,0.1931641148721143,1974.0,0,0.0,1.0,1,0.0,1.0,0.0005065856129685917
Super-Design8877,False,0.042810869660929306,0.015037877364540516,1508.9,0,0.0,1.0,1,0.0,1.0,0.0006627344423089668
Super-Sea-4131,False,1.2887123425362033,0.0197129452190827,1442.1,0,0.0,1.0,1,0.0,1.0,0.0006934331877123639
Super-Writing4925,False,1.1364293584990917,0.000978952598984188,482.6,0,0.0,1.0,1,1.0,1.0,0.0020721094073767096
SuperRun5667,False,2.6113737853022503,3.5414031477160655,1518.1,0,1.0,0.0,1,0.0,0.0,0.0
SuperSam212,False,3.0056331552893405,1.2336992002108207,2082.4,0,7.0,3.0,2,1.0,1.0,0.0014406454091432962
SuperStarChitti,False,0.9650853871254214,0.000580214695708785,1060.3,0,0.0,1.0,1,0.0,1.0,0.0009431293030274451
Superb-Act-7758,False,0.14217166784639026,0.0038240964384034432,1708.4,0,0.0,1.0,1,1.0,1.0,0.0005853430110044485
SupplementsCausedCKD,False,0.028321248061359005,0.03774032798284703,905.1,0,0.0,1.0,1,0.0,1.0,0.0011048502927853276
SupremeLordAlmighty,False,0.4777786512621015,2.5427262206768266,2178.0,0,0.0,1.0,1,1.0,1.0,0.0004591368227731864
Sure-Ad-6739,False,0.0122898124652134,1.0296194171811583,1051.3,0,1.0,0.0,1,0.0,0.0,0.0
Sure-Tax107,False,1.2225587014339856,0.29475025910885305,967.5,0,0.0,1.0,1,0.0,1.0,0.0010335917312661498
SureOps30,False,1.0450057972729747,0.0653687411935602,522.4,0,0.0,1.0,1,1.0,1.0,0.0019142419601837673
Sure_Diet4975,False,2.5805831575892677,0.8552605915739426,843.6,0,1.0,0.0,1,0.0,0.0,0.0
Sure_Plankton2475,False,0.16174370109245245,0.8708283577973978,729.1,0,1.0,0.0,1,0.0,0.0,0.0
SurgStriker,False,0.6096709822432108,0.47301840391382544,1976.6,0,0.0,1.0,1,0.0,1.0,0.0005059192552868563
Suryansh-Raghuvanshi,False,1.6096173490037546,0.24124359295782768,1114.5,0,0.0,2.0,1,0.5,1.0,0.001794526693584567
Suspicious-Air1997,False,2.5634050074601076,1.4757851900351022,1375.8,0,1.0,0.0,1,0.0,0.0,0.0
Suspicious-Bee8036,False,2.170174813686409,0.07476335520118103,1255.7,0,0.0,1.0,1,0.0,1.0,0.000796368559369276
Suspicious-Trust-720,False,0.7016416490868405,0.6021955968269921,2115.9,0,2.0,0.0,1,0.0,0.0,0.0
Suspicious_Code1493,False,0.4748903633690994,0.8557305409716951,1500.4,0,1.0,0.0,1,0.0,0.0,0.0
Suspicious_Mud_7185,False,1.1370467333459549,0.22513492269913501,355.6,0,0.0,1.0,1,0.0,1.0,0.00281214848143982
Suspicious_Seat_187,False,1.4923270224753205,0.10711182959056133,368.1,0,0.0,1.0,1,0.0,1.0,0.0027166530834012493
Suspicious_Smoke_785,False,1.4367498840975366,0.5307151358096076,1794.2,0,0.0,1.0,1,0.0,1.0,0.0005573514658343551
Suspicious_Tutor6656,False,0.334316604198967,0.0022050725583139643,1141.1,0,0.0,3.0,2,0.3333333333333333,1.0,0.0026290421523091755
Suyash4126,False,3.9195000469732353,0.7099779420206155,1234.1,0,1.0,0.0,1,0.0,0.0,0.0
Swap2909,False,1.488831152427576,0.21484783110882014,2343.3,0,0.0,1.0,1,1.0,1.0,0.0004267486023983271
SwapneelDiam,False,0.03995775317806311,0.011834457647002838,2060.5,0,0.0,1.0,1,0.0,1.0,0.000485319097306479
SwapnilTheMasterOf__,False,2.201306215655868,0.021180207796948947,1858.2,0,0.0,1.0,1,1.0,1.0,0.0005381552039608223
SweatTasteGreat,False,3.9350737273260705,0.01981662007971985,626.8,0,0.0,2.0,2,0.5,1.0,0.003190810465858328
Sweaty_Pollution2757,False,0.04471267265151878,2.505525936990736,1049.7,0,1.0,0.0,1,0.0,0.0,0.0
Sweaty_Promise6724,False,1.5652944823624002,0.3502418173449699,1081.9,0,0.0,2.0,1,0.5,1.0,0.0018485996857380532
Sweet-Opportunity111,False,2.3774268568237615,3.5849967554115434,1592.9,0,2.0,0.0,2,0.0,0.0,0.0
Sweet_taco28,False,1.7218792888095087,0.04292814215467864,616.1,0,0.0,1.0,1,0.0,1.0,0.0016231131309852296
SwiPerHaHa,False,5.897493059233362,2.918604551860764,82.6,0,1.0,0.0,1,0.0,0.0,0.0
Swiftieforever98,False,1.9744493496634092,0.7821250714712742,2096.2,0,0.0,1.0,1,0.0,1.0,0.0004770537162484496
SwimmerOk90,False,1.7397460831286933,0.9260549195009236,1172.3,0,1.0,0.0,1,0.0,0.0,0.0
Swimming6703,False,4.128752317381552,1.6181290235740529,279.9,0,1.0,0.0,1,0.0,0.0,0.0
SwimmingSensitive125,False,0.6338203034456668,0.889574984495108,1564.2,0,0.0,1.0,1,0.0,1.0,0.0006393044367727912
Swimming_Chocolate_6,False,0.8184539088397779,0.4124760321356643,2089.2,0,0.0,1.0,1,1.0,1.0,0.0004786521156423512
Swimming_Roll_7109,False,1.6249233843837112,0.2172518506095673,674.1,0,0.0,1.0,1,1.0,1.0,0.001483459427384661
SwitchImmediate,False,0.13481303133496478,0.038001118178613784,2037.1,0,0.0,1.0,1,0.0,1.0,0.0004908939178243581
SydneySharks,False,1.3412063611271636,0.884539256279393,1992.1,0,0.0,1.0,1,1.0,0.0,0.0005019828321871392
Syed__Sahab__,False,7.164990348452169,3.426421794480655,107.7,1,2.0,0.0,2,0.0,0.0,0.0
Sylviespov,False,3.0416436195044523,1.1097226685369799,331.3,0,1.0,2.0,2,1.0,1.0,0.006036824630244491
Syman44,False,0.6855780450020351,0.01387389906320412,1399.1,0,0.0,2.0,1,1.0,1.0,0.0014294903866771498
SympathyCurrent9263,False,1.0773626166927823,0.9128431130599223,672.2,1,0.0,1.0,1,0.0,1.0,0.001487652484379649
Syntium_11,False,3.3867084126751266,0.07803759850925687,1156.8,0,0.0,1.0,1,1.0,1.0,0.0008644536652835409
SystemNo702,False,0.351422066102961,0.8498801729906763,1225.4,0,0.0,1.0,1,0.0,1.0,0.0008160600620205646
T3SLX69,True,1.907161146385372,0.11405217366535557,501.4,0,0.0,1.0,1,0.0,1.0,0.001994415636218588
TAKdDEVIL,False,0.24809642395507772,0.005128216366919478,2773.6,0,0.0,2.0,2,0.0,1.0,0.0007210845111047015
TERMINATOR9887,False,2.1203288524942687,0.08131370972258033,1592.2,0,0.0,1.0,1,0.0,1.0,0.0006280618012812461
THEAUSTRIANPAINTER9,False,2.904684135359473,2.364205545480869,720.3,0,2.0,0.0,2,0.0,0.0,0.0
THundercroSS120,False,1.4603725138632724,0.29889948601691996,1616.9,0,0.0,1.0,1,1.0,1.0,0.0006184674376894056
TILLU0,False,2.538326764250133,1.3008459240251766,915.3,0,0.0,1.0,1,0.0,1.0,0.001092537965694308
TJDiamond333,False,2.7697755276357516,0.0037939282507550285,1112.4,0,0.0,2.0,2,0.0,1.0,0.0017979144192736423
TJ_4321,True,3.4337303227285463,0.8964564389462227,1507.1,0,0.0,1.0,1,0.0,1.0,0.0006635259770420012
TROLL_KILLA,False,2.691295963589662,0.04775746664404678,2083.3,0,0.0,2.0,1,0.5,1.0,0.0009600153602457638
TRSxABHINAVOP,True,4.774428933110543,0.5061532163474048,292.1,1,0.0,1.0,1,0.0,1.0,0.0034234851078397805
TV_series72,False,2.7141742297648985,0.358663168192377,1990.4,0,0.0,1.0,1,1.0,1.0,0.0005024115755627009
Tacama,False,2.817818149931978,1.3094284888065277,2076.9,0,1.0,0.0,1,0.0,0.0,0.0
Tacit_Ronin99,False,4.456732916030194,1.1362962849700045,192.3,0,0.0,1.0,1,1.0,1.0,0.005200208008320333
TailorBitter6621,False,0.4847445670188497,0.11954515064978273,453.7,1,0.0,1.0,1,1.0,1.0,0.002204099625303064
Takumesurerinki,False,2.8877898551666874,0.0581488659632298,1051.4,0,0.0,1.0,1,0.0,1.0,0.0009511128019783145
TaleHarateTipparaya,False,3.300808938183719,0.2790277916530964,930.3,1,0.0,1.0,1,1.0,0.0,0.0010749220681500592
TallEstimate,False,2.115892813352871,0.09941095027363059,2551.6,0,0.0,1.0,1,1.0,0.0,0.00039191095783038096
Tall_Front1781,False,0.840270568018894,1.1339516551134186,983.3,0,1.0,0.0,1,0.0,0.0,0.0
Tall_Sprinkles7608,False,2.7500129832666924,0.03497628994878558,1611.3,0,0.0,1.0,1,1.0,1.0,0.0006206168931918327
Tanishk-Tiwari,False,1.2674878346103409,0.02107908375086729,2272.8,0,0.0,1.0,1,1.0,1.0,0.00043998592045054553
Tanishq47,False,2.0484832546221683,0.9463924402658601,558.9,0,1.0,0.0,1,0.0,0.0,0.0
TanmaySondhiya,False,1.7226500927882449,0.410203965230266,2115.3,0,1.0,0.0,1,0.0,0.0,0.0
Tanmaya_814,False,1.1988070901941867,4.319055511976323,1653.6,0,1.0,0.0,1,0.0,0.0,0.0
Tarnished13,False,3.6706937923666656,0.1310493485538603,892.0,0,0.0,1.0,1,0.0,1.0,0.0011210762331838565
Tarunrd1,False,2.3368271605680047,0.6496559669480432,372.9,0,0.0,1.0,1,1.0,1.0,0.0026816840976133013
Tasty-Cockroach7090,False,0.7440522556340033,4.83150862819882,566.8,0,1.0,0.0,1,0.0,0.0,0.0
Tasty-Philosopher892,False,5.654148631640036,2.0410166236706866,453.8,0,0.0,2.0,2,1.0,1.0,0.004407227853680035
Tatyaa_Vinchuu,False,1.7531648434087461,0.32047189527477177,779.2,1,0.0,1.0,1,0.0,1.0,0.0012833675564681724
TauntingTony,False,2.575814749544403,0.2914800261245397,2389.8,0,0.0,2.0,2,0.0,1.0,0.0008368901163277261
TeachingFrequent8205,False,2.1814538489676774,0.18383735765755455,386.3,0,0.0,2.0,1,1.0,1.0,0.0051773233238415735
Team_SCRUB_Bot,False,3.1350388425150877,3.402387149797744,38.2,0,1.0,0.0,1,0.0,0.0,0.0
TearTriceps,False,2.7484357367517847,1.0722303905163464,220.0,0,0.0,1.0,1,0.0,1.0,0.004545454545454545
TechSoft-Player,False,0.09784127185772558,1.6322525902002716,1284.2,0,1.0,0.0,1,0.0,0.0,0.0
Tech_Ethusiast69,False,0.4906724605303282,0.07772655145570605,906.2,0,0.0,1.0,1,0.0,1.0,0.0011035091591260207
Technical-Repeat-391,False,0.9803755942460634,0.5036053757925036,275.6,0,1.0,0.0,1,0.0,0.0,0.0
Technical-Shop-9907,False,1.7955465220489666,0.0004769854609871663,417.3,0,0.0,3.0,3,0.6666666666666666,0.6666666666666666,0.007189072609633357
Technical-quack-69,False,2.09480474190261,0.9316539435933364,676.6,0,0.0,1.0,1,1.0,0.0,0.0014779781259237363
Technical_Beat73,False,0.14348349975707814,0.02298951822469874,278.7,1,0.0,1.0,1,1.0,1.0,0.003588087549336204
Technical_Cook_216,False,1.4630690015205279,0.00869948940192866,1391.0,0,0.0,1.0,1,0.0,1.0,0.0007189072609633358
Technical_Shake2933,False,1.6728772772250615,0.3086754192308816,1063.9,0,0.0,1.0,1,0.0,1.0,0.0009399379640943697
Teckgeek960,False,3.083012730893564,1.9102108200867511,89.8,0,1.0,0.0,1,0.0,0.0,0.0
Teivra,False,0.5201763831243565,0.6175588232357891,987.8,0,1.0,0.0,1,0.0,0.0,0.0
Telugu_pacman,False,2.5211210436455276,0.40461125861840636,460.3,0,0.0,1.0,1,0.0,1.0,0.0021724961981316533
Temporary_Coffee_504,False,0.5163636649704951,0.11972686971261241,1807.9,0,0.0,1.0,1,1.0,1.0,0.0005531279384921732
Temporary_Eye1371,True,3.019066010448845,0.5420421524123253,414.9,0,1.0,0.0,1,0.0,0.0,0.0
Temporary_View_3744,False,2.122670469972016,0.004943706855353275,992.6,0,0.0,2.0,2,0.0,1.0,0.0020149103364900263
TennisFine2776,False,2.618480990004904,2.1828643404683836,315.3,0,1.0,0.0,1,0.0,0.0,0.0
Terning_Point,False,3.022405170058113,5.218552398079174,28.3,0,2.0,0.0,1,0.0,0.0,0.0
Terrible-Cash6533,False,2.351297824819949,0.35540460615124636,307.5,0,0.0,2.0,2,1.0,1.0,0.0065040650406504065
Terrible-Tour-2336,False,0.6654630314721334,0.2446703988959524,1948.4,0,0.0,1.0,1,0.0,1.0,0.0005132416341613632
TerribleHistorian215,False,0.898030647339799,0.12736487770885865,332.7,0,0.0,1.0,1,1.0,1.0,0.003005710850616171
Tesla1856369,False,2.9895683773533435,4.509672938327954,1338.5,0,1.0,0.0,1,0.0,0.0,0.0
TexasPoonTappa7,False,2.297227550404692,0.6963637907585798,4141.7,0,0.0,1.0,1,0.0,1.0,0.00024144674891952582
Tf_sleepyhead,False,0.05159722936741376,0.07410797215372188,509.9,0,0.0,1.0,1,1.0,1.0,0.0019611688566385566
ThakGayaHu_Vro,False,1.0931186213503072,0.09194244350586867,1508.9,0,0.0,1.0,1,1.0,0.0,0.0006627344423089668
Thala77777,False,3.2935057498825415,0.1161062103032844,766.7,0,0.0,2.0,1,0.5,1.0,0.0026085822355549756
Thala7781I,False,1.9535061392724629,0.019683990266033867,389.7,0,0.0,1.0,1,1.0,1.0,0.0025660764690787785
ThalaNotOut7,False,4.2572699951076824,1.9740038089261063,148.8,0,1.0,0.0,1,0.0,0.0,0.0
ThalassoPaglu,False,0.12082518521937685,0.4595323293784402,288.1,0,0.0,1.0,1,1.0,1.0,0.0034710170079833387
Thamarakshan_pillai,False,2.8278924050955054,0.1511876471629944,917.8,0,0.0,1.0,1,1.0,1.0,0.001089561996077577
Tharkula,False,2.0108101980692306,0.22823807902413126,577.8,0,0.0,1.0,1,1.0,1.0,0.0017307026652821048
ThatClutchDude,False,3.295393210273893,0.043375432751254876,116.9,0,0.0,1.0,1,1.0,1.0,0.00855431993156544
ThatLynx4879,False,0.7448242114996223,0.5719665199702568,2006.2,0,0.0,1.0,1,0.0,1.0,0.0004984547901505333
That_Goal_7092,False,0.10816033083257291,0.20544397421480884,1829.7,0,0.0,1.0,1,0.0,1.0,0.0005465376837732962
Thatartguy_112,False,2.8218312215972943,1.1955002891536515,84.2,0,1.0,0.0,1,0.0,0.0,0.0
The-Noob-Engineer,False,2.9573886760355923,0.5542402809200591,604.9,0,1.0,0.0,1,0.0,0.0,0.0
The-halloween,False,2.4694864875491644,2.467111714466698,2806.3,0,0.0,1.0,1,1.0,1.0,0.00035634108969105226
The4everCloud,False,1.5156945718490888,0.40461926327025266,1330.3,0,0.0,1.0,1,1.0,1.0,0.0007517101405697963
The7thMaverick_,False,0.5850981550921507,0.0035273405179684155,355.9,0,0.0,1.0,1,0.0,1.0,0.002809778027535825
TheAliaser,False,1.4376586519847927,0.018898200220229512,598.6,0,0.0,1.0,1,1.0,1.0,0.001670564650851988
TheAncientScreamer98,False,1.099081166885585,0.27185137368278006,1137.2,0,0.0,1.0,1,1.0,1.0,0.0008793527963418923
TheBristolBulk,False,3.3173691088718327,0.5902291740338735,1637.3,0,1.0,0.0,1,0.0,0.0,0.0
TheCaptainSlowly,False,2.364043933989388,0.00016964967383126944,611.8,0,0.0,1.0,1,0.0,1.0,0.0016345210853220009
TheDemonWarlock,False,2.899197565610925,0.33775766378802824,2812.6,0,1.0,0.0,1,0.0,0.0,0.0
TheDoobtiMachli,False,0.6870592012233122,0.4657812443658873,716.7,0,1.0,0.0,1,0.0,0.0,0.0
TheEmotionalfool3,False,0.9091067244002567,0.22437735776313825,2735.3,0,0.0,1.0,1,1.0,1.0,0.00036559061163309324
TheFakeRabbit1,False,3.935228290748515,0.004412941506247346,2335.6,0,0.0,1.0,1,1.0,1.0,0.0004281555060798082
TheFitSyntaxx,False,3.4641659639759435,0.0021023133181010795,276.9,0,0.0,1.0,1,0.0,1.0,0.003611412062116288
TheGrimReaperIN,False,1.0320454884758365,0.020603667791555928,3690.5,0,0.0,1.0,1,1.0,1.0,0.00027096599376778217
TheIntern67,False,2.4740413370781194,7.142827401161621,114.9,0,1.0,0.0,1,0.0,0.0,0.0
TheJuggernautRollsOn,False,2.6211819911281613,0.7385959588133394,2146.1,0,0.0,2.0,2,0.5,1.0,0.0009319230231582871
TheKTMAddict,False,1.838547376845844,0.3273469286264138,2731.4,0,0.0,1.0,1,0.0,1.0,0.00036611261624075567
TheLastDetective,False,4.931227544480543,0.2835924702484087,464.8,0,2.0,3.0,2,0.3333333333333333,1.0,0.006454388984509466
TheLazyQuant,False,0.6059455194755888,0.28103752973311236,238.9,0,0.0,1.0,1,1.0,1.0,0.004185851820845542
TheMaGUS_,False,0.20632369876758072,0.016260520871780308,266.2,0,0.0,1.0,1,0.0,1.0,0.003756574004507889
TheMarineEngr,False,1.3352352973932482,0.00016214025167260454,2201.8,0,0.0,1.0,1,0.0,1.0,0.0004541738577527477
TheMegamind_14,False,0.8270677249627105,0.0030911925696728445,754.7,1,0.0,1.0,1,0.0,1.0,0.0013250298131707962
TheMightyArbalest,False,1.036414214804539,0.4595977080846188,2101.6,1,0.0,1.0,1,0.0,1.0,0.00047582794061667305
TheMilfyChani,False,1.2362612265423698,0.07022195690077151,1261.3,0,0.0,1.0,1,0.0,1.0,0.0007928327915642592
TheMotaBaccha,False,1.514210379441383,0.9120019476019374,1476.1,0,1.0,0.0,1,0.0,0.0,0.0
TheMustardPoocha,False,3.3020125639714295,0.06808027664482229,281.0,0,0.0,2.0,2,0.5,1.0,0.0071174377224199285
TheMyth007,False,3.6028459721119215,2.9077125478533463,2979.9,0,0.0,1.0,1,1.0,1.0,0.00033558173093056813
TheOneGreyWorm,False,3.140979251884473,0.004907096134826037,2188.1,0,0.0,1.0,1,1.0,1.0,0.0004570175037703944
TheOnlyWoolly,False,1.5778873668959585,0.48196485370535663,586.0,0,0.0,1.0,1,0.0,1.0,0.0017064846416382253
TheOpenSecrets,False,2.452172433670582,0.09129211189312092,2003.1,0,2.0,1.0,3,0.0,1.0,0.000499226199390944
TheOwlwithGlasses,False,4.326953663050991,0.033848623829877494,357.5,0,0.0,1.0,1,0.0,1.0,0.002797202797202797
ThePhantomThiefArc,False,4.9407925405752495,1.1847291624291547,269.9,0,0.0,4.0,2,0.25,1.0,0.014820303816228234
ThePheebs,False,4.072247354356954,0.014951550017075795,4146.6,0,0.0,1.0,1,0.0,1.0,0.00024116143346356047
TheProvost,False,0.26167867328149796,0.0008861320916578108,3771.2,0,0.0,2.0,1,0.0,1.0,0.0005303351718285957
TheQuietCollectorr,False,2.5256872784061626,1.6367744665978508,193.4,1,1.0,0.0,1,0.0,0.0,0.0
TheRedRoss96,False,0.8227859029622779,0.00770222036209233,2142.8,0,0.0,1.0,1,1.0,1.0,0.0004666791114429718
TheStratifiedKFold5,False,1.6897918211237746,0.7659990289459405,276.8,0,1.0,0.0,1,0.0,0.0,0.0
TheStubbornIntrovert,False,1.3204253391315242,0.48495472741987145,1398.9,0,0.0,1.0,1,1.0,1.0,0.0007148473800843519
TheTitanicShip,False,2.137140501484357,0.3614605227387454,312.1,0,0.0,1.0,1,0.0,1.0,0.003204101249599487
TheUltimateHashira,False,0.5304716091725303,0.06106680621453076,1614.9,0,0.0,1.0,1,0.0,1.0,0.0006192333890643383
TheUnparadox,False,1.6673872861551122,0.49938219161215597,2870.2,0,0.0,1.0,1,0.0,1.0,0.0003484077764615706
TheUpwardlymobile,False,0.664812964735889,0.07178422012422203,1084.6,0,0.0,1.0,1,0.0,1.0,0.0009219988936013277
The_0bserver,False,2.490770475794829,0.011498412739041494,5048.7,0,0.0,1.0,1,0.0,1.0,0.0001980707905005249
The_13thWarrior_,False,0.9025957162674278,0.37404891187478545,576.4,0,0.0,1.0,1,0.0,1.0,0.001734906315058987
The_Compass_Keeper,False,3.092687953490906,0.49129169661133704,670.7,0,0.0,1.0,1,1.0,1.0,0.001490979573579842
The_Flash_20,False,4.354292849105307,0.046033919943749405,1782.5,0,0.0,8.0,2,0.625,1.0,0.004488078541374474
The_Lost_Supper,False,2.4387288217436818,1.2039245871557924,660.9,0,0.0,1.0,1,1.0,1.0,0.0015130882130428205
The_Sky_Star,False,2.5929360910692605,0.007206372767093148,337.7,0,0.0,2.0,1,0.5,1.0,0.005922416345869114
The_Volecitor,False,3.4058924584842445,0.5687538976256787,1007.2,0,0.0,2.0,2,1.0,1.0,0.0019857029388403494
The__evil,False,2.8404661924082117,0.00015166451837671097,408.9,0,0.0,2.0,2,1.0,1.0,0.004891171435558817
The_satanist-,False,2.2406207549316792,3.233096003725734,1914.0,0,0.0,1.0,1,0.0,1.0,0.0005224660397074191
The_wise_guy108,False,0.3369903835510089,0.9266178460300046,1819.2,0,0.0,1.0,1,0.0,1.0,0.0005496921723834652
Themobgirl,False,2.709507532509621,0.002073040855733352,2066.2,0,0.0,1.0,1,0.0,1.0,0.00048398025360565293
Then-Comment6454,False,1.1408484194137893,0.07811777926395203,893.2,0,0.0,1.0,1,1.0,1.0,0.0011195700850873264
Then-Equivalent4093,True,0.056714689965444015,0.02643325706815552,1953.6,0,0.0,1.0,1,0.0,1.0,0.0005118755118755119
Then-Huckleberry3242,False,0.7421605189468894,0.0018501392881614541,490.7,0,0.0,1.0,1,1.0,0.0,0.002037905033625433
Thepsychoflifes,False,1.4063890404055126,1.1952695291976343,1856.1,0,0.0,1.0,1,0.0,1.0,0.0005387640752114649
TherapistSid,False,0.810165377177654,0.16681836764035934,2470.6,1,0.0,1.0,1,0.0,1.0,0.00040475997733344126
Therichchick,False,2.786084203714666,0.4648968874765938,641.7,0,0.0,1.0,1,1.0,1.0,0.0015583606046439145
These-Version758,False,0.38631558677530353,0.016807118316381233,379.6,0,0.0,1.0,1,1.0,0.0,0.0026343519494204425
These-Yak-5375,False,0.5674765807993573,0.5445366811083023,709.6,0,0.0,1.0,1,1.0,1.0,0.0014092446448703494
These_Ad_6819,False,0.8205198261054607,0.0005588153260815203,1406.8,0,0.0,1.0,1,0.0,1.0,0.0007108330963889679
These_Growth9876,False,1.910212667969982,0.10704051958981452,1966.8,1,0.0,2.0,2,0.5,0.5,0.001016880211511084
Theta-Chad_99,False,2.964135092157147,0.019386763914512144,1771.2,0,0.0,1.0,1,0.0,1.0,0.0005645889792231255
Thick-Attitude9172,False,2.362618618847651,0.00017802569551216729,1752.0,0,0.0,1.0,1,1.0,1.0,0.0005707762557077625
Thick_Delay_5522,False,2.2632305596566575,2.8318283022835544,167.4,0,0.0,1.0,1,0.0,1.0,0.005973715651135005
Thick_Wallaby1,False,2.7056796857619236,0.10812167709915431,467.4,1,0.0,3.0,2,0.0,1.0,0.006418485237483954
Thin_Acanthaceae4433,False,2.1344900437235306,0.2503744746564649,692.9,0,0.0,1.0,1,0.0,1.0,0.001443209698369173
Thin_Ad_7459,False,0.40758566653091927,0.039782493387150265,1271.9,0,0.0,1.0,1,0.0,1.0,0.0007862253321802028
Thin_Choice_9488,False,3.611995333096303,0.5551263063912945,456.3,0,0.0,1.0,1,1.0,1.0,0.0021915406530791147
Think-Agency-2225,False,1.5973196121535225,0.0015910902322418484,159.4,1,0.0,1.0,1,0.0,1.0,0.006273525721455458
Think_Gur5705,False,0.06203997414393439,0.04652001563489285,328.1,1,0.0,1.0,1,1.0,1.0,0.0030478512648582745
ThinkingBeauty431,False,4.172697015881046,1.210853478706687,207.7,0,1.0,0.0,1,0.0,0.0,0.0
Thinking_Bug,False,0.8295252267029308,0.3426752560434846,1826.3,0,0.0,2.0,1,1.0,0.5,0.001095110332365986
This-Age-1162,False,1.1536443111251993,0.33951323503437963,1608.5,0,0.0,1.0,1,1.0,1.0,0.0006216972334473111
This-You-2737,True,5.569543348654286,2.98212704364389,245.0,0,5.0,0.0,1,0.0,0.0,0.0
ThisSwimmerisanerd,False,1.0919114358457567,0.008941937375661308,169.7,1,0.0,2.0,1,1.0,1.0,0.011785503830288745
Thoughtlessme,False,0.7307691723495296,0.003960401216096928,939.0,1,0.0,1.0,1,0.0,1.0,0.0010649627263045794
ThrowRA12596,False,2.1932813230426316,1.0036708933134562,835.7,1,0.0,1.0,1,0.0,1.0,0.0011966016513102788
ThrowRA789890,False,1.9381262700402013,0.21241269427583653,1219.7,0,0.0,1.0,1,0.0,1.0,0.0008198737394441255
ThrowRa39373,False,2.877352326112868,0.18370099144457447,597.0,0,0.0,1.0,1,0.0,1.0,0.0016750418760469012
ThrowRa7636,False,3.060845173525299,0.1430485874809666,361.7,0,1.0,1.0,1,1.0,1.0,0.002764722145424385
ThrowRa_Cod5492,False,4.721978121008262,1.8285739931755074,814.9,0,1.0,0.0,1,0.0,0.0,0.0
Throwaway_nyrc,False,1.9553219215505455,0.09126125360595769,1084.7,0,1.0,0.0,1,0.0,0.0,0.0
ThyArtIsPowder,False,1.0853653584116767,0.08273384079614932,2087.2,0,0.0,2.0,2,0.5,1.0,0.0009582215408202378
TightAd1188,False,1.3447660913033903,0.4013320945224746,467.7,0,0.0,1.0,1,0.0,1.0,0.0021381227282446015
Tight_Shelter3501,True,0.8818819521886132,1.791759469228055,54.4,0,1.0,0.0,1,0.0,0.0,0.0
Tight_Squash_8854,False,2.8207015960382744,1.072277937171842,434.3,0,0.0,1.0,1,1.0,1.0,0.002302555836979047
Tikitorch17,False,3.126724078689782,0.0021547088707121235,745.9,1,0.0,2.0,1,0.5,1.0,0.002681324574339724
TillGreat9631,False,3.9624481504154914,2.4535620164119534,1217.6,1,0.0,1.0,1,0.0,1.0,0.000821287779237845
TimSerious,False,0.833551967123431,0.20394542917947142,3576.7,0,0.0,1.0,1,0.0,1.0,0.0002795873291022451
Time-Seesaw5414,False,1.8232323031423123,2.6123616991520695,740.2,0,0.0,1.0,1,0.0,1.0,0.0013509862199405564
TimeBudget4411,False,0.5311716609059589,2.144087077639062,887.4,0,1.0,0.0,1,0.0,0.0,0.0
Time_Nerve1331,False,0.7507191148709144,1.0559197043667963,839.5,1,0.0,1.0,1,0.0,1.0,0.0011911852293031567
Time_Shape6277,False,0.10734565459876722,0.004728141195945957,1862.0,0,0.0,1.0,1,0.0,1.0,0.0005370569280343716
Time__Racer,False,3.1330956214118935,1.4355740067679656,428.3,0,1.0,0.0,1,0.0,0.0,0.0
Timtimatifuljhadi,False,3.2849603453460583,0.05443278515663527,112.3,0,0.0,1.0,1,1.0,1.0,0.008904719501335707
TintuMon_OP,False,2.7376908994743703,0.02164472862763586,1596.4,0,0.0,1.0,1,1.0,0.0,0.0006264094211976947
Tiny_Environment5424,False,4.299714620795918,0.2838847497447183,462.9,1,0.0,2.0,1,0.5,1.0,0.004320587599913588
Tip-Top-A1,False,1.1355198069301164,0.41809276497596626,244.7,0,0.0,1.0,1,1.0,1.0,0.004086636697997548
Tiredsakki,False,2.523650714860309,0.1526489525590017,1256.4,0,0.0,1.0,1,1.0,0.0,0.0007959248646927729
Tis_But_A_Scratch-,False,4.25334172921624,0.013839151099773647,1057.7,0,0.0,1.0,1,1.0,1.0,0.0009454476694714947
TissueReligion,False,1.7448989509453212,0.260552715252424,5473.7,0,1.0,0.0,1,0.0,0.0,0.0
Titoindia,False,1.8844752603921413,0.022776322133982306,1113.4,0,0.0,1.0,1,0.0,1.0,0.0008981498113885396
Tobias_Reaper_,False,4.686036766712623,3.0666754745178046,898.2,0,1.0,0.0,1,0.0,0.0,0.0
TodayiAteMyCat69,False,2.2536177721193673,0.5078652714008955,1860.1,0,0.0,1.0,1,1.0,1.0,0.0005376055050803721
Tomasulu,False,1.8371125616944088,0.028994288133206203,3301.2,0,0.0,1.0,1,0.0,1.0,0.00030292015024839454
Tonu13,False,0.4803771513278097,0.0006251953939183744,2592.9,0,0.0,1.0,1,1.0,1.0,0.0003856685564425932
Toota_hua,False,1.3683569259158728,0.18601130189605036,426.1,0,0.0,1.0,1,1.0,1.0,0.0023468669326449187
Top-Advance768,False,0.5119856325961336,2.346872773195162,827.1,0,1.0,0.0,1,0.0,0.0,0.0
Top-Classroom-5652,False,2.1433603849619556,0.15737491143198964,1836.2,0,0.0,1.0,1,0.0,1.0,0.0005446029844243547
Top-Criticism2851,False,3.1482594761502862,0.7157134027348391,1921.6,0,0.0,1.0,1,0.0,1.0,0.0005203996669442131
Top-Drop-8428,False,2.871204913789539,0.050052004581171684,1073.4,1,0.0,1.0,1,1.0,1.0,0.000931619154089808
Top-Equivalent-5816,False,1.7673451270056668,0.02796061904460261,1986.7,0,0.0,1.0,1,1.0,1.0,0.0005033472592741732
Top-Noise5959,False,1.9509437889159555,0.040492050347288554,1987.3,0,0.0,2.0,1,0.0,1.0,0.0010063905801841696
Top-Performer8835,False,1.8831163812725493,5.198497031265826,259.6,0,1.0,0.0,1,0.0,0.0,0.0
Top-Presentation1528,False,0.9577548559515142,0.0026702285558788813,232.9,0,0.0,1.0,1,0.0,1.0,0.004293688278231
Top-Progress-6174,False,1.142733747929874,0.0663786262522044,1290.2,0,0.0,2.0,2,0.0,1.0,0.001550147263990079
Top-Woodpecker-2875,False,4.2286022114587425,0.18105890881962747,86.6,0,0.0,1.0,1,1.0,1.0,0.011547344110854504
Top10BeatDown,False,2.9702909665718438,0.48088301739626504,851.3,0,0.0,1.0,1,1.0,1.0,0.0011746740279572419
TopGroundbreaking155,False,0.340140282916356,0.005277057100843765,466.5,0,0.0,1.0,1,1.0,1.0,0.0021436227224008574
Top_Birthday_7824,False,1.1893260023562753,0.0018535686493229135,235.9,1,0.0,1.0,1,1.0,1.0,0.00423908435777872
Top_Fondant2114,False,3.026773977432371,0.04522689988952694,1810.9,0,0.0,3.0,2,1.0,1.0,0.0016566348224639682
Top_Lawfulness7680,False,0.19961305390401565,1.419520008748211,688.0,0,0.0,1.0,1,1.0,1.0,0.0014534883720930232
Top_Tension_8777,False,1.3917925663552766,0.332292502218505,947.7,0,0.0,1.0,1,1.0,1.0,0.0010551862403714255
Top_Tune_9753,False,6.448659877037765,0.5623966219778298,65.5,0,0.0,2.0,2,1.0,1.0,0.030534351145038167
Toriat5144,False,2.9040555296420165,0.03061387079699163,1963.3,0,0.0,1.0,1,1.0,1.0,0.0005093465084296847
Torkin,False,2.0660428327118177,0.14260091571530284,5377.8,0,0.0,1.0,1,0.0,1.0,0.00018594964483617836
Total-Border7308,False,1.7414976344471669,0.0021810259463601964,292.4,0,0.0,1.0,1,0.0,1.0,0.0034199726402188786
TourBeneficial186,False,3.4184718424251694,0.032929844080992414,532.2,0,0.0,1.0,1,1.0,1.0,0.0018789928598271326
Trading_Elephant,False,0.7465087352989269,0.5380893066216614,1417.6,0,0.0,1.0,1,1.0,1.0,0.0007054176072234763
TraditionExternal370,False,3.202334925590912,2.7366041464512962,189.7,0,1.0,0.0,1,0.0,0.0,0.0
Traditional-Ad1633,False,2.0226924729940245,0.6765849249605728,1971.9,0,0.0,1.0,1,0.0,1.0,0.0005071251077640854
Traditional-Jump-525,False,0.9508803707730691,0.40484763355936976,1018.9,0,1.0,0.0,1,0.0,0.0,0.0
Traditional-Truck479,False,0.04420985147198249,0.28141245943818555,1150.4,1,0.0,1.0,1,0.0,1.0,0.0008692628650904033
TraditionalCredit190,False,2.462399649829337,1.5836613046619863,2030.2,0,1.0,0.0,1,0.0,0.0,0.0
TraditionalPoint5364,False,0.9547092446635365,0.9270561061443932,671.5,0,1.0,0.0,1,0.0,0.0,0.0
TraditionalSky3399,False,1.7748715872384278,0.006785437400127441,482.7,0,0.0,1.0,1,1.0,1.0,0.0020716801325875284
Traditional_Basil_70,False,1.1977179586892364,0.14490712094369698,1916.5,0,0.0,2.0,2,0.0,1.0,0.0010435690060005217
Traditional_Call9256,False,3.013954485631339,2.0740546985244555,1108.8,0,1.0,0.0,1,0.0,0.0,0.0
Traditional_Judge734,False,2.7878363720020403,0.0460639984807457,1643.4,0,0.0,1.0,1,0.0,1.0,0.0006084945843981988
Traditional_Pair3105,True,2.327406711166568,1.009880024447862,737.3,0,0.0,1.0,1,0.0,1.0,0.0013563000135630003
Traditional_You1631,False,1.7310094714766564,2.1489084073054268,1686.7,0,2.0,1.0,1,1.0,1.0,0.0005928736586233473
Training-Swimmer8159,True,3.4460385908512285,3.0006468633663173,1128.1,0,1.0,0.0,1,0.0,0.0,0.0
TravelTraining577,False,2.255822574730853,0.26846209746666133,1272.6,0,0.0,1.0,1,0.0,1.0,0.0007857928650007858
Trick-Spell9845,False,0.30727849664620627,0.49067026605429465,1954.3,0,0.0,1.0,1,1.0,1.0,0.0005116921659929387
Trick_Shame4504,False,1.385418776848132,0.1672836794294141,1056.9,0,0.0,1.0,1,0.0,1.0,0.000946163307786924
Tricky-Ad-2057,False,0.998574603117077,0.26936174849061284,1839.7,0,1.0,0.0,1,0.0,0.0,0.0
Tricky_Artichoke_452,False,0.8434970694420939,0.5909505987259871,1528.9,0,1.0,0.0,1,0.0,0.0,0.0
Tricky_Bumblebee_238,False,2.4818023385931594,0.053131296290556615,849.6,1,0.0,2.0,2,0.0,1.0,0.0023540489642184556
Tricopi,False,1.897326019921524,0.19519513203756378,1674.3,0,0.0,1.0,1,0.0,1.0,0.0005972645284596547
Trinity_36369,False,2.8044256552804354,1.04968751640286,1299.3,0,0.0,1.0,1,0.0,1.0,0.0007696451935657662
TritiumSabre,False,0.14338071437720454,0.1755647743310748,1524.3,0,0.0,1.0,1,0.0,1.0,0.00065603883749918
TruePace3,False,5.2066040126890405,0.005882301084509182,1181.0,0,0.0,1.0,1,1.0,1.0,0.000846740050804403
True_Guitar_6941,False,2.527819755014373,1.623505169645536,844.6,0,1.0,0.0,1,0.0,0.0,0.0
Trunl,False,1.5077069752650902,0.2544436217149304,3822.7,0,0.0,1.0,1,1.0,0.0,0.0002615952075757972
TryAwkward7595,False,1.9015084894460759,0.02384981465458695,1296.0,0,0.0,5.0,2,0.4,1.0,0.0038580246913580245
Tujhe_dekhlungi,False,1.7735672785406638,0.07172477434088197,882.9,0,0.0,1.0,1,1.0,1.0,0.0011326311020500622
TumblingDice2023,False,0.020943173845243173,0.3513978868378886,1228.5,0,0.0,1.0,1,1.0,1.0,0.000814000814000814
Turbulent-Lack2817,False,1.3004855070143642,0.0005270092348589693,710.2,0,0.0,2.0,1,0.0,1.0,0.00281610813855252
TurbulentDaikon6743,False,2.488410527308288,0.18392741443549449,1331.9,0,1.0,0.0,1,0.0,0.0,0.0
Turbulent_Ear_4807,True,3.7852221585324504,1.3529279378173742,330.0,0,0.0,1.0,1,1.0,1.0,0.0030303030303030303
Turbulent_Height_595,False,0.34509803334148004,0.14970425187012362,1358.8,0,0.0,1.0,1,0.0,1.0,0.0007359434795407713
Turbulent_Most_6396,False,2.5729949763976645,3.063001438089094,636.1,1,1.0,0.0,1,0.0,0.0,0.0
Tweety_Bird_101,False,1.292768303109067,0.4374872172241745,714.0,1,1.0,0.0,1,0.0,0.0,0.0
TwoFartTooFurious,False,2.991222056906919,0.0012243452893933352,821.1,0,0.0,1.0,1,0.0,1.0,0.001217878455730118
TwoFit1212,False,0.11097850796204958,0.0333364202675918,511.2,0,0.0,1.0,1,1.0,0.0,0.0019561815336463224
TwoPsychological8529,False,1.9641309685183197,0.04179908647809042,1016.2,0,0.0,1.0,1,1.0,1.0,0.00098405825624877
Tyler_Durden505,False,2.3159637000782864,0.1935193465973507,552.4,0,0.0,2.0,1,0.5,1.0,0.003620564808110065
Typical-Booba,False,0.5787932271256429,4.1771805678012495,913.4,0,1.0,0.0,1,0.0,0.0,0.0
Typical_Chipmunk_77,False,0.9309570708508801,2.029922584397845,806.8,0,1.0,0.0,1,0.0,0.0,0.0
Typical_Two3255,False,1.0780420937972597,0.6531418459462461,1060.9,0,1.0,0.0,1,0.0,0.0,0.0
UK2003,False,1.5552545009007213,1.0253740903061177,2352.6,0,0.0,1.0,1,1.0,1.0,0.0004250616339369209
Ukmastercom,False,1.3529266919264782,0.0042424306054285,2305.2,1,0.0,1.0,1,1.0,0.0,0.00043380183931979876
UlluKaPetha,False,3.302176428438723,0.026571245508504183,383.2,0,0.0,1.0,1,0.0,1.0,0.0026096033402922755
Unable-Broccoli-4121,False,0.057906398302031654,0.2876820724517809,452.9,0,0.0,1.0,1,0.0,1.0,0.00220799293442261
Unbasic-Bitch,False,0.20663169187802002,0.13537879754676302,1681.7,0,0.0,1.0,1,0.0,1.0,0.0005946363798537194
Uncharted_Explorer01,False,0.49486365005422106,0.6903809270670552,1689.9,0,0.0,1.0,1,0.0,1.0,0.0005917509911829102
Uncut_Veiny,False,2.0198767804503652,0.18867110191232245,613.7,0,0.0,1.0,1,1.0,1.0,0.001629460648525338
Undead0707,False,3.894399227205209,0.09702479923095884,1715.0,0,0.0,3.0,1,0.3333333333333333,0.6666666666666666,0.001749271137026239
UnderstandingFit8972,False,2.1277503035433987,0.000267916947349397,504.6,0,0.0,1.0,1,1.0,1.0,0.0019817677368212444
UnderstandingWild134,False,4.63785252962304,0.8815714888758982,201.1,0,1.0,0.0,1,0.0,0.0,0.0
Unfair-Ad2350,False,0.7787901289341611,0.8621637716630329,746.5,0,1.0,0.0,1,0.0,0.0,0.0
Unhappy---Leek,False,1.7763100337118412,1.4123931140872519,608.8,0,0.0,1.0,1,1.0,1.0,0.00164257555847569
Unhappy-Froyo-8767,False,0.2254293956022631,0.00557104504945538,707.9,0,0.0,1.0,1,0.0,1.0,0.001412628902387343
Unhappy-Pirate-5259,False,0.3004365727156515,0.002902759657961405,981.6,0,0.0,1.0,1,0.0,1.0,0.0010187449062754685
Unhappy_Algae13,False,1.2836350037596431,0.8462059188067697,1168.7,0,1.0,0.0,1,0.0,0.0,0.0
UniqueProgram4460,False,3.3353882123231284,0.5285546199848795,112.0,0,0.0,1.0,1,1.0,1.0,0.008928571428571428
Unique_District_9381,False,4.977868165713705,2.939119836451072,1961.3,0,0.0,1.0,1,1.0,1.0,0.0005098659052669148
United_Dream_1969,False,0.2360249217736154,0.031974304632514085,1070.6,1,0.0,1.0,1,0.0,1.0,0.0009340556697179153
United_Gamer_Morcha,False,2.686071294383435,0.012257014627530082,138.0,0,0.0,1.0,1,1.0,1.0,0.007246376811594203
United_Pineapple_932,False,4.961929438658597,1.8340251115720807,1634.4,0,1.0,0.0,1,0.0,0.0,0.0
UnknownFromTernopil,False,1.3697835436881673,0.8311329235338482,766.4,1,0.0,1.0,1,0.0,1.0,0.0013048016701461378
UnknownWolfster,False,1.9669788542692985,0.12369246677422956,272.4,0,0.0,1.0,1,0.0,1.0,0.0036710719530102793
Unlikely-Impress-443,False,2.3320742226760993,0.4538016546694551,236.9,0,0.0,1.0,1,1.0,1.0,0.004221190375685943
Unlikely-Papaya-7862,False,0.13052331311184406,1.221672381425337,674.2,0,1.0,0.0,1,0.0,0.0,0.0
UnlikelyPanic3134,False,1.3475902126967259,0.07563741420562003,158.7,0,0.0,1.0,1,0.0,1.0,0.0063011972274732205
Unlikely_Heron_9207,False,1.1078997853712498,2.8301250888401346,2072.0,0,1.0,0.0,1,0.0,0.0,0.0
Unlikely_Minimum_AJ,False,2.201537252484166,0.17550380429782728,61.7,0,1.0,1.0,2,0.0,1.0,0.01620745542949757
Unlikely_River5819,False,4.071180207561043,0.054458251984521255,505.5,0,0.0,1.0,1,1.0,1.0,0.0019782393669634025
Unlucky-Ad-41,False,0.9179724394018622,0.3748936215901264,1509.1,0,0.0,1.0,1,0.0,1.0,0.0006626466105625871
Unlucky-Show1935,False,0.09890182741063241,0.011976191046715693,798.4,0,0.0,1.0,1,0.0,1.0,0.00125250501002004
Unlucky-Whole-9274,False,3.340389619582356,0.3335825800866194,428.9,0,2.0,2.0,3,0.0,1.0,0.004663091629750525
UnluckyInCaseofTech,True,3.4281579836652707,0.6144476564328766,99.9,0,0.0,1.0,1,1.0,1.0,0.01001001001001001
Unlucky_Scale_9483,True,1.2929303382710517,0.008068174649510233,847.0,0,0.0,1.0,1,0.0,1.0,0.0011806375442739079
Unlucky_doo,False,1.46962324459165,1.7018995743891372,1308.7,0,0.0,1.0,1,1.0,1.0,0.0007641170627340108
Unmuted_Reception,False,3.7071115742345597,1.584846509296778,30.3,0,1.0,0.0,1,0.0,0.0,0.0
Unnecessary-Cum,False,2.43292693378886,0.00965700008016122,951.1,0,0.0,1.0,1,1.0,1.0,0.0010514141520344864
Unreals_real_dev,False,2.6933012330986648,1.84240320204681,246.8,1,1.0,0.0,1,0.0,0.0,0.0
Unresolved-Problem,False,2.0844878818052957,0.03748512637219065,1455.3,0,0.0,1.0,1,1.0,1.0,0.0006871435442864014
Unununiumic,False,1.8558516614137848,0.3808450881641897,2241.0,0,1.0,2.0,2,0.5,1.0,0.000892458723784025
Unusual-Eggplant-111,False,2.201445362823106,1.8356816759514702,341.5,0,1.0,0.0,1,0.0,0.0,0.0
Unusual_Marsupial271,True,2.334886627975138,1.5175535419056367,2154.2,0,2.0,1.0,2,1.0,1.0,0.0004642094513044286
Up_n_About,False,0.012069112017496959,0.04652001563489285,1729.5,0,0.0,1.0,1,0.0,1.0,0.0005782017924255566
Upper_Economist_7169,False,4.283101868635979,5.408841000927431,318.8,0,1.0,0.0,1,0.0,0.0,0.0
Upset-Action717,False,1.1980222264690596,0.0005989817489657149,721.4,0,0.0,1.0,1,0.0,1.0,0.001386193512614361
Upset-Tangelo-1615,False,2.024625716520787,0.833195931778977,371.2,0,0.0,1.0,1,1.0,1.0,0.0026939655172413795
Upstairs_Airport5426,False,0.8420938273534396,1.5025167253709295,1937.6,0,0.0,1.0,1,1.0,1.0,0.0005161023947151115
Ur_PAWS,False,1.9857466677968503,0.07177606281874313,1022.2,1,0.0,2.0,2,0.5,1.0,0.0019565642731363725
UrbanJaipurView,False,1.835169516595166,3.848626688869352,623.6,0,1.0,0.0,1,0.0,0.0,0.0
Usaname91,False,4.115088471663836,0.013067915048250316,104.8,0,0.0,1.0,1,1.0,1.0,0.009541984732824428
Used-Ad-3435,False,3.0846742254266286,0.15084742383754557,499.8,0,0.0,1.0,1,1.0,1.0,0.0020008003201280513
Used-Memory-1125,False,1.4757517330280598,0.1820647679371799,1846.0,0,0.0,1.0,1,1.0,1.0,0.0005417118093174431
Used_Confusion_8583,False,3.035425558876592,0.0016992357529597853,773.0,0,0.0,1.0,1,0.0,1.0,0.00129366106080207
Useful-Ad7329,False,3.3388945231256395,0.2717194150500996,139.4,0,0.0,1.0,1,0.0,1.0,0.007173601147776184
User___Not_Found,False,1.693833498044455,0.16458298298977034,1580.3,0,0.0,1.0,1,0.0,1.0,0.0006327912421692084
Usual-Cat1988,False,1.4366128030120622,0.03374641069100063,554.2,1,0.0,1.0,1,0.0,1.0,0.0018044027426921687
Usual-Incident-9044,False,0.41855285252426433,1.907872776662143,1437.2,0,1.0,0.0,1,0.0,0.0,0.0
Usual_Disk2096,False,0.32612820048825525,1.4003989673014325,1849.1,0,0.0,2.0,2,0.5,1.0,0.0010816072684008437
UtsavA01,False,2.3305599446124474,1.0048045702674369,1310.9,0,0.0,1.0,1,1.0,1.0,0.0007628346937218704
VEGAD_DIVYA,False,0.013505607443965256,0.1053605156578263,661.9,1,0.0,1.0,1,0.0,1.0,0.0015108022359873092
VIPER__00,False,0.858785412944146,0.14408867543039935,1889.3,0,0.0,1.0,1,0.0,1.0,0.000529296564865294
VJ_OA,False,2.2162785518419272,0.5901503330631998,1088.2,0,0.0,1.0,1,1.0,1.0,0.0009189487226612755
VKarm,False,1.5890118823560755,0.13155783761253012,648.9,0,0.0,1.0,1,1.0,1.0,0.0015410695022345508
VM_Sivakumar,False,2.0261952105403194,1.9925646365521716,376.3,0,2.0,0.0,1,0.0,0.0,0.0
VX_18A,False,0.446263419695524,2.4190600839904137,337.8,0,1.0,0.0,1,0.0,0.0,0.0
V_18OnReddit,False,3.7063273043303937,0.05145621255145745,398.7,0,0.0,2.0,1,1.0,1.0,0.0050163029847002764
Vaanaram,False,2.9512811604263733,0.21783849908451658,1399.8,0,0.0,3.0,3,0.6666666666666666,1.0,0.0021431633090441492
Vadapaav84,False,1.8927695094838048,0.008515163146221449,1694.3,0,0.0,2.0,2,0.5,1.0,0.0011804284955438825
Vagaboond_618,False,1.0776771355162555,0.8237068027953105,395.8,0,0.0,1.0,1,0.0,1.0,0.0025265285497726125
Vaibhav0p,False,1.1781707786494358,0.08706276841241262,1573.1,0,0.0,1.0,1,0.0,1.0,0.0006356874960269531
VaibhavRamesh_31,False,0.1383397395950619,0.18126947884315084,2554.5,0,1.0,0.0,1,0.0,0.0,0.0
Vaibhav_kr_Verma,False,0.502582789534279,0.9219887529887928,268.0,0,0.0,1.0,1,0.0,1.0,0.0037313432835820895
Vajarangan,False,1.2241600945659583,0.005847969882423126,428.1,0,0.0,1.0,1,0.0,1.0,0.00233590282644242
ValidGarry,False,2.7961897053115354,0.07779785913368563,4078.7,0,0.0,1.0,1,0.0,1.0,0.00024517615907029204
Valuable-Berry-6259,False,1.1757570435786948,0.6623197167646858,241.9,0,0.0,1.0,1,0.0,1.0,0.00413393964448119
Valuable-Dog-3914,False,2.6551927007737866,1.796813631611438,419.8,0,0.0,1.0,1,1.0,1.0,0.0023820867079561697
ValuableEven5024,False,1.3542710883939204,1.5631534403169614,1880.0,0,2.0,0.0,1,0.0,0.0,0.0
ValuableUpset9348,False,1.1376867163264286,0.0002677734652497574,1761.7,0,0.0,1.0,1,1.0,1.0,0.0005676335357892944
Valuable_Ad_6869,True,5.494642624493318,0.299407935253493,1184.3,0,7.0,6.0,2,1.0,1.0,0.005066283880773453
Valuable_Cause_6175,False,2.866841009822433,0.03252193240761234,1583.1,0,0.0,3.0,2,0.6666666666666666,1.0,0.001895016107636915
Valuable_Reception_2,False,1.8917480201384806,0.5964677541189453,2132.5,0,1.0,0.0,1,0.0,0.0,0.0
Vammy02,False,2.6538807467439303,0.05295372822123999,1260.8,0,0.0,2.0,1,0.5,1.0,0.0015862944162436548
Vanishing_Shadow,False,4.361761551493713,0.0799797106597277,2102.2,0,0.0,1.0,1,0.0,1.0,0.0004756921320521359
VariationOrdinary118,False,0.6175460517621525,1.3782261864703804,1299.2,0,0.0,1.0,1,0.0,1.0,0.0007697044334975369
Various-Low4016,False,4.520289142463778,0.014628816429440849,798.0,1,0.0,4.0,1,0.0,1.0,0.005012531328320802
Various-Salt488,False,2.7686388445776022,0.10291816524462331,1569.6,0,0.0,1.0,1,1.0,1.0,0.0006371049949031601
Vast-Championship754,False,3.5681129213212013,0.8425191905998051,2034.1,0,0.0,1.0,1,1.0,1.0,0.0004916179145568064
VastOpportunity7970,False,1.5981140136615573,1.1579243170721383,1857.9,0,2.0,1.0,3,0.0,1.0,0.0005382421012971634
Vast_Percentage8414,False,0.05180654732252628,0.5810298824392391,1090.8,0,1.0,0.0,1,0.0,0.0,0.0
Vast_Suggestion_7133,False,0.18400364297693947,0.13465688514625715,623.7,0,0.0,1.0,1,0.0,1.0,0.00160333493666827
Vaxion,False,2.428526133920634,0.3348968933301266,5298.8,0,0.0,1.0,1,0.0,1.0,0.00018872197478674417
Vedant9710,False,3.611837092362183,0.1430020042263219,1922.1,0,0.0,2.0,2,1.0,1.0,0.0010405285885229697
Veer_Rudra,False,1.669445166250851,1.100630452824347,1841.4,0,0.0,3.0,2,0.0,1.0,0.0016291951775822744
Veeran1901,False,0.1352139720450968,0.7985076962177716,1788.9,0,0.0,1.0,1,1.0,0.0,0.0005590027391134216
Vegetable-Airline524,False,0.21447128320410436,0.6771468392135042,514.2,0,1.0,0.0,1,0.0,0.0,0.0
VegetableAd1576,False,2.002301038275168,0.009248439617489512,1000.3,0,0.0,3.0,2,1.0,1.0,0.0029991002699190244
VegetableHeron1558,False,4.068014762044982,1.7325001129432462,1081.6,0,0.0,4.0,1,0.0,1.0,0.003698224852071006
VegetablePen4755,False,1.6719625570652876,2.0291850540207257,848.1,0,2.0,0.0,2,0.0,0.0,0.0
VegetableRutabaga746,False,3.5853013138413834,0.08296588671469085,1440.3,0,1.0,3.0,1,0.6666666666666666,1.0,0.002082899395959175
Vegetable_Land7566,False,2.5205823514276013,0.12903114734093588,1769.7,0,0.0,2.0,2,0.5,1.0,0.0011301350511386111
Vegetable_Prize9064,False,0.08990589308715932,0.02298951822469874,457.1,1,0.0,2.0,1,0.0,1.0,0.004375410194705754
VeilOfWisdom,False,0.48741905489050025,0.5753641449035619,864.5,1,0.0,1.0,1,0.0,1.0,0.001156737998843262
VeletVortex,False,1.1120866131473324,1.0647107369924282,511.1,0,1.0,0.0,1,0.0,0.0,0.0
VelvetRaven88,False,1.2693113852908706,0.18276121386852406,355.3,0,0.0,2.0,2,1.0,1.0,0.005629045876723895
Vendetta_9596,False,0.5638247794177007,0.24730961716139338,233.7,0,1.0,0.0,1,0.0,0.0,0.0
Venom2502,False,0.9840813426335899,0.04485056616535176,2244.9,0,0.0,1.0,1,0.0,1.0,0.00044545414049623587
VermicelliWild8840,False,1.346700045635255,1.2156688440891272,1874.0,0,2.0,0.0,1,0.0,0.0,0.0
VersionCareful2412,False,0.6489866304212433,0.502582789534279,483.8,0,0.0,1.0,1,1.0,1.0,0.002066969822240595
Viagra-Trader-60,False,3.5733438255972008,0.1572081293669726,190.7,0,1.0,4.0,2,1.0,1.0,0.02097535395909806
ViceElysium,False,8.804234626866522,3.1371289317986224,118.1,0,4.0,1.0,1,1.0,1.0,0.00846740050804403
Vicky___19,False,0.198932698066158,1.0209952947370609,2303.5,0,1.0,0.0,1,0.0,0.0,0.0
Vigil_Eyezz,False,1.6275052120869553,0.1903666524787862,914.9,0,0.0,1.0,1,1.0,1.0,0.0010930156301235108
Vimsmoke_Sanji,False,3.8089358275736074,3.0529060341147294,173.8,0,1.0,0.0,1,0.0,0.0,0.0
VineethVish,False,2.100539474406031,0.946689920410006,2515.0,0,0.0,1.0,1,0.0,1.0,0.00039761431411530816
Vinh_Jel,False,3.4285521470965277,0.36461719556660915,672.5,0,0.0,1.0,1,1.0,1.0,0.001486988847583643
ViolentSoothsayer,False,2.732706863563443,0.005588634084087733,1922.3,0,0.0,1.0,1,1.0,0.0,0.0005202101649066223
VipulBM,False,0.41009250404350445,0.004261370084967864,2781.3,0,0.0,1.0,1,0.0,1.0,0.0003595440980836299
Virtual-Video-5652,False,0.12685027733534684,0.913755876270967,1449.2,0,1.0,0.0,1,0.0,0.0,0.0
Virtual_Bass9033,False,1.6595108865063843,0.00030736130563165234,764.2,0,0.0,1.0,1,1.0,1.0,0.0013085579691180318
Virtual_Singer8541,False,1.477799109462297,0.07803400261245579,220.2,0,0.0,1.0,1,0.0,1.0,0.004541326067211626
VirusX2,False,0.14407642653674826,0.007142887512380136,3620.0,0,0.0,1.0,1,1.0,0.0,0.00027624309392265195
Visesh-Kedarisetty,False,1.5301978437401618,0.07266005434689168,1994.7,0,0.0,1.0,1,1.0,1.0,0.0005013285205795357
Vishal_Jain_ZFH,False,1.0082642727044484,0.6700477863119155,712.3,0,2.0,0.0,1,0.0,0.0,0.0
Vishnusakhi7,False,2.759351633711229,0.20655694797199223,696.3,0,0.0,3.0,2,0.0,1.0,0.004308487720809996
VishuIsPog,False,2.820185291776616,0.1606864108210878,1731.5,0,0.0,2.0,2,0.0,1.0,0.001155067860236789
Vishwas95,False,2.1933101308447607,0.006960952011968127,2389.0,0,0.0,1.0,1,1.0,1.0,0.0004185851820845542
Vishwjeet,False,1.4794861386662943,0.7431718726792875,3179.0,0,0.0,1.0,1,0.0,1.0,0.00031456432840515884
Visible-Fly2853,True,3.0720823805855924,1.9589596736804842,453.3,0,1.0,2.0,1,1.0,1.0,0.004412089124200309
Visual-Elk-8171,False,0.788099630295307,0.0006307158834123054,1321.7,0,0.0,1.0,1,0.0,1.0,0.0007566013467503971
Visual-Plenty-9058,False,2.1473900573731406,0.21491703504340598,680.2,1,0.0,2.0,2,0.5,1.0,0.0029403116730373417
Visual-Requirement49,False,0.3208337839847044,6.450470422144176,1644.3,0,1.0,0.0,1,0.0,0.0,0.0
Visual-Wealth8291,False,1.8291005175959918,0.049999255374357565,878.3,0,0.0,1.0,1,0.0,1.0,0.001138563133325743
Visual_Barnacle1464,False,0.9848149099419298,0.3969841393397822,1189.4,0,0.0,1.0,1,1.0,1.0,0.0008407600470825625
Visual_Database3388,False,0.2060022520431468,1.0697085424857606,1486.3,0,1.0,0.0,1,0.0,0.0,0.0
Visual_Temperature71,True,1.266339066230303,0.6438171974355955,1280.3,0,1.0,0.0,1,0.0,0.0,0.0
Vitaaastaaa,False,3.9180406392077387,0.12711550593261478,173.3,0,0.0,1.0,1,1.0,1.0,0.0057703404500865545
Vital_Lamp,False,2.4494802464544856,0.2207245854515676,1950.8,0,0.0,2.0,2,0.0,1.0,0.001025220422390814
Vitcee1,False,2.475513203443604,0.3119274546172589,636.4,0,0.0,1.0,1,1.0,1.0,0.0015713387806411063
VivaLaAnhaa,True,3.963039665811358,1.375926110782707,329.0,1,0.0,1.0,1,0.0,1.0,0.00303951367781155
Viva_la_Ferenginar,False,3.0976612780076067,0.002867497598427979,908.3,0,0.0,1.0,1,0.0,1.0,0.0011009578333149841
VivekSunil,False,1.3277561962834665,0.017120607476668732,2613.1,0,0.0,1.0,1,1.0,1.0,0.00038268722972714404
VividSet9554,True,2.1457161862311374,1.1411719030869056,57.1,0,0.0,1.0,1,1.0,1.0,0.017513134851138354
Vivid_Potato_6544,False,4.028059969301429,0.00634421664378174,599.2,0,0.0,1.0,1,0.0,1.0,0.0016688918558077435
Vivid_blues1274,False,0.07728602272688233,0.0070671672230924526,1754.8,0,0.0,1.0,1,1.0,0.0,0.0005698655117392296
VoirDireWolf_,False,1.4925954312657541,0.2498416739646315,393.2,0,0.0,2.0,1,0.0,1.0,0.00508646998982706
VolatilePiper,False,0.5175955256156181,0.07451310631391399,3079.7,0,0.0,1.0,1,0.0,1.0,0.0003247069519758418
VrijeshSharma,False,0.032549659510785,0.11778303565638346,241.8,0,0.0,1.0,1,1.0,1.0,0.0041356492969396195
W4R10CK8,False,1.9593621412924564,0.10674754554005143,565.4,0,0.0,1.0,1,0.0,1.0,0.0017686593562079944
WANNA_B_E_ALONE,False,2.316695836467411,0.7927866642918867,648.1,0,1.0,0.0,1,0.0,0.0,0.0
WAR10CK94,False,2.1275034699988664,0.008991562159568093,2341.8,0,0.0,2.0,2,0.5,1.0,0.0008540438978563498
Walt925837,False,2.3517583884453597,0.11531660623268465,1826.7,0,0.0,2.0,2,0.0,1.0,0.001094870531559643
Wandererofworlds411,False,1.0035771577464885,0.1511801412192872,1393.5,0,0.0,1.0,1,1.0,1.0,0.0007176175098672408
WanderingBulletier,False,0.8670185681700322,0.9994811567168232,2718.5,0,0.0,1.0,1,0.0,1.0,0.0003678499172337686
WanderingWizard_7,False,2.586390613699903,0.01954459607297023,50.4,0,0.0,1.0,1,1.0,1.0,0.01984126984126984
WanderlustWay,False,2.4126972974959173,0.1885105791676615,829.1,0,0.0,1.0,1,1.0,1.0,0.001206127125799059
WannaBeRational,False,1.2420336488009556,1.1478200765646387,194.1,1,0.0,1.0,1,1.0,1.0,0.005151983513652756
WantToTouchGrass,False,1.6998192485832004,0.30761628735259816,1087.2,1,0.0,1.0,1,0.0,1.0,0.000919793966151582
Warm-Beginning-1488,False,1.5549807515995153,0.05784898395116933,433.2,0,0.0,1.0,1,0.0,1.0,0.0023084025854108957
Warm_Pickle_3599,False,1.6848551164227705,0.0008316008795259885,273.7,0,0.0,1.0,1,0.0,1.0,0.0036536353671903546
Warm_Seaworthiness19,False,2.6744653854062777,0.021184212102701046,1469.5,0,0.0,1.0,1,0.0,1.0,0.0006805035726437564
Waste_Business_8940,False,0.4750101959080252,3.367295829986474,523.0,0,1.0,0.0,1,0.0,0.0,0.0
WastedKnight,False,1.3689824024461745,0.5945877831239152,3573.1,0,0.0,1.0,1,1.0,1.0,0.00027986902129803254
WaveArtistic2814,False,0.3476950360437512,0.6536312208736661,1250.6,0,0.0,1.0,1,0.0,1.0,0.0007996161842315689
Weak_Degree2338,False,0.24770327113073226,0.0022002209096024317,1615.2,0,0.0,1.0,1,0.0,1.0,0.0006191183754333828
Weak_Environment1153,False,0.0954943965255835,0.4393666597838457,888.2,0,0.0,1.0,1,1.0,1.0,0.001125872551227201
Weak_Instruction869,False,3.3016556277454483,0.8464987249829353,972.3,0,1.0,3.0,3,0.6666666666666666,1.0,0.0030854674483184203
Weak_Reason_7278,False,1.220975616447369,0.09803763132951923,214.6,0,0.0,1.0,1,0.0,1.0,0.004659832246039143
Weak_Resort_3149,False,3.833744578269893,6.520915634997138,225.2,1,1.0,1.0,2,0.0,1.0,0.004440497335701599
Weak_Sprinkles_9937,False,1.6370202458854195,0.01634913800152947,580.7,1,0.0,1.0,1,1.0,1.0,0.0017220595832615807
Weary-Bad1258,False,1.1794149367951605,0.13614899362641117,1649.3,0,0.0,2.0,1,0.5,1.0,0.001212635663614867
Weary-Risk-8655,False,1.320357600004282,1.0024945654144417,696.6,0,1.0,0.0,1,0.0,0.0,0.0
Weeboo_6969,False,1.167033150056124,0.9734650526901084,1671.0,0,1.0,0.0,1,0.0,0.0,0.0
Weekly-Card-8508,False,0.8603585597574508,0.7497988134396046,1956.0,0,1.0,1.0,2,1.0,1.0,0.0005112474437627812
WeeklyDebate2259,False,1.6062091224422563,1.1980026373394321,1886.1,0,0.0,1.0,1,1.0,1.0,0.000530194581411378
Weird-Balance-481,True,1.775149105524742,1.3780114211235428,318.7,0,1.0,0.0,1,0.0,0.0,0.0
Weird-Barracuda2616,False,0.1475288463816385,0.010362787035546583,603.9,0,0.0,1.0,1,0.0,1.0,0.0016559032952475575
Weird-Highway-3958,False,1.2548582902490288,0.1819013508868801,1328.1,0,0.0,1.0,1,1.0,1.0,0.00075295534974776
Weird-Tiger-3124,False,1.3193110770262002,0.35635420838244675,1949.4,0,0.0,1.0,1,1.0,1.0,0.0005129783523135324
WeirdSet1792,False,4.031643495745458,0.319749822825051,967.6,0,1.0,0.0,1,0.0,0.0,0.0
Weird_Dealer_2194,False,0.5377341930669649,1.2010272940961793,1585.4,0,1.0,0.0,1,0.0,0.0,0.0
Weird_Search_4723,False,0.791417401992747,1.0435984177903215,644.0,0,1.0,0.0,1,0.0,0.0,0.0
Welder-Radiant,False,2.437144346528022,0.13141307632217564,2071.2,0,0.0,5.0,2,0.6,1.0,0.0024140594824256473
WestCrafty4823,False,1.5522286935150844,0.6195522920501115,1945.2,0,0.0,2.0,1,0.0,1.0,0.0010281719103434094
West_Future326,False,4.863066080320986,2.2548549838539995,2040.4,0,3.0,1.0,2,0.0,1.0,0.0004900999803960007
West_Poetry_7183,True,2.1663126305173717,3.844192249121372,259.9,0,1.0,0.0,1,0.0,0.0,0.0
West_Screen_7834,False,0.9714571131828631,3.0226397264739155,274.7,1,1.0,0.0,1,0.0,0.0,0.0
Western-Language-825,False,3.3990445283010544,1.041577706170032,93.0,0,0.0,1.0,1,0.0,1.0,0.010752688172043012
Western-Spirit2171,False,1.0611768188197144,1.6623299281853479,1324.5,0,1.0,0.0,1,0.0,0.0,0.0
Wh1teWalkerr,True,0.06569417902806673,0.8938178760220965,1605.3,0,0.0,1.0,1,1.0,1.0,0.00062293652276833
WhatInTheWorld769,False,1.4198835795583815,0.39465419200394874,1304.9,0,0.0,1.0,1,0.0,1.0,0.000766342248448157
WhatShouldTheHeartDo,False,5.199504992695072,0.09131044355758804,1424.4,0,0.0,6.0,2,0.6666666666666666,1.0,0.004212299915754001
WhattaMatchhh,False,1.255846535539356,0.6228230918368239,1295.2,0,1.0,0.0,1,0.0,0.0,0.0
Which_Appointment450,False,2.723654053115905,0.053480216080437064,1276.0,0,0.0,1.0,1,1.0,1.0,0.0007836990595611285
WhiteChili,False,3.455600816734773,3.4340507025960987,3593.6,0,1.0,0.0,1,0.0,0.0,0.0
WhiteSnowYelloSun,False,2.504023390727362,0.005188499681888121,1101.0,0,0.0,1.0,1,0.0,1.0,0.0009082652134423251
Whiterose-_-,False,1.417958787101518,0.9703301200871068,1594.6,0,1.0,0.0,1,0.0,0.0,0.0
Whole_Pineapple9003,False,0.20357773504992355,0.0467617659080393,868.1,0,0.0,1.0,1,0.0,1.0,0.0011519410206197443
Why_Uddhav,False,1.1938883043823063,0.25826161101081596,1596.6,0,0.0,2.0,2,0.5,1.0,0.0012526619065514218
Wide-Recognition-607,False,2.1284018770364033,0.35663044576685826,1301.1,0,0.0,2.0,1,0.5,1.0,0.0015371608638844055
Wide_Equal,False,0.22331535786046175,0.0021436235432514368,1862.4,0,0.0,1.0,1,1.0,1.0,0.0005369415807560137
Wide_Quarter_5232,False,2.1832029259951535,0.06021039384705602,517.1,0,0.0,1.0,1,0.0,1.0,0.0019338619222587505
Wide_Skirt8532,False,0.6616372094399133,0.039449965790690676,743.1,0,0.0,1.0,1,1.0,1.0,0.0013457139012245996
Wild-Detective-3696,False,1.5835945252003552,0.9464889790233534,2039.8,0,1.0,1.0,1,0.0,1.0,0.0004902441415825081
Wild-Love-2364,False,0.4225949387293291,0.09819202617921376,526.7,0,0.0,1.0,1,0.0,1.0,0.0018986140117714066
WildChildNumber2,False,3.648541733550695,0.005918619094759605,1154.8,0,0.0,1.0,1,0.0,1.0,0.0008659508139937652
WildPractice9929,False,1.6738265422426044,0.11203919447713141,250.2,0,0.0,1.0,1,0.0,1.0,0.003996802557953637
Wild_Contribution708,False,2.833031316956429,0.7952493816232653,517.1,0,0.0,1.0,1,0.0,1.0,0.0019338619222587505
Wild_Relation5840,False,0.0818374553760082,0.005797117684325904,2016.9,0,0.0,1.0,1,1.0,1.0,0.0004958104021022361
WillingFly247,False,4.285734471444833,0.7705922313375816,835.2,0,0.0,2.0,2,0.0,1.0,0.0023946360153256703
WillingUniversity981,False,0.4654546617653133,0.799669811397949,966.7,1,1.0,0.0,1,0.0,0.0,0.0
WillingnessHead7678,False,3.4427232848597753,0.009025057455661612,327.2,0,0.0,1.0,1,1.0,0.0,0.003056234718826406
WillingnessKey7841,False,1.453563755212892,0.43484621048431304,1527.3,0,0.0,1.0,1,0.0,1.0,0.0006547502127938192
WillowPrevious5141,False,3.5792112351414525,0.5410438684991228,591.3,0,2.0,3.0,2,0.6666666666666666,0.6666666666666666,0.005073566717402334
Willywilkes,False,1.2149065989528434,0.13075756313933046,3428.3,0,0.0,1.0,1,0.0,1.0,0.0002916897587725695
Wind_8797,False,3.3851665949032896,0.13448425083151183,1425.1,0,0.0,2.0,2,0.5,1.0,0.0014034102869974038
Wind_Runner26,False,2.621332887428793,0.16068909407844653,964.4,0,0.0,1.0,1,0.0,1.0,0.0010369141435089175
Winter-Issue-9764,False,0.15614972442847888,0.008968669982760406,656.8,0,0.0,1.0,1,0.0,1.0,0.0015225334957369063
Winter-Yam3726,False,1.803128026398654,0.0003866228542263429,510.2,0,0.0,1.0,1,1.0,0.0,0.001960015680125441
WinterCherry-Blossom,False,1.2393141298122683,0.2604499812071784,1914.2,0,0.0,1.0,1,1.0,0.0,0.0005224114512590116
Winter_Ad_5078,False,1.378611687303322,0.05598208794413795,1447.1,0,0.0,1.0,1,1.0,0.0,0.0006910372469076083
Winter_Value_7632,False,3.4649541146989287,0.4067152885854637,671.8,0,0.0,2.0,1,0.5,1.0,0.0029770765108663296
Wiper-R,False,0.8204216856661357,0.6242569310649768,1532.1,0,1.0,0.0,1,0.0,0.0,0.0
WisdomExplorer_1,False,1.0207020305646493,0.1670540846631662,1054.0,1,0.0,1.0,1,0.0,1.0,0.0009487666034155598
Wise-Formal494,True,3.5600475925075266,6.31252357713828,371.2,0,1.0,0.0,1,0.0,0.0,0.0
Wise-Lecture-9220,False,2.6619076807405815,0.00837267483109463,855.1,0,0.0,6.0,2,0.5,1.0,0.007016723190270143
Wise-Message-9647,False,0.18651066087913049,0.0025348556031880524,1921.6,0,0.0,1.0,1,1.0,1.0,0.0005203996669442131
Wise-Product-9000,False,1.2983102214076387,0.006706933256718078,280.5,0,0.0,1.0,1,1.0,0.0,0.0035650623885918
Wisecrackguy,False,1.293295237793738,0.03115516777979553,554.3,0,0.0,1.0,1,1.0,1.0,0.001804077214504781
Witty-Strategy187,False,1.738624657851643,0.0002746875446471008,776.2,0,0.0,1.0,1,1.0,1.0,0.0012883277505797474
Witty_Current69,False,0.7007565083091001,0.9931932609714147,1682.3,0,1.0,0.0,1,0.0,0.0,0.0
Wizarder00,False,2.541370552506178,0.10476659155531483,1327.0,0,0.0,1.0,1,1.0,1.0,0.0007535795026375283
Wizardofoz756,False,1.0573741809590647,0.01382738080180313,2170.0,0,0.0,2.0,1,0.0,1.0,0.0009216589861751152
WolfyBoy20,False,0.20263494797269213,0.2964790243951394,2875.9,0,0.0,1.0,1,0.0,1.0,0.00034771723634340556
WolverineCandid2295,False,1.0278468908677387,0.023282131873287912,1815.0,0,0.0,1.0,1,0.0,1.0,0.0005509641873278236
WolverineGG,False,2.3223385149563573,0.3699695180696508,398.5,0,0.0,1.0,1,1.0,1.0,0.002509410288582183
WomenRepulsor,False,4.256371519731978,0.006182308322956125,1460.3,0,0.0,1.0,1,0.0,1.0,0.0006847907964116963
Wonder-Mann,False,2.6389024709235054,0.31195393825009365,322.9,0,1.0,1.0,1,1.0,1.0,0.0030969340353050484
Wonder-child3,False,2.1018531277701245,0.13812246212916077,924.9,0,0.0,2.0,1,1.0,1.0,0.0021623959346956426
Wonderful-Ear-5003,False,1.0964173909221469,0.7014272429205586,1337.9,0,0.0,1.0,1,0.0,1.0,0.0007474400179385604
Wonderful-Scar-3749,False,1.3741048676010141,0.0002968680443355261,1141.1,0,0.0,3.0,1,0.0,1.0,0.0026290421523091755
Wonderful_Ad7975,False,1.1390257913585282,2.5509160090025804,832.5,0,2.0,0.0,1,0.0,0.0,0.0
Wonderful_Swan_1062,False,1.1847319814450743,0.8302744058975239,2103.7,0,1.0,1.0,1,1.0,1.0,0.0004753529495650521
Wonderful_Toe8986,True,3.6177987277837436,5.439165675135416,228.6,0,1.0,0.0,1,0.0,0.0,0.0
Working-Pack-1490,False,3.7610360400543246,0.20154204673406223,170.1,0,0.0,2.0,2,0.5,1.0,0.011757789535567314
WorkingBet9469,False,2.71980156871935,0.028486978360269158,1064.8,0,0.0,1.0,1,0.0,1.0,0.0009391435011269722
Working_Knowledge338,False,1.9745952970541718,0.29433545694251756,486.0,0,0.0,3.0,1,0.3333333333333333,1.0,0.006172839506172839
World_Obliterator,True,5.127792785173361,2.5342889712637047,159.2,0,1.0,1.0,1,0.0,1.0,0.00628140703517588
Worldly-Specialist10,False,1.1341586710583362,0.10455156320707776,1757.6,0,0.0,1.0,1,0.0,1.0,0.0005689576695493856
Worldly-Squirrel4874,False,0.7311285564680929,0.24927569159105778,583.8,0,0.0,1.0,1,1.0,1.0,0.0017129153819801302
Worldly_Hotel_2918,False,0.01701224460962923,0.34484048629172953,1340.5,0,0.0,1.0,1,0.0,1.0,0.0007459903021260724
Worried-Concept-5535,False,1.4585646521052664,0.037354451072791686,784.9,0,0.0,1.0,1,1.0,1.0,0.0012740476493820869
Worried-Stable6354,False,2.840963603144066,0.10466423166693183,1137.1,0,0.0,1.0,1,0.0,1.0,0.0008794301292762291
Worried_Cod8892,False,1.7453008280931597,0.1634530724895718,879.3,1,0.0,1.0,1,1.0,0.0,0.0011372682815876266
Worried_Respect_9609,False,3.3268897905047297,0.02903163895487769,894.1,1,0.0,3.0,1,0.6666666666666666,1.0,0.0033553293815009504
Worth-Factor4179,False,0.19673000174732108,0.5608792119821946,906.1,0,0.0,1.0,1,0.0,1.0,0.0011036309458117206
Worth_Scene9525,False,0.6609020811430892,0.09688460597751632,1560.0,0,1.0,0.0,1,0.0,0.0,0.0
WowOrangePotato,False,2.238019117807687,0.00016389412476250763,728.5,0,0.0,1.0,1,0.0,1.0,0.0013726835964310226
Wrong-Secretary-2507,False,1.109026466598229,0.17062551703076334,401.2,0,0.0,1.0,1,0.0,1.0,0.0024925224327018943
Wrong_Run3311,False,1.608569961467058,2.041717965097825,1659.8,0,1.0,0.0,1,0.0,0.0,0.0
Wyevez,False,3.034851019787844,0.02442780382439364,3413.8,0,0.0,1.0,1,0.0,1.0,0.00029292870115413906
XBatman07,False,3.266763768044207,6.676017208056407,408.7,0,0.0,1.0,1,0.0,1.0,0.002446782481037436
XH3LLSinGX,False,2.904680833858705,0.060328846794749445,2950.1,0,0.0,2.0,2,0.5,1.0,0.000677943120572184
XO-1-2-1-5-0-XO,False,3.061666468330537,0.0013708021337786645,35.8,0,0.0,1.0,1,1.0,1.0,0.02793296089385475
Xcaliber_in,False,1.6383099202067142,0.07866151524927632,1192.1,0,0.0,1.0,1,1.0,1.0,0.0008388558006878618
XenevaOS,False,1.2624024035913126,1.264100202298531,892.3,0,1.0,0.0,1,0.0,0.0,0.0
Xeo56719,False,1.4159992196074838,0.02438186056798268,412.1,0,0.0,1.0,1,0.0,1.0,0.002426595486532395
Xiao891,False,2.317184941094361,0.1319224726528633,1105.6,0,1.0,5.0,3,1.0,1.0,0.004522431259044863
Xixiq,False,2.771348382826594,0.38627852998645995,2193.3,0,2.0,0.0,1,0.0,0.0,0.0
Xtremo223,False,0.030814331402438125,0.2113090936672069,639.1,0,0.0,1.0,1,1.0,1.0,0.0015647003598810826
Xyli0304,False,1.9719865704531587,2.452787100365888,163.3,0,1.0,0.0,1,0.0,0.0,0.0
YaBhuteshu,False,0.08920010240181646,0.11355469954686234,1886.4,0,0.0,1.0,1,0.0,1.0,0.0005301102629346904
Yagiudanta,False,0.10411319033636496,0.006779686985378761,1339.7,0,0.0,1.0,1,0.0,1.0,0.0007464357692020602
YamSweet6732,False,0.38946476676172326,2.9444389791664403,37.8,1,1.0,0.0,1,0.0,0.0,0.0
Yameromn,False,0.7151723678114839,0.13741992636421504,2959.2,0,0.0,1.0,1,0.0,1.0,0.0003379291700459584
YashrajMittal,False,4.501859336006453,2.9089545141334647,352.0,0,2.0,0.0,1,0.0,0.0,0.0
YeoboFoodies,False,1.8142204478197224,0.26180262446396024,935.5,0,0.0,1.0,1,0.0,1.0,0.0010689470871191875
YesterdayDreamer,False,4.452668883677858,0.04468169117761839,1151.0,0,0.0,5.0,3,0.4,1.0,0.004344048653344918
YoGundam,False,2.043922015428459,0.0023800090568113002,375.4,1,0.0,1.0,1,1.0,1.0,0.002663825253063399
YoSinArmas,False,0.9884223039193235,0.45812836998298306,1230.0,0,0.0,1.0,1,0.0,1.0,0.0008130081300813008
YogiOfKurukshetra,False,1.0462566663616997,0.40886069710930256,318.9,0,0.0,1.0,1,1.0,1.0,0.0031357792411414237
YogurtclosetMurky287,False,2.8127913745392696,0.3022448121219223,416.7,0,0.0,1.0,1,1.0,1.0,0.0023998080153587713
Yoonbeomie,False,3.714075906320234,0.1470045928309011,1403.5,0,0.0,1.0,1,1.0,0.0,0.0007125044531528322
Yorker_length,False,2.389486179920698,0.15757156575102724,2659.8,0,0.0,1.0,1,0.0,1.0,0.0003759681179036018
YourAverageBrownDude,False,2.729303722311229,0.08889575833788319,3138.9,0,1.0,0.0,1,0.0,0.0,0.0
YourStonedMom,False,0.964845807105079,0.11004196955478306,1742.2,0,0.0,1.0,1,1.0,1.0,0.0005739869130983814
Your_Marinette,False,4.5773924510361015,0.2587742719942711,562.1,0,0.0,5.0,1,0.8,1.0,0.008895214374666428
Yourxmp4,False,0.8039154565169857,0.45858963184717677,1001.4,0,0.0,1.0,1,0.0,1.0,0.0009986019572598363
Yuukkii_006,False,3.209914168713202,1.384195028820232,380.2,0,1.0,0.0,1,0.0,0.0,0.0
Z3Hexenal,False,0.587182456751807,0.8529825438115289,3752.6,0,0.0,1.0,1,0.0,1.0,0.00026648190587859083
Zack_knight_,False,3.3280996117919672,1.4323507781515405,2184.8,0,0.0,1.0,1,0.0,1.0,0.0004577077993409007
Zaggiee0852,False,0.4755993293181412,0.8407383091530932,1661.8,0,1.0,0.0,1,0.0,0.0,0.0
Zanarkke,False,1.599747903676906,0.028036966459470278,3724.9,0,0.0,1.0,1,0.0,1.0,0.00026846358291497755
Zane9593,False,0.38915869844488615,0.5968311331100404,2846.1,0,1.0,0.0,1,0.0,0.0,0.0
ZappyChuu,False,2.3039704787056734,0.04935603355576374,382.3,0,0.0,1.0,1,0.0,1.0,0.0026157467957101752
Zawasdea_Zygote,False,2.800870805027357,0.7068025725781366,1211.4,0,0.0,1.0,1,0.0,1.0,0.0008254911672445104
ZeTax8,False,1.734160078447446,0.972831671165309,346.9,0,2.0,0.0,1,0.0,0.0,0.0
Zealousideal-Bank441,False,2.248271315980053,0.059684342368257384,572.4,0,0.0,1.0,1,0.0,1.0,0.0017470300489168414
Zealousideal-Toe-443,False,0.5265110592915302,0.5762406739050582,2011.5,0,1.0,0.0,1,0.0,0.0,0.0
Zealousideal-Yak1106,True,4.957080642078841,0.009882785702188923,71.3,0,0.0,1.0,1,0.0,1.0,0.014025245441795233
ZealousidealChain645,False,2.3327525281384895,0.2055638711036282,330.1,0,0.0,1.0,1,1.0,1.0,0.0030293850348379276
ZealousidealOkra2279,False,0.5236098735563406,0.47818749613708134,1852.9,0,0.0,1.0,1,0.0,1.0,0.0005396945328943818
ZealousidealYouth961,False,1.3704542484054836,0.15387749310243404,830.4,0,0.0,2.0,1,1.0,1.0,0.002408477842003854
Zealousideal_Fun9869,False,1.335818053476908,0.711655735349608,1906.1,0,0.0,1.0,1,1.0,1.0,0.0005246314464088978
Zealousideal_Map5074,False,2.5751350182862427,1.4450291679375793,1535.8,0,1.0,0.0,1,0.0,0.0,0.0
Zealousideal_Poem575,False,0.4266421668890551,0.5144375140823929,1909.4,0,1.0,0.0,1,0.0,0.0,0.0
Zealousideal_Work797,False,1.8498070781546139,6.704414354964107,147.8,0,1.0,0.0,1,0.0,0.0,0.0
ZenMat79,False,2.7376368784317204,0.007785916167216683,3006.9,0,0.0,2.0,1,0.0,1.0,0.0006651368519072799
ZenithChaser69,False,2.9812647404051122,0.15065798909047998,1710.6,0,1.0,2.0,2,0.0,1.0,0.0011691804045364201
Zestyclose-Reach-317,False,1.9688845219606728,0.18429132901310472,1715.0,0,0.0,2.0,2,1.0,0.5,0.0011661807580174927
Zestyclose-Tell3201,True,2.4208975559988937,0.1079433840760804,113.3,0,0.0,1.0,1,1.0,1.0,0.008826125330979701
Zestyclose_Net7570,False,2.3634323934957027,1.2301112500712015,670.9,0,0.0,1.0,1,1.0,1.0,0.0014905351021016545
Zestyclose_Sink_1062,True,1.0213944301977347,0.838944806553028,1028.1,0,0.0,1.0,1,0.0,1.0,0.0009726680284019065
Zilong_96,False,2.037780247462786,0.8000637991325066,1306.2,0,0.0,1.0,1,1.0,1.0,0.000765579543714592
Zingo8,False,0.6036660566987322,0.9001020045242368,405.4,0,1.0,0.0,1,0.0,0.0,0.0
Zirby_zura,False,1.785623490021582,0.007726738967145416,2329.5,0,0.0,1.0,1,1.0,1.0,0.00042927666881305
Zombiesalad1337,False,2.611178143200874,0.4348390609426331,2947.9,0,0.0,1.0,1,1.0,1.0,0.0003392245327182062
ZoroMommy,False,0.8143470871516814,3.0313232186566936,1136.2,0,1.0,0.0,1,0.0,0.0,0.0
Zukuzukuagingadi,False,2.287980410391175,0.009469100763730543,1449.8,0,0.0,2.0,2,0.5,1.0,0.0013795006207752794
Zumar92,False,1.8204428375054824,0.03843841053613166,2311.1,0,0.0,1.0,1,1.0,1.0,0.00043269438795378825
Zydus1818,False,2.018845136440642,0.04624266159067973,2602.6,0,0.0,1.0,1,0.0,1.0,0.0003842311534619227
Zygarde_1998,False,4.938717186074429,0.6629260228535612,116.4,0,2.0,1.0,2,1.0,1.0,0.008591065292096219
Zzupermann,False,0.5505682163673913,0.20772628728688283,2409.3,0,0.0,1.0,1,1.0,1.0,0.00041505831569335486
_2f,False,2.316666526688642,0.14455776317067054,4039.9,1,1.0,0.0,1,0.0,0.0,0.0
_444_444_4444,False,4.099111373250483,0.08761686174062057,511.7,0,1.0,4.0,2,1.0,1.0,0.007817080320500294
_Aditya_Raj_,False,0.033424640539738905,2.681021528714291,2118.3,0,0.0,1.0,1,0.0,1.0,0.00047207666525043664
_After_glow,False,2.6122408564287265,0.29964911533018856,104.2,0,0.0,1.0,1,1.0,1.0,0.009596928982725527
_Astareus_,False,2.5273354779238866,0.6840788136034301,1181.5,0,0.0,1.0,1,0.0,1.0,0.0008463817181548879
_BatmanReal,False,3.492708402894037,0.19405243380273587,930.2,0,0.0,2.0,1,0.5,1.0,0.0021500752526338422
_CapMactavish_,False,3.9024399664943714,2.9873449900413025,721.8,0,0.0,1.0,1,0.0,1.0,0.0013854253255749516
_DrMischief_,False,2.2672430718424073,0.4734209755872573,2601.6,0,0.0,1.0,1,0.0,1.0,0.0003843788437884379
_Floydimus,False,3.646199685296594,0.7400062968956924,1042.2,0,3.0,5.0,3,0.6,1.0,0.004797543657647284
_FruitPunchSamuraiG_,False,1.8267003693353683,0.006812678417506831,1581.9,0,0.0,1.0,1,0.0,1.0,0.0006321512105695683
_KALKI_09,False,1.070546996980739,0.03190951914444075,3138.8,0,0.0,2.0,1,0.5,1.0,0.0006371861858034917
_Kissess,True,4.962761003361266,0.32835787882763423,66.9,0,0.0,2.0,2,0.5,0.5,0.029895366218236172
_Lelouch420_,False,2.7066971614845228,0.029150500869490125,2504.7,0,0.0,2.0,2,1.0,1.0,0.0007984988222142373
_MIGHT_,False,1.4095442906588767,0.05245646975902883,1492.2,0,0.0,1.0,1,1.0,1.0,0.0006701514542286557
_MiGi_0,False,1.6878505044846535,0.0180356098993639,1687.9,0,0.0,1.0,1,1.0,1.0,0.0005924521594881213
_Not__Available_,False,3.010502932613409,1.5747168325266352,2138.4,0,0.0,1.0,1,0.0,1.0,0.0004676393565282454
_RomanRoy,False,1.0534937179617574,0.0006487188031590487,825.1,0,0.0,1.0,1,0.0,1.0,0.0012119743061447096
_SHAXLE_,False,0.4654399502132032,0.18444973963861241,2061.7,0,0.0,1.0,1,0.0,1.0,0.00048503662026483005
_Speechless_Dude,False,0.8990768325122289,0.4878575392414996,2667.2,0,0.0,1.0,1,1.0,1.0,0.0003749250149970006
_SuiCune_10,False,0.37010363667265306,1.55814461804655,846.2,0,0.0,1.0,1,0.0,1.0,0.0011817537225242258
_TheChosenOne15_,False,3.487706534389852,0.09965686468919882,1633.7,0,0.0,1.0,1,1.0,1.0,0.0006121074860745547
_TheDepressedOne_,False,2.839380310196713,0.29962635430294754,1148.7,0,1.0,1.0,2,0.0,1.0,0.0008705493166187864
_Wolf_06_,False,0.22432403164017317,0.03053672386008165,524.9,0,0.0,1.0,1,1.0,1.0,0.0019051247856734616
__DraGooN_,False,4.942248243045077,0.025570120776647828,2217.1,0,0.0,1.0,1,1.0,1.0,0.00045103964638491725
__Pixie___,True,1.3746390980161451,0.3481341763690559,1471.4,0,0.0,1.0,1,0.0,1.0,0.0006796248470844093
__Researcher__,False,0.9316365640852243,0.37164745256911513,386.7,0,0.0,1.0,1,1.0,1.0,0.002585983966899405
__bOnJour___,False,2.8619062867308434,0.006715941965436858,135.8,0,0.0,1.0,1,0.0,1.0,0.0073637702503681875
__nechto_,False,0.023489042337123615,0.36772478012531734,504.9,0,0.0,1.0,1,1.0,0.0,0.001980590215884334
_abhinav_m,False,2.257104054365937,0.015748356968139168,186.9,0,0.0,1.0,1,1.0,1.0,0.005350454788657036
_anencephalous,False,1.9504155332096618,0.25717920375623093,809.9,0,0.0,2.0,2,0.5,1.0,0.0024694406716878627
_cornflakesguy_,False,5.047164572860896,0.054931489414459245,348.2,0,0.0,1.0,1,1.0,1.0,0.002871912693854107
_fatcheetah,False,2.2353458950462,0.062110616258138525,3337.0,0,0.0,4.0,3,0.0,1.0,0.001198681450404555
_firetailunicorn247_,False,0.7066886681787494,1.7228986196569334,2948.6,0,1.0,0.0,1,0.0,0.0,0.0
_forbiddensimps_,False,0.602165907256063,0.23423167600467612,1755.3,0,0.0,1.0,1,1.0,1.0,0.0005697031846408022
_freeWind,False,1.2706593182304977,0.1052154725072348,597.3,0,0.0,1.0,1,1.0,1.0,0.0016742005692281937
_goodthingsfallapart,False,2.337127428656388,1.7622271216630376,353.1,0,1.0,0.0,1,0.0,0.0,0.0
_hyperrjedi,False,1.1050992362080565,0.35495179589605014,491.7,0,0.0,1.0,1,1.0,1.0,0.002033760423022168
_i_am_sus,False,3.012712487218569,0.4300120546166254,1650.2,0,1.0,4.0,1,1.0,1.0,0.0024239486122894192
_kiss-my-axe_69,False,1.547201392736699,0.012526259819180301,1172.7,0,0.0,1.0,1,1.0,1.0,0.0008527330092947898
_m_e_l_o_u_,False,2.5843613912666683,0.8378524096192123,1711.0,0,0.0,1.0,1,0.0,1.0,0.0005844535359438924
_msd117,False,2.0534504504409483,0.0027962269180668666,1264.8,0,0.0,1.0,1,1.0,1.0,0.0007906388361796332
_norwester,False,0.9190788470903147,0.4862575971306098,1991.4,0,0.0,1.0,1,0.0,1.0,0.0005021592849251782
_ordinarilyordinary_,False,4.357924398518511,0.09638605208335767,559.7,0,0.0,1.0,1,0.0,1.0,0.0017866714311238162
_ronki_,False,2.380913190186564,0.04930294467717333,2742.6,0,0.0,1.0,1,0.0,1.0,0.0003646175162254795
_shivraj28_,False,2.0351186937400705,0.3941632723707229,740.4,0,2.0,0.0,2,0.0,0.0,0.0
_the_morningstar__,True,3.765841499725505,1.7194304384120678,460.9,0,0.0,1.0,1,1.0,1.0,0.002169668040789759
_thefourthstate_,False,1.268910773188927,0.08931803105880101,539.7,0,0.0,1.0,1,1.0,1.0,0.0018528812303131369
_turbo1507,False,0.42628777824777275,0.11231303497270803,812.7,0,0.0,1.0,1,0.0,1.0,0.0012304663467454164
_udit_jain_,False,0.26589955777876045,2.2270775404859005,1001.3,0,1.0,0.0,1,0.0,0.0,0.0
_vanxh,False,1.8577725452333216,0.3369878334359349,501.9,0,1.0,2.0,1,0.0,1.0,0.003984857541342897
_vedantt1_,False,4.045061430310957,1.7698347800509697,2558.1,0,0.0,1.0,1,0.0,1.0,0.0003909151323247723
a-cuteboy,True,3.8899346910151658,1.745035184365611,65.0,0,1.0,1.0,1,0.0,1.0,0.015384615384615385
a_door_exist,False,0.8778777255152772,0.3116775780079966,169.3,0,0.0,1.0,1,0.0,1.0,0.005906674542232723
aaaloooparathaaa,False,3.2654169819286607,0.0030541936325587785,481.6,0,0.0,6.0,2,0.3333333333333333,0.8333333333333334,0.012458471760797342
aadishhere,False,1.5691393800914202,1.4931460720854428,1901.9,0,1.0,0.0,1,0.0,0.0,0.0
aaffpp,False,2.2089957497764763,0.832065670838603,4926.5,0,1.0,3.0,1,0.6666666666666666,0.6666666666666666,0.0006089515883487262
aalavidusaami,False,1.4189026555870865,0.24843258190601716,1137.4,1,0.0,1.0,1,0.0,1.0,0.0008791981712678037
aameezl,False,1.8557261805720988,1.8625285401162623,328.0,0,1.0,0.0,1,0.0,0.0,0.0
aammman5,False,2.3204693252504667,1.9842801603282818,133.0,0,1.0,0.0,1,0.0,0.0,0.0
aapkapyara,False,2.4002215765770014,0.3263340997442854,1288.1,0,2.0,0.0,1,0.0,0.0,0.0
aareet,False,0.09754963940157599,0.0937014566045764,5445.7,0,0.0,1.0,1,1.0,1.0,0.0001836311218025231
aarnav___,False,0.3174381985928079,0.0038240964384034432,698.6,1,0.0,1.0,1,1.0,1.0,0.00143143429716576
aarshi25,False,0.24044363335382324,0.30799460032839737,4326.5,0,0.0,1.0,1,0.0,1.0,0.00023113371085172773
aavaaraa,False,4.267561077338392,0.16073295344743638,693.7,0,0.0,1.0,1,0.0,1.0,0.001441545336600836
aayushkkc,False,2.359311769310431,0.3651819897793518,4020.8,0,0.0,1.0,1,1.0,1.0,0.00024870672502984477
aayushupadhy2,False,2.337133063398128,0.6429553554054093,359.3,0,1.0,0.0,1,0.0,0.0,0.0
ab316_1punchd,False,5.224121406802549,0.0741093927247425,2638.6,0,0.0,1.0,1,0.0,1.0,0.00037898885772758283
abar1603,False,1.1786946943719674,0.003061617393417426,1162.6,0,0.0,1.0,1,1.0,1.0,0.0008601410631343541
abh11nav,False,0.3216286334025955,1.9750967701418451,1555.2,0,1.0,0.0,1,0.0,0.0,0.0
abhay_00,False,1.7341330681281835,0.02289381986585256,729.2,0,0.0,1.0,1,0.0,1.0,0.0013713658804168952
abhi150993,False,0.8583967534552525,0.8584002741915089,3264.0,0,0.0,1.0,1,0.0,1.0,0.00030637254901960784
abhi8149,True,0.5943566807308363,0.10949423829466032,3051.0,0,0.0,2.0,1,0.0,1.0,0.0006555227794165847
abhi_neat,False,0.9663886143888806,0.030176048869617608,2994.9,0,0.0,1.0,1,0.0,1.0,0.00033390096497378874
abhiflares,False,0.2094318017718798,0.002275313837135497,3772.9,0,0.0,1.0,1,1.0,0.0,0.000265048106231281
abhigoswami18,False,5.969556052040812,2.7673392607001324,2793.0,0,0.0,2.0,2,0.0,1.0,0.0007160759040458289
abhijithrana,False,1.1356898188158813,0.3490931669788292,1704.9,0,1.0,0.0,1,0.0,0.0,0.0
abhilasha_1310,False,0.7569260017643943,0.005390848634876428,2135.7,0,0.0,1.0,1,1.0,1.0,0.00046823055672613197
abhinav248829,False,2.992363757939755,0.06970625069482837,3184.8,0,0.0,1.0,1,0.0,1.0,0.0003139914594323034
abhishekprime10,False,0.16867958499264674,0.5254490564593053,3243.7,0,0.0,1.0,1,0.0,1.0,0.00030828991583685297
abhisheksopinion,False,0.22113069935335136,2.1102132003465894,129.3,0,0.0,1.0,1,0.0,1.0,0.007733952049497292
abhizitm,False,1.6827790401150944,0.05090268028141485,2152.5,0,0.0,2.0,1,0.0,1.0,0.0009291521486643438
abhunia,True,0.8972955159311049,0.9020280104262548,1364.8,0,1.0,0.0,1,0.0,0.0,0.0
abhxay,False,0.17367375072408817,0.02636687584074225,1413.0,0,0.0,1.0,1,1.0,1.0,0.0007077140835102619
abskpr,False,0.8836404408226325,0.23361485118150516,4682.0,0,0.0,1.0,1,1.0,0.0,0.00021358393848782572
absolute_realist,False,0.6062164936317644,0.2460093760512129,1126.6,0,1.0,0.0,1,0.0,0.0,0.0
absolutum-dominium,False,1.4213856809311607,0.010861530000170335,1708.0,0,0.0,1.0,1,1.0,1.0,0.000585480093676815
absurdist_cyrus,False,1.2333895380711426,0.952824475206611,457.9,0,0.0,1.0,1,1.0,1.0,0.0021838829438742087
abyssDweller1700,False,3.0006445113421734,0.443151351181687,3779.2,0,0.0,1.0,1,1.0,1.0,0.00026460626587637595
acousticpoetry,False,0.38850083577683386,0.8184848588141587,1607.1,0,0.0,1.0,1,0.0,1.0,0.0006222388152572958
ad_itya8901,False,2.57835326226281,0.3032529192286305,949.7,0,1.0,0.0,1,0.0,0.0,0.0
adainewiz,False,1.3229017842838708,0.013107288826623837,2035.0,0,0.0,1.0,1,0.0,1.0,0.0004914004914004914
adarshsingh87,False,2.6995135215750703,0.8504578410631624,2894.0,0,0.0,2.0,2,1.0,1.0,0.000691085003455425
adashelby0,False,1.8583037279380183,1.1590127957368561,1648.3,0,1.0,1.0,2,1.0,0.0,0.0006066856761511861
addiechavez,False,1.1184154613991497,5.560276690738684,2396.6,0,1.0,0.0,1,0.0,0.0,0.0
adiihooyaar,False,0.34846287837836193,0.34409616173187224,376.6,0,2.0,0.0,2,0.0,0.0,0.0
aditya_1234,False,0.31158521228775987,1.8834398809818012,3307.0,0,1.0,0.0,1,0.0,0.0,0.0
adityak469,True,2.1567286476650414,0.44748074285127815,4160.9,0,0.0,1.0,1,0.0,1.0,0.00024033262034655966
adityapixel,False,3.989533406573696,4.3672519885905645,2359.0,0,1.0,0.0,1,0.0,0.0,0.0
adminsare200iq,False,3.73219963346387,0.055944082811447034,1949.7,0,0.0,1.0,1,0.0,1.0,0.0005128994204236549
adnyani,False,1.9335632472556794,0.3383455898168274,2330.7,0,0.0,1.0,1,0.0,1.0,0.0004290556485176128
adoreroda,False,4.020750209576038,0.029623632283642804,2203.5,0,1.0,0.0,1,0.0,0.0,0.0
adrenxline00,False,0.806522981228921,0.09248731272162021,227.4,0,0.0,2.0,1,0.0,1.0,0.008795074758135443
adritandon01,False,2.5241530132381853,0.399612146636569,2136.7,0,0.0,1.0,1,1.0,1.0,0.0004680114194786353
advocatedinkar,False,1.0174182184715945,0.3396364111000572,2329.5,0,0.0,1.0,1,0.0,1.0,0.00042927666881305
ael_369,False,0.059732048725289956,0.1541506798272583,2940.6,0,0.0,1.0,1,1.0,1.0,0.00034006665306400053
afeefpsiraj,False,1.0505436945574491,1.7638327626935326,3304.1,0,0.0,1.0,1,1.0,1.0,0.0003026542780182198
afrominic,False,0.34603089653350366,0.6721617453960582,2962.9,0,1.0,0.0,1,0.0,0.0,0.0
agelast07,False,1.7666574924645888,0.059280430551346415,1647.2,0,0.0,1.0,1,0.0,1.0,0.0006070908207867897
aggressive_waffle,False,5.110907837236529,1.3601400829906347,147.9,0,0.0,1.0,1,0.0,1.0,0.0067613252197430695
agnibha-2002,False,0.17493715832306092,0.5198754592859086,575.4,1,1.0,0.0,1,0.0,0.0,0.0
agreetodisagreedamn,False,1.684730579926235,0.031247403291967856,2812.8,0,0.0,1.0,1,1.0,1.0,0.00035551763367463026
ah_itsall_good,False,6.3084284959125645,2.878388819973674,154.5,0,2.0,0.0,1,0.0,0.0,0.0
ai-sidekick,False,2.4788471053156256,6.527470469404271,187.6,0,1.0,0.0,1,0.0,0.0,0.0
aisebhimatdekho,False,2.3128803517451595,0.2211744006943289,1337.4,0,0.0,2.0,2,0.0,1.0,0.0014954389113204724
aitchnyu,False,3.705645920035146,0.0665137043109765,3497.2,0,0.0,1.0,1,1.0,1.0,0.00028594304014640284
ajayx389,False,0.4518597083042523,0.06453852113757116,1594.8,0,0.0,1.0,1,1.0,1.0,0.0006270378730875346
ajeebdastanhainye,False,1.0741324104417749,0.6495505330541873,791.2,0,0.0,1.0,1,0.0,1.0,0.0012639029322548028
ak22info,False,1.6235616066528518,0.051911035224127974,2218.8,0,0.0,1.0,1,0.0,1.0,0.00045069406886605367
akashv94,False,0.322436395361765,0.0009722898189391896,2701.8,0,0.0,1.0,1,0.0,1.0,0.00037012362128951065
akbarkapota,False,3.5401578048631523,0.01116130925587419,1119.7,0,0.0,1.0,1,1.0,1.0,0.000893096365097794
akiyo____,False,1.980402441451336,0.0025297256091388345,316.7,0,0.0,1.0,1,0.0,1.0,0.0031575623618566467
akki4554,False,0.3984094479014753,0.11365931847252139,739.6,0,0.0,1.0,1,0.0,1.0,0.0013520822065981612
akkosetto,False,3.309300475041147,2.0071675691949427,1360.2,1,0.0,1.0,1,0.0,1.0,0.0007351860020585208
akshatjin432,False,1.1549652252192415,0.8004855199946211,2431.1,0,1.0,0.0,1,0.0,0.0,0.0
akshay9767,False,1.5517467980319046,2.448202514629714,2624.4,0,0.0,1.0,1,0.0,1.0,0.00038103947568968145
al70n,False,0.9082401124018132,1.7937948861733908,3322.4,0,2.0,0.0,1,0.0,0.0,0.0
alcatraz1286,False,2.9612211019069803,1.5248261455485237,2305.7,0,0.0,1.0,1,0.0,1.0,0.0004337077677061197
ali_murtaza009,False,0.04337069847098418,0.29849298855599654,1376.2,0,0.0,1.0,1,1.0,1.0,0.0007266385699752942
allthings10,False,2.461467934411838,0.887610420564486,693.9,0,1.0,1.0,2,0.0,1.0,0.0014411298457991065
aloof-anon,False,2.5954775974091215,0.059049028852799716,2249.7,0,0.0,1.0,1,0.0,1.0,0.00044450371160599197
alpha-jr-24,False,0.2523523110933261,1.13798745390294,898.8,0,0.0,1.0,1,0.0,1.0,0.0011125945705384957
alpha-prime22,False,0.44473953763731544,0.9159987184394621,3054.9,0,0.0,2.0,1,0.0,1.0,0.000654685914432551
alphaswan360,False,2.64000882748973,0.05566902798718403,442.7,0,0.0,2.0,2,0.5,1.0,0.00451773209848656
alphawarrior69,False,0.3400414207821696,0.001057641558135523,2333.3,0,0.0,1.0,1,1.0,1.0,0.00042857755110787296
alreadypicked,False,1.002816803795035,0.01377393526151187,2074.8,0,0.0,1.0,1,0.0,1.0,0.00048197416618469245
alter_ego0079,False,2.194518791692092,0.34232466042842874,2195.8,0,0.0,1.0,1,1.0,1.0,0.00045541488295837505
altwh0re22,False,3.1767039988719,0.06737678667035596,1334.4,0,0.0,1.0,1,1.0,1.0,0.000749400479616307
always_random,False,0.17811355539374954,3.8409872323113943,1667.0,0,1.0,0.0,1,0.0,0.0,0.0
alwaysa304,False,2.608218838090774,0.39082494107371024,83.5,0,1.0,0.0,1,0.0,0.0,0.0
alwaysbedrotting,False,2.0334970656291755,1.1739210294579432,579.0,0,2.0,0.0,1,0.0,0.0,0.0
amasaggitarian,False,0.5811456177893196,0.08560391722175,3602.4,0,0.0,2.0,1,0.0,1.0,0.0005551854319342661
amazinglycool256,False,3.548309894036711,0.0025524782959725737,883.2,0,0.0,2.0,1,0.5,1.0,0.0022644927536231885
amazingspiderman23,False,2.7495288681842025,0.03813320696465278,3579.3,0,0.0,3.0,2,0.3333333333333333,1.0,0.0008381527114240215
ambidx,False,2.5522146546707907,0.09493317189615795,1254.7,0,0.0,1.0,1,0.0,1.0,0.0007970032677133976
ameliacyrus00,False,1.6238397504971054,0.0011946413230675967,1439.4,0,0.0,1.0,1,1.0,1.0,0.0006947339169098235
amey1475,False,1.1216131181503377,0.021868753054302078,1071.6,0,0.0,2.0,1,1.0,1.0,0.0018663680477790223
ameydevil,False,0.6625956401948695,0.10008345855698253,1831.2,0,0.0,1.0,1,0.0,1.0,0.00054608999563128
amiintherightplace15,False,4.78978478646362,0.6608667087683295,244.3,0,0.0,1.0,1,1.0,1.0,0.004093327875562832
amishs389,False,0.9005011047355407,0.9740952208303821,2430.8,0,0.0,2.0,1,0.0,1.0,0.0008227743952608194
amolbhatia,False,0.7577443469804331,0.9318705575917404,2824.1,0,0.0,1.0,1,1.0,1.0,0.00035409510994653166
amreallylikethat,False,3.967609539793808,0.6432594263753186,648.0,0,0.0,1.0,1,0.0,1.0,0.0015432098765432098
amsamp83,False,1.4352391656912202,0.1399440609348441,2401.7,0,1.0,1.0,2,1.0,1.0,0.00041637173668651373
amsking2463,False,1.9527019665896603,0.14630225760929857,779.8,0,0.0,1.0,1,0.0,1.0,0.0012823800974608875
amyteresad,False,1.669665400487852,0.2654820802021531,1505.2,0,0.0,2.0,1,1.0,0.5,0.0013287270794578793
anaamadeyaashokkumar,False,0.9048994260232217,0.03798354199317286,2041.2,0,0.0,1.0,1,0.0,1.0,0.0004899078973153047
ancht,False,1.5288136746706578,1.3116381209543713,3388.6,0,1.0,0.0,1,0.0,0.0,0.0
and-it-ended,False,5.724938318754729,5.978704916722674,18.1,0,0.0,1.0,1,0.0,1.0,0.055248618784530384
androme-da,False,1.9025366877790955,0.39146106002414793,2666.9,0,0.0,1.0,1,0.0,1.0,0.00037496719037084255
anikoiau,False,1.23032254005775,0.005166728225572777,3444.2,0,0.0,1.0,1,0.0,1.0,0.0002903431856454329
aniruddhdodiya,False,3.049848398331754,1.5179902081465737,3433.1,0,0.0,1.0,1,0.0,1.0,0.0002912819317817716
aniruddhk94,False,1.9238343143002896,0.1954840023984627,2181.4,0,0.0,2.0,2,1.0,0.5,0.0009168423947923352
anish2good,False,0.5123578130183964,2.1094856630282126,3078.2,0,1.0,0.0,1,0.0,0.0,0.0
ankit19900,False,3.360109688923287,0.7288000640952795,2668.9,0,0.0,6.0,2,0.6666666666666666,1.0,0.002248117201843456
anne24j,False,0.12359616797513807,0.5538851132264376,653.7,1,0.0,1.0,1,0.0,1.0,0.0015297537096527459
anonymous_cutie_nerd,False,2.7573001668194568,0.22591102969535945,1532.4,0,1.0,3.0,1,0.0,1.0,0.0019577133907595925
anonymous_rb,False,1.277549291156137,0.23721833162469397,2888.9,0,1.0,2.0,2,0.0,1.0,0.00069230502959604
anonymouse7_,False,4.353055269827874,0.32739048977712276,511.5,0,0.0,1.0,1,1.0,1.0,0.0019550342130987292
ansh26111030,False,2.54435534697566,0.08069759783050537,412.1,0,0.0,2.0,1,0.0,1.0,0.00485319097306479
anshp20,False,0.5269016525103517,0.015037877364540516,1157.6,0,0.0,2.0,2,0.5,1.0,0.0017277125086385626
anshu_man926,False,0.1645358030446792,0.7731898882334818,2538.5,0,0.0,2.0,1,0.0,1.0,0.0007878668505022651
anshumaan2108,False,1.4766735180476833,2.181828891858246,629.3,0,1.0,0.0,1,0.0,0.0,0.0
antoniateresa,False,1.9168571049926235,1.0070067228934252,224.5,0,0.0,1.0,1,0.0,1.0,0.004454342984409799
anu7shka22,False,1.6971491181784202,0.1918380610586409,407.1,0,0.0,1.0,1,0.0,1.0,0.0024563989191844753
anu_Transgirl,False,2.389719398851919,1.338550946214544,569.4,0,0.0,1.0,1,0.0,1.0,0.0017562346329469617
anugrahita,False,2.1764407525697607,0.12265747574121982,302.5,0,0.0,1.0,1,1.0,1.0,0.003305785123966942
anujkapoor,False,0.06854139982209036,0.3697470255060851,3086.9,0,1.0,1.0,2,0.0,1.0,0.0003239495934432602
anunabha1,False,1.598434545351322,0.02027096437361912,1970.2,0,0.0,2.0,2,0.0,1.0,0.001015125367982946
anuragkillmonger,False,1.2886003899602896,0.06516464364735725,2310.0,0,0.0,1.0,1,0.0,1.0,0.0004329004329004329
anxiety_ki_dukan,False,0.562894353567851,0.3724786091118578,1300.7,0,0.0,1.0,1,1.0,1.0,0.0007688167909587145
apex_warrior7274,False,2.557344677978229,0.00011460661292700205,733.1,0,0.0,1.0,1,1.0,1.0,0.001364070386031919
appi_kundi_nanu,False,3.2632865363098476,0.0318742814452373,173.7,0,0.0,1.0,1,1.0,1.0,0.0057570523891767415
apurvag2799,False,2.4891122961536674,0.05268004127380965,2020.8,0,1.0,2.0,2,1.0,1.0,0.0009897070467141727
aquaunfresh,False,1.370631737722382,0.5376622777195503,1092.3,0,1.0,0.0,1,0.0,0.0,0.0
aqubb,False,1.1557606742145956,0.17988220065820634,2031.3,0,0.0,1.0,1,1.0,1.0,0.0004922955742627874
ar620,False,0.03919159725745591,0.7960045659996531,3302.5,0,0.0,1.0,1,0.0,1.0,0.0003028009084027252
aradhyaaaaaaaaa,False,2.1797388666024533,0.02221058739764302,342.3,0,0.0,1.0,1,0.0,1.0,0.0029214139643587494
aravindkumar87,False,0.8319898798397256,0.657611682044866,3108.9,0,0.0,1.0,1,1.0,0.0,0.00032165717777992217
arcx01123,False,1.721685059281223,0.01871674670897282,2335.9,0,0.0,3.0,2,1.0,1.0,0.0012843015540048802
argument_inverted,False,3.5930091469612653,0.01362914912452038,610.3,0,0.0,2.0,1,1.0,1.0,0.003277076847452073
arigatooyster,False,4.448346286776331,0.001457339950563463,178.8,0,0.0,1.0,1,1.0,1.0,0.005592841163310961
arina_0730,False,6.024979350692868,0.09986081088874849,1003.0,0,2.0,14.0,3,0.5714285714285714,0.8571428571428571,0.013958125623130608
ariseasky07,False,2.1732016829725187,1.8839727125218466,206.9,0,1.0,0.0,1,0.0,0.0,0.0
aristuurtle,False,4.417716414437413,0.5415845766789436,120.1,0,2.0,0.0,2,0.0,0.0,0.0
arjavparikh,False,0.19629556188807423,0.7748978305786378,4048.2,0,0.0,1.0,1,0.0,1.0,0.00024702336841065167
arjunpant875,False,2.2752441107805685,0.933267397437764,469.4,0,0.0,2.0,1,1.0,1.0,0.00426075841499787
arjunusmaximus,False,2.9443657754037345,0.08096557132191991,2876.0,0,0.0,1.0,1,0.0,1.0,0.0003477051460361613
arockingvirus3,False,0.07830666915175671,0.01212136053234481,1006.7,1,0.0,1.0,1,0.0,1.0,0.0009933445912387007
arshxv,False,0.3194992312362709,0.05182506786458603,1312.3,0,0.0,1.0,1,0.0,1.0,0.0007620208793720949
artbyharpreetsingh,False,3.457837049641868,3.518936757775647,1117.3,0,1.0,0.0,1,0.0,0.0,0.0
artist0106,False,1.7130478472894235,2.504597862678182,236.7,0,1.0,0.0,1,0.0,0.0,0.0
artistic_self78346,False,1.2064845380808362,2.6241037799482,906.6,0,1.0,0.0,1,0.0,0.0,0.0
artofprjwrld,False,2.1184443930329184,2.451317267518784,787.9,0,1.0,0.0,1,0.0,0.0,0.0
arty_2003,False,0.18512121597798706,0.006153865574378259,796.6,1,0.0,1.0,1,1.0,1.0,0.0012553351744915891
arunsaisai,False,1.1563593991384078,1.1520673274889024,2248.5,0,1.0,0.0,1,0.0,0.0,0.0
arvi_1301,False,1.7775429193555372,0.7562088618657595,678.9,0,0.0,1.0,1,0.0,1.0,0.0014729709824716454
aryandhang,False,2.1923371078001073,0.05976386112270227,173.2,0,0.0,1.0,1,0.0,1.0,0.005773672055427252
aryannnn_236,False,5.041153146793541,0.12100985270532298,635.1,0,0.0,2.0,1,1.0,1.0,0.00314911037631869
arzamharris,False,4.315862298739877,0.04830779296405697,3268.3,0,0.0,1.0,1,1.0,1.0,0.00030596946424746806
ascetic-egoist,False,0.6810472093888386,0.07588469752487273,798.2,0,0.0,1.0,1,0.0,1.0,0.0012528188423953895
asdfghqw8,False,2.4000578852361865,0.10148535973511255,4325.1,0,0.0,1.0,1,0.0,1.0,0.00023120852697047466
ash-andvibes,True,6.429581797792714,2.761150012554972,366.7,0,0.0,2.0,2,1.0,1.0,0.00545404963185165
ash0_0xx,False,1.5278686925438736,0.841597014609301,743.0,0,0.0,1.0,1,0.0,1.0,0.0013458950201884253
ash_n0there,False,0.40226625552869816,0.24729401154649283,928.9,0,0.0,1.0,1,0.0,1.0,0.0010765421466250404
ashish0294,False,0.372319144366846,0.2836475905443466,4019.1,0,0.0,1.0,1,0.0,1.0,0.0002488119230673534
ashishreadit,False,0.6519434985522853,0.10047053036363451,294.8,0,0.0,1.0,1,1.0,1.0,0.0033921302578018993
asrm2769,False,0.11743789731000491,0.1592762676760706,2608.1,0,0.0,1.0,1,0.0,1.0,0.0003834208811011848
assasin_234,True,0.9766346159888744,0.0994855512148055,477.8,0,0.0,1.0,1,0.0,1.0,0.002092925910422771
assman69x,False,4.181061778303594,0.5896079981460401,510.0,0,0.0,2.0,2,0.0,1.0,0.00392156862745098
astarothbbsr,False,1.8024803119488946,0.011370010623594174,541.2,0,0.0,1.0,1,0.0,1.0,0.0018477457501847744
astounded_07,False,0.6475174232361579,0.06352802977450475,1229.7,0,0.0,1.0,1,1.0,1.0,0.000813206473123526
astrodevilster91,False,1.005143318504176,0.2045896257516587,2049.3,0,0.0,1.0,1,0.0,1.0,0.00048797150246425604
astroravenclaw,False,0.447610451523929,1.8855591624848054,3044.8,0,1.0,0.0,1,0.0,0.0,0.0
atharv219,False,0.9227250513656898,0.08014069405350802,2243.2,0,0.0,1.0,1,1.0,1.0,0.0004457917261055635
atlantis2705,False,0.891501353979539,0.0014609206396748282,475.4,0,0.0,1.0,1,0.0,1.0,0.002103491796381994
atulsingh09,False,0.14678730335382573,0.0077220460939103055,815.9,0,0.0,1.0,1,0.0,1.0,0.0012256403971074887
audhd_girlie,True,4.060521258828257,0.030440060693094805,66.1,0,0.0,1.0,1,0.0,1.0,0.015128593040847203
audreyNep,False,1.5447458404325038,0.010128576104112066,3256.5,0,0.0,1.0,1,0.0,1.0,0.00030707815138952864
autisticalpookie,False,4.149064817868907,2.555557097353645,297.3,0,1.0,0.0,1,0.0,0.0,0.0
automatically_insane,False,0.2918499856005586,3.58351893845611,209.5,0,1.0,0.0,1,0.0,0.0,0.0
avanishpank,False,0.7957672084446346,0.016935795109699142,3573.6,0,0.0,3.0,2,0.6666666666666666,1.0,0.0008394895903290799
avigyan_33,False,5.047709974240034,2.6831300815071026,2510.3,0,0.0,1.0,1,1.0,1.0,0.00039835876190096796
avo_cado1234,False,0.37135858014906825,0.6919026253277406,1783.4,0,0.0,1.0,1,0.0,1.0,0.00056072670180554
avpai1992,False,0.2777913993417781,0.0015810279973187647,1973.7,0,0.0,1.0,1,0.0,1.0,0.0005066626133657597
avsh8,False,2.674061877323195,0.17952940584635121,2702.4,0,0.0,1.0,1,0.0,1.0,0.0003700414446417999
awkward_frr,False,0.5205515031033874,0.1498557555443775,1019.1,0,0.0,1.0,1,1.0,1.0,0.0009812579727210284
axisdork,False,2.380946972614871,0.021395648057568505,741.1,1,0.0,1.0,1,1.0,1.0,0.001349345567399811
ayaan_kapoor,False,2.11974703584735,0.019620927282401734,1952.1,0,0.0,1.0,1,1.0,1.0,0.0005122688386865427
ayooshq,False,2.4539404853579416,0.0836260458188092,2341.9,0,0.0,1.0,1,1.0,1.0,0.0004270037149323199
ayush565,False,2.5318030745277844,2.7118402690814754,2626.0,0,1.0,0.0,1,0.0,0.0,0.0
ayush_1638,False,1.085439318575098,2.1531382450636234,1334.7,0,1.0,0.0,1,0.0,0.0,0.0
ayush_im,False,3.2508609817107463,1.2052149968379795,573.5,0,0.0,1.0,1,0.0,1.0,0.0017436791630340018
ayushraj_real,False,4.703403669666668,1.3029933714193207,177.0,0,0.0,1.0,1,0.0,1.0,0.005649717514124294
azurra9t9,False,0.9037655259326254,0.1826416080048799,1275.8,0,0.0,1.0,1,0.0,1.0,0.0007838219156607619
b00tbu9,False,0.10324284614347796,0.12333640177293877,4349.0,0,0.0,1.0,1,1.0,1.0,0.00022993791676247414
ba__9,False,0.8045912136811892,0.05620891955687753,650.6,0,0.0,1.0,1,0.0,1.0,0.001537042729787888
babu0poke,False,3.2498953223140234,0.6525616390977297,1754.1,0,0.0,1.0,1,0.0,1.0,0.0005700929251467989
baby_bellaaa,False,0.21586118090957182,0.1228536731053435,713.9,0,0.0,1.0,1,1.0,1.0,0.0014007564084605687
baby_faced_assassin_,False,2.9309778178556884,0.006209343134285609,1228.9,0,0.0,1.0,1,1.0,1.0,0.0008137358613394092
babyvyal,False,0.4835980793680074,0.5466962500339899,1915.1,0,0.0,1.0,1,1.0,1.0,0.0005221659443371104
bad-convoskill,False,2.542061553667559,0.0006474587471243567,131.9,0,0.0,1.0,1,1.0,1.0,0.0075815011372251705
bad_7176,False,0.29895982961472317,0.15700374880966475,1340.2,0,0.0,1.0,1,1.0,1.0,0.0007461572899567228
badassbeautiful,False,0.393714399567499,0.04789128770441486,2302.7,0,0.0,1.0,1,0.0,1.0,0.0004342728101793547
badassboy1,False,2.655565684752251,0.6025364022319489,2057.2,0,1.0,0.0,1,0.0,0.0,0.0
badboydear1,False,0.0404890189554595,0.014184634991956432,1694.1,0,0.0,1.0,1,0.0,1.0,0.0005902839265686796
baddadjokesminusdad,False,4.808799280716155,8.141698114020606e-06,2020.4,0,0.0,4.0,3,0.75,0.75,0.0019798059790140567
badmascompany,False,2.4028466358711746,0.044980098940812445,1831.5,0,0.0,1.0,1,0.0,1.0,0.000546000546000546
badva_rascal,False,2.583198900358574,0.01657144358926227,193.8,0,0.0,1.0,1,0.0,1.0,0.005159958720330237
baghban2003,False,1.184307170337937,0.9123442237920715,1002.9,0,0.0,1.0,1,0.0,1.0,0.0009971083856815236
bajiraopeshwa2,False,3.9409088973070903,1.6495742827036253,290.1,0,1.0,1.0,2,1.0,1.0,0.0034470872113064456
bakedasparagus1,False,3.223066856665953,0.8994504024804838,1613.4,0,1.0,0.0,1,0.0,0.0,0.0
balisticPin,False,1.0081536777420248,0.36991236645027104,2102.8,0,0.0,1.0,1,0.0,1.0,0.00047555640098915727
baloo_southernkaradi,False,0.9524312652036404,0.8427763756683576,415.2,0,0.0,1.0,1,0.0,1.0,0.002408477842003854
bamboosong,False,0.5706755330097847,0.79337741948972,2328.9,0,1.0,0.0,1,0.0,0.0,0.0
banana-oak,False,4.586934751056809,0.00011280952124321722,91.2,0,0.0,7.0,5,0.42857142857142855,1.0,0.07675438596491228
bandar-baant,False,1.1385322371228532,0.42772551805603204,780.8,0,1.0,0.0,1,0.0,0.0,0.0
bangaloreuncle,False,2.346385112922696,0.05079868749482231,878.2,0,0.0,1.0,1,0.0,1.0,0.0011386927806877705
banned-redditer,False,0.4138251272921357,0.12210269680089986,337.5,0,0.0,1.0,1,1.0,0.0,0.002962962962962963
barbaadiMe,True,3.826238918995931,3.1613076783476934,1096.2,0,0.0,1.0,1,0.0,1.0,0.0009122422915526364
barbadbachchi,False,1.556475558674539,0.3292851221890564,1578.0,0,0.0,1.0,1,1.0,1.0,0.0006337135614702154
baritonor,False,3.7468144025310446,0.052841236483877355,300.9,0,0.0,1.0,1,0.0,1.0,0.003323363243602526
basar_auqat,False,3.459788236354643,0.0713531051173189,851.6,0,0.0,5.0,3,0.4,1.0,0.0058713010803193985
basic-x,False,1.0413716007732379,0.0002542911647523627,2145.0,0,0.0,1.0,1,1.0,1.0,0.0004662004662004662
baskiyakartom,False,3.1218510604100134,2.1935021963712553,1953.4,0,1.0,0.0,1,0.0,0.0,0.0
batatahu-,False,2.694222870510179,0.1861708879149071,264.1,1,0.0,2.0,2,0.0,1.0,0.0075728890571753115
batfan47,False,0.004668853942246632,0.6931471805599453,1495.8,0,1.0,0.0,1,0.0,0.0,0.0
batman-iphone,False,4.188811297348563,0.7894676315396068,503.2,1,0.0,1.0,1,1.0,1.0,0.001987281399046105
batman_0102,False,4.8961527485022645,2.8530341911440806,380.3,0,4.0,0.0,2,0.0,0.0,0.0
batmans_butt_hair,False,4.4063505150235684,0.48660119585634615,668.2,0,0.0,1.0,1,1.0,1.0,0.0014965579167913797
batukaming,False,7.353904047741076,3.392909898189227,239.9,0,1.0,0.0,1,0.0,0.0,0.0
bearhugger404,False,1.0424543751617446,0.17076073439287864,2997.0,0,0.0,1.0,1,0.0,1.0,0.000333667000333667
beasthunterr69,False,1.8644580515665339,1.683500782657452,1251.0,0,0.0,2.0,1,0.0,1.0,0.0015987210231814548
befriend1,False,2.0905504291145736,0.24037785376222295,2451.7,0,0.0,2.0,2,0.5,1.0,0.0008157604927193377
being-goku,False,3.2484839088287014,0.1273804387626535,985.0,0,0.0,6.0,1,0.5,1.0,0.006091370558375634
beingPrakhar,False,1.0747407373981934,0.07853398680058735,2374.0,0,0.0,1.0,1,0.0,1.0,0.00042122999157540015
being_guru,False,1.3044873874715361,0.2333013504959539,874.6,1,0.0,1.0,1,1.0,1.0,0.001143379830779785
beinghuman101,False,0.08690560811080332,1.0264159974636207,2048.6,0,0.0,1.0,1,1.0,1.0,0.00048813824074978035
beingimmature,False,5.2468916801290275,1.727762645007405,997.9,0,1.0,0.0,1,0.0,0.0,0.0
beingp1,False,1.117461423314497,0.38414233863934316,676.2,0,0.0,1.0,1,1.0,0.0,0.0014788524105294291
beingthecherrytree,True,0.59700964273821,2.907321316209938,290.2,0,1.0,0.0,1,0.0,0.0,0.0
belictony,False,0.8939792095407755,0.020848566121543597,3521.5,0,0.0,1.0,1,1.0,0.0,0.0002839698991906858
bella__2004_,False,3.9289857927844847,0.05216937934481504,1203.1,0,0.0,1.0,1,1.0,1.0,0.0008311861025683651
belterjizz,False,1.853178296286831,0.26536861595536504,2366.7,0,0.0,1.0,1,1.0,1.0,0.0004225292601512655
benedict250,False,2.949030091965411,0.06643384102814999,2324.1,0,0.0,3.0,2,0.6666666666666666,1.0,0.001290822253775655
benjacob,False,1.5297793047363109,0.14542580918934697,5457.6,0,0.0,2.0,1,0.5,1.0,0.0003664614482556435
benkyo_benkyo,False,0.7632250787858172,0.09075205593379332,1891.4,0,0.0,2.0,1,1.0,1.0,0.0010574177857671566
bergkamp97,False,0.3451820691248206,0.34949035982365706,3073.4,0,0.0,1.0,1,0.0,1.0,0.00032537255157154944
betichod-1,False,2.9176141321810514,1.9025048686241741,258.9,1,1.0,0.0,1,0.0,0.0,0.0
bgangster,False,1.5808756618760769,0.026998991881113748,2032.8,0,0.0,4.0,3,1.0,0.75,0.0019677292404565133
bhabhihunter_,False,3.042125171980431,0.08765473275537894,1133.6,0,0.0,2.0,2,1.0,1.0,0.0017642907551164433
bhadmai_jaye_sab,False,2.969164541007236,0.1922344733810587,190.9,0,0.0,2.0,2,1.0,1.0,0.010476689366160294
bhadmeinjayein,False,4.255505688749564,0.630979733443712,72.9,0,0.0,1.0,1,1.0,0.0,0.013717421124828532
bhambrewer,False,3.4391906187739485,0.024543038929219486,4588.0,0,0.0,2.0,1,0.5,1.0,0.00043591979075850045
bhodrolok,False,5.472649979119202,1.3304945212217918,4005.9,0,32.0,14.0,2,0.8571428571428571,0.9285714285714286,0.003494845103472378
bhoot_terasi,False,1.3234798164784685,1.534113462386378,2341.4,0,0.0,1.0,1,0.0,1.0,0.00042709490048688817
bhujiya_sev,False,3.3196909731581776,0.3687261793065973,1457.8,0,0.0,1.0,1,0.0,1.0,0.0006859651529702291
bhushan205,False,1.0368882504611168,0.2632847848687241,1133.8,0,1.0,0.0,1,0.0,0.0,0.0
bicazamabeach,False,2.8095967313679795,0.39200834312181887,1291.4,0,1.0,0.0,1,0.0,0.0,0.0
big-happpy,False,2.4986010996138392,0.016652973233101345,374.1,1,0.0,2.0,2,1.0,1.0,0.005346164127238706
bigcheemu,False,4.742460328438247,1.5457593968674894,110.6,0,1.0,2.0,3,0.5,1.0,0.018083182640144666
bigchill1106,False,2.2115010125410888,0.0023520951681475556,2565.5,0,0.0,1.0,1,0.0,1.0,0.0003897875657766517
bilby2020,False,3.8349289506627953,0.27096006494723873,2069.7,0,0.0,1.0,1,0.0,1.0,0.00048316181089046726
billoraani,False,2.8251428297956425,0.06642300177836818,1959.8,0,0.0,1.0,1,1.0,0.0,0.0005102561485865905
billoranitv,False,0.3599428117306391,0.030737261900046366,4191.6,1,0.0,1.0,1,0.0,1.0,0.00023857238286096
billybutchertheog,False,1.9583792401552955,0.08960331939252905,1742.0,0,0.0,2.0,2,0.5,1.0,0.001148105625717566
bindass_girl,False,1.1823599551889066,0.7377060267096146,750.2,0,0.0,1.0,1,0.0,1.0,0.0013329778725673152
bipolar-scorpio,False,4.936693704490235,0.8376087620910911,436.4,0,0.0,2.0,1,1.0,1.0,0.00458295142071494
biptiboo,False,0.3214251175822658,0.005123836999869391,1545.8,0,0.0,1.0,1,0.0,1.0,0.0006469142191745375
bisector_babu,False,5.773184929009335,3.8869105934921717,1727.8,0,0.0,2.0,2,0.0,1.0,0.0011575413821044102
bitterlikemycoffee,False,0.8179294025180323,0.11139631755594925,3266.7,0,0.0,1.0,1,0.0,1.0,0.00030611932531300704
bizibeast,False,1.3563694241185917,2.6312085558231875,968.4,0,1.0,0.0,1,0.0,0.0,0.0
blackandlavender,False,2.6081096724294297,0.18554533439139512,2238.7,0,2.0,5.0,3,0.4,1.0,0.0022334390494483406
blackpearlinscranton,False,2.3357919406488237,0.5319571924874504,757.9,0,1.0,0.0,1,0.0,0.0,0.0
blacksnake1234,False,2.1551563177917,0.0016087519557167985,1630.7,0,0.0,1.0,1,1.0,1.0,0.0006132335806708775
blade_runner1853,False,2.7534393710981826,0.3001840787994451,2011.7,0,0.0,2.0,1,1.0,1.0,0.000994184023462743
bladeofmiquellaaa,False,3.242409034322992,0.5585298507143369,720.3,0,1.0,0.0,1,0.0,0.0,0.0
blehblehidk,False,1.2989576750838008,0.004870704283094969,1621.1,0,0.0,5.0,1,0.6,1.0,0.0030843254580223307
blehhhkiki,True,3.774487669257283,0.08239953176706681,182.9,0,0.0,2.0,2,1.0,1.0,0.010934937124111536
bleknnig,False,5.3368277324747,1.4317893983901313,41.3,0,1.0,1.0,2,0.0,1.0,0.02421307506053269
blitzkrieg__007,False,0.3796347016804946,0.014815085785140639,145.1,0,0.0,1.0,1,1.0,1.0,0.006891798759476223
bloated_panda,False,1.7359399541137064,0.04880989017521236,2168.9,0,0.0,1.0,1,1.0,0.0,0.00046106321176633315
blogterms,False,2.7247866189651013,0.7166098415012278,886.4,0,0.0,1.0,1,0.0,1.0,0.001128158844765343
blondesmine,False,2.2306888696296623,1.1583294918630955,911.6,0,1.0,0.0,1,0.0,0.0,0.0
blood_clot_,True,3.361611439374471,0.06189270367116177,706.9,0,0.0,1.0,1,1.0,1.0,0.0014146272457207527
bloody_marry01,False,1.901336435264816,1.381364195012032,213.0,0,1.0,0.0,1,0.0,0.0,0.0
bloodyboy420,False,1.8785918398548638,0.9763902814810992,364.7,0,1.0,0.0,1,0.0,0.0,0.0
blu3_h0wl3r,False,0.48677698868647523,1.2549583590588036,3270.8,0,0.0,1.0,1,1.0,1.0,0.0003057355998532469
blueagra,False,0.1421469181653026,1.7389719646260027,3496.0,0,1.0,1.0,2,0.0,1.0,0.0002860411899313501
blueberry_pie7,False,3.306084007887079,0.7827910495443823,525.0,0,0.0,1.0,1,0.0,1.0,0.0019047619047619048
bluebooms99,False,1.3782406263127938,0.34950645446011985,187.0,0,0.0,1.0,1,0.0,1.0,0.0053475935828877
blueontheradio,False,2.9480936903918797,0.5040199828661113,1296.6,0,0.0,1.0,1,1.0,1.0,0.0007712478790683326
blueravenclaw29,False,2.27770285785432,0.021489904122413018,2589.6,0,0.0,1.0,1,0.0,1.0,0.0003861600247142416
bluey1031,False,0.15510899326906988,1.3862943611198906,89.4,0,1.0,0.0,1,0.0,0.0,0.0
bobrath,False,0.5624618492339037,0.2649009572573584,7318.0,0,0.0,1.0,1,0.0,1.0,0.00013664935774801857
bobzitheking,False,2.586147311317638,1.8573900511927344,746.1,0,1.0,0.0,1,0.0,0.0,0.0
boiiwithcode,False,1.5734155053670777,0.698041389264076,1821.3,0,1.0,0.0,1,0.0,0.0,0.0
boiledpotato_x,False,2.204915242290496,1.2661408199426933,759.9,0,0.0,1.0,1,1.0,1.0,0.0013159626266614028
bollyeggs,True,2.2310223955214505,0.5290502794866079,3520.6,0,0.0,1.0,1,0.0,1.0,0.00028404249275691646
bombaysparkle,False,1.8434603671684238,0.32083831920395683,3660.9,0,0.0,1.0,1,1.0,0.0,0.000273156873992734
bombbomb-12,False,1.511749884558626,0.07132273613112323,538.1,0,0.0,1.0,1,1.0,1.0,0.001858390633711206
bomboclatAdmin,False,1.6498717016076991,0.3822468180061572,212.3,0,0.0,1.0,1,0.0,1.0,0.004710315591144607
bonsaibiddy,False,1.4893860462106652,0.03213635134769564,2108.1,0,0.0,1.0,1,0.0,1.0,0.00047436079882358525
boomer__192,False,1.9248531500761523,0.051672556348329776,2370.8,0,0.0,1.0,1,1.0,1.0,0.00042179854901299135
bootpalishAgain,False,3.0602965161538487,0.06587069328724303,2369.1,0,1.0,1.0,2,1.0,1.0,0.00042210121987252544
boowesh,True,0.12946833974952637,0.005763704716750081,1251.6,1,0.0,1.0,1,0.0,1.0,0.0007989773090444232
boozo,False,0.46344594764402736,0.05526633728971503,5266.8,0,0.0,1.0,1,0.0,1.0,0.0001898686109212425
boredblueberryy,False,2.4709381956154535,1.127702669167719,395.9,0,1.0,0.0,1,0.0,0.0,0.0
boredlurker22,False,1.9028571425560237,0.0028368813351996765,61.7,0,0.0,1.0,1,0.0,1.0,0.01620745542949757
boringhistoryfan,False,5.867447443556917,0.15310226709713562,2829.2,0,0.0,1.0,1,0.0,1.0,0.00035345680757811396
borntosmoke,False,0.01969420460827507,0.019802627296179712,2513.9,0,0.0,1.0,1,0.0,1.0,0.00039778829706830024
boyelcto,False,1.6210695518849279,0.8058620690598812,1733.4,0,0.0,1.0,1,0.0,1.0,0.0005769008884273681
brainaintbrainin,False,1.1339969222605641,0.3564507035520993,301.7,0,0.0,1.0,1,0.0,1.0,0.003314550878355983
brandon_north1,False,1.0150127198328165,0.07933674223652107,66.5,0,0.0,1.0,1,0.0,1.0,0.015037593984962405
brettylian,False,2.238118419416511,0.3149279072827814,519.6,0,0.0,1.0,1,0.0,1.0,0.0019245573518090837
bringmeback0,False,2.3526952344755285,0.049446882158591235,2433.5,0,0.0,1.0,1,0.0,1.0,0.0004109307581672488
broken_calculator715,False,2.312632337652661,0.14663326047529407,388.2,0,0.0,1.0,1,0.0,1.0,0.002575991756826378
broski1911,False,2.857435933878519,0.6181236118793538,1263.4,0,1.0,0.0,1,0.0,0.0,0.0
brownshugababy,False,4.363905199497124,0.025337293058723478,2443.1,0,0.0,3.0,1,0.6666666666666666,1.0,0.0012279480987270272
brownzilla999,False,2.223679608520971,0.14907068137974952,678.9,0,0.0,1.0,1,1.0,1.0,0.0014729709824716454
broyalchallenger,False,1.602147201792818,0.6743189156523776,2813.8,0,0.0,1.0,1,0.0,1.0,0.00035539128580567203
bts_daddies,False,1.6348152851722924,0.5826780674371409,2090.1,0,1.0,2.0,2,1.0,1.0,0.0009568920147361371
bucketbrah247,False,1.8796504584903968,0.5268642126120061,2354.8,0,1.0,0.0,1,0.0,0.0,0.0
buffered_ai,False,1.0984276505582793,3.057048697542603,361.1,0,1.0,0.0,1,0.0,0.0,0.0
bulky_lifter01,False,3.353014261815176,0.4429632310196385,791.3,0,1.0,0.0,1,0.0,0.0,0.0
bunkar007,False,0.9495992348204431,0.02260834802759275,422.8,0,0.0,1.0,1,1.0,1.0,0.0023651844843897824
bunty_boxer,False,2.232025827452395,0.3027876143741352,125.5,1,0.0,1.0,1,1.0,1.0,0.00796812749003984
burnt_bhel_puri,False,0.4698960923775943,0.18859116980755003,1278.7,0,0.0,1.0,1,0.0,1.0,0.0007820442637053257
burpless_cucumber,False,0.876756057430673,0.22103606897464503,168.2,0,1.0,1.0,1,0.0,1.0,0.005945303210463734
burplesscucumber,True,1.0982952309609515,0.07889394246966304,2103.0,0,0.0,1.0,1,1.0,1.0,0.00047551117451260106
burstingmyths,False,4.657417570541381,0.07576945483146322,99.0,0,0.0,3.0,1,1.0,1.0,0.030303030303030304
butter-roast,False,1.4740807307716597,0.29228850249121174,1464.5,0,0.0,1.0,1,0.0,1.0,0.0006828269033799932
bv555,False,3.2528655576291747,0.08482628614592189,681.9,0,0.0,2.0,2,0.0,1.0,0.002932981375568265
bvpqeh,False,0.4586949416228172,0.6693658220193676,2068.7,0,0.0,1.0,1,0.0,1.0,0.0004833953690723643
bwid_abhi,False,0.14628788020496286,1.8467660987402665,2247.2,0,1.0,0.0,1,0.0,0.0,0.0
byomd,False,1.9220934591617445,0.0800583709752041,2735.1,0,0.0,1.0,1,1.0,1.0,0.00036561734488684146
c10h15nrush,False,4.000353356566707,0.016198777673460674,1302.3,0,0.0,1.0,1,0.0,1.0,0.0007678722260615834
c10n3x_,False,2.540331840424085,2.456988992744159,1239.4,0,0.0,1.0,1,0.0,1.0,0.0008068420203324189
calisto-19,False,0.40449705382152923,0.023530497410194116,1378.0,0,0.0,1.0,1,0.0,1.0,0.000725689404934688
callLx,True,2.290148527953037,3.537803751838504,89.0,0,2.0,0.0,2,0.0,0.0,0.0
callmerush,False,0.3406019537591233,0.3842471150133192,3272.6,0,0.0,3.0,1,1.0,1.0,0.0009167023162011856
calm_boy,False,2.4085803613681267,3.1932519199533154,3308.9,0,1.0,0.0,1,0.0,0.0,0.0
calvincat123,False,2.766477836571888,0.07146699440137304,2785.3,0,0.0,1.0,1,0.0,1.0,0.00035902775284529494
canadian_blueberry,False,3.7819856861955428,1.6767716990969175,347.9,0,2.0,0.0,1,0.0,0.0,0.0
candidbandit33,False,2.6562588768518705,0.007988968730992701,958.4,0,0.0,1.0,1,0.0,1.0,0.001043405676126878
cantstandya92,False,1.6944311252674928,0.0009070295406426739,248.0,0,0.0,1.0,1,1.0,1.0,0.004032258064516129
canttell92,False,1.318749846906134,0.20595789215972285,3154.0,0,0.0,1.0,1,1.0,1.0,0.0003170577045022194
captain_swing2u,False,1.230300396001237,0.7412245863242916,1389.2,0,0.0,1.0,1,1.0,1.0,0.0007198387561186294
captainrushingin,False,1.690939459469066,0.814629696999052,3595.6,0,2.0,0.0,2,0.0,0.0,0.0
cardone1998,False,0.28213006160679155,0.0034782643763248207,880.5,0,0.0,1.0,1,0.0,1.0,0.001135718341851221
carelessNinja101,False,2.3932116406885893,0.12157538376730377,1965.0,0,0.0,3.0,2,0.6666666666666666,1.0,0.0015267175572519084
carlanepal17,False,1.6182746842281872,0.1317786773730065,1852.2,0,1.0,1.0,2,0.0,1.0,0.0005398984990821725
carlseye_17,False,2.8710497223986082,0.18251138816099413,569.3,0,0.0,1.0,1,0.0,1.0,0.0017565431231336731
cartrman,False,4.629963908182832,0.17526019197815812,4969.0,0,0.0,1.0,1,1.0,1.0,0.0002012477359629704
castle_of_sand,False,3.0491920229011615,0.3909541287391593,468.0,0,1.0,0.0,1,0.0,0.0,0.0
cat1272,False,1.5293799211346761,0.05322222518091614,1744.8,0,0.0,1.0,1,0.0,1.0,0.0005731315910132966
caterpillar2420,False,1.4283490757046755,0.11795663169882964,1816.0,0,0.0,3.0,1,0.6666666666666666,1.0,0.0016519823788546256
cathairsalon,False,1.611624729925384,0.8623259119147055,127.9,0,0.0,1.0,1,1.0,0.0,0.007818608287724784
catiee-babie,False,2.1491287365966927,2.1890445726242884,578.3,1,0.0,1.0,1,0.0,1.0,0.0017292062943109114
catoverdog,False,1.5291000850257035,0.036475945465181174,1135.3,0,0.0,2.0,2,0.0,1.0,0.0017616489033735578
catsatemycheese,False,0.43984398472759595,0.18625993788365514,1563.9,0,0.0,1.0,1,1.0,1.0,0.0006394270733422853
catzillahunyaar,False,5.1345078263641,2.4127561138017093,195.2,0,1.0,0.0,1,0.0,0.0,0.0
cautionary-tale74,False,2.1601525589726664,0.009957408019046265,368.2,0,0.0,1.0,1,1.0,1.0,0.002715915263443781
ccoolsat,False,1.2262980478078098,0.10044081249236589,2384.8,0,0.0,2.0,2,0.5,1.0,0.0008386447500838644
celerycan,False,3.6791113446042005,0.5058477659414529,416.9,0,0.0,3.0,3,0.0,1.0,0.007195970256656273
celestia2002,False,2.2931610519792747,0.646253123402083,327.3,0,2.0,0.0,2,0.0,0.0,0.0
celinenotdior,False,3.3235432979484996,0.23801834665949723,2129.9,0,1.0,1.0,1,1.0,0.0,0.00046950561059204654
ceoadlw,False,2.154307586527559,0.6465746573871795,2952.8,0,0.0,1.0,1,1.0,1.0,0.00033866160931996745
chaarbottlepaanika,False,3.995996043313748,0.15873104618083786,92.9,0,0.0,1.0,1,0.0,1.0,0.01076426264800861
chai-chaser,False,2.0923008382741117,0.3196842480908656,686.7,0,0.0,1.0,1,0.0,1.0,0.00145623998835008
chaibathura,False,0.027537037861373286,0.7801585575495751,1683.4,0,1.0,0.0,1,0.0,0.0,0.0
chaim1500,False,1.5398078661661059,0.011874360734552905,1872.7,0,0.0,1.0,1,1.0,1.0,0.0005339883590537726
chaipaani67,False,0.12173858593058003,0.0030534374868903405,2525.9,0,0.0,1.0,1,0.0,1.0,0.0003958984916267469
chaipechugli,False,2.3305697744922016,0.2524343482352752,261.1,0,1.0,2.0,2,0.5,1.0,0.007659900421294523
chair_on_table,False,2.700710021343122,0.16781724928936945,669.1,0,0.0,1.0,1,1.0,1.0,0.0014945449110745778
chaiwalaguy,False,1.3621865269230813,0.9126740914039666,237.2,0,0.0,1.0,1,1.0,1.0,0.0042158516020236085
chaiwalnut,False,1.724275210721831,0.000501127547445453,432.9,0,0.0,1.0,1,1.0,1.0,0.00231000231000231
chala_toh_chaand_tak,True,3.030041266642207,0.010209653434533455,569.7,0,0.0,2.0,2,1.0,1.0,0.0035106196243637
chalganpat,False,2.6596397116826407,1.5363989270087461,1453.6,0,0.0,2.0,1,0.0,1.0,0.001375894331315355
chalo-fir,False,2.416602392360095,0.21703934737221955,235.9,0,0.0,1.0,1,1.0,1.0,0.00423908435777872
champagnemomos,False,1.2532592217932301,2.8371087301728086,1439.0,0,1.0,0.0,1,0.0,0.0,0.0
chanakya2,False,2.1792968494128275,0.1882030283704205,3266.8,0,0.0,2.0,1,0.0,1.0,0.0006122199093914534
chandel_345,True,0.38466463276369683,0.24103050383373448,2943.8,0,0.0,2.0,1,0.5,1.0,0.0006793939805693321
change_uzarname,False,1.9207677502191183,0.6219979056243217,630.6,0,0.0,1.0,1,0.0,1.0,0.001585791309863622
changleosingha,False,2.8363976427310766,0.2814720943225512,3629.7,0,0.0,1.0,1,1.0,1.0,0.000275504862660826
charavaka,False,4.856679810925694,0.036413829656981186,4757.7,0,0.0,12.0,2,0.5,0.9166666666666666,0.0025222271265527463
charlie8123,False,1.4367171018257388,0.05532501115652574,909.3,1,0.0,1.0,1,0.0,1.0,0.0010997470581766194
charlizard1000xy,False,1.3614714472113396,0.028777944529591953,2465.6,0,0.0,2.0,1,1.0,1.0,0.0008111615833874108
charminaar,False,0.8328337678241079,0.16306736841934488,577.0,0,0.0,1.0,1,0.0,1.0,0.0017331022530329288
charming-orfebre,False,5.594680486004535,2.2541641368775434,72.2,1,1.0,1.0,2,1.0,0.0,0.013850415512465374
charming_charu_latha,True,2.9383966078412898,0.7804757431193848,560.9,0,0.0,1.0,1,0.0,1.0,0.0017828489926903191
chatgpt6969,False,0.6954788885121832,1.665130606166303,1156.6,0,1.0,0.0,1,0.0,0.0,0.0
chatpata_aaloo,False,2.5260911163716697,0.2956775462279783,331.0,0,0.0,1.0,1,0.0,1.0,0.0030211480362537764
chatpatipanipurihu,False,3.2871849183284345,1.2157049549494723,126.4,0,1.0,0.0,1,0.0,0.0,0.0
chaturya01,False,0.5171835717586553,0.4297297301077956,1291.9,0,0.0,1.0,1,1.0,1.0,0.0007740537193281213
chaukatla-vegeta,False,1.7542142876753446,0.5062870380629827,551.8,0,0.0,1.0,1,0.0,1.0,0.0018122508155128671
cheeselingss,False,4.530395477120429,0.6994161159196193,202.2,0,1.0,2.0,2,0.5,1.0,0.009891196834817014
cheesy_potato007,False,1.3917633488405239,1.2876216982033555,1955.7,0,0.0,1.0,1,0.0,1.0,0.0005113258679756608
chennaiti,False,0.7684554982474973,0.0075259057003469075,921.8,1,0.0,1.0,1,0.0,1.0,0.0010848340203948796
cherryinvodka,False,1.8249882053818547,0.1680448704372717,352.7,0,0.0,1.0,1,1.0,1.0,0.002835270768358378
chiefpussyinspector,False,1.6901329051076612,0.0315341444070882,407.9,0,1.0,0.0,1,0.0,0.0,0.0
chiefwhowahoo3,False,1.7095392335565052,0.7229269253987402,639.8,1,0.0,1.0,1,0.0,1.0,0.0015629884338855893
chikchika_slimshady,False,1.6717043011601012,0.3242052962468259,716.0,0,0.0,1.0,1,1.0,1.0,0.0013966480446927375
chiku_chuha,False,2.0426964239639225,1.3089297803593427,574.1,0,0.0,1.0,1,1.0,1.0,0.0017418568193694477
child_target,False,3.9991034156028817,0.014905490843048494,968.1,0,0.0,3.0,1,0.3333333333333333,1.0,0.0030988534242330336
chill_guy684,False,0.6413195418129167,0.7857799825935537,413.8,0,1.0,0.0,1,0.0,0.0,0.0
chilled_antagonist,False,0.23443945970818073,0.0024539889615667115,1540.5,0,0.0,1.0,1,1.0,1.0,0.0006491398896462187
chilli_potato_,False,0.8363242989422749,0.015588251938898205,1136.2,1,0.0,1.0,1,1.0,1.0,0.0008801267382503081
chillmaadi0107,False,0.020373230854590807,0.13353139262452263,340.1,1,0.0,1.0,1,0.0,1.0,0.0029403116730373417
chin-ki-chaddi,False,2.4457867174461376,0.40539396259421473,3333.8,0,1.0,0.0,1,0.0,0.0,0.0
chlorophylle93,False,0.9296579514597207,1.121734706088964,798.1,0,1.0,0.0,1,0.0,0.0,0.0
chocolateywasted,False,0.8374875742147017,0.02176525433039709,3649.6,1,0.0,1.0,1,0.0,1.0,0.00027400263042525206
choker_18,False,4.296523669674303,1.071015653770853,486.9,0,1.0,0.0,1,0.0,0.0,0.0
chora_cricket,False,2.587171569400592,2.6808436085999525,182.8,0,0.0,1.0,1,1.0,1.0,0.005470459518599562
chsri,False,0.80507643123305,0.021361126999368117,2179.7,0,0.0,1.0,1,0.0,1.0,0.00045877873101803004
chupchap,False,2.38934377911736,0.04819119042058054,4911.1,0,0.0,1.0,1,0.0,1.0,0.00020362037018183297
chweet_goodboy,False,1.165191816173352,0.011834457647002838,269.2,0,0.0,1.0,1,0.0,1.0,0.0037147102526002974
ciao-adios,False,6.535935450935715,2.0645459283394647,222.8,0,9.0,10.0,6,0.5,1.0,0.04488330341113106
cicada_______3301,False,0.0471317388088443,1.13036098698269,1968.5,0,0.0,1.0,1,1.0,0.0,0.000508001016002032
cinephile46,False,5.917249897732017,3.0932814441836562,2972.1,0,0.0,1.0,1,0.0,1.0,0.00033646243396924736
citboins2,False,2.2180803206847015,0.08599652625471535,983.8,0,0.0,1.0,1,0.0,1.0,0.0010164667615368977
cksoni450,False,0.8277342811861659,0.9840292557423971,485.2,0,0.0,1.0,1,1.0,1.0,0.002061005770816158
cl0ud_xd,False,0.6465715271492138,0.033945818070854686,855.9,0,0.0,1.0,1,1.0,1.0,0.0011683607898118939
clapback_chef,False,0.39791790247278147,0.02817087696669632,292.6,0,0.0,1.0,1,0.0,1.0,0.003417634996582365
clevertrickery,False,2.3147695809670163,0.10229551731500308,404.6,0,0.0,2.0,2,0.5,1.0,0.004943153732081067
cliit_massager,False,0.6124117122075082,0.016260520871780308,72.2,0,0.0,1.0,1,1.0,1.0,0.013850415512465374
climatechangelunatic,False,3.2219095895294605,0.0006506181101335894,255.4,0,0.0,1.0,1,0.0,1.0,0.003915426781519186
closet_writer09,False,1.6127455773770936,0.4730852957831437,808.9,0,1.0,0.0,1,0.0,0.0,0.0
cloudberry_xo,False,0.9683425354542209,0.3103734836538517,508.7,0,1.0,0.0,1,0.0,0.0,0.0
cnivargi,False,2.070901398791952,3.5682514663253215,224.9,0,1.0,0.0,1,0.0,0.0,0.0
cocaine_enthusiast1,False,3.630619797313561,0.0022136297521570553,1994.3,0,0.0,2.0,2,0.0,1.0,0.0010028581457152885
cocokcid,False,2.554150257374179,0.09525683841050159,474.1,0,0.0,1.0,1,0.0,1.0,0.002109259649862898
cocokoko16,False,2.834717926476558,0.0005126014635950559,1461.1,0,0.0,1.0,1,0.0,1.0,0.0006844158510711109
cocooooo_melonnnn,False,1.1528169197634042,0.32524877425136345,612.8,0,0.0,1.0,1,1.0,0.0,0.0016318537859007834
code-monkey-2026,False,1.9598505142093088,0.047176479778600795,380.6,0,0.0,1.0,1,1.0,1.0,0.002627430373095113
code_gop,False,0.9082187167254284,1.8575108467908354,445.3,0,0.0,1.0,1,1.0,1.0,0.0022456770716370983
coderoak,False,3.038670189857641,1.7454095786354784,457.0,0,0.0,1.0,1,0.0,1.0,0.002188183807439825
codingzombie72072,False,3.038931869432987,1.5260563034950494,1622.9,0,2.0,1.0,2,0.0,1.0,0.000616180910715386
coffeeforlife30,False,3.5397700579811215,0.007658919559202078,756.0,0,0.0,1.0,1,0.0,1.0,0.0013227513227513227
cognitive-resonance,False,0.9420591856249713,0.06518987271507518,849.7,0,0.0,1.0,1,0.0,1.0,0.0011768859597505001
coldemailutsav,False,2.4289536698183434,2.6292847160344976,285.3,0,3.0,1.0,3,1.0,1.0,0.0035050823694356818
coldheart201119,False,0.8973894216046083,0.005353331842500058,1288.2,0,0.0,1.0,1,1.0,1.0,0.0007762769756249029
commanderchadd,False,0.7659528294546811,0.09847767740101665,795.8,0,0.0,1.0,1,0.0,1.0,0.0012565971349585323
commonsenseiswisdom,False,1.157406254337048,0.6830222206252182,1350.8,0,1.0,0.0,1,0.0,0.0,0.0
conscious_cat88,False,2.0068761772193935,0.3911071403602165,504.5,0,1.0,0.0,1,0.0,0.0,0.0
consciousgrowth101,True,3.2949895062494328,0.0620009811883773,384.8,0,0.0,3.0,2,0.6666666666666666,1.0,0.007796257796257796
conspireal,False,0.3057258875837037,2.1229717301369706,1375.8,0,1.0,0.0,1,0.0,0.0,0.0
convicted_redditor,False,2.80109034426561,0.5901827154888754,1107.9,0,1.0,1.0,2,1.0,1.0,0.0009026085386767758
coolbabyyoutoo1438,False,2.4795998739181515,0.06612967426841522,617.2,0,0.0,1.0,1,0.0,1.0,0.0016202203499675954
coolbird22,False,1.1105231117950394,0.40454412812042845,5330.2,0,0.0,1.0,1,0.0,1.0,0.00018761022100484035
cooldragoncool,False,1.6121543341487807,0.03576023107169075,1397.0,0,0.0,1.0,1,0.0,1.0,0.0007158196134574087
cooler_than_others,False,0.6628760841837524,0.7583043221935826,1145.3,0,0.0,1.0,1,0.0,1.0,0.0008731336767659128
coolwheeat,False,1.852689224924346,3.3449435359526336,411.2,1,1.0,0.0,1,0.0,0.0,0.0
coolzamasu,False,0.14395715831141306,1.795155058229193,1898.8,0,2.0,0.0,1,0.0,0.0,0.0
cooooooldude1,False,0.06105411465124728,0.07132478082193021,4368.1,0,0.0,1.0,1,0.0,1.0,0.000228932487809345
corvus_visceral,False,0.07290510644794689,0.007017572658646549,1877.6,0,0.0,1.0,1,0.0,1.0,0.0005325948018747338
cosmic-synergies,False,5.6730279979724205,1.6179639251126567,232.8,0,0.0,1.0,1,1.0,1.0,0.0042955326460481094
cosmicsom,False,1.7043040207732563,0.07328726771688754,2416.2,0,0.0,1.0,1,0.0,1.0,0.0004138730237563116
cosmosisshrinking,False,2.613173531654734,1.3140234990970587,73.8,0,1.0,0.0,1,0.0,0.0,0.0
cotoapp25,False,0.7847957694137428,0.6884190393639994,353.2,0,0.0,1.0,1,0.0,1.0,0.0028312570781426957
cottoncandyisgood_3,False,3.2349061899607414,1.3279810698572956,661.9,0,1.0,1.0,1,0.0,1.0,0.0015108022359873092
cousinokri,False,2.8999508581155324,0.020623852384132293,3454.5,0,0.0,1.0,1,0.0,1.0,0.0002894774931249095
cowboys_fan89,False,0.8238592874151861,0.03367321510658789,943.5,0,0.0,1.0,1,1.0,1.0,0.0010598834128245894
cprash,False,0.6874343474551046,0.03535251871571973,1658.9,0,0.0,1.0,1,0.0,1.0,0.0006028090903610826
cptnTiTuS,False,3.5770909238127495,0.07677390315464719,448.7,0,0.0,1.0,1,0.0,1.0,0.0022286605749944283
crack_station,False,6.714855919591317,6.3112213774005514,66.2,0,1.0,0.0,1,0.0,0.0,0.0
cranky_finicky,False,1.411302889192177,0.000503144664702497,640.7,0,0.0,3.0,2,0.0,1.0,0.004682378648353363
crazybeast91,False,0.07380613714660424,0.2706992998226347,3289.9,0,0.0,1.0,1,0.0,1.0,0.000303960606705371
crazydogmotherr,False,1.388825015849331,0.0008940545968807638,1114.9,1,0.0,1.0,1,1.0,1.0,0.000896941429724639
crazyengineer_2007,False,2.994593871967039,1.525051265334969,408.7,0,1.0,0.0,1,0.0,0.0,0.0
creepyarachnid_,False,1.2700403174937929,0.31949434243460917,1782.9,0,0.0,1.0,1,0.0,1.0,0.0005608839531101015
cricketchef20,False,3.3751244814422403,0.011734908016821245,343.1,0,0.0,1.0,1,0.0,1.0,0.002914602156805596
crimemastergogo96,False,3.218936064017642,0.019450894632795847,1992.0,0,0.0,1.0,1,0.0,1.0,0.000502008032128514
critical_ghost-57,False,2.0570877072424514,0.10273411887560716,594.3,0,0.0,4.0,1,0.0,1.0,0.006730607437321219
crypticcrosswordguy,False,1.2118580170406297,0.1707132786702071,1908.7,0,1.0,0.0,1,0.0,0.0,0.0
crypto_kb_baby,False,0.06620482365141261,0.7654678421395714,1870.1,0,1.0,0.0,1,0.0,0.0,0.0
crystal_prism450,False,2.2689403748133694,0.053590013739963575,1100.8,0,0.0,1.0,1,0.0,1.0,0.0009084302325581395
cs1337,False,0.3346249560269543,0.01398624197473989,4164.4,0,0.0,1.0,1,0.0,1.0,0.00024013063106329845
curios_mind_huh,False,2.5750218450219338,0.13383342530675463,1364.7,0,0.0,1.0,1,0.0,1.0,0.0007327617791455998
curiosityfreak2020,False,1.2126782872253714,0.008604847193518433,345.4,0,0.0,1.0,1,1.0,1.0,0.002895193977996526
curious-dev199,False,0.2035375981905979,0.5139457511022343,943.6,0,0.0,1.0,1,0.0,1.0,0.00105977108944468
curious_asmat,False,1.8450435028848742,0.2385240412077435,2299.2,0,0.0,1.0,1,1.0,1.0,0.0004349338900487126
curious_cat_202,False,0.5425104027411972,0.09653792704264727,224.9,0,0.0,1.0,1,1.0,1.0,0.004446420631391729
curiousgal0007,False,1.5267829748711175,0.06437866181343568,346.9,0,0.0,1.0,1,0.0,1.0,0.002882675122513693
curiousgaruda,False,2.273210752571647,0.1541759326713612,3030.7,0,4.0,9.0,1,0.4444444444444444,1.0,0.002969610980961494
curioushuman04,False,0.8538541175249008,0.25934311413331484,2449.8,0,0.0,1.0,1,0.0,1.0,0.0004081965874765287
curiousstrider,False,3.009909250563688,1.4546772536956145,3678.4,0,1.0,1.0,1,0.0,1.0,0.00027185732927359724
curlsandmockery,False,3.0432727879692996,0.09399096518391767,1410.8,0,0.0,1.0,1,1.0,1.0,0.0007088176920895946
custardosaurus,False,1.514144753761511,0.01986980805563548,587.5,0,0.0,1.0,1,0.0,1.0,0.001702127659574468
cw_et_pulsed,False,2.4054224814333027,0.013271594928903892,300.8,0,0.0,2.0,1,1.0,1.0,0.006648936170212766
cybercoderNAJ,False,2.3781444391242643,1.2795695887702503,1018.0,0,0.0,1.0,1,0.0,1.0,0.0009823182711198428
cyborgassassin47,False,2.9062888140396224,0.07849540146245183,2630.2,0,0.0,1.0,1,0.0,1.0,0.0003801992243935823
cybrain,False,1.1692734428875016,0.9221521146082513,3545.6,0,0.0,1.0,1,0.0,1.0,0.00028203971119133574
cymshah,False,1.4715882668598144,0.02886174095794306,2995.1,0,0.0,2.0,1,0.5,1.0,0.0006677573369837401
cynical_nugget,False,0.38318481139875665,0.5037035476915775,2195.1,0,1.0,0.0,1,0.0,0.0,0.0
d1apol1cal,True,1.342302027683632,0.020895897662502463,1384.8,0,0.0,1.0,1,1.0,1.0,0.0007221259387637204
dMONK93,False,0.11598206953239379,2.1113349054557897,3618.6,0,1.0,0.0,1,0.0,0.0,0.0
dabster7000,False,0.576114050073451,0.26933293378358436,4157.3,0,1.0,0.0,1,0.0,0.0,0.0
daddy4k_p,False,0.6403880331355144,0.007860792863934651,995.3,0,0.0,1.0,1,1.0,1.0,0.0010047221943132725
daddyback1004,False,2.748284249400362,2.741991434530243,178.3,0,1.0,1.0,2,0.0,1.0,0.005608524957936062
daddyroronoazoro,False,2.576777967095475,1.3028330211401744,495.2,0,2.0,0.0,1,0.0,0.0,0.0
dadisinKGB,False,2.558397643111284,1.082606958434415,801.0,1,1.0,0.0,1,0.0,0.0,0.0
daexviper,False,0.5257231441918095,0.2002356291076706,1106.0,0,0.0,1.0,1,1.0,1.0,0.0009041591320072332
dagp89,False,2.4750559429279217,0.1623638930696888,4671.5,0,0.0,1.0,1,0.0,1.0,0.00021406400513753612
daksh_1818,False,4.31523639259479,1.9791374350838016,502.7,0,1.0,1.0,1,0.0,1.0,0.001989258006763477
dakuteju,False,0.6754881277889782,0.8314792381035921,2533.7,0,1.0,1.0,1,1.0,1.0,0.00039467971740932237
dalalstreetgambler,False,2.2225854666180016,1.037003068699132,812.4,1,3.0,0.0,1,0.0,0.0,0.0
dalitoy,False,0.7639046681254796,0.007440331935540127,3646.3,0,0.0,1.0,1,1.0,0.0,0.0002742506102076077
danda-pinda,False,0.2707536815190742,1.5301885407799598,2180.4,0,1.0,0.0,1,0.0,0.0,0.0
danger_321,False,0.32477619685802167,1.5656352897757073,172.0,1,1.0,0.0,1,0.0,0.0,0.0
dankyPranky007,False,2.011919021369581,0.04773074623336524,2089.8,0,0.0,1.0,1,0.0,1.0,0.00047851469040099525
dantparie,False,1.0156704254362598,0.3586627167825062,2695.3,0,0.0,1.0,1,0.0,1.0,0.00037101621340852593
darelphilip,False,2.4875269925357903,1.4304530562292825,5510.5,0,0.0,1.0,1,0.0,1.0,0.00018147173577715272
dark_shadow_297,False,0.7434479190347443,0.6073312609750893,252.0,0,1.0,1.0,2,1.0,1.0,0.003968253968253968
darkdaemon000,False,3.03690440159606,0.7034797432980294,2848.7,0,0.0,5.0,4,0.4,1.0,0.0017551865763330643
darkforrest1,False,0.06496095512334837,0.26164509866878555,2056.1,0,0.0,1.0,1,1.0,1.0,0.00048635766742862705
darklordx265,False,0.31898469444769023,0.042515475026588194,2618.9,0,0.0,1.0,1,0.0,1.0,0.0003818397036923899
darkpoison756,False,1.466337068793427,0.5966621425824962,278.1,0,0.0,1.0,1,0.0,1.0,0.0035958288385472847
darksoulxvk,False,1.4022947024663317,0.3226407574727511,1054.0,0,0.0,1.0,1,0.0,1.0,0.0009487666034155598
darkxknight07,False,1.4812732101048027,0.20830496072821245,782.1,0,0.0,2.0,1,0.5,1.0,0.0025572177470911646
darthvaders_nuts,False,4.42821051720569,0.10774594790911042,931.2,0,0.0,1.0,1,0.0,1.0,0.0010738831615120274
darthwader42,False,1.2259517110447113,0.010872955198660661,1382.4,0,0.0,2.0,2,0.0,1.0,0.0014467592592592592
darwinevo,False,3.640408395829539,0.8915755619073454,3380.0,0,0.0,3.0,3,0.6666666666666666,1.0,0.0008875739644970414
dashammolam,False,0.5158325403032674,0.0779717288668829,3928.7,0,0.0,1.0,1,1.0,1.0,0.00025453712423957034
dbhdhdnn,False,3.728216475639613,0.25919174374428616,396.8,0,0.0,1.0,1,0.0,1.0,0.0025201612903225806
dbkuper,False,0.7403621383631618,0.19853748384274755,3082.9,0,0.0,3.0,3,0.6666666666666666,1.0,0.0009731097343410425
deadnonamer,False,0.9044420526926199,1.422120733288376,2511.3,0,0.0,1.0,1,1.0,1.0,0.000398200135388046
deadpanmouse,False,1.4231551012905534,0.08391699597488188,334.9,0,0.0,1.0,1,1.0,1.0,0.002985965959988056
deadshot_-_-,False,0.3758433403284919,0.021239736500911054,1249.4,0,0.0,1.0,1,0.0,1.0,0.000800384184408516
deaduser_1,False,0.6744518117468916,0.23567728746146632,1166.2,0,1.0,0.0,1,0.0,0.0,0.0
deathbed326,True,1.5038943304142067,0.19120378470683128,303.5,0,0.0,1.0,1,1.0,1.0,0.0032948929159802307
deathlytiger,False,0.0026028125053427415,0.1541506798272583,2302.2,0,0.0,1.0,1,0.0,1.0,0.0004343671270958214
debapriyabiswas,False,0.1788654358085181,0.1100008952143285,2690.7,0,0.0,1.0,1,0.0,1.0,0.00037165049986992237
debris16,False,2.1185806709184534,0.05412576413830759,2593.0,0,0.0,1.0,1,0.0,1.0,0.0003856536829926726
decayp33,False,0.3660067199945603,0.6931471805599453,690.1,1,0.0,1.0,1,0.0,1.0,0.0014490653528474134
deceptionaldpka,False,2.0898492926484,0.0743772142388832,2178.1,0,0.0,1.0,1,0.0,1.0,0.0004591157430788302
deep_blue_shirt,False,1.2314537079082069,0.7788894744782717,1002.8,0,0.0,1.0,1,1.0,1.0,0.000997207818109294
deepa_stock_tips,False,0.05575802081798885,0.017857617400006433,1953.2,0,0.0,1.0,1,0.0,1.0,0.0005119803399549457
deepbloger,False,0.13910716792344277,0.16337180801429246,2304.9,0,0.0,1.0,1,0.0,1.0,0.00043385830187860644
deepusoman,False,0.48173135110183923,0.6456489571409464,4050.9,0,0.0,1.0,1,1.0,1.0,0.00024685872275296845
deeznutsV2ok,False,3.4429488496033986,0.7429101710114246,455.1,0,0.0,1.0,1,1.0,1.0,0.002197319270490002
defahoe0_0,False,1.0158764762514976,1.9189146447133016,1368.5,0,1.0,0.0,1,0.0,0.0,0.0
degi_mirch,False,2.3486654216608396,0.020353071952040783,702.1,0,0.0,1.0,1,0.0,1.0,0.001424298532972511
deja_woo_,False,1.0263925518286252,0.21143506204930962,1824.7,0,0.0,1.0,1,0.0,1.0,0.0005480352934728996
dejavuplease,False,3.219295299621214,0.01647711033076074,1582.6,0,1.0,0.0,1,0.0,0.0,0.0
del_48_content,False,1.675085286023118,0.3487232583777746,507.0,0,1.0,1.0,1,1.0,1.0,0.0019723865877712033
delhi_Catch_49,False,1.749692578399841,0.24771270602560716,1490.9,0,1.0,0.0,1,0.0,0.0,0.0
deltastar123,False,2.884548524564718,0.01822691714318222,1327.1,0,1.0,3.0,4,1.0,1.0,0.0022605681561299073
delusional-phoenix,False,2.090879671217802,0.02231581391393965,632.4,0,0.0,1.0,1,0.0,1.0,0.0015812776723592664
demon_baba,False,0.12152069503540318,1.2476478678285976,1501.4,0,0.0,1.0,1,0.0,1.0,0.0006660450246436659
depressionsucks29,False,2.848577754619661,0.718505116150027,2828.9,0,0.0,1.0,1,0.0,1.0,0.00035349429106719925
derEinsameWolf,False,0.12910971197187493,0.46016624382122134,1901.1,0,0.0,1.0,1,0.0,1.0,0.0005260112566408922
derSchwamm11,False,2.311239791057881,0.12166245588819234,4355.6,0,0.0,1.0,1,1.0,0.0,0.00022958949398475524
desdemona2499,False,1.6478938752774908,0.17448464344676023,950.9,0,0.0,1.0,1,0.0,1.0,0.001051635292880429
deserted_lawyer,False,1.8816009455780174,0.28042251243897676,394.5,0,0.0,1.0,1,1.0,1.0,0.0025348542458808617
deservesthebest,False,2.5523366905239606,0.02631730831737341,370.7,0,0.0,2.0,1,0.5,0.5,0.005395198273536552
desi-auntie,False,3.5701296684105412,0.5980872582333686,273.6,0,1.0,1.0,1,0.0,1.0,0.003654970760233918
desi-detra,False,1.7645229249923808,0.014930254512022822,1687.2,0,0.0,1.0,1,1.0,1.0,0.0005926979611190137
desiOverthinker,False,0.20744723566689108,0.021978906718775244,195.2,0,0.0,1.0,1,0.0,1.0,0.005122950819672132
desialph,False,1.523447661023398,0.052311501548232546,2493.3,0,1.0,0.0,1,0.0,0.0,0.0
desigooner,False,3.723324877976961,0.5855988581684416,3864.9,0,1.0,1.0,1,0.0,1.0,0.0002587389065693808
desultorySolitude,False,3.6379915160920246,9.679136628570044e-05,279.1,0,0.0,3.0,2,0.6666666666666666,1.0,0.010748835542816195
detective_acebox,False,0.09582217683661771,1.7689794408962352,2147.9,0,1.0,0.0,1,0.0,0.0,0.0
dev0706s,False,1.2730332696415965,0.6357020358410267,1656.9,0,0.0,1.0,1,1.0,1.0,0.000603536725209729
dev90090,False,1.6989717321637712,0.7084614155329878,809.7,0,1.0,0.0,1,0.0,0.0,0.0
dev_gid,False,1.8003176199080435,0.20137819375341287,901.7,0,0.0,1.0,1,1.0,1.0,0.0011090163025396472
dev_shukla,False,0.2724792394729493,0.8615838176346801,1047.2,0,1.0,0.0,1,0.0,0.0,0.0
devanshudhapwal,False,1.367025400877754,0.5495178794742197,1078.1,0,0.0,1.0,1,1.0,1.0,0.0009275577404693443
devd2000,False,0.3824729968870379,0.04505738556574866,2092.7,0,0.0,1.0,1,0.0,1.0,0.0004778515792994696
devd7549,False,0.014192512691545651,0.04255961441879593,1609.1,0,0.0,1.0,1,0.0,1.0,0.0006214654154496303
development_era,False,3.2534077083927184,1.6280864715121732,522.1,1,3.0,0.0,1,0.0,0.0,0.0
deveshrx,False,0.24228691436939254,3.0374427621353615,2049.9,0,1.0,0.0,1,0.0,0.0,0.0
devilPaimon_,False,0.5414346812622184,0.004282661792000863,324.3,0,0.0,1.0,1,0.0,1.0,0.003083564600678384
devilcrycry,False,0.17368812204335038,0.019512814223581743,2177.3,0,0.0,1.0,1,1.0,1.0,0.0004592844348505029
devmagii,False,2.6178530259511685,0.022147761006907737,2921.0,0,0.0,1.0,1,1.0,1.0,0.00034234851078397807
dg83146,False,0.09531538977934303,2.073743520565198,3489.8,0,1.0,0.0,1,0.0,0.0,0.0
dholchike,False,1.341069726610401,0.04625647630012207,1919.5,0,0.0,1.0,1,1.0,1.0,0.0005209690023443605
dhruba_soumya_das28,False,1.4713708777832248,0.8939729989573335,640.2,0,1.0,0.0,1,0.0,0.0,0.0
dhruvasagar,False,0.8414273499119673,0.47605191886710435,6609.2,0,0.0,1.0,1,1.0,1.0,0.0001513042425709617
dhruvazs,False,0.1927906194021609,1.0398798150037127,2483.2,0,1.0,0.0,1,0.0,0.0,0.0
diamond-merchant,False,0.3497973803504673,0.008987636497379417,4534.6,0,0.0,1.0,1,1.0,1.0,0.0002205266175627398
diamond_head_01,False,2.95214407292185,1.01498278592043,2436.0,0,0.0,1.0,1,0.0,1.0,0.00041050903119868636
dice_rolling,False,2.5122299810108744,0.9548175426663469,2644.1,0,0.0,1.0,1,0.0,1.0,0.00037820052191672027
dick_in_pie,False,1.0587736585915577,0.7172012567134832,1787.2,0,1.0,0.0,1,0.0,0.0,0.0
digitzerxp,False,0.6958828831628282,0.05920732106423314,1971.2,0,0.0,2.0,1,1.0,1.0,0.0010146103896103895
dimpld9,False,2.733710374816869,0.07787827615736205,2977.3,0,0.0,1.0,1,0.0,1.0,0.000335874785879824
dino941,False,0.3379661135088351,0.07330281913115938,2847.6,0,0.0,1.0,1,1.0,1.0,0.00035117291754459897
diony_sus_,False,2.9225714935054037,1.3573118194387659,1625.9,0,1.0,0.0,1,0.0,0.0,0.0
dipmalya,False,1.5194113197500028,0.14409425534153764,2300.3,0,0.0,1.0,1,1.0,1.0,0.0004347259053166978
dipsy_98,False,2.0219306746329977,0.5279562784485143,2566.5,0,0.0,2.0,2,0.0,1.0,0.0007792713812585232
dishayvelled,True,2.4922719324975606,0.23536415640586697,2058.4,0,0.0,1.0,1,1.0,0.0,0.00048581422464049744
ditwit73,False,0.08865007921946919,0.005115100666770427,2103.6,0,0.0,1.0,1,1.0,1.0,0.0004753755466818787
divyanshu1154,False,0.034762600407596045,0.02739897418811444,1017.7,0,0.0,1.0,1,1.0,1.0,0.000982607841210573
divyaraj00,False,2.102061936044525,0.5680502292686508,1732.0,0,0.0,1.0,1,1.0,1.0,0.0005773672055427252
diwakar_27,False,0.8374055172294527,0.00037181632702012085,2052.1,0,0.0,1.0,1,1.0,1.0,0.00048730568685736563
djWaaleBabu,False,0.23739512563907378,0.780963386566862,1683.2,0,1.0,0.0,1,0.0,0.0,0.0
dj_core_18,False,4.058961291590204,0.006876690808082209,317.9,0,0.0,3.0,2,1.0,1.0,0.009436929852154767
dkgt68,False,0.0995090614469634,0.005633817718256006,1691.7,0,0.0,1.0,1,0.0,1.0,0.0005911213572146361
dluffy121,False,0.20071181267558466,0.04755725252904806,3095.3,0,0.0,1.0,1,0.0,1.0,0.0003230704616676897
docXfamas,False,0.6384371543004064,0.20435825672039282,3613.8,0,1.0,0.0,1,0.0,0.0,0.0
dockp10,False,0.3405536542932602,0.29666826302561644,2109.8,0,0.0,1.0,1,0.0,1.0,0.0004739785761683572
docmulan,False,0.5403779835595337,0.9701011807717271,904.2,0,0.0,1.0,1,1.0,1.0,0.0011059500110595
docthestrange,False,0.7411312181238526,0.04728835989090214,1241.0,0,0.0,1.0,1,1.0,1.0,0.0008058017727639
docwithanxiety,False,1.2988938538315573,0.062074624858955374,841.2,0,0.0,1.0,1,1.0,1.0,0.0011887779362815027
doge-12,False,4.1204610679763,0.9723922289088825,1754.5,0,1.0,0.0,1,0.0,0.0,0.0
dogeshkidunia,False,0.4536647746703585,0.41693520065731204,1449.3,0,0.0,1.0,1,0.0,1.0,0.0006899882701994067
doktor_the,False,1.8414932379319433,0.44311303835373445,4549.8,0,2.0,0.0,1,0.0,0.0,0.0
dolll-eyes,True,2.911319942702886,0.3826956043749627,258.5,0,1.0,0.0,1,0.0,0.0,0.0
dom150994,False,0.6702430533550096,1.9715525796686508,81.7,0,0.0,1.0,1,0.0,1.0,0.012239902080783353
donaldtrumpisntme,False,4.834454892160019,0.5456993365206436,158.7,0,1.0,3.0,1,0.3333333333333333,0.6666666666666666,0.01890359168241966
dont_mess_with_tx,False,4.336517485641776,1.3366882302844223,3489.7,0,1.0,0.0,1,0.0,0.0,0.0
dontevenaskmyname,False,0.6063150011241512,0.04402213753140699,2282.7,0,0.0,1.0,1,1.0,1.0,0.0004380777149866387
dontstealmydinner,False,3.6640789683520896,0.013806837596791887,2378.5,0,0.0,9.0,3,0.4444444444444444,1.0,0.0037838974143367668
dopamine-19,False,2.402841696733696,1.4303353504728389,330.0,0,1.0,0.0,1,0.0,0.0,0.0
dopaminedune,True,4.276863877884066,0.32836994420858784,344.1,0,0.0,3.0,2,1.0,1.0,0.008718395815170008
dorito_whamen,False,2.6934570301126417,1.794323612803826,2351.5,0,0.0,1.0,1,1.0,1.0,0.00042526047203912394
dostmohammad_96,False,0.10348590290274864,1.4961092271270973,1137.3,0,1.0,0.0,1,0.0,0.0,0.0
doweknowthat,False,1.389115237461532,1.613529254460102,3009.0,0,0.0,1.0,1,0.0,1.0,0.00033233632436025255
dr_eamsss,False,2.005245118463376,0.5213421105943451,1630.7,0,1.0,0.0,1,0.0,0.0,0.0
dr_pills_needles,False,1.772919919690243,0.0021321969698407206,384.0,0,0.0,1.0,1,1.0,1.0,0.0026041666666666665
dr_wafu,False,1.212969244626146,0.7827657096704943,4150.7,1,0.0,1.0,1,0.0,1.0,0.00024092321777049655
dragon_of_kansai,False,3.3205023955259048,0.25319892755802004,2725.1,0,0.0,1.0,1,1.0,1.0,0.0003669590106785072
dragonite_fire,False,2.5456959588573804,0.5706717325030118,928.6,0,0.0,1.0,1,0.0,1.0,0.001076889941847943
drake_chaddiwaala,False,0.20410417523004273,0.012578782206860118,348.9,1,0.0,1.0,1,1.0,0.0,0.0028661507595299516
drdeepakjoseph,False,1.6123256003884314,0.40619860088680676,4246.4,0,0.0,2.0,2,1.0,1.0,0.0004709871891484552
dreamer_Inc,False,2.330203551942568,0.01710072011718766,1182.0,1,0.0,3.0,2,0.6666666666666666,1.0,0.0025380710659898475
dreamyandambitious,False,1.18370664886804,0.07460151777841736,1994.3,0,0.0,2.0,1,1.0,1.0,0.0010028581457152885
dregan,False,3.506023447788083,0.08108168400956292,6876.2,0,0.0,1.0,1,1.0,1.0,0.00014542916145545505
driger11,False,2.351106841053742,0.014178817334785135,1809.8,0,0.0,1.0,1,0.0,1.0,0.0005525472427892584
drktbr,False,1.5531943607034588,0.6910280867387688,1897.2,0,0.0,1.0,1,0.0,1.0,0.0005270925574530887
drodo2002,False,1.2227688354685757,0.270855616638058,2876.6,0,0.0,1.0,1,0.0,1.0,0.00034763262184523395
dronz3r,False,2.4705885516850925,0.017715325188764303,4711.8,1,0.0,2.0,2,0.5,1.0,0.00042446623371110827
drox9,True,1.3553628660700572,0.08612861267217618,3397.3,0,0.0,1.0,1,1.0,1.0,0.0002943513966973773
droythedad,False,1.4572682211491381,0.07179792241456007,1857.5,0,0.0,2.0,2,0.0,1.0,0.0010767160161507402
drpapadeltavictor,False,0.8969341316089239,0.02475906881235974,1294.7,0,0.0,1.0,1,1.0,1.0,0.0007723797018614351
druhl,False,0.7270225599372987,0.34243258722318926,2738.3,0,0.0,1.0,1,1.0,1.0,0.00036519008143738813
dsv853,False,0.6418071637502959,0.0775035611548601,3604.8,0,0.0,3.0,3,0.3333333333333333,1.0,0.0008322237017310253
ducducspartan,False,0.5978370007556205,0.03357043954981362,2035.0,0,0.0,1.0,1,0.0,1.0,0.0004914004914004914
ducky_duck_251,False,2.3000755199128475,0.031263905784741516,311.2,0,0.0,2.0,1,0.5,1.0,0.006426735218508998
dud3_mclovin,True,3.9457892179403498,0.1349852970824156,601.0,0,0.0,1.0,1,1.0,1.0,0.0016638935108153079
dumbVedantt,False,4.100999550495924,1.7616879131911405,63.4,1,0.0,1.0,1,1.0,1.0,0.015772870662460567
dumb_depressed,False,0.5377845262781884,1.6456175690116026,275.2,0,0.0,1.0,1,0.0,1.0,0.003633720930232558
duryodhanan98,False,1.6268290232462168,0.035432886323994675,1637.1,0,0.0,1.0,1,0.0,1.0,0.0006108362348054486
dushyants2809,True,0.7537139190638599,0.10465417623237952,2235.8,0,0.0,1.0,1,1.0,1.0,0.00044726719742374093
dustyroseinsand,False,0.40779963100975,0.1887077005964609,4178.7,0,0.0,1.0,1,1.0,1.0,0.0002393088759662096
dynamitekato,False,1.0420084661394005,0.08571475235363164,1717.8,0,0.0,3.0,2,1.0,1.0,0.0017464198393293748
earthling011,False,3.5449993314323867,0.13302676196361055,1598.5,0,0.0,4.0,4,0.25,1.0,0.0025023459493274947
earthysilence,False,2.5185489217373616,1.136639684257349,563.6,0,0.0,1.0,1,1.0,1.0,0.0017743080198722497
eatplayfuckrepeat12,True,2.8602491696059307,6.440601554411347e-05,1885.9,0,0.0,1.0,1,1.0,1.0,0.0005302508086324831
eatsfuckssleeps,False,1.27939150667433,0.20617801715591308,3446.2,0,0.0,1.0,1,0.0,1.0,0.00029017468516046664
ebzzeby,False,0.0018716082573643497,0.4054651081081644,1067.6,0,0.0,1.0,1,0.0,1.0,0.0009366804046459349
ecstasid,False,3.109110069709099,2.05615355361982e-05,2272.5,0,0.0,1.0,1,1.0,1.0,0.00044004400440044003
eddit21,False,0.25143507420885897,0.23101271596355327,4236.2,0,0.0,1.0,1,1.0,1.0,0.00023606062036731032
edudhtamris,False,2.8806014085870904,0.03492439635091554,2263.3,0,0.0,2.0,1,0.5,1.0,0.0008836654442628021
eepanpappachi,True,3.352847629125801,0.19610939287594495,110.1,0,0.0,1.0,1,1.0,1.0,0.009082652134423252
efex92,False,0.5462384621703436,0.12261653542017012,4207.8,0,0.0,2.0,2,0.0,1.0,0.0004753077617757498
ek-goli-ek-dushman,False,1.3975283069694056,0.21898554116554605,787.8,0,1.0,1.0,1,1.0,1.0,0.0012693577050012694
el_jefe_del_mundo,False,2.8003054820129667,0.6064906832916919,2219.4,0,0.0,1.0,1,0.0,1.0,0.00045057222672794447
electricsquirell,False,2.8545248308281748,0.3286372170656756,1427.7,0,2.0,8.0,3,0.5,1.0,0.005603418085031869
elefattie,False,2.9686182125475,2.80498825038534,332.9,0,0.0,1.0,1,0.0,1.0,0.00300390507659958
ella_si123,False,2.9904464419448487,0.3122484303863443,2291.4,0,1.0,0.0,1,0.0,0.0,0.0
elliyu_salladavanu,True,4.368272366275968,3.0258434530042937,325.4,0,2.0,0.0,1,0.0,0.0,0.0
elnino2023,False,1.3150813417684195,1.9312115422623053,1065.3,1,0.0,2.0,2,0.5,0.5,0.0018774054257016805
elucidator007,False,2.4801357357204767,0.19627328502093616,2326.9,0,0.0,2.0,2,1.0,1.0,0.0008595126563238643
embarrassing_doodle,False,2.1872691802864557,0.05637248552085723,2061.6,0,0.0,1.0,1,1.0,1.0,0.00048506014745828483
emilywatson99,False,1.554039812498072,0.5920141884926728,558.9,0,0.0,1.0,1,1.0,1.0,0.001789228842368939
emkendrilama08,False,2.5678100538119404,0.019450584375713637,2255.5,0,0.0,1.0,1,1.0,1.0,0.0004433606739082243
empty-man-47,False,0.8045767932333451,0.05430627189892205,1315.8,0,0.0,1.0,1,0.0,1.0,0.0007599939200486396
emtydeeznuts,False,1.593617411750919,0.0420297839177532,1610.6,0,0.0,1.0,1,0.0,1.0,0.0006208866261020738
en1gmatiq,False,1.458695223969878,0.04482347907932673,1333.8,0,1.0,1.0,1,0.0,1.0,0.000749737591842855
endlessthrust,False,0.9307850046543037,0.08818256588009273,2274.0,0,0.0,1.0,1,0.0,1.0,0.00043975373790677223
engorgedburrata,False,4.220440457886416,0.01464560126715975,1574.3,0,0.0,1.0,1,0.0,1.0,0.0006352029473416757
enigmaBabei,False,1.464050420185796,0.014784135578069381,1886.0,0,0.0,1.0,1,0.0,1.0,0.0005302226935312832
enigmaticholowitz,False,0.6990170253471925,0.000570288010893851,1732.6,0,0.0,1.0,1,1.0,0.0,0.0005771672630728385
enlightenedshubham,True,4.679469136590866,4.750920695352806,375.1,0,1.0,0.0,1,0.0,0.0,0.0
entp_menace,False,2.4425474396336484,0.1924819581365331,629.1,1,0.0,1.0,1,1.0,1.0,0.0015895724050230488
enzo_dogh,False,1.7280143849134098,0.8513319723952293,786.7,0,0.0,2.0,2,0.0,1.0,0.002542265158256006
epsteinswatchman,False,2.493323322304425,3.3336320621663895,126.2,1,1.0,0.0,1,0.0,0.0,0.0
erenslefttitty,False,2.198531725990525,0.4826423200964026,1766.9,0,1.0,4.0,2,0.25,1.0,0.002263851944082857
error405minus1,False,1.5944207745710521,0.20684502046767025,1972.5,1,1.0,3.0,1,0.6666666666666666,1.0,0.001520912547528517
errorbots,False,2.7157106876030483,3.422318524877362,2559.2,0,1.0,0.0,1,0.0,0.0,0.0
erwinsmith073,False,0.9043414359767016,0.25815963318545915,725.7,0,0.0,1.0,1,0.0,1.0,0.00137797988149373
escape__artist,False,0.29046550214733885,0.02570835671020696,1166.0,1,0.0,1.0,1,1.0,1.0,0.0008576329331046312
esporx,False,7.031599045889077,6.704776480498061,4215.6,0,1.0,0.0,1,0.0,0.0,0.0
evammist,False,4.430803916810529,6.2082302508634836e-06,1940.7,0,0.0,12.0,2,0.5,1.0,0.006183335909723296
even-wierd,False,1.0044760227318008,0.09577796457683008,2100.0,0,0.0,1.0,1,0.0,1.0,0.0004761904761904762
everaum,False,0.16856474904634502,0.8109302162163288,386.7,0,1.0,0.0,1,0.0,0.0,0.0
everestwanderer,False,0.6305399259516286,1.455287232606842,1262.2,0,0.0,1.0,1,0.0,1.0,0.0007922674694977024
evilhabibi,False,1.436613757442414,0.305821984212634,404.5,0,0.0,1.0,1,0.0,1.0,0.002472187886279357
evolutionstorm,False,1.0734708503726869,0.023884032080669956,2728.1,0,0.0,1.0,1,0.0,1.0,0.0003665554781716213
exattic,False,0.9042225656606695,1.3894780632678154,3209.5,0,0.0,1.0,1,0.0,1.0,0.0003115750116840629
excellentSeller,False,1.9605842631033552,0.8333594361753004,618.5,0,0.0,1.0,1,1.0,1.0,0.0016168148746968471
exciting_one2005,False,6.272168602221478,0.028860252275446363,77.8,0,0.0,3.0,3,1.0,1.0,0.038560411311053984
exotic_variation99,False,0.5319884916833161,0.03356019649230184,1724.3,0,0.0,2.0,1,0.0,1.0,0.0011598909702487967
exploring_yet,False,0.45422004809971706,0.060515074793265636,1982.8,0,0.0,1.0,1,1.0,1.0,0.0005043373007867661
extramaggiemasala,False,1.6968403245135264,0.06762846784273552,2007.1,0,0.0,1.0,1,0.0,1.0,0.0004982312789596931
exwiredglittering133,False,5.444724900859699,4.487823801973454,384.2,0,1.0,0.0,1,0.0,0.0,0.0
fabulouslyugly,False,3.9414656178034018,0.10140515814118206,325.9,0,0.0,1.0,1,1.0,1.0,0.0030684258975145753
faitavecarmour,False,2.79134611155963,0.6174369496420485,1711.5,0,1.0,0.0,1,0.0,0.0,0.0
faj-707,False,1.8446219579164866,0.41942032742084717,3068.7,0,0.0,2.0,1,1.0,1.0,0.000651741779906801
faltuvlogger-faltuau,False,2.617467453335918,0.16365953972819797,580.9,0,0.0,1.0,1,0.0,1.0,0.001721466689619556
famesardens,False,3.493284060027928,8.494372483340722e-05,369.1,0,0.0,8.0,3,0.5,1.0,0.021674342996477917
fanatic75,False,1.5157729535976932,1.054705725213299,3210.3,0,1.0,0.0,1,0.0,0.0,0.0
fanatic_fangirl,False,1.8712953633515814,3.4352106707171632,2975.6,0,1.0,0.0,1,0.0,0.0,0.0
fancypantsmiss,False,5.645110310632318,0.29859572813672264,363.3,1,0.0,5.0,2,0.6,1.0,0.013762730525736306
fangbro,False,0.7081207223501078,0.7594220285631128,2088.0,0,1.0,0.0,1,0.0,0.0,0.0
fantasyandme18110,False,2.532742058398305,0.5054595343352234,1224.2,0,1.0,0.0,1,0.0,0.0,0.0
fanwithfourblades,False,1.508386903935605,0.8202513568866671,283.0,0,0.0,1.0,1,1.0,1.0,0.0035335689045936395
farahisweird,False,3.218909319133507,0.04866307894366599,1671.9,0,0.0,1.0,1,0.0,1.0,0.0005981218972426581
farhantahir,False,0.7614588233317167,1.2471567034388185,3661.3,0,1.0,0.0,1,0.0,0.0,0.0
farjicomedian,False,1.2043354347287496,0.5434445735984593,2784.7,0,0.0,1.0,1,0.0,1.0,0.0003591051100657163
fastuser99,False,0.636735271104487,0.2624251676618824,1843.2,0,0.0,1.0,1,0.0,1.0,0.0005425347222222222
fatasscat_p,False,2.9122738550017524,0.09821709291941084,382.1,0,0.0,2.0,1,1.0,1.0,0.005234231876472127
fatboy_was_slim,True,1.7267394039619999,0.14626109255209538,2294.1,0,0.0,1.0,1,0.0,1.0,0.00043590078898042805
faux_trout,False,1.2378134888027996,0.08925755574276696,4534.6,0,0.0,1.0,1,0.0,1.0,0.0002205266175627398
fcuk_the_king,False,3.4484368363372395,0.011109605915668733,4078.1,1,0.0,1.0,1,0.0,1.0,0.00024521223118609156
fcukof,False,0.5168129562984668,3.372494801904786,3703.4,0,1.0,1.0,1,0.0,1.0,0.00027002214181562887
fear_zeus23,False,0.31460510545724024,0.007955491441114631,1704.0,0,0.0,1.0,1,1.0,1.0,0.0005868544600938967
fearless7464,False,2.494320062662821,0.8829958926629631,1631.8,0,0.0,2.0,1,0.5,1.0,0.0012256403971074887
fed0tich,False,2.6917617575075004,0.19668707859457688,2450.2,0,0.0,1.0,1,1.0,1.0,0.0004081299485756265
fed2wice,False,1.5508551373049797,0.19304355126347794,1105.1,0,0.0,2.0,1,1.0,1.0,0.0018097909691430641
feralflutter,False,0.8270296351505098,0.09596398826174371,356.0,0,0.0,2.0,2,0.5,1.0,0.0056179775280898875
ferly18,False,0.8448923027304862,1.731633253833018,1688.6,0,1.0,0.0,1,0.0,0.0,0.0
ffskd,False,1.7130427766393097,0.40408817157391835,1277.0,0,0.0,1.0,1,1.0,0.0,0.0007830853563038371
fictionalized_freak,False,1.118811578928706,0.49882406778122745,1365.7,0,0.0,4.0,3,0.0,1.0,0.0029289009299260454
fieroar1,False,1.578138497152422,0.3900173539809527,3047.9,0,0.0,1.0,1,0.0,1.0,0.0003280947537648873
fierze16,False,3.304978936645086,0.27425128732514786,2398.7,0,0.0,2.0,2,0.5,1.0,0.0008337849668570476
figgyboops,False,1.221205529749653,0.5013971508561735,705.9,0,1.0,0.0,1,0.0,0.0,0.0
filteredfacts,False,1.6812396672644496,0.31209950840129397,470.7,0,0.0,1.0,1,1.0,1.0,0.0021244954323348204
fin_noob_ind,False,0.28511542809205764,0.17335862867425655,1882.3,0,0.0,2.0,2,0.5,0.5,0.0010625298836529778
finally_a_redditor11,False,0.765784700366389,0.12771303766928518,2296.9,1,0.0,1.0,1,0.0,1.0,0.00043536941094518696
find_a_rare_uuid,False,5.900576029545273,0.18674224767312192,670.7,0,5.0,31.0,8,0.5161290322580645,1.0,0.046220366780975096
finestien7890,False,1.0459747650610518,0.2894461988886478,1740.9,1,1.0,0.0,1,0.0,0.0,0.0
finmanrbi,False,0.22622684426672207,0.4178363999107113,1437.8,0,0.0,1.0,1,0.0,1.0,0.0006955070246209487
firephoenix_sam19,False,2.7428576290506035,0.10441064142254015,2582.7,0,0.0,4.0,3,0.75,0.75,0.0015487667944399273
fishchop,False,4.194120853681891,0.07901917354822244,1848.2,0,0.0,2.0,1,0.0,1.0,0.0010821339681852612
fivio4in,True,1.0805653642075619,0.8844310053768071,1300.9,0,1.0,0.0,1,0.0,0.0,0.0
fizzhh,False,1.0159778926856613,0.08119015473001326,1112.9,0,0.0,1.0,1,0.0,1.0,0.0008985533291400844
fkAGA,False,0.061940834559755915,1.1227098402471702,1956.2,1,1.0,0.0,1,0.0,0.0,0.0
flame_619,False,0.2098037536874188,0.004246290881451108,1006.7,0,0.0,1.0,1,0.0,1.0,0.0009933445912387007
flibertigibbit,False,0.25073451123739765,0.04309463946308685,1993.2,0,0.0,1.0,1,0.0,1.0,0.0005017057997190448
flippiness,False,0.43256995362151485,0.018114036255692516,4218.3,1,0.0,1.0,1,0.0,1.0,0.00023706232368489674
floatate,False,1.3273947714162422,0.0367716648789487,5756.7,0,0.0,1.0,1,0.0,1.0,0.0001737106328278354
flojobb,False,1.9610345589139233,0.05237058876200015,2705.4,0,0.0,1.0,1,0.0,1.0,0.00036963110815406224
flubbergrubbery,True,2.259088550102429,1.381219553788608,3071.6,0,1.0,0.0,1,0.0,0.0,0.0
flyingfrogss,False,2.649155043499576,0.06966235813744057,1071.9,0,0.0,1.0,1,0.0,1.0,0.0009329228472805298
forcedtobeonrddt,False,1.0999015024263898,0.4753770973068788,465.1,0,0.0,1.0,1,1.0,1.0,0.0021500752526338422
forelsketparadise1,False,3.392371423931902,4.566105797464644e-05,762.1,1,0.0,5.0,2,0.4,1.0,0.006560818790185015
forlooplover,False,2.892441707277096,0.1005991002161002,994.7,0,0.0,1.0,1,0.0,1.0,0.0010053282396702524
fortheapponly,False,3.542725950420719,0.01349931689692487,1815.5,1,0.0,1.0,1,0.0,1.0,0.000550812448361333
forza_del_destino,False,2.7288085322553264,0.0402777345060426,1497.0,0,0.0,1.0,1,0.0,1.0,0.0006680026720106881
foxbat_s,False,2.67421985213744,0.2650233406484716,1065.4,0,0.0,1.0,1,0.0,1.0,0.0009386146048432513
foxhog_scam,False,1.6521160032466133,1.8607523407150064,21.1,0,1.0,0.0,1,0.0,0.0,0.0
fraction_of_stardust,False,1.2118784310296409,0.0028112468313840006,2112.9,0,0.0,2.0,2,1.0,1.0,0.0009465663306356193
frankiaaaa,False,0.45046712268123096,0.1254543061530349,803.1,0,1.0,1.0,2,1.0,1.0,0.0012451749470800647
fratboyknocks,False,0.8393270488512516,0.3898064251749685,2119.7,0,0.0,1.0,1,1.0,1.0,0.00047176487238760205
freaked_maniac,False,1.5048313153644608,0.6850600447267658,456.7,0,0.0,1.0,1,0.0,1.0,0.0021896211955331727
freddledgruntbugly,False,3.4236048961140115,1.821276877751555,3988.3,0,1.0,1.0,1,0.0,1.0,0.0002507333951809041
fredwhoisflatulent,True,2.9162885782887917,0.1343598537036805,602.2,0,0.0,1.0,1,0.0,1.0,0.0016605778811026237
freestyle50m,False,2.0257163268541905,0.6730296763424886,2639.2,1,0.0,1.0,1,0.0,1.0,0.00037890269778720825
freeze_ninja,False,2.4940883078589193,0.36043386966076146,1572.9,0,1.0,2.0,2,0.5,0.5,0.0012715366520439952
friendofH20,False,4.746887117042089,0.0005079414804346778,2465.3,1,0.0,1.0,1,1.0,1.0,0.0004056301464324828
frosty_bs,False,2.301437539042122,1.1570676548522754,2362.9,0,1.0,0.0,1,0.0,0.0,0.0
frozenDiesel,False,0.4867942334218838,0.08167803101426718,567.7,0,0.0,1.0,1,0.0,1.0,0.0017614937466971991
frugalfrog4sure,False,1.492388500099825,0.0005529954057974156,3147.6,0,0.0,1.0,1,0.0,1.0,0.0003177023764137756
fruitytropics,False,1.388014660461337,0.0436547616135701,2047.3,0,0.0,1.0,1,0.0,1.0,0.0004884482000683828
frustration_king248,False,1.9115791950482008,0.0582628548735316,1146.3,0,0.0,1.0,1,0.0,1.0,0.0008723719794120214
fryingking,False,0.3763986633204074,0.7815844810765081,695.8,0,1.0,0.0,1,0.0,0.0,0.0
fucked600times,True,1.9040679036546782,0.09419581835734511,251.0,1,0.0,1.0,1,1.0,1.0,0.00398406374501992
fullmetalpower,False,2.650638317388217,0.049551855933225426,3941.1,0,0.0,1.0,1,0.0,1.0,0.00025373626652457434
fumblesoul23,False,1.07975664207579,0.21607455316965246,3462.0,0,0.0,2.0,1,0.5,1.0,0.0005777007510109763
funkyGamer12,False,0.7768774592052725,0.12676929006637555,1307.6,0,0.0,1.0,1,0.0,1.0,0.0007647598654022638
funny_lyfe,False,2.6734885853789283,0.1083058142921312,4018.7,0,0.0,2.0,2,1.0,1.0,0.0004976733769626994
funtime_08,False,1.2755783487556391,0.0005067139708115466,764.5,0,0.0,1.0,1,0.0,1.0,0.0013080444735120995
fuse_bulb,False,1.7286349867682134,0.07511820191315902,1890.8,0,0.0,1.0,1,0.0,1.0,0.0005288766659614978
future_google_ceo,False,1.4096093078929488,0.5741846775346862,1429.7,0,1.0,0.0,1,0.0,0.0,0.0
fuxk-reddit,False,0.7643753986255625,0.4084280732388214,440.9,0,0.0,1.0,1,0.0,1.0,0.0022680880018144706
fuzugxudihcihvo,False,1.8682641266642384,1.2971067047076652,307.1,0,2.0,0.0,1,0.0,0.0,0.0
fuzzywealth29,False,2.9434605490238965,0.38777788881673564,236.8,0,0.0,1.0,1,1.0,1.0,0.004222972972972972
fvkinglzy,False,5.327100409670416,3.3399287057066065,563.4,0,1.0,1.0,1,0.0,1.0,0.001774937877174299
g1nt0k,False,0.9678163597122508,0.001734605812208322,352.9,0,0.0,1.0,1,0.0,1.0,0.0028336639274582037
gaaliconnoisseur,False,1.918534326606011,0.12264596131236095,514.2,0,0.0,1.0,1,1.0,0.0,0.0019447685725398677
gaganggn,False,0.8574502318512216,0.0011954574047736972,616.0,1,0.0,1.0,1,0.0,1.0,0.0016233766233766235
gajju99,False,0.5292271049947048,2.4504661598077084,2125.8,0,0.0,1.0,1,0.0,1.0,0.0004704111393357794
galactusofsociety,False,2.1004090707075727,0.0485582426990187,691.4,0,0.0,1.0,1,1.0,1.0,0.0014463407578825572
galeej,False,3.6439294091358816,0.09811480812511467,4087.1,1,0.0,2.0,1,0.0,1.0,0.0004893445230114262
game_changer74,False,0.21863801761934015,0.2185528776056108,662.9,0,0.0,1.0,1,0.0,1.0,0.001508523155830442
gamingchairtaken00f,False,0.5114386975839517,0.14938377214484488,1304.5,0,0.0,1.0,1,0.0,1.0,0.0007665772326561902
gamingtamizha,False,1.786388201725875,0.39649835289700525,2815.7,0,0.0,1.0,1,0.0,1.0,0.0003551514721028519
ganjedibaap,False,1.953106042485094,0.10895289101464538,696.3,0,0.0,1.0,1,1.0,1.0,0.001436162573603332
gannu1991,False,0.14049800004880963,0.002042901629800269,3241.7,0,0.0,1.0,1,1.0,1.0,0.0003084801184563655
gardengeo,False,4.339615769890454,1.1031922419473759,1364.9,0,0.0,1.0,1,0.0,1.0,0.0007326544069162575
garhwaliraja,False,2.127991675686126,0.7750023302637735,3085.3,0,1.0,0.0,1,0.0,0.0,0.0
garlicandcheesiness,False,4.901483543855659,0.044604854941813904,1341.3,0,2.0,2.0,1,0.0,1.0,0.0014910907328710952
garma_garam_period,False,2.2947429321904433,0.11480482850041392,154.9,0,0.0,1.0,1,1.0,1.0,0.006455777921239509
gauri1200,False,2.25458913328622,1.0131599661680741,2200.7,0,0.0,1.0,1,1.0,0.0,0.00045440087244967515
gawd_himself0,False,4.36685623328009,0.08322987944567035,62.6,0,0.0,1.0,1,0.0,1.0,0.01597444089456869
gd0520,False,0.5576891591821808,0.000651253686319948,2055.9,0,0.0,1.0,1,0.0,1.0,0.0004864049807870032
gdsctt-3278,False,2.4530290140465745,0.4821854096169246,1626.3,0,0.0,2.0,1,0.0,1.0,0.001229785402447273
generalrizzler1,False,2.664564613490025,0.017329566010934366,1245.8,0,0.0,1.0,1,0.0,1.0,0.0008026970621287527
geopolitics657,False,3.550635346586213,2.841175528387378,395.0,0,3.0,0.0,2,0.0,0.0,0.0
gepilo8695,False,2.2021797168080894,0.045952612017220805,1574.7,0,0.0,4.0,3,0.75,1.0,0.0025401663808979486
ghost_senpai_69,False,0.8147595368970212,0.9257224225408417,1607.3,0,0.0,1.0,1,0.0,1.0,0.0006221613886642195
ghrinz,False,1.919258350516426,0.557550106785292,4178.2,0,0.0,1.0,1,0.0,1.0,0.00023933751376190704
ginsoakedboy0267,False,0.7667081965112222,0.655912797439902,2286.0,0,0.0,1.0,1,1.0,1.0,0.0004374453193350831
gintama-sannnn,False,0.1272767184736319,0.10265415406008337,294.7,0,0.0,1.0,1,1.0,0.0,0.0033932813030200207
girl0nfire69,False,2.2466357457596104,0.9932775914549817,1832.1,0,1.0,0.0,1,0.0,0.0,0.0
glasshalffempty,False,0.4303573453652969,0.24321721804828672,2056.5,0,0.0,1.0,1,0.0,1.0,0.0004862630683199611
glich-ed,False,0.008661591828957833,0.4924764850977941,1954.2,0,0.0,1.0,1,0.0,1.0,0.0005117183502200389
glitchline,False,2.9240056501827407,0.03656110348786335,2152.0,0,0.0,1.0,1,1.0,1.0,0.00046468401486988845
gnanodhayam,False,3.0112416083027114,0.22391991382420434,717.2,0,0.0,1.0,1,0.0,1.0,0.0013943112102621305
gndhrv,False,3.075528645470647,2.3885810146678392,1624.0,0,0.0,1.0,1,1.0,0.0,0.0006157635467980296
gnivsarkar007,False,1.3534680159956067,0.0026786433726883694,2213.3,0,0.0,1.0,1,1.0,1.0,0.0004518140333438756
goatguy77,False,1.0687762142762824,0.502037638176048,2093.3,0,0.0,2.0,2,0.0,1.0,0.000955429226580041
gobuildit,False,0.36495466005208604,0.3580109494814746,1212.4,0,0.0,1.0,1,1.0,0.0,0.0008248102936324645
god_of_thunder_ap,False,0.5440473252303087,0.17879647703408622,2583.8,0,0.0,1.0,1,0.0,1.0,0.00038702685966406064
godblessthegays,False,3.5491631161876294,1.4502695565895458,3417.9,0,17.0,2.0,2,0.5,1.0,0.0005851546271102139
goddamittt,False,0.6775433761296776,0.11118544218417395,3019.5,0,0.0,1.0,1,0.0,1.0,0.0003311806590495115
godeeep,False,2.4171239354213965,0.07073854865275635,1283.0,0,0.0,1.0,1,0.0,1.0,0.000779423226812159
godfather_wanderlust,False,7.349305070241858,5.289453974454064,53.7,0,4.0,0.0,1,0.0,0.0,0.0
godlydevils,False,0.744125890146149,1.0155148109996162,3823.1,0,0.0,1.0,1,0.0,1.0,0.0002615678376186864
gojo_satoru98,False,2.2109623221672634,0.011622198401254499,862.7,0,0.0,1.0,1,0.0,1.0,0.001159151501101194
gokulmuthiah,False,0.8366071616107522,0.03377035642714652,2208.6,0,0.0,1.0,1,1.0,1.0,0.0004527755139002083
golgappa_gobbler,False,2.621129248266512,0.0009910189724057882,1266.7,1,0.0,1.0,1,0.0,1.0,0.0007894529091339701
goluguy6,False,1.7861526448145997,1.9109246751113902,655.8,0,1.0,0.0,1,0.0,0.0,0.0
gonegirl41,False,3.260671509913841,1.7154588989372785,469.9,0,0.0,1.0,1,1.0,1.0,0.002128112364332837
goodfornothing2005,False,3.8906497294150912,0.3516777152911118,1196.7,0,0.0,1.0,1,0.0,1.0,0.0008356313194618534
goodkarm,False,2.430637806342209,1.5477353520264676,1283.7,0,1.0,0.0,1,0.0,0.0,0.0
goodmusiconly23,False,1.6885292134529195,0.0019193863858035622,236.2,0,0.0,1.0,1,1.0,1.0,0.004233700254022015
googologies,True,2.1070183763089543,0.26797925868586175,2393.1,0,0.0,1.0,1,0.0,1.0,0.00041786803727382894
goonermvp,False,0.6961956391966665,0.19961305390401565,2816.8,0,0.0,1.0,1,1.0,1.0,0.00035501278046009654
gopane,False,1.235319885690375,0.051326768498118645,1933.2,0,0.0,1.0,1,0.0,1.0,0.0005172770535899027
gori_sanatani,True,3.2034537233930824,0.16744005391392824,498.7,0,1.0,0.0,1,0.0,0.0,0.0
gormeent,False,0.6669494781062161,0.73285744622751,1895.0,0,0.0,1.0,1,0.0,1.0,0.0005277044854881266
gotoheavenandhell,False,0.5746342545221168,0.10291477918954417,933.7,0,0.0,1.0,1,1.0,0.0,0.0010710078183570739
gottacrackneet,False,2.5335830224233997,0.28799104819964294,279.0,0,0.0,3.0,1,0.3333333333333333,1.0,0.010752688172043012
gprie23,False,0.2248784307021112,0.45758110924717843,2534.0,0,0.0,1.0,1,1.0,1.0,0.0003946329913180742
granny_shifter_vtec,False,2.0786297056261214,0.4061053129955877,446.7,0,0.0,1.0,1,1.0,1.0,0.0022386389075442132
green-bangar,False,2.5167597586699597,1.0594723803308395,167.1,0,1.0,0.0,1,0.0,0.0,0.0
green_steve1,False,3.5466791209636264,1.24835527643111,1142.0,0,0.0,2.0,1,0.5,1.0,0.0017513134851138354
greg_tomlette,False,2.682729938723634,0.0010542963549060606,1044.7,0,0.0,1.0,1,1.0,1.0,0.0009572125969177754
gregoriofranchetti,False,2.6394881062163917,0.08543153682168908,2984.0,0,0.0,3.0,3,1.0,1.0,0.0010053619302949062
grimreap13,True,1.8975533432928062,0.008308796069248354,2941.5,0,0.0,1.0,1,1.0,1.0,0.0003399626041135475
grog_the_frog1,False,3.031554362966167,0.6085047712165513,628.3,0,0.0,1.0,1,0.0,1.0,0.0015915963711602738
grouchywithoutcoffee,False,0.7220726674036178,0.11707144379543069,1657.7,0,0.0,1.0,1,0.0,1.0,0.0006032454605779091
gryffin_catto,False,2.283198198977161,0.938673811333497,905.2,0,0.0,1.0,1,0.0,1.0,0.001104728236853734
gtalossantos,False,2.048310172700654,0.4072652886123122,329.1,0,0.0,2.0,1,0.5,1.0,0.006077180188392585
gtfo_imay10,False,0.963847524378118,2.919632930015344,1325.1,0,1.0,0.0,1,0.0,0.0,0.0
guevara_che92,False,1.15160481880862,1.9412153047511056,196.0,1,1.0,0.0,1,0.0,0.0,0.0
gumnamaadmi,False,3.441151627129403,0.0018704705009211582,991.5,0,0.0,4.0,2,0.5,1.0,0.004034291477559254
gunner6376,False,0.42979381115171356,0.020369068259856297,4339.4,0,0.0,2.0,2,1.0,1.0,0.00046089321104300136
gupts007,False,2.18135708575018,0.009931763704024528,2124.5,0,0.0,3.0,2,0.6666666666666666,1.0,0.0014120969639915275
gurningwanker,True,1.67834585462464,0.09173731516287122,314.0,0,0.0,1.0,1,0.0,1.0,0.0031847133757961785
guru-yoda,False,0.3578242452959269,1.0432621935849447,1713.1,0,7.0,6.0,1,0.3333333333333333,1.0,0.0035024225089019907
gyriffcat,False,1.6504676872471795,0.5481265688621102,3222.3,0,0.0,1.0,1,1.0,0.0,0.00031033733668497655
ha_ku_na,False,0.7650612800489134,0.0007469189940176757,3495.7,0,0.0,1.0,1,1.0,1.0,0.0002860657379065709
hacchhuu,False,0.4300305565114502,2.220456878829488,2672.6,0,1.0,0.0,1,0.0,0.0,0.0
hacker_dost,False,3.165947510352898,1.850215784837747,1250.0,0,1.0,1.0,2,0.0,1.0,0.0008
hacker_hacked05,False,0.26749992385167237,0.0036429912785010685,893.4,0,0.0,1.0,1,1.0,1.0,0.0011193194537721066
hackormon,False,0.9398257126639302,0.13190669689752071,1971.1,0,0.0,1.0,1,0.0,1.0,0.000507330931966922
hahaha_i_forgot,False,1.2056420547433435,0.003395589001138214,125.7,0,0.0,1.0,1,1.0,1.0,0.007955449482895784
hallan1,False,1.4038045852164982,0.07250297849665485,982.2,0,0.0,1.0,1,1.0,1.0,0.0010181225819588678
ham_sandwich23,False,2.3581549441488563,0.17662668612408094,2261.0,0,0.0,1.0,1,1.0,1.0,0.0004422821760283061
hancy_07,False,0.41993784476232093,1.1127718172717445,1088.4,0,0.0,1.0,1,0.0,1.0,0.0009187798603454611
handypandy34,False,2.9827778588043503,0.01015160233175687,707.8,1,0.0,1.0,1,1.0,1.0,0.0014128284826222099
hanihaneefa,False,3.4599481546486675,2.7605196002081667,2776.8,0,0.0,1.0,1,0.0,1.0,0.0003601267646211466
happy_cake_gal,False,1.6330931095635024,0.17768117723745241,980.9,0,0.0,1.0,1,0.0,1.0,0.0010194719135487819
happyranger7,False,4.286878215859224,0.15190621459381404,941.9,0,0.0,1.0,1,1.0,1.0,0.0010616838305552607
hara_bhara_kebab,False,0.14456233789669234,0.053488684950986194,610.8,0,0.0,1.0,1,0.0,1.0,0.0016371971185330716
hard2resist,False,5.250454476756105,1.9063833838058462,2348.0,0,0.0,1.0,1,0.0,1.0,0.00042589437819420784
harhs,False,0.827330660490665,0.034512510641351135,2587.0,0,0.0,1.0,1,0.0,1.0,0.00038654812524159255
hariprasadv95,False,0.02910450816076973,0.022472855852058594,1489.9,0,0.0,1.0,1,0.0,1.0,0.0006711859856366199
harrishragavendar,False,0.3826370755519635,3.247046701834897,384.0,0,1.0,0.0,1,0.0,0.0,0.0
harsh_harshi,False,2.591403581557808,1.0870823591220338,1627.0,0,1.0,0.0,1,0.0,0.0,0.0
harshgovind,False,2.3284203452059775,3.440544605031305,512.0,0,2.0,0.0,1,0.0,0.0,0.0
harshzzptl1,False,0.4374845883194294,0.17648663376932144,2115.5,0,0.0,1.0,1,0.0,1.0,0.0004727014890096904
haseo2222,False,3.2422118730303335,0.559238668872815,3692.6,0,0.0,1.0,1,0.0,1.0,0.00027081189405838704
hashashin_2601,False,1.2138332919554689,0.6404693829024862,2226.2,0,0.0,1.0,1,1.0,1.0,0.00044919593926870903
hatecheaters11,False,3.444214402134911,0.013108155952739342,288.7,0,0.0,2.0,1,0.5,1.0,0.006927606511950121
hawtdawwwg,False,4.06480453914695,0.3686407627173367,142.0,1,1.0,0.0,1,0.0,0.0,0.0
hayleybts,False,3.7670924965152697,0.24994272321324995,2985.2,0,0.0,1.0,1,1.0,1.0,0.0003349859305909152
hazmat006,False,1.9472242096911823,0.14184060402838558,152.1,0,0.0,1.0,1,0.0,1.0,0.006574621959237344
headhunter_69,False,2.304715289678838,0.12151740052368544,1416.2,0,0.0,1.0,1,0.0,1.0,0.0007061149555147578
hedorlover,False,4.222813863801112,0.7763052377975033,1834.0,0,1.0,0.0,1,0.0,0.0,0.0
heeiiisenberg,False,0.8909953175479821,0.2160346958454328,1145.0,0,0.0,1.0,1,1.0,1.0,0.0008733624454148472
heerawat,False,0.6010370292962695,1.7922495451996376,2475.7,0,1.0,0.0,1,0.0,0.0,0.0
hefhed,False,0.2695728900073566,0.7932306391169278,2847.4,0,0.0,1.0,1,1.0,1.0,0.0003511975837606237
hehara_yi_cha_jayez,False,4.052827217970181,2.142412962040496,418.6,0,0.0,1.0,1,1.0,1.0,0.002388915432393693
heharam,False,0.6310247031199795,0.0005499037806981105,2067.0,0,0.0,1.0,1,0.0,1.0,0.0004837929366231253
hehewhyamihere,False,1.9517904640897925,0.4117411019079365,489.3,0,0.0,1.0,1,1.0,1.0,0.002043735949315348
heiheiboii,False,3.3883740154123343,0.4458020417124709,1116.3,0,1.0,1.0,2,1.0,1.0,0.0008958165367732689
heisastruggler,False,2.018378220437307,0.05004893581225701,407.9,0,0.0,1.0,1,0.0,1.0,0.002451581269919098
heisenberg0389,False,1.19473267956281,0.35550800349666273,2284.3,0,0.0,1.0,1,0.0,1.0,0.00043777087072626185
hereforthecheetos2,False,3.429222353813468,0.08041672521397585,1567.6,0,0.0,1.0,1,0.0,1.0,0.0006379178361826997
heretofindjob,False,2.2560709345434287,1.9758576092084195,975.6,0,1.0,0.0,1,0.0,0.0,0.0
heroaj123456789,False,0.9133209712416671,0.017857617400006433,2724.8,0,0.0,1.0,1,0.0,1.0,0.0003669994128009395
heyshiv18,False,0.8235834191806312,0.0781308273657796,2246.9,0,0.0,1.0,1,1.0,0.0,0.00044505763496372776
heytarun,False,1.3492951326620481,0.05019852494251823,2053.1,0,0.0,1.0,1,1.0,1.0,0.00048706833568749696
hi_airi,False,1.849072970304885,0.8349293256423799,1110.4,0,1.0,0.0,1,0.0,0.0,0.0
hideyourstashh,False,0.8773073221192991,0.022497721886300403,1951.7,0,0.0,1.0,1,1.0,1.0,0.0005123738279448686
highsky2718,False,0.15273250972049357,0.7534063720781422,2066.5,0,0.0,1.0,1,1.0,1.0,0.0004839099927413501
hightea-_-,False,3.1321579498079073,0.014380025284686543,1214.0,1,0.0,1.0,1,0.0,1.0,0.0008237232289950577
hijunedkhatri,False,0.7602804175160345,0.013755375068485329,1284.6,0,0.0,1.0,1,0.0,1.0,0.0007784524365561264
hill_music_festival,False,1.160420860928786,0.06353366976277358,1845.5,0,0.0,3.0,3,0.6666666666666666,0.6666666666666666,0.001625575724735844
himanshu_n,False,0.9020791621929265,0.6624547406741779,3394.5,0,0.0,1.0,1,0.0,1.0,0.0002945941964943291
himanshumishrra,False,2.7483400343453335,1.7114575766894635,649.6,0,0.0,1.0,1,0.0,1.0,0.0015394088669950737
hinterstoisser,False,3.567435062851082,0.020477035275905654,3079.8,0,0.0,2.0,1,0.0,1.0,0.000649392817715436
hippieindian123,False,0.729457792965789,0.0005829204478673004,1596.9,0,0.0,1.0,1,0.0,1.0,0.0006262132882459766
hisashi-buridana,False,2.1085826765873352,1.8425317946014783,279.0,1,0.0,1.0,1,1.0,1.0,0.0035842293906810036
hitsham96,False,3.1379853109427205,0.04132918816812077,2119.7,0,0.0,1.0,1,1.0,1.0,0.00047176487238760205
hkk7i,False,5.284919027578007,2.188756728320435,561.2,0,3.0,2.0,2,1.0,1.0,0.0035637918745545258
hksbindra,False,1.4530167154379667,0.898984346168014,2342.8,0,0.0,3.0,2,0.0,1.0,0.001280519037049684
hmmmmmmmm12345678,True,1.0522244170704096,0.37020309613978447,216.2,0,0.0,2.0,2,1.0,0.5,0.009250693802035153
hobbesid,False,0.2913354152608668,0.8268215835529634,2950.8,0,1.0,0.0,1,0.0,0.0,0.0
hokieinmi,False,0.03181201645660595,0.06062462181643484,2072.8,0,0.0,1.0,1,0.0,1.0,0.0004824392126592049
holaredtom,False,0.23926036198364387,0.0026631174194837,1387.3,0,0.0,1.0,1,0.0,1.0,0.0007208246233691343
holdmyfat,False,2.967064378684419,0.002359883101091,92.0,0,0.0,1.0,1,0.0,1.0,0.010869565217391304
holol_lol,False,0.09196224504415883,0.9444616088408514,737.1,0,0.0,1.0,1,0.0,1.0,0.00135666802333469
homelander_00000,False,0.7607335820541451,0.5425213545761226,711.5,0,0.0,1.0,1,1.0,1.0,0.0014054813773717498
homosapien1997,False,0.6598107602923535,0.8131064956389242,122.0,0,0.0,1.0,1,1.0,0.0,0.00819672131147541
honey_bunny_69_,False,1.628075787713442,1.0548768951603018,518.8,1,2.0,0.0,1,0.0,0.0,0.0
hopeless_SM,False,1.748656228810549,0.14911784644694784,640.0,0,0.0,1.0,1,0.0,1.0,0.0015625
horny-lesbian10,False,2.4516667314510974,0.34666652011189314,674.7,1,0.0,1.0,1,1.0,1.0,0.0014821402104639098
hotparatha,False,1.9364851030989638,1.3836500228668003,572.6,0,1.0,1.0,2,0.0,1.0,0.0017464198393293748
hpatil2794,False,0.17944453129207275,0.003960401216096928,1282.1,0,0.0,1.0,1,0.0,1.0,0.0007799703611262773
hrkeni,False,0.14575726627057722,0.1980128865886302,4250.7,0,0.0,1.0,1,0.0,1.0,0.0002352553697038135
hronak,False,1.4690185457305756,0.3488678300216749,2664.3,0,0.0,2.0,2,1.0,1.0,0.0007506662162669369
hrs8,False,0.08190166961522165,0.12014431184206324,2472.2,0,0.0,1.0,1,1.0,1.0,0.00040449801795971205
hs1308,False,1.6523531611310092,1.0552311394405052,3928.9,0,0.0,2.0,2,0.5,1.0,0.0005090483341393266
hskskgfk,False,3.749689158457558,0.11140565802388946,3298.7,1,0.0,18.0,2,0.5555555555555556,0.9444444444444444,0.005456695061690969
hufflepufferr,False,2.1151955810618692,0.22744300362174263,2085.8,0,0.0,1.0,1,0.0,1.0,0.00047943235209511935
hukum-1,False,1.3937170756126576,0.6071605688179794,966.4,0,1.0,0.0,1,0.0,0.0,0.0
humanEDC137,False,2.1781715866988125,0.7829241470518635,1113.9,0,1.0,0.0,1,0.0,0.0,0.0
humble-Barnacle-,False,3.1137000574075056,4.24009771194549,132.3,0,1.0,0.0,1,0.0,0.0,0.0
humbledenough,False,0.45001982611791613,0.027814688182877075,703.8,0,0.0,1.0,1,1.0,1.0,0.0014208581983518045
hummy0755,False,1.6211514459260206,0.5174138214972894,1262.9,0,0.0,1.0,1,0.0,1.0,0.0007918283316177053
humptheedumpthy,False,3.9535147477369317,0.06496313957710909,1327.1,0,0.0,1.0,1,0.0,1.0,0.0007535227187099692
hunnybakshi,False,2.9780004112353162,0.31789780051612154,168.7,0,1.0,0.0,1,0.0,0.0,0.0
hustler031,False,0.08653246935708482,0.0077220460939103055,1427.2,0,0.0,1.0,1,1.0,1.0,0.0007006726457399103
hutako_baazi,False,1.0903509792585968,1.4837927256047683,1296.5,1,1.0,0.0,1,0.0,0.0,0.0
hydiBiryani,False,2.5061595301184387,0.07513765142001994,3220.0,0,0.0,1.0,1,0.0,1.0,0.00031055900621118014
hyperspacecowboi,False,2.1764409110750056,0.08130531132966298,1183.0,0,1.0,0.0,1,0.0,0.0,0.0
hypnousedconfusion,False,1.865149030696296,0.13223576082286373,2241.2,0,1.0,6.0,1,0.3333333333333333,1.0,0.0026771372479029096
i-am-cozy,False,2.3319698581933315,2.6897964595244748,2767.2,0,2.0,0.0,1,0.0,0.0,0.0
iAmnot_Urek_Mazino,False,2.4603592296272434,0.035332288506586595,664.3,0,0.0,1.0,1,0.0,1.0,0.0015053439710973958
iKilledChuckNorris,False,1.3003526300606276,0.596860492498222,2752.2,0,0.0,1.0,1,1.0,0.0,0.0003633456870866943
iSiddey,False,0.2902560764469538,0.36068150548119104,1164.0,0,0.0,1.0,1,0.0,1.0,0.000859106529209622
iSillyfishy,False,2.7789094749547925,2.2202612093920044,2843.7,0,1.0,0.0,1,0.0,0.0,0.0
iWantJob-,False,5.488004206051552,0.0003182419670763069,496.0,0,0.0,4.0,3,0.5,0.75,0.008064516129032258
i_am_not_bat_man,False,1.6532100198915043,0.0002661343994417281,889.5,0,0.0,1.0,1,0.0,1.0,0.0011242270938729624
i_hate_icecream_alot,False,1.5380289972495436,0.6279163783286131,296.0,0,0.0,1.0,1,0.0,1.0,0.0033783783783783786
i_moe_lester,False,2.6169524234919503,1.2700826935351772,997.8,0,0.0,1.0,1,0.0,1.0,0.0010022048506714773
i_survived_lockdown,False,1.446929297371894,0.10631986337500646,1140.6,0,0.0,1.0,1,1.0,1.0,0.0008767315448009821
iam-neighbour,False,1.0336231656739694,2.259567707910355,300.9,0,1.0,0.0,1,0.0,0.0,0.0
iam_jayy,False,0.6290382745248592,0.018363178583676473,1504.9,0,0.0,1.0,1,0.0,1.0,0.0006644959797993222
iam_raghvend,False,0.7791914688914378,0.024214258120594613,2125.1,0,0.0,1.0,1,0.0,1.0,0.000470566091007482
iamakxsh,False,0.7916094919531319,1.4131696722731935,1405.2,0,1.0,0.0,1,0.0,0.0,0.0
iamankitkamal,False,1.7890293157357957,0.7532590922821922,2445.2,0,0.0,1.0,1,0.0,1.0,0.00040896450188123676
iamashz,False,1.924041914024545,0.0868683734381312,1956.2,0,0.0,1.0,1,1.0,1.0,0.0005111951743175544
iamatthewrongplace,False,1.2191955807229247,0.05590119032029035,1627.2,0,0.0,1.0,1,0.0,1.0,0.0006145526057030481
iambagdubigdu,False,1.8109094356973001,0.41407348264476457,512.9,0,0.0,1.0,1,1.0,1.0,0.0019496977968414897
iambarcaholic,False,0.6319091883656816,0.0056795284516012595,1401.5,0,0.0,1.0,1,0.0,1.0,0.0007135212272565109
iamdumb7,False,1.9209301608482041,0.15246679117831982,1119.9,0,0.0,2.0,1,1.0,1.0,0.001785873738726672
iamfidelius,False,2.070867797089236,1.0721928229343074,2273.9,0,0.0,2.0,1,0.5,1.0,0.0008795461541844408
iamfriendwithpixel,False,4.348128577394063,0.13514089205334245,493.4,0,0.0,1.0,1,0.0,1.0,0.0020267531414673696
iamgorki,False,1.3016345381302044,0.3060182702403857,2139.2,0,0.0,1.0,1,0.0,1.0,0.00046746447270007484
iamironman02,False,0.7281059586765738,0.038472396830010074,2992.1,0,0.0,1.0,1,0.0,1.0,0.000334213428695565
iamkickass2,False,1.6439089742166686,0.05848871249896779,4620.2,0,0.0,1.0,1,0.0,1.0,0.00021644084671659236
iamkira69,False,0.720183231455523,0.4851658769854131,2078.1,0,0.0,1.0,1,0.0,1.0,0.0004812087964968
iammaaz_af,False,1.7685233442519765,0.7914111335203424,2496.2,0,0.0,1.0,1,0.0,1.0,0.00040060892556686165
iamnotanathlete13,False,1.0285523710190927,0.32801011783875267,562.6,0,0.0,1.0,1,0.0,1.0,0.0017774617845716315
iamprabhatraaj,False,0.8542676985167819,2.8449093838194073,763.9,0,0.0,1.0,1,1.0,1.0,0.0013090718680455558
iamrahulbhatia,False,3.8743452872920594,2.100479816125401,447.2,0,1.0,0.0,1,0.0,0.0,0.0
iamshwetank,False,0.7410244098206885,0.0017231480426822272,3172.8,0,0.0,1.0,1,0.0,1.0,0.0003151790216843167
iamsreeman,False,1.6190817800302995,0.3644125660364558,2142.3,0,0.0,1.0,1,0.0,1.0,0.0004667880315548709
iamtotally_fine,False,1.4868220056514119,0.5424053888932446,576.1,1,2.0,1.0,1,1.0,1.0,0.0017358097552508244
iaomx,False,0.7216522529542676,0.21680773286512392,556.8,0,0.0,1.0,1,0.0,1.0,0.001795977011494253
ib_bunny,False,0.2322941699677306,0.8308529193319557,2225.7,0,0.0,1.0,1,0.0,1.0,0.0004492968504290785
ibarmy,False,4.120835204696524,0.04147467444592704,3504.3,0,2.0,18.0,4,0.9444444444444444,1.0,0.005136546528550638
ibleedchai,False,0.6607119048067914,0.9441207191153754,446.5,1,1.0,0.0,1,0.0,0.0,0.0
iblis_66,False,2.385230894102816,0.009893776105539044,484.0,1,0.0,1.0,1,1.0,1.0,0.002066115702479339
iceinthespice,False,1.5875321107509082,0.15819069603071623,1763.0,0,0.0,1.0,1,1.0,0.0,0.0005672149744753262
icloudstuff,False,2.3561318666676505,0.7448593816072558,157.8,0,1.0,0.0,1,0.0,0.0,0.0
ida2469,False,0.5186244977357805,0.36807468740345967,2334.8,0,0.0,1.0,1,1.0,1.0,0.00042830221003940376
ididacannonball,False,4.387695036381673,0.03564367429421121,2035.8,0,0.0,1.0,1,1.0,1.0,0.0004912073877591119
idkbrojustbreathing,False,1.6630441468639192,0.15565763264343263,1708.4,0,0.0,2.0,2,0.0,1.0,0.001170686022008897
idkthisissomethingg,False,2.065200609984368,0.5297368429989726,862.8,0,0.0,1.0,1,1.0,1.0,0.0011590171534538712
idomsi,False,1.641342848542921,0.6455709476686122,2480.0,0,0.0,1.0,1,1.0,1.0,0.0004032258064516129
idrankformalinonce,False,1.7610010184199776,0.03929076814647958,118.3,0,0.0,1.0,1,1.0,1.0,0.0084530853761623
idrinkcoffeeee,False,1.537898519909715,1.339377441332139,626.3,0,2.0,0.0,2,0.0,0.0,0.0
ieatbiriyani,True,1.9238614232705658,0.008884011790162256,309.2,0,0.0,1.0,1,1.0,1.0,0.003234152652005175
iisagoat,False,1.6210063294187966,0.28199554882781597,3571.8,0,0.0,1.0,1,0.0,1.0,0.00027997088302816507
ikartikeya,True,1.5160333719284182,1.155840662496355,3075.3,0,0.0,1.0,1,0.0,1.0,0.00032517152798100995
ikiammajestic,False,3.877461077032738,0.8920496979790439,98.2,0,1.0,1.0,1,1.0,1.0,0.010183299389002037
ill_detective_4869,False,1.9797900323716537,0.034333028372545676,1780.1,0,0.0,1.0,1,0.0,1.0,0.0005617661929105107
illuminatughty,False,0.35049958911792417,0.055488685617653265,1674.7,0,0.0,1.0,1,1.0,1.0,0.0005971218725741924
iluvnips,False,3.2877255016107987,0.004984659047801288,1614.7,0,0.0,3.0,2,0.0,1.0,0.001857930265684028
im-ambivert-9,False,2.3733615230733305,0.020277192439150847,168.8,1,0.0,1.0,1,0.0,1.0,0.005924170616113744
imBrdasF,False,1.243763673115597,0.009058464801659696,853.1,0,0.0,1.0,1,0.0,1.0,0.001172195522213105
imLogical16,False,1.134280494092728,0.63864508213561,515.9,0,0.0,1.0,1,0.0,1.0,0.0019383601473153714
im_benough,False,0.6133360173157036,0.12313268540362403,773.7,1,0.0,1.0,1,0.0,1.0,0.0012924906294429364
im_hvsingh,False,2.795672623512736,3.2005170243175796,1836.0,0,1.0,1.0,2,1.0,1.0,0.0005446623093681918
im_not_good257,False,2.2873631054452694,0.21250217394394588,1204.1,0,1.0,1.0,2,0.0,1.0,0.0008304958059961797
imanc18,False,3.4864435437781953,1.7110460899955537,4561.7,0,0.0,1.0,1,0.0,1.0,0.00021921652015695903
imanu888,False,1.4469189829363254,0.0035470014385827198,608.0,0,0.0,1.0,1,0.0,1.0,0.001644736842105263
imdjd,False,1.0744563263077884,1.8926406940818352,2463.7,0,0.0,1.0,1,0.0,1.0,0.0004058935747047125
imgr888,False,3.8091067850882467,0.5929257668169555,101.7,0,2.0,3.0,1,0.6666666666666666,1.0,0.029498525073746312
iml3g3nd,False,1.7521085110514985,0.12485136910443487,2870.3,0,0.0,1.0,1,1.0,1.0,0.00034839563808661115
imlost0011,False,1.6219293563239703,0.0711537602562904,626.9,0,0.0,1.0,1,0.0,1.0,0.001595150741745095
immortalpiyush,False,2.124993501288063,0.2926977954540761,2213.8,0,0.0,1.0,1,0.0,1.0,0.00045171198843617307
impossible__dude,False,2.5108685274507168,0.06039852581510993,1099.1,0,0.0,1.0,1,1.0,0.0,0.000909835319807115
impulsiveRogue,False,0.5135239059668791,0.12682881853245784,2087.4,0,0.0,1.0,1,0.0,1.0,0.0004790648653827728
imran-shaikh,False,3.0991021637379363,1.4864922947886448,3734.2,0,0.0,1.0,1,1.0,1.0,0.00026779497616624714
imrohit1997,False,2.867822722040658,0.29475940909217724,686.2,0,0.0,1.0,1,1.0,1.0,0.001457301078402798
imsaurabh3,False,2.438289542815326,0.367936304017036,3065.5,0,0.0,2.0,1,0.0,1.0,0.0006524221171097701
imsusfyi,False,1.8757439933617224,2.244691114575143,81.8,0,1.0,0.0,1,0.0,0.0,0.0
imverynewtothisthing,False,1.4571582053652241,0.008722138022436068,1153.4,1,0.0,1.0,1,0.0,1.0,0.0008670019074041962
inGenium_88,False,3.187211349097088,0.05422756231970262,1954.8,0,0.0,2.0,2,0.5,1.0,0.0010231225700838961
include-jayesh,False,2.0520726551834976,0.1605843284396355,2758.1,0,0.0,5.0,3,1.0,1.0,0.0018128421739603351
incognito_chronicles,False,3.6504913771708063,2.616268882733332,428.1,0,0.0,1.0,1,0.0,1.0,0.00233590282644242
indanofucingwau,False,3.785647076212287,0.12363986346563248,518.9,0,0.0,2.0,1,1.0,1.0,0.003854307188282906
indianthrowa,False,1.0583963453168581,0.5695879824652044,3159.3,1,2.0,0.0,1,0.0,0.0,0.0
infidelpreacher,False,0.2715893793103907,0.005241494590838061,4287.8,0,0.0,1.0,1,0.0,1.0,0.00023321983301459955
infinitehelpmaster,False,4.436511294121733,1.808074710622328,2081.5,0,0.0,1.0,1,0.0,1.0,0.00048042277203939464
ingmanburger,False,5.264115705896106,0.24334966529732469,140.2,0,0.0,3.0,3,1.0,1.0,0.02139800285306705
inked-in-cinema_37,False,2.3793228023379656,0.40151773456153483,464.4,1,0.0,1.0,1,1.0,1.0,0.002153316106804479
inmyelement,False,4.76369556912411,0.9698512563502197,5930.4,0,0.0,1.0,1,1.0,1.0,0.0001686226898691488
inquisitive_techie_,False,0.4778702098915104,0.18005140825941549,1147.5,0,0.0,1.0,1,1.0,1.0,0.0008714596949891067
inquisitive_tej,False,2.455125350020445,0.3308481681522648,909.1,0,1.0,0.0,1,0.0,0.0,0.0
inspired_nobita,False,1.0531445739377632,0.33340192410795494,2612.7,0,0.0,1.0,1,1.0,1.0,0.0003827458185019329
instaisbest,False,4.019991872546081,1.8878327419179024,551.2,1,1.0,0.0,1,0.0,0.0,0.0
interstellar-dust,False,3.001706209723715,0.07604854246055498,2834.7,0,0.0,5.0,1,1.0,1.0,0.0017638550816664903
inthelimbo,False,2.114766382787249,0.19394518317936651,2510.0,0,0.0,2.0,2,0.5,1.0,0.0007968127490039841
intlogent_boy,False,3.8000234612355106,0.0010604053256481226,604.5,1,0.0,1.0,1,1.0,1.0,0.0016542597187758478
intro3,False,0.3155300676133511,0.42068095534541766,2407.1,0,0.0,1.0,1,1.0,1.0,0.00041543766357858005
investing_kid,False,2.777964909250453,0.06126167901228473,1971.0,1,0.0,2.0,1,0.5,1.0,0.0010147133434804667
iredditalrighty,False,1.0675217015980787,0.18901950547808224,392.0,0,0.0,1.0,1,1.0,1.0,0.002551020408163265
ironsteel9011,False,5.196133018456761,1.938111229500627,1680.0,0,1.0,0.0,1,0.0,0.0,0.0
ironykarl,False,2.845104654329804,0.00023489881586237775,6043.5,1,0.0,1.0,1,0.0,1.0,0.0001654670306941342
irrelevanthood,False,3.2825858517391477,1.1026304223740695,418.1,0,1.0,0.0,1,0.0,0.0,0.0
iruvar,False,3.166025908036355,0.008902640906326559,2468.8,0,0.0,1.0,1,1.0,1.0,0.00040505508749189885
isaac2988,True,0.6905522274642547,0.0005918911093190826,1697.8,0,0.0,1.0,1,1.0,1.0,0.0005889975262103899
isdjtantichrist,False,3.5405912139595497,3.9119035953139676,500.1,0,3.0,0.0,1,0.0,0.0,0.0
ishaanp65,False,1.3629793999549098,0.5108727924648508,2430.0,0,1.0,0.0,1,0.0,0.0,0.0
ismyaltaccount,False,3.6275791649833904,0.012349412731606023,1517.3,0,0.0,3.0,1,1.0,1.0,0.0019771963355961247
isnotid57,False,0.9367720583806103,0.08362498702811189,2417.3,0,0.0,2.0,1,0.0,1.0,0.0008273693790592809
isntthereddituser,False,3.662849034027687,0.9584182501880558,662.3,0,0.0,2.0,1,1.0,1.0,0.0030197795560924054
isromaster4233,False,0.22825865198098022,0.6931471805599453,3.9,0,0.0,1.0,1,1.0,1.0,0.25641025641025644
istoleafish,False,1.8752225358925623,0.000713521257528397,253.7,0,0.0,1.0,1,0.0,1.0,0.003941663381947182
it-is-my-cake-day,False,2.627038242029968,0.23616252815548672,2640.2,1,0.0,1.0,1,0.0,1.0,0.0003787591849102341
it_is_impossible_,False,1.4402073764220897,0.09456971327660113,921.6,0,0.0,1.0,1,0.0,1.0,0.0010850694444444445
itidao,False,2.7049823341012846,2.9020966685199983,700.8,0,1.0,0.0,1,0.0,0.0,0.0
itneverhelps,False,5.038498930917582,0.5917203370336643,894.6,0,3.0,6.0,7,0.3333333333333333,1.0,0.006706908115358819
its-MAGNETIC,False,4.7739747283326075,2.6938574356320406,1608.5,0,1.0,1.0,2,1.0,1.0,0.0006216972334473111
its_anonymous_panda,False,1.9137357920274571,0.09785579000375859,265.3,0,0.0,1.0,1,0.0,1.0,0.003769317753486619
itsking7,False,2.465418710601905,0.4002687487055605,935.7,0,1.0,0.0,1,0.0,0.0,0.0
itsnotshiv,False,0.060022425790126906,0.2014820545330304,2198.5,0,0.0,1.0,1,0.0,1.0,0.00045485558335228563
itsreallyfather,False,0.2991093008626065,1.4201533948848957,2323.2,0,1.0,0.0,1,0.0,0.0,0.0
itsthepitch,False,1.1826132686683952,0.062293851283747315,314.2,0,0.0,1.0,1,1.0,1.0,0.003182686187141948
ivyleaguesuperman,False,4.129699059569741,0.0014446492248501007,351.1,1,0.0,2.0,2,0.5,1.0,0.005696382796923953
iwanamemeyou,False,0.7187090525599511,1.1006856877107152,2294.2,0,0.0,1.0,1,1.0,0.0,0.00043588178885886153
jackal_boy,False,2.787614930435541,0.4219787623620637,943.3,0,1.0,0.0,1,0.0,0.0,0.0
jackass93269,False,3.1256813286518055,0.07890458998657346,2896.8,0,0.0,3.0,2,0.0,1.0,0.001035625517812759
jackhawk56,False,2.2718714768929944,0.0005759011703370928,2196.6,0,0.0,1.0,1,0.0,1.0,0.0004552490212146044
jacobmalon21,False,0.914113698019099,0.35037430787811286,2887.8,1,1.0,1.0,1,0.0,1.0,0.0003462843687235958
jaeger096,False,0.17481839529079932,1.3862943611198906,120.4,0,0.0,1.0,1,0.0,1.0,0.00830564784053156
jaganza,False,1.5351632563816857,0.4876564839230376,2686.1,0,0.0,1.0,1,0.0,1.0,0.0003722869587878337
jaguuuu,False,2.444964536079812,0.06582224677368145,2146.6,0,0.0,5.0,1,0.2,1.0,0.0023292648840026087
jailolzy,False,2.130840608121414,0.31504465084287797,685.4,0,0.0,1.0,1,0.0,1.0,0.0014590020426028597
jainamber,False,0.017718618328703258,0.6418538861723948,3132.6,0,1.0,0.0,1,0.0,0.0,0.0
jarvis_404,False,0.27095457117746957,0.0037664827954768656,851.5,0,0.0,1.0,1,1.0,0.0,0.0011743981209630064
jas1up,False,0.3253594930305316,2.3885275227947704,2207.9,1,1.0,0.0,1,0.0,0.0,0.0
jasonj2232,False,4.672402851018899,0.3683743014646358,3370.6,0,0.0,1.0,1,0.0,1.0,0.0002966830831305999
jatayu_baaz,False,2.5914183796774726,0.021463148450605225,1758.0,0,0.0,2.0,2,0.5,1.0,0.0011376564277588168
jaynandan,False,1.1988137415430653,0.08961215868968714,860.9,0,0.0,1.0,1,0.0,1.0,0.0011615750958299455
jayp_96,False,0.7890302087016896,0.06977739035564065,2728.8,0,0.0,1.0,1,0.0,1.0,0.0003664614482556435
jazz_51,False,2.738049736959858,0.032768124126374115,2443.9,0,0.0,1.0,1,0.0,1.0,0.00040918204509186136
jazzbluesbar,True,1.9563587518663288,1.1810710400392517,255.7,0,1.0,0.0,1,0.0,0.0,0.0
jen_sun_uva_bich,False,2.0211731588761674,1.002543848160768,2379.5,0,0.0,1.0,1,0.0,1.0,0.0004202563563773902
jevlis_ka123,False,4.342014484548562,0.8817927167723654,452.9,1,0.0,2.0,2,0.0,1.0,0.00441598586884522
jewitchery,False,1.625789199699883,0.00018728345405429801,1307.8,0,0.0,1.0,1,1.0,1.0,0.000764642911760208
jhingalala_huhu_huhu,False,0.9743821311893062,0.27061008855313345,457.1,0,0.0,1.0,1,0.0,1.0,0.002187705097352877
jhinkatika,False,1.74869219763616,0.06723886972176515,411.2,1,0.0,1.0,1,1.0,1.0,0.0024319066147859923
jim-jam-biscuit,False,2.8813130021845645,0.04329643740552431,1426.8,0,0.0,2.0,2,0.0,1.0,0.0014017381553125877
jinks_markr,False,2.6357603910881555,0.0048750858283373635,253.9,0,0.0,1.0,1,0.0,1.0,0.003938558487593541
jiskojobhimiltah,False,3.2168831721134565,0.18245135107020927,64.3,0,0.0,2.0,1,1.0,1.0,0.03110419906687403
jivan48868,False,0.5408457104610322,0.039898117087104785,2386.2,1,0.0,1.0,1,0.0,1.0,0.00041907635571201073
jiyuu_139,False,2.538973871058276,0.8249493874425747,403.2,0,0.0,1.0,1,1.0,1.0,0.00248015873015873
jk_here4all,False,0.88780278631785,0.4487137243628472,4237.7,0,0.0,1.0,1,0.0,1.0,0.00023597706302947355
jmurthy,False,0.8287635554189325,0.3413925785553318,3377.8,0,0.0,5.0,1,0.6,1.0,0.0014802534193853988
job_hunter101,False,2.3752812780284907,0.311559827255536,2024.7,0,0.0,2.0,2,0.0,1.0,0.0009878006618264433
joecp21,False,0.3133592110667047,0.015005640617870197,5105.8,0,0.0,1.0,1,1.0,1.0,0.00019585569352501076
johonslonej,False,2.3521555927473585,0.10345133738802471,42.7,0,0.0,1.0,1,0.0,1.0,0.023419203747072598
jojo69696900,False,1.0332541111189224,0.11434353305664492,1502.6,0,0.0,1.0,1,1.0,1.0,0.000665513110608279
jok3r_93i,False,1.943862185556823,0.00666767916982844,2262.4,0,0.0,1.0,1,0.0,1.0,0.000442008486562942
jonsnowick,False,3.3601934200774366,0.08089340955384931,45.8,0,0.0,2.0,2,0.0,1.0,0.04366812227074236
joshwalter08,False,1.6457753193706097,0.6589863264064724,2763.9,0,0.0,1.0,1,1.0,1.0,0.00036180759072325337
jotarokujolovesiggy,False,3.5982353375770666,0.09610038134682575,35.6,0,0.0,1.0,1,1.0,1.0,0.028089887640449437
jotdown26,False,0.38809220284680507,0.013642776403786526,776.1,1,0.0,1.0,1,0.0,1.0,0.0012884937508053085
jsoftpaws,False,0.9916228816864957,0.042156779923391806,1399.5,0,0.0,1.0,1,0.0,1.0,0.0007145409074669524
jstjoined,False,2.099580709474129,0.008083184888822901,2427.7,0,0.0,1.0,1,0.0,1.0,0.00041191250978292216
jumping-llama,False,1.8912630147557377,0.2611873783719023,754.3,0,0.0,1.0,1,0.0,1.0,0.0013257324671881216
jupiterframework,False,2.092728365967288,1.9750667333467689,514.0,0,1.0,0.0,1,0.0,0.0,0.0
just-a-bud,False,1.106989111690078,0.026329255820046804,1101.6,1,0.0,1.0,1,0.0,1.0,0.0009077705156136529
just-enough-trouble,False,0.6873664621684538,0.007453450654580884,407.7,0,0.0,1.0,1,0.0,1.0,0.0024527839097375523
just1acc,False,0.18441815762767713,0.4265185173059967,2128.2,0,0.0,1.0,1,0.0,1.0,0.00046988065031482005
justDeadpoool,False,1.7219065843969819,0.030940270151578905,685.5,0,0.0,2.0,2,0.5,1.0,0.0029175784099197666
just_bro_wsing_,False,1.6550156490462857,0.6307422598867566,1302.1,1,1.0,0.0,1,0.0,0.0,0.0
justanavguser,False,4.015447999032092,2.5903742084648713,2230.6,0,0.0,1.0,1,1.0,0.0,0.0004483098717833767
justin-birbaI,False,2.3433468058265676,0.9593473641958266,371.6,0,1.0,0.0,1,0.0,0.0,0.0
justinbiebar,False,1.5450957847098807,1.6597400615938505,2287.7,0,0.0,1.0,1,1.0,1.0,0.00043712025178126504
justwanttovent2026,False,3.422010330395351,0.9599075787633664,56.9,0,1.0,0.0,1,0.0,0.0,0.0
juunnneeeee,False,2.026120554524108,0.5824834169954033,2404.7,0,0.0,1.0,1,0.0,1.0,0.00041585228926685247
jxchunini,False,1.7426841570732743,0.4772403776441089,894.4,0,0.0,1.0,1,1.0,1.0,0.0011180679785330948
jyadatez,False,3.394045742551926,0.29135573511177426,1038.9,0,0.0,4.0,1,0.75,1.0,0.003850226200789296
k-swapnil,False,0.02940858877846906,0.3756121449584832,3283.6,0,0.0,1.0,1,0.0,1.0,0.00030454379339749056
k_sweyn,False,0.30445673262722794,0.012903404835907888,654.7,0,0.0,1.0,1,0.0,1.0,0.001527417137620284
kaajukatli,False,1.8861356295086757,0.9451365822050304,3784.7,0,0.0,1.0,1,0.0,1.0,0.00026422173487991124
kaajukatliiii,False,2.206758118102756,0.1891475218643545,327.1,0,0.0,1.0,1,1.0,1.0,0.0030571690614490978
kaatupoochi10,False,2.2762340041765157,1.7775822326483322,2395.9,0,8.0,0.0,3,0.0,0.0,0.0
kachar_kuchur_tooo,False,4.297970009517933,1.3048475707125042,59.6,0,1.0,0.0,1,0.0,0.0,0.0
kaexthetic,False,3.9061110656428766,0.9254059005386894,1414.2,0,7.0,0.0,2,0.0,0.0,0.0
kag3tit,False,0.9210733763452396,0.23901690047049992,2603.2,0,0.0,1.0,1,1.0,1.0,0.0003841425937307929
kaizenX11,False,2.2979767899078514,0.001282873812889157,87.0,0,0.0,1.0,1,1.0,1.0,0.011494252873563218
kakahuhu,False,3.802429247171667,0.021220561831226985,621.8,0,0.0,1.0,1,1.0,1.0,0.001608234158893535
kakashi7299,False,2.0627824381805326,0.40949233199301033,2101.1,0,0.0,1.0,1,0.0,1.0,0.0004759411736709343
kala-admi,False,1.223037962550368,0.06837088842269824,2202.3,0,0.0,2.0,2,0.5,1.0,0.0009081414884438995
kalanerd,True,4.096805565749413,1.9588163765452782,544.5,1,2.0,2.0,1,0.5,1.0,0.0036730945821854912
kalinooni,True,7.039780400763802,1.7319727002242986,102.2,0,3.0,3.0,4,1.0,1.0,0.029354207436399216
kamatbro,False,4.631594996912506,0.7669379141336824,135.9,0,0.0,3.0,1,0.6666666666666666,0.6666666666666666,0.022075055187637967
kamikazzzzzze,False,2.9917200202568157,1.3734302235566793,379.6,1,1.0,0.0,1,0.0,0.0,0.0
kamleshltb1,False,1.6206428914367037,0.22955274849411159,1466.1,0,1.0,0.0,1,0.0,0.0,0.0
kamruddinn,True,2.522211035037798,0.3702489421492535,4435.8,0,0.0,1.0,1,1.0,1.0,0.0002254384778393976
kaneki882,False,0.393350422497139,0.3777903859519439,1218.0,0,0.0,1.0,1,1.0,0.0,0.0008210180623973727
kankanmeli,False,0.6783050906335252,0.2973795234681064,3095.2,0,0.0,1.0,1,1.0,0.0,0.0003230808994572241
kanpuriaa,False,0.876358294321196,0.08883300710529454,2172.4,0,0.0,1.0,1,0.0,1.0,0.0004603203829865586
kansalhk,False,0.5597181525582984,0.7623105404967173,2232.8,0,2.0,0.0,1,0.0,0.0,0.0
kappa_79,False,3.4756306323454225,1.261495269732845,1929.9,0,2.0,5.0,3,0.2,1.0,0.0025908078138763666
karan65,False,1.7611502194096924,0.44467842620651893,3367.0,0,3.0,2.0,1,0.5,1.0,0.000594000594000594
karanarak09,False,1.657981315343798,0.0013046316266648872,3068.7,0,0.0,2.0,1,0.5,1.0,0.000651741779906801
karanthsrihari,False,2.759045119613175,2.5243786513658466,5933.0,0,1.0,0.0,1,0.0,0.0,0.0
karll_sb,False,0.09034599595752042,0.021506205220963585,486.5,0,0.0,1.0,1,1.0,1.0,0.0020554984583761563
karmaisabitch_88,False,2.4927967176131167,0.9896164762032602,442.9,0,0.0,2.0,2,0.5,0.5,0.004515692029803568
karna1712,False,2.2291603502645208,0.025765219140950504,3214.4,0,0.0,1.0,1,1.0,1.0,0.00031110004977600794
karthee006,False,0.7380219782820546,0.0004641448215142885,1972.9,0,0.0,1.0,1,0.0,1.0,0.000506868062243398
karthikjusme,False,1.4054894177437165,0.13630886180673157,4367.8,0,0.0,1.0,1,1.0,1.0,0.00022894821191446493
kash_if,False,3.9793905589078813,0.30611756519273425,5442.7,0,1.0,1.0,2,0.0,1.0,0.00018373233872893968
kashinaresh_,False,2.5114246237247935,1.2028802739524131,834.8,0,0.0,2.0,2,0.5,1.0,0.0023957834211787254
kassu7906_love,False,1.9979236899122776,0.149928428191042,1378.0,0,0.0,1.0,1,0.0,1.0,0.000725689404934688
katdinadhwaani,False,2.4361614011179897,1.2506375691830545,473.1,0,1.0,0.0,1,0.0,0.0,0.0
kathanmehtus,False,0.21896907835735568,4.045241849214369,1862.8,1,1.0,0.0,1,0.0,0.0,0.0
kavin_86,False,1.5359531748880608,0.0413448312950588,765.0,0,0.0,2.0,1,1.0,1.0,0.00261437908496732
kayamica,False,1.5408649443755316,0.9165768139816705,476.2,0,1.0,0.0,1,0.0,0.0,0.0
kbhi_pussykbhi_tits,False,0.36241620760555227,0.015037877364540516,151.1,0,0.0,1.0,1,0.0,1.0,0.0066181336863004635
kbrunner69,False,2.08315226635256,0.006568168112097061,2868.1,0,0.0,1.0,1,0.0,1.0,0.0003486628778633939
kc_dp,False,0.8921992197408153,0.18989593025177032,1857.7,0,0.0,1.0,1,1.0,1.0,0.0005383000484470043
kcapoorv,False,3.51152415677439,0.07922114827258678,1753.3,0,0.0,6.0,1,0.6666666666666666,1.0,0.003422118291222267
keep_getting_rejeced,False,2.55572773199735,0.02436970524729478,286.6,0,0.0,1.0,1,0.0,1.0,0.003489183531053733
keeper_of_book,False,1.4222483112604876,0.7401041636477164,831.1,0,0.0,1.0,1,0.0,1.0,0.001203224642040669
keepsfailin,False,1.747671724862151,0.05569233944898035,541.0,1,0.0,1.0,1,1.0,1.0,0.0018484288354898336
ken_kaneki009,False,0.5581353074744789,0.16778381195998288,1332.6,0,0.0,1.0,1,0.0,1.0,0.00075041272699985
kenji_endo10,False,2.5295419367705474,0.6006261477593459,1034.4,0,0.0,1.0,1,0.0,1.0,0.0009667440061871615
kewlrish,False,0.23274029685967143,0.9132786814041635,2526.2,0,1.0,0.0,1,0.0,0.0,0.0
khaman_dhoklaa,False,1.0824549839169024,1.4761506902417516,524.1,0,0.0,1.0,1,0.0,1.0,0.0019080328181644724
khateebxtreme,False,1.9769940713169831,0.03968337284939019,2974.6,0,0.0,1.0,1,1.0,1.0,0.00033617965440731526
khayalipuloa,False,2.1622732068964345,0.12662051508467562,482.0,0,1.0,0.0,1,0.0,0.0,0.0
khelkhatam_mera,False,1.3372250745681733,0.004175371410480636,85.1,0,0.0,1.0,1,0.0,1.0,0.011750881316098707
khuchuPuchu,False,1.2611880993695062,0.0007933360193958768,498.1,1,0.0,1.0,1,0.0,1.0,0.0020076289901626177
kiara2_2,False,2.6099789343847046,1.155059114035392,1764.3,0,0.0,1.0,1,0.0,1.0,0.0005667970299835629
kidakaka,False,0.580630679934229,0.059790930035590294,5996.2,0,0.0,3.0,3,1.0,1.0,0.0005003168673493213
kidrah_krats,False,0.3227445239027719,0.021978906718775244,238.9,0,0.0,1.0,1,1.0,0.0,0.004185851820845542
kikiboy_007,False,3.1783694122046082,0.052525095230006674,2534.6,0,0.0,2.0,2,1.0,1.0,0.0007890791446382073
kilaithalai,False,2.512990318036279,0.07363335618822407,5571.7,0,1.0,3.0,2,0.6666666666666666,0.6666666666666666,0.0005384353069978642
killbear123,False,4.357333378637867,0.014263529551962946,145.7,0,0.0,3.0,2,0.6666666666666666,1.0,0.020590253946465343
killedbycuriousity-,False,2.9442081845726036,0.07719620365849467,2873.7,1,0.0,1.0,1,0.0,1.0,0.00034798343598844696
killmetwice1234,False,2.906197072421846,1.2904120779797288,1938.9,0,1.0,0.0,1,0.0,0.0,0.0
kim-jong-naidu,False,3.0367635749507413,0.007367363817505403,1318.5,0,0.0,1.0,1,1.0,1.0,0.0007584376185058779
kingalex90,False,1.3980436022369656,0.021882241777070273,3092.6,0,0.0,1.0,1,0.0,1.0,0.00032335251891612237
kingjuliothe5th,False,2.1393990940219814,0.24620342235832676,1543.7,0,0.0,1.0,1,0.0,1.0,0.0006477942605428515
kingroco619,False,1.1384013814704257,0.1319017129272152,701.3,0,0.0,1.0,1,0.0,1.0,0.0014259232853272494
kingslayer1812,False,1.3535400192492766,0.004898244739900434,2066.8,0,0.0,1.0,1,1.0,1.0,0.0004838397522740468
kingslayer_314,False,0.24378787889455567,2.922528869530696,1141.0,1,1.0,0.0,1,0.0,0.0,0.0
kinoguy7,False,3.7482468610667934,0.1433080713847048,412.0,0,0.0,1.0,1,0.0,1.0,0.0024271844660194173
kira8520,False,1.425441950804162,0.04591858421001566,2630.0,0,0.0,1.0,1,0.0,1.0,0.00038022813688212925
kissewithkomalsharma,False,0.606654133965707,0.10254879108453546,613.7,0,0.0,1.0,1,0.0,1.0,0.001629460648525338
kite-flying-expert,False,4.104099274272694,0.24561425210764537,796.4,0,0.0,2.0,1,1.0,1.0,0.0025113008538422904
kittidioting,False,4.598985501375875,1.568340439267959,405.8,0,5.0,5.0,2,0.8,1.0,0.01232134056185313
kkmessi10,False,1.273997771201304,1.6015338291291399,2789.0,0,1.0,0.0,1,0.0,0.0,0.0
kky231659,False,0.6261182278441737,0.31594365648008416,4342.0,0,0.0,1.0,1,0.0,1.0,0.00023030861354214648
klimekam,False,3.6515530395930087,0.19524790632637634,3133.6,0,0.0,1.0,1,0.0,1.0,0.00031912177687005365
kline643,False,0.9164048154975747,0.008327598437762377,1928.3,0,0.0,1.0,1,1.0,1.0,0.0005185915054711404
klovnikaupunki,False,2.586477868953336,0.06018388047246738,1027.2,0,1.0,0.0,1,0.0,0.0,0.0
kmadnow,False,3.951721802676626,0.07031799228950325,4170.3,0,0.0,1.0,1,1.0,1.0,0.00023979090233316547
knight_walkerz,True,3.945646083392767,2.3232492322969884,109.9,0,0.0,1.0,1,1.0,1.0,0.009099181073703366
kochapi,False,3.750999365588756,0.027415271497983052,3075.6,0,0.0,2.0,2,0.5,1.0,0.0006502796202367018
kolinfo,True,3.6880617355031684,0.03678455878143237,250.8,0,0.0,1.0,1,0.0,1.0,0.003987240829346092
konkonakanakana,False,2.6737081264927776,0.11424173417400608,133.1,0,0.0,1.0,1,0.0,1.0,0.007513148009015778
koolbanrhahu,False,1.2683912798460284,1.0001200469318727,702.9,1,0.0,1.0,1,0.0,1.0,0.0014226774790155072
koolcric,False,0.3384337720315104,0.11045699556431054,4176.3,0,0.0,1.0,1,1.0,1.0,0.00023944639992337714
kosmos-hunter,False,0.40817948361805884,0.007326040092072906,269.8,0,0.0,1.0,1,0.0,1.0,0.0037064492216456633
koushik1245,False,0.11217088349006532,0.024180798197214717,2459.9,0,0.0,1.0,1,1.0,1.0,0.00040652059026789706
kpbird,False,0.14165538368118955,0.9691441469302884,4652.4,0,0.0,1.0,1,0.0,1.0,0.00021494282520849456
kran15,False,0.9625623751516144,0.22607753874899728,2372.1,0,0.0,1.0,1,0.0,1.0,0.0004215673875468994
kratos0112,False,0.12790158976284188,5.298317366548036,1407.2,0,1.0,0.0,1,0.0,0.0,0.0
krishan-ag,False,3.0024874022810404,1.0593915755148284,50.9,0,1.0,0.0,1,0.0,0.0,0.0
krishna_-bhat,False,2.250433176234841,0.5198413275128816,2195.4,0,0.0,1.0,1,1.0,1.0,0.0004554978591600619
krishxch,False,0.5593287520208433,0.06159058769635645,1294.2,0,0.0,1.0,1,1.0,1.0,0.0007726781023025807
krnbhand,False,0.8520306936491727,0.8606621705810651,2053.7,0,0.0,1.0,1,1.0,1.0,0.0004869260359351415
krtkvas,False,1.150412100365371,0.8552368333823149,253.3,0,0.0,1.0,1,1.0,1.0,0.0039478878799842085
krunchybricks,False,0.5538945400501747,2.8634793809970756,1585.1,0,1.0,0.0,1,0.0,0.0,0.0
kshb4xred,False,3.3768165802853933,0.3351818726490122,2766.2,0,0.0,1.0,1,1.0,1.0,0.0003615067601764153
kt8t,False,0.26451726450881885,0.4434585045473791,2255.6,0,0.0,1.0,1,0.0,1.0,0.00044334101791097715
ktka,False,3.618002265531831,0.12881842076511546,5056.8,1,0.0,1.0,1,0.0,1.0,0.00019775352001265623
kulkdaddy47,False,2.2381038180400967,0.3918548197416455,2957.9,0,1.0,1.0,1,0.0,1.0,0.0003380776902532202
kundan0075,False,2.906567115848091,0.8263942641955457,2324.0,0,0.0,1.0,1,1.0,1.0,0.0004302925989672978
kuzey_cemre,False,0.6536461634307412,0.23582871084152549,256.9,0,0.0,1.0,1,0.0,1.0,0.0038925652004671084
kvothe5688,False,3.656528925829462,0.180631581361594,4184.2,0,0.0,2.0,1,0.5,1.0,0.00047798862387075187
kvsankar,False,0.3265933150526211,1.0426330209262085,2560.6,0,1.0,0.0,1,0.0,0.0,0.0
kyakaranu,False,0.912255756661976,0.0022497197340154585,298.0,0,0.0,1.0,1,0.0,1.0,0.003355704697986577
kyunhumain,False,3.2050709679896636,0.1223568360247792,1175.2,0,1.0,1.0,2,1.0,0.0,0.0008509189925119128
l0tussy,False,1.8425115800441663,0.0601685214664528,489.8,0,0.0,1.0,1,0.0,1.0,0.002041649652919559
l_FLASH_l,False,2.4306217051309145,0.29531180407211827,1582.2,0,0.0,1.0,1,1.0,1.0,0.0006320313487548982
la_vie-en-rose,False,1.4571397631325527,0.06635966922591718,1546.0,0,1.0,0.0,1,0.0,0.0,0.0
ladylilac00,False,0.8993433735601618,0.49087483734664195,543.9,0,0.0,1.0,1,0.0,1.0,0.0018385732671446957
lakalakalaka666,False,0.07142814978295953,0.017241806434506055,1566.7,0,0.0,1.0,1,1.0,1.0,0.0006382842918235782
lakshay-the-one,False,0.4494449022246989,0.9082585601768908,107.5,0,1.0,0.0,1,0.0,0.0,0.0
lakshya10soin,False,3.8278413397566884,0.001512812403492366,2854.2,0,0.0,1.0,1,0.0,1.0,0.0003503608716978488
lallantop,False,0.49807884938949915,0.07863079655879832,4566.6,0,0.0,1.0,1,0.0,1.0,0.00021898129899706564
lalmirchii,True,1.9324704609698333,0.3596876425806685,393.8,0,0.0,1.0,1,1.0,1.0,0.0025393600812595226
laptopacc2,False,0.9978171470931588,0.06892523308183926,1849.5,0,0.0,1.0,1,1.0,0.0,0.0005406866720735334
lapulga1019,False,1.3551561953351312,1.5150976125484672,586.3,0,1.0,1.0,1,1.0,1.0,0.001705611461709023
large-cuboid,False,0.015895139946356246,0.04445176257083384,1373.1,0,0.0,1.0,1,0.0,1.0,0.000728279076542131
last-hawk129,False,0.058313416498638436,0.18924199963852842,466.3,1,0.0,1.0,1,0.0,1.0,0.002144542140253056
latecallnotes,False,0.5137252271023923,0.026668247082161325,55.1,0,0.0,1.0,1,1.0,1.0,0.018148820326678767
laugh_till_u_yeet,False,3.027987832709306,2.003693921136547,2723.8,0,0.0,1.0,1,1.0,1.0,0.0003671341508187091
lavender-berries,False,1.8506649760767282,0.14255736536642657,527.4,1,0.0,1.0,1,0.0,1.0,0.0018960940462646948
lawdezindagike,False,2.193440187384794,0.3593933822552893,700.1,1,1.0,1.0,2,0.0,1.0,0.0014283673760891302
lawgika,False,1.7408528847234523,0.017637141486106827,303.9,0,0.0,1.0,1,0.0,1.0,0.003290556103981573
lawl1238,False,0.7204877793357668,0.0020470836217248486,1389.0,0,0.0,1.0,1,0.0,1.0,0.0007199424046076314
lawyerdel,False,2.6288179856968905,0.17893658437541843,600.9,1,0.0,1.0,1,1.0,1.0,0.0016641704110500915
lazarlaz07,False,0.04633758381827816,0.009569451016150707,2192.8,0,0.0,1.0,1,1.0,1.0,0.00045603794235680404
lazyPanda931,False,0.2598114972782321,0.17185025692665923,2302.1,0,0.0,1.0,1,1.0,1.0,0.00043438599539550845
lazygeek,False,1.49450136340094,0.1905258071628833,4771.9,0,0.0,1.0,1,0.0,1.0,0.00020956013328024477
lbornfreel,False,0.07092212327672744,0.17366349405084003,925.2,0,0.0,1.0,1,1.0,1.0,0.0010808473843493297
lbrandon3399,False,3.905758271617679,1.1547317851743473,2578.0,0,4.0,0.0,2,0.0,0.0,0.0
le_me_321,False,1.063341049963791,2.175176440114457,496.3,0,1.0,0.0,1,0.0,0.0,0.0
lelouchlamperouge52,False,1.1290358904840911,2.385987535049419,1994.1,0,0.0,1.0,1,0.0,1.0,0.0005014793641241664
lemeboi2003,False,3.1850303020236646,1.6739262372682602,2006.3,0,1.0,0.0,1,0.0,0.0,0.0
lemmelivenow,False,2.351065994751859,0.1561462901482954,308.0,1,0.0,1.0,1,0.0,1.0,0.003246753246753247
letsgobernie,False,2.79365460877769,0.09248618816005451,3819.4,0,0.0,2.0,1,0.0,1.0,0.000523642456930408
letterWonyourpad,False,2.0322753224683368,0.05569124536749076,283.8,0,0.0,1.0,1,1.0,0.0,0.003523608174770965
leviiOHsaaa,False,2.5334790876317586,0.045423701076307776,1399.9,0,0.0,1.0,1,1.0,1.0,0.0007143367383384528
lewisnavin,False,0.6948287279794354,0.049508985333724796,2495.6,0,0.0,1.0,1,0.0,1.0,0.00040070524122455526
liberalindianguy,False,3.06169798177813,0.06229211970811623,3518.4,0,0.0,1.0,1,0.0,1.0,0.0002842201000454752
life_Bittersweet,False,1.7488971761003953,0.049315460882525614,862.0,0,0.0,1.0,1,0.0,1.0,0.001160092807424594
life_is_philosophy,False,0.1460796220626963,0.0030349036951540275,2091.7,0,0.0,1.0,1,0.0,1.0,0.000478080030597122
lifeinmetaphors,False,1.0000295970888382,0.018149318505677334,161.2,0,0.0,1.0,1,0.0,1.0,0.00620347394540943
light_burner12,False,0.6912152585623155,0.15675522478102485,1735.7,0,0.0,1.0,1,1.0,1.0,0.0005761364291064124
light_uzumaki07,False,3.222787685400324,3.5251386494095938,1187.9,0,1.0,0.0,1,0.0,0.0,0.0
likeadragon108,False,3.2774348303761376,0.021254142708126155,851.9,0,0.0,1.0,1,0.0,1.0,0.0011738466956215518
likehumansdo22,False,0.5480586756355967,0.3505313892903269,3492.3,0,0.0,1.0,1,1.0,1.0,0.0002863442430489935
lil_niggesh10,False,5.648646637830676,0.48887798400675186,17.2,0,1.0,0.0,1,0.0,0.0,0.0
lilbro710,False,4.382144260247055,0.8845488896603046,201.9,1,2.0,0.0,1,0.0,0.0,0.0
lilnerl,False,1.7363188472215554,0.009312017625618422,622.7,0,0.0,2.0,2,0.0,1.0,0.003211819495744339
lily_8111,False,5.308703656325393,1.2209458477406157,19.3,0,0.0,1.0,1,1.0,1.0,0.05181347150259067
limtan90,False,1.1256203966134917,2.043999395029904,518.7,0,1.0,0.0,1,0.0,0.0,0.0
linda_fab,False,0.2586744702933866,0.0013995803544232686,2418.6,0,0.0,1.0,1,0.0,1.0,0.0004134623335814107
littleArtsy,False,6.399846543910441,8.946667751984753,102.3,0,31.0,0.0,1,0.0,0.0,0.0
littlegirltrappedin,False,1.2235020348362424,0.07928679260239174,688.6,0,0.0,1.0,1,1.0,1.0,0.0014522218995062445
littmann_and_latte,False,1.1194171999084537,0.02017872621462738,824.5,0,0.0,1.0,1,1.0,1.0,0.001212856276531231
live-not-survive,False,0.0200809960570491,0.6931471805599453,49.3,0,0.0,1.0,1,1.0,1.0,0.02028397565922921
livid_sky43,False,1.574074665872676,1.6763525012194136,1211.1,0,1.0,0.0,1,0.0,0.0,0.0
lizzy_007,False,0.5770922266550784,0.5718979369270757,1965.8,0,0.0,1.0,1,0.0,1.0,0.0005086987486010785
lmfaooomf,False,3.6793475624885765,2.191347291619655,224.0,0,2.0,0.0,1,0.0,0.0,0.0
locopocopong,False,1.139568520879384,0.25450165731849267,2175.1,0,0.0,1.0,1,1.0,1.0,0.00045974897705852605
locorum,False,0.21701310192744308,0.00635499188237725,4555.2,0,0.0,2.0,1,1.0,1.0,0.00043905865823674043
lofi_buddy,False,1.1742749580959437,0.024573417267021423,1031.4,0,0.0,1.0,1,1.0,0.0,0.0009695559433779328
loki07119,False,0.8192572136702297,0.07890721348819178,1328.8,0,0.0,1.0,1,0.0,1.0,0.0007525586995785671
lolD4WN,False,4.016185723721069,0.0800984878994608,27.4,0,0.0,1.0,1,1.0,1.0,0.03649635036496351
lola_on_the_loop,False,3.314205285311872,0.03435421272309574,471.5,0,0.0,1.0,1,0.0,1.0,0.0021208907741251328
lone_wolf_1405,False,1.8429663007131252,0.00037530493966515913,501.2,0,0.0,1.0,1,0.0,1.0,0.0019952114924181963
lonely__lover_,False,1.2370028709096041,0.3233393933040381,1100.9,0,0.0,1.0,1,1.0,1.0,0.0009083477155054955
lonelypanther69,True,3.257796481008399,0.004376374599798878,64.1,1,0.0,1.0,1,0.0,1.0,0.015600624024960999
loney403,False,0.6614726132447589,0.08686308604252033,652.7,0,0.0,1.0,1,0.0,1.0,0.0015320974413972727
longndfat,False,3.692716637976931,0.00029725885094783027,601.5,0,0.0,4.0,4,0.5,0.75,0.006650041562759767
look-poor,False,0.9704233318506096,0.6560295176034427,289.8,0,1.0,1.0,2,0.0,1.0,0.003450655624568668
looking4techjob,False,0.8053577741686037,0.06710072333491354,3199.2,0,0.0,1.0,1,0.0,1.0,0.000312578144536134
loopingit,False,2.5776227026422087,0.07088056623419073,1715.3,1,0.0,1.0,1,1.0,1.0,0.0005829883985308692
lord_tigerrr,False,0.22462882264922474,0.016260520871780308,242.2,0,0.0,1.0,1,1.0,1.0,0.004128819157720892
lordatlas,False,3.475689037554243,1.0713743827071684,7415.4,0,1.0,1.0,2,0.0,1.0,0.00013485449200312862
lost_ted,False,4.629523531304573,2.2447776032854985,2108.2,0,1.0,0.0,1,0.0,0.0,0.0
lp7680,False,0.40841738925412774,0.001341381824201335,1476.9,1,0.0,1.0,1,0.0,1.0,0.0006770939129257228
lucdragon,False,1.838004090254962,0.0328693383086736,1427.9,0,0.0,1.0,1,0.0,1.0,0.0007003291547027102
luciddreamingagain,True,1.2069985252424729,0.001077006027637943,396.0,0,0.0,1.0,1,1.0,1.0,0.0025252525252525255
lucifermorningstar7,False,0.8108509499052622,0.34426329344631934,3504.5,0,0.0,1.0,1,0.0,1.0,0.00028534741047224997
luckyasiangirl,False,0.4055036920765303,1.0735254542383748,863.9,0,0.0,1.0,1,0.0,1.0,0.0011575413821044102
luckynumbertwotwo,False,0.5355593935315042,0.4054651081081644,2963.0,1,1.0,0.0,1,0.0,0.0,0.0
luffypapa,False,2.5002522194626606,0.004608303086194246,38.8,0,0.0,2.0,1,0.5,0.5,0.051546391752577324
luigixun,False,0.5172222340626833,0.750498477031411,448.8,0,2.0,0.0,1,0.0,0.0,0.0
lulluBhoot-602,False,0.6053970328511357,0.02970515441391578,1477.2,0,0.0,1.0,1,1.0,1.0,0.0006769564040075819
lunablooms1,False,4.129173669985463,2.033097341129296,143.8,1,1.0,1.0,2,1.0,1.0,0.006954102920723226
lundlele,False,0.8508973888647628,1.4054032228179372,3779.4,1,0.0,1.0,1,0.0,1.0,0.00026459226332222044
lusterbee,False,0.4056787833226526,0.017223245983115344,3743.6,0,0.0,1.0,1,1.0,1.0,0.00026712255582861415
luxlifegirl,False,1.3335540576954905,0.08033231690995794,1441.4,1,0.0,1.0,1,0.0,1.0,0.0006937699458859442
luyeasa,False,1.5393063248086882,1.1671830733336193,2171.6,0,1.0,0.0,1,0.0,0.0,0.0
m4jorminor,True,1.4811030543642911,0.998829880780228,698.1,0,1.0,0.0,1,0.0,0.0,0.0
mScofield_45,False,3.193086728782252,1.1394954745848735,1049.2,0,0.0,3.0,2,0.3333333333333333,1.0,0.0028593213877239803
m_ankuuu,False,1.0111658453239993,0.0032876741941916874,2090.0,0,0.0,1.0,1,1.0,1.0,0.0004784688995215311
maanas4exe,False,0.7885264116003147,0.599131747621702,1579.8,0,0.0,1.0,1,0.0,1.0,0.0006329915179136599
maavi132,False,0.8859282629278533,0.6639707730912303,2440.3,0,0.0,1.0,1,1.0,1.0,0.0004097856820882678
mac_n_cheese1608,False,3.1005459344279678,0.19129084188960824,1242.9,1,0.0,2.0,1,0.5,1.0,0.0016091399147155844
mademoisellearabella,False,2.6765137444962415,0.1376619230738125,2150.9,0,0.0,3.0,2,0.0,1.0,0.001394764982100516
madglaamx,False,3.7861301211767726,0.3944369408100232,1188.8,1,0.0,5.0,3,0.8,0.6,0.004205921938088829
madhurima5,False,2.849139571027858,0.11796759993141598,2247.6,0,0.0,1.0,1,0.0,1.0,0.0004449190247374978
madlabdog,False,2.9316476883165326,0.10437724447481735,3529.8,0,0.0,3.0,2,0.3333333333333333,1.0,0.0008499065102838688
madnfreak,False,2.675106193906483,0.0006892590738126403,644.3,0,0.0,3.0,3,0.3333333333333333,1.0,0.0046562160484246475
madogvelkor,False,4.8099309638977825,0.005128887041312762,5069.8,0,0.0,1.0,1,1.0,1.0,0.00019724643970176338
magestooge,False,2.9170469380485904,0.03641219490708313,2614.8,0,0.0,1.0,1,0.0,1.0,0.00038243842741318647
magicboyy24,False,1.7747072778570532,0.8804900012287212,823.1,0,1.0,1.0,1,0.0,1.0,0.0012149192078726764
magicmushroomindia,False,0.9757239017368375,1.5895637262270168,1656.9,0,1.0,0.0,1,0.0,0.0,0.0
magmashadow,False,2.5846310775932912,0.21731106737833947,2426.5,0,0.0,1.0,1,1.0,1.0,0.00041211621677313
magop7,False,2.066974930735614,0.364256341198636,2696.9,0,0.0,1.0,1,0.0,1.0,0.0003707960992250361
mahaavtar,False,4.941847133228814,1.0878470943551155,502.4,0,12.0,2.0,2,0.5,1.0,0.003980891719745223
maheemofc,False,0.5258125131964505,0.13976194237515868,696.7,0,0.0,1.0,1,0.0,1.0,0.0014353380221042054
mahirminhajk,False,0.47282271183805513,0.6505875661411493,1177.8,0,0.0,1.0,1,0.0,1.0,0.0008490405841399219
maibhisadhoo,False,0.6607662931531952,0.24817962947553462,484.9,0,0.0,1.0,1,0.0,1.0,0.0020622808826562177
main-whi-hoon,False,1.3180731308609215,0.5946099684975028,1880.7,0,0.0,2.0,1,0.5,1.0,0.0010634338278300633
majin_adi,False,1.1898007124785834,0.03161485638170299,842.8,0,0.0,1.0,1,0.0,1.0,0.0011865211200759373
makeme_funx,True,2.5760146288084185,8.129469764784231,279.3,0,1.0,0.0,1,0.0,0.0,0.0
making_ideas_happen,False,2.276610066335429,0.3152080881696956,3434.4,0,1.0,2.0,1,0.0,1.0,0.0005823433496389471
manhattan011991,False,2.88673652982522,0.0006651147568106438,444.0,0,0.0,1.0,1,0.0,1.0,0.0022522522522522522
manisssshhh,False,1.1442495878330452,0.008727052163121609,1236.4,0,0.0,1.0,1,1.0,1.0,0.0008087997411840828
mannoshot,False,3.2384256487537995,0.7931119335659074,923.1,0,0.0,1.0,1,1.0,1.0,0.0010833062506770664
manojyadav_stardust,False,0.45085645545168285,0.9155299863068459,2304.9,0,0.0,1.0,1,1.0,1.0,0.00043385830187860644
mansidivine,False,3.061492299935799,1.1083481096581913,141.9,0,1.0,0.0,1,0.0,0.0,0.0
mantis_blade_mariner,False,2.5219293873331052,0.018855777501160187,130.8,0,0.0,1.0,1,0.0,1.0,0.0076452599388379195
manwhokneweverything,False,1.9263424793538937,0.14244254882356605,2350.3,0,0.0,1.0,1,1.0,1.0,0.00042547759860443344
maproomzibz,False,3.665856340657794,0.5524162716554438,2464.4,0,0.0,1.0,1,0.0,1.0,0.0004057782827463074
marbella812,False,1.3862943611198906,0.9285828968412889,559.0,0,2.0,0.0,1,0.0,0.0,0.0
marionette_doll_B,False,1.1255665987545065,0.5773717745680497,1063.9,1,1.0,0.0,1,0.0,0.0,0.0
marketgoatofficial,False,3.0033517178659928,0.016637473386540143,474.6,0,0.0,1.0,1,0.0,1.0,0.002107037505267594
marketpolls,False,0.5716682622947439,0.03363148820912569,2978.4,0,0.0,1.0,1,1.0,1.0,0.000335750738651625
masala-kiwi,False,3.4231494417894592,0.12586531563568093,688.3,0,0.0,2.0,1,0.5,1.0,0.002905709719599012
masalacandy,False,4.032875411639249,0.13893876203204195,626.6,0,0.0,2.0,2,0.0,1.0,0.0031918289179699967
mashed-batata,False,2.6743314035313897,0.6137420674985221,679.2,0,1.0,0.0,1,0.0,0.0,0.0
masked07,False,2.7591295688657764,2.7156713593832826,187.0,0,0.0,1.0,1,0.0,1.0,0.0053475935828877
mastikhoor_nanako,False,1.6276784970422684,0.0030349036951540275,80.4,1,0.0,1.0,1,1.0,1.0,0.01243781094527363
mastikhor_maddy,False,0.22033111490933646,0.007815932102952089,4685.8,0,0.0,1.0,1,1.0,1.0,0.00021341073029151905
matrix_124,False,1.965046714474987,0.7583314304470887,488.0,0,1.0,0.0,1,0.0,0.0,0.0
maverick31031998,False,2.545147113248336,0.043103586256313095,2409.6,0,0.0,7.0,2,0.5714285714285714,0.7142857142857143,0.002905046480743692
may-ju,False,0.9990220331666535,1.2999332849172816,1194.9,1,0.0,2.0,2,0.5,0.5,0.0016737802326554521
mbg20,False,3.314283128400399,0.008423026896946234,2321.2,0,0.0,1.0,1,0.0,1.0,0.00043081164914699296
mcbcmoeen,False,0.4566648631990204,0.6597277889707506,2387.7,0,0.0,1.0,1,0.0,1.0,0.00041881308372073545
mdred5,False,2.087094480022881,0.010512202959454571,2478.1,0,0.0,2.0,1,1.0,1.0,0.0008070699326096606
me_jojo,False,0.9624339941080677,1.551808799597464,2770.6,0,0.0,1.0,1,1.0,1.0,0.00036093264996751607
meamarp,False,0.03251786232089078,0.3349349573023265,3902.9,0,0.0,1.0,1,0.0,1.0,0.00025621973404391606
mechatronnnn,False,0.6266044717866639,0.04000533461369916,1345.2,0,0.0,1.0,1,1.0,1.0,0.000743383883437407
mechorm,False,0.42021415991219435,1.4616641630940346,1633.2,0,1.0,0.0,1,0.0,0.0,0.0
mediocrememento,False,1.4225750862163198,1.003621587477409,2260.0,0,2.0,0.0,2,0.0,0.0,0.0
meepmorpzorpzorp,False,2.309109665268925,0.28972729529854885,485.8,0,0.0,1.0,1,1.0,1.0,0.0020584602717167557
meerlot,False,1.998305695067435,0.004621721033529643,3400.9,0,0.0,2.0,2,0.0,1.0,0.0005880796259813578
meet__321,False,1.1890284770083195,0.8673822175063484,2113.5,0,1.0,0.0,1,0.0,0.0,0.0
meetshah_design,False,0.22298000564371684,0.7365596734952587,2446.0,0,0.0,1.0,1,1.0,1.0,0.0004088307440719542
meetsheth,False,0.8453707481271129,1.2539902134847452,2760.3,0,0.0,1.0,1,1.0,1.0,0.0003622794623772778
mehulk8,False,0.2453284949143155,0.11990392722552108,633.0,0,0.0,1.0,1,1.0,1.0,0.001579778830963665
mehulmullur,False,0.0,0.6931471805599453,3313.0,0,0.0,1.0,1,1.0,1.0,0.00030184123151222455
mekuri_,False,2.451143513407056,0.4009725540950481,1843.4,0,0.0,1.0,1,1.0,1.0,0.0005424758598242378
mel-cal,False,0.3889542240437362,0.13999950028101515,2654.4,0,0.0,1.0,1,1.0,1.0,0.0003767329716696805
melatonia,False,3.263817224047627,0.19431653971130763,5078.3,1,1.0,0.0,1,0.0,0.0,0.0
memebanao007,False,1.8323451223126175,0.010256500167189098,1269.5,1,0.0,1.0,1,0.0,1.0,0.0007877116975187081
memeprofiler,False,0.1361147114985704,0.001994018606864397,3435.9,0,0.0,1.0,1,1.0,1.0,0.00029104455892197095
memesfuckers,False,2.5576529148952427,7.230965357493064,2088.7,0,1.0,0.0,1,0.0,0.0,0.0
menteez,False,1.2324667247447856,1.9517666811680263,1973.1,0,1.0,0.0,1,0.0,0.0,0.0
mephistttoooo,False,4.835924298230301,1.0995725140216859,1609.3,0,0.0,4.0,1,0.25,1.0,0.0024855527247871745
mera-khel-khtm,False,4.674847507870106,0.5934210987133484,362.6,1,0.0,4.0,3,0.5,1.0,0.011031439602868174
merahulahire,False,0.6309978195596486,1.7264095890196047,2625.4,0,1.0,0.0,1,0.0,0.0,0.0
merazur01,False,2.2993990120054333,2.6111865276695685,619.3,0,1.0,0.0,1,0.0,0.0,0.0
meregoteykaalehain,False,0.5463927955129813,0.36959919491966764,488.3,1,0.0,1.0,1,0.0,1.0,0.0020479213598197828
meth_head321,False,4.011716487027185,0.39942204846490076,74.5,1,0.0,1.0,1,0.0,1.0,0.013422818791946308
mgforce,False,0.07442968130090284,0.0344861760711693,3041.3,0,0.0,1.0,1,0.0,1.0,0.0003288067602669911
mha3if,False,1.248779906211832,0.19014995281841793,3342.2,0,0.0,1.0,1,0.0,1.0,0.00029920411704865063
miadeoAnbu,False,0.3859522938845827,0.39304258810960724,1186.8,0,1.0,0.0,1,0.0,0.0,0.0
microwaved_fully,False,1.9467407713775902,0.07434252123419202,1856.7,0,0.0,2.0,1,0.0,1.0,0.001077179942909463
mightyn0mad,False,2.5741851685665353,0.3066010074636586,2258.3,0,0.0,1.0,1,0.0,1.0,0.0004428109639994686
mikasa_6969,False,0.16305641943277874,0.19585140902620227,1422.9,0,0.0,1.0,1,1.0,1.0,0.0007027900766041184
minato3421,False,2.6132779559177455,0.30745236907296825,4011.8,0,0.0,1.0,1,1.0,1.0,0.0002492646692257839
minatokushina,False,1.3986339815621687,9.698850693796592e-05,3380.7,0,0.0,4.0,4,0.25,0.75,0.0011831869139527318
mindflow22,False,0.572813873781272,0.4776734164490902,574.2,0,0.0,1.0,1,0.0,1.0,0.0017415534656913965
miniac_for_eternity,False,1.439489138722911,0.3859791055944767,923.4,0,1.0,0.0,1,0.0,0.0,0.0
mint-chocolate9,False,2.459956387521346,0.05521133826243241,186.0,1,0.0,1.0,1,1.0,1.0,0.005376344086021506
mint_giggle,False,2.065927174881421,1.1886384403258292,131.3,0,1.0,1.0,1,0.0,1.0,0.007616146230007615
mintynotes,False,0.5304567391845525,0.003780722839906045,377.3,0,0.0,1.0,1,1.0,1.0,0.0026504108136761197
mirincool,False,3.447610882007304,0.00951326048580839,1451.0,0,0.0,3.0,2,0.6666666666666666,0.6666666666666666,0.002067539627842867
misguidedkent,False,4.791246479568382,3.585109605767262e-06,2335.1,0,0.0,2.0,1,1.0,1.0,0.0008564943685495268
miss-mojojojo,False,1.4314435418769718,0.18038169197612802,1713.8,1,0.0,2.0,1,0.0,1.0,0.0011669973159061735
miss_clarity,False,3.4992042911231205,0.008081314253040945,4239.6,0,0.0,1.0,1,0.0,1.0,0.00023587130861402018
miss_excuses,False,0.7817232767682922,0.7066464974568702,1194.7,0,1.0,0.0,1,0.0,0.0,0.0
miss_leopops,False,2.55432539695163,0.0009527742328404361,1327.7,0,0.0,4.0,2,0.25,1.0,0.0030127287790916624
miss_strawberryyy,False,4.120641591237543,0.038437709548549935,464.3,0,0.0,1.0,1,0.0,1.0,0.002153779883695886
missedOpportunity343,False,3.261500448994151,0.000706464176327071,56.4,0,0.0,1.0,1,0.0,1.0,0.01773049645390071
mmuditt,False,2.121566919926237,2.1514043574871695,380.3,0,0.0,1.0,1,0.0,1.0,0.0026295030239284773
mnemonade,True,1.988785413701846,0.25931315607459476,207.4,0,0.0,1.0,1,1.0,1.0,0.0048216007714561235
moab911,False,2.1110370898238693,0.10002055827529434,2882.4,0,0.0,1.0,1,0.0,1.0,0.00034693311129614207
mobhag,False,0.9482517980475128,0.09766782194554939,3866.7,1,0.0,1.0,1,1.0,1.0,0.00025861846018568807
modimama,False,0.11900920784974606,0.18131703636794916,1566.7,0,0.0,1.0,1,1.0,0.0,0.0006382842918235782
modulus801,False,1.9633618667930302,0.010915455117725495,5535.8,0,0.0,1.0,1,1.0,1.0,0.00018064236424726327
mohantharani,False,4.240559745765572,0.19512312332240586,3134.0,0,0.0,1.0,1,0.0,1.0,0.0003190810465858328
mohitman1,True,0.5854330133384738,0.13129007678150875,1918.9,0,0.0,1.0,1,0.0,1.0,0.0005211318984835061
mom-lover696,False,1.1322422533877226,0.0009606148673375688,990.2,0,0.0,1.0,1,1.0,1.0,0.0010098969905069683
mommymilkersuck,False,3.6484420920525262,0.8609260404882334,70.4,0,1.0,1.0,1,1.0,1.0,0.014204545454545454
moni0206,False,1.3201817713873272,0.003810496164066272,1436.9,0,0.0,1.0,1,1.0,0.0,0.0006959426543252836
monkaXxxx,False,3.438000038622121,0.16532326792511856,2093.9,0,0.0,1.0,1,0.0,1.0,0.00047757772577486986
moodyaf98,False,1.132700884859535,0.1419533965841965,2387.8,0,0.0,1.0,1,1.0,1.0,0.0004187955440154116
moominn1,False,2.5166529074560535,3.735614963769704,213.4,0,1.0,0.0,1,0.0,0.0,0.0
moonsmart,False,0.8190156510802962,0.005681064920963676,2922.1,0,0.0,1.0,1,0.0,1.0,0.000342219636562746
morethanapenny,False,1.709715839061007,0.0028110963039405428,2360.3,0,0.0,1.0,1,0.0,1.0,0.00042367495657331695
moriarty7878,False,2.7276461017173452,0.3096127081074514,2286.1,0,0.0,4.0,3,0.5,0.75,0.0017497047373255764
morichikachorabali,False,5.096554717096378,3.554773733915476,225.0,0,1.0,1.0,2,0.0,1.0,0.0044444444444444444
morosis000,False,0.1934762549905093,0.10297154720705592,2389.2,0,0.0,1.0,1,1.0,1.0,0.0004185501423070484
mossnaga,False,0.2370246517094701,0.06128043121801348,2134.8,0,0.0,1.0,1,1.0,1.0,0.00046842795578040094
mothersuperiormedia,False,4.814006938304809,4.100589312100822,360.1,0,1.0,1.0,1,1.0,0.0,0.0027770063871146904
mountainsandsea001,False,1.9590384498777758,0.09341947787133943,815.1,0,0.0,2.0,2,0.0,1.0,0.00245368666421298
moutainyogi,False,1.6611741466839882,0.24759827126623646,2401.6,0,0.0,1.0,1,0.0,1.0,0.00041638907395069954
moving_chaos,False,0.24794174380226686,0.025317807984289873,138.6,0,0.0,1.0,1,0.0,1.0,0.007215007215007215
movingphoton,False,1.45861149748276,0.05949137969060819,2638.8,1,0.0,2.0,2,0.5,1.0,0.0007579202667879339
mr-aquaa,False,0.2053974398608136,0.02817087696669632,153.5,0,0.0,1.0,1,0.0,1.0,0.006514657980456026
mr_India123,False,2.008059520166507,1.0691218601574046,968.7,1,0.0,1.0,1,1.0,1.0,0.0010323113451016826
mr_soul14,False,0.8296155045863564,0.01986314349941159,1022.1,0,0.0,1.0,1,1.0,1.0,0.0009783778495254867
mrdrinksonme,False,3.2685809750981427,0.3084033952650332,3016.1,0,0.0,14.0,5,0.6428571428571429,0.9285714285714286,0.004641755909949936
mrharambae11,False,2.090781464354937,0.22463043169929467,2894.7,0,0.0,1.0,1,0.0,1.0,0.000345458942204719
mrharriz,False,0.7707567746185591,0.4682774358944922,2092.3,0,0.0,2.0,2,0.0,1.0,0.000955885867227453
mritsz,False,2.6986481655865577,0.732204515923303,936.1,0,0.0,1.0,1,1.0,1.0,0.0010682619378271552
mrman__123,False,1.370914847242707,1.6422277352570913,1613.5,0,1.0,0.0,1,0.0,0.0,0.0
mrs_packletide,False,2.536669328604916,0.06662309965757629,2126.4,0,0.0,3.0,1,1.0,1.0,0.0014108352144469526
mrstonks696969,False,1.0508849079605003,0.00024322023712262524,2210.0,0,0.0,1.0,1,0.0,1.0,0.00045248868778280545
msaussieandmrravana,False,6.146752757516414,2.3913796077436134,311.4,0,3.0,3.0,3,1.0,1.0,0.009633911368015415
msd_5878,True,5.046963485661644,1.2526454223877719,137.6,0,2.0,1.0,2,1.0,1.0,0.007267441860465116
mssnlayam,False,0.09016060995904157,0.04478360262697337,7249.6,0,0.0,1.0,1,1.0,0.0,0.00013793864489075258
mudit23june,False,1.0749240185417703,2.5189394808505883,2585.8,0,32.0,0.0,1,0.0,0.0,0.0
mudits02,False,0.2708057137184818,0.018045602469174575,2154.2,0,0.0,2.0,2,0.0,1.0,0.0009284189026088572
muffledvoice24,False,4.18360971306419,2.3173402554508993,690.1,0,1.0,1.0,1,1.0,1.0,0.0014490653528474134
mugxwara,False,2.940115137061436,0.3376213318352721,583.1,0,1.0,0.0,1,0.0,0.0,0.0
muhmeinchut69,False,3.6653506151403583,0.6989957212398857,3373.8,1,0.0,1.0,1,0.0,1.0,0.0002964016835615626
mumbaiblues,False,3.3875946120803757,0.9337913210567849,5259.3,0,10.0,2.0,1,1.0,1.0,0.0003802787443195862
muralielumalai,False,0.07173485291425727,0.2013697517646491,2124.5,0,0.0,1.0,1,0.0,1.0,0.0004706989879971758
museinprogress,False,5.6423044262205435,0.11590149130908718,230.2,0,0.0,9.0,3,0.6666666666666666,0.8888888888888888,0.03909643788010426
music-haver,False,1.079525137970594,0.011173300598125229,740.5,0,0.0,1.0,1,1.0,1.0,0.0013504388926401081
must_pet_kitteh_asap,False,0.8544959018564273,0.2668996659656343,5465.9,0,0.0,1.0,1,0.0,1.0,0.00018295248723906402
mustang-6918,False,1.9036141087459384,0.16872548168656212,1877.9,0,0.0,2.0,2,0.5,1.0,0.001065019436604718
muzamilsa,False,0.05332542166383675,0.3439932440144964,6317.0,0,0.0,2.0,1,0.0,1.0,0.00031660598385309483
mx-shot,False,6.109076951429767,1.1150199136150791,634.3,0,2.0,6.0,3,1.0,1.0,0.00945924641336907
my-blood,False,3.972216104686277,0.690476555827252,2067.0,0,0.0,1.0,1,1.0,1.0,0.0004837929366231253
my_100th_acc,False,2.6423377801695747,0.6653219121366533,1860.8,0,1.0,1.0,2,1.0,0.0,0.0005374032674118659
myberich,False,2.84809897394532,0.02664193094642118,126.3,0,0.0,1.0,1,0.0,1.0,0.007917656373713382
mygouldianfinch,False,0.9627668025720469,0.21262690628928357,2482.5,0,1.0,6.0,1,0.5,1.0,0.002416918429003021
mylospykar,False,3.86863492817112,0.19603903253295182,440.6,0,1.0,0.0,1,0.0,0.0,0.0
mypurpleslime,False,0.9527024254071353,0.967362599534595,2237.7,0,1.0,0.0,1,0.0,0.0,0.0
mystery181984,False,0.7483536449461109,0.0003352891900647902,2678.0,0,0.0,1.0,1,0.0,1.0,0.0003734129947722181
mystery_mothagam,False,1.4719033366252823,0.26669352882008557,509.9,0,0.0,2.0,1,0.5,1.0,0.003922337713277113
mysticvibes1903,False,0.590515687249556,0.06430786723273127,357.8,0,0.0,1.0,1,1.0,1.0,0.002794857462269424
myusernameis143,False,0.5576142305008237,0.023358057602037203,2957.8,0,0.0,2.0,1,0.5,1.0,0.000676178240584218
nEwBiEKC,False,2.7467136137982373,2.600896960951024,1661.4,0,0.0,1.0,1,0.0,1.0,0.0006019020103527145
nOrOmforreSt,False,0.7044212571331634,0.33913063428782286,441.0,0,0.0,1.0,1,0.0,1.0,0.0022675736961451248
nadegod_abdul,False,0.6007660241138789,0.320111953516006,823.3,1,1.0,0.0,1,0.0,0.0,0.0
naegfowleri,False,3.7814400154508334,0.026391632892828486,460.2,0,0.0,3.0,3,1.0,1.0,0.00651890482398957
nagaboi,False,0.009504690798111708,0.9555114450274363,2617.8,0,0.0,1.0,1,1.0,0.0,0.0003820001528000611
nagi_seishir0_,False,1.400816068454508,0.001933613235394765,1015.2,0,0.0,1.0,1,0.0,1.0,0.0009850275807722615
nakalibatman,False,2.681572366106965,0.39559305508146053,1422.1,0,0.0,1.0,1,1.0,1.0,0.0007031854299978905
nalla__420,False,3.1772287408462856,0.08197446626567498,990.2,0,0.0,6.0,2,0.3333333333333333,1.0,0.0060593819430418095
nallabob,False,0.2075379828936168,0.08576682175742506,2527.7,0,0.0,1.0,1,1.0,1.0,0.0003956165684218855
nallugutku,False,5.741474315838396,0.22352318418940317,462.4,0,0.0,3.0,2,0.6666666666666666,1.0,0.006487889273356402
nam303,False,2.154872926014176,1.4340267142183003,2452.8,0,0.0,1.0,1,0.0,1.0,0.00040769732550554466
namastesaar,False,1.4205082245744953,0.038006745994280326,597.6,1,0.0,2.0,1,0.5,0.5,0.0033467202141900937
namkeenpapeeta,False,2.762117422372486,0.09191228322892024,198.0,1,0.0,1.0,1,0.0,1.0,0.005050505050505051
nandiz,False,1.1340355938609452,1.2741108531802443,650.8,0,1.0,0.0,1,0.0,0.0,0.0
nanon_2,False,3.354412862638198,0.10169970870789664,2585.6,0,2.0,2.0,2,0.0,1.0,0.0007735148514851486
narasadow,False,2.024035624937032,0.023568434396863815,2006.3,0,0.0,1.0,1,0.0,1.0,0.0004984299456711359
naruto7bond,False,2.8857709346504516,0.29005332981320675,2104.7,0,1.0,2.0,3,0.5,1.0,0.0009502541929966267
nascentmind,False,0.8989616438410445,0.06706300929525302,6496.0,0,1.0,0.0,1,0.0,0.0,0.0
nasheeladhokla,False,2.6907444767465405,1.5427037278836215,2193.1,0,0.0,1.0,1,0.0,1.0,0.00045597555970999955
nathomredit,True,2.3683843921256056,1.1112717831499328,2397.8,0,0.0,1.0,1,1.0,1.0,0.0004170489615480857
navisnotreal,False,4.721514278365253,4.943228465764939,68.0,0,1.0,0.0,1,0.0,0.0,0.0
naya_abby,True,4.673112956762683,3.2578576179391128,118.4,0,0.0,1.0,1,1.0,1.0,0.008445945945945945
nayn09,False,0.9311268589711974,2.2414603461359284,2599.9,0,1.0,1.0,1,1.0,1.0,0.00038463017808377246
nayushh,False,1.6399214698916036,1.0161888851401413,854.2,0,1.0,0.0,1,0.0,0.0,0.0
neauroticfella,False,1.2016147027311932,0.9658255616944957,938.3,0,0.0,1.0,1,0.0,1.0,0.0010657572205051689
nebula_nerd_0510,False,0.9648988601820198,1.6148776357299186,680.2,0,1.0,0.0,1,0.0,0.0,0.0
neeraj_agarwal,False,2.6014022396172423,0.4254116329242577,2533.2,0,0.0,1.0,1,1.0,1.0,0.0003947576188220433
neerajanchan,False,4.5167958933922945,2.274296766222727,2094.8,0,1.0,1.0,2,0.0,1.0,0.00047737254153141107
neggadestroyer2993,False,2.4607682928193584,0.6212719834812602,448.3,0,2.0,1.0,2,1.0,1.0,0.002230649118893598
nehakaral,False,2.0087874530467684,0.05819182330065456,2170.5,0,0.0,1.0,1,0.0,1.0,0.00046072333563695
neither_bot_nor_man,False,2.177409213423267,1.2486729832438428,732.8,0,1.0,0.0,1,0.0,0.0,0.0
nekoshoyo,False,2.9172707980290205,1.4716673267240006,2244.1,0,0.0,1.0,1,0.0,1.0,0.00044561294059979506
neo_00_9,True,2.4578770268979544,0.014392502788786603,360.3,0,0.0,1.0,1,0.0,1.0,0.0027754648903691365
neodegenerio,False,0.9151703645656507,0.7630010077608618,553.7,0,0.0,1.0,1,1.0,1.0,0.001806032147372223
nerd-636,False,0.4975463538833177,2.1406157650489894,1410.0,0,1.0,0.0,1,0.0,0.0,0.0
nerd_programmer11,False,0.13395288894267013,0.2954642128938359,593.0,0,0.0,1.0,1,1.0,0.0,0.0016863406408094434
nerdymed4849,False,0.40697893663598383,0.2876820724517809,858.1,0,0.0,1.0,1,1.0,0.0,0.0011653653420347278
nerrevarine,False,2.4049614412614235,0.37877652445576493,64.1,0,0.0,1.0,1,0.0,1.0,0.015600624024960999
never_exist0000,False,1.8184997382557577,0.45565943819986193,1863.4,0,0.0,2.0,2,0.0,1.0,0.0010733068584308253
newredditwhoisthis,False,3.0545757337288393,0.1851097676379342,2413.0,0,0.0,1.0,1,1.0,1.0,0.0004144218814753419
newsspapers,False,0.8333620464416195,0.5456595764416232,710.2,0,1.0,0.0,1,0.0,0.0,0.0
next-sapien,False,2.94614887669941,0.46066615245791004,362.9,0,2.0,1.0,1,0.0,1.0,0.002755580049600441
nicegrapew,False,2.669606824459664,0.02508855534688049,399.5,0,0.0,1.0,1,0.0,1.0,0.0025031289111389237
nickksd69,False,1.6647438554274192,0.07772642166015806,3380.0,0,0.0,1.0,1,0.0,1.0,0.0002958579881656805
nicrrrrrp,False,1.319862457502463,0.2192398378337364,3355.2,0,0.0,1.0,1,0.0,1.0,0.0002980448259418217
niganiganaenae,False,4.054373420595423,3.076851041817285,623.7,1,1.0,0.0,1,0.0,0.0,0.0
night_shade_01,False,0.415366179090876,0.1808837420243271,268.0,0,0.0,1.0,1,1.0,1.0,0.0037313432835820895
niklaus_07,False,0.3594583899620697,0.16831432427545392,1833.3,0,0.0,1.0,1,1.0,1.0,0.0005454644629902362
nil351,False,0.22173835184580837,1.254442230015088,1196.4,0,1.0,0.0,1,0.0,0.0,0.0
nilesh_das50,False,1.5575891718827735,0.5888963060897688,3127.8,0,1.0,0.0,1,0.0,0.0,0.0
nilroyy,False,0.15917526343647742,0.2869195867114464,2526.9,0,0.0,1.0,1,0.0,1.0,0.00039574181803791206
nineteen47,False,1.5993824203600056,0.001163617688991476,1959.0,0,0.0,1.0,1,0.0,1.0,0.0005104645227156713
ninkaasiii,True,4.645719287575145,0.25845370905328097,198.2,0,0.0,1.0,1,1.0,0.0,0.005045408678102927
nish_ntr,False,0.3178701129662828,0.5121171964350425,2757.9,0,0.0,1.0,1,0.0,1.0,0.0003625947278726567
nishanthappu,False,0.5056426232308348,0.19838824083360174,1771.9,0,0.0,1.0,1,0.0,1.0,0.000564365934872171
nishnish18,False,0.1286844626508847,0.0033277900926746693,2184.5,0,0.0,1.0,1,1.0,1.0,0.00045777065690089265
nithin_kamath,False,0.38011310098226964,0.21527764447725037,2599.2,0,1.0,0.0,1,0.0,0.0,0.0
nitish_kumar24,False,1.3881929149011263,0.007333875499270663,2183.8,0,0.0,1.0,1,1.0,1.0,0.00045791739170253685
nitrek,False,1.8482605889839845,0.320387720068384,4293.7,0,0.0,3.0,3,0.3333333333333333,1.0,0.0006986980925542073
nitul88,False,1.9620434738064039,0.21791950889314324,405.8,0,0.0,1.0,1,1.0,1.0,0.0024642681123706258
nk_5555,False,0.6865540258519194,0.009255040610561795,2198.9,0,0.0,1.0,1,0.0,1.0,0.0004547728409659375
nkm7777777777788,False,0.7322178513795725,0.14092240927091174,717.8,0,0.0,1.0,1,1.0,1.0,0.0013931457230426303
nmole_,False,0.5741729878404219,1.2675597859368075,2105.3,0,0.0,2.0,2,0.0,1.0,0.0009499833752909323
no-_starjX,False,0.2285735084877295,0.004282661792000863,907.3,0,0.0,1.0,1,0.0,1.0,0.0011021712774165107
no-one-knows______,False,1.8166956838821287,0.2728564267034734,1802.0,0,0.0,1.0,1,1.0,1.0,0.0005549389567147614
no_colors_filled,False,1.0988231368055206,1.0321502632014432,632.3,0,0.0,2.0,1,1.0,0.5,0.003163055511624229
no_name_user,False,0.09569522625530971,0.13031423167274706,5287.6,1,0.0,2.0,1,1.0,1.0,0.0003782434374763598
no_one__-_-,False,2.776251282798427,0.0003248335256758383,204.4,0,0.0,1.0,1,0.0,1.0,0.004892367906066536
noir_dx,False,4.273443384124076,0.19288551546784033,2666.8,0,0.0,1.0,1,1.0,1.0,0.0003749812509374531
nojudgementsplmz,False,1.1750914496275073,0.8017135611114047,650.9,0,1.0,0.0,1,0.0,0.0,0.0
nomad-sand,False,0.02725494768698931,0.06899287148695145,506.7,0,0.0,1.0,1,0.0,1.0,0.0019735543714229325
nomadic-insomniac,False,2.6502653899499906,0.11239182583758224,2121.1,0,0.0,2.0,2,1.0,1.0,0.0009429069822262034
nomnommish,False,4.162649936371982,0.062272086229611306,4077.7,1,0.0,9.0,3,0.0,1.0,0.0022071265664467717
noname8539,False,2.892728061741742,0.048462840512128326,2347.9,0,0.0,2.0,2,0.0,1.0,0.0008518250351377826
nonchalantdream,False,3.3589595147238644,7.324665815397103e-05,491.8,0,0.0,2.0,2,0.0,1.0,0.004066693777958519
nonchalantpeep,False,1.2876868822628889,0.9566675145203551,659.2,0,1.0,0.0,1,0.0,0.0,0.0
nonebygone,False,1.3922673582568934,0.001257071190051114,262.9,0,0.0,1.0,1,1.0,1.0,0.0038037276531000383
noobiegamer4,False,1.451321564823441,0.11385056059065778,562.6,0,0.0,1.0,1,1.0,1.0,0.0017774617845716315
nooonelikekeshab,False,0.37023419173074307,0.00930239266231352,238.8,0,0.0,1.0,1,0.0,1.0,0.0041876046901172526
nope-js,False,1.7486694914979675,0.31853396540268725,328.0,0,0.0,1.0,1,1.0,1.0,0.003048780487804878
norules4ever,False,2.606168020988843,0.18660857195579972,722.8,0,0.0,1.0,1,0.0,1.0,0.0013835085777531822
nostalgic2910,False,0.2308787824220334,0.4690057911453131,2310.3,0,0.0,1.0,1,0.0,1.0,0.00043284421936545033
not-a-goonerrr,False,1.2373046325822499,0.22076542890924233,214.2,0,0.0,1.0,1,0.0,1.0,0.004668534080298786
not-weku,False,0.664017656084214,0.0063034877785924535,1180.8,0,0.0,1.0,1,1.0,1.0,0.0008468834688346884
notBob_1414,False,1.3914631092976284,0.5955396779388203,496.9,0,0.0,1.0,1,1.0,1.0,0.0020124773596297044
notMy_ReelName,False,4.843969175515124,0.002651599765637926,1178.1,0,0.0,6.0,3,0.16666666666666666,1.0,0.005092946269416858
not_a_goodsoul,False,0.055451304536214226,0.22314355131420976,684.0,0,0.0,1.0,1,1.0,1.0,0.0014619883040935672
not_a_redditor_000,False,1.800099801144274,1.1731453405306764,358.2,0,4.0,0.0,1,0.0,0.0,0.0
not_dragoon,False,1.9491355810368116,0.3683300395292973,2317.1,0,0.0,1.0,1,0.0,1.0,0.0004315739501963662
not_so_harsh__,False,1.4597922908601744,0.750729071425764,2606.0,0,0.0,1.0,1,0.0,1.0,0.0003837298541826554
not_the_nick_its_me,False,0.11517795746043247,2.439444275711243,1400.8,0,1.0,0.0,1,0.0,0.0,0.0
notakarmapolice,False,1.830772442348889,0.27355184138608335,3755.7,0,0.0,1.0,1,1.0,0.0,0.00026626194850493915
notdank07,False,0.1617959065831428,1.240582549938497,2317.5,0,1.0,0.0,1,0.0,0.0,0.0
nothing_A25,False,0.6079398281377815,2.083809420499913,2467.0,0,1.0,1.0,2,1.0,1.0,0.00040535062829347385
notjustmildopinions,False,1.0241696556900066,0.5861017445371995,996.2,0,0.0,1.0,1,0.0,1.0,0.0010038144950813089
notnerdy19,False,2.113185199152244,1.403609540601979,944.8,0,1.0,0.0,1,0.0,0.0,0.0
notskynotme,False,1.2789100985112947,0.12149111339244197,1145.9,0,0.0,1.0,1,0.0,1.0,0.0008726764988218866
notthinkinclearly,False,1.366938203714804,0.23491016768834147,569.9,1,1.0,0.0,1,0.0,0.0,0.0
novicecrastinator,False,0.6128132605232426,0.0006942034294757837,1702.9,0,0.0,1.0,1,0.0,1.0,0.0005872335427799636
ns77,False,1.8795746261210369,0.03352269203864357,4639.4,0,0.0,1.0,1,0.0,1.0,0.0002155451135922749
nsaisspying,False,2.1944925664012946,0.061897431822471434,4602.0,0,0.0,1.0,1,1.0,1.0,0.000217296827466319
nsatstj,False,0.005418599007134847,0.1541506798272583,1104.3,0,0.0,1.0,1,1.0,1.0,0.0009055510278004166
nshssscholar,False,1.37581064031279,0.2667133750546789,1440.7,0,0.0,1.0,1,0.0,1.0,0.0006941070313042271
nsiv110,False,0.05144751194137264,0.022472855852058594,1685.8,0,0.0,2.0,1,0.0,1.0,0.0011863803535413454
nuanua,False,0.7260477014564958,0.6025558709521541,3962.9,0,0.0,1.0,1,0.0,1.0,0.00025234045774559033
nul_exception,False,1.9576880613694867,0.10304721126632659,1955.8,0,1.0,0.0,1,0.0,0.0,0.0
nutnutbutdontFUCK,False,2.183114725587734,0.18273264349160273,1606.7,0,0.0,1.0,1,0.0,1.0,0.0006223937262712392
nuvo_reddit,False,3.1605417665927735,0.020105611898347926,3955.3,0,0.0,3.0,1,0.6666666666666666,1.0,0.0007584759689530503
nvgroups,False,1.75294610879694,0.4679382492037048,4581.5,0,0.0,3.0,1,0.3333333333333333,1.0,0.0006548073774964531
oPisBat,False,3.3324211653034777,0.28810538044722617,379.1,0,1.0,3.0,3,0.3333333333333333,1.0,0.007913479293062516
o_raju,False,0.9277328436880371,2.1593458889242343,3150.9,0,1.0,0.0,1,0.0,0.0,0.0
oartaday,False,0.4390987817114124,0.11790943393753511,1792.1,0,0.0,1.0,1,1.0,1.0,0.0005580045756375203
occasionalAanomaly,False,0.535315677219365,0.9516518334336285,2336.2,0,1.0,0.0,1,0.0,0.0,0.0
oceanic_opening,False,2.83449242605727,0.19691576843832098,1360.4,0,0.0,2.0,2,1.0,1.0,0.0014701558365186709
ochre_sun,False,0.03882201114452215,1.7650912221458936,2778.8,0,1.0,0.0,1,0.0,0.0,0.0
odd_star11,False,1.7682164815507,0.1585462913002964,984.9,0,0.0,2.0,2,0.0,1.0,0.0020306630114732462
oddnari,False,0.23131590789999515,0.01818844347572727,5752.0,0,0.0,1.0,1,1.0,0.0,0.00017385257301808066
ofcourseivereddit,False,1.9030087298801914,0.000337097592944401,519.8,0,0.0,2.0,1,0.5,1.0,0.0038476337052712585
og_hawabaaz,False,4.472051367798897,0.00994962368985119,163.4,0,0.0,2.0,2,0.5,1.0,0.012239902080783353
oh_nion,False,0.0,0.6931471805599453,676.6,0,0.0,1.0,1,0.0,1.0,0.0014779781259237363
ohwhatfollyisman,False,3.405166947186734,0.001496775609060857,1561.3,0,0.0,4.0,2,0.25,1.0,0.0025619675911099727
okayestguyever,False,0.6964420764567978,0.06284957509130339,3211.8,0,0.0,1.0,1,0.0,1.0,0.0003113518899059717
oklengthiness1796,False,3.5531991107474634,0.0034705717040271196,867.8,0,0.0,1.0,1,1.0,0.0,0.00115233924867481
oknapolean,False,3.7245169937180926,0.6211160523510625,95.3,0,0.0,1.0,1,1.0,1.0,0.010493179433368312
oldlostschizo,False,0.985442111273625,0.001049318039617727,2271.0,0,0.0,1.0,1,1.0,1.0,0.00044033465433729633
omcstreet,False,1.2933744023862717,0.30097442522149953,4456.6,0,0.0,1.0,1,1.0,1.0,0.00022438630346003678
omphalos08,False,0.7523310282257367,0.39385057568747134,2288.0,0,0.0,3.0,2,0.3333333333333333,1.0,0.0013111888111888112
omtrader33,False,0.8597414598659415,0.3088286681624861,502.0,0,0.0,1.0,1,0.0,1.0,0.00199203187250996
one_brown_jedi,False,4.1420300772952485,1.4147798669621323,5339.7,0,16.0,1.0,2,1.0,1.0,0.00018727643875124072
onepolar32,False,2.1440603324365926,0.980015639525336,2880.8,0,0.0,2.0,2,1.0,1.0,0.0006942515967786726
oneupninja,False,0.3075393392637688,0.02659226020252597,2960.5,0,0.0,1.0,1,1.0,1.0,0.00033778078027360244
oneyedvader,False,0.09328331922709968,0.2996582634984966,2280.8,0,0.0,1.0,1,1.0,1.0,0.00043844265170115744
ongoing_a,False,0.47517073800020165,0.38308370591202945,1196.8,0,0.0,1.0,1,0.0,1.0,0.0008355614973262032
onlyQuestionsPlz,False,0.8580695227829201,0.05789397841890259,234.8,0,0.0,1.0,1,0.0,1.0,0.004258943781942078
onlyrightt,True,4.641300717402856,5.8510127116388855,294.5,0,2.0,0.0,1,0.0,0.0,0.0
oogway_18,False,0.8713665743286046,0.10377652799853736,1663.1,0,0.0,1.0,1,0.0,1.0,0.000601286753652817
oontkima,False,2.0756251213460004,0.6723470684214067,1959.1,0,0.0,1.0,1,0.0,1.0,0.0005104384666428462
opaar_dukh,False,3.9891838748024653,1.173686686837401,824.7,0,0.0,1.0,1,0.0,1.0,0.0012125621438098702
oppamkannamstar,False,0.059691500780856305,0.33213383502261473,731.6,1,0.0,1.0,1,0.0,1.0,0.001366867140513942
opsaim,False,1.0897902058511515,0.1019278848728108,3863.4,0,0.0,1.0,1,0.0,1.0,0.00025883936429052127
optimistdit,False,1.3556208446219613,0.8237788929462823,3502.4,0,0.0,1.0,1,1.0,1.0,0.0002855185015989036
optimusprime1997,False,2.999665648290893,0.6405295048264801,2527.2,0,0.0,1.0,1,1.0,1.0,0.0003956948401392846
oracle414,False,0.346428071066851,0.13944910020148252,1927.5,0,0.0,1.0,1,0.0,1.0,0.0005188067444876783
orangehunter69,False,2.8190059197588906,1.816494050383977,2116.6,0,0.0,2.0,2,0.5,1.0,0.0009449116507606539
organised-choas,False,3.478746196292315,0.18450064945508807,1035.2,0,0.0,3.0,2,0.3333333333333333,1.0,0.002897990726429675
os_2342,False,1.7522415277491508,7.061897534801643e-05,2970.1,0,0.0,1.0,1,0.0,1.0,0.0003366890003703579
osho2821,False,0.14998447532756454,1.991603376714212,2484.3,0,1.0,0.0,1,0.0,0.0,0.0
ovariesdonut,False,1.7449514662626142,1.3658806448912575,441.0,0,0.0,1.0,1,0.0,1.0,0.0022675736961451248
overloadedonsarcasm,False,3.2779541027742227,0.025183636845225885,2388.5,0,0.0,1.0,1,0.0,1.0,0.0004186728072011723
owlet09,False,0.5910698816367208,0.2391980974818295,2121.8,0,0.0,2.0,1,1.0,1.0,0.0009425959091337542
oyakodon_manga_goat,False,3.243611351922899,0.15261393395536496,272.8,0,0.0,2.0,2,0.5,1.0,0.007331378299120234
ozone007,False,0.19787411748509048,0.3956816617990935,4876.4,0,0.0,1.0,1,1.0,0.0,0.00020506931342793866
paalpayasam4u,False,0.6536651732369366,0.28940303169644194,1469.8,1,0.0,1.0,1,1.0,1.0,0.0006803646754660498
padfoony,False,6.0872157699006335,0.8895247053983649,1661.5,0,4.0,0.0,2,0.0,0.0,0.0
pagesofmoss,False,2.004896761506568,0.1143599733439804,374.3,0,0.0,2.0,1,1.0,0.5,0.0053433075073470475
pain_2109,False,5.478220944879161,4.316731608553087,315.9,0,1.0,0.0,1,0.0,0.0,0.0
pandaAtHome,False,0.5797147135633983,0.046287186763061094,2081.4,0,0.0,1.0,1,1.0,1.0,0.0004804458537522821
panjwani_ajay,False,0.8079045220294653,3.4646192080996516,5038.6,0,1.0,0.0,1,0.0,0.0,0.0
pankaj1314,False,1.2193638111171454,0.650490542682187,2520.3,0,0.0,1.0,1,0.0,1.0,0.0003967781613300004
papa_wetty,False,0.5626650872658203,1.037803284072504,421.0,0,1.0,0.0,1,0.0,0.0,0.0
pappursc,False,0.9025674704086005,0.5941157999537665,864.3,0,4.0,0.0,1,0.0,0.0,0.0
parabola9999,False,2.0794659316263013,0.13612288362317843,2562.5,0,0.0,1.0,1,1.0,1.0,0.0003902439024390244
paradoxicalpeacock,False,0.9523550916063074,0.1709453141907205,2558.1,0,0.0,2.0,1,0.5,1.0,0.0007818302646495446
parashok99,False,0.3778610969063713,0.6788218667141332,1960.1,0,1.0,0.0,1,0.0,0.0,0.0
parass_45,False,2.658554237585751,0.3346599493874501,1063.0,0,0.0,1.0,1,1.0,1.0,0.0009407337723424271
pareto_0ptimall,False,1.6487952469415117,0.38939769992959994,337.8,0,0.0,1.0,1,1.0,1.0,0.002960331557134399
parisianraven,False,2.9639986957117745,0.32027077632137513,1322.7,0,0.0,1.0,1,1.0,0.0,0.0007560293339381568
parmegan,False,1.796771703409729,0.05652548421785266,2437.9,0,0.0,1.0,1,1.0,1.0,0.0004101890971737971
pasads82,False,0.15338435596534952,0.0021119332031435275,2853.3,0,0.0,1.0,1,0.0,1.0,0.00035047138401149544
pathabhi,False,0.1200379764938547,0.12210269680089986,674.3,0,0.0,1.0,1,0.0,1.0,0.001483019427554501
pathologicallysocial,False,3.1481982339804855,0.0696943797584418,95.9,0,1.0,0.0,1,0.0,0.0,0.0
pattisboi,False,1.6707541060169115,1.038820350487594,1800.9,0,0.0,1.0,1,0.0,1.0,0.0005552779165972569
paulisdead0000,False,1.9304224724433037,1.1556740660369924,2582.3,0,0.0,1.0,1,1.0,1.0,0.0003872516748634938
peaceyulu,False,3.3876575515051854,0.195968892963734,682.6,0,0.0,3.0,2,0.3333333333333333,1.0,0.0043949604453559915
peeam,False,1.502763579823869,0.036496492580898925,3537.4,0,0.0,2.0,2,0.5,1.0,0.0005653870074065698
pengisstillnottaken,False,0.018038007106685863,0.6931471805599453,274.7,0,0.0,1.0,1,0.0,1.0,0.0036403349108117948
penorgy,False,1.026037081680276,0.20831554304459207,635.2,0,0.0,2.0,1,0.0,1.0,0.003148614609571788
people_bastards,False,2.8661799753066726,0.0148310812929289,1069.9,0,0.0,1.0,1,0.0,1.0,0.0009346667912889054
peperosaladgreens,False,2.8094697799867268,0.6099277907793326,395.1,0,0.0,1.0,1,1.0,1.0,0.0025310048089091366
pepewithhorns,False,1.3994392729154619,0.014868934104229419,1997.1,1,0.0,2.0,1,0.0,1.0,0.0010014521055530519
peppermanfries,False,2.3354937876692676,0.0022455771584883434,2387.9,1,0.0,1.0,1,1.0,1.0,0.00041877800577913647
perhapsascythe,False,3.6041584802591724,2.3820397227732646,705.3,0,0.0,1.0,1,0.0,1.0,0.001417836381681554
perkyclown,False,2.11321376377151,0.04395922645305467,1585.2,0,0.0,1.0,1,1.0,1.0,0.0006308352258390108
phatpussygobbler,False,2.7004100960272,0.05635293655113175,236.5,0,0.0,1.0,1,0.0,1.0,0.004228329809725159
phoenixx1206,False,1.3756963619204228,0.1456027890239667,1154.9,0,0.0,1.0,1,0.0,1.0,0.0008658758334054896
photon229,False,1.7251337091803725,0.7394103078202818,1164.9,0,1.0,0.0,1,0.0,0.0,0.0
pianospace37,False,3.556626715365019,0.06361153767510004,1938.3,0,0.0,1.0,1,1.0,1.0,0.0005159160088737554
picklerish1,False,2.143850939010144,2.3833555748598916,2311.4,0,1.0,0.0,1,0.0,0.0,0.0
picturestraight15,False,0.23493812780704668,0.035446748995747616,755.2,1,0.0,1.0,1,0.0,1.0,0.0013241525423728813
piedpiperaccount,False,0.7116776675534336,0.0024009615375381655,401.0,0,0.0,1.0,1,0.0,1.0,0.0024937655860349127
piedpipper,False,0.4519667520703389,1.1521641029395298,3958.7,0,1.0,2.0,1,0.0,1.0,0.0005052163589057013
pihhit989,False,4.163453753641423,0.3768170913830355,406.9,1,3.0,3.0,1,0.3333333333333333,1.0,0.007372818874416319
piiprince911,False,1.622725374433934,0.13281807495393141,2461.1,0,0.0,1.0,1,1.0,1.0,0.0004063223761732559
pinkbarbie090907,False,2.528116230002757,0.8502960176146077,251.0,0,1.0,0.0,1,0.0,0.0,0.0
pinkpastelsweater,False,2.9804698126860156,1.0001722158548572,153.5,0,0.0,1.0,1,0.0,1.0,0.006514657980456026
pinkugripewater,False,0.9924676817902712,0.04319444761673781,4276.5,1,0.0,1.0,1,1.0,1.0,0.00023383608090728398
pinky_toe_13,False,2.0568338890855067,0.10657964725200807,548.0,0,0.0,1.0,1,1.0,1.0,0.0018248175182481751
piratejack01,False,2.031848506862451,0.5440137452522972,3178.1,0,0.0,2.0,1,1.0,0.5,0.0006293068185393789
pitsnvulva69,False,3.558793968881371,1.1840903532161178,427.1,0,1.0,1.0,2,0.0,1.0,0.002341372044017794
pixel_punter,False,0.2936287714256362,1.9698347351405585,1236.5,0,1.0,0.0,1,0.0,0.0,0.0
pixworm,False,2.868147142306063,0.6648588879122499,1139.7,0,1.0,0.0,1,0.0,0.0,0.0
pizza_samosa,False,1.0720554542186644,0.3606145419428126,226.4,0,0.0,1.0,1,0.0,1.0,0.00441696113074205
plantsandpositivity,False,2.2050203895331126,0.039466443588232016,201.6,0,0.0,1.0,1,1.0,1.0,0.00496031746031746
plasmalightwave,False,3.6123739889989452,0.04895212060350534,4247.5,0,0.0,1.0,1,1.0,1.0,0.00023543260741612713
platofromgreece,False,3.5830448025598822,1.6859115053519491,58.6,0,1.0,1.0,2,1.0,1.0,0.017064846416382253
pleasesendboobspics,False,3.088370811022731,0.026393924927892037,747.9,0,0.0,5.0,2,0.6,1.0,0.006685385746757588
pleides101,False,0.6616834500337206,0.38180952000705637,1980.7,0,0.0,3.0,2,0.0,1.0,0.0015146160448326349
plmqazqpalzm,False,1.4791610455117397,1.491152237913151,1043.0,0,1.0,0.0,1,0.0,0.0,0.0
plotthick,False,5.014528613507597,0.08490698885674153,3813.3,0,0.0,1.0,1,0.0,1.0,0.0002622400545459313
pmssahihai,False,1.4716832456541566,0.0034542348680875507,86.1,0,0.0,1.0,1,0.0,1.0,0.011614401858304297
pobodysnerfect563,False,1.8390639373630486,0.19852004791750638,2067.8,0,0.0,1.0,1,1.0,1.0,0.00048360576458071375
pobox01983,False,1.977844057261887,0.020247358823326882,2275.2,0,0.0,1.0,1,0.0,1.0,0.000439521800281294
point_blasters,False,0.25934659997817033,0.015655897072552983,1736.0,0,0.0,1.0,1,1.0,1.0,0.000576036866359447
polobaks,False,2.3905062716125274,0.02559320751785131,2074.6,0,0.0,1.0,1,1.0,1.0,0.0004820206304829847
polytonous_man,True,1.9682517384286171,0.5583647162526548,2626.6,0,0.0,1.0,1,0.0,1.0,0.00038072032285083377
ponikg,False,0.4120450483717214,4.053233173979669,1353.2,0,1.0,0.0,1,0.0,0.0,0.0
poodles_suck,False,0.7177342021043395,0.04382822396918144,554.4,0,0.0,1.0,1,0.0,1.0,0.0018037518037518038
popmeer_on_call,False,2.555454382838371,0.03466575361548003,1250.3,0,0.0,3.0,2,0.6666666666666666,1.0,0.0023994241382068304
positiveMinus1234,False,3.412336498705449,0.7775773026172299,787.7,0,1.0,0.0,1,0.0,0.0,0.0
pr0pane_accessories,False,2.553981775548266,0.23206751615262639,5268.0,0,0.0,1.0,1,1.0,0.0,0.00018982536066818528
pr1m347,False,3.2260052654924887,0.1689834531133991,3222.4,0,0.0,1.0,1,0.0,1.0,0.00031032770605759683
pr_edits,False,4.0353192705512235,0.6957166592878533,266.5,0,0.0,1.0,1,1.0,1.0,0.00375234521575985
pradeepgstsheoran,False,2.503060245101579,0.11172814487786314,2817.6,0,0.0,2.0,2,1.0,1.0,0.0007098239636570131
pragyansh10,False,1.4936555743170252,0.7801585575495751,333.3,0,0.0,2.0,2,1.0,1.0,0.006000600060006
praissee_3502,False,0.1329122903030855,0.011173300598125229,626.1,0,0.0,1.0,1,1.0,0.0,0.0015971889474524835
prajwalmani,False,4.307050838455923,2.0011946274341534,2335.1,0,1.0,0.0,1,0.0,0.0,0.0
pramod7,False,0.6378449360912151,0.12051488076841764,4825.2,0,0.0,1.0,1,0.0,1.0,0.00020724529553179145
pranabus,False,1.9823189728266868,0.06757430884097182,3295.6,0,0.0,1.0,1,0.0,1.0,0.00030343488287413523
pranagrapher,False,4.751130456880578,1.1526171571688422,1165.0,0,11.0,3.0,4,1.0,0.6666666666666666,0.002575107296137339
pranjallk1995,False,3.2985006093531224,0.41079374766195864,1699.6,0,0.0,1.0,1,1.0,1.0,0.0005883737349964698
praosh,False,0.9596535570512835,0.635394413062084,3132.0,0,1.0,0.0,1,0.0,0.0,0.0
prashanthchander,False,0.20947644706323162,0.006256537614305204,2059.8,0,0.0,1.0,1,0.0,1.0,0.0004854840275754927
pratik1698,False,1.6270471998209632,1.303313651407473,2269.6,0,0.0,1.0,1,1.0,1.0,0.0004406062742333451
predator1555,False,1.4952225756140656,1.4498625226586668,2162.8,0,1.0,0.0,1,0.0,0.0,0.0
prerith_neureos,False,1.3437347467010947,2.6823253098637743,108.0,0,2.0,0.0,1,0.0,0.0,0.0
prestok,False,1.6822851457650982,0.999540045994009,3002.4,0,0.0,1.0,1,0.0,1.0,0.0003330668798294697
prettylittlebabyyyy_,False,4.6606679624735134,2.6803596015912086,300.0,0,4.0,1.0,1,1.0,1.0,0.0033333333333333335
prime075,False,3.6718220380810216,1.1415981232250835e-05,2285.7,0,0.0,1.0,1,1.0,1.0,0.00043750273439209
prince_op_238,True,0.5453342888910464,0.14912348738435885,1959.5,0,0.0,1.0,1,0.0,1.0,0.0005103342689461597
princess_soraya,False,0.4770518607990993,0.4304466443817458,2617.3,0,1.0,1.0,1,0.0,1.0,0.0003820731287968517
pritam_ram,False,6.0365890373110265,6.251444088304556,244.8,0,15.0,0.0,1,0.0,0.0,0.0
priyanka_2002,False,1.206957138796528,0.08395892060715886,481.8,0,0.0,1.0,1,0.0,1.0,0.0020755500207555
pro_solution101,False,3.0463437659748323,7.107834890697795,365.7,0,1.0,0.0,1,0.0,0.0,0.0
procrastinator_eng,False,1.6444205075621605,1.320117071033103,1021.3,0,1.0,0.0,1,0.0,0.0,0.0
productivelylazy2011,False,3.7629398813825907,0.0063234396079563104,980.3,0,0.0,6.0,3,0.16666666666666666,1.0,0.006120575334081404
profShadow07,False,0.9821236297148074,0.08253618124321141,2123.2,0,0.0,2.0,1,0.5,1.0,0.0009419743782969104
profesionalbatakquak,False,1.737309835596212,0.013815741897601815,1058.3,0,0.0,1.0,1,0.0,1.0,0.0009449116507606539
professorCHAD69,False,1.4152728161246393,0.7040112824954681,1573.0,0,2.0,0.0,2,0.0,0.0,0.0
professor_devil,False,3.1321851121225457,0.0367774168117563,2292.6,0,0.0,1.0,1,0.0,1.0,0.0004361859897060107
prometheusIsMe,False,0.856838187442791,1.6027489242833037,658.7,1,0.0,1.0,1,0.0,1.0,0.001518141794443601
proregretinator,False,2.1909528804780503,0.02712703553579819,771.3,0,0.0,1.0,1,1.0,1.0,0.0012965123816932453
protectraccoon,False,2.213327984902798,0.0464820728904896,308.0,0,0.0,1.0,1,0.0,1.0,0.003246753246753247
prrrashant,False,0.8773532055494722,3.0486546750083336,344.6,0,1.0,0.0,1,0.0,0.0,0.0
prsfx1,False,0.9495838551975203,1.3517618282475463,2998.8,0,0.0,1.0,1,0.0,1.0,0.00033346672002134185
prvn5933,False,0.08764193724958723,0.705123371606661,1823.2,0,0.0,1.0,1,0.0,1.0,0.0005484861781483106
prvnkdvd,False,1.5345282812966756,1.1283302378822189,2589.9,0,1.0,0.0,1,0.0,0.0,0.0
pseudostratscholar,False,1.8305208153292853,0.3052637227049987,693.7,0,0.0,2.0,1,0.5,1.0,0.002883090673201672
psxboxlover,False,0.22714073847930827,0.4158572658757786,2082.3,0,0.0,1.0,1,0.0,1.0,0.0004802381981462805
puipuipui68,False,0.11986811530581279,0.9838367740756815,1735.4,0,2.0,0.0,1,0.0,0.0,0.0
pumpkinpiehoney,True,1.956077246346518,0.08427969065522538,1028.9,0,0.0,1.0,1,1.0,1.0,0.0009719117504130624
punamray,False,4.040549987467308,0.4453463347477669,61.8,0,0.0,2.0,2,1.0,0.5,0.03236245954692557
punjabpolce,False,1.8995198928897996,2.0922031711801,2594.9,0,1.0,0.0,1,0.0,0.0,0.0
punjupun,False,0.41797471141495113,0.014519311324453305,4276.5,0,0.0,1.0,1,1.0,1.0,0.00023383608090728398
purplebadam,False,0.27376073393317285,0.476476143751353,390.6,0,0.0,1.0,1,0.0,1.0,0.002560163850486431
purplepeapot,False,0.3942838892580724,1.7654106395313034,1702.8,0,1.0,0.0,1,0.0,0.0,0.0
purrfect_chickenwing,False,1.9784430191090374,0.14393731378563931,708.5,0,0.0,1.0,1,1.0,1.0,0.0014114326040931546
purushX,False,0.812770143138336,0.041922306386263396,543.0,0,0.0,1.0,1,1.0,1.0,0.001841620626151013
purushpsm147,False,1.309648693795067,1.48972510313693,1956.1,0,2.0,0.0,2,0.0,0.0,0.0
puttuputtu,False,2.032946887380574,0.06836636728339769,3520.5,0,0.0,1.0,1,1.0,1.0,0.000284050560999858
pvrks,False,0.3547249920696534,0.0007259528449490338,3234.0,0,0.0,1.0,1,1.0,1.0,0.00030921459492888067
pyjamasonfire,False,4.88519479404137,2.060664402052198,822.8,0,0.0,1.0,1,1.0,1.0,0.0012153621779290229
qafirangs,False,1.795828459786884,1.135978435168574,265.7,1,1.0,0.0,1,0.0,0.0,0.0
quantl0rd,False,3.627413132013335,0.0008399832497250351,32.5,0,0.0,1.0,1,1.0,1.0,0.03076923076923077
qubit003,False,2.1906975707258645,0.22389393994351403,2056.3,1,0.0,1.0,1,1.0,0.0,0.00048631036327384134
queen_mafia,False,1.071873217375273,0.1878673805263515,1844.5,0,0.0,1.0,1,0.0,1.0,0.0005421523448088912
queenofmystery,False,1.1650285711029877,1.7409693556727437,3784.2,1,0.0,2.0,1,0.5,1.0,0.0005285132921092966
quicksilver101,False,1.365142335178154,0.1290673954655145,4423.1,0,0.0,1.0,1,1.0,1.0,0.00022608577694377245
quite_horizon,False,1.7628506069277343,0.6846043472558998,2292.8,0,1.0,0.0,1,0.0,0.0,0.0
r4unaq,False,0.5442239041678387,3.3697127495920127,2289.6,1,1.0,0.0,1,0.0,0.0,0.0
r8han,False,0.5365392957941467,0.4476075517729231,3667.2,0,0.0,1.0,1,0.0,1.0,0.00027268760907504363
raatkibachibiryani,False,2.6159548029939157,0.46284433168987416,147.0,1,1.0,0.0,1,0.0,0.0,0.0
rabeashikder_1998,False,1.3362527381613647,0.00038557933772480644,924.5,0,0.0,1.0,1,0.0,1.0,0.001081665765278529
racer_hpd,False,0.8998710109714836,1.6540422186708543,1837.2,0,0.0,1.0,1,0.0,1.0,0.0005443065534509035
racingdann,False,1.0358432645413866,0.8562397977628649,1297.4,0,1.0,0.0,1,0.0,0.0,0.0
rae_uniee,False,1.8592659466613268,0.11600652071056639,389.0,0,0.0,2.0,1,0.5,1.0,0.005141388174807198
raghavinderbali,False,0.03403766930519586,0.012739025777429757,2252.8,0,0.0,1.0,1,0.0,1.0,0.00044389204545454544
rahilrai,False,0.9129610660958782,0.20078708957274058,1919.3,0,0.0,1.0,1,1.0,1.0,0.0005210232897410515
rahul_coffee_drinker,False,1.3354997776640003,0.05715841383994861,1181.7,0,0.0,1.0,1,0.0,1.0,0.0008462384700008462
rahulkumawat97,False,1.7973223166703918,4.090919901340737,463.1,0,0.0,1.0,1,1.0,1.0,0.0021593608291945584
rahulrnx,False,1.8065091627292975,0.013522677227768502,745.9,0,0.0,1.0,1,0.0,1.0,0.001340662287169862
rahulsynha,False,1.6648169180102974,0.14134748258364896,1841.2,0,0.0,1.0,1,1.0,1.0,0.0005431240495329133
rail_kaarigar,False,3.3747276010416134,3.031560688809131,350.4,0,1.0,0.0,1,0.0,0.0,0.0
raimom,False,4.045912104041913,0.7428130015278869,113.9,0,2.0,1.0,2,1.0,1.0,0.00877963125548727
raiseIQUnderflow,False,5.211161443113153,2.627026804768831,269.2,0,0.0,1.0,1,0.0,1.0,0.0037147102526002974
raisonar,False,1.6387794597291623,0.07915513831615592,4455.9,0,0.0,1.0,1,0.0,1.0,0.00022442155344599296
raj_231,False,0.2590548609839821,0.002496880198587199,1352.7,0,0.0,1.0,1,1.0,1.0,0.0007392622163081245
rajeshbhat_ds,False,4.155789545398691,2.2627869748974514,2483.3,0,3.0,4.0,4,0.5,1.0,0.0016107598759714894
rajjik95,False,0.40136706061443206,0.05808083803596885,643.9,0,0.0,1.0,1,1.0,1.0,0.001553036185743128
rajrohit26,False,4.27298260977314,0.016701045264017365,2331.1,0,0.0,6.0,2,0.3333333333333333,0.8333333333333334,0.002573892153918751
rakesh-69,False,3.929163491896939,0.15052383040986003,2950.1,0,0.0,1.0,1,1.0,1.0,0.000338971560286092
rakeshsh,False,3.0563586835898153,0.2672569633163044,2631.6,0,0.0,4.0,3,0.5,1.0,0.0015199878400972793
rama_rahul,False,1.942821126660793,2.678507866188558,3057.0,0,0.0,1.0,1,1.0,1.0,0.00032711808963035657
ramanhome,False,0.49976226579991084,0.49252635419143376,2810.3,0,0.0,1.0,1,0.0,1.0,0.00035583389673700313
rampantgaylord19,False,1.4423261844758628,0.43339571597231125,2208.0,0,0.0,1.0,1,1.0,1.0,0.0004528985507246377
ramror777,False,2.2998506988294665,0.09027604079402689,3248.3,0,0.0,2.0,1,0.5,1.0,0.0006157066773389157
random__potato_,False,2.9583589641021484,0.23921974989736783,1935.2,0,0.0,1.0,1,0.0,1.0,0.0005167424555601488
randomdunk,False,1.3717556067045824,0.261251621341797,2106.2,0,0.0,1.0,1,0.0,1.0,0.00047478871902003613
randomnogeneratorz,False,1.4496439904067842,0.0015795296286676332,1942.3,1,0.0,1.0,1,1.0,0.0,0.0005148535241723729
rapid4roller8,False,4.715299004857808,0.01608298539153119,650.9,0,0.0,1.0,1,1.0,1.0,0.0015363343063450607
rare_redditor0,False,1.8908573791731929,0.27621736892250526,1346.3,0,1.0,0.0,1,0.0,0.0,0.0
rashmi1221,False,1.5605009059537247,0.28116338927742884,2588.0,0,1.0,1.0,1,0.0,1.0,0.0003863987635239567
rational-rambler,False,1.4157310334150204,0.2854474346503646,238.5,1,0.0,1.0,1,1.0,1.0,0.0041928721174004195
rational_fool,False,0.543546220878525,0.12648414710911962,2796.0,0,0.0,1.0,1,0.0,1.0,0.000357653791130186
raunakd7,False,1.1777759898013802,0.0049253601186855425,2897.9,0,0.0,2.0,2,0.5,1.0,0.0006901549397839814
ravihanda,False,1.8033576681619188,0.8710608649324592,4571.8,0,1.0,0.0,1,0.0,0.0,0.0
raviyadav432,False,3.045148499113538,0.011399900418045738,1216.6,0,1.0,1.0,2,0.0,1.0,0.000821962847279303
ravzzy,False,2.6294407097390233,0.4542083068648516,2109.9,0,1.0,2.0,2,1.0,0.5,0.0009479122233281198
rawn7702,False,1.3053297394878154,0.3151426923258954,3798.2,0,0.0,2.0,2,1.0,1.0,0.0005265652151018904
raydebapratim1,False,4.717974466830931,6.022088927866722,2784.5,0,1.0,0.0,1,0.0,0.0,0.0
rc_91_D,False,2.0162210876648166,0.38841312635757436,2759.8,0,0.0,2.0,1,0.0,1.0,0.0007246901949416624
rddesai91,False,0.7973020304396695,0.0270212194069132,1506.3,0,0.0,1.0,1,0.0,1.0,0.0006638783774812455
readit347,False,4.101965929454866,0.011575490762976886,1946.5,0,0.0,7.0,3,1.0,1.0,0.0035961983046493705
ready_to_fuck_yeahh,False,1.339769603485344,0.21207818856361427,1004.2,0,0.0,3.0,2,0.3333333333333333,1.0,0.0029874526986656044
real_as_f,False,0.0,4.382026634673881,1205.4,0,0.0,1.0,1,0.0,1.0,0.0008296001327360212
realistonmethlel,False,1.6351647276726093,0.43335313964799976,660.0,0,0.0,1.0,1,1.0,1.0,0.0015151515151515152
realnestro,False,0.12081288907195446,0.08302333581167423,2826.8,0,0.0,1.0,1,1.0,1.0,0.000353756898259516
realxeltos,False,2.746906031762244,0.2859464553528279,3405.3,0,1.0,0.0,1,0.0,0.0,0.0
recordwalla,False,2.238034546842117,0.23517373217695256,3437.3,0,0.0,1.0,1,0.0,1.0,0.00029092601751374626
red12358,False,0.3723338241385818,0.10014859877131688,3580.0,0,0.0,1.0,1,1.0,1.0,0.00027932960893854746
red_ddyit,False,0.05186827878139877,0.017699577099400916,1051.9,0,0.0,1.0,1,0.0,1.0,0.000950660709192889
red_jd93,False,1.3937195972442036,0.0014478068259428276,2281.0,0,0.0,2.0,1,0.5,1.0,0.0008768084173608067
reddevil0394,False,1.4333239614542896,6.406879986069314,189.5,0,1.0,0.0,1,0.0,0.0,0.0
reddit_of_SID_,False,1.1665534959411807,2.2947387596099045,2238.9,0,2.0,0.0,1,0.0,0.0,0.0
redditreddvs,False,1.4778158427976242,0.7062903563864666,1312.6,0,1.0,0.0,1,0.0,0.0,0.0
redditsucks690,False,3.0777573086432763,0.35613629155814175,2547.7,0,0.0,1.0,1,0.0,1.0,0.00039251089217725796
reddthatgood,False,2.808717619216955,0.004883822231889372,816.3,0,0.0,1.0,1,1.0,1.0,0.0012250398137939483
redflagbutfun,False,0.498795034274175,0.35065687161316933,327.8,0,0.0,1.0,1,0.0,1.0,0.0030506406345332518
reeman88,False,3.071640163289651,0.4194660802202891,2369.8,0,0.0,1.0,1,0.0,1.0,0.00042197653810448134
regressed2mean,False,1.3651702160568229,0.1098021473253706,1203.2,0,0.0,1.0,1,1.0,1.0,0.0008311170212765958
rehavocc,True,1.251404949183859,0.08735709868710956,315.8,0,0.0,1.0,1,1.0,1.0,0.003166561114629512
rektitroaster,False,4.126196666399559,0.695752532089719,3254.1,0,0.0,3.0,1,0.3333333333333333,1.0,0.0009219138932423711
rep_movsd,False,0.6982065518382053,0.123844669537304,7452.4,0,0.0,1.0,1,0.0,1.0,0.00013418496054962161
resilientNinja52,False,0.47827037211749457,1.9148195619852821,1082.7,0,1.0,0.0,1,0.0,0.0,0.0
retarded-hater,False,2.224547515015075,0.07570298152689062,462.1,0,0.0,1.0,1,0.0,1.0,0.002164033758926639
retiredwealthyfish,False,1.9691712378158603,0.18003012781507902,155.4,0,0.0,1.0,1,1.0,1.0,0.006435006435006435
retroshiri,False,0.26152014511517413,0.05169514289607247,2188.0,0,0.0,1.0,1,0.0,1.0,0.0004570383912248629
returnofk,False,0.4329235552806932,0.049466068216792954,954.3,0,0.0,1.0,1,0.0,1.0,0.001047888504663104
revasen,False,2.5841071213150686,0.05143208643432815,2600.1,0,0.0,2.0,1,0.0,1.0,0.0007692011845698242
revoconner,False,2.035162998379597,0.9105902121618553,3417.6,0,0.0,2.0,2,0.5,1.0,0.0005852059925093633
rewaderewa,False,2.606295257755129,0.8444903318479136,840.8,0,1.0,0.0,1,0.0,0.0,0.0
rhn39,False,2.277706427739955,1.7502177462959634,729.7,0,2.0,2.0,1,0.0,1.0,0.0027408524050979853
rickysanchez_,False,2.274860791843063,0.10069531751477394,1952.2,0,0.0,2.0,2,1.0,1.0,0.001024485196188915
rikik098,False,0.3425013226293612,0.10946970840795947,4176.6,0,0.0,1.0,1,0.0,1.0,0.00023942920078532775
rim_ram,False,0.4714080204079271,0.5489170313221206,1271.9,0,0.0,1.0,1,0.0,1.0,0.0007862253321802028
rimjhim4,False,0.5575574099314453,0.20886111202856686,673.9,0,0.0,1.0,1,1.0,0.0,0.0014838996883810656
ripped-cat,False,1.0227959851382709,0.08056182222410906,1892.8,0,0.0,1.0,1,0.0,1.0,0.0005283178360101438
riptide_1083,False,0.671429220099013,1.2334922991639259,1771.1,0,1.0,0.0,1,0.0,0.0,0.0
risahmali,False,0.11539831050478454,1.4014845266138658,1618.7,0,1.0,0.0,1,0.0,0.0,0.0
rishabhtak,False,0.37648048624488145,1.2192402764567245,1345.3,0,1.0,0.0,1,0.0,0.0,0.0
rishiarora,False,1.9449886822933091,0.19566847072931592,6576.4,0,0.0,2.0,2,0.0,1.0,0.0003041177543945016
rishisolanki87,False,2.728912657236772,4.589993877792913,557.2,0,1.0,0.0,1,0.0,0.0,0.0
rishrushrish,False,2.2702169550881792,0.29314148896207104,2651.5,0,0.0,2.0,1,1.0,0.5,0.0007542900245144258
rishul,False,0.17596331244839689,0.16816829090656968,4662.3,0,0.0,1.0,1,1.0,1.0,0.0002144864122857817
rishurajgupta,False,1.053283248480441,0.5097067872391444,3348.6,0,0.0,1.0,1,0.0,1.0,0.00029863226422982737
riskyinvestor07,False,1.1980941599420887,2.2415492024076764,617.6,0,1.0,0.0,1,0.0,0.0,0.0
rissss612,False,1.1039322081165308,0.5731632322088044,699.9,0,0.0,1.0,1,1.0,1.0,0.0014287755393627662
riverquest12,False,3.743548447304219,0.3248473189647748,1958.1,0,0.0,1.0,1,1.0,1.0,0.0005106991471324243
rivrex,False,1.7677146171054705,0.8620674617602747,1666.1,0,0.0,1.0,1,0.0,1.0,0.0006002040693835905
rjkmdb,False,0.9914075859815796,0.29808124780668105,2926.8,0,0.0,1.0,1,0.0,1.0,0.0003416700833675003
rk06,True,2.996053204442748,0.04400784589377237,3754.1,0,0.0,2.0,2,0.0,1.0,0.0005327508590607603
rkrisme,False,0.585165946076827,0.44882165229251914,2606.6,0,0.0,1.0,1,0.0,1.0,0.00038364152535870483
rm99299,False,0.3513265750741726,1.3446004726663416,2285.3,0,1.0,0.0,1,0.0,0.0,0.0
rminfarmin,False,0.2152680725832028,0.022642476749759825,1111.6,1,0.0,1.0,1,0.0,1.0,0.0008996041741633682
rmk_1808,False,4.049694022069155,0.3061960857814784,2085.3,0,0.0,4.0,3,0.5,1.0,0.0019181892293674769
rnjbond,False,3.999056703323476,0.1308542300709219,5435.8,0,0.0,1.0,1,1.0,1.0,0.0001839655616468597
roaringsquid_69,False,1.380396858480023,0.41066687357152065,2266.1,0,1.0,0.0,1,0.0,0.0,0.0
rockandroll01,False,1.3696453613594672,0.15164371472596164,2443.8,0,0.0,4.0,2,0.0,1.0,0.0016367951550863408
rocked_ribbed_human,False,4.139618969491031,0.005464648397930684,576.2,0,0.0,1.0,1,1.0,0.0,0.0017355085039916693
rocuspeter,False,0.9362334297866525,0.00028093833588346557,2295.6,0,0.0,2.0,1,0.5,1.0,0.0008712319219376199
rohank05,False,1.1650392339204652,0.3615526558803524,2741.1,0,0.0,2.0,2,0.5,1.0,0.0007296340885046149
rohithkumarsp,False,4.179400481300272,0.7861569567131028,4687.2,0,7.0,3.0,2,0.3333333333333333,1.0,0.0006400409626216078
rohitmishra3001,False,0.1431380142164498,3.8304513517343346,3587.0,0,1.0,0.0,1,0.0,0.0,0.0
ronnieratedr,False,2.2230460764192244,0.1507031823234957,2806.9,0,0.0,1.0,1,1.0,1.0,0.00035626491859346607
rororo013,False,1.1381006437232977,0.057578070566909875,2974.3,0,0.0,2.0,2,0.0,1.0,0.0006724271257102511
rosariocrosby,False,4.287267577120929,6.772050096816762,243.3,0,3.0,0.0,1,0.0,0.0,0.0
rosegrim,False,2.6060015041716293,0.7789545984192061,5040.9,0,0.0,1.0,1,1.0,0.0,0.00019837727389950208
rosogollla,False,0.19563600720069313,0.09962984094884128,532.2,0,0.0,2.0,1,0.0,1.0,0.003757985719654265
rotomato30,False,5.7367425217610055,1.1689529507964516,221.7,0,1.0,0.0,1,0.0,0.0,0.0
royal-Ni8,False,1.0728157646414698,1.3301834791290383,882.2,0,1.0,0.0,1,0.0,0.0,0.0
rp-dev,False,2.052268295423142,0.3357576956833441,412.2,0,1.0,1.0,2,1.0,1.0,0.00242600679281902
rp_Neo2000,False,1.406333394523395,0.03409081247763059,4967.6,0,0.0,1.0,1,0.0,1.0,0.00020130445285449712
rroa,False,0.3906406564576692,0.007905179507113275,4249.6,0,0.0,1.0,1,1.0,0.0,0.00023531626506024094
rsa1,False,2.7818644270373536,0.0004967740083382919,5449.3,1,0.0,1.0,1,0.0,1.0,0.00018350980859926962
rsachan23,False,0.7546194433041811,0.4304416294384686,3399.0,0,1.0,0.0,1,0.0,0.0,0.0
rsbs117,False,0.5471343652250716,0.3378997886123984,2886.2,0,0.0,1.0,1,1.0,1.0,0.00034647633566627404
rubberrider,False,2.425327970777668,1.0528237078910618,2418.8,0,0.0,1.0,1,1.0,1.0,0.00041342814618819244
rubeenbilal47,False,2.4287363284259733,2.2467442691688655,2969.2,0,1.0,0.0,1,0.0,0.0,0.0
ruby_chan_7777,False,1.0256537807878112,0.002949854646421134,379.0,0,0.0,1.0,1,0.0,1.0,0.002638522427440633
rudegunner,False,1.2211336187705055,0.7966758583726795,633.2,1,0.0,1.0,1,1.0,1.0,0.0015792798483891344
rumpusgem,False,3.0312300392660534,0.05794238751638689,1720.2,0,0.0,1.0,1,0.0,1.0,0.0005813277525869085
rundiaurtan,False,0.5362661236098296,1.3413429732576243,489.0,0,1.0,0.0,1,0.0,0.0,0.0
runningisflying16,False,1.2012788089698991,0.20080698166338426,1051.9,0,0.0,1.0,1,1.0,1.0,0.000950660709192889
rushi_B,False,3.54270576264882,0.9712073826005351,2690.5,0,0.0,1.0,1,0.0,1.0,0.00037167812674224123
rustyyryan,False,6.470804658916563,2.275537076349575,1501.4,0,1.0,3.0,4,0.6666666666666666,1.0,0.0019981350739309975
rwb124,False,3.349104044891229,0.4680046756506971,2138.9,0,0.0,1.0,1,1.0,1.0,0.0004675300388049932
ryuk17717,False,1.986948425202466,0.09229227917213345,2087.0,0,0.0,1.0,1,1.0,0.0,0.0004791566842357451
ryuk33,False,0.2493784593754619,0.1994595399356117,6147.0,0,0.0,1.0,1,1.0,1.0,0.00016268098259313488
ryukendo_144,False,1.984808546357006,1.6768029683917325,1166.2,0,1.0,0.0,1,0.0,0.0,0.0
s0lja,False,2.1406043885137858,0.37547162280969776,3332.5,0,0.0,1.0,1,0.0,1.0,0.0003000750187546887
s2k4ever,False,0.4418236925272583,0.0495892053625647,3942.1,0,0.0,2.0,2,0.5,1.0,0.0005073438015271048
s_sais,False,3.6291147217053066,0.93596646366861,547.8,0,1.0,0.0,1,0.0,0.0,0.0
saalame,False,5.465263495285198,2.350511046242239,668.4,0,0.0,1.0,1,0.0,1.0,0.0014961101137043688
sabChalraHai,False,2.891329153852492,0.45087644945919386,174.0,0,0.0,2.0,2,0.5,0.5,0.011494252873563218
sabbekaarhay,False,2.6312513328003724,1.527766582687378,226.9,0,3.0,0.0,1,0.0,0.0,0.0
sachin_root,False,4.395667487686907,0.05310219828440944,1458.3,0,0.0,18.0,5,0.6666666666666666,0.9444444444444444,0.012343139271754783
sadaf_not_sad_af,False,4.0636058472898045,0.03465251160729184,199.2,0,0.0,1.0,1,0.0,1.0,0.0050200803212851405
sadpieole,False,1.3865821013335704,0.4434160910179558,608.1,0,0.0,1.0,1,0.0,1.0,0.00164446637066272
safaayaz06,False,0.8788326842048639,0.3423552720298607,2517.6,0,0.0,1.0,1,1.0,1.0,0.00039720368605020655
safarnama_,False,0.9120328063568183,0.8580314160303123,2640.7,0,0.0,1.0,1,1.0,1.0,0.0003786874692316431
sahilshkh,False,3.091841920422883,0.2530101047133402,2387.0,0,0.0,1.0,1,0.0,1.0,0.00041893590280687055
sahithp,False,0.3927932741486125,0.5254383361338362,6588.9,0,0.0,1.0,1,1.0,1.0,0.00015177040173625341
saik1511,False,1.2813181517448722,0.5962854100642015,1980.1,0,0.0,1.0,1,0.0,1.0,0.0005050249987374376
saikrishnasubreddit,False,2.9278274187597,0.006866655918595906,2255.5,0,0.0,1.0,1,1.0,1.0,0.0004433606739082243
sainishwanth,False,2.08364941034966,0.8036614020043579,2937.7,0,0.0,1.0,1,0.0,1.0,0.0003404023555843007
sakarapongalvadacury,False,2.6453272175232567,0.2151207869989182,324.8,0,0.0,1.0,1,0.0,1.0,0.0030788177339901475
saksham7799,False,2.573953761102763,1.3548086745054795,1922.0,0,1.0,0.0,1,0.0,0.0,0.0
saleemwatchout,False,1.6482782166431842,1.1352547713730767,4045.0,0,0.0,1.0,1,0.0,1.0,0.00024721878862793575
salik_ansari,False,1.5478166985972217,0.09400210192053214,2125.8,0,0.0,2.0,1,1.0,1.0,0.0009408222786715588
salted_peanuts_,False,0.6917362908242016,0.6728419143991997,390.1,0,0.0,1.0,1,0.0,1.0,0.002563445270443476
sam-066,False,1.1642588029077987,0.3853521145773393,1719.5,0,0.0,2.0,1,0.5,0.5,0.0011631288165164292
samarth678,False,0.5447037058489443,0.00095283475527188,1448.7,1,0.0,3.0,3,0.3333333333333333,1.0,0.0020708221163802027
sambharvada,False,0.11993704055146703,0.27416835328505806,4606.6,0,0.0,1.0,1,1.0,1.0,0.00021707984196587504
samchoi924,False,1.1594855333637046,0.09368962151471837,985.7,0,1.0,1.0,1,1.0,1.0,0.0010145074566298062
samfisher999,False,3.06688825756059,0.2783538890618773,3366.5,0,0.0,1.0,1,0.0,1.0,0.0002970444081390168
samfund1,False,0.14521865373088597,0.12926603651138072,4056.5,0,0.0,1.0,1,0.0,1.0,0.0002465179341797116
sami80834,False,0.46193822935408235,3.625552320162662,2108.5,0,0.0,1.0,1,0.0,1.0,0.00047427080863172874
samx5601,False,0.8210000704219614,1.7652928960398917,1229.6,0,0.0,1.0,1,0.0,1.0,0.0008132726089785297
samy_samyeer,False,1.0347041219825162,0.1447215895384066,1046.7,0,0.0,1.0,1,0.0,1.0,0.0009553835865099837
san2375,False,2.993702528853657,4.630352934601019,2152.7,0,3.0,0.0,1,0.0,0.0,0.0
sandeepk0804,False,0.6783699345557709,0.0018639334380626995,552.2,1,0.0,1.0,1,0.0,1.0,0.0018109380659181455
sanjeevkhatoi,False,1.747342395248753,1.5206852724114523,5437.9,0,1.0,0.0,1,0.0,0.0,0.0
sank_1911,False,0.9205255225242945,0.01563174569169661,1621.2,0,0.0,1.0,1,0.0,1.0,0.000616827041697508
sanketh1993,False,0.35397660726318786,0.006989544181712151,2363.9,0,0.0,1.0,1,1.0,1.0,0.000423029738990651
sankhya_muni,False,1.2450528300694006,0.6998511162821356,362.7,0,1.0,0.0,1,0.0,0.0,0.0
sankyy,False,2.9044540035809203,1.955666497696662,3271.0,0,1.0,0.0,1,0.0,0.0,0.0
santoshhs024,False,1.5371554519121025,0.1338249960751377,2931.8,0,0.0,1.0,1,1.0,1.0,0.00034108738658844394
sapta_cr7,True,2.512538588450086,0.7090078568638086,835.2,0,1.0,0.0,1,0.0,0.0,0.0
sarabjeet_singh,False,0.4222741873882023,0.33063797015573704,3966.3,0,0.0,1.0,1,1.0,1.0,0.00025212414592945564
sarah_ka_sara,False,1.7793958670007008,0.02533038335793583,413.7,0,0.0,3.0,2,1.0,1.0,0.007251631617113851
saransh000,False,1.1452586853318616,0.10489957995019546,899.1,0,1.0,3.0,2,0.0,1.0,0.00333667000333667
sarathy7,False,1.2936958982056606,0.017454119128613773,3188.3,0,0.0,2.0,2,0.5,1.0,0.000627293542012985
sarumanismyboi,False,3.655786228986849,0.8535868825723245,2091.6,0,0.0,1.0,1,1.0,1.0,0.000478102887741442
sasti-chaddi,False,2.710666491541608,0.0632026072607092,1175.7,1,0.0,4.0,2,0.5,1.0,0.0034022284596410646
satannnn666,False,4.05571373384467,2.622854177308218,1496.8,0,7.0,0.0,1,0.0,0.0,0.0
satoshiwife,False,2.8527427988229457,0.13360877158803483,1243.2,0,0.0,1.0,1,0.0,1.0,0.0008043758043758043
saurabh_kum,False,0.5836889846386115,0.8512164788152962,1396.6,0,1.0,0.0,1,0.0,0.0,0.0
sauravdutta810,False,2.5352177516417274,1.2158497291712682,2621.7,0,1.0,0.0,1,0.0,0.0,0.0
saw_him,False,2.0081018508747985,1.1069648472421107,2740.2,0,0.0,1.0,1,1.0,1.0,0.0003649368659221955
saywhat252525,False,2.81862208285016,0.00030106879649361286,1686.9,0,0.0,1.0,1,0.0,1.0,0.0005928033671231252
scag0428,False,0.011282132381483437,0.10178269430994231,2644.1,0,0.0,1.0,1,1.0,1.0,0.00037820052191672027
scarletmoon91,False,0.27001950384237666,1.5171563171896398,3100.1,0,1.0,0.0,1,0.0,0.0,0.0
scottishzombie,False,2.245211708351016,0.08184361520750538,4794.6,0,0.0,1.0,1,0.0,1.0,0.00020856797230217326
scr710,False,1.250940210382286,0.27061195668017735,2235.7,0,0.0,1.0,1,0.0,1.0,0.000447287203113119
sdjnd,False,1.3272420938989047,0.01956250243009615,2254.0,0,0.0,3.0,2,1.0,1.0,0.0013309671694764862
seacattle,False,1.3331721020812812,0.05640097395043986,4752.5,1,0.0,1.0,1,0.0,1.0,0.00021041557075223566
secretlyspying,False,2.2724494709646383,0.09046332622264597,1312.4,1,0.0,1.0,1,0.0,1.0,0.0007619628162145686
seetharaman_523,False,0.30254669839807874,0.20886892352161665,883.1,0,0.0,1.0,1,0.0,1.0,0.0011323745895142113
sehgaldivij,False,0.13726304293522065,0.0025220694327098676,2691.5,0,0.0,1.0,1,0.0,1.0,0.000371540033438603
sehlengethoda7,False,2.706315911954085,0.38344897754378937,146.2,0,1.0,0.0,1,0.0,0.0,0.0
seidenkaufman,False,2.6906760296712244,0.23168365506008187,3647.6,0,0.0,1.0,1,1.0,1.0,0.00027415286763899554
selfish_incosiderate,False,1.3573451644563639,0.23543904686038908,3452.0,0,0.0,1.0,1,0.0,1.0,0.00028968713789107763
selflearninvest,False,0.7012396878912979,2.927759289967785,1286.1,0,0.0,1.0,1,1.0,1.0,0.0007775445144234508
selflessx45,True,2.7967045798473373,1.0624888451626053,674.7,0,1.0,1.0,1,0.0,1.0,0.0014821402104639098
selfsearch_28,False,1.3110990232114204,1.162904231084175,598.1,1,0.0,1.0,1,0.0,1.0,0.0016719612104999163
semimaniac,False,2.9899014796922563,0.01435803821049292,1849.9,0,0.0,1.0,1,0.0,1.0,0.000540569760527596
semiretired25,False,0.3621095764402339,0.004597709248629458,497.3,1,0.0,1.0,1,0.0,1.0,0.0020108586366378444
senseilevi16,False,1.2809031003543772,0.4457419224727705,1807.0,0,0.0,1.0,1,0.0,1.0,0.0005534034311012728
senseipuppers,False,2.1485317197565026,0.02613330341851695,1387.3,0,0.0,1.0,1,0.0,1.0,0.0007208246233691343
seosmocompany,False,0.3269477986050199,1.1940976151582312,1473.9,0,0.0,2.0,1,0.5,1.0,0.001356944161747744
sepiosexual,False,4.600022088012263,0.29405963266106405,1219.7,0,0.0,4.0,4,0.75,0.75,0.003279494957776502
serotonallyblindguy,False,4.463886424717983,0.1908790364240658,1151.9,0,0.0,1.0,1,1.0,1.0,0.0008681309141418525
serpentinenexus,False,1.4043073653311409,0.07124365555198818,1623.0,0,0.0,1.0,1,0.0,1.0,0.0006161429451632779
sexytoxin_,False,1.0861773554842669,0.4029430386754545,302.1,1,0.0,1.0,1,0.0,1.0,0.003310162197947699
sg20043004,False,2.301711592524987,0.1015687487472056,1076.6,0,1.0,2.0,2,0.5,1.0,0.0018577001671930152
sg291188,False,2.9236883493096246,0.05184288253853343,3187.6,0,0.0,1.0,1,0.0,1.0,0.00031371564813652904
sgsocialid,False,1.3094531713854127,0.1724880120503163,1159.7,1,0.0,1.0,1,1.0,1.0,0.0008622919720617401
sgtblackdawn,False,3.194256671339278,0.0441319670138252,1391.2,0,0.0,1.0,1,0.0,1.0,0.0007188039102932719
shaaka7,False,0.23707541443143604,0.023095714794649336,2452.0,0,0.0,1.0,1,1.0,1.0,0.0004078303425774878
shadow--404,False,3.516279602344557,2.276702472794797,1056.8,0,1.0,0.0,1,0.0,0.0,0.0
shadow29warrior,False,3.5857630038473682,0.055808471927881215,2225.6,0,0.0,2.0,2,0.5,1.0,0.0008986340762041696
shah_rokh123,False,0.19554813058394196,1.0068047394149868,1199.2,0,1.0,0.0,1,0.0,0.0,0.0
shailu7,False,0.3124343171122974,0.009478743954543773,286.3,0,0.0,1.0,1,1.0,1.0,0.0034928396786587496
shakthi_seshadri,False,0.13634241061988434,4.290459441148391,492.9,0,1.0,0.0,1,0.0,0.0,0.0
shakysgf,False,1.5807827772576326,0.23776013309703836,1928.6,0,0.0,2.0,2,0.5,1.0,0.0010370216737529815
shanayashar,True,2.599417670301198,0.03782493214119187,583.9,0,0.0,2.0,1,1.0,0.5,0.0034252440486384657
shanks41pi3ce,False,0.2038472841956022,0.32826307408016,2034.4,0,0.0,1.0,1,1.0,1.0,0.0004915454187966968
shantytown_by_sea,False,2.9682319985166234,0.5486106471194205,512.8,0,1.0,0.0,1,0.0,0.0,0.0
shape_4567,False,0.1453540790757484,0.10343558724824191,1099.4,0,0.0,1.0,1,1.0,1.0,0.0009095870474804438
sharique_55,False,0.6973264045319885,0.6861635368126929,1838.6,0,0.0,1.0,1,1.0,1.0,0.0005438920918089851
shartinthroats,False,2.6130432122387592,2.292542461924059,1026.7,0,0.0,1.0,1,1.0,1.0,0.0009739943508327651
shashank_guruprasad,False,0.3630129514428267,3.0035448132907847,2346.6,0,1.0,0.0,1,0.0,0.0,0.0
shashanksati,False,2.9999594150135405,2.943811537112944,1836.6,0,6.0,1.0,1,1.0,1.0,0.0005444843732984863
shau_keen,False,2.4704622023875893,0.11912631094516657,507.3,0,0.0,2.0,2,1.0,0.5,0.003942440370589394
shawnk7,False,3.9352321256082234,2.1026861623354596,2585.8,0,0.0,1.0,1,0.0,1.0,0.0003867275117951891
shawtylovesmemes,False,1.9601090974682491,0.02189376772932362,1968.0,0,0.0,3.0,1,0.6666666666666666,0.6666666666666666,0.001524390243902439
shayand897,False,1.3337998767478967,0.02701987292116694,2227.2,0,0.0,1.0,1,0.0,1.0,0.00044899425287356327
shedeew,False,0.3647279332631745,1.2725354757632326,1506.4,0,1.0,0.0,1,0.0,0.0,0.0
shegotofftheplane,False,4.795890251977614,0.1734017988351572,2569.4,0,0.0,1.0,1,1.0,1.0,0.00038919592122674555
sheiscrazyyy,False,3.0852239833707333,0.43189460894802384,341.6,0,1.0,0.0,1,0.0,0.0,0.0
shen7804,False,3.4356746837920964,1.83171152023977,38.2,0,1.0,0.0,1,0.0,0.0,0.0
sherdil_me,False,0.14164711926785611,0.7322499065736879,2221.2,0,0.0,1.0,1,0.0,1.0,0.0004502070952638214
sherikkumbatman,False,1.2204122183258745,0.379625377525643,711.3,1,2.0,0.0,1,0.0,0.0,0.0
shesparkzz,False,1.8253620587848578,0.38172675910326004,1031.5,0,0.0,1.0,1,0.0,1.0,0.0009694619486185168
shinobiixx,False,2.6050041938859296,0.2049171798182256,975.0,0,0.0,1.0,1,1.0,1.0,0.0010256410256410256
shishiredd,False,0.13476167092231264,0.7230001437096264,1878.5,0,0.0,1.0,1,1.0,1.0,0.0005323396326856535
shitpostingslol,False,1.7997366002845145,0.000936475798110419,634.7,0,0.0,2.0,2,0.0,1.0,0.003151095005514416
shiviam,False,4.276583766035555,0.18877609209652615,3744.2,0,0.0,1.0,1,0.0,1.0,0.000267079750013354
shriramjairam,False,2.463199775512128,0.017551353899356144,2455.8,0,0.0,1.0,1,0.0,1.0,0.0004071992833292613
shu6hamgupta,False,1.9480884857503153,0.17592749006022904,694.4,0,0.0,1.0,1,1.0,1.0,0.0014400921658986176
shubh7m_12,False,0.5809643129683613,0.7599153570247856,568.7,0,0.0,1.0,1,0.0,1.0,0.0017583963425356075
shubham-,False,0.8874483978616543,0.007512315017466528,2430.5,0,0.0,1.0,1,1.0,1.0,0.0004114379757251594
shubhsssss,False,0.942146768412438,0.5293613795776204,1309.5,0,1.0,0.0,1,0.0,0.0,0.0
shubhyeah,False,1.7292443252364489,1.8550444210114125,618.8,0,0.0,1.0,1,1.0,1.0,0.0016160310277957338
shuddhi_hater,False,0.7502693432320257,0.06009453964128743,842.9,0,0.0,1.0,1,1.0,1.0,0.0011863803535413454
shut-up-cabbitch,False,1.1695616634445565,0.04211148535012689,1353.7,0,0.0,1.0,1,0.0,1.0,0.0007387161113983896
shutkindaguy,False,0.7094520408089455,0.07027335591777661,1782.4,0,0.0,1.0,1,1.0,0.0,0.0005610412926391383
shxdowzen,False,1.0073554732307042,0.1654768981216864,1225.3,0,0.0,1.0,1,1.0,1.0,0.0008161266628580756
shyguyty1,False,0.4635716518330818,0.03839913293453598,1483.7,1,0.0,1.0,1,0.0,1.0,0.0006739906989283547
sickpsychopathicfuck,False,3.0489451431508887,0.5582392246184673,1020.6,0,1.0,1.0,1,1.0,1.0,0.0009798157946306093
sid95ok,False,2.899149683196105,1.008699246685904,1388.8,0,0.0,1.0,1,0.0,1.0,0.0007200460829493088
sid_1207,False,0.3644823665522499,0.06924892064978935,1901.0,0,0.0,2.0,2,0.0,1.0,0.0010520778537611783
sidb1989,False,0.8590442962112177,0.006426539960182682,2178.7,0,0.0,1.0,1,1.0,1.0,0.0004589893055491807
siddthelegend69,False,1.7796986752014068,1.0737332496181993,1167.8,0,0.0,1.0,1,1.0,1.0,0.0008563110121596164
sideshow--,False,3.401592623721055,0.027771872015443278,2082.7,0,0.0,3.0,1,0.3333333333333333,1.0,0.0014404378931195084
sidhucs97,False,1.4362801944528705,0.022805001017945744,3224.0,0,0.0,1.0,1,1.0,1.0,0.00031017369727047146
sidmis,True,4.600800360512332,0.866519223664909,2413.6,0,2.0,6.0,2,1.0,1.0,0.002485913158766987
sifredrius,False,0.23070428875949497,0.19559608800265074,2100.3,0,1.0,0.0,1,0.0,0.0,0.0
siger19,False,0.13584477389853947,0.1857672899595762,2790.3,0,0.0,1.0,1,1.0,1.0,0.0003583844031107766
sigma_AJ,False,0.9805968840087055,0.2194329719176741,1614.0,0,1.0,0.0,1,0.0,0.0,0.0
silent_tou,False,1.020037325351613,0.15827099880027837,342.3,0,0.0,1.0,1,0.0,1.0,0.0029214139643587494
silver_fang29,False,1.2302005977291017,0.41305322039865666,573.1,0,0.0,1.0,1,1.0,1.0,0.0017448961786773686
sim_bha_88,False,0.8257553283331229,1.0386203780401344,2607.5,0,0.0,1.0,1,1.0,1.0,0.0003835091083413231
simpleguy410,False,1.7455892528423793,0.4166668545667077,417.4,0,0.0,1.0,1,1.0,0.0,0.0023957834211787254
simpleliving100,False,3.0297600994737945,0.00013131114193905649,386.7,0,0.0,2.0,2,1.0,1.0,0.00517196793379881
simplord_07,False,1.698635183687225,3.828197642321618,504.2,0,1.0,0.0,1,0.0,0.0,0.0
simri1,False,0.887090953625065,1.7281683664465237,1663.1,0,1.0,0.0,1,0.0,0.0,0.0
simsim_5,False,0.4972434380389647,0.0006922810937609962,2241.6,0,0.0,1.0,1,0.0,1.0,0.00044610992148465386
singh_kumar,False,1.3869290951993851,0.014513584939706087,2126.2,0,0.0,1.0,1,0.0,1.0,0.00047032264133195376
single-coworker,False,2.218557913958333,0.9694615462786988,1455.2,0,2.0,1.0,2,1.0,0.0,0.0006871907641561297
sinnerftamit,False,0.060674557885136225,0.007117467768863979,2238.1,0,0.0,1.0,1,1.0,1.0,0.00044680755998391494
sirkid69,False,0.4370939799997339,0.9284273110605117,2190.8,0,0.0,1.0,1,0.0,1.0,0.000456454263282819
six_string_sensei,True,2.8172105032888504,0.2423366842469855,4593.1,0,0.0,1.0,1,0.0,1.0,0.00021771788116958045
skand1995,False,0.177947522139531,0.516109651912596,2592.9,0,1.0,1.0,1,0.0,1.0,0.0003856685564425932
skdr84,False,0.40844388742537807,0.16791319124521545,4614.7,0,0.0,1.0,1,1.0,1.0,0.00021669881032353134
skinnylittlemissy_,False,3.5341038221408314,1.6252586498562078,342.8,0,0.0,1.0,1,0.0,1.0,0.0029171528588098016
skoda101,False,1.6492199421527232,0.23921657378343852,3431.9,0,0.0,1.0,1,0.0,1.0,0.0002913837815787173
sku-mar-gop,False,2.337720465979998,0.011398348910290098,1659.4,0,0.0,8.0,1,0.75,1.0,0.004821019645655056
skullcrusher696969,False,1.7376142836599486,2.6743576140077927,510.7,1,1.0,0.0,1,0.0,0.0,0.0
skulop607248,False,0.6817147693152817,0.20810567394966925,1856.2,0,0.0,1.0,1,0.0,1.0,0.0005387350501023597
skyb58,False,0.7044734786339106,0.15803417985365592,1470.5,0,0.0,1.0,1,0.0,1.0,0.0006800408024481469
skyhawx27,False,0.29985738071222645,0.3797402168697285,1753.1,0,1.0,0.0,1,0.0,0.0,0.0
skyhigh1312,False,0.5055708495463244,0.3505005227844011,2137.0,0,0.0,1.0,1,0.0,1.0,0.0004679457182966776
skylordtanmay,False,0.653127560502585,0.16855536102980667,1642.9,0,0.0,1.0,1,0.0,1.0,0.0006086797735711242
skymonkeygtfo4989,False,0.9895440077446246,0.2093847351427821,2113.6,0,0.0,1.0,1,0.0,1.0,0.00047312641937925814
skywalkerInTheRye,False,1.3043028250475115,0.014528783667579533,2659.1,0,0.0,1.0,1,0.0,1.0,0.0003760670903689218
slackover,False,3.4375598796691094,0.021866725216430315,1388.0,0,0.0,3.0,3,0.3333333333333333,1.0,0.002161383285302594
sleepdeprivedindian,False,3.1391471274548812,0.14671342304553328,3533.3,0,0.0,1.0,1,1.0,1.0,0.0002830215379390372
sleeper_shark,False,3.8750399915409632,0.05507832988662066,2500.2,0,0.0,2.0,2,0.0,1.0,0.0007999360051195905
sleepless-deadman,False,2.5522929185258905,0.3421484178159606,4053.9,0,1.0,0.0,1,0.0,0.0,0.0
sleepsham,False,2.3215911455194376,0.01233486024809663,1970.0,0,0.0,1.0,1,1.0,1.0,0.0005076142131979696
sleepy_panda_07,False,1.1805923556818723,0.18083567241953014,238.0,0,0.0,1.0,1,1.0,1.0,0.004201680672268907
sleepysoul13,False,2.15521195741517,0.007230000111428265,1655.5,0,0.0,3.0,3,0.0,1.0,0.001812141347025068
sliceoflife_daisuki,False,4.799937811724139,1.072644108120858,1398.0,0,5.0,0.0,2,0.0,0.0,0.0
slickmess69,False,3.0931978931426576,1.7848693699375373,1285.0,0,0.0,1.0,1,0.0,1.0,0.0007782101167315176
sm1987,False,0.4620797172298122,0.06975016042886023,4496.3,0,0.0,2.0,2,0.0,1.0,0.00044481017725685564
smackdowntactical,False,0.1899211806768252,0.058840500022933444,329.9,1,0.0,1.0,1,1.0,0.0,0.003031221582297666
smallverysmall,False,1.5158079727263285,0.011002724118364065,4115.0,0,0.0,1.0,1,1.0,1.0,0.00024301336573511544
smeet_patel,False,0.520575171564574,4.800501979518061,2490.5,0,1.0,0.0,1,0.0,0.0,0.0
smesocialmediaevil,False,1.6977078754214046,0.4692836004134758,373.2,0,0.0,1.0,1,0.0,1.0,0.0026795284030010718
smi_2413,False,0.06673065693942626,1.3581234841531944,492.7,0,1.0,0.0,1,0.0,0.0,0.0
smit8462,False,2.2997504378605176,0.3795828628210126,3126.5,0,0.0,3.0,3,0.3333333333333333,1.0,0.0009595394210778827
smittenssss,False,0.6711598138368977,0.03953885520639019,1050.7,0,0.0,1.0,1,1.0,1.0,0.000951746454744456
smokessprite,False,2.080253306062981,0.046155022697273784,800.4,0,0.0,1.0,1,1.0,1.0,0.0012493753123438282
sms_czar,False,0.03379294482104989,0.03141619623337892,2793.1,0,0.0,1.0,1,1.0,1.0,0.0003580251333643622
snakezodiac,False,0.9335097392707795,0.1815540970479202,1349.6,1,0.0,1.0,1,0.0,1.0,0.0007409602845287493
sneak2293,False,2.2086946276060044,0.3995938893793692,2839.4,0,0.0,1.0,1,0.0,1.0,0.00035218708177784037
sneededup,False,0.9358659100116578,2.077816845952834,793.2,0,1.0,0.0,1,0.0,0.0,0.0
snoooo321,False,3.204992255956679,0.11409103500289504,1564.3,0,1.0,0.0,1,0.0,0.0,0.0
snoopypopcorn,False,1.4064159782632124,0.4135113295837936,931.1,0,0.0,1.0,1,1.0,1.0,0.001073998496402105
snowcroc,False,3.179782917744796,0.2477383695482537,4271.2,0,0.0,1.0,1,0.0,1.0,0.0002341262408690766
snowynay,False,0.9677179063987665,0.018220181288431773,2375.1,0,0.0,2.0,2,0.5,1.0,0.000842069807587049
sntpcvan_05,True,0.8214700050802336,0.4309622400416481,1683.1,0,0.0,1.0,1,0.0,1.0,0.0005941417622244668
social_sparrow,False,0.0014771051430132354,0.6931471805599453,676.5,0,0.0,1.0,1,0.0,1.0,0.0014781966001478197
socialcalliper,False,1.784116119915487,3.090632869080626,492.5,0,1.0,1.0,1,1.0,1.0,0.0020304568527918783
soliase,False,1.6837684988691848,0.17902629284417015,814.9,0,0.0,1.0,1,0.0,1.0,0.0012271444348999877
som_201,True,1.320130233127587,0.0003876720343183306,939.9,0,0.0,1.0,1,0.0,1.0,0.0010639429726566657
someaningful,False,2.2042701298483816,0.9107667902024916,1096.9,0,1.0,0.0,1,0.0,0.0,0.0
someoneaman,False,0.27754744088888117,0.25131442828090605,503.3,0,0.0,1.0,1,0.0,1.0,0.001986886548778065
somerandomseven,True,0.16151118373085485,0.4879861317961679,1146.7,0,0.0,1.0,1,0.0,1.0,0.0008720676724513821
something-123456789,False,1.6613515575292777,0.009466892172924561,1318.2,0,0.0,1.0,1,1.0,1.0,0.0007586102260658473
somilgarg181,False,0.016473674029636256,0.05798725765034936,4214.3,0,0.0,1.0,1,0.0,1.0,0.00023728733122938564
son-of_ZEUS,False,2.7414697089025655,3.1645926355201808,1444.2,0,0.0,1.0,1,0.0,1.0,0.0006924248719013987
sonaminnie,False,4.001078584978365,0.07127293574985921,1580.5,0,0.0,1.0,1,0.0,1.0,0.0006327111673521037
sonnyfrombronx,False,0.6646690367295625,0.006309169193264722,167.4,0,0.0,1.0,1,1.0,1.0,0.005973715651135005
sonyxperiac,False,0.418518712710043,0.3471054929225817,398.3,0,1.0,0.0,1,0.0,0.0,0.0
sopchuy,False,2.7277233395694354,0.00725078705369597,116.1,0,1.0,0.0,1,0.0,0.0,0.0
sophisticated_meh,False,1.9616331058049077,2.003898200735511,3075.8,0,0.0,2.0,1,0.0,1.0,0.0006502373366278691
sora_061,False,1.4612872168208035,0.03678237376643771,3344.4,0,0.0,1.0,1,1.0,1.0,0.000299007295778017
sorryislept,False,1.6706919417234805,0.27670007786559575,2664.6,0,0.0,1.0,1,0.0,1.0,0.000375290850409067
soul_ranveer__,False,1.6421198429335255,0.0010706639138402209,897.0,0,0.0,1.0,1,0.0,1.0,0.0011148272017837235
soulseeker31,False,5.30704307348406,0.05060245564898248,2772.4,0,0.0,1.0,1,0.0,1.0,0.00036069831193190013
soumilsiwach1,False,0.7948937509648896,2.0820789058459215,1875.3,0,1.0,0.0,1,0.0,0.0,0.0
soumyas911,False,1.0889251432532814,0.6179098641613474,2116.1,0,0.0,1.0,1,0.0,1.0,0.00047256745900477296
soundtrooper420,False,0.13156368552513603,0.2979235665039779,1621.5,0,0.0,1.0,1,0.0,1.0,0.0006167129201356768
soupy-maggi,False,1.370505331725617,1.33531807418467,429.3,0,1.0,0.0,1,0.0,0.0,0.0
souravfrezz,False,1.413293447271325,1.7879643982595035,338.0,0,1.0,0.0,1,0.0,0.0,0.0
soyasamosa,False,4.721207783292292,3.0730519942818235,1372.9,0,0.0,1.0,1,1.0,1.0,0.0007283851700779372
spaaltieml,False,0.6570114742307689,1.2031635791148736,3544.6,0,0.0,1.0,1,1.0,0.0,0.00028211928003159736
space_mania,False,1.0465229048378923,0.12592100581710797,809.1,1,0.0,1.0,1,1.0,1.0,0.001235941169200346
spaceyatri,False,0.7543522835128953,0.04979139747936496,3636.9,0,0.0,1.0,1,1.0,1.0,0.00027495944348208636
sparklytits550,False,1.202592819246577,0.794492010546097,2240.7,0,1.0,1.0,2,1.0,1.0,0.00044628910608292055
speaking_facts06,False,4.901076353867359,0.06097888267808995,1936.0,1,1.0,10.0,2,0.7,0.9,0.005165289256198347
spellriddle,False,3.293637532625491,0.050652405666618126,1443.1,0,0.0,2.0,1,0.0,1.0,0.0013859053426650962
sperngeberb,False,0.32089928941270557,0.48125894747769804,3256.1,0,0.0,1.0,1,1.0,1.0,0.00030711587481956944
sphinxyhiggins,False,4.104715396095194,0.05109059530953476,1332.4,0,0.0,1.0,1,1.0,1.0,0.0007505253677574301
spicydrive,False,2.8728511900691656,0.5745748343816671,354.1,0,0.0,2.0,1,1.0,1.0,0.005648121999435187
spicynoodslover,False,1.827266157684965,0.8859853823788261,249.0,0,0.0,1.0,1,1.0,1.0,0.004016064257028112
spiritedmatchaa,False,3.9065411142421946,0.05992824295820925,58.9,0,0.0,2.0,2,0.0,1.0,0.03395585738539898
sporKlivong,False,0.027777849204486463,0.16507975035944858,1597.6,0,0.0,1.0,1,0.0,1.0,0.0006259389083625439
sposky,False,0.7019146128526388,0.3140170878759021,3452.2,0,0.0,1.0,1,0.0,1.0,0.0002896703551358554
spsfaves100,False,1.4469970987821645,0.007168489478612542,301.2,0,0.0,3.0,1,0.0,1.0,0.0099601593625498
sqrt-1_1_2_half_6,False,2.2491399978264504,0.8393330310247236,1961.3,0,0.0,1.0,1,0.0,1.0,0.0005098659052669148
sredd007,False,1.2203041333798117,0.022625214707018577,5184.2,0,0.0,1.0,1,0.0,1.0,0.00019289379267775164
srivenkatareddy,False,0.008363324673682206,0.03636764417087485,3214.9,0,0.0,1.0,1,0.0,1.0,0.00031105166568166974
srtvpn,False,0.962483289444098,0.04534109948060469,2843.3,0,0.0,1.0,1,0.0,1.0,0.00035170400590862726
stable_king,False,1.7575575871867164,0.012777782613171513,344.5,1,0.0,1.0,1,1.0,1.0,0.002902757619738752
stan3098,False,1.833564184899335,0.1829220972984411,2851.9,0,0.0,3.0,1,0.6666666666666666,1.0,0.0010519302920859778
stan_films,False,4.1069936886745655,0.6926779114996277,677.3,1,6.0,5.0,2,0.6,1.0,0.007382253063635022
starboy_697,False,0.11787199175660668,0.2113090936672069,999.2,1,0.0,1.0,1,0.0,1.0,0.0010008006405124099
starry_nite_,False,1.702022552257375,0.0021378949885256784,835.0,0,0.0,1.0,1,0.0,1.0,0.0011976047904191617
static_friction_21,False,1.3718652530656579,0.0663651292292478,1005.2,0,0.0,1.0,1,1.0,1.0,0.000994826900119379
stepdaddyji,False,0.5975052707807754,0.3112608172747169,1206.0,0,0.0,1.0,1,1.0,1.0,0.0008291873963515755
stessedoutgamer,False,2.252816712448068,0.021972929486054657,2183.1,0,0.0,1.0,1,1.0,1.0,0.00045806422060372864
stg_676,False,4.5320592578922225,0.15075340745739627,1314.0,0,0.0,2.0,2,0.5,1.0,0.0015220700152207
stickyzbae,False,2.122306827068049,2.052737979914414,1216.4,0,1.0,1.0,2,0.0,1.0,0.0008220979940808944
stifler0005,False,0.06643705561775781,0.016260520871780308,888.0,0,0.0,1.0,1,0.0,1.0,0.0011261261261261261
stingray_545,True,2.2833537310661582,0.7704752615240151,222.6,0,1.0,0.0,1,0.0,0.0,0.0
stock-investo,False,2.815227247686434,1.2579209425356364,99.0,0,1.0,4.0,2,0.75,1.0,0.04040404040404041
stockybottom123,False,0.6958535906645018,0.0003569516368437882,2785.9,0,0.0,1.0,1,0.0,1.0,0.00035895042894576256
stojakovic16,False,1.2826462682294555,0.14762455224718624,3047.0,0,0.0,1.0,1,0.0,1.0,0.0003281916639317361
stoplossftw,False,4.968249174159358,0.32021842549968527,215.5,0,0.0,3.0,2,0.6666666666666666,1.0,0.013921113689095127
str3ss-,False,2.127712749876974,1.6284246909362907,380.9,0,1.0,0.0,1,0.0,0.0,0.0
strange1612,False,0.01098091589093816,0.21357410029805904,2264.2,0,0.0,1.0,1,0.0,1.0,0.0004416570974295557
stranger-to-d-world,False,1.101624930936194,0.6087484765130674,508.2,0,0.0,1.0,1,1.0,1.0,0.0019677292404565133
strider_bot,False,2.0367454599092776,0.08506155852593192,1593.1,0,0.0,2.0,2,0.0,1.0,0.0012554139727575168
strong_avenger,False,0.36395885576708736,0.01233495815795132,2599.0,0,0.0,1.0,1,1.0,0.0,0.00038476337052712584
studious_gamer,False,1.317557402702635,1.375102395970414,2176.8,0,2.0,0.0,1,0.0,0.0,0.0
studyandgrow,False,1.8485534093143623,0.7326888008133758,559.0,0,0.0,1.0,1,0.0,1.0,0.0017889087656529517
stupid--Investor,False,1.4796727228150035,1.0303871715374888,383.9,0,1.0,0.0,1,0.0,0.0,0.0
stupidboy-throwaway,False,0.9734615741727886,0.5432070332690305,1072.8,0,1.0,0.0,1,0.0,0.0,0.0
stutster,False,0.24883454004670416,0.029741969198737523,1929.0,0,0.0,1.0,1,1.0,0.0,0.0005184033177812338
stvkcorleone,False,0.29285896063131467,0.008438868645864626,346.8,0,0.0,1.0,1,1.0,1.0,0.0028835063437139563
subhasish10,False,4.626192441168774,0.01811074193001059,2202.8,0,0.0,1.0,1,1.0,1.0,0.00045396767750136187
subraminion88,False,3.357455022823808,2.4924997006955976,2790.3,0,1.0,0.0,1,0.0,0.0,0.0
subtlyraspy,False,1.2440635914903928,0.5335966952964635,832.9,0,0.0,1.0,1,1.0,1.0,0.0012006243246488173
sudden_bonner,False,2.426567240263458,1.3573068242466384,184.4,0,0.0,1.0,1,0.0,1.0,0.005422993492407809
sudhtheone,False,0.29900357494570534,0.0029455102297568135,972.7,0,0.0,1.0,1,0.0,1.0,0.0010280662074637606
sudosai,False,0.12736187990380415,0.49965232316786545,2613.6,0,0.0,1.0,1,0.0,1.0,0.00038261401897765536
sugardaddy_bot,True,1.9856338232791633,2.256768032857399,946.9,0,1.0,0.0,1,0.0,0.0,0.0
sugarhighartstoned,False,0.8188614395378205,0.14255972669846745,1904.7,0,0.0,1.0,1,0.0,1.0,0.0005250170630545492
sujaldhamija,False,0.43227559554174605,0.16496159593147391,1603.3,0,0.0,1.0,1,0.0,1.0,0.0006237135907191418
sujayjames,False,0.1507648031411239,0.0026212334798742178,2341.4,0,0.0,1.0,1,0.0,1.0,0.00042709490048688817
sukuna_finger,False,1.2900190669439584,0.2749680358110194,1731.2,0,0.0,1.0,1,1.0,1.0,0.000577634011090573
sumandas094,False,2.4791416588339255,0.6561806730486439,2247.0,0,3.0,4.0,3,0.75,1.0,0.0017801513128615932
sumanthbhatt,False,0.8779675373086013,0.6548110318163982,2165.0,0,0.0,1.0,1,1.0,1.0,0.00046189376443418013
sumedh026,False,1.262419695897921,0.07855516556212185,1060.0,0,0.0,1.0,1,0.0,1.0,0.0009433962264150943
sumeet_25,False,2.2428962603738776,0.8343071981211554,662.9,0,0.0,1.0,1,1.0,1.0,0.001508523155830442
summer_glau08,False,1.9272757865077783,0.7095150460853665,1898.9,0,1.0,1.0,1,1.0,1.0,0.0005266206751277055
summercloudsadness,False,6.980952327339528,1.759282033321691,1374.6,0,0.0,1.0,1,0.0,1.0,0.0007274843590862797
summingly,False,0.6903041696042417,0.18947033620762188,2201.5,0,1.0,0.0,1,0.0,0.0,0.0
sunflower1713,False,4.384433127191427,2.672901507298555,60.7,0,1.0,0.0,1,0.0,0.0,0.0
sunil259,False,0.4499201857276283,0.473711217920984,2185.9,0,0.0,1.0,1,1.0,1.0,0.00045747746923464015
sunka27,False,1.3892014099449173,0.09704170793604451,1554.3,0,0.0,1.0,1,1.0,1.0,0.0006433764395547835
sunken_soul24,False,0.7941529550335653,0.6793289973389411,1362.4,0,0.0,1.0,1,0.0,1.0,0.000733998825601879
sunny_wicked,False,0.41257868119696656,0.0029282597790883623,667.7,0,0.0,1.0,1,0.0,1.0,0.001497678598172832
sunnydatta01,False,0.5716546355345391,0.001629107066791979,2388.5,0,0.0,1.0,1,0.0,1.0,0.0004186728072011723
sunsetcoveter,False,0.6972796528409156,0.1614564183299929,1316.1,0,0.0,1.0,1,0.0,1.0,0.0007598206823189727
super_BRO999,False,2.001318521167635,1.2252150961533157,2042.1,0,0.0,2.0,1,0.5,1.0,0.0009793839674844523
superrsud,False,1.1022274763773623,1.62111041364703,2485.0,0,0.0,1.0,1,1.0,1.0,0.00040241448692152917
supervegito827,False,1.7884692432839593,0.01317421014732361,1319.2,0,0.0,1.0,1,0.0,1.0,0.0007580351728320194
supinator1,False,3.179629029668205,2.324606059952797,2981.4,0,1.0,0.0,1,0.0,0.0,0.0
sur_yeahhh,False,3.2781246783345876,0.9123599743224264,2596.1,0,0.0,1.0,1,0.0,1.0,0.00038519317437695004
surajsinghtomar,False,0.5993034056874257,0.5833368886055096,2129.5,0,0.0,1.0,1,0.0,1.0,0.00046959380136182204
surfinternet7,False,1.8005807344708615,0.02182515281696709,714.8,0,0.0,1.0,1,0.0,1.0,0.001398992725237829
surfscriber,False,2.324531881444176,0.06182671704118698,710.7,0,0.0,3.0,2,0.6666666666666666,1.0,0.004221190375685943
suru445,False,1.4490079076708446,1.0834672330392185,2050.7,0,0.0,1.0,1,0.0,1.0,0.000487638367386746
surviving-somehow,False,3.7364930979570845,0.445328082041391,593.3,0,2.0,0.0,1,0.0,0.0,0.0
survivingmytwenties,False,1.313365807897353,0.49165056319110984,1658.9,0,0.0,1.0,1,1.0,1.0,0.0006028090903610826
sushantshah-dev,False,1.8980821161355295,1.295934191716829,1366.1,0,1.0,0.0,1,0.0,0.0,0.0
sutrix_me,False,0.7710470948784519,0.000284697510819755,3022.3,0,0.0,2.0,1,1.0,0.5,0.0006617476756112894
sverm03,False,2.6676417532932035,0.005523236681659552,1638.6,0,0.0,4.0,2,0.75,0.75,0.002441108263151471
swag_in_the_city,False,0.8256391851212062,1.0290189968689145,258.7,0,1.0,0.0,1,0.0,0.0,0.0
swansong92,False,3.3454687877496494,0.032222827111813644,2220.0,0,0.0,3.0,1,0.6666666666666666,1.0,0.0013513513513513514
swhowho,False,2.807330596222993,5.652375987671325,1135.0,0,1.0,0.0,1,0.0,0.0,0.0
syedarcelan,False,0.6099163878842804,0.2435467956259061,2724.1,0,0.0,1.0,1,0.0,1.0,0.00036709371902646747
synthscoffeeguitars,False,6.205866943882999,0.003479143025208859,1234.6,0,0.0,1.0,1,1.0,1.0,0.0008099789405475458
t51r,False,2.53970302230469,0.4188029555610365,3661.9,0,0.0,2.0,2,0.0,1.0,0.0005461645593817417
t7Saitama,False,2.4313096272140036,0.9453694420507316,1896.9,0,2.0,1.0,3,0.0,1.0,0.0005271759186040382
ta9876543205,False,2.496400648836075,0.2313375040664728,3380.1,1,0.0,2.0,2,0.5,0.5,0.0005916984704594539
tabascowaffle,False,1.1902515645865046,0.06428250647596492,2161.8,0,0.0,1.0,1,1.0,1.0,0.00046257748172818944
tablabass,False,0.09706579976621543,0.004705891037412659,2079.8,0,0.0,1.0,1,0.0,1.0,0.00048081546302529085
tactical_bunnyy,False,2.1041067798844186,0.023252279118329094,356.4,0,0.0,2.0,1,0.5,1.0,0.0056116722783389455
take_the_leap4,False,4.2921855639673385,0.007146986065673838,1915.7,0,0.0,1.0,1,0.0,1.0,0.0005220024012110455
talkingtron,False,1.6002167842470663,0.9667110543261364,2484.0,0,0.0,1.0,1,0.0,1.0,0.00040257648953301127
tall_specimen_69,False,4.323072267290263,0.07156009986461014,236.2,0,0.0,1.0,1,1.0,1.0,0.004233700254022015
tandoorimomo,False,0.16409612510597682,0.9051174312760298,2489.8,0,0.0,1.0,1,0.0,1.0,0.00040163868583821993
tanishgupts1912,False,0.3115543675344131,0.007547205635382911,2180.3,0,0.0,2.0,1,1.0,1.0,0.0009173049580332981
tanmaybagwe,False,0.960038684865955,0.206736518310611,3909.3,0,0.0,1.0,1,1.0,0.0,0.0002558002711482874
tanmaywho,False,1.102281456520973,0.17674035886755457,2611.6,0,0.0,1.0,1,1.0,1.0,0.000382907030173074
tantej,False,1.0029282994951547,0.21652831219549054,4254.3,0,0.0,1.0,1,0.0,1.0,0.0002350562959828879
tanzero23,False,0.487949155653236,0.06891854691149638,1526.3,0,0.0,1.0,1,0.0,1.0,0.0006551791915088777
taplik_to_rehvani,False,1.8335107073794914,0.17037384806684097,2671.9,0,0.0,1.0,1,1.0,1.0,0.0003742655039485011
tararanaway,True,3.5652174496689564,0.6667163245030958,316.3,0,0.0,4.0,3,1.0,1.0,0.012646221941195067
tarbujBhai,False,0.41008343264905345,0.20866008549563,741.7,0,0.0,1.0,1,1.0,1.0,0.0013482540110556827
tarun9111,False,0.6578790417224873,0.009971592595852187,1515.0,0,0.0,1.0,1,0.0,1.0,0.0006600660066006601
tarunw07,False,0.053209092503447714,0.11261887810814915,3074.1,0,0.0,1.0,1,1.0,1.0,0.00032529846133827787
taxidriver9211,False,2.245140994104995,0.24527746998710184,1103.8,0,2.0,2.0,2,0.5,1.0,0.001811922449719152
taznado,False,1.718091840760321,0.10389121137231162,4377.9,1,0.0,5.0,4,0.8,0.8,0.0011421000936522078
tazz_zbr,False,0.6150869703154933,1.2798360957385342,2355.8,0,1.0,0.0,1,0.0,0.0,0.0
tb33296,False,2.4302129834381323,0.17033154124571792,3091.6,0,0.0,1.0,1,1.0,1.0,0.00032345710958726876
tbh-stfubro,False,1.0495916832025778,1.7316555451583497,303.8,0,0.0,1.0,1,1.0,0.0,0.0032916392363396972
tdjogi,False,0.1385812073286787,0.006079046076382187,3323.4,0,0.0,1.0,1,1.0,0.0,0.00030089667208280677
technicalhowto,False,2.404979773537596,0.8006818595027144,2020.3,0,1.0,0.0,1,0.0,0.0,0.0
techtotechbytechy,False,1.8995127921716628,0.9382696385929303,194.1,0,0.0,2.0,1,0.5,1.0,0.010303967027305513
tejrani,False,2.154485658100979,0.2095909072705819,1956.2,0,0.0,1.0,1,1.0,1.0,0.0005111951743175544
tempaccountbkl,False,2.696241153509967,0.018386307915509263,937.0,1,0.0,1.0,1,1.0,1.0,0.0010672358591248667
terrriblecoach,False,1.510286574146869,0.11390598842937155,255.1,0,0.0,1.0,1,1.0,1.0,0.003920031360250882
teut_69420,False,1.4534570701952825,0.057888377208294255,2163.9,0,0.0,1.0,1,1.0,1.0,0.0004621285641665511
texas-guy-1979,False,1.1262949212955462,1.2842951931647693,857.4,0,0.0,1.0,1,0.0,1.0,0.0011663167716351763
tfPumpkin,False,2.6071988717079524,0.30650226650948403,340.1,0,0.0,2.0,2,0.0,1.0,0.005880623346074683
tfissupergirl,False,0.48349068292180664,0.768545198044157,286.3,0,0.0,1.0,1,0.0,1.0,0.0034928396786587496
th3_1mp0st3r,False,2.816281609179907,0.1894594979298124,1438.6,0,0.0,1.0,1,1.0,1.0,0.0006951202558042542
tha1detective190,False,1.9361081510328413,1.850454680246689,632.7,0,2.0,3.0,1,1.0,1.0,0.0047415836889521095
thakurvinny07,False,2.5733054356850507,0.02584605960202516,537.2,0,0.0,1.0,1,1.0,1.0,0.0018615040953090095
thanos_was_right_69,False,4.589586772590593,0.007754370645125145,1351.0,0,0.0,1.0,1,0.0,1.0,0.0007401924500370096
tharavaadi,False,3.008698376041234,0.009017955999000649,740.2,0,0.0,1.0,1,0.0,1.0,0.0013509862199405564
that1browndude,False,0.18918764667252802,0.022427035787444285,4758.3,0,0.0,1.0,1,1.0,1.0,0.0002101590904314566
that_black_suit_guy,True,1.9963789277990667,0.813318562228628,494.0,0,0.0,1.0,1,0.0,1.0,0.0020242914979757085
that_dev_who_lifts,False,0.8229983824298143,0.31304416643505945,1208.0,0,1.0,0.0,1,0.0,0.0,0.0
that_little_witch,False,0.2660330145407313,0.714840005171205,1525.7,0,1.0,0.0,1,0.0,0.0,0.0
thatbuttcracktho,False,1.7984792605083197,0.5046094908794695,3361.8,0,1.0,2.0,2,0.0,1.0,0.0005949193884228687
thatbutterscotch3,False,4.959288167728091,0.016396253440048882,71.7,0,0.0,1.0,1,1.0,1.0,0.01394700139470014
thatgirlfrombandra,False,2.568121285209542,0.009089638891268716,1138.0,0,0.0,2.0,2,0.5,1.0,0.0017574692442882249
thatonenerdygirl101,False,0.7540097026490188,0.20687883236892537,1705.9,0,0.0,1.0,1,0.0,1.0,0.0005862008324051819
thatsInAName,False,2.155204753801651,0.056228930829895336,2711.0,0,1.0,5.0,6,0.6,0.6,0.0018443378827001106
thats_ankitjha,False,0.013004084423206625,0.13353139262452263,534.8,1,0.0,1.0,1,0.0,1.0,0.0018698578908002994
thats_interesting_23,True,1.234546675943751,0.524011645637512,1847.9,0,1.0,1.0,2,1.0,1.0,0.0005411548243952595
the-Home-Cook,False,1.2987633207263376,0.059674010328869966,2169.8,0,0.0,1.0,1,1.0,1.0,0.0004608719697667987
the-dumbkidd22,False,2.506005495495046,1.9822861537661118,1574.2,0,0.0,1.0,1,0.0,1.0,0.0006352432981832041
the-player-of-games,False,5.365265589855961,1.6468358667353329,3477.5,0,0.0,1.0,1,1.0,1.0,0.0002875629043853343
theAmbidexterperson,False,1.3468017366003795,0.11540990758035552,2089.2,0,0.0,1.0,1,0.0,1.0,0.0004786521156423512
theEntreriCode,False,0.45573625994858874,0.05946839319485119,3928.4,0,0.0,1.0,1,0.0,1.0,0.00025455656246818045
theExactlyGuy,False,1.237588635671798,0.010119394242396674,3286.9,0,0.0,1.0,1,0.0,1.0,0.0003042380358392406
theGenZDoc,False,1.5446458737390807,0.002580646593491635,526.0,1,0.0,1.0,1,1.0,1.0,0.0019011406844106464
theMagicalDays,False,0.31121971667538967,0.8687797492031033,813.5,0,1.0,0.0,1,0.0,0.0,0.0
the_Spider_459,False,1.142527851105632,0.16507975035944858,602.9,0,0.0,1.0,1,1.0,1.0,0.001658649859014762
the_arcane2000,False,1.7464814171137812,0.01494221158067,1438.2,0,0.0,1.0,1,0.0,1.0,0.0006953135864274788
the_bong_,False,1.8174821324137684,0.5247683959848064,3015.9,0,1.0,0.0,1,0.0,0.0,0.0
the_dark_knight221,False,2.186035887242792,0.5215402425038649,657.1,0,0.0,1.0,1,0.0,1.0,0.0015218383807639629
the_faceless_founder,False,0.5820477682331009,0.8136365778140717,233.0,0,1.0,0.0,1,0.0,0.0,0.0
the_gem_,False,0.002908810893775058,0.1541506798272583,2059.7,0,0.0,1.0,1,0.0,1.0,0.00048550759819391176
the_last_ronin2,False,0.603838373912627,0.02843793532053351,515.0,0,0.0,1.0,1,1.0,1.0,0.001941747572815534
the_metalhead_speaks,False,1.2662975566054095,0.509013282879449,2379.8,0,0.0,1.0,1,0.0,1.0,0.00042020337843516256
the_only_kungfu_cat,False,3.0674670200745364,0.05968889711855064,1163.3,0,0.0,1.0,1,1.0,1.0,0.0008596234849136079
the_quiescent_one,False,2.000250211615143,0.7965374496336148,2080.3,0,1.0,1.0,2,1.0,1.0,0.00048069989905302117
the_rakshit,False,0.7539410538071428,1.9271974401231593,1598.6,0,1.0,0.0,1,0.0,0.0,0.0
the_silent_archivist,False,1.3922447919005214,0.022649909676883725,339.3,0,0.0,1.0,1,1.0,1.0,0.0029472443265546712
the_storm_rider,False,2.696218300909832,0.006980145299728713,3879.1,0,0.0,11.0,5,0.36363636363636365,1.0,0.002835709314016138
the_twisted_mind_,False,2.367110422824688,0.6391948318387028,236.9,0,0.0,1.0,1,1.0,1.0,0.004221190375685943
the_wise__idiot,False,4.231573806544224,0.005285983341089117,69.9,0,0.0,2.0,1,0.5,1.0,0.028612303290414875
the_zirten_spahic,False,3.212460020966341,0.09566632630301425,1554.9,0,0.0,2.0,2,0.5,1.0,0.0012862563508907324
theartisticvibe,False,2.9862651521744343,1.0031786825491378,1409.4,0,1.0,0.0,1,0.0,0.0,0.0
thebakedbaker18,False,0.7186425413305254,0.9246985585979014,1816.2,0,0.0,1.0,1,1.0,1.0,0.0005506001541680432
thebaldmaniac,False,2.8503496865166444,0.04575938629657848,3556.5,0,0.0,1.0,1,1.0,1.0,0.0002811753128075355
thebirthdayg1rl,False,3.0918466351467293,0.25875800738621035,135.6,0,0.0,1.0,1,0.0,1.0,0.007374631268436578
theblazeduvika,False,1.3910712400964822,0.07436441528886234,198.4,0,0.0,1.0,1,1.0,1.0,0.005040322580645161
thebluntvent,False,3.53332208692906,0.2220065415271346,132.2,0,0.0,1.0,1,0.0,1.0,0.007564296520423602
thecaveman96,False,2.3394011473363565,0.07472894664992408,2894.5,0,0.0,1.0,1,1.0,1.0,0.00034548281223009154
thecrimsonscythe,False,0.21769704758489483,0.005540180375615371,740.1,0,0.0,1.0,1,1.0,1.0,0.0013511687609782462
thecuriousmew,False,3.06760613295826,0.24576232941052364,1619.1,0,0.0,2.0,1,0.5,1.0,0.0012352541535420915
thecutegirl06,False,2.2604171659910337,0.02689927399782444,2070.9,0,0.0,6.0,1,1.0,1.0,0.0028972910328842532
thedarkracer,False,4.999835811707894,0.44932315122123084,1454.5,0,0.0,1.0,1,1.0,1.0,0.0006875214850464077
thedecent_guy,False,0.27472733971450014,0.8142915639190336,468.1,0,0.0,1.0,1,1.0,1.0,0.0021362956633198035
thedoomofdamocles,False,2.3076873633728243,0.4586574806573509,1630.4,0,0.0,1.0,1,0.0,1.0,0.0006133464180569185
thegaming_unity,False,1.0198322065742353,0.006591619582212168,2060.1,0,0.0,1.0,1,1.0,1.0,0.00048541332945002674
thegoodsun01,False,3.9833260886829636,1.7660710647159181,381.4,0,0.0,1.0,1,1.0,1.0,0.0026219192448872575
theinsidesoup,False,0.997027796815002,0.16908125626151024,3123.0,0,0.0,1.0,1,1.0,1.0,0.0003202049311559398
thekrizan,False,2.114429709401193,0.840792748789787,651.9,0,0.0,1.0,1,0.0,1.0,0.0015339776039269828
thelone_voyager,False,1.6335336437115187,0.45600708399403833,2616.0,0,0.0,3.0,1,0.6666666666666666,0.6666666666666666,0.0011467889908256881
themaadi,False,3.4757147600348626,0.3606443282262313,112.8,0,0.0,1.0,1,0.0,1.0,0.008865248226950355
theonewiththebass,False,0.20383109268530128,1.0012839447075477,2981.1,0,1.0,0.0,1,0.0,0.0,0.0
theparrotl0ver,False,2.6163934700380467,0.19217834164147923,765.0,0,0.0,1.0,1,1.0,1.0,0.00130718954248366
thephilosophyloverr,False,1.0167050194686342,0.5753641449035619,371.3,0,0.0,1.0,1,0.0,1.0,0.00269323996768112
thepiggysmallz,False,3.1141368952966424,0.2943848099102553,521.8,0,1.0,1.0,1,1.0,1.0,0.0019164430816404755
thepoultry1,False,2.7557730829410256,0.016159058908872568,2138.3,1,0.0,1.0,1,0.0,1.0,0.00046766122620773507
therappernextdoor,False,1.6355649665236887,1.1021628883911332,1911.5,0,0.0,1.0,1,1.0,1.0,0.000523149359142035
therealsaker,False,6.072786385903018,1.3174134219081384,366.0,0,2.0,8.0,4,0.625,0.875,0.02185792349726776
theredgiant,False,1.952632287102878,0.8720340610257392,6892.1,0,0.0,2.0,1,1.0,0.5,0.00029018731591242146
thereelmeerka,False,0.12235575543762321,2.2914117923959205,2043.7,0,1.0,0.0,1,0.0,0.0,0.0
thesarcasticroadie,False,0.6683406399372931,0.07157467124290466,3028.4,0,0.0,1.0,1,1.0,1.0,0.0003302073702285035
thesaturniandusk,True,2.226106671320531,1.2175893543171008,304.1,0,2.0,0.0,2,0.0,0.0,0.0
thesithlord27,False,0.07697022971564291,0.8602012652231115,1612.3,0,1.0,0.0,1,0.0,0.0,0.0
thestrongcoder,False,1.939122914941875,2.0794415416798357,1326.3,0,2.0,0.0,1,0.0,0.0,0.0
theswanand,False,1.490544403394952,0.008296777705364503,1196.1,0,0.0,1.0,1,0.0,1.0,0.0008360504974500461
thetradelegend,False,1.7258329150401694,0.03609110372507255,2291.0,0,0.0,1.0,1,1.0,1.0,0.00043649061545176777
theusernameglitch,False,0.49407926502644595,0.019121041446778415,2064.2,0,0.0,1.0,1,1.0,1.0,0.00048444918128088367
theworldofnike,False,0.5123991882134212,0.8109302162163288,25.4,0,0.0,1.0,1,0.0,1.0,0.03937007874015748
theycallmearchieee,False,0.8571747820231809,0.02087362314275304,2354.6,0,0.0,1.0,1,0.0,1.0,0.00042470058608680883
think_big_0,False,3.3006359741598597,1.337667227138576,301.8,0,4.0,1.0,2,0.0,1.0,0.0033134526176275677
thisdude_01,False,3.5634661309693225,0.03275218818870099,335.8,0,0.0,2.0,1,1.0,1.0,0.005955926146515783
thoughtfulspiky,False,3.5617540151876383,0.004863160517342358,2258.5,0,0.0,1.0,1,0.0,1.0,0.00044277175116227583
throw-away-3839,False,0.9351677293454275,0.017206001448913735,1097.8,0,0.0,1.0,1,0.0,1.0,0.0009109127345600292
throwra87d,False,2.884073834400015,0.16624096698568575,2157.4,1,1.0,4.0,1,0.5,1.0,0.0018540836191712246
thunderbird350xm,False,1.8067671257713773,0.044410049266369336,1284.1,0,0.0,4.0,3,1.0,1.0,0.0031150221945331364
thyr567,False,1.1124056108004454,1.3984525655997,648.0,0,1.0,0.0,1,0.0,0.0,0.0
tilixr,False,2.0974070337943655,0.04779190000592868,791.6,0,0.0,2.0,2,0.5,1.0,0.0025265285497726125
time_lordy_lord,False,3.14266076474901,0.016993399813039083,3456.6,0,0.0,1.0,1,1.0,1.0,0.0002893016258751374
timetraveler1990,False,3.7949353291129357,0.26129906563633676,2173.3,0,0.0,1.0,1,1.0,1.0,0.0004601297565913587
timewaste1235,False,3.643961890127962,0.03489074331492784,2371.1,0,0.0,1.0,1,0.0,1.0,0.00042174518156130067
timtimatilaila,False,1.5169799356096239,0.501850598948313,1973.9,0,0.0,3.0,1,1.0,1.0,0.001519833831501089
timukh,False,0.4598696189557959,1.095021620537381,2855.1,0,1.0,0.0,1,0.0,0.0,0.0
timusR,False,1.6471306937664036,0.2925744865663554,3209.4,0,0.0,1.0,1,0.0,1.0,0.00031158471988533684
tintin2704,False,0.8981508049612036,1.6552474484653945,1380.7,0,1.0,0.0,1,0.0,0.0,0.0
tinysadnoises,False,1.5815452226056557,0.05142556077224174,1957.3,0,0.0,1.0,1,0.0,1.0,0.0005109078833086395
tipputappi,False,5.084677720370834,1.5102504699599395,405.4,0,2.0,0.0,1,0.0,0.0,0.0
tired_and_sleepy_09,False,2.9453858776070194,0.009580911611757986,977.8,0,0.0,1.0,1,1.0,1.0,0.0010227040294538761
tiredofthisnw,False,4.404706747909022,0.057000595520070516,92.2,0,0.0,1.0,1,1.0,1.0,0.010845986984815618
titan110786,False,1.3647771319383486,1.4785005549866244,2317.1,0,1.0,0.0,1,0.0,0.0,0.0
titir11,False,1.179028339635137,1.910215678925343,329.6,0,1.0,0.0,1,0.0,0.0,0.0
tiwarinitin94,False,2.728664038847303,1.7692088837042097,1498.0,0,0.0,1.0,1,0.0,1.0,0.0006675567423230974
tmane99,False,1.7050011442744113,0.2390454405955393,1400.9,0,0.0,1.0,1,0.0,1.0,0.0007138268256121064
tnsurender1985,False,0.024768741766654792,0.043017385083690796,3748.3,0,0.0,1.0,1,0.0,1.0,0.0002667876103833738
tom_lurks,False,1.856026624745985,0.20401622102868028,529.8,0,0.0,1.0,1,0.0,1.0,0.001887504718761797
tomsawyer-fa,False,1.0718487946927324,0.7179723400389727,785.1,0,0.0,1.0,1,0.0,1.0,0.0012737230925996689
toovigilantforlove,False,2.549044449621872,0.009331327428884309,27.3,0,0.0,1.0,1,1.0,1.0,0.03663003663003663
topgun_maverik,False,2.977050968560419,0.040164463765021995,557.6,0,0.0,1.0,1,0.0,1.0,0.001793400286944046
tortoiserunner,False,1.4376321913328087,9.733781094948694e-05,3199.6,0,0.0,1.0,1,0.0,1.0,0.0003125390673834229
totaldisasterallthis,False,2.324486444418919,3.271831422016696,1597.8,0,11.0,0.0,1,0.0,0.0,0.0
tough-cookie21,True,6.77249416826091,1.5051887483387734,307.5,0,1.0,0.0,1,0.0,0.0,0.0
tr4p3zoid,False,2.205227379619731,0.5567669967442216,1443.7,0,1.0,0.0,1,0.0,0.0,0.0
tradeind27,False,1.6981309682696788,0.7370989168031863,3094.5,0,1.0,0.0,1,0.0,0.0,0.0
transient_memories,False,3.9432764757158805,0.3833891564089646,66.4,0,1.0,0.0,1,0.0,0.0,0.0
traveleasily,False,2.2819353917035023,0.004153692368693435,109.6,0,0.0,1.0,1,1.0,1.0,0.009124087591240877
triangle344,False,1.797979477836769,0.16085961292998824,667.8,1,0.0,1.0,1,1.0,1.0,0.001497454327643007
triedagain_,False,1.0572928516408682,1.0581209273133727,192.7,0,1.0,0.0,1,0.0,0.0,0.0
triple_hoop,False,4.1968362569112445,0.03626037075553573,1935.1,0,0.0,4.0,3,1.0,0.75,0.002067076636866312
trollfather_1997,False,1.9709515266780553,0.07827906706312042,1681.1,0,0.0,1.0,1,1.0,1.0,0.0005948486110284932
tron455555,False,1.9875504231968115,0.8136794699897139,2212.1,0,0.0,1.0,1,1.0,1.0,0.0004520591293341169
tru-self,False,2.6652643459232235,0.28716468997316996,2360.2,0,0.0,1.0,1,0.0,1.0,0.0004236929073807305
true_north986,False,1.5496018457115301,0.08131050015591483,389.8,0,0.0,1.0,1,1.0,1.0,0.002565418163160595
trycastello,False,3.568134596913007,3.1519587195650938,37.3,0,2.0,0.0,2,0.0,0.0,0.0
trying_to_solve24,False,2.619677382341059,0.06914956831807868,859.3,0,0.0,1.0,1,0.0,1.0,0.0011637379262190155
tsameer14,False,0.5817993622807077,1.056428496364605,2527.7,0,1.0,0.0,1,0.0,0.0,0.0
tshaan,False,1.5311216751123597,0.26962228241731795,2705.5,0,0.0,1.0,1,0.0,1.0,0.00036961744594344855
tube_craze,False,4.134735236971556,2.3375441414220366,430.4,0,3.0,1.0,2,1.0,1.0,0.0023234200743494425
tueursilencieux,True,3.9922000708063794,2.647395894043791,409.9,1,2.0,0.0,1,0.0,0.0,0.0
tuhogazarapaagal,False,4.184425294296843,0.33142933985166545,1002.2,0,0.0,3.0,1,0.6666666666666666,1.0,0.0029934144881261222
turquoise-turtle2,False,1.9245683325359944,0.009262624115252145,481.7,0,0.0,2.0,2,0.0,1.0,0.004151961801951422
twelveparsec,False,0.8853026608581086,0.004173787125321982,1854.3,0,0.0,1.0,1,0.0,1.0,0.0005392870625033706
tygrio,False,1.5582219526968202,0.0013440862238539115,2381.9,1,0.0,1.0,1,0.0,1.0,0.0004198329065032117
tylerdurden__96,False,2.732064207002622,1.4489299321113758,77.9,0,1.0,0.0,1,0.0,0.0,0.0
uWWu1005,False,1.4384453818173315,0.12747124947080188,1952.0,0,0.0,1.0,1,0.0,1.0,0.0005122950819672131
uberuberubee,False,1.9177368956881744,0.41443506871909286,3606.9,0,1.0,0.0,1,0.0,0.0,0.0
ughwhymelord,False,0.796617693765162,0.011637704080209726,1986.0,0,0.0,1.0,1,1.0,1.0,0.0005035246727089627
uj494,False,1.8968471320583862,1.0037819553221283,1337.9,0,0.0,1.0,1,0.0,1.0,0.0007474400179385604
uk4662117,True,1.1346728524292564,1.3576688353615483,2431.1,0,1.0,0.0,1,0.0,0.0,0.0
uk_ranaaaaa,False,1.6629276652129805,0.054799797640822594,390.2,0,0.0,1.0,1,0.0,1.0,0.00256278831368529
umamimaami,False,3.9854794040480996,0.021489087941925843,1563.1,0,0.0,8.0,2,0.125,1.0,0.005118034674684921
ummyeahwhatever09,False,0.5827021827123772,0.0007990411931326955,1581.8,0,0.0,1.0,1,0.0,1.0,0.0006321911746112025
uncre8tv,False,3.9293423108442203,0.08642619110941271,4079.3,0,1.0,0.0,1,0.0,0.0,0.0
underdog8977,False,1.3197396942639354,0.012216556821876886,2522.2,0,0.0,1.0,1,1.0,1.0,0.0003964792641344858
underratedpcperson,False,3.506565055490497,1.0497448200350092,1257.3,0,0.0,1.0,1,0.0,1.0,0.0007953551260637875
undespicable,False,1.3764228871463688,0.0003114779654523834,1084.2,0,0.0,1.0,1,1.0,1.0,0.0009223390518354546
unemployed_0,False,0.6818329543288721,0.3319626461152379,542.2,1,0.0,1.0,1,1.0,1.0,0.0018443378827001104
unfettered2nd,False,2.4417208458396993,0.33035039930238536,4764.6,0,0.0,1.0,1,1.0,0.0,0.000209881207236704
unique_thinker7,False,0.8951856644644837,0.6844766060088118,1902.9,0,0.0,1.0,1,0.0,1.0,0.0005255136896316149
universalbhondu,False,1.8280022304765071,1.9238585388576446,171.6,0,1.0,0.0,1,0.0,0.0,0.0
unknown8327,True,3.093371166104612,0.17248755394483184,274.9,0,0.0,1.0,1,1.0,1.0,0.003637686431429611
unkrownedking_534,False,3.425063239174719,0.032901576801802807,551.9,0,0.0,1.0,1,1.0,1.0,0.001811922449719152
unluck_over9000,False,4.0363468143941486,0.01175512637509124,372.3,0,0.0,2.0,1,0.5,1.0,0.005372011818426
unluckyiest,False,0.808876861591002,0.006425724920970466,1002.1,1,0.0,1.0,1,0.0,1.0,0.0009979044007584073
unplugged_vaibhav,False,1.2338459266006283,0.9388628383838308,846.2,0,1.0,0.0,1,0.0,0.0,0.0
unpopularredditor,False,0.6537041879888228,0.1305372938422858,2735.6,0,0.0,1.0,1,1.0,0.0,0.0003655505190817371
unskilledlabor_,False,3.5774679820982906,0.3292058518209964,202.6,0,0.0,2.0,1,0.0,1.0,0.009871668311944718
unsocializing,False,1.9604690959308795,0.0021043146198952314,545.5,0,0.0,1.0,1,1.0,1.0,0.0018331805682859762
unspoken_one2,False,3.299724843520743,0.36012001537847904,2144.9,0,0.0,2.0,2,0.5,1.0,0.000932444403002471
unwanted_singlechild,False,3.49547731632421,1.7371333433961427,41.2,0,1.0,0.0,1,0.0,0.0,0.0
uppsak,False,4.480593451517898,1.3545456628053103,2938.5,0,0.0,1.0,1,1.0,1.0,0.0003403096818104475
uprobablydontknow,False,0.9504190563760345,0.15641090831905224,2092.9,0,0.0,1.0,1,1.0,1.0,0.0004778059152372306
ur_slimshady,False,1.4292093907348833,0.29190110099751027,1720.1,0,0.0,1.0,1,1.0,1.0,0.0005813615487471659
urbanevol,False,3.150097381066334,0.03704322233417167,3464.0,0,0.0,1.0,1,1.0,1.0,0.0002886836027713626
urbanmale007,False,0.25279895324671026,1.0210540543222353,643.2,0,1.0,1.0,1,1.0,1.0,0.0015547263681592038
urmomslipstickshades,False,0.41260542836947733,0.09460520973635501,1386.2,0,0.0,1.0,1,0.0,1.0,0.0007213966238638003
urs_tamildocky,False,1.0596058633041483,0.18487257858555994,665.7,0,0.0,3.0,1,0.3333333333333333,0.6666666666666666,0.004506534474988734
usamahK,False,3.1030092965281955,0.13536719120231297,1186.7,0,0.0,1.0,1,0.0,1.0,0.0008426729586247577
user06_699,False,2.466337028261453,0.35702553596476133,415.8,1,0.0,1.0,1,1.0,1.0,0.002405002405002405
user_prajwal,False,0.8416982190638408,0.055710607014005785,460.5,1,0.0,1.0,1,1.0,0.0,0.002171552660152009
usermous-anonyname,False,0.01966745485374007,0.18232155679395465,855.9,0,0.0,1.0,1,0.0,1.0,0.0011683607898118939
usernamechecksout98,False,0.7790436534223132,0.30423023894614,1996.8,1,0.0,2.0,1,1.0,1.0,0.0010016025641025642
usernamefoundnot,False,2.78747406952159,0.30463220900863774,2263.0,0,0.0,2.0,1,0.0,1.0,0.0008837825894829872
usernamekyatha,False,0.17720314204315563,0.08167803101426718,257.9,1,0.0,1.0,1,0.0,1.0,0.0038774718883288098
usernameman66,False,1.7569431098375214,0.14916189422487555,1945.9,0,0.0,1.0,1,0.0,1.0,0.0005139010226630351
usv240,False,0.6079251010062736,0.0867837887413045,2385.8,0,0.0,1.0,1,0.0,1.0,0.00041914661748679684
v5nx,True,5.398688712786522,0.0005281225367007047,8.6,0,0.0,1.0,1,1.0,1.0,0.11627906976744186
vEnoM_420,False,1.96105201206841,0.2788799650344691,2809.0,0,0.0,1.0,1,0.0,1.0,0.000355998576005696
vad3rop,False,2.322050816581005,2.57829916484332,2107.2,0,2.0,1.0,1,0.0,1.0,0.0004745634016704632
vadakkus,False,1.2293368325457465,0.08837667961619737,5370.9,0,0.0,1.0,1,0.0,1.0,0.0001861885345100449
valkvanguard25,False,1.2765306050245606,0.438366544302553,519.7,0,0.0,1.0,1,1.0,1.0,0.001924187030979411
valley_lemon,False,3.531415770634064,0.01995061660548637,1788.6,0,0.0,1.0,1,1.0,1.0,0.0005590965000559097
valmen01,False,1.7608492814630428,0.04724932331583276,2820.0,0,0.0,2.0,2,0.5,1.0,0.0007092198581560284
varanbhat-toop,False,3.075911572257124,0.3137894290572767,270.3,0,1.0,0.0,1,0.0,0.0,0.0
variousnecessities7,False,1.363527827189192,0.1431178546382837,3107.6,0,0.0,1.0,1,0.0,1.0,0.00032179173638820956
varun024,False,2.351717334196341,2.0307168203951496,459.3,0,0.0,1.0,1,0.0,1.0,0.002177226213803614
varun1825,False,0.23110182079615188,2.986943767520912,3046.3,0,1.0,0.0,1,0.0,0.0,0.0
vas060985,False,1.7817463686456179,0.016981444213960174,2007.4,0,0.0,2.0,1,1.0,1.0,0.0009963136395337252
vegirajukrishna,False,1.3140257273231124,2.272507637756768,192.2,0,1.0,0.0,1,0.0,0.0,0.0
vellaaadmi,False,1.3163739619284227,1.128838664816902,1783.6,0,0.0,1.0,1,1.0,1.0,0.0005606638259699485
veniato,False,2.5145202720409947,0.15141624029168788,2550.2,0,0.0,1.0,1,0.0,1.0,0.00039212610775625446
veriyyan,False,0.9247382151641227,0.045798938077052535,2906.9,0,0.0,1.0,1,1.0,1.0,0.00034400908183976055
vermax69,True,2.21562272239976,0.9318374556124549,742.0,0,1.0,0.0,1,0.0,0.0,0.0
veteranofidgafwar,False,0.46147457950519244,0.1303045424544247,1128.9,0,0.0,1.0,1,0.0,1.0,0.0008858180529719195
vhef21,False,1.1620862166805324,0.06730965277612483,3377.5,0,0.0,1.0,1,0.0,1.0,0.00029607698001480384
vick1e,False,0.5083185713716919,0.0005622715919852564,2683.8,0,0.0,1.0,1,1.0,1.0,0.0003726060064088233
vickymal,False,1.0983507909383812,0.39489676326044443,3059.7,0,1.0,0.0,1,0.0,0.0,0.0
vidhikaroy,False,5.333847072069897,2.9367339327920354,482.7,0,4.0,0.0,1,0.0,0.0,0.0
vidushak0,False,2.6619486418616525,0.023965335297365643,2256.5,0,0.0,5.0,3,0.4,1.0,0.0022158209616662972
viduyutjinha,False,4.788171783610702,2.5083536898379024,215.6,0,2.0,0.0,1,0.0,0.0,0.0
vidyut_22,False,0.4492191715867817,0.009208168193862542,1922.1,0,0.0,1.0,1,1.0,1.0,0.0005202642942614849
vihanam,False,4.449415656578859,0.13405100812075543,26.0,0,0.0,1.0,1,1.0,1.0,0.038461538461538464
vijayvithal,False,0.7773322375764772,1.740518232416195,3267.1,0,0.0,1.0,1,0.0,1.0,0.0003060818462856968
vikas_redd,False,0.7776445800458018,0.22149448737302868,2703.3,0,0.0,2.0,1,1.0,1.0,0.0007398364961343543
vikascr76,False,2.1549714730901477,0.05623428541521104,2193.6,0,0.0,1.0,1,1.0,1.0,0.00045587162654996355
vikasinc,True,3.0785039612598957,1.1458386021546128,117.1,0,0.0,2.0,1,0.5,1.0,0.017079419299743808
vikeng_gdg,False,0.9694462488455763,0.00022489598655455985,2716.8,0,0.0,6.0,6,0.16666666666666666,1.0,0.0022084805653710244
vikka94,False,0.5832198368564361,1.0352788980887202,1833.8,0,0.0,1.0,1,0.0,1.0,0.0005453157378121933
vikneshdbz,False,0.3731449436002894,0.018884681390527357,3897.9,0,0.0,1.0,1,0.0,1.0,0.0002565483978552554
vikramdinesh,False,1.6923752173689146,0.09097409026159523,4646.5,0,0.0,2.0,1,1.0,0.5,0.0004304315075863553
vikrantnegi,False,0.05095931096725162,0.24640041347847702,3309.1,0,0.0,1.0,1,0.0,1.0,0.0003021969719863407
vimsoap,False,0.8514575238249874,0.5416222228874101,932.2,0,0.0,1.0,1,0.0,1.0,0.001072731173567904
vin_cuck,False,2.3560022174136237,0.4030549752937551,1150.0,0,0.0,1.0,1,1.0,1.0,0.0008695652173913044
vineethgk,False,0.7141947589729832,0.7562910761429317,3573.0,0,6.0,4.0,1,0.75,1.0,0.001119507416736636
vineetr,False,1.0702826667220897,0.16785103504205828,7145.9,0,3.0,17.0,1,0.5882352941176471,1.0,0.0023789865517289638
vinodhan20,False,1.5980417777032307,0.12038872471772813,353.0,0,0.0,1.0,1,0.0,1.0,0.0028328611898017
viralseeker,False,0.08313779211153959,0.38158337610477705,3806.6,0,0.0,1.0,1,0.0,1.0,0.00026270162349603324
viraniac,False,0.1770789681889091,0.06689423483003024,1749.9,0,0.0,1.0,1,0.0,1.0,0.0005714612263557917
viratkohli_un,False,2.388710061914425,6.570882962339584,69.6,0,1.0,0.0,1,0.0,0.0,0.0
virginveshya,False,1.126417709585022,4.364371699435161,565.1,0,1.0,0.0,1,0.0,0.0,0.0
vishalWealthView,False,0.48562986970527566,2.580216829592325,315.1,0,1.0,0.0,1,0.0,0.0,0.0
vishasv,False,3.8501403840795523,0.09730974401759859,2358.3,0,0.0,4.0,3,0.75,1.0,0.0016961370478734681
vishwas_babar,False,0.1498037613930052,0.9365959980349007,1225.2,0,0.0,1.0,1,0.0,1.0,0.0008161932745674175
vistrocity,False,0.23014756199962702,0.7357586178481851,3238.2,0,0.0,1.0,1,1.0,1.0,0.00030881353838552286
vivekjd,False,0.5336277533943683,0.05179150912840488,3595.2,0,0.0,1.0,1,1.0,1.0,0.00027814864263462394
vivxik,False,0.7526638273900073,2.322440856664743,3351.9,0,0.0,1.0,1,1.0,1.0,0.0002983382559145559
vk_76,False,0.06433582662906764,0.1634530724895718,1881.1,0,0.0,1.0,1,1.0,1.0,0.0005316038488118654
vkbluewhales,False,0.16852220573223176,0.048368667851284505,3225.2,0,0.0,1.0,1,1.0,1.0,0.00031005829095870027
vkpaul123,False,3.693001438456591,0.011358628460831528,2303.6,0,0.0,1.0,1,1.0,1.0,0.00043410314290675465
vmauryan12,False,3.201906194246118,1.833999350061097,2663.9,0,0.0,1.0,1,1.0,1.0,0.000375389466571568
vmohare,False,1.1920563545993221,0.03834074829509083,1089.0,0,0.0,1.0,1,0.0,1.0,0.0009182736455463728
vodkaandnimboo,False,2.459203188115938,0.04080185793931775,2128.0,0,0.0,3.0,2,0.6666666666666666,1.0,0.0014097744360902255
voidmealive,False,4.676075741551885,1.8431604004490338,220.7,0,0.0,1.0,1,0.0,1.0,0.004531037607612144
vontikoppal,False,3.2142646371953982,0.11790559218573594,384.3,0,0.0,1.0,1,1.0,1.0,0.0026021337496747333
vsw985_,False,1.8215512709216668,1.9468547335084179,1226.3,0,1.0,0.0,1,0.0,0.0,0.0
vyomafc,False,2.8642194808738117,0.011216553561314482,3833.3,0,0.0,3.0,3,0.0,1.0,0.0007826155010043566
waaasupla,False,3.205683729956624,0.010727855190853801,1199.5,0,0.0,2.0,2,0.5,1.0,0.0016673614005835765
waah_modiji_wah,False,0.8821398182483127,0.1414700424142119,2295.8,0,0.0,1.0,1,1.0,1.0,0.0004355780120219531
wah_mudizi_wah,False,0.6439965670264084,0.00098376791013275,1123.8,0,0.0,1.0,1,0.0,1.0,0.0008898380494749956
waifuchoker,False,0.8300029805372828,1.539375178857298,1203.1,0,0.0,1.0,1,0.0,1.0,0.0008311861025683651
wakandanameisthis96,False,1.2832520859413117,0.20603958350615167,2044.2,0,0.0,1.0,1,0.0,1.0,0.0004891889247627434
wakkanaii,False,1.422174439758006,2.330281474103678,1721.8,0,1.0,0.0,1,0.0,0.0,0.0
walking_you_home,False,3.6977038283063646,0.006197874428966904,106.9,0,0.0,1.0,1,1.0,1.0,0.009354536950420954
walkinggreenforest,False,4.175173998398425,0.06300480585823844,699.8,0,0.0,1.0,1,0.0,1.0,0.0014289797084881396
wallflower1701,False,0.05223119222544569,0.7621400520468967,3058.6,0,0.0,1.0,1,0.0,1.0,0.0003269469692015955
waltermitty221ggn,True,1.9447592169931012,0.3423852062087529,447.1,0,0.0,1.0,1,1.0,1.0,0.0022366360993066425
wanderingtobemyself,False,1.5154233448456065,0.0009101666233126476,1547.3,0,0.0,1.0,1,0.0,1.0,0.0006462870807212564
wanna_be_gentleman,True,5.357353860651912,0.7054421669668925,584.8,0,0.0,1.0,1,1.0,0.0,0.0017099863201094393
wardaddy93,False,0.29447944582144664,0.2259443718460014,3390.5,0,1.0,1.0,1,1.0,1.0,0.0002949417490045716
warhammer047,False,2.9068380950586192,0.008466734178239212,2056.9,0,0.0,1.0,1,0.0,1.0,0.00048616850600418103
warhammer27,False,2.8809783800976687,0.10777092313072202,2146.9,0,0.0,2.0,2,1.0,1.0,0.0009315757603987144
warriorden,False,6.101284930341348,3.164046085077825,104.4,0,2.0,0.0,1,0.0,0.0,0.0
watchingRummy,False,3.1680836580280958,0.7802574510831597,525.0,0,1.0,3.0,2,0.6666666666666666,1.0,0.005714285714285714
way__to__eternity,False,2.6846840193778654,0.20215358702160874,697.4,0,1.0,1.0,1,0.0,1.0,0.0014338973329509608
wdym_adi,False,4.48637960125103,4.546940923095932,607.1,0,1.0,0.0,1,0.0,0.0,0.0
weakindependent-girl,False,3.7906690856179917,0.6197065234817809,232.5,1,2.0,0.0,2,0.0,0.0,0.0
webdev09,False,1.793879046758421,0.019994089265188995,3063.4,0,0.0,1.0,1,0.0,1.0,0.00032643468042044786
weird-human6666,False,1.4975348470168357,1.3705234249268952,1594.8,0,0.0,1.0,1,1.0,1.0,0.0006270378730875346
weirdaashead,False,1.8208820864743345,1.20863816358643,719.1,0,2.0,0.0,1,0.0,0.0,0.0
weirdman008,False,0.7443023438608752,0.013227706097551091,687.8,0,0.0,1.0,1,1.0,1.0,0.0014539110206455365
wetbhai,False,3.3453955133614577,0.48223702905785093,405.6,0,0.0,3.0,3,0.3333333333333333,1.0,0.0073964497041420114
wewake_235,False,4.246663758724772,0.0005859855858966509,1858.9,0,0.0,8.0,3,0.375,1.0,0.0043036204206788956
whackedhand,False,3.2309067514411964,0.3365843924431523,220.1,0,0.0,2.0,1,0.5,1.0,0.009086778736937756
whatamidoinghere2023,False,2.2849790044189966,0.09862758932804044,1146.0,0,1.0,1.0,1,0.0,1.0,0.0008726003490401396
whateveryousay0,False,3.7329077724139696,1.4426676671738035,418.5,0,1.0,0.0,1,0.0,0.0,0.0
whatguyy,False,1.1293358361687755,0.020969315517422864,482.9,0,0.0,1.0,1,1.0,1.0,0.002070822116380203
whatifnoway12789,False,2.389330063697533,0.22982873373967316,1780.1,0,0.0,1.0,1,0.0,1.0,0.0005617661929105107
whats_happening_123,False,1.0715836162801904,0.567855329194667,237.5,0,1.0,0.0,1,0.0,0.0,0.0
whereisstumbleupon,False,0.6244085026009599,0.04158725187537399,2008.9,0,0.0,1.0,1,0.0,1.0,0.0004977848573846384
whiteraven80085,False,0.04442817766517237,0.09237332013101514,1474.8,0,0.0,1.0,1,1.0,1.0,0.0006780580417683754
whoisvish,True,0.7939518796819109,0.5710848152841875,234.3,0,0.0,1.0,1,0.0,1.0,0.004268032437046521
whothiswhodat,False,4.5585958421409325,0.3432296792306396,1718.0,0,0.0,3.0,1,0.3333333333333333,1.0,0.0017462165308498253
why2chose,False,1.37525335525056,0.6025762039627904,3082.8,0,0.0,1.0,1,0.0,1.0,0.00032438043337225896
why_not_fcuk,False,2.8469017960756102,2.299776595448517,700.8,0,1.0,0.0,1,0.0,0.0,0.0
wickanCrow,False,3.59060043951497,0.03946347088226113,2804.5,0,0.0,1.0,1,0.0,1.0,0.00035656979853806385
widecoc,False,3.9745841843113783,3.638826700761301,77.2,0,1.0,0.0,1,0.0,0.0,0.0
windwalker97,False,0.2644315365612298,0.06701071028296025,3207.9,1,0.0,1.0,1,1.0,1.0,0.0003117304155366439
winelover97,False,1.6494460861028344,0.6034489300101904,3315.1,0,0.0,1.0,1,0.0,1.0,0.00030165002564025217
winterberry828,False,4.682405952767052,0.004180890009878144,347.1,0,0.0,4.0,2,0.5,1.0,0.011524056467876692
wintwr124,True,1.3436703800687346,1.7736477192850089,540.4,0,1.0,0.0,1,0.0,0.0,0.0
wise_ass_wizard,False,3.467140279321582,4.6879028675111306e-05,687.1,0,0.0,2.0,1,0.5,1.0,0.0029107844564110028
wisedaikonhume,False,4.619226062349628,0.46425545956596315,72.2,0,0.0,1.0,1,0.0,1.0,0.013850415512465374
wishwazh,False,1.1891482786528675,0.2598507981532306,2434.9,0,0.0,1.0,1,1.0,1.0,0.0004106944843730749
wishyanu,False,0.845537599720308,0.04388774246457145,2241.9,0,0.0,1.0,1,0.0,1.0,0.00044605022525536376
wit-with-tit,False,1.1636686315139806,0.0004181476121976244,1086.0,0,0.0,2.0,1,1.0,1.0,0.001841620626151013
witch_tear,False,5.338796445136486,3.7227596771039058,109.2,0,1.0,0.0,1,0.0,0.0,0.0
witnessthis,False,0.7872902305488799,0.03814086784627156,5533.5,0,0.0,1.0,1,1.0,1.0,0.00018071744826963042
wittykitty24,False,0.661447580072796,0.3730240819402619,985.5,0,0.0,1.0,1,0.0,1.0,0.0010147133434804667
wizer1212,False,1.6585453052963555,0.30187011855611817,2626.5,0,0.0,1.0,1,1.0,1.0,0.0003807348181991243
wolverine20j,False,1.7108463402546552,0.015550852632276988,3101.7,0,0.0,1.0,1,1.0,1.0,0.00032240384305380924
worrydlad,False,0.26237160232828455,0.20935022918187393,2096.6,0,0.0,1.0,1,1.0,1.0,0.0004769627015167414
wsarth_7,False,0.11907805448117315,0.8698507450496766,2237.9,0,0.0,1.0,1,1.0,1.0,0.0004468474909513383
wsbgodly123,False,3.980890687768552,6.689690353452686e-05,2275.1,0,0.0,1.0,1,0.0,1.0,0.0004395411190716892
wtf-is-a-km,False,1.502548090317771,0.008018370566951469,1003.4,0,0.0,1.0,1,0.0,1.0,0.000996611520829181
wtf125,False,2.9493592539439577,0.1057903665149278,2814.9,0,0.0,1.0,1,0.0,1.0,0.0003552524068350563
wtfashur,False,0.24116205681688804,0.019418085857101582,187.0,0,0.0,1.0,1,0.0,1.0,0.0053475935828877
wtfbro2times,False,3.1251814586560833,0.011088217272390604,345.8,0,0.0,1.0,1,0.0,1.0,0.002891844997108155
wtfrukidding,False,2.452997698772374,5.195479933627441e-05,1811.8,0,0.0,1.0,1,1.0,1.0,0.0005519372999227288
wubbalubbadubdubaf,False,0.7227579425846292,0.10421125536756157,1457.4,0,0.0,1.0,1,0.0,1.0,0.0006861534239055852
wwwdotl,False,0.8178353555541036,1.0800544379174721,1306.9,0,1.0,0.0,1,0.0,0.0,0.0
xXInviktor27Xx,False,3.0077100734685427,0.4506436619449562,2737.8,0,1.0,2.0,1,1.0,1.0,0.0007305135510263715
xalorin,False,1.8606614481499557,2.9428265090508723,342.3,0,1.0,0.0,1,0.0,0.0,0.0
xerxes_dandy,False,2.947770676642409,0.8621234091595272,3580.0,0,1.0,0.0,1,0.0,0.0,0.0
xesplorers,False,1.255288222362562,0.36070720746667084,226.0,0,1.0,0.0,1,0.0,0.0,0.0
xicipo1206,False,2.6023871201203836,1.6901032851339814,857.0,0,0.0,1.0,1,0.0,1.0,0.0011668611435239206
xidno,True,2.116306907357251,1.045006276432529,328.2,0,1.0,1.0,2,1.0,0.0,0.0030469226081657527
xiipaoc,False,3.5735397725991445,0.01730686789174242,5459.3,0,1.0,0.0,1,0.0,0.0,0.0
xingrox,False,2.014840538115427,0.057718310019286415,1067.0,0,0.0,1.0,1,0.0,1.0,0.0009372071227741331
xixixima,False,1.2564288461927888,0.04052119740563942,1983.8,0,0.0,2.0,1,0.0,1.0,0.0010081661457808247
xokilixo,False,3.499247415720961,1.9564248229552494,196.6,1,0.0,1.0,1,0.0,1.0,0.00508646998982706
xoxo_gossiper,False,3.0971375773115217,0.4480234744793748,1648.3,0,2.0,0.0,1,0.0,0.0,0.0
xsandroidx,False,0.16896488240235435,0.6579435453669656,3330.1,0,0.0,2.0,2,0.0,1.0,0.0006005825650881355
xxwranglerxx,False,2.7518057969001113,0.11778521093370412,3916.8,1,0.0,1.0,1,1.0,1.0,0.0002553104575163399
xxxfooxxx,False,2.8636523772541507,0.3551206304066283,2067.3,0,0.0,2.0,1,0.5,0.5,0.0009674454602621776
xxxx1145,False,0.428603919129385,0.33368542571403365,801.7,0,0.0,1.0,1,1.0,1.0,0.0012473493825620556
xyloxing,False,0.9049516202364611,0.2577536005619272,528.6,1,2.0,0.0,1,0.0,0.0,0.0
yadeyadedjolyne,False,3.2656005480405335,0.3109674300412497,1999.1,0,1.0,0.0,1,0.0,0.0,0.0
yamos-,False,5.332451906952752,2.5748668555727816,525.0,0,1.0,0.0,1,0.0,0.0,0.0
yantrik,False,1.9032340439830087,0.016331686045310167,4964.3,0,0.0,4.0,2,0.5,1.0,0.0008057530769695626
yapplecider,False,5.186004831452157,0.021467623654066733,672.0,0,0.0,3.0,2,0.6666666666666666,1.0,0.004464285714285714
yardini,False,2.8818671750993325,0.09175555826951536,4105.4,0,0.0,1.0,1,1.0,1.0,0.0002435816242022702
yare-yare__,False,0.604247941956191,1.6529230243738393,168.7,0,0.0,1.0,1,1.0,1.0,0.005927682276229995
yasarfa,False,1.0993994342793474,0.02177379954956065,1947.2,0,0.0,1.0,1,0.0,1.0,0.000513557929334429
yash1501999,False,0.11505355151367515,0.3022808718729336,2066.7,0,0.0,1.0,1,1.0,1.0,0.000483863163497363
ycwawao,False,0.8002991939752193,1.6926402792409938,2175.0,0,1.0,1.0,1,0.0,1.0,0.0004597701149425287
yed_kriz,False,0.35311453029847745,0.7850370919594721,2203.1,0,0.0,1.0,1,0.0,1.0,0.00045390585992465167
yeehaw0798,False,0.8386087482966833,0.7720411230296084,1324.3,1,0.0,1.0,1,0.0,1.0,0.0007551159102922299
yellowbeard_1209,False,1.021743675380558,0.12803023482176157,1557.9,0,0.0,1.0,1,1.0,1.0,0.0006418897233455292
yellowcrustedwarbler,False,1.7010781318117851,0.03593829377142364,866.1,0,0.0,3.0,2,0.6666666666666666,0.6666666666666666,0.0034638032559750607
yellowflame-0-,False,1.6352912912604343,2.0887008670926326,420.0,0,2.0,0.0,2,0.0,0.0,0.0
yellowflash171,False,2.0014858667062714,0.46409752339618804,2764.2,0,0.0,1.0,1,0.0,1.0,0.0003617683235655886
yellowlittleheart,False,1.7271813137628826,0.11256977999144484,728.9,1,0.0,1.0,1,1.0,1.0,0.0013719303059404582
yeti201,False,1.2849039451055613,0.31239364346632875,2689.8,0,0.0,1.0,1,1.0,1.0,0.00037177485314893296
yewlarson,False,2.1683516039353474,0.00023099133885191527,1677.2,0,0.0,2.0,1,0.0,1.0,0.0011924636298592892
yges_,False,0.4968621904494185,1.0600718733603332,2371.2,0,1.0,0.0,1,0.0,0.0,0.0
yo_yo_wassupp,False,1.6477361770802506,0.21344459178269315,525.6,0,0.0,2.0,2,1.0,1.0,0.00380517503805175
yohohohoho07,False,1.5642987641535755,0.7134553922765099,460.4,0,0.0,1.0,1,0.0,1.0,0.002172024326672459
yorokek05,False,2.3081749767741635,0.5980940549850569,1445.0,0,0.0,1.0,1,0.0,1.0,0.0006920415224913495
youcanbeanything_dog,False,2.21780270634744,0.4309858999559341,462.8,0,0.0,1.0,1,1.0,1.0,0.0021607605877268796
youioiut,False,1.0748572240940224,0.15099444364582085,491.3,0,0.0,1.0,1,1.0,1.0,0.002035416242621616
youjustletmebe,False,1.9605261993941157,2.2699443105545,780.1,0,1.0,0.0,1,0.0,0.0,0.0
youngrenegade28,False,1.3960405651341452,0.5402083347016906,2677.7,0,0.0,1.0,1,0.0,1.0,0.0003734548306382343
youngwolf616,False,0.21007577740172123,0.0021857932199802585,1954.9,0,0.0,1.0,1,0.0,1.0,0.0005115351168857742
yours_wisely,False,3.3297508213421523,0.004016309206363342,935.6,0,0.0,2.0,1,0.5,1.0,0.002137665669089354
yoyofunnyysingh,False,3.588915605628264,0.0009225092905153274,61.6,1,0.0,3.0,1,1.0,1.0,0.048701298701298704
ysrfgk,False,0.9041716284760473,0.03957735776071405,1296.7,0,0.0,1.0,1,0.0,1.0,0.000771188401326444
yung_intellectual,False,3.0420965216984728,1.2061270318315462,628.9,0,4.0,0.0,2,0.0,0.0,0.0
yushh_08,False,3.6673732488929724,1.108278260122538,188.0,0,0.0,1.0,1,1.0,0.0,0.005319148936170213
zak320,False,0.6389762133189959,0.4612998950176047,1686.9,1,0.0,1.0,1,0.0,1.0,0.0005928033671231252
zaku_daa,False,0.9835587606657639,0.0003627788902475519,1646.4,1,0.0,1.0,1,0.0,1.0,0.0006073858114674441
zanyymerc,False,3.682439640887747,1.8807268059850295,332.6,0,1.0,0.0,1,0.0,0.0,0.0
zaplinaki,False,3.047509445172872,0.2129243046756594,5491.8,0,0.0,2.0,2,1.0,1.0,0.00036417932189810264
zaqplm25688524,False,1.100613174973568,0.2562709372416903,2030.4,0,0.0,2.0,2,1.0,1.0,0.0009850275807722615
zartaj0,False,1.5724355830801708,0.3215732721070066,872.1,0,0.0,1.0,1,1.0,1.0,0.0011466574934067195
zatokumeino,False,1.043102210172924,0.25258081815842015,2517.4,0,0.0,1.0,1,0.0,1.0,0.0003972352427107333
zawano,False,1.9374278295816805,0.07290831355966235,916.7,0,0.0,1.0,1,1.0,1.0,0.0010908694229300752
zealous_wolf,False,3.6397343882646753,1.9050724963565737,1860.0,0,0.0,1.0,1,1.0,1.0,0.0005376344086021505
zeki_lol,False,1.6025044307428906,0.4912437044482689,798.9,0,1.0,0.0,1,0.0,0.0,0.0
zengoind,True,1.611796525023191,0.12303344350140612,779.2,0,0.0,1.0,1,1.0,1.0,0.0012833675564681724
zenox_18,False,2.217843864538955,2.4477671028385437,384.0,0,1.0,0.0,1,0.0,0.0,0.0
zero_zeppelii_0,False,4.315039557128234,0.06228103034434471,398.0,0,0.0,2.0,1,1.0,1.0,0.005025125628140704
zesttech200,False,0.7802583866882478,0.018349138668196534,1627.7,0,0.0,1.0,1,1.0,1.0,0.0006143638262579099
zeusakash,False,2.3521125339561957,0.4903304018050033,3079.7,0,1.0,0.0,1,0.0,0.0,0.0
zf_ultron,False,2.0735143522534467,0.03818916102449317,640.9,0,0.0,1.0,1,0.0,1.0,0.0015603058199407085
zicrono,False,0.4225861488882757,0.13512586545768013,509.6,0,0.0,1.0,1,1.0,1.0,0.0019623233908948193
zincovit,False,3.20667039859358,0.05489316404284033,2078.6,0,0.0,3.0,3,0.3333333333333333,1.0,0.0014432791301837776
zlasher123,False,0.8653645169418347,0.08847610180191133,2437.0,0,0.0,1.0,1,0.0,1.0,0.0004103405826836274
zmilesbruce,False,0.9903639449948698,2.8690489884273433,822.0,0,0.0,1.0,1,1.0,1.0,0.0012165450121654502
zombieliukang,False,0.19385589874894704,0.23213526250617383,1823.1,0,0.0,1.0,1,0.0,1.0,0.000548516263507213
zor_se_bolo,False,2.870621000837485,0.07826198804483249,713.3,0,0.0,1.0,1,0.0,1.0,0.0014019346698443853
zororororororororo,False,0.9486916032424667,0.003197079681404325,1385.3,0,0.0,1.0,1,0.0,1.0,0.0007218652999350321
zqwz,False,2.7111384885048095,0.46330973418515126,3095.1,1,3.0,3.0,2,1.0,1.0,0.000969274013763691
zwoi,False,1.1569071585115316,2.6629819157005037,387.6,0,1.0,0.0,1,0.0,0.0,0.0
zzzehar,False,0.6340152130305571,0.05549640544951536,3514.6,0,0.0,1.0,1,1.0,1.0,0.0002845273999886189
