subreddit,post_id,collection_month,comment_id,author,in_top10,top10_rank,in_first5,first5_rank,is_submitter,comment_score,comment_created_utc,comment_depth,author_account_age_days,author_link_karma,author_comment_karma,author_verified_email
india,1l9mx5y,2025-06,mxdr1a9,Karna1394,True,1.0,True,4.0,False,2406,1749736555,0,2974.3,70372.0,83548.0,True
india,1l9mx5y,2025-06,mxdqyla,nomad_ivc,True,2.0,True,3.0,True,992,1749736532,0,2361.3,14979.0,6885.0,True
india,1l9mx5y,2025-06,mxdrujg,Shank46,True,3.0,False,,False,744,1749736806,0,1892.6,377.0,4227.0,True
india,1l9mx5y,2025-06,mxdpweh,tiramisuu123,True,4.0,True,1.0,False,604,1749736199,0,,,,
india,1l9mx5y,2025-06,mxdqg0t,Subject-Confidence-7,True,5.0,True,2.0,False,433,1749736371,0,2152.9,1654.0,5656.0,True
india,1l9mx5y,2025-06,mxdrtn1,Witcher94,True,6.0,False,,False,242,1749736798,0,3652.0,452.0,18855.0,True
india,1l9mx5y,2025-06,mxdrvab,Hamicode,True,7.0,False,,False,223,1749736812,0,1930.4,99.0,2489.0,True
india,1l9mx5y,2025-06,mxdtfnc,Winter-AJR219,True,9.0,False,,False,84,1749737291,0,465.9,191.0,5013.0,True
india,1l9mx5y,2025-06,mxdrnda,thatsme5500,True,8.0,False,,False,87,1749736745,0,1826.5,409.0,14628.0,True
india,1l9mx5y,2025-06,mxdrg3f,LetPsychological650,True,10.0,True,5.0,False,65,1749736683,0,1845.0,824.0,3876.0,True
india,1ll19pm,2025-06,mzw1hbx,Mitth-Raw_Nuruodo,True,1.0,True,1.0,False,588,1750948539,0,2210.2,263.0,18164.0,True
india,1ll19pm,2025-06,mzwdp48,Lattice-shadow,True,2.0,True,4.0,False,379,1750951986,0,1500.3,521.0,27770.0,True
india,1ll19pm,2025-06,mzwvsa3,treeshade01,True,3.0,False,,False,125,1750957070,0,2277.6,1341.0,23473.0,True
india,1ll19pm,2025-06,mzwhl11,Life_Abalone_3689,True,4.0,False,,False,76,1750953061,0,931.9,2552.0,275.0,True
india,1ll19pm,2025-06,mzw2hp7,moonlight_chicken,True,5.0,True,2.0,False,66,1750948828,0,1621.5,3872.0,43644.0,True
india,1ll19pm,2025-06,mzw4pds,YeahImMan39,True,6.0,True,3.0,False,34,1750949450,0,745.2,2390.0,54016.0,False
india,1ll19pm,2025-06,mzwh7x9,subashj24,True,7.0,True,5.0,False,12,1750952960,0,2550.0,244.0,9058.0,True
india,1ll19pm,2025-06,n00tilq,overloadedonsarcasm,True,8.0,False,,False,11,1751006396,0,2388.5,1516.0,59442.0,True
india,1lh10x0,2025-06,mz0mhc2,ScheduleSame258,True,1.0,False,,False,1301,1750526832,0,1875.9,430.0,90432.0,True
india,1lh10x0,2025-06,mz0g1eb,hudi_baba,True,2.0,True,1.0,False,1259,1750524839,0,2226.2,21170.0,144936.0,True
india,1lh10x0,2025-06,mz0vrmt,tera_chachu,True,3.0,False,,False,525,1750529724,0,1114.8,10521.0,192150.0,True
india,1lh10x0,2025-06,mz0h1hu,Karna1394,True,4.0,True,2.0,False,407,1750525148,0,2974.3,70372.0,83548.0,True
india,1lh10x0,2025-06,mz0ij7w,_lexium,True,5.0,True,4.0,False,349,1750525612,0,1938.2,15720.0,5736.0,True
india,1lh10x0,2025-06,mz0xr07,jiohotstarlogosucks,True,6.0,False,,False,160,1750530363,0,,,,
india,1lh10x0,2025-06,mz0xlqi,OrganizedChaosBruv,True,7.0,False,,False,155,1750530317,0,557.5,4410.0,5874.0,True
india,1lh10x0,2025-06,mz0j6uv,fuckingsignupprompt,True,8.0,False,,False,122,1750525815,0,,,,
india,1lh10x0,2025-06,mz0hzlz,BuggyIsPirateKing,True,9.0,True,3.0,False,111,1750525441,0,990.0,1.0,28443.0,True
india,1lh10x0,2025-06,mz0io5p,thisissk717,False,,True,5.0,False,68,1750525654,0,1593.1,277.0,48600.0,True
india,1lh10x0,2025-06,mz0wt0s,Avionic7779x,True,10.0,False,,False,72,1750530057,0,,,,
india,1l9hd1b,2025-06,mxd9qdy,IAmMohit,True,10.0,False,,False,1,1749730569,0,4825.5,105869.0,47425.0,True
india,1l9hd1b,2025-06,mxcknrj,mrdrinksonme,True,1.0,True,2.0,False,683,1749718065,0,3016.1,20230.0,55999.0,True
india,1l9hd1b,2025-06,mxckk79,jaseerkb6,True,2.0,True,1.0,False,574,1749718005,0,2346.4,20.0,694.0,True
india,1l9hd1b,2025-06,mxcn761,dogef1,True,3.0,False,,False,521,1749719618,0,3859.8,882.0,11985.0,False
india,1l9hd1b,2025-06,mxcoq0u,Bruce-Lannister,True,4.0,False,,False,230,1749720538,0,3090.0,7516.0,6602.0,True
india,1l9hd1b,2025-06,mxclwjt,svmk1987,True,5.0,True,4.0,False,190,1749718821,0,5272.1,5620.0,255499.0,True
india,1l9hd1b,2025-06,mxcmv1q,ExaminationFail25,True,6.0,True,5.0,False,126,1749719411,0,1486.0,53.0,190172.0,True
india,1l9hd1b,2025-06,mxcn0ub,sumyth90,True,7.0,False,,False,108,1749719510,0,4034.6,2657.0,14961.0,True
india,1l9hd1b,2025-06,mxcl334,notmanish64,True,8.0,True,3.0,False,94,1749718322,0,2013.0,5675.0,11141.0,True
india,1l9hd1b,2025-06,mxcq7a3,HeWhoDidIt,True,9.0,False,,False,75,1749721410,0,2707.9,2051.0,33063.0,True
india,1l6gih2,2025-06,mwolygs,Inevitable-Dig3420,True,1.0,True,2.0,False,1009,1749401702,0,1151.7,880.0,17227.0,True
india,1l6gih2,2025-06,mwok0ow,ThinkBlink3,True,2.0,True,1.0,False,482,1749401123,0,,,,
india,1l6gih2,2025-06,mwopc71,AsteLadiesKoleBachha,True,3.0,True,3.0,False,441,1749402710,0,,,,
india,1l6gih2,2025-06,mwpbkp6,Kambar,True,4.0,False,,False,151,1749409349,0,4114.7,4965.0,128278.0,False
india,1l6gih2,2025-06,mwpjsa7,Different_Mixture868,True,5.0,False,,False,47,1749411891,0,2042.6,1578.0,1966.0,True
india,1l6gih2,2025-06,mwopr8o,Raj_Valiant3011,True,6.0,True,4.0,False,31,1749402836,0,953.4,1524040.0,34190.0,True
india,1l6gih2,2025-06,mwrse0t,rooted_wall,True,7.0,False,,False,28,1749439904,0,579.4,3.0,1134.0,True
india,1l6gih2,2025-06,mwrhh1t,mujhepehchano123,True,8.0,False,,False,22,1749435597,0,,,,
india,1l6gih2,2025-06,mwrv61h,krthiak,True,9.0,False,,False,19,1749441091,0,1926.2,4637.0,8321.0,True
india,1l6gih2,2025-06,mwp7q93,mahyur,True,10.0,True,5.0,False,14,1749408201,0,2630.5,814.0,18801.0,True
india,1lkxnmk,2025-06,mzv5a2p,Specialist-Love1504,True,1.0,True,1.0,False,2015,1750937442,0,1588.5,6733.0,95954.0,True
india,1lkxnmk,2025-06,mzv8c5w,caesarkhosrow,True,2.0,True,5.0,False,759,1750938719,0,,,,
india,1lkxnmk,2025-06,mzv684e,CryptoTaxIsTooHigh,True,3.0,True,2.0,False,401,1750937841,0,,,,
india,1lkxnmk,2025-06,mzvb9rz,ExaminationFail25,True,4.0,False,,False,154,1750939897,0,1486.0,53.0,190172.0,True
india,1lkxnmk,2025-06,mzv7pu1,TheReaderDude_97,True,5.0,True,3.0,False,127,1750938465,0,912.2,40806.0,96699.0,True
india,1lkxnmk,2025-06,mzv7ycl,MentalWolverine8,True,6.0,True,4.0,False,124,1750938560,0,,,,
india,1lkxnmk,2025-06,mzv9nnj,Healthy_Flounder9772,True,7.0,False,,False,112,1750939252,0,456.3,350.0,7486.0,True
india,1lkxnmk,2025-06,mzva2zm,iamalwayshardwhy,True,8.0,False,,False,85,1750939425,0,604.7,3130.0,2047.0,True
india,1lkxnmk,2025-06,mzvcevq,WonderstruckWonderer,True,9.0,False,,False,42,1750940332,0,1524.2,1877.0,48155.0,True
india,1lkxnmk,2025-06,mzv9crk,svmk1987,True,10.0,False,,False,28,1750939131,0,5272.1,5620.0,255499.0,True
india,1loedd1,2025-06,n0m8jyh,sunny_afternoon33,True,1.0,True,3.0,False,206,1751306523,0,756.1,294.0,2309.0,True
india,1loedd1,2025-06,n0mb9vf,Consistent_Ninja343,True,2.0,False,,False,144,1751307295,0,1744.3,59.0,4488.0,True
india,1loedd1,2025-06,n0m8784,Common_Mars,True,3.0,True,1.0,False,103,1751306424,0,368.9,60.0,205.0,True
india,1loedd1,2025-06,n0m87kq,Silly_Buy_9409,True,4.0,True,2.0,False,32,1751306426,0,,,,
india,1loedd1,2025-06,n0mcaae,Flat_Championship_20,True,5.0,False,,False,18,1751307586,0,1326.3,5975.0,34452.0,True
india,1loedd1,2025-06,n0m9zsg,faltugiribuster,True,6.0,True,4.0,False,10,1751306930,0,2228.2,1728.0,9986.0,True
india,1loedd1,2025-06,n0mgk7c,Kazesama13k,True,7.0,False,,False,10,1751308831,0,2273.9,821.0,50615.0,True
india,1loedd1,2025-06,n0mb970,Snoo-29336,True,9.0,True,5.0,False,7,1751307289,0,2161.5,1.0,130.0,True
india,1loedd1,2025-06,n0mfrrc,GoodIntelligent2867,True,8.0,False,,False,8,1751308598,0,2041.0,1.0,72176.0,True
india,1loedd1,2025-06,n0mccj2,sm1987,True,10.0,False,,False,5,1751307603,0,4496.3,178.0,2463.0,True
india,1l9gjkj,2025-06,mxcfvzi,the_oncoming_doctor,True,1.0,True,3.0,False,1015,1749715124,0,2602.8,3268.0,36358.0,True
india,1l9gjkj,2025-06,mxcg1ts,-walking-zombie,True,2.0,True,4.0,False,264,1749715221,0,,,,
india,1l9gjkj,2025-06,mxcgyhj,scarytale852,True,3.0,False,,False,198,1749715774,0,1722.1,15.0,6347.0,True
india,1l9gjkj,2025-06,mxcg811,ExaminationFail25,True,4.0,False,,False,192,1749715327,0,1486.0,53.0,190172.0,True
india,1l9gjkj,2025-06,mxcg2hk,Such-Emu-1455,True,5.0,True,5.0,False,168,1749715232,0,1847.2,959.0,28733.0,True
india,1l9gjkj,2025-06,mxcgo01,NoConcert1636,True,6.0,False,,False,138,1749715595,0,2099.8,2999.0,40359.0,True
india,1l9gjkj,2025-06,mxcer54,oilinfinityskin,True,7.0,True,1.0,False,101,1749714425,0,1983.3,1979.0,17734.0,True
india,1l9gjkj,2025-06,mxcfpgi,fuckyou_politicians,True,8.0,True,2.0,False,91,1749715014,0,568.9,57647.0,22576.0,True
india,1l9gjkj,2025-06,mxcha63,Decent_Cut_3045,True,9.0,False,,False,65,1749715972,0,1750.5,40.0,8635.0,True
india,1l9gjkj,2025-06,mxchdnp,VishuIsPog,True,10.0,False,,False,58,1749716031,0,1731.5,4056.0,23267.0,True
india,1ln95jt,2025-06,n0dlo9b,Yes_Cats,True,1.0,True,2.0,False,639,1751185757,0,778.5,4729.0,17281.0,True
india,1ln95jt,2025-06,n0dnq40,giratina143,True,2.0,True,5.0,False,390,1751187032,0,3362.2,32967.0,100567.0,True
india,1ln95jt,2025-06,n0dmy1b,MentalWolverine8,True,3.0,True,3.0,False,351,1751186557,0,,,,
india,1ln95jt,2025-06,n0dny3d,doolpicate,True,4.0,False,,False,181,1751187167,0,1140.8,3563.0,125695.0,True
india,1ln95jt,2025-06,n0dmyk4,Lattice-shadow,True,5.0,True,4.0,False,166,1751186565,0,1500.3,521.0,27770.0,True
india,1ln95jt,2025-06,n0dl4dz,bhodrolok,True,6.0,True,1.0,False,69,1751185418,0,4005.9,698695.0,251065.0,True
india,1ln95jt,2025-06,n0dnsik,Thornyx_Zetral,True,7.0,False,,False,68,1751187072,0,418.7,8892.0,2117.0,True
india,1ln95jt,2025-06,n0dp8wf,azaadi101,True,8.0,False,,False,53,1751187960,0,2677.9,35192.0,48646.0,True
india,1ln95jt,2025-06,n0dnwef,MajesticAd5047,True,9.0,False,,False,40,1751187138,0,1675.5,44165.0,219659.0,True
india,1ln95jt,2025-06,n0fbi6y,UltraVioletPhoenix,True,10.0,False,,False,24,1751212584,0,1885.6,142.0,4888.0,True
india,1l7tjo4,2025-06,mwzjys3,Nikhillsharma,True,1.0,True,3.0,False,761,1749547805,0,385.2,1823.0,6059.0,True
india,1l7tjo4,2025-06,mwzlbta,outtayoleeg,True,2.0,True,4.0,False,397,1749548599,0,,,,
india,1l7tjo4,2025-06,mwzi0yr,abcdefghi_12345jkl,True,3.0,True,1.0,False,379,1749546659,0,1387.8,185.0,29568.0,True
india,1l7tjo4,2025-06,mwzmtrm,prsadr,True,4.0,True,5.0,False,294,1749549428,0,3460.4,2793.0,55214.0,True
india,1l7tjo4,2025-06,mwzo1ih,Debunk2025,True,5.0,False,,False,245,1749550092,0,464.2,19648.0,8015.0,True
india,1l7tjo4,2025-06,mwzicwd,Arrow-New,True,6.0,True,2.0,False,178,1749546857,0,365.8,415.0,4870.0,True
india,1l7tjo4,2025-06,mwzqdvj,No_Entertainer_226,True,7.0,False,,False,55,1749551321,0,801.5,2.0,2553.0,True
india,1l7tjo4,2025-06,mx0dv9x,the_alpha_soap,True,8.0,False,,False,50,1749560876,0,645.0,657.0,3727.0,False
india,1l7tjo4,2025-06,mx09ks1,jo8866,True,9.0,False,,False,50,1749559393,0,1264.1,468.0,1490.0,True
india,1l7tjo4,2025-06,mwzy7k5,tnmdelrey,True,10.0,False,,False,34,1749554943,0,3203.2,549.0,362.0,True
BollyBlindsNGossip,1l8r129,2025-06,mx6uisq,brown_gentleman,True,1.0,True,5.0,False,1159,1749645455,0,,,,
BollyBlindsNGossip,1l8r129,2025-06,mx708ce,MatNola,True,2.0,False,,False,459,1749647467,0,1131.5,26.0,2786.0,True
BollyBlindsNGossip,1l8r129,2025-06,mx6trfp,error405minus1,True,3.0,True,4.0,False,318,1749645173,0,1972.5,1447.0,6296.0,False
BollyBlindsNGossip,1l8r129,2025-06,mx6th41,Slash787,True,4.0,True,2.0,False,215,1749645066,0,2530.8,30302.0,291537.0,True
BollyBlindsNGossip,1l8r129,2025-06,mx6wuka,DragonfruitNo5427,True,5.0,False,,False,57,1749646285,0,2152.0,301.0,4556.0,True
BollyBlindsNGossip,1l8r129,2025-06,mx75u1z,pr0gya,True,7.0,False,,False,40,1749649344,0,1110.1,498.0,1265.0,True
BollyBlindsNGossip,1l8r129,2025-06,mx6r3q5,Adept_Efficiency4594,True,8.0,True,1.0,False,39,1749644165,0,2085.2,224.0,8356.0,True
BollyBlindsNGossip,1l8r129,2025-06,mx72608,Scared-Engineer-6218,True,6.0,False,,False,42,1749648119,0,1176.0,27238.0,143267.0,True
BollyBlindsNGossip,1l8r129,2025-06,mx6tpt6,santoshhs024,True,9.0,True,3.0,False,39,1749645156,0,2931.8,1341.0,9364.0,True
BollyBlindsNGossip,1ljum8o,2025-06,mzms45w,subconsciouslyyours,True,1.0,True,4.0,False,857,1750820372,0,423.0,155.0,1183.0,True
BollyBlindsNGossip,1ljum8o,2025-06,mzn5esv,Neither-Weird-0,True,2.0,False,,False,533,1750825752,0,764.7,3.0,27833.0,True
BollyBlindsNGossip,1ljum8o,2025-06,mzmrfxv,EclipseEclipse_,True,3.0,True,1.0,False,530,1750820122,0,1041.8,6749.0,7272.0,True
BollyBlindsNGossip,1ljum8o,2025-06,mzmviu0,PumpkinGator,True,4.0,False,,False,342,1750821669,0,2368.7,1.0,1322.0,True
BollyBlindsNGossip,1ljum8o,2025-06,mzn5riz,Neither-Weird-0,True,5.0,False,,False,321,1750825909,0,764.7,3.0,27833.0,True
BollyBlindsNGossip,1ljum8o,2025-06,mzmw6l6,Reasonable_Ninja5708,True,6.0,False,,False,228,1750821928,0,1348.7,6971.0,271068.0,True
BollyBlindsNGossip,1ljum8o,2025-06,mznjuhz,Careful-Advance-2096,True,7.0,False,,False,145,1750832857,0,1412.2,110.0,35421.0,True
BollyBlindsNGossip,1ljum8o,2025-06,mzms6ml,Fantasy-512,True,8.0,True,5.0,False,111,1750820398,0,1530.9,82.0,29664.0,True
BollyBlindsNGossip,1ljum8o,2025-06,mzms0sk,Realistic_Back_1849,True,9.0,True,3.0,False,91,1750820338,0,1257.0,81.0,2514.0,True
BollyBlindsNGossip,1ljum8o,2025-06,mzn5qvo,Neither-Weird-0,True,10.0,False,,False,85,1750825901,0,764.7,3.0,27833.0,True
BollyBlindsNGossip,1ljum8o,2025-06,mzmrguk,Shree2005,False,,True,2.0,False,69,1750820131,0,1938.3,26.0,321.0,True
BollyBlindsNGossip,1lef5fn,2025-06,myfml5e,Icy_Display_2918,True,1.0,True,4.0,False,1208,1750247956,0,2072.3,89.0,8864.0,True
BollyBlindsNGossip,1lef5fn,2025-06,myfvdai,IndependentOk388,True,2.0,False,,False,225,1750251180,0,1178.6,18330.0,183440.0,False
BollyBlindsNGossip,1lef5fn,2025-06,myfmdt6,NoProfessionn,True,3.0,True,1.0,False,143,1750247875,0,548.9,45653.0,41122.0,True
BollyBlindsNGossip,1lef5fn,2025-06,myfn1y3,jillangie,True,4.0,False,,False,129,1750248139,0,1979.9,17450.0,29499.0,True
BollyBlindsNGossip,1lef5fn,2025-06,myfmir5,Majestic_District_51,True,5.0,True,2.0,False,93,1750247929,0,1831.0,69998.0,625766.0,True
BollyBlindsNGossip,1lef5fn,2025-06,myfmzuj,Severe_Spell_3323,True,7.0,False,,False,87,1750248117,0,,,,
BollyBlindsNGossip,1lef5fn,2025-06,myfmyx3,Fan-Hun-BC,True,6.0,False,,False,88,1750248107,0,643.2,136.0,29499.0,True
BollyBlindsNGossip,1lef5fn,2025-06,myfmrh3,Smart-Insurance3505,True,8.0,True,5.0,False,71,1750248025,0,413.6,6532.0,15754.0,False
BollyBlindsNGossip,1lef5fn,2025-06,myfyi43,mk2154,True,9.0,False,,False,70,1750252258,0,2219.5,1279.0,13190.0,True
BollyBlindsNGossip,1lef5fn,2025-06,mygchcq,Halfistani1,True,10.0,False,,False,45,1750256657,0,2529.8,1.0,17816.0,True
BollyBlindsNGossip,1lef5fn,2025-06,myfmiuw,arina_0730,False,,True,3.0,False,20,1750247930,0,1003.0,39333.0,374538.0,True
BollyBlindsNGossip,1ll1u3q,2025-06,mzw2y2r,rahulsynha,True,1.0,True,1.0,False,745,1750948957,0,1841.2,1040.0,6849.0,True
BollyBlindsNGossip,1ll1u3q,2025-06,mzw335z,Cheap_trick1412,True,2.0,True,2.0,False,505,1750948997,0,,,,
BollyBlindsNGossip,1ll1u3q,2025-06,mzw3yjf,Ok-Equivalent3810,True,3.0,True,4.0,False,413,1750949241,0,728.6,420058.0,61378.0,False
BollyBlindsNGossip,1ll1u3q,2025-06,mzw53bc,pineapplesuit7,True,4.0,False,,False,391,1750949558,0,1069.3,100.0,187234.0,True
BollyBlindsNGossip,1ll1u3q,2025-06,mzw8mlb,OpportunityLittle876,True,5.0,False,,False,146,1750950560,0,387.9,222.0,3106.0,True
BollyBlindsNGossip,1ll1u3q,2025-06,mzw3tk8,Unique-Ambition-5684,True,6.0,True,3.0,False,125,1750949202,0,,,,
BollyBlindsNGossip,1ll1u3q,2025-06,mzw6olh,Interesting-Ring-869,True,7.0,False,,False,92,1750950004,0,1242.5,2033.0,114529.0,True
BollyBlindsNGossip,1ll1u3q,2025-06,mzw5dzu,Neither_Helicopter61,True,8.0,False,,False,57,1750949641,0,1870.5,1.0,22901.0,True
BollyBlindsNGossip,1ll1u3q,2025-06,mzw5whx,Sure_Distance_4499,True,9.0,False,,False,56,1750949784,0,881.3,1.0,5374.0,True
BollyBlindsNGossip,1ll1u3q,2025-06,mzw3znk,Human-Web-4455,False,,True,5.0,False,36,1750949249,0,492.9,40.0,33009.0,True
BollyBlindsNGossip,1ll1u3q,2025-06,mzw70s8,Financial-Age-2858,True,10.0,False,,False,41,1750950099,0,,,,
BollyBlindsNGossip,1l6604t,2025-06,mwmb7dl,rn3122,True,1.0,True,5.0,False,425,1749366571,0,2203.7,142318.0,281044.0,True
BollyBlindsNGossip,1l6604t,2025-06,mwmedxv,Manoos,True,2.0,False,,False,340,1749368428,0,6023.8,46003.0,52655.0,False
BollyBlindsNGossip,1l6604t,2025-06,mwmayek,telaughingbuddha,True,3.0,True,3.0,False,329,1749366434,0,396.5,6480.0,70772.0,True
BollyBlindsNGossip,1l6604t,2025-06,mwmbdlb,cocokoko16,True,4.0,False,,False,219,1749366667,0,1461.1,12.0,23403.0,True
BollyBlindsNGossip,1l6604t,2025-06,mwmasdq,Majestic_District_51,True,5.0,True,1.0,False,173,1749366339,0,1831.0,69998.0,625766.0,True
BollyBlindsNGossip,1l6604t,2025-06,mwmez0v,demxnbxnger,True,6.0,False,,False,150,1749368769,0,466.7,757.0,1465.0,False
BollyBlindsNGossip,1l6604t,2025-06,mwmdaq0,SandhuG,True,7.0,False,,False,58,1749367782,0,3883.3,12978.0,232872.0,True
BollyBlindsNGossip,1l6604t,2025-06,mwmb4j3,IndependentOk388,True,8.0,True,4.0,False,48,1749366527,0,1178.6,18330.0,183440.0,False
BollyBlindsNGossip,1l6604t,2025-06,mwmeq36,Dangerous-Object-435,True,10.0,False,,False,34,1749368624,0,1733.3,1.0,42238.0,True
BollyBlindsNGossip,1l6604t,2025-06,mwmmtpz,alexgeorge90,True,9.0,False,,False,39,1749373470,0,3022.6,75.0,5387.0,True
BollyBlindsNGossip,1l6604t,2025-06,mwmawno,Worried_Cod8892,False,,True,2.0,False,29,1749366405,0,879.3,627.0,3530.0,False
BollyBlindsNGossip,1l8jraa,2025-06,mx5bxwq,NhiggaBobaclat,True,1.0,True,4.0,False,1289,1749617121,0,,,,
BollyBlindsNGossip,1l8jraa,2025-06,mx5bwf2,ProxyMoron12,True,2.0,True,3.0,False,803,1749617102,0,1689.8,73.0,4759.0,True
BollyBlindsNGossip,1l8jraa,2025-06,mx5d5uu,Dangerous-Object-435,True,3.0,False,,False,780,1749617710,0,1733.3,1.0,42238.0,True
BollyBlindsNGossip,1l8jraa,2025-06,mx5cu8m,semen_sheikh,True,4.0,False,,False,156,1749617552,0,1088.0,1159.0,2676.0,True
BollyBlindsNGossip,1l8jraa,2025-06,mx5b7tt,error405minus1,True,5.0,True,2.0,False,96,1749616783,0,1972.5,1447.0,6296.0,False
BollyBlindsNGossip,1l8jraa,2025-06,mx5cmeb,Ayan_Choudhury,True,6.0,False,,False,74,1749617447,0,2989.0,1964.0,62326.0,True
BollyBlindsNGossip,1l8jraa,2025-06,mx5dy5z,Upset-Action717,True,7.0,False,,False,44,1749618091,0,721.4,1.0,1668.0,True
BollyBlindsNGossip,1l8jraa,2025-06,mx5da9n,Cutie-bbg,True,9.0,False,,False,39,1749617770,0,946.3,6.0,4491.0,True
BollyBlindsNGossip,1l8jraa,2025-06,mx5f7t1,StorageSevere531,True,8.0,False,,False,41,1749618714,0,1073.3,1487.0,6025.0,True
BollyBlindsNGossip,1l8jraa,2025-06,mx5c164,Automatic-Speed-2513,True,10.0,True,5.0,False,25,1749617164,0,1921.1,2596.0,38353.0,True
BollyBlindsNGossip,1l8jraa,2025-06,mx5b3j5,Junior-Bowl-7744,False,,True,1.0,False,14,1749616727,0,,,,
BollyBlindsNGossip,1lbtfhu,2025-06,mxvam0c,KamolikasTikali,True,1.0,True,4.0,False,1723,1749968698,0,701.5,152.0,86331.0,True
BollyBlindsNGossip,1lbtfhu,2025-06,mxva8fz,wheygirl,True,2.0,True,2.0,False,941,1749968488,0,372.9,540.0,9871.0,True
BollyBlindsNGossip,1lbtfhu,2025-06,mxva7h4,WillSuggestYouASong,True,3.0,True,1.0,False,178,1749968473,0,,,,
BollyBlindsNGossip,1lbtfhu,2025-06,mxvcg38,Potential_Ad4956,True,4.0,False,,False,153,1749969737,0,1845.9,1582.0,78760.0,True
BollyBlindsNGossip,1lbtfhu,2025-06,mxvbfru,IndependentOk388,True,5.0,True,5.0,False,123,1749969163,0,1178.6,18330.0,183440.0,False
BollyBlindsNGossip,1lbtfhu,2025-06,mxvdzb4,LuckNo4294,True,6.0,False,,False,74,1749970610,0,2024.4,55.0,57973.0,True
BollyBlindsNGossip,1lbtfhu,2025-06,mxvakcw,Odd-Description-,True,7.0,True,3.0,False,24,1749968672,0,826.9,664.0,98744.0,False
BollyBlindsNGossip,1lbtfhu,2025-06,mxvdkez,Hippotamuss,True,8.0,False,,False,12,1749970377,0,390.9,90.0,6155.0,True
BollyBlindsNGossip,1la6z9s,2025-06,mxid817,Mother-Attention4930,True,1.0,False,,False,910,1749789430,0,731.6,62.0,147437.0,True
BollyBlindsNGossip,1la6z9s,2025-06,mxicq9t,inmyelement,True,2.0,True,4.0,False,686,1749789201,0,5930.4,427763.0,261220.0,True
BollyBlindsNGossip,1la6z9s,2025-06,mxidmu8,Throw_RA_goodfrnd82,True,3.0,False,,False,458,1749789620,0,859.8,2.0,15593.0,False
BollyBlindsNGossip,1la6z9s,2025-06,mxil6qc,productivelylazy2011,True,4.0,False,,False,295,1749793338,0,980.3,260.0,40986.0,True
BollyBlindsNGossip,1la6z9s,2025-06,mxic5db,Rue_when_was_dis,True,5.0,True,1.0,False,288,1749788932,0,1530.6,2024.0,123816.0,True
BollyBlindsNGossip,1la6z9s,2025-06,mxid5au,ssamyak_,True,6.0,True,5.0,False,214,1749789394,0,1936.8,789.0,5978.0,True
BollyBlindsNGossip,1la6z9s,2025-06,mxiclm9,MiserableMidnight6,True,7.0,True,3.0,False,104,1749789142,0,829.1,82367.0,56233.0,True
BollyBlindsNGossip,1la6z9s,2025-06,mxim3w9,urmomismi9,True,8.0,False,,False,90,1749793820,0,1173.9,1176.0,18466.0,False
BollyBlindsNGossip,1la6z9s,2025-06,mxime8q,6amrainclouds,True,9.0,False,,False,56,1749793975,0,2161.3,4848.0,49955.0,True
BollyBlindsNGossip,1la6z9s,2025-06,mxihhc9,soliase,True,10.0,False,,False,54,1749791466,0,814.9,586.0,2988.0,True
BollyBlindsNGossip,1la6z9s,2025-06,mxicj41,yeahthatweirdo,False,,True,2.0,False,48,1749789110,0,1981.2,1858.0,61504.0,True
BollyBlindsNGossip,1lkyz8v,2025-06,mzvklor,scepticalbeing94,True,1.0,True,3.0,False,587,1750943253,0,1904.7,9524.0,248502.0,True
BollyBlindsNGossip,1lkyz8v,2025-06,mzwwn0e,MrBlackButler,True,2.0,False,,False,441,1750957304,0,,,,
BollyBlindsNGossip,1lkyz8v,2025-06,mzvjymy,NexusKada,True,3.0,True,2.0,False,279,1750943032,0,1686.7,3340.0,11011.0,True
BollyBlindsNGossip,1lkyz8v,2025-06,mzwua8j,zeigenwarrior,True,4.0,False,,False,187,1750956649,0,3212.3,197.0,1208.0,True
BollyBlindsNGossip,1lkyz8v,2025-06,mzvqs4c,MinorMiraclesOfApril,True,5.0,False,,False,130,1750945305,0,895.8,111.0,2778.0,True
BollyBlindsNGossip,1lkyz8v,2025-06,mzwovqa,Silver-Permission749,True,6.0,False,,False,124,1750955101,0,437.6,24.0,3735.0,True
BollyBlindsNGossip,1lkyz8v,2025-06,mzvkv1l,Cheap_trick1412,True,7.0,True,4.0,False,72,1750943343,0,,,,
BollyBlindsNGossip,1lkyz8v,2025-06,mzw2hn2,DragonfruitMinute971,True,8.0,False,,False,63,1750948828,0,862.3,193.0,2103.0,True
BollyBlindsNGossip,1lkyz8v,2025-06,mzx7x70,jstjoined,True,9.0,False,,False,55,1750960373,0,2427.7,140.0,17249.0,True
BollyBlindsNGossip,1lkyz8v,2025-06,mzwl9gf,whereisstumbleupon,True,10.0,False,,False,39,1750954086,0,2008.9,71.0,1671.0,True
BollyBlindsNGossip,1lkyz8v,2025-06,mzvhjmq,InsidiousColossus,False,,True,1.0,False,30,1750942200,0,1411.9,249.0,209140.0,True
BollyBlindsNGossip,1lkyz8v,2025-06,mzvnkqt,Sea-Buy-4271,False,,True,5.0,False,17,1750944249,0,971.0,55.0,6749.0,True
BollyBlindsNGossip,1lngco5,2025-06,n0f0ppw,laal_ishq,True,1.0,True,4.0,False,293,1751209158,0,,,,
BollyBlindsNGossip,1lngco5,2025-06,n0f15zt,creativeforce06,True,2.0,True,5.0,False,195,1751209304,0,594.3,53.0,182183.0,True
BollyBlindsNGossip,1lngco5,2025-06,n0f2t2g,OptimalFuture9648,True,3.0,False,,False,135,1751209827,0,955.0,1.0,35495.0,True
BollyBlindsNGossip,1lngco5,2025-06,n0f38r8,Firewhiskey880,True,4.0,False,,False,97,1751209967,0,1700.7,4175.0,34208.0,True
BollyBlindsNGossip,1lngco5,2025-06,n0f8tk2,Chemical_Ad_8924,True,5.0,False,,False,92,1751211734,0,1228.8,9.0,2792.0,True
BollyBlindsNGossip,1lngco5,2025-06,n0ez42o,Entharo_entho,True,6.0,True,1.0,False,72,1751208647,0,1413.2,12229.0,318380.0,False
BollyBlindsNGossip,1lngco5,2025-06,n0fd8w1,anid98,True,7.0,False,,False,59,1751213140,0,2464.7,506.0,31205.0,True
BollyBlindsNGossip,1lngco5,2025-06,n0g6d6v,smartfly,True,8.0,False,,False,34,1751222229,0,4477.2,19.0,27313.0,True
BollyBlindsNGossip,1lngco5,2025-06,n0eznvf,anonymouse7_,True,10.0,True,2.0,False,28,1751208824,0,511.5,10956.0,28284.0,True
BollyBlindsNGossip,1lngco5,2025-06,n0f04wn,Aggravating_Young452,True,9.0,True,3.0,False,29,1751208974,0,1442.9,73.0,5685.0,True
indiasocial,1lhsm9b,2025-06,mz6hn7b,Shadow_Senpai17,True,1.0,True,1.0,False,1260,1750611378,0,504.1,202442.0,47627.0,True
indiasocial,1lhsm9b,2025-06,mz6kjdj,No-Chapter-8374,True,2.0,False,,False,508,1750612230,0,848.2,433.0,24016.0,True
indiasocial,1lhsm9b,2025-06,mz6ja9r,therealchickenwing,True,3.0,True,4.0,False,436,1750611860,0,2170.1,4352.0,7339.0,True
indiasocial,1lhsm9b,2025-06,mz6j193,PaintingDirect4437,True,4.0,True,3.0,False,212,1750611787,0,1973.9,313.0,1345.0,True
indiasocial,1lhsm9b,2025-06,mz6l3nq,IookatmeIamsoedgy,True,5.0,False,,False,179,1750612394,0,,,,
indiasocial,1lhsm9b,2025-06,mz6iwlx,pudi-pa,True,6.0,True,2.0,False,119,1750611749,0,706.0,15602.0,20955.0,True
indiasocial,1lhsm9b,2025-06,mz6l247,beads_everything,True,7.0,False,,False,103,1750612381,0,613.0,3498.0,2026.0,True
indiasocial,1lhsm9b,2025-06,mz6njsc,emmfranklin,True,8.0,False,,False,71,1750613103,0,2782.2,2216.0,15313.0,True
indiasocial,1lhsm9b,2025-06,mz6nbht,Chutiya-0_0,True,9.0,False,,False,61,1750613036,0,414.9,74.0,3890.0,True
indiasocial,1lhsm9b,2025-06,mz6y4xn,Lazy-Gelada,True,10.0,False,,False,53,1750616212,0,494.9,4037.0,8587.0,True
indiasocial,1lhsm9b,2025-06,mz6k9j8,paperbackdreads,False,,True,5.0,False,15,1750612149,0,1551.7,3681.0,436.0,True
indiasocial,1l69rcw,2025-06,mwn2mps,The__evil,True,1.0,True,1.0,False,738,1749382452,0,408.9,1.0,6592.0,True
indiasocial,1l69rcw,2025-06,mwn4b3i,Disastrous-Fix-5849,True,2.0,True,4.0,False,629,1749383278,0,1845.1,114.0,1424.0,True
indiasocial,1l69rcw,2025-06,mwn3gnl,Playful_Joke_5771,True,3.0,True,3.0,False,156,1749382868,0,1144.1,5786.0,14903.0,True
indiasocial,1l69rcw,2025-06,mwn56tm,crashingInLoop,True,4.0,True,5.0,False,119,1749383690,0,1294.9,552.0,17849.0,False
indiasocial,1l69rcw,2025-06,mwn58t7,cooked_promax,True,5.0,False,,False,30,1749383714,0,376.9,95.0,3076.0,True
indiasocial,1l69rcw,2025-06,mwn36sn,Bettercallmedaddyy,True,6.0,True,2.0,False,15,1749382732,0,1212.3,5963.0,14402.0,True
indiasocial,1l69rcw,2025-06,mwn6gyl,Disastrous-Dig5884,True,7.0,False,,False,15,1749384264,0,1955.1,6863.0,6761.0,True
indiasocial,1l69rcw,2025-06,mwn76tw,mildstone0,True,8.0,False,,False,9,1749384586,0,368.2,3140.0,5984.0,True
indiasocial,1l69rcw,2025-06,mwn9wga,imverynewtothisthing,True,9.0,False,,False,3,1749385761,0,1153.4,33.0,3766.0,False
indiasocial,1lf244k,2025-06,myl4spq,Intrusive_thoughts_w,True,1.0,False,,False,1045,1750313138,0,745.5,836.0,3252.0,True
indiasocial,1lf244k,2025-06,mykysjc,Positive_Sprinkles31,True,2.0,True,3.0,False,911,1750310103,0,589.1,1866.0,2488.0,True
indiasocial,1lf244k,2025-06,mykx8gi,SNTriad,True,3.0,True,2.0,False,435,1750309355,0,941.8,24842.0,16899.0,True
indiasocial,1lf244k,2025-06,mykzoov,Successful_Size_638,True,4.0,True,4.0,False,197,1750310536,0,508.0,144.0,3051.0,True
indiasocial,1lf244k,2025-06,myl3cre,Mr_ityu,True,5.0,False,,False,120,1750312393,0,1606.6,7397.0,45072.0,True
indiasocial,1lf244k,2025-06,myl1gba,Turbulent_Trifle_386,True,6.0,True,5.0,False,95,1750311422,0,1896.9,5633.0,12630.0,True
indiasocial,1lf244k,2025-06,mykw7s9,ok_heremeout,True,8.0,True,1.0,False,36,1750308875,0,386.0,359.0,10610.0,True
indiasocial,1lf244k,2025-06,mylcr46,Voices-Say-Im-Funny,True,7.0,False,,False,37,1750317453,0,580.3,4020.0,2264.0,True
indiasocial,1lf244k,2025-06,myl2zee,FewIntroduction687,True,9.0,False,,False,26,1750312205,0,1946.8,5585.0,28944.0,True
indiasocial,1lf244k,2025-06,myl33de,A_Lil_Sparrow,True,10.0,False,,False,25,1750312262,0,500.2,5.0,1044.0,True
indiasocial,1lfw0hy,2025-06,myrhkkc,CupcakeUnfair4963,True,1.0,True,1.0,False,1626,1750397314,0,445.1,2126.0,8779.0,True
indiasocial,1lfw0hy,2025-06,myrl1bi,Separate_Yak_861,True,2.0,False,,False,460,1750399064,0,1193.2,57.0,518.0,True
indiasocial,1lfw0hy,2025-06,myriifh,Chef-Racoon,True,3.0,True,3.0,False,247,1750397777,0,359.0,288.0,14343.0,True
indiasocial,1lfw0hy,2025-06,myrj0ij,Away-Caterpillar9515,True,4.0,True,5.0,False,227,1750398029,0,1454.4,3883.0,79642.0,True
indiasocial,1lfw0hy,2025-06,myrj4of,FrostedEntropy05,True,5.0,False,,False,151,1750398087,0,543.6,542.0,686.0,True
indiasocial,1lfw0hy,2025-06,myrjk3s,Appropriate-Bug-755,True,6.0,False,,False,69,1750398304,0,763.1,673.0,15458.0,True
indiasocial,1lfw0hy,2025-06,myrjlcq,Legitimate-Neuron-94,True,7.0,False,,False,56,1750398321,0,1424.7,8247.0,8865.0,True
indiasocial,1lfw0hy,2025-06,myrihan,Super-Alchemist-270,True,8.0,True,2.0,False,53,1750397761,0,401.3,8121.0,4996.0,True
indiasocial,1lfw0hy,2025-06,myrizan,Ok_Review_6504,True,9.0,True,4.0,False,48,1750398012,0,,,,
indiasocial,1l5m9bx,2025-06,mwhy27n,Loud_Measurement9594,True,1.0,True,5.0,False,648,1749308037,0,1868.1,2928.0,2279.0,True
indiasocial,1l5m9bx,2025-06,mwicey0,Strange_Height_1001,True,2.0,False,,False,500,1749312581,0,1023.8,612.0,617.0,True
indiasocial,1l5m9bx,2025-06,mwhwh5f,Agentnataasha,True,3.0,True,3.0,False,429,1749307524,0,394.4,4277.0,6431.0,True
indiasocial,1l5m9bx,2025-06,mwi9lxn,Clean-Turnover9884,True,4.0,False,,False,363,1749311692,0,740.7,28.0,2617.0,True
indiasocial,1l5m9bx,2025-06,mwhys47,sirkid69,True,5.0,False,,False,252,1749308268,0,2190.8,727.0,474.0,True
indiasocial,1l5m9bx,2025-06,mwi4270,Piyush_Mehta_,True,6.0,False,,False,243,1749309953,0,636.4,589.0,3196.0,True
indiasocial,1l5m9bx,2025-06,mwi8m4k,callurdady,True,7.0,False,,False,218,1749311378,0,907.5,980.0,745.0,True
indiasocial,1l5m9bx,2025-06,mwhxi5w,himanshuchh13,True,8.0,True,4.0,False,127,1749307857,0,787.0,88.0,2381.0,True
indiasocial,1l5m9bx,2025-06,mwhynnb,verycutebugs,True,9.0,False,,False,101,1749308229,0,1669.0,467.0,38751.0,True
indiasocial,1l5m9bx,2025-06,mwi492r,Scissoriser,True,10.0,False,,False,96,1749310014,0,719.0,362.0,17379.0,True
indiasocial,1l5m9bx,2025-06,mwhvupl,Ranger_Hawk3046,False,,True,2.0,False,85,1749307319,0,390.1,123299.0,57317.0,True
indiasocial,1l5m9bx,2025-06,mwhvtpy,Feisty_Mud4187,False,,True,1.0,False,76,1749307310,0,1004.8,14374.0,16521.0,True
indiasocial,1lc532j,2025-06,mxxq230,kawaii_hito,True,1.0,True,1.0,False,463,1750006997,0,,,,
indiasocial,1lc532j,2025-06,mxxqpzs,timothy1495,True,2.0,True,2.0,False,330,1750007199,0,1555.9,7358.0,23757.0,True
indiasocial,1lc532j,2025-06,mxxzzm3,No-Abrocoma7121,True,3.0,False,,False,328,1750009985,0,1159.7,142.0,16241.0,True
indiasocial,1lc532j,2025-06,mxy250z,Half_Blood_Princess2,True,4.0,False,,False,75,1750010633,0,912.0,6016.0,2140.0,True
indiasocial,1lc532j,2025-06,mxy5ywf,NoSwordfish3809,True,5.0,False,,False,70,1750011820,0,756.9,596.0,894.0,True
indiasocial,1lc532j,2025-06,mxy9se0,Additional_Diamond95,True,6.0,False,,False,59,1750013006,0,1912.2,92.0,235.0,True
indiasocial,1lc532j,2025-06,mxy9etu,dhehshegegs,True,7.0,False,,False,42,1750012888,0,619.7,1.0,278.0,True
indiasocial,1lc532j,2025-06,mxxryco,incredible_nut,True,9.0,True,3.0,False,32,1750007568,0,580.9,2239.0,23075.0,True
indiasocial,1lc532j,2025-06,mxyepn8,enzo_dogh,True,8.0,False,,False,34,1750014533,0,786.7,2088.0,1554.0,True
indiasocial,1lc532j,2025-06,mxxyyp2,Slug864,True,10.0,True,5.0,False,30,1750009679,0,3282.2,7121.0,13349.0,True
indiasocial,1lc532j,2025-06,mxxv5wv,King0fHell-Zoro,False,,True,4.0,False,15,1750008532,0,361.1,1.0,35.0,True
indiasocial,1lk1fha,2025-06,mzo6za6,DarkHorse1201,True,1.0,True,4.0,False,1594,1750846260,0,447.9,1.0,1428.0,True
indiasocial,1lk1fha,2025-06,mzo7v5j,Top-Classroom-5652,True,2.0,False,,False,771,1750846731,0,1836.2,2013.0,11810.0,True
indiasocial,1lk1fha,2025-06,mzo4vu5,lemonkhattehai,True,3.0,True,1.0,False,205,1750845114,0,392.0,2787.0,29876.0,True
indiasocial,1lk1fha,2025-06,mzodezb,accident-ho,True,4.0,False,,False,192,1750849492,0,459.8,3.0,243.0,False
indiasocial,1lk1fha,2025-06,mzo9rx1,kissewithkomalsharma,True,5.0,False,,False,145,1750847726,0,613.7,50.0,462.0,True
indiasocial,1lk1fha,2025-06,mzp9z22,Mr_managed,True,6.0,False,,False,140,1750861258,0,741.1,524.0,415.0,True
indiasocial,1lk1fha,2025-06,mzoglt3,WholeDeparture8790,True,7.0,False,,False,126,1750850935,0,1792.8,1700.0,996.0,True
indiasocial,1lk1fha,2025-06,mzo6lkn,handypandy34,True,8.0,True,3.0,False,85,1750846054,0,707.8,134.0,13132.0,False
indiasocial,1lk1fha,2025-06,mzo64ha,Medium-Poem-2222,True,9.0,True,2.0,False,58,1750845795,0,1429.1,1.0,61.0,True
indiasocial,1lk1fha,2025-06,mzqq92s,abhigoswami18,True,10.0,False,,False,31,1750875779,0,2793.0,1021702.0,68495.0,True
indiasocial,1lk1fha,2025-06,mzo77pt,CoolAction2978,False,,True,5.0,False,25,1750846387,0,701.7,472.0,350.0,True
indiasocial,1lnyp6k,2025-06,n0iyvb6,Agent_Rum,True,1.0,True,1.0,False,1636,1751258696,0,351.7,4479.0,21013.0,False
indiasocial,1lnyp6k,2025-06,n0j1agj,Gabrielle_Laurent,True,2.0,False,,False,751,1751259888,0,,,,
indiasocial,1lnyp6k,2025-06,n0j0eyj,Classic_Trade_,True,3.0,True,4.0,False,196,1751259450,0,487.8,99.0,474.0,True
indiasocial,1lnyp6k,2025-06,n0izc7n,MrSmartyHalfPants,True,4.0,True,2.0,False,155,1751258922,0,1473.8,31.0,13336.0,True
indiasocial,1lnyp6k,2025-06,n0j0pan,goldy43,True,5.0,True,5.0,False,141,1751259593,0,3296.7,50.0,11605.0,True
indiasocial,1lnyp6k,2025-06,n0j4j2r,IndianCoins,True,6.0,False,,False,53,1751261571,0,1319.4,1432.0,6351.0,True
indiasocial,1lnyp6k,2025-06,n0j21k2,vishasv,True,7.0,False,,False,28,1751260274,0,2358.3,10059.0,98422.0,True
indiasocial,1lnyp6k,2025-06,n0j3xbo,LeadZestyclose9516,True,8.0,False,,False,11,1751261248,0,727.3,1619.0,1825.0,True
indiasocial,1lnyp6k,2025-06,n0j0bgz,OpportunityHumble599,True,9.0,True,3.0,False,10,1751259402,0,1416.4,1.0,5480.0,True
indiasocial,1lnyp6k,2025-06,n0jckif,Ayask_Kant,True,10.0,False,,False,8,1751266035,0,2513.8,825.0,513.0,True
indiasocial,1libvbf,2025-06,mzatq66,Existing-Mulberry382,True,1.0,True,1.0,False,223,1750670684,0,1042.1,69.0,402422.0,True
indiasocial,1libvbf,2025-06,mzb91hp,FuckPigeons2025,True,2.0,True,4.0,False,79,1750678648,0,434.1,1.0,53545.0,True
indiasocial,1libvbf,2025-06,mzbp03g,what_did_you_kill,True,3.0,True,5.0,False,64,1750684843,0,870.7,9945.0,48749.0,False
indiasocial,1libvbf,2025-06,mzbvppf,LeAnarchiste,True,4.0,False,,False,36,1750687055,0,1295.9,2783.0,22766.0,True
indiasocial,1libvbf,2025-06,mzc2y89,_cuddlecat,True,5.0,False,,False,28,1750689242,0,351.3,1543.0,5023.0,True
indiasocial,1libvbf,2025-06,mzb3kj0,PricyPlutoz_idk,True,6.0,True,3.0,False,5,1750676084,0,685.1,3927.0,29833.0,True
indiasocial,1libvbf,2025-06,mzatrg8,TheRealAuthenticMe,True,8.0,True,2.0,False,2,1750670706,0,350.4,175.0,951.0,True
indiasocial,1libvbf,2025-06,mzfa3oq,EffectiveKing,True,7.0,False,,False,3,1750722983,0,2870.4,294.0,18428.0,True
indiasocial,1ldl5s4,2025-06,my8yugn,choleeebhatureee,True,1.0,True,1.0,False,810,1750161626,0,365.1,1.0,25461.0,True
indiasocial,1ldl5s4,2025-06,my8znmq,Sarangheo_Dattebayo,True,2.0,True,3.0,False,327,1750161953,0,1758.3,899.0,9670.0,True
indiasocial,1ldl5s4,2025-06,my8zl2p,feralflutter,True,3.0,True,2.0,False,81,1750161924,0,356.0,42.0,416.0,True
indiasocial,1ldl5s4,2025-06,my912yb,BhindiAndBooks1776,True,4.0,False,,False,52,1750162517,0,354.8,18.0,520.0,True
indiasocial,1ldl5s4,2025-06,my8zpip,Far-Trash7503,True,5.0,True,4.0,False,43,1750161974,0,707.9,1.0,726.0,True
indiasocial,1ldl5s4,2025-06,my90i2k,madglaamx,True,6.0,True,5.0,False,31,1750162289,0,1188.8,16695.0,34525.0,False
indiasocial,1ldl5s4,2025-06,my9106s,Exotic-Computer5682,True,7.0,False,,False,14,1750162486,0,1527.3,10.0,8187.0,True
indiasocial,1ldl5s4,2025-06,my91ac2,Glass_Adhesiveness_6,True,8.0,False,,False,10,1750162595,0,2136.4,8961.0,70756.0,True
indiasocial,1ldl5s4,2025-06,my9oucr,dumb-Shakkar,True,9.0,False,,False,9,1750170478,0,759.6,21.0,53634.0,True
indiasocial,1ldl5s4,2025-06,my949m1,DMsandDaydreams,True,10.0,False,,False,9,1750163729,0,432.8,1612.0,680.0,True
developersIndia,1lhjica,2025-06,mz4o8an,var_usernameinput,True,1.0,True,3.0,False,1264,1750586531,0,537.8,26335.0,75322.0,True
developersIndia,1lhjica,2025-06,mz4jocf,poope_lord,True,2.0,True,1.0,False,144,1750583764,0,,,,
developersIndia,1lhjica,2025-06,mz53a5r,david005_,True,3.0,False,,False,49,1750594369,0,1817.3,8503.0,21568.0,True
developersIndia,1lhjica,2025-06,mz4sw2u,Spiritual_Ad_3662,True,4.0,False,,False,37,1750589241,0,2049.9,2169.0,17113.0,True
developersIndia,1lhjica,2025-06,mz4qg0x,_Lelouch420_,True,5.0,True,5.0,False,26,1750587846,0,2504.7,1006.0,34009.0,True
developersIndia,1lhjica,2025-06,mz4lqlm,Yg2312,True,6.0,True,2.0,False,26,1750585032,0,1819.0,952.0,12647.0,True
developersIndia,1lhjica,2025-06,mz508j9,anon_runner,True,7.0,False,,False,23,1750592983,0,1954.8,742.0,15656.0,True
developersIndia,1lhjica,2025-06,mz53sj0,empty-man-47,True,8.0,False,,False,4,1750594592,0,1315.8,86.0,1540.0,True
developersIndia,1lhjica,2025-06,mz4p77w,memeprofiler,True,9.0,True,4.0,False,3,1750587111,0,3435.9,1.0,500.0,True
developersIndia,1l5lu2d,2025-06,mwiqr81,DazzlingBookkeeper53,True,1.0,False,,False,650,1749317109,0,675.0,4.0,557.0,True
developersIndia,1l5lu2d,2025-06,mwhuip4,Ryzen_bolt,True,2.0,True,1.0,False,431,1749306884,0,1657.2,474.0,2541.0,True
developersIndia,1l5lu2d,2025-06,mwi6cr9,reddev_e,True,3.0,False,,False,316,1749310673,0,991.4,29.0,3714.0,True
developersIndia,1l5lu2d,2025-06,mwi14r2,fireplay_00,True,4.0,True,5.0,False,313,1749309024,0,718.2,169.0,1527.0,True
developersIndia,1l5lu2d,2025-06,mwhy8e3,ade17_in,True,5.0,True,3.0,False,280,1749308092,0,1390.2,7426.0,12172.0,True
developersIndia,1l5lu2d,2025-06,mwhuz73,kishore2u,True,6.0,True,2.0,False,259,1749307034,0,5723.3,26.0,1049.0,True
developersIndia,1l5lu2d,2025-06,mwid9ms,Friendly-Mushroom914,True,7.0,False,,False,135,1749312851,0,1193.4,11.0,2416.0,True
developersIndia,1l5lu2d,2025-06,mwj90jk,Remarkable-Range-490,True,8.0,False,,False,80,1749322851,0,817.1,504.0,1558.0,True
developersIndia,1l5lu2d,2025-06,mwi0c95,Anon_User0071,True,9.0,True,4.0,False,47,1749308770,0,,,,
developersIndia,1l5lu2d,2025-06,mwjoebu,just_always_curious,True,10.0,False,,False,39,1749327949,0,1508.2,130.0,944.0,True
developersIndia,1lc1oul,2025-06,mxwymgo,Klutzy_Concern_7918,True,1.0,True,1.0,False,410,1749998391,0,1940.4,142.0,2107.0,True
developersIndia,1lc1oul,2025-06,mxx0u2x,NotGreenRaptor,True,2.0,True,2.0,False,338,1749999109,0,1150.2,3824.0,13317.0,True
developersIndia,1lc1oul,2025-06,mxx5xa6,drunk_ace,True,3.0,False,,False,278,1750000733,0,887.9,3100.0,11047.0,True
developersIndia,1lc1oul,2025-06,mxx0w10,M_Immortal91,True,4.0,True,3.0,False,164,1749999128,0,843.4,32960.0,931.0,True
developersIndia,1lc1oul,2025-06,mxx16m9,STELLAR_Speck,True,5.0,True,4.0,False,44,1749999223,0,1880.8,956.0,6735.0,True
developersIndia,1lc1oul,2025-06,mxx2ire,i-sage,True,6.0,False,,False,43,1749999652,0,1406.3,1717.0,6065.0,True
developersIndia,1lc1oul,2025-06,mxxbu84,Reva_19,True,7.0,False,,False,38,1750002590,0,1610.9,513.0,5564.0,True
developersIndia,1lc1oul,2025-06,mxx8awn,immaGoodBoiii,True,8.0,False,,False,14,1750001478,0,,,,
developersIndia,1lc1oul,2025-06,mxx287s,nefrodectyl,True,9.0,True,5.0,False,13,1749999558,0,2806.7,649.0,11058.0,False
developersIndia,1lc1oul,2025-06,mxxedo9,your-Fun-Pass,True,10.0,False,,False,8,1750003390,0,409.8,1006.0,14627.0,True
developersIndia,1l7qojl,2025-06,mwytmoc,sksingh113,True,1.0,True,1.0,False,864,1749532918,0,699.4,714.0,3119.0,True
developersIndia,1l7qojl,2025-06,mwyw7up,flight_or_fight,True,2.0,False,,False,385,1749534223,0,4243.3,596.0,65531.0,True
developersIndia,1l7qojl,2025-06,mwyukyg,karajkot,True,3.0,True,2.0,False,155,1749533391,0,2247.3,3286.0,7219.0,True
developersIndia,1l7qojl,2025-06,mwz0rm1,homunculus_17,True,4.0,False,,False,111,1749536616,0,705.7,25.0,981.0,True
developersIndia,1l7qojl,2025-06,mwyvekb,Star_kid9260,True,5.0,True,4.0,False,101,1749533807,0,1464.6,429.0,8402.0,True
developersIndia,1l7qojl,2025-06,mwyvy7l,daddyhades69,True,6.0,True,5.0,False,39,1749534087,0,,,,
developersIndia,1l7qojl,2025-06,mwyvaoe,GotBanned3rdTime,True,7.0,True,3.0,False,21,1749533752,0,683.1,9660.0,42533.0,True
developersIndia,1l7qojl,2025-06,mwz0e0z,MomentsAwayfromKMS,True,8.0,False,,False,13,1749536414,0,,,,
developersIndia,1l7qojl,2025-06,mwz46z4,vishwas_babar,True,9.0,False,,False,10,1749538511,0,1225.2,121.0,77.0,True
developersIndia,1l7qojl,2025-06,mwzlv5a,3AMgeek,True,10.0,False,,False,6,1749548899,0,1900.0,640.0,14296.0,True
developersIndia,1ln8ns8,2025-06,n0dsmqt,Hardy_28,True,1.0,True,1.0,False,305,1751190071,0,2097.7,3482.0,13995.0,True
developersIndia,1ln8ns8,2025-06,n0e3ng1,SystemNo702,True,2.0,False,,False,131,1751196341,0,1225.4,296.0,220.0,True
developersIndia,1ln8ns8,2025-06,n0dtee2,Aviral212,True,3.0,True,2.0,False,58,1751190538,0,1454.3,194.0,1002.0,True
developersIndia,1ln8ns8,2025-06,n0e0xws,Due_Distribution_872,True,4.0,True,5.0,False,40,1751194917,0,868.1,47.0,1297.0,True
developersIndia,1ln8ns8,2025-06,n0e18hk,shinchan_noharaa,True,5.0,False,,False,38,1751195074,0,2143.8,67.0,303.0,True
developersIndia,1ln8ns8,2025-06,n0dthzh,Jumpy-Commercial-613,True,6.0,True,3.0,False,26,1751190598,0,479.8,32.0,37.0,True
developersIndia,1ln8ns8,2025-06,n0f95tp,Kukulkan9,True,7.0,False,,False,22,1751211841,0,2814.1,1247.0,11512.0,True
developersIndia,1ln8ns8,2025-06,n0e0j2e,Coolfigure_1410,True,8.0,True,4.0,False,13,1751194698,0,1149.1,87.0,1708.0,True
developersIndia,1ln8ns8,2025-06,n0e1uom,brownsnob,True,9.0,False,,False,12,1751195402,0,899.5,1.0,159.0,True
developersIndia,1ln8ns8,2025-06,n0ec3nh,hotcoolhot,True,10.0,False,,False,11,1751200302,0,5258.5,5029.0,98636.0,True
developersIndia,1l90jb5,2025-06,mxa3sm4,Flimsy-Sprinkle,True,1.0,True,1.0,False,1153,1749680252,0,891.6,472.0,6164.0,True
developersIndia,1l90jb5,2025-06,mxa44xf,CommissionSenior9341,True,2.0,True,2.0,False,215,1749680364,0,,,,
developersIndia,1l90jb5,2025-06,mxaqqex,retardedToSomeExtent,True,3.0,True,3.0,False,189,1749688084,0,,,,
developersIndia,1l90jb5,2025-06,mxb0rdo,luciferrjns,True,4.0,True,4.0,False,145,1749691710,0,2658.7,77.0,25320.0,True
developersIndia,1l90jb5,2025-06,mxb0yfw,wot-wot-wot-wot,True,5.0,True,5.0,False,61,1749691781,0,3874.6,985.0,498.0,True
developersIndia,1l90jb5,2025-06,mxbjb1h,Friendly-Mushroom914,True,6.0,False,,False,39,1749698478,0,1193.4,11.0,2416.0,True
developersIndia,1l90jb5,2025-06,mxc2m0e,mynotsoprecious,True,7.0,False,,False,27,1749707487,0,2427.9,17013.0,36461.0,True
developersIndia,1l90jb5,2025-06,mxbx5ac,Plastic-Steak-6788,True,8.0,False,,False,19,1749704670,0,893.0,2354.0,2885.0,True
developersIndia,1l90jb5,2025-06,mxc1eta,Candick6969,True,9.0,False,,False,13,1749706863,0,,,,
developersIndia,1l90jb5,2025-06,mxc1r8f,bisector_babu,True,10.0,False,,False,12,1749707041,0,1727.8,542506.0,11358.0,True
developersIndia,1lerj2o,2025-06,myikqi6,thisisshuraim,True,1.0,True,2.0,False,890,1750279362,0,794.9,991.0,7312.0,True
developersIndia,1lerj2o,2025-06,myizhqu,Complete_Pen2985,True,2.0,False,,False,455,1750283767,0,900.7,14.0,713.0,True
developersIndia,1lerj2o,2025-06,myissvl,Forsaken_Foot_7309,True,3.0,True,5.0,False,203,1750281741,0,1429.8,3.0,226.0,True
developersIndia,1lerj2o,2025-06,myj113n,Teilzeitschwurbler,True,4.0,False,,False,187,1750284249,0,682.0,59.0,31970.0,True
developersIndia,1lerj2o,2025-06,myit8bi,christianharper007,True,5.0,False,,False,139,1750281868,0,,,,
developersIndia,1lerj2o,2025-06,myimve5,Ryzen_bolt,True,6.0,True,4.0,False,59,1750279996,0,1657.2,474.0,2541.0,True
developersIndia,1lerj2o,2025-06,myjyiye,gdabli90,True,7.0,False,,False,57,1750295611,0,3088.9,1.0,43.0,True
developersIndia,1lerj2o,2025-06,myikorx,Ne0Vamp,True,9.0,True,1.0,False,36,1750279348,0,1464.3,39.0,1715.0,True
developersIndia,1lerj2o,2025-06,myiy3jt,KevlarArmor,True,8.0,False,,False,38,1750283341,0,1672.2,873.0,11045.0,True
developersIndia,1lerj2o,2025-06,myimi63,Relevant-Ad9432,True,10.0,True,3.0,False,33,1750279886,0,,,,
developersIndia,1lf6ruy,2025-06,mym6wub,IndianGolum,True,1.0,True,1.0,False,502,1750333787,0,372.9,220.0,20672.0,True
developersIndia,1lf6ruy,2025-06,mynury3,the-dumbkidd22,True,2.0,False,,False,348,1750352739,0,1574.2,15279.0,2440.0,True
developersIndia,1lf6ruy,2025-06,mymip8q,cute_as_ducks_24,True,3.0,True,4.0,False,98,1750338244,0,1611.7,54852.0,18341.0,True
developersIndia,1lf6ruy,2025-06,mymdwar,Sharp-Scene-7858,True,5.0,True,3.0,False,42,1750336529,0,583.7,1.0,41.0,True
developersIndia,1lf6ruy,2025-06,mymk95a,Abhigyan_Bose,True,4.0,True,5.0,False,43,1750338779,0,3165.6,791.0,3636.0,True
developersIndia,1lf6ruy,2025-06,mymdaxy,poope_lord,True,6.0,True,2.0,False,36,1750336304,0,,,,
developersIndia,1lf6ruy,2025-06,myopnq0,patrick_red_45,True,7.0,False,,False,27,1750362291,0,2535.9,754.0,19465.0,True
developersIndia,1lf6ruy,2025-06,mymwv8m,superuser726,True,8.0,False,,False,11,1750342861,0,,,,
developersIndia,1lf6ruy,2025-06,myouzd5,fictionalized_freak,True,9.0,False,,False,5,1750363836,0,1365.7,1106.0,1709.0,True
developersIndia,1lf6ruy,2025-06,myr1znq,ballex2_paratha,True,10.0,False,,False,5,1750390352,0,2290.4,307.0,1581.0,True
developersIndia,1lkqd4t,2025-06,mztsyfq,sinonkazuto,True,1.0,False,,False,755,1750911865,0,1785.2,401.0,2973.0,True
developersIndia,1lkqd4t,2025-06,mztq2x0,uchiha007itachi,True,2.0,True,2.0,False,437,1750910614,0,754.3,1.0,1862.0,True
developersIndia,1lkqd4t,2025-06,mztsb4a,Zestyclose_Web_6331,True,3.0,False,,False,134,1750911581,0,1870.3,5192.0,52935.0,True
developersIndia,1lkqd4t,2025-06,mztqowt,Prickly_Brain,True,5.0,True,4.0,False,82,1750910877,0,1092.8,57705.0,25439.0,True
developersIndia,1lkqd4t,2025-06,mztue1z,tnsurender1985,True,4.0,False,,False,85,1750912506,0,3748.3,4.0,90.0,True
developersIndia,1lkqd4t,2025-06,mzu3hp3,krishn_exe,True,6.0,False,,False,65,1750916882,0,478.9,2377.0,2501.0,True
developersIndia,1lkqd4t,2025-06,mztqqe7,Nisu_2299_ni,True,7.0,True,5.0,False,60,1750910894,0,,,,
developersIndia,1lkqd4t,2025-06,mztt7k0,Rift-enjoyer,True,8.0,False,,False,60,1750911977,0,1570.1,504.0,24219.0,False
developersIndia,1lkqd4t,2025-06,mztsfsm,Scary-Constant-93,True,9.0,False,,False,57,1750911636,0,397.4,1093.0,5187.0,True
developersIndia,1lkqd4t,2025-06,mzty19x,Worth_Cartoonist3576,True,10.0,False,,False,29,1750914190,0,2116.2,62.0,1802.0,True
developersIndia,1lkqd4t,2025-06,mztpzff,MindParty1591,False,,True,1.0,False,23,1750910574,0,1946.5,1074.0,5420.0,True
developersIndia,1lkqd4t,2025-06,mztq7mo,Rude_Revolution8725,False,,True,3.0,False,10,1750910670,0,1239.4,560.0,446.0,True
developersIndia,1lbcsn6,2025-06,mxrkfsz,Mundane_Cell_6673,True,1.0,True,3.0,False,1785,1749919329,0,486.9,200.0,5955.0,False
developersIndia,1lbcsn6,2025-06,mxrl6it,Opposite_Bag_697,True,2.0,True,5.0,False,629,1749919564,0,460.1,1063.0,3508.0,True
developersIndia,1lbcsn6,2025-06,mxrk33l,Yg2312,True,3.0,True,2.0,False,308,1749919216,0,1819.0,952.0,12647.0,True
developersIndia,1lbcsn6,2025-06,mxrol3a,GotBanned3rdTime,True,4.0,False,,False,121,1749920614,0,683.1,9660.0,42533.0,True
developersIndia,1lbcsn6,2025-06,mxrsko9,srameshr,True,5.0,False,,False,57,1749921813,0,3469.2,12660.0,6792.0,True
developersIndia,1lbcsn6,2025-06,mxrj7bl,Far-Nose-1641,True,6.0,True,1.0,False,34,1749918934,0,626.0,811.0,608.0,True
developersIndia,1lbcsn6,2025-06,mxrnjeq,After-Cockroach-1280,True,7.0,False,,False,29,1749920293,0,2159.0,8664.0,9905.0,True
developersIndia,1lbcsn6,2025-06,mxrm2x9,Wonderful_Airport112,True,9.0,False,,False,17,1749919846,0,800.3,24.0,37.0,True
developersIndia,1lbcsn6,2025-06,mxrkhxb,kaladin_stormchest,True,8.0,True,4.0,False,18,1749919348,0,707.7,5.0,86408.0,True
developersIndia,1lbcsn6,2025-06,mxrlcad,codernkb,True,10.0,False,,False,14,1749919614,0,1200.7,79.0,3162.0,True
IndiaCricket,1la8awz,2025-06,mximbjj,PopularRabbit007,True,1.0,True,3.0,False,437,1749793934,0,1342.5,461.0,31540.0,True
IndiaCricket,1la8awz,2025-06,mxio00g,Famous_Transition313,True,2.0,False,,False,320,1749794828,0,453.3,1.0,300.0,False
IndiaCricket,1la8awz,2025-06,mximtm4,Secure_Salt7485,True,3.0,True,4.0,False,250,1749794201,0,,,,
IndiaCricket,1la8awz,2025-06,mxim6cg,lawrence3322i82i,True,4.0,True,2.0,False,56,1749793857,0,440.8,3.0,3272.0,True
IndiaCricket,1la8awz,2025-06,mxinpkh,Archiet_Tanwar,True,5.0,True,5.0,False,45,1749794671,0,1734.4,1618.0,41824.0,True
IndiaCricket,1la8awz,2025-06,mxiobgv,jussayingthings,True,6.0,False,,False,37,1749794999,0,2244.1,39338.0,46027.0,False
IndiaCricket,1la8awz,2025-06,mxim1qx,Usual-Cry-5682,True,8.0,True,1.0,False,20,1749793789,0,1595.9,434.0,2553.0,True
IndiaCricket,1la8awz,2025-06,mxiqjqa,Shavamaaya_Pavanaai,True,7.0,False,,False,21,1749796226,0,,,,
IndiaCricket,1la8awz,2025-06,mxiocsu,RAJnish_gs,True,9.0,False,,False,13,1749795019,0,2702.7,39.0,6295.0,True
IndiaCricket,1la8awz,2025-06,mxiqtac,Main_Rhubarb_3592,True,10.0,False,,False,11,1749796376,0,479.8,11848.0,11377.0,True
IndiaCricket,1li9l5c,2025-06,mzaemqi,Adorable-Role-1215,True,1.0,True,3.0,False,593,1750661658,0,,,,
IndiaCricket,1li9l5c,2025-06,mzaezpj,Afraid-Bag771,True,2.0,True,4.0,False,385,1750661860,0,1768.3,76.0,1358.0,True
IndiaCricket,1li9l5c,2025-06,mzae5qg,annoyingdrummer77,True,3.0,True,2.0,False,191,1750661395,0,1065.7,28.0,10756.0,True
IndiaCricket,1li9l5c,2025-06,mzaf0v4,Expert-Lecture-4082,True,4.0,True,5.0,False,174,1750661878,0,,,,
IndiaCricket,1li9l5c,2025-06,mzaf52e,Electroeagle_2,True,5.0,False,,False,75,1750661945,0,1019.4,1549.0,2888.0,False
IndiaCricket,1li9l5c,2025-06,mzafxsb,ResourceDefiant4971,True,6.0,False,,False,59,1750662401,0,1748.1,76419.0,10806.0,True
IndiaCricket,1li9l5c,2025-06,mzad8or,dex666_umbra,True,7.0,True,1.0,False,36,1750660882,0,1707.0,10833.0,15213.0,True
IndiaCricket,1li9l5c,2025-06,mzaf4p6,k2_mkwn,True,9.0,False,,False,21,1750661940,0,,,,
IndiaCricket,1li9l5c,2025-06,mzaf7in,cricknation,True,8.0,False,,False,23,1750661984,0,3378.7,3427.0,3289.0,False
IndiaCricket,1li9l5c,2025-06,mzafa9i,Tall-Bobcat-7125,True,10.0,False,,False,18,1750662026,0,1727.3,2885.0,1748.0,True
IndiaCricket,1lg8ulf,2025-06,myu9awf,promogranate,True,1.0,True,3.0,False,1168,1750438241,0,2105.1,6514.0,29266.0,True
IndiaCricket,1lg8ulf,2025-06,myu9nhe,Rich-Cartoonist-7239,True,2.0,False,,False,463,1750438341,0,731.2,165.0,2896.0,True
IndiaCricket,1lg8ulf,2025-06,myu93xq,parass_45,True,3.0,True,1.0,False,289,1750438187,0,1063.0,4014.0,10098.0,True
IndiaCricket,1lg8ulf,2025-06,myu97m2,West-Piglet7649,True,4.0,True,2.0,False,273,1750438216,0,,,,
IndiaCricket,1lg8ulf,2025-06,myu9gls,Kingclay_06,True,5.0,True,5.0,False,110,1750438287,0,387.3,64.0,1306.0,True
IndiaCricket,1lg8ulf,2025-06,myu9jb3,sadsoul0777,True,6.0,False,,False,83,1750438308,0,,,,
IndiaCricket,1lg8ulf,2025-06,myuasg2,Unfiltered_Takes,True,7.0,False,,False,73,1750438657,0,351.8,1.0,596.0,True
IndiaCricket,1lg8ulf,2025-06,myu9toq,lakshya10soin,True,8.0,False,,False,41,1750438389,0,2854.2,194.0,128140.0,True
IndiaCricket,1lg8ulf,2025-06,myu9b2v,NatkhatInsann,True,9.0,True,4.0,False,29,1750438243,0,,,,
IndiaCricket,1lg8ulf,2025-06,myu9n4u,Calm_Firefighter2020,True,10.0,False,,False,28,1750438338,0,,,,
IndiaCricket,1lg5kr4,2025-06,mythoua,Snowy-HandJob,True,1.0,True,1.0,False,843,1750430234,0,777.2,1693.0,11379.0,True
IndiaCricket,1lg5kr4,2025-06,mythqpl,Mysterious-Tap-3987,True,2.0,True,2.0,False,211,1750430249,0,1120.8,40.0,25183.0,False
IndiaCricket,1lg5kr4,2025-06,myti0vy,Impressive-Bee7412,True,3.0,False,,False,134,1750430331,0,1446.6,17.0,9409.0,True
IndiaCricket,1lg5kr4,2025-06,mythx14,Mysterious-Tap-3987,True,4.0,True,4.0,False,126,1750430300,0,1120.8,40.0,25183.0,False
IndiaCricket,1lg5kr4,2025-06,mytj08v,meandthedevil__,True,5.0,False,,False,105,1750430616,0,,,,
IndiaCricket,1lg5kr4,2025-06,myti46q,Capable-Magician-418,True,6.0,False,,False,71,1750430358,0,,,,
IndiaCricket,1lg5kr4,2025-06,mythuxr,First_Development101,True,7.0,True,3.0,False,64,1750430283,0,,,,
IndiaCricket,1lg5kr4,2025-06,mytj9zv,metabhai,True,8.0,False,,False,59,1750430697,0,927.7,4295.0,1781.0,True
IndiaCricket,1lg5kr4,2025-06,mythzz0,West-Piglet7649,True,9.0,True,5.0,False,44,1750430323,0,,,,
IndiaCricket,1lg5kr4,2025-06,mytk032,mental_hygeine,True,10.0,False,,False,34,1750430907,0,403.1,2418.0,66419.0,False
IndiaCricket,1lguu9e,2025-06,myz2dta,GreedyAd6540,True,1.0,True,5.0,False,1041,1750507426,0,,,,
IndiaCricket,1lguu9e,2025-06,myz1qnj,Same_Investigator_46,True,2.0,True,1.0,False,684,1750507135,0,1094.5,1090135.0,113241.0,True
IndiaCricket,1lguu9e,2025-06,myz2yv0,_autisticpanda,True,3.0,False,,False,553,1750507688,0,729.9,8.0,704.0,False
IndiaCricket,1lguu9e,2025-06,myz2280,notsoseriousdev,True,4.0,True,2.0,False,359,1750507280,0,507.8,2491.0,24204.0,True
IndiaCricket,1lguu9e,2025-06,myz2mvq,MasterBlaster_10,True,5.0,False,,False,269,1750507540,0,459.4,2885.0,3131.0,True
IndiaCricket,1lguu9e,2025-06,myz28yj,Capable-Magician-418,True,6.0,True,4.0,False,227,1750507365,0,,,,
IndiaCricket,1lguu9e,2025-06,myz2ekx,Hopeful_Ad1496,True,7.0,False,,False,194,1750507435,0,642.7,4398.0,79319.0,True
IndiaCricket,1lguu9e,2025-06,myz24lx,Beneficial_Promise79,True,8.0,True,3.0,False,135,1750507311,0,1416.0,8409.0,68456.0,True
IndiaCricket,1lguu9e,2025-06,myz34fu,Whole-Math-9761,True,9.0,False,,False,86,1750507757,0,,,,
IndiaCricket,1lguu9e,2025-06,myz2l6p,Krishivnoob142,True,10.0,False,,False,74,1750507518,0,1834.1,1318.0,8052.0,True
IndiaCricket,1lhprvi,2025-06,mz5u9rw,Royal-Cupcake-5907,True,1.0,True,3.0,False,471,1750604162,0,812.3,23811.0,95062.0,True
IndiaCricket,1lhprvi,2025-06,mz5ur4p,wicketkeeper_opener5,True,2.0,True,5.0,False,263,1750604310,0,,,,
IndiaCricket,1lhprvi,2025-06,mz5u4xk,Mysterious-Tap-3987,True,3.0,True,2.0,False,218,1750604119,0,1120.8,40.0,25183.0,False
IndiaCricket,1lhprvi,2025-06,mz5uytq,atkt009,True,4.0,False,,False,58,1750604378,0,488.7,712.0,2397.0,True
IndiaCricket,1lhprvi,2025-06,mz5v85h,Bawra_doc,True,5.0,False,,False,56,1750604458,0,502.8,11463.0,13819.0,True
IndiaCricket,1lhprvi,2025-06,mz5wg2w,anunabha1,True,6.0,False,,False,51,1750604835,0,1970.2,156.0,7617.0,True
IndiaCricket,1lhprvi,2025-06,mz5tz6n,Jediknight1819,True,7.0,True,1.0,False,25,1750604069,0,892.9,153.0,480.0,True
IndiaCricket,1lhprvi,2025-06,mz5y21p,Hefty-Conference-791,True,8.0,False,,False,24,1750605334,0,1536.2,55.0,97282.0,True
IndiaCricket,1lhprvi,2025-06,mz5w9vj,Knowledge_buff97,True,9.0,False,,False,18,1750604780,0,1502.9,307.0,20657.0,True
IndiaCricket,1lhprvi,2025-06,mz5ulyd,PralineOk3385,True,10.0,True,4.0,False,16,1750604267,0,670.1,1119.0,10201.0,True
IndiaCricket,1ln4x9v,2025-06,n0ctl8q,beinglogical20,True,1.0,True,1.0,False,260,1751170494,0,599.1,2289.0,1306.0,False
IndiaCricket,1ln4x9v,2025-06,n0d06uv,tocra,True,2.0,False,,False,233,1751173622,0,3951.9,109279.0,91635.0,True
IndiaCricket,1ln4x9v,2025-06,n0d0isv,ramaze23,True,3.0,False,,False,197,1751173785,0,2794.9,9601.0,73569.0,True
IndiaCricket,1ln4x9v,2025-06,n0czxot,Spirited-Astronaut48,True,4.0,False,,False,50,1751173497,0,2043.8,99.0,7286.0,True
IndiaCricket,1ln4x9v,2025-06,n0cty4m,Obvious-Profit-5597,True,5.0,True,2.0,False,43,1751170663,0,1178.2,337.0,31341.0,True
IndiaCricket,1ln4x9v,2025-06,n0cugiv,Mean-Cucumber5051,True,6.0,True,3.0,False,29,1751170907,0,,,,
IndiaCricket,1ln4x9v,2025-06,n0cyw3s,Aerodynamic_hotdog,True,7.0,False,,False,21,1751173002,0,625.3,1201.0,6553.0,False
IndiaCricket,1ln4x9v,2025-06,n0d143s,tocra,True,8.0,False,,False,16,1751174079,0,3951.9,109279.0,91635.0,True
IndiaCricket,1ln4x9v,2025-06,n0d1gi2,iAmWhoDoYouKnow,True,9.0,False,,False,7,1751174254,0,1726.3,1301.0,38536.0,True
IndiaCricket,1ln4x9v,2025-06,n0cy12m,rw_lck,True,10.0,True,4.0,False,7,1751172597,0,596.8,17038.0,15607.0,True
IndiaCricket,1ln4x9v,2025-06,n0cy2eb,reset_rrj,False,,True,5.0,False,7,1751172615,0,484.6,1.0,42.0,True
IndiaCricket,1lbaosp,2025-06,mxr1s61,SuperannuationLawyer,True,1.0,True,4.0,False,1512,1749913489,0,2077.0,991.0,75534.0,True
IndiaCricket,1lbaosp,2025-06,mxr1pfj,halwa-cheery,True,2.0,True,3.0,False,663,1749913465,0,1495.9,653.0,6193.0,True
IndiaCricket,1lbaosp,2025-06,mxr0zwn,Valuable_Ad_6869,True,3.0,True,1.0,False,224,1749913237,0,1184.3,74274.0,212782.0,True
IndiaCricket,1lbaosp,2025-06,mxr53ao,Significant_Moose672,True,4.0,False,,False,56,1749914539,0,1954.1,774.0,11478.0,True
IndiaCricket,1lbaosp,2025-06,mxr1hol,Willing-Hotel-9485,True,5.0,True,2.0,False,45,1749913396,0,658.8,19.0,3058.0,True
IndiaCricket,1lbaosp,2025-06,mxr47ky,Beginning-Ladder6224,True,6.0,False,,False,30,1749914257,0,1751.8,36291.0,81109.0,True
IndiaCricket,1lbaosp,2025-06,mxr3z3g,Iamsleepwalking_a,True,7.0,False,,False,25,1749914181,0,653.0,2.0,4243.0,True
IndiaCricket,1lbaosp,2025-06,mxr8wb1,Siddchat,True,8.0,False,,False,15,1749915715,0,1932.5,2548.0,31847.0,True
IndiaCricket,1lbaosp,2025-06,mxrj3b8,job_hunter101,True,9.0,False,,False,12,1749918899,0,2024.7,5287.0,14462.0,True
IndiaCricket,1lbaosp,2025-06,mxr1sf6,Outrageous-Watch-947,True,10.0,True,5.0,False,10,1749913492,0,,,,
IndiaCricket,1l7ssac,2025-06,mwzh4ht,absolut_hero,True,1.0,False,,False,270,1749546119,0,2963.1,1712.0,6980.0,True
IndiaCricket,1l7ssac,2025-06,mwzdy6g,CorporateMajdoorr,True,2.0,False,,False,191,1749544229,0,959.4,10020.0,14302.0,True
IndiaCricket,1l7ssac,2025-06,mwzamuz,Independent_Meal_809,True,3.0,True,2.0,False,172,1749542239,0,711.3,1552.0,2464.0,True
IndiaCricket,1l7ssac,2025-06,mwzagfq,AdImpressive3567,True,4.0,True,1.0,False,130,1749542137,0,1258.1,68.0,3025.0,True
IndiaCricket,1l7ssac,2025-06,mwzeuhe,fuckingUlosername,True,5.0,False,,False,79,1749544768,0,,,,
IndiaCricket,1l7ssac,2025-06,mwzeseh,Keep0nBuckin,True,6.0,False,,False,64,1749544733,0,1195.8,177.0,146561.0,True
IndiaCricket,1l7ssac,2025-06,mwzn54y,Ok_Independent_5518,True,7.0,False,,False,63,1749549602,0,886.4,156.0,663.0,True
IndiaCricket,1l7ssac,2025-06,mwzdmrp,cosmic_soul29,True,8.0,True,5.0,False,49,1749544039,0,716.7,1.0,613.0,False
IndiaCricket,1l7ssac,2025-06,mwzkjw4,Few-Criticism8284,True,9.0,False,,False,44,1749548148,0,1803.9,250.0,2300.0,True
IndiaCricket,1l7ssac,2025-06,mwzfuwk,ThatsWhatTheKidSaid,True,10.0,False,,False,40,1749545371,0,,,,
IndiaCricket,1l7ssac,2025-06,mwzctnq,Majestic_Spare_69,False,,True,3.0,False,37,1749543543,0,1130.8,2913.0,5892.0,True
IndiaCricket,1l7ssac,2025-06,mwzcvz6,SteampunkStarboy,False,,True,4.0,False,15,1749543583,0,683.2,18.0,3142.0,True
IndiaCricket,1l7944k,2025-06,mwuu67t,yugi_raina,True,1.0,True,1.0,False,313,1749486706,0,2295.9,113.0,19103.0,True
IndiaCricket,1l7944k,2025-06,mwuuwxi,MurkhApniChaviSudhar,True,2.0,True,2.0,False,300,1749486914,0,427.1,2659.0,85110.0,True
IndiaCricket,1l7944k,2025-06,mwuv0dp,MidnightWolf__,True,3.0,True,3.0,False,291,1749486941,0,480.3,130895.0,64401.0,True
IndiaCricket,1l7944k,2025-06,mwuwm2y,Main_Rhubarb_3592,True,4.0,False,,False,199,1749487387,0,479.8,11848.0,11377.0,True
IndiaCricket,1l7944k,2025-06,mwuxus1,tonavaitam,True,5.0,False,,False,129,1749487731,0,,,,
IndiaCricket,1l7944k,2025-06,mwuv3os,FifthStump1244,True,6.0,True,4.0,False,82,1749486967,0,,,,
IndiaCricket,1l7944k,2025-06,mwuwdzj,croconline_,True,7.0,True,5.0,False,76,1749487324,0,1691.7,18052.0,77949.0,True
IndiaCricket,1l7944k,2025-06,mwuyb84,Hegde137,True,8.0,False,,False,42,1749487859,0,2769.5,1675.0,18734.0,True
IndiaCricket,1l7944k,2025-06,mwv1b38,Friendly_Figure_329,True,9.0,False,,False,35,1749488682,0,,,,
IndiaCricket,1l7944k,2025-06,mwv12v8,Hour_Rhubarb8040,True,10.0,False,,False,27,1749488618,0,473.6,1.0,312.0,True
bollywood,1ln7h3p,2025-06,n0d8k8p,Fresh_Professional69,True,1.0,True,4.0,False,218,1751178040,0,504.8,1.0,1280.0,True
bollywood,1ln7h3p,2025-06,n0d88iw,tecnogamer,True,3.0,True,3.0,False,156,1751177858,0,2439.2,166575.0,18440.0,True
bollywood,1ln7h3p,2025-06,n0d9i9h,TheOwlwithGlasses,True,2.0,False,,False,160,1751178564,0,357.5,889.0,25821.0,True
bollywood,1ln7h3p,2025-06,n0damtq,DJMhat,True,4.0,False,,False,70,1751179203,0,2528.7,5462.0,232854.0,True
bollywood,1ln7h3p,2025-06,n0d9tbt,Hot_Form805,True,5.0,False,,False,64,1751178739,0,680.9,6380.0,9155.0,True
bollywood,1ln7h3p,2025-06,n0d8u94,decorous_gru,True,6.0,False,,False,64,1751178193,0,1245.9,84784.0,105514.0,True
bollywood,1ln7h3p,2025-06,n0d8qz1,No-Operation-3837,True,7.0,True,5.0,False,47,1751178143,0,1924.9,11.0,3952.0,True
bollywood,1ln7h3p,2025-06,n0dbuey,DankCumLame,True,8.0,False,,False,17,1751179892,0,1692.0,26666.0,6110.0,True
bollywood,1ln7h3p,2025-06,n0d9kkj,Affectionate_Post592,True,9.0,False,,False,15,1751178601,0,366.8,6685.0,13519.0,True
bollywood,1ln7h3p,2025-06,n0d7sj8,UndeadReborn,False,,True,2.0,False,11,1751177616,0,691.5,93436.0,79847.0,True
bollywood,1ln7h3p,2025-06,n0dakr2,awaishssn,True,10.0,False,,False,13,1751179170,0,3678.3,64.0,71016.0,True
bollywood,1ln7h3p,2025-06,n0d74ye,Cheap_trick1412,False,,True,1.0,False,8,1751177249,0,,,,
bollywood,1la9qoz,2025-06,mxj2e5x,i4shaikh,True,1.0,True,2.0,False,575,1749803155,0,1615.6,2622.0,14908.0,True
bollywood,1la9qoz,2025-06,mxj6xcu,ImportantSpirit4126,True,2.0,True,4.0,False,469,1749805913,0,2088.1,7659.0,21478.0,True
bollywood,1la9qoz,2025-06,mxjbxds,Delicious-Dinner1034,True,3.0,False,,False,143,1749808820,0,1896.0,55.0,3556.0,True
bollywood,1la9qoz,2025-06,mxjrd6g,AnkitS75,True,4.0,False,,False,130,1749816011,0,2504.5,41.0,14203.0,True
bollywood,1la9qoz,2025-06,mxj8r7v,stinkingcheese,True,5.0,True,5.0,False,58,1749807013,0,2901.9,1728.0,21134.0,True
bollywood,1la9qoz,2025-06,mxjd6if,ducducspartan,True,7.0,False,,False,56,1749809508,0,2035.0,55.0,1610.0,True
bollywood,1la9qoz,2025-06,mxjhzem,littlefingerthemayor,True,6.0,False,,False,57,1749811943,0,2753.5,1.0,2298.0,True
bollywood,1la9qoz,2025-06,mxj5hyz,Silver-Control828,True,9.0,True,3.0,False,29,1749805045,0,598.7,1.0,5457.0,True
bollywood,1la9qoz,2025-06,mxjfpb4,Pretty_Barber_1791,True,8.0,False,,False,30,1749810829,0,1298.8,177.0,5665.0,True
bollywood,1la9qoz,2025-06,mxiyvwz,usernametaken_23,True,10.0,True,1.0,False,20,1749801059,0,1856.1,412.0,7046.0,True
bollywood,1llzgsm,2025-06,n03vf7o,Anas_malik0503,True,1.0,False,,False,466,1751047853,0,403.9,21686.0,11287.0,True
bollywood,1llzgsm,2025-06,n03jzb0,Original_Time4144,True,2.0,True,1.0,False,421,1751044677,0,547.9,1.0,2542.0,True
bollywood,1llzgsm,2025-06,n03kvjt,Broad-Lifeguard-4127,True,3.0,True,2.0,False,308,1751044924,0,372.6,158.0,4017.0,True
bollywood,1llzgsm,2025-06,n03nkix,serenelovers,True,4.0,True,4.0,False,147,1751045672,0,722.8,2085.0,28255.0,True
bollywood,1llzgsm,2025-06,n03le7s,speaking_facts06,True,5.0,True,3.0,False,90,1751045067,0,1936.0,15282.0,243047.0,False
bollywood,1llzgsm,2025-06,n03ogw3,ariesandnotproud,True,6.0,True,5.0,False,78,1751045918,0,2180.7,27553.0,122414.0,True
bollywood,1llzgsm,2025-06,n03p93n,Red171022,True,7.0,False,,False,37,1751046135,0,1156.0,82.0,97479.0,True
bollywood,1llzgsm,2025-06,n03vp0w,ContestSuspicious573,True,8.0,False,,False,31,1751047930,0,694.2,5327.0,116606.0,False
bollywood,1llzgsm,2025-06,n03qq20,DragonDeninSharkTank,True,9.0,False,,False,20,1751046538,0,1539.1,186549.0,123292.0,True
bollywood,1llzgsm,2025-06,n03qn84,SweatTasteGreat,True,10.0,False,,False,18,1751046518,0,626.8,617.0,30827.0,True
bollywood,1l77s6w,2025-06,mwupsg9,bigchill1106,True,1.0,False,,False,710,1749485470,0,2565.5,49.0,20807.0,True
bollywood,1l77s6w,2025-06,mwuq1cm,Agile-Zucchini-1355,True,2.0,False,,False,107,1749485540,0,1414.4,14.0,97144.0,True
bollywood,1l77s6w,2025-06,mwv0ivy,No_Damage2484,True,3.0,False,,False,67,1749488465,0,1979.1,373.0,40107.0,True
bollywood,1l77s6w,2025-06,mwupjb7,pappuloser,True,4.0,False,,False,63,1749485397,0,777.8,8.0,11860.0,True
bollywood,1l77s6w,2025-06,mwuxgig,Late_Cell8983,True,5.0,False,,False,52,1749487621,0,479.8,356.0,8793.0,True
bollywood,1l77s6w,2025-06,mwunbjt,meersuhaib007,True,6.0,True,3.0,False,49,1749484753,0,570.8,1.0,1835.0,True
bollywood,1l77s6w,2025-06,mwukqy1,ParticularJuice3983,True,7.0,True,2.0,False,39,1749484031,0,1991.2,631.0,60205.0,True
bollywood,1l77s6w,2025-06,mwuk96p,candleblowout,True,9.0,True,1.0,False,17,1749483891,0,802.1,4244.0,4768.0,False
bollywood,1l77s6w,2025-06,mwy623w,futstuff1122,True,10.0,False,,False,17,1749523093,0,453.1,12.0,532.0,True
bollywood,1l77s6w,2025-06,mwuoklq,Own-Weakness-2435,True,8.0,True,4.0,False,18,1749485117,0,1007.7,8614.0,18520.0,True
bollywood,1l77s6w,2025-06,mwup3r9,ShareGeneral700,False,,True,5.0,False,5,1749485271,0,538.6,2475.0,8753.0,True
bollywood,1lhgl98,2025-06,mz3yhij,Swap2909,True,1.0,True,2.0,False,110,1750571447,0,2343.3,1555.0,6487.0,True
bollywood,1lhgl98,2025-06,mz3yqjs,Burningdesire00,True,2.0,True,3.0,False,75,1750571580,0,1925.7,201.0,301.0,True
bollywood,1lhgl98,2025-06,mz41mqo,No_Finger_8874,True,3.0,False,,False,61,1750573152,0,1944.2,6352.0,16705.0,True
bollywood,1lhgl98,2025-06,mz41c0q,onelifemanymemories,True,4.0,False,,False,44,1750572989,0,1334.5,14268.0,52835.0,True
bollywood,1lhgl98,2025-06,mz42fxj,Existing-List6662,True,5.0,False,,False,39,1750573605,0,1641.4,6945.0,35374.0,True
bollywood,1lhgl98,2025-06,mz4091j,Necessary-Tie5743,True,6.0,True,4.0,False,23,1750572395,0,,,,
bollywood,1lhgl98,2025-06,mz42fz7,BlackPumas23,True,7.0,False,,False,20,1750573606,0,1987.0,1304.0,25729.0,True
bollywood,1lhgl98,2025-06,mz4462n,Beautiful_Error_279,True,8.0,False,,False,10,1750574586,0,502.2,1.0,12710.0,True
bollywood,1lhgl98,2025-06,mz66p2z,Fernsjjf,True,9.0,False,,False,6,1750607989,0,1524.8,1624.0,3219.0,True
bollywood,1lhgl98,2025-06,mz3ydeq,TwoApprehensive3666,True,10.0,True,1.0,False,3,1750571386,0,1953.7,345.0,13747.0,True
bollywood,1lhgl98,2025-06,mz40uqq,NoLocal1776,False,,True,5.0,False,3,1750572726,0,1856.3,12.0,20649.0,False
bollywood,1lbbh2h,2025-06,mxr8nxa,MiserableMidnight6,True,1.0,True,2.0,False,828,1749915643,0,829.1,82367.0,56233.0,True
bollywood,1lbbh2h,2025-06,mxrg2r8,Cornucopia2020,True,2.0,False,,False,204,1749917946,0,2190.8,5396.0,106139.0,True
bollywood,1lbbh2h,2025-06,mxr9skz,NoRelative9202,True,3.0,True,4.0,False,147,1749915991,0,487.1,41216.0,9822.0,True
bollywood,1lbbh2h,2025-06,mxrvcvv,Abject_Taste_3597,True,4.0,False,,False,118,1749922651,0,404.9,634.0,4098.0,True
bollywood,1lbbh2h,2025-06,mxr8izj,Economy-Telephone500,True,5.0,True,1.0,False,111,1749915602,0,2044.1,1971.0,32224.0,True
bollywood,1lbbh2h,2025-06,mxra3hf,mooonpresence,True,6.0,True,5.0,False,65,1749916084,0,731.0,416.0,19087.0,True
bollywood,1lbbh2h,2025-06,mxrbun9,Emotional-Ninja-3911,True,7.0,False,,False,64,1749916625,0,1549.7,944.0,13705.0,True
bollywood,1lbbh2h,2025-06,mxraraf,BackhandQ,True,8.0,False,,False,39,1749916287,0,4205.7,9594.0,79504.0,True
bollywood,1lbbh2h,2025-06,mxr8wsv,Ok-Earth-3601,True,9.0,True,3.0,False,31,1749915719,0,628.9,1407.0,35033.0,True
bollywood,1lbbh2h,2025-06,mxs1yuv,whyarebee,True,10.0,False,,False,19,1749924682,0,3887.9,376.0,1944.0,True
bollywood,1lgpodx,2025-06,myy8s1v,Bhav2385,True,1.0,False,,False,719,1750490403,0,2233.1,65537.0,58998.0,True
bollywood,1lgpodx,2025-06,myy57zc,cricp0sting,True,2.0,True,3.0,False,215,1750488342,0,751.9,5924.0,56931.0,True
bollywood,1lgpodx,2025-06,myy2l9q,Mysterious_Drag5536,True,3.0,True,1.0,False,148,1750486847,0,,,,
bollywood,1lgpodx,2025-06,myy5v7g,Gold-Development7075,True,4.0,True,4.0,False,124,1750488709,0,1606.9,135.0,19759.0,True
bollywood,1lgpodx,2025-06,myy8qur,Maleficent_Owl3938,True,5.0,False,,False,58,1750490382,0,1898.4,1.0,24603.0,True
bollywood,1lgpodx,2025-06,myylmmu,Southern-Paint-8579,True,6.0,False,,False,42,1750498364,0,944.1,68.0,733.0,True
bollywood,1lgpodx,2025-06,myy4grv,observer247,True,7.0,True,2.0,False,13,1750487912,0,4526.3,1963.0,5979.0,True
bollywood,1lgpodx,2025-06,myy6r7e,gossip-lover3914,True,8.0,True,5.0,False,11,1750489214,0,377.1,2017.0,9641.0,True
bollywood,1lgpodx,2025-06,mz0w87m,ash_n0there,True,9.0,False,,False,8,1750529871,0,928.9,101.0,359.0,True
bollywood,1lgpodx,2025-06,myzlgl2,Environmental_Act576,True,10.0,False,,False,6,1750515000,0,2052.9,353.0,45439.0,True
bollywood,1lam0jb,2025-06,mxlotve,ReadyOnReddit31,True,1.0,True,3.0,False,127,1749837165,0,1065.8,1166.0,8159.0,True
bollywood,1lam0jb,2025-06,mxlvuug,Dry-Path-3702,True,2.0,False,,False,100,1749839177,0,,,,
bollywood,1lam0jb,2025-06,mxlsumu,stoned_experiences,True,3.0,True,5.0,False,55,1749838307,0,868.3,322.0,33322.0,False
bollywood,1lam0jb,2025-06,mxlofep,tecnogamer,True,4.0,True,2.0,False,52,1749837054,0,2439.2,166575.0,18440.0,True
bollywood,1lam0jb,2025-06,mxn9yxg,rn3122,True,5.0,False,,False,31,1749854524,0,2203.7,142318.0,281044.0,True
bollywood,1lam0jb,2025-06,mxo8g4o,OTribal_chief,True,6.0,False,,False,28,1749866757,0,657.4,8176.0,27532.0,True
bollywood,1lam0jb,2025-06,mxlw41d,1120gg,True,7.0,False,,False,21,1749839251,0,1790.7,3708.0,42660.0,True
bollywood,1lam0jb,2025-06,mxlyw7f,coolbabyyoutoo1438,True,8.0,False,,False,19,1749840065,0,617.2,432.0,6318.0,True
bollywood,1lam0jb,2025-06,mxmtr6j,odd_star11,True,9.0,False,,False,15,1749849216,0,984.9,702.0,4085.0,True
bollywood,1lam0jb,2025-06,mxlnsvc,yes-reply,True,10.0,True,1.0,False,9,1749836883,0,513.1,38.0,12870.0,True
bollywood,1lam0jb,2025-06,mxlrj8o,Trunl,False,,True,4.0,False,2,1749837930,0,3822.7,3020.0,10422.0,True
bollywood,1lb8tkj,2025-06,mxqn14o,Full_Nature_1091,True,1.0,True,1.0,False,932,1749908599,0,1424.1,18.0,1608.0,True
bollywood,1lb8tkj,2025-06,mxqo7lo,Kindly_Chemist3457,True,2.0,True,4.0,False,327,1749909020,0,811.1,31.0,969.0,True
bollywood,1lb8tkj,2025-06,mxqn4as,yes-reply,True,3.0,True,3.0,False,171,1749908631,0,513.1,38.0,12870.0,True
bollywood,1lb8tkj,2025-06,mxqq8fq,mayudhon,True,4.0,False,,False,153,1749909724,0,1881.1,7755.0,245843.0,True
bollywood,1lb8tkj,2025-06,mxqr2du,bubmyass,True,5.0,False,,False,146,1749910007,0,2565.8,307.0,24553.0,True
bollywood,1lb8tkj,2025-06,mxqpz5z,broyalchallenger,True,6.0,False,,False,101,1749909636,0,2813.8,5471.0,5682.0,True
bollywood,1lb8tkj,2025-06,mxqpnac,Salty_Alps_1450,True,7.0,True,5.0,False,80,1749909524,0,1639.6,630.0,10042.0,True
bollywood,1lb8tkj,2025-06,mxqn2p2,YShah,True,8.0,True,2.0,False,69,1749908616,0,5175.4,2830.0,5737.0,True
bollywood,1lb8tkj,2025-06,mxqxzbi,_rushi0p_,True,9.0,False,,False,68,1749912272,0,1510.9,4211.0,1502.0,True
bollywood,1lb8tkj,2025-06,mxqy5od,SnooPuppers3394,True,10.0,False,,False,47,1749912328,0,2138.9,671.0,2289.0,True
bollywood,1ldtxpw,2025-06,myaxud9,Cheap_trick1412,True,1.0,True,2.0,False,68,1750183030,0,,,,
bollywood,1ldtxpw,2025-06,myaxtjo,DrShail,True,2.0,True,1.0,False,49,1750183024,0,2263.7,50444.0,35740.0,True
bollywood,1ldtxpw,2025-06,myaznls,ehhdjdmebshsmajsjssn,True,3.0,True,3.0,False,31,1750183525,0,2350.8,16187.0,150310.0,True
bollywood,1ldtxpw,2025-06,myb2fka,Most_Influence5893,True,4.0,True,4.0,False,17,1750184303,0,411.2,3426.0,7226.0,True
bollywood,1ldtxpw,2025-06,myb84r8,Illustrious-Grape897,True,5.0,False,,False,9,1750185909,0,900.9,9442.0,61443.0,True
bollywood,1ldtxpw,2025-06,myb9jpe,No_cl00,True,6.0,False,,False,8,1750186306,0,706.6,1723.0,16833.0,True
bollywood,1ldtxpw,2025-06,myb4fka,0Rohan2,True,8.0,True,5.0,False,5,1750184865,0,2277.0,19997.0,34011.0,True
bollywood,1ldtxpw,2025-06,myb7p37,the_midnight_skulker,True,7.0,False,,False,6,1750185787,0,,,,
bollywood,1ldtxpw,2025-06,myc8o5d,rhythm_in_chaos,True,9.0,False,,False,3,1750196382,0,2268.8,2504.0,3670.0,True
bollywood,1ldtxpw,2025-06,mybtexc,Organic_Addition4659,True,10.0,False,,False,1,1750191946,0,683.6,510.0,495.0,True
IndianStockMarket,1llo3ny,2025-06,n018gva,abi_helpdesk,True,1.0,True,1.0,False,316,1751015088,0,,,,
IndianStockMarket,1llo3ny,2025-06,n01amq1,prostartme,True,2.0,True,2.0,False,74,1751016352,0,4620.7,1103.0,10704.0,True
IndianStockMarket,1llo3ny,2025-06,n01q1xi,exotic_variation99,True,3.0,False,,False,63,1751024106,0,1724.3,40.0,1171.0,True
IndianStockMarket,1llo3ny,2025-06,n01m6ta,the_storm_rider,True,4.0,False,,False,56,1751022385,0,3879.1,373.0,53250.0,True
IndianStockMarket,1llo3ny,2025-06,n01w4j4,ImmortalMermade,True,5.0,False,,False,48,1751026570,0,,,,
IndianStockMarket,1llo3ny,2025-06,n01c0xa,xitrumpkim,True,6.0,True,3.0,False,46,1751017155,0,646.1,174.0,443.0,True
IndianStockMarket,1llo3ny,2025-06,n01cgok,TimeVendor,True,7.0,True,4.0,False,36,1751017401,0,3712.0,254335.0,51860.0,True
IndianStockMarket,1llo3ny,2025-06,n01t844,Expensive_Grade_1068,True,8.0,False,,False,18,1751025424,0,1226.8,3.0,6502.0,True
IndianStockMarket,1llo3ny,2025-06,n01zqz3,Josaphine-by,True,10.0,False,,False,16,1751027933,0,716.8,66.0,130.0,True
IndianStockMarket,1llo3ny,2025-06,n0255cw,amanraturi1,True,9.0,False,,False,18,1751029827,0,434.9,40.0,309.0,True
IndianStockMarket,1llo3ny,2025-06,n01e0df,Legitimate-Ride5034,False,,True,5.0,False,7,1751018257,0,965.4,1.0,13441.0,False
IndianStockMarket,1l7877i,2025-06,mwusccr,Prottusha1,True,1.0,True,3.0,False,348,1749486195,0,1794.5,2754.0,36748.0,True
IndianStockMarket,1l7877i,2025-06,mwul7j6,Possible-Turnip-9734,True,2.0,True,1.0,False,309,1749484161,0,561.4,1040.0,17446.0,True
IndianStockMarket,1l7877i,2025-06,mwulvp7,Distinct-Drama7372,True,3.0,True,2.0,False,45,1749484349,0,1684.5,53505.0,154372.0,True
IndianStockMarket,1l7877i,2025-06,mwushp2,Vivid_Card_701,True,4.0,True,4.0,False,30,1749486237,0,1661.0,795.0,949.0,True
IndianStockMarket,1l7877i,2025-06,mwutck4,sujithrocks,True,5.0,False,,False,19,1749486476,0,4516.1,12572.0,4039.0,True
IndianStockMarket,1l7877i,2025-06,mwuvr4e,Killer_insctinct,True,6.0,False,,False,10,1749487148,0,2042.2,497.0,30302.0,True
IndianStockMarket,1l7877i,2025-06,mwv73m0,First_Bottle_8139,True,7.0,False,,False,10,1749490265,0,1850.2,139.0,118.0,True
IndianStockMarket,1l7877i,2025-06,mwvz11j,chiefwhowahoo3,True,8.0,False,,False,6,1749498077,0,639.8,1491.0,1405.0,False
IndianStockMarket,1l7877i,2025-06,mwvdsdk,West-Attempt6797,True,9.0,False,,False,3,1749492072,0,1919.8,588.0,5130.0,True
IndianStockMarket,1l7877i,2025-06,mwwok7b,Capable-Ambassador47,True,10.0,False,,False,3,1749505379,0,1801.8,1.0,22.0,True
IndianStockMarket,1l7877i,2025-06,mwuswfm,Professor_Moraiarkar,False,,True,5.0,False,1,1749486351,0,741.2,50111.0,58333.0,True
IndianStockMarket,1l9lo2f,2025-06,mxdja77,o_x_i_f_y,True,1.0,True,4.0,False,376,1749734014,0,2155.7,19.0,25245.0,True
IndianStockMarket,1l9lo2f,2025-06,mxdh8zw,the_money_prophet,True,2.0,True,1.0,False,202,1749733315,0,518.9,4.0,37629.0,False
IndianStockMarket,1l9lo2f,2025-06,mxdijlp,i_m_bloo,True,3.0,True,3.0,False,100,1749733762,0,1625.7,248.0,8588.0,True
IndianStockMarket,1l9lo2f,2025-06,mxdibj3,Legitimate-Trip8422,True,4.0,True,2.0,False,47,1749733686,0,503.9,3037.0,45272.0,True
IndianStockMarket,1l9lo2f,2025-06,mxdmj9c,Similar_Duty1951,True,5.0,False,,False,39,1749735104,0,1182.9,6280.0,46445.0,True
IndianStockMarket,1l9lo2f,2025-06,mxe2680,chakrihacker,True,7.0,False,,False,20,1749739859,0,3711.5,599.0,1129.0,True
IndianStockMarket,1l9lo2f,2025-06,mxdkfzh,Some_Farm8108,True,6.0,False,,False,21,1749734406,0,691.9,7220.0,59463.0,False
IndianStockMarket,1l9lo2f,2025-06,mxdthjy,abi_helpdesk,True,8.0,False,,False,13,1749737307,0,,,,
IndianStockMarket,1l9lo2f,2025-06,mxdopmb,PeeOnYoFace007,True,9.0,False,,False,10,1749735819,0,528.6,7.0,8402.0,False
IndianStockMarket,1l9lo2f,2025-06,mxdrdxf,peeledpotato1989,True,10.0,False,,False,6,1749736664,0,2578.1,25742.0,14207.0,True
IndianStockMarket,1l9lo2f,2025-06,mxdjtxc,HistoricalAd1010,False,,True,5.0,False,3,1749734199,0,1655.2,6069.0,2693.0,True
IndianStockMarket,1ll3d2a,2025-06,mzwre4k,organised-choas,True,1.0,True,2.0,False,639,1750955820,0,1035.2,5480.0,27045.0,True
IndianStockMarket,1ll3d2a,2025-06,mzwpq02,Lambodhara-420,True,2.0,True,1.0,False,157,1750955340,0,521.1,2179.0,25407.0,True
IndianStockMarket,1ll3d2a,2025-06,mzzjklj,XH3LLSinGX,True,3.0,False,,False,100,1750986651,0,2950.1,2981.0,47936.0,True
IndianStockMarket,1ll3d2a,2025-06,mzwsvp7,im_starkastic,True,4.0,True,3.0,False,90,1750956246,0,2118.6,44129.0,27782.0,True
IndianStockMarket,1ll3d2a,2025-06,mzzkya3,Lumiaman88,True,5.0,False,,False,35,1750987137,0,2183.2,7231.0,11274.0,True
IndianStockMarket,1ll3d2a,2025-06,mzxq6k8,beinghuman101,True,6.0,True,4.0,False,22,1750965535,0,2048.6,120.0,66.0,True
IndianStockMarket,1ll3d2a,2025-06,n00masq,Fast-Escape-8607,True,7.0,False,,False,7,1751002552,0,487.2,1527.0,5147.0,True
IndianStockMarket,1ll3d2a,2025-06,n00v618,snicky29,True,8.0,False,,False,3,1751007298,0,2696.0,31194.0,58116.0,True
IndianStockMarket,1ll3d2a,2025-06,n058g8s,keggg69,True,9.0,False,,False,3,1751062813,0,1251.9,315.0,2012.0,True
IndianStockMarket,1ll3d2a,2025-06,n0790qp,Alone-Chemistry-2391,True,10.0,False,,False,3,1751092535,0,1711.7,5204.0,17284.0,True
IndianStockMarket,1ll3d2a,2025-06,mzygvoo,mistiquefog,False,,True,5.0,False,-50,1750973540,0,2333.5,920.0,59714.0,True
IndianStockMarket,1leg4wk,2025-06,myfux7j,Same-Face7610,True,1.0,True,4.0,False,351,1750251028,0,1637.1,24.0,382.0,True
IndianStockMarket,1leg4wk,2025-06,myfvifi,Middleclass_Operator,True,2.0,True,5.0,False,121,1750251229,0,393.0,223.0,3888.0,True
IndianStockMarket,1leg4wk,2025-06,myfwraq,DrunkAsPanda,True,3.0,False,,False,49,1750251657,0,909.8,325.0,18475.0,True
IndianStockMarket,1leg4wk,2025-06,myg35zg,Smart-Position5284,True,4.0,False,,False,19,1750253800,0,1253.0,2092.0,5439.0,True
IndianStockMarket,1leg4wk,2025-06,myfuamy,Alarmed_Country7184,True,6.0,True,1.0,False,13,1750250814,0,1927.2,1787.0,22405.0,True
IndianStockMarket,1leg4wk,2025-06,myfui3l,Pen-Jealous,True,5.0,True,2.0,False,14,1750250884,0,2047.1,177.0,927.0,True
IndianStockMarket,1leg4wk,2025-06,myfux5x,mom-lover696,True,7.0,True,3.0,False,9,1750251027,0,990.2,2.0,2080.0,True
IndianStockMarket,1leg4wk,2025-06,mygk5rz,engg_unknown,True,8.0,False,,False,7,1750258863,0,586.0,1.0,152.0,True
IndianStockMarket,1leg4wk,2025-06,myfypij,pramodc84,True,9.0,False,,False,5,1750252328,0,6660.3,56745.0,97891.0,True
IndianStockMarket,1leg4wk,2025-06,myg3ga2,Willing-Ad3030,True,10.0,False,,False,3,1750253894,0,419.4,3193.0,3832.0,True
IndianStockMarket,1l8noqb,2025-06,mxc5u21,anaamadeyaashokkumar,True,1.0,False,,False,188,1749709236,0,2041.2,112.0,2892.0,True
IndianStockMarket,1l8noqb,2025-06,mxbehqw,Confident_Appeal5729,True,2.0,True,1.0,False,61,1749696660,0,1278.1,11002.0,20177.0,True
IndianStockMarket,1l8noqb,2025-06,mxbsvgo,The_lazy_guy14,True,3.0,False,,False,54,1749702618,0,516.7,558.0,2054.0,True
IndianStockMarket,1l8noqb,2025-06,mxbgon9,heat_99,True,4.0,True,2.0,False,9,1749697479,0,1217.8,271.0,22659.0,True
IndianStockMarket,1l8noqb,2025-06,mxc06g2,that_impulsive_guy,True,5.0,False,,False,9,1749706215,0,3124.9,46.0,12707.0,True
IndianStockMarket,1l8noqb,2025-06,mxbsxcm,maincoderhoon,True,6.0,False,,False,6,1749702642,0,2072.6,12813.0,4616.0,True
IndianStockMarket,1l8noqb,2025-06,mxc7s3w,Beastman136,True,9.0,False,,False,2,1749710329,0,1953.1,77.0,9723.0,True
IndianStockMarket,1l8noqb,2025-06,mxbovlg,Xiao891,True,7.0,True,4.0,False,4,1749700801,0,1052.1,78.0,8430.0,True
IndianStockMarket,1l8noqb,2025-06,mxbrg8g,meetsheth,True,8.0,True,5.0,False,3,1749701954,0,2760.3,2622.0,1046.0,True
IndianStockMarket,1l8noqb,2025-06,mxbit98,ArEmMinusArEff,True,10.0,True,3.0,False,2,1749698284,0,2514.9,90.0,1265.0,True
IndianStockMarket,1l6yrdf,2025-06,mwsludf,Glad-Document-9755,True,1.0,True,2.0,False,324,1749455026,0,1284.4,1790.0,10846.0,True
IndianStockMarket,1l6yrdf,2025-06,mwsnzre,Helpful_Ant_3440,True,2.0,False,,False,173,1749456273,0,1459.9,10401.0,34255.0,True
IndianStockMarket,1l6yrdf,2025-06,mwsnedm,bitanshu,True,3.0,True,5.0,False,131,1749455926,0,2472.6,4834.0,18825.0,True
IndianStockMarket,1l6yrdf,2025-06,mwsno0v,GotBanned3rdTime,True,4.0,False,,False,85,1749456080,0,683.1,9660.0,42533.0,True
IndianStockMarket,1l6yrdf,2025-06,mwslmqq,Eagle__Gunner,True,5.0,True,1.0,False,26,1749454903,0,734.8,132.0,26206.0,False
IndianStockMarket,1l6yrdf,2025-06,mwsyxjt,StraightRegular3,True,6.0,False,,False,25,1749462781,0,2224.3,290.0,711.0,True
IndianStockMarket,1l6yrdf,2025-06,mwsn4z0,Puzzleheaded-Good-63,True,7.0,True,4.0,False,16,1749455775,0,1592.1,1.0,718.0,True
IndianStockMarket,1l6yrdf,2025-06,mwsrzzh,OldAssumption1542,True,8.0,False,,False,15,1749458705,0,872.4,556.0,4950.0,True
IndianStockMarket,1l6yrdf,2025-06,mwspcbq,Mysterious_Skin_7524,True,9.0,False,,False,7,1749457094,0,534.8,1572.0,745.0,True
IndianStockMarket,1l6yrdf,2025-06,mwsmbym,ClumsyWizard7,True,10.0,True,3.0,False,4,1749455307,0,786.7,172.0,1059.0,False
IndianStockMarket,1l4m5w9,2025-06,mwa6n14,EmmVeeEss,True,1.0,True,4.0,False,98,1749198073,0,2535.9,4018.0,18297.0,True
IndianStockMarket,1l4m5w9,2025-06,mw9zzr0,craftogrammer,True,2.0,True,1.0,False,42,1749194081,0,587.8,46.0,787.0,True
IndianStockMarket,1l4m5w9,2025-06,mwak95c,jaganm,True,3.0,False,,False,28,1749206040,0,5388.1,2591.0,10243.0,True
IndianStockMarket,1l4m5w9,2025-06,mwa7ly0,YardDry3649,True,4.0,True,5.0,False,26,1749198673,0,,,,
IndianStockMarket,1l4m5w9,2025-06,mwajhrq,Adventurous-Foot4388,True,5.0,False,,False,21,1749205638,0,1309.9,2122.0,2179.0,True
IndianStockMarket,1l4m5w9,2025-06,mwa1av0,This-Question86,True,7.0,True,2.0,False,13,1749194851,0,1387.9,45.0,973.0,True
IndianStockMarket,1l4m5w9,2025-06,mwa4i4g,BaseballAny5716,True,8.0,True,3.0,False,13,1749196768,0,,,,
IndianStockMarket,1l4m5w9,2025-06,mwaiyd4,C4HOTFUNMUM,True,6.0,False,,False,14,1749205352,0,1691.8,304.0,4647.0,True
IndianStockMarket,1l4m5w9,2025-06,mwag7ts,madmax292,True,9.0,False,,False,9,1749203849,0,2871.9,362.0,3160.0,True
IndianStockMarket,1l4m5w9,2025-06,mwamsf4,nirma_iitkgp,True,10.0,False,,False,9,1749207281,0,2809.3,377.0,553.0,True
IndianStockMarket,1lmgxy3,2025-06,n080i3y,jonota20,True,1.0,True,1.0,False,131,1751108362,0,2868.2,4057.0,2793.0,True
IndianStockMarket,1lmgxy3,2025-06,n085k1e,Proud-Chicken90,True,2.0,True,3.0,False,118,1751110869,0,,,,
IndianStockMarket,1lmgxy3,2025-06,n085uc7,Nomore_chances,True,3.0,True,4.0,False,18,1751111004,0,915.1,1069.0,6434.0,True
IndianStockMarket,1lmgxy3,2025-06,n08qcj1,Historical_Report702,True,4.0,False,,False,17,1751119231,0,1164.8,30.0,3733.0,True
IndianStockMarket,1lmgxy3,2025-06,n0819az,Blue_Eagle8,True,5.0,True,2.0,False,13,1751108753,0,1932.1,1899.0,65060.0,True
IndianStockMarket,1lmgxy3,2025-06,n08wj6e,Ecstatic-Produce-604,True,6.0,False,,False,13,1751121299,0,1001.4,6.0,371.0,False
IndianStockMarket,1lmgxy3,2025-06,n08f7sw,NetworkAvailable,True,7.0,False,,False,11,1751115050,0,2027.9,39.0,1438.0,True
IndianStockMarket,1lmgxy3,2025-06,n091aea,DutyCommercial855,True,8.0,False,,False,7,1751122828,0,403.0,295.0,535.0,True
IndianStockMarket,1lmgxy3,2025-06,n091h4t,Alone_Ad9724,True,9.0,False,,False,4,1751122887,0,849.9,887.0,247.0,True
IndianStockMarket,1lmgxy3,2025-06,n09ehi0,rowdy-buoy10,True,10.0,False,,False,4,1751126993,0,443.8,1238.0,1927.0,True
IndianStockMarket,1lmgxy3,2025-06,n08d4n6,stardust_lit,False,,True,5.0,False,3,1751114207,0,354.0,9.0,101.0,True
IndianStockMarket,1lkted5,2025-06,mzubavy,Ok-Television-9662,True,1.0,True,1.0,False,281,1750921062,0,1313.6,1568.0,145764.0,True
IndianStockMarket,1lkted5,2025-06,mzudyyx,Jazzlike-Tone-6711,True,2.0,True,2.0,False,109,1750922567,0,699.9,1154.0,575.0,True
IndianStockMarket,1lkted5,2025-06,mzuhfzy,notorious_proton,True,3.0,True,4.0,False,102,1750924633,0,484.2,785.0,2720.0,True
IndianStockMarket,1lkted5,2025-06,mzufndj,LastMajor1301,True,4.0,True,3.0,False,32,1750923563,0,517.8,1.0,390.0,False
IndianStockMarket,1lkted5,2025-06,mzuocj3,StrongNerve221,True,5.0,False,,False,26,1750928744,0,365.1,1.0,69.0,True
IndianStockMarket,1lkted5,2025-06,mzupxvi,NewWheelView,True,6.0,False,,False,23,1750929686,0,571.1,38225.0,47569.0,True
IndianStockMarket,1lkted5,2025-06,mzukne3,SageSharma,True,7.0,True,5.0,False,23,1750926536,0,584.0,25627.0,53717.0,True
IndianStockMarket,1lkted5,2025-06,mzus6ra,SanjuRai1986,True,8.0,False,,False,16,1750931002,0,1183.2,407.0,5746.0,True
IndianStockMarket,1lkted5,2025-06,mzuuj9h,USN54,True,9.0,False,,False,7,1750932277,0,778.9,5.0,518.0,True
IndianStockMarket,1lkted5,2025-06,mzv5zeb,subashj24,True,10.0,False,,False,7,1750937739,0,2550.0,244.0,9058.0,True
indiaspeaks,1l5er3o,2025-06,mwgcl0l,Negative_Ad_1332,True,1.0,True,1.0,False,913,1749280589,0,1933.2,952.0,7993.0,True
indiaspeaks,1l5er3o,2025-06,mwgcljc,ididacannonball,True,2.0,True,2.0,False,341,1749280598,0,2035.8,5664.0,156090.0,True
indiaspeaks,1l5er3o,2025-06,mwgd7cx,Yeet_TheVoid,True,3.0,True,3.0,False,116,1749280964,0,,,,
indiaspeaks,1l5er3o,2025-06,mwgfuh6,MelonLord25-3,True,4.0,False,,False,18,1749282560,0,1561.3,665.0,72976.0,True
indiaspeaks,1l5er3o,2025-06,mwgit78,aryanr64x,True,5.0,False,,False,18,1749284356,0,1699.3,475.0,3036.0,True
indiaspeaks,1l5er3o,2025-06,mwgod80,MaffeoPolo,True,6.0,False,,False,10,1749287810,0,1459.3,97630.0,48673.0,False
indiaspeaks,1l5er3o,2025-06,mwge96n,FewBoysenberry6792,True,7.0,True,4.0,False,8,1749281598,0,2006.8,33935.0,7630.0,True
indiaspeaks,1l5er3o,2025-06,mwgg5c6,AgentT30,True,8.0,False,,False,8,1749282742,0,3330.1,31474.0,30719.0,True
indiaspeaks,1l5er3o,2025-06,mwgjp8v,Fitsapian,True,10.0,False,,False,3,1749284913,0,,,,
indiaspeaks,1l5er3o,2025-06,mwhkul1,UnkilWhatsapp,True,9.0,False,,False,4,1749303551,0,3258.4,12716.0,24943.0,False
indiaspeaks,1l5er3o,2025-06,mwgfcai,sepiosexual,False,,True,5.0,False,2,1749282256,0,1219.7,30604.0,89520.0,True
indiaspeaks,1l9s2d5,2025-06,mxez7ew,No_Cucumber7287,True,1.0,True,2.0,False,446,1749749247,0,1222.6,285.0,1935.0,True
indiaspeaks,1l9s2d5,2025-06,mxf00ho,-Mr_Punisher-,True,2.0,True,3.0,False,234,1749749479,0,,,,
indiaspeaks,1l9s2d5,2025-06,mxexpfc,Easy-Past2953,True,3.0,True,1.0,False,119,1749748834,0,366.5,29038.0,36684.0,True
indiaspeaks,1l9s2d5,2025-06,mxf7pfk,issadumpster,True,4.0,False,,False,112,1749751649,0,2316.5,961.0,11621.0,True
indiaspeaks,1l9s2d5,2025-06,mxf2btp,BabaNj,True,6.0,True,5.0,False,43,1749750146,0,2506.9,9725.0,4267.0,True
indiaspeaks,1l9s2d5,2025-06,mxfeatz,ImmediateDafuq,True,5.0,False,,False,44,1749753491,0,3476.2,3512.0,6851.0,True
indiaspeaks,1l9s2d5,2025-06,mxfevah,Royal_Librarian4201,True,7.0,False,,False,40,1749753650,0,1160.5,686.0,24378.0,True
indiaspeaks,1l9s2d5,2025-06,mxf0s1a,Sweaty-Attitude5287,True,8.0,True,4.0,False,34,1749749708,0,,,,
indiaspeaks,1l9s2d5,2025-06,mxf5tmw,zarakistyle123,True,9.0,False,,False,20,1749751117,0,2117.7,14.0,9783.0,True
indiaspeaks,1l9s2d5,2025-06,mxf66cb,Square_Mud_9696,True,10.0,False,,False,18,1749751215,0,1914.7,873.0,8493.0,True
indiaspeaks,1lkvbpx,2025-06,mzur735,Equivalent-Layer-332,True,1.0,True,1.0,False,746,1750930430,0,1913.1,9195.0,96151.0,True
indiaspeaks,1lkvbpx,2025-06,mzurhkh,NeoRullzz,True,2.0,True,2.0,False,247,1750930599,0,769.1,311.0,7443.0,True
indiaspeaks,1lkvbpx,2025-06,mzv0qdr,CandyInitial1963,True,3.0,True,4.0,False,243,1750935411,0,1482.5,15.0,11490.0,True
indiaspeaks,1lkvbpx,2025-06,mzusepq,Son_Chidi,True,4.0,True,3.0,False,82,1750931127,0,730.0,747.0,61446.0,True
indiaspeaks,1lkvbpx,2025-06,mzv3d9a,Sapolika,True,5.0,True,5.0,False,54,1750936603,0,,,,
indiaspeaks,1lkvbpx,2025-06,mzvcebv,Ok_Zookeepergame5148,True,6.0,False,,False,48,1750940326,0,2071.9,1.0,2201.0,True
indiaspeaks,1lkvbpx,2025-06,mzvcirf,pihhit989,True,7.0,False,,False,32,1750940373,0,406.9,8086.0,17668.0,False
indiaspeaks,1lkvbpx,2025-06,mzvbmvq,Dev1412,True,8.0,False,,False,25,1750940035,0,2492.7,435540.0,28411.0,True
indiaspeaks,1lkvbpx,2025-06,mzvk3n8,Unnamed_Venturer,True,9.0,False,,False,21,1750943080,0,913.9,1101.0,18585.0,True
indiaspeaks,1lkvbpx,2025-06,mzvkrmc,NeoRullzz,True,10.0,False,,False,11,1750943310,0,769.1,311.0,7443.0,True
indiaspeaks,1lf52fo,2025-06,mylh57g,Internal_Ad_7125,True,1.0,True,5.0,False,1174,1750320014,0,1493.8,1030.0,18324.0,True
indiaspeaks,1lf52fo,2025-06,myli4x4,1more7,True,2.0,False,,False,285,1750320589,0,1257.4,13517.0,12602.0,False
indiaspeaks,1lf52fo,2025-06,mylh31u,ReceptionExcellent56,True,3.0,True,3.0,False,252,1750319980,0,2004.0,154.0,2065.0,True
indiaspeaks,1lf52fo,2025-06,mylgpln,AncientArugula3939,True,4.0,True,1.0,False,191,1750319767,0,1406.8,358.0,26035.0,True
indiaspeaks,1lf52fo,2025-06,mylhg3z,ChewyNapkin,True,5.0,False,,False,162,1750320189,0,2725.1,12471.0,2201.0,True
indiaspeaks,1lf52fo,2025-06,mylgsyb,Haunting_head07,True,6.0,True,2.0,False,158,1750319820,0,595.1,13.0,4581.0,False
indiaspeaks,1lf52fo,2025-06,mylh3d8,vikascr76,True,7.0,True,4.0,False,58,1750319986,0,2193.6,915.0,15817.0,True
indiaspeaks,1lf52fo,2025-06,mylhid7,suyash01,True,9.0,False,,False,49,1750320226,0,3559.9,748.0,27168.0,True
indiaspeaks,1lf52fo,2025-06,mylhg6s,thedesimonk,True,8.0,False,,False,50,1750320190,0,2870.3,17716.0,5248.0,True
indiaspeaks,1lf52fo,2025-06,mylhgze,Why_not_rd,True,10.0,False,,False,47,1750320203,0,1179.7,4485.0,3818.0,True
indiaspeaks,1lifznz,2025-06,mzbotdp,CommunicationCold650,True,1.0,True,1.0,False,951,1750684778,0,1128.1,330.0,71561.0,True
indiaspeaks,1lifznz,2025-06,mzc1boj,faithnfury,True,2.0,True,5.0,False,415,1750688764,0,2317.5,4190.0,52033.0,True
indiaspeaks,1lifznz,2025-06,mzbzhta,chair_on_table,True,3.0,True,4.0,False,127,1750688218,0,669.1,1436.0,7858.0,True
indiaspeaks,1lifznz,2025-06,mzcmawi,-old-monk,True,4.0,False,,False,109,1750694783,0,,,,
indiaspeaks,1lifznz,2025-06,mzbq2fm,maplesyrup_3,True,5.0,True,2.0,False,100,1750685203,0,460.7,680.0,1948.0,True
indiaspeaks,1lifznz,2025-06,mzbwy1b,NeoRullzz,True,6.0,True,3.0,False,50,1750687444,0,769.1,311.0,7443.0,True
indiaspeaks,1lifznz,2025-06,mzc5jr7,MynameRudra,True,7.0,False,,False,35,1750690004,0,1136.7,2442.0,7712.0,True
indiaspeaks,1lifznz,2025-06,mzcf463,AlbusDT2,True,8.0,False,,False,28,1750692763,0,1100.3,579.0,39638.0,True
indiaspeaks,1lifznz,2025-06,mzc36sl,AshutoshRaiK,True,9.0,False,,False,23,1750689313,0,2728.0,6541.0,15394.0,True
indiaspeaks,1lifznz,2025-06,mzc6man,dice_rolling,True,10.0,False,,False,21,1750690317,0,2644.1,18432.0,11532.0,True
indiaspeaks,1lgtdwv,2025-06,myys34j,idiot_idol,True,1.0,True,1.0,False,1013,1750502249,0,703.7,17311.0,18596.0,False
indiaspeaks,1lgtdwv,2025-06,myysmcj,CartographerOwn3656,True,2.0,True,2.0,True,601,1750502555,0,1668.7,46775.0,53986.0,True
indiaspeaks,1lgtdwv,2025-06,myyu10a,Budget_Put1517,True,3.0,True,3.0,False,454,1750503319,0,1873.9,233675.0,88954.0,True
indiaspeaks,1lgtdwv,2025-06,myyv2my,Famous_Plate_1390,True,4.0,False,,False,155,1750503871,0,,,,
indiaspeaks,1lgtdwv,2025-06,myyu6b8,srinidhi1,True,5.0,True,4.0,False,84,1750503397,0,2706.9,54128.0,50485.0,True
indiaspeaks,1lgtdwv,2025-06,myyv19g,Zoltikk,True,6.0,True,5.0,False,57,1750503851,0,2411.9,3900.0,4978.0,True
indiaspeaks,1lgtdwv,2025-06,myyvvfx,k2_mkwn,True,7.0,False,,False,47,1750504288,0,,,,
indiaspeaks,1lgtdwv,2025-06,myyv8t6,ROC_K4LP,True,8.0,False,,False,46,1750503961,0,,,,
indiaspeaks,1lgtdwv,2025-06,myywabz,Abhi_1610,True,9.0,False,,False,41,1750504499,0,3477.6,1220.0,4697.0,True
indiaspeaks,1lgtdwv,2025-06,myyxarz,__Animoseanomaly3,True,10.0,False,,False,21,1750505012,0,1981.0,7625.0,3831.0,True
indiaspeaks,1lnwawh,2025-06,n0igoht,sigma_gentelman69,True,1.0,True,2.0,False,860,1751250777,0,,,,
indiaspeaks,1lnwawh,2025-06,n0ihn4e,Electrical_Boot_2765,True,2.0,True,3.0,False,491,1751251163,0,837.3,383.0,3716.0,True
indiaspeaks,1lnwawh,2025-06,n0ii0u1,theanonymoussking,True,3.0,True,4.0,True,227,1751251315,0,789.9,222720.0,93047.0,True
indiaspeaks,1lnwawh,2025-06,n0iii1h,PayResponsible4458,True,4.0,True,5.0,False,122,1751251503,0,1510.1,4847.0,85077.0,True
indiaspeaks,1lnwawh,2025-06,n0ikups,satyanaraynan,True,5.0,False,,False,58,1751252452,0,3766.6,2368.0,45705.0,True
indiaspeaks,1lnwawh,2025-06,n0iftf0,theanonymoussking,True,6.0,True,1.0,True,23,1751250435,0,789.9,222720.0,93047.0,True
indiaspeaks,1lnwawh,2025-06,n0ir4ij,rage-wedieyoung,True,8.0,False,,False,20,1751255114,0,1953.2,92.0,45118.0,True
indiaspeaks,1lnwawh,2025-06,n0ipc6g,BrilliantAstronaut26,True,7.0,False,,False,22,1751254336,0,1965.1,3.0,9206.0,True
indiaspeaks,1lnwawh,2025-06,n0ilvwk,Ashu_78,True,9.0,False,,False,13,1751252879,0,950.1,851.0,2825.0,True
indiaspeaks,1lnwawh,2025-06,n0im1z7,Pretend-Eye-587,True,10.0,False,,False,12,1751252949,0,,,,
indiaspeaks,1lgo5t7,2025-06,myy1kxg,secular_attack,True,1.0,True,3.0,False,145,1750486279,0,1023.1,2101.0,32687.0,True
indiaspeaks,1lgo5t7,2025-06,myxts8u,Minimum-Candy-6866,True,2.0,True,2.0,False,132,1750482175,0,702.9,420.0,8253.0,True
indiaspeaks,1lgo5t7,2025-06,myy4t2c,Daphne010,True,3.0,False,,False,70,1750488105,0,1085.2,12191.0,23740.0,True
indiaspeaks,1lgo5t7,2025-06,myxtlw8,aahwaan,True,4.0,True,1.0,False,56,1750482087,0,2071.0,835.0,1378.0,True
indiaspeaks,1lgo5t7,2025-06,myy8a9n,TechyNomad,True,5.0,False,,False,32,1750490109,0,1112.1,405.0,9128.0,True
indiaspeaks,1lgo5t7,2025-06,myyfc57,Ekla_Bhediya,True,6.0,False,,False,22,1750494405,0,1156.4,167.0,6719.0,False
indiaspeaks,1lgo5t7,2025-06,myy5uwr,Extension_Bus4000,True,8.0,False,,False,15,1750488704,0,1165.8,433.0,2259.0,True
indiaspeaks,1lgo5t7,2025-06,myy1lzv,acethecool1,True,7.0,True,4.0,False,16,1750486294,0,2401.9,6489.0,20320.0,True
indiaspeaks,1lgo5t7,2025-06,myy2rjq,No-Mix-6438,True,9.0,True,5.0,False,15,1750486946,0,1445.2,3983.0,6496.0,True
indiaspeaks,1lgo5t7,2025-06,myzyr7r,nowornever1976,True,10.0,False,,False,4,1750519362,0,4008.1,57682.0,5033.0,True
indiaspeaks,1l657nq,2025-06,mwm7bix,thedarkracer,True,1.0,True,2.0,False,274,1749364427,0,1454.5,77592.0,136785.0,True
indiaspeaks,1l657nq,2025-06,mwm8ekk,agathokakological_99,True,2.0,True,3.0,False,132,1749365040,0,1623.8,984.0,1975.0,True
indiaspeaks,1l657nq,2025-06,mwn00xn,theidiotsheldon,True,3.0,False,,False,27,1749381133,0,3112.4,593.0,747.0,True
indiaspeaks,1l657nq,2025-06,mwm8umh,Minimum-Candy-6866,True,4.0,True,4.0,False,26,1749365281,0,702.9,420.0,8253.0,True
indiaspeaks,1l657nq,2025-06,mwmnp8x,pervert-kunuWu,True,5.0,False,,False,13,1749374014,0,1726.1,12.0,1682.0,True
indiaspeaks,1l657nq,2025-06,mwm9n47,iamMitesh,True,6.0,True,5.0,False,11,1749365715,0,1826.8,1.0,66.0,True
indiaspeaks,1l657nq,2025-06,mwn2t4l,Emergency-Green-2602,True,8.0,False,,False,9,1749382542,0,1003.8,76636.0,7787.0,True
indiaspeaks,1l657nq,2025-06,mwmlzyg,Time_Blacksmith861,True,9.0,False,,False,9,1749372962,0,1505.8,35525.0,73913.0,True
indiaspeaks,1l657nq,2025-06,mwm5iy1,DiviPrmr,True,7.0,True,1.0,False,10,1749363417,0,1380.2,84.0,11766.0,True
indiaspeaks,1l657nq,2025-06,mwmluw2,FineSecurity1345,True,10.0,False,,False,5,1749372877,0,,,,
indiaspeaks,1l4q2lx,2025-06,mwavom3,parmegan,True,1.0,True,2.0,False,190,1749211194,0,2437.9,674.0,11589.0,True
indiaspeaks,1l4q2lx,2025-06,mwatx5l,Routine-Dig5001,True,2.0,True,1.0,False,58,1749210472,0,1145.2,68.0,7549.0,True
indiaspeaks,1l4q2lx,2025-06,mwavue9,Paul_Semicolon1,True,3.0,True,3.0,False,47,1749211261,0,1976.9,17007.0,2185.0,True
indiaspeaks,1l4q2lx,2025-06,mwazwfa,bakedmishtidoi,True,4.0,True,4.0,False,15,1749212842,0,591.9,1992.0,12343.0,True
indiaspeaks,1l4q2lx,2025-06,mwbp5lv,nothingisforfree41,True,5.0,False,,False,11,1749221053,0,2413.7,798.0,8535.0,True
indiaspeaks,1l4q2lx,2025-06,mwbkhcx,18Lama,True,6.0,True,5.0,False,7,1749219686,0,5260.9,71231.0,36355.0,True
indiaspeaks,1l4q2lx,2025-06,mwfqcmm,pmmeurcatgifs,True,7.0,False,,False,6,1749268834,0,1303.5,33.0,3858.0,True
indiaspeaks,1l4q2lx,2025-06,mwcgi3k,Vanguardbliss,True,8.0,False,,False,3,1749228939,0,695.7,13.0,4949.0,True
IndiaInvestments,1l4mhwq,2025-06,mwa3fy3,EarlyFalcone,True,1.0,True,2.0,False,38,1749196138,0,1991.7,191.0,16093.0,True
IndiaInvestments,1l4mhwq,2025-06,mwa8lvu,VJ_OA,True,2.0,True,4.0,False,26,1749199297,0,1088.2,3965.0,4929.0,True
IndiaInvestments,1l4mhwq,2025-06,mwa40jw,dizzy12527,True,3.0,True,3.0,False,24,1749196479,0,2747.2,3617.0,12750.0,True
IndiaInvestments,1l4mhwq,2025-06,mwa2a8k,dhakkarnia,True,4.0,True,1.0,False,8,1749195447,0,3842.8,8226.0,51725.0,False
IndiaInvestments,1l4mhwq,2025-06,mwadiet,splendid22,True,5.0,True,5.0,False,6,1749202281,0,3163.1,2314.0,3107.0,True
IndiaInvestments,1l4mhwq,2025-06,mwhtmbv,Resident_Meaning_181,True,6.0,False,,False,4,1749306589,0,643.6,5.0,97.0,True
IndiaInvestments,1l4mhwq,2025-06,mwangx9,whizkid_no1,True,7.0,False,,False,3,1749207597,0,3340.3,2346.0,10174.0,True
IndiaInvestments,1l4mhwq,2025-06,mwayzq5,Aashi_02,True,8.0,False,,False,3,1749212498,0,1349.4,52.0,98.0,True
IndiaInvestments,1l4mhwq,2025-06,mwb2zn1,sredd007,True,9.0,False,,False,2,1749213977,0,5184.2,277.0,12104.0,True
IndiaInvestments,1l4mhwq,2025-06,mwafnqo,Beti_Pushpa_,True,10.0,False,,False,2,1749203534,0,2154.8,29.0,38.0,True
IndiaInvestments,1lhh22o,2025-06,mz4356l,Lopsided-Bench-6197,True,1.0,True,1.0,False,139,1750574000,0,1536.2,3379.0,27918.0,True
IndiaInvestments,1lhh22o,2025-06,mz45euh,Fearless_Advisor8497,True,2.0,True,2.0,False,45,1750575286,0,475.4,139.0,15794.0,True
IndiaInvestments,1lhh22o,2025-06,mz4a45d,Murky_Red,True,3.0,True,3.0,False,32,1750578012,0,3773.3,2738.0,22995.0,True
IndiaInvestments,1lhh22o,2025-06,mz4e4md,shamittomar,True,4.0,True,4.0,False,15,1750580400,0,6252.9,4808.0,18716.0,True
IndiaInvestments,1lhh22o,2025-06,mz55bex,everyone-hates-me,True,6.0,False,,False,11,1750595257,0,3144.8,18197.0,9293.0,True
IndiaInvestments,1lhh22o,2025-06,mz7lhrt,Difficult-Island7213,True,5.0,False,,False,13,1750623472,0,784.9,71.0,1235.0,True
IndiaInvestments,1lhh22o,2025-06,mz9ykhn,Mainak736,True,7.0,False,,False,6,1750653344,0,1857.3,170.0,5628.0,True
IndiaInvestments,1lhh22o,2025-06,mz5256e,deekaydks,True,8.0,True,5.0,False,6,1750593861,0,836.4,5.0,31.0,False
IndiaInvestments,1lhh22o,2025-06,n219fmo,CAGRGuy,True,9.0,False,,False,5,1752000583,0,353.1,21004.0,2718.0,True
IndiaInvestments,1lhh22o,2025-06,mzbkuj0,Striking_Audience_74,True,10.0,False,,False,3,1750683369,0,1491.2,5.0,1282.0,True
IndiaInvestments,1l8q0r7,2025-06,mxbxcek,UnoptimizedStudent,True,1.0,True,3.0,False,55,1749704768,0,1421.1,706.0,16501.0,True
IndiaInvestments,1l8q0r7,2025-06,mx6m7zd,idlysambardip,True,2.0,True,1.0,False,54,1749642204,0,514.9,1.0,8995.0,True
IndiaInvestments,1l8q0r7,2025-06,mx8a959,dj184,True,3.0,True,2.0,False,26,1749661157,0,3359.6,123.0,26721.0,True
IndiaInvestments,1l8q0r7,2025-06,mxrqk1j,Double_Advance_7828,True,4.0,True,4.0,False,1,1749921210,0,459.0,1.0,225.0,False
IndiaInvestments,1l8q0r7,2025-06,my21dqi,Reznov1913,True,5.0,True,5.0,False,1,1750069077,0,2670.9,9937.0,5270.0,True
IndiaInvestments,1leaaqz,2025-06,myer896,AdministrativeDog546,True,1.0,True,2.0,False,43,1750231424,0,1758.7,102.0,3640.0,True
IndiaInvestments,1leaaqz,2025-06,myhsp53,fdjxgv_kfcnfdnf,True,2.0,True,5.0,False,9,1750271271,0,2271.8,350.0,1508.0,True
IndiaInvestments,1leaaqz,2025-06,myf56pn,sms_czar,True,3.0,True,3.0,False,6,1750239742,0,2793.1,3.0,93.0,True
IndiaInvestments,1leaaqz,2025-06,myfofx3,Major_Garden_8719,True,4.0,True,4.0,False,4,1750248671,0,359.3,2365.0,408.0,True
IndiaInvestments,1leaaqz,2025-06,myl6qap,rsinghal1965,True,5.0,False,,False,3,1750314157,0,534.9,260.0,5467.0,True
IndiaInvestments,1leaaqz,2025-06,myln0dz,GridLockedMind,True,6.0,False,,False,2,1750323496,0,366.2,5.0,32.0,True
IndiaInvestments,1leaaqz,2025-06,myo9xe6,ImaginaryBeach3059,True,7.0,False,,False,2,1750357335,0,365.0,12.0,49.0,True
IndiaInvestments,1leaaqz,2025-06,myohvh3,TheDevilBroly,True,8.0,False,,False,2,1750359930,0,3877.8,194.0,702.0,True
IndiaInvestments,1leaaqz,2025-06,n25x8na,Ghosal96,True,9.0,False,,False,2,1752064278,0,1049.0,18.0,147.0,True
IndiaInvestments,1leaaqz,2025-06,myjx27a,ohisama,True,10.0,False,,False,1,1750295083,0,2960.1,41.0,9277.0,True
IndiaInvestments,1leaaqz,2025-06,myeoae1,lizrojer,False,,True,1.0,False,-8,1750229740,0,2359.2,1914.0,4341.0,True
IndiaInvestments,1lgt8zc,2025-06,myyrya5,Major_Garden_8719,True,1.0,True,1.0,False,30,1750502173,0,359.3,2365.0,408.0,True
IndiaInvestments,1lgt8zc,2025-06,myyttg6,Beneficial_Leg_7301,True,2.0,True,2.0,False,18,1750503208,0,831.0,334.0,9588.0,False
IndiaInvestments,1lgt8zc,2025-06,myzmp3r,negiajay,True,3.0,True,4.0,False,11,1750515426,0,,,,
IndiaInvestments,1lgt8zc,2025-06,myyzquc,ic_97,True,4.0,True,3.0,False,5,1750506205,0,3632.9,36441.0,111490.0,True
IndiaInvestments,1lgt8zc,2025-06,n21aeev,CAGRGuy,True,5.0,True,5.0,False,3,1752000845,0,353.1,21004.0,2718.0,True
IndiaInvestments,1ligi7w,2025-06,mzbrr5k,Kind_Ambassador3948,True,1.0,True,1.0,False,66,1750685769,0,1904.2,285.0,524.0,True
IndiaInvestments,1ligi7w,2025-06,mzbw36l,wouldnt-u-like-2know,True,2.0,True,2.0,False,27,1750687173,0,1969.9,3405.0,45302.0,True
IndiaInvestments,1ligi7w,2025-06,mzc4x1i,More-Actuator-1729,True,3.0,True,5.0,False,13,1750689820,0,799.0,349.0,40619.0,True
IndiaInvestments,1ligi7w,2025-06,mzc4gy5,MyrleBeynonf1967,True,4.0,True,4.0,False,12,1750689687,0,4611.2,8161.0,486.0,True
IndiaInvestments,1ligi7w,2025-06,mzghoiu,mygouldianfinch,True,5.0,False,,False,5,1750739108,0,2482.5,770.0,3249.0,True
IndiaInvestments,1ligi7w,2025-06,mzp01de,Top-Progress-6174,True,6.0,False,,False,5,1750858195,0,1290.2,177.0,2578.0,True
IndiaInvestments,1ligi7w,2025-06,mzbzzj9,Easy_Prompt_6275,True,7.0,True,3.0,False,5,1750688367,0,1764.7,2.0,3002.0,True
IndiaInvestments,1ligi7w,2025-06,mzifbvz,TheyCallMeNoobxD,True,8.0,False,,False,4,1750772675,0,3503.2,25550.0,16349.0,True
IndiaInvestments,1ligi7w,2025-06,mzpmuh7,srinivesh,True,9.0,False,,False,4,1750864922,0,3215.5,7185.0,15067.0,True
IndiaInvestments,1ligi7w,2025-06,mzce7j0,SNN2,True,10.0,False,,False,3,1750692507,0,2946.7,85.0,13851.0,True
IndiaInvestments,1lksi55,2025-06,n219s63,CAGRGuy,True,1.0,False,,False,5,1752000677,0,353.1,21004.0,2718.0,True
IndiaInvestments,1lksi55,2025-06,mzu9kmo,siger19,True,2.0,True,1.0,False,3,1750920120,0,2790.3,69.0,337.0,True
IndiaInvestments,1lksi55,2025-06,mzukoe1,keerikkadan_jose,True,3.0,True,2.0,False,2,1750926553,0,626.5,2.0,929.0,True
IndiaInvestments,1lksi55,2025-06,mzv451v,DesiInsuranceAdvisor,True,4.0,True,3.0,False,2,1750936947,0,1250.0,100.0,4950.0,True
IndiaInvestments,1lksi55,2025-06,n01hs8d,psycho_monki,True,5.0,True,5.0,False,2,1751020256,0,,,,
IndiaInvestments,1lksi55,2025-06,n1adg80,Apurba007,True,6.0,False,,False,2,1751627550,0,1908.2,11.0,3.0,True
IndiaInvestments,1lksi55,2025-06,nijkv29,manboy_heaven,True,7.0,False,,False,2,1759983090,0,1128.1,592.0,5269.0,True
IndiaInvestments,1lksi55,2025-06,mzvjj1v,dizzy12527,True,8.0,True,4.0,False,1,1750942881,0,2747.2,3617.0,12750.0,True
IndiaInvestments,1lksi55,2025-06,n3lfuh5,infi9t,True,9.0,False,,False,1,1752740360,0,2117.0,102.0,271.0,False
IndiaInvestments,1lksi55,2025-06,niacom3,BonusEast9896,True,10.0,False,,False,1,1759860696,0,321.0,218.0,49.0,True
IndiaInvestments,1l7fq61,2025-06,mwz6bkj,UnicornWithTits,True,1.0,False,,False,31,1749539723,0,2425.4,11879.0,50471.0,True
IndiaInvestments,1l7fq61,2025-06,mwwxucu,homosapienmorons,True,2.0,True,2.0,False,25,1749508287,0,,,,
IndiaInvestments,1l7fq61,2025-06,mwxxliq,Electronic_Usual7945,True,3.0,True,4.0,False,9,1749520183,0,819.4,5775.0,8369.0,True
IndiaInvestments,1l7fq61,2025-06,mwy5hfg,Sirmaximusd,True,4.0,True,5.0,False,7,1749522888,0,2125.9,289.0,9194.0,True
IndiaInvestments,1l7fq61,2025-06,mwxgsb5,AtreusStark,True,5.0,True,3.0,False,6,1749514489,0,2588.8,8977.0,12096.0,True
IndiaInvestments,1l7fq61,2025-06,mwyf1ih,mohitrajput1,True,6.0,False,,False,5,1749526425,0,1597.9,1.0,52.0,True
IndiaInvestments,1l7fq61,2025-06,mwyj346,sickcynic,True,7.0,False,,False,2,1749528104,0,3823.0,21707.0,47523.0,True
IndiaInvestments,1l7fq61,2025-06,mwyuho8,Xavier_Bhai,True,8.0,False,,False,2,1749533345,0,1931.3,3.0,162.0,True
IndiaInvestments,1l7fq61,2025-06,mwz6703,manki,True,9.0,False,,False,2,1749539651,0,7123.8,397.0,4379.0,True
IndiaInvestments,1l7fq61,2025-06,my7l7f1,queenofmystery,True,10.0,False,,False,2,1750135006,0,3784.2,6885.0,1463.0,False
IndiaInvestments,1l7fq61,2025-06,mwwi9iy,cicada_______3301,False,,True,1.0,False,1,1749503507,0,1968.5,65.0,30.0,True
IndiaInvestments,1l4yerk,2025-06,mwcwuzj,nowtryreboot,True,1.0,True,2.0,False,21,1749233604,0,1237.4,2293.0,59289.0,True
IndiaInvestments,1l4yerk,2025-06,mwcpyug,Confident_Quarter946,True,2.0,True,1.0,False,17,1749231628,0,437.7,62.0,7949.0,True
IndiaInvestments,1l4yerk,2025-06,mwcziby,DesiInsuranceAdvisor,True,3.0,True,3.0,False,5,1749234399,0,1250.0,100.0,4950.0,True
IndiaInvestments,1l4yerk,2025-06,mwfkv3j,ineedallyourinfo,True,4.0,True,4.0,False,3,1749266428,0,4421.3,345236.0,3434.0,True
IndiaInvestments,1l4yerk,2025-06,mx03obz,indigeni,True,5.0,True,5.0,False,2,1749557182,0,1116.2,473.0,10759.0,True
IndiaInvestments,1loe29b,2025-06,n0m7elw,24Gameplay_,True,1.0,True,2.0,False,34,1751306205,0,2896.7,5330.0,24118.0,True
IndiaInvestments,1loe29b,2025-06,n0mcp9m,Slight-Coconut-2844,True,2.0,True,3.0,False,22,1751307705,0,710.3,71.0,200.0,True
IndiaInvestments,1loe29b,2025-06,n0q6bu7,lonerblues,True,3.0,True,5.0,True,14,1751359639,0,2594.5,1664.0,12866.0,False
IndiaInvestments,1loe29b,2025-06,n0okulk,Reasonable-Key-8753,True,4.0,True,4.0,False,5,1751332864,0,870.1,57.0,580.0,True
IndiaInvestments,1loe29b,2025-06,n0m5hc1,Background_Ice_3202,True,5.0,True,1.0,False,3,1751305680,0,1297.6,29.0,1438.0,True
IndiaInvestments,1loe29b,2025-06,n0wegh1,mygouldianfinch,True,6.0,False,,False,3,1751438045,0,2482.5,770.0,3249.0,True
IndiaInvestments,1loe29b,2025-06,n0vawte,KGM3007,True,7.0,False,,False,1,1751421037,0,628.5,786.0,1692.0,True
AskIndia,1lj6quk,2025-06,mzhhn0s,Late-Warning7849,True,1.0,True,2.0,False,162,1750758962,0,1813.6,82.0,10809.0,True
AskIndia,1lj6quk,2025-06,mzhi38m,Responsible_Toe_7268,True,2.0,True,3.0,False,65,1750759209,0,497.6,121.0,1415.0,True
AskIndia,1lj6quk,2025-06,mzhlx8x,Relevant_Back_4340,True,3.0,True,5.0,False,57,1750761268,0,1586.5,1441.0,29485.0,True
AskIndia,1lj6quk,2025-06,mzhhf2e,Remarkable-Objective,True,4.0,True,1.0,False,38,1750758841,0,2369.0,359.0,7021.0,True
AskIndia,1lj6quk,2025-06,mzhnoei,loki07119,True,5.0,False,,False,31,1750762152,0,1328.8,128.0,1558.0,True
AskIndia,1lj6quk,2025-06,mzhr1qu,SodiumBoy7,True,6.0,False,,False,17,1750763699,0,2373.1,17399.0,48172.0,True
AskIndia,1lj6quk,2025-06,mzhi6hi,Parlonny,True,8.0,True,4.0,False,13,1750759260,0,2336.7,148.0,1855.0,True
AskIndia,1lj6quk,2025-06,mzhu510,Ok_Apple6168,True,7.0,False,,False,16,1750765044,0,445.8,1.0,1763.0,True
AskIndia,1lj6quk,2025-06,mzhmznt,imnobodyssomebody,True,9.0,False,,False,12,1750761814,0,385.2,395.0,962.0,True
AskIndia,1lj6quk,2025-06,mzjhwe6,Tdhods,True,10.0,False,,False,9,1750783765,0,3134.3,346.0,19803.0,True
AskIndia,1lkf440,2025-06,mzrax6h,prsadr,True,1.0,True,2.0,False,187,1750881709,0,3460.4,2793.0,55214.0,True
AskIndia,1lkf440,2025-06,mzryeg4,netflixREseriessuck,True,2.0,False,,False,46,1750888529,0,1421.4,3.0,3800.0,True
AskIndia,1lkf440,2025-06,mzs6542,Virtual_Spinach_2025,True,3.0,False,,False,30,1750891002,0,,,,
AskIndia,1lkf440,2025-06,mzrem2b,nucleuskore,True,4.0,True,4.0,False,19,1750882760,0,4114.4,1.0,523.0,True
AskIndia,1lkf440,2025-06,mzrdzzi,kingKabali,True,6.0,True,3.0,False,11,1750882586,0,2084.3,139.0,2744.0,True
AskIndia,1lkf440,2025-06,mztgeqa,dkgt68,True,5.0,False,,False,12,1750906742,0,1691.7,1.0,176.0,True
AskIndia,1lkf440,2025-06,mzri5lc,Elegant_Macaron_1366,True,7.0,False,,False,11,1750883758,0,1889.5,577.0,9225.0,True
AskIndia,1lkf440,2025-06,mztvzsb,mrpumpkin007,True,8.0,False,,False,7,1750913238,0,489.1,8833.0,17387.0,True
AskIndia,1lkf440,2025-06,mzr611c,Single-Asparagus8964,True,10.0,True,1.0,False,6,1750880306,0,,,,
AskIndia,1lkf440,2025-06,mzrhs6y,__Researcher__,True,9.0,True,5.0,False,7,1750883652,0,386.7,185.0,410.0,True
AskIndia,1lksws7,2025-06,mzu8g13,Monk_in_crocs,True,1.0,True,2.0,False,306,1750919494,0,601.0,2765.0,9595.0,True
AskIndia,1lksws7,2025-06,mzumtlv,Previous-Counter-573,True,2.0,False,,False,300,1750927849,0,1091.0,1845.0,3143.0,True
AskIndia,1lksws7,2025-06,mzu7log,Admirable_Switch9946,True,3.0,True,1.0,False,144,1750919038,0,944.2,52.0,1299.0,True
AskIndia,1lksws7,2025-06,mzuf3bi,Comfortable-Cup-6399,True,4.0,False,,False,106,1750923226,0,1205.3,147.0,3590.0,True
AskIndia,1lksws7,2025-06,mzub90m,ProfileWorking6460,True,5.0,True,3.0,False,83,1750921034,0,,,,
AskIndia,1lksws7,2025-06,mzucsm8,_buri_buri_zaemon,True,6.0,True,5.0,False,63,1750921895,0,422.9,581.0,4528.0,True
AskIndia,1lksws7,2025-06,mzubdiw,AppropriatePiglet559,True,7.0,True,4.0,False,59,1750921101,0,,,,
AskIndia,1lksws7,2025-06,mzugdui,Accomplished-Ad-8123,True,8.0,False,,False,39,1750924006,0,2139.1,479.0,4554.0,True
AskIndia,1lksws7,2025-06,mzvooiv,Flaky_Jackfruit7679,True,9.0,False,,False,27,1750944615,0,924.5,171.0,193.0,False
AskIndia,1lksws7,2025-06,mzv5lee,Chef-Racoon,True,10.0,False,,False,24,1750937575,0,359.0,288.0,14343.0,True
AskIndia,1lfw70w,2025-06,myrkfnp,KingOfConsciousness,True,1.0,True,3.0,False,47,1750398755,0,2390.4,425.0,13526.0,True
AskIndia,1lfw70w,2025-06,myrpioc,Weak_Biscotti118,True,2.0,False,,False,45,1750401468,0,578.3,783.0,2340.0,False
AskIndia,1lfw70w,2025-06,myrkds1,TryRoutine2465,True,4.0,True,2.0,False,27,1750398729,0,,,,
AskIndia,1lfw70w,2025-06,myrnbe3,shut-up-cabbitch,True,3.0,False,,False,28,1750400266,0,1353.7,124.0,2882.0,True
AskIndia,1lfw70w,2025-06,myrnijk,Scary-Square1211,True,5.0,False,,False,14,1750400373,0,682.9,1078.0,3951.0,True
AskIndia,1lfw70w,2025-06,myrt245,tera_chachu,True,8.0,False,,False,7,1750403425,0,1114.8,10521.0,192150.0,True
AskIndia,1lfw70w,2025-06,myrkmds,variableXi,True,6.0,True,4.0,False,9,1750398850,0,785.7,1.0,315.0,True
AskIndia,1lfw70w,2025-06,myrqzu7,420kumaran,True,10.0,False,,False,5,1750402277,0,1304.4,1672.0,3698.0,True
AskIndia,1lfw70w,2025-06,myrwv0x,daaknaam,True,7.0,False,,False,8,1750405627,0,3242.2,208.0,8443.0,True
AskIndia,1lfw70w,2025-06,myrk3nf,Super-Alchemist-270,True,9.0,True,1.0,False,6,1750398582,0,401.3,8121.0,4996.0,True
AskIndia,1lfw70w,2025-06,myrlj9g,randomnogeneratorz,False,,True,5.0,False,5,1750399321,0,1942.3,10.0,6325.0,False
AskIndia,1lheuf2,2025-06,mz3lpiw,Sleepergiant2586,True,1.0,True,1.0,False,745,1750565160,0,539.6,2229.0,25687.0,True
AskIndia,1lheuf2,2025-06,mz3on3s,Aussie_5aabi,True,2.0,True,4.0,False,194,1750566506,0,490.5,365.0,6540.0,True
AskIndia,1lheuf2,2025-06,mz3myaf,Icy-Bison-7433,True,3.0,True,2.0,False,165,1750565723,0,463.8,149.0,7101.0,True
AskIndia,1lheuf2,2025-06,mz3sfgd,Ok_Flight5978,True,4.0,False,,False,92,1750568320,0,,,,
AskIndia,1lheuf2,2025-06,mz4j7kl,Much-Description-493,True,5.0,False,,False,45,1750583478,0,1898.8,268.0,4149.0,True
AskIndia,1lheuf2,2025-06,mz3qbxb,Moonsolid,True,7.0,False,,False,39,1750567306,0,1011.6,1990.0,9420.0,True
AskIndia,1lheuf2,2025-06,mz3sckc,Humble-Wasabi-6136,True,6.0,False,,False,42,1750568280,0,1084.7,81.0,5550.0,True
AskIndia,1lheuf2,2025-06,mz4oqk7,MaybeFinGuy,True,8.0,False,,False,27,1750586834,0,360.4,2539.0,491.0,True
AskIndia,1lheuf2,2025-06,mz3nlte,MSB_the_great,True,9.0,True,3.0,False,25,1750566026,0,1957.5,1296.0,6073.0,True
AskIndia,1lheuf2,2025-06,mz4hlyi,ABR1787,True,10.0,False,,False,22,1750582510,0,,,,
AskIndia,1lheuf2,2025-06,mz3po1d,ballerhooper9,False,,True,5.0,False,17,1750566993,0,418.1,1.0,3905.0,True
AskIndia,1l7txbz,2025-06,mwzjatw,besharmi_ki_height,True,1.0,True,3.0,False,171,1749547415,0,797.7,845.0,2849.0,True
AskIndia,1l7txbz,2025-06,mwzl6wj,Wise_Astronaut_6831,True,2.0,False,,False,141,1749548520,0,,,,
AskIndia,1l7txbz,2025-06,mwzmxdc,OmniConnect0,True,3.0,False,,False,75,1749549484,0,,,,
AskIndia,1l7txbz,2025-06,mwzjv03,brownGandalf57,True,4.0,True,5.0,False,42,1749547742,0,673.9,12.0,505.0,False
AskIndia,1l7txbz,2025-06,mwzjgrs,the_running_stache,True,5.0,True,4.0,False,24,1749547511,0,3553.6,14767.0,124419.0,True
AskIndia,1l7txbz,2025-06,mwzppsa,Knowallofit,True,6.0,False,,False,12,1749550978,0,,,,
AskIndia,1l7txbz,2025-06,mwzhxxu,BitterGalileo,True,7.0,True,2.0,False,10,1749546608,0,2047.9,133.0,9213.0,True
AskIndia,1l7txbz,2025-06,mwzk28m,LingoNerd64,True,8.0,False,,False,10,1749547862,0,473.4,68567.0,35830.0,True
AskIndia,1l7txbz,2025-06,mwzhnoz,omniman04,True,10.0,True,1.0,False,4,1749546436,0,707.8,1.0,4.0,True
AskIndia,1l7txbz,2025-06,mx15gfc,Curly_In_Orbit03,True,9.0,False,,False,5,1749569187,0,368.7,151.0,153.0,True
AskIndia,1ldwnov,2025-06,myblz2n,New_Reaction3715,True,1.0,True,4.0,False,36,1750189856,0,685.2,16005.0,21464.0,True
AskIndia,1ldwnov,2025-06,myboiyu,Lost_Pomegranate_130,True,2.0,False,,False,28,1750190573,0,848.9,162.0,27.0,True
AskIndia,1ldwnov,2025-06,mybjwdt,IronMan8901,True,3.0,True,2.0,False,13,1750189260,0,,,,
AskIndia,1ldwnov,2025-06,mybwp7o,insanesputnik,True,4.0,False,,False,6,1750192871,0,2476.5,973.0,21569.0,True
AskIndia,1ldwnov,2025-06,mybljvo,nirvanna1,True,5.0,True,3.0,False,5,1750189736,0,397.9,7788.0,15793.0,True
AskIndia,1ldwnov,2025-06,mybo7wc,OkFox7853,True,6.0,False,,False,5,1750190487,0,506.2,450.0,689.0,False
AskIndia,1ldwnov,2025-06,mybw0np,chhotuu,True,7.0,False,,False,5,1750192680,0,2925.8,7387.0,21788.0,True
AskIndia,1ldwnov,2025-06,mybmvqt,jiohotstarlogosucks,True,8.0,True,5.0,False,3,1750190113,0,,,,
AskIndia,1ldwnov,2025-06,mybjd2h,Bubbly-Working2150,True,9.0,True,1.0,False,2,1750189105,0,,,,
AskIndia,1ldwnov,2025-06,mybn8am,KolkataFikru9,True,10.0,False,,False,2,1750190210,0,,,,
AskIndia,1ldmvqq,2025-06,my9ei25,cercatrova_99,True,1.0,True,3.0,False,770,1750167275,0,2157.4,67.0,1946.0,True
AskIndia,1ldmvqq,2025-06,my9ffrd,Salt-Positive-9771,True,2.0,True,4.0,False,164,1750167583,0,,,,
AskIndia,1ldmvqq,2025-06,my9ht5c,EmotionalQuarter8349,True,3.0,False,,False,156,1750168349,0,1727.9,940.0,10854.0,True
AskIndia,1ldmvqq,2025-06,my9l7o6,paras211,True,4.0,False,,False,93,1750169400,0,,,,
AskIndia,1ldmvqq,2025-06,my9eg3t,SureStruggle1753,True,5.0,True,2.0,False,79,1750167257,0,574.8,157.0,454.0,True
AskIndia,1ldmvqq,2025-06,my9fhdd,No_Peak_2103,True,6.0,True,5.0,False,71,1750167597,0,687.7,477.0,384.0,True
AskIndia,1ldmvqq,2025-06,my9k2hp,Mission_Win8604,True,7.0,False,,False,63,1750169052,0,645.3,7065.0,15243.0,True
AskIndia,1ldmvqq,2025-06,my9cp2v,FormalConsequence912,True,8.0,True,1.0,False,37,1750166677,0,826.4,653.0,1155.0,True
AskIndia,1ldmvqq,2025-06,my9ikgo,TikliChor,True,9.0,False,,False,27,1750168587,0,,,,
AskIndia,1ldmvqq,2025-06,my9hpkf,Anime_fucker69cUm,True,10.0,False,,False,23,1750168317,0,,,,
AskIndia,1lnb8a6,2025-06,n0dw8jw,Snehith220,True,1.0,True,1.0,False,212,1751192244,0,1139.9,517111.0,21021.0,True
AskIndia,1lnb8a6,2025-06,n0dxo61,docwithanxiety,True,2.0,True,4.0,False,117,1751193092,0,841.2,135.0,2107.0,True
AskIndia,1lnb8a6,2025-06,n0dwynp,Difficult-Captain476,True,3.0,True,2.0,False,55,1751192676,0,1072.7,28.0,11189.0,True
AskIndia,1lnb8a6,2025-06,n0dxdbr,iredditalrighty,True,5.0,True,3.0,False,41,1751192916,0,392.0,129.0,619.0,True
AskIndia,1lnb8a6,2025-06,n0e2t47,EARTHB-24,True,4.0,False,,False,45,1751195904,0,1979.8,31134.0,16073.0,True
AskIndia,1lnb8a6,2025-06,n0dzsty,green9206,True,6.0,True,5.0,False,21,1751194303,0,4078.1,13162.0,144390.0,True
AskIndia,1lnb8a6,2025-06,n0ehtug,iplTruth,True,7.0,False,,False,16,1751202621,0,,,,
AskIndia,1lnb8a6,2025-06,n0e0qyn,rjkmdb,True,8.0,False,,False,14,1751194814,0,2926.8,1279.0,3682.0,True
AskIndia,1lnb8a6,2025-06,n0e6ky9,Fueled_By_Piizza,True,9.0,False,,False,13,1751197800,0,805.7,750.0,3904.0,True
AskIndia,1lnb8a6,2025-06,n0e07t4,DrewDrowski,True,10.0,False,,False,7,1751194530,0,349.8,18908.0,13572.0,True
AskIndia,1ljyfsj,2025-06,mznkhzl,Throw2020awayMar,True,1.0,True,1.0,False,801,1750833215,0,2264.8,2246.0,8189.0,True
AskIndia,1ljyfsj,2025-06,mznm9ub,alphaswan360,True,2.0,False,,False,424,1750834182,0,442.7,312.0,5449.0,True
AskIndia,1ljyfsj,2025-06,mznl15c,sachin_root,True,3.0,True,4.0,False,195,1750833508,0,1458.3,6041.0,110767.0,True
AskIndia,1ljyfsj,2025-06,mznlofn,Active-Image-9124,True,4.0,True,5.0,False,145,1750833860,0,1604.9,100.0,281.0,True
AskIndia,1ljyfsj,2025-06,mznrciy,Available-Finger9602,True,5.0,False,,False,137,1750837078,0,1792.0,12645.0,1632.0,True
AskIndia,1ljyfsj,2025-06,mznkkz9,srikrishna1997,True,6.0,True,2.0,False,91,1750833260,0,4067.2,30462.0,16296.0,True
AskIndia,1ljyfsj,2025-06,mznnisn,femme_fetalei,True,7.0,False,,False,52,1750834868,0,1163.5,61.0,260.0,False
AskIndia,1ljyfsj,2025-06,mznr3ez,Brief-Poetry3898,True,9.0,False,,False,46,1750836927,0,352.1,51.0,1018.0,False
AskIndia,1ljyfsj,2025-06,mznrd28,piedpiperaccount,True,8.0,False,,False,49,1750837087,0,401.0,1.0,415.0,True
AskIndia,1ljyfsj,2025-06,mznkmnd,Single-Asparagus8964,True,10.0,True,3.0,False,45,1750833286,0,,,,
ipl,1lb7s9n,2025-06,mxqhk3x,East-Pomegranate2758,True,1.0,True,1.0,False,228,1749906553,0,428.5,1.0,8216.0,True
ipl,1lb7s9n,2025-06,mxqldf3,N_k_S_1994,True,2.0,True,4.0,False,194,1749907992,0,840.7,11.0,535.0,True
ipl,1lb7s9n,2025-06,mxqhs9h,Alert_Fudge,True,3.0,True,2.0,False,171,1749906639,0,1779.0,2587.0,47443.0,True
ipl,1lb7s9n,2025-06,mxqpt8b,Knighthawk_2511,True,4.0,False,,False,142,1749909581,0,1405.9,9555.0,59749.0,True
ipl,1lb7s9n,2025-06,mxr034w,WillingFly247,True,5.0,False,,False,79,1749912949,0,835.2,32154.0,27693.0,True
ipl,1lb7s9n,2025-06,mxqmvvz,Astro_Poseidon,True,6.0,True,5.0,False,65,1749908547,0,1929.1,13547.0,8849.0,True
ipl,1lb7s9n,2025-06,mxqn5x9,Stone_Empire8473,True,7.0,False,,False,52,1749908647,0,484.3,7404.0,13336.0,False
ipl,1lb7s9n,2025-06,mxr3v5a,vikeng_gdg,True,8.0,False,,False,29,1749914148,0,2716.8,1.0,4445.0,True
ipl,1lb7s9n,2025-06,mxqie0l,little_cuck6,True,9.0,True,3.0,False,26,1749906867,0,,,,
ipl,1lb7s9n,2025-06,mxrz24n,LAWDASURS,True,10.0,False,,False,23,1749923768,0,667.5,3785.0,10871.0,True
ipl,1ldpwx4,2025-06,mya0kvk,doglaa_,True,1.0,True,1.0,False,330,1750173823,0,1377.1,24.0,4358.0,True
ipl,1ldpwx4,2025-06,mya4pcc,idioticpewd,True,2.0,False,,False,264,1750174979,0,2301.0,1888.0,10320.0,True
ipl,1ldpwx4,2025-06,mya1pvd,Elegant_Place_9203,True,3.0,True,3.0,False,248,1750174141,0,1048.7,5146.0,16055.0,True
ipl,1ldpwx4,2025-06,mya2y89,Smooth-Mix-4357,True,4.0,False,,False,70,1750174485,0,1191.8,2980.0,163948.0,True
ipl,1ldpwx4,2025-06,mya26bz,iToeknife,True,5.0,True,5.0,False,54,1750174267,0,375.0,2639.0,11552.0,True
ipl,1ldpwx4,2025-06,mya0sy8,Medium-Delivery1964,True,6.0,True,2.0,False,48,1750173886,0,1168.3,20.0,2632.0,True
ipl,1ldpwx4,2025-06,mya1q92,Every_Management4426,True,7.0,True,4.0,False,33,1750174143,0,1089.3,39662.0,37313.0,True
ipl,1ldpwx4,2025-06,mya4stl,mephistttoooo,True,8.0,False,,False,24,1750175006,0,1609.3,134125.0,66965.0,True
ipl,1ldpwx4,2025-06,mya7hkk,Alien_from_Venus,True,10.0,False,,False,19,1750175762,0,2080.4,252.0,1010.0,True
ipl,1ldpwx4,2025-06,mya8dc9,PeaceCmazzz,True,9.0,False,,False,23,1750176013,0,2073.7,2454.0,4774.0,True
ipl,1lb8yw2,2025-06,mxqnw65,CoolestDude_69,True,1.0,True,1.0,False,196,1749908909,0,785.5,1992.0,14326.0,True
ipl,1lb8yw2,2025-06,mxqrkc3,OkCandidate2541,True,2.0,True,2.0,False,158,1749910176,0,1912.2,7936.0,10841.0,True
ipl,1lb8yw2,2025-06,mxqu86k,Alert_Fudge,True,3.0,True,3.0,False,39,1749911060,0,1779.0,2587.0,47443.0,True
ipl,1lb8yw2,2025-06,mxqvda7,little_cuck6,True,4.0,True,4.0,False,31,1749911430,0,,,,
ipl,1lb8yw2,2025-06,mxqyzvt,hydratedgabru,True,5.0,True,5.0,False,24,1749912599,0,2447.9,838.0,55956.0,True
ipl,1lb8yw2,2025-06,mxr090v,Apprehensive_Web2882,True,6.0,False,,False,22,1749913001,0,1215.2,152.0,22921.0,True
ipl,1lb8yw2,2025-06,mxrc1xm,RAJnish_gs,True,7.0,False,,False,15,1749916688,0,2702.7,39.0,6295.0,True
ipl,1lb8yw2,2025-06,mxr39k2,No-Detail5655,True,8.0,False,,False,10,1749913959,0,1105.7,227.0,6314.0,True
ipl,1lb8yw2,2025-06,mxshqbs,Fearless_Anywhere629,True,9.0,False,,False,2,1749929802,0,1710.9,249.0,1004.0,True
ipl,1lb8yw2,2025-06,mxv7rjb,nolongerhuman4,True,10.0,False,,False,2,1749967132,0,699.2,279.0,489.0,True
ipl,1lb1a2y,2025-06,mxp3rb1,aryannnn_236,True,1.0,True,2.0,False,303,1749880132,0,635.1,11122.0,86460.0,True
ipl,1lb1a2y,2025-06,mxp3mxt,Educational_Cup8609,True,2.0,True,1.0,False,119,1749880066,0,,,,
ipl,1lb1a2y,2025-06,mxp65ou,fuckingUlosername,True,3.0,True,5.0,False,59,1749881408,0,,,,
ipl,1lb1a2y,2025-06,mxp3zno,Feisty_Mud4187,True,4.0,True,3.0,False,26,1749880253,0,1004.8,14374.0,16521.0,True
ipl,1lb1a2y,2025-06,mxp4ots,yinyogi,True,5.0,True,4.0,False,18,1749880625,0,2267.7,696.0,3921.0,True
ipl,1lb1a2y,2025-06,mxpen3q,kewlkarthi,True,6.0,False,,False,14,1749886211,0,2890.2,61.0,2313.0,True
ipl,1lb1a2y,2025-06,mxpczbe,kurr_kups_kups,True,7.0,False,,False,6,1749885235,0,1183.3,27.0,8248.0,True
ipl,1lb1a2y,2025-06,mxpdbpv,ComprehensiveTwo2692,True,8.0,False,,False,4,1749885435,0,815.2,1029.0,3499.0,True
ipl,1lb1a2y,2025-06,mxpasd9,Ok_Performer_2092,True,9.0,False,,False,4,1749883990,0,803.4,10.0,1883.0,True
ipl,1lb1a2y,2025-06,mxpdms7,shreyanshparashar,True,10.0,False,,False,4,1749885616,0,,,,
ipl,1lb6v53,2025-06,mxq6h93,_vandaliser_,True,1.0,True,1.0,True,211,1749901960,0,2142.7,15269.0,43463.0,True
ipl,1lb6v53,2025-06,mxq6hes,desimikeross,True,2.0,True,2.0,False,87,1749901963,0,454.4,6735.0,30061.0,True
ipl,1lb6v53,2025-06,mxq6mt4,HamsterDecent2235,True,3.0,True,3.0,False,58,1749902030,0,1109.2,12919.0,16313.0,True
ipl,1lb6v53,2025-06,mxq740d,yagamigod88,True,4.0,True,4.0,False,35,1749902241,0,773.6,171.0,13544.0,True
ipl,1lb6v53,2025-06,mxq7a0i,HoManFuk,True,6.0,True,5.0,False,20,1749902315,0,376.8,1.0,2367.0,True
ipl,1lb6v53,2025-06,mxq7p7j,Kingof9realms,True,5.0,False,,False,24,1749902500,0,1420.1,666.0,5084.0,True
ipl,1lb6v53,2025-06,mxq8cqy,Rehan_sidhu,True,7.0,False,,False,18,1749902787,0,1859.2,13436.0,7874.0,True
ipl,1lb6v53,2025-06,mxq7rae,randomteendude69,True,8.0,False,,False,8,1749902526,0,665.8,6338.0,20485.0,True
ipl,1lb6v53,2025-06,mxq7tm8,PralineOk3385,True,9.0,False,,False,5,1749902554,0,670.1,1119.0,10201.0,True
ipl,1lb6v53,2025-06,mxq8bk7,No-Entrepreneur6870,True,10.0,False,,False,3,1749902773,0,1059.0,4614.0,3902.0,True
ipl,1lh2slr,2025-06,mz0w9gs,Cagnus_Malsun_851,True,1.0,True,4.0,False,214,1750529882,0,413.0,10.0,5142.0,True
ipl,1lh2slr,2025-06,mz0van2,Specialist_Ask2689,True,2.0,True,3.0,True,76,1750529574,0,1559.6,13261.0,3277.0,True
ipl,1lh2slr,2025-06,mz0uj3r,No_Koala_1070,True,3.0,True,2.0,False,57,1750529330,0,352.1,1.0,120.0,False
ipl,1lh2slr,2025-06,mz3vihw,Kamolikaaaa,True,4.0,False,,False,30,1750569884,0,772.3,3038.0,10051.0,True
ipl,1lh2slr,2025-06,mz3pgt4,goodfornothing2005,True,5.0,False,,False,19,1750566897,0,1196.7,17011.0,40362.0,True
ipl,1lh2slr,2025-06,mz0ubnb,Intrepid-Leading-862,True,6.0,True,1.0,False,19,1750529264,0,400.8,1.0,2044.0,False
ipl,1lh2slr,2025-06,mz3jf6q,Aggravating-Arm8984,True,7.0,False,,False,14,1750564142,0,365.0,640.0,8080.0,True
ipl,1lh2slr,2025-06,mz2yz10,talking_tom10,True,8.0,True,5.0,False,9,1750555928,0,367.6,1.0,94.0,False
ipl,1lh2slr,2025-06,mz4dfmo,Personal_Upstairs836,True,9.0,False,,False,1,1750579985,0,586.8,1275.0,644.0,True
ipl,1lh2slr,2025-06,n4opnz9,Puzzleheaded-Bid78,True,10.0,False,,False,1,1753265192,0,1795.0,90.0,92.0,True
ipl,1lg0d1g,2025-06,mysct8j,Formal_Anything4109,True,1.0,True,5.0,False,1353,1750414820,0,1421.2,718.0,4626.0,True
ipl,1lg0d1g,2025-06,myscwhj,PositiveElection607,True,2.0,False,,False,345,1750414867,0,796.1,545.0,1368.0,True
ipl,1lg0d1g,2025-06,myscfdk,entp_menace,True,3.0,True,1.0,False,263,1750414616,0,629.1,1157.0,5450.0,False
ipl,1lg0d1g,2025-06,mysd3jh,Southern-Item6921,True,4.0,False,,False,158,1750414973,0,589.7,7355.0,18553.0,True
ipl,1lg0d1g,2025-06,myschdz,miserably_miserable_,True,5.0,True,3.0,False,46,1750414646,0,1275.9,288.0,3825.0,True
ipl,1lg0d1g,2025-06,mysctn7,iamainnocentkid,True,6.0,False,,False,43,1750414826,0,3648.8,3371.0,6016.0,True
ipl,1lg0d1g,2025-06,myscgyk,Arnavbkl,True,7.0,True,2.0,False,32,1750414640,0,803.8,71993.0,9317.0,True
ipl,1lg0d1g,2025-06,mysckj6,_aniBUTCHER,True,8.0,True,4.0,False,17,1750414692,0,402.9,2426.0,14989.0,True
ipl,1lg0d1g,2025-06,mysd30l,Rare_Beginning_6159,True,9.0,False,,False,11,1750414965,0,438.4,1.0,2301.0,True
ipl,1lg0d1g,2025-06,myseohq,mike999mike,True,10.0,False,,False,10,1750415798,0,2409.9,1.0,4008.0,True
ipl,1leflwe,2025-06,myfsqts,BlissfulBreeze11,True,1.0,True,2.0,False,191,1750250269,0,1034.3,2477.0,42680.0,True
ipl,1leflwe,2025-06,myfy7rx,GracieMelania,True,2.0,False,,False,125,1750252161,0,3771.7,1.0,262.0,True
ipl,1leflwe,2025-06,myfu0rx,GarimaSoul,True,3.0,True,3.0,False,118,1750250719,0,3715.0,2826.0,14419.0,True
ipl,1leflwe,2025-06,myfvo5l,GreyAurora,True,4.0,True,4.0,False,34,1750251284,0,,,,
ipl,1leflwe,2025-06,myfxct6,CoolestDude_69,True,5.0,False,,False,31,1750251866,0,785.5,1992.0,14326.0,True
ipl,1leflwe,2025-06,myfwx9p,kochurshak,True,7.0,True,5.0,False,21,1750251716,0,757.8,14040.0,71771.0,True
ipl,1leflwe,2025-06,myfrc1n,randomteendude69,True,6.0,True,1.0,False,22,1750249751,0,665.8,6338.0,20485.0,True
ipl,1leflwe,2025-06,myg9j2q,Opening_Letter_2182,True,8.0,False,,False,7,1750255786,0,1947.8,8.0,1839.0,True
ipl,1leflwe,2025-06,myhpnvm,ambiguous_guy25,True,9.0,False,,False,5,1750270411,0,417.1,258.0,1581.0,True
ipl,1leflwe,2025-06,myg3uf4,Perfect_Chicken16,True,10.0,False,,False,3,1750254021,0,1037.4,23001.0,53524.0,True
ipl,1l7h2tc,2025-06,mwwpt8o,Mr-Mystery20,True,1.0,True,2.0,False,976,1749505757,0,2410.0,8973.0,9086.0,True
ipl,1l7h2tc,2025-06,mwwsvi3,KataXHerculean,True,2.0,True,5.0,False,441,1749506698,0,2103.7,2255.0,6192.0,True
ipl,1l7h2tc,2025-06,mwwrql5,kurr_kups_kups,True,3.0,True,3.0,False,177,1749506344,0,1183.3,27.0,8248.0,True
ipl,1l7h2tc,2025-06,mwwsfgu,KataXHerculean,True,4.0,True,4.0,False,129,1749506558,0,2103.7,2255.0,6192.0,True
ipl,1l7h2tc,2025-06,mwx3kki,Technical-Isopod6554,True,5.0,False,,False,93,1749510128,0,1350.2,247.0,77341.0,True
ipl,1l7h2tc,2025-06,mwwpang,Priceless_Possession,True,6.0,True,1.0,False,75,1749505600,0,398.6,2685.0,4401.0,True
ipl,1l7h2tc,2025-06,mwx7f3h,Bazingaa98,True,7.0,False,,False,59,1749511377,0,2496.1,91075.0,60529.0,True
ipl,1l7h2tc,2025-06,mwy4xlt,Dry_Presentation_327,True,8.0,False,,False,24,1749522697,0,1990.5,19.0,28726.0,True
ipl,1l7h2tc,2025-06,mwxdzd4,justsenh,True,9.0,False,,False,21,1749513530,0,1654.4,4188.0,4874.0,False
ipl,1l7h2tc,2025-06,mwy2tnc,Frosty_Jeweler911,True,10.0,False,,False,18,1749521959,0,395.0,1404615.0,6194.0,True
ipl,1lf88d0,2025-06,mym54g9,Livid-Needleworker25,True,1.0,True,5.0,False,285,1750333028,0,1673.6,2339.0,12903.0,True
ipl,1lf88d0,2025-06,mym3ng3,kikiboy_007,True,2.0,True,1.0,False,263,1750332380,0,2534.6,2984.0,55331.0,True
ipl,1lf88d0,2025-06,mym4pga,ZacharyDel,True,3.0,True,2.0,False,101,1750332848,0,1428.9,175.0,1567.0,True
ipl,1lf88d0,2025-06,mym4sz1,Beat_Maestro,True,4.0,True,4.0,False,84,1750332890,0,1003.8,1560.0,11569.0,True
ipl,1lf88d0,2025-06,mym6joe,SuperannuationLawyer,True,5.0,False,,False,35,1750333633,0,2077.0,991.0,75534.0,True
ipl,1lf88d0,2025-06,mym4pxt,Negative_Ad_1332,True,6.0,True,3.0,False,30,1750332853,0,1933.2,952.0,7993.0,True
ipl,1lf88d0,2025-06,mym6a8i,Excellent-Holiday102,True,7.0,False,,False,21,1750333524,0,516.9,12.0,7997.0,True
ipl,1lf88d0,2025-06,mym9l30,Veer_Munde,True,8.0,False,,False,15,1750334873,0,418.7,99.0,6710.0,False
ipl,1lf88d0,2025-06,mymdlx6,Green-Associate5279,True,9.0,False,,False,6,1750336421,0,1889.9,380.0,2988.0,True
ipl,1lf88d0,2025-06,mym6wst,Every_Management4426,True,10.0,False,,False,6,1750333787,0,1089.3,39662.0,37313.0,True
IndiaTech,1lcotei,2025-06,my220og,Mags0628,True,1.0,True,4.0,False,1497,1750069428,0,676.8,1966.0,15081.0,True
IndiaTech,1lcotei,2025-06,my21ze8,PrimadoraPompadour,True,2.0,True,3.0,False,741,1750069407,0,,,,
IndiaTech,1lcotei,2025-06,my25bwb,praxxx21,True,3.0,False,,False,265,1750071154,0,1546.0,2195.0,1918.0,True
IndiaTech,1lcotei,2025-06,my1zsia,Both-Ant4433,True,4.0,True,1.0,False,211,1750068193,0,,,,
IndiaTech,1lcotei,2025-06,my23uic,boromaxo,True,5.0,False,,False,92,1750070410,0,1377.8,328.0,5023.0,False
IndiaTech,1lcotei,2025-06,my267mm,himanshumishrra,True,6.0,False,,False,92,1750071589,0,649.6,7781.0,1714.0,True
IndiaTech,1lcotei,2025-06,my21udb,thakurvinny07,True,7.0,True,2.0,False,88,1750069331,0,537.2,166.0,6339.0,True
IndiaTech,1lcotei,2025-06,my2517a,OfferWestern,True,8.0,False,,False,64,1750071008,0,2031.1,1731.0,9416.0,True
IndiaTech,1lcotei,2025-06,my25tgf,atomsingh-bishnoi,True,9.0,False,,False,49,1750071394,0,474.0,766.0,601.0,True
IndiaTech,1lcotei,2025-06,my244v8,stokeroo,True,10.0,False,,False,18,1750070557,0,2484.3,1431.0,670.0,True
IndiaTech,1lcotei,2025-06,my22j20,Physical-Pudding-833,False,,True,5.0,False,14,1750069704,0,2108.0,3021.0,926.0,True
IndiaTech,1lel2um,2025-06,myh41nj,SnooRecipes8635,True,1.0,False,,False,900,1750264461,0,2108.8,114.0,932.0,True
IndiaTech,1lel2um,2025-06,myh23yf,Super-Writing4925,True,2.0,True,4.0,False,468,1750263907,0,482.6,1.0,1020.0,True
IndiaTech,1lel2um,2025-06,myh4gra,Interesting_Disk149,True,3.0,False,,False,203,1750264581,0,1774.7,4944.0,8289.0,True
IndiaTech,1lel2um,2025-06,mygzjsl,Power-of-Behnoi,True,4.0,True,2.0,False,184,1750263187,0,374.9,173.0,3343.0,True
IndiaTech,1lel2um,2025-06,mygzjae,Sleepergiant2586,True,5.0,True,1.0,False,152,1750263183,0,539.6,2229.0,25687.0,True
IndiaTech,1lel2um,2025-06,myh1v24,kshb4xred,True,6.0,True,3.0,False,149,1750263838,0,2766.2,22277.0,55944.0,True
IndiaTech,1lel2um,2025-06,myh40ag,tchawla2,True,7.0,True,5.0,False,140,1750264450,0,3254.2,3255.0,11557.0,True
IndiaTech,1lel2um,2025-06,myh5e21,dconfusedone,True,8.0,False,,False,90,1750264845,0,1923.4,27319.0,28049.0,True
IndiaTech,1lel2um,2025-06,myh72pl,Legal_Introduction_8,True,9.0,False,,False,46,1750265320,0,2122.7,16.0,819.0,True
IndiaTech,1lel2um,2025-06,myhbaod,707yr,True,10.0,False,,False,34,1750266486,0,,,,
IndiaTech,1lb6k7k,2025-06,mxq48kc,giga_chad-420,True,1.0,True,1.0,False,1292,1749900934,0,360.2,670.0,3098.0,True
IndiaTech,1lb6k7k,2025-06,mxq6bhb,O0mb_tyli,True,2.0,True,2.0,False,474,1749901889,0,,,,
IndiaTech,1lb6k7k,2025-06,mxq6yjk,WriterPrevious9449,True,3.0,True,3.0,False,213,1749902173,0,,,,
IndiaTech,1lb6k7k,2025-06,mxq74iz,Internal_Pin6937,True,4.0,True,4.0,False,71,1749902248,0,468.3,879.0,6300.0,False
IndiaTech,1lb6k7k,2025-06,mxqag9b,MadEinsy,True,6.0,False,,False,44,1749903687,0,3124.1,35374.0,9519.0,True
IndiaTech,1lb6k7k,2025-06,mxq7n1k,Keep0nBuckin,True,5.0,False,,False,47,1749902474,0,1195.8,177.0,146561.0,True
IndiaTech,1lb6k7k,2025-06,mxq8n2g,FallingBruh,True,7.0,False,,False,40,1749902912,0,1257.1,65.0,1012.0,True
IndiaTech,1lb6k7k,2025-06,mxq7652,Additional-Tax-7128,True,8.0,True,5.0,False,25,1749902268,0,,,,
IndiaTech,1lb6k7k,2025-06,mxqa495,Conscience_rings,True,9.0,False,,False,18,1749903546,0,,,,
IndiaTech,1lb6k7k,2025-06,mxq8s6i,SeparateNet9451,True,10.0,False,,False,16,1749902974,0,495.1,1170.0,4610.0,True
IndiaTech,1lgrrjy,2025-06,myygyvz,GeneralOrdinance,True,1.0,True,1.0,False,744,1750495428,0,2238.9,10628.0,36718.0,True
IndiaTech,1lgrrjy,2025-06,myykt5s,NotTheZucc,True,2.0,False,,False,211,1750497839,0,1669.2,257.0,8063.0,True
IndiaTech,1lgrrjy,2025-06,myyhgss,CosmicMetalhead,True,3.0,True,3.0,False,45,1750495739,0,1185.1,45.0,4148.0,True
IndiaTech,1lgrrjy,2025-06,myyjh5v,ExtremeBack1427,True,4.0,False,,False,36,1750496999,0,1898.2,4091.0,28280.0,True
IndiaTech,1lgrrjy,2025-06,myyh0m4,Madara_X_Uchiha,True,5.0,True,2.0,False,32,1750495458,0,2035.4,3709.0,16831.0,True
IndiaTech,1lgrrjy,2025-06,myyl773,Fantastic_Form3607,True,6.0,False,,False,28,1750498087,0,1781.7,3213.0,154836.0,True
IndiaTech,1lgrrjy,2025-06,myyhyef,Zestyclose_Web_6331,True,7.0,True,4.0,False,26,1750496040,0,1870.3,5192.0,52935.0,True
IndiaTech,1lgrrjy,2025-06,myyklfx,anonymous_panelist,True,8.0,False,,False,15,1750497705,0,1102.8,28.0,6326.0,True
IndiaTech,1lgrrjy,2025-06,myykwhk,Confusedcious-say,True,9.0,False,,False,12,1750497897,0,,,,
IndiaTech,1lgrrjy,2025-06,myyr251,atharvbokya,True,10.0,False,,False,11,1750501650,0,2188.0,943.0,21560.0,True
IndiaTech,1lgrrjy,2025-06,myyio8u,lokintomais,False,,True,5.0,False,6,1750496486,0,2398.9,4.0,131.0,True
IndiaTech,1l6cojg,2025-06,mwnobpp,underdog8977,True,1.0,True,2.0,False,1129,1749391173,0,2522.2,84.0,6833.0,True
IndiaTech,1l6cojg,2025-06,mwnnjxn,nic_nic_07,True,2.0,True,1.0,False,202,1749390909,0,1841.1,1952.0,36138.0,True
IndiaTech,1l6cojg,2025-06,mwnqbxa,Training2Life,True,3.0,False,,False,198,1749391845,0,1125.8,67.0,30005.0,True
IndiaTech,1l6cojg,2025-06,mwnoqop,Plane-Lie-5228,True,4.0,True,3.0,False,53,1749391315,0,1978.8,9415.0,131264.0,True
IndiaTech,1l6cojg,2025-06,mwnq1oi,Sensitive_Bison_8803,True,5.0,True,5.0,False,26,1749391753,0,752.8,123.0,62.0,True
IndiaTech,1l6cojg,2025-06,mwnrgsn,Gusion-,True,6.0,False,,False,24,1749392223,0,1633.0,4918.0,30755.0,True
IndiaTech,1l6cojg,2025-06,mwns3u3,Heavy-Chest7721,True,7.0,False,,False,22,1749392437,0,1732.5,79.0,4894.0,True
IndiaTech,1l6cojg,2025-06,mwnp1lg,Special_Itch,True,9.0,True,4.0,False,10,1749391418,0,380.1,764.0,4032.0,False
IndiaTech,1l6cojg,2025-06,mwnq5ww,lonerdarth,True,10.0,False,,False,9,1749391791,0,644.7,418.0,27535.0,True
IndiaTech,1l6cojg,2025-06,mwnrlez,longpostshitpost3,True,8.0,False,,False,11,1749392266,0,1008.7,2105.0,62989.0,True
IndiaTech,1l8km80,2025-06,mx5igpq,RoketRacoon,True,1.0,True,4.0,False,776,1749620382,0,2612.0,7599.0,26657.0,True
IndiaTech,1l8km80,2025-06,mx5hn4r,Cap_tain_Wolf,True,2.0,True,2.0,False,362,1749619955,0,2079.2,15054.0,6373.0,True
IndiaTech,1l8km80,2025-06,mx5kdid,racer_hpd,True,3.0,False,,False,161,1749621388,0,1837.2,2169.0,512.0,True
IndiaTech,1l8km80,2025-06,mx5ka81,romka79,True,4.0,True,5.0,False,96,1749621340,0,1955.1,59838.0,31138.0,True
IndiaTech,1l8km80,2025-06,mx5hv34,HistoricalIce6053,True,5.0,True,3.0,False,47,1749620071,0,,,,
IndiaTech,1l8km80,2025-06,mx5hgv9,MagnificentManiac,True,6.0,True,1.0,False,19,1749619864,0,1846.7,1333.0,10308.0,True
IndiaTech,1l8km80,2025-06,mx5kd2a,MacaronIndividual731,True,7.0,False,,False,19,1749621381,0,555.4,847.0,4579.0,False
IndiaTech,1l8km80,2025-06,mx5ltya,lingi6,True,8.0,False,,False,13,1749622166,0,3134.8,763.0,4758.0,True
IndiaTech,1l8km80,2025-06,mx5ka9y,Caust1cFn_YT,True,9.0,False,,False,9,1749621341,0,1808.4,74.0,207821.0,True
IndiaTech,1l8km80,2025-06,mx5xi9k,candle_misuser,True,10.0,False,,False,5,1749628880,0,584.6,18192.0,9348.0,True
IndiaTech,1ln6wre,2025-06,n0d3df1,RubSomeJSOnIt,True,1.0,True,1.0,False,180,1751175229,0,383.0,1024.0,7876.0,True
IndiaTech,1ln6wre,2025-06,n0d6w3w,JustASheepInTheFlock,True,2.0,True,4.0,False,145,1751177112,0,1150.8,86.0,22679.0,True
IndiaTech,1ln6wre,2025-06,n0d4sqw,ajayak007,True,3.0,True,3.0,False,107,1751175980,0,2820.1,47086.0,27920.0,True
IndiaTech,1ln6wre,2025-06,n0d7924,krutacautious,True,4.0,True,5.0,False,28,1751177312,0,,,,
IndiaTech,1ln6wre,2025-06,n0d8jja,iamharsh344,True,5.0,False,,False,9,1751178029,0,362.2,1.0,132.0,True
IndiaTech,1ln6wre,2025-06,n0d42hu,ccoolsat,True,6.0,True,2.0,False,6,1751175596,0,2384.8,549.0,5195.0,True
IndiaTech,1ln6wre,2025-06,n0de5kt,bdjaksjhbskabzkamb,True,8.0,False,,False,3,1751181222,0,2988.7,192.0,2516.0,False
IndiaTech,1ln6wre,2025-06,n0deyxp,69_Bananas,True,7.0,False,,False,4,1751181702,0,410.9,991.0,6792.0,False
IndiaTech,1ln6wre,2025-06,n0dfowe,smit8462,True,9.0,False,,False,3,1751182134,0,3126.5,8860.0,19190.0,True
IndiaTech,1ln6wre,2025-06,n0dgtm2,Ok-Molasses3350,True,10.0,False,,False,2,1751182816,0,903.5,238.0,1064.0,True
IndiaTech,1lo5jf5,2025-06,n0kbyrp,d2002p,True,1.0,True,5.0,False,1396,1751285532,0,355.8,3681.0,6766.0,True
IndiaTech,1lo5jf5,2025-06,n0kcnlk,MagnificentManiac,True,2.0,False,,False,860,1751285814,0,1846.7,1333.0,10308.0,True
IndiaTech,1lo5jf5,2025-06,n0kb2vt,bambadjan_,True,3.0,True,4.0,False,538,1751285166,0,1907.1,2222.0,1734.0,True
IndiaTech,1lo5jf5,2025-06,n0ka4p7,Maleficent_Job_3383,True,4.0,True,2.0,False,303,1751284768,0,634.2,528.0,2023.0,True
IndiaTech,1lo5jf5,2025-06,n0kgsui,babu0poke,True,5.0,False,,False,108,1751287426,0,1754.1,20840.0,22640.0,True
IndiaTech,1lo5jf5,2025-06,n0kcaxe,IronmanisdrDoom,True,6.0,False,,False,97,1751285671,0,677.7,584.0,2192.0,True
IndiaTech,1lo5jf5,2025-06,n0kcu47,Adventurous-Ad-5893,True,7.0,False,,False,78,1751285886,0,,,,
IndiaTech,1lo5jf5,2025-06,n0k9mbf,MudittYadav,True,8.0,True,1.0,False,55,1751284553,0,395.8,2022.0,21384.0,True
IndiaTech,1lo5jf5,2025-06,n0kd0am,PictureElectronic954,True,9.0,False,,False,40,1751285954,0,443.9,5.0,1256.0,True
IndiaTech,1lo5jf5,2025-06,n0kcze5,MyDarkTwistedReditAc,True,10.0,False,,False,27,1751285945,0,2624.0,7312.0,7914.0,True
IndiaTech,1lo5jf5,2025-06,n0kaic1,user_prajwal,False,,True,3.0,False,27,1751284928,0,460.5,33.0,575.0,False
IndiaTech,1lfficl,2025-06,mynqc4j,Xiao891,True,1.0,True,1.0,False,960,1750351451,0,1052.1,78.0,8430.0,True
IndiaTech,1lfficl,2025-06,mynv6gr,Area51Eskapee,True,2.0,True,5.0,False,295,1750352859,0,472.2,14341.0,17970.0,True
IndiaTech,1lfficl,2025-06,mynsb3l,tonystarkn,True,3.0,True,2.0,False,232,1750352017,0,2005.4,1407.0,13368.0,True
IndiaTech,1lfficl,2025-06,mynyok9,Serious_Homework_,True,4.0,False,,False,97,1750353889,0,1542.1,20.0,3158.0,True
IndiaTech,1lfficl,2025-06,mynvkti,kala-admi,True,5.0,False,,False,61,1750352976,0,2202.3,349.0,4931.0,True
IndiaTech,1lfficl,2025-06,mynvs8z,Charmerrrrrrr,True,6.0,False,,False,60,1750353037,0,952.3,211.0,19772.0,True
IndiaTech,1lfficl,2025-06,mynvqke,Beyond_Aristotle,True,7.0,False,,False,51,1750353023,0,605.0,8527.0,1081.0,True
IndiaTech,1lfficl,2025-06,mynur43,19forty4,True,8.0,True,3.0,False,43,1750352733,0,788.1,6751.0,2133.0,True
IndiaTech,1lfficl,2025-06,mynxmsh,lonerdarth,True,9.0,False,,False,30,1750353579,0,644.7,418.0,27535.0,True
IndiaTech,1lfficl,2025-06,mynz935,Evening-Cycle367,True,10.0,False,,False,23,1750354057,0,,,,
IndiaTech,1lfficl,2025-06,mynurum,Charmerrrrrrr,False,,True,4.0,False,11,1750352739,0,952.3,211.0,19772.0,True
IndiaTech,1ldi4v9,2025-06,my8fj3g,Environmental-Home29,True,1.0,False,,False,499,1750152024,0,2078.0,7498.0,7980.0,True
IndiaTech,1ldi4v9,2025-06,my8deup,Ambitious-Track7577,True,2.0,True,3.0,False,487,1750150738,0,,,,
IndiaTech,1ldi4v9,2025-06,my8dc4u,haldiii4o,True,3.0,True,2.0,False,165,1750150693,0,,,,
IndiaTech,1ldi4v9,2025-06,my8eazz,Itskiran2000,True,4.0,True,4.0,False,77,1750151283,0,2913.9,1093.0,20430.0,True
IndiaTech,1ldi4v9,2025-06,my8g0uk,giga_chad-420,True,5.0,False,,False,58,1750152325,0,360.2,670.0,3098.0,True
IndiaTech,1ldi4v9,2025-06,my8fkdm,notMy_ReelName,True,6.0,False,,False,44,1750152046,0,1178.1,393.0,148015.0,True
IndiaTech,1ldi4v9,2025-06,my8en6i,smartdev12,True,7.0,True,5.0,False,26,1750151486,0,676.1,399.0,1567.0,True
IndiaTech,1ldi4v9,2025-06,my8fd4u,Educational-Law5741,True,8.0,False,,False,20,1750151923,0,409.0,883.0,3883.0,True
IndiaTech,1ldi4v9,2025-06,my8hhqd,CosmicMetalhead,True,9.0,False,,False,11,1750153201,0,1185.1,45.0,4148.0,True
IndiaTech,1ldi4v9,2025-06,my8fko7,ramaze23,True,10.0,False,,False,9,1750152051,0,2794.9,9601.0,73569.0,True
IndiaTech,1ldi4v9,2025-06,my8d2wr,PracticalLog8885,False,,True,1.0,False,7,1750150540,0,,,,
IndianGaming,1lb8jwu,2025-06,mxqkvb6,Specialist-Hornet524,True,1.0,True,4.0,False,431,1749907805,0,,,,
IndianGaming,1lb8jwu,2025-06,mxqk2a7,Sephiroth2V,True,2.0,True,1.0,False,176,1749907499,0,377.3,1292.0,3686.0,False
IndianGaming,1lb8jwu,2025-06,mxqnlwu,THE_IMPROVISER8,True,3.0,False,,False,111,1749908807,0,2976.7,4217.0,24132.0,True
IndianGaming,1lb8jwu,2025-06,mxqkiyg,Exotic-Gur3416,True,5.0,True,2.0,False,91,1749907674,0,,,,
IndianGaming,1lb8jwu,2025-06,mxqpit6,Knighthereal,True,4.0,False,,False,92,1749909481,0,,,,
IndianGaming,1lb8jwu,2025-06,mxqkmty,iml3g3nd,True,6.0,True,3.0,False,30,1749907715,0,2870.3,1606.0,12076.0,True
IndianGaming,1lb8jwu,2025-06,mxqr1xa,Venomsnake_1995,True,7.0,False,,False,23,1749910002,0,1914.8,12912.0,47997.0,True
IndianGaming,1lb8jwu,2025-06,mxqs4gj,De_Fine69,True,8.0,False,,False,14,1749910363,0,2296.3,3933.0,30646.0,True
IndianGaming,1lb8jwu,2025-06,mxqo6vl,Unb0und3d_pr0t0n,True,9.0,False,,False,10,1749909013,0,2059.8,4605.0,7116.0,True
IndianGaming,1lb8jwu,2025-06,mxqrlpc,BuzzzFilter,True,10.0,False,,False,6,1749910188,0,699.9,8636.0,4908.0,True
IndianGaming,1lb8jwu,2025-06,mxqmbje,SydneySharks,False,,True,5.0,False,5,1749908343,0,1992.1,3303.0,2322.0,True
IndianGaming,1lo7pwl,2025-06,n0ku26g,Prateek-kumar,True,1.0,False,,False,1095,1751291978,0,2115.4,1907.0,20560.0,True
IndianGaming,1lo7pwl,2025-06,n0kqj2d,cannonballer9pin,True,2.0,True,1.0,False,560,1751290858,0,2813.7,1536.0,48305.0,True
IndianGaming,1lo7pwl,2025-06,n0ktpv0,Friendly_Day5657,True,3.0,True,5.0,False,329,1751291872,0,,,,
IndianGaming,1lo7pwl,2025-06,n0ku7ze,Remarkable-Cat-5149,True,4.0,False,,False,152,1751292029,0,898.3,71.0,150.0,True
IndianGaming,1lo7pwl,2025-06,n0ks57e,Wild-Box-7101,True,5.0,True,3.0,False,107,1751291380,0,,,,
IndianGaming,1lo7pwl,2025-06,n0ksmvh,shinobiixx,True,6.0,True,4.0,False,48,1751291536,0,975.0,2264.0,9954.0,True
IndianGaming,1lo7pwl,2025-06,n0l0eli,atishay001001,True,7.0,False,,False,45,1751293944,0,3568.2,226.0,49311.0,True
IndianGaming,1lo7pwl,2025-06,n0krg75,Top-Drop-8428,True,8.0,True,2.0,False,34,1751291159,0,1073.4,873.0,17008.0,False
IndianGaming,1lo7pwl,2025-06,n0kxzgp,VishuIsPog,True,9.0,False,,False,16,1751293208,0,1731.5,4056.0,23267.0,True
IndianGaming,1lo7pwl,2025-06,n0l0xfu,Bakanyanter,True,10.0,False,,False,11,1751294103,0,3655.2,935.0,102996.0,True
IndianGaming,1ld8zoz,2025-06,my6e4tu,Comfortable_Air4807,True,1.0,True,1.0,False,625,1750119160,0,1826.5,9.0,9192.0,True
IndianGaming,1ld8zoz,2025-06,my6gyex,dam0_0,True,2.0,True,3.0,False,79,1750120145,0,,,,
IndianGaming,1ld8zoz,2025-06,my81h73,BERSERK_KNIGHT_666,True,3.0,False,,False,37,1750143558,0,2164.9,4320.0,23935.0,True
IndianGaming,1ld8zoz,2025-06,my7yohg,b1boi,True,4.0,True,4.0,False,26,1750141983,0,2229.8,244.0,3530.0,True
IndianGaming,1ld8zoz,2025-06,my6frf5,Saranshobe,True,5.0,True,2.0,False,22,1750119726,0,3273.7,5549.0,55335.0,True
IndianGaming,1ld8zoz,2025-06,my80epx,ItsAMeUsernamio,True,6.0,False,,False,13,1750142963,0,1744.7,3467.0,83583.0,True
IndianGaming,1ld8zoz,2025-06,my8aegm,WowOrangePotato,True,7.0,False,,False,4,1750148904,0,728.5,1.0,6100.0,True
IndianGaming,1ld8zoz,2025-06,my7zme5,Vatman27,True,8.0,True,5.0,False,2,1750142517,0,3603.8,17.0,25655.0,True
IndianGaming,1ld8zoz,2025-06,my86dm5,green9206,True,9.0,False,,False,2,1750146460,0,4078.1,13162.0,144390.0,True
IndianGaming,1ld8zoz,2025-06,my86wst,IStakurn,True,10.0,False,,False,2,1750146789,0,1769.7,116.0,5817.0,True
IndianGaming,1lf7p47,2025-06,mylz0mh,ViRus_07_,True,1.0,True,1.0,False,703,1750330218,0,2007.9,64.0,756.0,True
IndianGaming,1lf7p47,2025-06,mylzggt,Illustrious-Star-621,True,2.0,True,3.0,False,156,1750330434,0,1930.4,20443.0,44138.0,True
IndianGaming,1lf7p47,2025-06,mym12g7,TheRandom_Psychopath,True,3.0,False,,False,53,1750331195,0,388.5,2722.0,3928.0,True
IndianGaming,1lf7p47,2025-06,mym0icv,Guts_7313,True,4.0,False,,False,15,1750330933,0,1363.9,201.0,44116.0,True
IndianGaming,1lf7p47,2025-06,mymibnk,Weezers-sweaterrr2o,True,5.0,False,,False,12,1750338112,0,630.9,778.0,79.0,True
IndianGaming,1lf7p47,2025-06,mylz7u6,ProblemFun5774,True,6.0,True,2.0,False,10,1750330317,0,2036.4,491.0,1444.0,True
IndianGaming,1lf7p47,2025-06,mym9v00,Jumpy_Commercial_893,True,7.0,False,,False,10,1750334981,0,1008.6,3434.0,14139.0,True
IndianGaming,1lf7p47,2025-06,mym1if4,jailolzy,True,8.0,False,,False,7,1750331403,0,685.4,1375.0,3712.0,True
IndianGaming,1lf7p47,2025-06,mylzvpk,Disastrous-Rip4426,True,10.0,True,5.0,False,5,1750330637,0,976.4,182.0,767.0,False
IndianGaming,1lf7p47,2025-06,mym1mdf,Doom_Eternal555,True,9.0,False,,False,6,1750331453,0,351.9,1.0,169.0,True
IndianGaming,1lf7p47,2025-06,mylzgws,wantCOOKIEbro,False,,True,4.0,False,3,1750330439,0,1869.0,1600.0,9801.0,True
IndianGaming,1ljb3ue,2025-06,mzid3ws,ViditM15,True,1.0,True,3.0,False,228,1750771950,0,4479.4,3116.0,96188.0,True
IndianGaming,1ljb3ue,2025-06,mzie3kl,S_X_G,True,2.0,True,4.0,False,166,1750772276,0,1035.1,352.0,36971.0,True
IndianGaming,1ljb3ue,2025-06,mzid125,SweatTasteGreat,True,3.0,True,2.0,False,85,1750771923,0,626.8,617.0,30827.0,True
IndianGaming,1ljb3ue,2025-06,mzif0i7,Haunting_head07,True,4.0,False,,False,44,1750772573,0,595.1,13.0,4581.0,False
IndianGaming,1ljb3ue,2025-06,mzieh06,Dramatic_Sundae_6588,True,5.0,True,5.0,False,22,1750772397,0,2089.2,1.0,386.0,True
IndianGaming,1ljb3ue,2025-06,mziczwy,kanpurdigital,True,6.0,True,1.0,False,21,1750771913,0,626.2,259.0,135.0,True
IndianGaming,1ljb3ue,2025-06,mzilu0v,Due_Introduction1609,True,7.0,False,,False,13,1750774652,0,1521.3,11484.0,6812.0,True
IndianGaming,1ljb3ue,2025-06,mzifutn,green_steve1,True,8.0,False,,False,9,1750772841,0,1142.0,27440.0,11043.0,True
IndianGaming,1ljb3ue,2025-06,mzihn81,Shaurya_527,True,9.0,False,,False,9,1750773405,0,1058.9,296.0,1048.0,True
IndianGaming,1ljb3ue,2025-06,mzihrt8,Gumnaamibaba,True,10.0,False,,False,6,1750773444,0,772.8,264.0,17524.0,True
IndianGaming,1ln0e0c,2025-06,n0bpoz9,Traditional_You1631,True,1.0,True,3.0,True,125,1751154349,0,1686.7,6924.0,913.0,True
IndianGaming,1ln0e0c,2025-06,n0boqpq,chaotic_Panda106,True,2.0,True,2.0,False,77,1751154009,0,361.7,218.0,1386.0,True
IndianGaming,1ln0e0c,2025-06,n0bojqy,Diddydoobies,True,3.0,True,1.0,False,19,1751153940,0,2242.8,759.0,1142.0,True
IndianGaming,1ln0e0c,2025-06,n0dcv19,Ok-Negotiation-2267,True,4.0,False,,False,13,1751180475,0,2020.3,9720.0,50525.0,True
IndianGaming,1ln0e0c,2025-06,n0bxuy2,90s_Thor,True,6.0,False,,False,6,1751157391,0,2122.1,30.0,1627.0,True
IndianGaming,1ln0e0c,2025-06,n0cpkjo,Knighthereal,True,5.0,False,,False,7,1751168695,0,,,,
IndianGaming,1ln0e0c,2025-06,n0bqwcq,These-Falcon-8631,True,7.0,True,4.0,False,4,1751154790,0,1516.2,259.0,4512.0,True
IndianGaming,1ln0e0c,2025-06,n0br6bj,LUCIFERisonline,True,8.0,True,5.0,False,3,1751154891,0,2390.2,1610.0,1248.0,True
IndianGaming,1ln0e0c,2025-06,n0brr1q,Educational-Web3052,True,9.0,False,,False,3,1751155103,0,638.0,34.0,370.0,True
IndianGaming,1ln0e0c,2025-06,n0ce0n7,sassypants1996,True,10.0,False,,False,3,1751163774,0,1634.1,143.0,695.0,True
IndianGaming,1lb4649,2025-06,mxpnef4,ViditM15,True,1.0,True,1.0,False,333,1749891494,0,4479.4,3116.0,96188.0,True
IndianGaming,1lb4649,2025-06,mxpretb,gudgamerx,True,2.0,False,,False,133,1749893967,0,2071.3,183.0,2719.0,True
IndianGaming,1lb4649,2025-06,mxpnutl,FirefighterFine6990,True,3.0,True,2.0,False,75,1749891774,0,1738.3,1740.0,2082.0,True
IndianGaming,1lb4649,2025-06,mxpoej0,Knighthereal,True,4.0,True,4.0,False,26,1749892109,0,,,,
IndianGaming,1lb4649,2025-06,mxpouey,Enough_Obligation574,True,5.0,False,,False,10,1749892379,0,1732.8,7556.0,53028.0,True
IndianGaming,1lb4649,2025-06,mxpoxos,Firm-Writing2768,True,6.0,False,,False,7,1749892435,0,,,,
IndianGaming,1lb4649,2025-06,mxpp3di,rrd_gaming,True,7.0,False,,False,7,1749892530,0,1740.2,146.0,12434.0,True
IndianGaming,1lb4649,2025-06,mxpoxle,Rimuru257,True,9.0,False,,False,3,1749892434,0,1907.2,3701.0,16518.0,True
IndianGaming,1lb4649,2025-06,mxpwund,ALGORYTHM01,True,8.0,False,,False,5,1749897166,0,2170.7,2091.0,6917.0,True
IndianGaming,1lb4649,2025-06,mxpnvw5,Bukuna3,True,10.0,True,3.0,False,3,1749891792,0,3365.3,3577.0,48932.0,True
IndianGaming,1lb4649,2025-06,mxpoh20,East-Education8810,False,,True,5.0,False,1,1749892151,0,1105.8,51.0,6975.0,True
IndianGaming,1lkv31s,2025-06,mzuneiq,imJlNX,True,1.0,True,2.0,False,53,1750928187,0,833.7,1039.0,3301.0,True
IndianGaming,1lkv31s,2025-06,mzviy6c,Laznaz,True,2.0,True,4.0,False,6,1750942682,0,2113.1,4993.0,14772.0,True
IndianGaming,1lkv31s,2025-06,mzuqr4x,LessRecommended,True,3.0,True,3.0,False,3,1750930167,0,1783.8,1.0,23854.0,True
IndianGaming,1lkv31s,2025-06,mzums5j,Illustrious_Read9176,True,4.0,True,1.0,False,3,1750927825,0,754.7,174.0,753.0,False
IndianGaming,1lkv31s,2025-06,mzvmete,ivyleaguesuperman,True,5.0,False,,False,3,1750943861,0,351.1,31.0,21442.0,False
IndianGaming,1lkv31s,2025-06,n00wqli,yashvone,True,6.0,False,,False,1,1751008177,0,3240.1,216401.0,73994.0,True
IndianGaming,1lkv31s,2025-06,n0ivpyo,Decent_Soil_2481,True,7.0,False,,False,1,1751257193,0,1618.9,1.0,13.0,True
IndianGaming,1lkv31s,2025-06,mzvj1kz,YetSomeRandom,True,8.0,True,5.0,False,0,1750942715,0,2245.1,112.0,5379.0,True
IndianGaming,1lkv31s,2025-06,mzvns9j,rrd_gaming,True,9.0,False,,False,-1,1750944318,0,1740.2,146.0,12434.0,True
IndianGaming,1leimid,2025-06,mygh0ys,DARKMASTEROP,True,1.0,True,3.0,False,967,1750257976,0,1755.3,143.0,14233.0,True
IndianGaming,1leimid,2025-06,mygit9g,stupefy_18,True,2.0,False,,False,340,1750258483,0,2135.9,69.0,7142.0,True
IndianGaming,1leimid,2025-06,mygh3qi,noobiegamer4,True,3.0,True,4.0,False,263,1750257998,0,562.6,198.0,1641.0,True
IndianGaming,1leimid,2025-06,mygf8le,Scary_Jelly6969,True,4.0,True,1.0,False,99,1750257467,0,2052.7,820.0,454.0,True
IndianGaming,1leimid,2025-06,myggqpd,Charming-Influence-8,True,5.0,True,2.0,False,75,1750257896,0,2156.7,14.0,849.0,True
IndianGaming,1leimid,2025-06,mygh9tf,NerdModeOn,True,6.0,True,5.0,False,47,1750258046,0,397.1,21.0,82.0,True
IndianGaming,1leimid,2025-06,mygk3q1,manjhipliar2231,True,7.0,False,,False,9,1750258846,0,2548.3,17261.0,10427.0,True
IndianGaming,1leimid,2025-06,mygn6vv,NothingBeneficial07,True,8.0,False,,False,9,1750259719,0,,,,
IndianGaming,1leimid,2025-06,mygko1q,sonofcalydon,True,9.0,False,,False,8,1750259008,0,,,,
IndianGaming,1leimid,2025-06,mygl64o,green9206,True,10.0,False,,False,8,1750259151,0,4078.1,13162.0,144390.0,True
IndianGaming,1lek1qr,2025-06,mygt1qb,Huge-Junket69,True,1.0,True,4.0,False,1572,1750261357,0,1532.8,280.0,1661.0,True
IndianGaming,1lek1qr,2025-06,mygqnzn,MultiSapman001,True,2.0,True,1.0,False,330,1750260692,0,1510.9,983.0,1150.0,True
IndianGaming,1lek1qr,2025-06,mygss3e,DarkSpinnerboi,True,3.0,True,3.0,False,77,1750261283,0,2267.9,33.0,4926.0,True
IndianGaming,1lek1qr,2025-06,myh3oz2,Any_Supermarket_4933,True,4.0,False,,False,52,1750264359,0,1699.7,8.0,177.0,True
IndianGaming,1lek1qr,2025-06,myh0i2n,custom_rom,True,5.0,False,,False,30,1750263455,0,1781.8,848.0,7256.0,True
IndianGaming,1lek1qr,2025-06,mygzx0j,Godfatherzozo,True,6.0,False,,False,25,1750263290,0,1508.3,59077.0,2888.0,True
IndianGaming,1lek1qr,2025-06,myh55iy,AnimeRocking,True,7.0,False,,False,13,1750264779,0,2010.0,9907.0,2885.0,True
IndianGaming,1lek1qr,2025-06,myh3d42,Jeru07,True,8.0,False,,False,12,1750264263,0,1760.2,993.0,7422.0,True
IndianGaming,1lek1qr,2025-06,mygspel,ViKree96,True,9.0,True,2.0,True,8,1750261262,0,2628.9,730.0,561.0,True
IndianGaming,1lek1qr,2025-06,mygtcm6,Winter-Top-7416,True,10.0,True,5.0,False,5,1750261443,0,,,,
RelationshipIndia,1lkqaqe,2025-06,mztqe4c,SpawnKiller25,True,1.0,True,3.0,False,607,1750910747,0,725.9,564.0,3964.0,True
RelationshipIndia,1lkqaqe,2025-06,mzttfqq,ispankoldpeople,True,2.0,True,5.0,False,379,1750912077,0,,,,
RelationshipIndia,1lkqaqe,2025-06,mztwcqd,catnipdealer-,True,3.0,False,,False,168,1750913401,0,398.0,2802.0,2229.0,False
RelationshipIndia,1lkqaqe,2025-06,mztpxtl,Semcurity,True,4.0,True,2.0,False,132,1750910554,0,947.9,900.0,6316.0,True
RelationshipIndia,1lkqaqe,2025-06,mztqtjd,MBAAspirant02,True,5.0,True,4.0,False,129,1750910933,0,1919.1,289.0,1887.0,True
RelationshipIndia,1lkqaqe,2025-06,mztoy3j,Common-Brush-7027,True,6.0,True,1.0,False,93,1750910143,0,543.0,942.0,6342.0,True
RelationshipIndia,1lkqaqe,2025-06,mztxry0,nalla__420,True,8.0,False,,False,37,1750914066,0,990.2,1791.0,20964.0,True
RelationshipIndia,1lkqaqe,2025-06,mzty8a3,trippy__sins,True,7.0,False,,False,38,1750914283,0,1107.6,224.0,241.0,True
RelationshipIndia,1lkqaqe,2025-06,mzu4k4w,anshp20,True,9.0,False,,False,30,1750917430,0,1157.6,12.0,791.0,True
RelationshipIndia,1lkqaqe,2025-06,mzu4ly2,TryRoutine2465,True,10.0,False,,False,15,1750917455,0,,,,
RelationshipIndia,1lgksdw,2025-06,myx7op8,the_emperor_king,True,1.0,True,1.0,False,172,1750472604,0,1946.5,155.0,4376.0,True
RelationshipIndia,1lgksdw,2025-06,myxwot0,Beneficial-Tip-6960,True,2.0,True,4.0,False,50,1750483653,0,677.8,19.0,1181.0,True
RelationshipIndia,1lgksdw,2025-06,myy47fe,WinnieDJack,True,3.0,False,,False,37,1750487764,0,495.0,743.0,8939.0,True
RelationshipIndia,1lgksdw,2025-06,myxsor0,Outrageous_Author_14,True,4.0,True,3.0,False,35,1750481631,0,1888.7,126.0,758.0,True
RelationshipIndia,1lgksdw,2025-06,myximbt,Bubbly-Week3994,True,5.0,True,2.0,False,24,1750477003,0,1565.3,1.0,124.0,True
RelationshipIndia,1lgksdw,2025-06,myxzndz,avb707,True,6.0,True,5.0,False,18,1750485232,0,2475.1,10616.0,2230.0,True
RelationshipIndia,1lgksdw,2025-06,myxznf4,CharacterWork5131,True,7.0,False,,False,8,1750485232,0,1111.4,2180.0,4712.0,True
RelationshipIndia,1lgksdw,2025-06,myy30og,nalla__420,True,9.0,False,,False,4,1750487090,0,990.2,1791.0,20964.0,True
RelationshipIndia,1lgksdw,2025-06,myy3wco,JuniorDragonfly4505,True,8.0,False,,False,6,1750487589,0,965.9,1.0,56.0,True
RelationshipIndia,1lgksdw,2025-06,myytxfr,scrypton,True,10.0,False,,False,4,1750503268,0,3169.4,117.0,290.0,True
RelationshipIndia,1lf9tq2,2025-06,mymfqwm,Certain-Car-6474,True,1.0,True,1.0,False,320,1750337205,0,1403.2,971.0,12779.0,True
RelationshipIndia,1lf9tq2,2025-06,mymg311,beyondocean,True,2.0,True,2.0,False,82,1750337326,0,2232.5,10299.0,79964.0,True
RelationshipIndia,1lf9tq2,2025-06,mymk7vf,Hot_Investigator7069,True,3.0,True,5.0,False,79,1750338767,0,532.9,1762.0,10344.0,True
RelationshipIndia,1lf9tq2,2025-06,mynma1g,Perfect-Focus-3278,True,4.0,False,,False,45,1750350268,0,476.8,426.0,527.0,True
RelationshipIndia,1lf9tq2,2025-06,mympa84,liftandwhiff,True,5.0,False,,False,19,1750340474,0,557.9,6387.0,5464.0,True
RelationshipIndia,1lf9tq2,2025-06,mymgstq,Hot_Procedure3319,True,6.0,True,3.0,False,11,1750337582,0,477.8,1.0,114.0,True
RelationshipIndia,1lf9tq2,2025-06,mymiga5,Disastrous_Owl8227,True,7.0,True,4.0,False,10,1750338157,0,481.0,57.0,155.0,False
RelationshipIndia,1lf9tq2,2025-06,myn4sns,hdiabdul,True,8.0,False,,False,7,1750345194,0,1378.2,312.0,253.0,True
RelationshipIndia,1lf9tq2,2025-06,mymkrjm,ajay-rut,True,9.0,False,,False,5,1750338953,0,756.5,85684.0,15990.0,True
RelationshipIndia,1lf9tq2,2025-06,myo8z3m,Healthy_Pause4333,True,10.0,False,,False,5,1750357031,0,454.1,6.0,379.0,True
RelationshipIndia,1l9gcb7,2025-06,mxcdwvk,kichu06,True,1.0,True,1.0,False,302,1749713903,0,1469.4,6288.0,23402.0,True
RelationshipIndia,1l9gcb7,2025-06,mxcf0gb,OnnuPodappa,True,2.0,True,4.0,False,189,1749714585,0,752.2,241.0,8383.0,True
RelationshipIndia,1l9gcb7,2025-06,mxcek6t,balance_knair,True,3.0,True,3.0,False,42,1749714306,0,766.7,346.0,6777.0,True
RelationshipIndia,1l9gcb7,2025-06,mxcfimy,Intresting_AF,True,4.0,False,,False,38,1749714899,0,596.1,185.0,82.0,True
RelationshipIndia,1l9gcb7,2025-06,mxcfskl,tomatopearls,True,5.0,False,,False,38,1749715067,0,911.5,302.0,303.0,True
RelationshipIndia,1l9gcb7,2025-06,mxcfhof,AcanthaceaeStatus445,True,6.0,True,5.0,False,10,1749714883,0,498.8,1.0,144.0,False
RelationshipIndia,1l9gcb7,2025-06,mxcgbj4,LootedBox,True,7.0,False,,False,6,1749715386,0,993.1,1.0,117.0,True
RelationshipIndia,1l9gcb7,2025-06,mxchjnf,Remarkable-Chart-816,True,8.0,False,,False,6,1749716133,0,508.6,1.0,29.0,False
RelationshipIndia,1l9gcb7,2025-06,mxci1co,SpiteSignificant5275,True,9.0,False,,False,6,1749716437,0,,,,
RelationshipIndia,1l9gcb7,2025-06,mxceacs,an__astrophile,True,10.0,True,2.0,False,5,1749714136,0,1232.3,172.0,1054.0,True
RelationshipIndia,1l5s0m0,2025-06,mwk8btr,PyschednDamned,True,1.0,True,1.0,False,252,1749334642,0,499.5,1.0,1527.0,True
RelationshipIndia,1l5s0m0,2025-06,mwkphyn,Trick-Spell9845,True,2.0,True,2.0,False,35,1749340859,0,1954.3,273.0,430.0,True
RelationshipIndia,1l5s0m0,2025-06,mwktjde,Sea_Painting_7069,True,3.0,True,3.0,False,29,1749342407,0,530.1,481.0,222.0,True
RelationshipIndia,1l5s0m0,2025-06,mwlwb7p,TakeAstand-,True,4.0,False,,False,28,1749358586,0,2627.2,247.0,61.0,True
RelationshipIndia,1l5s0m0,2025-06,mwlli8m,Displined,True,5.0,True,5.0,False,16,1749353637,0,1003.0,35.0,2565.0,False
RelationshipIndia,1l5s0m0,2025-06,mwl8zgk,Witty_Active,True,6.0,True,4.0,False,10,1749348474,0,1862.7,4717.0,33813.0,True
RelationshipIndia,1l5s0m0,2025-06,mwlngar,Taranath_Tantrik,True,7.0,False,,False,8,1749354492,0,732.8,378.0,740.0,True
RelationshipIndia,1l5s0m0,2025-06,mwltmg3,carlseye_17,True,8.0,False,,False,7,1749357282,0,569.3,1582.0,7900.0,True
RelationshipIndia,1l5s0m0,2025-06,mwnr9s4,exattic,True,9.0,False,,False,4,1749392159,0,3209.5,3543.0,1175.0,True
RelationshipIndia,1l5s0m0,2025-06,mwo1p6g,Artistic_Bad_9294,True,10.0,False,,False,3,1749395473,0,1973.4,90.0,1781.0,True
RelationshipIndia,1l5kk7u,2025-06,mwhhscn,Embarrassed_Egg3690,True,1.0,True,2.0,False,216,1749302405,0,1158.5,5146.0,13886.0,True
RelationshipIndia,1l5kk7u,2025-06,mwhhbbs,Master-Plate7718,True,2.0,True,1.0,False,104,1749302225,0,364.0,144.0,378.0,True
RelationshipIndia,1l5kk7u,2025-06,mwhpuz8,iAKASH2k3,True,3.0,True,5.0,False,42,1749305328,0,842.3,2.0,107.0,True
RelationshipIndia,1l5kk7u,2025-06,mwhlsf4,ankitt93,True,4.0,True,3.0,False,20,1749303892,0,,,,
RelationshipIndia,1l5kk7u,2025-06,mwhoq8p,Alex00120021,True,5.0,True,4.0,False,8,1749304937,0,716.9,4030.0,629.0,True
RelationshipIndia,1l5kk7u,2025-06,mwlydlw,azurra9t9,True,6.0,False,,False,3,1749359591,0,1275.8,313.0,1561.0,True
RelationshipIndia,1l5kk7u,2025-06,mx7sx5l,Tokyo_domain,True,7.0,False,,False,2,1749656208,0,1566.8,734.0,273.0,True
RelationshipIndia,1l5kk7u,2025-06,mwj7n4u,Ilovewebb,True,8.0,False,,False,1,1749322406,0,,,,
RelationshipIndia,1l5kk7u,2025-06,mwmmgjy,PotentialSchool4500,True,9.0,False,,False,1,1749373245,0,907.2,35.0,180.0,True
RelationshipIndia,1l5kk7u,2025-06,mwzpr4x,TheMagnetism,True,10.0,False,,False,1,1749550997,0,490.1,1.0,0.0,True
RelationshipIndia,1lh8044,2025-06,mz246ox,NotTheDavinciCode,True,1.0,True,3.0,False,264,1750544587,0,758.7,720.0,3389.0,True
RelationshipIndia,1lh8044,2025-06,mz242ei,beyondocean,True,2.0,True,2.0,False,125,1750544545,0,2232.5,10299.0,79964.0,True
RelationshipIndia,1lh8044,2025-06,mz3cgx7,saiyanultimate,True,3.0,True,4.0,False,92,1750561189,0,2281.5,6990.0,50337.0,True
RelationshipIndia,1lh8044,2025-06,mz21e68,Impressive-Cook-5299,True,4.0,True,1.0,False,64,1750543591,0,768.9,1348.0,2493.0,False
RelationshipIndia,1lh8044,2025-06,mz3etw3,nalla__420,True,6.0,True,5.0,False,21,1750562165,0,990.2,1791.0,20964.0,True
RelationshipIndia,1lh8044,2025-06,mz3huod,makeLove-notWarcraft,True,5.0,False,,False,22,1750563454,0,2026.9,2357.0,6123.0,True
RelationshipIndia,1lh8044,2025-06,mz3wae6,luckyvickysyndrome1,True,7.0,False,,False,10,1750570281,0,652.1,140.0,1816.0,True
RelationshipIndia,1lh8044,2025-06,mz4543c,bingwing_28,True,8.0,False,,False,9,1750575120,0,630.2,11.0,-4.0,True
RelationshipIndia,1lh8044,2025-06,mz3uvl6,JumpinaCaac,True,9.0,False,,False,7,1750569559,0,1689.3,1.0,103.0,True
RelationshipIndia,1lh8044,2025-06,mz3zabl,ryizer,True,10.0,False,,False,6,1750571874,0,1578.9,231.0,19372.0,True
RelationshipIndia,1l4xlzh,2025-06,mwcjm88,jokeparotaa,True,1.0,True,1.0,False,157,1749229825,0,589.3,930.0,34337.0,False
RelationshipIndia,1l4xlzh,2025-06,mwcld7m,ceoadlw,True,2.0,True,4.0,False,35,1749230325,0,2952.8,10717.0,11789.0,True
RelationshipIndia,1l4xlzh,2025-06,mwcn3zl,Forward_Thought4971,True,3.0,False,,False,19,1749230817,0,705.0,256.0,2030.0,True
RelationshipIndia,1l4xlzh,2025-06,mwdu5gt,JustYerJester,True,4.0,False,,False,15,1749243697,0,1148.7,199.0,967.0,False
RelationshipIndia,1l4xlzh,2025-06,mwcwnlp,Wonderful_Copy_5162,True,5.0,False,,False,11,1749233544,0,,,,
RelationshipIndia,1l4xlzh,2025-06,mwck1cz,Aggravating-Check799,True,6.0,True,2.0,False,11,1749229946,0,1437.8,191.0,862.0,True
RelationshipIndia,1l4xlzh,2025-06,mwckir1,priyanshu_Kjha,True,7.0,True,3.0,False,9,1749230085,0,2142.2,11.0,266.0,True
RelationshipIndia,1l4xlzh,2025-06,mwcnyle,god_of_thunder_ap,True,8.0,False,,False,8,1749231058,0,2583.8,306.0,1562.0,True
RelationshipIndia,1l4xlzh,2025-06,mwcmikz,Shrikant_Pawar_002,True,10.0,True,5.0,False,7,1749230649,0,1766.1,284.0,2142.0,True
RelationshipIndia,1l4xlzh,2025-06,mwcteqy,kashbabyy0,True,9.0,False,,False,8,1749232601,0,501.6,1404.0,407.0,False
RelationshipIndia,1lbr8mh,2025-06,mxuticv,Lannistr_warlord,True,1.0,True,1.0,False,330,1749960155,0,610.5,35.0,373.0,True
RelationshipIndia,1lbr8mh,2025-06,mxuuah1,Mr-Purp1e,True,2.0,True,3.0,False,250,1749960500,0,1022.0,76.0,72285.0,True
RelationshipIndia,1lbr8mh,2025-06,mxutzs3,ProfessionalMiddle89,True,3.0,True,2.0,False,111,1749960367,0,,,,
RelationshipIndia,1lbr8mh,2025-06,mxuut9u,Low-Illustrator-6788,True,4.0,True,4.0,False,99,1749960736,0,1057.7,656.0,2079.0,True
RelationshipIndia,1lbr8mh,2025-06,mxuvoza,Aggravating_Shirt669,True,5.0,True,5.0,False,76,1749961139,0,1100.6,1891.0,2361.0,False
RelationshipIndia,1lbr8mh,2025-06,mxux1ua,Aisay-Kaisay,True,6.0,False,,False,43,1749961770,0,886.1,1108.0,1617.0,True
RelationshipIndia,1lbr8mh,2025-06,mxuxlda,Salty_Individual8474,True,7.0,False,,False,37,1749962025,0,589.8,6.0,41.0,True
RelationshipIndia,1lbr8mh,2025-06,mxuw7jg,yohohohoho07,True,8.0,False,,False,22,1749961379,0,460.4,888.0,852.0,True
RelationshipIndia,1lbr8mh,2025-06,mxvb6v6,PsyKite,True,9.0,False,,False,21,1749969021,0,2279.6,10887.0,9854.0,True
RelationshipIndia,1lbr8mh,2025-06,mxuynck,curious_goldfish_123,True,10.0,False,,False,11,1749962521,0,1373.7,3909.0,12774.0,True
RelationshipIndia,1lo2j2u,2025-06,n0jsclm,No_Barracuda1,True,1.0,True,1.0,False,118,1751275650,0,665.2,72.0,2486.0,True
RelationshipIndia,1lo2j2u,2025-06,n0k49jo,bubblegum_skirt,True,2.0,False,,False,20,1751282141,0,1102.1,1613.0,16457.0,True
RelationshipIndia,1lo2j2u,2025-06,n0jvhey,nittchan,True,3.0,True,5.0,False,8,1751277500,0,2956.1,44.0,1308.0,True
RelationshipIndia,1lo2j2u,2025-06,n0jzciq,CaptxLevi,True,4.0,False,,False,6,1751279668,0,,,,
RelationshipIndia,1lo2j2u,2025-06,n0kyi8j,Acrobatic_Print_7113,True,5.0,False,,False,5,1751293367,0,568.9,1.0,4.0,True
RelationshipIndia,1lo2j2u,2025-06,n0juu3u,ConstructionSmall979,True,6.0,True,3.0,False,5,1751277129,0,545.2,10747.0,259.0,True
RelationshipIndia,1lo2j2u,2025-06,n0kndr1,Jack_Papa_,True,8.0,False,,False,4,1751289787,0,,,,
RelationshipIndia,1lo2j2u,2025-06,n0m4hhl,Kami_Sama_132,True,7.0,False,,False,5,1751305411,0,584.3,22.0,51.0,True
RelationshipIndia,1lo2j2u,2025-06,n0juy8l,PumpkinStriking6724,True,9.0,True,4.0,False,3,1751277195,0,469.7,5.0,2533.0,True
RelationshipIndia,1lo2j2u,2025-06,n0jsqvw,Complete-Sorbet-1993,True,10.0,True,2.0,False,2,1751275893,0,643.5,1.0,243.0,True
personalfinanceindia,1lilix7,2025-06,mzcvs3b,kalesh-13,True,1.0,True,2.0,False,635,1750697462,0,1896.8,315.0,1374.0,True
personalfinanceindia,1lilix7,2025-06,mzcvp7i,More-Actuator-1729,True,2.0,True,1.0,False,226,1750697439,0,799.0,349.0,40619.0,True
personalfinanceindia,1lilix7,2025-06,mzczut8,Appropriate-ASS-824,True,3.0,True,5.0,False,114,1750698584,0,722.8,453.0,51228.0,False
personalfinanceindia,1lilix7,2025-06,mzdc2m2,Downtown-Body7841,True,4.0,False,,False,60,1750701866,0,1725.2,1164.0,8281.0,True
personalfinanceindia,1lilix7,2025-06,mzcxacf,Bukuna3,True,5.0,True,3.0,False,28,1750697878,0,3365.3,3577.0,48932.0,True
personalfinanceindia,1lilix7,2025-06,mzdgg6b,ttbap,True,6.0,False,,False,17,1750703103,0,1322.2,31.0,2761.0,True
personalfinanceindia,1lilix7,2025-06,mzecekm,eternviking,True,7.0,False,,False,8,1750712264,0,2713.0,1800618.0,17440.0,True
personalfinanceindia,1lilix7,2025-06,mzh5ynx,RecluseWithSelfDoubt,True,8.0,False,,False,8,1750752039,0,740.2,504.0,2824.0,True
personalfinanceindia,1lilix7,2025-06,mzcznzs,CrazyForAssets,True,10.0,True,4.0,False,6,1750698533,0,397.8,13.0,1417.0,True
personalfinanceindia,1lilix7,2025-06,mzh9kac,balance_knair,True,9.0,False,,False,7,1750754199,0,766.7,346.0,6777.0,True
personalfinanceindia,1ljv0vm,2025-06,mzmuwp6,shubham-,True,1.0,True,1.0,False,273,1750821430,0,2430.5,26.0,3447.0,True
personalfinanceindia,1ljv0vm,2025-06,mzmvh1e,Individual-Oven9410,True,2.0,True,3.0,False,84,1750821650,0,524.9,112.0,1947.0,True
personalfinanceindia,1ljv0vm,2025-06,mzmw2nf,spaceyatri,True,3.0,True,4.0,False,76,1750821886,0,3636.9,199.0,3897.0,True
personalfinanceindia,1ljv0vm,2025-06,mzmzbmo,Ad_Ketchum,True,4.0,False,,False,38,1750823173,0,3265.3,28270.0,44662.0,True
personalfinanceindia,1ljv0vm,2025-06,mzmydnh,zerokha,True,5.0,False,,False,19,1750822798,0,,,,
personalfinanceindia,1ljv0vm,2025-06,mzn2f3e,_fatcheetah,True,6.0,False,,False,16,1750824452,0,3337.0,1678.0,26185.0,True
personalfinanceindia,1ljv0vm,2025-06,mzn4m68,depressionsucks29,True,7.0,False,,False,15,1750825405,0,2828.9,23580.0,22427.0,True
personalfinanceindia,1ljv0vm,2025-06,mzmwwqw,Deep_Artichoke1499,True,8.0,True,5.0,False,9,1750822216,0,1079.3,1716.0,2208.0,True
personalfinanceindia,1ljv0vm,2025-06,mzn6few,Cricketnellore,True,9.0,False,,False,9,1750826203,0,2825.7,1.0,888.0,True
personalfinanceindia,1ljv0vm,2025-06,mzn6lax,Crafty_Hornet_1072,True,10.0,False,,False,5,1750826276,0,1413.2,8.0,285.0,True
personalfinanceindia,1ljv0vm,2025-06,mzmv8mr,o38dn2l,False,,True,2.0,False,-2,1750821559,0,362.3,198.0,552.0,True
personalfinanceindia,1lh5kq2,2025-06,mz1ol83,Due_Distribution_872,True,1.0,True,5.0,False,150,1750539220,0,868.1,47.0,1297.0,True
personalfinanceindia,1lh5kq2,2025-06,mz1t173,yellowflash171,True,2.0,False,,False,131,1750540698,0,2764.2,6569.0,11122.0,True
personalfinanceindia,1lh5kq2,2025-06,mz1thpu,Big_Elevator1211,True,3.0,False,,False,101,1750540858,0,674.9,17.0,968.0,True
personalfinanceindia,1lh5kq2,2025-06,mz1mxso,SubstantialAct4212,True,4.0,True,4.0,False,56,1750538675,0,804.3,960.0,100385.0,False
personalfinanceindia,1lh5kq2,2025-06,mz40eji,SaakaLakaBoomBoom,True,5.0,False,,False,10,1750572481,0,642.1,316.0,813.0,True
personalfinanceindia,1lh5kq2,2025-06,mz1gphj,Yor-Forger_,True,6.0,True,1.0,False,10,1750536624,0,508.1,18.0,270.0,False
personalfinanceindia,1lh5kq2,2025-06,mz2yne9,unosX10,True,7.0,False,,False,9,1750555805,0,2178.7,18887.0,9362.0,True
personalfinanceindia,1lh5kq2,2025-06,mz1lzfp,Designer-Result-7283,True,8.0,True,3.0,False,7,1750538360,0,945.4,171.0,222.0,False
personalfinanceindia,1lh5kq2,2025-06,mz1ho5r,Lopsided_Increase356,True,9.0,True,2.0,False,5,1750536943,0,,,,
personalfinanceindia,1lh5kq2,2025-06,mz3qowf,merkleproof,True,10.0,False,,False,4,1750567478,0,1498.8,33.0,4357.0,True
personalfinanceindia,1lgtzg4,2025-06,myyw23e,Legitimate-Trip8422,True,1.0,True,2.0,False,161,1750504383,0,503.9,3037.0,45272.0,True
personalfinanceindia,1lgtzg4,2025-06,myyvdr5,SaracasticByte,True,2.0,True,1.0,False,159,1750504031,0,780.1,540.0,70806.0,True
personalfinanceindia,1lgtzg4,2025-06,myz33gm,SageSharma,True,3.0,False,,False,54,1750507745,0,584.0,25627.0,53717.0,True
personalfinanceindia,1lgtzg4,2025-06,myzn6x9,dreckon,True,4.0,False,,False,39,1750515596,0,,,,
personalfinanceindia,1lgtzg4,2025-06,myz1rxn,DarkShadder,True,5.0,True,4.0,False,23,1750507152,0,2847.8,46545.0,101266.0,True
personalfinanceindia,1lgtzg4,2025-06,myz26cc,Creative-Hotel8682,True,6.0,True,5.0,False,22,1750507333,0,,,,
personalfinanceindia,1lgtzg4,2025-06,myz4dpd,the_storm_rider,True,7.0,False,,False,18,1750508307,0,3879.1,373.0,53250.0,True
personalfinanceindia,1lgtzg4,2025-06,myzbdmi,iphone4Suser,True,8.0,False,,False,15,1750511208,0,4530.2,9525.0,101300.0,True
personalfinanceindia,1lgtzg4,2025-06,myz3g1z,Manoos,True,9.0,False,,False,13,1750507898,0,6023.8,46003.0,52655.0,False
personalfinanceindia,1lgtzg4,2025-06,myz7kt4,altunknwn,True,10.0,False,,False,11,1750509682,0,,,,
personalfinanceindia,1lgtzg4,2025-06,myyx332,fccs_drills,False,,True,3.0,False,10,1750504905,0,,,,
personalfinanceindia,1lijssu,2025-06,mzci5g3,indianodysses,True,1.0,True,5.0,False,345,1750693615,0,2091.2,290.0,7051.0,True
personalfinanceindia,1lijssu,2025-06,mzchrzm,Middleclass_Operator,True,2.0,True,4.0,False,322,1750693509,0,393.0,223.0,3888.0,True
personalfinanceindia,1lijssu,2025-06,mzcgwwz,panchajanya1999,True,3.0,True,1.0,False,41,1750693270,0,2515.1,224.0,2549.0,True
personalfinanceindia,1lijssu,2025-06,mzd1ysc,NarglesChaserRaven,True,4.0,False,,False,38,1750699150,0,1953.9,13055.0,89797.0,True
personalfinanceindia,1lijssu,2025-06,mzch1yd,Quirwz,True,5.0,True,3.0,False,29,1750693308,0,,,,
personalfinanceindia,1lijssu,2025-06,mzcvuaf,DKisWriting001,True,6.0,False,,False,27,1750697480,0,2132.9,237.0,993.0,True
personalfinanceindia,1lijssu,2025-06,mzcrf4o,SorryUnderstanding7,True,7.0,False,,False,14,1750696232,0,2276.9,598.0,10477.0,True
personalfinanceindia,1lijssu,2025-06,mzcop0i,arriving_somewhere1,True,8.0,False,,False,10,1750695465,0,447.0,351.0,22097.0,True
personalfinanceindia,1lijssu,2025-06,mzch0fk,namastayreddit,True,9.0,True,2.0,False,8,1750693297,0,2405.0,173.0,2158.0,True
personalfinanceindia,1lijssu,2025-06,mzcke55,MasalaMonk,True,10.0,False,,False,6,1750694242,0,1159.9,1635.0,17230.0,True
personalfinanceindia,1lgohj9,2025-06,myxubou,Crusher_1984,True,1.0,True,1.0,False,92,1750482444,0,2282.2,2335.0,6748.0,True
personalfinanceindia,1lgohj9,2025-06,myy48z7,newprouser,True,2.0,True,4.0,False,60,1750487789,0,3662.3,64.0,622.0,True
personalfinanceindia,1lgohj9,2025-06,myxx4qw,Sharp_Assignment_273,True,3.0,True,2.0,False,39,1750483890,0,397.8,8.0,42.0,True
personalfinanceindia,1lgohj9,2025-06,myxxpuw,Roadies_Winner,True,4.0,True,3.0,False,28,1750484200,0,922.0,2795.0,62747.0,True
personalfinanceindia,1lgohj9,2025-06,myybi6q,the_p1ayer_of_games,True,5.0,True,5.0,False,17,1750492056,0,1636.9,2554.0,2216.0,True
personalfinanceindia,1lgohj9,2025-06,myycv3j,Historical-Earth-411,True,6.0,False,,False,15,1750492892,0,836.9,35.0,36.0,True
personalfinanceindia,1lgohj9,2025-06,myymvkz,saransh000,True,7.0,False,,False,8,1750499149,0,899.1,192.0,1735.0,True
personalfinanceindia,1lgohj9,2025-06,myyg16y,ammabommali,True,8.0,False,,False,6,1750494840,0,,,,
personalfinanceindia,1lgohj9,2025-06,mzfo9gb,Miserable_Special256,True,9.0,False,,False,2,1750727971,0,1649.2,1.0,1709.0,True
personalfinanceindia,1lhupjy,2025-06,mz76ya4,altoidsaregod,True,1.0,True,4.0,False,124,1750618924,0,2464.1,911.0,10356.0,True
personalfinanceindia,1lhupjy,2025-06,mz71fhn,mrdrinksonme,True,2.0,True,2.0,False,52,1750617223,0,3016.1,20230.0,55999.0,True
personalfinanceindia,1lhupjy,2025-06,mz8yuxu,odd_star11,True,3.0,False,,False,41,1750639939,0,984.9,702.0,4085.0,True
personalfinanceindia,1lhupjy,2025-06,mz85yak,That-Technician6248,True,4.0,False,,False,21,1750629926,0,497.6,1.0,266.0,True
personalfinanceindia,1lhupjy,2025-06,mz74pgn,Ambitious-Lack-881,True,5.0,True,3.0,False,17,1750618234,0,633.2,828.0,1946.0,True
personalfinanceindia,1lhupjy,2025-06,mz7ex51,IndependentBid2068,True,6.0,False,,False,10,1750621414,0,,,,
personalfinanceindia,1lhupjy,2025-06,mz6zcbd,deepank2506,True,7.0,True,1.0,False,8,1750616581,0,4190.1,334.0,302.0,True
personalfinanceindia,1lhupjy,2025-06,mz9wekv,Nervous-Table5649,True,8.0,False,,False,8,1750652348,0,930.0,1.0,1135.0,True
personalfinanceindia,1lhupjy,2025-06,mz9xb87,Responsible_Banana39,True,9.0,False,,False,8,1750652759,0,1319.2,3.0,31.0,True
personalfinanceindia,1lhupjy,2025-06,mz7g2lo,ParticularJuice3983,True,10.0,False,,False,7,1750621774,0,1991.2,631.0,60205.0,True
personalfinanceindia,1lhupjy,2025-06,mz773ru,BeingHuman30,False,,True,5.0,False,2,1750618971,0,3412.7,399.0,23538.0,True
personalfinanceindia,1llw8zl,2025-06,n03673y,Affectionate_View221,True,1.0,True,5.0,False,175,1751040790,0,1438.6,12.0,1744.0,True
personalfinanceindia,1llw8zl,2025-06,n02xawn,CasualLurker07,True,2.0,True,2.0,False,32,1751038300,0,452.3,139.0,917.0,True
personalfinanceindia,1llw8zl,2025-06,n030ovf,incredible-mee,True,4.0,True,4.0,False,10,1751039249,0,2732.9,19047.0,34329.0,True
personalfinanceindia,1llw8zl,2025-06,n03t66q,HeistOP1,True,5.0,False,,False,10,1751047216,0,2070.9,2114.0,13499.0,True
personalfinanceindia,1llw8zl,2025-06,n044j1r,Accomplished-Hat2878,True,3.0,False,,False,11,1751050481,0,820.7,400.0,354.0,False
personalfinanceindia,1llw8zl,2025-06,n02yhcm,Extension_Concern174,True,6.0,True,3.0,False,10,1751038632,0,842.0,24.0,82.0,True
personalfinanceindia,1llw8zl,2025-06,n03p3d1,Silent_Reception719,True,7.0,False,,False,10,1751046091,0,731.1,704.0,6682.0,True
personalfinanceindia,1llw8zl,2025-06,n045t30,shawman123,True,8.0,False,,False,8,1751050850,0,3122.0,670.0,52062.0,True
personalfinanceindia,1llw8zl,2025-06,n037fdt,After_Confusion_1596,True,9.0,False,,False,5,1751041136,0,609.9,10570.0,13892.0,True
personalfinanceindia,1llw8zl,2025-06,n03d21z,Potential-Box-2325,True,10.0,False,,False,5,1751042731,0,762.6,2.0,766.0,True
personalfinanceindia,1llw8zl,2025-06,n02t1ot,shittereddit,False,,True,1.0,False,1,1751037087,0,1630.5,1879.0,5229.0,True
personalfinanceindia,1lf3buq,2025-06,myl4o4v,Maginaghat997,True,1.0,True,2.0,False,1072,1750313072,0,722.2,80452.0,50125.0,True
personalfinanceindia,1lf3buq,2025-06,myl6at5,mightyn0mad,True,2.0,False,,False,278,1750313928,0,2258.3,7228.0,20144.0,True
personalfinanceindia,1lf3buq,2025-06,myl6p8m,sgcuber24,True,3.0,False,,False,163,1750314141,0,,,,
personalfinanceindia,1lf3buq,2025-06,myl4ypn,rishrushrish,True,4.0,True,3.0,False,158,1750313225,0,2651.5,5849.0,17170.0,True
personalfinanceindia,1lf3buq,2025-06,myl57xh,tanmay1812,True,5.0,False,,False,77,1750313361,0,2154.3,451.0,16713.0,True
personalfinanceindia,1lf3buq,2025-06,myl5b6o,StrikingPhilosopher6,True,6.0,False,,False,53,1750313409,0,2122.7,100.0,1174.0,True
personalfinanceindia,1lf3buq,2025-06,myl749p,norindermoodi,True,7.0,False,,False,41,1750314365,0,2262.0,5.0,4845.0,True
personalfinanceindia,1lf3buq,2025-06,myl4kf1,sandeep_96,True,8.0,True,1.0,False,31,1750313018,0,2637.9,23.0,3203.0,True
personalfinanceindia,1lf3buq,2025-06,myl8wyb,pizzafapper,True,9.0,False,,False,22,1750315341,0,4578.8,12014.0,25803.0,True
personalfinanceindia,1lf3buq,2025-06,myl55ah,mrdrinksonme,True,10.0,True,4.0,False,12,1750313321,0,3016.1,20230.0,55999.0,True
personalfinanceindia,1lf3buq,2025-06,myl57j3,the_oncoming_doctor,False,,True,5.0,False,11,1750313355,0,2602.8,3268.0,36358.0,True
personalfinanceindia,1ledzku,2025-06,myffdam,GrandAd3160,True,1.0,True,1.0,False,70,1750244907,0,2096.9,59.0,1438.0,True
personalfinanceindia,1ledzku,2025-06,myfgwr0,digitzerxp,True,2.0,True,2.0,False,23,1750245589,0,1971.2,114.0,1868.0,True
personalfinanceindia,1ledzku,2025-06,myfpdr8,visor_q3,True,3.0,False,,False,19,1750249026,0,1151.7,7.0,5015.0,True
personalfinanceindia,1ledzku,2025-06,myfpcmi,Select_Chard_3988,True,4.0,False,,False,17,1750249015,0,1326.0,12.0,86.0,True
personalfinanceindia,1ledzku,2025-06,myh3h8v,Worldly_Hotel_2918,True,5.0,False,,False,16,1750264296,0,1340.5,7.0,16.0,True
personalfinanceindia,1ledzku,2025-06,myfsuiu,mrdrinksonme,True,6.0,False,,False,13,1750250306,0,3016.1,20230.0,55999.0,True
personalfinanceindia,1ledzku,2025-06,myj1yel,MassivePaper6579,True,7.0,False,,False,8,1750284543,0,1897.7,103.0,35.0,True
personalfinanceindia,1ledzku,2025-06,myfi38s,bidenfromsweden,True,8.0,True,3.0,False,8,1750246098,0,2035.4,780.0,3352.0,True
personalfinanceindia,1ledzku,2025-06,myflf34,anshumahipal,True,9.0,True,5.0,False,4,1750247489,0,2367.8,67.0,171.0,True
personalfinanceindia,1ledzku,2025-06,myflpp9,Yagiudanta,True,10.0,False,,False,3,1750247609,0,1339.7,1.0,146.0,True
personalfinanceindia,1ledzku,2025-06,myfkrvy,Illustrious_Role_304,False,,True,4.0,False,2,1750247231,0,2024.9,82.0,346.0,True
unitedstatesofindia,1la9pux,2025-06,mxiw0ly,BugExotic369,True,1.0,True,1.0,False,839,1749799339,0,391.8,2682.0,26513.0,True
unitedstatesofindia,1la9pux,2025-06,mxiyfcn,TheReaderDude_97,True,2.0,True,4.0,False,804,1749800779,0,912.2,40806.0,96699.0,True
unitedstatesofindia,1la9pux,2025-06,mxj2jwj,dillimunda,True,3.0,False,,False,115,1749803249,0,799.4,62415.0,16768.0,True
unitedstatesofindia,1la9pux,2025-06,mxizqnr,sayzitlikeitis,True,4.0,False,,False,114,1749801577,0,1211.8,1379.0,51360.0,True
unitedstatesofindia,1la9pux,2025-06,mxiw29y,Macguffawin,True,5.0,True,2.0,False,67,1749799366,0,2314.8,1011.0,28850.0,True
unitedstatesofindia,1la9pux,2025-06,mxj51vn,Vaibhavkumar2001,True,6.0,False,,False,48,1749804775,0,2916.0,3823.0,20780.0,True
unitedstatesofindia,1la9pux,2025-06,mxiz453,UNREAL_REALITY221,True,7.0,False,,False,27,1749801200,0,,,,
unitedstatesofindia,1la9pux,2025-06,mxiw9o4,souvik234,True,8.0,True,3.0,False,14,1749799487,0,4653.1,7106.0,21951.0,True
unitedstatesofindia,1la9pux,2025-06,mxk6eje,ManishVishav,True,9.0,False,,False,13,1749821449,0,1443.2,3066.0,1180.0,True
unitedstatesofindia,1la9pux,2025-06,mxj0z9t,prof_devilsadvocate3,True,10.0,False,,False,11,1749802312,0,509.2,13664.0,96411.0,True
unitedstatesofindia,1la9pux,2025-06,mxiyp1j,lakshayonly,False,,True,5.0,False,4,1749800942,0,888.9,3401.0,14588.0,True
unitedstatesofindia,1l7g0v0,2025-06,mwwdvy2,Deep_Target1,True,1.0,True,1.0,False,682,1749502247,0,402.3,1.0,16931.0,True
unitedstatesofindia,1l7g0v0,2025-06,mwwibjn,devilcross2,True,2.0,False,,False,631,1749503524,0,2263.9,92.0,102703.0,True
unitedstatesofindia,1l7g0v0,2025-06,mwwkjbc,murtuzaarzai,True,3.0,False,,False,370,1749504175,0,1138.1,79.0,1975.0,True
unitedstatesofindia,1l7g0v0,2025-06,mwwi2vg,Sparkzdemon,True,4.0,True,5.0,False,141,1749503452,0,,,,
unitedstatesofindia,1l7g0v0,2025-06,mwwkdhi,tmane99,True,5.0,False,,False,135,1749504127,0,1400.9,1341.0,4965.0,True
unitedstatesofindia,1l7g0v0,2025-06,mwwf8ac,the__Fisher__king,True,8.0,True,2.0,False,106,1749502623,0,2117.5,159.0,1976.0,True
unitedstatesofindia,1l7g0v0,2025-06,mwwnrpk,ABfreak_reddit,True,6.0,False,,False,112,1749505139,0,1561.7,446.0,6177.0,True
unitedstatesofindia,1l7g0v0,2025-06,mwwh3h2,Boobhacker,True,7.0,True,3.0,False,112,1749503165,0,3365.4,1288.0,4429.0,True
unitedstatesofindia,1l7g0v0,2025-06,mwwhoex,gprie23,True,9.0,True,4.0,False,92,1749503334,0,2534.0,235.0,404.0,True
unitedstatesofindia,1l7g0v0,2025-06,mwy7h8d,Tdakiddi,True,10.0,False,,False,34,1749523594,0,1004.7,1013.0,16176.0,True
unitedstatesofindia,1l9l9a5,2025-06,mxddgia,_abhishek_pandey_,True,1.0,True,2.0,False,902,1749731975,0,2161.2,5.0,4338.0,True
unitedstatesofindia,1l9l9a5,2025-06,mxdg6qs,Minute_Way_7675,True,2.0,True,5.0,False,368,1749732945,0,1725.0,1345.0,2522.0,True
unitedstatesofindia,1l9l9a5,2025-06,mxdevtq,charavaka,True,3.0,True,4.0,False,91,1749732489,0,4757.7,21708.0,585358.0,True
unitedstatesofindia,1l9l9a5,2025-06,mxddxdb,Silodal,True,4.0,True,3.0,False,85,1749732145,0,2426.1,172.0,3216.0,True
unitedstatesofindia,1l9l9a5,2025-06,mxdkgj1,Hot_Row1457,True,5.0,False,,False,52,1749734411,0,1606.2,34976.0,40720.0,True
unitedstatesofindia,1l9l9a5,2025-06,mxdqwvc,iAmWhoDoYouKnow,True,6.0,False,,False,51,1749736517,0,1726.3,1301.0,38536.0,True
unitedstatesofindia,1l9l9a5,2025-06,mxdgo88,sansays,True,7.0,False,,False,32,1749733114,0,3146.2,8658.0,33023.0,True
unitedstatesofindia,1l9l9a5,2025-06,mxddg0t,Ok_Attorney9239,True,9.0,True,1.0,False,22,1749731970,0,848.0,19654.0,3427.0,True
unitedstatesofindia,1l9l9a5,2025-06,mxdmumi,gagan1985,True,8.0,False,,False,25,1749735211,0,5068.6,7621.0,9981.0,True
unitedstatesofindia,1lcv1vz,2025-06,my3kx3c,charavaka,True,1.0,True,5.0,False,493,1750089148,0,4757.7,21708.0,585358.0,True
unitedstatesofindia,1lcv1vz,2025-06,my3buag,Xakemi83,True,2.0,True,2.0,False,206,1750086537,0,,,,
unitedstatesofindia,1lcv1vz,2025-06,my3pvdx,Afraid_Investment690,True,3.0,False,,False,107,1750090592,0,1598.7,473.0,15682.0,True
unitedstatesofindia,1lcv1vz,2025-06,my3qrlc,Creative-Paper1007,True,4.0,False,,False,56,1750090854,0,2123.0,506.0,33248.0,True
unitedstatesofindia,1lcv1vz,2025-06,my3lz75,Ill_Associate4839,True,5.0,False,,False,43,1750089452,0,1954.0,1.0,844.0,True
unitedstatesofindia,1lcv1vz,2025-06,my3giat,Embarrassed_Look9200,True,6.0,True,3.0,False,38,1750087884,0,425.0,19946.0,95234.0,True
unitedstatesofindia,1lcv1vz,2025-06,my3a93y,BugExotic369,True,7.0,True,1.0,False,20,1750086072,0,391.8,2682.0,26513.0,True
unitedstatesofindia,1lcv1vz,2025-06,my3jbj2,whyisitwhatitis,True,8.0,True,4.0,False,8,1750088688,0,491.7,43.0,1465.0,True
unitedstatesofindia,1lcv1vz,2025-06,my45z5k,ANIKET_UPADHYAY,True,9.0,False,,False,4,1750095132,0,2562.4,6899.0,110748.0,True
unitedstatesofindia,1lcv1vz,2025-06,my4j1d5,Kambar,True,10.0,False,,False,4,1750098752,0,4114.7,4965.0,128278.0,False
unitedstatesofindia,1lne93y,2025-06,n0ei6vc,BugExotic369,True,1.0,True,3.0,False,478,1751202759,0,391.8,2682.0,26513.0,True
unitedstatesofindia,1lne93y,2025-06,n0eijqp,kilaithalai,True,2.0,True,4.0,False,446,1751202895,0,5571.7,4486.0,58707.0,True
unitedstatesofindia,1lne93y,2025-06,n0elbsh,tera_chachu,True,3.0,False,,False,209,1751203934,0,1114.8,10521.0,192150.0,True
unitedstatesofindia,1lne93y,2025-06,n0ei6r7,NastyStreetRat,True,4.0,True,2.0,False,152,1751202758,0,956.6,5596.0,58932.0,True
unitedstatesofindia,1lne93y,2025-06,n0ehv8f,BugExotic369,True,5.0,True,1.0,False,117,1751202636,0,391.8,2682.0,26513.0,True
unitedstatesofindia,1lne93y,2025-06,n0eiyk4,JesusRao,True,6.0,True,5.0,False,87,1751203052,0,,,,
unitedstatesofindia,1lne93y,2025-06,n0es118,jen_sun_uva_bich,True,7.0,False,,False,39,1751206318,0,2379.5,9863.0,5716.0,True
unitedstatesofindia,1lne93y,2025-06,n0el6ib,Equivalent_Cat_8123,True,8.0,False,,True,37,1751203879,0,1850.3,13873.0,8024.0,True
unitedstatesofindia,1lne93y,2025-06,n0emd5l,flaneurthistoo,True,9.0,False,,False,34,1751204317,0,514.1,166.0,1521.0,True
unitedstatesofindia,1lne93y,2025-06,n0evl0g,siranirudh,True,10.0,False,,False,30,1751207511,0,2628.6,1.0,3255.0,True
unitedstatesofindia,1liiwou,2025-06,mzc9cx8,frizene26,True,1.0,True,2.0,True,381,1750691114,0,2370.0,139710.0,177058.0,True
unitedstatesofindia,1liiwou,2025-06,mzcdiz6,Vropster,True,2.0,False,,False,294,1750692312,0,1130.6,2256.0,65825.0,True
unitedstatesofindia,1liiwou,2025-06,mzceleg,ThatLynx4879,True,3.0,False,,False,134,1750692615,0,2006.2,967.0,1252.0,True
unitedstatesofindia,1liiwou,2025-06,mzcbff3,IntentionCrafty21,True,4.0,False,,False,120,1750691709,0,1196.0,1011.0,2177.0,True
unitedstatesofindia,1liiwou,2025-06,mzc9vw9,Quiet_Twist_8300,True,5.0,True,3.0,False,110,1750691266,0,882.9,18822.0,3553.0,True
unitedstatesofindia,1liiwou,2025-06,mzcg6xp,mridul_op,True,6.0,False,,False,75,1750693068,0,2077.5,2222.0,8528.0,True
unitedstatesofindia,1liiwou,2025-06,mzcbtkc,Eikichi_Onizuka09,True,7.0,False,,False,61,1750691823,0,589.0,612254.0,98170.0,True
unitedstatesofindia,1liiwou,2025-06,mzcg02a,Moonsolid,True,8.0,False,,False,45,1750693013,0,1011.6,1990.0,9420.0,True
unitedstatesofindia,1liiwou,2025-06,mzch4sn,AxiosAjax,True,9.0,False,,False,33,1750693331,0,2742.6,106.0,2143.0,True
unitedstatesofindia,1liiwou,2025-06,mzcbbfa,Apsarak,True,10.0,True,5.0,False,28,1750691677,0,2950.2,607.0,2768.0,True
unitedstatesofindia,1liiwou,2025-06,mzc91wt,frizene26,False,,True,1.0,True,23,1750691026,0,2370.0,139710.0,177058.0,True
unitedstatesofindia,1liiwou,2025-06,mzcbaz1,Aggravating-Town1959,False,,True,4.0,False,17,1750691673,0,,,,
unitedstatesofindia,1lfd70y,2025-06,myn8n3c,Ok-Goose6242,True,1.0,True,3.0,False,623,1750346316,0,807.4,61981.0,33338.0,True
unitedstatesofindia,1lfd70y,2025-06,myn8kxn,berlincomedy,True,2.0,True,2.0,False,414,1750346297,0,,,,
unitedstatesofindia,1lfd70y,2025-06,myn7uli,Sensitive-Raspberry5,True,3.0,True,1.0,False,292,1750346084,0,,,,
unitedstatesofindia,1lfd70y,2025-06,myn95m6,kro9ik,True,4.0,False,,False,104,1750346467,0,3440.5,28.0,16102.0,True
unitedstatesofindia,1lfd70y,2025-06,myn9qio,s-theta,True,5.0,False,,False,65,1750346637,0,1057.3,956.0,13454.0,True
unitedstatesofindia,1lfd70y,2025-06,mynaalk,AllIsEvanescent,True,6.0,False,,False,52,1750346799,0,848.4,7380.0,59582.0,True
unitedstatesofindia,1lfd70y,2025-06,myn91fu,itsVinay,True,7.0,True,4.0,False,43,1750346433,0,3022.9,97016.0,71663.0,True
unitedstatesofindia,1lfd70y,2025-06,mynf09t,Ggdk123,True,8.0,False,,False,39,1750348152,0,2912.9,22.0,5310.0,True
unitedstatesofindia,1lfd70y,2025-06,myn92p1,bakedmishtidoi,True,9.0,True,5.0,False,28,1750346444,0,591.9,1992.0,12343.0,True
unitedstatesofindia,1lfd70y,2025-06,myng8n3,Lanky_Humor_2432,True,10.0,False,,False,13,1750348508,0,,,,
unitedstatesofindia,1lmdg47,2025-06,n06rh9g,JesusRao,True,1.0,True,3.0,False,425,1751083648,0,,,,
unitedstatesofindia,1lmdg47,2025-06,n06un6z,Mayankcfc_,True,2.0,False,,False,139,1751085143,0,1570.3,2494.0,41514.0,True
unitedstatesofindia,1lmdg47,2025-06,n06qv6a,AncientDevice2,True,3.0,True,1.0,False,120,1751083371,0,2213.5,2.0,368.0,True
unitedstatesofindia,1lmdg47,2025-06,n06sbmj,PhilosophyDapper167,True,4.0,True,5.0,False,62,1751084035,0,354.1,1.0,58.0,True
unitedstatesofindia,1lmdg47,2025-06,n06sayk,insanebabydoll,True,5.0,True,4.0,False,59,1751084027,0,,,,
unitedstatesofindia,1lmdg47,2025-06,n06xckb,PhantomOfTheNopera,True,7.0,False,,False,46,1751086462,0,2113.4,20880.0,530037.0,True
unitedstatesofindia,1lmdg47,2025-06,n06r47f,shady2318,True,6.0,True,2.0,False,49,1751083485,0,3018.4,3239.0,30307.0,True
unitedstatesofindia,1lmdg47,2025-06,n06ufhk,Poweratplay,True,8.0,False,,False,35,1751085039,0,543.9,2978.0,2260.0,True
unitedstatesofindia,1lmdg47,2025-06,n071jx7,JayeshBodke,True,9.0,False,,False,23,1751088617,0,540.1,8129.0,2757.0,True
unitedstatesofindia,1lmdg47,2025-06,n07fx11,itsVinay,True,10.0,False,,False,12,1751096389,0,3022.9,97016.0,71663.0,True
unitedstatesofindia,1l85lro,2025-06,mx2bn8q,Afraid_Investment690,True,1.0,True,4.0,False,287,1749580942,0,1598.7,473.0,15682.0,True
unitedstatesofindia,1l85lro,2025-06,mx25tuf,AlternativeProduct41,True,2.0,True,1.0,False,238,1749579299,0,1588.9,3218.0,29536.0,True
unitedstatesofindia,1l85lro,2025-06,mx26bb6,ThickSwim5370,True,3.0,True,2.0,True,226,1749579434,0,1371.9,106140.0,14300.0,True
unitedstatesofindia,1l85lro,2025-06,mx2bvkb,Embarrassed_Key_72,True,4.0,True,5.0,False,120,1749581009,0,862.6,715.0,8028.0,True
unitedstatesofindia,1l85lro,2025-06,mx2g4vy,turtledoveangel_3,True,5.0,False,,False,92,1749582214,0,1423.9,1731.0,15301.0,True
unitedstatesofindia,1l85lro,2025-06,mx2agqd,Same_Connection_3683,True,6.0,True,3.0,False,34,1749580608,0,970.0,89.0,1266.0,True
unitedstatesofindia,1l85lro,2025-06,mx2m3si,Witty_Active,True,7.0,False,,False,31,1749583923,0,1862.7,4717.0,33813.0,True
unitedstatesofindia,1l85lro,2025-06,mx33yrl,octotendrilpuppet,True,8.0,False,,False,26,1749588955,0,1849.6,959.0,19131.0,True
unitedstatesofindia,1l85lro,2025-06,mx2w6cj,flreddit12,True,10.0,False,,False,18,1749586777,0,856.9,2.0,12588.0,True
unitedstatesofindia,1l85lro,2025-06,mx3t7il,bunny_in_the_burrow,True,9.0,False,,False,20,1749596838,0,2141.2,205.0,5298.0,True
unitedstatesofindia,1lh0ltz,2025-06,mz0ch1a,JesusRao,True,1.0,True,1.0,False,432,1750523714,0,,,,
unitedstatesofindia,1lh0ltz,2025-06,mz0wtch,gyan_gaurav,True,2.0,True,3.0,False,235,1750530060,0,1637.4,1647.0,990.0,True
unitedstatesofindia,1lh0ltz,2025-06,mz0thfh,BurningCharcoal,True,3.0,True,2.0,False,33,1750528999,0,4517.5,4588.0,48132.0,True
unitedstatesofindia,1lh0ltz,2025-06,mz3vmmc,liminellie,True,4.0,False,,False,13,1750569943,0,,,,
unitedstatesofindia,1lh0ltz,2025-06,mz48owi,polytonous_man,True,5.0,False,,False,11,1750577160,0,2626.6,6921.0,9254.0,True
unitedstatesofindia,1lh0ltz,2025-06,mz3z7wr,Specialist-Gas8277,True,7.0,False,,False,5,1750571839,0,,,,
unitedstatesofindia,1lh0ltz,2025-06,mz4cztp,NormalStaff3602,True,6.0,False,,False,6,1750579721,0,1938.7,1162.0,22709.0,True
unitedstatesofindia,1lh0ltz,2025-06,mz3lj34,Amoxy-clav,True,8.0,True,5.0,False,3,1750565079,0,463.6,494.0,1741.0,False
unitedstatesofindia,1lh0ltz,2025-06,mz4cguz,DinDelhi,True,9.0,False,,False,1,1750579412,0,,,,
unitedstatesofindia,1lh0ltz,2025-06,mz5w45v,RealMadrid_Arsenal,True,10.0,False,,False,0,1750604732,0,3009.6,16.0,323.0,True
unitedstatesofindia,1lh0ltz,2025-06,mz0z6eh,fk_everything,False,,True,4.0,False,-8,1750530822,0,,,,
IndianStreetBets,1lecqw3,2025-06,myf7rjf,dellamore_dellamorte,True,1.0,False,,False,1187,1750241164,0,2344.8,1573.0,3052.0,True
IndianStreetBets,1lecqw3,2025-06,myf7yvt,r8han,True,2.0,False,,False,655,1750241275,0,3667.2,940.0,1664.0,True
IndianStreetBets,1lecqw3,2025-06,myf4arp,Flaky-Interaction629,True,3.0,True,1.0,False,435,1750239231,0,755.5,17.0,3564.0,True
IndianStreetBets,1lecqw3,2025-06,myf4of3,Fantastic_Form3607,True,4.0,True,2.0,False,138,1750239450,0,1781.7,3213.0,154836.0,True
IndianStreetBets,1lecqw3,2025-06,myf4sn8,Routine-Ambition-816,True,5.0,True,4.0,False,115,1750239520,0,,,,
IndianStreetBets,1lecqw3,2025-06,myf5639,69creamery,True,7.0,True,5.0,False,75,1750239733,0,1616.2,347.0,1008.0,False
IndianStreetBets,1lecqw3,2025-06,myf7hv0,memebanao007,True,6.0,False,,False,77,1750241018,0,1269.5,68.0,6595.0,False
IndianStreetBets,1lecqw3,2025-06,myf66dc,rmk_1808,True,9.0,False,,False,27,1750240295,0,2085.3,31010.0,86559.0,True
IndianStreetBets,1lecqw3,2025-06,myf4r25,Lullan_senpai,True,8.0,True,3.0,False,28,1750239493,0,1958.2,50.0,30059.0,True
IndianStreetBets,1lecqw3,2025-06,myf5rms,darthwader42,True,10.0,False,,False,22,1750240069,0,1382.4,36.0,3292.0,True
IndianStreetBets,1lb52dl,2025-06,mxpwvky,jyadatez,True,1.0,True,4.0,False,261,1749897181,0,1038.9,7559.0,22347.0,True
IndianStreetBets,1lb52dl,2025-06,mxpw3bf,syncline_tg,True,2.0,True,3.0,False,119,1749896734,0,,,,
IndianStreetBets,1lb52dl,2025-06,mxpy82h,im_starkastic,True,3.0,True,5.0,False,43,1749897927,0,2118.6,44129.0,27782.0,True
IndianStreetBets,1lb52dl,2025-06,mxpz4jc,bradhri,True,4.0,False,,False,19,1749898410,0,1259.9,13475.0,5156.0,True
IndianStreetBets,1lb52dl,2025-06,mxq7wh2,Kal-se-Pakka,True,5.0,False,,False,18,1749902589,0,,,,
IndianStreetBets,1lb52dl,2025-06,mxpunmm,Jassi6248,True,6.0,True,1.0,False,11,1749895898,0,1495.8,19.0,1496.0,True
IndianStreetBets,1lb52dl,2025-06,mxr632z,Firm-Writing2768,True,7.0,False,,False,9,1749914851,0,,,,
IndianStreetBets,1lb52dl,2025-06,mxq5duv,Prestigious_Pea_3219,True,8.0,False,,False,6,1749901469,0,,,,
IndianStreetBets,1lb52dl,2025-06,mxrye57,One-Imagination-3098,True,9.0,False,,False,6,1749923564,0,792.0,253.0,1041.0,True
IndianStreetBets,1lb52dl,2025-06,mxpvzab,C_FalcoOn,True,10.0,True,2.0,False,4,1749896669,0,2115.2,7.0,72.0,True
IndianStreetBets,1l7v0hc,2025-06,mwzps5c,ismyaltaccount,True,1.0,True,2.0,False,475,1749551011,0,1517.3,682.0,54884.0,True
IndianStreetBets,1l7v0hc,2025-06,mwzpy05,Hrit33,True,2.0,True,3.0,False,118,1749551095,0,2905.7,7258.0,142005.0,True
IndianStreetBets,1l7v0hc,2025-06,mwztw0m,Curious-Monitor-6951,True,4.0,False,,False,112,1749553019,0,,,,
IndianStreetBets,1l7v0hc,2025-06,mwzsfnq,champaklali,True,3.0,True,4.0,False,113,1749552335,0,1489.2,160.0,4674.0,True
IndianStreetBets,1l7v0hc,2025-06,mwzumbh,productinprogress,True,5.0,False,,False,50,1749553351,0,2335.1,206.0,298.0,True
IndianStreetBets,1l7v0hc,2025-06,mwztiv5,Aromatic_Net9754,True,6.0,False,,False,47,1749552850,0,538.0,469.0,1597.0,True
IndianStreetBets,1l7v0hc,2025-06,mx1l8u0,Critical_Prompt_1529,True,7.0,False,,False,22,1749573652,0,927.6,3.0,11940.0,True
IndianStreetBets,1l7v0hc,2025-06,mwztgg9,arvi_1301,True,8.0,False,,False,18,1749552820,0,678.9,1771.0,1566.0,True
IndianStreetBets,1l7v0hc,2025-06,mwzpiuc,jyadatez,True,9.0,True,1.0,False,17,1749550877,0,1038.9,7559.0,22347.0,True
IndianStreetBets,1l7v0hc,2025-06,mx04mu6,Dull-Importance6801,True,10.0,False,,False,9,1749557556,0,,,,
IndianStreetBets,1l7v0hc,2025-06,mwzt1kj,Kal-se-Pakka,False,,True,5.0,False,3,1749552627,0,,,,
IndianStreetBets,1lhpc4a,2025-06,mz5r66b,BaseballAny5716,True,1.0,True,2.0,False,661,1750603182,0,,,,
IndianStreetBets,1lhpc4a,2025-06,mz5uc9u,wohmm,True,2.0,True,5.0,False,510,1750604183,0,1396.7,6477.0,6994.0,True
IndianStreetBets,1lhpc4a,2025-06,mz5r0ib,AdNational1490,True,3.0,True,1.0,False,198,1750603132,0,1989.1,1376.0,119788.0,True
IndianStreetBets,1lhpc4a,2025-06,mz5z02a,RedditAppSuxBallz,True,4.0,False,,False,82,1750605626,0,1067.1,1584.0,5243.0,True
IndianStreetBets,1lhpc4a,2025-06,mz5t7ov,Leather_Trick8751,True,5.0,True,3.0,False,27,1750603830,0,1588.7,22846.0,25597.0,True
IndianStreetBets,1lhpc4a,2025-06,mz5tgce,nitroninja9,True,6.0,True,4.0,False,18,1750603905,0,618.7,1.0,1444.0,True
IndianStreetBets,1lhpc4a,2025-06,mz5xc81,looped10,True,7.0,False,,False,11,1750605113,0,1605.9,11422.0,37778.0,True
IndianStreetBets,1lhpc4a,2025-06,mz677ll,Rare_Arm_5975,True,8.0,False,,False,7,1750608148,0,835.9,10.0,5488.0,True
IndianStreetBets,1lhpc4a,2025-06,mz61kvu,ghost_senpai_69,True,9.0,False,,False,3,1750606421,0,1607.3,1222.0,801.0,True
IndianStreetBets,1lhpc4a,2025-06,mz5vg0e,ready_to_fuck_yeahh,True,10.0,False,,False,3,1750604525,0,1004.2,541.0,2289.0,True
IndianStreetBets,1lb41ky,2025-06,mxpmue2,BionicWanderer2506,True,1.0,True,1.0,False,571,1749891160,0,1406.9,1709.0,49212.0,True
IndianStreetBets,1lb41ky,2025-06,mxpo254,Green-Associate5279,True,2.0,False,,False,418,1749891899,0,1889.9,380.0,2988.0,True
IndianStreetBets,1lb41ky,2025-06,mxpnamf,Kumar908,True,3.0,True,2.0,False,84,1749891429,0,2929.2,196.0,2598.0,True
IndianStreetBets,1lb41ky,2025-06,mxpodf9,Certain_Bridge9574,True,4.0,False,,False,70,1749892090,0,1648.9,8868.0,9642.0,True
IndianStreetBets,1lb41ky,2025-06,mxpnqsw,IamHellgod07,True,5.0,False,,False,63,1749891704,0,3065.7,297.0,25131.0,True
IndianStreetBets,1lb41ky,2025-06,mxpnqx8,nav_reddevil,True,6.0,False,,False,55,1749891706,0,2402.3,709.0,10244.0,True
IndianStreetBets,1lb41ky,2025-06,mxpnlo5,inGenium_88,True,7.0,True,5.0,False,49,1749891617,0,1954.8,2396.0,42996.0,True
IndianStreetBets,1lb41ky,2025-06,mxpnl5f,treatWithKindness,True,8.0,True,4.0,False,46,1749891608,0,1939.2,501.0,15013.0,True
IndianStreetBets,1lb41ky,2025-06,mxpnygu,omtrader33,True,9.0,False,,False,35,1749891837,0,502.0,182.0,502.0,True
IndianStreetBets,1lb41ky,2025-06,mxppwvq,00904onliacco,True,10.0,False,,False,31,1749893042,0,763.9,95.0,2074.0,False
IndianStreetBets,1lb41ky,2025-06,mxpnccs,Such-Emu-1455,False,,True,3.0,False,11,1749891459,0,1847.2,959.0,28733.0,True
IndianStreetBets,1ln8b4d,2025-06,n0dcxer,wohi_raj,True,1.0,True,1.0,False,175,1751180512,0,1285.9,582.0,18488.0,True
IndianStreetBets,1ln8b4d,2025-06,n0dd344,im_starkastic,True,2.0,True,3.0,True,119,1751180604,0,2118.6,44129.0,27782.0,True
IndianStreetBets,1ln8b4d,2025-06,n0dczv0,testing_thi,True,3.0,True,2.0,False,119,1751180552,0,736.0,203.0,1231.0,True
IndianStreetBets,1ln8b4d,2025-06,n0dek5y,green9206,True,4.0,False,,False,28,1751181459,0,4078.1,13162.0,144390.0,True
IndianStreetBets,1ln8b4d,2025-06,n0dddqw,Potential_Honey_3615,True,5.0,True,4.0,False,18,1751180771,0,939.8,2.0,19656.0,True
IndianStreetBets,1ln8b4d,2025-06,n0degfv,JumpyStretch9312,True,6.0,False,,False,9,1751181397,0,1576.7,463.0,6544.0,True
IndianStreetBets,1ln8b4d,2025-06,n0ddelg,NtelligentHrex,True,7.0,True,5.0,False,7,1751180784,0,475.3,46.0,197.0,True
IndianStreetBets,1ln8b4d,2025-06,n0ddww5,Beginning_Turnip8716,True,8.0,False,,False,7,1751181080,0,1329.1,3456.0,28347.0,True
IndianStreetBets,1ln8b4d,2025-06,n0dgwgx,PrestigiousWish105,True,9.0,False,,False,7,1751182864,0,944.0,68.0,17624.0,True
IndianStreetBets,1ln8b4d,2025-06,n0de1mp,NeedBackupNow,True,10.0,False,,False,6,1751181157,0,2073.5,117.0,4077.0,True
IndianStreetBets,1lo3jwy,2025-06,n0jw66a,Major_Garden_8719,True,1.0,True,1.0,False,95,1751277895,0,359.3,2365.0,408.0,True
IndianStreetBets,1lo3jwy,2025-06,n0k143v,NoiceAndToitt,True,2.0,True,3.0,False,58,1751280592,0,1950.8,5735.0,30760.0,True
IndianStreetBets,1lo3jwy,2025-06,n0k4yc8,Primary-Editor-9288,True,3.0,False,,False,53,1751282465,0,2086.0,6966.0,20110.0,True
IndianStreetBets,1lo3jwy,2025-06,n0jxea2,tttttzz,True,4.0,True,2.0,False,27,1751278591,0,,,,
IndianStreetBets,1lo3jwy,2025-06,n0k31sa,Professor_Moraiarkar,True,5.0,True,5.0,False,10,1751281550,0,741.2,50111.0,58333.0,True
IndianStreetBets,1lo3jwy,2025-06,n0kk7g6,Anmolsharma999,True,6.0,False,,False,6,1751288678,0,2272.9,4676.0,14226.0,True
IndianStreetBets,1lo3jwy,2025-06,n0k4agz,Wind-Ancient,True,7.0,False,,False,3,1751282152,0,2004.0,152.0,16120.0,True
IndianStreetBets,1lo3jwy,2025-06,n0lg65s,Any-Analysis-9189,True,8.0,False,,False,3,1751298567,0,1576.9,86605.0,8919.0,True
IndianStreetBets,1lo3jwy,2025-06,n0oa0y8,SuperiorMove37,True,9.0,False,,False,2,1751329023,0,,,,
IndianStreetBets,1lo3jwy,2025-06,n0kepcm,South-Bear-2792,True,10.0,False,,False,1,1751286625,0,560.5,1.0,4978.0,True
IndianStreetBets,1lo3jwy,2025-06,n0k1ed5,Scared-Celebration66,False,,True,4.0,False,0,1751280733,0,1192.6,238.0,1216.0,True
IndianStreetBets,1l5evr7,2025-06,mwgf0vr,ThinkingIndian,True,1.0,True,2.0,False,420,1749282064,0,4075.7,982.0,8312.0,True
IndianStreetBets,1l5evr7,2025-06,mwgdos6,hitsham96,True,2.0,True,1.0,False,121,1749281255,0,2119.7,1893.0,44862.0,True
IndianStreetBets,1l5evr7,2025-06,mwgg4s8,adiboyxyz,True,3.0,True,4.0,False,89,1749282733,0,1717.1,9952.0,65056.0,True
IndianStreetBets,1l5evr7,2025-06,mwgfy9i,fools_eye,True,4.0,True,3.0,False,52,1749282624,0,3601.8,3855.0,132321.0,True
IndianStreetBets,1l5evr7,2025-06,mwginon,negiajay,True,5.0,False,,False,34,1749284263,0,,,,
IndianStreetBets,1l5evr7,2025-06,mwh5q7u,The_wise_guy108,True,6.0,False,,False,25,1749297414,0,1819.2,441.0,288.0,True
IndianStreetBets,1l5evr7,2025-06,mwggkcb,StayingUp4AFeeling,True,7.0,True,5.0,False,23,1749282990,0,1004.9,3312.0,90148.0,True
IndianStreetBets,1l5evr7,2025-06,mwghtyh,jyadatez,True,8.0,False,,False,23,1749283753,0,1038.9,7559.0,22347.0,True
IndianStreetBets,1l5evr7,2025-06,mwgidlz,bapeepab,True,9.0,False,,False,7,1749284089,0,2091.3,1606.0,7427.0,True
IndianStreetBets,1lfzv1s,2025-06,myscxzf,sc1onic,True,1.0,True,5.0,False,159,1750414890,0,3420.3,12819.0,142393.0,True
IndianStreetBets,1lfzv1s,2025-06,myscvua,UnicornWithTits,True,2.0,True,4.0,False,143,1750414858,0,2425.4,11879.0,50471.0,True
IndianStreetBets,1lfzv1s,2025-06,mysarcy,ageingleaderit,True,3.0,True,2.0,False,134,1750413715,0,1395.1,697.0,1606.0,True
IndianStreetBets,1lfzv1s,2025-06,mys9ovt,Kaam4,True,4.0,True,1.0,False,85,1750413131,0,680.9,5944.0,115428.0,False
IndianStreetBets,1lfzv1s,2025-06,mysczxj,SabAccountBanKarDiye,True,5.0,False,,False,22,1750414920,0,1172.0,12428.0,49633.0,True
IndianStreetBets,1lfzv1s,2025-06,mysdkr3,aryan_420,True,6.0,False,,False,20,1750415226,0,2961.4,9255.0,3955.0,True
IndianStreetBets,1lfzv1s,2025-06,myshhar,Longjumping-March-80,True,8.0,False,,False,17,1750417166,0,1890.9,1565.0,13165.0,True
IndianStreetBets,1lfzv1s,2025-06,mysmjq5,Swimming_Scene_4135,True,7.0,False,,False,18,1750419457,0,,,,
IndianStreetBets,1lfzv1s,2025-06,myscnih,ismyaltaccount,True,9.0,True,3.0,False,11,1750414735,0,1517.3,682.0,54884.0,True
IndianStreetBets,1lfzv1s,2025-06,myseiqt,ConfidentOven3543,True,10.0,False,,False,10,1750415716,0,1997.1,1834.0,49.0,True
IndianStreetBets,1lk15oy,2025-06,mzo3q1n,phoenix_1997,True,1.0,True,1.0,False,29,1750844462,0,2710.6,10881.0,10136.0,True
IndianStreetBets,1lk15oy,2025-06,mzo5ukr,TheBufferMaster,True,2.0,True,4.0,False,21,1750845641,0,2556.7,126.0,10203.0,True
IndianStreetBets,1lk15oy,2025-06,mzo5hyi,krish777_yadav,True,3.0,True,2.0,False,7,1750845449,0,2211.3,72.0,156.0,True
IndianStreetBets,1lk15oy,2025-06,mzodmfx,zaky_vfx,True,4.0,False,,False,2,1750849590,0,,,,
IndianStreetBets,1lk15oy,2025-06,mzpb5n5,Hagar_Ak,True,5.0,False,,False,2,1750861602,0,2557.4,2728.0,9544.0,True
IndianStreetBets,1lk15oy,2025-06,mzvdelr,schaznightwalker,True,6.0,False,,False,2,1750940703,0,2065.8,18689.0,20432.0,True
IndianStreetBets,1lk15oy,2025-06,n077nz5,asamaajik,True,7.0,False,,False,1,1751091810,0,2132.1,452.0,517.0,True
IndianStreetBets,1lk15oy,2025-06,n077pfh,asamaajik,True,8.0,False,,False,1,1751091831,0,2132.1,452.0,517.0,True
IndianStreetBets,1lk15oy,2025-06,mzq9lae,SageSharma,True,9.0,False,,False,0,1750871241,0,584.0,25627.0,53717.0,True
IndianStreetBets,1lk15oy,2025-06,mzrk2na,theeleven1111,True,10.0,False,,False,0,1750884297,0,,,,
IndianStreetBets,1lk15oy,2025-06,mzo5qts,IIlIIIlIIIlI,False,,True,3.0,False,-5,1750845584,0,347.7,1.0,23.0,False
IndianStreetBets,1lk15oy,2025-06,mzo7ikr,Rasagulaenby97,False,,True,5.0,False,-9,1750846547,0,1275.2,3951.0,1490.0,True
JEENEETards,1l9mgfa,2025-06,mxdmi34,BugExotic369,True,1.0,True,1.0,False,829,1749735093,0,391.8,2682.0,26513.0,True
JEENEETards,1l9mgfa,2025-06,mxdnkyt,Entire-Rule3188,True,2.0,True,3.0,False,522,1749735454,0,445.5,1968.0,10111.0,True
JEENEETards,1l9mgfa,2025-06,mxdnlxa,NoPerformance4830,True,3.0,True,4.0,False,507,1749735463,0,1499.6,186.0,106427.0,True
JEENEETards,1l9mgfa,2025-06,mxdqjuw,helpful_human_1,True,4.0,False,,False,321,1749736405,0,1091.5,1079.0,1963.0,True
JEENEETards,1l9mgfa,2025-06,mxdojia,HistorianAdorable405,True,5.0,True,5.0,False,202,1749735764,0,384.6,26728.0,46895.0,False
JEENEETards,1l9mgfa,2025-06,mxdpgfg,Strict-Cover-4172,True,6.0,False,,False,110,1749736058,0,375.2,57.0,3016.0,True
JEENEETards,1l9mgfa,2025-06,mxdomsu,Specialist-Aerie-327,True,7.0,False,,False,75,1749735793,0,913.0,3101.0,4226.0,True
JEENEETards,1l9mgfa,2025-06,mxdmvpv,Keshav_chauhan,True,8.0,True,2.0,False,61,1749735221,0,936.2,5803.0,20183.0,True
JEENEETards,1l9mgfa,2025-06,mxduaad,Rebolt_99,True,9.0,False,,False,47,1749737547,0,1697.9,4694.0,4392.0,True
JEENEETards,1l9mgfa,2025-06,mxdqotl,Sussyimpasta101,True,10.0,False,,False,38,1749736448,0,1202.2,1.0,8749.0,True
JEENEETards,1ljyndx,2025-06,mznlrn0,Kartik-07,True,1.0,True,1.0,False,483,1750833908,0,365.9,118414.0,7646.0,False
JEENEETards,1ljyndx,2025-06,mznm4jl,Desperate_Ebb_8245,True,2.0,True,2.0,False,105,1750834103,0,347.5,1472.0,2290.0,False
JEENEETards,1ljyndx,2025-06,mznmnzn,Inevitable-Use8199,True,3.0,True,4.0,False,45,1750834397,0,1698.3,3896.0,6327.0,True
JEENEETards,1ljyndx,2025-06,mznmmhw,Intelligent_Rush4185,True,5.0,True,3.0,False,8,1750834374,0,,,,
JEENEETards,1ljyndx,2025-06,mzno4mh,IntrnLoop,True,4.0,True,5.0,False,9,1750835207,0,559.1,11570.0,23694.0,True
JEENEETards,1ljyndx,2025-06,mzno89x,Vagaboond_618,True,6.0,False,,False,5,1750835265,0,395.8,431.0,336.0,True
JEENEETards,1ljyndx,2025-06,mznoums,Party-Aside-9712,True,7.0,False,,False,3,1750835620,0,636.1,16.0,7.0,True
JEENEETards,1ljyndx,2025-06,mznqfqt,black_hustler3,True,8.0,False,,False,3,1750836536,0,2037.5,50328.0,9148.0,True
JEENEETards,1ljyndx,2025-06,mznqo49,no-punintended0802,True,9.0,False,,False,2,1750836674,0,387.9,39750.0,13093.0,True
JEENEETards,1ljyndx,2025-06,mznt5s8,Quant_paglu,True,10.0,False,,False,2,1750838172,0,394.8,4185.0,8432.0,False
JEENEETards,1ldfzf0,2025-06,my7xvai,Mongoose_Manor,True,1.0,True,1.0,True,952,1750141529,0,363.0,3885.0,1574.0,True
JEENEETards,1ldfzf0,2025-06,my80aas,Tall_Bowl6870,True,2.0,False,,False,264,1750142896,0,,,,
JEENEETards,1ldfzf0,2025-06,my7yb6j,YGMemes29,True,3.0,True,2.0,False,190,1750141777,0,1588.1,416.0,4935.0,True
JEENEETards,1ldfzf0,2025-06,my80mb5,LossCharacter2777,True,4.0,False,,False,154,1750143079,0,710.2,2.0,1829.0,True
JEENEETards,1ldfzf0,2025-06,my7yhu3,Pure_Soul43,True,5.0,True,3.0,False,73,1750141879,0,367.9,582.0,5574.0,True
JEENEETards,1ldfzf0,2025-06,my80od0,SabAccountBanKarDiye,True,6.0,False,,False,54,1750143111,0,1172.0,12428.0,49633.0,True
JEENEETards,1ldfzf0,2025-06,my853xo,Objective_Floor_6286,True,8.0,False,,False,34,1750145682,0,557.5,554.0,1862.0,False
JEENEETards,1ldfzf0,2025-06,my8698a,muskey_,True,7.0,False,,False,35,1750146383,0,978.0,2186.0,4798.0,True
JEENEETards,1ldfzf0,2025-06,my809gu,Specialist-Aerie-327,True,9.0,True,5.0,False,28,1750142882,0,913.0,3101.0,4226.0,True
JEENEETards,1ldfzf0,2025-06,my81nzx,Low_Conversation_644,True,10.0,False,,False,25,1750143665,0,1322.3,1.0,1477.0,True
JEENEETards,1ldfzf0,2025-06,my800xb,Standard-Intern6575,False,,True,4.0,False,17,1750142748,0,766.7,56.0,11122.0,True
JEENEETards,1l5fqr2,2025-06,mwgibn3,Reflective_Satire,True,1.0,True,1.0,True,662,1749284055,0,387.8,3986.0,1195.0,True
JEENEETards,1l5fqr2,2025-06,mwgixy3,chickenbiriyaniiii,True,2.0,False,,False,274,1749284438,0,,,,
JEENEETards,1l5fqr2,2025-06,mwgiopu,Unfinished_Sandwich,True,3.0,True,3.0,False,225,1749284280,0,,,,
JEENEETards,1l5fqr2,2025-06,mwgkhoa,Usual_Sun_7877,True,4.0,False,,False,215,1749285407,0,486.4,22.0,185.0,False
JEENEETards,1l5fqr2,2025-06,mwgiero,Reflective_Satire,True,5.0,True,2.0,True,178,1749284108,0,387.8,3986.0,1195.0,True
JEENEETards,1l5fqr2,2025-06,mwgk01q,Quiet-Ad-7364,True,6.0,False,,False,56,1749285099,0,,,,
JEENEETards,1l5fqr2,2025-06,mwgiwur,BugExotic369,True,7.0,True,5.0,False,38,1749284419,0,391.8,2682.0,26513.0,True
JEENEETards,1l5fqr2,2025-06,mwgn0nv,Fuzzy-Associate-1447,True,8.0,False,,False,29,1749286970,0,439.7,8.0,57.0,True
JEENEETards,1l5fqr2,2025-06,mwgjmxc,cruelgoofball,True,9.0,False,,False,27,1749284872,0,367.0,581.0,1741.0,True
JEENEETards,1l5fqr2,2025-06,mwgiwih,Fast-Competition8607,True,10.0,True,4.0,False,10,1749284413,0,645.2,631.0,2857.0,True
JEENEETards,1lbdtmy,2025-06,mxrrjar,Pretty_Seat_2951,True,1.0,True,1.0,False,786,1749921504,0,728.8,152.0,3442.0,True
JEENEETards,1lbdtmy,2025-06,mxrthlw,Soggy_Past1539,True,2.0,False,,False,60,1749922089,0,435.4,1.0,179.0,True
JEENEETards,1lbdtmy,2025-06,mxrt6o0,Master-Tomatillo-297,True,3.0,True,3.0,False,24,1749921998,0,1060.5,571.0,23695.0,True
JEENEETards,1lbdtmy,2025-06,mxruzbi,stackfrost,True,4.0,False,,False,24,1749922538,0,1932.0,2495.0,61643.0,True
JEENEETards,1lbdtmy,2025-06,mxs0ubh,WorkingBet9469,True,5.0,False,,False,23,1749924326,0,1064.8,424.0,14672.0,True
JEENEETards,1lbdtmy,2025-06,mxrt737,InternationalRace376,True,6.0,True,4.0,False,15,1749922001,0,658.0,17.0,816.0,False
JEENEETards,1lbdtmy,2025-06,mxrt7bk,StylishSoul414,True,7.0,True,5.0,False,14,1749922003,0,429.0,135.0,1691.0,True
JEENEETards,1lbdtmy,2025-06,mxru4ve,Last-Fun9273,True,8.0,False,,False,13,1749922282,0,1085.3,1.0,2339.0,True
JEENEETards,1lbdtmy,2025-06,mxrt5gj,Ok_Acanthisitta8995,True,9.0,True,2.0,False,12,1749921988,0,358.8,1.0,17.0,True
JEENEETards,1lbdtmy,2025-06,mxs6jbk,believer_677,True,10.0,False,,False,11,1749926141,0,498.8,517.0,1386.0,True
JEENEETards,1ln68hf,2025-06,n0czo1a,Sea-Software-3095,True,1.0,True,2.0,False,392,1751173369,0,,,,
JEENEETards,1ln68hf,2025-06,n0d0nnz,DiamondShine05,True,2.0,True,3.0,False,249,1751173853,0,786.7,30129.0,7574.0,True
JEENEETards,1ln68hf,2025-06,n0cxpev,Practical_Tap_8411,True,3.0,True,1.0,False,91,1751172436,0,840.0,66946.0,25636.0,True
JEENEETards,1ln68hf,2025-06,n0d1t7z,Itchy-Bag9501,True,4.0,True,4.0,False,65,1751174430,0,1342.2,709.0,8118.0,True
JEENEETards,1ln68hf,2025-06,n0def9y,Wannabecool_911,True,5.0,False,,False,12,1751181378,0,,,,
JEENEETards,1ln68hf,2025-06,n0dexlu,TheLonelyGhast,True,6.0,False,,False,10,1751181680,0,1316.0,13272.0,14541.0,True
JEENEETards,1ln68hf,2025-06,n0dvcu5,FatCLutchGod,True,7.0,False,,False,8,1751191712,0,1570.2,554.0,14222.0,True
JEENEETards,1ln68hf,2025-06,n0d9ysb,ThenInitiative8832,True,8.0,True,5.0,False,7,1751178826,0,824.7,250.0,1628.0,True
JEENEETards,1ln68hf,2025-06,n0dmwnd,Master-Tomatillo-297,True,9.0,False,,False,3,1751186533,0,1060.5,571.0,23695.0,True
JEENEETards,1ln68hf,2025-06,n0e53su,ScholarHefty7049,True,10.0,False,,False,3,1751197080,0,932.6,2.0,85.0,True
JEENEETards,1l8pui8,2025-06,mx6jd7i,bombbomb-12,True,1.0,True,1.0,False,814,1749640961,0,538.1,131.0,1771.0,True
JEENEETards,1l8pui8,2025-06,mx6krod,Relatively_Skibyy,True,2.0,True,4.0,False,81,1749641577,0,389.5,63.0,5538.0,True
JEENEETards,1l8pui8,2025-06,mx6kmkr,Sudden-Awareness-551,True,4.0,True,2.0,False,53,1749641514,0,413.8,627.0,6229.0,True
JEENEETards,1l8pui8,2025-06,mx6rygk,Tight-Refuse,True,3.0,False,,False,55,1749644491,0,2001.3,542.0,1059.0,True
JEENEETards,1l8pui8,2025-06,mx6knav,ChairyDemon_,True,5.0,True,3.0,False,42,1749641524,0,637.8,133.0,10841.0,True
JEENEETards,1l8pui8,2025-06,mx6nqhy,Impressive_Carob_839,True,6.0,False,,False,35,1749642828,0,588.2,329.0,21593.0,False
JEENEETards,1l8pui8,2025-06,mx6mbp9,Odd_Breakfast_5839,True,8.0,True,5.0,False,19,1749642247,0,,,,
JEENEETards,1l8pui8,2025-06,mx6ppr5,_I_N_F_I_N_I_T_E__,True,7.0,False,,False,20,1749643625,0,543.4,1795.0,8537.0,True
JEENEETards,1l8pui8,2025-06,mx6r5hv,Technoblade07,True,9.0,False,,False,17,1749644184,0,1433.9,94.0,1046.0,True
JEENEETards,1l8pui8,2025-06,mx75iuu,ILoveTolkiensWorks,True,10.0,False,,False,15,1749649243,0,739.2,30606.0,33055.0,True
JEENEETards,1l6dafg,2025-06,mwnvpge,Ok_Ice_2660,True,1.0,True,3.0,False,461,1749393606,0,876.0,12633.0,10140.0,True
JEENEETards,1l6dafg,2025-06,mwnumt1,Master-Tomatillo-297,True,2.0,True,1.0,False,137,1749393266,0,1060.5,571.0,23695.0,True
JEENEETards,1l6dafg,2025-06,mwnvdi1,hey_lovedays,True,3.0,True,2.0,False,131,1749393500,0,372.3,504.0,1951.0,True
JEENEETards,1l6dafg,2025-06,mwo6usa,NSP999,True,4.0,False,,False,31,1749397062,0,1953.1,13153.0,5266.0,True
JEENEETards,1l6dafg,2025-06,mwnyd0q,Few_Faithlessness176,True,5.0,True,4.0,False,10,1749394438,0,1246.2,551.0,15225.0,True
JEENEETards,1l6dafg,2025-06,mwop82m,Jethalal-Ghada,True,6.0,False,,False,10,1749402677,0,1644.1,4234.0,3988.0,True
JEENEETards,1l6dafg,2025-06,mwnyswc,Humble_Collar3574,True,7.0,True,5.0,False,6,1749394575,0,1610.1,769.0,1167.0,True
JEENEETards,1l85dt0,2025-06,mx23clb,xCONQUERORx,True,1.0,True,2.0,False,247,1749578609,0,1666.0,99.0,984.0,True
JEENEETards,1l85dt0,2025-06,mx28774,Kl-Qaeda-,True,2.0,False,,False,88,1749579964,0,442.1,725.0,3928.0,True
JEENEETards,1l85dt0,2025-06,mx22ojq,According_List_4961,True,3.0,True,1.0,False,22,1749578423,0,,,,
JEENEETards,1l85dt0,2025-06,mx2aqeo,skill_issue05,True,4.0,False,,False,10,1749580684,0,1071.1,321.0,1617.0,True
JEENEETards,1l85dt0,2025-06,mx2821t,Which_Needleworker59,True,5.0,False,,False,8,1749579923,0,2102.0,13113.0,14355.0,True
JEENEETards,1l85dt0,2025-06,mx2fau1,TowelAny6735,True,6.0,False,,False,5,1749581972,0,,,,
JEENEETards,1l85dt0,2025-06,mx23tb8,The_Nightwing_me,True,7.0,True,4.0,False,4,1749578738,0,367.5,105.0,3026.0,True
JEENEETards,1l85dt0,2025-06,mx23noz,Kindly_Department_21,True,8.0,True,3.0,False,3,1749578695,0,1054.0,8.0,805.0,True
JEENEETards,1l85dt0,2025-06,mx24f2d,aarmay13,True,9.0,True,5.0,False,1,1749578905,0,,,,
JEENEETards,1lb41j0,2025-06,mxpmv90,Difficult-Dig7627,True,1.0,True,3.0,True,469,1749891175,0,1728.1,5515.0,6759.0,True
JEENEETards,1lb41j0,2025-06,mxpmboz,Outside_Adagio9264,True,2.0,True,1.0,False,258,1749890845,0,1063.3,1321.0,6669.0,True
JEENEETards,1lb41j0,2025-06,mxpmpvn,Difficult-Dig7627,True,3.0,True,2.0,True,223,1749891085,0,1728.1,5515.0,6759.0,True
JEENEETards,1lb41j0,2025-06,mxpnikh,Numerous_Staff7503,True,4.0,True,4.0,False,144,1749891565,0,861.8,4987.0,4962.0,True
JEENEETards,1lb41j0,2025-06,mxpo04s,Big-Ant-2208,True,5.0,False,,False,103,1749891866,0,511.2,617.0,6637.0,True
JEENEETards,1lb41j0,2025-06,mxpnz0p,Accurate_Welcome3121,True,6.0,False,,False,83,1749891847,0,693.9,222.0,3795.0,True
JEENEETards,1lb41j0,2025-06,mxpqk4c,TejuuuK,True,7.0,False,,False,53,1749893447,0,,,,
JEENEETards,1lb41j0,2025-06,mxpogd4,Outrageous_End4324,True,8.0,False,,False,41,1749892139,0,2041.1,4864.0,14152.0,True
JEENEETards,1lb41j0,2025-06,mxpxgug,Specific_Top9076,True,9.0,False,,False,35,1749897514,0,402.0,186.0,4313.0,True
JEENEETards,1lb41j0,2025-06,mxponuv,Maniac_Chillin123,True,10.0,False,,False,29,1749892267,0,2132.8,2.0,161.0,True
JEENEETards,1lb41j0,2025-06,mxpnjez,CompetitiveHyena5772,False,,True,5.0,False,28,1749891580,0,,,,
ISRO,1ln7pqd,2025-06,n0d9y0w,mratanusarkar,True,1.0,True,1.0,False,16,1751178813,0,2769.6,5726.0,1528.0,True
ISRO,1ln7pqd,2025-06,n0dbkve,desitola,True,2.0,True,2.0,False,5,1751179744,0,4673.7,3646.0,2180.0,True
ISRO,1l5hvmm,2025-06,mwh3o24,Souravius234,True,1.0,True,1.0,False,8,1749296441,0,2628.3,45.0,3732.0,True
ISRO,1l5hvmm,2025-06,mwhevlf,spaceTech4kids,True,2.0,True,2.0,False,2,1749301287,0,957.5,621.0,232.0,True
ISRO,1l5hvmm,2025-06,mwju2rx,WanderingPoet19,True,3.0,True,3.0,False,2,1749329795,0,753.9,61.0,1189.0,True
ISRO,1l5hvmm,2025-06,mwnxmci,Nishant3789,True,4.0,True,4.0,False,2,1749394209,0,3667.3,321.0,15279.0,True
ISRO,1l5hvmm,2025-06,mx7l3g0,Kanjilal-SHAR,True,5.0,True,5.0,False,2,1749653956,0,589.0,1.0,9.0,False
ISRO,1ljgayp,2025-06,mzjjdqp,Reelthusiast,True,1.0,True,1.0,False,9,1750784175,0,883.2,7161.0,4725.0,True
ISRO,1ljgayp,2025-06,mzjkdp9,Ohsin,True,2.0,True,2.0,False,8,1750784449,0,6317.2,136552.0,54412.0,True
ISRO,1ljgayp,2025-06,mzjp2of,handmegun,True,3.0,True,3.0,False,3,1750785718,0,2725.8,22908.0,17044.0,True
ISRO,1ljgayp,2025-06,mzkzg9u,Dev_Paleri,True,4.0,True,4.0,False,2,1750799001,0,2427.1,234.0,29228.0,True
ISRO,1ljgayp,2025-06,odtf5hz,radhekrishno,True,5.0,True,5.0,False,1,1775098850,0,1167.7,1.0,1.0,True
ISRO,1l78cf7,2025-06,mwvab5x,JUYED-AWK-YACC,True,1.0,True,1.0,False,7,1749491134,0,4428.7,330.0,73784.0,True
ISRO,1l78cf7,2025-06,mwyny11,UndocumentedMartian,True,2.0,True,2.0,False,6,1749530245,0,961.0,200.0,55864.0,True
ISRO,1l78cf7,2025-06,mwzuwl8,guru-yoda,True,3.0,True,3.0,False,2,1749553482,0,1713.1,478.0,259.0,True
ISRO,1l78cf7,2025-06,mx0lot2,Symmetry_7,True,4.0,True,4.0,False,1,1749563422,0,890.0,27.0,149.0,True
ISRO,1l78cf7,2025-06,mxwd0de,Decronym,True,5.0,True,5.0,False,1,1749990277,0,3901.8,1.0,138989.0,False
ISRO,1lfze4n,2025-06,mysachq,ProfessionalSkirt589,True,1.0,True,3.0,False,19,1750413490,0,1205.7,294.0,6712.0,True
ISRO,1lfze4n,2025-06,mysajkm,JSA790,True,2.0,True,4.0,False,7,1750413594,0,,,,
ISRO,1lfze4n,2025-06,myslo6l,abyssDweller1700,True,3.0,True,5.0,False,7,1750419077,0,3779.2,25839.0,46338.0,True
ISRO,1lfze4n,2025-06,mys5bzw,Ohsin,True,4.0,True,2.0,True,7,1750410608,0,6317.2,136552.0,54412.0,True
ISRO,1lfze4n,2025-06,myza8ga,ramanhome,True,5.0,False,,False,4,1750510752,0,2810.3,709.0,1113.0,True
ISRO,1lfze4n,2025-06,mytpkc2,toymat,True,6.0,False,,False,3,1750432513,0,2886.8,17.0,66.0,True
ISRO,1lfze4n,2025-06,mytpm97,Remarkable-Rip6923,True,7.0,False,,False,2,1750432529,0,1796.9,190.0,32.0,True
ISRO,1lfze4n,2025-06,mytv7hs,Reelthusiast,True,8.0,False,,False,2,1750434137,0,883.2,7161.0,4725.0,True
ISRO,1lfze4n,2025-06,mys58uc,AmputatorBot,True,9.0,True,1.0,False,1,1750410557,0,2536.8,27.0,684047.0,True
ISRO,1lfze4n,2025-06,mytk15m,Decronym,True,10.0,False,,False,1,1750430916,0,3901.8,1.0,138989.0,False
ISRO,1lel4j2,2025-06,myh5353,Reelthusiast,True,1.0,True,1.0,False,9,1750264759,0,883.2,7161.0,4725.0,True
ISRO,1lel4j2,2025-06,myh5l1b,Ohsin,True,2.0,True,2.0,False,1,1750264901,0,6317.2,136552.0,54412.0,True
ISRO,1l60llx,2025-06,mwllryh,Reelthusiast,True,1.0,True,1.0,False,8,1749353758,0,883.2,7161.0,4725.0,True
ISRO,1la8otb,2025-06,mxj40pc,Tokamakium,True,1.0,True,2.0,False,4,1749804148,0,1728.9,1981.0,2561.0,True
ISRO,1la8otb,2025-06,mxioesq,Ohsin,True,2.0,True,1.0,True,3,1749795049,0,6317.2,136552.0,54412.0,True
ISRO,1la8otb,2025-06,mxm3j2y,Easy-Apartment-1622,True,3.0,True,3.0,False,3,1749841418,0,1287.8,9.0,2.0,True
ISRO,1la8otb,2025-06,mxomsh0,TKO1515,True,4.0,True,4.0,False,2,1749872169,0,2007.4,1818.0,22777.0,True
ISRO,1lej9od,2025-06,mygjl1j,Ohsin,True,1.0,True,1.0,True,13,1750258700,0,6317.2,136552.0,54412.0,True
ISRO,1lej9od,2025-06,mylu7df,zeroansh,True,2.0,True,2.0,False,1,1750327669,0,3036.3,1407.0,488.0,True
ISRO,1lgstf9,2025-06,myyneg0,Ohsin,True,1.0,True,1.0,True,8,1750499473,0,6317.2,136552.0,54412.0,True
ISRO,1lgstf9,2025-06,myzypd1,Reelthusiast,True,2.0,True,2.0,False,6,1750519346,0,883.2,7161.0,4725.0,True
ISRO,1lgstf9,2025-06,mziee0k,barath_s,True,3.0,True,3.0,False,2,1750772370,0,5582.1,56774.0,734314.0,True
UPSC,1l6lwe5,2025-06,mwrq434,AdJumpy4594,True,1.0,False,,False,310,1749438946,0,552.8,205.0,3568.0,True
UPSC,1l6lwe5,2025-06,mwpufjg,Worried_Status_7880,True,2.0,True,4.0,False,234,1749415171,0,630.7,27.0,2252.0,True
UPSC,1l6lwe5,2025-06,mwq03ut,Living_Ad24367,True,3.0,False,,False,210,1749416954,0,861.5,104.0,753.0,True
UPSC,1l6lwe5,2025-06,mwq55go,sakshamb78,True,4.0,False,,False,194,1749418573,0,,,,
UPSC,1l6lwe5,2025-06,mwqxcxm,Tight_Quiet_8515,True,5.0,False,,False,152,1749428296,0,,,,
UPSC,1l6lwe5,2025-06,mwptrj1,No_Raspberry_2067,True,6.0,True,2.0,False,137,1749414964,0,,,,
UPSC,1l6lwe5,2025-06,mwqoube,ElectroZingaa,True,7.0,False,,False,85,1749425256,0,1377.7,453.0,1918.0,True
UPSC,1l6lwe5,2025-06,mwr1wjm,Araj_June,True,8.0,False,,False,53,1749429957,0,,,,
UPSC,1l6lwe5,2025-06,mwrlv10,Vegetable_Prize9064,True,9.0,False,,False,40,1749437247,0,457.1,1.0,42.0,False
UPSC,1l6lwe5,2025-06,mwprq5u,Big-Mix-5783,True,10.0,True,1.0,False,40,1749414334,0,,,,
UPSC,1l6lwe5,2025-06,mwpupwv,psam4884,False,,True,5.0,False,18,1749415262,0,2423.9,21070.0,13847.0,True
UPSC,1l6lwe5,2025-06,mwpts18,risestockk,False,,True,3.0,False,14,1749414968,0,1953.1,211.0,686.0,True
UPSC,1ldelqz,2025-06,my7pc5g,Dangerous-Secretary2,True,1.0,True,1.0,False,274,1750137008,0,2050.2,1259.0,1749.0,True
UPSC,1ldelqz,2025-06,my7rn7o,Willful_Revolution11,True,2.0,False,,False,121,1750138179,0,1219.2,77.0,1800.0,True
UPSC,1ldelqz,2025-06,my7vqx9,Alka_bamhrolia24,True,3.0,False,,False,15,1750140346,0,1050.0,1.0,52.0,True
UPSC,1ldelqz,2025-06,my7qc9h,Agile_Return6723,True,4.0,True,2.0,False,9,1750137513,0,520.1,1298.0,2201.0,True
UPSC,1ldelqz,2025-06,my7rcgh,Big-Mix-5783,True,5.0,True,4.0,False,7,1750138025,0,,,,
UPSC,1ldelqz,2025-06,my7tczm,AlphaEyes578,True,6.0,False,,False,5,1750139075,0,1741.1,62.0,1035.0,True
UPSC,1ldelqz,2025-06,my7uroe,Wise_Reaction_3216,True,7.0,False,,False,4,1750139814,0,1464.0,595.0,525.0,True
UPSC,1ldelqz,2025-06,my7qe4f,Slow_Function_5466,True,8.0,True,3.0,False,3,1750137540,0,569.0,140.0,3452.0,True
UPSC,1ldelqz,2025-06,my7rmof,Sath_vik_18,True,9.0,True,5.0,False,3,1750138171,0,415.3,16.0,18.0,True
UPSC,1ldelqz,2025-06,my7sph3,Appropriate_Hold4220,True,10.0,False,,False,3,1750138733,0,515.0,153.0,350.0,True
UPSC,1l8t0xs,2025-06,mx7cq3b,khooni_papita,True,1.0,True,3.0,False,35,1749651509,0,803.3,1.0,450.0,False
UPSC,1l8t0xs,2025-06,mx7enq7,ahmbrahmasmi,True,3.0,False,,False,21,1749652086,0,2113.2,1397.0,1351.0,True
UPSC,1l8t0xs,2025-06,mx7a66s,FrequentWeakness6900,True,2.0,True,2.0,False,22,1749650726,0,372.9,693.0,1021.0,True
UPSC,1l8t0xs,2025-06,mx7dlsi,WeSupportCommunity,True,4.0,True,4.0,False,14,1749651772,0,420.7,65.0,125.0,True
UPSC,1l8t0xs,2025-06,mx7ismi,Significant_Peak8469,True,5.0,False,,False,14,1749653295,0,603.6,1.0,27.0,True
UPSC,1l8t0xs,2025-06,mx76moe,garpsaan,True,6.0,True,1.0,False,10,1749649604,0,1543.1,1.0,19.0,True
UPSC,1l8t0xs,2025-06,mx7ed8n,Muted_Being_8935,True,7.0,True,5.0,False,8,1749652000,0,819.1,1164.0,698.0,True
UPSC,1l8t0xs,2025-06,mx8kpgx,Fluffy-Revenue5029,True,8.0,False,,False,5,1749664043,0,419.2,17.0,397.0,False
UPSC,1l8t0xs,2025-06,mx7fgbm,Internal_Bumblebee28,True,9.0,False,,False,5,1749652321,0,1703.6,23396.0,1702.0,True
UPSC,1l8ub0s,2025-06,mx7hych,CalzonePocket,True,1.0,True,2.0,False,239,1749653049,0,874.5,1272.0,22553.0,False
UPSC,1l8ub0s,2025-06,mx7s01x,Master212223,True,2.0,False,,False,157,1749655943,0,644.6,12.0,252.0,True
UPSC,1l8ub0s,2025-06,mx7hkvr,Fit-Style5594,True,3.0,True,1.0,False,110,1749652942,0,1298.0,3.0,95.0,True
UPSC,1l8ub0s,2025-06,mx7idtt,IodineLuvUranium,True,4.0,True,3.0,False,30,1749653174,0,1683.6,199.0,547.0,True
UPSC,1l8ub0s,2025-06,mx7ywbs,HermoineGranger96,True,5.0,False,,False,25,1749657918,0,368.2,40.0,69.0,True
UPSC,1l8ub0s,2025-06,mx7ij07,Substantial-Fuel-880,True,6.0,True,4.0,False,22,1749653217,0,2032.1,9.0,94.0,True
UPSC,1l8ub0s,2025-06,mx7iywr,Ok_Elk_3953,True,7.0,True,5.0,False,19,1749653344,0,625.2,206.0,148.0,False
UPSC,1l8ub0s,2025-06,mx7m6fe,ShrekYourGreenButt,True,8.0,False,,False,13,1749654269,0,554.7,1673.0,5316.0,True
UPSC,1l8ub0s,2025-06,mx7mkh2,ManoharBabu,True,9.0,False,,False,10,1749654382,0,2252.6,1.0,8.0,True
UPSC,1l8ub0s,2025-06,mx89t77,Saransh_Diplomate,True,10.0,False,,False,10,1749661036,0,372.9,2.0,62.0,True
UPSC,1ljjccc,2025-06,mzkbh4z,Far-Strawberry-9166,True,1.0,True,1.0,False,42,1750791944,0,1943.8,12578.0,35652.0,True
UPSC,1ljjccc,2025-06,mzkhsb0,pyjamasonfire,True,2.0,True,2.0,False,15,1750793780,0,822.8,94286.0,13761.0,True
UPSC,1ljjccc,2025-06,mzmtx7v,OrdinaryHelicopter2,True,3.0,True,5.0,False,8,1750821054,0,585.8,6888.0,9029.0,True
UPSC,1ljjccc,2025-06,mzmpk4n,Several-Concert-4819,True,4.0,True,4.0,False,6,1750819430,0,354.4,1.0,246.0,True
UPSC,1ljjccc,2025-06,mzo3la9,Krishna_1677,True,5.0,False,,False,1,1750844385,0,526.0,1.0,70.0,True
UPSC,1ljjccc,2025-06,mznyjzy,Rohan_3090,True,6.0,False,,False,0,1750841408,0,528.0,1.0,39.0,True
UPSC,1ljjccc,2025-06,mzo12xm,Equivalent_Pitch3324,True,7.0,False,,False,0,1750842905,0,347.7,1.0,2.0,True
UPSC,1ljjccc,2025-06,mzmu9nc,ViShii019,True,8.0,False,,False,-1,1750821185,0,,,,
UPSC,1ljjccc,2025-06,mzm9gm1,MammothInitiative713,True,9.0,True,3.0,False,-2,1750813891,0,920.9,31.0,63.0,True
UPSC,1lf65sf,2025-06,myls6rj,achabaccha23,True,1.0,True,5.0,False,178,1750326549,0,884.8,2.0,21038.0,True
UPSC,1lf65sf,2025-06,mylolun,GurkiratSingh1,True,3.0,True,2.0,False,90,1750324447,0,2868.1,34440.0,1472.0,True
UPSC,1lf65sf,2025-06,mylsvwl,dolokalelo-650,True,2.0,False,,False,93,1750326938,0,604.8,718.0,5932.0,True
UPSC,1lf65sf,2025-06,mylx9l4,FrostyCampaign4670,True,4.0,False,,False,78,1750329322,0,1486.0,1812.0,13608.0,True
UPSC,1lf65sf,2025-06,mymebge,RepulsiveCockroach60,True,5.0,False,,False,36,1750336686,0,731.7,145.0,114.0,True
UPSC,1lf65sf,2025-06,mylrwqr,InternationalHat5876,True,6.0,True,4.0,False,15,1750326394,0,,,,
UPSC,1lf65sf,2025-06,mylnzbn,Fearless-Sympathy-75,True,7.0,True,1.0,False,11,1750324075,0,443.8,3231.0,5578.0,False
UPSC,1lf65sf,2025-06,mymfld4,arockingvirus3,True,8.0,False,,False,9,1750337149,0,1006.7,1.0,81.0,False
UPSC,1lf65sf,2025-06,mylrj6m,aditya_240,True,9.0,True,3.0,False,4,1750326181,0,1750.0,3272.0,2213.0,True
UPSC,1lf65sf,2025-06,mymh8qs,Aspirant_56,True,10.0,False,,False,4,1750337736,0,915.8,47.0,12.0,True
UPSC,1lh1mlv,2025-06,mz0mtzc,poizonG,True,1.0,True,2.0,False,97,1750526939,0,2124.8,1969.0,2869.0,True
UPSC,1lh1mlv,2025-06,mz0nzdo,sverm03,True,2.0,True,4.0,False,72,1750527294,0,1638.6,121.0,21846.0,True
UPSC,1lh1mlv,2025-06,mz0xrjf,BigBabooll,True,3.0,False,,False,34,1750530368,0,424.8,354.0,4543.0,True
UPSC,1lh1mlv,2025-06,mz0lixr,ZucchiniOk3315,True,4.0,True,1.0,False,29,1750526536,0,,,,
UPSC,1lh1mlv,2025-06,mz0q64j,Trick_Shame4504,True,5.0,False,,False,11,1750527968,0,1056.9,488.0,2679.0,True
UPSC,1lh1mlv,2025-06,mz0nud3,No-Bison690,True,6.0,True,3.0,False,9,1750527250,0,368.7,18.0,31.0,True
UPSC,1lh1mlv,2025-06,mz0q65c,Jay07080,True,7.0,False,,False,8,1750527968,0,1891.3,3209.0,3268.0,True
UPSC,1lh1mlv,2025-06,mz3sltx,Deep_Past9456,True,8.0,False,,False,6,1750568409,0,,,,
UPSC,1lh1mlv,2025-06,mz0tclr,Ancient_Review_4685,True,9.0,False,,False,6,1750528956,0,349.8,1.0,4.0,True
UPSC,1lh1mlv,2025-06,mz0oxv4,BurningCharcoal,True,10.0,True,5.0,False,5,1750527590,0,4517.5,4588.0,48132.0,True
UPSC,1l5kaeg,2025-06,mwhfkr0,Ok-Maintenance2619,True,1.0,True,1.0,False,128,1749301558,0,1867.0,303.0,3881.0,True
UPSC,1l5kaeg,2025-06,mwhjpj9,axwhyzed,True,2.0,True,5.0,False,22,1749303133,0,2109.7,271.0,1488.0,True
UPSC,1l5kaeg,2025-06,mwhfywv,maxsyncronised,True,3.0,True,2.0,False,15,1749301709,0,1050.1,56.0,1127.0,True
UPSC,1l5kaeg,2025-06,mwhp1c0,Ok_Code8464,True,4.0,False,,False,11,1749305044,0,1411.6,16828.0,11998.0,True
UPSC,1l5kaeg,2025-06,mwhkw8g,FewPresentation5603,True,5.0,False,,False,7,1749303567,0,988.0,191.0,5264.0,True
UPSC,1l5kaeg,2025-06,mwi2ns4,Lonely-Paint-6053,True,6.0,False,,False,6,1749309508,0,1430.3,3.0,140.0,True
UPSC,1l5kaeg,2025-06,mwhg6es,Thin_Sugar3717,True,7.0,True,3.0,False,5,1749301789,0,921.0,1356.0,6721.0,True
UPSC,1l5kaeg,2025-06,mwhh4vr,IndianDenzzel,True,8.0,True,4.0,False,4,1749302157,0,1867.5,469.0,3835.0,True
UPSC,1l5kaeg,2025-06,mwhujwj,ArbitraryMeritocracy,True,9.0,False,,False,3,1749306896,0,2501.5,13378.0,46686.0,True
UPSC,1l5kaeg,2025-06,mwhrs95,Important_Jicama_788,True,10.0,False,,False,2,1749305980,0,376.6,149.0,4315.0,True
UPSC,1llxaua,2025-06,n032o96,Sensitive-Round-3627,True,1.0,True,1.0,False,36,1751039796,0,419.1,14.0,183.0,True
UPSC,1llxaua,2025-06,n071ivh,Substantial_Army_828,True,2.0,True,4.0,False,16,1751088603,0,948.7,123.0,87.0,False
UPSC,1llxaua,2025-06,n06bzoy,Calm_Ad2667,True,3.0,True,3.0,False,11,1751077114,0,1532.1,1.0,125.0,True
UPSC,1llxaua,2025-06,n079yin,Socialaid,True,4.0,True,5.0,False,5,1751093045,0,1955.1,1009.0,3228.0,True
UPSC,1llxaua,2025-06,n08l0pp,peachy_peachu,True,5.0,False,,False,4,1751117290,0,560.8,2.0,18.0,True
UPSC,1llxaua,2025-06,n07fwzd,DesperateButterfly58,True,6.0,False,,False,1,1751096388,0,1160.2,27.0,1600.0,True
UPSC,1llxaua,2025-06,n088v3d,CommunicationPlus443,True,7.0,False,,False,1,1751112376,0,1213.8,1.0,2.0,True
UPSC,1llxaua,2025-06,n03c17x,david-lokhandwala,True,8.0,True,2.0,False,-9,1751042441,0,562.7,8.0,135.0,True
UPSC,1lhtvji,2025-06,mz702w7,Fedboy,True,1.0,True,2.0,False,135,1750616807,0,2886.8,4382.0,55260.0,True
UPSC,1lhtvji,2025-06,mz6vv8e,Firm_Persimmon_3234,True,2.0,True,1.0,False,29,1750615523,0,609.1,289.0,360.0,True
UPSC,1lhtvji,2025-06,mz9o13g,CarefreeCFC8,True,3.0,True,5.0,False,27,1750648807,0,2165.0,46.0,2443.0,True
UPSC,1lhtvji,2025-06,mz72omj,earthwaterfireairsky,True,4.0,True,4.0,False,24,1750617611,0,825.6,2161.0,8437.0,True
UPSC,1lhtvji,2025-06,mzad017,Kal_mai_udega,True,5.0,False,,False,13,1750660748,0,1367.9,6560.0,26060.0,True
UPSC,1lhtvji,2025-06,mzaszxi,Kind_Round_7372,True,6.0,False,,False,4,1750670246,0,,,,
UPSC,1lhtvji,2025-06,mzeryq9,anarchohumanitarian,True,7.0,False,,False,2,1750717017,0,2013.3,2515.0,657.0,False
UPSC,1lhtvji,2025-06,mzg261u,the_storm_rider,True,8.0,False,,False,1,1750732854,0,3879.1,373.0,53250.0,True
UPSC,1lhtvji,2025-06,mzgd66c,scjaiswal,True,9.0,False,,False,1,1750737150,0,355.6,1.0,4.0,False
UPSC,1lhtvji,2025-06,mzhh8zd,No_Business7932,True,10.0,False,,False,1,1750758747,0,812.6,17.0,56.0,False
UPSC,1lhtvji,2025-06,mz71p59,Typical-Stable-5898,False,,True,3.0,False,-105,1750617307,0,877.5,1.0,-100.0,True
StartUpIndia,1lk5k80,2025-06,mzp6u12,nitroninja9,True,1.0,True,5.0,False,346,1750860342,0,618.7,1.0,1444.0,True
StartUpIndia,1lk5k80,2025-06,mzpb8qb,iamkira69,True,2.0,False,,False,155,1750861626,0,2078.1,843.0,1349.0,True
StartUpIndia,1lk5k80,2025-06,mzp4zzv,jesse_1406,True,3.0,True,4.0,False,135,1750859786,0,2139.3,58.0,1356.0,True
StartUpIndia,1lk5k80,2025-06,mzp125z,Ok_Pomelo_5033,True,4.0,True,1.0,False,102,1750858536,0,888.9,3862.0,37261.0,True
StartUpIndia,1lk5k80,2025-06,mzp4yde,Adventurous_Yak7901,True,5.0,True,3.0,False,57,1750859773,0,454.7,2.0,68.0,True
StartUpIndia,1lk5k80,2025-06,mzpczcs,sepiosexual,True,6.0,False,,False,12,1750862132,0,1219.7,30604.0,89520.0,True
StartUpIndia,1lk5k80,2025-06,mzp3o1e,dickdastardaddy,True,7.0,True,2.0,False,10,1750859376,0,2130.1,4460.0,44010.0,True
StartUpIndia,1lk5k80,2025-06,mzpw5xl,TheKTMAddict,True,10.0,False,,False,6,1750867518,0,2731.4,4032.0,10410.0,True
StartUpIndia,1lk5k80,2025-06,mzpfooz,Omnipresentphone,True,9.0,False,,False,7,1750862902,0,1954.0,1459.0,10713.0,True
StartUpIndia,1lk5k80,2025-06,mzqbjm9,kaychyakay,True,8.0,False,,False,8,1750871769,0,595.8,243085.0,45255.0,True
StartUpIndia,1l68cz3,2025-06,mwmradt,RB_59,True,1.0,True,2.0,False,442,1749376196,0,3450.9,119.0,9034.0,True
StartUpIndia,1l68cz3,2025-06,mwn8zf8,arjavparikh,True,2.0,False,,False,412,1749385369,0,4048.2,474.0,404.0,True
StartUpIndia,1l68cz3,2025-06,mwmtfya,randomdunk,True,3.0,False,,False,375,1749377477,0,2106.2,1425.0,4772.0,True
StartUpIndia,1l68cz3,2025-06,mwmrde0,Foreign-News5631,True,4.0,True,3.0,False,175,1749376246,0,810.0,635.0,421.0,True
StartUpIndia,1l68cz3,2025-06,mwmsggr,Bendy_River,True,5.0,True,4.0,False,81,1749376896,0,543.0,29.0,2181.0,True
StartUpIndia,1l68cz3,2025-06,mwmqz31,whhhoreo,True,6.0,True,1.0,True,57,1749376014,0,2261.0,5395.0,6137.0,True
StartUpIndia,1l68cz3,2025-06,mwmu8yj,Then-Ad-4446,True,8.0,False,,False,42,1749377953,0,2027.1,457.0,1256.0,True
StartUpIndia,1l68cz3,2025-06,mwmshu7,manwhokneweverything,True,7.0,True,5.0,False,43,1749376917,0,2350.3,1830.0,11953.0,True
StartUpIndia,1l68cz3,2025-06,mwn339f,Key-Interaction7559,True,9.0,False,,False,31,1749382684,0,669.2,15405.0,55714.0,True
StartUpIndia,1l68cz3,2025-06,mwn3mfr,EasyRider_Suraj,True,10.0,False,,False,22,1749382947,0,580.7,15646.0,68254.0,False
StartUpIndia,1llz1lt,2025-06,n03n6lt,IcyNefariousness01,True,1.0,True,3.0,False,326,1751045565,0,418.4,1503.0,3497.0,True
StartUpIndia,1llz1lt,2025-06,n03kbak,centre_punch,True,2.0,True,1.0,False,27,1751044768,0,,,,
StartUpIndia,1llz1lt,2025-06,n03mb7p,Quirwz,True,4.0,True,2.0,False,23,1751045321,0,,,,
StartUpIndia,1llz1lt,2025-06,n03pk7k,WriedGuy,True,3.0,False,,False,25,1751046220,0,1586.1,2365.0,6621.0,True
StartUpIndia,1llz1lt,2025-06,n03orss,FloorAccomplished635,True,5.0,True,5.0,False,16,1751046002,0,2022.9,2553.0,9682.0,False
StartUpIndia,1llz1lt,2025-06,n03nsk4,Embarrassed_Look9200,True,6.0,True,4.0,False,10,1751045732,0,425.0,19946.0,95234.0,True
StartUpIndia,1llz1lt,2025-06,n03skl5,Interesting_Fig_7320,True,7.0,False,,False,5,1751047048,0,1462.8,1.0,1019.0,True
StartUpIndia,1llz1lt,2025-06,n03u4t1,Unhinged_Ice_4201,True,8.0,False,,False,5,1751047487,0,583.3,168.0,3154.0,True
StartUpIndia,1llz1lt,2025-06,n040eby,OldSchoolMausi,True,9.0,False,,False,3,1751049282,0,,,,
StartUpIndia,1llz1lt,2025-06,n04tjrk,wen-dem-sky,True,10.0,False,,False,3,1751057996,0,1618.9,1.0,749.0,True
StartUpIndia,1l8jv5o,2025-06,mx5e9f3,adikul,True,1.0,True,3.0,False,259,1749618245,0,3053.5,70768.0,15532.0,True
StartUpIndia,1l8jv5o,2025-06,mx5dfyg,rabbit-99,True,2.0,True,2.0,False,151,1749617847,0,1580.3,47.0,3168.0,True
StartUpIndia,1l8jv5o,2025-06,mx5gd2y,ttbap,True,3.0,True,5.0,False,49,1749619295,0,1322.2,31.0,2761.0,True
StartUpIndia,1l8jv5o,2025-06,mx5tbi9,NOT_deadsix,True,4.0,False,,False,40,1749626368,0,928.9,315.0,32203.0,True
StartUpIndia,1l8jv5o,2025-06,mx5cxsj,L0rd0fTheRing,True,5.0,True,1.0,False,29,1749617601,0,1906.0,112.0,3791.0,True
StartUpIndia,1l8jv5o,2025-06,mx5h7f8,Embarrassed_Look9200,True,6.0,False,,False,22,1749619728,0,425.0,19946.0,95234.0,True
StartUpIndia,1l8jv5o,2025-06,mx5j1s4,CupcakeUnfair4963,True,7.0,False,,False,10,1749620688,0,445.1,2126.0,8779.0,True
StartUpIndia,1l8jv5o,2025-06,mx5lqti,baloo_southernkaradi,True,8.0,False,,False,7,1749622118,0,415.2,377.0,284.0,True
StartUpIndia,1l8jv5o,2025-06,mx5x3jd,candle_misuser,True,9.0,False,,False,6,1749628643,0,584.6,18192.0,9348.0,True
StartUpIndia,1l8jv5o,2025-06,mx5lf8i,BalanceIcy1938,True,10.0,False,,False,3,1749621946,0,1967.7,785.0,10760.0,True
StartUpIndia,1l8jv5o,2025-06,mx5elx3,the_melancholic,False,,True,4.0,False,2,1749618416,0,,,,
StartUpIndia,1ljzvqe,2025-06,mznupvq,coco_0077,True,1.0,True,1.0,False,181,1750839092,0,,,,
StartUpIndia,1ljzvqe,2025-06,mznurby,gitstatus,True,2.0,True,2.0,False,75,1750839116,0,2830.0,3708.0,2944.0,True
StartUpIndia,1ljzvqe,2025-06,mznz1pb,wrap_drive,True,3.0,True,5.0,False,61,1750841694,0,495.0,146.0,1521.0,True
StartUpIndia,1ljzvqe,2025-06,mznvp6w,MousseProud9172,True,4.0,True,4.0,False,35,1750839674,0,1248.2,132.0,3799.0,True
StartUpIndia,1ljzvqe,2025-06,mznux9x,Appropriate-Bug-755,True,6.0,True,3.0,False,2,1750839213,0,763.1,673.0,15458.0,True
StartUpIndia,1ljzvqe,2025-06,mzoa8ll,Nightfury78,True,5.0,False,,False,3,1750847960,0,3996.9,6448.0,36456.0,True
StartUpIndia,1ljzvqe,2025-06,mzua6ih,EvilxBunny,True,7.0,False,,False,2,1750920451,0,2158.7,7170.0,118777.0,True
StartUpIndia,1ljzvqe,2025-06,mzo5221,Born-Temporary9170,True,8.0,False,,False,1,1750845208,0,1139.2,4.0,-1.0,True
StartUpIndia,1ljzvqe,2025-06,mzp2m7c,Momo_licious,True,9.0,False,,False,1,1750859044,0,2245.2,15641.0,16321.0,True
StartUpIndia,1ljzvqe,2025-06,mzr72gp,__darknred,True,10.0,False,,False,1,1750880605,0,522.6,1.0,410.0,True
StartUpIndia,1libhzx,2025-06,mzaq7tm,sdjnd,True,1.0,True,1.0,False,255,1750668569,0,2254.0,121.0,6124.0,True
StartUpIndia,1libhzx,2025-06,mzati2q,Morningdew-,True,2.0,False,,False,159,1750670547,0,945.6,1255.0,4796.0,False
StartUpIndia,1libhzx,2025-06,mzarqml,SteadyInventor,True,3.0,True,4.0,False,82,1750669481,0,716.1,528.0,989.0,True
StartUpIndia,1libhzx,2025-06,mzarafg,nastypasty00,True,4.0,True,3.0,False,56,1750669208,0,2566.7,1.0,4464.0,True
StartUpIndia,1libhzx,2025-06,mzas9me,iKR8,True,5.0,True,5.0,False,52,1750669806,0,1221.1,21608.0,74756.0,True
StartUpIndia,1libhzx,2025-06,mzasf9f,Key-Interaction7559,True,7.0,False,,False,42,1750669901,0,669.2,15405.0,55714.0,True
StartUpIndia,1libhzx,2025-06,mzayqlh,Quirwz,True,6.0,False,,False,44,1750673562,0,,,,
StartUpIndia,1libhzx,2025-06,mzaqma7,Psychological-Buy236,True,8.0,True,2.0,False,28,1750668805,0,1994.9,1.0,8131.0,True
StartUpIndia,1libhzx,2025-06,mzau8ec,ProgrammerOk2488,True,9.0,False,,False,27,1750670985,0,,,,
StartUpIndia,1libhzx,2025-06,mzb9vls,kaladin_stormchest,True,10.0,False,,False,22,1750679022,0,707.7,5.0,86408.0,True
StartUpIndia,1lil408,2025-06,mzcrl7h,JewelMonarch,True,1.0,True,1.0,False,404,1750696279,0,394.3,1759.0,6016.0,True
StartUpIndia,1lil408,2025-06,mzcvbpr,awaishssn,True,2.0,True,5.0,False,204,1750697335,0,3678.3,64.0,71016.0,True
StartUpIndia,1lil408,2025-06,mzctcbg,Hour_Appearance_9754,True,3.0,True,2.0,False,80,1750696778,0,884.7,248.0,4883.0,True
StartUpIndia,1lil408,2025-06,mzctqwb,Key-Interaction7559,True,4.0,True,3.0,False,77,1750696892,0,669.2,15405.0,55714.0,True
StartUpIndia,1lil408,2025-06,mzcwn5n,jethalal6368,True,5.0,False,,False,59,1750697701,0,1098.0,1149.0,4830.0,False
StartUpIndia,1lil408,2025-06,mzcuh7c,Pora-Pandhi,True,6.0,True,4.0,False,40,1750697097,0,385.5,375.0,19118.0,True
StartUpIndia,1lil408,2025-06,mzd5u49,Ok_Home_3247,True,7.0,False,,False,30,1750700184,0,1308.5,49.0,1538.0,True
StartUpIndia,1lil408,2025-06,mzdk082,Quirwz,True,8.0,False,,False,17,1750704126,0,,,,
StartUpIndia,1lil408,2025-06,mzg2j8o,Junior_Ganache_9553,True,9.0,False,,False,15,1750732986,0,2106.4,1.0,39.0,True
StartUpIndia,1lil408,2025-06,mzehg0z,balisticPin,True,10.0,False,,False,10,1750713752,0,2102.8,1132.0,2528.0,True
StartUpIndia,1lb0k3k,2025-06,mxoyzp6,Glass-Captain4335,True,1.0,True,2.0,False,97,1749877669,0,1005.7,12.0,1313.0,True
StartUpIndia,1lb0k3k,2025-06,mxozcxu,the_melancholic,True,2.0,True,3.0,False,32,1749877856,0,,,,
StartUpIndia,1lb0k3k,2025-06,mxp3aby,anu-inventoryops2024,True,3.0,False,,False,28,1749879881,0,862.6,33.0,504.0,True
StartUpIndia,1lb0k3k,2025-06,mxozwvu,Beginning-Ladder6224,True,4.0,True,4.0,False,20,1749878133,0,1751.8,36291.0,81109.0,True
StartUpIndia,1lb0k3k,2025-06,mxp4ai1,testuser514,True,5.0,False,,False,16,1749880414,0,4648.5,1029.0,32176.0,True
StartUpIndia,1lb0k3k,2025-06,mxp6rtt,Appropriate-Bug-755,True,6.0,False,,False,6,1749881744,0,763.1,673.0,15458.0,True
StartUpIndia,1lb0k3k,2025-06,mxoyuzy,its_akhil_mishra,True,7.0,True,1.0,False,6,1749877603,0,396.9,501.0,1003.0,True
StartUpIndia,1lb0k3k,2025-06,mxp98o9,archjh,True,8.0,False,,False,5,1749883124,0,3050.7,833.0,2518.0,True
StartUpIndia,1lb0k3k,2025-06,mxp928u,riyakhanna19861,True,9.0,False,,False,4,1749883025,0,1104.4,709.0,6289.0,False
StartUpIndia,1lb0k3k,2025-06,mxp1d6v,_Magn3t0,True,10.0,True,5.0,False,3,1749878871,0,3053.0,679.0,12624.0,True
StartUpIndia,1lb5j1j,2025-06,mxq01w7,CarsAlcoholSmokes,True,1.0,True,4.0,False,140,1749898893,0,3185.6,6686.0,33569.0,True
StartUpIndia,1lb5j1j,2025-06,mxpwrxt,spitzer666,True,2.0,True,1.0,False,76,1749897122,0,2661.0,370.0,10375.0,True
StartUpIndia,1lb5j1j,2025-06,mxpz445,taplik_to_rehvani,True,3.0,True,3.0,False,44,1749898404,0,2671.9,2200.0,11843.0,True
StartUpIndia,1lb5j1j,2025-06,mxqbpoz,BitterAd6419,True,4.0,False,,False,32,1749904214,0,1471.6,2680.0,76731.0,True
StartUpIndia,1lb5j1j,2025-06,mxq4bft,hyperactivebeing,True,5.0,True,5.0,False,21,1749900972,0,2064.6,2493.0,16906.0,True
StartUpIndia,1lb5j1j,2025-06,mxr3tym,asw3mayth1nk,True,6.0,False,,False,15,1749914137,0,2338.6,656.0,136.0,True
StartUpIndia,1lb5j1j,2025-06,mxqeww0,Gimmeyourmoneybro,True,7.0,False,,False,13,1749905524,0,1815.5,1813.0,6090.0,True
StartUpIndia,1lb5j1j,2025-06,mxqdrw3,Infinite-Plastic-481,True,8.0,False,,False,10,1749905066,0,1956.0,696.0,3090.0,True
StartUpIndia,1lb5j1j,2025-06,mxpx3fh,Majestic-Moat,True,9.0,True,2.0,True,6,1749897305,0,1787.4,7156.0,369.0,True
StartUpIndia,1lb5j1j,2025-06,mxq83kq,Unlucky_Buy217,True,10.0,False,,False,5,1749902677,0,485.6,1.0,19224.0,True
StartUpIndia,1ldn2fb,2025-06,my9hzpj,DKisWriting001,True,1.0,True,4.0,False,169,1750168407,0,2132.9,237.0,993.0,True
StartUpIndia,1ldn2fb,2025-06,my9qmq8,Spirited_Ad_1032,True,2.0,False,,False,70,1750171006,0,1946.1,495.0,16756.0,True
StartUpIndia,1ldn2fb,2025-06,my9e6sl,Foreign-News5631,True,3.0,True,2.0,False,55,1750167172,0,810.0,635.0,421.0,True
StartUpIndia,1ldn2fb,2025-06,my9q4rg,Select-Job-2911,True,4.0,False,,False,15,1750170854,0,390.1,2.0,13.0,True
StartUpIndia,1ldn2fb,2025-06,myaiyjp,Latter_Worker4374,True,5.0,False,,False,12,1750179021,0,544.7,27.0,1288.0,True
StartUpIndia,1ldn2fb,2025-06,my9hmb0,Aryan_Bisoyi,True,6.0,True,3.0,False,5,1750168289,0,1826.3,933.0,2107.0,True
StartUpIndia,1ldn2fb,2025-06,my9ii10,ostrish,True,7.0,True,5.0,False,5,1750168567,0,3695.1,2334.0,69640.0,False
StartUpIndia,1ldn2fb,2025-06,myaw461,WorthAdvertising9305,True,9.0,False,,False,4,1750182565,0,757.1,591.0,16232.0,True
StartUpIndia,1ldn2fb,2025-06,mybzgzw,NoConversation1943,True,8.0,False,,False,5,1750193649,0,446.8,210.0,2049.0,True
StartUpIndia,1ldn2fb,2025-06,myf0ujd,Ok-Analysis5882,True,10.0,False,,False,3,1750237202,0,2031.5,189.0,2062.0,True
StartUpIndia,1ldn2fb,2025-06,my9d0dj,whhhoreo,False,,True,1.0,True,3,1750166782,0,2261.0,5395.0,6137.0,True
TwoXIndia,1ln6z6z,2025-06,n0d3dch,oilinfinityskin,True,1.0,True,1.0,False,323,1751175228,0,1983.3,1979.0,17734.0,True
TwoXIndia,1ln6z6z,2025-06,n0daqo9,creepyarachnid_,True,2.0,False,,False,141,1751179263,0,1782.9,1249.0,3317.0,True
TwoXIndia,1ln6z6z,2025-06,n0d4ydz,Fresh-Dragonfruit-37,True,3.0,True,5.0,False,90,1751176063,0,1703.4,283.0,14258.0,True
TwoXIndia,1ln6z6z,2025-06,n0d3o7x,Hii_there_1999,True,4.0,True,2.0,False,30,1751175387,0,888.3,128104.0,32108.0,True
TwoXIndia,1ln6z6z,2025-06,n0d7x3j,Purposehigh15,True,5.0,False,,False,23,1751177684,0,679.1,3.0,36.0,False
TwoXIndia,1ln6z6z,2025-06,n0d9sth,Spiritspeaker455666,True,6.0,False,,False,16,1751178731,0,636.0,124.0,5963.0,False
TwoXIndia,1ln6z6z,2025-06,n0d3tv0,poetess13,True,7.0,True,3.0,False,13,1751175469,0,,,,
TwoXIndia,1ln6z6z,2025-06,n0da177,epicallyflower,True,8.0,False,,False,6,1751178862,0,2804.0,701.0,8270.0,True
TwoXIndia,1ln6z6z,2025-06,n0d6ai2,StoreBeautiful1492,True,9.0,False,,False,5,1751176784,0,516.0,591.0,15619.0,True
TwoXIndia,1ln6z6z,2025-06,n0dke44,___Twix___,True,10.0,False,,False,5,1751184974,0,,,,
TwoXIndia,1ln6z6z,2025-06,n0d4nke,MiserableGrapefruit7,False,,True,4.0,False,2,1751175904,0,2078.9,11147.0,7549.0,True
TwoXIndia,1l678f3,2025-06,mwmjozz,MiserableGrapefruit7,True,1.0,True,3.0,False,172,1749371569,0,2078.9,11147.0,7549.0,True
TwoXIndia,1l678f3,2025-06,mwmjk8t,altwh0re22,True,2.0,True,2.0,False,91,1749371487,0,1334.4,1997.0,28651.0,True
TwoXIndia,1l678f3,2025-06,mwml19h,No_cl00,True,3.0,True,4.0,False,59,1749372384,0,706.6,1723.0,16833.0,True
TwoXIndia,1l678f3,2025-06,mwmm74b,reddit_mods-suck,True,4.0,False,,False,40,1749373085,0,1152.1,313.0,22040.0,True
TwoXIndia,1l678f3,2025-06,mwpr4hv,Putrid_Relation2661,True,5.0,False,,False,35,1749414151,0,1557.2,1176.0,10412.0,True
TwoXIndia,1l678f3,2025-06,mwmlgz4,damnyoullneverknow28,True,6.0,True,5.0,False,31,1749372644,0,1868.2,993.0,347.0,True
TwoXIndia,1l678f3,2025-06,mwmm359,Kamasutraaahhh_69,True,7.0,False,,True,30,1749373017,0,,,,
TwoXIndia,1l678f3,2025-06,mwmjcx9,ayu_xi,True,8.0,True,1.0,False,12,1749371362,0,403.4,9544.0,53919.0,False
TwoXIndia,1l678f3,2025-06,mwppzyy,BusinessInterest2019,True,9.0,False,,False,5,1749413806,0,1049.8,5058.0,3989.0,True
TwoXIndia,1l678f3,2025-06,mwrvzqe,kafkabae,True,10.0,False,,False,5,1749441450,0,1177.1,2261.0,20138.0,True
TwoXIndia,1l9e9ch,2025-06,mxc3ggs,confused_person_30,True,1.0,False,,False,176,1749707932,0,2014.2,950.0,1500.0,True
TwoXIndia,1l9e9ch,2025-06,mxc24kl,AdRoyal9505,True,2.0,True,3.0,False,96,1749707231,0,1320.9,11555.0,2307.0,True
TwoXIndia,1l9e9ch,2025-06,mxc33rf,blessedbethefit,True,3.0,True,5.0,False,71,1749707746,0,1607.7,5215.0,10172.0,True
TwoXIndia,1l9e9ch,2025-06,mxc19tk,Snoo_22,True,4.0,True,2.0,False,55,1749706791,0,2184.6,18843.0,19361.0,True
TwoXIndia,1l9e9ch,2025-06,mxc454w,SunSunny07,True,6.0,False,,False,29,1749708302,0,4147.8,606.0,8323.0,True
TwoXIndia,1l9e9ch,2025-06,mxc0ldt,fratboyknocks,True,5.0,True,1.0,False,32,1749706433,0,2119.7,900.0,1887.0,True
TwoXIndia,1l9e9ch,2025-06,mxcn6he,fl_ora,True,7.0,False,,False,19,1749719606,0,866.1,2.0,5816.0,True
TwoXIndia,1l9e9ch,2025-06,mxciihx,PieAdept3134,True,8.0,False,,False,18,1749716733,0,616.3,6.0,8598.0,False
TwoXIndia,1l9e9ch,2025-06,mxe6dyx,secretholder1991,True,9.0,False,,False,13,1749741070,0,1311.2,955.0,22925.0,True
TwoXIndia,1l9e9ch,2025-06,mxc3024,khattimli,False,,True,4.0,False,9,1749707694,0,2247.9,56.0,113.0,True
TwoXIndia,1l9e9ch,2025-06,mxce74t,gin_martini5,True,10.0,False,,False,11,1749714081,0,912.9,756.0,5471.0,False
TwoXIndia,1lkg8l7,2025-06,mzriqxn,Smooth-operator0707,True,1.0,True,2.0,False,822,1750883926,0,,,,
TwoXIndia,1lkg8l7,2025-06,mzrgjm4,Chuckythedolll,True,2.0,True,1.0,False,783,1750883301,0,1454.7,10518.0,22366.0,True
TwoXIndia,1lkg8l7,2025-06,mzrizhm,throwra87d,True,3.0,True,4.0,False,132,1750883992,0,2157.4,5580.0,30852.0,False
TwoXIndia,1lkg8l7,2025-06,mzrj6w2,owlet09,True,4.0,True,5.0,False,118,1750884049,0,2121.8,364.0,1346.0,True
TwoXIndia,1lkg8l7,2025-06,mzrivm5,Chocolate-waffles-7,True,5.0,True,3.0,False,39,1750883963,0,1085.3,1492.0,8611.0,True
TwoXIndia,1lkg8l7,2025-06,mzrmvah,Obvious-Entertainer9,True,6.0,False,,False,21,1750885079,0,1975.1,1099.0,12728.0,True
TwoXIndia,1lkg8l7,2025-06,mzrl0te,MikuCheeseHarry,True,7.0,False,,False,21,1750884561,0,867.3,4304.0,31735.0,True
TwoXIndia,1lkg8l7,2025-06,mzst2rr,foodisspicy11,True,8.0,False,,False,21,1750898616,0,2035.3,446.0,1956.0,True
TwoXIndia,1lkg8l7,2025-06,mzruf1s,Own-Passion5235,True,9.0,False,,False,16,1750887309,0,1557.2,1474.0,523.0,True
TwoXIndia,1lkg8l7,2025-06,mzrsv37,Environmental-Leg33,True,10.0,False,,False,15,1750886835,0,1181.0,237.0,23456.0,True
TwoXIndia,1lknvnu,2025-06,mztdfxn,nikkiberry131,True,1.0,True,2.0,False,117,1750905640,0,2235.2,2647.0,6645.0,True
TwoXIndia,1lknvnu,2025-06,mztf829,Uxie_mesprit,True,2.0,True,3.0,False,67,1750906299,0,2825.8,22900.0,311585.0,True
TwoXIndia,1lknvnu,2025-06,mztacdp,docmulan,True,3.0,True,1.0,False,48,1750904525,0,904.2,403.0,245.0,True
TwoXIndia,1lknvnu,2025-06,mztks47,blehblehidk,True,4.0,True,5.0,False,30,1750908442,0,1621.1,21.0,4300.0,True
TwoXIndia,1lknvnu,2025-06,mztl2qf,Odd-Attention-3299,True,5.0,False,,False,17,1750908560,0,617.5,157.0,1556.0,True
TwoXIndia,1lknvnu,2025-06,mztgg6e,PieAdept3134,True,6.0,True,4.0,False,14,1750906758,0,616.3,6.0,8598.0,False
TwoXIndia,1lknvnu,2025-06,mztnndj,kiara2_2,True,7.0,False,,False,13,1750909605,0,1764.3,15226.0,7002.0,True
TwoXIndia,1lknvnu,2025-06,mztvh59,bobs_best_burger,True,8.0,False,,False,12,1750913001,0,2040.9,13479.0,18993.0,True
TwoXIndia,1lknvnu,2025-06,mzu3prr,SunSunny07,True,9.0,False,,False,9,1750916996,0,4147.8,606.0,8323.0,True
TwoXIndia,1lknvnu,2025-06,mzuglin,Ok-Perception-5135,True,10.0,False,,False,9,1750924132,0,529.5,1.0,1134.0,True
TwoXIndia,1l7ckow,2025-06,mwvua8w,dakuteju,True,1.0,True,4.0,False,311,1749496702,0,2533.7,1381.0,1064.0,True
TwoXIndia,1l7ckow,2025-06,mwvpuny,LankyProfessional710,True,2.0,True,2.0,False,157,1749495451,0,2045.9,473.0,20858.0,True
TwoXIndia,1l7ckow,2025-06,mwvttj2,ItHurtsWhenIP00,True,3.0,True,3.0,False,84,1749496570,0,583.6,552.0,2273.0,True
TwoXIndia,1l7ckow,2025-06,mwx7r97,Lizyyy-13,True,4.0,False,,False,76,1749511485,0,454.0,92.0,17592.0,True
TwoXIndia,1l7ckow,2025-06,mwwu8qi,TA-desi-navigator-,True,5.0,False,,False,58,1749507128,0,1816.2,662.0,10448.0,True
TwoXIndia,1l7ckow,2025-06,mwvoyaw,_Nocturnalsoul_,True,6.0,True,1.0,False,46,1749495200,0,2013.6,40.0,13482.0,True
TwoXIndia,1l7ckow,2025-06,mwy2c3o,Zurati,True,7.0,False,,False,33,1749521790,0,,,,
TwoXIndia,1l7ckow,2025-06,mwwgkfu,Funny-Negotiation-10,True,8.0,False,,False,27,1749503010,0,2100.6,4248.0,30460.0,True
TwoXIndia,1l7ckow,2025-06,mwwuh16,TA-desi-navigator-,True,9.0,False,,False,26,1749507201,0,1816.2,662.0,10448.0,True
TwoXIndia,1l7ckow,2025-06,mwvyfmr,Environmental-Leg33,False,,True,5.0,False,21,1749497908,0,1181.0,237.0,23456.0,True
TwoXIndia,1l7ckow,2025-06,mwvyg9w,No_Trackling,True,10.0,False,,False,22,1749497913,0,,,,
TwoXIndia,1l4nxy4,2025-06,mwae7wf,foxy-tulips,True,1.0,True,1.0,False,53,1749202706,0,723.1,570.0,3154.0,True
TwoXIndia,1l4nxy4,2025-06,mwai9of,purpleashes007,True,2.0,True,2.0,False,38,1749204986,0,1867.8,637.0,592.0,True
TwoXIndia,1l4nxy4,2025-06,mwasff6,survivingmytwenties,True,3.0,True,4.0,False,23,1749209837,0,1658.9,1752.0,2758.0,True
TwoXIndia,1l4nxy4,2025-06,mwaoois,Zurati,True,4.0,True,3.0,False,19,1749208162,0,,,,
TwoXIndia,1l4nxy4,2025-06,mwaucax,Ch3m0therapy,True,5.0,True,5.0,False,10,1749210644,0,480.0,624.0,8661.0,True
TwoXIndia,1l4nxy4,2025-06,mwfc4ps,throwra87d,True,6.0,False,,False,8,1749262920,0,2157.4,5580.0,30852.0,False
TwoXIndia,1l4nxy4,2025-06,mwfojdb,RB_59,True,7.0,False,,False,3,1749268032,0,3450.9,119.0,9034.0,True
TwoXIndia,1l4nxy4,2025-06,mwd283p,Remarkable-Spell5223,True,8.0,False,,False,3,1749235213,0,795.8,176.0,3868.0,True
TwoXIndia,1l4nxy4,2025-06,mwdgcwm,SpinachAlternative96,True,9.0,False,,False,2,1749239493,0,1802.0,2373.0,6977.0,True
TwoXIndia,1l4nxy4,2025-06,mwi5pqc,bbuutteerr-fly,True,10.0,False,,False,2,1749310475,0,652.7,8151.0,8285.0,True
TwoXIndia,1lhj7dw,2025-06,mz4gkgv,AncientAckman,True,1.0,True,1.0,False,455,1750581888,0,415.0,4.0,8151.0,True
TwoXIndia,1lhj7dw,2025-06,mz4hs0d,PeachesPikaPika,True,2.0,True,2.0,False,97,1750582609,0,1489.9,55.0,8434.0,True
TwoXIndia,1lhj7dw,2025-06,mz58bx3,Ambitious_Steak_224,True,3.0,True,5.0,False,12,1750596511,0,1468.1,1615.0,12578.0,True
TwoXIndia,1lhj7dw,2025-06,mz4rpo7,nylene123,True,4.0,True,3.0,False,6,1750588575,0,759.0,13074.0,4606.0,True
TwoXIndia,1lhj7dw,2025-06,mz4w3cy,JakeSantiagoo,True,5.0,True,4.0,False,4,1750590916,0,668.6,179.0,1078.0,True
TwoXIndia,1lhj7dw,2025-06,mz5y1e2,diva-fairytale-boss,True,6.0,False,,False,4,1750605329,0,2032.3,45472.0,24109.0,True
TwoXIndia,1lhj7dw,2025-06,mz634z4,SunSunny07,True,7.0,False,,False,2,1750606896,0,4147.8,606.0,8323.0,True
TwoXIndia,1liuwje,2025-06,mzey8sl,shanayashar,True,1.0,True,2.0,False,549,1750719070,0,583.9,270.0,7003.0,True
TwoXIndia,1liuwje,2025-06,mzez32v,expecto-patrorum,True,2.0,True,3.0,False,376,1750719344,0,382.7,1874.0,2993.0,True
TwoXIndia,1liuwje,2025-06,mzey38h,theinsidesoup,True,3.0,True,1.0,False,103,1750719020,0,3123.0,831.0,4510.0,True
TwoXIndia,1liuwje,2025-06,mzghuoc,FlyingFairy111,True,4.0,False,,False,54,1750739186,0,1380.7,433.0,16088.0,True
TwoXIndia,1liuwje,2025-06,mzgy86e,does_not_comment,True,5.0,False,,False,38,1750747521,0,5007.6,1077.0,20801.0,True
TwoXIndia,1liuwje,2025-06,mzf73qk,sass-n-wine,True,6.0,True,4.0,False,24,1750721983,0,414.6,756.0,32322.0,True
TwoXIndia,1liuwje,2025-06,mzf79ow,tabascowaffle,True,7.0,True,5.0,False,14,1750722038,0,2161.8,308.0,4638.0,True
TwoXIndia,1liuwje,2025-06,mzfo5rs,Old-Funny-6222,True,8.0,False,,False,13,1750727935,0,1805.7,785.0,45656.0,True
TwoXIndia,1liuwje,2025-06,mzg3frq,waterfaaallllll,True,9.0,False,,False,13,1750733316,0,583.3,116.0,2563.0,True
TwoXIndia,1liuwje,2025-06,mzgf6am,faux_trout,True,10.0,False,,False,9,1750737996,0,4534.6,948.0,10153.0,True
TwoXIndia,1l7xndx,2025-06,mx0d496,Firewhiskey880,True,1.0,True,1.0,False,306,1749560619,0,1700.7,4175.0,34208.0,True
TwoXIndia,1l7xndx,2025-06,mx0n5ms,throwra87d,True,2.0,True,5.0,False,187,1749563874,0,2157.4,5580.0,30852.0,False
TwoXIndia,1l7xndx,2025-06,mx0gj3y,foxy-tulips,True,3.0,True,3.0,False,90,1749561764,0,723.1,570.0,3154.0,True
TwoXIndia,1l7xndx,2025-06,mx0esb2,SamMitchell1238,True,4.0,True,2.0,False,63,1749561186,0,1410.0,560.0,2811.0,False
TwoXIndia,1l7xndx,2025-06,mx0ksu2,Butterpopcorn123,True,5.0,True,4.0,False,43,1749563145,0,2990.9,4337.0,5794.0,True
TwoXIndia,1l7xndx,2025-06,mx1acpk,Still_Dot_6585,True,6.0,False,,False,37,1749570570,0,887.8,61.0,2048.0,True
TwoXIndia,1l7xndx,2025-06,mx1h3vn,rumpusgem,True,8.0,False,,False,23,1749572472,0,1720.2,1910.0,32017.0,True
TwoXIndia,1l7xndx,2025-06,mx1ics3,gigi_1803,True,7.0,False,,False,24,1749572824,0,2206.1,9750.0,4711.0,True
TwoXIndia,1l7xndx,2025-06,mx0o799,Kehnakyachahtehoe,True,10.0,False,,False,16,1749564194,0,600.1,1241.0,9852.0,True
TwoXIndia,1l7xndx,2025-06,mx1xbvk,Crazyvibzz,True,9.0,False,,False,17,1749576968,0,2260.2,303.0,87924.0,True
teenindia,1lc0rx6,2025-06,mxwrbs3,Barolt_sama,True,1.0,True,4.0,False,100,1749995902,0,1206.6,3.0,653.0,True
teenindia,1lc0rx6,2025-06,mxwq2ko,Skully--_--,True,2.0,True,1.0,False,24,1749995456,0,1183.7,2141.0,61899.0,True
teenindia,1lc0rx6,2025-06,mxwqyie,Savings_Relation6936,True,3.0,True,2.0,False,19,1749995770,0,385.1,140.0,2307.0,True
teenindia,1lc0rx6,2025-06,mxwrl0p,TheUnknownv7,True,4.0,False,,False,10,1749995993,0,471.7,36.0,5179.0,True
teenindia,1lc0rx6,2025-06,mxwsan6,HARSH_V_CHAUHAN,True,5.0,False,,False,6,1749996245,0,1529.0,110.0,2843.0,True
teenindia,1lc0rx6,2025-06,mxwr2yx,Dunmer001Vivec,True,6.0,True,3.0,False,2,1749995815,0,1342.3,70.0,3372.0,True
teenindia,1lc0rx6,2025-06,mxwrcgb,Waste_Classroom6480,True,7.0,True,5.0,False,2,1749995908,0,1943.1,207.0,706.0,True
teenindia,1lc0rx6,2025-06,mxwrhm5,AayanSKassim,True,8.0,False,,False,2,1749995959,0,,,,
teenindia,1lc0rx6,2025-06,mxwrvxf,Murzpro,True,9.0,False,,False,2,1749996101,0,1585.0,42.0,3687.0,True
teenindia,1lc0rx6,2025-06,mxwrwu2,SharmaJii_kA_LaDka,True,10.0,False,,False,2,1749996110,0,840.1,3385.0,16725.0,True
teenindia,1ldi6pp,2025-06,my8ecxl,yagamigod88,True,1.0,True,4.0,False,746,1750151315,0,773.6,171.0,13544.0,True
teenindia,1ldi6pp,2025-06,my8e8mv,Maleficent_Chest4709,True,2.0,True,2.0,False,407,1750151243,0,588.9,52.0,10426.0,True
teenindia,1ldi6pp,2025-06,my8doxq,haldiii4o,True,3.0,True,1.0,False,260,1750150908,0,,,,
teenindia,1ldi6pp,2025-06,my8eq17,Spiritual-Box-9779,True,4.0,True,5.0,False,206,1750151534,0,763.1,2705.0,2511.0,True
teenindia,1ldi6pp,2025-06,my8f0wk,IndividualCarry2162,True,5.0,False,,False,29,1750151718,0,1534.0,100.0,820.0,True
teenindia,1ldi6pp,2025-06,my8fy77,Strange_Ingenuity_19,True,6.0,False,,False,24,1750152280,0,747.0,1.0,82.0,True
teenindia,1ldi6pp,2025-06,my8e97m,spiderrmanftw,True,7.0,True,3.0,False,16,1750151254,0,355.2,20.0,159.0,True
teenindia,1ldi6pp,2025-06,my8hjwq,ongoing_a,True,8.0,False,,False,14,1750153236,0,1196.8,232.0,496.0,True
teenindia,1ldi6pp,2025-06,my8fmac,Cold_Trick_5279,True,9.0,False,,False,12,1750152077,0,1952.0,12420.0,4112.0,True
teenindia,1ldi6pp,2025-06,my8g1f0,Majestic-Biscuit,True,10.0,False,,False,9,1750152334,0,641.2,541.0,1482.0,True
teenindia,1lkvgid,2025-06,mzup7sa,Sour4bh_,True,1.0,True,1.0,False,267,1750929259,0,380.3,102.0,788.0,True
teenindia,1lkvgid,2025-06,mzurw96,khuchuPuchu,True,2.0,False,,False,115,1750930835,0,498.1,1.0,1259.0,False
teenindia,1lkvgid,2025-06,mzuqtmw,AmbitiousCrow726,True,3.0,False,,False,100,1750930209,0,,,,
teenindia,1lkvgid,2025-06,mzupw4w,DimaagKa_Hangover,True,4.0,True,5.0,False,65,1750929657,0,,,,
teenindia,1lkvgid,2025-06,mzuqtux,meliodasssssama,True,5.0,False,,False,35,1750930212,0,1167.2,1866.0,10215.0,False
teenindia,1lkvgid,2025-06,mzuq79m,IDkwhyImhere_34718,True,6.0,False,,False,31,1750929839,0,1360.4,5340.0,24273.0,True
teenindia,1lkvgid,2025-06,mzuppfc,Lemon_Not_Found,True,7.0,True,3.0,False,22,1750929548,0,1627.0,2501.0,3428.0,True
teenindia,1lkvgid,2025-06,mzupr8u,Chaos_Agent_1212,True,8.0,True,4.0,False,16,1750929578,0,472.2,13.0,551.0,True
teenindia,1lkvgid,2025-06,mzupcah,choleeebhatureee,True,9.0,True,2.0,False,8,1750929332,0,365.1,1.0,25461.0,True
teenindia,1lkvgid,2025-06,mzuypob,PensionMany3658,True,10.0,False,,False,7,1750934444,0,662.8,6857.0,40606.0,True
teenindia,1lkq1uf,2025-06,mztn2c5,No_Atmosphere_4566,True,1.0,True,1.0,False,303,1750909367,0,832.3,66.0,1761.0,True
teenindia,1lkq1uf,2025-06,mztyh5z,fetusswami,True,2.0,False,,False,265,1750914400,0,1881.8,1394.0,4998.0,True
teenindia,1lkq1uf,2025-06,mztnccr,hanekinn,True,3.0,True,2.0,False,78,1750909481,0,,,,
teenindia,1lkq1uf,2025-06,mztyd85,Flat_Bookkeeper4443,True,4.0,False,,False,56,1750914348,0,1055.1,255.0,201.0,True
teenindia,1lkq1uf,2025-06,mztodku,Odd-Competition2909,True,5.0,True,3.0,False,41,1750909907,0,531.3,4243.0,2594.0,True
teenindia,1lkq1uf,2025-06,mztouy7,Capital-Ad3560,True,6.0,True,5.0,False,15,1750910107,0,376.0,945.0,577.0,True
teenindia,1lkq1uf,2025-06,mztsi4z,Technical_Shake2933,True,7.0,False,,False,13,1750911665,0,1063.9,1223.0,3381.0,True
teenindia,1lkq1uf,2025-06,mztrgrk,Responsible_Log1932,True,8.0,False,,False,10,1750911211,0,1986.2,606.0,1284.0,True
teenindia,1lkq1uf,2025-06,mztrtmw,legendguy2417,True,9.0,False,,False,8,1750911369,0,1572.3,46100.0,2520.0,True
teenindia,1lkq1uf,2025-06,mzvoip8,Blackstyler1412,True,10.0,False,,False,7,1750944561,0,788.3,37.0,84.0,False
teenindia,1lkq1uf,2025-06,mztosx4,Kitchen_Engineer1332,False,,True,4.0,False,5,1750910083,0,381.8,56351.0,41265.0,True
teenindia,1l6ad2h,2025-06,mwn5gq6,Peter_From_Space,True,1.0,True,1.0,False,1963,1749383814,0,756.6,2995.0,14292.0,True
teenindia,1l6ad2h,2025-06,mwn6gyj,Friendly-Account-583,True,2.0,True,4.0,False,250,1749384264,0,1728.9,1237.0,1204.0,True
teenindia,1l6ad2h,2025-06,mwng9dr,Odd-Letterhead-6018,True,3.0,False,,False,110,1749388281,0,644.7,1764.0,13558.0,True
teenindia,1l6ad2h,2025-06,mwn7gds,OrangeBilla33,True,4.0,True,5.0,False,19,1749384703,0,379.2,3011.0,6601.0,True
teenindia,1l6ad2h,2025-06,mwn5ub9,Ezmods,True,5.0,True,2.0,False,17,1749383983,0,884.9,396.0,8590.0,True
teenindia,1l6ad2h,2025-06,mwnfed6,Fantastic-List-4849,True,7.0,False,,False,11,1749387953,0,592.8,1096.0,1307.0,True
teenindia,1l6ad2h,2025-06,mwnqbsj,AdhesivenessBoth5731,True,6.0,False,,False,12,1749391844,0,1146.2,1.0,3340.0,True
teenindia,1l6ad2h,2025-06,mwn5zup,GeneralHuman1083,True,8.0,True,3.0,False,6,1749384052,0,403.8,1288.0,1069.0,True
teenindia,1li6tb6,2025-06,mz9tmhr,barber_paradox_1,True,1.0,True,5.0,False,541,1750651120,0,,,,
teenindia,1li6tb6,2025-06,mz9tsoe,maanas4exe,True,2.0,False,,False,498,1750651194,0,1579.8,855.0,1041.0,True
teenindia,1li6tb6,2025-06,mz9thx9,MudittYadav,True,3.0,True,3.0,False,241,1750651066,0,395.8,2022.0,21384.0,True
teenindia,1li6tb6,2025-06,mz9t6fc,Educational-Bar2425,True,4.0,True,1.0,False,170,1750650927,0,417.4,1832.0,3358.0,True
teenindia,1li6tb6,2025-06,mz9t8qx,shu6hamgupta,True,5.0,True,2.0,False,123,1750650955,0,694.4,674.0,3503.0,True
teenindia,1li6tb6,2025-06,mz9tjhc,navigatingspace,True,6.0,True,4.0,False,62,1750651085,0,379.9,5776.0,560.0,True
teenindia,1li6tb6,2025-06,mz9u4vu,ConsciousPath6256,True,7.0,False,,False,52,1750651342,0,748.0,3.0,973.0,True
teenindia,1li6tb6,2025-06,mz9ultn,prince_op_238,True,8.0,False,,False,50,1750651547,0,1959.5,197.0,1224.0,True
teenindia,1li6tb6,2025-06,mz9vytd,simplica,True,9.0,False,,False,49,1750652152,0,,,,
teenindia,1li6tb6,2025-06,mz9xqdw,Introvertfellow,True,10.0,False,,False,35,1750652955,0,982.7,1171.0,1402.0,True
teenindia,1lfesrg,2025-06,mynm8wd,dev0706s,True,1.0,True,5.0,False,416,1750350259,0,1656.9,2005.0,2256.0,True
teenindia,1lfesrg,2025-06,mynkjxm,Mongoose_Manor,True,2.0,True,1.0,True,244,1750349765,0,363.0,3885.0,1574.0,True
teenindia,1lfesrg,2025-06,mynkpa3,Other-Welder-7580,True,3.0,True,2.0,False,116,1750349808,0,2114.1,131.0,4044.0,True
teenindia,1lfesrg,2025-06,mynl8vj,ManagementPhysical75,True,4.0,True,3.0,False,67,1750349967,0,1908.1,63.0,3778.0,True
teenindia,1lfesrg,2025-06,mynnjom,Acceptable_Creme9517,True,5.0,False,,False,54,1750350638,0,373.2,1.0,217.0,True
teenindia,1lfesrg,2025-06,mynpkha,No-Addition1777,True,6.0,False,,False,27,1750351228,0,435.4,30.0,7104.0,True
teenindia,1lfesrg,2025-06,mynts3v,salted_peanuts_,True,7.0,False,,False,22,1750352445,0,390.1,191.0,198.0,True
teenindia,1lfesrg,2025-06,mynljaw,Successful_Spite7535,True,8.0,True,4.0,False,8,1750350051,0,601.1,6.0,3154.0,False
teenindia,1lh0x6w,2025-06,mz0ewxi,DelayNarrow697,True,1.0,True,1.0,False,269,1750524488,0,1610.8,1100.0,2085.0,True
teenindia,1lh0x6w,2025-06,mz0lco5,overkiller_xd,True,2.0,False,,False,196,1750526482,0,1280.7,773.0,1294.0,True
teenindia,1lh0x6w,2025-06,mz0nhts,itz_mxthun,True,3.0,False,,False,130,1750527142,0,457.1,4.0,1424.0,True
teenindia,1lh0x6w,2025-06,mz0hwe5,misserrorfulzindagi,True,4.0,True,4.0,False,41,1750525413,0,393.1,85.0,5582.0,True
teenindia,1lh0x6w,2025-06,mz0la5l,RudeRaccoon2007,True,5.0,False,,False,40,1750526460,0,786.8,5098.0,18443.0,True
teenindia,1lh0x6w,2025-06,mz0kf5m,NahiHu_SadStage,True,6.0,True,5.0,False,30,1750526194,0,449.3,91.0,2207.0,True
teenindia,1lh0x6w,2025-06,mz0m912,Puzzleheaded-Spend2,True,7.0,False,,False,21,1750526761,0,927.7,1209.0,5079.0,True
teenindia,1lh0x6w,2025-06,mz0fb5j,thatmagicalcat,True,8.0,True,2.0,False,20,1750524612,0,829.9,3205.0,4793.0,True
teenindia,1lh0x6w,2025-06,mz0pxl0,dam_emo69,True,9.0,False,,False,12,1750527895,0,494.2,4.0,210.0,False
teenindia,1lh0x6w,2025-06,mz0gt3g,Reasonable-Tea-3959,True,10.0,True,3.0,False,8,1750525077,0,558.9,1463.0,601.0,True
teenindia,1lg8rdc,2025-06,myu8unf,fatasscat_p,True,1.0,True,2.0,False,426,1750438114,0,382.1,622.0,6026.0,True
teenindia,1lg8rdc,2025-06,myu8qnc,SynapticSatva,True,2.0,True,1.0,False,89,1750438082,0,410.4,1087.0,60549.0,True
teenindia,1lg8rdc,2025-06,myudfxb,No_Yogurtcloset_6325,True,3.0,True,5.0,False,37,1750439403,0,709.1,54.0,764.0,True
teenindia,1lg8rdc,2025-06,myud2wa,anonymous1237423,True,4.0,True,4.0,False,32,1750439300,0,432.1,2130.0,11678.0,True
teenindia,1lg8rdc,2025-06,myubgdo,JuggernautAmazing978,True,5.0,True,3.0,False,27,1750438842,0,433.8,2059.0,2071.0,True
teenindia,1lg8rdc,2025-06,myv0mp1,Anime_fucker69cUm,True,6.0,False,,False,16,1750446075,0,,,,
teenindia,1lg8rdc,2025-06,myuzvga,0xw00t,True,7.0,False,,False,10,1750445849,0,849.0,912.0,11966.0,True
teenindia,1lg8rdc,2025-06,myuit4b,ehhhidkkk,True,8.0,False,,False,8,1750440901,0,395.8,382.0,895.0,True
teenindia,1lg8rdc,2025-06,myuftm1,Yoga_Se_Hogaa,True,9.0,False,,False,5,1750440068,0,495.6,6.0,4296.0,False
teenindia,1lg8rdc,2025-06,myughpf,GhosttInTheFeed,True,10.0,False,,False,5,1750440253,0,413.9,499.0,3069.0,False
teenindia,1l8xso0,2025-06,mx8bdsa,komii_zZ,True,1.0,True,2.0,False,644,1749661467,0,1115.4,369.0,1423.0,True
teenindia,1l8xso0,2025-06,mx8bx9v,Your_Healer1028,True,2.0,True,4.0,False,144,1749661618,0,368.7,589.0,5051.0,True
teenindia,1l8xso0,2025-06,mx8c51x,Godenzonen_Ht,True,3.0,True,5.0,False,54,1749661678,0,406.0,1.0,180.0,False
teenindia,1l8xso0,2025-06,mx8dhkv,the_dark_knight221,True,4.0,False,,False,48,1749662051,0,657.1,2110.0,3081.0,True
teenindia,1l8xso0,2025-06,mx8ht82,Relatively_Skibyy,True,5.0,False,,False,42,1749663248,0,389.5,63.0,5538.0,True
teenindia,1l8xso0,2025-06,mx8a1qn,Slight_Wishbone_2636,True,6.0,True,1.0,False,15,1749661101,0,,,,
teenindia,1l8xso0,2025-06,mx8bsp5,Firm_Base_1238,True,8.0,True,3.0,False,4,1749661582,0,385.1,28.0,831.0,True
teenindia,1l8xso0,2025-06,mx8k45n,uk_ranaaaaa,True,7.0,False,,False,5,1749663881,0,390.2,89.0,1579.0,True
teenindia,1l8xso0,2025-06,mx8g7xf,Normal_OnRed,True,9.0,False,,False,2,1749662810,0,634.2,134.0,546.0,True
teenindia,1l8xso0,2025-06,mx8gpvv,cruelgoofball,True,10.0,False,,False,2,1749662947,0,367.0,581.0,1741.0,True
AskIndianWomen,1lfj7bk,2025-06,myorcuw,Impossible_Test_8478,True,1.0,False,,False,641,1750362788,0,902.1,10355.0,7082.0,True
AskIndianWomen,1lfj7bk,2025-06,myokpw3,AvailableNewspaper94,True,2.0,True,1.0,False,275,1750360824,0,1934.7,39777.0,87349.0,True
AskIndianWomen,1lfj7bk,2025-06,myovkkh,Zanarkke,True,3.0,False,,False,122,1750364002,0,3724.9,407.0,14313.0,True
AskIndianWomen,1lfj7bk,2025-06,myolzm5,ConsistentAerie7156,True,4.0,True,2.0,False,121,1750361197,0,907.2,1732.0,7334.0,True
AskIndianWomen,1lfj7bk,2025-06,myorb43,WillowPrevious5141,True,5.0,False,,False,57,1750362774,0,591.3,8610.0,11994.0,True
AskIndianWomen,1lfj7bk,2025-06,myon3d3,Successful-Rush1805,True,6.0,True,3.0,False,29,1750361526,0,1063.1,2586.0,46769.0,True
AskIndianWomen,1lfj7bk,2025-06,myoqzho,LeatherSalt4259,True,7.0,False,,False,25,1750362681,0,496.6,145.0,7455.0,True
AskIndianWomen,1lfj7bk,2025-06,myp3uob,philanumis,True,8.0,False,,False,19,1750366385,0,2190.1,1622.0,4645.0,True
AskIndianWomen,1lfj7bk,2025-06,myor1ln,Agile_Custard6276,True,9.0,False,,False,18,1750362698,0,516.6,482.0,4789.0,True
AskIndianWomen,1lfj7bk,2025-06,myonnmw,raunakd7,True,10.0,True,4.0,False,17,1750361694,0,2897.9,32.0,6480.0,True
AskIndianWomen,1lfj7bk,2025-06,myoq5xo,Consistent_Zombie_95,False,,True,5.0,False,15,1750362440,0,1755.7,1.0,9819.0,True
AskIndianWomen,1l51q5p,2025-06,mwdtk0c,Ahrjun,True,1.0,False,,False,212,1749243512,0,888.2,1.0,49468.0,True
AskIndianWomen,1l51q5p,2025-06,mwdkpqh,SuccessfulFit,True,3.0,True,4.0,False,106,1749240819,0,435.0,810.0,2565.0,True
AskIndianWomen,1l51q5p,2025-06,mwdhq0s,Long_Ad_1775,True,2.0,True,1.0,False,111,1749239905,0,1777.5,75.0,669.0,True
AskIndianWomen,1l51q5p,2025-06,mwel8o1,Future_Sign_2846,True,4.0,False,,False,84,1749252889,0,1299.3,234.0,33420.0,True
AskIndianWomen,1l51q5p,2025-06,mwfavvw,picturestraight15,True,5.0,False,,False,66,1749262439,0,755.2,7.0,193.0,False
AskIndianWomen,1l51q5p,2025-06,mwdijl5,East-Town150,True,6.0,True,2.0,False,51,1749240156,0,654.1,2.0,8397.0,True
AskIndianWomen,1l51q5p,2025-06,mwdiriy,Cheap_trick1412,True,7.0,True,3.0,False,38,1749240224,0,,,,
AskIndianWomen,1l51q5p,2025-06,mwf49vy,BranchDiligent8874,True,8.0,False,,False,36,1749259926,0,652.9,15349.0,42286.0,True
AskIndianWomen,1l51q5p,2025-06,mwdlsno,AcanthisittaLeading2,True,9.0,True,5.0,False,25,1749241146,0,2161.0,1.0,106.0,True
AskIndianWomen,1l51q5p,2025-06,mwe4aib,mavbaker,True,10.0,False,,False,23,1749247006,0,558.8,218.0,974.0,True
AskIndianWomen,1lj6nsz,2025-06,mzhgiql,SnarkyBustard,True,1.0,False,,False,366,1750758335,0,1952.0,6700.0,36482.0,True
AskIndianWomen,1lj6nsz,2025-06,mzhfg7q,ayedisha,True,2.0,True,1.0,False,350,1750757716,0,2239.2,1884.0,3653.0,True
AskIndianWomen,1lj6nsz,2025-06,mzhfmt7,Proper_Economics_299,True,3.0,True,4.0,False,103,1750757822,0,1919.3,1.0,16091.0,True
AskIndianWomen,1lj6nsz,2025-06,mzhgqnz,Gloomy_Tangerine3123,True,4.0,False,,False,43,1750758460,0,1877.2,20740.0,98389.0,True
AskIndianWomen,1lj6nsz,2025-06,mzhfvb2,Prestigious-Math-328,True,5.0,True,5.0,False,29,1750757961,0,1340.0,2058.0,23803.0,True
AskIndianWomen,1lj6nsz,2025-06,mzhiw5h,stara1995,True,6.0,False,,False,24,1750759661,0,647.9,5003.0,18174.0,True
AskIndianWomen,1lj6nsz,2025-06,mzhha53,amidstsunshine,True,8.0,False,,False,21,1750758766,0,572.1,790.0,2367.0,True
AskIndianWomen,1lj6nsz,2025-06,mzhhtpl,vegarhoalpha,True,9.0,False,,False,19,1750759063,0,1281.8,35.0,247883.0,True
AskIndianWomen,1lj6nsz,2025-06,mzhhnrq,AlternateLife11,True,10.0,False,,False,18,1750758973,0,1608.4,160.0,12934.0,True
AskIndianWomen,1lj6nsz,2025-06,mzhi7kb,Electrical-Bet-3625,True,7.0,False,,False,22,1750759277,0,1247.2,15227.0,20837.0,True
AskIndianWomen,1lj6nsz,2025-06,mzhfkqm,Alternative-Talk-795,False,,True,2.0,False,11,1750757789,0,,,,
AskIndianWomen,1lj6nsz,2025-06,mzhfllu,Plain_maige,False,,True,3.0,False,8,1750757803,0,1071.7,176.0,2274.0,True
AskIndianWomen,1l68lvt,2025-06,mwmu8q1,toomuchreddit101,True,1.0,True,4.0,False,92,1749377950,0,1309.2,1228.0,6664.0,True
AskIndianWomen,1l68lvt,2025-06,mwmxc73,SenseAny486,True,2.0,False,,False,62,1749379714,0,1376.8,2716.0,46445.0,True
AskIndianWomen,1l68lvt,2025-06,mwmux0b,RoseTintedFool,True,3.0,False,,False,40,1749378341,0,586.0,749.0,5744.0,True
AskIndianWomen,1l68lvt,2025-06,mwmvo10,velvet_whiskers,True,4.0,False,,False,36,1749378774,0,424.8,1.0,1263.0,True
AskIndianWomen,1l68lvt,2025-06,mwmsuo4,lonelywarewolf,True,6.0,True,1.0,False,27,1749377129,0,1617.9,21417.0,59167.0,True
AskIndianWomen,1l68lvt,2025-06,mwmtpvg,thecuriousmew,True,5.0,True,2.0,False,29,1749377641,0,1619.1,7229.0,25947.0,True
AskIndianWomen,1l68lvt,2025-06,mwmu6x4,SuspectDistinct9039,True,7.0,True,3.0,False,11,1749377920,0,925.6,775.0,2263.0,True
AskIndianWomen,1l68lvt,2025-06,mwnbxm0,Modis_teleprompter,True,8.0,False,,False,9,1749386604,0,725.1,5888.0,25644.0,True
AskIndianWomen,1l68lvt,2025-06,mwmujhg,Dragonfly2734,True,9.0,True,5.0,False,6,1749378124,0,1330.7,361.0,4465.0,True
AskIndianWomen,1l68lvt,2025-06,mwmy5eu,CranberryCareful2865,True,10.0,False,,False,6,1749380148,0,468.8,61.0,6423.0,True
AskIndianWomen,1lo745p,2025-06,n0kls7p,Ok_Cockroach5803,True,1.0,True,1.0,False,238,1751289234,0,1600.9,3432.0,12124.0,True
AskIndianWomen,1lo745p,2025-06,n0lb9x0,Important_Menu4937,True,2.0,False,,False,120,1751297142,0,1350.9,5239.0,12917.0,True
AskIndianWomen,1lo745p,2025-06,n0kpgvw,BlackStagGoldField,True,3.0,True,5.0,False,53,1751290503,0,2650.0,2597.0,31454.0,True
AskIndianWomen,1lo745p,2025-06,n0koqif,sharkpeid,True,4.0,True,3.0,False,36,1751290252,0,4798.0,338.0,32878.0,True
AskIndianWomen,1lo745p,2025-06,n0kmhvm,DaJabroniz,True,5.0,True,2.0,False,32,1751289482,0,,,,
AskIndianWomen,1lo745p,2025-06,n0kwqcf,Mountain-Rate-2942,True,6.0,False,,False,28,1751292820,0,1423.9,335.0,20202.0,True
AskIndianWomen,1lo745p,2025-06,n0kpwrg,LingoNerd64,True,7.0,False,,False,19,1751290652,0,473.4,68567.0,35830.0,True
AskIndianWomen,1lo745p,2025-06,n0lfiku,Chocolate-waffles-7,True,8.0,False,,False,14,1751298379,0,1085.3,1492.0,8611.0,True
AskIndianWomen,1lo745p,2025-06,n0koqxp,SaracasticByte,False,,True,4.0,False,10,1751290255,0,780.1,540.0,70806.0,True
AskIndianWomen,1lo745p,2025-06,n0m446b,CHiuso,True,9.0,False,,False,12,1751305311,0,2795.8,5295.0,50640.0,True
AskIndianWomen,1lo745p,2025-06,n0m6ydk,CommandSpaceOption,True,10.0,False,,False,12,1751306082,0,1583.8,33.0,31082.0,True
AskIndianWomen,1l65nop,2025-06,mwmd782,loveforworld,True,1.0,True,3.0,False,186,1749367724,0,4583.9,729.0,22717.0,False
AskIndianWomen,1l65nop,2025-06,mwm85ad,Batwoman_2017,True,2.0,True,1.0,False,75,1749364896,0,3406.1,272.0,271661.0,True
AskIndianWomen,1l65nop,2025-06,mwmi799,Admirable-Zoner,True,3.0,True,5.0,False,49,1749370661,0,,,,
AskIndianWomen,1l65nop,2025-06,mwm9n28,unavailable_entity,True,4.0,True,2.0,False,34,1749365715,0,478.1,28.0,572.0,True
AskIndianWomen,1l65nop,2025-06,mwmflhk,Amarnil_Taih,True,5.0,True,4.0,False,26,1749369128,0,2165.9,2780.0,24206.0,True
AskIndianWomen,1l65nop,2025-06,mwmzx0n,Aakash1306,True,6.0,False,,False,13,1749381076,0,687.0,763.0,3074.0,True
AskIndianWomen,1l65nop,2025-06,mwmiijh,parambandari,True,8.0,False,,False,9,1749370849,0,919.8,1.0,6718.0,True
AskIndianWomen,1l65nop,2025-06,mwmnd1c,Art-e-Blanche,True,7.0,False,,False,10,1749373802,0,638.6,48161.0,29931.0,True
AskIndianWomen,1l65nop,2025-06,mwmkcke,Vegetable_Land7566,True,9.0,False,,False,7,1749371964,0,1769.7,2450.0,17788.0,True
AskIndianWomen,1l65nop,2025-06,mwnou5v,thecuriousmew,True,10.0,False,,False,7,1749391349,0,1619.1,7229.0,25947.0,True
AskIndianWomen,1lkv9p9,2025-06,mzupd8n,Lucinajess83,True,1.0,True,3.0,False,75,1750929347,0,,,,
AskIndianWomen,1lkv9p9,2025-06,mzuow1b,Realistic-Drop-9747,True,2.0,True,1.0,False,72,1750929066,0,559.8,119.0,1023.0,True
AskIndianWomen,1lkv9p9,2025-06,mzuq7pv,Spiritspeaker455666,True,3.0,True,5.0,False,61,1750929847,0,636.0,124.0,5963.0,False
AskIndianWomen,1lkv9p9,2025-06,mzuq6va,amidstsunshine,True,5.0,True,4.0,False,43,1750929832,0,572.1,790.0,2367.0,True
AskIndianWomen,1lkv9p9,2025-06,mzusehr,reddevils7070,True,4.0,False,,False,48,1750931124,0,1723.7,42253.0,49647.0,True
AskIndianWomen,1lkv9p9,2025-06,mzuqlsa,zor_se_bolo,True,6.0,False,,False,37,1750930079,0,713.3,894.0,10981.0,True
AskIndianWomen,1lkv9p9,2025-06,mzuqa8g,HmmSheriOkay,True,8.0,False,,False,36,1750929887,0,1089.6,1931.0,17335.0,True
AskIndianWomen,1lkv9p9,2025-06,mzuwe7x,ItHurtsWhenIP00,True,7.0,False,,False,37,1750933265,0,583.6,552.0,2273.0,True
AskIndianWomen,1lkv9p9,2025-06,mzuqif6,liteliya2,True,9.0,False,,False,28,1750930024,0,2020.2,2627.0,13236.0,False
AskIndianWomen,1lkv9p9,2025-06,mzut2uf,Chocolate-waffles-7,True,10.0,False,,False,14,1750931494,0,1085.3,1492.0,8611.0,True
AskIndianWomen,1lkv9p9,2025-06,mzup22x,Single-Being-8263,False,,True,2.0,False,6,1750929166,0,1950.3,7.0,31867.0,True
AskIndianWomen,1lgwo2f,2025-06,myzgqqt,thevibescorner,True,1.0,True,4.0,False,329,1750513288,0,,,,
AskIndianWomen,1lgwo2f,2025-06,myzgi65,confused-bridetobe,True,2.0,True,1.0,False,143,1750513197,0,2395.1,1284.0,29029.0,True
AskIndianWomen,1lgwo2f,2025-06,myzhwmm,Clumsy_Dumpling04,True,3.0,False,,False,57,1750513725,0,1979.0,14369.0,29194.0,True
AskIndianWomen,1lgwo2f,2025-06,myzp0y8,practical-junkie,True,4.0,False,,False,55,1750516208,0,1718.7,2059.0,65844.0,True
AskIndianWomen,1lgwo2f,2025-06,myzgpqu,confusedmommy34,True,5.0,True,3.0,False,51,1750513277,0,2211.0,532.0,2803.0,True
AskIndianWomen,1lgwo2f,2025-06,myzgulp,Sure-Ambition-569,True,6.0,True,5.0,False,32,1750513329,0,674.7,1.0,2514.0,True
AskIndianWomen,1lgwo2f,2025-06,myzgxgc,rechu2chu2chu,True,7.0,False,,False,29,1750513359,0,962.0,4.0,1194.0,True
AskIndianWomen,1lgwo2f,2025-06,myzidsp,BarracudaWilling361,True,8.0,False,,False,27,1750513900,0,977.9,138.0,1088.0,False
AskIndianWomen,1lgwo2f,2025-06,myzhj63,LongConsideration662,True,10.0,False,,False,14,1750513586,0,1410.0,43.0,112477.0,True
AskIndianWomen,1lgwo2f,2025-06,myzgo7x,halfhumanhalfgoddess,True,9.0,True,2.0,False,16,1750513261,0,,,,
AskIndianWomen,1ldpd4x,2025-06,my9wbu2,Batwoman_2017,True,1.0,True,1.0,False,58,1750172622,0,3406.1,272.0,271661.0,True
AskIndianWomen,1ldpd4x,2025-06,myak8lk,writersan,True,2.0,True,3.0,False,18,1750179377,0,1071.7,1480.0,6757.0,True
AskIndianWomen,1ldpd4x,2025-06,myazq6o,RevealApart2208,True,3.0,True,4.0,False,9,1750183545,0,,,,
AskIndianWomen,1ldpd4x,2025-06,mya73ja,liteliya2,True,4.0,True,2.0,False,8,1750175651,0,2020.2,2627.0,13236.0,False
AskIndianWomen,1ldpd4x,2025-06,mybe1r9,Soja_cat_0_0,True,5.0,True,5.0,False,6,1750187574,0,607.9,171.0,743.0,True
AskIndianWomen,1ldpd4x,2025-06,myf2gvq,confusedmommy34,True,6.0,False,,False,3,1750238153,0,2211.0,532.0,2803.0,True
AskIndianWomen,1ldpd4x,2025-06,mynckjf,Ancient-Ganache-3907,True,7.0,False,,False,2,1750347454,0,565.3,759.0,37192.0,True
AskIndianWomen,1lk3syp,2025-06,mzosbuy,Maleficent_Ad3276,True,1.0,True,4.0,False,169,1750855579,0,2091.3,650.0,3810.0,True
AskIndianWomen,1lk3syp,2025-06,mzozd7d,LongConsideration662,True,2.0,False,,False,86,1750857973,0,1410.0,43.0,112477.0,True
AskIndianWomen,1lk3syp,2025-06,mzowmr5,One-Wolverine-2855,True,3.0,False,,False,61,1750857065,0,2126.0,9.0,921.0,True
AskIndianWomen,1lk3syp,2025-06,mzowpr1,DaJabroniz,True,4.0,False,,False,21,1750857093,0,,,,
AskIndianWomen,1lk3syp,2025-06,mzozf3n,NoNutz_699669,True,5.0,False,,False,19,1750857990,0,1428.4,751.0,1964.0,True
AskIndianWomen,1lk3syp,2025-06,mzopjk5,Tango_OrangeCat,True,6.0,True,2.0,False,18,1750854549,0,391.1,1.0,733.0,True
AskIndianWomen,1lk3syp,2025-06,mzpkw3d,practical-junkie,True,7.0,False,,False,11,1750864366,0,1718.7,2059.0,65844.0,True
AskIndianWomen,1lk3syp,2025-06,mzoodam,Free_Menu6721,True,8.0,True,1.0,False,9,1750854108,0,669.9,1285.0,5549.0,False
AskIndianWomen,1lk3syp,2025-06,mzows99,mirincool,True,9.0,False,,False,8,1750857116,0,1451.0,418.0,43729.0,True
AskIndianWomen,1lk3syp,2025-06,mzoskos,hill_music_festival,False,,True,5.0,False,7,1750855667,0,1845.5,249.0,3795.0,True
AskIndianWomen,1lk3syp,2025-06,mzp6cfb,sasssyfoodie,True,10.0,False,,False,8,1750860194,0,1101.2,18432.0,69680.0,True
AskIndianWomen,1lk3syp,2025-06,mzorsje,No_Independent8195,False,,True,3.0,False,4,1750855387,0,,,,
IndianFood,1lds2jq,2025-06,myajjnx,TheJpow,True,1.0,True,1.0,False,285,1750179183,0,2123.8,1616.0,363604.0,True
IndianFood,1lds2jq,2025-06,myamsrs,Hashishiva,True,2.0,True,4.0,False,234,1750180067,0,1028.7,4876.0,25850.0,True
IndianFood,1lds2jq,2025-06,myak5aq,Wandererofworlds411,True,3.0,True,2.0,False,59,1750179351,0,1393.5,338.0,2070.0,True
IndianFood,1lds2jq,2025-06,myapgmr,ironykarl,True,4.0,False,,False,49,1750180782,0,6043.5,23.0,97902.0,False
IndianFood,1lds2jq,2025-06,myal56e,synthscoffeeguitars,True,5.0,True,3.0,False,27,1750179622,0,1234.6,2121.0,608572.0,True
IndianFood,1lds2jq,2025-06,myano6l,BeautifulAhhhh,True,6.0,True,5.0,False,18,1750180303,0,639.0,192.0,5304.0,True
IndianFood,1lds2jq,2025-06,myasmoa,Educational-Duck-999,True,8.0,False,,False,15,1750181627,0,1491.0,302.0,10501.0,True
IndianFood,1lds2jq,2025-06,myaqv5b,Endpiecesofbread,True,9.0,False,,False,15,1750181157,0,2838.5,14836.0,10109.0,True
IndianFood,1lds2jq,2025-06,myaoglq,DesiPrideGym23,True,7.0,False,,False,18,1750180516,0,946.3,6271.0,36346.0,True
IndianFood,1lds2jq,2025-06,myaw6k6,EcstasyCalculus,True,10.0,False,,False,10,1750182582,0,2773.4,14803.0,49526.0,True
IndianFood,1lk3jaq,2025-06,mzp0h7d,Zumar92,True,1.0,True,3.0,False,361,1750858341,0,2311.1,451.0,11508.0,True
IndianFood,1lk3jaq,2025-06,mzp5vlp,MathematicianTiny575,True,2.0,True,4.0,False,101,1750860051,0,1413.1,618.0,8675.0,True
IndianFood,1lk3jaq,2025-06,mzp87ey,Upstairs-Cut83,True,3.0,True,5.0,False,45,1750860746,0,,,,
IndianFood,1lk3jaq,2025-06,mzontrn,kcapoorv,True,5.0,True,1.0,False,26,1750853901,0,1753.3,4340.0,52641.0,True
IndianFood,1lk3jaq,2025-06,mzp09pi,Dragon_puzzle,True,4.0,True,2.0,False,28,1750858272,0,2103.3,480.0,3377.0,True
IndianFood,1lk3jaq,2025-06,mzt85an,Successful_Crab2832,True,6.0,False,,False,12,1750903753,0,595.5,160.0,101.0,True
IndianFood,1lk3jaq,2025-06,mztjy8j,sslawyer88,True,7.0,False,,False,6,1750908113,0,1146.7,73.0,5994.0,True
IndianFood,1lk3jaq,2025-06,mzqh3z6,kulkdaddy47,True,8.0,False,,False,3,1750873259,0,2957.9,8032.0,16742.0,True
IndianFood,1lk3jaq,2025-06,n05dclg,Pravrc123,True,9.0,False,,False,2,1751064502,0,2124.6,93.0,768.0,True
IndianFood,1lk3jaq,2025-06,n0g3uph,adnyani,True,10.0,False,,False,2,1751221427,0,2330.7,3957.0,9827.0,True
IndianFood,1ll0pzn,2025-06,mzvuovx,IceBear5321,True,2.0,True,1.0,False,25,1750946533,0,1851.1,4589.0,21023.0,True
IndianFood,1ll0pzn,2025-06,mzwsyg6,red-white-22,True,1.0,True,5.0,False,29,1750956268,0,443.0,259.0,8242.0,True
IndianFood,1ll0pzn,2025-06,mzwhar5,yardini,True,3.0,True,3.0,False,13,1750952982,0,4105.4,6064.0,63102.0,True
IndianFood,1ll0pzn,2025-06,mzy37gc,tsk1979,True,4.0,False,,False,10,1750969461,0,4667.2,61954.0,10472.0,True
IndianFood,1ll0pzn,2025-06,mzyddln,ApocalypseSlough,True,5.0,False,,False,7,1750972478,0,1693.9,3187.0,46136.0,True
IndianFood,1ll0pzn,2025-06,mzxlwcv,ScheduleSame258,True,6.0,False,,False,5,1750964293,0,1875.9,430.0,90432.0,True
IndianFood,1ll0pzn,2025-06,mzyig50,nomnommish,True,7.0,False,,False,3,1750974025,0,4077.7,15569.0,242311.0,False
IndianFood,1ll0pzn,2025-06,mzwoq4q,Educational-Dig4868,True,8.0,True,4.0,False,3,1750955058,0,1664.5,177.0,257.0,True
IndianFood,1ll0pzn,2025-06,mzx0hto,Tanyaxunicorn,True,9.0,False,,False,3,1750958356,0,2154.1,11431.0,117326.0,True
IndianFood,1ll0pzn,2025-06,mzyn77u,alkalineHydroxide,True,10.0,False,,False,2,1750975513,0,2698.5,245.0,8191.0,True
IndianFood,1ll0pzn,2025-06,mzw9w1r,Late-Warning7849,False,,True,2.0,False,1,1750950915,0,1813.6,82.0,10809.0,True
IndianFood,1lbq74w,2025-06,mxuvpuu,oarmash,True,1.0,False,,False,479,1749961151,0,4221.7,6287.0,121017.0,True
IndianFood,1lbq74w,2025-06,mxul4zi,Glum_Cheesecake9859,True,2.0,True,1.0,False,185,1749956577,0,620.7,142.0,39132.0,True
IndianFood,1lbq74w,2025-06,mxuv5n3,1singhnee,True,3.0,False,,False,124,1749960893,0,727.3,4113.0,23275.0,True
IndianFood,1lbq74w,2025-06,mxulei4,goldenbeee,True,4.0,True,2.0,False,79,1749956684,0,4496.5,21215.0,166130.0,True
IndianFood,1lbq74w,2025-06,mxuusrx,SnooPets8873,True,5.0,False,,False,51,1749960730,0,2138.6,6124.0,353607.0,True
IndianFood,1lbq74w,2025-06,mxumu35,_Tenderlion,True,6.0,True,5.0,False,31,1749957271,0,4519.8,1046.0,22163.0,True
IndianFood,1lbq74w,2025-06,mxumd45,kc_dp,True,7.0,True,4.0,False,20,1749957076,0,1857.7,463.0,2213.0,True
IndianFood,1lbq74w,2025-06,mxuq32v,TellOleBill,True,8.0,False,,False,12,1749958656,0,2210.5,199.0,4459.0,True
IndianFood,1lbq74w,2025-06,mxuyq31,VegCheeseBurger,True,9.0,False,,False,8,1749962557,0,830.0,148.0,938.0,True
IndianFood,1lbq74w,2025-06,mxulfon,uvasag,True,10.0,True,3.0,False,5,1749956697,0,4861.6,1270.0,29514.0,True
IndianFood,1lh0db1,2025-06,mz0aofz,Derian23,True,1.0,True,1.0,False,30,1750523138,0,3227.5,14066.0,72223.0,True
IndianFood,1lh0db1,2025-06,mz0bva2,athene_noctua624,True,2.0,True,4.0,False,23,1750523522,0,1818.8,43.0,725.0,True
IndianFood,1lh0db1,2025-06,mz0bbe3,Diligent-Wealth-1536,True,3.0,True,3.0,False,19,1750523343,0,997.8,821.0,29486.0,True
IndianFood,1lh0db1,2025-06,mz0gfsk,Usual-Independence56,True,4.0,False,,False,16,1750524962,0,1497.0,3222.0,9750.0,True
IndianFood,1lh0db1,2025-06,mz0p6t4,anishkalankan,True,5.0,False,,False,14,1750527667,0,2836.8,68.0,62954.0,True
IndianFood,1lh0db1,2025-06,mz0d9xj,Ill_Tonight6349,True,6.0,True,5.0,True,12,1750523970,0,1839.4,21630.0,17632.0,True
IndianFood,1lh0db1,2025-06,mz0n1tx,xenpaiBaka,True,7.0,False,,False,10,1750527005,0,1624.9,15.0,27.0,True
IndianFood,1lh0db1,2025-06,mz0awx3,Koenigss15,True,9.0,True,2.0,False,7,1750523213,0,5276.9,2884.0,6315.0,True
IndianFood,1lh0db1,2025-06,mz0i5v4,prsadr,True,8.0,False,,False,9,1750525496,0,3460.4,2793.0,55214.0,True
IndianFood,1lh0db1,2025-06,mz0dxgn,samfund1,True,10.0,False,,False,7,1750524178,0,4056.5,77.0,557.0,True
IndianFood,1l70sck,2025-06,mwubkav,Lower-Patience4978,True,1.0,False,,False,91,1749481416,0,,,,
IndianFood,1l70sck,2025-06,mwtnii9,MuttonJunckie,True,2.0,True,4.0,False,73,1749473748,0,,,,
IndianFood,1l70sck,2025-06,mwtgyln,sushiroll465,True,3.0,True,3.0,False,24,1749471289,0,1567.3,654.0,119589.0,False
IndianFood,1l70sck,2025-06,mwtcjwu,manojar,True,4.0,True,1.0,False,22,1749469475,0,6374.2,55465.0,48128.0,True
IndianFood,1l70sck,2025-06,mwwy7tn,bhumikapatel,True,5.0,False,,False,12,1749508408,0,5103.3,6585.0,15288.0,True
IndianFood,1l70sck,2025-06,mwu66xt,revasen,True,6.0,False,,False,10,1749479855,0,2600.1,1597.0,30258.0,True
IndianFood,1l70sck,2025-06,mwtfhkf,LithiumIonisthename,True,9.0,True,2.0,False,4,1749470695,0,1689.2,450.0,4370.0,True
IndianFood,1l70sck,2025-06,mwtq4br,loopingit,True,7.0,True,5.0,False,6,1749474671,0,1715.3,1428.0,19440.0,False
IndianFood,1l70sck,2025-06,mwu0i26,jahnswei,True,10.0,False,,False,3,1749478128,0,,,,
IndianFood,1l70sck,2025-06,mwxhwmc,piperatomv2,True,8.0,False,,False,5,1749514874,0,2845.5,326.0,13772.0,True
IndianFood,1lesr5f,2025-06,myisihs,cherryinvodka,True,1.0,True,1.0,False,85,1750281655,0,352.7,284.0,1551.0,True
IndianFood,1lesr5f,2025-06,myj4v5w,MacroMonster,True,2.0,False,,False,64,1750285489,0,2128.4,1072.0,15412.0,True
IndianFood,1lesr5f,2025-06,myiujgf,Miserable_Sherbet_16,True,3.0,True,2.0,False,47,1750282259,0,478.0,1.0,41.0,True
IndianFood,1lesr5f,2025-06,myj8tsf,vrkas,True,4.0,False,,False,42,1750286811,0,4665.5,7133.0,192346.0,True
IndianFood,1lesr5f,2025-06,myj0idd,10brat,True,5.0,False,,False,42,1750284084,0,1753.2,5177.0,39764.0,True
IndianFood,1lesr5f,2025-06,myj5yl2,TA_totellornottotell,True,6.0,False,,False,25,1750285850,0,1464.8,9.0,231465.0,True
IndianFood,1lesr5f,2025-06,myivf3w,Chardon-hey,True,7.0,True,3.0,False,15,1750282526,0,748.2,1933.0,418.0,True
IndianFood,1lesr5f,2025-06,myjjqx2,sushiroll465,True,8.0,False,,False,15,1750290404,0,1567.3,654.0,119589.0,False
IndianFood,1lesr5f,2025-06,myjzi2e,ar620,True,9.0,False,,False,13,1750295961,0,3302.5,73.0,59.0,True
IndianFood,1lesr5f,2025-06,myixo8j,SirPeabody,True,10.0,True,4.0,False,12,1750283212,0,4815.9,142.0,2329.0,True
IndianFood,1lesr5f,2025-06,myj0gw9,kris_deep,False,,True,5.0,False,3,1750284071,0,3477.0,7349.0,47299.0,True
IndianFood,1l9beap,2025-06,mxbk7i1,gundasami,True,1.0,True,3.0,False,30,1749698836,0,1977.5,3.0,361.0,True
IndianFood,1l9beap,2025-06,mxboxxl,railworx,True,2.0,False,,False,22,1749700829,0,2073.8,1461.0,43693.0,True
IndianFood,1l9beap,2025-06,mxbedxv,PersonaFie,True,4.0,True,2.0,False,13,1749696621,0,5730.8,163.0,6363.0,True
IndianFood,1l9beap,2025-06,mxbokqd,His_Walrusness,True,3.0,True,5.0,False,15,1749700672,0,375.9,476.0,325.0,True
IndianFood,1l9beap,2025-06,mxbpt5p,silly_rabbit289,True,5.0,False,,False,7,1749701214,0,2132.6,1197.0,166655.0,True
IndianFood,1l9beap,2025-06,mxc8h75,quartzyquirky,True,6.0,False,,False,7,1749710721,0,2638.5,5850.0,28642.0,True
IndianFood,1l9beap,2025-06,mxbrb5r,Willywilkes,True,7.0,False,,False,5,1749701888,0,3428.3,996.0,7129.0,True
IndianFood,1l9beap,2025-06,mxc6ph3,priyanka_2002,True,8.0,False,,False,5,1749709722,0,481.8,91.0,1038.0,True
IndianFood,1l9beap,2025-06,mxbvjsv,twinklesdesikitchen,True,9.0,False,,False,3,1749703887,0,376.0,1.0,2.0,True
IndianFood,1l9beap,2025-06,mxby8xe,PretentiousPepperoni,True,10.0,False,,False,3,1749705224,0,860.9,13615.0,11988.0,True
IndianFood,1l9beap,2025-06,mxbe1gr,garlicshrimpscampi,False,,True,1.0,False,3,1749696492,0,1036.8,3458.0,19484.0,True
IndianFood,1l9beap,2025-06,mxblslz,Recent-Accountant-14,False,,True,4.0,False,1,1749699493,0,848.2,1.0,143.0,True
IndianFood,1ljlqh2,2025-06,mznbzc5,indcel47,True,1.0,True,1.0,False,180,1750828794,0,1481.9,106.0,23026.0,True
IndianFood,1ljlqh2,2025-06,mzncck4,CakeFoDays,True,2.0,True,2.0,False,58,1750828975,0,1004.4,2.0,406.0,True
IndianFood,1ljlqh2,2025-06,mznfvyy,does_not_comment,True,3.0,True,5.0,False,18,1750830755,0,5007.6,1077.0,20801.0,True
IndianFood,1ljlqh2,2025-06,mznzbku,pranabus,True,4.0,False,,False,16,1750841854,0,3295.6,1348.0,19281.0,True
IndianFood,1ljlqh2,2025-06,mznfkh2,apocalypse-052917,True,6.0,True,4.0,False,13,1750830587,0,1932.2,4674.0,121360.0,True
IndianFood,1ljlqh2,2025-06,mzniluk,BadmashN,True,5.0,False,,False,14,1750832187,0,2252.0,2521.0,5312.0,True
IndianFood,1ljlqh2,2025-06,mzo49ge,HighColdDesert,True,7.0,False,,False,11,1750844768,0,2060.1,1258.0,48327.0,True
IndianFood,1ljlqh2,2025-06,mznl2wx,Spectator7778,True,8.0,False,,False,10,1750833535,0,480.5,1.0,55398.0,True
IndianFood,1ljlqh2,2025-06,mznvhgf,shannu77,True,9.0,False,,False,8,1750839547,0,402.5,95.0,762.0,True
IndianFood,1ljlqh2,2025-06,mzncule,ibarmy,True,10.0,True,3.0,False,4,1750829222,0,3504.3,8629.0,203769.0,True
IndianFood,1lbwfmm,2025-06,mxw36uv,I_tend_to_correct_u,True,2.0,True,3.0,False,40,1749985519,0,4334.8,1713.0,212759.0,True
IndianFood,1lbwfmm,2025-06,mxw8nxz,sushiroll465,True,1.0,True,4.0,False,41,1749988298,0,1567.3,654.0,119589.0,False
IndianFood,1lbwfmm,2025-06,mxwjc08,binilvj,True,3.0,False,,False,19,1749992917,0,3394.6,1.0,3102.0,True
IndianFood,1lbwfmm,2025-06,mxvwk2p,arjwiz,True,4.0,True,1.0,False,14,1749981733,0,6653.6,345.0,28189.0,True
IndianFood,1lbwfmm,2025-06,mxwimke,basar_auqat,True,5.0,False,,False,10,1749992639,0,851.6,1807.0,24431.0,True
IndianFood,1lbwfmm,2025-06,mxygwwf,anandmsinha987,True,6.0,False,,False,7,1750015219,0,846.7,1.0,63.0,False
IndianFood,1lbwfmm,2025-06,mxzlmq5,RequirementWeekly751,True,7.0,False,,False,7,1750028488,0,492.9,1.0,1057.0,True
IndianFood,1lbwfmm,2025-06,mxyb7p8,DivineSky5,True,8.0,False,,False,5,1750013446,0,1064.7,1.0,3050.0,True
IndianFood,1lbwfmm,2025-06,myo7icz,Wrigglysun,True,9.0,False,,False,3,1750356565,0,2562.6,1098.0,1373.0,True
IndianFood,1lbwfmm,2025-06,mxw12xp,Upper-Detective878,True,10.0,True,2.0,False,2,1749984384,0,1437.2,101.0,22052.0,True
IndianFood,1lbwfmm,2025-06,mxwcmre,dreamer8991,False,,True,5.0,False,1,1749990111,0,2072.3,41.0,93.0,True
