subreddit,post_id,collection_month,comment_id,author,in_top10,top10_rank,in_first5,first5_rank,is_submitter,comment_score,comment_created_utc,comment_depth,author_account_age_days,author_link_karma,author_comment_karma,author_verified_email
india,1nboonh,2025-09,nd42z38,chauhan1234567,True,1.0,True,1.0,False,2200,1757350560,0,2289.4,1.0,16226.0,True
india,1nboonh,2025-09,nd4bero,SeparateRise7783,True,2.0,False,,False,1051,1757352949,0,2058.7,552.0,4754.0,True
india,1nboonh,2025-09,nd45n7q,2SleepyToThinkOf1,True,3.0,True,4.0,False,518,1757351323,0,2571.6,107.0,16575.0,True
india,1nboonh,2025-09,nd4fm9z,Travel__Agent007,True,4.0,False,,False,369,1757354120,0,,,,
india,1nboonh,2025-09,nd45ssi,SeaGrab869,True,5.0,True,5.0,False,324,1757351366,0,447.7,152.0,6658.0,True
india,1nboonh,2025-09,nd442ww,wtfytya,True,6.0,True,2.0,False,306,1757350878,0,317.7,565.0,4938.0,True
india,1nboonh,2025-09,nd474ja,iditvk,True,7.0,False,,False,138,1757351741,0,1220.1,69.0,1355.0,True
india,1nboonh,2025-09,nd48hke,fcuk_the_king,True,8.0,False,,False,115,1757352126,0,4078.1,1372.0,122811.0,False
india,1nboonh,2025-09,nd4i6fs,Jetha-bhai,True,9.0,False,,False,111,1757354862,0,340.9,50.0,2034.0,True
india,1nboonh,2025-09,nd4el9r,Greedy_Chocolate_139,True,10.0,False,,False,87,1757353836,0,1510.0,99.0,2383.0,True
india,1nboonh,2025-09,nd45eld,Warm-Geologist001,False,,True,3.0,False,53,1757351255,0,1709.1,3121.0,115853.0,True
india,1nmx40t,2025-09,nfgelz6,MrCrackSparrow,True,1.0,True,4.0,False,1889,1758476747,0,3503.8,4107.0,6148.0,True
india,1nmx40t,2025-09,nfg7jsf,plasmalightwave,True,2.0,True,2.0,False,1089,1758474886,0,4247.5,7316.0,145823.0,True
india,1nmx40t,2025-09,nfgr87o,StretchTurbulent7525,True,3.0,False,,False,400,1758480089,0,1410.8,333.0,1531.0,True
india,1nmx40t,2025-09,nfg687p,Defiant_Sea4398,True,4.0,True,1.0,False,299,1758474522,0,,,,
india,1nmx40t,2025-09,nfgft7p,Radiant_Lemon_5501,True,5.0,False,,False,178,1758477065,0,970.1,5.0,307.0,True
india,1nmx40t,2025-09,nfhscw0,wsbgodly123,True,6.0,False,,False,173,1758490319,0,2275.1,8.0,119582.0,True
india,1nmx40t,2025-09,nfgg1f7,SameString9001,True,7.0,False,,False,127,1758477126,0,1379.7,106.0,744.0,True
india,1nmx40t,2025-09,nfgl9zp,Few-Breakfast9172,True,8.0,False,,False,118,1758478517,0,1899.6,14.0,4658.0,True
india,1nmx40t,2025-09,nfgf4f5,vikeng_gdg,True,10.0,True,5.0,False,102,1758476881,0,2716.8,1.0,4445.0,True
india,1nmx40t,2025-09,nfgg4tq,madlabdog,True,9.0,False,,False,103,1758477150,0,3529.8,6213.0,56471.0,True
india,1nmx40t,2025-09,nfg7rrq,FewStandard4690,False,,True,3.0,False,60,1758474946,0,788.2,1.0,6039.0,True
india,1nj22ee,2025-09,nen7xg9,kidakaka,True,1.0,True,3.0,False,593,1758079619,0,5996.2,274.0,4446.0,True
india,1nj22ee,2025-09,nen6xqt,Efficient-Wrap-3719,True,2.0,True,2.0,False,173,1758079205,0,272.9,1.0,164.0,False
india,1nj22ee,2025-09,nen83r1,charavaka,True,3.0,True,4.0,False,169,1758079692,0,4757.7,21708.0,585358.0,True
india,1nj22ee,2025-09,nen8fv3,circuit_brain,True,4.0,True,5.0,False,138,1758079833,0,4549.3,7692.0,31329.0,True
india,1nj22ee,2025-09,nen8k0l,GodsChild5673,True,5.0,False,,False,53,1758079882,0,339.7,1.0,162.0,True
india,1nj22ee,2025-09,nen8qz4,dedsorupiyadega,True,6.0,False,,False,25,1758079964,0,655.4,1606.0,5704.0,True
india,1nj22ee,2025-09,nenmeld,the_sane_philosopher,True,7.0,False,,False,23,1758086245,0,1358.3,1.0,8331.0,False
india,1nj22ee,2025-09,nenpmna,akapaynn,True,9.0,False,,False,10,1758087942,0,3749.6,219.0,2603.0,True
india,1nj22ee,2025-09,nenbmin,YsPlayz,True,8.0,False,,False,11,1758081175,0,1892.9,46.0,2216.0,True
india,1nj22ee,2025-09,nen68p8,Scared_Sail5523,True,10.0,True,1.0,False,7,1758078916,0,536.5,289.0,561.0,True
india,1nblnic,2025-09,nd2kq73,Shitlifee,True,1.0,True,2.0,False,855,1757333296,0,1468.2,1810.0,6303.0,True
india,1nblnic,2025-09,nd326du,texas-guy-1979,True,2.0,False,,False,180,1757339536,0,857.4,1293.0,494.0,True
india,1nblnic,2025-09,nd2laj8,watchingRummy,True,3.0,True,3.0,False,165,1757333524,0,525.0,6474.0,5476.0,True
india,1nblnic,2025-09,nd38hu3,Terrible-Criticism36,True,4.0,False,,False,101,1757341519,0,1334.6,760.0,3425.0,True
india,1nblnic,2025-09,nd2pa77,Individual_Mix_4234,True,5.0,True,4.0,False,63,1757335075,0,448.9,1743.0,1945.0,True
india,1nblnic,2025-09,nd2j2f6,Prestigious_Piano247,True,6.0,True,1.0,False,52,1757332607,0,1980.8,395.0,5891.0,True
india,1nblnic,2025-09,nd2pik5,Fenil_Fab,True,8.0,True,5.0,False,50,1757335160,0,2147.4,6203.0,203.0,True
india,1nblnic,2025-09,nd3fzil,MaskedManiac92,True,7.0,False,,False,51,1757343748,0,1467.2,9262.0,54351.0,True
india,1nblnic,2025-09,nd2wubk,chupchap,True,10.0,False,,False,30,1757337757,0,4911.1,2289.0,46362.0,True
india,1nblnic,2025-09,nd2qa4n,Odd-Needleworker-367,True,9.0,False,,False,34,1757335441,0,1438.2,88.0,239.0,True
india,1n940xo,2025-09,ncjzami,AtreusStark,True,1.0,False,,False,170,1757079468,0,2588.8,8977.0,12096.0,True
india,1n940xo,2025-09,ncjs7h5,NoLogsOnlySpeed,True,2.0,True,2.0,False,50,1757077106,0,360.5,84.0,1084.0,True
india,1n940xo,2025-09,ncjs7td,MelodicPreparation8,True,3.0,True,3.0,False,36,1757077109,0,2291.7,24.0,895.0,True
india,1n940xo,2025-09,nclnaoy,Scissoriser,True,4.0,False,,False,34,1757097045,0,719.0,362.0,17379.0,True
india,1n940xo,2025-09,ncl32b4,MohitMaxRoy,True,5.0,False,,False,33,1757091136,0,3152.1,69.0,764.0,True
india,1n940xo,2025-09,nck2nsx,LuffyAsec,True,6.0,False,,False,21,1757080549,0,1222.0,66.0,3330.0,False
india,1n940xo,2025-09,nckkssq,idontknwnething,True,7.0,False,,False,20,1757085869,0,2058.5,615.0,10959.0,True
india,1n940xo,2025-09,ncjypmf,Gammatizer,True,8.0,False,,False,19,1757079276,0,2146.0,68.0,411.0,True
india,1n940xo,2025-09,ncjqt1l,Materialmumaterial,True,10.0,True,1.0,False,13,1757076627,0,1462.9,1949.0,1232.0,True
india,1n940xo,2025-09,nck0aai,Ok-Boysenberry4326,True,9.0,False,,False,14,1757079797,0,1255.4,2.0,71.0,True
india,1n940xo,2025-09,ncjuu03,IntelligentSchool834,False,,True,4.0,False,8,1757078000,0,969.3,3.0,6966.0,True
india,1n940xo,2025-09,ncjuvev,Busy_bro7428,False,,True,5.0,False,7,1757078014,0,280.2,34.0,41.0,True
india,1nc5b92,2025-09,nd79iux,kornslug,True,1.0,False,,False,500,1757387053,0,2821.0,81.0,2291.0,True
india,1nc5b92,2025-09,nd6q1of,AssInTheHat,True,2.0,True,1.0,False,306,1757380209,0,4103.9,3791.0,28356.0,True
india,1nc5b92,2025-09,nd74ilx,themaya,True,3.0,False,,False,210,1757385243,0,5263.3,471.0,2001.0,True
india,1nc5b92,2025-09,nd6rr3m,Level_Review_3345,True,4.0,True,2.0,False,130,1757380801,0,1468.3,581.0,6665.0,True
india,1nc5b92,2025-09,nd6t25h,Throwawayx420xx,True,5.0,True,3.0,False,110,1757381242,0,3043.0,163.0,1495.0,True
india,1nc5b92,2025-09,nd7g83f,ThatTallRussian,True,6.0,False,,True,73,1757389647,0,467.2,2478.0,1649.0,True
india,1nc5b92,2025-09,nd78qff,iluvumom4,True,8.0,False,,False,65,1757386759,0,566.7,1074.0,2984.0,False
india,1nc5b92,2025-09,nd7j7ai,_MiaBhai,True,7.0,False,,False,68,1757390918,0,1267.4,16.0,252.0,True
india,1nc5b92,2025-09,nd6umwk,FishermanEmotional,True,9.0,True,5.0,False,47,1757381793,0,2140.6,32.0,405.0,True
india,1nc5b92,2025-09,nd6xmpg,Adi-Gill,True,10.0,False,,False,46,1757382857,0,2105.9,7030.0,979.0,True
india,1nc5b92,2025-09,nd6u97r,ThatTallRussian,False,,True,4.0,True,24,1757381660,0,467.2,2478.0,1649.0,True
india,1n9s9yt,2025-09,ncoyk80,Calvinhath,True,1.0,True,2.0,False,1136,1757140723,0,2611.1,3916.0,34622.0,True
india,1n9s9yt,2025-09,ncp1s6g,_AkasunaNoSasori,True,2.0,True,4.0,False,591,1757142578,0,1109.3,26.0,13003.0,True
india,1n9s9yt,2025-09,ncp623l,adminsare200iq,True,3.0,False,,False,341,1757145064,0,1949.7,4325.0,75166.0,True
india,1n9s9yt,2025-09,ncp6dyf,B-Cool-,True,4.0,False,,False,315,1757145259,0,686.2,2697.0,4922.0,True
india,1n9s9yt,2025-09,ncp6my2,Successful_Ad9415,True,6.0,False,,False,235,1757145407,0,1597.8,247.0,51527.0,True
india,1n9s9yt,2025-09,ncoyel8,Vinayakmh19,True,5.0,True,1.0,False,236,1757140635,0,2599.5,1522.0,2176.0,True
india,1n9s9yt,2025-09,ncp2iab,Lullan_senpai,True,7.0,True,5.0,False,112,1757142996,0,1958.2,50.0,30059.0,True
india,1n9s9yt,2025-09,ncpapkc,Brilliant_Rope_9983,True,8.0,False,,False,86,1757147870,0,,,,
india,1n9s9yt,2025-09,ncp0i1z,Bheegabhoot,True,10.0,True,3.0,False,58,1757141838,0,2697.0,1.0,95044.0,False
india,1n9s9yt,2025-09,ncpc40r,HelaArt,True,9.0,False,,False,63,1757148731,0,2316.8,1.0,44941.0,True
india,1nlug7w,2025-09,nf829y7,hsg8,True,1.0,True,2.0,False,632,1758363854,0,3389.8,5036.0,13858.0,True
india,1nlug7w,2025-09,nf9i9bs,vicosphi,True,2.0,False,,False,159,1758383192,0,5346.5,41.0,2254.0,True
india,1nlug7w,2025-09,nf86su7,Kshanikam,True,3.0,True,5.0,False,145,1758366227,0,1954.9,2428.0,2684.0,True
india,1nlug7w,2025-09,nf86544,SeaRaisin6665,True,4.0,True,4.0,False,63,1758365893,0,1566.3,1082.0,2772.0,True
india,1nlug7w,2025-09,nf81ir9,beethoven45,True,6.0,True,1.0,True,28,1758363414,0,2422.3,12124.0,7274.0,True
india,1nlug7w,2025-09,nf857ul,spirit101_gg,True,5.0,True,3.0,False,29,1758365425,0,1171.5,11724.0,16285.0,True
india,1nlug7w,2025-09,nf9jc1m,Acrobatic-Stage-30,True,8.0,False,,False,12,1758383519,0,1785.2,832.0,1270.0,True
india,1nlug7w,2025-09,nf87sco,rae_is_rad,True,7.0,False,,False,13,1758366720,0,3321.2,4389.0,14048.0,True
india,1nlug7w,2025-09,nf9gmxj,Acrobatic-Stage-30,True,9.0,False,,False,8,1758382698,0,1785.2,832.0,1270.0,True
india,1nlug7w,2025-09,nf9mnes,RyukXXXX,True,10.0,False,,False,6,1758384531,0,,,,
india,1nf5fzo,2025-09,ndtv0wd,mrlikrsh,True,1.0,True,2.0,False,225,1757689701,0,2203.9,3238.0,4211.0,True
india,1nf5fzo,2025-09,ndtx2pa,lifeisthismoment,True,2.0,True,3.0,False,189,1757690279,0,718.0,159.0,698.0,True
india,1nf5fzo,2025-09,ndtztxi,InternalComedian1129,True,3.0,True,4.0,False,130,1757691064,0,,,,
india,1nf5fzo,2025-09,ndu0w7s,VaikomViking,True,4.0,False,,False,121,1757691368,0,5271.8,406.0,28308.0,True
india,1nf5fzo,2025-09,nduv9an,DesignerChemistry135,True,5.0,False,,False,27,1757700096,0,272.8,1.0,61.0,True
india,1nf5fzo,2025-09,ndtzxir,sutrix_me,True,6.0,True,5.0,False,23,1757691093,0,3022.3,1.0,3511.0,True
india,1nf5fzo,2025-09,ndu6dxv,sizzicandy,True,7.0,False,,False,22,1757692918,0,2071.0,887.0,65694.0,True
india,1nf5fzo,2025-09,ndu1he5,boringhistoryfan,True,8.0,False,,False,14,1757691535,0,2829.2,141512.0,855345.0,True
india,1nf5fzo,2025-09,ndx2nij,ViolentlyDistracted,True,9.0,False,,False,7,1757725673,0,376.1,16.0,303.0,True
india,1nf5fzo,2025-09,ndvzsdg,d1v1n3snnr,True,10.0,False,,False,5,1757712144,0,915.8,61.0,1096.0,True
india,1nf5fzo,2025-09,ndtsw6t,False-Department1358,False,,True,1.0,False,3,1757689103,0,1194.0,7860.0,3652.0,True
india,1neq9c8,2025-09,ndr4omj,neonik99,True,1.0,True,1.0,False,358,1757646737,0,468.0,3698.0,9411.0,True
india,1neq9c8,2025-09,ndrd0ty,wheygirl,True,2.0,True,3.0,False,344,1757650215,0,372.9,540.0,9871.0,True
india,1neq9c8,2025-09,ndrloks,Choice_Grapefruit133,True,3.0,True,4.0,False,257,1757654309,0,1257.5,2.0,1123.0,True
india,1neq9c8,2025-09,ndrbrkg,Pussy_Plumbher,True,4.0,True,2.0,False,169,1757649659,0,,,,
india,1neq9c8,2025-09,ndrzprv,NTataglia,True,5.0,True,5.0,False,51,1757661910,0,3232.5,10.0,16283.0,True
india,1neq9c8,2025-09,ndskeql,AdilKhan226,True,6.0,False,,False,42,1757673774,0,723.0,64596.0,20566.0,True
india,1neq9c8,2025-09,nds75ue,Ashamed-One-Not,True,7.0,False,,False,30,1757666379,0,,,,
india,1neq9c8,2025-09,ndtvj8x,pearl_mermaid,True,8.0,False,,False,29,1757689845,0,1504.0,11774.0,90840.0,True
india,1neq9c8,2025-09,ndtrdcw,StatisticianTrue1488,True,9.0,False,,False,14,1757688679,0,1800.1,1.0,5159.0,True
india,1neq9c8,2025-09,ndu3idq,timusR,True,10.0,False,,False,9,1757692110,0,3209.4,3413.0,10041.0,True
BollyBlindsNGossip,1noarwf,2025-09,nfqbsey,Ill-Lengthiness3187,True,1.0,False,,False,2301,1758613155,0,1324.0,6.0,4763.0,True
BollyBlindsNGossip,1noarwf,2025-09,nfqaouy,3eyed_Coconut,True,2.0,False,,False,1398,1758612403,0,1361.8,2292.0,142129.0,True
BollyBlindsNGossip,1noarwf,2025-09,nfqawrx,gardengeo,True,3.0,False,,False,676,1758612552,0,1364.9,69020.0,34273.0,True
BollyBlindsNGossip,1noarwf,2025-09,nfqafay,MommaRuh,True,5.0,False,,False,442,1758612223,0,2320.8,49.0,6172.0,True
BollyBlindsNGossip,1noarwf,2025-09,nfq9t9m,Infinite_Slice_9617,True,4.0,True,2.0,False,443,1758611804,0,1969.2,680.0,2340.0,True
BollyBlindsNGossip,1noarwf,2025-09,nfqa6to,tingtonghabibi,True,6.0,False,,False,253,1758612061,0,1401.9,120.0,88147.0,True
BollyBlindsNGossip,1noarwf,2025-09,nfq9u70,IndependentOk388,True,7.0,True,4.0,False,215,1758611822,0,1178.6,18330.0,183440.0,False
BollyBlindsNGossip,1noarwf,2025-09,nfqfekq,Overall-Visit,True,8.0,False,,False,190,1758615642,0,2130.8,510.0,21173.0,True
BollyBlindsNGossip,1noarwf,2025-09,nfq9tm5,KangarooPristine3651,True,9.0,True,3.0,False,159,1758611811,0,2097.8,419.0,2863.0,True
BollyBlindsNGossip,1noarwf,2025-09,nfq9rph,snowwhite_112,True,10.0,True,1.0,False,150,1758611776,0,1170.2,1060.0,2936.0,False
BollyBlindsNGossip,1noarwf,2025-09,nfqa36d,Chandukechacha,False,,True,5.0,False,61,1758611992,0,2432.3,356.0,44599.0,True
BollyBlindsNGossip,1nua5pv,2025-09,ngzl6og,hatecheaters11,True,1.0,False,,False,856,1759231217,0,288.7,114.0,8639.0,True
BollyBlindsNGossip,1nua5pv,2025-09,ngzq7pn,mangowomb,True,2.0,False,,False,592,1759233351,0,281.0,182.0,2791.0,True
BollyBlindsNGossip,1nua5pv,2025-09,ngzjl92,SwimmerAgreeable7251,True,3.0,True,2.0,False,563,1759230492,0,1469.1,706.0,28659.0,True
BollyBlindsNGossip,1nua5pv,2025-09,ngzl22o,jupiterr869,True,4.0,False,,False,301,1759231161,0,2035.0,651.0,51324.0,True
BollyBlindsNGossip,1nua5pv,2025-09,ngzkxcq,waitwait2024,True,5.0,False,,False,253,1759231102,0,744.1,79.0,8524.0,True
BollyBlindsNGossip,1nua5pv,2025-09,ngzmwig,arina_0730,True,6.0,False,,False,235,1759231973,0,1003.0,39333.0,374538.0,True
BollyBlindsNGossip,1nua5pv,2025-09,ngzkyrq,BigPension3235,True,7.0,False,,False,168,1759231119,0,666.9,1039.0,6859.0,True
BollyBlindsNGossip,1nua5pv,2025-09,ngzkfzh,sinner_bae,True,8.0,True,5.0,False,127,1759230887,0,,,,
BollyBlindsNGossip,1nua5pv,2025-09,ngzrjps,DJMhat,True,9.0,False,,False,126,1759233891,0,2528.7,5462.0,232854.0,True
BollyBlindsNGossip,1nua5pv,2025-09,ngznabm,Expensive-Buy-1654,True,10.0,False,,False,112,1759232138,0,670.7,660.0,11553.0,True
BollyBlindsNGossip,1nua5pv,2025-09,ngzkes4,Jeezwhataload,False,,True,4.0,False,95,1759230871,0,1001.0,1.0,24768.0,False
BollyBlindsNGossip,1nua5pv,2025-09,ngzjact,shrijangyawali,False,,True,1.0,False,64,1759230349,0,1908.3,37051.0,35951.0,True
BollyBlindsNGossip,1nua5pv,2025-09,ngzkcy4,MADDIE_9876,False,,True,3.0,False,43,1759230848,0,361.0,1.0,3350.0,True
BollyBlindsNGossip,1nkxv2t,2025-09,nf1doz3,Outrageous-Inside341,True,1.0,False,,False,704,1758271255,0,1765.2,2247.0,41084.0,True
BollyBlindsNGossip,1nkxv2t,2025-09,nf1cl0x,markelonn,True,2.0,True,4.0,False,541,1758270570,0,4619.7,21879.0,193345.0,True
BollyBlindsNGossip,1nkxv2t,2025-09,nf1co0u,kunda-linis,True,3.0,True,5.0,False,436,1758270621,0,483.6,205.0,4777.0,True
BollyBlindsNGossip,1nkxv2t,2025-09,nf1d1jo,miss_strawberryyy,True,4.0,False,,False,274,1758270856,0,464.3,1061.0,27075.0,True
BollyBlindsNGossip,1nkxv2t,2025-09,nf1c0ud,Ennamo_poda,True,5.0,True,1.0,False,121,1758270223,0,958.9,239.0,20572.0,False
BollyBlindsNGossip,1nkxv2t,2025-09,nf1c14t,bod__beag,True,6.0,True,2.0,False,78,1758270228,0,2141.9,4579.0,17396.0,True
BollyBlindsNGossip,1nkxv2t,2025-09,nf1ch6j,curlsandmockery,True,7.0,True,3.0,False,68,1758270502,0,1410.8,2528.0,25651.0,True
BollyBlindsNGossip,1nkxv2t,2025-09,nf1co4o,4doorsmorewhoreswith,True,9.0,False,,False,50,1758270623,0,1281.0,7407.0,10014.0,False
BollyBlindsNGossip,1nkxv2t,2025-09,nf1f0ky,graceouslygorgeous_,True,8.0,False,,False,51,1758272036,0,,,,
BollyBlindsNGossip,1nkxv2t,2025-09,nf1idci,ItsBritneyBiaatch,True,10.0,False,,False,44,1758274041,0,1311.9,40.0,12998.0,True
BollyBlindsNGossip,1nia6lh,2025-09,nehenzk,Interesting-Ring-869,True,1.0,True,1.0,False,1456,1758005156,0,1242.5,2033.0,114529.0,True
BollyBlindsNGossip,1nia6lh,2025-09,nehfghx,Extension-Thought597,True,2.0,False,,False,853,1758005617,0,734.6,1.0,10075.0,True
BollyBlindsNGossip,1nia6lh,2025-09,nehetmu,redditniki_,True,3.0,True,4.0,False,256,1758005246,0,1346.1,951.0,4914.0,True
BollyBlindsNGossip,1nia6lh,2025-09,nehfdve,Level-Date-1368,True,4.0,False,,False,78,1758005576,0,648.8,2305.0,4630.0,False
BollyBlindsNGossip,1nia6lh,2025-09,nehfc76,According-Ad687,True,5.0,False,,False,75,1758005549,0,743.7,3160.0,30414.0,False
BollyBlindsNGossip,1nia6lh,2025-09,neheo90,CuddlingChampions234,True,6.0,True,2.0,False,69,1758005161,0,281.9,1856.0,4397.0,False
BollyBlindsNGossip,1nia6lh,2025-09,nehhbyf,TopGun5678,True,7.0,False,,False,31,1758006720,0,1051.1,26.0,12279.0,False
BollyBlindsNGossip,1nia6lh,2025-09,nehuosq,No_Damage2484,True,8.0,False,,False,27,1758014967,0,1979.1,373.0,40107.0,True
BollyBlindsNGossip,1nia6lh,2025-09,neheyt3,DataOwl666,True,9.0,True,5.0,False,23,1758005331,0,1955.3,22.0,11754.0,True
BollyBlindsNGossip,1nia6lh,2025-09,nehg9oq,Naive_Cause8984,True,10.0,False,,False,20,1758006088,0,756.2,66833.0,126754.0,True
BollyBlindsNGossip,1nia6lh,2025-09,neheqoi,kyayaartubhi,False,,True,3.0,False,11,1758005199,0,,,,
BollyBlindsNGossip,1n77o8h,2025-09,nc5hz20,Jami3Lannister,True,1.0,False,,False,1274,1756882946,0,303.1,974.0,12043.0,True
BollyBlindsNGossip,1n77o8h,2025-09,nc5irs5,flippiness,True,2.0,False,,False,513,1756883400,0,4218.3,41.0,2242.0,False
BollyBlindsNGossip,1n77o8h,2025-09,nc5w3yo,chaicoffeetoffee,True,3.0,False,,False,375,1756891411,0,864.0,6.0,2028.0,False
BollyBlindsNGossip,1n77o8h,2025-09,nc5hsge,AndheriKaDon,True,4.0,False,,False,339,1756882843,0,1193.8,348.0,2912.0,True
BollyBlindsNGossip,1n77o8h,2025-09,nc5gkg9,Then_Huckleberry_623,True,6.0,True,2.0,False,328,1756882152,0,811.5,48031.0,160003.0,True
BollyBlindsNGossip,1n77o8h,2025-09,nc5gxhi,MidnightWolf__,True,5.0,True,4.0,False,332,1756882353,0,480.3,130895.0,64401.0,True
BollyBlindsNGossip,1n77o8h,2025-09,nc5hqi4,practical-junkie,True,7.0,False,,False,138,1756882812,0,1718.7,2059.0,65844.0,True
BollyBlindsNGossip,1n77o8h,2025-09,nc5gjay,arina_0730,True,8.0,True,1.0,False,136,1756882135,0,1003.0,39333.0,374538.0,True
BollyBlindsNGossip,1n77o8h,2025-09,nc5glnw,Rockstar-7-8,True,9.0,True,3.0,False,65,1756882172,0,305.7,11.0,2383.0,True
BollyBlindsNGossip,1n77o8h,2025-09,nc5ip4o,Significant_Shop1546,True,10.0,False,,False,58,1756883358,0,1540.0,20.0,4919.0,True
BollyBlindsNGossip,1n77o8h,2025-09,nc5hbgp,creativeforce06,False,,True,5.0,False,22,1756882572,0,594.3,53.0,182183.0,True
BollyBlindsNGossip,1nk2lnd,2025-09,neupqp6,RodrickJasperHeffley,True,1.0,True,3.0,False,1124,1758183767,0,,,,
BollyBlindsNGossip,1nk2lnd,2025-09,neurm20,bojack_harshman,True,2.0,False,,False,772,1758184910,0,1280.9,73.0,3397.0,True
BollyBlindsNGossip,1nk2lnd,2025-09,neuq48n,Majestic_District_51,True,3.0,True,4.0,False,753,1758183998,0,1831.0,69998.0,625766.0,True
BollyBlindsNGossip,1nk2lnd,2025-09,nevcp4a,ariesandnotproud,True,4.0,False,,False,624,1758195782,0,2180.7,27553.0,122414.0,True
BollyBlindsNGossip,1nk2lnd,2025-09,nevnr0k,NoUterus-No_Opinion,True,5.0,False,,False,444,1758199866,0,375.4,72.0,5145.0,True
BollyBlindsNGossip,1nk2lnd,2025-09,neurfve,Intelligent-Shame-65,True,6.0,False,,False,240,1758184805,0,1873.6,23.0,131473.0,True
BollyBlindsNGossip,1nk2lnd,2025-09,neupmu3,Affectionate-Map9362,True,7.0,True,2.0,False,208,1758183703,0,1628.0,276.0,2642.0,True
BollyBlindsNGossip,1nk2lnd,2025-09,neuqu30,Roxannesharma,True,8.0,True,5.0,False,190,1758184436,0,2337.6,1342.0,39336.0,True
BollyBlindsNGossip,1nk2lnd,2025-09,neupivg,Fit_Pressure1524,True,9.0,True,1.0,False,142,1758183636,0,780.5,1.0,7854.0,True
BollyBlindsNGossip,1nk2lnd,2025-09,neut191,Rogue107,True,10.0,False,,False,140,1758185755,0,2732.4,1312.0,71572.0,True
BollyBlindsNGossip,1nb8698,2025-09,nd04wzp,Late-Spite8425,True,1.0,True,4.0,False,419,1757291620,0,1123.0,3102.0,81603.0,True
BollyBlindsNGossip,1nb8698,2025-09,nd01ywq,WhatShouldTheHeartDo,True,2.0,True,2.0,False,402,1757290572,0,1424.4,22397.0,234255.0,True
BollyBlindsNGossip,1nb8698,2025-09,nd0496x,drishmish,True,3.0,True,3.0,False,283,1757291382,0,1891.9,1459.0,10447.0,True
BollyBlindsNGossip,1nb8698,2025-09,nd0mikf,Alert_Message_3132,True,4.0,False,,False,128,1757297949,0,1655.9,1.0,5947.0,True
BollyBlindsNGossip,1nb8698,2025-09,nd0kzl4,ThunderBird847,True,5.0,False,,False,101,1757297393,0,1986.2,25283.0,259990.0,True
BollyBlindsNGossip,1nb8698,2025-09,nd04zb7,Late-Spite8425,True,6.0,True,5.0,False,83,1757291643,0,1123.0,3102.0,81603.0,True
BollyBlindsNGossip,1nb8698,2025-09,nd0onrz,creativeforce06,True,7.0,False,,False,39,1757298742,0,594.3,53.0,182183.0,True
BollyBlindsNGossip,1nb8698,2025-09,nd1mm9r,Awkward_Focus69,True,8.0,False,,False,25,1757314466,0,2132.8,470.0,2134.0,True
BollyBlindsNGossip,1nb8698,2025-09,nd0ul28,aaaloooparathaaa,True,9.0,False,,False,15,1757300953,0,481.6,37.0,12095.0,True
BollyBlindsNGossip,1nb8698,2025-09,nd0g0wm,xoxoreylo,True,10.0,False,,False,13,1757295594,0,1672.1,51.0,6959.0,False
BollyBlindsNGossip,1nb8698,2025-09,nczvt0t,Famous-Calendar-3781,False,,True,1.0,False,8,1757288403,0,1165.7,2251.0,5447.0,True
BollyBlindsNGossip,1ntnpl0,2025-09,nguyu8x,Plastic_Review4687,True,1.0,True,2.0,False,751,1759166219,0,965.7,321.0,15524.0,False
BollyBlindsNGossip,1ntnpl0,2025-09,ngv2z8j,kyoshu_,True,2.0,False,,False,357,1759167393,0,1926.3,2456.0,22659.0,True
BollyBlindsNGossip,1ntnpl0,2025-09,ngvaldb,Beneficial-Car-6404,True,3.0,False,,False,276,1759169537,0,1389.4,9341.0,11525.0,True
BollyBlindsNGossip,1ntnpl0,2025-09,nguy9lh,Maleficent-Army-4758,True,4.0,True,1.0,False,225,1759166057,0,1941.0,18504.0,63576.0,True
BollyBlindsNGossip,1ntnpl0,2025-09,ngv0pwt,Kooky_Net_6670,True,5.0,True,4.0,False,170,1759166752,0,1585.6,16.0,1896.0,True
BollyBlindsNGossip,1ntnpl0,2025-09,ngv48u6,nightwing9750,True,6.0,False,,False,154,1759167745,0,847.2,86.0,2959.0,True
BollyBlindsNGossip,1ntnpl0,2025-09,ngv47kl,GiveMeSomeSunshine3,True,7.0,False,,False,141,1759167735,0,448.8,1815823.0,223800.0,True
BollyBlindsNGossip,1ntnpl0,2025-09,ngv441s,DepartmentRound6413,True,8.0,False,,False,141,1759167708,0,1087.2,51.0,101009.0,True
BollyBlindsNGossip,1ntnpl0,2025-09,ngvavys,No_Action5713,True,9.0,False,,False,102,1759169622,0,1165.2,1020.0,23641.0,True
BollyBlindsNGossip,1ntnpl0,2025-09,nguyw4v,GoodInternet2346,True,10.0,True,3.0,False,102,1759166234,0,953.7,167.0,11808.0,True
BollyBlindsNGossip,1ntnpl0,2025-09,ngv1uck,parisianraven,False,,True,5.0,False,21,1759167070,0,1322.7,6661.0,17644.0,True
BollyBlindsNGossip,1ntrssj,2025-09,ngvu6hr,PhotographBusy6209,True,1.0,True,3.0,False,1434,1759175190,0,2038.1,3153.0,91486.0,True
BollyBlindsNGossip,1ntrssj,2025-09,ngw1luq,IndependentOk388,True,2.0,False,,False,856,1759177359,0,1178.6,18330.0,183440.0,False
BollyBlindsNGossip,1ntrssj,2025-09,ngvua9l,Even-Hunter1455,True,3.0,True,5.0,False,777,1759175221,0,1070.1,1535.0,5115.0,True
BollyBlindsNGossip,1ntrssj,2025-09,ngvubxt,hufflepufferr,True,4.0,False,,False,506,1759175235,0,2085.8,3094.0,12114.0,True
BollyBlindsNGossip,1ntrssj,2025-09,ngvvrzk,Shaitaan-Haiwan,True,5.0,False,,False,413,1759175655,0,601.6,62112.0,55075.0,True
BollyBlindsNGossip,1ntrssj,2025-09,ngvwbhd,CommonBelt2338,True,6.0,False,,False,331,1759175812,0,1419.6,1506.0,71264.0,True
BollyBlindsNGossip,1ntrssj,2025-09,ngvuchz,No-Mango8211,True,7.0,False,,False,312,1759175239,0,1786.7,1.0,466.0,True
BollyBlindsNGossip,1ntrssj,2025-09,ngvux2r,dollyayesha,True,8.0,False,,False,157,1759175407,0,3504.8,11155.0,117081.0,True
BollyBlindsNGossip,1ntrssj,2025-09,ngvui04,orangedey,True,9.0,False,,False,133,1759175285,0,843.9,724.0,17396.0,False
BollyBlindsNGossip,1ntrssj,2025-09,ngvw5nd,Fickle-Sense8599,True,10.0,False,,False,102,1759175766,0,658.3,500.0,8704.0,True
BollyBlindsNGossip,1ntrssj,2025-09,ngvtq2w,3eyed_Coconut,False,,True,1.0,False,74,1759175057,0,1361.8,2292.0,142129.0,True
BollyBlindsNGossip,1ntrssj,2025-09,ngvtvln,useless_me86,False,,True,2.0,False,50,1759175102,0,1475.6,4493.0,25071.0,True
BollyBlindsNGossip,1ntrssj,2025-09,ngvua4i,Murky-Department-111,False,,True,4.0,False,30,1759175220,0,,,,
BollyBlindsNGossip,1njgo9s,2025-09,neq2qmy,ThunderBird847,True,1.0,False,,False,898,1758124329,0,1986.2,25283.0,259990.0,True
BollyBlindsNGossip,1njgo9s,2025-09,neq1tag,hatecheaters11,True,2.0,True,4.0,False,323,1758124064,0,288.7,114.0,8639.0,True
BollyBlindsNGossip,1njgo9s,2025-09,neqjwpj,Successful_Cow_8713,True,3.0,False,,False,137,1758129220,0,418.1,102.0,26086.0,True
BollyBlindsNGossip,1njgo9s,2025-09,neq9l4n,Direct_Key3282,True,4.0,False,,False,137,1758126298,0,332.2,65.0,9802.0,True
BollyBlindsNGossip,1njgo9s,2025-09,neq65tb,RodrickJasperHeffley,True,5.0,False,,False,134,1758125312,0,,,,
BollyBlindsNGossip,1njgo9s,2025-09,neqc86j,TheJigglypuff23,True,6.0,False,,False,61,1758127056,0,273.7,1138.0,29792.0,True
BollyBlindsNGossip,1njgo9s,2025-09,neq193d,Subjectlesssubject,True,9.0,True,1.0,False,46,1758123902,0,,,,
BollyBlindsNGossip,1njgo9s,2025-09,neq1e04,Far_Employ_4155,True,7.0,True,2.0,False,53,1758123941,0,793.9,1850.0,25025.0,False
BollyBlindsNGossip,1njgo9s,2025-09,neq3jkr,Difficult_Tutor8483,True,8.0,False,,False,48,1758124558,0,1498.1,1.0,23085.0,True
BollyBlindsNGossip,1njgo9s,2025-09,neq1et6,Cheap_trick1412,True,10.0,True,3.0,False,39,1758123947,0,,,,
BollyBlindsNGossip,1njgo9s,2025-09,neq2jfm,desi-girl12,False,,True,5.0,False,26,1758124272,0,283.7,17138.0,4527.0,True
indiasocial,1nlnxtu,2025-09,nf6uut8,LateHackHero3,True,1.0,True,1.0,False,672,1758340031,0,,,,
indiasocial,1nlnxtu,2025-09,nf6vk37,International-Dog480,True,2.0,True,3.0,False,359,1758340344,0,1935.0,1.0,1368.0,True
indiasocial,1nlnxtu,2025-09,nf6vm8q,GoatSavings,True,3.0,True,4.0,False,118,1758340370,0,1503.0,1.0,1849.0,True
indiasocial,1nlnxtu,2025-09,nf6vbns,DeplorableEDoctor,True,4.0,True,2.0,False,58,1758340241,0,2112.2,13066.0,105304.0,True
indiasocial,1nlnxtu,2025-09,nf6vu1c,Historical-Pen-4961,True,5.0,False,,False,23,1758340465,0,430.3,4.0,1104.0,True
indiasocial,1nlnxtu,2025-09,nf702k4,SPAIRBRAINS,True,6.0,False,,False,17,1758342459,0,1514.2,1080.0,189.0,True
indiasocial,1nlnxtu,2025-09,nf6xpq4,SimpleAd9687,True,7.0,False,,False,13,1758341336,0,2096.1,757.0,15964.0,True
indiasocial,1nlnxtu,2025-09,nf70noq,phantomgamer0,True,8.0,False,,False,13,1758342745,0,744.0,2648.0,1808.0,True
indiasocial,1nlnxtu,2025-09,nf6vm8m,thirumali,True,9.0,True,5.0,False,13,1758340370,0,2594.8,923.0,6477.0,True
indiasocial,1nlnxtu,2025-09,nf6wuyw,Primary_Ad_9155,True,10.0,False,,False,11,1758340934,0,1278.1,49.0,830.0,True
indiasocial,1ntoy08,2025-09,ngvezi7,_sleepyKid,True,1.0,False,,False,521,1759170792,0,1303.6,1.0,541.0,True
indiasocial,1ntoy08,2025-09,ngvcyn4,PsySmoothy,True,2.0,False,,False,277,1759170214,0,2056.7,143.0,11828.0,True
indiasocial,1ntoy08,2025-09,ngvftut,ParryHotter369,True,3.0,False,,False,173,1759171033,0,746.1,8026.0,17332.0,True
indiasocial,1ntoy08,2025-09,ngvdi5o,S_k_N_,True,4.0,False,,False,121,1759170370,0,1580.2,51757.0,29078.0,True
indiasocial,1ntoy08,2025-09,ngvap8h,Dry_Ratio3658,True,5.0,True,1.0,False,33,1759169568,0,855.0,34.0,9048.0,True
indiasocial,1ntoy08,2025-09,ngvbpz5,Daphne010,True,6.0,True,3.0,False,25,1759169861,0,1085.2,12191.0,23740.0,True
indiasocial,1ntoy08,2025-09,ngvcsis,shim_niyi,True,7.0,True,5.0,False,21,1759170168,0,,,,
indiasocial,1ntoy08,2025-09,ngvrb2w,Desi_Arnold,True,8.0,False,,False,20,1759174353,0,271.0,223.0,3546.0,False
indiasocial,1ntoy08,2025-09,ngvcqk3,vigya16,True,9.0,True,4.0,False,20,1759170151,0,,,,
indiasocial,1ntoy08,2025-09,ngvjyl9,Unpickled_cucumber1,True,10.0,False,,False,17,1759172210,0,812.6,680.0,175574.0,True
indiasocial,1ntoy08,2025-09,ngvb0px,Little-Breath5557,False,,True,2.0,False,15,1759169659,0,1042.4,54.0,2689.0,True
indiasocial,1nq04ey,2025-09,ng364g9,ArthurMorgan_27,True,1.0,True,3.0,False,1717,1758784537,0,450.9,9302.0,12378.0,True
indiasocial,1nq04ey,2025-09,ng37jzy,Afraid-Start-6906,True,2.0,False,,True,996,1758785397,0,1061.7,8873.0,6545.0,True
indiasocial,1nq04ey,2025-09,ng36p9y,itsmugshot,True,3.0,True,4.0,False,135,1758784881,0,1028.9,14082.0,527.0,True
indiasocial,1nq04ey,2025-09,ng36tce,AntCritical6836,True,4.0,True,5.0,False,49,1758784948,0,693.1,41.0,4506.0,True
indiasocial,1nq04ey,2025-09,ng37qcz,LegendaryNoobGod,True,5.0,False,,False,21,1758785507,0,990.1,27141.0,14615.0,True
indiasocial,1nq04ey,2025-09,ng35w9k,CardiologistOk3250,True,7.0,True,1.0,False,13,1758784402,0,977.8,217.0,5590.0,True
indiasocial,1nq04ey,2025-09,ng363b5,Ranger_Hawk3046,True,6.0,True,2.0,False,14,1758784519,0,390.1,123299.0,57317.0,True
indiasocial,1nq04ey,2025-09,ng37fhq,WeLivInSociety,True,8.0,False,,False,13,1758785319,0,,,,
indiasocial,1nq04ey,2025-09,ng37734,4bhishek,True,9.0,False,,False,9,1758785175,0,3723.4,9242.0,9056.0,True
indiasocial,1nq04ey,2025-09,ng3chsk,Willing_Chemist8272,True,10.0,False,,False,7,1758788422,0,1782.8,2652.0,35204.0,True
indiasocial,1ni8gg2,2025-09,neh4xyd,graceouslygorgeous_,True,1.0,True,1.0,False,145,1757999795,0,,,,
indiasocial,1ni8gg2,2025-09,neh55re,--celestial--,True,2.0,True,3.0,False,72,1757999905,0,752.4,13631.0,15893.0,True
indiasocial,1ni8gg2,2025-09,neh50x7,Draken_1923,True,3.0,True,2.0,False,72,1757999836,0,1373.1,610.0,-100.0,True
indiasocial,1ni8gg2,2025-09,nehqzrp,Energy_wishper,True,4.0,True,5.0,False,9,1758012697,0,267.2,187.0,247.0,False
indiasocial,1ni8gg2,2025-09,neh7had,fin-freedom-fighter,True,5.0,True,4.0,False,6,1758001121,0,793.7,10418.0,21130.0,False
indiasocial,1ni8gg2,2025-09,nei8coe,Pale_Let3756,True,6.0,False,,False,4,1758022003,0,801.8,113.0,5485.0,True
indiasocial,1ni8gg2,2025-09,neib85g,Cannon__Minion,True,7.0,False,,False,4,1758023218,0,660.4,1223.0,50115.0,True
indiasocial,1ni8gg2,2025-09,nehyfqp,No-Adhesiveness-673,True,8.0,False,,False,2,1758017154,0,,,,
indiasocial,1nd8dfn,2025-09,ndeu9cx,hars568,True,1.0,True,1.0,False,1102,1757492220,0,748.1,7185.0,10649.0,True
indiasocial,1nd8dfn,2025-09,ndevjk8,Anything_Shubhh,True,2.0,False,,False,416,1757493003,0,,,,
indiasocial,1nd8dfn,2025-09,ndeuz5d,VelvetRaven88,True,3.0,True,3.0,False,133,1757492656,0,355.3,152.0,757.0,True
indiasocial,1nd8dfn,2025-09,ndew721,AnimeFuntai,True,4.0,False,,False,126,1757493399,0,1900.9,1327.0,4982.0,True
indiasocial,1nd8dfn,2025-09,ndey5nk,Ok-Flan8808,True,5.0,False,,False,109,1757494565,0,1415.9,775.0,11519.0,True
indiasocial,1nd8dfn,2025-09,ndex74x,abhay_00,True,6.0,False,,False,62,1757494001,0,729.2,77.0,3324.0,True
indiasocial,1nd8dfn,2025-09,ndex4c5,mera-khel-khtm,True,7.0,False,,False,51,1757493953,0,362.6,17238.0,21276.0,False
indiasocial,1nd8dfn,2025-09,ndev2ea,EmbarrassedLeading12,True,8.0,True,5.0,False,35,1757492713,0,945.4,8473.0,2240.0,True
indiasocial,1nd8dfn,2025-09,ndev261,Sketchers-998,True,9.0,True,4.0,False,32,1757492709,0,2089.7,134.0,1764.0,True
indiasocial,1nd8dfn,2025-09,ndezf1y,Both-Ant4433,True,10.0,False,,False,16,1757495319,0,,,,
indiasocial,1nd8dfn,2025-09,ndeuoem,Other_Championship19,False,,True,2.0,False,10,1757492475,0,,,,
indiasocial,1nrnw0f,2025-09,ngfspra,Same-Ad-5132,True,1.0,True,1.0,False,521,1758954007,0,,,,
indiasocial,1nrnw0f,2025-09,ngftk23,Ranger_Hawk3046,True,2.0,True,3.0,False,205,1758954463,0,390.1,123299.0,57317.0,True
indiasocial,1nrnw0f,2025-09,ngftwea,MadKingZilla,True,3.0,True,5.0,False,69,1758954655,0,2277.6,13154.0,59474.0,True
indiasocial,1nrnw0f,2025-09,ngfuf9d,Pranavm3112,True,4.0,False,,False,24,1758954950,0,2271.9,562.0,21464.0,True
indiasocial,1nrnw0f,2025-09,ngfua24,PayResponsible4458,True,5.0,False,,False,18,1758954870,0,1510.1,4847.0,85077.0,True
indiasocial,1nrnw0f,2025-09,ngfudpg,MasterpiecePast837,True,6.0,False,,False,17,1758954927,0,,,,
indiasocial,1nrnw0f,2025-09,ngfumgh,whitesaucepan,True,7.0,False,,False,15,1758955063,0,377.7,5942.0,4219.0,True
indiasocial,1nrnw0f,2025-09,ngft3c8,Specific_Top9076,True,8.0,True,2.0,False,15,1758954211,0,402.0,186.0,4313.0,True
indiasocial,1nrnw0f,2025-09,ngfxb64,Nothing769,True,9.0,False,,False,8,1758956552,0,,,,
indiasocial,1nrnw0f,2025-09,ngftqqn,iWantJob-,False,,True,4.0,False,4,1758954567,0,496.0,38.0,119386.0,True
indiasocial,1nrnw0f,2025-09,ngfwg26,sheelikesyapping,True,10.0,False,,False,6,1758956076,0,285.2,29.0,9482.0,True
indiasocial,1ni7u7k,2025-09,negz20c,mynameismanager,True,1.0,True,2.0,False,228,1757996975,0,783.8,22489.0,83677.0,False
indiasocial,1ni7u7k,2025-09,negynip,kryptoisascam69,True,2.0,True,1.0,False,60,1757996787,0,1480.0,3456.0,5298.0,True
indiasocial,1ni7u7k,2025-09,negzhdd,LiveStreamDaddu,True,3.0,False,,False,56,1757997177,0,765.4,1332.0,8115.0,True
indiasocial,1ni7u7k,2025-09,neh041k,Good-Fly-8207,True,4.0,False,,False,12,1757997467,0,468.1,4.0,950.0,False
indiasocial,1ni7u7k,2025-09,neh21ta,Chooseausernamev3,True,5.0,False,,False,9,1757998369,0,765.2,33911.0,8467.0,True
indiasocial,1ni7u7k,2025-09,negz76n,cheeseeburstpizza,True,7.0,True,3.0,False,4,1757997042,0,404.9,3524.0,43048.0,True
indiasocial,1ni7u7k,2025-09,neh1p0u,Ranger_Hawk3046,True,6.0,False,,False,5,1757998201,0,390.1,123299.0,57317.0,True
indiasocial,1ni7u7k,2025-09,negzdgj,Dharma__108,True,8.0,True,5.0,False,3,1757997124,0,1813.3,17.0,263.0,True
indiasocial,1ni7u7k,2025-09,neh0vvb,Accomplished-Way1842,True,9.0,False,,False,3,1757997828,0,1946.0,1814.0,7734.0,True
indiasocial,1ni7u7k,2025-09,negz8dk,pavitr-parker,True,10.0,True,4.0,False,1,1757997056,0,415.1,5323.0,1630.0,True
indiasocial,1nsv0v8,2025-09,ngot9yf,pleasesendboobspics,True,1.0,True,1.0,False,502,1759082643,0,747.9,408.0,15254.0,True
indiasocial,1nsv0v8,2025-09,ngoyph7,curious_asmat,True,2.0,True,4.0,False,368,1759084178,0,2299.2,2600.0,9651.0,True
indiasocial,1nsv0v8,2025-09,ngp05bs,ChocolateGreedy2878,True,3.0,True,5.0,False,219,1759084584,0,717.9,150.0,8072.0,True
indiasocial,1nsv0v8,2025-09,ngotqrn,Chibuaha,True,5.0,True,2.0,False,65,1759082775,0,1134.5,15.0,787.0,True
indiasocial,1nsv0v8,2025-09,ngovsr5,Dempressed_Kimg,True,4.0,True,3.0,False,66,1759083354,0,1617.0,8207.0,59070.0,True
indiasocial,1nsv0v8,2025-09,ngp5fef,TheFriendlyBatman001,True,6.0,False,,False,20,1759086107,0,333.5,466.0,3552.0,True
indiasocial,1nsv0v8,2025-09,ngpl593,Zestyclose-Choice-51,True,7.0,False,,False,7,1759090599,0,2008.2,18.0,1318.0,True
indiasocial,1nsv0v8,2025-09,ngreq9b,Yes_Cats,True,8.0,False,,False,7,1759112478,0,778.5,4729.0,17281.0,True
indiasocial,1nsv0v8,2025-09,ngp9m8b,Advanced-Sell9494,True,9.0,False,,False,3,1759087299,0,589.7,171.0,637.0,True
indiasocial,1nsv0v8,2025-09,ngpspf5,D_Badass_Mahatma,True,10.0,False,,False,2,1759092795,0,437.7,6.0,1176.0,False
indiasocial,1np7chp,2025-09,nfx2h0q,Cool-Apartment-4683,True,1.0,True,1.0,False,498,1758705627,0,1307.1,2868.0,1256.0,True
indiasocial,1np7chp,2025-09,nfx5zw9,Economy-Wall-6744,True,2.0,True,4.0,False,400,1758707723,0,700.3,526.0,6832.0,True
indiasocial,1np7chp,2025-09,nfxc2dr,sain_inaban,True,3.0,False,,False,278,1758710981,0,2125.0,5058.0,7064.0,True
indiasocial,1np7chp,2025-09,nfxe1zn,Deep_Ride488,True,4.0,False,,False,120,1758711923,0,471.8,21242.0,5452.0,True
indiasocial,1np7chp,2025-09,nfx4egz,AmbassadorLegal8531,True,5.0,True,2.0,False,87,1758706800,0,2044.3,33761.0,803.0,True
indiasocial,1np7chp,2025-09,nfxbktb,WizardPrince_,True,6.0,True,5.0,False,67,1758710744,0,972.4,31974.0,46770.0,True
indiasocial,1np7chp,2025-09,nfxoiyl,saalame,True,7.0,False,,False,65,1758716341,0,668.4,142307.0,14993.0,True
indiasocial,1np7chp,2025-09,nfxfu98,BangaloreKiddo,True,8.0,False,,False,41,1758712744,0,274.9,10.0,1038.0,False
indiasocial,1np7chp,2025-09,nfxk8z4,AstronomerFar2586,True,9.0,False,,False,30,1758714650,0,806.0,10.0,1028.0,True
indiasocial,1np7chp,2025-09,nfxk0yf,Character-Travel3952,True,10.0,False,,False,9,1758714559,0,276.3,137.0,4244.0,False
indiasocial,1np7chp,2025-09,nfx4n3t,Alternative_Run_5565,False,,True,3.0,False,7,1758706942,0,910.0,27.0,26732.0,True
indiasocial,1ndy5cm,2025-09,ndkq4u9,Cruxio1,True,1.0,True,5.0,False,353,1757562315,0,1404.0,65.0,2037.0,True
indiasocial,1ndy5cm,2025-09,ndkmkjy,kawaii_hito,True,2.0,True,1.0,False,126,1757560861,0,,,,
indiasocial,1ndy5cm,2025-09,ndl5c65,GanjaGlobal,True,3.0,False,,False,61,1757569236,0,1951.8,34048.0,23424.0,True
indiasocial,1ndy5cm,2025-09,ndkppax,icudntpickone,True,4.0,True,4.0,False,27,1757562139,0,1304.7,2540.0,22265.0,True
indiasocial,1ndy5cm,2025-09,ndkn6r7,ObamaIsMyLeftTit,True,5.0,True,2.0,False,19,1757561110,0,328.2,765.0,93.0,True
indiasocial,1ndy5cm,2025-09,ndkt9uv,DonutAccurate4,True,6.0,False,,False,12,1757563640,0,980.0,856.0,51883.0,True
indiasocial,1ndy5cm,2025-09,ndkwica,Curious_Car_9785,True,7.0,False,,False,6,1757565053,0,381.0,657.0,3506.0,True
indiasocial,1ndy5cm,2025-09,ndkpp60,pilotshashi,True,8.0,True,3.0,False,4,1757562137,0,1922.6,31044.0,12210.0,True
indiasocial,1ndy5cm,2025-09,ndkudfd,pussylicker6948,True,9.0,False,,False,4,1757564111,0,,,,
indiasocial,1ndy5cm,2025-09,ndl7ynm,Enough_Technology_95,True,10.0,False,,False,4,1757570585,0,792.0,16245.0,10027.0,True
developersIndia,1nhbs59,2025-09,neajkrx,cchaosat4,True,1.0,True,3.0,False,357,1757909767,0,2126.0,978.0,2681.0,True
developersIndia,1nhbs59,2025-09,neaiss0,NOT_SO_RETARD,True,2.0,True,2.0,False,351,1757909399,0,401.0,6481.0,2659.0,True
developersIndia,1nhbs59,2025-09,neakj8b,watchingRummy,True,3.0,False,,False,145,1757910225,0,525.0,6474.0,5476.0,True
developersIndia,1nhbs59,2025-09,neaqnz9,mrnerdy59,True,4.0,False,,False,91,1757913335,0,2427.8,2085.0,2632.0,True
developersIndia,1nhbs59,2025-09,neal8br,Forward_Western_3796,True,5.0,False,,False,57,1757910568,0,287.7,1.0,138.0,True
developersIndia,1nhbs59,2025-09,neat849,why2chose,True,6.0,False,,False,33,1757914703,0,3082.8,4125.0,4988.0,True
developersIndia,1nhbs59,2025-09,nealoh5,Cap_tain_Wolf,True,8.0,False,,False,26,1757910792,0,2079.2,15054.0,6373.0,True
developersIndia,1nhbs59,2025-09,neb8s6b,SimilarAd7283,True,7.0,False,,False,27,1757923860,0,966.6,1.0,648.0,True
developersIndia,1nhbs59,2025-09,neak8vj,Ragingrahul17,True,9.0,True,5.0,False,20,1757910087,0,2249.6,6833.0,3798.0,True
developersIndia,1nhbs59,2025-09,neb3xla,Visual_Buracuda_here,True,10.0,False,,False,16,1757920824,0,2049.6,1392.0,7243.0,True
developersIndia,1nhbs59,2025-09,neaha9i,big_hole_energy,False,,True,1.0,True,16,1757908700,0,1142.8,254265.0,424.0,True
developersIndia,1nhbs59,2025-09,neak4sn,Best_Ad4323,False,,True,4.0,False,8,1757910034,0,1832.5,63.0,245.0,True
developersIndia,1nln213,2025-09,nf6sj6i,thrSedec44070maksup,True,1.0,False,,False,736,1758339004,0,1968.8,243.0,57450.0,True
developersIndia,1nln213,2025-09,nf6qstt,aakashrajaraman2,True,2.0,False,,False,441,1758338259,0,928.3,178.0,1443.0,True
developersIndia,1nln213,2025-09,nf6omoj,ItzHolmes-,True,3.0,True,2.0,False,379,1758337347,0,1651.8,104.0,4757.0,True
developersIndia,1nln213,2025-09,nf6swda,outlaw_king10,True,4.0,False,,False,290,1758339166,0,1153.0,101.0,11939.0,True
developersIndia,1nln213,2025-09,nf6sfb2,Large-Party-265,True,5.0,False,,False,253,1758338958,0,1367.6,3967.0,2554.0,True
developersIndia,1nln213,2025-09,nf6qcor,jadhavsaurabh,True,6.0,True,4.0,False,219,1758338072,0,1218.4,1705.0,5669.0,False
developersIndia,1nln213,2025-09,nf6qhq7,Zestyclose-Text-5720,True,7.0,True,5.0,False,204,1758338132,0,2150.0,206.0,2164.0,True
developersIndia,1nln213,2025-09,nf6w2l8,Odd_Play_6053,True,8.0,False,,False,102,1758340573,0,1309.5,479.0,811.0,True
developersIndia,1nln213,2025-09,nf6pgj5,mjain94,True,9.0,True,3.0,False,83,1758337696,0,3488.8,91.0,140.0,True
developersIndia,1nln213,2025-09,nf6sbw3,TribalSoul899,True,10.0,False,,False,77,1758338916,0,883.8,76565.0,207168.0,True
developersIndia,1nln213,2025-09,nf6ojpr,CommunistComradePV,False,,True,1.0,False,59,1758337312,0,2376.7,1486.0,5946.0,True
developersIndia,1n77qp5,2025-09,nc5hixx,Soggy_Writing_3912,True,1.0,True,4.0,False,1675,1756882690,0,887.0,68.0,4406.0,True
developersIndia,1n77qp5,2025-09,nc5ioyp,kronos55,True,2.0,False,,False,336,1756883355,0,4071.2,18875.0,16785.0,True
developersIndia,1n77qp5,2025-09,nc5i6st,m_ankuuu,True,3.0,True,5.0,False,294,1756883070,0,2090.0,12.0,3643.0,True
developersIndia,1n77qp5,2025-09,nc5hdbw,Dry_State_5151,True,4.0,True,3.0,False,112,1756882601,0,1343.2,1.0,368.0,True
developersIndia,1n77qp5,2025-09,nc5hcnv,MasterA96,True,5.0,True,2.0,False,68,1756882591,0,294.0,405.0,1064.0,True
developersIndia,1n77qp5,2025-09,nc5ih28,alakaylion1998,True,6.0,False,,False,41,1756883231,0,2167.5,1.0,20253.0,True
developersIndia,1n77qp5,2025-09,nc5j68g,xxxfooxxx,True,7.0,False,,False,27,1756883631,0,2067.3,10212.0,23951.0,True
developersIndia,1n77qp5,2025-09,nc5llma,thelostreader,True,8.0,False,,False,24,1756885059,0,3298.7,93.0,4849.0,True
developersIndia,1n77qp5,2025-09,nc5if7s,Conquerer_Aegon,True,9.0,False,,False,17,1756883202,0,1851.7,73.0,594.0,True
developersIndia,1n77qp5,2025-09,nc5iv5n,ShadowSlayer2242,True,10.0,False,,False,17,1756883453,0,1392.6,50.0,268.0,True
developersIndia,1n77qp5,2025-09,nc5h3aa,Calm_Selection_8626,False,,True,1.0,False,10,1756882442,0,1147.7,1.0,215.0,True
developersIndia,1nd6qwi,2025-09,ndelwj9,SergeantMyth,True,1.0,True,3.0,False,392,1757487283,0,642.0,15.0,860.0,True
developersIndia,1nd6qwi,2025-09,ndelkua,flight_or_fight,True,2.0,True,1.0,False,140,1757487103,0,4243.3,596.0,65531.0,True
developersIndia,1nd6qwi,2025-09,nder8k6,the2ndfloorguy,True,3.0,False,,True,66,1757490400,0,2175.9,31625.0,3742.0,True
developersIndia,1nd6qwi,2025-09,ndeneoe,anymat01,True,4.0,True,4.0,False,19,1757488133,0,2070.7,364.0,21273.0,False
developersIndia,1nd6qwi,2025-09,ndeq4k5,flintontv,True,5.0,False,,False,7,1757489736,0,1295.1,23320.0,5980.0,True
developersIndia,1nd6qwi,2025-09,ndeu6yp,gala0sup,True,6.0,False,,False,6,1757492179,0,3350.9,2338.0,2580.0,True
developersIndia,1nd6qwi,2025-09,ndenksr,Upstairs_Maybe_8592,True,7.0,False,,False,6,1757488231,0,,,,
developersIndia,1nd6qwi,2025-09,ndenjo5,hotcoolhot,True,8.0,True,5.0,False,3,1757488213,0,5258.5,5029.0,98636.0,True
developersIndia,1nd6qwi,2025-09,ndeloic,RK03_IND,True,9.0,True,2.0,False,3,1757487158,0,,,,
developersIndia,1nd6qwi,2025-09,ndetpvy,Prudent-Sorbet-5202,True,10.0,False,,False,2,1757491888,0,369.7,71.0,15741.0,False
developersIndia,1nct131,2025-09,ndbyiyv,Ready-Stage-18,True,1.0,True,5.0,False,466,1757450841,0,442.9,1.0,2987.0,True
developersIndia,1nct131,2025-09,ndbtj5m,DrunKeN-HaZe_e,True,2.0,True,3.0,False,279,1757449437,0,,,,
developersIndia,1nct131,2025-09,ndds925,pyli_phantom,True,3.0,False,,False,250,1757473098,0,2051.6,54.0,3810.0,True
developersIndia,1nct131,2025-09,ndbsjwl,pink1029384756,True,4.0,True,2.0,False,98,1757449164,0,1224.7,6.0,126.0,True
developersIndia,1nct131,2025-09,ndc6hfr,MentalWolverine8,True,5.0,False,,False,69,1757453202,0,,,,
developersIndia,1nct131,2025-09,nddn46f,Nuclear_Roombaa,True,6.0,False,,False,48,1757471155,0,,,,
developersIndia,1nct131,2025-09,ndc2phx,inderjeet7,True,7.0,False,,False,41,1757452056,0,688.1,1.0,389.0,True
developersIndia,1nct131,2025-09,nddyw6c,Icy-Initiative-4998,True,8.0,False,,False,23,1757475804,0,1816.0,11.0,940.0,True
developersIndia,1nct131,2025-09,nden0b4,Responsible_Ruin2310,True,9.0,False,,False,17,1757487906,0,1974.8,484.0,33892.0,True
developersIndia,1nct131,2025-09,ndbusqd,absolutum-dominium,True,10.0,True,4.0,False,15,1757449789,0,1708.0,58.0,5310.0,True
developersIndia,1nct131,2025-09,ndbqdjj,unpopularredditor,False,,True,1.0,False,12,1757448561,0,2735.6,309.0,2215.0,True
developersIndia,1ngjdtt,2025-09,ne4gwof,KESHU_G,True,1.0,True,1.0,False,89,1757830378,0,1943.9,989.0,3715.0,True
developersIndia,1ngjdtt,2025-09,ne4j9nd,Dash_Shetty,True,2.0,True,4.0,False,22,1757831634,0,1577.1,606.0,2898.0,True
developersIndia,1ngjdtt,2025-09,ne4j0ou,stvkcorleone,True,3.0,True,3.0,False,12,1757831500,0,346.8,1.0,117.0,True
developersIndia,1ngjdtt,2025-09,ne4h4ts,HempSeedsOfShinkai,True,4.0,True,2.0,False,9,1757830496,0,1348.6,21534.0,12311.0,True
developersIndia,1ngjdtt,2025-09,ne4pmyo,tactical_bunnyy,True,5.0,False,,False,4,1757835140,0,356.4,59.0,2507.0,True
developersIndia,1ngjdtt,2025-09,ne4riqa,Free_Bell_7650,True,6.0,False,,False,4,1757836216,0,516.7,965.0,5584.0,True
developersIndia,1ngjdtt,2025-09,ne4ne31,Silent-karambit,True,7.0,False,,False,2,1757833870,0,,,,
developersIndia,1ngjdtt,2025-09,ne4stw3,allbeardnoface,True,8.0,False,,False,2,1757836953,0,,,,
developersIndia,1ngjdtt,2025-09,ne5mlv9,khan_ye_west,True,9.0,False,,False,2,1757852928,0,1517.7,599.0,113.0,True
developersIndia,1ngjdtt,2025-09,neah5kd,Winter_pain17,True,10.0,False,,False,2,1757908641,0,644.1,1.0,135.0,True
developersIndia,1ngjdtt,2025-09,ne4mkow,leolock567,False,,True,5.0,False,1,1757833416,0,1956.1,149.0,14966.0,True
developersIndia,1nsi9ew,2025-09,ngm4uuf,pushpg,True,1.0,True,3.0,False,474,1759045240,0,2532.0,48.0,8079.0,True
developersIndia,1nsi9ew,2025-09,ngm4ofr,Slow_Elevator_8713,True,2.0,True,1.0,False,340,1759045138,0,469.8,9.0,2758.0,True
developersIndia,1nsi9ew,2025-09,ngm7h7k,lordarthur77,True,3.0,False,,False,98,1759046736,0,2152.1,100783.0,6620.0,True
developersIndia,1nsi9ew,2025-09,ngm4y7g,kamikaze447747,True,4.0,True,4.0,False,63,1759045295,0,610.7,102.0,357.0,True
developersIndia,1nsi9ew,2025-09,ngm9yfz,BulkyAd9029,True,5.0,False,,False,35,1759048198,0,1159.2,871.0,5179.0,True
developersIndia,1nsi9ew,2025-09,ngm57wo,goonermvp,True,6.0,True,5.0,False,35,1759045448,0,2816.8,513.0,2321.0,True
developersIndia,1nsi9ew,2025-09,ngm4rs8,folder_coder,True,7.0,True,2.0,False,26,1759045191,0,1290.6,52.0,43.0,True
developersIndia,1nsi9ew,2025-09,ngm8y4h,rk06,True,8.0,False,,False,16,1759047596,0,3754.1,3072.0,68280.0,True
developersIndia,1nsi9ew,2025-09,ngn7bqj,Brilliant_Mirror1668,True,9.0,False,,False,11,1759065306,0,684.7,60.0,13.0,True
developersIndia,1nsi9ew,2025-09,ngmkesn,N4T5U-X784,True,10.0,False,,False,10,1759054502,0,,,,
developersIndia,1ne1w7j,2025-09,ndlf4ln,CipherFaze,True,1.0,True,1.0,False,687,1757574458,0,862.1,323.0,1824.0,True
developersIndia,1ne1w7j,2025-09,ndlh9zm,aveihs56m,True,2.0,True,2.0,False,217,1757575661,0,295.9,1445.0,22181.0,True
developersIndia,1ne1w7j,2025-09,ndllb4k,HarishMoolchandani,True,3.0,True,5.0,False,177,1757578070,0,1360.0,145.0,1294.0,True
developersIndia,1ne1w7j,2025-09,ndlhh0y,pocketsolo,True,4.0,True,4.0,False,144,1757575775,0,1148.8,1.0,483.0,True
developersIndia,1ne1w7j,2025-09,ndlpfdb,Spargo1601,True,5.0,False,,False,41,1757580537,0,850.5,379.0,392.0,True
developersIndia,1ne1w7j,2025-09,ndlmf56,SeaWind5021,True,6.0,False,,False,37,1757578727,0,998.3,17.0,663.0,True
developersIndia,1ne1w7j,2025-09,ndlhem5,Careless-Cloud2009,True,7.0,True,3.0,False,24,1757575735,0,1347.6,17.0,1912.0,True
developersIndia,1ne1w7j,2025-09,ndlowd6,Accomplished_Goal354,True,8.0,False,,False,23,1757580228,0,1447.2,21.0,1223.0,True
developersIndia,1ne1w7j,2025-09,ndlpzcj,Famous-Rush-6433,True,9.0,False,,False,21,1757580858,0,834.9,586.0,2442.0,True
developersIndia,1ne1w7j,2025-09,ndlro5r,lexileone,True,10.0,False,,False,14,1757581857,0,3781.5,2084.0,2600.0,True
developersIndia,1n83704,2025-09,ncc6bku,themonksink,True,1.0,True,3.0,False,238,1756973360,0,2013.9,1161.0,1051.0,True
developersIndia,1n83704,2025-09,ncbzthe,PaisaIO,True,2.0,True,1.0,False,209,1756969462,0,278.6,5.0,307.0,True
developersIndia,1n83704,2025-09,ncc40h1,infinite-Joy,True,3.0,True,2.0,False,102,1756971966,0,3515.2,1657.0,2619.0,True
developersIndia,1n83704,2025-09,ncc91l2,Soggy_Writing_3912,True,4.0,False,,False,47,1756975028,0,887.0,68.0,4406.0,True
developersIndia,1n83704,2025-09,ncc8eg8,Informal_Ad_9704,True,5.0,True,5.0,False,28,1756974629,0,2150.8,725.0,819.0,True
developersIndia,1n83704,2025-09,nccc1ht,EikDoTeenChaar,True,6.0,False,,False,25,1756976861,0,700.6,190.0,7008.0,True
developersIndia,1n83704,2025-09,nccbfno,s0l037,True,7.0,False,,False,17,1756976492,0,866.2,40.0,380.0,True
developersIndia,1n83704,2025-09,nccmcob,Niyojan,True,8.0,False,,False,11,1756982558,0,2472.7,1.0,65.0,True
developersIndia,1n83704,2025-09,ncckrzf,curious_and_dumb,True,9.0,False,,False,11,1756981780,0,1606.6,24.0,42.0,True
developersIndia,1n83704,2025-09,ncd261p,Content_Ad_4153,True,10.0,False,,False,11,1756989048,0,1503.0,688.0,2097.0,True
developersIndia,1n83704,2025-09,ncc76mt,impossible__dude,False,,True,4.0,False,9,1756973883,0,1099.1,729.0,11708.0,True
developersIndia,1nr08zx,2025-09,ngaqhrv,Sad_Associate_2331,True,1.0,True,1.0,False,1084,1758891014,0,1828.8,171.0,2173.0,True
developersIndia,1nr08zx,2025-09,ngaxgun,SuitableTelevision46,True,2.0,False,,False,298,1758893332,0,522.0,1133.0,2767.0,True
developersIndia,1nr08zx,2025-09,ngavp9z,sirnighteye-official,True,3.0,True,4.0,False,196,1758892758,0,2315.0,18.0,3751.0,True
developersIndia,1nr08zx,2025-09,ngaqns6,inquisitive_techie_,True,4.0,True,2.0,False,155,1758891070,0,1147.5,116.0,587.0,True
developersIndia,1nr08zx,2025-09,ngardup,Novel_Lie2468,True,5.0,True,3.0,False,137,1758891316,0,2034.7,3479.0,11530.0,True
developersIndia,1nr08zx,2025-09,ngb3tr4,chillgoza001,True,6.0,False,,False,133,1758895366,0,1107.3,8164.0,5132.0,True
developersIndia,1nr08zx,2025-09,ngbvyvj,DungeonMaster202,True,7.0,False,,False,28,1758903663,0,1654.0,1558.0,5512.0,True
developersIndia,1nr08zx,2025-09,ngbp8pm,ThrowRA11122277,True,8.0,False,,False,26,1758901691,0,460.5,1.0,37.0,True
developersIndia,1nr08zx,2025-09,ngb77vt,sank_1911,True,9.0,False,,False,15,1758896399,0,1621.2,38.0,2411.0,True
developersIndia,1nr08zx,2025-09,ngb99qw,scream_noob,True,10.0,False,,False,9,1758897014,0,3883.9,8126.0,507.0,False
developersIndia,1nr08zx,2025-09,ngaxfml,kaichogami,False,,True,5.0,False,8,1758893321,0,4550.6,128.0,1542.0,True
IndiaCricket,1nt0jv5,2025-09,ngrsah4,Equivalent_Face_9746,True,1.0,True,2.0,False,672,1759117766,0,256.7,3023.0,30827.0,True
IndiaCricket,1nt0jv5,2025-09,ngqrl73,leopardbaseball,True,2.0,True,1.0,False,461,1759104241,0,554.1,1810.0,8904.0,False
IndiaCricket,1nt0jv5,2025-09,ngrwlsy,FewHeron9746,True,3.0,False,,False,293,1759119556,0,822.2,386.0,10551.0,True
IndiaCricket,1nt0jv5,2025-09,ngrvkm7,Critical-Brain8898,True,4.0,True,5.0,False,185,1759119125,0,800.2,81.0,1161.0,True
IndiaCricket,1nt0jv5,2025-09,ngrzcum,Bendacar_Benatar,True,5.0,False,,False,144,1759120835,0,509.4,6.0,3213.0,True
IndiaCricket,1nt0jv5,2025-09,ngrth8a,No-Assignment8665,True,6.0,True,3.0,False,126,1759118255,0,708.2,1.0,16524.0,True
IndiaCricket,1nt0jv5,2025-09,ngruerq,aShit_fAce,True,7.0,True,4.0,False,47,1759118655,0,1531.8,2398.0,37297.0,True
IndiaCricket,1nt0jv5,2025-09,ngs18oe,retroideal,True,8.0,False,,False,32,1759121756,0,647.0,38.0,2673.0,True
IndiaCricket,1nt0jv5,2025-09,ngryr62,Living_Ad_4273,True,9.0,False,,False,25,1759120541,0,1342.4,5384.0,15339.0,False
IndiaCricket,1nt0jv5,2025-09,ngsedq8,apoorv_ace,True,10.0,False,,False,19,1759129021,0,1407.6,2.0,15.0,True
IndiaCricket,1ntdddh,2025-09,ngssypc,Satanstoic,True,1.0,True,1.0,False,1012,1759138103,0,921.9,18625.0,11018.0,True
IndiaCricket,1ntdddh,2025-09,ngst1md,Wasteof32,True,2.0,True,3.0,False,641,1759138154,0,797.1,137.0,12785.0,False
IndiaCricket,1ntdddh,2025-09,ngssznk,Electrical_Path_680,True,3.0,True,2.0,False,300,1759138119,0,1056.2,348.0,995.0,True
IndiaCricket,1ntdddh,2025-09,ngsth4i,thekingofgoodness99,True,4.0,True,4.0,False,218,1759138426,0,318.5,67.0,13006.0,True
IndiaCricket,1ntdddh,2025-09,ngt2ptd,Alchemyst56,True,5.0,False,,False,74,1759143579,0,3342.2,467.0,2905.0,True
IndiaCricket,1ntdddh,2025-09,ngsy1sb,Dry-Hope-4450,True,6.0,False,,False,45,1759141105,0,570.3,687.0,5191.0,True
IndiaCricket,1ntdddh,2025-09,ngt1wcq,wah_mudizi_wah,True,7.0,False,,False,34,1759143175,0,1123.8,1.0,1015.0,True
IndiaCricket,1ntdddh,2025-09,ngt7906,Axel-Pizza-Lover,True,8.0,False,,False,19,1759145706,0,1332.5,1.0,24454.0,True
IndiaCricket,1ntdddh,2025-09,ngt1t7d,AggravatingPaper9467,True,9.0,False,,False,17,1759143132,0,381.9,1.0,187.0,True
IndiaCricket,1ntdddh,2025-09,ngt6c2y,DependentAcademic,True,10.0,False,,False,14,1759145293,0,2148.0,12.0,440.0,False
IndiaCricket,1ntdddh,2025-09,ngswwny,josephpvmathew,False,,True,5.0,False,5,1759140452,0,2634.9,1.0,2194.0,True
IndiaCricket,1nswmyo,2025-09,ngp7x79,Sad_Avocado_2637,True,1.0,True,2.0,False,193,1759086818,0,955.6,4035.0,19080.0,True
IndiaCricket,1nswmyo,2025-09,ngp81fl,Calm_Description_947,True,2.0,True,3.0,False,83,1759086852,0,532.2,8385.0,14358.0,False
IndiaCricket,1nswmyo,2025-09,ngp991y,ayushz_,True,3.0,True,5.0,False,25,1759087195,0,450.1,808.0,14672.0,True
IndiaCricket,1nswmyo,2025-09,ngp8saf,sinner_bae,True,4.0,True,4.0,False,20,1759087064,0,,,,
IndiaCricket,1nswmyo,2025-09,ngp7r66,loreaccuratesalad,True,5.0,True,1.0,False,12,1759086770,0,254.7,910.0,2038.0,True
IndiaCricket,1nswmyo,2025-09,ngplcx5,Maximum-Debt5607,True,6.0,False,,False,10,1759090659,0,912.7,1285.0,6914.0,True
IndiaCricket,1nswmyo,2025-09,ngpal26,Zestyclose-Road4579,True,7.0,False,,False,9,1759087573,0,1360.7,4080.0,6815.0,True
IndiaCricket,1nswmyo,2025-09,ngpe34z,SteelSpartanX,True,8.0,False,,False,9,1759088570,0,626.7,21.0,3174.0,True
IndiaCricket,1nswmyo,2025-09,ngpbh8t,Moist_Jaguar_6545,True,9.0,False,,False,8,1759087829,0,593.0,132.0,171.0,False
IndiaCricket,1nswmyo,2025-09,ngpoo3s,Prudent_Kiwi_407,True,10.0,False,,False,2,1759091621,0,1723.8,127.0,3294.0,True
IndiaCricket,1nsvthw,2025-09,ngozx0t,Hefty-Conference-791,True,1.0,False,,False,770,1759084519,0,1536.2,55.0,97282.0,True
IndiaCricket,1nsvthw,2025-09,ngozkr4,RRaj007,True,2.0,True,1.0,False,591,1759084421,0,2437.1,31770.0,26427.0,True
IndiaCricket,1nsvthw,2025-09,ngoznh8,vishasv,True,3.0,True,2.0,False,542,1759084442,0,2358.3,10059.0,98422.0,True
IndiaCricket,1nsvthw,2025-09,ngozrd9,Cosmic_Traveller_,True,4.0,False,,False,222,1759084474,0,572.9,31634.0,74785.0,True
IndiaCricket,1nsvthw,2025-09,ngozxdp,AffectionatePast2465,True,5.0,False,,False,185,1759084521,0,1853.0,357.0,7725.0,True
IndiaCricket,1nsvthw,2025-09,ngozpgk,Cosmic_Traveller_,True,6.0,True,5.0,False,181,1759084459,0,572.9,31634.0,74785.0,True
IndiaCricket,1nsvthw,2025-09,ngp0ob1,Cosmic_Traveller_,True,7.0,False,,False,175,1759084739,0,572.9,31634.0,74785.0,True
IndiaCricket,1nsvthw,2025-09,ngozofo,OkEmotion7609,True,8.0,True,4.0,False,163,1759084450,0,687.4,20.0,2247.0,True
IndiaCricket,1nsvthw,2025-09,ngozz1v,Less-Dingo111,True,9.0,False,,False,142,1759084535,0,766.3,7626.0,15624.0,True
IndiaCricket,1nsvthw,2025-09,ngoznpc,Sensitive_Earth3935,True,10.0,True,3.0,False,126,1759084444,0,,,,
IndiaCricket,1ne9xyi,2025-09,ndn2i63,No-Principle5340,True,1.0,False,,False,687,1757600798,0,2079.9,1.0,28681.0,True
IndiaCricket,1ne9xyi,2025-09,ndn14uw,Moongfali4president,True,2.0,True,2.0,False,345,1757600389,0,582.1,79379.0,139846.0,True
IndiaCricket,1ne9xyi,2025-09,ndn1v5b,SnooConfections5816,True,3.0,True,5.0,False,87,1757600608,0,2072.1,9722.0,36586.0,True
IndiaCricket,1ne9xyi,2025-09,ndn2hj7,minatokushina,True,4.0,False,,False,71,1757600793,0,3380.7,1.0,10309.0,True
IndiaCricket,1ne9xyi,2025-09,ndn0niq,TheRealYVT,True,5.0,True,1.0,False,50,1757600244,0,3225.0,589.0,57375.0,True
IndiaCricket,1ne9xyi,2025-09,ndnkrzo,Determinedstudent101,True,6.0,False,,False,42,1757606196,0,1784.4,352.0,9076.0,True
IndiaCricket,1ne9xyi,2025-09,ndn5lm0,billaxbong,True,7.0,False,,False,37,1757601721,0,1156.3,12523.0,14759.0,False
IndiaCricket,1ne9xyi,2025-09,ndn3dd1,thinkerNew,True,8.0,False,,False,16,1757601059,0,1464.5,779.0,11754.0,True
IndiaCricket,1ne9xyi,2025-09,ndn1klu,SoulOfLotusFeet,True,10.0,True,4.0,False,11,1757600521,0,337.9,24.0,758.0,True
IndiaCricket,1ne9xyi,2025-09,ndn2enn,-Frooty-Loops-,True,9.0,False,,False,12,1757600769,0,624.3,81.0,59.0,True
IndiaCricket,1ne9xyi,2025-09,ndn1b3f,SuchBluebird409,False,,True,3.0,False,6,1757600442,0,1834.7,464.0,11995.0,True
IndiaCricket,1nra4pn,2025-09,ngd5koz,MurkhApniChaviSudhar,True,1.0,True,3.0,False,365,1758917053,0,427.1,2659.0,85110.0,True
IndiaCricket,1nra4pn,2025-09,ngd431s,Pretty-Amount-677,True,2.0,True,2.0,False,76,1758916609,0,804.9,1.0,917.0,True
IndiaCricket,1nra4pn,2025-09,ngcz2jr,Inevitable-9_9,True,3.0,True,1.0,False,48,1758915086,0,,,,
IndiaCricket,1nra4pn,2025-09,ngdd2pi,Traditional-Talk-181,True,4.0,True,4.0,False,46,1758919302,0,419.3,1.0,10567.0,False
IndiaCricket,1nra4pn,2025-09,ngdgjzr,Gamer567890,True,5.0,True,5.0,False,22,1758920356,0,,,,
IndiaCricket,1nra4pn,2025-09,ngg2tic,awara_bakchod,True,6.0,False,,False,16,1758959767,0,1234.9,167.0,1504.0,True
IndiaCricket,1nra4pn,2025-09,ngfv24q,Gullible-Most4677,True,8.0,False,,False,6,1758955308,0,1957.8,17.0,1667.0,True
IndiaCricket,1nra4pn,2025-09,ngg8ax7,stall-goodman,True,7.0,False,,False,7,1758963109,0,363.7,4412.0,9040.0,True
IndiaCricket,1nra4pn,2025-09,ngfnym9,Aggressive-Cup-1864,True,9.0,False,,False,6,1758951410,0,1326.8,70.0,750.0,True
IndiaCricket,1nra4pn,2025-09,ngfy6lv,Raza-Ansari_786,True,10.0,False,,False,4,1758957043,0,1865.0,2.0,15255.0,True
IndiaCricket,1nnaxy6,2025-09,nfja4k5,jungle__tikka,True,1.0,True,1.0,False,257,1758509142,0,290.4,31.0,1319.0,True
IndiaCricket,1nnaxy6,2025-09,nfjcpbe,Elegant_Place_9203,True,2.0,True,3.0,False,219,1758510145,0,1048.7,5146.0,16055.0,True
IndiaCricket,1nnaxy6,2025-09,nfjaq2s,Obocchamakun,True,3.0,True,2.0,False,94,1758509367,0,736.1,33763.0,12639.0,True
IndiaCricket,1nnaxy6,2025-09,nfjetum,shubhyeah,True,4.0,True,4.0,False,30,1758510994,0,618.8,2421.0,448.0,True
IndiaCricket,1nnaxy6,2025-09,nfjgtn7,North-Stand,True,5.0,True,5.0,False,22,1758511815,0,2700.9,416.0,38304.0,True
IndiaCricket,1nnaxy6,2025-09,nfjhx1a,Particularseiva,True,6.0,False,,False,21,1758512290,0,,,,
IndiaCricket,1nnaxy6,2025-09,nfjlwta,Objective_Repair_831,True,7.0,False,,False,15,1758514073,0,314.2,66.0,10320.0,False
IndiaCricket,1nnaxy6,2025-09,nfjh0mc,Neat-Musician-6616,True,8.0,False,,False,13,1758511898,0,1590.2,16.0,817.0,True
IndiaCricket,1nnaxy6,2025-09,nfjjdct,gauravshanuroy1,True,9.0,False,,False,9,1758512925,0,2308.6,1875.0,8734.0,True
IndiaCricket,1nnaxy6,2025-09,nfjjgyb,Lazy-Overthinker,True,10.0,False,,False,9,1758512969,0,907.3,54.0,473.0,False
IndiaCricket,1ntei8j,2025-09,ngt4gap,SnooDonkeys2239,True,1.0,True,5.0,False,318,1759144418,0,2153.8,153.0,62029.0,True
IndiaCricket,1ntei8j,2025-09,ngt4gk9,little_cuck6,True,2.0,False,,False,72,1759144422,0,,,,
IndiaCricket,1ntei8j,2025-09,ngtgxsf,GiveMeSomeSunshine3,True,3.0,False,,False,58,1759149629,0,448.8,1815823.0,223800.0,True
IndiaCricket,1ntei8j,2025-09,ngt34a9,tj9429,True,6.0,True,3.0,False,48,1759143776,0,3342.9,741.0,45823.0,True
IndiaCricket,1ntei8j,2025-09,ngszvg4,Moongfali4president,True,7.0,True,1.0,True,48,1759142127,0,582.1,79379.0,139846.0,True
IndiaCricket,1ntei8j,2025-09,ngt2gyd,lonewolf_9,True,5.0,True,2.0,False,49,1759143457,0,2650.0,16.0,1081.0,True
IndiaCricket,1ntei8j,2025-09,ngt4lea,Living_Ad_4273,True,4.0,False,,False,51,1759144485,0,1342.4,5384.0,15339.0,False
IndiaCricket,1ntei8j,2025-09,ngt38mq,thekingofgoodness99,True,8.0,True,4.0,False,25,1759143835,0,318.5,67.0,13006.0,True
IndiaCricket,1ntei8j,2025-09,ngtrnib,akashsal2704,True,9.0,False,,False,20,1759153369,0,1067.0,70381.0,83584.0,True
IndiaCricket,1ntei8j,2025-09,ngtlvub,futterwackenformed,True,10.0,False,,False,16,1759151390,0,2860.3,2567.0,24797.0,True
IndiaCricket,1nsy78m,2025-09,ngpkc0q,Drexe1,True,1.0,True,1.0,False,628,1759090363,0,2744.3,12146.0,10682.0,True
IndiaCricket,1nsy78m,2025-09,ngpl3jz,ImpressionWorried928,True,3.0,True,2.0,False,228,1759090586,0,339.1,3.0,987.0,True
IndiaCricket,1nsy78m,2025-09,ngplzsi,Double_Strawberry717,True,2.0,True,4.0,False,230,1759090842,0,902.4,10074.0,8679.0,True
IndiaCricket,1nsy78m,2025-09,ngplhk1,Moongfali4president,True,4.0,True,3.0,False,99,1759090696,0,582.1,79379.0,139846.0,True
IndiaCricket,1nsy78m,2025-09,ngq6aqy,Equivalent_Face_9746,True,5.0,False,,False,73,1759096934,0,256.7,3023.0,30827.0,True
IndiaCricket,1nsy78m,2025-09,ngpuy7c,Agreeable-Fan-384,True,6.0,False,,False,69,1759093463,0,1568.9,9.0,344.0,True
IndiaCricket,1nsy78m,2025-09,ngpsy28,Local_Syllabub_7824,True,7.0,False,,False,55,1759092865,0,1617.0,278.0,2921.0,True
IndiaCricket,1nsy78m,2025-09,ngrgfdz,Dino-Lover-JW,True,8.0,False,,False,27,1759113083,0,523.0,1.0,11741.0,True
IndiaCricket,1nsy78m,2025-09,ngptc2i,peaceyulu,True,9.0,False,,False,18,1759092979,0,682.6,3474.0,16046.0,True
IndiaCricket,1nsy78m,2025-09,ngpm5e4,Real_BreadthBandit,True,10.0,True,5.0,False,13,1759090886,0,533.9,50.0,860.0,True
IndiaCricket,1ntfj6w,2025-09,ngtele3,BenneIdli,True,1.0,False,,False,663,1759148735,0,,,,
IndiaCricket,1ntfj6w,2025-09,ngt90v4,Medium_Fortune_7649,True,2.0,True,3.0,False,603,1759146476,0,971.7,3303.0,73057.0,True
IndiaCricket,1ntfj6w,2025-09,ngt7jkq,MrCoolBoy001,True,3.0,True,1.0,False,265,1759145836,0,1643.2,79336.0,124832.0,True
IndiaCricket,1ntfj6w,2025-09,ngt8gu0,Big_Quote_3654,True,4.0,True,2.0,False,219,1759146236,0,891.6,23.0,13098.0,True
IndiaCricket,1ntfj6w,2025-09,ngt91vq,Open_Heron7035,True,5.0,True,4.0,False,54,1759146489,0,340.7,16618.0,44396.0,True
IndiaCricket,1ntfj6w,2025-09,ngtcoub,Due-Butterscotch160,True,6.0,False,,False,50,1759147991,0,,,,
IndiaCricket,1ntfj6w,2025-09,ngtz4xs,Smooth-Mix-4357,True,7.0,False,,False,25,1759155751,0,1191.8,2980.0,163948.0,True
IndiaCricket,1ntfj6w,2025-09,nguc51x,bojack__horse,True,8.0,False,,False,21,1759159654,0,848.8,3938.0,7081.0,True
IndiaCricket,1ntfj6w,2025-09,ngtd15g,FrankFakir,True,9.0,False,,False,13,1759148127,0,474.8,2861.0,8518.0,True
IndiaCricket,1ntfj6w,2025-09,ngtd45h,Long-off-long-off,True,10.0,False,,False,9,1759148162,0,291.8,2828.0,640.0,True
IndiaCricket,1ntfj6w,2025-09,ngt9o62,Kingsalyer_09,False,,True,5.0,False,7,1759146750,0,,,,
bollywood,1np5yb9,2025-09,nfx1fhg,Only_Attention5463,True,1.0,False,,False,299,1758704970,0,564.8,1.0,7737.0,False
bollywood,1np5yb9,2025-09,nfwtcyl,No-Presentation4155,True,2.0,True,3.0,False,240,1758699972,0,744.1,1.0,4940.0,True
bollywood,1np5yb9,2025-09,nfwvq0h,IndividualDelay1796,True,3.0,False,,False,75,1758701417,0,495.0,558.0,1539.0,True
bollywood,1np5yb9,2025-09,nfwz1ap,Android_Arsenal,True,4.0,False,,False,50,1758703486,0,3332.3,16080.0,34113.0,True
bollywood,1np5yb9,2025-09,nfwt0m9,blabberin_bot,True,5.0,True,1.0,False,37,1758699760,0,382.0,3.0,1604.0,True
bollywood,1np5yb9,2025-09,nfwvffu,aezindagigaladabaade,True,6.0,False,,False,37,1758701234,0,561.5,1.0,145027.0,True
bollywood,1np5yb9,2025-09,nfxqnrg,obelix_dogmatix,True,7.0,False,,False,32,1758717141,0,706.8,1808.0,120915.0,True
bollywood,1np5yb9,2025-09,nfwvg05,IcyRecommendation100,True,8.0,False,,False,30,1758701243,0,1074.7,1.0,1325.0,False
bollywood,1np5yb9,2025-09,nfwucgz,KyserSezo,True,9.0,True,4.0,False,25,1758700572,0,1013.8,2.0,51.0,True
bollywood,1np5yb9,2025-09,nfxcpw6,ZenMat79,True,10.0,False,,False,17,1758711292,0,3006.9,337.0,43114.0,True
bollywood,1np5yb9,2025-09,nfwta6l,Hurdy_Gurdy_Man_84,False,,True,2.0,False,14,1758699924,0,1225.0,19799.0,174662.0,True
bollywood,1np5yb9,2025-09,nfwv2ok,Zestyclose-Reach-317,False,,True,5.0,False,7,1758701018,0,1715.0,1779.0,8790.0,True
bollywood,1nqdqqh,2025-09,ng63qo1,sAArparajukAAtre,True,1.0,True,5.0,False,267,1758823816,0,,,,
bollywood,1nqdqqh,2025-09,ng68hyl,Hey_Rishabh,True,2.0,False,,False,172,1758825219,0,2387.0,5981.0,11981.0,True
bollywood,1nqdqqh,2025-09,ng68hcr,Numerous_Silver5296,True,3.0,False,,False,108,1758825214,0,,,,
bollywood,1nqdqqh,2025-09,ng68uyi,Beginning_Tackle908,True,4.0,False,,False,58,1758825326,0,587.1,1132.0,10701.0,True
bollywood,1nqdqqh,2025-09,ng627fw,Top_Economist_1048,True,5.0,True,1.0,False,56,1758823371,0,274.0,10.0,8472.0,True
bollywood,1nqdqqh,2025-09,ng661hc,sarthakmahajan610,True,6.0,False,,False,37,1758824493,0,3255.0,54.0,94077.0,True
bollywood,1nqdqqh,2025-09,ng6acol,Healer-513,True,7.0,False,,False,21,1758825771,0,,,,
bollywood,1nqdqqh,2025-09,ng68u7x,Emotional-Ninja-3911,True,8.0,False,,False,15,1758825320,0,1549.7,944.0,13705.0,True
bollywood,1nqdqqh,2025-09,ng62uf0,SmokeandAshes231,True,9.0,True,2.0,False,13,1758823557,0,1049.3,83.0,9200.0,False
bollywood,1nqdqqh,2025-09,ng638uf,psyakhil,True,10.0,True,3.0,False,11,1758823674,0,2649.7,41.0,2292.0,True
bollywood,1nqdqqh,2025-09,ng63fay,PhysicalFunny2281,False,,True,4.0,False,2,1758823726,0,1121.8,3498.0,8882.0,True
bollywood,1ncjukw,2025-09,nd9o2oc,delulu_certified,True,1.0,True,2.0,False,658,1757427317,0,466.9,886.0,1991.0,False
bollywood,1ncjukw,2025-09,nd9p30j,Vivid-Weird15,True,2.0,True,3.0,False,359,1757427619,0,777.3,20148.0,25277.0,True
bollywood,1ncjukw,2025-09,nd9rq10,Hrithik_Ki_Patni,True,3.0,False,,False,130,1757428405,0,494.3,100955.0,80218.0,True
bollywood,1ncjukw,2025-09,nd9pkyj,Soggy_Vast805,True,4.0,True,4.0,False,76,1757427767,0,1590.0,8108.0,6224.0,True
bollywood,1ncjukw,2025-09,nd9rivu,Majestic_District_51,True,5.0,False,,False,50,1757428346,0,1831.0,69998.0,625766.0,True
bollywood,1ncjukw,2025-09,nd9n81t,Icy_Display_2918,True,7.0,True,1.0,False,27,1757427061,0,2072.3,89.0,8864.0,True
bollywood,1ncjukw,2025-09,nd9t8ce,Perfect_Chicken16,True,6.0,False,,False,31,1757428848,0,1037.4,23001.0,53524.0,True
bollywood,1ncjukw,2025-09,nd9wioj,iFoegot,True,8.0,False,,False,21,1757429784,0,2063.8,458249.0,103881.0,True
bollywood,1ncjukw,2025-09,nd9roep,ErebusMalison,True,9.0,False,,False,15,1757428391,0,344.1,1.0,7234.0,True
bollywood,1ncjukw,2025-09,nd9u30t,thisissk717,True,10.0,False,,False,13,1757429092,0,1593.1,277.0,48600.0,True
bollywood,1ncjukw,2025-09,nd9qkav,Pillstyr,False,,True,5.0,False,8,1757428060,0,2605.0,2146.0,3445.0,True
bollywood,1n90g8e,2025-09,ncj0irl,Illustrious-Grape897,True,1.0,True,3.0,False,260,1757065007,0,900.9,9442.0,61443.0,True
bollywood,1n90g8e,2025-09,ncj207d,Mctavish93,True,2.0,True,5.0,False,102,1757065850,0,3418.0,390.0,11170.0,True
bollywood,1n90g8e,2025-09,ncjfxo3,LilHalwaPoori,True,3.0,False,,False,31,1757072519,0,1831.3,221.0,160552.0,True
bollywood,1n90g8e,2025-09,ncj1vfz,Guilty_Belt7504,True,4.0,True,4.0,False,18,1757065777,0,302.7,407.0,482.0,True
bollywood,1n90g8e,2025-09,ncizo2c,Maleficent-Face-3107,True,5.0,True,1.0,False,9,1757064508,0,416.8,31.0,617.0,True
bollywood,1n90g8e,2025-09,ncj2m4a,H4RTY17,True,6.0,False,,False,5,1757066196,0,2010.2,173.0,32314.0,True
bollywood,1n90g8e,2025-09,nck6cwx,peculiarscarlett,True,7.0,False,,False,4,1757081703,0,3395.9,1556.0,923.0,True
bollywood,1n90g8e,2025-09,ncntnnv,MajorHighlight6884,True,8.0,False,,False,2,1757122720,0,361.7,191.0,25877.0,True
bollywood,1n90g8e,2025-09,ncj0cm4,Itz-Sting-2607,True,9.0,True,2.0,False,1,1757064907,0,1606.2,1.0,32.0,True
bollywood,1n90g8e,2025-09,nckkg0h,stcer,True,10.0,False,,False,1,1757085766,0,1284.3,894.0,8721.0,True
bollywood,1nb1k46,2025-09,ncyie00,Haarryi,True,1.0,True,4.0,False,396,1757273454,0,2433.1,1406.0,23576.0,True
bollywood,1nb1k46,2025-09,ncyjj8m,the_NP,True,2.0,True,5.0,False,135,1757273774,0,2144.1,25331.0,14959.0,True
bollywood,1nb1k46,2025-09,ncymmew,mohantharani,True,3.0,False,,False,125,1757274632,0,3134.0,38026.0,176486.0,True
bollywood,1nb1k46,2025-09,ncyhtks,_Looking4MySoulMate_,True,4.0,True,3.0,False,74,1757273295,0,,,,
bollywood,1nb1k46,2025-09,ncyfn4v,okaberintaruo,True,5.0,True,2.0,False,45,1757272690,0,,,,
bollywood,1nb1k46,2025-09,ncyqtwf,Red171022,True,6.0,False,,False,30,1757275793,0,1156.0,82.0,97479.0,True
bollywood,1nb1k46,2025-09,ncycc8g,Fun_Neighborhood8178,True,7.0,True,1.0,False,21,1757271757,0,1831.3,1588.0,15543.0,True
bollywood,1nb1k46,2025-09,ncyxo0f,anymat01,True,8.0,False,,False,19,1757277708,0,2070.7,364.0,21273.0,False
bollywood,1nb1k46,2025-09,ncypsxf,cath_dam,True,9.0,False,,False,19,1757275513,0,809.9,24098.0,10946.0,True
bollywood,1nb1k46,2025-09,nd0gau0,Beneficial_Slip_173,True,10.0,False,,False,14,1757295695,0,1460.2,124.0,776.0,True
bollywood,1n5ddwp,2025-09,nbrwmzh,TheSandeepReddyVanga,True,1.0,True,1.0,False,210,1756695929,0,,,,
bollywood,1n5ddwp,2025-09,nbs9wsi,ThunderBird847,True,2.0,True,3.0,False,84,1756701765,0,1986.2,25283.0,259990.0,True
bollywood,1n5ddwp,2025-09,nbscytw,missyousachin,True,3.0,False,,False,50,1756703243,0,812.4,6494.0,74291.0,False
bollywood,1n5ddwp,2025-09,nbs5v8x,RED-DOT-MAN,True,4.0,True,2.0,False,46,1756699893,0,2698.8,5794.0,127422.0,True
bollywood,1n5ddwp,2025-09,nbsglye,ohnimeel,True,5.0,False,,False,24,1756705080,0,778.7,34.0,2423.0,True
bollywood,1n5ddwp,2025-09,nbsrf1v,TheCarefreeButterfly,True,6.0,False,,False,16,1756710783,0,906.6,41633.0,20812.0,True
bollywood,1n5ddwp,2025-09,nbsftq0,tortoiserunner,True,7.0,False,,False,11,1756704675,0,3199.6,1.0,10272.0,True
bollywood,1n5ddwp,2025-09,nbse1z4,Iamsrj_88,True,9.0,False,,False,10,1756703782,0,1768.2,43.0,3993.0,True
bollywood,1n5ddwp,2025-09,nbsju47,AppleBee_23,True,8.0,False,,False,11,1756706727,0,301.1,174.0,6242.0,True
bollywood,1n5ddwp,2025-09,nbslqe8,onelifemanymemories,True,10.0,False,,False,6,1756707710,0,1334.5,14268.0,52835.0,True
bollywood,1n5ddwp,2025-09,nbscjvn,Perfect_Chicken16,False,,True,5.0,False,4,1756703039,0,1037.4,23001.0,53524.0,True
bollywood,1n5ddwp,2025-09,nbsbfn3,mayudhon,False,,True,4.0,False,3,1756702496,0,1881.1,7755.0,245843.0,True
bollywood,1nmjqp8,2025-09,nfdgcqc,Practical-Ad-9289,True,1.0,False,,False,123,1758433606,0,1853.8,15851.0,28050.0,True
bollywood,1nmjqp8,2025-09,nfdf07m,Pulakesin_III,True,2.0,True,1.0,False,64,1758432883,0,,,,
bollywood,1nmjqp8,2025-09,nfdgib6,rongo95,True,3.0,False,,False,49,1758433690,0,3479.8,2079.0,11338.0,True
bollywood,1nmjqp8,2025-09,nfdfou2,z35u,True,4.0,True,3.0,False,47,1758433248,0,2204.7,3171.0,23104.0,True
bollywood,1nmjqp8,2025-09,nfdgpra,huihuihui0,True,5.0,False,,False,26,1758433801,0,913.2,727.0,7924.0,True
bollywood,1nmjqp8,2025-09,nfdg6hb,falcon0041,True,6.0,True,5.0,False,14,1758433513,0,3124.1,13505.0,58169.0,True
bollywood,1nmjqp8,2025-09,nfdl0hu,mavericknis,True,7.0,False,,False,10,1758436155,0,,,,
bollywood,1nmjqp8,2025-09,nfdg23p,Outrageous_Gene_7652,True,8.0,True,4.0,False,9,1758433446,0,1803.1,42496.0,680832.0,True
bollywood,1nmjqp8,2025-09,nfdjvki,shady2318,True,10.0,False,,False,7,1758435531,0,3018.4,3239.0,30307.0,True
bollywood,1nmjqp8,2025-09,nfdq76y,Agile-Age-1851,True,9.0,False,,False,8,1758439031,0,411.8,1.0,10770.0,False
bollywood,1nmjqp8,2025-09,nfdfoi0,mossma-bin-delen,False,,True,2.0,False,5,1758433243,0,1578.9,440.0,1043.0,True
bollywood,1nu58cz,2025-09,ngynd60,Kindly-Earth-6733,True,1.0,True,1.0,False,406,1759211933,0,660.0,2371.0,6241.0,False
bollywood,1nu58cz,2025-09,ngyny2m,indianbabaa,True,2.0,True,4.0,False,313,1759212250,0,3381.9,1595.0,2629.0,True
bollywood,1nu58cz,2025-09,ngyo4vu,Pulakesin_III,True,3.0,False,,False,109,1759212353,0,,,,
bollywood,1nu58cz,2025-09,ngyo9q9,Euphoric-Ear9405,True,4.0,False,,False,49,1759212428,0,2101.0,485.0,30244.0,True
bollywood,1nu58cz,2025-09,ngyo0f7,MadKingZilla,True,5.0,True,5.0,False,38,1759212286,0,2277.6,13154.0,59474.0,True
bollywood,1nu58cz,2025-09,ngypq6v,Baseer-92,True,6.0,False,,False,24,1759213231,0,2243.2,96.0,2626.0,True
bollywood,1nu58cz,2025-09,ngyomev,funnyresponse112,True,7.0,False,,False,15,1759212623,0,1562.8,175.0,1138.0,True
bollywood,1nu58cz,2025-09,ngypexk,CounterEmotional8562,True,8.0,False,,False,14,1759213059,0,449.6,1.0,932.0,True
bollywood,1nu58cz,2025-09,ngyo94p,Euphoric-Ear9405,True,9.0,False,,False,10,1759212419,0,2101.0,485.0,30244.0,True
bollywood,1nu58cz,2025-09,ngynuhi,Jee_Sucks,True,10.0,True,3.0,False,8,1759212194,0,1059.3,730.0,3496.0,True
bollywood,1nu58cz,2025-09,ngynjal,UndeadReborn,False,,True,2.0,False,4,1759212025,0,691.5,93436.0,79847.0,True
bollywood,1nic0i7,2025-09,nehqt22,Horror_Career5580,True,1.0,True,2.0,False,263,1758012584,0,,,,
bollywood,1nic0i7,2025-09,nehqa8m,cndynn96,True,2.0,True,1.0,False,97,1758012266,0,1667.3,14447.0,343136.0,True
bollywood,1nic0i7,2025-09,nehrlbk,Teripendiicecreamyum,True,3.0,True,4.0,False,51,1758013063,0,2001.8,7065.0,25013.0,True
bollywood,1nic0i7,2025-09,nehrgir,SelectGrowth513,True,4.0,True,3.0,False,29,1758012983,0,1701.1,400.0,32237.0,True
bollywood,1nic0i7,2025-09,nehy19f,Ready_Ad_1353,True,5.0,True,5.0,False,24,1758016932,0,1463.8,106475.0,31067.0,True
bollywood,1nic0i7,2025-09,nei02g4,Stunning_Time5740,True,6.0,False,,False,13,1758018044,0,,,,
bollywood,1nic0i7,2025-09,nenwiov,MadKingZilla,True,8.0,False,,False,6,1758091754,0,2277.6,13154.0,59474.0,True
bollywood,1nic0i7,2025-09,nehzb2w,a-the-umm-ya,True,7.0,False,,False,7,1758017633,0,2722.6,1020.0,4655.0,True
bollywood,1nic0i7,2025-09,neit1vr,Personal-Comfort-507,True,9.0,False,,False,6,1758029596,0,565.8,254.0,834.0,True
bollywood,1nic0i7,2025-09,nej24hk,Striking_Travel_6151,True,10.0,False,,False,3,1758032403,0,576.3,420.0,1054.0,True
bollywood,1njzsl5,2025-09,neu9ryg,SelectGrowth513,True,1.0,True,1.0,False,177,1758174639,0,1701.1,400.0,32237.0,True
bollywood,1njzsl5,2025-09,neuha6a,vivxik,True,2.0,True,4.0,False,50,1758178756,0,3351.9,3395.0,368.0,True
bollywood,1njzsl5,2025-09,neuannh,ThunderBird847,True,3.0,True,2.0,False,35,1758175109,0,1986.2,25283.0,259990.0,True
bollywood,1njzsl5,2025-09,neui9cb,Godofwaroo7,True,4.0,True,5.0,False,33,1758179311,0,425.2,114.0,1545.0,True
bollywood,1njzsl5,2025-09,neuvqgi,aaditya_9303,True,5.0,False,,False,15,1758187389,0,2336.0,75365.0,135084.0,True
bollywood,1njzsl5,2025-09,nev6d1i,super_BRO999,True,6.0,False,,False,12,1758193028,0,2042.1,9230.0,3837.0,True
bollywood,1njzsl5,2025-09,nev6lek,Shrispy24,True,7.0,False,,False,11,1758193137,0,2613.9,1.0,2795.0,True
bollywood,1njzsl5,2025-09,nevb65z,rustyyryan,True,9.0,False,,False,8,1758195151,0,1501.4,868913.0,99495.0,True
bollywood,1njzsl5,2025-09,neubvot,PralineOk6121,True,8.0,True,3.0,False,9,1758175767,0,1104.1,77.0,78862.0,True
bollywood,1njzsl5,2025-09,nevc5az,Sufficient-Sky-5360,True,10.0,False,,False,7,1758195556,0,1627.7,549.0,1052.0,True
IndianStockMarket,1n8y3yx,2025-09,ncikkzh,krana4592,True,1.0,True,1.0,False,426,1757055548,0,2829.7,697.0,6615.0,True
IndianStockMarket,1n8y3yx,2025-09,ncinog6,theindieboi,True,2.0,True,5.0,False,87,1757057326,0,2386.1,62436.0,29245.0,True
IndianStockMarket,1n8y3yx,2025-09,ncilqt5,Material_Birthday219,True,3.0,True,4.0,False,63,1757056210,0,1598.7,32.0,475.0,True
IndianStockMarket,1n8y3yx,2025-09,ncil2od,Ok_Resource2169,True,4.0,True,3.0,False,41,1757055824,0,822.2,159.0,1292.0,True
IndianStockMarket,1n8y3yx,2025-09,ncil28j,Miserable_Advice7010,True,5.0,True,2.0,False,14,1757055816,0,274.1,1.0,11.0,True
IndianStockMarket,1n8y3yx,2025-09,ncivtid,explorer9988,True,6.0,False,,False,8,1757062200,0,1294.1,105.0,800.0,True
IndianStockMarket,1n8y3yx,2025-09,ncljqoq,Foreign-Virus-6424,True,7.0,False,,False,7,1757095980,0,692.4,120.0,1738.0,True
IndianStockMarket,1n8y3yx,2025-09,nciob1s,Fine_Raccoon3637,True,8.0,False,,False,6,1757057699,0,1113.2,5481.0,4832.0,True
IndianStockMarket,1n8y3yx,2025-09,nciq5z2,SagarShirsat,True,9.0,False,,False,5,1757058805,0,1846.4,1.0,8.0,True
IndianStockMarket,1n8y3yx,2025-09,ncis8bg,iphone4Suser,True,10.0,False,,False,4,1757060022,0,4530.2,9525.0,101300.0,True
IndianStockMarket,1njw69i,2025-09,netup1z,UnusualBit18,True,1.0,True,1.0,False,63,1758167423,0,658.0,69.0,925.0,True
IndianStockMarket,1njw69i,2025-09,neuyg9b,prof_morris,True,2.0,True,3.0,False,12,1758188967,0,300.2,8.0,105.0,True
IndianStockMarket,1njw69i,2025-09,neutjs8,Intelligent_Bug77,True,3.0,True,2.0,False,5,1758186067,0,274.1,375.0,415.0,True
IndianStockMarket,1njw69i,2025-09,neuysku,jamfold,True,4.0,True,4.0,False,2,1758189154,0,3482.8,6.0,12807.0,True
IndianStockMarket,1njw69i,2025-09,nevksur,kavin_86,True,5.0,True,5.0,False,1,1758198846,0,765.0,113.0,2676.0,True
IndianStockMarket,1njw69i,2025-09,nf0h617,WheelsofPop,True,6.0,False,,False,1,1758254237,0,1486.1,1478.0,1388.0,True
IndianStockMarket,1njw69i,2025-09,nfcwtm3,abcxyzyt1_at_gmail,True,7.0,False,,False,1,1758424303,0,,,,
IndianStockMarket,1njw69i,2025-09,nfqot5q,Nobody200258,True,8.0,False,,False,1,1758621940,0,453.6,31.0,761.0,True
IndianStockMarket,1njw69i,2025-09,ng3x9zx,Saemi_IN,True,9.0,False,,False,1,1758799758,0,288.0,20.0,286.0,True
IndianStockMarket,1njw69i,2025-09,nh1njhi,KangarooHairy3369,True,10.0,False,,False,1,1759254834,0,308.1,12.0,2.0,False
IndianStockMarket,1n98i58,2025-09,nclc9o8,allahabadiroy,True,1.0,True,1.0,False,55,1757093796,0,2138.0,31.0,5676.0,True
IndianStockMarket,1n98i58,2025-09,nclz10s,Relative-Jacket-2409,True,2.0,True,2.0,False,31,1757100578,0,1607.2,5415.0,46686.0,True
IndianStockMarket,1n98i58,2025-09,ncov1fl,Butter_Chicken2003,True,3.0,True,5.0,False,15,1757138765,0,280.2,685.0,1291.0,True
IndianStockMarket,1n98i58,2025-09,ncm0p0l,Federal_Package_Blr,True,4.0,True,3.0,False,6,1757101080,0,303.6,394.0,769.0,True
IndianStockMarket,1n98i58,2025-09,ncv4q8v,WorriedAirport1641,True,5.0,False,,False,2,1757227519,0,1373.8,1126.0,1169.0,True
IndianStockMarket,1n98i58,2025-09,ncozfxs,Electronic_Run_5217,True,6.0,False,,False,1,1757141228,0,1371.3,778.0,84.0,True
IndianStockMarket,1n98i58,2025-09,ncq1w6a,FreeBe3,True,7.0,False,,False,1,1757162374,0,1496.4,12058.0,24123.0,True
IndianStockMarket,1n98i58,2025-09,ncrat9y,yedksksk7,True,8.0,False,,False,1,1757177513,0,311.2,97.0,1058.0,False
IndianStockMarket,1n98i58,2025-09,nd8ap97,InternationalPay7888,True,9.0,False,,False,1,1757405907,0,294.4,1.0,22.0,True
IndianStockMarket,1n98i58,2025-09,ndlmnib,Rabbitpyth,True,10.0,False,,False,1,1757578865,0,444.7,119400.0,28717.0,True
IndianStockMarket,1n98i58,2025-09,ncm56og,rupsdb,False,,True,4.0,False,-8,1757102418,0,,,,
IndianStockMarket,1nl2ek3,2025-09,nf27y1d,triple_hoop,True,1.0,True,1.0,False,328,1758285706,0,1935.1,4512.0,122190.0,True
IndianStockMarket,1nl2ek3,2025-09,nf2aqto,SageSharma,True,2.0,True,2.0,False,119,1758286676,0,584.0,25627.0,53717.0,True
IndianStockMarket,1nl2ek3,2025-09,nf2c0vo,drunkkaf,True,3.0,True,3.0,False,24,1758287106,0,930.2,1192.0,8225.0,True
IndianStockMarket,1nl2ek3,2025-09,nf2e090,iwonttolerateyou2,True,5.0,True,4.0,False,19,1758287760,0,712.4,3136.0,19036.0,True
IndianStockMarket,1nl2ek3,2025-09,nf2k1vf,HamsterWheelEngineer,True,4.0,False,,False,20,1758289711,0,,,,
IndianStockMarket,1nl2ek3,2025-09,nf2hgor,Subhartha17,True,6.0,False,,False,12,1758288883,0,1198.5,22.0,15.0,True
IndianStockMarket,1nl2ek3,2025-09,nf2fsh3,naveenstuns,True,8.0,True,5.0,False,6,1758288343,0,3641.0,1332.0,27311.0,True
IndianStockMarket,1nl2ek3,2025-09,nf2igvk,stoned_experiences,True,7.0,False,,False,7,1758289206,0,868.3,322.0,33322.0,False
IndianStockMarket,1nl2ek3,2025-09,nf2izop,electronic_rogue_5,True,9.0,False,,False,5,1758289373,0,762.7,46999.0,34434.0,True
IndianStockMarket,1nl2ek3,2025-09,nf2gcow,BroccoliPutrid4801,True,10.0,False,,False,3,1758288526,0,774.6,88.0,723.0,True
IndianStockMarket,1nlnarj,2025-09,nf6qhzs,elucidator007,True,1.0,True,2.0,False,357,1758338135,0,2326.9,4538.0,20925.0,True
IndianStockMarket,1nlnarj,2025-09,nf6sqo9,galeej,True,2.0,False,,False,258,1758339097,0,4087.1,14225.0,137986.0,False
IndianStockMarket,1nlnarj,2025-09,nf6qma2,More-Actuator-1729,True,3.0,True,3.0,False,218,1758338184,0,799.0,349.0,40619.0,True
IndianStockMarket,1nlnarj,2025-09,nf6vk5v,vikeng_gdg,True,4.0,False,,False,143,1758340344,0,2716.8,1.0,4445.0,True
IndianStockMarket,1nlnarj,2025-09,nf6u3kn,EagleWorldly5032,True,5.0,False,,False,114,1758339696,0,1115.8,1038.0,64343.0,False
IndianStockMarket,1nlnarj,2025-09,nf6x3u4,SaracasticByte,True,6.0,False,,False,82,1758341048,0,780.1,540.0,70806.0,True
IndianStockMarket,1nlnarj,2025-09,nf6u1jo,DAA-007,True,7.0,False,,False,28,1758339672,0,1290.1,430.0,6850.0,True
IndianStockMarket,1nlnarj,2025-09,nf6wohw,BitterAd6419,True,9.0,False,,False,20,1758340850,0,1471.6,2680.0,76731.0,True
IndianStockMarket,1nlnarj,2025-09,nf6shv5,omcstreet,True,8.0,True,5.0,False,22,1758338989,0,4456.6,3064.0,8724.0,True
IndianStockMarket,1nlnarj,2025-09,nf6tf5f,SanjuRai1986,True,10.0,False,,False,17,1758339398,0,1183.2,407.0,5746.0,True
IndianStockMarket,1nlnarj,2025-09,nf6qh2f,We_R_not_Same,False,,True,1.0,False,7,1758338124,0,,,,
IndianStockMarket,1nlnarj,2025-09,nf6scpf,Innocuous_salt,False,,True,4.0,False,10,1758338926,0,2392.2,1.0,12312.0,False
IndianStockMarket,1ndjcix,2025-09,ndl2yvb,NewWheelView,True,1.0,True,1.0,False,31,1757568059,0,571.1,38225.0,47569.0,True
IndianStockMarket,1ndjcix,2025-09,ndmsi54,Ashryfinancial,True,2.0,True,5.0,False,10,1757597706,0,291.1,5321.0,29126.0,True
IndianStockMarket,1ndjcix,2025-09,ndmiqmr,Only_bliss_,True,3.0,True,4.0,False,3,1757594437,0,511.0,184.0,7509.0,False
IndianStockMarket,1ndjcix,2025-09,ndlj35o,Drunk__Priest_,True,4.0,True,2.0,False,3,1757576733,0,2603.9,164.0,1405.0,True
IndianStockMarket,1ndjcix,2025-09,ndmaw8x,Nature_Spirit-_-,True,5.0,True,3.0,False,2,1757591456,0,592.5,47.0,1436.0,True
IndianStockMarket,1ndjcix,2025-09,ndodiyl,Loading_DingDong,True,6.0,False,,False,2,1757614316,0,,,,
IndianStockMarket,1ndjcix,2025-09,ndrs6xy,Striking_Catch_8619,True,7.0,False,,False,1,1757657710,0,268.3,14.0,1.0,False
IndianStockMarket,1ndjcix,2025-09,ne4iq5x,aiwithshruti,True,8.0,False,,False,1,1757831341,0,274.8,1.0,0.0,True
IndianStockMarket,1ndjcix,2025-09,nehv9yp,Bratyushh,True,9.0,False,,False,1,1758015319,0,661.1,82.0,72.0,True
IndianStockMarket,1n6jzhm,2025-09,nc0t0o3,d3athR0n,True,1.0,False,,False,268,1756824203,0,4759.7,5696.0,46032.0,False
IndianStockMarket,1n6jzhm,2025-09,nc0wvda,failure_joker,True,2.0,False,,False,75,1756825338,0,411.3,5984.0,2552.0,True
IndianStockMarket,1n6jzhm,2025-09,nc0p4d2,BaseballAny5716,True,3.0,True,3.0,False,46,1756823037,0,,,,
IndianStockMarket,1n6jzhm,2025-09,nc0wt5g,Thick_Wallaby1,True,4.0,False,,False,45,1756825320,0,467.4,669.0,5858.0,False
IndianStockMarket,1n6jzhm,2025-09,nc0nq08,More-Actuator-1729,True,5.0,True,1.0,False,44,1756822609,0,799.0,349.0,40619.0,True
IndianStockMarket,1n6jzhm,2025-09,nc12gei,americanoaddict,True,7.0,False,,False,40,1756826985,0,851.6,3.0,6685.0,False
IndianStockMarket,1n6jzhm,2025-09,nc0nrzy,Working_Knowledge338,True,6.0,True,2.0,False,41,1756822626,0,486.0,769.0,2246.0,True
IndianStockMarket,1n6jzhm,2025-09,nc24ciw,xrajdev,True,8.0,False,,False,26,1756838210,0,,,,
IndianStockMarket,1n6jzhm,2025-09,nc1l3le,Best_Piece_4572,True,9.0,False,,False,24,1756832557,0,628.0,2262.0,2166.0,True
IndianStockMarket,1n6jzhm,2025-09,nc17dc2,Savya16,True,10.0,False,,False,12,1756828447,0,3511.1,708.0,565.0,True
IndianStockMarket,1n6jzhm,2025-09,nc0pr6n,SageSharma,False,,True,4.0,False,9,1756823229,0,584.0,25627.0,53717.0,True
IndianStockMarket,1n6jzhm,2025-09,nc0r2oq,Actual-Morning110,False,,True,5.0,False,2,1756823627,0,1979.6,189.0,5726.0,True
IndianStockMarket,1njb4zg,2025-09,ner41ro,SnooCookies3054,True,1.0,True,4.0,False,212,1758134957,0,2051.7,323.0,271.0,True
IndianStockMarket,1njb4zg,2025-09,neqd75n,Ashryfinancial,True,2.0,True,2.0,False,90,1758127336,0,291.1,5321.0,29126.0,True
IndianStockMarket,1njb4zg,2025-09,nesp996,electronic_rogue_5,True,3.0,False,,False,71,1758152392,0,762.7,46999.0,34434.0,True
IndianStockMarket,1njb4zg,2025-09,neqbud9,More-Actuator-1729,True,4.0,True,1.0,False,24,1758126948,0,799.0,349.0,40619.0,True
IndianStockMarket,1njb4zg,2025-09,nete56q,Pretend-Eye-587,True,6.0,False,,False,18,1758160999,0,,,,
IndianStockMarket,1njb4zg,2025-09,netpayj,Some_Neat_8120,True,5.0,False,,False,21,1758165185,0,,,,
IndianStockMarket,1njb4zg,2025-09,ner4wyd,Exciting_Strike5598,True,7.0,True,5.0,False,16,1758135204,0,937.2,4224.0,63859.0,True
IndianStockMarket,1njb4zg,2025-09,netbjot,yedksksk7,True,8.0,False,,False,11,1758160099,0,311.2,97.0,1058.0,False
IndianStockMarket,1njb4zg,2025-09,neqhkn0,Puzzleheaded_Run21,True,9.0,True,3.0,False,9,1758128562,0,748.7,975.0,10778.0,True
IndianStockMarket,1njb4zg,2025-09,netj8wx,the_storm_rider,True,10.0,False,,False,8,1758162848,0,3879.1,373.0,53250.0,True
IndianStockMarket,1npdco2,2025-09,nfyzcbg,Constant-Section-532,True,1.0,False,,False,416,1758730887,0,308.3,9.0,3685.0,False
IndianStockMarket,1npdco2,2025-09,nfyyeun,blr-druggie,True,2.0,True,4.0,False,348,1758730621,0,1281.8,1010.0,2124.0,True
IndianStockMarket,1npdco2,2025-09,nfz1r53,Fit-Shock-9868,True,3.0,False,,False,95,1758731582,0,822.1,45.0,3564.0,True
IndianStockMarket,1npdco2,2025-09,nfyyx6b,Only_bliss_,True,4.0,True,5.0,False,54,1758730768,0,511.0,184.0,7509.0,False
IndianStockMarket,1npdco2,2025-09,nfz1lmo,Herr_Doktorr,True,5.0,False,,False,31,1758731537,0,1881.3,2014.0,18954.0,True
IndianStockMarket,1npdco2,2025-09,nfz92pz,Stunning_Mountain_96,True,6.0,False,,False,26,1758733679,0,1536.3,11.0,1073.0,True
IndianStockMarket,1npdco2,2025-09,nfz96wk,No_Dog9018,True,7.0,False,,False,17,1758733713,0,1059.5,5377.0,7838.0,True
IndianStockMarket,1npdco2,2025-09,nfz8cjc,Keep0nBuckin,True,8.0,False,,False,11,1758733468,0,1195.8,177.0,146561.0,True
IndianStockMarket,1npdco2,2025-09,nfyv662,emilywatson99,True,9.0,True,2.0,False,10,1758729685,0,558.9,932.0,1153.0,True
IndianStockMarket,1npdco2,2025-09,nfyx4gw,taznado,False,,True,3.0,False,8,1758730251,0,4377.9,1976.0,18048.0,False
IndianStockMarket,1npdco2,2025-09,nfzr644,Specialist-Fix-9243,True,10.0,False,,False,9,1758738865,0,1661.1,6.0,26.0,True
IndianStockMarket,1npdco2,2025-09,nfyv1i4,BaseballAny5716,False,,True,1.0,False,4,1758729647,0,,,,
IndianStockMarket,1nefoxt,2025-09,ndraz23,indifferentcabbage,True,1.0,True,3.0,False,279,1757649313,0,2589.8,465.0,27858.0,True
IndianStockMarket,1nefoxt,2025-09,ndr4c3p,Lumiaman88,True,2.0,True,2.0,False,144,1757646606,0,2183.2,7231.0,11274.0,True
IndianStockMarket,1nefoxt,2025-09,ndrukua,Kallu-kaliyaa,True,3.0,False,,False,33,1757659010,0,486.2,380.0,3076.0,True
IndianStockMarket,1nefoxt,2025-09,ndrp07n,Wind-Ancient,True,5.0,False,,False,23,1757656005,0,2004.0,152.0,16120.0,True
IndianStockMarket,1nefoxt,2025-09,ndqvd8k,More-Actuator-1729,True,4.0,True,1.0,False,24,1757643303,0,799.0,349.0,40619.0,True
IndianStockMarket,1nefoxt,2025-09,ndrqpc2,Potential_Honey_3615,True,6.0,False,,False,18,1757656912,0,939.8,2.0,19656.0,True
IndianStockMarket,1nefoxt,2025-09,ndrcig9,Dense_Profit_2478,True,7.0,True,4.0,False,11,1757649990,0,1929.7,1910.0,6750.0,True
IndianStockMarket,1nefoxt,2025-09,ndrwu92,krthiak,True,8.0,False,,False,9,1757660255,0,1926.2,4637.0,8321.0,True
IndianStockMarket,1nefoxt,2025-09,ndrsgyj,blasternaut007,True,9.0,False,,False,7,1757657858,0,2257.7,2817.0,42502.0,True
IndianStockMarket,1nefoxt,2025-09,ndrei4b,Lucky_Maintenance583,False,,True,5.0,False,5,1757650884,0,991.0,20.0,745.0,True
IndianStockMarket,1nefoxt,2025-09,ndrjrjw,Manoos,True,10.0,False,,False,7,1757653358,0,6023.8,46003.0,52655.0,False
indiaspeaks,1nce821,2025-09,nd8kut2,Existing_Program_256,True,1.0,True,5.0,False,1394,1757412062,0,1660.7,2822.0,97272.0,True
indiaspeaks,1nce821,2025-09,nd8k4ex,Subh9510,True,2.0,True,2.0,False,283,1757411654,0,,,,
indiaspeaks,1nce821,2025-09,nd8keke,soft_Rava_Idli,True,3.0,True,4.0,False,111,1757411813,0,,,,
indiaspeaks,1nce821,2025-09,nd8x7gs,Aggravating_Fly_2412,True,4.0,False,,False,95,1757417996,0,1892.9,1296.0,22161.0,True
indiaspeaks,1nce821,2025-09,nd8lggu,DeadIndianDemocracy,True,5.0,False,,False,94,1757412398,0,425.5,288.0,1212.0,False
indiaspeaks,1nce821,2025-09,nd8mgnd,Desi_Hitman,True,6.0,False,,False,83,1757412944,0,338.1,18249.0,22067.0,True
indiaspeaks,1nce821,2025-09,nd8k6ys,Subh9510,True,7.0,True,3.0,False,68,1757411694,0,,,,
indiaspeaks,1nce821,2025-09,nd8nfu5,curiousstrider,True,8.0,False,,False,38,1757413464,0,3678.4,54378.0,16562.0,True
indiaspeaks,1nce821,2025-09,nd90asm,_cosmicdust__,True,9.0,False,,False,33,1757419241,0,2307.0,1000.0,3042.0,True
indiaspeaks,1nce821,2025-09,nd8iuqt,Agent47legend,True,10.0,True,1.0,False,21,1757410941,0,819.3,5508.0,2754.0,True
indiaspeaks,1nsspgw,2025-09,ngoa01y,geniusbutmoron,True,1.0,True,1.0,False,826,1759077286,0,,,,
indiaspeaks,1nsspgw,2025-09,ngocoo6,Local-Computer1118,True,2.0,True,4.0,False,129,1759078056,0,1225.2,161.0,3308.0,True
indiaspeaks,1nsspgw,2025-09,ngoa5dt,Emergency_Signal_180,True,3.0,True,2.0,False,53,1759077328,0,448.6,824.0,1299.0,True
indiaspeaks,1nsspgw,2025-09,ngofn86,De_Fine69,True,4.0,True,5.0,False,41,1759078903,0,2296.3,3933.0,30646.0,True
indiaspeaks,1nsspgw,2025-09,ngops7b,Different_Rutabaga32,True,5.0,False,,False,39,1759081681,0,1155.5,1166.0,3651.0,True
indiaspeaks,1nsspgw,2025-09,ngochin,MadHouseNetwork2_1,True,6.0,True,3.0,False,14,1759077999,0,643.6,25655.0,37026.0,True
indiaspeaks,1nsspgw,2025-09,ngop9d6,sapan_auth,True,7.0,False,,False,10,1759081539,0,2034.0,6153.0,55145.0,True
indiaspeaks,1nsspgw,2025-09,ngoqbet,InstructionAny3684,True,8.0,False,,False,7,1759081827,0,1797.4,5397.0,3620.0,True
indiaspeaks,1nsspgw,2025-09,ngq0yq0,djrocks420,True,9.0,False,,False,6,1759095272,0,3670.9,2363.0,12276.0,True
indiaspeaks,1nsspgw,2025-09,ngojwrm,ToothSafe2479,True,10.0,False,,False,5,1759080090,0,1798.9,3017.0,3978.0,True
indiaspeaks,1nco5zp,2025-09,ndao23a,abhi6543,True,1.0,True,3.0,False,1443,1757437698,0,2021.2,1207.0,11339.0,True
indiaspeaks,1nco5zp,2025-09,ndal0pq,Altruistic-Issue-887,True,2.0,True,2.0,True,514,1757436836,0,1417.7,774124.0,13962.0,True
indiaspeaks,1nco5zp,2025-09,ndaom11,sunyasu,True,3.0,True,4.0,False,351,1757437854,0,2796.3,659.0,26795.0,False
indiaspeaks,1nco5zp,2025-09,ndapvtu,Rude_Issue_5972,True,4.0,True,5.0,False,177,1757438209,0,798.5,134.0,36219.0,True
indiaspeaks,1nco5zp,2025-09,ndarq0v,Sabka_asli_baap,True,5.0,False,,False,97,1757438715,0,,,,
indiaspeaks,1nco5zp,2025-09,ndakmz2,IntelligentHoney6929,True,6.0,True,1.0,False,39,1757436727,0,1778.5,89487.0,93885.0,True
indiaspeaks,1nco5zp,2025-09,ndauxxb,cerebrite,True,7.0,False,,False,37,1757439612,0,4211.1,16746.0,63829.0,True
indiaspeaks,1nco5zp,2025-09,ndau0wj,Signature_Space2024,True,8.0,False,,False,33,1757439356,0,576.5,488348.0,5503.0,True
indiaspeaks,1nco5zp,2025-09,ndatvgi,slugabed123,True,9.0,False,,False,32,1757439313,0,2376.6,718.0,2346.0,True
indiaspeaks,1nco5zp,2025-09,ndb6jou,bisector_babu,True,10.0,False,,False,19,1757442902,0,1727.8,542506.0,11358.0,True
indiaspeaks,1npzzch,2025-09,ng360rr,03deepu,True,1.0,True,1.0,False,418,1758784478,0,3235.2,548.0,7282.0,True
indiaspeaks,1npzzch,2025-09,ng36mb6,LittleBlueCubes,True,2.0,True,2.0,False,149,1758784831,0,3432.6,55789.0,80236.0,True
indiaspeaks,1npzzch,2025-09,ng385p7,dexter_d3,True,3.0,True,5.0,False,94,1758785771,0,2362.7,752.0,5877.0,True
indiaspeaks,1npzzch,2025-09,ng37mih,future_007_,True,4.0,True,4.0,False,29,1758785441,0,1103.0,63.0,1436.0,True
indiaspeaks,1npzzch,2025-09,ng36zwm,PayResponsible4458,True,5.0,True,3.0,False,25,1758785055,0,1510.1,4847.0,85077.0,True
indiaspeaks,1npzzch,2025-09,ng38pck,ShySarcastic,True,6.0,False,,False,23,1758786104,0,1951.3,870.0,6150.0,True
indiaspeaks,1npzzch,2025-09,ng3d2q9,nickdonhelm,True,7.0,False,,False,14,1758788784,0,1529.9,55935.0,195669.0,True
indiaspeaks,1npzzch,2025-09,ng39ju2,rrevvv,True,8.0,False,,False,6,1758786612,0,1972.0,503.0,4551.0,True
indiaspeaks,1npzzch,2025-09,ng3lytf,wtf125,True,9.0,False,,False,5,1758794164,0,2814.9,5113.0,45819.0,True
indiaspeaks,1npzzch,2025-09,ng4531p,peaceKeeper2571,True,10.0,False,,False,4,1758802873,0,771.3,6305.0,3520.0,True
indiaspeaks,1n5kdgr,2025-09,nbt7jn9,evammist,True,1.0,True,2.0,False,1030,1756720102,0,1940.7,1.0,161075.0,True
indiaspeaks,1n5kdgr,2025-09,nbt8yns,deltastar123,True,2.0,True,4.0,False,462,1756720891,0,1327.1,405.0,22017.0,True
indiaspeaks,1n5kdgr,2025-09,nbt9upf,Mr__Nazgul,True,3.0,True,5.0,False,294,1756721388,0,1163.5,212.0,6287.0,True
indiaspeaks,1n5kdgr,2025-09,nbtbuwt,retardededededededed,True,4.0,False,,False,286,1756722492,0,1912.5,133.0,1469.0,True
indiaspeaks,1n5kdgr,2025-09,nbtc3gi,pihhit989,True,5.0,False,,False,182,1756722621,0,406.9,8086.0,17668.0,False
indiaspeaks,1n5kdgr,2025-09,nbtc2nt,ItWillChangeInTime,True,6.0,False,,False,129,1756722609,0,1251.3,184.0,38891.0,True
indiaspeaks,1n5kdgr,2025-09,nbtexy5,Hippy_go_go,True,7.0,False,,False,89,1756724109,0,1919.2,293.0,22829.0,True
indiaspeaks,1n5kdgr,2025-09,nbt7hwx,Substantial_Twist_49,True,8.0,True,1.0,False,73,1756720075,0,2002.9,1112.0,3663.0,True
indiaspeaks,1n5kdgr,2025-09,nbtachz,Odd-Indication-5301,True,9.0,False,,False,56,1756721658,0,1993.0,4706.0,21410.0,True
indiaspeaks,1n5kdgr,2025-09,nbt84lz,Lost_Cartographer66,True,10.0,True,3.0,False,28,1756720426,0,1491.9,4461.0,7640.0,True
indiaspeaks,1ngkq52,2025-09,ne4qjnb,Aristofans,True,1.0,True,1.0,False,514,1757835655,0,791.0,927.0,23172.0,True
indiaspeaks,1ngkq52,2025-09,ne4u2qr,blackBloodMukul,True,2.0,False,,False,294,1757837647,0,2629.5,54.0,1861.0,True
indiaspeaks,1ngkq52,2025-09,ne4t8hz,Infamous-Chemical111,True,3.0,True,4.0,False,107,1757837178,0,803.6,2847.0,18336.0,True
indiaspeaks,1ngkq52,2025-09,ne4waep,ichi9,True,4.0,False,,False,43,1757838892,0,3044.1,2320.0,5940.0,True
indiaspeaks,1ngkq52,2025-09,ne4s2e8,Local_Syllabub_7824,True,5.0,True,2.0,False,25,1757836522,0,1617.0,278.0,2921.0,True
indiaspeaks,1ngkq52,2025-09,ne50c5r,Wild_Contribution708,True,6.0,False,,False,23,1757841276,0,517.1,4538.0,3734.0,True
indiaspeaks,1ngkq52,2025-09,ne4sk7s,Im-no-saint,True,7.0,True,3.0,False,17,1757836803,0,1009.3,4399.0,22897.0,True
indiaspeaks,1ngkq52,2025-09,ne5j5g6,Venture_Capitalistt,True,8.0,False,,False,14,1757851465,0,1588.5,6325.0,2360.0,True
indiaspeaks,1ngkq52,2025-09,ne5z26m,AggressiveLeopard750,True,9.0,False,,False,13,1757857542,0,1912.8,1.0,7743.0,True
indiaspeaks,1ngkq52,2025-09,ne506sq,iamarddtusr,True,10.0,False,,False,12,1757841186,0,5631.9,1969.0,38162.0,True
indiaspeaks,1ngkq52,2025-09,ne4t9va,loserleone,False,,True,5.0,False,6,1757837200,0,639.9,57541.0,6359.0,True
indiaspeaks,1nquaw1,2025-09,ng9lm7x,RaisinCurious7483,True,1.0,True,1.0,False,898,1758870498,0,1953.4,136.0,3144.0,True
indiaspeaks,1nquaw1,2025-09,ng9lmly,Routine-Dig5001,True,2.0,True,2.0,False,332,1758870504,0,1145.2,68.0,7549.0,True
indiaspeaks,1nquaw1,2025-09,ng9m573,amazinglycool256,True,3.0,True,3.0,False,205,1758870806,0,883.2,76.0,29736.0,True
indiaspeaks,1nquaw1,2025-09,ng9om9e,Unbeautiful_Nothing,True,4.0,True,4.0,False,186,1758872279,0,,,,
indiaspeaks,1nquaw1,2025-09,ng9rnl7,Fickle-Raspberry6403,True,5.0,False,,False,93,1758874117,0,1654.8,731.0,20439.0,True
indiaspeaks,1nquaw1,2025-09,ng9wkzr,googlethor,True,6.0,False,,False,54,1758877134,0,1319.6,1.0,5895.0,True
indiaspeaks,1nquaw1,2025-09,nga1bd5,Almost_Infamous,True,7.0,False,,False,45,1758879954,0,4768.6,78257.0,106999.0,True
indiaspeaks,1nquaw1,2025-09,ng9qg1d,something-123456789,True,8.0,True,5.0,False,29,1758873383,0,1318.2,53.0,5571.0,True
indiaspeaks,1nquaw1,2025-09,ng9toc8,blackthorn-01,True,9.0,False,,False,27,1758875359,0,1954.0,5710.0,6422.0,True
indiaspeaks,1nquaw1,2025-09,ng9zxcn,CryptographerSea1280,True,10.0,False,,False,24,1758879142,0,,,,
indiaspeaks,1nlmalv,2025-09,nf6jpal,Secret_Inevitable681,True,1.0,True,3.0,False,334,1758335334,0,1677.4,7442.0,18701.0,True
indiaspeaks,1nlmalv,2025-09,nf6jlx1,8rnlsunshine,True,2.0,True,2.0,False,203,1758335296,0,2694.5,4205.0,6266.0,True
indiaspeaks,1nlmalv,2025-09,nf6ks5r,Dalbus_Umbledore,True,3.0,True,5.0,False,173,1758335771,0,1727.4,2289.0,61710.0,True
indiaspeaks,1nlmalv,2025-09,nf6ktpx,Chemical-Confusion63,True,4.0,False,,False,104,1758335788,0,910.8,587.0,1452.0,True
indiaspeaks,1nlmalv,2025-09,nf6itzo,Cautious-Breath5628,True,5.0,True,1.0,False,46,1758334984,0,488.2,107571.0,11820.0,True
indiaspeaks,1nlmalv,2025-09,nf6naur,Emotional-Macaroon64,True,6.0,False,,False,42,1758336796,0,979.7,181506.0,5592.0,True
indiaspeaks,1nlmalv,2025-09,nf6onpi,GrowthStraight4317,True,7.0,False,,False,32,1758337359,0,1797.3,162.0,3156.0,True
indiaspeaks,1nlmalv,2025-09,nf6m75c,CharamSukhi,True,8.0,False,,False,28,1758336346,0,2927.3,36.0,10717.0,True
indiaspeaks,1nlmalv,2025-09,nf8neaq,morningnewsguy,True,9.0,False,,False,20,1758373320,0,3694.0,44.0,8116.0,True
indiaspeaks,1nlmalv,2025-09,nf6mp5m,Winter-Put6110,True,10.0,False,,False,14,1758336548,0,2023.7,1944.0,11343.0,True
indiaspeaks,1nlmalv,2025-09,nf6k878,rudra_2240,False,,True,4.0,False,12,1758335549,0,2115.3,1852.0,1401.0,True
indiaspeaks,1nuidwx,2025-09,nh1ehcu,spd_47,True,1.0,True,4.0,False,92,1759252294,0,2663.9,67.0,6836.0,True
indiaspeaks,1nuidwx,2025-09,nh1cby7,Quiet-Door-7281,True,2.0,True,1.0,False,32,1759251682,0,976.1,154.0,12129.0,True
indiaspeaks,1nuidwx,2025-09,nh1cv7w,Educational-Fun1202,True,3.0,True,3.0,False,18,1759251835,0,1972.9,2213.0,9517.0,True
indiaspeaks,1nuidwx,2025-09,nh1cpig,roughstrider,True,4.0,True,2.0,False,16,1759251790,0,558.3,19085.0,13786.0,True
indiaspeaks,1nuidwx,2025-09,nh1gns5,Almost_Infamous,True,5.0,False,,False,14,1759252902,0,4768.6,78257.0,106999.0,True
indiaspeaks,1nuidwx,2025-09,nh1qt0h,hoor_jaan,True,6.0,False,,False,8,1759255775,0,2201.7,387.0,45564.0,True
indiaspeaks,1nuidwx,2025-09,nh1gmni,AKAMA199,True,7.0,True,5.0,False,6,1759252894,0,2793.8,12863.0,5228.0,True
indiaspeaks,1nuidwx,2025-09,nh7zo1o,emtydeeznuts,True,8.0,False,,False,6,1759340249,0,1610.6,260.0,6056.0,True
indiaspeaks,1nuidwx,2025-09,nh6h5yx,nikilpatel94,True,9.0,False,,False,4,1759323942,0,3293.4,797.0,1135.0,True
indiaspeaks,1nuidwx,2025-09,nh5hf0l,Paladin_5963,True,10.0,False,,False,2,1759306620,0,798.6,1046.0,2856.0,True
indiaspeaks,1n9yit0,2025-09,ncq6qnw,hskskgfk,True,1.0,True,4.0,False,207,1757164301,0,3298.7,14435.0,122487.0,False
indiaspeaks,1n9yit0,2025-09,ncq35zt,happy_batman876,True,2.0,True,2.0,False,143,1757162890,0,719.3,13059.0,56163.0,True
indiaspeaks,1n9yit0,2025-09,ncq46b3,Eunoiabunny,True,3.0,True,3.0,False,88,1757163295,0,553.5,9874.0,8841.0,True
indiaspeaks,1n9yit0,2025-09,ncq9vlt,CoolAdames,True,4.0,False,,False,62,1757165482,0,1934.5,6015.0,4881.0,True
indiaspeaks,1n9yit0,2025-09,ncq7x29,HellFox_9,True,5.0,True,5.0,False,43,1757164750,0,,,,
indiaspeaks,1n9yit0,2025-09,ncq355i,arkam_uzumaki,True,6.0,True,1.0,False,25,1757162881,0,1252.1,94727.0,120104.0,True
indiaspeaks,1n9yit0,2025-09,ncqg2e4,kyoto_Yukimora,True,7.0,False,,False,25,1757167681,0,1715.7,24.0,2848.0,True
indiaspeaks,1n9yit0,2025-09,ncqm8lx,kambyog,True,9.0,False,,False,7,1757169773,0,,,,
indiaspeaks,1n9yit0,2025-09,ncs4ehp,Maleficent-Law2750,True,8.0,False,,False,8,1757186332,0,1594.3,5844.0,9000.0,True
indiaspeaks,1n9yit0,2025-09,ncv3p01,harishteekay,True,10.0,False,,False,6,1757226974,0,3578.4,2278.0,3208.0,True
IndiaInvestments,1nnfexg,2025-09,nfk5txl,Thick_tongue6867,True,1.0,True,2.0,False,169,1758524648,0,913.8,415.0,10170.0,True
IndiaInvestments,1nnfexg,2025-09,nfk9xt3,sabkimkc007,True,2.0,True,3.0,False,140,1758527171,0,739.8,109.0,1072.0,True
IndiaInvestments,1nnfexg,2025-09,nfkz2l9,Express-World-8473,True,3.0,True,5.0,False,45,1758541140,0,,,,
IndiaInvestments,1nnfexg,2025-09,nfrrxio,Equivalent_Text_5998,True,4.0,False,,False,11,1758637092,0,580.2,1.0,768.0,True
IndiaInvestments,1nnfexg,2025-09,nfkm12l,anuragkerag,True,5.0,True,4.0,False,7,1758534636,0,3475.8,1.0,392.0,True
IndiaInvestments,1nnfexg,2025-09,nfq4mic,404LogicNotFoundNow,True,6.0,False,,False,6,1758608441,0,304.4,76.0,3490.0,True
IndiaInvestments,1nnfexg,2025-09,ng4ks1f,krakends,True,7.0,False,,False,4,1758808162,0,2587.7,3882.0,26893.0,True
IndiaInvestments,1nnfexg,2025-09,ng2vulz,Routine_Price1077,True,8.0,False,,False,2,1758778786,0,514.4,99.0,68.0,True
IndiaInvestments,1nnfexg,2025-09,ng9fqc3,Stocks_trader135,True,9.0,False,,False,1,1758867220,0,,,,
IndiaInvestments,1nnfexg,2025-09,nwpgzun,Altruistic_Handle816,True,10.0,False,,False,1,1767089197,0,158.0,1.0,68.0,True
IndiaInvestments,1nnfexg,2025-09,nfk5pn5,Logical_League8088,False,,True,1.0,False,-54,1758524578,0,,,,
IndiaInvestments,1ndb95x,2025-09,ndhmk4a,Drk_Kni8,True,1.0,True,1.0,False,127,1757527627,0,2404.8,13696.0,34084.0,True
IndiaInvestments,1ndb95x,2025-09,ndktl79,pleides101,True,2.0,False,,False,59,1757563774,0,1980.7,590.0,1268.0,True
IndiaInvestments,1ndb95x,2025-09,ndk2cxz,optimistdit,True,3.0,True,3.0,False,28,1757553545,0,3502.4,5660.0,4424.0,True
IndiaInvestments,1ndb95x,2025-09,ndjt5l1,Cheetahissleeping,True,4.0,True,2.0,False,16,1757550362,0,568.5,329.0,1349.0,True
IndiaInvestments,1ndb95x,2025-09,ndklmo9,Double_Version_3174,True,5.0,True,5.0,False,13,1757560495,0,1675.7,184.0,2438.0,True
IndiaInvestments,1ndb95x,2025-09,ndkkvq3,Warm_Ad_5219,True,6.0,True,4.0,False,12,1757560208,0,360.0,9.0,13.0,True
IndiaInvestments,1ndb95x,2025-09,ndmoppi,Straight_Drive_7882,True,7.0,False,,False,9,1757596476,0,1603.0,138.0,7304.0,True
IndiaInvestments,1ndb95x,2025-09,ndknkev,Ferret30,True,8.0,False,,False,7,1757561264,0,1772.2,307.0,1163.0,True
IndiaInvestments,1ndb95x,2025-09,ndr0hof,Equal_Magician2599,True,9.0,False,,False,7,1757645163,0,1660.9,53.0,1231.0,True
IndiaInvestments,1ndb95x,2025-09,ndlgwzb,Express-World-8473,True,10.0,False,,False,5,1757575452,0,,,,
IndiaInvestments,1nhdd7y,2025-09,nefgcri,MialoKoukoutsi,True,1.0,True,3.0,False,87,1757976627,0,5346.1,1584.0,16642.0,True
IndiaInvestments,1nhdd7y,2025-09,negmb8d,dassduss,True,2.0,True,5.0,False,53,1757991537,0,1706.8,28.0,1844.0,True
IndiaInvestments,1nhdd7y,2025-09,nef5484,Ok_Medium9389,True,3.0,True,1.0,False,27,1757972809,0,2050.3,2.0,4227.0,True
IndiaInvestments,1nhdd7y,2025-09,negs2ou,idlysambardip,True,4.0,False,,False,17,1757993873,0,514.9,1.0,8995.0,True
IndiaInvestments,1nhdd7y,2025-09,neguiqk,testdarkday,True,5.0,False,,False,9,1757994924,0,2211.2,1166.0,660.0,True
IndiaInvestments,1nhdd7y,2025-09,neg4srx,testdarkday,True,6.0,True,4.0,False,9,1757985215,0,2211.2,1166.0,660.0,True
IndiaInvestments,1nhdd7y,2025-09,nehbx2t,Bulky_Bed5551,True,7.0,False,,False,7,1758003573,0,266.7,1.0,3.0,True
IndiaInvestments,1nhdd7y,2025-09,nei5ryq,Business-Translator,True,8.0,False,,False,5,1758020859,0,2343.9,1.0,23.0,True
IndiaInvestments,1nhdd7y,2025-09,nek8wvq,ggoyal,True,9.0,False,,False,4,1758044740,0,6466.3,319.0,7350.0,True
IndiaInvestments,1nhdd7y,2025-09,nehiz2x,Natural_Skill218,True,10.0,False,,False,3,1758007722,0,1602.5,291.0,14100.0,True
IndiaInvestments,1nhdd7y,2025-09,nef8jzc,kankanmeli,False,,True,2.0,False,1,1757973934,0,3095.2,773.0,2231.0,True
IndiaInvestments,1nswihd,2025-09,ngp8rwd,find_a_rare_uuid,True,1.0,True,2.0,False,113,1759087061,0,670.7,41615.0,202686.0,True
IndiaInvestments,1nswihd,2025-09,ngp6f8w,Figure-Disastrous,True,2.0,True,1.0,False,92,1759086391,0,1990.4,24.0,1110.0,True
IndiaInvestments,1nswihd,2025-09,ngq5sys,PyschoToxic07,True,3.0,True,4.0,False,79,1759096777,0,1641.0,310.0,352.0,True
IndiaInvestments,1nswihd,2025-09,ngqzliq,coldstone87,True,4.0,True,5.0,False,57,1759107180,0,1821.4,1700.0,26808.0,True
IndiaInvestments,1nswihd,2025-09,ngq38ay,That_Fig_Theorist,True,5.0,True,3.0,False,18,1759095965,0,317.9,8.0,373.0,True
IndiaInvestments,1nswihd,2025-09,ngt6hwh,nihilistWithATwist,True,6.0,False,,False,10,1759145368,0,3558.6,1555.0,882.0,True
IndiaInvestments,1nswihd,2025-09,ngrqjmm,JamesDond007,True,7.0,False,,False,7,1759117030,0,2892.0,304.0,4469.0,True
IndiaInvestments,1nswihd,2025-09,ngr8zv6,lycheejuice225,True,8.0,False,,False,5,1759110492,0,2521.7,1768.0,2484.0,True
IndiaInvestments,1nswihd,2025-09,ngrgrw4,SNN2,True,9.0,False,,False,4,1759113211,0,2946.7,85.0,13851.0,True
IndiaInvestments,1nswihd,2025-09,nhes8ld,common-sense-10101,True,10.0,False,,False,4,1759430288,0,348.4,1.0,599.0,True
IndiaInvestments,1nfnbjn,2025-09,ndyvnas,unmole,True,1.0,True,5.0,False,59,1757757389,0,4787.9,11542.0,23362.0,True
IndiaInvestments,1nfnbjn,2025-09,ndyx9ds,pleides101,True,2.0,False,,False,46,1757758315,0,1980.7,590.0,1268.0,True
IndiaInvestments,1nfnbjn,2025-09,ndyuztz,dreamfyre007,True,3.0,True,4.0,False,20,1757757017,0,671.8,101.0,159.0,True
IndiaInvestments,1nfnbjn,2025-09,ndyr4oj,ActuaryVegetable5471,True,4.0,True,2.0,False,18,1757754687,0,1354.0,42.0,213.0,True
IndiaInvestments,1nfnbjn,2025-09,ndz2b5i,AbhinavGulechha,True,5.0,False,,False,8,1757761073,0,836.2,46.0,2326.0,True
IndiaInvestments,1nfnbjn,2025-09,ndywl8o,Avisekh007,True,6.0,False,,False,6,1757757931,0,2599.6,1714.0,454.0,True
IndiaInvestments,1nfnbjn,2025-09,ne3rze7,Jim_beam23,True,7.0,False,,False,3,1757818745,0,695.0,2.0,476.0,True
IndiaInvestments,1nfnbjn,2025-09,ndyw82a,vikneshdbz,True,8.0,False,,False,2,1757757721,0,3897.9,33.0,1730.0,True
IndiaInvestments,1nfnbjn,2025-09,ne3mth6,YesterdayDreamer,True,9.0,False,,False,2,1757816719,0,1151.0,4268.0,93401.0,True
IndiaInvestments,1nfnbjn,2025-09,ndyr3ix,northern_lights2,True,10.0,True,1.0,False,1,1757754667,0,973.8,913.0,2620.0,False
IndiaInvestments,1nfnbjn,2025-09,ndyr4vk,Logeekal,False,,True,3.0,False,0,1757754691,0,4175.1,61.0,1933.0,True
IndiaInvestments,1nndqti,2025-09,nfkaw76,Automatic_Guava_2958,True,1.0,True,1.0,False,12,1758527758,0,260.1,1.0,7.0,True
IndiaInvestments,1nndqti,2025-09,nfkkw9e,IndiaGrowthStocks,True,2.0,True,2.0,True,3,1758533968,0,327.0,1035.0,581.0,True
IndiaInvestments,1nndqti,2025-09,nfs7xwz,consciousgrowth101,True,3.0,True,3.0,False,3,1758641722,0,384.8,601.0,9395.0,True
IndiaInvestments,1nndqti,2025-09,nftaj2x,deadlyidly007,True,4.0,True,4.0,False,1,1758652654,0,370.7,8.0,61.0,False
IndiaInvestments,1nndqti,2025-09,ng0dzjj,jigsawshadow,True,5.0,True,5.0,False,1,1758745536,0,1630.3,1.0,530.0,True
IndiaInvestments,1nndqti,2025-09,ng9f5wi,Stocks_trader135,True,6.0,False,,False,0,1758866912,0,,,,
IndiaInvestments,1n9qawe,2025-09,ncokzs0,tim2154,True,1.0,True,2.0,False,13,1757133636,0,3629.6,3.0,1076.0,True
IndiaInvestments,1n9qawe,2025-09,ncolz0x,Ok-Pride-6845,True,2.0,True,5.0,False,10,1757134099,0,1250.1,120.0,1305.0,True
IndiaInvestments,1n9qawe,2025-09,ncot0dc,aman6121,True,3.0,False,,False,9,1757137650,0,3127.8,95.0,457.0,True
IndiaInvestments,1n9qawe,2025-09,ncoliv1,IndieMamba,True,4.0,True,3.0,False,6,1757133886,0,1216.6,6.0,38.0,True
IndiaInvestments,1n9qawe,2025-09,ncon9j2,SadEstablishment5231,True,5.0,False,,False,4,1757134720,0,405.9,46.0,128.0,False
IndiaInvestments,1n9qawe,2025-09,ncongie,kumaradarsh1993,True,8.0,False,,False,3,1757134816,0,4070.1,1040.0,306.0,True
IndiaInvestments,1n9qawe,2025-09,ncosi97,ireddit-jr,True,6.0,False,,False,4,1757137380,0,2681.7,3250.0,6945.0,True
IndiaInvestments,1n9qawe,2025-09,ncozh0d,KARAMKAANDI,True,7.0,False,,False,4,1757141244,0,1137.3,503.0,152.0,False
IndiaInvestments,1n9qawe,2025-09,ncojlop,UnableCurrency,True,9.0,True,1.0,False,3,1757132981,0,2140.6,1567.0,10446.0,True
IndiaInvestments,1n9qawe,2025-09,ncoljxi,stoic_wallflower,True,10.0,True,4.0,False,3,1757133900,0,1523.6,39.0,234.0,True
IndiaInvestments,1nrovzp,2025-09,ngg0c01,DarkHumourFoundHere,True,1.0,True,1.0,False,12,1758958294,0,2246.8,15402.0,85630.0,True
IndiaInvestments,1nrovzp,2025-09,ngg0erd,onepolar32,True,2.0,True,2.0,False,6,1758958339,0,2880.8,13559.0,8145.0,True
IndiaInvestments,1nrovzp,2025-09,nhb97s7,bakraofwallstreet,True,3.0,True,3.0,False,2,1759379614,0,4142.8,8649.0,130692.0,True
IndiaInvestments,1n6bo4l,2025-09,nbyz71c,Potential_Honey_3615,True,1.0,True,2.0,False,5,1756794655,0,939.8,2.0,19656.0,True
IndiaInvestments,1n6bo4l,2025-09,ncctqhn,HungrySuggestion9987,True,2.0,True,5.0,False,4,1756985837,0,1340.0,1.0,16.0,True
IndiaInvestments,1n6bo4l,2025-09,nbz3gep,Live_Reach364,True,3.0,True,3.0,False,3,1756797093,0,1296.9,48.0,1106.0,True
IndiaInvestments,1n6bo4l,2025-09,nbzqvyo,torro-india,True,4.0,True,4.0,False,3,1756810430,0,418.8,14.0,28.0,True
IndiaInvestments,1n6bo4l,2025-09,nbywm18,Plus-Net-9086,True,5.0,True,1.0,False,0,1756793228,0,781.3,1.0,0.0,True
IndiaInvestments,1ngszrs,2025-09,neacif1,idomsi,True,1.0,True,3.0,False,17,1757906627,0,2480.0,4910.0,5412.0,True
IndiaInvestments,1ngszrs,2025-09,neaag5e,ohwhatfollyisman,True,2.0,True,1.0,False,10,1757905807,0,1561.3,68.0,45396.0,True
IndiaInvestments,1ngszrs,2025-09,neacba4,a220599,True,3.0,True,2.0,False,6,1757906546,0,4106.0,1095.0,56277.0,True
IndiaInvestments,1ngszrs,2025-09,neadvaf,YaswanthDatta,True,4.0,True,5.0,False,5,1757907204,0,2721.1,1210.0,495.0,True
IndiaInvestments,1ngszrs,2025-09,neadfbz,yetanotherdesionfire,True,5.0,True,4.0,False,1,1757907013,0,1650.4,43.0,2193.0,True
AskIndia,1nak7r0,2025-09,ncurwwx,AdMobile1817,True,1.0,True,5.0,False,167,1757220762,0,1603.5,1.0,391.0,True
AskIndia,1nak7r0,2025-09,ncurdlv,Winter-Ladder-3591,True,2.0,True,1.0,False,142,1757220498,0,1385.7,340.0,27670.0,True
AskIndia,1nak7r0,2025-09,ncurzyr,tamtamti_Chudail,True,3.0,False,,False,130,1757220803,0,698.7,1.0,165.0,False
AskIndia,1nak7r0,2025-09,ncutrfx,Momo_and_moon,True,4.0,False,,False,77,1757221693,0,597.5,205.0,33133.0,True
AskIndia,1nak7r0,2025-09,ncurr2l,mitts2128,True,5.0,True,4.0,False,63,1757220682,0,1966.7,55.0,5048.0,True
AskIndia,1nak7r0,2025-09,ncurfwu,cobalt-nickel-03,True,6.0,True,2.0,False,35,1757220530,0,494.0,1285.0,1492.0,True
AskIndia,1nak7r0,2025-09,ncurnq1,Saanjhmalhotra,True,7.0,True,3.0,False,32,1757220637,0,440.9,44.0,128.0,False
AskIndia,1nak7r0,2025-09,ncuyu1a,Straight-Example9126,True,8.0,False,,False,16,1757224358,0,2030.2,89.0,70179.0,True
AskIndia,1nak7r0,2025-09,ncv0y6p,nishbipbop,True,9.0,False,,False,14,1757225496,0,1714.0,245.0,3213.0,True
AskIndia,1ncd705,2025-09,nd8bysc,Expensive_Street_930,True,1.0,True,1.0,False,188,1757406705,0,1269.3,2023.0,4531.0,True
AskIndia,1ncd705,2025-09,nd8cqrg,donnagreylucy,True,2.0,True,3.0,False,84,1757407201,0,599.7,4373.0,23074.0,True
AskIndia,1ncd705,2025-09,nd8egw4,ThrowRABlackDove,True,3.0,True,4.0,False,35,1757408263,0,273.1,8.0,44.0,True
AskIndia,1ncd705,2025-09,nd8o6ii,snowcroc,True,4.0,False,,False,23,1757413846,0,4271.2,21596.0,76819.0,True
AskIndia,1ncd705,2025-09,nd92sgt,RabbitsAreFunny,True,6.0,False,,False,18,1757420200,0,2374.5,52.0,4999.0,True
AskIndia,1ncd705,2025-09,nd8hhar,OverallLoquat926,True,5.0,False,,False,22,1757410113,0,718.8,1.0,106.0,True
AskIndia,1ncd705,2025-09,nd8kcco,Overall-Substance342,True,7.0,False,,False,16,1757411778,0,1399.7,1.0,1784.0,True
AskIndia,1ncd705,2025-09,nd9pgmj,SadeliMargaret,True,8.0,False,,False,14,1757427730,0,992.0,21.0,2416.0,True
AskIndia,1ncd705,2025-09,nd8jprc,Imaginary_Group4052,True,9.0,False,,False,14,1757411425,0,1748.0,55.0,2273.0,True
AskIndia,1ncd705,2025-09,nd8fcq7,bluemountaintree,True,10.0,True,5.0,False,11,1757408809,0,3559.9,804.0,643.0,True
AskIndia,1ncd705,2025-09,nd8cgbz,Dallton_MD,False,,True,2.0,False,8,1757407018,0,1509.2,7936.0,3373.0,True
AskIndia,1nklce0,2025-09,neyswjz,wisdomcrab,True,1.0,True,2.0,True,351,1758232909,0,755.4,1510.0,488.0,True
AskIndia,1nklce0,2025-09,nez2sxz,TribalSoul899,True,2.0,True,4.0,False,246,1758236248,0,883.8,76565.0,207168.0,True
AskIndia,1nklce0,2025-09,neyw5zf,AlisaWonderland7,True,3.0,True,3.0,False,148,1758233985,0,,,,
AskIndia,1nklce0,2025-09,nezwv9z,raunakd7,True,4.0,False,,False,69,1758246747,0,2897.9,32.0,6480.0,True
AskIndia,1nklce0,2025-09,nezzqfm,saik1511,True,6.0,False,,False,53,1758247719,0,1980.1,2314.0,2837.0,True
AskIndia,1nklce0,2025-09,neyprcp,wisdomcrab,True,5.0,True,1.0,True,56,1758231915,0,755.4,1510.0,488.0,True
AskIndia,1nklce0,2025-09,nf03dxn,Informal_Quality9698,True,7.0,False,,False,45,1758248998,0,426.8,1.0,38.0,True
AskIndia,1nklce0,2025-09,neznrn2,Technical-Isopod6554,True,8.0,False,,False,38,1758243618,0,1350.2,247.0,77341.0,True
AskIndia,1nklce0,2025-09,nezex93,Dry_Philosopher_4817,True,9.0,True,5.0,False,30,1758240506,0,320.8,1.0,4027.0,True
AskIndia,1nklce0,2025-09,nezy32v,Flashy_Word5703,True,10.0,False,,False,30,1758247155,0,,,,
AskIndia,1nh40u2,2025-09,ne8xh11,mand00s,True,1.0,True,4.0,False,913,1757888340,0,1664.9,24.0,32295.0,True
AskIndia,1nh40u2,2025-09,ne8veqk,EmuAncient1069,True,2.0,True,2.0,False,285,1757887657,0,,,,
AskIndia,1nh40u2,2025-09,neac8vt,Independent-Coat-389,True,3.0,False,,False,142,1757906519,0,1482.8,456.0,3522.0,True
AskIndia,1nh40u2,2025-09,ne8w3xv,TruePace3,True,4.0,True,3.0,False,116,1757887890,0,1181.0,1257.0,213063.0,True
AskIndia,1nh40u2,2025-09,neajsxp,theAmbidexterperson,True,5.0,False,,False,87,1757909876,0,2089.2,648.0,5296.0,True
AskIndia,1nh40u2,2025-09,neafmzj,AccordingWarning9534,True,6.0,False,,False,77,1757907968,0,1805.1,2921.0,89582.0,True
AskIndia,1nh40u2,2025-09,ne8t54u,Fresh_Yogurt7302,True,7.0,True,1.0,False,42,1757886920,0,1590.5,3474.0,12035.0,True
AskIndia,1nh40u2,2025-09,neaes70,Ok-Mango7566,True,8.0,False,,False,30,1757907595,0,878.4,247.0,5903.0,False
AskIndia,1nh40u2,2025-09,nea9o0u,adainewiz,True,9.0,False,,False,25,1757905501,0,2035.0,73.0,5532.0,True
AskIndia,1nh40u2,2025-09,ne97is1,lordoftheping_,True,10.0,True,5.0,False,25,1757891683,0,289.3,1.0,22.0,True
AskIndia,1nlpafn,2025-09,nf7516h,Consistent_Tower5508,True,1.0,True,2.0,False,281,1758344898,0,1388.6,694.0,3576.0,True
AskIndia,1nlpafn,2025-09,nf75agc,scorpionz24,True,2.0,True,3.0,False,245,1758345030,0,,,,
AskIndia,1nlpafn,2025-09,nf7c07y,pleides101,True,3.0,False,,False,214,1758348517,0,1980.7,590.0,1268.0,True
AskIndia,1nlpafn,2025-09,nf7a5rx,Mean-Newspaper8413,True,4.0,True,4.0,False,74,1758347533,0,1009.9,7.0,101.0,True
AskIndia,1nlpafn,2025-09,nf7rmzm,Snarkitech,True,5.0,False,,False,62,1758357495,0,488.7,3283.0,7589.0,True
AskIndia,1nlpafn,2025-09,nf7aadt,Revenger2909,True,6.0,True,5.0,False,23,1758347598,0,767.7,656.0,1716.0,False
AskIndia,1nlpafn,2025-09,nf7cez2,taxidriver9211,True,7.0,False,,False,22,1758348743,0,1103.8,2027.0,7291.0,True
AskIndia,1nlpafn,2025-09,nf7aqf6,ConstantParticular87,True,8.0,False,,False,18,1758347832,0,1480.4,475.0,14314.0,True
AskIndia,1nlpafn,2025-09,nf7chns,vikeng_gdg,True,9.0,False,,False,15,1758348785,0,2716.8,1.0,4445.0,True
AskIndia,1nlpafn,2025-09,nf7crrw,droythedad,True,10.0,False,,False,14,1758348939,0,1857.5,424.0,5695.0,True
AskIndia,1nlpafn,2025-09,nf74enc,OneEarth-OneRide,False,,True,1.0,False,14,1758344587,0,287.6,916.0,236.0,True
AskIndia,1n5t53y,2025-09,nbv3mrl,ChunnuBhai,True,1.0,True,2.0,False,197,1756744857,0,3766.0,3155.0,17730.0,True
AskIndia,1n5t53y,2025-09,nbuzvqs,iblis_66,True,2.0,True,1.0,False,74,1756743768,0,484.0,47.0,4726.0,False
AskIndia,1n5t53y,2025-09,nbvatrq,my-blood,True,3.0,True,5.0,False,60,1756746948,0,2067.0,53704.0,53991.0,True
AskIndia,1n5t53y,2025-09,nbv7tp7,AdSuccessful6500,True,4.0,True,4.0,False,49,1756746080,0,340.6,13.0,2953.0,True
AskIndia,1n5t53y,2025-09,nbvet2j,Yolo1992J,True,5.0,False,,False,47,1756748092,0,961.5,417.0,489.0,True
AskIndia,1n5t53y,2025-09,nbv3v79,find_a_rare_uuid,True,6.0,True,3.0,False,31,1756744926,0,670.7,41615.0,202686.0,True
AskIndia,1n5t53y,2025-09,nbvcsvg,ssinless_bloke,True,7.0,False,,False,28,1756747516,0,496.3,1.0,263.0,True
AskIndia,1n5t53y,2025-09,nbvb7qd,talkingtron,True,8.0,False,,False,9,1756747062,0,2484.0,6087.0,3735.0,True
AskIndia,1n5t53y,2025-09,nbvbwpa,Tatyaa_Vinchuu,True,9.0,False,,False,9,1756747260,0,779.2,1020.0,2699.0,False
AskIndia,1n5t53y,2025-09,nbve2sy,Medical-Concept-2190,True,10.0,False,,False,8,1756747881,0,1832.4,8883.0,56469.0,True
AskIndia,1nsgejm,2025-09,ngm17or,raddaya,True,1.0,True,5.0,False,297,1759043152,0,5156.2,13438.0,634635.0,True
AskIndia,1nsgejm,2025-09,nglvk6k,Messy_Monica,True,2.0,True,2.0,False,209,1759040012,0,885.2,8114.0,8371.0,True
AskIndia,1nsgejm,2025-09,ngml1ws,Happy_era,True,3.0,False,,False,191,1759054878,0,1500.6,351.0,3992.0,True
AskIndia,1nsgejm,2025-09,ngm469m,medusas_girlfriend90,True,4.0,False,,False,112,1759044840,0,1478.4,1708.0,36785.0,True
AskIndia,1nsgejm,2025-09,nglylp0,gaytree69,True,5.0,True,4.0,False,76,1759041709,0,1953.3,85.0,2052.0,True
AskIndia,1nsgejm,2025-09,ngn5xzf,CuriousPlum09,True,6.0,False,,False,47,1759064790,0,1015.9,11.0,149.0,True
AskIndia,1nsgejm,2025-09,nglvfrz,Plenty_Stand9767,True,7.0,True,1.0,False,30,1759039944,0,565.6,36.0,496.0,True
AskIndia,1nsgejm,2025-09,ngmb8t6,Live_Sort5110,True,8.0,False,,False,24,1759048973,0,877.1,116.0,3697.0,True
AskIndia,1nsgejm,2025-09,ngmm5i5,Dull-Eye5703,True,10.0,False,,False,15,1759055520,0,,,,
AskIndia,1nsgejm,2025-09,nglxqjj,Careless-Mammoth-944,True,9.0,True,3.0,False,16,1759041221,0,1642.1,302.0,69790.0,True
AskIndia,1nruq10,2025-09,ngh777a,Reporter-Soggy,True,1.0,True,1.0,False,335,1758980055,0,2083.6,74.0,325.0,True
AskIndia,1nruq10,2025-09,nghgiwa,NorthTop9254,True,2.0,True,4.0,False,216,1758983219,0,570.2,6487.0,13128.0,True
AskIndia,1nruq10,2025-09,nghqdaz,look-poor,True,3.0,False,,False,118,1758986285,0,289.8,229.0,246.0,True
AskIndia,1nruq10,2025-09,nghgixm,EntertainmentSea8679,True,4.0,True,5.0,False,103,1758983219,0,1803.8,31.0,95.0,True
AskIndia,1nruq10,2025-09,nghrw4c,muskangulati_14,True,5.0,False,,False,90,1758986764,0,,,,
AskIndia,1nruq10,2025-09,ngi64ku,Actual_Stand4693,True,6.0,False,,False,82,1758991046,0,1517.8,572.0,7281.0,True
AskIndia,1nruq10,2025-09,nghevue,Fantastic-Nerve-4056,True,7.0,True,3.0,False,72,1758982692,0,701.3,287.0,3224.0,True
AskIndia,1nruq10,2025-09,nghe8t4,taxidriver9211,True,10.0,True,2.0,False,40,1758982481,0,1103.8,2027.0,7291.0,True
AskIndia,1nruq10,2025-09,nghovrj,Dalal_Street_Sniper,True,8.0,False,,False,42,1758985825,0,1515.8,84.0,2366.0,True
AskIndia,1nruq10,2025-09,ngihxih,Successful_Village92,True,9.0,False,,False,42,1758994652,0,1933.9,391.0,760.0,True
AskIndia,1ngkyie,2025-09,ne4som2,Little_South_1468,True,1.0,True,1.0,False,156,1757836871,0,1518.3,1.0,10368.0,True
AskIndia,1ngkyie,2025-09,ne4waxv,EnvironmentalPea5960,True,2.0,True,5.0,False,104,1757838901,0,1030.5,8.0,278.0,True
AskIndia,1ngkyie,2025-09,ne4y2me,TribalSoul899,True,3.0,False,,False,100,1757839932,0,883.8,76565.0,207168.0,True
AskIndia,1ngkyie,2025-09,ne4ujhn,fantom_1x,True,4.0,True,2.0,False,38,1757837910,0,1865.7,20.0,21681.0,False
AskIndia,1ngkyie,2025-09,ne4wba4,Correct-Fun-3617,True,5.0,False,,False,35,1757838906,0,,,,
AskIndia,1ngkyie,2025-09,ne4v283,Unfair_Fact_8258,True,6.0,True,3.0,False,23,1757838204,0,922.8,3549.0,56249.0,False
AskIndia,1ngkyie,2025-09,ne4vixg,taznado,True,7.0,True,4.0,False,20,1757838458,0,4377.9,1976.0,18048.0,False
AskIndia,1ngkyie,2025-09,ne4zvz1,Cultural_Tank_6947,True,9.0,False,,False,3,1757841003,0,1382.2,103.0,189493.0,True
AskIndia,1ngkyie,2025-09,ne557o4,Purple_Evening_660,True,8.0,False,,False,4,1757844214,0,286.9,415.0,643.0,False
AskIndia,1n9d55i,2025-09,ncm1tgy,BeeAdventurous5367,True,1.0,False,,False,352,1757101417,0,,,,
AskIndia,1n9d55i,2025-09,nclzguu,RavGxo,True,2.0,False,,False,165,1757100712,0,1719.2,1.0,4212.0,True
AskIndia,1n9d55i,2025-09,nclv505,sexotaku,True,3.0,True,1.0,False,87,1757099410,0,1827.0,471.0,34265.0,True
AskIndia,1n9d55i,2025-09,ncly3xr,srikrishna1997,True,4.0,True,5.0,False,54,1757100300,0,4067.2,30462.0,16296.0,True
AskIndia,1n9d55i,2025-09,ncm0x75,Untested-Truth,True,5.0,False,,False,45,1757101149,0,564.8,43.0,5568.0,True
AskIndia,1n9d55i,2025-09,ncm57p3,Latter-Yam-2115,True,6.0,False,,False,38,1757102426,0,2121.8,4286.0,185758.0,True
AskIndia,1n9d55i,2025-09,ncmgixm,Great_Ant_6665,True,8.0,False,,False,31,1757105811,0,578.7,212.0,3010.0,False
AskIndia,1n9d55i,2025-09,nclxmg9,fred_1968,True,7.0,True,4.0,False,33,1757100156,0,331.4,1.0,2097.0,True
AskIndia,1n9d55i,2025-09,nclwvje,Sleepergiant2586,True,9.0,True,3.0,False,25,1757099932,0,539.6,2229.0,25687.0,True
AskIndia,1n9d55i,2025-09,nclvoh1,tmonandpumba,False,,True,2.0,False,17,1757099574,0,360.2,222.0,1090.0,True
AskIndia,1n9d55i,2025-09,ncmgoxu,Iliketoeatsweets,True,10.0,False,,False,18,1757105862,0,1139.0,1.0,7590.0,True
ipl,1nn20v2,2025-09,nfha0b1,pineapplesuit7,True,1.0,True,4.0,False,348,1758485118,0,1069.3,100.0,187234.0,True
ipl,1nn20v2,2025-09,nfh9uhx,StupidNoobyIdiot,True,2.0,True,3.0,False,194,1758485073,0,2615.1,3636.0,27959.0,True
ipl,1nn20v2,2025-09,nfhag0f,thatguy9097,True,3.0,True,5.0,False,175,1758485238,0,2577.8,537.0,585.0,True
ipl,1nn20v2,2025-09,nfhaxrc,Affectionate_Disk766,True,4.0,False,,False,148,1758485365,0,1398.9,5564.0,8355.0,True
ipl,1nn20v2,2025-09,nfhbdtm,iWantJob-,True,5.0,False,,False,100,1758485483,0,496.0,38.0,119386.0,True
ipl,1nn20v2,2025-09,nfhb35f,FrigatesLaugh,True,6.0,False,,False,77,1758485404,0,1331.2,1037.0,10799.0,True
ipl,1nn20v2,2025-09,nfhaybj,funkynotorious,True,7.0,False,,False,58,1758485369,0,1847.4,18482.0,111634.0,True
ipl,1nn20v2,2025-09,nfh9j0n,ryzen_42069,True,8.0,True,2.0,False,51,1758484983,0,1443.1,1925.0,20720.0,True
ipl,1nn20v2,2025-09,nfhb6bs,TheSandeepReddyVanga,True,9.0,False,,False,43,1758485428,0,,,,
ipl,1nn20v2,2025-09,nfhsh4y,Anim8rFromOuterSpace,True,10.0,False,,False,34,1758490356,0,1545.1,19242.0,7571.0,True
ipl,1nn20v2,2025-09,nfh9fmj,ryzen_42069,False,,True,1.0,False,26,1758484957,0,1443.1,1925.0,20720.0,True
ipl,1nrn6fp,2025-09,ngfqjzn,No-Regrets-101,True,1.0,True,4.0,False,186,1758952822,0,354.1,58.0,1363.0,True
ipl,1nrn6fp,2025-09,ngfs1k4,Ashton1320,True,2.0,False,,False,117,1758953642,0,1096.8,47279.0,123458.0,True
ipl,1nrn6fp,2025-09,ngfsdf9,yeahthatweirdo,True,3.0,False,,False,81,1758953821,0,1981.2,1858.0,61504.0,True
ipl,1nrn6fp,2025-09,ngfo9y3,IronForward9826,True,4.0,True,1.0,False,22,1758951585,0,,,,
ipl,1nrn6fp,2025-09,ngfrcak,Able_Fee3181,True,5.0,True,5.0,False,14,1758953256,0,817.2,1902.0,12197.0,True
ipl,1nrn6fp,2025-09,ngftwny,FoxWorth160,True,6.0,False,,False,12,1758954659,0,782.4,721.0,6576.0,True
ipl,1nrn6fp,2025-09,ngg4e8m,RowNo1294,True,7.0,False,,False,8,1758960710,0,,,,
ipl,1nrn6fp,2025-09,ngfoidz,Responsible-Sir-2291,True,8.0,True,2.0,False,7,1758951709,0,988.8,1437.0,7065.0,True
ipl,1nrn6fp,2025-09,ngglocw,Mobile_Cry9958,True,9.0,False,,False,4,1758971007,0,1470.1,946.0,573.0,True
ipl,1nrn6fp,2025-09,nggdqim,Main-Floor-7486,True,10.0,False,,False,4,1758966451,0,954.3,230.0,3985.0,True
ipl,1nrn6fp,2025-09,ngfolje,lost_uncontrol,False,,True,3.0,False,3,1758951756,0,480.8,98.0,671.0,True
ipl,1nsvs3i,2025-09,ngozk1r,Aggravating_You720,True,1.0,True,2.0,False,639,1759084415,0,791.0,411.0,2640.0,True
ipl,1nsvs3i,2025-09,ngoziav,kuttappan1995,True,2.0,True,1.0,False,221,1759084401,0,2110.2,1828.0,220.0,True
ipl,1nsvs3i,2025-09,ngozy4c,RogueConscious,True,3.0,False,,False,219,1759084527,0,911.2,135.0,19156.0,True
ipl,1nsvs3i,2025-09,ngozpic,dam0_0,True,4.0,True,4.0,False,182,1759084459,0,,,,
ipl,1nsvs3i,2025-09,ngozzel,Wind_8797,True,5.0,False,,False,115,1759084537,0,1425.1,5115.0,35533.0,True
ipl,1nsvs3i,2025-09,ngp0cny,Key-Boysenberry-3358,True,6.0,False,,False,83,1759084644,0,,,,
ipl,1nsvs3i,2025-09,ngozmye,Articuno24,True,7.0,True,3.0,False,57,1759084438,0,1977.1,1876.0,11350.0,True
ipl,1nsvs3i,2025-09,ngp0d9h,Knight-check44,True,8.0,False,,False,57,1759084649,0,445.7,49862.0,42207.0,True
ipl,1nsvs3i,2025-09,ngp0ki3,DangerBoy1707,True,9.0,False,,False,51,1759084708,0,1417.1,47.0,14569.0,True
ipl,1nsvs3i,2025-09,ngozsuh,deathclient,False,,True,5.0,False,36,1759084485,0,3153.6,38014.0,249260.0,True
ipl,1nsvs3i,2025-09,ngp0amt,satti29122004,True,10.0,False,,False,44,1759084628,0,1238.4,6716.0,20980.0,True
ipl,1nsvx8y,2025-09,ngp227l,Moongfali4president,True,1.0,False,,False,345,1759085144,0,582.1,79379.0,139846.0,True
ipl,1nsvx8y,2025-09,ngp1zju,vvp95,True,2.0,False,,False,148,1759085121,0,2193.5,13853.0,7051.0,True
ipl,1nsvx8y,2025-09,ngp1y5k,ConfectionExtreme723,True,3.0,True,5.0,False,138,1759085110,0,,,,
ipl,1nsvx8y,2025-09,ngp1owo,_Revive_me_Jett,True,4.0,True,4.0,False,125,1759085035,0,364.3,8091.0,1714.0,True
ipl,1nsvx8y,2025-09,ngp323q,Additional-Plate-617,True,5.0,False,,False,77,1759085433,0,2156.8,2257.0,15742.0,True
ipl,1nsvx8y,2025-09,ngp15ae,GENx100,True,6.0,True,2.0,False,36,1759084876,0,540.7,1.0,1566.0,False
ipl,1nsvx8y,2025-09,ngp1i4r,shape_4567,True,7.0,True,3.0,False,29,1759084980,0,1099.4,17.0,155.0,True
ipl,1nsvx8y,2025-09,ngp0x2v,Every_Management4426,True,8.0,True,1.0,False,17,1759084810,0,1089.3,39662.0,37313.0,True
ipl,1nsvx8y,2025-09,ngp2tcv,funtime_08,True,9.0,False,,False,14,1759085362,0,764.5,1.0,1972.0,True
ipl,1nsvx8y,2025-09,ngp2z5v,Comfortable_Fan2624,True,10.0,False,,False,12,1759085409,0,279.8,253.0,710.0,True
ipl,1nca28v,2025-09,nd7sfzs,Moongfali4president,True,1.0,False,,False,243,1757395353,0,582.1,79379.0,139846.0,True
ipl,1nca28v,2025-09,nd7q6n0,Sammyzone7,True,2.0,True,3.0,False,200,1757394193,0,2133.4,7645.0,22746.0,True
ipl,1nca28v,2025-09,nd7s04z,TheCricketAnimator,True,3.0,True,5.0,False,142,1757395124,0,2041.1,57570.0,235024.0,True
ipl,1nca28v,2025-09,nd7q3l5,karthik_chettiar,True,4.0,True,2.0,False,114,1757394150,0,2634.3,23.0,4500.0,True
ipl,1nca28v,2025-09,nd7sv6l,chatlover93,True,5.0,False,,False,85,1757395574,0,373.8,3024.0,2723.0,False
ipl,1nca28v,2025-09,nd7qm7a,kamleshsulochan,True,6.0,True,4.0,False,55,1757394411,0,279.7,198564.0,142366.0,True
ipl,1nca28v,2025-09,nd7pshr,Perfect_Chicken16,True,7.0,True,1.0,False,30,1757393998,0,1037.4,23001.0,53524.0,True
ipl,1nca28v,2025-09,nd7tc09,freeze_ninja,True,8.0,False,,False,17,1757395823,0,1572.9,5289.0,12187.0,True
ipl,1nca28v,2025-09,nd89hxu,Bitstreamer_,True,10.0,False,,False,15,1757405160,0,274.1,1.0,11114.0,True
ipl,1nca28v,2025-09,nd7t8m0,Derian23,True,9.0,False,,False,16,1757395773,0,3227.5,14066.0,72223.0,True
ipl,1n6j8os,2025-09,nc0duyf,Available-Sale7403,True,1.0,True,2.0,False,313,1756819434,0,584.8,143.0,1552.0,True
ipl,1n6j8os,2025-09,nc0e7ms,AkRoyalDo,True,2.0,True,3.0,False,229,1756819552,0,469.9,157969.0,19193.0,True
ipl,1n6j8os,2025-09,nc0eo5x,Due-Butterscotch160,True,3.0,True,5.0,False,152,1756819705,0,,,,
ipl,1n6j8os,2025-09,nc0ecws,Historical-Prompt-10,True,4.0,True,4.0,False,87,1756819601,0,1527.4,2547.0,13697.0,True
ipl,1n6j8os,2025-09,nc0l7e1,Fallen_Man7,True,5.0,False,,False,53,1756821823,0,1449.1,10884.0,24313.0,True
ipl,1n6j8os,2025-09,nc0h7ke,Traditional_Drag408,True,6.0,False,,False,31,1756820544,0,790.6,1.0,2040.0,True
ipl,1n6j8os,2025-09,nc0iect,Last-Wave-9844,True,7.0,False,,False,31,1756820929,0,,,,
ipl,1n6j8os,2025-09,nc0in44,Amazing_Theory622,True,8.0,False,,False,26,1756821009,0,1937.0,4561.0,101381.0,True
ipl,1n6j8os,2025-09,nc0hzr7,arunmaurya0,True,9.0,False,,False,16,1756820796,0,1560.2,10864.0,26274.0,True
ipl,1n6j8os,2025-09,nc18iyh,peterdparker,True,10.0,False,,False,15,1756828782,0,3428.7,57587.0,33998.0,True
ipl,1n6j8os,2025-09,nc0dqqa,No-Course5688,False,,True,1.0,False,10,1756819395,0,,,,
ipl,1ntp5dx,2025-09,ngvc33r,Every_Management4426,True,1.0,True,2.0,False,184,1759169965,0,1089.3,39662.0,37313.0,True
ipl,1ntp5dx,2025-09,ngva2ti,Legitimate_Design127,True,2.0,True,1.0,False,150,1759169389,0,1976.2,3183.0,4138.0,True
ipl,1ntp5dx,2025-09,ngvmke3,Efficient_Fly_9232,True,3.0,True,4.0,False,118,1759172968,0,478.5,6649.0,32459.0,True
ipl,1ntp5dx,2025-09,ngvsebh,Boydcrowde,True,4.0,True,5.0,False,51,1759174672,0,2074.3,69537.0,308135.0,True
ipl,1ntp5dx,2025-09,ngwc0ys,Serious-Arachnid-305,True,5.0,False,,False,23,1759180333,0,1823.0,1606.0,15123.0,True
ipl,1ntp5dx,2025-09,ngw63cc,sscomp32,True,6.0,False,,False,4,1759178610,0,4294.9,8397.0,20034.0,True
ipl,1ntp5dx,2025-09,ngxlua1,Ok_Cress7115,True,7.0,False,,False,3,1759195766,0,441.1,1.0,16977.0,True
ipl,1ntp5dx,2025-09,nh1cng7,charlie-2255,True,8.0,False,,False,3,1759251774,0,906.8,141.0,289.0,True
ipl,1ntp5dx,2025-09,ngvzet7,heisastruggler,True,9.0,False,,False,2,1759176722,0,407.9,130.0,2532.0,True
ipl,1ntp5dx,2025-09,o8dc3nx,Own-Cheetah-9618,True,10.0,False,,False,1,1772520061,0,2021.2,1.0,71.0,True
ipl,1ntp5dx,2025-09,ngvkhg6,architmishraa,False,,True,3.0,False,-14,1759172358,0,377.0,20839.0,8922.0,True
ipl,1ndzq79,2025-09,ndky5jh,Natural_star_69,True,1.0,True,1.0,False,468,1757565803,0,405.9,1.0,994.0,True
ipl,1ndzq79,2025-09,ndl0bmd,Metal-Banana-72,True,2.0,True,4.0,False,463,1757566805,0,1430.8,23822.0,47359.0,True
ipl,1ndzq79,2025-09,ndky94l,Shaan1026,True,3.0,True,2.0,False,152,1757565849,0,,,,
ipl,1ndzq79,2025-09,ndl0orm,TelevisionExpert9852,True,4.0,False,,False,147,1757566974,0,2008.5,446.0,893.0,True
ipl,1ndzq79,2025-09,ndl0xzv,Few_Measurement_5335,True,5.0,False,,False,51,1757567094,0,1619.8,223.0,30771.0,True
ipl,1ndzq79,2025-09,ndl4j96,thatbuttcracktho,True,6.0,False,,False,18,1757568829,0,3361.8,6715.0,10230.0,True
ipl,1ndzq79,2025-09,ndl0hnz,thunderbird350xm,True,7.0,True,5.0,False,11,1757566882,0,1284.1,284.0,6253.0,True
ipl,1ndzq79,2025-09,ndl6bto,flixbeat04,True,8.0,False,,False,11,1757569742,0,1588.4,6601.0,10597.0,True
ipl,1ndzq79,2025-09,ndl4ftm,wohi_raj,True,9.0,False,,False,7,1757568782,0,1285.9,582.0,18488.0,True
ipl,1ndzq79,2025-09,ndl1ktl,turquoise-turtle2,True,10.0,False,,False,4,1757567395,0,481.7,26.0,2793.0,True
ipl,1ndzq79,2025-09,ndkytwk,aniruddhk94,False,,True,3.0,False,1,1757566111,0,2181.4,2265.0,10490.0,True
ipl,1n6p0yx,2025-09,nc1lkay,toasty097,True,1.0,True,2.0,False,667,1756832691,0,2063.7,1.0,1200.0,True
ipl,1n6p0yx,2025-09,nc1ph86,desimikeross,True,2.0,False,,False,281,1756833843,0,454.4,6735.0,30061.0,True
ipl,1n6p0yx,2025-09,nc1pssa,AnyTowel2857,True,3.0,False,,False,223,1756833935,0,753.1,196.0,8962.0,False
ipl,1n6p0yx,2025-09,nc1n90i,alpha_46644,True,4.0,True,4.0,False,178,1756833187,0,547.2,1.0,1398.0,True
ipl,1n6p0yx,2025-09,nc1ry42,Latter-Yam-2115,True,5.0,False,,False,157,1756834546,0,2121.8,4286.0,185758.0,True
ipl,1n6p0yx,2025-09,nc1p9kn,Admirable_Tennis3712,True,6.0,False,,False,124,1756833781,0,1462.9,641.0,23303.0,True
ipl,1n6p0yx,2025-09,nc1qtap,BhaiSahabDuaKarna,True,7.0,False,,False,72,1756834222,0,548.1,288.0,1855.0,True
ipl,1n6p0yx,2025-09,nc1vcfn,One_Ad9549,True,9.0,False,,False,61,1756835518,0,1914.9,13.0,40206.0,True
ipl,1n6p0yx,2025-09,nc1o4b7,No-Course5688,True,8.0,True,5.0,False,63,1756833450,0,,,,
ipl,1n6p0yx,2025-09,nc1kzt4,Moongfali4president,True,10.0,True,1.0,False,45,1756832528,0,582.1,79379.0,139846.0,True
ipl,1n6p0yx,2025-09,nc1n5pi,ComputedPhilosophy,False,,True,3.0,False,22,1756833159,0,,,,
ipl,1nsw27c,2025-09,ngp2gxb,Moongfali4president,True,1.0,True,3.0,False,73,1759085263,0,582.1,79379.0,139846.0,True
ipl,1nsw27c,2025-09,ngp1vmt,dam0_0,True,2.0,True,1.0,False,52,1759085089,0,,,,
ipl,1nsw27c,2025-09,ngp28vt,GENx100,True,3.0,True,2.0,False,51,1759085198,0,540.7,1.0,1566.0,False
ipl,1nsw27c,2025-09,ngp37j3,lazer89,True,5.0,True,4.0,False,26,1759085476,0,1796.3,23.0,645.0,True
ipl,1nsw27c,2025-09,ngp3g0c,The-Titan-M,True,4.0,False,,False,28,1759085543,0,327.1,63025.0,1389.0,True
ipl,1nsw27c,2025-09,ngp37tm,FocusedAG,True,6.0,True,5.0,False,24,1759085479,0,528.2,720.0,30608.0,True
ipl,1nsw27c,2025-09,ngp3cwu,Comfortable_Fan2624,True,7.0,False,,False,17,1759085519,0,279.8,253.0,710.0,True
ipl,1nsw27c,2025-09,ngrql9p,Jazzmindz,True,8.0,False,,False,13,1759117049,0,1379.9,161.0,5358.0,True
ipl,1nsw27c,2025-09,ngssiqi,Old_Yak_1285,True,9.0,False,,False,3,1759137823,0,904.9,2786.0,1188.0,False
ipl,1nsw27c,2025-09,ngz7llw,Real-Blueberry-2126,True,10.0,False,,False,1,1759223956,0,899.7,1.0,8797.0,True
IndiaTech,1nu7cyk,2025-09,ngz1wo2,up-on-melancholyhill,True,1.0,True,2.0,False,364,1759220432,0,361.0,496.0,7680.0,True
IndiaTech,1nu7cyk,2025-09,ngz1yn4,vikas_redd,True,2.0,True,3.0,False,111,1759220465,0,2703.3,632.0,2548.0,True
IndiaTech,1nu7cyk,2025-09,ngz5pfz,RTNRN95,True,3.0,False,,False,105,1759222794,0,1835.0,12702.0,914.0,True
IndiaTech,1nu7cyk,2025-09,ngz0ojn,ColdAd926,True,4.0,True,1.0,False,63,1759219661,0,949.0,105.0,1379.0,True
IndiaTech,1nu7cyk,2025-09,ngz4bh1,Strange_Exercise464,True,5.0,True,5.0,False,40,1759221940,0,1472.0,101.0,453.0,True
IndiaTech,1nu7cyk,2025-09,ngz64zy,RTNRN95,True,6.0,False,,False,21,1759223063,0,1835.0,12702.0,914.0,True
IndiaTech,1nu7cyk,2025-09,ngz8zo3,captainfin01,True,7.0,False,,False,15,1759224810,0,1134.8,858.0,1509.0,True
IndiaTech,1nu7cyk,2025-09,ngz9y5v,The_umm-who-_-,True,8.0,False,,False,10,1759225390,0,453.6,507.0,2309.0,True
IndiaTech,1nu7cyk,2025-09,ngzaycy,CaptainGuts69,True,9.0,False,,False,9,1759225973,0,1645.8,6.0,6872.0,True
IndiaTech,1nu7cyk,2025-09,ngz39z9,piratejack01,False,,True,4.0,False,6,1759221289,0,3178.1,8839.0,12226.0,True
IndiaTech,1nu7cyk,2025-09,ngz6t8q,Environmental_Act576,True,10.0,False,,False,7,1759223475,0,2052.9,353.0,45439.0,True
IndiaTech,1nt7slf,2025-09,ngrqynf,Zestyclose_Web_6331,True,1.0,True,1.0,False,194,1759117211,0,1870.3,5192.0,52935.0,True
IndiaTech,1nt7slf,2025-09,ngrrrrq,Top_Economist_1048,True,3.0,True,2.0,False,49,1759117550,0,274.0,10.0,8472.0,True
IndiaTech,1nt7slf,2025-09,ngru0lv,krishna_tej_here,True,2.0,True,4.0,False,50,1759118490,0,1495.2,92.0,4134.0,True
IndiaTech,1nt7slf,2025-09,ngrvvwf,hpatil2794,True,4.0,False,,False,21,1759119250,0,1282.1,1.0,251.0,True
IndiaTech,1nt7slf,2025-09,ngrrv6n,uga961,True,5.0,True,3.0,False,19,1759117589,0,785.7,5294.0,3911.0,True
IndiaTech,1nt7slf,2025-09,ngs1623,theseaoftea,True,6.0,False,,False,9,1759121719,0,995.8,2340.0,29672.0,True
IndiaTech,1nt7slf,2025-09,ngrus8q,a23n,True,8.0,True,5.0,False,6,1759118814,0,1358.1,45.0,12257.0,True
IndiaTech,1nt7slf,2025-09,ngrwa98,Opposite-Activity-68,True,7.0,False,,False,7,1759119418,0,1060.8,14.0,10083.0,True
IndiaTech,1nt7slf,2025-09,ngrvxpt,no-punintended0802,True,9.0,False,,False,4,1759119271,0,387.9,39750.0,13093.0,True
IndiaTech,1nt7slf,2025-09,ngrwhta,sachin_root,True,10.0,False,,False,3,1759119508,0,1458.3,6041.0,110767.0,True
IndiaTech,1nnbhvl,2025-09,nfjjbdi,QueDark,True,1.0,True,2.0,False,281,1758512901,0,2229.7,221.0,4209.0,True
IndiaTech,1nnbhvl,2025-09,nfjeuhf,uga961,True,2.0,True,1.0,False,104,1758511001,0,785.7,5294.0,3911.0,True
IndiaTech,1nnbhvl,2025-09,nfjvet1,Curious_Priority2313,True,3.0,True,4.0,False,46,1758518814,0,438.6,1161.0,15214.0,True
IndiaTech,1nnbhvl,2025-09,nfjp2ij,Soggsteven,True,4.0,True,3.0,False,39,1758515577,0,3596.0,1879.0,4865.0,True
IndiaTech,1nnbhvl,2025-09,nfk9rfw,EnvironmentalLook617,True,5.0,False,,False,28,1758527063,0,2126.7,147.0,215.0,True
IndiaTech,1nnbhvl,2025-09,nfk2ltf,Cultural_Bat9098,True,6.0,True,5.0,False,12,1758522789,0,1868.1,61.0,23749.0,True
IndiaTech,1nnbhvl,2025-09,nfkh0pa,timot7y,True,7.0,False,,False,2,1758531582,0,2396.1,162.0,8169.0,True
IndiaTech,1nnbhvl,2025-09,nfl7u0y,perfectlycreative122,True,8.0,False,,False,2,1758544645,0,1981.2,8.0,1092.0,True
IndiaTech,1nnbhvl,2025-09,nflje1z,Raj_walker,True,9.0,False,,False,2,1758548634,0,498.9,2910.0,4094.0,True
IndiaTech,1nnbhvl,2025-09,nflwcqn,anti-scienceWatchDog,True,10.0,False,,False,2,1758552591,0,3792.8,66706.0,1551.0,True
IndiaTech,1n5eews,2025-09,nbs6939,Difficult-Captain476,True,1.0,False,,False,308,1756700066,0,1072.7,28.0,11189.0,True
IndiaTech,1n5eews,2025-09,nbs4a2z,MountainAny320,True,2.0,False,,False,168,1756699185,0,,,,
IndiaTech,1n5eews,2025-09,nbs3uzq,Wide-Recognition-607,True,3.0,True,3.0,False,80,1756698999,0,1301.1,2889.0,6741.0,True
IndiaTech,1n5eews,2025-09,nbs609g,RealLordOfWizard,True,4.0,False,,False,70,1756699954,0,2103.9,990.0,840.0,True
IndiaTech,1n5eews,2025-09,nbs45vs,devanshudhapwal,True,5.0,True,4.0,False,29,1756699133,0,1078.1,1333.0,1819.0,True
IndiaTech,1n5eews,2025-09,nbs6wj4,bearhugspandatightly,True,6.0,False,,False,27,1756700362,0,635.8,302.0,1460.0,True
IndiaTech,1n5eews,2025-09,nbs46ro,Dear_Sale5487,True,7.0,True,5.0,False,27,1756699144,0,1775.7,229.0,2752.0,True
IndiaTech,1n5eews,2025-09,nbs9425,prsfx1,True,8.0,False,,False,9,1756701383,0,2998.8,3523.0,1229.0,True
IndiaTech,1n5eews,2025-09,nbs7xtt,RelativeTricky6998,True,9.0,False,,False,8,1756700834,0,516.9,951.0,10202.0,True
IndiaTech,1n5eews,2025-09,nbs4une,Wind_Runner26,True,10.0,False,,False,5,1756699437,0,964.4,1826.0,10474.0,True
IndiaTech,1n5eews,2025-09,nbs2p9v,vishuzx,False,,True,1.0,False,4,1756698485,0,1448.5,1.0,77.0,True
IndiaTech,1n5eews,2025-09,nbs2pcc,v_lok,False,,True,2.0,False,2,1756698486,0,639.9,76.0,2210.0,True
IndiaTech,1n6ixh5,2025-09,nc0duyb,Far-Definition-5592,True,1.0,True,1.0,False,495,1756819433,0,582.3,1.0,1881.0,True
IndiaTech,1n6ixh5,2025-09,nc0hwom,DungeonCrawler19,True,2.0,True,3.0,False,205,1756820768,0,586.0,266.0,61355.0,False
IndiaTech,1n6ixh5,2025-09,nc0p98t,Longjumping-Chain192,True,3.0,False,,False,105,1756823078,0,1011.6,53.0,18277.0,True
IndiaTech,1n6ixh5,2025-09,nc0lt0k,Extreme_Peanut_7502,True,4.0,False,,False,63,1756822016,0,,,,
IndiaTech,1n6ixh5,2025-09,nc2xujp,worldofweirdos,True,5.0,False,,False,44,1756846928,0,568.2,898.0,825.0,True
IndiaTech,1n6ixh5,2025-09,nc0fsnu,sansays,True,6.0,True,2.0,False,41,1756820081,0,3146.2,8658.0,33023.0,True
IndiaTech,1n6ixh5,2025-09,nc0jo6o,Pale_Let3756,True,7.0,True,4.0,False,24,1756821338,0,801.8,113.0,5485.0,True
IndiaTech,1n6ixh5,2025-09,nc0unqp,Relevant_Fix2740,True,8.0,False,,False,12,1756824689,0,1937.6,36.0,129.0,True
IndiaTech,1n6ixh5,2025-09,nc1ct62,Prior_Feature3402,True,9.0,False,,False,9,1756830086,0,1745.4,512.0,1370.0,True
IndiaTech,1n6ixh5,2025-09,nc0lou9,Outrageous-Shannon,True,10.0,True,5.0,False,7,1756821979,0,369.9,16.0,8116.0,True
IndiaTech,1nl3sc2,2025-09,nf2jiaq,Top_Economist_1048,True,1.0,True,3.0,False,205,1758289537,0,274.0,10.0,8472.0,True
IndiaTech,1nl3sc2,2025-09,nf2kg2a,Many_Novel_9716,True,2.0,False,,False,97,1758289836,0,616.6,41.0,253.0,True
IndiaTech,1nl3sc2,2025-09,nf2lq7n,Mannubhaigandhi_here,True,3.0,False,,False,29,1758290237,0,551.3,6076.0,7432.0,True
IndiaTech,1nl3sc2,2025-09,nf2jvy7,Cautious_Camera3739,True,4.0,False,,False,23,1758289659,0,1897.1,454.0,435.0,True
IndiaTech,1nl3sc2,2025-09,nf2jqd4,sheelikesyapping,True,5.0,True,5.0,False,15,1758289609,0,285.2,29.0,9482.0,True
IndiaTech,1nl3sc2,2025-09,nf2iaar,Ankush1452002,True,7.0,True,1.0,False,9,1758289148,0,2955.1,2170.0,7948.0,True
IndiaTech,1nl3sc2,2025-09,nf2ka0i,YetSomeRandom,True,8.0,False,,False,9,1758289783,0,2245.1,112.0,5379.0,True
IndiaTech,1nl3sc2,2025-09,nf2kl21,AstroidThunderstone,True,10.0,False,,False,8,1758289879,0,453.0,39199.0,6872.0,True
IndiaTech,1nl3sc2,2025-09,nf2lztx,ravio1232,True,6.0,False,,False,10,1758290320,0,,,,
IndiaTech,1nl3sc2,2025-09,nf35ztw,Life_Box3522,True,9.0,False,,False,9,1758296149,0,268.9,14.0,747.0,True
IndiaTech,1nl3sc2,2025-09,nf2ilzd,southindianass,False,,True,2.0,False,4,1758289251,0,484.8,2174.0,879.0,False
IndiaTech,1nl3sc2,2025-09,nf2jpe9,smashingjoemama,False,,True,4.0,False,3,1758289601,0,,,,
IndiaTech,1npdjr9,2025-09,nfyeny7,MajorMystique,True,1.0,False,,False,979,1758724923,0,1735.3,355.0,10516.0,True
IndiaTech,1npdjr9,2025-09,nfycu89,vikas_redd,True,2.0,True,1.0,False,170,1758724377,0,2703.3,632.0,2548.0,True
IndiaTech,1npdjr9,2025-09,nfydg84,sachin_root,True,3.0,True,3.0,False,126,1758724562,0,1458.3,6041.0,110767.0,True
IndiaTech,1npdjr9,2025-09,nfyh73w,Udayalbatross,True,4.0,False,,False,112,1758725670,0,676.4,82.0,978.0,True
IndiaTech,1npdjr9,2025-09,nfyifgr,Sarvan_12,True,5.0,False,,False,47,1758726028,0,1814.0,4195.0,38404.0,True
IndiaTech,1npdjr9,2025-09,nfydvbw,Prudent-Jelly426,True,6.0,True,5.0,False,25,1758724689,0,,,,
IndiaTech,1npdjr9,2025-09,nfyjxsy,loki_the_mischief,True,7.0,False,,False,8,1758726470,0,1196.8,6292.0,5563.0,True
IndiaTech,1npdjr9,2025-09,nfymk14,bokato2,True,8.0,False,,False,8,1758727229,0,3683.0,85.0,4437.0,True
IndiaTech,1npdjr9,2025-09,nfz8zy6,BiriyaniMonster,True,9.0,False,,False,6,1758733657,0,2495.3,141073.0,74198.0,True
IndiaTech,1npdjr9,2025-09,nfyd6yh,ChampionshipGlass716,True,10.0,True,2.0,False,6,1758724484,0,329.9,91720.0,24449.0,True
IndiaTech,1npdjr9,2025-09,nfydld6,ChalNaJhatu,False,,True,4.0,False,5,1758724606,0,272.2,737.0,260.0,True
IndiaTech,1noor6o,2025-09,nft9y7x,Crafty_Ad8170,True,1.0,True,3.0,False,204,1758652483,0,1536.9,33.0,933.0,True
IndiaTech,1noor6o,2025-09,nftdvxz,Emotional_lavdu,True,2.0,False,,False,63,1758653625,0,911.9,87.0,8120.0,True
IndiaTech,1noor6o,2025-09,nft73mm,daBuddhaWay,True,3.0,True,2.0,False,56,1758651654,0,1348.6,351.0,14037.0,True
IndiaTech,1noor6o,2025-09,nft5jqw,WeatherImpressive808,True,4.0,True,1.0,False,48,1758651202,0,1471.0,26472.0,38901.0,True
IndiaTech,1noor6o,2025-09,nfwcn1z,Psquare_J_420,True,5.0,False,,False,11,1758690504,0,1603.0,263.0,32484.0,True
IndiaTech,1noor6o,2025-09,nfwac8m,viraniac,True,6.0,False,,False,8,1758689362,0,1749.9,22.0,317.0,True
IndiaTech,1noor6o,2025-09,nfxb5m6,AdAdvanced2936,True,7.0,False,,False,6,1758710537,0,817.1,243.0,374.0,True
IndiaTech,1noor6o,2025-09,nftikqs,Whole_Pineapple9003,True,8.0,False,,False,5,1758654976,0,868.1,9.0,187.0,True
IndiaTech,1noor6o,2025-09,nftrtz4,Protagunist,True,9.0,False,,False,3,1758657629,0,953.6,5596.0,13080.0,True
IndiaTech,1noor6o,2025-09,nftdato,An0neemuz,True,10.0,True,5.0,False,2,1758653457,0,1208.5,2530.0,25138.0,True
IndiaTech,1noor6o,2025-09,nftd9lx,paras--ite,False,,True,4.0,False,1,1758653447,0,2163.9,6.0,317.0,True
IndiaTech,1nktu7z,2025-09,nf0l483,_Shreken_,True,1.0,True,4.0,False,776,1758255952,0,2304.9,460.0,3264.0,True
IndiaTech,1nktu7z,2025-09,nf0loch,oldmonkforeva,True,2.0,True,5.0,False,199,1758256206,0,1726.2,340.0,170478.0,True
IndiaTech,1nktu7z,2025-09,nf0mjuc,no-punintended0802,True,3.0,False,,False,130,1758256602,0,387.9,39750.0,13093.0,True
IndiaTech,1nktu7z,2025-09,nf0n4of,Grouchy-Sea-9637,True,4.0,False,,False,107,1758256864,0,794.9,203.0,3765.0,True
IndiaTech,1nktu7z,2025-09,nf0nryi,General_Voldemort,True,5.0,False,,False,93,1758257154,0,606.5,812.0,12171.0,True
IndiaTech,1nktu7z,2025-09,nf0kl80,IntelligentHoney6929,True,6.0,True,1.0,False,47,1758255713,0,1778.5,89487.0,93885.0,True
IndiaTech,1nktu7z,2025-09,nf0my79,Weak-Mango-8830,True,7.0,False,,False,22,1758256783,0,,,,
IndiaTech,1nktu7z,2025-09,nf0kswy,Vegetable_Prompt_583,True,9.0,True,2.0,False,11,1758255809,0,571.9,2546.0,4007.0,True
IndiaTech,1nktu7z,2025-09,nf0kzwm,OwnStorm,True,8.0,True,3.0,False,17,1758255897,0,2893.0,33827.0,107465.0,True
IndiaTech,1nktu7z,2025-09,nf0o9me,DeliciousGorrila,True,10.0,False,,False,9,1758257379,0,796.7,94.0,10774.0,True
IndiaTech,1ntdg0o,2025-09,ngszccy,an0n_helper,True,1.0,True,4.0,False,934,1759141834,0,1387.2,46.0,4762.0,True
IndiaTech,1ntdg0o,2025-09,ngt18or,Complete_Nirvana,True,2.0,False,,False,264,1759142843,0,,,,
IndiaTech,1ntdg0o,2025-09,ngt2xuk,BeeSwimming3627,True,3.0,False,,False,213,1759143688,0,317.2,62.0,715.0,True
IndiaTech,1ntdg0o,2025-09,ngszqs5,Ok_Score_9685,True,4.0,True,5.0,False,162,1759142057,0,624.3,227.0,2541.0,True
IndiaTech,1ntdg0o,2025-09,ngstraj,bearhugspandatightly,True,5.0,True,1.0,False,70,1759138604,0,635.8,302.0,1460.0,True
IndiaTech,1ntdg0o,2025-09,ngszzyr,benpakal,True,6.0,False,,False,37,1759142195,0,2503.2,1619.0,7549.0,True
IndiaTech,1ntdg0o,2025-09,ngswwsg,These-Location-1689,True,7.0,True,3.0,False,29,1759140454,0,715.0,1.0,2917.0,True
IndiaTech,1ntdg0o,2025-09,ngt7md1,chewy_hirai7,True,8.0,False,,False,29,1759145871,0,881.0,3.0,1328.0,True
IndiaTech,1ntdg0o,2025-09,ngsw35g,marinluv,False,,True,2.0,False,19,1759139982,0,1551.0,21411.0,63767.0,True
IndiaTech,1ntdg0o,2025-09,ngtwefz,17052025,True,9.0,False,,False,23,1759154905,0,386.1,19.0,3177.0,True
IndiaTech,1ntdg0o,2025-09,ngtlnuc,sussy_retard,True,10.0,False,,False,21,1759151313,0,,,,
IndianGaming,1nmzagd,2025-09,nfgmag2,chilli_potato_,True,1.0,True,1.0,False,409,1758478780,0,1136.2,23.0,1463.0,False
IndianGaming,1nmzagd,2025-09,nfgmf89,hudi_baba,True,2.0,True,2.0,False,164,1758478814,0,2226.2,21170.0,144936.0,True
IndianGaming,1nmzagd,2025-09,nfgoq4h,Siri_exe,True,3.0,True,3.0,False,50,1758479425,0,1360.0,2673.0,12095.0,True
IndianGaming,1nmzagd,2025-09,nfgqtnk,Old-Garlic-2253,True,4.0,True,4.0,False,14,1758479983,0,1819.7,169.0,8958.0,True
IndianGaming,1nmzagd,2025-09,nfgrbog,ArjunShTM,True,5.0,True,5.0,False,11,1758480115,0,1538.0,344.0,247.0,True
IndianGaming,1nmzagd,2025-09,nfgylkp,Living-Activity1162,True,6.0,False,,False,7,1758482053,0,403.2,128.0,218.0,True
IndianGaming,1nmzagd,2025-09,nfif6al,ycwawao,True,7.0,False,,True,4,1758497909,0,2175.0,2177.0,490.0,True
IndianGaming,1nmzagd,2025-09,nfke8dq,_Serbastian_,True,8.0,False,,False,3,1758529851,0,2099.9,1156.0,468.0,True
IndianGaming,1nmzagd,2025-09,nfk40rv,RoleMassive4422,True,9.0,False,,False,3,1758523602,0,542.9,31578.0,10195.0,True
IndianGaming,1nmzagd,2025-09,nfkl11i,Baked_Brain2409,True,10.0,False,,False,3,1758534046,0,505.8,101.0,162.0,True
IndianGaming,1ni9yao,2025-09,neheasg,Ansterrr06,True,1.0,True,2.0,False,972,1758004944,0,1840.2,31105.0,19883.0,True
IndianGaming,1ni9yao,2025-09,nehf4q3,anirban_dev,True,2.0,False,,False,207,1758005428,0,3669.6,561.0,117407.0,True
IndianGaming,1ni9yao,2025-09,nehe5co,the_only_kungfu_cat,True,3.0,True,1.0,False,134,1758004857,0,1163.3,1381.0,22452.0,True
IndianGaming,1ni9yao,2025-09,neheocd,Girls_pls_dm,True,4.0,True,3.0,False,44,1758005162,0,390.7,136.0,552.0,True
IndianGaming,1ni9yao,2025-09,nehfwhl,MandalMutant,True,5.0,False,,False,32,1758005875,0,,,,
IndianGaming,1ni9yao,2025-09,neher0y,Saiyed_G,True,6.0,True,4.0,False,30,1758005205,0,1379.0,207.0,1038.0,True
IndianGaming,1ni9yao,2025-09,nehg5lv,No_Newspaper6789,True,7.0,False,,False,15,1758006021,0,1252.0,5808.0,48477.0,True
IndianGaming,1ni9yao,2025-09,nehgi6q,BookWormAttorney,True,8.0,False,,False,11,1758006228,0,1948.3,2673.0,1723.0,True
IndianGaming,1ni9yao,2025-09,nehg265,Edwardo_Elricc,True,9.0,False,,False,9,1758005966,0,441.1,1663.0,3264.0,False
IndianGaming,1ni9yao,2025-09,nehes0x,VirusX2,False,,True,5.0,False,6,1758005220,0,3620.0,4.0,557.0,True
IndianGaming,1ni9yao,2025-09,nehez61,Icy-Major-1327,True,10.0,False,,False,8,1758005336,0,1026.4,1527.0,1517.0,True
IndianGaming,1nroh0i,2025-09,ngg5od5,haxonit_,True,1.0,True,5.0,False,143,1758961486,0,,,,
IndianGaming,1nroh0i,2025-09,ngg7j7a,No-Budget2722,True,2.0,False,,False,126,1758962639,0,2090.6,1720.0,261.0,True
IndianGaming,1nroh0i,2025-09,nggat4c,Klutzy_Stomach_7870,True,3.0,False,,False,81,1758964651,0,1649.0,3084.0,4921.0,True
IndianGaming,1nroh0i,2025-09,ngg1j9g,thetradelegend,True,4.0,True,2.0,False,41,1758959004,0,2291.0,375.0,10203.0,True
IndianGaming,1nroh0i,2025-09,nggaiw1,headhunter_69,True,6.0,False,,False,25,1758964473,0,1416.2,1462.0,11314.0,True
IndianGaming,1nroh0i,2025-09,nggc6ax,No-Budget2722,True,5.0,False,,False,26,1758965503,0,2090.6,1720.0,261.0,True
IndianGaming,1nroh0i,2025-09,ngfyv3d,Proud-Pie-2731,True,7.0,True,1.0,False,4,1758957431,0,1871.2,6098.0,2402.0,True
IndianGaming,1nroh0i,2025-09,ngg2k92,DlustT99,True,8.0,True,3.0,False,4,1758959614,0,1727.3,145.0,10232.0,True
IndianGaming,1nroh0i,2025-09,ngg2pjq,the_NP,True,9.0,True,4.0,False,3,1758959701,0,2144.1,25331.0,14959.0,True
IndianGaming,1nroh0i,2025-09,ngg98k6,zukaki1124,True,10.0,False,,False,3,1758963679,0,1653.9,19100.0,2741.0,True
IndianGaming,1na6w9u,2025-09,ncrwz54,MandalMutant,True,1.0,True,3.0,False,305,1757184050,0,,,,
IndianGaming,1na6w9u,2025-09,ncrwucy,smit8462,True,2.0,True,2.0,False,93,1757184010,0,3126.5,8860.0,19190.0,True
IndianGaming,1na6w9u,2025-09,ncs47y8,Niscu,True,3.0,True,5.0,False,66,1757186276,0,1865.8,97.0,1368.0,True
IndianGaming,1na6w9u,2025-09,ncruxm5,d5aqoep,True,4.0,True,1.0,False,31,1757183435,0,3277.8,22055.0,51562.0,True
IndianGaming,1na6w9u,2025-09,ncs74re,Laxus_Dreyarr,True,5.0,False,,False,22,1757187188,0,3841.0,3004.0,10758.0,True
IndianGaming,1na6w9u,2025-09,ncrxohp,IAMSALVTORE,True,6.0,True,4.0,False,16,1757184264,0,1454.3,44796.0,2160.0,True
IndianGaming,1na6w9u,2025-09,ncsfboe,BRiNk9,True,8.0,False,,False,5,1757189744,0,3134.0,24115.0,97704.0,True
IndianGaming,1na6w9u,2025-09,nctpifb,clanlord,True,9.0,False,,False,5,1757205343,0,3802.2,47407.0,43578.0,True
IndianGaming,1na6w9u,2025-09,ncu84qm,Mr_Wolf33,True,7.0,False,,False,6,1757212232,0,2407.4,31614.0,28992.0,True
IndianGaming,1na6w9u,2025-09,ncuhmff,itsmebucky,True,10.0,False,,False,5,1757216056,0,3568.9,16300.0,10392.0,True
IndianGaming,1nccotq,2025-09,nd88sbx,xero_xy,True,1.0,True,3.0,False,172,1757404718,0,2610.3,756.0,2320.0,True
IndianGaming,1nccotq,2025-09,nd87zx2,Antinityfx,True,2.0,True,1.0,False,82,1757404232,0,972.9,6962.0,5351.0,True
IndianGaming,1nccotq,2025-09,nd889gf,cowboykills,True,3.0,True,2.0,False,55,1757404395,0,1666.7,3565.0,3292.0,True
IndianGaming,1nccotq,2025-09,nd8awwj,Darkmeme9,True,4.0,False,,False,30,1757406042,0,2133.0,223.0,7113.0,True
IndianGaming,1nccotq,2025-09,nd8942q,chaitanyachaitu,True,5.0,True,5.0,False,20,1757404918,0,2977.8,122.0,1872.0,True
IndianGaming,1nccotq,2025-09,nd88sow,ExcaliburIN_Games,True,6.0,True,4.0,False,12,1757404724,0,1851.4,11751.0,28862.0,True
IndianGaming,1nccotq,2025-09,nd8f815,DR4CION,True,7.0,False,,False,7,1757408727,0,1025.2,26.0,68.0,True
IndianGaming,1nccotq,2025-09,nd8itvh,CommissionSad6916,True,8.0,False,,False,6,1757410927,0,752.6,113.0,2056.0,True
IndianGaming,1nccotq,2025-09,nd8b7xm,KRYPTON5762,True,9.0,False,,False,5,1757406234,0,1391.1,1583.0,2486.0,True
IndianGaming,1nccotq,2025-09,nd8fdgy,DummyBatman,True,10.0,False,,False,4,1757408822,0,1844.9,15604.0,12662.0,True
IndianGaming,1ngp115,2025-09,ne5hxay,gobbledygook212,True,1.0,True,1.0,False,106,1757850926,0,2380.9,1803.0,25273.0,True
IndianGaming,1ngp115,2025-09,ne5jk48,night_shade_01,True,2.0,True,3.0,False,36,1757851642,0,268.0,23.0,115.0,True
IndianGaming,1ngp115,2025-09,ne5nmpu,NOTaShoppingKart,True,3.0,True,4.0,False,17,1757853341,0,522.8,75.0,6802.0,True
IndianGaming,1ngp115,2025-09,ne5va3v,shans121,True,4.0,False,,False,9,1757856256,0,2995.3,23.0,117.0,True
IndianGaming,1ngp115,2025-09,ne5ulqt,RecklessCapy,True,5.0,False,,True,4,1757856016,0,1851.9,3849.0,3538.0,True
IndianGaming,1ngp115,2025-09,ne692ir,aryanst123,True,6.0,False,,False,4,1757860772,0,2074.1,8094.0,1608.0,True
IndianGaming,1ngp115,2025-09,ne5rb24,Ghoul-154,True,7.0,True,5.0,False,3,1757854783,0,1082.9,9.0,22060.0,True
IndianGaming,1ngp115,2025-09,ne5we57,Thenormieee,True,8.0,False,,False,3,1757856642,0,2299.9,664.0,256.0,True
IndianGaming,1ngp115,2025-09,ne64llo,Few_Campaign_1556,True,9.0,False,,False,3,1757859350,0,709.6,34.0,378.0,True
IndianGaming,1ngp115,2025-09,ne65pdt,Alarming-Track-9447,True,10.0,False,,False,2,1757859703,0,1180.7,362.0,7669.0,True
IndianGaming,1ngp115,2025-09,ne5ijdg,legominuspie,False,,True,2.0,False,1,1757851198,0,2581.9,107.0,19039.0,True
IndianGaming,1nlvftq,2025-09,nf8824s,StressExpress1999,True,1.0,True,2.0,False,487,1758366853,0,437.6,84.0,11921.0,True
IndianGaming,1nlvftq,2025-09,nf87y2o,No-Sundae3423,True,2.0,True,1.0,True,236,1758366797,0,2012.8,140350.0,25393.0,True
IndianGaming,1nlvftq,2025-09,nf8q0q5,devilunload,True,3.0,False,,False,211,1758374257,0,716.1,473.0,1826.0,True
IndianGaming,1nlvftq,2025-09,nf88a85,Ameritard_abroad,True,4.0,True,3.0,False,175,1758366962,0,,,,
IndianGaming,1nlvftq,2025-09,nf8a9l5,SupBruhJusChillin,True,5.0,True,5.0,False,66,1758367918,0,1899.0,37.0,383.0,True
IndianGaming,1nlvftq,2025-09,nf8961w,This_Mind6858,True,6.0,True,4.0,False,30,1758367393,0,1643.2,235.0,47.0,True
IndianGaming,1nlvftq,2025-09,nf8c10v,Crafty_Pangolin_2607,True,7.0,False,,False,18,1758368727,0,,,,
IndianGaming,1nlvftq,2025-09,nf8g8km,Stress_-monster,True,9.0,False,,False,16,1758370521,0,510.7,156.0,1532.0,True
IndianGaming,1nlvftq,2025-09,nf8b9ta,maheemofc,True,10.0,False,,False,14,1758368392,0,696.7,63.0,419.0,True
IndianGaming,1nlvftq,2025-09,nf8dj7u,Speedypanda4,True,8.0,False,,False,18,1758369383,0,4243.0,83094.0,109767.0,True
IndianGaming,1nb34l3,2025-09,ncz2tto,TheAncientScreamer98,True,1.0,True,2.0,False,239,1757279205,0,1137.2,542.0,1734.0,True
IndianGaming,1nb34l3,2025-09,ncyoxu5,Tangent_pikachu,True,2.0,True,1.0,False,96,1757275276,0,283.3,178.0,8385.0,True
IndianGaming,1nb34l3,2025-09,nd0zyuq,Master_Mascot,True,3.0,False,,False,75,1757303071,0,764.0,4748.0,3341.0,True
IndianGaming,1nb34l3,2025-09,nd0yjlo,Toreno7,True,4.0,True,5.0,False,70,1757302527,0,889.2,73530.0,12095.0,True
IndianGaming,1nb34l3,2025-09,nd0iqql,DominiqueTorreto,True,5.0,True,3.0,False,34,1757296575,0,2741.8,58.0,927.0,True
IndianGaming,1nb34l3,2025-09,nd1736j,DaniBoiKrn,True,6.0,False,,False,14,1757306214,0,992.6,401.0,6604.0,True
IndianGaming,1nb34l3,2025-09,nd0vpll,PixelReaper69,True,7.0,True,4.0,False,5,1757301402,0,1388.0,528.0,28141.0,True
IndianGaming,1nb34l3,2025-09,nd1nnq5,Hornymous,True,8.0,False,,False,4,1757315065,0,3335.4,11478.0,40613.0,True
IndianGaming,1nb34l3,2025-09,nd18znr,justDeadpoool,True,9.0,False,,False,4,1757307133,0,685.5,96.0,3054.0,True
IndianGaming,1nb34l3,2025-09,nd23nm4,FizzyBoy147,True,10.0,False,,False,3,1757324918,0,2306.5,55.0,38159.0,True
IndianGaming,1n7fic1,2025-09,nc7e15b,Lost_Ad6922,True,1.0,False,,False,288,1756912011,0,1221.1,2853.0,3997.0,True
IndianGaming,1n7fic1,2025-09,nc74lrv,West-Flow-2636,True,2.0,True,1.0,False,184,1756909224,0,847.2,1823.0,5883.0,True
IndianGaming,1n7fic1,2025-09,nc77sum,66BlackBeard99,True,3.0,True,4.0,False,46,1756910177,0,435.9,329.0,3279.0,True
IndianGaming,1n7fic1,2025-09,nc7dk9t,TheNawab1203,True,4.0,False,,False,30,1756911874,0,3514.3,3957.0,7472.0,True
IndianGaming,1n7fic1,2025-09,nc7791n,LessRecommended,True,5.0,True,3.0,False,17,1756910014,0,1783.8,1.0,23854.0,True
IndianGaming,1n7fic1,2025-09,nc76q2y,insane_issac,True,6.0,True,2.0,False,15,1756909857,0,3348.6,21073.0,35873.0,True
IndianGaming,1n7fic1,2025-09,nc7cxpa,yoo_si_jin,True,7.0,True,5.0,False,10,1756911689,0,,,,
IndianGaming,1n7fic1,2025-09,nc7z0pn,Straight-Economist98,True,8.0,False,,False,8,1756918195,0,1836.0,1124.0,3219.0,True
IndianGaming,1n7fic1,2025-09,nc7drd1,loHorny,True,10.0,False,,False,3,1756911932,0,567.1,427.0,2519.0,True
IndianGaming,1n7fic1,2025-09,nc86ib7,okvaaibhav,True,9.0,False,,False,5,1756920317,0,2144.6,70.0,1482.0,True
IndianGaming,1nk3k32,2025-09,neuzcgx,PixelReaper69,True,1.0,True,2.0,False,36,1758189457,0,1388.0,528.0,28141.0,True
IndianGaming,1nk3k32,2025-09,nev3mos,Sohailsp10,True,2.0,True,3.0,False,33,1758191723,0,1137.0,38178.0,9846.0,True
IndianGaming,1nk3k32,2025-09,newhis4,scythe_skunk,True,3.0,True,5.0,False,10,1758208903,0,3064.6,6904.0,719.0,True
IndianGaming,1nk3k32,2025-09,nev8756,Last_Locksmith_6876,True,4.0,True,4.0,False,6,1758193860,0,2111.4,1831.0,5023.0,True
IndianGaming,1nk3k32,2025-09,neuz3d6,uneducatedDumbRacoon,True,5.0,True,1.0,False,4,1758189317,0,1552.9,8756.0,28242.0,True
IndianGaming,1nk3k32,2025-09,nf16paj,AFullmetalNerd,True,6.0,False,,False,2,1758267025,0,3581.7,17267.0,56799.0,True
IndianGaming,1nk3k32,2025-09,nf1skxw,darkxenobi,True,7.0,False,,False,2,1758279470,0,4939.0,5698.0,7538.0,True
IndianGaming,1nk3k32,2025-09,nex4m3a,Rohit-Gaikwad,True,8.0,False,,False,1,1758215481,0,403.2,997.0,4925.0,True
IndianGaming,1nk3k32,2025-09,nf22fbv,0Rohan2,True,9.0,False,,False,1,1758283657,0,2277.0,19997.0,34011.0,True
IndianGaming,1nk3k32,2025-09,nf22lq3,0Rohan2,True,10.0,False,,False,1,1758283726,0,2277.0,19997.0,34011.0,True
RelationshipIndia,1n7b2z0,2025-09,nc63zxi,Motherlessfemboy,True,1.0,True,4.0,False,500,1756895728,0,1119.6,57.0,908.0,True
RelationshipIndia,1n7b2z0,2025-09,nc64rnx,Ill_Zookeepergame_77,True,2.0,True,5.0,False,207,1756896115,0,2165.0,3056.0,5006.0,True
RelationshipIndia,1n7b2z0,2025-09,nc65974,Due-Construction7201,True,3.0,False,,False,136,1756896351,0,694.4,4.0,341.0,True
RelationshipIndia,1n7b2z0,2025-09,nc633gv,beyondocean,True,4.0,True,1.0,False,60,1756895266,0,2232.5,10299.0,79964.0,True
RelationshipIndia,1n7b2z0,2025-09,nc63drb,Apprehensive-Ad-7609,True,5.0,True,3.0,False,40,1756895412,0,2058.6,455.0,1901.0,True
RelationshipIndia,1n7b2z0,2025-09,nc65tjd,legendmaxy7,True,6.0,False,,False,14,1756896616,0,476.9,743.0,546.0,False
RelationshipIndia,1n7b2z0,2025-09,nc661qx,Harshfrfr,True,7.0,False,,False,13,1756896723,0,490.0,389.0,1657.0,True
RelationshipIndia,1n7b2z0,2025-09,nc6kwg4,Boogerr_eater,True,8.0,False,,False,11,1756902799,0,1607.2,8116.0,32236.0,True
RelationshipIndia,1n7b2z0,2025-09,nc6blva,CaptxLevi,True,9.0,False,,False,8,1756899208,0,,,,
RelationshipIndia,1n7b2z0,2025-09,nc6cd7t,Intelligent-Chard136,True,10.0,False,,False,4,1756899531,0,1972.0,1354.0,4495.0,True
RelationshipIndia,1n7b2z0,2025-09,nc63b7h,No-Falcon769,False,,True,2.0,False,4,1756895376,0,1550.2,97.0,425.0,True
RelationshipIndia,1nb2guu,2025-09,ncyjesg,ohbabethrowmeaway,True,1.0,True,2.0,False,445,1757273739,0,1148.8,108.0,22497.0,False
RelationshipIndia,1nb2guu,2025-09,ncyor11,Aishyoumustbekidding,True,2.0,False,,False,63,1757275224,0,743.2,1.0,16411.0,False
RelationshipIndia,1nb2guu,2025-09,ncyj9wi,Designer-Truck-4217,True,3.0,True,1.0,False,28,1757273701,0,1613.7,2.0,53.0,True
RelationshipIndia,1nb2guu,2025-09,ncykn3z,phoenixandunicorn,True,4.0,True,4.0,False,26,1757274083,0,782.9,697.0,1125.0,True
RelationshipIndia,1nb2guu,2025-09,ncyjgnq,AardvarkLow3600,True,5.0,True,3.0,False,25,1757273753,0,1042.3,24.0,854.0,True
RelationshipIndia,1nb2guu,2025-09,ncyo2af,jealoushusband25,True,6.0,False,,False,20,1757275030,0,494.4,8543.0,2963.0,True
RelationshipIndia,1nb2guu,2025-09,ncyqlp3,South-Newt3091,True,7.0,False,,False,13,1757275730,0,2019.8,22.0,12113.0,True
RelationshipIndia,1nb2guu,2025-09,ncz4f7l,wakandanameisthis96,True,8.0,False,,False,11,1757279673,0,2044.2,993.0,4339.0,True
RelationshipIndia,1nb2guu,2025-09,ncylutf,PatronousPulse,True,9.0,True,5.0,False,5,1757274419,0,810.9,305.0,6573.0,True
RelationshipIndia,1nb2guu,2025-09,nczotyl,ScarDry4916,True,10.0,False,,False,5,1757286072,0,1999.5,288.0,94.0,True
RelationshipIndia,1nn6rq4,2025-09,nfjc7ci,Jack_Z13,True,1.0,True,1.0,False,75,1758509944,0,638.2,161.0,319.0,True
RelationshipIndia,1nn6rq4,2025-09,nfjlc0q,KajuBarfii,True,2.0,True,4.0,False,52,1758513807,0,592.8,19975.0,1454.0,True
RelationshipIndia,1nn6rq4,2025-09,nfjjmiz,Xcaliber_in,True,4.0,True,2.0,False,22,1758513036,0,1192.1,374.0,4569.0,True
RelationshipIndia,1nn6rq4,2025-09,nfjrky6,low_mana_high_hp,True,3.0,False,,False,24,1758516805,0,2137.7,504.0,4845.0,True
RelationshipIndia,1nn6rq4,2025-09,nfk4awm,DarkerThanThee,True,5.0,False,,False,16,1758523762,0,710.0,7.0,340.0,True
RelationshipIndia,1nn6rq4,2025-09,nfjo5u7,Bath_Right,True,6.0,True,5.0,False,9,1758515136,0,1977.9,84.0,597.0,True
RelationshipIndia,1nn6rq4,2025-09,nfjratu,Dk1372002,True,7.0,False,,False,7,1758516667,0,1288.7,86.0,386.0,True
RelationshipIndia,1nn6rq4,2025-09,nflao6z,MammothSundae1416,True,8.0,False,,False,6,1758545682,0,1954.2,72.0,215.0,True
RelationshipIndia,1nn6rq4,2025-09,nfk6002,Respect_Bulky,True,9.0,False,,False,5,1758524748,0,2129.3,1155.0,1993.0,True
RelationshipIndia,1nn6rq4,2025-09,nfkb13w,Electronic-Tea6762,True,10.0,False,,False,4,1758527842,0,1700.9,537.0,1747.0,True
RelationshipIndia,1nn6rq4,2025-09,nfjjwnp,ffskd,False,,True,3.0,False,2,1758513159,0,1277.0,1930.0,3875.0,True
RelationshipIndia,1nd3l8q,2025-09,nde0jqd,Hopeful-Mountain-922,True,1.0,False,,False,86,1757476510,0,358.0,55.0,198.0,True
RelationshipIndia,1nd3l8q,2025-09,nddy9ky,The-Majestic-,True,2.0,True,3.0,False,57,1757475538,0,1646.9,71.0,19301.0,True
RelationshipIndia,1nd3l8q,2025-09,nde8dz7,onlychild_98,True,3.0,False,,False,25,1757480087,0,,,,
RelationshipIndia,1nd3l8q,2025-09,nde1bpw,Rare-Wing-8008,True,4.0,False,,False,25,1757476844,0,1614.2,470.0,22661.0,True
RelationshipIndia,1nd3l8q,2025-09,nde5h5o,Juna14_K,True,5.0,False,,False,21,1757478701,0,273.0,34.0,3779.0,True
RelationshipIndia,1nd3l8q,2025-09,nddzfad,Snoo68427,True,6.0,True,5.0,False,18,1757476030,0,2159.9,9595.0,1391.0,True
RelationshipIndia,1nd3l8q,2025-09,nde05pt,riksTaker0,True,7.0,False,,False,12,1757476344,0,614.8,2121.0,21960.0,True
RelationshipIndia,1nd3l8q,2025-09,nddxxbz,Independent_Ear_7057,True,8.0,True,2.0,False,8,1757475395,0,,,,
RelationshipIndia,1nd3l8q,2025-09,nde8d0q,Inner_Ad7994,True,9.0,False,,False,8,1757480074,0,527.6,78.0,765.0,True
RelationshipIndia,1nd3l8q,2025-09,nddydd6,Professional_Week558,True,10.0,True,4.0,False,6,1757475583,0,1216.9,2393.0,2762.0,True
RelationshipIndia,1nd3l8q,2025-09,nddxlhz,JessepinkmaN963,False,,True,1.0,False,5,1757475254,0,2395.9,594.0,1622.0,True
RelationshipIndia,1nk4ufa,2025-09,nev5d42,nunyafknbiznez,True,1.0,True,1.0,False,88,1758192563,0,,,,
RelationshipIndia,1nk4ufa,2025-09,nevpqtj,EmptyFlight6900,True,2.0,True,4.0,False,16,1758200533,0,321.8,2.0,431.0,True
RelationshipIndia,1nk4ufa,2025-09,nev949f,Old-Artichoke-5553,True,3.0,True,3.0,False,9,1758194266,0,1191.8,2625.0,3484.0,True
RelationshipIndia,1nk4ufa,2025-09,nev70m4,HearingFresh4678,True,4.0,True,2.0,False,5,1758193333,0,1965.1,9570.0,939.0,True
RelationshipIndia,1nk4ufa,2025-09,nevwd4f,Beautiful-Loan-6422,True,6.0,False,,False,4,1758202693,0,595.7,24.0,1039.0,True
RelationshipIndia,1nk4ufa,2025-09,nexufag,LovelyJasmineFlower,True,5.0,False,,False,5,1758222838,0,677.0,54.0,274.0,True
RelationshipIndia,1nk4ufa,2025-09,nevtyyu,Single-Being-8263,True,7.0,True,5.0,False,3,1758201925,0,1950.3,7.0,31867.0,True
RelationshipIndia,1nk4ufa,2025-09,nevxofy,tandoorimomo,True,8.0,False,,False,3,1758203108,0,2489.8,265.0,179.0,True
RelationshipIndia,1nk4ufa,2025-09,nevy5mb,Unhappy_Bread_2836,True,9.0,False,,False,3,1758203255,0,,,,
RelationshipIndia,1nk4ufa,2025-09,nevzbuv,OneWinter9980,True,10.0,False,,False,3,1758203617,0,913.9,1.0,593.0,True
RelationshipIndia,1n6j9w8,2025-09,nc0eceb,Bightwhite,True,1.0,True,2.0,False,78,1756819596,0,427.2,25.0,249.0,True
RelationshipIndia,1n6j9w8,2025-09,nc0hk2s,FinalCutProKochi,True,2.0,True,3.0,False,14,1756820654,0,658.0,36.0,1255.0,True
RelationshipIndia,1n6j9w8,2025-09,nc1nwy6,mango_boii,True,3.0,True,5.0,False,7,1756833386,0,1316.0,1133.0,63713.0,True
RelationshipIndia,1n6j9w8,2025-09,nc0e7i0,loneranger0021,True,4.0,True,1.0,False,1,1756819551,0,734.9,96.0,512.0,True
RelationshipIndia,1n6j9w8,2025-09,nc2frfd,pressviji,True,5.0,False,,False,1,1756841602,0,378.0,26.0,395.0,True
RelationshipIndia,1n6j9w8,2025-09,nc0qaxv,urbanmale007,True,6.0,True,4.0,False,1,1756823394,0,643.2,119.0,66.0,True
RelationshipIndia,1n6j9w8,2025-09,nc35czl,Entire-Grass5656,True,7.0,False,,False,1,1756849262,0,434.9,1.0,533.0,False
RelationshipIndia,1n6j9w8,2025-09,nc3aa2h,Shaw0027,True,8.0,False,,False,1,1756850836,0,1611.1,4.0,37.0,True
RelationshipIndia,1n6j9w8,2025-09,nc4cbrm,OneWinter9980,True,9.0,False,,False,1,1756864079,0,913.9,1.0,593.0,True
RelationshipIndia,1n6j9w8,2025-09,nc4ly83,DeadPixel8506,True,10.0,False,,False,1,1756867595,0,1634.7,15635.0,2603.0,True
RelationshipIndia,1nhd9au,2025-09,neawtv1,TJDiamond333,True,1.0,False,,False,130,1757916711,0,1112.4,63.0,16573.0,True
RelationshipIndia,1nhd9au,2025-09,neatjt7,ValuableMuch7703,True,2.0,True,2.0,False,111,1757914880,0,432.9,13227.0,155394.0,True
RelationshipIndia,1nhd9au,2025-09,neasvhw,TurboChrono,True,3.0,True,1.0,False,62,1757914513,0,809.3,901.0,2275.0,False
RelationshipIndia,1nhd9au,2025-09,neatxsq,Ordinary_Horror_6356,True,4.0,True,3.0,False,35,1757915093,0,1137.8,2054.0,405.0,True
RelationshipIndia,1nhd9au,2025-09,neavm17,tsundere_lolii,True,5.0,True,5.0,False,25,1757916021,0,598.9,2411.0,14174.0,True
RelationshipIndia,1nhd9au,2025-09,neb2eq0,cypher_deleted,True,6.0,False,,False,11,1757919919,0,2068.3,53.0,687.0,True
RelationshipIndia,1nhd9au,2025-09,neau67c,Ganjedii,True,7.0,True,4.0,False,4,1757915221,0,2024.4,173.0,237.0,True
RelationshipIndia,1nhd9au,2025-09,neb0wnp,Delicious-Search7539,True,8.0,False,,False,4,1757919060,0,286.9,11.0,1002.0,True
RelationshipIndia,1nhd9au,2025-09,neaw1ru,Frosty_Phone_2880,True,9.0,False,,False,2,1757916269,0,570.1,2.0,5.0,True
RelationshipIndia,1nhd9au,2025-09,nebnfil,Medical_Chance_7982,True,10.0,False,,False,2,1757932687,0,1063.2,1.0,434.0,False
RelationshipIndia,1n5myx9,2025-09,nbtqq00,benwolf1999,True,1.0,True,3.0,False,107,1756729366,0,2678.4,20.0,363.0,True
RelationshipIndia,1n5myx9,2025-09,nbtqbbn,Depressedmunda,True,2.0,True,1.0,False,29,1756729205,0,1134.8,752.0,11458.0,True
RelationshipIndia,1n5myx9,2025-09,nbtsccu,donnagreylucy,True,3.0,True,5.0,False,26,1756730009,0,599.7,4373.0,23074.0,True
RelationshipIndia,1n5myx9,2025-09,nbtr1jz,beyondocean,True,4.0,True,4.0,False,22,1756729494,0,2232.5,10299.0,79964.0,True
RelationshipIndia,1n5myx9,2025-09,nbtqgt8,99robiii,True,5.0,True,2.0,False,13,1756729265,0,1323.8,3727.0,2511.0,True
RelationshipIndia,1n5myx9,2025-09,nbwn5i1,Ok-Part-9107,True,6.0,False,,False,10,1756761298,0,289.0,22.0,89.0,True
RelationshipIndia,1n5myx9,2025-09,nbtsnj4,catiee-babie,True,8.0,False,,False,1,1756730129,0,578.3,3892.0,490.0,False
RelationshipIndia,1n5myx9,2025-09,nbuc6jj,AardvarkLow3600,True,9.0,False,,False,1,1756736777,0,1042.3,24.0,854.0,True
RelationshipIndia,1n5myx9,2025-09,nbvqeuk,ScreamNCream96,True,7.0,False,,False,2,1756751440,0,1750.0,6372.0,10554.0,True
RelationshipIndia,1n5myx9,2025-09,nbyfnq7,nomp_chomp,True,10.0,False,,False,1,1756784835,0,1324.6,20.0,1156.0,True
RelationshipIndia,1n5kgy8,2025-09,nbt83o9,stepdaddyji,True,1.0,True,1.0,False,70,1756720412,0,1206.0,264.0,722.0,True
RelationshipIndia,1n5kgy8,2025-09,nbt8gdo,Apurbo25,True,2.0,True,2.0,False,61,1756720608,0,430.0,25.0,2465.0,True
RelationshipIndia,1n5kgy8,2025-09,nbt9yh8,lbornfreel,True,3.0,True,4.0,False,48,1756721446,0,925.2,11.0,57.0,True
RelationshipIndia,1n5kgy8,2025-09,nbt93x2,SaynotoGenAI,True,4.0,True,3.0,False,24,1756720972,0,531.2,89.0,225.0,False
RelationshipIndia,1n5kgy8,2025-09,nbtcmby,yekahafasgayabhaimai,True,5.0,False,,False,18,1756722905,0,879.8,1.0,646.0,True
RelationshipIndia,1n5kgy8,2025-09,nbu8t7s,iAmnot_Urek_Mazino,True,6.0,False,,False,12,1756735726,0,664.3,247.0,6867.0,True
RelationshipIndia,1n5kgy8,2025-09,nbtbwum,dontknow_anything,True,7.0,True,5.0,False,9,1756722522,0,3557.7,8027.0,195152.0,True
RelationshipIndia,1n5kgy8,2025-09,nbvh1ar,Plastic_Star4051,True,8.0,False,,False,7,1756748731,0,540.4,2.0,66.0,True
RelationshipIndia,1n5kgy8,2025-09,nbtn207,thekakashi7,True,9.0,False,,False,6,1756727866,0,838.2,76.0,601.0,True
RelationshipIndia,1n5kgy8,2025-09,nbvoj1b,conan_edogawa8493,True,10.0,False,,False,2,1756750887,0,426.0,754.0,514.0,True
RelationshipIndia,1noakav,2025-09,nfq8l0j,tararanaway,True,1.0,True,1.0,False,46,1758610986,0,316.3,5287.0,5577.0,True
RelationshipIndia,1noakav,2025-09,nfqdg48,Little-Platypus-8679,True,2.0,True,4.0,False,41,1758614289,0,1248.9,1023.0,13190.0,True
RelationshipIndia,1noakav,2025-09,nfqaf4p,bkt340,True,3.0,True,2.0,False,19,1758612220,0,3235.4,34.0,2336.0,True
RelationshipIndia,1noakav,2025-09,nfqin1o,nunyafknbiznez,True,4.0,False,,False,17,1758617875,0,,,,
RelationshipIndia,1noakav,2025-09,nfqnn9j,Recent-Soup2191,True,5.0,False,,False,13,1758621234,0,652.9,417.0,176.0,True
RelationshipIndia,1noakav,2025-09,nfqpooh,Few-Indication2541,True,6.0,False,,False,8,1758622433,0,827.7,1244.0,8622.0,False
RelationshipIndia,1noakav,2025-09,nfqcn1f,beyond_your_hands,True,7.0,True,3.0,False,5,1758613735,0,541.1,1189.0,6976.0,True
RelationshipIndia,1noakav,2025-09,nfqg5g9,OnnuPodappa,True,8.0,False,,False,5,1758616161,0,752.2,241.0,8383.0,True
RelationshipIndia,1noakav,2025-09,nfqfuav,Double_Creme1275,True,9.0,True,5.0,False,3,1758615947,0,1087.2,290.0,158.0,True
RelationshipIndia,1noakav,2025-09,nfqp2rf,OpeningRush4035,True,10.0,False,,False,3,1758622094,0,528.3,321.0,1284.0,True
personalfinanceindia,1nk6qyw,2025-09,nevk85p,nj_100,True,1.0,True,5.0,False,411,1758198641,0,2789.0,1496.0,5077.0,True
personalfinanceindia,1nk6qyw,2025-09,nevk2fl,TheMyth007,True,2.0,True,4.0,False,105,1758198585,0,2979.9,100582.0,5808.0,True
personalfinanceindia,1nk6qyw,2025-09,nevj8gt,thereisnosuch,True,3.0,True,2.0,False,65,1758198287,0,4724.0,10234.0,33381.0,True
personalfinanceindia,1nk6qyw,2025-09,nevl7lu,PeaDifficult1128,True,4.0,False,,False,40,1758198992,0,2078.7,513.0,2765.0,True
personalfinanceindia,1nk6qyw,2025-09,neviord,nayn09,True,5.0,True,1.0,True,26,1758198089,0,2599.9,3573.0,424.0,True
personalfinanceindia,1nk6qyw,2025-09,nevp60g,invictus2695,True,6.0,False,,False,22,1758200338,0,,,,
personalfinanceindia,1nk6qyw,2025-09,nevmri8,BuyOk4066,True,7.0,False,,False,22,1758199532,0,904.6,17.0,198.0,True
personalfinanceindia,1nk6qyw,2025-09,nevjrcp,ic_97,True,9.0,True,3.0,False,12,1758198474,0,3632.9,36441.0,111490.0,True
personalfinanceindia,1nk6qyw,2025-09,newh21p,NoExpression1030,True,8.0,False,,False,13,1758208771,0,653.1,976.0,19926.0,True
personalfinanceindia,1nk6qyw,2025-09,newaqq3,Royal-Fig-6670,True,10.0,False,,False,10,1758206991,0,1780.1,25.0,2469.0,True
personalfinanceindia,1nrz7il,2025-09,ngi6099,Travel__Agent007,True,1.0,True,3.0,False,322,1758991008,0,,,,
personalfinanceindia,1nrz7il,2025-09,ngi4r04,Delay_Lama_,True,2.0,True,2.0,False,153,1758990618,0,254.8,3618.0,2348.0,True
personalfinanceindia,1nrz7il,2025-09,ngi70s7,green9206,True,3.0,True,4.0,False,103,1758991329,0,4078.1,13162.0,144390.0,True
personalfinanceindia,1nrz7il,2025-09,ngijcgg,candidbandit33,True,4.0,False,,False,52,1758995074,0,958.4,101.0,12591.0,True
personalfinanceindia,1nrz7il,2025-09,ngi4i9q,here4geld,True,5.0,True,1.0,False,23,1758990544,0,1605.7,2010.0,27736.0,True
personalfinanceindia,1nrz7il,2025-09,ngipoti,KingOfAntakshari,True,6.0,False,,False,22,1758997036,0,599.6,1.0,93.0,True
personalfinanceindia,1nrz7il,2025-09,ngia3io,hitech0101,True,7.0,False,,False,8,1758992263,0,3085.0,440.0,315.0,True
personalfinanceindia,1nrz7il,2025-09,ngi9g8g,Possible_Intern_1347,True,8.0,False,,False,8,1758992067,0,,,,
personalfinanceindia,1nrz7il,2025-09,ngiltnd,Ashamed-One-Not,True,9.0,False,,False,8,1758995820,0,,,,
personalfinanceindia,1nrz7il,2025-09,ngirhnu,One_Advice3052,True,10.0,False,,False,6,1758997611,0,1010.0,176.0,2314.0,False
personalfinanceindia,1nrz7il,2025-09,ngi802d,Economist-Pale,False,,True,5.0,False,4,1758991629,0,2118.2,111.0,11741.0,True
personalfinanceindia,1nkih6l,2025-09,neyc7x5,Donnish-Fox,True,1.0,True,3.0,False,288,1758227873,0,271.0,175.0,1397.0,False
personalfinanceindia,1nkih6l,2025-09,ney4zzo,stinky_sardine,True,2.0,True,1.0,False,231,1758225846,0,1645.8,171521.0,25481.0,True
personalfinanceindia,1nkih6l,2025-09,neyls3u,nomnommish,True,3.0,False,,False,157,1758230685,0,4077.7,15569.0,242311.0,False
personalfinanceindia,1nkih6l,2025-09,nez1mwu,sslawyer88,True,4.0,False,,False,93,1758235858,0,1146.7,73.0,5994.0,True
personalfinanceindia,1nkih6l,2025-09,nezny07,Baloo_Cat,True,5.0,False,,False,59,1758243681,0,1917.6,797.0,2094.0,True
personalfinanceindia,1nkih6l,2025-09,nezwoif,ashutrip,True,7.0,False,,False,39,1758246684,0,3926.0,4303.0,9558.0,True
personalfinanceindia,1nkih6l,2025-09,ney7y53,not_so_theist,True,6.0,True,2.0,False,40,1758226679,0,2124.0,104.0,77.0,True
personalfinanceindia,1nkih6l,2025-09,nezxi26,mrdrinksonme,True,8.0,False,,False,35,1758246960,0,3016.1,20230.0,55999.0,True
personalfinanceindia,1nkih6l,2025-09,nezumkt,Ornery-Ad-670,True,9.0,False,,False,23,1758245988,0,1994.0,1773.0,1618.0,True
personalfinanceindia,1nkih6l,2025-09,neyk0m6,NoGoose7882,True,10.0,True,5.0,False,17,1758230148,0,291.7,35.0,2739.0,False
personalfinanceindia,1nkih6l,2025-09,neyf8qu,Few-Definition9475,False,,True,4.0,False,10,1758228736,0,2090.8,54.0,826.0,True
personalfinanceindia,1nu26wu,2025-09,ngy8a7n,JamesDond007,True,1.0,True,4.0,False,148,1759204397,0,2892.0,304.0,4469.0,True
personalfinanceindia,1nu26wu,2025-09,ngy5fot,Exciting_Strike5598,True,3.0,True,1.0,False,23,1759203156,0,937.2,4224.0,63859.0,True
personalfinanceindia,1nu26wu,2025-09,ngyan82,tech-writer,True,2.0,True,5.0,False,24,1759205468,0,1587.9,8149.0,106883.0,True
personalfinanceindia,1nu26wu,2025-09,ngyh38k,queenB_east,True,4.0,False,,False,18,1759208600,0,789.0,887.0,2080.0,False
personalfinanceindia,1nu26wu,2025-09,ngy5gy2,Perfect_Square_8565,True,5.0,True,2.0,False,8,1759203172,0,1379.8,1492.0,729.0,True
personalfinanceindia,1nu26wu,2025-09,ngy6im2,negiajay,True,6.0,True,3.0,False,7,1759203626,0,,,,
personalfinanceindia,1nu26wu,2025-09,ngyrms2,find_a_rare_uuid,True,7.0,False,,False,2,1759214315,0,670.7,41615.0,202686.0,True
personalfinanceindia,1nu26wu,2025-09,nh0tz9b,Rowdy_Rathod,True,8.0,False,,False,2,1759246322,0,3306.1,2828.0,3461.0,False
personalfinanceindia,1nu26wu,2025-09,ngymyh6,Eastern-Category4387,True,9.0,False,,False,1,1759211712,0,952.3,419.0,2374.0,True
personalfinanceindia,1nu26wu,2025-09,ngypq0h,bhukkhad,True,10.0,False,,False,1,1759213228,0,4059.1,1769.0,13266.0,True
personalfinanceindia,1no7xhr,2025-09,nfpto04,Candid_Juice_1858,True,1.0,True,1.0,False,87,1758602011,0,1356.2,795.0,5055.0,True
personalfinanceindia,1no7xhr,2025-09,nfpu63h,Any_Letterhead_2917,True,2.0,True,2.0,False,56,1758602283,0,1172.3,850.0,10761.0,False
personalfinanceindia,1no7xhr,2025-09,nfpvc0s,J464N4U7,True,3.0,True,4.0,False,27,1758602917,0,1173.4,111.0,2598.0,True
personalfinanceindia,1no7xhr,2025-09,nfpv25n,hill_music_festival,True,4.0,True,3.0,False,22,1758602767,0,1845.5,249.0,3795.0,True
personalfinanceindia,1no7xhr,2025-09,nfpwvc0,Extension-Kiwi-7276,True,5.0,False,,False,12,1758603771,0,678.4,214.0,5478.0,True
personalfinanceindia,1no7xhr,2025-09,nfq156b,ASD_0101,True,6.0,False,,False,10,1758606293,0,,,,
personalfinanceindia,1no7xhr,2025-09,nfq9bpz,Exciting_Strike5598,True,7.0,False,,False,5,1758611481,0,937.2,4224.0,63859.0,True
personalfinanceindia,1no7xhr,2025-09,nfpxlku,pramodc84,True,8.0,False,,False,5,1758604187,0,6660.3,56745.0,97891.0,True
personalfinanceindia,1no7xhr,2025-09,nfq06zy,FunMedia4460,True,9.0,False,,False,5,1758605720,0,1499.4,1.0,2960.0,True
personalfinanceindia,1no7xhr,2025-09,nfqfd3n,SierraBravoLima,True,10.0,False,,False,5,1758615614,0,1740.1,78134.0,109645.0,True
personalfinanceindia,1no7xhr,2025-09,nfpvxeu,Lucky_Action_3,False,,True,5.0,False,5,1758603245,0,792.9,391.0,313.0,True
personalfinanceindia,1n83e80,2025-09,nccctyo,sexybotinserver,True,2.0,True,5.0,True,87,1756977343,0,2464.2,7151.0,622.0,True
personalfinanceindia,1n83e80,2025-09,ncc1elr,yachan96,True,1.0,True,1.0,False,88,1756970396,0,2630.1,8535.0,15987.0,True
personalfinanceindia,1n83e80,2025-09,ncc8n2d,peanutbuttttter,True,3.0,True,2.0,False,11,1756974776,0,1530.9,137.0,624.0,True
personalfinanceindia,1n83e80,2025-09,ncckw9q,dirtroder,True,4.0,False,,False,7,1756981841,0,,,,
personalfinanceindia,1n83e80,2025-09,ncc9f51,weshipped,True,6.0,True,3.0,False,3,1756975262,0,2775.3,255.0,2239.0,True
personalfinanceindia,1n83e80,2025-09,ncccbfc,rmk23,True,5.0,True,4.0,False,4,1756977031,0,3182.5,1637.0,846.0,True
personalfinanceindia,1n83e80,2025-09,ncdv94q,ElevatorSuccessful15,True,7.0,False,,False,3,1756998102,0,,,,
personalfinanceindia,1n83e80,2025-09,nccdaho,Aware_Slice6012,True,8.0,False,,False,3,1756977618,0,325.3,308.0,60.0,True
personalfinanceindia,1n83e80,2025-09,nccwi94,throwaway420212021,True,9.0,False,,False,2,1756986945,0,1878.0,45.0,344.0,True
personalfinanceindia,1n83e80,2025-09,ncduejg,Careless-Roll4863,True,10.0,False,,False,1,1756997866,0,1095.4,10.0,581.0,True
personalfinanceindia,1nq0g2o,2025-09,ng38a9d,neelabhbahadur,True,1.0,True,2.0,False,398,1758785847,0,536.2,4.0,1133.0,True
personalfinanceindia,1nq0g2o,2025-09,ng38ef2,Wind-Ancient,True,2.0,True,3.0,False,167,1758785917,0,2004.0,152.0,16120.0,True
personalfinanceindia,1nq0g2o,2025-09,ng39lxx,PriyaSR26,True,3.0,False,,False,50,1758786648,0,2257.8,4069.0,95965.0,True
personalfinanceindia,1nq0g2o,2025-09,ng3997o,the_zirten_spahic,True,4.0,False,,False,35,1758786436,0,1554.9,3382.0,33687.0,True
personalfinanceindia,1nq0g2o,2025-09,ng38sgb,mrdrinksonme,True,5.0,True,5.0,False,22,1758786156,0,3016.1,20230.0,55999.0,True
personalfinanceindia,1nq0g2o,2025-09,ng38069,TheThirteenShadows,True,6.0,True,1.0,False,11,1758785675,0,,,,
personalfinanceindia,1nq0g2o,2025-09,ng3bd1g,Evil_bitch_21,True,7.0,False,,False,8,1758787718,0,1887.0,3938.0,3629.0,True
personalfinanceindia,1nq0g2o,2025-09,ng38l0y,Common_Particular_52,True,8.0,True,4.0,False,8,1758786032,0,603.4,935.0,4459.0,True
personalfinanceindia,1nq0g2o,2025-09,ng3dwp2,Investing8r,True,9.0,False,,False,7,1758789306,0,829.9,16.0,46.0,True
personalfinanceindia,1nq0g2o,2025-09,ng397ul,Rare_Turnover_420,True,10.0,False,,False,5,1758786412,0,,,,
personalfinanceindia,1natris,2025-09,ncwleyn,Gloomy-End635,True,1.0,True,1.0,False,349,1757253384,0,,,,
personalfinanceindia,1natris,2025-09,ncwlnpj,siddirahal,True,2.0,True,2.0,False,129,1757253464,0,1160.9,142.0,2049.0,True
personalfinanceindia,1natris,2025-09,ncwm626,DolGuldurWraith,True,3.0,True,4.0,False,87,1757253629,0,336.7,979.0,3774.0,True
personalfinanceindia,1natris,2025-09,ncwmybx,FindingInternalPeace,True,4.0,False,,False,57,1757253883,0,712.6,66.0,1249.0,True
personalfinanceindia,1natris,2025-09,ncwoyoj,darthwader42,True,5.0,False,,False,52,1757254494,0,1382.4,36.0,3292.0,True
personalfinanceindia,1natris,2025-09,ncwlrpx,More-Actuator-1729,True,6.0,True,3.0,False,25,1757253500,0,799.0,349.0,40619.0,True
personalfinanceindia,1natris,2025-09,ncwz951,PRPAGRU,True,7.0,False,,False,22,1757257580,0,893.7,35.0,33.0,False
personalfinanceindia,1natris,2025-09,ncxb5i9,ghrinz,True,8.0,False,,False,17,1757261130,0,4178.2,10386.0,13914.0,True
personalfinanceindia,1natris,2025-09,ncwu8uj,Low_Concentrate8821,True,9.0,False,,False,14,1757256073,0,1145.9,1.0,6121.0,False
personalfinanceindia,1natris,2025-09,ncwnwya,sleepdeprivedsince92,True,10.0,False,,False,12,1757254184,0,1187.3,5411.0,13050.0,True
personalfinanceindia,1natris,2025-09,ncwm65c,OneMillionFireFlies,False,,True,5.0,False,7,1757253630,0,3619.6,39876.0,51378.0,True
personalfinanceindia,1ngykrl,2025-09,ne7lhjp,Vanguardbliss,True,1.0,True,2.0,False,288,1757874419,0,695.7,13.0,4949.0,True
personalfinanceindia,1ngykrl,2025-09,ne7k1p2,geekyneha,True,4.0,True,1.0,False,20,1757874014,0,1289.8,1558.0,8099.0,True
personalfinanceindia,1ngykrl,2025-09,ne83rm2,raju_lukka,True,3.0,False,,False,21,1757879544,0,2153.0,217.0,3648.0,False
personalfinanceindia,1ngykrl,2025-09,ne8ec1k,Professor_Moraiarkar,True,2.0,False,,False,22,1757882439,0,741.2,50111.0,58333.0,True
personalfinanceindia,1ngykrl,2025-09,ne7lsrx,Prajj_maa_chod_dega,True,5.0,True,3.0,False,16,1757874509,0,607.9,292.0,1489.0,False
personalfinanceindia,1ngykrl,2025-09,ne7siwf,BootDue5632,True,6.0,False,,False,8,1757876409,0,,,,
personalfinanceindia,1ngykrl,2025-09,ne8465n,growmywealth,True,7.0,False,,False,7,1757879653,0,2125.0,23.0,469.0,True
personalfinanceindia,1ngykrl,2025-09,ne7qa8z,Sujuj07,True,9.0,True,4.0,False,4,1757875780,0,1833.9,181.0,992.0,True
personalfinanceindia,1ngykrl,2025-09,ne89inf,bikbar1,True,8.0,False,,False,5,1757881105,0,2754.9,627.0,66290.0,True
personalfinanceindia,1ngykrl,2025-09,ne899o0,autoi999,True,10.0,False,,False,3,1757881038,0,3125.7,2216.0,7821.0,True
personalfinanceindia,1ngykrl,2025-09,ne7qs1l,Same-Historian1139,False,,True,5.0,False,2,1757875919,0,655.1,14.0,113.0,True
personalfinanceindia,1n9n2kn,2025-09,nco7796,hydiBiryani,True,1.0,False,,False,249,1757127704,0,3220.0,2624.0,33626.0,True
personalfinanceindia,1n9n2kn,2025-09,ncnwmty,Bombayjournalist,True,2.0,True,3.0,False,116,1757123780,0,339.9,8.0,1050.0,True
personalfinanceindia,1n9n2kn,2025-09,ncnvj06,Muted_Respect_6595,True,3.0,True,2.0,False,96,1757123375,0,880.7,682.0,5226.0,False
personalfinanceindia,1n9n2kn,2025-09,nco7csg,primeaddict,True,4.0,False,,False,86,1757127764,0,2739.2,2923.0,2467.0,True
personalfinanceindia,1n9n2kn,2025-09,nco6o2l,Loony-Potterhead,True,5.0,False,,False,43,1757127499,0,1192.6,6231.0,862.0,True
personalfinanceindia,1n9n2kn,2025-09,ncol0t9,EarlyFalcone,True,6.0,False,,False,22,1757133649,0,1991.7,191.0,16093.0,True
personalfinanceindia,1n9n2kn,2025-09,nco1dfj,BoxPositive4750,True,7.0,True,4.0,False,20,1757125503,0,2058.0,1.0,3153.0,True
personalfinanceindia,1n9n2kn,2025-09,ncnuj39,asli_Bulla,True,8.0,True,1.0,False,12,1757123028,0,1671.3,1281.0,7042.0,True
personalfinanceindia,1n9n2kn,2025-09,ncpbnhy,Wrong-Celery4531,True,9.0,False,,False,6,1757148447,0,1572.1,173.0,271.0,True
personalfinanceindia,1n9n2kn,2025-09,ncockr3,Rich_History_9087,True,10.0,False,,False,6,1757129884,0,1955.1,2477.0,5677.0,True
personalfinanceindia,1n9n2kn,2025-09,nco24d9,Nitromonteiro,False,,True,5.0,False,4,1757125782,0,3670.1,1247.0,1179.0,True
unitedstatesofindia,1n66vdc,2025-09,nbxxrt8,damudasamoolam,True,1.0,True,1.0,False,385,1756777839,0,2533.9,483.0,45830.0,True
unitedstatesofindia,1n66vdc,2025-09,nbxzhdy,OneMillionFireFlies,True,2.0,True,3.0,False,205,1756778479,0,3619.6,39876.0,51378.0,True
unitedstatesofindia,1n66vdc,2025-09,nbxz2s1,cumofdutyblackcocks3,True,3.0,True,2.0,False,122,1756778327,0,944.4,8198.0,102454.0,True
unitedstatesofindia,1n66vdc,2025-09,nby2lyz,Koach_Chiku,True,4.0,False,,False,45,1756779654,0,,,,
unitedstatesofindia,1n66vdc,2025-09,nbyayko,DifficultyDowntown,True,5.0,False,,False,20,1756782873,0,2107.6,1.0,19727.0,True
unitedstatesofindia,1n66vdc,2025-09,nbyfp03,swamshua,True,7.0,False,,False,16,1756784850,0,3900.9,3789.0,5204.0,True
unitedstatesofindia,1n66vdc,2025-09,nbyeawn,find_a_rare_uuid,True,6.0,False,,False,20,1756784257,0,670.7,41615.0,202686.0,True
unitedstatesofindia,1n66vdc,2025-09,nbykuo4,Head_Opportunity2651,True,8.0,False,,False,14,1756787182,0,,,,
unitedstatesofindia,1n66vdc,2025-09,nby20v4,smartharty7,True,9.0,False,,False,13,1756779438,0,,,,
unitedstatesofindia,1n66vdc,2025-09,nbyb5ly,Dragenox,True,10.0,False,,False,10,1756782951,0,4862.3,1482.0,9151.0,True
unitedstatesofindia,1n66vdc,2025-09,nby1y8j,GroundbreakingBug327,False,,True,5.0,False,8,1756779411,0,2138.0,18.0,653.0,True
unitedstatesofindia,1n66vdc,2025-09,nby0x8a,DioTheSuperiorWaifu,False,,True,4.0,False,7,1756779023,0,2266.4,114273.0,213362.0,True
unitedstatesofindia,1nj4s06,2025-09,nenqdb3,H0ll0w_man,True,1.0,True,4.0,False,471,1758088330,0,320.3,1207.0,3907.0,True
unitedstatesofindia,1nj4s06,2025-09,nenqbar,kittidioting,True,2.0,True,3.0,False,338,1758088301,0,405.8,31605.0,8319.0,True
unitedstatesofindia,1nj4s06,2025-09,nenq7b5,Comfortable-Spite328,True,3.0,True,2.0,False,173,1758088244,0,1618.4,1619.0,7872.0,True
unitedstatesofindia,1nj4s06,2025-09,nenqeyo,Chuckled_,True,4.0,True,5.0,False,144,1758088353,0,2075.8,77269.0,12415.0,True
unitedstatesofindia,1nj4s06,2025-09,nenrnxs,xoogl3,True,5.0,False,,False,117,1758089028,0,4941.3,4480.0,80003.0,True
unitedstatesofindia,1nj4s06,2025-09,nenvzd0,itsVinay,True,6.0,False,,False,63,1758091451,0,3022.9,97016.0,71663.0,True
unitedstatesofindia,1nj4s06,2025-09,nenv50a,find_a_rare_uuid,True,7.0,False,,False,53,1758090970,0,670.7,41615.0,202686.0,True
unitedstatesofindia,1nj4s06,2025-09,nenukk5,Glass_Salad_404,True,8.0,False,,False,51,1758090650,0,1076.5,3675.0,29999.0,True
unitedstatesofindia,1nj4s06,2025-09,nenr7rb,JithendraChunduru,True,10.0,False,,False,36,1758088781,0,1432.0,49.0,5509.0,True
unitedstatesofindia,1nj4s06,2025-09,nenpu9t,FuckYouAndroidUsers,True,9.0,True,1.0,False,37,1758088054,0,1769.5,525.0,2136.0,True
unitedstatesofindia,1nctmh6,2025-09,ndbsxey,Head_Opportunity2651,True,1.0,True,2.0,False,842,1757449268,0,,,,
unitedstatesofindia,1nctmh6,2025-09,ndbzna9,JackedAndLeveraged,True,2.0,False,,False,240,1757451155,0,,,,
unitedstatesofindia,1nctmh6,2025-09,ndbsjo5,AmazingSweden-1,True,3.0,True,1.0,False,138,1757449162,0,1975.6,43.0,3446.0,True
unitedstatesofindia,1nctmh6,2025-09,ndbwd8t,Shalomzoe,True,4.0,True,3.0,False,136,1757450232,0,901.9,49.0,3407.0,True
unitedstatesofindia,1nctmh6,2025-09,ndcu409,gumnamaadmi,True,5.0,False,,False,117,1757461015,0,991.5,56.0,29910.0,True
unitedstatesofindia,1nctmh6,2025-09,ndcwfhg,AppearanceAsleep1888,True,6.0,False,,False,111,1757461810,0,436.4,1.0,2666.0,False
unitedstatesofindia,1nctmh6,2025-09,ndc1131,alreadypicked,True,7.0,False,,False,103,1757451557,0,2074.8,49.0,3532.0,True
unitedstatesofindia,1nctmh6,2025-09,nddeo0z,Ok-Procedure-1272,True,8.0,False,,False,67,1757468157,0,832.1,208.0,11624.0,True
unitedstatesofindia,1nctmh6,2025-09,ndbxqv9,CompoteMelodic981,True,9.0,True,5.0,False,60,1757450621,0,410.3,1944.0,31509.0,False
unitedstatesofindia,1nctmh6,2025-09,ndc21yl,AssociationReal1613,True,10.0,False,,False,43,1757451860,0,,,,
unitedstatesofindia,1nctmh6,2025-09,ndbwqik,sc1onic,False,,True,4.0,False,20,1757450337,0,3420.3,12819.0,142393.0,True
unitedstatesofindia,1na6fht,2025-09,ncrqyj9,Key_Seaworthiness_18,True,1.0,True,2.0,False,364,1757182258,0,1935.2,4136.0,5231.0,True
unitedstatesofindia,1na6fht,2025-09,ncrt3l4,Head_Opportunity2651,True,2.0,False,,False,112,1757182891,0,,,,
unitedstatesofindia,1na6fht,2025-09,ncrrwqk,New_Ad_8571,True,3.0,True,4.0,False,94,1757182537,0,1776.7,8968.0,5747.0,True
unitedstatesofindia,1na6fht,2025-09,ncrqn3g,Aggravating-Moose748,True,4.0,True,1.0,False,85,1757182163,0,1027.1,247.0,40072.0,True
unitedstatesofindia,1na6fht,2025-09,ncrssik,RachIsWoe,True,5.0,True,5.0,False,67,1757182800,0,,,,
unitedstatesofindia,1na6fht,2025-09,ncssiq0,Jjonathan07,True,6.0,False,,False,42,1757193874,0,2228.0,1.0,4564.0,True
unitedstatesofindia,1na6fht,2025-09,ncrr4fl,sre_ejith,True,7.0,True,3.0,True,11,1757182306,0,2625.2,33207.0,21359.0,True
unitedstatesofindia,1na6fht,2025-09,ncrye65,wittysneak,True,8.0,False,,False,9,1757184483,0,1106.7,1902.0,1406.0,True
unitedstatesofindia,1na6fht,2025-09,ncs89fu,hidden_kid,True,9.0,False,,False,9,1757187540,0,2399.6,2312.0,42462.0,False
unitedstatesofindia,1na6fht,2025-09,ncsjbw8,find_a_rare_uuid,True,10.0,False,,False,6,1757190980,0,670.7,41615.0,202686.0,True
unitedstatesofindia,1nqy11l,2025-09,ngaa0fl,chauhan1234567,True,1.0,False,,False,415,1758884417,0,2289.4,1.0,16226.0,True
unitedstatesofindia,1nqy11l,2025-09,ngacaf8,charavaka,True,2.0,False,,False,140,1758885449,0,4757.7,21708.0,585358.0,True
unitedstatesofindia,1nqy11l,2025-09,nga9cd6,find_a_rare_uuid,True,3.0,True,4.0,False,110,1758884108,0,670.7,41615.0,202686.0,True
unitedstatesofindia,1nqy11l,2025-09,nga8t9p,rishianand,True,4.0,True,1.0,False,80,1758883859,0,4017.0,204299.0,87281.0,True
unitedstatesofindia,1nqy11l,2025-09,nga9wbi,Casual_Scroller_00,True,5.0,False,,False,61,1758884365,0,883.1,830.0,85181.0,True
unitedstatesofindia,1nqy11l,2025-09,nga98gj,Termux_Simp,True,6.0,True,3.0,False,41,1758884056,0,536.8,4.0,1379.0,True
unitedstatesofindia,1nqy11l,2025-09,ngabxnp,Adorable-Sky-2520,True,7.0,False,,False,37,1758885291,0,282.1,145.0,5177.0,False
unitedstatesofindia,1nqy11l,2025-09,nga9fd2,Bake2727,True,9.0,True,5.0,False,25,1758884147,0,769.8,12.0,175653.0,True
unitedstatesofindia,1nqy11l,2025-09,ngad56t,Glad_Investigator474,True,8.0,False,,False,27,1758885825,0,,,,
unitedstatesofindia,1nqy11l,2025-09,nga97un,Which_Appointment450,True,10.0,True,2.0,False,13,1758884048,0,1276.0,946.0,17219.0,True
unitedstatesofindia,1nu1p8j,2025-09,ngy0lyt,aveihs56m,True,1.0,True,1.0,False,269,1759201171,0,295.9,1445.0,22181.0,True
unitedstatesofindia,1nu1p8j,2025-09,ngy1396,Morningdew-,True,2.0,True,3.0,False,186,1759201361,0,945.6,1255.0,4796.0,False
unitedstatesofindia,1nu1p8j,2025-09,ngy3p3i,VKarm,True,3.0,True,4.0,False,116,1759202415,0,648.9,312.0,2218.0,True
unitedstatesofindia,1nu1p8j,2025-09,ngy7173,dranchomed,True,4.0,False,,False,78,1759203851,0,1106.8,177.0,706.0,True
unitedstatesofindia,1nu1p8j,2025-09,ngy0oqs,potato_troop,True,5.0,True,2.0,False,60,1759201201,0,653.3,1610.0,1286.0,True
unitedstatesofindia,1nu1p8j,2025-09,ngy6nei,volatra,True,6.0,True,5.0,False,45,1759203684,0,2174.6,137.0,1353.0,True
unitedstatesofindia,1nu1p8j,2025-09,ngyb7pp,Overall-Resolve-3807,True,7.0,False,,False,27,1759205733,0,1095.3,32.0,14173.0,True
unitedstatesofindia,1nu1p8j,2025-09,ngyc5i8,blaster1988,True,8.0,False,,False,19,1759206177,0,,,,
unitedstatesofindia,1nu1p8j,2025-09,ngyd1xc,Obnoxious_ogre,True,9.0,False,,False,8,1759206606,0,4581.8,9511.0,5328.0,True
unitedstatesofindia,1nu1p8j,2025-09,ngydq9u,hl2dumbass,True,10.0,False,,False,7,1759206936,0,2291.5,64.0,10036.0,True
unitedstatesofindia,1nomabz,2025-09,nfsogq4,Old_Leadership_8899,True,1.0,True,4.0,False,515,1758646431,0,790.0,1.0,6430.0,True
unitedstatesofindia,1nomabz,2025-09,nfslcp8,prof_devilsadvocate3,True,2.0,True,1.0,False,219,1758645550,0,509.2,13664.0,96411.0,True
unitedstatesofindia,1nomabz,2025-09,nfsnmrq,DustyAsh69,True,3.0,True,2.0,False,154,1758646203,0,1316.9,3343.0,109199.0,True
unitedstatesofindia,1nomabz,2025-09,nfsog7x,DeRangedRykeR,True,4.0,True,3.0,False,143,1758646427,0,2053.2,143.0,10989.0,True
unitedstatesofindia,1nomabz,2025-09,nft746t,Blockhunters44,True,5.0,False,,False,46,1758651658,0,1616.6,8.0,2791.0,True
unitedstatesofindia,1nomabz,2025-09,nfsv0jx,smartharty7,True,6.0,False,,False,27,1758648248,0,,,,
unitedstatesofindia,1nomabz,2025-09,nfsv4n5,LordCommanderKIA,True,7.0,False,,False,21,1758648279,0,,,,
unitedstatesofindia,1nomabz,2025-09,nfssg6k,Puzzleheaded_Dust197,True,8.0,False,,False,18,1758647536,0,703.6,3629.0,1338.0,False
unitedstatesofindia,1nomabz,2025-09,nfsqinq,CaptainGuts69,True,9.0,False,,False,14,1758646996,0,1645.8,6.0,6872.0,True
unitedstatesofindia,1nomabz,2025-09,nfsqfaq,Chaiwala_69_,True,10.0,True,5.0,False,13,1758646971,0,563.1,15.0,2527.0,True
unitedstatesofindia,1n7m732,2025-09,nc8i3fu,Left_Membership2780,True,1.0,True,1.0,False,352,1756923668,0,2039.7,4541.0,23820.0,True
unitedstatesofindia,1n7m732,2025-09,nc8jikn,Kiteretsu_miyoko,True,2.0,True,2.0,False,223,1756924085,0,341.8,99.0,16179.0,True
unitedstatesofindia,1n7m732,2025-09,nc8vx9o,RachIsWoe,True,3.0,True,4.0,False,55,1756927702,0,,,,
unitedstatesofindia,1n7m732,2025-09,nc8rwpc,pm_me_your_target,True,4.0,True,3.0,False,53,1756926535,0,2594.3,18018.0,37051.0,True
unitedstatesofindia,1n7m732,2025-09,nc9l7ra,OldOneHadMyNameInIt,True,5.0,True,5.0,False,34,1756935064,0,3819.9,14401.0,8651.0,True
unitedstatesofindia,1n7m732,2025-09,ncbbs61,Idiotsofblr,True,7.0,False,,False,21,1756957223,0,1387.2,2557.0,13970.0,True
unitedstatesofindia,1n7m732,2025-09,ncbcgyj,thankred,True,6.0,False,,False,22,1756957519,0,3060.2,1192.0,4599.0,True
unitedstatesofindia,1n7m732,2025-09,ncbqwcq,baddadjokesminusdad,True,8.0,False,,False,13,1756964478,0,2020.4,2.0,245647.0,True
unitedstatesofindia,1n7m732,2025-09,ncbjuy3,thegame468,True,9.0,False,,False,5,1756960888,0,2233.7,5.0,893.0,True
unitedstatesofindia,1n7m732,2025-09,ncbrqrd,Stx136A,True,10.0,False,,False,4,1756964928,0,1037.6,310.0,5129.0,False
unitedstatesofindia,1njcb86,2025-09,nepc5tz,Parking-Net-9334,True,1.0,True,1.0,False,160,1758116400,0,1354.9,1776.0,3725.0,True
unitedstatesofindia,1njcb86,2025-09,nepyk0m,No-Sundae-3158,True,2.0,True,3.0,False,85,1758123133,0,1972.0,4706.0,985.0,True
unitedstatesofindia,1njcb86,2025-09,neq76b1,spirit101_gg,True,3.0,True,4.0,False,65,1758125605,0,1171.5,11724.0,16285.0,True
unitedstatesofindia,1njcb86,2025-09,nepebsb,RogueConscious,True,4.0,True,2.0,False,33,1758117089,0,911.2,135.0,19156.0,True
unitedstatesofindia,1njcb86,2025-09,ner2lac,YudhisthiraMaharaaju,True,5.0,False,,False,14,1758134533,0,364.0,150.0,4512.0,True
unitedstatesofindia,1njcb86,2025-09,ner6w30,B7TMANN,True,6.0,False,,False,6,1758135767,0,755.4,17872.0,28873.0,True
unitedstatesofindia,1njcb86,2025-09,nethzpi,Medium-Dot-9906,True,7.0,False,,False,5,1758162384,0,624.0,154.0,1842.0,True
unitedstatesofindia,1njcb86,2025-09,netm3hz,Feisty_Reason_6288,True,8.0,False,,False,4,1758163919,0,656.2,21.0,14905.0,False
unitedstatesofindia,1njcb86,2025-09,neqw422,strangerr45,True,9.0,False,,False,3,1758132647,0,3021.6,391.0,2975.0,True
unitedstatesofindia,1njcb86,2025-09,neu7843,Adorable-Sky-2520,True,10.0,False,,False,3,1758173286,0,282.1,145.0,5177.0,False
unitedstatesofindia,1njcb86,2025-09,neq94yt,Aggressive_Ad_9173,False,,True,5.0,False,1,1758126170,0,1929.5,345.0,4188.0,True
unitedstatesofindia,1npchx0,2025-09,nfy712k,superpowerpinger,True,1.0,False,,False,391,1758722618,0,5543.2,33818.0,46613.0,True
unitedstatesofindia,1npchx0,2025-09,nfy8wll,Head_Opportunity2651,True,2.0,False,,False,302,1758723193,0,,,,
unitedstatesofindia,1npchx0,2025-09,nfy3ohw,Head_Opportunity2651,True,3.0,True,1.0,False,238,1758721571,0,,,,
unitedstatesofindia,1npchx0,2025-09,nfy5pfh,moonrabbit0,True,4.0,True,5.0,False,185,1758722210,0,468.9,11.0,538.0,True
unitedstatesofindia,1npchx0,2025-09,nfyg8y6,False-Strategy9947,True,5.0,False,,False,101,1758725392,0,1691.2,835.0,2648.0,True
unitedstatesofindia,1npchx0,2025-09,nfy536f,Beneficial_You_5978,True,6.0,True,3.0,False,51,1758722019,0,794.5,9894.0,45729.0,True
unitedstatesofindia,1npchx0,2025-09,nfyxhrb,i_am_really_b0red,True,7.0,False,,False,30,1758730357,0,1167.0,2997.0,16075.0,True
unitedstatesofindia,1npchx0,2025-09,nfy5598,ProudKhmer,True,8.0,True,4.0,False,29,1758722037,0,,,,
unitedstatesofindia,1npchx0,2025-09,nfy7hld,Minimum-Ad9514,True,10.0,False,,False,21,1758722759,0,393.9,548.0,7518.0,True
unitedstatesofindia,1npchx0,2025-09,nfy4z7e,Law_Err,True,9.0,True,2.0,False,23,1758721984,0,1979.3,12.0,2360.0,True
IndianStreetBets,1ngjtl0,2025-09,ne4jnzt,invictus2695,True,1.0,True,1.0,False,107,1757831849,0,,,,
IndianStreetBets,1ngjtl0,2025-09,ne4o0us,PassionSpecialist152,True,2.0,True,3.0,False,71,1757834226,0,316.2,1424.0,676.0,True
IndianStreetBets,1ngjtl0,2025-09,ne4slv7,SaracasticByte,True,3.0,False,,False,46,1757836829,0,780.1,540.0,70806.0,True
IndianStreetBets,1ngjtl0,2025-09,ne4mq06,Unbeautiful_Nothing,True,4.0,True,2.0,False,10,1757833498,0,,,,
IndianStreetBets,1ngjtl0,2025-09,ne4swg1,Mysterious_Elk7571,True,6.0,False,,False,6,1757836991,0,307.5,285.0,450.0,True
IndianStreetBets,1ngjtl0,2025-09,ne4v6x3,sith_play_quidditch,True,5.0,False,,False,8,1757838277,0,3480.3,1386.0,26292.0,False
IndianStreetBets,1ngjtl0,2025-09,ne4ohh2,IhateCommiess,True,7.0,True,4.0,False,5,1757834488,0,747.1,4961.0,9575.0,True
IndianStreetBets,1ngjtl0,2025-09,ne4sidq,abcxyzyt1_at_gmail,True,8.0,True,5.0,False,2,1757836775,0,,,,
IndianStreetBets,1ngjtl0,2025-09,ne4t2c6,AnyArcher252,True,9.0,False,,False,2,1757837083,0,1209.2,737.0,6229.0,True
IndianStreetBets,1ngjtl0,2025-09,ne4xa3j,Hate-Reddit-3098,True,10.0,False,,False,1,1757839473,0,,,,
IndianStreetBets,1n92qa5,2025-09,ncjg626,Adorable-Jackfruit86,True,1.0,True,4.0,False,626,1757072614,0,1390.6,25.0,10932.0,True
IndianStreetBets,1n92qa5,2025-09,ncjgwgq,jadenalvin,True,2.0,False,,False,392,1757072911,0,4012.0,11090.0,8737.0,True
IndianStreetBets,1n92qa5,2025-09,ncjicvo,DilliKaLadka,True,3.0,False,,False,296,1757073498,0,2963.8,2857.0,190774.0,True
IndianStreetBets,1n92qa5,2025-09,ncjf59m,KSK_GAMING,True,4.0,True,1.0,False,272,1757072188,0,1753.0,1619.0,45254.0,True
IndianStreetBets,1n92qa5,2025-09,ncjh1yo,MindParty1591,True,5.0,False,,False,216,1757072972,0,1946.5,1074.0,5420.0,True
IndianStreetBets,1n92qa5,2025-09,ncjlbu9,vyomafc,True,6.0,False,,False,118,1757074666,0,3833.3,707.0,62678.0,True
IndianStreetBets,1n92qa5,2025-09,ncjg9hm,I_love_my_life80,True,7.0,True,5.0,False,48,1757072652,0,813.4,18755.0,82706.0,True
IndianStreetBets,1n92qa5,2025-09,ncjf7tn,PopularRabbit007,True,8.0,True,2.0,False,27,1757072218,0,1342.5,461.0,31540.0,True
IndianStreetBets,1n92qa5,2025-09,ncjywop,Neat_Entrepreneur238,True,9.0,False,,False,19,1757079341,0,568.9,286.0,699.0,True
IndianStreetBets,1n92qa5,2025-09,ncjg5si,esteppan89,True,10.0,True,3.0,False,16,1757072611,0,1861.8,150.0,24083.0,True
IndianStreetBets,1n5ovg9,2025-09,nbu46f3,o-0u0-o,True,1.0,False,,False,1247,1756734221,0,,,,
IndianStreetBets,1n5ovg9,2025-09,nbu3if8,Dr-Question,True,2.0,True,2.0,False,446,1756733998,0,3046.8,238.0,6269.0,True
IndianStreetBets,1n5ovg9,2025-09,nbu4vwp,SnooConfections5816,True,3.0,False,,False,225,1756734455,0,2072.1,9722.0,36586.0,True
IndianStreetBets,1n5ovg9,2025-09,nbu42vz,GlitteringNinja5,True,4.0,True,5.0,False,173,1756734188,0,2209.2,467.0,122769.0,True
IndianStreetBets,1n5ovg9,2025-09,nbu4epm,5Doublu,True,5.0,False,,False,84,1756734297,0,911.9,858.0,18995.0,True
IndianStreetBets,1n5ovg9,2025-09,nbu42tk,HistoricalAd1010,True,6.0,True,4.0,False,74,1756734187,0,1655.2,6069.0,2693.0,True
IndianStreetBets,1n5ovg9,2025-09,nbu3b3u,overallpersonality8,True,7.0,True,1.0,False,73,1756733930,0,898.4,2212.0,23851.0,True
IndianStreetBets,1n5ovg9,2025-09,nbu41rw,ParryHotter369,True,8.0,True,3.0,False,28,1756734178,0,746.1,8026.0,17332.0,True
IndianStreetBets,1n5ovg9,2025-09,nbu4x4i,Arlysion,True,9.0,False,,False,26,1756734466,0,2285.9,468.0,20171.0,True
IndianStreetBets,1n5ovg9,2025-09,nbu635j,karan65,True,10.0,False,,False,17,1756734848,0,3367.0,5825.0,10401.0,True
IndianStreetBets,1nhbo7s,2025-09,neaibwa,Ill_Cucumber_5067,True,1.0,True,4.0,False,962,1757909180,0,2096.8,379.0,1720.0,True
IndianStreetBets,1nhbo7s,2025-09,neaj44q,SubstantialAct4212,True,2.0,False,,False,233,1757909547,0,804.3,960.0,100385.0,False
IndianStreetBets,1nhbo7s,2025-09,neagoua,Xiao891,True,3.0,True,1.0,False,121,1757908433,0,1052.1,78.0,8430.0,True
IndianStreetBets,1nhbo7s,2025-09,neah64p,Rakeshtrades,True,4.0,True,3.0,False,118,1757908648,0,269.4,197.0,131.0,True
IndianStreetBets,1nhbo7s,2025-09,neajk32,Impossible-Gur-9803,True,5.0,False,,False,49,1757909757,0,498.1,204.0,42911.0,True
IndianStreetBets,1nhbo7s,2025-09,nean0kf,vadakkus,True,6.0,False,,False,38,1757911455,0,5370.9,1099.0,11893.0,True
IndianStreetBets,1nhbo7s,2025-09,neaieii,DistinctJury9153,True,8.0,True,5.0,False,29,1757909213,0,1228.4,24.0,338.0,True
IndianStreetBets,1nhbo7s,2025-09,neakb6x,psydelicdaydreamer,True,7.0,False,,False,30,1757910117,0,3193.2,2096.0,13851.0,True
IndianStreetBets,1nhbo7s,2025-09,neaif1s,SierraBravoLima,True,9.0,False,,False,12,1757909220,0,1740.1,78134.0,109645.0,True
IndianStreetBets,1nhbo7s,2025-09,neamlo0,itachi_cl,True,10.0,False,,False,4,1757911248,0,2213.7,52.0,50.0,True
IndianStreetBets,1nhbo7s,2025-09,neagppb,Hairy_Grapefruit_614,False,,True,2.0,False,2,1757908444,0,1949.3,671.0,16576.0,True
IndianStreetBets,1naidic,2025-09,ncufvwv,Homelandr,True,1.0,True,2.0,False,364,1757215311,0,2370.7,337.0,68762.0,True
IndianStreetBets,1naidic,2025-09,ncuj4vy,PointySalt,True,2.0,True,3.0,False,113,1757216712,0,1751.0,20393.0,23078.0,True
IndianStreetBets,1naidic,2025-09,ncukejt,dontstealmydinner,True,3.0,True,4.0,False,54,1757217274,0,2378.5,1240.0,89191.0,True
IndianStreetBets,1naidic,2025-09,ncunhd7,Godsenttt,True,4.0,False,,False,50,1757218658,0,2016.1,14620.0,91514.0,True
IndianStreetBets,1naidic,2025-09,ncufbbh,TheJigglypuff23,True,5.0,True,1.0,False,19,1757215071,0,273.7,1138.0,29792.0,True
IndianStreetBets,1naidic,2025-09,nculg8b,peppermanfries,True,6.0,True,5.0,False,11,1757217738,0,2387.9,50.0,22240.0,False
IndianStreetBets,1naidic,2025-09,ncuyo3s,Tangent_pikachu,True,7.0,False,,False,8,1757224270,0,283.3,178.0,8385.0,True
IndianStreetBets,1naidic,2025-09,ncupkiv,Dante__fTw,True,8.0,False,,False,7,1757219635,0,,,,
IndianStreetBets,1naidic,2025-09,ncv113t,OwnBird4876,True,9.0,False,,False,3,1757225539,0,544.1,6545.0,4875.0,True
IndianStreetBets,1naidic,2025-09,ncuz0cb,Western-Guy,True,10.0,False,,False,3,1757224452,0,2321.0,25884.0,108822.0,True
IndianStreetBets,1nqpzst,2025-09,ng8ouod,Huge-Physics5491,True,1.0,True,1.0,False,1142,1758854671,0,1556.2,21292.0,285368.0,True
IndianStreetBets,1nqpzst,2025-09,ng8p8f7,ExplorerUseful1941,True,2.0,True,2.0,False,691,1758854817,0,784.5,75.0,2782.0,True
IndianStreetBets,1nqpzst,2025-09,ng8pz2a,iamwolley,True,3.0,True,3.0,False,114,1758855093,0,2606.1,1763.0,501.0,True
IndianStreetBets,1nqpzst,2025-09,ng8sn3z,omegakronicle,True,4.0,False,,False,103,1758856145,0,2538.9,535.0,13843.0,True
IndianStreetBets,1nqpzst,2025-09,ng8sw62,Srihari_stan,True,5.0,False,,False,49,1758856244,0,1440.0,542200.0,73002.0,True
IndianStreetBets,1nqpzst,2025-09,ng8qf56,Competitive_Sky_4513,True,6.0,True,4.0,False,29,1758855268,0,699.0,55.0,11962.0,True
IndianStreetBets,1nqpzst,2025-09,ng8rn3z,Glum-Sympathy8715,True,7.0,True,5.0,False,22,1758855745,0,1988.5,137.0,1802.0,True
IndianStreetBets,1nqpzst,2025-09,ng91bhi,Candid_Assistance935,True,8.0,False,,False,12,1758859866,0,1343.2,4602.0,34820.0,True
IndianStreetBets,1nqpzst,2025-09,ng8tr5o,Mahameghabahana,True,9.0,False,,False,10,1758856583,0,,,,
IndianStreetBets,1nqpzst,2025-09,ng8stk8,Revolutionary-Ad9383,True,10.0,False,,False,8,1758856215,0,2172.8,1073.0,29938.0,True
IndianStreetBets,1nlw019,2025-09,nf8fvha,sdssen,True,1.0,True,5.0,False,688,1758370370,0,2527.9,732.0,7283.0,True
IndianStreetBets,1nlw019,2025-09,nf8ifh7,mortyfiedr1ck,True,2.0,False,,False,379,1758371424,0,1273.8,106.0,2544.0,True
IndianStreetBets,1nlw019,2025-09,nf977w4,meerlot,True,3.0,False,,False,274,1758379795,0,3400.9,100.0,21586.0,True
IndianStreetBets,1nlw019,2025-09,nf8f3ic,psychicsoul123,True,4.0,True,3.0,False,226,1758370045,0,1411.1,1555.0,16114.0,True
IndianStreetBets,1nlw019,2025-09,nf8e1v1,shangriLaaaaaaa,True,5.0,True,2.0,False,214,1758369607,0,943.2,13887.0,26909.0,True
IndianStreetBets,1nlw019,2025-09,nf8fdfa,Professional-Bag6686,True,6.0,True,4.0,False,82,1758370161,0,2118.9,38.0,3034.0,True
IndianStreetBets,1nlw019,2025-09,nf8n0os,rddesai91,True,7.0,False,,False,29,1758373181,0,1506.3,49.0,1788.0,True
IndianStreetBets,1nlw019,2025-09,nf8gpv6,gauravbais,True,8.0,False,,False,28,1758370720,0,638.7,38.0,3821.0,True
IndianStreetBets,1nlw019,2025-09,nf8hf6k,KanonKaBadla,True,9.0,False,,False,24,1758371008,0,653.1,1050.0,20014.0,True
IndianStreetBets,1nlw019,2025-09,nf8cypk,Professor_Moraiarkar,True,10.0,True,1.0,False,23,1758369138,0,741.2,50111.0,58333.0,True
IndianStreetBets,1ngy7ib,2025-09,ne7k7ap,InfluenceBorn4336,True,1.0,False,,False,222,1757874058,0,557.7,1.0,326.0,True
IndianStreetBets,1ngy7ib,2025-09,ne7iofe,Himankshu,True,2.0,True,4.0,False,176,1757873636,0,849.3,431.0,1637.0,True
IndianStreetBets,1ngy7ib,2025-09,ne7gmml,ymcd,True,3.0,True,1.0,False,159,1757873080,0,4003.2,2632.0,65130.0,False
IndianStreetBets,1ngy7ib,2025-09,ne7hloa,lifesahihai_,True,4.0,True,2.0,False,37,1757873340,0,2860.0,2063.0,1682.0,True
IndianStreetBets,1ngy7ib,2025-09,ne7iw01,Suspicious-Lemon-350,True,5.0,True,5.0,False,26,1757873694,0,309.2,1.0,991.0,True
IndianStreetBets,1ngy7ib,2025-09,ne7j9n7,Lightrk,True,6.0,False,,False,15,1757873798,0,1578.8,177.0,1389.0,True
IndianStreetBets,1ngy7ib,2025-09,ne9cm28,ElevenP0int11,True,7.0,False,,False,13,1757893404,0,,,,
IndianStreetBets,1ngy7ib,2025-09,ne7p28z,51837,True,8.0,False,,False,9,1757875435,0,2898.8,13141.0,105320.0,True
IndianStreetBets,1ngy7ib,2025-09,neajulz,yo-caesar,True,9.0,False,,False,5,1757909897,0,662.8,6550.0,4956.0,True
IndianStreetBets,1ngy7ib,2025-09,ne7hv97,Electrical-Try-7583,False,,True,3.0,False,4,1757873412,0,585.0,118.0,2642.0,True
IndianStreetBets,1ngy7ib,2025-09,ne7ouz1,Rakeshtrades,True,10.0,False,,False,5,1757875378,0,269.4,197.0,131.0,True
IndianStreetBets,1n9qwj5,2025-09,ncor0ex,jok3r_93i,True,1.0,False,,False,520,1757136596,0,2262.4,90.0,13452.0,True
IndianStreetBets,1n9qwj5,2025-09,nconyn4,mohitlataami,True,2.0,True,1.0,False,311,1757135067,0,3004.4,561.0,11550.0,True
IndianStreetBets,1n9qwj5,2025-09,ncowjfx,Odd_Explanation3246,True,3.0,False,,False,79,1757139584,0,1839.4,30764.0,76663.0,True
IndianStreetBets,1n9qwj5,2025-09,ncoptys,lonelyCobra,True,4.0,True,4.0,False,75,1757135999,0,2079.8,307.0,13321.0,False
IndianStreetBets,1n9qwj5,2025-09,ncorx5d,Own-Librarian-8625,True,5.0,False,,False,61,1757137067,0,1030.7,25.0,2198.0,True
IndianStreetBets,1n9qwj5,2025-09,ncooeaw,CozyAbode,True,6.0,True,2.0,False,39,1757135282,0,888.2,936.0,541.0,True
IndianStreetBets,1n9qwj5,2025-09,ncouqlq,yoo_si_jin,True,7.0,False,,False,23,1757138601,0,,,,
IndianStreetBets,1n9qwj5,2025-09,ncoq59l,Negative-Elephant-29,True,8.0,True,5.0,False,21,1757136157,0,1812.5,4694.0,18685.0,True
IndianStreetBets,1n9qwj5,2025-09,ncopn8y,Immediate-Humor-6077,True,9.0,True,3.0,False,20,1757135906,0,1564.1,66967.0,31343.0,True
IndianStreetBets,1n9qwj5,2025-09,ncot20w,TheWillowRook,True,10.0,False,,False,14,1757137674,0,2061.3,274.0,3263.0,True
IndianStreetBets,1ngnlnl,2025-09,ne5bzpd,4alvish,True,1.0,True,1.0,False,643,1757848037,0,4582.9,32415.0,33758.0,True
IndianStreetBets,1ngnlnl,2025-09,ne5mcds,psychicsoul123,True,2.0,True,5.0,False,255,1757852820,0,1411.1,1555.0,16114.0,True
IndianStreetBets,1ngnlnl,2025-09,ne5v2xg,kalph09,True,3.0,False,,False,133,1757856185,0,868.1,41.0,321.0,True
IndianStreetBets,1ngnlnl,2025-09,ne5l76p,bhanu899,True,4.0,True,4.0,False,93,1757852342,0,3122.0,1427.0,8539.0,True
IndianStreetBets,1ngnlnl,2025-09,ne5d97q,resistantBacteria,True,5.0,True,2.0,False,74,1757848689,0,2245.2,1983.0,2249.0,True
IndianStreetBets,1ngnlnl,2025-09,ne5h9a3,stoikrus1,True,6.0,True,3.0,False,57,1757850624,0,4972.9,38006.0,33003.0,True
IndianStreetBets,1ngnlnl,2025-09,ne5w60i,dhavalcoholic,True,7.0,False,,False,18,1757856563,0,4854.8,5359.0,25999.0,True
IndianStreetBets,1ngnlnl,2025-09,ne6zgob,Latter_Swimming_1009,True,8.0,False,,False,15,1757868476,0,1632.2,539.0,4933.0,True
IndianStreetBets,1ngnlnl,2025-09,ne5pdci,Routine-Ambition-816,True,9.0,False,,False,10,1757854032,0,,,,
IndianStreetBets,1ngnlnl,2025-09,nea762w,dalalkeeda,True,10.0,False,,False,7,1757904531,0,1952.3,98.0,498.0,True
JEENEETards,1n9b3ol,2025-09,nclc755,Sufficient_Future_87,True,1.0,True,1.0,False,66,1757093776,0,579.0,17352.0,34903.0,True
JEENEETards,1n9b3ol,2025-09,ncnqfuq,Professional_Pay6109,True,3.0,True,2.0,False,27,1757121570,0,411.0,82.0,788.0,True
JEENEETards,1n9b3ol,2025-09,ncnwnme,RisyanthBalajiTN,True,2.0,True,3.0,False,28,1757123788,0,1608.1,4091.0,28318.0,True
JEENEETards,1n9b3ol,2025-09,ncplf0t,Shourya_Narayan,True,4.0,True,5.0,False,2,1757154382,0,411.3,1.0,12.0,True
JEENEETards,1n9b3ol,2025-09,ncpdyj0,Admirable-Leather325,True,5.0,True,4.0,False,1,1757149874,0,,,,
JEENEETards,1n9b3ol,2025-09,ncuuy58,pengisstillnottaken,True,6.0,False,,False,1,1757222303,0,274.7,3.0,2.0,True
JEENEETards,1n9b3ol,2025-09,ncw3o6e,Aditya_Kool,True,7.0,False,,False,1,1757246623,0,2221.8,135.0,3040.0,True
JEENEETards,1n9b3ol,2025-09,nd8r4yf,No-Reception4593,True,8.0,False,,False,1,1757415296,0,1408.1,1198.0,659.0,True
JEENEETards,1n9b3ol,2025-09,ndenbr4,United-Barber-6497,True,9.0,False,,False,1,1757488088,0,269.1,8.0,687.0,True
JEENEETards,1n9b3ol,2025-09,nd7yg0j,Tiny_Ring_9555,True,10.0,False,,False,0,1757398631,0,,,,
JEENEETards,1npj9s0,2025-09,nfznalc,North-Performance654,True,1.0,True,2.0,False,70,1758737731,0,1294.7,21.0,761.0,True
JEENEETards,1npj9s0,2025-09,nfzm8ls,Ghastly_King,True,2.0,True,1.0,False,62,1758737426,0,1317.7,2931.0,22682.0,True
JEENEETards,1npj9s0,2025-09,nfzrwgj,astounded_07,True,3.0,True,5.0,False,11,1758739080,0,1229.7,69.0,1051.0,True
JEENEETards,1npj9s0,2025-09,nfzspj2,1_FPS_PLAYER,True,4.0,False,,False,10,1758739316,0,,,,
JEENEETards,1npj9s0,2025-09,nfzqibe,Mammoth-Set335,True,5.0,True,4.0,False,7,1758738671,0,400.6,2563.0,5624.0,True
JEENEETards,1npj9s0,2025-09,nfzt89p,dbhdhdnn,True,6.0,False,,False,5,1758739469,0,396.8,3679.0,12433.0,True
JEENEETards,1npj9s0,2025-09,nfzt8gz,gaadiwaala,True,7.0,False,,False,5,1758739471,0,331.3,21.0,9398.0,True
JEENEETards,1npj9s0,2025-09,nfzolzv,mid_night_glitch,True,8.0,True,3.0,False,2,1758738115,0,302.9,478.0,325.0,True
JEENEETards,1nnowfy,2025-09,nfm0iv0,Shikhar_Cuber07,True,1.0,True,1.0,False,174,1758553802,0,261.7,31.0,1715.0,True
JEENEETards,1nnowfy,2025-09,nfm1qha,Prestigious_Trash734,True,2.0,True,2.0,False,91,1758554154,0,1574.1,1893.0,10755.0,True
JEENEETards,1nnowfy,2025-09,nfm41xy,1_FPS_PLAYER,True,3.0,True,3.0,False,26,1758554827,0,,,,
JEENEETards,1nnowfy,2025-09,nfnlss1,zoroskrx,True,4.0,False,,False,24,1758570742,0,1523.0,420.0,3441.0,True
JEENEETards,1nnowfy,2025-09,nfnb8gj,Ill_Midnight_1449,True,5.0,False,,False,14,1758567246,0,641.1,27618.0,19901.0,True
JEENEETards,1nnowfy,2025-09,nfmi72i,darkpoison756,True,6.0,False,,False,9,1758558902,0,278.1,417.0,510.0,True
JEENEETards,1nnowfy,2025-09,nfojud6,BusyLimit7,True,7.0,False,,False,3,1758582665,0,2227.4,2586.0,80076.0,True
JEENEETards,1nnowfy,2025-09,nfm6rah,IamSam1103,True,8.0,True,4.0,False,3,1758555608,0,2146.2,2069.0,162339.0,True
JEENEETards,1nnowfy,2025-09,nfpedwd,Informal_While6455,True,9.0,False,,False,3,1758594922,0,,,,
JEENEETards,1nnowfy,2025-09,nfpkip3,Ill-Fortune2981,True,10.0,False,,False,2,1758597481,0,346.8,1204.0,11526.0,False
JEENEETards,1nnowfy,2025-09,nfm6uzg,GrouchyAmbassador722,False,,True,5.0,False,1,1758555638,0,379.2,536.0,2938.0,False
JEENEETards,1ncnpte,2025-09,nddmk5r,Certain-Star-5245,True,1.0,True,4.0,False,38,1757470952,0,2045.9,2440.0,4065.0,True
JEENEETards,1ncnpte,2025-09,ndao7so,1_FPS_PLAYER,True,3.0,True,1.0,False,31,1757437742,0,,,,
JEENEETards,1ncnpte,2025-09,ndb9hi4,weeb_sexam,True,2.0,True,2.0,False,33,1757443748,0,670.0,82.0,1263.0,True
JEENEETards,1ncnpte,2025-09,ndey8bh,ducky_duck_251,True,4.0,True,5.0,False,5,1757494610,0,311.2,86.0,2707.0,True
JEENEETards,1ncnpte,2025-09,ndkz29t,Lonely_Ad_980,True,5.0,False,,False,4,1757566218,0,812.7,546.0,1399.0,True
JEENEETards,1ncnpte,2025-09,ndmnexe,Vaibhav_kr_Verma,True,6.0,False,,False,2,1757596045,0,268.0,106.0,69.0,True
JEENEETards,1ncnpte,2025-09,nddb8qq,l_FLASH_l,True,7.0,True,3.0,False,1,1757466961,0,1582.2,4194.0,12207.0,True
JEENEETards,1ncnpte,2025-09,ndkvs1m,Quiet_Technology488,True,8.0,False,,False,1,1757564725,0,1061.5,25547.0,3368.0,True
JEENEETards,1ncnpte,2025-09,ndmcrt9,Inner_Procedure1679,True,9.0,False,,False,1,1757592206,0,2130.3,2214.0,2183.0,True
JEENEETards,1ncnpte,2025-09,ndngad0,Aditya0879,True,10.0,False,,False,1,1757604879,0,329.5,1.0,0.0,False
JEENEETards,1n98uy2,2025-09,nco6dif,Ok_Researcher18,True,1.0,False,,False,64,1757127389,0,865.0,281.0,222.0,True
JEENEETards,1n98uy2,2025-09,ncl5dll,Mamechod,True,2.0,True,1.0,False,63,1757091812,0,703.4,67.0,393.0,False
JEENEETards,1n98uy2,2025-09,ncl7zs6,PrestigiousLie9708,True,3.0,True,2.0,False,49,1757092569,0,,,,
JEENEETards,1n98uy2,2025-09,nclb4y0,YogurtclosetMurky287,True,4.0,True,3.0,False,11,1757093471,0,416.7,1702.0,4822.0,True
JEENEETards,1n98uy2,2025-09,nclqbwf,SodaAshy,True,5.0,True,4.0,False,4,1757097955,0,986.8,15639.0,51283.0,True
JEENEETards,1n98uy2,2025-09,nclr10u,SquirrelInevitable33,True,6.0,True,5.0,False,2,1757098166,0,1720.3,1215.0,2711.0,True
JEENEETards,1n98uy2,2025-09,ncp8yct,TorqueSyntax,True,7.0,False,,False,2,1757146799,0,297.0,96.0,404.0,True
JEENEETards,1n98uy2,2025-09,ncluy2m,Anyone_pls_help_me,True,8.0,False,,False,1,1757099353,0,298.2,57.0,122.0,True
JEENEETards,1n98uy2,2025-09,ncs7uce,shitpostingslol,True,9.0,False,,False,1,1757187408,0,634.7,3.0,3201.0,True
JEENEETards,1n98uy2,2025-09,nd21oye,Rudios92,True,10.0,False,,False,1,1757323730,0,1987.0,765.0,2616.0,True
JEENEETards,1nu0iw1,2025-09,ngxry4x,drag0n_007,True,1.0,True,1.0,False,95,1759197923,0,1383.8,4410.0,4537.0,True
JEENEETards,1nu0iw1,2025-09,ngy0rx7,Depressed_0077,True,2.0,True,2.0,False,82,1759201236,0,891.8,20402.0,13193.0,True
JEENEETards,1nu0iw1,2025-09,ngyyq0m,Previous_Champion_78,True,3.0,False,,False,24,1759218476,0,522.9,5493.0,1406.0,True
JEENEETards,1nu0iw1,2025-09,ngy5h4h,Odd-Compote-6822,True,4.0,True,3.0,False,22,1759203174,0,369.6,22.0,612.0,True
JEENEETards,1nu0iw1,2025-09,ngz5hup,General_Jalal,True,5.0,False,,False,9,1759222662,0,1019.5,319.0,2140.0,True
JEENEETards,1nu0iw1,2025-09,ngy6e35,mist_dragoon786,True,6.0,True,4.0,False,8,1759203571,0,294.1,294.0,147.0,True
JEENEETards,1nu0iw1,2025-09,ngz2x3r,No_Flower6020,True,7.0,False,,False,3,1759221062,0,1027.5,4642.0,55854.0,True
JEENEETards,1nu0iw1,2025-09,ngyomzd,Hate-Reddit-3098,True,8.0,True,5.0,False,2,1759212631,0,,,,
JEENEETards,1nu0iw1,2025-09,ngytjrp,Sad-Butterfly915,True,9.0,False,,False,1,1759215391,0,882.6,1.0,636.0,True
JEENEETards,1nquue4,2025-09,ng9ou4g,i7qw,True,1.0,True,1.0,False,38,1758872413,0,390.7,503.0,1089.0,True
JEENEETards,1nquue4,2025-09,nga9607,hisashi-buridana,True,2.0,True,5.0,False,15,1758884024,0,279.0,1700.0,319.0,False
JEENEETards,1nquue4,2025-09,ng9skwc,Top_Habit1606,True,3.0,True,2.0,False,13,1758874684,0,1970.9,83.0,684.0,True
JEENEETards,1nquue4,2025-09,ng9x24e,Busty_Cat,True,4.0,True,4.0,False,7,1758877424,0,279.3,14.0,144.0,True
JEENEETards,1nquue4,2025-09,ngbga23,brutal7negansmith,True,5.0,False,,False,7,1758899071,0,,,,
JEENEETards,1nquue4,2025-09,ngfihte,Major_Secretary2295,True,6.0,False,,False,7,1758948560,0,256.1,19.0,224.0,True
JEENEETards,1nquue4,2025-09,ngg9kyf,Imaginary-Meal-5938,True,7.0,False,,False,6,1758963892,0,1318.7,226.0,2505.0,True
JEENEETards,1nquue4,2025-09,ng9usc3,Own_Opening4723,True,8.0,True,3.0,False,6,1758876044,0,867.0,39.0,50.0,True
JEENEETards,1nquue4,2025-09,ngc1ik5,chestermygoat,True,9.0,False,,False,4,1758905277,0,324.0,12469.0,5410.0,True
JEENEETards,1nquue4,2025-09,ngap2gg,elichi_in_biriyani,True,10.0,False,,False,3,1758890514,0,254.4,22698.0,9627.0,True
JEENEETards,1nhnosp,2025-09,necwd49,1_FPS_PLAYER,True,1.0,True,4.0,False,63,1757949014,0,,,,
JEENEETards,1nhnosp,2025-09,necuh7i,barber_paradox_1,True,2.0,True,1.0,False,34,1757948458,0,,,,
JEENEETards,1nhnosp,2025-09,necviyb,fearless7464,True,3.0,True,3.0,False,13,1757948768,0,1631.8,10636.0,7499.0,True
JEENEETards,1nhnosp,2025-09,necypby,Gremlin-Star-07,True,4.0,False,,False,12,1757949701,0,815.9,580.0,6384.0,False
JEENEETards,1nhnosp,2025-09,necybdk,your_clone7,True,5.0,False,,False,10,1757949586,0,1834.0,900.0,1041.0,True
JEENEETards,1nhnosp,2025-09,necumm3,Over-Log-7887,True,6.0,True,2.0,False,10,1757948502,0,1004.0,530.0,3728.0,True
JEENEETards,1nhnosp,2025-09,necx8xu,Del3teS,True,8.0,True,5.0,False,8,1757949273,0,1548.0,27.0,2662.0,True
JEENEETards,1nhnosp,2025-09,necxarx,BiscottiSpiritual826,True,7.0,False,,False,9,1757949289,0,778.3,6799.0,35999.0,True
JEENEETards,1nhnosp,2025-09,neemuw0,xthetic_01,True,9.0,False,,False,5,1757967136,0,1462.9,1661.0,4731.0,True
JEENEETards,1nhnosp,2025-09,ned7t8i,Crazy_Effect_5925,True,10.0,False,,False,3,1757952348,0,703.2,12.0,540.0,True
JEENEETards,1nndqzq,2025-09,nfju2dl,Optimal_Account_8496,True,1.0,True,2.0,False,75,1758518091,0,620.9,11.0,990.0,True
JEENEETards,1nndqzq,2025-09,nfjwxw5,No_Sprinkles_2990,True,2.0,False,,False,53,1758519645,0,610.1,54053.0,94276.0,True
JEENEETards,1nndqzq,2025-09,nfjv08h,Rolex_Relax,True,3.0,True,5.0,False,37,1758518596,0,575.8,79.0,1107.0,True
JEENEETards,1nndqzq,2025-09,nfju00k,KALIA_KEEDAinshortKK,True,4.0,True,1.0,False,25,1758518058,0,715.1,5282.0,35212.0,True
JEENEETards,1nndqzq,2025-09,nfjydfh,AnyWonder6258,True,5.0,False,,False,23,1758520424,0,393.8,1810.0,2692.0,True
JEENEETards,1nndqzq,2025-09,nfju9k5,Fuzzy_Art_3682,True,6.0,True,3.0,False,8,1758518198,0,378.7,663.0,3048.0,True
JEENEETards,1nndqzq,2025-09,nfk1u2p,BekaarInsaanButGood,True,7.0,False,,False,4,1758522344,0,271.9,1.0,103.0,True
JEENEETards,1nndqzq,2025-09,nfjvqmk,Aggressive_Effect_75,True,8.0,False,,False,2,1758518990,0,1560.4,1345.0,87.0,True
JEENEETards,1nndqzq,2025-09,nfjypgb,Gremlin-Star-07,True,9.0,False,,False,2,1758520610,0,815.9,580.0,6384.0,False
JEENEETards,1nndqzq,2025-09,nfk7yn2,imokaybrother,True,10.0,False,,False,2,1758525936,0,583.2,20879.0,2944.0,True
JEENEETards,1nndqzq,2025-09,nfjupyf,Total-Expert-8046,False,,True,4.0,False,-17,1758518442,0,,,,
JEENEETards,1n7bjb6,2025-09,nc69i2h,Chance-Resist-5580,True,1.0,True,3.0,False,507,1756898285,0,411.0,1673.0,9416.0,True
JEENEETards,1n7bjb6,2025-09,nc68ppi,ReductoHere,True,2.0,True,2.0,False,319,1756897936,0,276.0,21329.0,3710.0,True
JEENEETards,1n7bjb6,2025-09,nc69rng,Historical_You_8945,True,3.0,True,5.0,False,216,1756898403,0,,,,
JEENEETards,1n7bjb6,2025-09,nc6a6wl,Logical-Estimate-10,True,4.0,False,,False,116,1756898591,0,336.0,532.0,2764.0,False
JEENEETards,1n7bjb6,2025-09,nc6frif,NonAromatic_Romantic,True,5.0,False,,False,87,1756900885,0,299.2,15520.0,1981.0,True
JEENEETards,1n7bjb6,2025-09,nc66de7,Alternative-Run6485,True,6.0,True,1.0,False,68,1756896874,0,278.6,292.0,2165.0,True
JEENEETards,1n7bjb6,2025-09,nc6hrcw,ligand_,True,7.0,False,,False,19,1756901656,0,381.7,128.0,1935.0,False
JEENEETards,1n7bjb6,2025-09,nc69z9e,Character_Trash_9335,True,8.0,False,,False,17,1756898497,0,,,,
JEENEETards,1n7bjb6,2025-09,nc6gvky,khattiRabdi,True,9.0,False,,False,13,1756901318,0,382.5,3839.0,4040.0,True
JEENEETards,1n7bjb6,2025-09,nc69mkn,mera-khel-khtm,True,10.0,True,4.0,False,12,1756898341,0,362.6,17238.0,21276.0,False
ISRO,1nncbrn,2025-09,nfjka5p,Ohsin,True,1.0,True,1.0,True,24,1758513327,0,6317.2,136552.0,54412.0,True
ISRO,1nncbrn,2025-09,nfjwzsw,Doom_3302,True,2.0,True,3.0,False,18,1758519672,0,1483.5,4541.0,54381.0,True
ISRO,1nncbrn,2025-09,nfjlcng,Samarium_15,True,3.0,True,2.0,False,14,1758513815,0,1332.8,3855.0,50953.0,True
ISRO,1nncbrn,2025-09,nfq7nqf,Ohsin,True,4.0,True,4.0,True,1,1758610384,0,6317.2,136552.0,54412.0,True
ISRO,1n5pzpp,2025-09,nbud6do,Kimi_Raikkonen2001,True,1.0,True,1.0,False,5,1756737079,0,2312.0,27163.0,4120.0,True
ISRO,1n5pzpp,2025-09,nbv1hxh,eva01beast,True,2.0,True,3.0,False,3,1756744235,0,3664.1,39420.0,171432.0,False
ISRO,1n5pzpp,2025-09,nbutv5o,tihsrrah,True,3.0,True,2.0,False,3,1756742016,0,1150.4,2301.0,11264.0,True
ISRO,1n5pzpp,2025-09,nbv4lje,sku-mar-gop,True,4.0,True,4.0,False,2,1756745140,0,1659.4,176.0,15352.0,True
ISRO,1n5pzpp,2025-09,nc5oh7t,Top_Path3646,True,5.0,True,5.0,False,2,1756886786,0,1038.8,1.0,3273.0,True
ISRO,1n5pzpp,2025-09,nc64cln,Eternal_Alooboi,True,6.0,False,,False,2,1756895907,0,2368.9,834.0,51175.0,True
ISRO,1n5pzpp,2025-09,nc651mx,Decronym,True,7.0,False,,False,1,1756896250,0,3901.8,1.0,138989.0,False
ISRO,1np8xvv,2025-09,nfxx46v,ravi_ram,True,1.0,True,1.0,False,8,1758719415,0,2763.5,1755.0,2651.0,True
ISRO,1np8xvv,2025-09,ng4c3ez,PineappleSuch1326,True,2.0,True,2.0,False,3,1758805368,0,296.1,100.0,55.0,True
ISRO,1nqkbmd,2025-09,ng7gxyd,Ohsin,True,1.0,True,1.0,True,8,1758838756,0,6317.2,136552.0,54412.0,True
ISRO,1nl1tvr,2025-09,nf22xdf,Ohsin,True,1.0,True,1.0,True,11,1758283850,0,6317.2,136552.0,54412.0,True
ISRO,1npeay2,2025-09,nfykctb,Ohsin,True,1.0,True,1.0,False,13,1758726591,0,6317.2,136552.0,54412.0,True
ISRO,1npeay2,2025-09,nfz16fm,Symmetry_7,True,2.0,True,2.0,False,5,1758731416,0,890.0,27.0,149.0,True
ISRO,1npeay2,2025-09,ng28pq2,Symmetry_7,True,3.0,True,4.0,False,3,1758768339,0,890.0,27.0,149.0,True
ISRO,1npeay2,2025-09,nfztrm6,Decronym,True,4.0,True,3.0,False,2,1758739626,0,3901.8,1.0,138989.0,False
ISRO,1npeay2,2025-09,ng797wp,AwSomB,True,5.0,False,,False,2,1758836122,0,1060.6,67.0,25.0,True
ISRO,1npeay2,2025-09,ng76sg8,Kitchen-Window-7786,True,6.0,True,5.0,False,1,1758835351,0,647.2,297.0,425.0,True
ISRO,1ne3ijq,2025-09,ndlojfc,Ohsin,True,1.0,True,1.0,True,5,1757580015,0,6317.2,136552.0,54412.0,True
ISRO,1ne3ijq,2025-09,ndovdl6,amey1475,True,2.0,True,2.0,False,1,1757619487,0,1071.6,48.0,2170.0,True
ISRO,1ne3ijq,2025-09,nn2f6de,Ohsin,True,3.0,True,3.0,True,1,1762269579,0,6317.2,136552.0,54412.0,True
ISRO,1ne3ijq,2025-09,o9nv6gm,Ohsin,True,4.0,True,4.0,True,1,1773147900,0,6317.2,136552.0,54412.0,True
ISRO,1n5ro16,2025-09,nbvff60,Symmetry_7,True,1.0,True,3.0,False,6,1756748269,0,890.0,27.0,149.0,True
ISRO,1n5ro16,2025-09,nbuofk5,Ohsin,True,2.0,True,1.0,True,5,1756740423,0,6317.2,136552.0,54412.0,True
ISRO,1n5ro16,2025-09,nbv2lr1,Charming-Hall-9194,True,3.0,True,2.0,False,3,1756744559,0,289.2,13.0,841.0,True
ISRO,1n5ro16,2025-09,nc1exni,Decronym,True,4.0,True,4.0,False,1,1756830726,0,3901.8,1.0,138989.0,False
ISRO,1nkmd51,2025-09,neyxvgb,Ohsin,True,1.0,True,1.0,True,8,1758234561,0,6317.2,136552.0,54412.0,True
ISRO,1nkmd51,2025-09,nezyu44,ravi_ram,True,2.0,True,3.0,False,6,1758247407,0,2763.5,1755.0,2651.0,True
ISRO,1nkmd51,2025-09,neyzo25,CosmicPenguin_OV103,True,3.0,True,2.0,False,3,1758235181,0,2873.7,84767.0,168050.0,True
ISRO,1nkmd51,2025-09,nf000t5,Decronym,True,4.0,True,4.0,False,1,1758247817,0,3901.8,1.0,138989.0,False
ISRO,1nkmd51,2025-09,nf0o9sg,Top_Grass_5765,True,5.0,True,5.0,False,1,1758257381,0,933.5,1.0,65.0,True
ISRO,1nkmd51,2025-09,nf0rh2c,After_Analyst_8016,True,6.0,False,,False,1,1758258904,0,302.3,1.0,0.0,True
ISRO,1nkmd51,2025-09,nflempd,Ohsin,True,7.0,False,,True,1,1758547050,0,6317.2,136552.0,54412.0,True
UPSC,1na3ock,2025-09,ncraf3b,No_Sheepherder_3713,True,1.0,False,,False,252,1757177392,0,1922.0,1173.0,1200.0,True
UPSC,1na3ock,2025-09,ncr6od8,Smart-Insurance3505,True,2.0,True,4.0,False,66,1757176265,0,413.6,6532.0,15754.0,False
UPSC,1na3ock,2025-09,ncr5766,amin_yopusi,True,3.0,True,1.0,False,53,1757175823,0,1577.0,1.0,1867.0,True
UPSC,1na3ock,2025-09,ncr72kz,naidufeed,True,4.0,True,5.0,False,45,1757176385,0,,,,
UPSC,1na3ock,2025-09,ncrh4to,dolokalelo-650,True,5.0,False,,False,26,1757179426,0,604.8,718.0,5932.0,True
UPSC,1na3ock,2025-09,ncr5fr9,Excellent_Skill8716,True,6.0,True,2.0,False,24,1757175896,0,,,,
UPSC,1na3ock,2025-09,ncrfb0w,Agile_Return6723,True,7.0,False,,False,16,1757178881,0,520.1,1298.0,2201.0,True
UPSC,1na3ock,2025-09,ncr7erl,Independent-Cold4506,True,8.0,False,,False,14,1757176487,0,,,,
UPSC,1na3ock,2025-09,ncrcrym,United_Stuff5732,True,9.0,False,,False,9,1757178113,0,507.9,173.0,601.0,True
UPSC,1na3ock,2025-09,ncrlnjv,Strong_College_5420,True,10.0,False,,False,7,1757180731,0,995.8,28.0,495.0,True
UPSC,1na3ock,2025-09,ncr5ih8,Additional_Ball463,False,,True,3.0,False,5,1757175919,0,919.8,213.0,580.0,True
UPSC,1ni86a5,2025-09,neh1mkb,shonababu169,True,1.0,True,2.0,False,234,1757998170,0,,,,
UPSC,1ni86a5,2025-09,neh2ije,PlateExternal9212,True,2.0,False,,False,100,1757998592,0,604.0,97.0,2818.0,True
UPSC,1ni86a5,2025-09,neh20fd,Complex-Amount9951,True,3.0,True,4.0,False,43,1757998350,0,350.6,1547.0,502.0,True
UPSC,1ni86a5,2025-09,neh5b78,FewPresentation5603,True,4.0,False,,False,31,1757999981,0,988.0,191.0,5264.0,True
UPSC,1ni86a5,2025-09,neh10o9,SingleMaltBiriyani,True,5.0,True,1.0,False,27,1757997892,0,,,,
UPSC,1ni86a5,2025-09,neh35n3,DrawAFox,True,6.0,False,,False,26,1757998904,0,1654.8,1200.0,5325.0,True
UPSC,1ni86a5,2025-09,neh1oqq,Gullible-Company2301,True,7.0,True,3.0,False,22,1757998197,0,1822.4,5192.0,28381.0,True
UPSC,1ni86a5,2025-09,neh2kqf,srv-ac,True,8.0,False,,False,20,1757998621,0,1596.9,2961.0,1462.0,True
UPSC,1ni86a5,2025-09,neh7p7s,Full_Investigator834,True,9.0,False,,False,20,1758001241,0,1732.8,998.0,2434.0,True
UPSC,1ni86a5,2025-09,nehuy68,North-Treat-2092,True,10.0,False,,False,10,1758015122,0,874.9,562.0,936.0,False
UPSC,1ni86a5,2025-09,neh2h6j,Western-Pie647,False,,True,5.0,False,5,1757998574,0,939.2,119.0,2718.0,True
UPSC,1nro6u6,2025-09,ngfvlo8,These-Location-1689,True,1.0,True,2.0,False,291,1758955613,0,715.0,1.0,2917.0,True
UPSC,1nro6u6,2025-09,ngfvlx8,Ronaldgranger_,True,2.0,True,3.0,False,20,1758955617,0,461.8,47188.0,35631.0,True
UPSC,1nro6u6,2025-09,ngfwqvk,Smart_Munda,True,3.0,True,5.0,False,14,1758956240,0,704.8,577.0,16550.0,True
UPSC,1nro6u6,2025-09,ngfvb6a,textboookoverthinker,True,4.0,True,1.0,False,10,1758955450,0,604.2,1708.0,1023.0,True
UPSC,1nro6u6,2025-09,nggkuqd,No_Success3393,True,5.0,False,,False,10,1758970571,0,1046.8,1.0,1245.0,True
UPSC,1nro6u6,2025-09,ngfwqtw,Digvijay04,True,6.0,False,,False,4,1758956240,0,323.0,29.0,231.0,False
UPSC,1nro6u6,2025-09,ngfy9bn,SorryStudio6520,True,7.0,False,,False,4,1758957085,0,1625.6,63.0,2581.0,True
UPSC,1nro6u6,2025-09,ngg6fzo,RepairStrange7020,True,8.0,False,,False,3,1758961964,0,288.1,3.0,615.0,False
UPSC,1nro6u6,2025-09,ngfvnml,introvert_desu,True,9.0,True,4.0,False,2,1758955645,0,2928.1,4339.0,1614.0,True
UPSC,1nro6u6,2025-09,ngfx8y2,5tar_dust,True,10.0,False,,False,2,1758956518,0,783.0,80.0,20275.0,True
UPSC,1nqx166,2025-09,nga2865,shonababu169,True,1.0,True,4.0,False,532,1758880460,0,,,,
UPSC,1nqx166,2025-09,nga39u0,FarmerInternational8,True,2.0,False,,False,203,1758881035,0,2129.3,128.0,926.0,True
UPSC,1nqx166,2025-09,nga1rim,eatplayfuckrepeat12,True,3.0,True,3.0,False,180,1758880204,0,1885.9,2.0,31051.0,True
UPSC,1nqx166,2025-09,nga1fj1,TraditionalSky3399,True,4.0,True,2.0,False,136,1758880019,0,482.7,16.0,2349.0,True
UPSC,1nqx166,2025-09,nga2n57,ECHO_ANON9,True,5.0,False,,False,107,1758880690,0,450.8,693.0,1325.0,True
UPSC,1nqx166,2025-09,nga17fn,spoiled_electron,True,6.0,True,1.0,False,99,1758879891,0,,,,
UPSC,1nqx166,2025-09,ngaaict,Independent-Cold4506,True,7.0,False,,False,84,1758884644,0,,,,
UPSC,1nqx166,2025-09,nga3g7i,Desperate_Song_4444,True,8.0,False,,False,49,1758881131,0,1485.2,39.0,794.0,True
UPSC,1nqx166,2025-09,ngaaj2u,AltruisticPirate8292,True,9.0,False,,False,44,1758884653,0,1864.8,180.0,12249.0,True
UPSC,1nqx166,2025-09,nga5ugu,Alerdime,True,10.0,False,,False,29,1758882392,0,2007.2,552.0,9127.0,True
UPSC,1nqx166,2025-09,nga2hqe,ocean-crabs-venom,False,,True,5.0,False,10,1758880607,0,,,,
UPSC,1n68bq6,2025-09,nbyahnw,DrawAFox,True,1.0,True,4.0,False,265,1756782684,0,1654.8,1200.0,5325.0,True
UPSC,1n68bq6,2025-09,nby972n,sakurakawabata,True,2.0,True,3.0,False,73,1756782169,0,,,,
UPSC,1n68bq6,2025-09,nby8s60,AspiringWriter234,True,3.0,True,2.0,False,55,1756782004,0,352.3,1.0,391.0,False
UPSC,1n68bq6,2025-09,nbyknzi,QuietWayfarer,True,4.0,False,,False,25,1756787094,0,347.7,1041.0,534.0,True
UPSC,1n68bq6,2025-09,nbyc5ko,KitchenAway6498,True,5.0,True,5.0,False,16,1756783358,0,719.9,4.0,352.0,True
UPSC,1n68bq6,2025-09,nbyg98a,Different_Way7285,True,6.0,False,,False,15,1756785092,0,,,,
UPSC,1n68bq6,2025-09,nbyj1oc,Spray_and_prey,True,7.0,False,,False,10,1756786340,0,2577.0,245.0,2396.0,True
UPSC,1n68bq6,2025-09,nbykuwn,Constant_Respond_632,True,8.0,False,,False,9,1756787185,0,1617.0,1140.0,4841.0,True
UPSC,1n68bq6,2025-09,nbygvzk,clapback_chef,True,9.0,False,,False,7,1756785368,0,292.6,4.0,139.0,True
UPSC,1n68bq6,2025-09,nby8g98,Confident_Throat3521,True,10.0,True,1.0,False,6,1756781875,0,297.3,26.0,25.0,True
UPSC,1ngx8sp,2025-09,ne7a6jv,ElectroBrabie_Xplr,True,1.0,True,1.0,False,190,1757871368,0,1033.3,838.0,6989.0,True
UPSC,1ngx8sp,2025-09,ne7a99v,shailu7,True,2.0,True,3.0,False,109,1757871389,0,286.3,1.0,104.0,True
UPSC,1ngx8sp,2025-09,ne7go2c,Low-Goat3779,True,3.0,False,,False,73,1757873090,0,1301.6,930.0,11619.0,True
UPSC,1ngx8sp,2025-09,ne7ijhm,Chance-Historian8830,True,4.0,False,,False,45,1757873598,0,739.9,4736.0,21046.0,True
UPSC,1ngx8sp,2025-09,ne7fx9s,Guren_Jasiha,True,5.0,False,,False,38,1757872891,0,350.9,527.0,2475.0,True
UPSC,1ngx8sp,2025-09,ne7ld4o,Smart_Munda,True,6.0,False,,False,33,1757874383,0,704.8,577.0,16550.0,True
UPSC,1ngx8sp,2025-09,ne7a79b,User3267_r,True,8.0,True,2.0,False,17,1757871374,0,473.3,337.0,5591.0,True
UPSC,1ngx8sp,2025-09,ne7fkjb,Live-Raisin4333,True,7.0,False,,False,18,1757872798,0,272.9,1.0,24.0,True
UPSC,1ngx8sp,2025-09,ne7f4vq,Sweaty_Promise6724,True,9.0,True,4.0,False,17,1757872681,0,1081.9,1210.0,2884.0,True
UPSC,1ngx8sp,2025-09,ne7fh1c,Excellent_Skill8716,True,10.0,True,5.0,False,15,1757872772,0,,,,
UPSC,1nd6boe,2025-09,ndenkjs,SafetySouthern6397,True,1.0,False,,False,50,1757488227,0,568.9,73.0,751.0,True
UPSC,1nd6boe,2025-09,ndeisfi,AreaConfident1297,True,2.0,True,3.0,False,30,1757485540,0,279.2,531.0,240.0,True
UPSC,1nd6boe,2025-09,ndegwpu,Afraid-Indication409,True,3.0,True,1.0,False,27,1757484507,0,699.1,1.0,3151.0,True
UPSC,1nd6boe,2025-09,ndejoz5,john_wick_909,True,4.0,True,5.0,False,16,1757486046,0,2036.1,9413.0,20177.0,True
UPSC,1nd6boe,2025-09,ndeioch,Smart_Munda,True,5.0,True,2.0,False,11,1757485477,0,704.8,577.0,16550.0,True
UPSC,1nd6boe,2025-09,ndejsze,billi27,True,6.0,False,,False,11,1757486106,0,862.9,155.0,5503.0,True
UPSC,1nd6boe,2025-09,ndejg38,Small-Condition7985,True,7.0,True,4.0,False,7,1757485908,0,1645.3,39.0,33013.0,True
UPSC,1nd6boe,2025-09,ndejq6h,deepthinker952,True,8.0,False,,False,6,1757486064,0,,,,
UPSC,1nd6boe,2025-09,ndek2gq,sneak_ey,True,9.0,False,,False,6,1757486253,0,2132.8,662.0,1068.0,True
UPSC,1nd6boe,2025-09,ndewb5n,UnusualStock2931,True,10.0,False,,False,6,1757493466,0,2029.5,559.0,2980.0,True
UPSC,1nsce33,2025-09,ngl5cmz,Negative_Eagle7712,True,1.0,True,2.0,False,61,1759027629,0,446.4,53.0,890.0,True
UPSC,1nsce33,2025-09,ngm5d4h,Big_dikk_daddy,True,2.0,True,3.0,False,18,1759045533,0,287.1,1.0,322.0,True
UPSC,1nsce33,2025-09,ngl1dqp,Brave-Bass-1120,True,3.0,True,1.0,False,7,1759026062,0,507.2,11846.0,11126.0,True
UPSC,1nsce33,2025-09,ngmest6,Nero470,True,4.0,True,4.0,False,6,1759051113,0,1657.0,20.0,4.0,True
UPSC,1nsce33,2025-09,ngmhu8k,Vivek-26,True,5.0,True,5.0,False,3,1759052968,0,1109.6,32.0,54.0,True
UPSC,1nsce33,2025-09,ngpuwek,junalagos86,True,6.0,False,,False,3,1759093448,0,577.3,1.0,-9.0,True
UPSC,1nsce33,2025-09,ngn1xcn,GapAdministrative949,True,7.0,False,,False,2,1759063199,0,1278.1,99.0,3807.0,True
UPSC,1nsce33,2025-09,ngued2u,Possible_Layer7482,True,8.0,False,,False,2,1759160309,0,548.9,1.0,25.0,True
UPSC,1nu3p9e,2025-09,ngyfdrq,Natural_Plate90,True,1.0,True,2.0,False,233,1759207745,0,538.0,21.0,2666.0,True
UPSC,1nu3p9e,2025-09,ngyfl5j,Low-Goat3779,True,2.0,True,3.0,False,170,1759207845,0,1301.6,930.0,11619.0,True
UPSC,1nu3p9e,2025-09,ngyldt3,lax_499,True,3.0,False,,False,101,1759210859,0,1631.8,24.0,473.0,True
UPSC,1nu3p9e,2025-09,ngyd97e,Dizzy_Cobbler_3493,True,4.0,True,1.0,False,67,1759206703,0,719.2,125.0,3516.0,True
UPSC,1nu3p9e,2025-09,ngyglfu,FrostyCampaign4670,True,5.0,True,4.0,False,36,1759208346,0,1486.0,1812.0,13608.0,True
UPSC,1nu3p9e,2025-09,ngyishx,pika_thunderbolt,True,6.0,True,5.0,False,24,1759209487,0,,,,
UPSC,1nu3p9e,2025-09,ngz8enx,Independent-Cold4506,True,7.0,False,,False,12,1759224453,0,,,,
UPSC,1nu3p9e,2025-09,ngzc2ux,Aggravating-Sign8464,True,8.0,False,,False,7,1759226612,0,1960.8,777.0,5249.0,True
UPSC,1nu3p9e,2025-09,ngytyze,MaybeHistorical8114,True,9.0,False,,False,7,1759215629,0,1358.6,449.0,5045.0,True
UPSC,1nu3p9e,2025-09,nh1t6v6,Burning_Sapphire1,True,10.0,False,,False,3,1759256464,0,615.5,39664.0,28569.0,True
UPSC,1nf5k5w,2025-09,ndu9qh0,ChampionshipGlass716,True,1.0,True,5.0,False,71,1757693880,0,329.9,91720.0,24449.0,True
UPSC,1nf5k5w,2025-09,ndu51rk,Weird-Ad5893,True,2.0,True,2.0,False,42,1757692544,0,,,,
UPSC,1nf5k5w,2025-09,ndux77q,Impressive-Pin-3201,True,3.0,False,,False,15,1757700661,0,1149.6,406.0,278.0,True
UPSC,1nf5k5w,2025-09,ndtwq15,Own-Safety-3660,True,4.0,True,1.0,False,10,1757690179,0,374.9,1.0,354.0,True
UPSC,1nf5k5w,2025-09,ndu8kn8,Ok_Code8464,True,5.0,True,4.0,False,7,1757693546,0,1411.6,16828.0,11998.0,True
UPSC,1nf5k5w,2025-09,ndv339q,MR__BUNTY,True,6.0,False,,False,7,1757702376,0,1986.9,3253.0,2085.0,True
UPSC,1nf5k5w,2025-09,ndug652,SAMEERFUDI,True,7.0,False,,False,5,1757695734,0,1603.0,219.0,28342.0,True
UPSC,1nf5k5w,2025-09,ndu6igb,Cool_Aj_2428,True,8.0,True,3.0,False,2,1757692954,0,808.5,398.0,2582.0,True
UPSC,1nf5k5w,2025-09,ndunn2j,feralflutter,True,9.0,False,,False,2,1757697899,0,356.0,42.0,416.0,True
UPSC,1nf5k5w,2025-09,ndv3yk7,FerretImpressive9847,True,10.0,False,,False,2,1757702633,0,2035.9,10273.0,5231.0,True
StartUpIndia,1nrqnyp,2025-09,nggc65o,ha_ku_na,True,1.0,True,4.0,False,487,1758965500,0,3495.7,3.0,4014.0,True
StartUpIndia,1nrqnyp,2025-09,nggdl63,gaaraonetailed,True,2.0,False,,False,143,1758966363,0,1430.0,737.0,5755.0,True
StartUpIndia,1nrqnyp,2025-09,nggask5,Powerful-Set-5754,True,3.0,True,1.0,False,126,1758964641,0,712.2,541.0,16157.0,True
StartUpIndia,1nrqnyp,2025-09,nggd9fd,SUNNYHFR,True,4.0,False,,False,48,1758966168,0,2972.8,108908.0,15714.0,True
StartUpIndia,1nrqnyp,2025-09,nggctha,kaladin_stormchest,True,5.0,True,5.0,False,25,1758965898,0,707.7,5.0,86408.0,True
StartUpIndia,1nrqnyp,2025-09,nggepur,Apprehensive_Dig281,True,6.0,False,,False,14,1758967041,0,1954.4,2789.0,7786.0,True
StartUpIndia,1nrqnyp,2025-09,ngggg7l,Ok-Hospital-5076,True,7.0,False,,False,10,1758968073,0,2165.1,1.0,6065.0,True
StartUpIndia,1nrqnyp,2025-09,nggc07q,InternationalKeynew,True,8.0,True,3.0,False,8,1758965397,0,2011.2,9.0,5389.0,True
StartUpIndia,1nrqnyp,2025-09,nggb1a7,thats_interesting_23,True,9.0,True,2.0,False,7,1758964790,0,1847.9,1837.0,2666.0,True
StartUpIndia,1nrqnyp,2025-09,nggegmu,Snow-Brave,True,10.0,False,,False,5,1758966888,0,1960.1,48.0,615.0,True
StartUpIndia,1njy6t2,2025-09,netwn7x,Sakthlavda,True,1.0,True,1.0,False,58,1758168260,0,,,,
StartUpIndia,1njy6t2,2025-09,netyftr,TrailsNFrag,True,2.0,True,2.0,False,13,1758169054,0,1695.4,2207.0,34029.0,True
StartUpIndia,1njy6t2,2025-09,nf91lqr,randomdudelife,True,3.0,True,4.0,False,3,1758378054,0,1187.8,2.0,325.0,True
StartUpIndia,1njy6t2,2025-09,neub9rp,the_ajan,True,4.0,True,3.0,False,2,1758175436,0,2738.0,3606.0,26417.0,True
StartUpIndia,1njy6t2,2025-09,nhv52hp,rahulthakur30,True,5.0,True,5.0,False,1,1759656883,0,1066.2,9.0,27.0,False
StartUpIndia,1nl6aw8,2025-09,nf34vwr,Appropriate-Bug-755,True,1.0,True,4.0,False,162,1758295831,0,763.1,673.0,15458.0,True
StartUpIndia,1nl6aw8,2025-09,nf32qnu,jgenius07,True,2.0,True,1.0,False,126,1758295216,0,4601.8,51001.0,18476.0,True
StartUpIndia,1nl6aw8,2025-09,nf34hee,SaracasticByte,True,3.0,True,3.0,False,52,1758295716,0,780.1,540.0,70806.0,True
StartUpIndia,1nl6aw8,2025-09,nf363go,Ill-Noise-1840,True,4.0,False,,False,47,1758296177,0,1063.7,170.0,4109.0,True
StartUpIndia,1nl6aw8,2025-09,nf388d3,BugGlad5743,True,5.0,False,,False,45,1758296778,0,379.3,83.0,3714.0,True
StartUpIndia,1nl6aw8,2025-09,nf33rk3,Sea-Instance463,True,6.0,True,2.0,False,31,1758295512,0,2083.0,395.0,12353.0,True
StartUpIndia,1nl6aw8,2025-09,nf37l7v,aronus,True,7.0,False,,False,15,1758296598,0,4439.7,384.0,4557.0,True
StartUpIndia,1nl6aw8,2025-09,nf3basa,Tough-Reading2237,True,8.0,False,,False,14,1758297653,0,1408.9,12.0,222.0,True
StartUpIndia,1nl6aw8,2025-09,nf3e1h3,Icy_Oven5664,True,9.0,False,,False,10,1758298451,0,1758.8,1.0,1961.0,True
StartUpIndia,1nl6aw8,2025-09,nf3vwez,Shagun_07,True,10.0,False,,False,7,1758303564,0,381.7,59.0,26.0,True
StartUpIndia,1nl6aw8,2025-09,nf34xjs,BezosIsRich420,False,,True,5.0,False,2,1758295845,0,1699.8,6.0,62.0,True
StartUpIndia,1np48br,2025-09,nfwhejr,Life-idk92,True,1.0,True,1.0,False,339,1758693040,0,619.3,5132.0,4107.0,True
StartUpIndia,1np48br,2025-09,nfwkbur,Dull_Background9660,True,2.0,True,5.0,False,89,1758694654,0,425.3,1.0,172.0,True
StartUpIndia,1np48br,2025-09,nfwkefj,TrekkieSolar,True,3.0,False,,False,33,1758694694,0,3487.1,35857.0,8365.0,True
StartUpIndia,1np48br,2025-09,nfwj9hi,outscribe,True,4.0,True,4.0,False,28,1758694060,0,6268.0,3017.0,154.0,True
StartUpIndia,1np48br,2025-09,nfwhjku,Think-Cow-7196,True,5.0,True,2.0,False,23,1758693116,0,1536.2,2069.0,3299.0,True
StartUpIndia,1np48br,2025-09,nfwll35,Paurush_paurush,True,6.0,False,,False,23,1758695358,0,2611.2,1638.0,2799.0,True
StartUpIndia,1np48br,2025-09,nfwoq17,Weak_Degree2338,True,7.0,False,,False,10,1758697167,0,1615.2,1.0,453.0,True
StartUpIndia,1np48br,2025-09,nfwly5r,awaishssn,True,8.0,False,,False,8,1758695569,0,3678.3,64.0,71016.0,True
StartUpIndia,1np48br,2025-09,nfwtd7e,Eastern-Injury-8772,True,9.0,False,,False,8,1758699977,0,893.0,295.0,1031.0,True
StartUpIndia,1np48br,2025-09,nfwiuzv,Halfblood_prince6,True,10.0,True,3.0,False,6,1758693837,0,710.3,64.0,482.0,True
StartUpIndia,1n87flh,2025-09,nccsxzh,SirName__,True,1.0,True,1.0,False,52,1756985503,0,1003.6,150.0,1001.0,True
StartUpIndia,1n87flh,2025-09,nccux17,-AsHxD-,True,2.0,True,2.0,False,23,1756986319,0,1998.7,8312.0,19764.0,True
StartUpIndia,1n87flh,2025-09,ncdy9ys,ThePampasCat4WD,True,3.0,False,,False,9,1756998953,0,410.8,256.0,5480.0,True
StartUpIndia,1n87flh,2025-09,ncde8sw,cryptoevonow,True,4.0,False,,False,7,1756993113,0,1804.3,122.0,1308.0,True
StartUpIndia,1n87flh,2025-09,nccvd3t,mossnaga,True,5.0,True,3.0,False,4,1756986494,0,2134.8,34.0,537.0,True
StartUpIndia,1n87flh,2025-09,nci3di0,cranky_finicky,True,6.0,False,,False,3,1757046639,0,640.7,1.0,1986.0,True
StartUpIndia,1n87flh,2025-09,ncczooh,Pivot_MyLife,True,7.0,True,4.0,False,2,1756988160,0,289.9,51.0,51.0,True
StartUpIndia,1n87flh,2025-09,nce5q71,Nuttyweed2,True,8.0,False,,False,2,1757001045,0,367.5,1.0,1.0,True
StartUpIndia,1n87flh,2025-09,nce79ak,Limp-Question-4778,True,9.0,False,,False,2,1757001468,0,1793.0,474.0,218.0,True
StartUpIndia,1n87flh,2025-09,nce9c71,Zestyclose_Mud2170,True,10.0,False,,False,2,1757002049,0,798.6,2663.0,16185.0,True
StartUpIndia,1n87flh,2025-09,ncd2hwg,beretta-gully7b,False,,True,5.0,False,1,1756989165,0,292.9,1.0,19.0,True
StartUpIndia,1nokl8u,2025-09,nfw8v2t,Puzzleheaded_Web4057,True,1.0,True,3.0,False,57,1758688652,0,491.9,156.0,1628.0,True
StartUpIndia,1nokl8u,2025-09,nfw6fg3,Parasocialchut,True,2.0,True,2.0,False,15,1758687524,0,559.7,1589.0,5182.0,False
StartUpIndia,1nokl8u,2025-09,nfyw9fp,asrm2769,True,3.0,False,,False,11,1758730002,0,2608.1,48.0,277.0,True
StartUpIndia,1nokl8u,2025-09,nfxmayr,SupremeConscious,True,4.0,True,4.0,False,3,1758715475,0,2280.2,59354.0,3196.0,True
StartUpIndia,1nokl8u,2025-09,nfyqvsw,booboootron,True,5.0,True,5.0,False,1,1758728477,0,1634.7,11.0,27864.0,True
StartUpIndia,1nokl8u,2025-09,ng1i5nn,onanemptytank,True,6.0,False,,False,1,1758758747,0,3377.6,80.0,2089.0,True
StartUpIndia,1nokl8u,2025-09,nfw2k5x,HiBuddySam,True,7.0,True,1.0,False,-14,1758685804,0,349.7,1.0,1610.0,True
StartUpIndia,1nhgee7,2025-09,nebgd0g,discaboota,True,1.0,True,1.0,False,9,1757928670,0,2979.8,6348.0,5680.0,True
StartUpIndia,1nhgee7,2025-09,neriye0,BrucealCorleone,True,2.0,True,4.0,False,2,1758139201,0,1381.1,1643.0,623.0,True
StartUpIndia,1nhgee7,2025-09,negaiuz,therappernextdoor,True,3.0,True,3.0,False,1,1757987224,0,1911.5,5276.0,2623.0,True
StartUpIndia,1nhgee7,2025-09,nedg2mb,Dry_Ad7010,True,4.0,True,2.0,False,0,1757954783,0,2067.4,1.0,5.0,True
StartUpIndia,1nqwmdp,2025-09,ng9z9zu,msaussieandmrravana,True,1.0,True,2.0,False,60,1758878758,0,311.4,131891.0,13283.0,True
StartUpIndia,1nqwmdp,2025-09,nga6ag2,deviloper47,True,2.0,True,4.0,False,43,1758882616,0,,,,
StartUpIndia,1nqwmdp,2025-09,nga1twe,Tough-Reading2237,True,3.0,True,3.0,False,19,1758880242,0,1408.9,12.0,222.0,True
StartUpIndia,1nqwmdp,2025-09,ng9z9v4,sharique_55,True,4.0,True,1.0,False,9,1758878756,0,1838.6,921.0,933.0,True
StartUpIndia,1nqwmdp,2025-09,ngaq50u,Willing_Front_2397,True,5.0,False,,False,6,1758890892,0,418.7,15734.0,3810.0,True
StartUpIndia,1nqwmdp,2025-09,ngaej84,BulkyFix3079,True,6.0,False,,False,3,1758886423,0,1813.8,86.0,9380.0,True
StartUpIndia,1nqwmdp,2025-09,ngatcdm,Snoo-45514,True,7.0,False,,False,3,1758891974,0,2167.0,870.0,1297.0,True
StartUpIndia,1nqwmdp,2025-09,ngsml04,Royal-Historian-9749,True,8.0,False,,False,2,1759134081,0,580.0,349.0,4868.0,False
StartUpIndia,1nqwmdp,2025-09,nh4i23t,ShibuSubramaniam,True,9.0,False,,False,2,1759288124,0,999.4,4.0,433.0,True
StartUpIndia,1nqwmdp,2025-09,ngac3x1,XIFAQ,True,10.0,True,5.0,True,1,1758885369,0,2268.9,1122.0,271.0,True
StartUpIndia,1n806ff,2025-09,ncbf6hi,akash_kava,True,1.0,True,1.0,False,70,1756958705,0,2198.0,24.0,7016.0,True
StartUpIndia,1n806ff,2025-09,ncbf6hv,M1ghty2,True,2.0,True,2.0,False,39,1756958705,0,3072.1,151.0,46063.0,False
StartUpIndia,1n806ff,2025-09,ncbj540,Spirited_Ad_1032,True,3.0,True,4.0,False,21,1756960542,0,1946.1,495.0,16756.0,True
StartUpIndia,1n806ff,2025-09,ncbsafy,Beginning-Ladder6224,True,4.0,False,,False,15,1756965220,0,1751.8,36291.0,81109.0,True
StartUpIndia,1n806ff,2025-09,ncbfijj,LightRefrac,True,5.0,True,3.0,False,11,1756958858,0,,,,
StartUpIndia,1n806ff,2025-09,ncbsgrf,venkatramanans,True,6.0,False,,False,6,1756965316,0,3344.0,458.0,3782.0,True
StartUpIndia,1n806ff,2025-09,ncblgya,Zyphergiest,True,7.0,True,5.0,False,2,1756961671,0,,,,
StartUpIndia,1n806ff,2025-09,ncbqer5,Feisty_Reason_6288,True,8.0,False,,False,2,1756964218,0,656.2,21.0,14905.0,False
StartUpIndia,1n806ff,2025-09,ncbr7w9,ResidentSpecific4786,True,9.0,False,,False,2,1756964649,0,397.7,131.0,307.0,True
StartUpIndia,1n806ff,2025-09,ncbval1,joblessfack,True,10.0,False,,False,2,1756966879,0,1442.8,64.0,13717.0,True
StartUpIndia,1nroz2s,2025-09,ngh33gy,Aditya_pixel,True,1.0,True,1.0,False,16,1758978590,0,471.2,1066.0,419.0,True
StartUpIndia,1nroz2s,2025-09,nghnsg7,Grimmguy83,True,2.0,True,4.0,False,10,1758985488,0,3528.2,7420.0,3526.0,True
StartUpIndia,1nroz2s,2025-09,nghopdb,zmilesbruce,True,3.0,True,5.0,False,8,1758985769,0,822.0,1313.0,78.0,True
StartUpIndia,1nroz2s,2025-09,ngh9gfg,denverharris,True,4.0,True,2.0,False,6,1758980849,0,4258.9,180.0,878.0,True
StartUpIndia,1nroz2s,2025-09,ngljvkk,Legitimate_Dark_3554,True,5.0,False,,False,5,1759033939,0,356.7,1.0,424.0,True
StartUpIndia,1nroz2s,2025-09,nghn7md,Optimal_Judge6628,True,6.0,True,3.0,False,3,1758985309,0,372.1,50.0,85.0,True
StartUpIndia,1nroz2s,2025-09,ngnozw8,TheStartupCA,True,7.0,False,,False,3,1759071153,0,272.1,1.0,0.0,False
StartUpIndia,1nroz2s,2025-09,nghp17o,logicSnob,True,8.0,False,,False,2,1758985872,0,3367.7,571.0,12925.0,True
StartUpIndia,1nroz2s,2025-09,nghrmu1,wryhumor629,True,9.0,False,,False,2,1758986683,0,404.2,22.0,251.0,True
StartUpIndia,1nroz2s,2025-09,ngj6540,Fine-Eggplant-7260,True,10.0,False,,False,2,1759002276,0,1827.3,95.0,54.0,True
TwoXIndia,1nk4nm3,2025-09,nev4cgz,Soul_of_demon,True,1.0,True,3.0,False,319,1758192077,0,2207.1,4627.0,59648.0,True
TwoXIndia,1nk4nm3,2025-09,nev3sv6,SunSunny07,True,2.0,True,1.0,False,200,1758191808,0,4147.8,606.0,8323.0,True
TwoXIndia,1nk4nm3,2025-09,nev6akx,tothedarkest,True,3.0,False,,False,169,1758192996,0,574.9,5230.0,5960.0,True
TwoXIndia,1nk4nm3,2025-09,nev552z,Inner_Breadfruit_480,True,4.0,False,,False,160,1758192456,0,695.1,393.0,4998.0,True
TwoXIndia,1nk4nm3,2025-09,nevau3b,_womanofculture,True,5.0,False,,False,114,1758195010,0,1146.5,10309.0,26126.0,True
TwoXIndia,1nk4nm3,2025-09,nev9xzx,silent_porcupine123,True,7.0,False,,False,90,1758194628,0,1977.5,3911.0,107668.0,True
TwoXIndia,1nk4nm3,2025-09,nevf0kf,ManicPixieDreamDoc,True,6.0,False,,False,92,1758196698,0,1669.9,3685.0,4373.0,True
TwoXIndia,1nk4nm3,2025-09,nevx5ic,Lonely_Lazy9521,True,9.0,False,,False,62,1758202944,0,738.1,1491.0,5113.0,True
TwoXIndia,1nk4nm3,2025-09,nev4k5s,divine_pearl,True,8.0,True,4.0,False,66,1758192181,0,,,,
TwoXIndia,1nk4nm3,2025-09,nevaj8b,studyandgrow,True,10.0,False,,False,35,1758194883,0,559.0,1554.0,1437.0,True
TwoXIndia,1nk4nm3,2025-09,nev4aqd,ForeverGotTheZoomies,False,,True,2.0,False,16,1758192054,0,541.8,691.0,3579.0,True
TwoXIndia,1nk4nm3,2025-09,nev4u99,Legitimate_Lettuce14,False,,True,5.0,False,17,1758192316,0,1210.7,599.0,2118.0,True
TwoXIndia,1nl0kkn,2025-09,nf4cggu,fkaslckrqn,True,1.0,True,1.0,False,466,1758308422,0,1910.1,1150.0,12148.0,True
TwoXIndia,1nl0kkn,2025-09,nf5iwt6,NearbyAbrocoma659,True,2.0,True,4.0,False,96,1758321772,0,1388.0,1892.0,55350.0,True
TwoXIndia,1nl0kkn,2025-09,nf4zy1j,Firewhiskey880,True,3.0,True,3.0,False,52,1758315466,0,1700.7,4175.0,34208.0,True
TwoXIndia,1nl0kkn,2025-09,nf6h0np,DepartmentRound6413,True,4.0,False,,False,51,1758334255,0,1087.2,51.0,101009.0,True
TwoXIndia,1nl0kkn,2025-09,nf6jk5d,custardosaurus,True,5.0,False,,False,34,1758335277,0,587.5,41.0,2042.0,True
TwoXIndia,1nl0kkn,2025-09,nf4iqd6,Mthrfuckntrainwreck,True,6.0,True,2.0,False,32,1758310310,0,1924.8,5157.0,37846.0,True
TwoXIndia,1nl0kkn,2025-09,nf6lo7e,Street-Success-2214,True,7.0,False,,False,32,1758336132,0,1295.9,301.0,21740.0,False
TwoXIndia,1nl0kkn,2025-09,nf6pous,Snoo_22,True,8.0,False,,False,26,1758337792,0,2184.6,18843.0,19361.0,True
TwoXIndia,1nl0kkn,2025-09,nf6axw4,Status_Ambassador_76,True,10.0,True,5.0,False,19,1758331919,0,1161.7,2249.0,4957.0,True
TwoXIndia,1nl0kkn,2025-09,nf6men3,wheygirl,True,9.0,False,,False,23,1758336429,0,372.9,540.0,9871.0,True
TwoXIndia,1nnegdw,2025-09,nfjz9p4,cutebutpsycho30,True,1.0,True,1.0,False,406,1758520916,0,1460.7,702.0,13692.0,True
TwoXIndia,1nnegdw,2025-09,nfk7a3n,Apprehensive-Fun6144,True,2.0,True,2.0,False,93,1758525521,0,926.8,157.0,13968.0,True
TwoXIndia,1nnegdw,2025-09,nfkbabj,investing_kid,True,3.0,True,3.0,False,17,1758528000,0,1971.0,1767.0,27968.0,False
TwoXIndia,1nnegdw,2025-09,nfmghl8,AP7497,True,4.0,True,4.0,False,7,1758558408,0,3042.8,363.0,125319.0,True
TwoXIndia,1np3n8v,2025-09,nfwdc2k,xycophant,True,1.0,True,1.0,False,192,1758690863,0,2948.8,998.0,29375.0,True
TwoXIndia,1np3n8v,2025-09,nfwfkm0,justintruded,True,2.0,True,5.0,False,139,1758692047,0,2129.9,42.0,595.0,True
TwoXIndia,1np3n8v,2025-09,nfwdpxo,elfd,True,3.0,True,2.0,False,131,1758691062,0,2492.8,169.0,7836.0,True
TwoXIndia,1np3n8v,2025-09,nfwg7f6,SeaweedUsual,True,4.0,False,,False,110,1758692390,0,1969.0,2158.0,19024.0,True
TwoXIndia,1np3n8v,2025-09,nfwfqil,Happy_furMa,True,5.0,False,,False,47,1758692135,0,2448.9,1218.0,32822.0,True
TwoXIndia,1np3n8v,2025-09,nfwljs5,99problemsandfew,True,6.0,False,,False,40,1758695337,0,1398.7,137.0,35139.0,True
TwoXIndia,1np3n8v,2025-09,nfwh7cv,samy_ret,True,7.0,False,,False,25,1758692933,0,2540.9,150.0,35027.0,False
TwoXIndia,1np3n8v,2025-09,nfwes2d,tuhogazarapaagal,True,9.0,True,3.0,False,19,1758691617,0,1002.2,18280.0,46518.0,True
TwoXIndia,1np3n8v,2025-09,nfwfvej,jackass93269,True,8.0,False,,False,23,1758692208,0,2896.8,4786.0,58293.0,True
TwoXIndia,1np3n8v,2025-09,nfwfhk5,blackandlavender,True,10.0,True,4.0,False,19,1758692001,0,2238.7,4767.0,23381.0,True
TwoXIndia,1n5ho0v,2025-09,nbspujh,No_Concentrate2187,True,1.0,True,2.0,False,235,1756709927,0,542.4,3225.0,5915.0,True
TwoXIndia,1n5ho0v,2025-09,nbspsb8,Smooth-Ad-3099,True,2.0,True,1.0,False,113,1756709894,0,,,,
TwoXIndia,1n5ho0v,2025-09,nbsrafz,Important_Menu4937,True,3.0,True,4.0,False,61,1756710713,0,1350.9,5239.0,12917.0,True
TwoXIndia,1n5ho0v,2025-09,nbsr1gx,kafkabae,True,5.0,True,3.0,False,27,1756710577,0,1177.1,2261.0,20138.0,True
TwoXIndia,1n5ho0v,2025-09,nbszbsp,MikuCheeseHarry,True,4.0,False,,False,30,1756715337,0,867.3,4304.0,31735.0,True
TwoXIndia,1n5ho0v,2025-09,nbsv2gb,Rich-Personality-194,True,6.0,False,,False,14,1756712851,0,587.2,1017.0,28525.0,True
TwoXIndia,1n5ho0v,2025-09,nbsvl1i,IamUnbelievable,True,7.0,False,,False,9,1756713148,0,980.2,221.0,11329.0,False
TwoXIndia,1n5ho0v,2025-09,nbswx46,Careless-Mammoth-944,True,8.0,False,,False,9,1756713925,0,1642.1,302.0,69790.0,True
TwoXIndia,1n5ho0v,2025-09,nbsy0g2,Mthrfuckntrainwreck,True,9.0,False,,False,6,1756714568,0,1924.8,5157.0,37846.0,True
TwoXIndia,1n5ho0v,2025-09,nbsrqor,MiserableGrapefruit7,True,10.0,True,5.0,False,5,1756710965,0,2078.9,11147.0,7549.0,True
TwoXIndia,1nk8krk,2025-09,new21ct,SnuggleScroll,True,1.0,True,4.0,False,362,1758204439,0,495.3,1603.0,4414.0,True
TwoXIndia,1nk8krk,2025-09,nevzpig,roasted-sweetpotato,True,2.0,True,3.0,False,79,1758203731,0,580.1,221.0,2467.0,True
TwoXIndia,1nk8krk,2025-09,new2ast,tuhogazarapaagal,True,3.0,True,5.0,False,72,1758204518,0,1002.2,18280.0,46518.0,True
TwoXIndia,1nk8krk,2025-09,newvzde,hermitmoon999,True,4.0,False,,False,43,1758213029,0,674.5,1939.0,24472.0,True
TwoXIndia,1nk8krk,2025-09,nevz5uy,Gold_Cheesecake_265,True,5.0,True,1.0,False,38,1758203565,0,647.2,3069.0,102.0,True
TwoXIndia,1nk8krk,2025-09,nevz6f0,NotSoCoolUserName0,True,6.0,True,2.0,False,22,1758203570,0,1111.2,3370.0,4159.0,True
TwoXIndia,1nk8krk,2025-09,nf1ulk8,ThisNeighborhood1918,True,7.0,False,,False,9,1758280406,0,2132.4,22122.0,6914.0,True
TwoXIndia,1ngk7fd,2025-09,ne4oq86,safaayaz06,True,1.0,True,2.0,False,153,1757834625,0,2517.6,1028.0,2517.0,True
TwoXIndia,1ngk7fd,2025-09,ne4ogk1,Successful-Whole-992,True,2.0,True,1.0,False,40,1757834473,0,1804.4,10158.0,17459.0,True
TwoXIndia,1ngk7fd,2025-09,ne4plue,vegarhoalpha,True,3.0,True,3.0,False,35,1757835122,0,1281.8,35.0,247883.0,True
TwoXIndia,1ngk7fd,2025-09,ne4t468,fries_mustradsauce,True,4.0,True,4.0,False,32,1757837111,0,1799.7,952.0,6298.0,True
TwoXIndia,1ngk7fd,2025-09,ne4wqbi,Famous_Sherbert_5496,True,5.0,False,,False,19,1757839150,0,600.0,327.0,1978.0,True
TwoXIndia,1ngk7fd,2025-09,ne4x3ps,Just_scrolling07,True,6.0,False,,False,15,1757839366,0,1450.0,2350.0,4888.0,True
TwoXIndia,1ngk7fd,2025-09,ne4to79,Mission-Swan-3623,True,7.0,True,5.0,False,8,1757837427,0,319.0,1751.0,3877.0,True
TwoXIndia,1ngk7fd,2025-09,ne4wb9h,GiraffeOnTrampoline,True,8.0,False,,False,6,1757838905,0,2827.7,91.0,805.0,True
TwoXIndia,1ngk7fd,2025-09,ne4zyls,blatantly_,True,9.0,False,,False,5,1757841047,0,803.2,204.0,1898.0,False
TwoXIndia,1ngk7fd,2025-09,ne59vos,lollipop_laagelu,True,10.0,False,,False,5,1757846900,0,,,,
TwoXIndia,1n6furs,2025-09,nbzz62z,Big_Asparagus2142,True,1.0,False,,False,352,1756814031,0,2076.3,638.0,4598.0,True
TwoXIndia,1n6furs,2025-09,nbzt2qz,pixel_creatrice,True,2.0,True,4.0,False,179,1756811419,0,993.3,7766.0,55634.0,True
TwoXIndia,1n6furs,2025-09,nbzq848,Shirley-King,True,3.0,True,3.0,False,135,1756810122,0,2089.0,217.0,1047.0,True
TwoXIndia,1n6furs,2025-09,nbzt8dl,electricsquirell,True,4.0,False,,False,84,1756811489,0,1427.7,6545.0,16821.0,True
TwoXIndia,1n6furs,2025-09,nbzpx4g,pobodysnerfect563,True,5.0,True,2.0,False,48,1756809977,0,2067.8,1970.0,8970.0,True
TwoXIndia,1n6furs,2025-09,nbzofej,a_sooshii,True,6.0,True,1.0,False,30,1756809249,0,1928.7,306.0,14844.0,True
TwoXIndia,1n6furs,2025-09,nc01orm,No_Concentrate2187,True,7.0,False,,False,26,1756815049,0,542.4,3225.0,5915.0,True
TwoXIndia,1n6furs,2025-09,nbzw8cz,SuggestionFar6533,True,8.0,False,,False,26,1756812799,0,1220.1,442.0,2555.0,True
TwoXIndia,1n6furs,2025-09,nc09kx2,Princess_Neko802,True,9.0,False,,False,19,1756817967,0,599.3,108.0,28068.0,True
TwoXIndia,1n6furs,2025-09,nbzt5yd,SunSunny07,True,10.0,True,5.0,False,9,1756811459,0,4147.8,606.0,8323.0,True
TwoXIndia,1n8xn6d,2025-09,ncilh8u,Thick-Attitude9172,True,1.0,True,4.0,False,236,1757056057,0,1752.0,3.0,16849.0,True
TwoXIndia,1n8xn6d,2025-09,ncii0ru,LailaBlack,True,2.0,True,2.0,False,154,1757054110,0,1773.0,1210.0,239347.0,True
TwoXIndia,1n8xn6d,2025-09,ncimwyh,Vegetable_Prize8062,True,3.0,True,5.0,False,107,1757056879,0,380.3,60.0,407.0,True
TwoXIndia,1n8xn6d,2025-09,ncii13b,curiouscat_92,True,4.0,True,3.0,False,35,1757054115,0,2125.9,11972.0,45383.0,True
TwoXIndia,1n8xn6d,2025-09,ncio39u,lil_girl_roxy,True,5.0,False,,False,33,1757057571,0,2141.0,4475.0,3008.0,False
TwoXIndia,1n8xn6d,2025-09,nciz23l,samasyaa,True,6.0,False,,False,28,1757064147,0,2046.3,2285.0,6112.0,True
TwoXIndia,1n8xn6d,2025-09,ncj9ndi,Leather_Turnover_832,True,7.0,False,,False,20,1757069788,0,673.5,1.0,717.0,False
TwoXIndia,1n8xn6d,2025-09,ncji9e0,Firewhiskey880,True,8.0,False,,False,17,1757073458,0,1700.7,4175.0,34208.0,True
TwoXIndia,1n8xn6d,2025-09,ncj2ssf,SnooChickens2015,True,9.0,False,,False,15,1757066297,0,2030.7,304.0,2341.0,True
TwoXIndia,1n8xn6d,2025-09,ncigw1l,Fuel_Swimming,True,10.0,True,1.0,False,14,1757053485,0,2066.0,1073.0,3342.0,True
TwoXIndia,1nibp0i,2025-09,nehtvj8,SunSunny07,True,1.0,True,2.0,False,255,1758014470,0,4147.8,606.0,8323.0,True
TwoXIndia,1nibp0i,2025-09,nehvnlb,divine_pearl,True,2.0,True,4.0,False,109,1758015546,0,,,,
TwoXIndia,1nibp0i,2025-09,nehzgss,Specialist_Salad2323,True,3.0,False,,False,21,1758017721,0,494.4,60.0,471.0,True
TwoXIndia,1nibp0i,2025-09,neifg4v,OutrageousError23,True,4.0,False,,False,16,1758024887,0,1431.0,85.0,275.0,True
TwoXIndia,1nibp0i,2025-09,nehxlq7,Jazzlike-Ball5215,True,6.0,False,,False,10,1758016690,0,504.3,25.0,13721.0,False
TwoXIndia,1nibp0i,2025-09,nehzurm,ShallowAstronaut,True,7.0,False,,False,9,1758017932,0,497.9,417849.0,41684.0,True
TwoXIndia,1nibp0i,2025-09,neibbyu,rae_is_rad,True,8.0,False,,False,6,1758023261,0,3321.2,4389.0,14048.0,True
TwoXIndia,1nibp0i,2025-09,nehoq6d,Suspicious_Deer_8607,True,5.0,True,1.0,False,12,1758011291,0,1605.8,3701.0,12058.0,True
TwoXIndia,1nibp0i,2025-09,neiioku,thecoolcato,True,9.0,False,,False,6,1758026086,0,1386.2,3133.0,28268.0,True
TwoXIndia,1nibp0i,2025-09,nehvhxn,InnocentShaitaan,True,10.0,True,3.0,False,5,1758015452,0,729.1,3177.0,136343.0,True
TwoXIndia,1nibp0i,2025-09,nehwhff,SnuggleScroll,False,,True,5.0,False,4,1758016033,0,495.3,1603.0,4414.0,True
teenindia,1ne5uuk,2025-09,ndm611g,Silver-Event-69,True,1.0,True,1.0,False,1391,1757589374,0,,,,
teenindia,1ne5uuk,2025-09,ndmoqqg,NightPlane2414,True,2.0,False,,False,278,1757596485,0,274.7,13.0,579.0,True
teenindia,1ne5uuk,2025-09,ndmyrar,TOZIC_TEEN,True,3.0,False,,False,149,1757599667,0,,,,
teenindia,1ne5uuk,2025-09,ndm6m21,MysteriousWitness980,True,4.0,True,3.0,False,104,1757589633,0,,,,
teenindia,1ne5uuk,2025-09,ndmzus8,pichkuusauce,True,5.0,False,,False,80,1757600003,0,1408.6,459.0,932.0,True
teenindia,1ne5uuk,2025-09,ndm8tbo,Accomplished-Law8133,True,6.0,False,,False,58,1757590593,0,826.9,3.0,2728.0,True
teenindia,1ne5uuk,2025-09,ndm78ef,MedicalMadness1507,True,7.0,True,4.0,False,39,1757589906,0,838.0,173.0,2649.0,True
teenindia,1ne5uuk,2025-09,ndmnxmp,walterwhiteondrugs,True,8.0,False,,False,31,1757596216,0,865.4,2223.0,1962.0,True
teenindia,1ne5uuk,2025-09,ndm7pih,smegsy_bae6789,True,9.0,True,5.0,False,26,1757590113,0,446.3,922.0,4302.0,True
teenindia,1ne5uuk,2025-09,ndm6i2k,DealerDifficult9256,True,10.0,True,2.0,False,24,1757589585,0,362.9,6083.0,6859.0,True
teenindia,1nl3k7u,2025-09,nf2i62q,Minute-Actuator-1878,True,1.0,True,4.0,False,368,1758289109,0,,,,
teenindia,1nl3k7u,2025-09,nf2gsv4,Intelligent_Fun_3848,True,2.0,True,2.0,False,337,1758288670,0,929.8,41.0,2461.0,False
teenindia,1nl3k7u,2025-09,nf2hgv2,ChampionshipLoud3747,True,3.0,True,3.0,False,114,1758288885,0,278.6,84.0,1231.0,True
teenindia,1nl3k7u,2025-09,nf2itif,MysteriousWitness980,True,4.0,True,5.0,False,87,1758289319,0,,,,
teenindia,1nl3k7u,2025-09,nf2jdjf,No_Spinach_1682,True,5.0,False,,False,82,1758289496,0,1620.0,5.0,25328.0,True
teenindia,1nl3k7u,2025-09,nf2jdvo,Fuzzy-Bookkeeper-856,True,6.0,False,,False,71,1758289499,0,,,,
teenindia,1nl3k7u,2025-09,nf2gpk2,lalmirchii,True,7.0,True,1.0,False,15,1758288640,0,393.8,703.0,1623.0,True
teenindia,1nl3k7u,2025-09,nf3gv52,Warm_Pickle_3599,True,8.0,False,,False,13,1758299269,0,273.7,1.0,1201.0,True
teenindia,1nl3k7u,2025-09,nf2l7dq,LocalShare69,True,9.0,False,,False,9,1758290074,0,498.7,534.0,1990.0,True
teenindia,1nl3k7u,2025-09,nf2kr4y,Lord_Hoax,True,10.0,False,,False,9,1758289932,0,366.2,3285.0,4676.0,True
teenindia,1n64rsz,2025-09,nbxvwea,Weird-Influence-5651,True,1.0,True,1.0,False,387,1756777158,0,,,,
teenindia,1n64rsz,2025-09,nbyhhtu,ProbablyNikh,True,2.0,True,5.0,False,180,1756785634,0,,,,
teenindia,1n64rsz,2025-09,nby32n0,Few-Answer-6086,True,3.0,True,2.0,False,89,1756779823,0,,,,
teenindia,1n64rsz,2025-09,nbyzhkt,therealsaker,True,4.0,False,,False,13,1756794819,0,366.0,116004.0,42433.0,True
teenindia,1n64rsz,2025-09,nby3clf,Few-Answer-6086,True,5.0,True,3.0,False,8,1756779924,0,,,,
teenindia,1n64rsz,2025-09,nbz8tcf,devdadhaniya,True,6.0,False,,False,8,1756800263,0,2029.2,430.0,647.0,True
teenindia,1n64rsz,2025-09,nbz77nb,DarWin_1809,True,7.0,False,,False,5,1756799316,0,370.8,24528.0,37875.0,True
teenindia,1n64rsz,2025-09,nc00dbi,Cool-Barber8998,True,8.0,False,,False,5,1756814523,0,1967.0,701.0,3928.0,True
teenindia,1n64rsz,2025-09,nbycfy9,thatcoolshykid,True,9.0,True,4.0,False,3,1756783477,0,563.4,265.0,416.0,True
teenindia,1n64rsz,2025-09,nbyirbu,Capable_Paramedic682,True,10.0,False,,False,3,1756786206,0,850.2,88.0,4608.0,True
teenindia,1nr0r8t,2025-09,ngat6em,4o4x,True,1.0,True,2.0,False,1586,1758891919,0,367.1,3583.0,3809.0,True
teenindia,1nr0r8t,2025-09,ngat5qc,DimaagKa_Hangover,True,2.0,True,1.0,False,348,1758891913,0,,,,
teenindia,1nr0r8t,2025-09,ngawfv3,believe_in_gods_plan,True,3.0,True,4.0,False,190,1758892999,0,,,,
teenindia,1nr0r8t,2025-09,ngaxhvn,Impressive-Theme-818,True,4.0,False,,False,161,1758893342,0,802.9,6974.0,1148.0,True
teenindia,1nr0r8t,2025-09,ngawnpz,AddressCharming9129,True,5.0,False,,False,139,1758893070,0,437.0,48298.0,5146.0,True
teenindia,1nr0r8t,2025-09,ngaxhwk,EverydayScrolls_,True,6.0,False,,False,109,1758893342,0,267.3,1.0,5820.0,True
teenindia,1nr0r8t,2025-09,ngawtf6,Turbulent_Singer3041,True,7.0,False,,False,99,1758893121,0,,,,
teenindia,1nr0r8t,2025-09,ngawvfs,shubh7m_12,True,8.0,False,,False,55,1758893139,0,568.7,239.0,209.0,True
teenindia,1nr0r8t,2025-09,ngaykbl,WIKED_PENGUIN,True,9.0,False,,False,38,1758893693,0,374.4,101.0,986.0,True
teenindia,1nr0r8t,2025-09,ngayxtk,Upset-Passenger481,True,10.0,False,,False,37,1758893815,0,640.1,919.0,536.0,True
teenindia,1nr0r8t,2025-09,ngauw8b,MudittYadav,False,,True,3.0,False,29,1758892491,0,395.8,2022.0,21384.0,True
teenindia,1nr0r8t,2025-09,ngawjdp,ENDLESSDREAM30,False,,True,5.0,False,20,1758893031,0,255.7,79.0,1062.0,False
teenindia,1nbmsvp,2025-09,nd2wjjn,Potential_Jury_1003,True,1.0,True,2.0,False,124,1757337655,0,,,,
teenindia,1nbmsvp,2025-09,nd2t7dp,Moongfali4president,True,2.0,True,1.0,False,76,1757336493,0,582.1,79379.0,139846.0,True
teenindia,1nbmsvp,2025-09,nd2ykg3,unemployed_0,True,3.0,True,3.0,False,32,1757338338,0,542.2,150.0,380.0,False
teenindia,1nbmsvp,2025-09,nd3ejis,MedicalMadness1507,True,4.0,False,,False,25,1757343315,0,838.0,173.0,2649.0,True
teenindia,1nbmsvp,2025-09,nd330bx,Brave-Hawk-99,True,5.0,False,,False,22,1757339806,0,,,,
teenindia,1nbmsvp,2025-09,nd2zg1s,iceman___11,True,6.0,True,4.0,False,8,1757338634,0,316.7,831.0,24191.0,True
teenindia,1nbmsvp,2025-09,nd316xq,alphaswan360,True,7.0,True,5.0,False,8,1757339215,0,442.7,312.0,5449.0,True
teenindia,1nbmsvp,2025-09,nd7b3pc,mera-khel-khtm,True,8.0,False,,False,3,1757387633,0,362.6,17238.0,21276.0,False
teenindia,1nbmsvp,2025-09,nd3dysh,Fabulous-Ad9274,True,9.0,False,,False,3,1757343144,0,1105.1,36.0,848.0,True
teenindia,1nbmsvp,2025-09,nd3khzv,brettylian,True,10.0,False,,False,3,1757345126,0,519.6,1176.0,3176.0,True
teenindia,1nevhy3,2025-09,ndrs2pq,Moongfali4president,True,1.0,True,2.0,False,152,1757657647,0,582.1,79379.0,139846.0,True
teenindia,1nevhy3,2025-09,ndrsot6,Own_Coffee2051,True,2.0,True,3.0,False,146,1757657974,0,336.0,5112.0,13307.0,True
teenindia,1nevhy3,2025-09,ndrt19e,Such-Professor6228,True,3.0,True,4.0,False,51,1757658163,0,295.2,11.0,2160.0,True
teenindia,1nevhy3,2025-09,ndrxksj,Much-Ad1106,True,4.0,False,,False,47,1757660669,0,1510.2,1958.0,2506.0,True
teenindia,1nevhy3,2025-09,ndrrrif,Skully--_--,True,5.0,True,1.0,False,18,1757657478,0,1183.7,2141.0,61899.0,True
teenindia,1nevhy3,2025-09,ndryg46,Neon_Nav,True,6.0,False,,False,14,1757661172,0,,,,
teenindia,1nevhy3,2025-09,nds8h4m,Aromatic_Advance6026,True,7.0,False,,False,11,1757667167,0,1271.3,3827.0,54611.0,True
teenindia,1nevhy3,2025-09,nds10n3,Haestienn,True,8.0,False,,False,10,1757662678,0,287.1,3272.0,9731.0,True
teenindia,1nevhy3,2025-09,ndrtpzg,IronAshish,True,9.0,False,,False,10,1757658537,0,,,,
teenindia,1nevhy3,2025-09,ndrt6vd,manisssshhh,True,10.0,True,5.0,False,6,1757658247,0,1236.4,23.0,2623.0,True
teenindia,1nfcfd8,2025-09,ndvjkyu,Over_Replacement1,True,1.0,True,1.0,False,73,1757707242,0,,,,
teenindia,1nfcfd8,2025-09,ndylfwt,Bitstreamer_,True,2.0,False,,False,68,1757751228,0,274.1,1.0,11114.0,True
teenindia,1nfcfd8,2025-09,ndy96hk,DebtDowntown5609,True,3.0,True,3.0,False,11,1757744205,0,275.9,1.0,431.0,True
teenindia,1nfcfd8,2025-09,ndyeo28,GrowthAny2170,True,4.0,True,5.0,False,10,1757747280,0,,,,
teenindia,1nfcfd8,2025-09,ndy9n8a,PlantOrnery1953,True,5.0,True,4.0,False,10,1757744462,0,,,,
teenindia,1nfcfd8,2025-09,ndvlp75,MedicalMadness1507,True,6.0,True,2.0,False,0,1757707872,0,838.0,173.0,2649.0,True
teenindia,1nfamcj,2025-09,nduz0i7,Impossible-Water-907,True,1.0,True,1.0,False,528,1757701188,0,354.7,1632.0,1193.0,False
teenindia,1nfamcj,2025-09,ndv0rkd,picturine,True,2.0,False,,False,260,1757701698,0,431.9,5076.0,9042.0,True
teenindia,1nfamcj,2025-09,nduzqhx,Doomed_sailor_172,True,3.0,True,2.0,False,88,1757701398,0,412.3,1423.0,10233.0,True
teenindia,1nfamcj,2025-09,ndv195o,EverydayScrolls_,True,4.0,False,,False,82,1757701840,0,267.3,1.0,5820.0,True
teenindia,1nfamcj,2025-09,ndv5ef7,HumbleSprinkles6423,True,5.0,False,,False,37,1757703059,0,1321.1,490.0,9618.0,True
teenindia,1nfamcj,2025-09,ndv03va,shrady14,True,6.0,True,4.0,False,29,1757701507,0,268.8,20.0,5162.0,True
teenindia,1nfamcj,2025-09,ndv0okx,Silly-Age-420,True,7.0,True,5.0,False,28,1757701675,0,269.2,763.0,181.0,True
teenindia,1nfamcj,2025-09,ndvaec3,plbhattad7,True,8.0,False,,False,21,1757704533,0,1931.3,2906.0,10428.0,True
teenindia,1nfamcj,2025-09,nduzuff,Decent_Suspect6340,True,9.0,True,3.0,False,13,1757701430,0,273.0,35.0,806.0,True
teenindia,1nfamcj,2025-09,ndv2w6d,Spirited_Onion1693,True,10.0,False,,False,8,1757702319,0,476.7,39.0,239.0,True
teenindia,1nkx3n4,2025-09,nf1a4vk,Party-Addition2347,True,1.0,True,3.0,False,42,1758269069,0,1094.0,1.0,4181.0,False
teenindia,1nkx3n4,2025-09,nf17vf6,Dear-Temporary-2512,True,2.0,True,1.0,False,19,1758267729,0,494.7,4815.0,3183.0,True
teenindia,1nkx3n4,2025-09,nf1dgyk,iTzsam99,True,3.0,False,,False,19,1758271121,0,2496.1,1.0,4714.0,True
teenindia,1nkx3n4,2025-09,nf1bdij,NotMurphyLaw,True,4.0,False,,False,17,1758269825,0,316.3,372.0,5772.0,True
teenindia,1nkx3n4,2025-09,nf2nttt,Deep_Tackle9533,True,5.0,False,,False,7,1758290888,0,642.9,3364.0,12304.0,True
teenindia,1nkx3n4,2025-09,nf18pzb,Global-Still-8987,True,6.0,True,2.0,False,5,1758268231,0,,,,
teenindia,1nkx3n4,2025-09,nf1a83y,SadCalligrapher4407,True,7.0,True,4.0,False,5,1758269121,0,489.0,104.0,1113.0,True
teenindia,1nkx3n4,2025-09,nf1ag91,mediocre_avg_man,True,8.0,True,5.0,False,5,1758269261,0,1056.7,5099.0,3155.0,True
teenindia,1nkx3n4,2025-09,nf1ckn7,EpicAnkush27,True,9.0,False,,False,2,1758270563,0,736.8,1046.0,5422.0,True
teenindia,1nkx3n4,2025-09,nf1e4hu,thememernik,True,10.0,False,,False,2,1758271509,0,2100.8,167.0,2384.0,True
teenindia,1nal9o7,2025-09,ncv45os,ShenXVI,True,1.0,True,5.0,False,33,1757227220,0,719.6,2599.0,10147.0,True
teenindia,1nal9o7,2025-09,ncuzkhk,LucidParadoXx,True,2.0,True,4.0,False,13,1757224753,0,480.9,632.0,6736.0,True
teenindia,1nal9o7,2025-09,ncuz3do,Maximum-Section-4343,True,3.0,True,3.0,False,8,1757224497,0,292.3,1.0,23.0,True
teenindia,1nal9o7,2025-09,ncuyi48,Sva0101,True,4.0,True,2.0,False,7,1757224182,0,,,,
teenindia,1nal9o7,2025-09,ncvbvvw,RevolutionaryTap8339,True,5.0,False,,False,6,1757231353,0,510.0,413.0,1380.0,True
teenindia,1nal9o7,2025-09,ncuyapq,Lol_sam_,True,7.0,True,1.0,False,4,1757224074,0,278.1,183.0,191.0,True
teenindia,1nal9o7,2025-09,ncv6wev,tfissupergirl,True,8.0,False,,False,4,1757228666,0,286.3,96.0,82.0,True
teenindia,1nal9o7,2025-09,ncvahq7,just_tanma_y,True,6.0,False,,False,5,1757230590,0,,,,
teenindia,1nal9o7,2025-09,ncvkaqo,Tanmay-SEBA-student,True,9.0,False,,False,1,1757236111,0,509.5,1012.0,428.0,False
teenindia,1nal9o7,2025-09,ncvpnpl,Far_Patience2073,True,10.0,False,,False,1,1757239232,0,445.9,19176.0,29166.0,True
AskIndianWomen,1nk4mq8,2025-09,nev4d4l,Commercial-Flow8028,True,1.0,True,1.0,False,303,1758192087,0,1169.6,188.0,1193.0,True
AskIndianWomen,1nk4mq8,2025-09,nev4hbx,ThrowRa7636,True,2.0,True,2.0,False,247,1758192143,0,361.7,981.0,6378.0,True
AskIndianWomen,1nk4mq8,2025-09,nev59ei,sickpsychopathicfuck,True,3.0,True,4.0,False,86,1758192514,0,1020.6,8773.0,11734.0,True
AskIndianWomen,1nk4mq8,2025-09,nev91il,Anime_fan_21,True,4.0,False,,False,62,1758194233,0,2978.7,22164.0,23710.0,True
AskIndianWomen,1nk4mq8,2025-09,nevc2mk,MissionAntelope4602,True,5.0,False,,False,53,1758195526,0,1115.0,1202.0,35566.0,False
AskIndianWomen,1nk4mq8,2025-09,nev667c,Last-Comfortable-599,True,6.0,False,,False,42,1758192940,0,702.5,7290.0,9072.0,False
AskIndianWomen,1nk4mq8,2025-09,nev4wmm,animoro,True,10.0,True,3.0,False,33,1758192346,0,482.2,396.0,2521.0,False
AskIndianWomen,1nk4mq8,2025-09,nev8tly,Educational_Pea7069,True,7.0,False,,False,39,1758194135,0,1652.7,289.0,41974.0,True
AskIndianWomen,1nk4mq8,2025-09,nevcxqz,Ok_Monitor_22,True,8.0,False,,False,35,1758195877,0,469.9,5.0,2376.0,False
AskIndianWomen,1nk4mq8,2025-09,nev5h8j,Palanikutti,True,9.0,True,5.0,False,34,1758192617,0,2014.3,1376.0,6702.0,True
AskIndianWomen,1noduyw,2025-09,nfqtkjl,Anonymous-Desk5840,True,1.0,True,2.0,False,388,1758624451,0,1670.0,874.0,24048.0,True
AskIndianWomen,1noduyw,2025-09,nfqt96v,HappyYappyZappy,True,2.0,True,1.0,False,343,1758624297,0,275.0,709.0,12808.0,True
AskIndianWomen,1noduyw,2025-09,nfqtuba,PilotKind5736,True,3.0,True,4.0,False,91,1758624585,0,,,,
AskIndianWomen,1noduyw,2025-09,nfqv7tx,hillary987,True,4.0,True,5.0,False,52,1758625243,0,275.2,4311.0,878.0,True
AskIndianWomen,1noduyw,2025-09,nfqtr10,Flat-Gas-3764,True,5.0,True,3.0,False,40,1758624540,0,,,,
AskIndianWomen,1noduyw,2025-09,nfqvbtj,True-Book6878,True,6.0,False,,False,24,1758625295,0,864.9,24.0,36717.0,True
AskIndianWomen,1noduyw,2025-09,nfqwjr6,Possible-Try7251,True,7.0,False,,False,13,1758625859,0,982.9,80.0,2973.0,True
AskIndianWomen,1noduyw,2025-09,nfqxutr,MissionAntelope4602,True,8.0,False,,False,12,1758626456,0,1115.0,1202.0,35566.0,False
AskIndianWomen,1noduyw,2025-09,nfqvv8a,MonsterKiller112,True,9.0,False,,False,8,1758625543,0,1977.7,46.0,81052.0,True
AskIndianWomen,1nlzp4d,2025-09,nf946yo,DAA-007,True,1.0,True,2.0,False,941,1758378866,0,1290.1,430.0,6850.0,True
AskIndianWomen,1nlzp4d,2025-09,nf9570n,MissionAntelope4602,True,2.0,True,3.0,False,702,1758379175,0,1115.0,1202.0,35566.0,False
AskIndianWomen,1nlzp4d,2025-09,nf9a9wx,chillgoza001,True,3.0,False,,False,62,1758380736,0,1107.3,8164.0,5132.0,True
AskIndianWomen,1nlzp4d,2025-09,nf9czbp,Proper_Economics_299,True,5.0,False,,False,51,1758381574,0,1919.3,1.0,16091.0,True
AskIndianWomen,1nlzp4d,2025-09,nf957a7,boiledpotato_x,True,4.0,True,4.0,False,52,1758379178,0,759.9,4404.0,1728.0,True
AskIndianWomen,1nlzp4d,2025-09,nf9kwjj,Fearless_Presence487,True,6.0,False,,False,32,1758383994,0,1484.2,122.0,9682.0,True
AskIndianWomen,1nlzp4d,2025-09,nf9ad0n,iGuessYouReadIt,True,7.0,False,,False,28,1758380762,0,477.2,6.0,13742.0,True
AskIndianWomen,1nlzp4d,2025-09,nf98oqc,amanryzus,True,9.0,False,,False,23,1758380246,0,3037.7,385.0,1705.0,True
AskIndianWomen,1nlzp4d,2025-09,nf97f0q,Narrow-Try-5795,True,8.0,False,,False,25,1758379856,0,2140.5,1179.0,4307.0,True
AskIndianWomen,1nlzp4d,2025-09,nf95adq,TheUniqueBoii,True,10.0,True,5.0,False,19,1758379204,0,2109.3,830.0,78.0,True
AskIndianWomen,1nlzp4d,2025-09,nf93x2g,Unusual-Molasses5633,False,,True,1.0,False,7,1758378781,0,341.4,4535.0,78269.0,True
AskIndianWomen,1njbn8h,2025-09,nep3268,Dark-Dementor,True,1.0,True,5.0,False,400,1758113364,0,,,,
AskIndianWomen,1njbn8h,2025-09,nep3n3q,Gloomy_Tangerine3123,True,2.0,False,,False,136,1758113563,0,1877.2,20740.0,98389.0,True
AskIndianWomen,1njbn8h,2025-09,nep0jaa,PlaceLegitimate345,True,3.0,True,2.0,False,122,1758112464,0,1458.7,4389.0,4961.0,True
AskIndianWomen,1njbn8h,2025-09,nep36mk,Hafsa_Pathan,True,4.0,False,,False,55,1758113406,0,822.2,268.0,1545.0,True
AskIndianWomen,1njbn8h,2025-09,nepbmxy,CosmosHummingbird,True,5.0,False,,False,43,1758116233,0,1910.9,824.0,11603.0,True
AskIndianWomen,1njbn8h,2025-09,nep0jsh,BraveSidPapaya8,True,6.0,True,3.0,False,32,1758112469,0,684.7,1580.0,1683.0,True
AskIndianWomen,1njbn8h,2025-09,nep5vzx,usamahK,True,7.0,False,,False,29,1758114333,0,1186.7,3195.0,22040.0,True
AskIndianWomen,1njbn8h,2025-09,nep01mn,HappyYappyZappy,True,8.0,True,1.0,False,20,1758112281,0,275.0,709.0,12808.0,True
AskIndianWomen,1njbn8h,2025-09,nep1lzg,SofiaKazmi,True,9.0,True,4.0,False,14,1758112850,0,668.2,4623.0,1192.0,True
AskIndianWomen,1njbn8h,2025-09,neq7k25,Spirited_Trouble6412,True,10.0,False,,False,11,1758125715,0,1407.7,1775.0,9356.0,True
AskIndianWomen,1ncemye,2025-09,nd8ozsi,create-mayhem,True,1.0,False,,False,103,1757414261,0,480.0,144.0,2591.0,True
AskIndianWomen,1ncemye,2025-09,nd8n7en,Longjumping-Act6680,True,2.0,False,,False,83,1757413343,0,473.8,191.0,1392.0,True
AskIndianWomen,1ncemye,2025-09,nd8k9ke,1AMVaigaiPuyal,True,3.0,True,1.0,False,64,1757411735,0,302.0,59.0,29158.0,True
AskIndianWomen,1ncemye,2025-09,nd9dlhj,Jolly-Secretary1603,True,4.0,False,,False,27,1757424017,0,1617.0,420.0,2417.0,True
AskIndianWomen,1ncemye,2025-09,nd8lm5w,Mission-Task9838,True,5.0,True,5.0,False,24,1757412485,0,1120.8,1.0,4553.0,True
AskIndianWomen,1ncemye,2025-09,nd8sow9,Necessary_Bill320,True,6.0,False,,False,22,1757416017,0,1909.6,17.0,1198.0,True
AskIndianWomen,1ncemye,2025-09,nd8nrip,National-Pen4531,True,8.0,False,,False,13,1757413630,0,550.5,13.0,685.0,True
AskIndianWomen,1ncemye,2025-09,nd8s95q,Upper-Department106,True,7.0,False,,False,14,1757415816,0,1354.7,5.0,387.0,True
AskIndianWomen,1ncemye,2025-09,nd8v6gy,carnal_traveller,True,9.0,False,,False,11,1757417135,0,,,,
AskIndianWomen,1ncemye,2025-09,nd910fb,ForeverGotTheZoomies,True,10.0,False,,False,11,1757419518,0,541.8,691.0,3579.0,True
AskIndianWomen,1ncemye,2025-09,nd8lcbm,Ok_Relative_9314,False,,True,3.0,False,4,1757412334,0,887.1,835.0,2275.0,True
AskIndianWomen,1ncemye,2025-09,nd8kecr,Winter_Ad_5078,False,,True,2.0,False,4,1757411810,0,1447.1,234.0,4063.0,True
AskIndianWomen,1ncemye,2025-09,nd8ldse,aaaloooparathaaa,False,,True,4.0,False,3,1757412357,0,481.6,37.0,12095.0,True
AskIndianWomen,1njy11g,2025-09,neu3y9l,2loquaciouslobsters,True,1.0,False,,False,81,1758171626,0,1082.8,1132.0,8985.0,True
AskIndianWomen,1njy11g,2025-09,neu11jr,rae_is_rad,True,2.0,True,4.0,False,75,1758170241,0,3321.2,4389.0,14048.0,True
AskIndianWomen,1njy11g,2025-09,neuuqup,HaruWithaPotato,True,3.0,False,,False,73,1758186793,0,469.8,2040.0,2880.0,True
AskIndianWomen,1njy11g,2025-09,neu15c6,Old_Baby7468,True,4.0,True,5.0,False,44,1758170289,0,1014.5,4873.0,5527.0,True
AskIndianWomen,1njy11g,2025-09,netx6ft,TAbatgirl123456789,True,5.0,True,2.0,False,34,1758168494,0,1521.6,115.0,1431.0,False
AskIndianWomen,1njy11g,2025-09,netxc1h,Maleficent-Bobcat-50,True,6.0,True,3.0,False,31,1758168561,0,1882.7,906.0,19626.0,True
AskIndianWomen,1njy11g,2025-09,neu31sj,pearl_mermaid,True,7.0,False,,False,23,1758171189,0,1504.0,11774.0,90840.0,True
AskIndianWomen,1njy11g,2025-09,netwed8,chalnaa,True,8.0,True,1.0,False,16,1758168152,0,299.2,336.0,6975.0,True
AskIndianWomen,1njy11g,2025-09,neugsr8,pink-moon-dreams,True,9.0,False,,False,13,1758178491,0,335.3,11.0,3697.0,True
AskIndianWomen,1njy11g,2025-09,neu6wba,morethanapenny,True,10.0,False,,False,13,1758173112,0,2360.3,30.0,10656.0,True
AskIndianWomen,1n9laj6,2025-09,ncnwjzy,Zealousideal-32,True,1.0,True,2.0,False,370,1757123751,0,2170.2,3643.0,1412.0,True
AskIndianWomen,1n9laj6,2025-09,ncof6wk,BeerAndNachosAreLife,True,2.0,True,3.0,False,152,1757131036,0,2055.3,1003.0,49232.0,True
AskIndianWomen,1n9laj6,2025-09,ncpl8ul,Holiday_Passenger_38,True,3.0,False,,False,81,1757154282,0,1643.4,48.0,5052.0,True
AskIndianWomen,1n9laj6,2025-09,ncpkpbz,just_a_coginthewheel,True,4.0,False,,False,58,1757153971,0,1392.8,43105.0,169941.0,True
AskIndianWomen,1n9laj6,2025-09,ncpf5j5,FluxNoia,True,5.0,True,5.0,False,57,1757150618,0,477.0,66.0,938.0,True
AskIndianWomen,1n9laj6,2025-09,ncpb449,Princess_Neko802,True,6.0,True,4.0,False,51,1757148118,0,599.3,108.0,28068.0,True
AskIndianWomen,1n9laj6,2025-09,ncpfg6f,Daagdardoom,True,7.0,False,,False,48,1757150801,0,438.8,163.0,2121.0,True
AskIndianWomen,1n9laj6,2025-09,ncpm9qs,shantawashername,True,8.0,False,,False,40,1757154873,0,663.5,35.0,1279.0,False
AskIndianWomen,1n9laj6,2025-09,ncnfxzv,Successful-War4506,True,9.0,True,1.0,False,34,1757117857,0,703.7,4281.0,935.0,True
AskIndianWomen,1n9laj6,2025-09,ncrk8d0,Financial-Struggle67,True,10.0,False,,False,27,1757180328,0,1790.7,116.0,6260.0,True
AskIndianWomen,1nqss2j,2025-09,ng99otl,TA-desi-navigator-,True,1.0,True,3.0,False,202,1758863971,0,1816.2,662.0,10448.0,True
AskIndianWomen,1nqss2j,2025-09,ng9dq8i,Efficient_Duck_5596,True,2.0,False,,False,185,1758866134,0,477.1,24.0,1442.0,True
AskIndianWomen,1nqss2j,2025-09,ng9atqg,Unfair_Importance646,True,3.0,True,5.0,False,184,1758864577,0,484.0,1960.0,2293.0,True
AskIndianWomen,1nqss2j,2025-09,ng9j4r3,Personal-Fan-1993,True,4.0,False,,False,59,1758869112,0,1466.7,327.0,1125.0,True
AskIndianWomen,1nqss2j,2025-09,ng9awro,1AMVaigaiPuyal,True,5.0,False,,False,35,1758864623,0,302.0,59.0,29158.0,True
AskIndianWomen,1nqss2j,2025-09,ng9e2d8,Important_Menu4937,True,6.0,False,,False,32,1758866316,0,1350.9,5239.0,12917.0,True
AskIndianWomen,1nqss2j,2025-09,ng9af3a,DAA-007,True,7.0,True,4.0,False,28,1758864359,0,1290.1,430.0,6850.0,True
AskIndianWomen,1nqss2j,2025-09,ng9g3hg,Foreign-Dentist6291,True,8.0,False,,False,25,1758867423,0,,,,
AskIndianWomen,1nqss2j,2025-09,ng99mst,DecentProfession5012,True,10.0,True,2.0,False,23,1758863941,0,2057.8,720.0,6541.0,True
AskIndianWomen,1nqss2j,2025-09,ng9nggy,Winter-Ladder-3591,True,9.0,False,,False,24,1758871575,0,1385.7,340.0,27670.0,True
AskIndianWomen,1nqss2j,2025-09,ng99bxu,Additional_Army_6347,False,,True,1.0,False,16,1758863784,0,471.2,544.0,3995.0,True
AskIndianWomen,1ns3hc0,2025-09,ngj2szn,GoodIntelligent2867,True,1.0,True,5.0,False,425,1759001214,0,2041.0,1.0,72176.0,True
AskIndianWomen,1ns3hc0,2025-09,ngj6fr7,Ak885544,True,2.0,False,,False,159,1759002368,0,1874.6,301.0,2339.0,True
AskIndianWomen,1ns3hc0,2025-09,ngj0i6e,Affectionate_Hour168,True,3.0,True,1.0,False,133,1759000480,0,1259.8,2047.0,1705.0,True
AskIndianWomen,1ns3hc0,2025-09,ngj64g4,hailasushi,True,4.0,False,,False,68,1759002271,0,1936.1,3892.0,7300.0,True
AskIndianWomen,1ns3hc0,2025-09,ngj18jm,red12358,True,5.0,True,2.0,False,67,1759000712,0,3580.0,154.0,1461.0,True
AskIndianWomen,1ns3hc0,2025-09,ngj2ny0,Vadapaav84,True,6.0,True,4.0,False,31,1759001170,0,1694.3,81.0,9471.0,True
AskIndianWomen,1ns3hc0,2025-09,ngj5agx,starry_nite_,True,7.0,False,,False,31,1759002007,0,835.0,8.0,3737.0,True
AskIndianWomen,1ns3hc0,2025-09,ngj5k0n,Nybbc2397,True,9.0,False,,False,24,1759002091,0,1231.0,1028.0,11882.0,True
AskIndianWomen,1ns3hc0,2025-09,ngj7asy,Telugu_pacman,True,8.0,False,,False,27,1759002639,0,460.3,1753.0,3514.0,True
AskIndianWomen,1ns3hc0,2025-09,ngj7bxd,Equivalent_Rent_2798,True,10.0,False,,False,19,1759002648,0,393.6,119.0,1228.0,True
AskIndianWomen,1ns3hc0,2025-09,ngj2ceg,teddy-789,False,,True,3.0,False,19,1759001067,0,1875.2,371.0,341.0,True
AskIndianWomen,1nj5cgg,2025-09,nentvg2,WitChBLadE_in,True,1.0,True,2.0,False,175,1758090255,0,1806.7,646.0,146256.0,True
AskIndianWomen,1nj5cgg,2025-09,nenvsba,lost_a_dominantlotus,True,2.0,True,4.0,False,134,1758091341,0,329.6,3286.0,2981.0,True
AskIndianWomen,1nj5cgg,2025-09,nensvdr,stara1995,True,3.0,True,1.0,False,106,1758089695,0,647.9,5003.0,18174.0,True
AskIndianWomen,1nj5cgg,2025-09,nenumww,Ok_baggu,True,4.0,True,3.0,False,53,1758090688,0,1779.1,5562.0,58294.0,True
AskIndianWomen,1nj5cgg,2025-09,neny7w8,Unlikely_Option_,True,5.0,False,,False,42,1758092723,0,,,,
AskIndianWomen,1nj5cgg,2025-09,nenxswu,chsri,True,7.0,False,,False,23,1758092484,0,2179.7,57.0,2639.0,True
AskIndianWomen,1nj5cgg,2025-09,nenzhsy,Advanced_Sundae_97,True,6.0,False,,False,24,1758093474,0,1075.4,17.0,1130.0,True
AskIndianWomen,1nj5cgg,2025-09,neo2kdt,One_Advice3052,True,8.0,False,,False,16,1758095340,0,1010.0,176.0,2314.0,False
AskIndianWomen,1nj5cgg,2025-09,neo8ghm,hopeless_SM,True,9.0,False,,False,16,1758098955,0,640.0,421.0,2617.0,True
AskIndianWomen,1nj5cgg,2025-09,nenxo90,Peter_scully69,True,10.0,True,5.0,False,12,1758092410,0,,,,
IndianFood,1n8neh8,2025-09,ncgcl99,AsparagusVisible8015,True,1.0,True,3.0,False,143,1757024184,0,,,,
IndianFood,1n8neh8,2025-09,ncgkoda,bigdad912,True,2.0,True,5.0,False,45,1757026986,0,4161.6,954.0,2564.0,True
IndianFood,1n8neh8,2025-09,ncg8w3u,Carbon-Base,True,3.0,True,1.0,False,33,1757022974,0,1050.2,1.0,599198.0,True
IndianFood,1n8neh8,2025-09,ncgcpde,Nice_Carpet3663,True,4.0,True,4.0,True,26,1757024223,0,1877.9,5927.0,2284.0,True
IndianFood,1n8neh8,2025-09,ncgchja,Signal-Blackberry356,True,5.0,True,2.0,False,18,1757024150,0,,,,
IndianFood,1n8neh8,2025-09,ncgnt6g,lucdragon,True,6.0,False,,False,16,1757028052,0,1427.9,244.0,7301.0,True
IndianFood,1n8neh8,2025-09,nch16yo,Brilliant-Dare-5598,True,7.0,False,,False,14,1757032610,0,671.1,1.0,370.0,True
IndianFood,1n8neh8,2025-09,nci6lx5,KnowledgeAmazing7850,True,8.0,False,,False,12,1757048130,0,1705.6,525.0,4363.0,True
IndianFood,1n8neh8,2025-09,ncgp8yp,Locupleto,True,9.0,False,,False,7,1757028543,0,5758.0,6462.0,10432.0,True
IndianFood,1n8neh8,2025-09,ncjd8oa,RoninPilot7274,True,10.0,False,,False,7,1757071377,0,507.1,17542.0,58941.0,True
IndianFood,1nfqgex,2025-09,ndyd5s4,britolaf,True,1.0,True,4.0,False,46,1757746425,0,,,,
IndianFood,1nfqgex,2025-09,ndyekem,AdJealous4951,True,2.0,True,5.0,False,27,1757747223,0,,,,
IndianFood,1nfqgex,2025-09,ndycrka,ValueLongjumping465,True,3.0,True,2.0,False,20,1757746204,0,1465.9,105.0,1045.0,True
IndianFood,1nfqgex,2025-09,ndyd1io,PretentiousPepperoni,True,4.0,True,3.0,False,17,1757746359,0,860.9,13615.0,11988.0,True
IndianFood,1nfqgex,2025-09,ndykcb1,Cosmic_StormZ,True,5.0,False,,False,13,1757750580,0,1681.0,2934.0,41941.0,True
IndianFood,1nfqgex,2025-09,ndympo3,SirCocainalot,True,8.0,False,,False,8,1757752002,0,2107.8,7496.0,9671.0,True
IndianFood,1nfqgex,2025-09,ndzm8m9,ScheduleSame258,True,6.0,False,,False,10,1757769554,0,1875.9,430.0,90432.0,True
IndianFood,1nfqgex,2025-09,ne06hbx,Specialist_Income_31,True,7.0,False,,False,9,1757776171,0,1556.8,2039.0,91693.0,True
IndianFood,1nfqgex,2025-09,ndyh5qr,Scamwau1,True,10.0,False,,False,6,1757748719,0,,,,
IndianFood,1nfqgex,2025-09,ndz2skd,Shame_Silent,True,9.0,False,,False,7,1757761321,0,1951.8,8.0,276.0,True
IndianFood,1nfqgex,2025-09,ndyc37k,The-Volumee,False,,True,1.0,False,2,1757745826,0,1953.4,2009.0,22448.0,True
IndianFood,1n6f8q2,2025-09,nbzm2ui,ishanjaved786,True,1.0,True,5.0,False,72,1756808039,0,,,,
IndianFood,1n6f8q2,2025-09,nbzl9gn,_Cake_554,True,2.0,True,2.0,False,48,1756807599,0,864.2,214.0,2649.0,True
IndianFood,1n6f8q2,2025-09,nbzlvk6,Introvert_kudi,True,3.0,True,3.0,False,22,1756807931,0,2130.2,182.0,7730.0,True
IndianFood,1n6f8q2,2025-09,nc00cii,DesiPrideGym23,True,4.0,False,,False,10,1756814514,0,946.3,6271.0,36346.0,True
IndianFood,1n6f8q2,2025-09,nbzlz15,BreadfruitFun4613,True,5.0,True,4.0,False,5,1756807982,0,1024.1,74.0,8516.0,True
IndianFood,1n6f8q2,2025-09,nbzpb22,billa-writes,True,6.0,False,,False,4,1756809685,0,759.3,77.0,463.0,True
IndianFood,1n6f8q2,2025-09,nc06z1r,ECrispy,True,7.0,False,,False,4,1756817048,0,5015.7,52884.0,98876.0,True
IndianFood,1n6f8q2,2025-09,nbzkz9j,SabziZindagi,True,8.0,True,1.0,False,3,1756807443,0,1078.2,1079.0,81528.0,True
IndianFood,1n6f8q2,2025-09,nbzqjgw,PretentiousPepperoni,True,9.0,False,,False,3,1756810270,0,860.9,13615.0,11988.0,True
IndianFood,1n6f8q2,2025-09,nc02o4d,Horror-Reflection243,True,10.0,False,,False,3,1756815440,0,299.0,421.0,2.0,True
IndianFood,1njsxog,2025-09,nesq55v,dustyroseinsand,True,1.0,True,1.0,False,77,1758152687,0,4178.7,362.0,1742.0,True
IndianFood,1njsxog,2025-09,nestv6z,arty_2003,True,2.0,True,3.0,False,37,1758153976,0,796.6,1.0,161.0,False
IndianFood,1njsxog,2025-09,nesr9bx,Noodleincidenthobbes,True,3.0,True,2.0,False,35,1758153065,0,306.3,242.0,24480.0,True
IndianFood,1njsxog,2025-09,neswhvm,ConfectionPleasant,True,4.0,True,5.0,False,24,1758154898,0,2174.8,1.0,275.0,True
IndianFood,1njsxog,2025-09,net1g4l,Educational-Duck-999,True,5.0,False,,False,7,1758156613,0,1491.0,302.0,10501.0,True
IndianFood,1njsxog,2025-09,neswf58,sslawyer88,True,6.0,True,4.0,False,6,1758154871,0,1146.7,73.0,5994.0,True
IndianFood,1njsxog,2025-09,netrrle,Lazy-Moment-7343,True,8.0,False,,False,3,1758166187,0,1905.4,133.0,2971.0,True
IndianFood,1njsxog,2025-09,netwa8c,Popspeye,True,7.0,False,,False,5,1758168102,0,1138.9,150.0,385.0,True
IndianFood,1njsxog,2025-09,news9hv,ill_detective_4869,True,9.0,False,,False,3,1758211964,0,1780.1,375.0,10735.0,True
IndianFood,1njsxog,2025-09,net6lwp,Randomaurat,True,10.0,False,,False,2,1758158383,0,2724.6,667.0,4243.0,True
IndianFood,1ned7h7,2025-09,ndntbf0,flaming_goldfish,True,1.0,True,4.0,False,168,1757608701,0,4411.3,517.0,8964.0,True
IndianFood,1ned7h7,2025-09,ndnrs58,curiousgaruda,True,2.0,True,1.0,False,29,1757608253,0,3030.7,3772.0,22627.0,True
IndianFood,1ned7h7,2025-09,ndnrwq9,deltastar123,True,3.0,True,2.0,False,29,1757608290,0,1327.1,405.0,22017.0,True
IndianFood,1ned7h7,2025-09,ndnt7n5,DesiPrideGym23,True,4.0,True,3.0,False,8,1757608671,0,946.3,6271.0,36346.0,True
IndianFood,1ned7h7,2025-09,ndntx8e,skand1995,True,5.0,False,,False,5,1757608877,0,2592.9,204.0,301.0,True
IndianFood,1ned7h7,2025-09,ndo23va,Ek_Chutki_Sindoor,True,6.0,False,,False,5,1757611193,0,1600.1,19.0,111128.0,True
IndianFood,1ned7h7,2025-09,ndo2eip,GirishPai,True,8.0,False,,False,3,1757611274,0,4282.2,164.0,11968.0,True
IndianFood,1ned7h7,2025-09,ndo2qxq,MountainviewBeach,True,9.0,False,,False,3,1757611370,0,799.1,3954.0,27191.0,False
IndianFood,1ned7h7,2025-09,ndoh5sl,Short_Ad_3943,True,7.0,False,,False,4,1757615346,0,425.9,494.0,4138.0,False
IndianFood,1ned7h7,2025-09,ndntbnj,Soft-Gold-7979,True,10.0,True,5.0,False,3,1757608703,0,1808.8,100.0,19982.0,True
IndianFood,1nr2hal,2025-09,ngb9inb,Confident_Abies_8655,True,1.0,True,1.0,False,62,1758897089,0,1319.6,2337.0,3128.0,True
IndianFood,1nr2hal,2025-09,ngb9xah,forelsketparadise1,True,2.0,True,2.0,False,30,1758897210,0,762.1,1.0,21899.0,False
IndianFood,1nr2hal,2025-09,ngbqykp,TA_totellornottotell,True,3.0,False,,False,9,1758902217,0,1464.8,9.0,231465.0,True
IndianFood,1nr2hal,2025-09,ngblfv1,bigkutta,True,4.0,True,5.0,False,6,1758900595,0,2831.7,13109.0,131166.0,True
IndianFood,1nr2hal,2025-09,ngbqpnp,OrcaLover62,True,5.0,False,,False,5,1758902142,0,504.3,1.0,463.0,True
IndianFood,1nr2hal,2025-09,ngccglw,andropogon09,True,6.0,False,,False,4,1758908399,0,5844.9,5609.0,322473.0,True
IndianFood,1nr2hal,2025-09,ngcmtdw,aihwao,True,7.0,False,,False,4,1758911434,0,3211.6,2044.0,17189.0,True
IndianFood,1nr2hal,2025-09,ngh2j0p,plotthick,True,8.0,False,,False,4,1758978388,0,3813.3,46433.0,523980.0,True
IndianFood,1nr2hal,2025-09,ngbcj8p,melvanmeid,True,9.0,True,4.0,False,3,1758897985,0,2644.3,709.0,7227.0,True
IndianFood,1nr2hal,2025-09,ngbwypk,Few-Researcher-818,True,10.0,False,,False,3,1758903944,0,802.7,16.0,1943.0,False
IndianFood,1nr2hal,2025-09,ngbc2mr,Radiant-Tangerine601,False,,True,3.0,False,2,1758897850,0,721.5,44.0,2423.0,True
IndianFood,1n5boct,2025-09,nbrh7n5,buntingbilly,True,1.0,True,1.0,False,110,1756690058,0,2638.5,37.0,13805.0,False
IndianFood,1n5boct,2025-09,nbrhn1m,waterflood21,True,2.0,True,2.0,False,45,1756690218,0,1349.9,2460.0,15592.0,True
IndianFood,1n5boct,2025-09,nbri6z7,SheddingCorporate,True,3.0,True,4.0,False,35,1756690427,0,3106.1,5968.0,149486.0,True
IndianFood,1n5boct,2025-09,nbrjova,nari-bhat,True,4.0,False,,False,30,1756691001,0,1658.1,153.0,10062.0,True
IndianFood,1n5boct,2025-09,nbrkggf,Torkin,True,5.0,False,,False,15,1756691287,0,5377.8,4927.0,32145.0,True
IndianFood,1n5boct,2025-09,nbrnezr,Dragon_puzzle,True,6.0,False,,False,8,1756692378,0,2103.3,480.0,3377.0,True
IndianFood,1n5boct,2025-09,nbrlr55,KingTribble,True,8.0,False,,False,6,1756691770,0,3358.8,14129.0,21045.0,True
IndianFood,1n5boct,2025-09,nbrw948,qdz166,True,7.0,False,,False,7,1756695771,0,4292.3,850.0,9612.0,True
IndianFood,1n5boct,2025-09,nbrlx2m,jakartacatlady,True,9.0,False,,False,6,1756691832,0,2312.2,252.0,14346.0,True
IndianFood,1n5boct,2025-09,nbs27zr,DivineSky5,True,10.0,False,,False,6,1756698276,0,1064.7,1.0,3050.0,True
IndianFood,1n5boct,2025-09,nbri6yq,Educational-Duck-999,False,,True,5.0,False,4,1756690427,0,1491.0,302.0,10501.0,True
IndianFood,1n5boct,2025-09,nbri073,curious_they_see,False,,True,3.0,False,3,1756690357,0,1393.8,953.0,15372.0,True
IndianFood,1ns8fye,2025-09,ngkr6xn,fancypantsmiss,True,1.0,True,2.0,False,11,1759022129,0,363.3,26438.0,75978.0,False
IndianFood,1ns8fye,2025-09,ngk30s3,Drwynyllo,True,2.0,True,1.0,False,5,1759013171,0,371.1,4329.0,71769.0,True
IndianFood,1ns8fye,2025-09,ngm8h8b,mchp92,True,3.0,True,5.0,False,5,1759047322,0,2708.6,3005.0,13636.0,True
IndianFood,1ns8fye,2025-09,ngnu838,ECrispy,True,4.0,False,,False,5,1759072721,0,5015.7,52884.0,98876.0,True
IndianFood,1ns8fye,2025-09,ngllnut,ECrispy,True,5.0,True,3.0,False,4,1759034801,0,5015.7,52884.0,98876.0,True
IndianFood,1ns8fye,2025-09,nglmtrm,rubberrider,True,6.0,True,4.0,False,2,1759035380,0,2418.8,16230.0,8698.0,True
IndianFood,1ns8fye,2025-09,ngmptb9,totallypri,True,7.0,False,,False,2,1759057541,0,1056.8,99.0,134.0,True
IndianFood,1ns8fye,2025-09,ngy58ei,1mveryconfused,True,8.0,False,,False,2,1759203069,0,2182.4,2767.0,27606.0,True
IndianFood,1ns8fye,2025-09,o1g6boa,jasmine_fragnant,True,9.0,False,,False,2,1769272139,0,891.9,44.0,10.0,True
IndianFood,1ns8fye,2025-09,o2qeo64,No-Whole7509,True,10.0,False,,False,2,1769831996,0,469.8,31.0,108.0,True
IndianFood,1n65ata,2025-09,nbxzxrp,Silent_Spectator_04,True,1.0,True,3.0,False,20,1756778654,0,2223.1,2572.0,13266.0,True
IndianFood,1n65ata,2025-09,nby354s,Upper_Jackfruit_4724,True,3.0,True,4.0,False,6,1756779848,0,1928.7,205.0,5153.0,True
IndianFood,1n65ata,2025-09,nby6gx0,fancypantsmiss,True,2.0,True,5.0,False,7,1756781105,0,363.3,26438.0,75978.0,False
IndianFood,1n65ata,2025-09,nby6pf0,LingoNerd64,True,5.0,False,,False,5,1756781197,0,473.4,68567.0,35830.0,True
IndianFood,1n65ata,2025-09,nbyzq6o,AdJealous4951,True,4.0,False,,False,6,1756794957,0,,,,
IndianFood,1n65ata,2025-09,nbzell8,nomnommish,True,6.0,False,,False,4,1756803724,0,4077.7,15569.0,242311.0,False
IndianFood,1n65ata,2025-09,nc0dzyx,nvgroups,True,7.0,False,,False,3,1756819480,0,4581.5,8170.0,13691.0,True
IndianFood,1n65ata,2025-09,nbxmmva,uh-ohes,True,8.0,True,1.0,False,2,1756773746,0,5554.4,222.0,2044.0,True
IndianFood,1n65ata,2025-09,nbxz1g5,sphinxyhiggins,True,9.0,True,2.0,False,2,1756778314,0,1332.4,3957.0,75488.0,True
IndianFood,1n65ata,2025-09,nbynq0t,Minskdhaka,True,10.0,False,,False,2,1756788563,0,2298.7,2003.0,77087.0,True
IndianFood,1nk27i8,2025-09,neuqhfn,light_a_lamp,True,1.0,False,,False,41,1758184224,0,2080.0,157.0,1513.0,True
IndianFood,1nk27i8,2025-09,neus4y1,ScheduleSame258,True,2.0,False,,False,27,1758185220,0,1875.9,430.0,90432.0,True
IndianFood,1nk27i8,2025-09,neun97n,Great_Dimension_9866,True,3.0,True,1.0,False,21,1758182256,0,1673.8,33.0,5642.0,True
IndianFood,1nk27i8,2025-09,neuornc,beautiful_falcon776,True,4.0,True,4.0,False,17,1758183174,0,421.9,6090.0,6030.0,True
IndianFood,1nk27i8,2025-09,neuxl52,Introvert_kudi,True,5.0,False,,False,13,1758188485,0,2130.2,182.0,7730.0,True
IndianFood,1nk27i8,2025-09,neuqbk2,spsfaves100,True,6.0,False,,False,10,1758184124,0,301.2,7.0,972.0,True
IndianFood,1nk27i8,2025-09,new0rxl,masala-kiwi,True,7.0,False,,False,8,1758204056,0,688.3,2415.0,18004.0,True
IndianFood,1nk27i8,2025-09,neunvww,slice-of-eNVy,True,8.0,True,3.0,False,8,1758182637,0,1964.2,1773.0,27060.0,True
IndianFood,1nk27i8,2025-09,neuv6xa,revasen,True,9.0,False,,False,6,1758187063,0,2600.1,1597.0,30258.0,True
IndianFood,1nk27i8,2025-09,newafj7,witchy_cheetah,True,10.0,False,,False,5,1758206903,0,3612.7,653.0,52868.0,True
IndianFood,1nk27i8,2025-09,neupsc6,Illustrious-Bar9409,False,,True,5.0,False,5,1758183796,0,1135.0,538.0,249.0,True
IndianFood,1nk27i8,2025-09,neunooe,Accomplished_Bee_516,False,,True,2.0,False,2,1758182515,0,1424.2,867.0,278.0,True
