subreddit,post_id,collection_month,comment_id,author,in_top10,top10_rank,in_first5,first5_rank,is_submitter,comment_score,comment_created_utc,comment_depth,author_account_age_days,author_link_karma,author_comment_karma,author_verified_email
india,1t0z4q4,2026-05,ojcuugl,Unhappy_Tie240,True,1.0,True,4.0,False,658,1777656810,0,683.2,1.0,632.0,False
india,1t0z4q4,2026-05,ojcqud4,parody_of_life_,True,2.0,True,2.0,False,506,1777655729,0,1658.4,622.0,6432.0,True
india,1t0z4q4,2026-05,ojcs5gi,Primary-Editor-9288,True,3.0,True,3.0,False,418,1777656082,0,2086.0,6966.0,20110.0,True
india,1t0z4q4,2026-05,ojcx0ua,ABSofFe,True,4.0,False,,False,150,1777657393,0,50.4,4.0,570.0,True
india,1t0z4q4,2026-05,ojdgnpr,Arjun25bhatt,True,5.0,False,,False,141,1777662917,0,2240.4,234.0,12239.0,True
india,1t0z4q4,2026-05,ojcw5o6,nash3101,True,6.0,True,5.0,False,122,1777657161,0,2242.7,338.0,16741.0,True
india,1t0z4q4,2026-05,ojd9ere,FavedFakhtar,True,7.0,False,,False,56,1777660855,0,1744.4,1.0,322.0,True
india,1t0z4q4,2026-05,ojcynkd,rahulmaheshwari09,True,9.0,False,,False,43,1777657828,0,2058.8,4769.0,10574.0,True
india,1t0z4q4,2026-05,ojcpm4u,Proper_Ad_3778,True,8.0,True,1.0,False,47,1777655401,0,468.4,610.0,1398.0,True
india,1t0z4q4,2026-05,ojddzdu,Siddchat,True,10.0,False,,False,34,1777662148,0,1932.5,2548.0,31847.0,True
india,1tblx4d,2026-05,olhpnsn,Warm-Geologist001,True,1.0,False,,False,910,1778638782,0,1709.1,3121.0,115853.0,True
india,1tblx4d,2026-05,olhona2,hartej0608,True,2.0,True,2.0,False,736,1778638437,0,46.0,1.0,1138.0,False
india,1tblx4d,2026-05,olhp4zy,TheDustMan99,True,3.0,True,5.0,False,413,1778638601,0,2889.4,11.0,7653.0,True
india,1tblx4d,2026-05,olhoh4o,Unfair_Fact_8258,True,4.0,True,1.0,False,367,1778638380,0,922.8,3549.0,56249.0,False
india,1tblx4d,2026-05,olhrflf,Due_Special6544,True,5.0,False,,False,236,1778639391,0,1924.6,188.0,507.0,True
india,1tblx4d,2026-05,olhp1cp,Silly-Twist993,True,6.0,True,4.0,False,220,1778638566,0,48.3,1.0,503.0,True
india,1tblx4d,2026-05,olhoqfq,mrlikrsh,True,7.0,True,3.0,False,85,1778638467,0,2203.9,3238.0,4211.0,True
india,1tblx4d,2026-05,oli6om6,Brilliant_Meal_2653,True,8.0,False,,False,77,1778645277,0,757.1,1.0,18880.0,True
india,1tblx4d,2026-05,oli0ces,Full_Stress7370,True,9.0,False,,False,54,1778642708,0,1773.0,740.0,20405.0,True
india,1tblx4d,2026-05,olhutvb,bolt_958,True,10.0,False,,False,52,1778640600,0,421.0,1.0,1515.0,True
india,1t3croj,2026-05,oju4eda,subhasish10,True,1.0,True,2.0,False,953,1777887746,0,2202.8,3998.0,218759.0,True
india,1t3croj,2026-05,oju8bhy,astrodevilster91,True,2.0,False,,False,726,1777889725,0,2049.3,657.0,2893.0,True
india,1t3croj,2026-05,oju5vh8,Flat_Web_7599,True,3.0,True,4.0,False,607,1777888505,0,2150.8,253.0,3045.0,True
india,1t3croj,2026-05,oju4vlg,Muted_Shoulder,True,4.0,True,3.0,False,511,1777887994,0,2332.5,28312.0,175549.0,True
india,1t3croj,2026-05,ojubuea,Enthonnade,True,5.0,False,,False,149,1777891394,0,220.6,21.0,7111.0,True
india,1t3croj,2026-05,oju41u9,Dry_Lack_2262,True,6.0,True,1.0,False,108,1777887564,0,1903.2,953.0,3651.0,True
india,1t3croj,2026-05,ojua1ij,Beginning-Discount61,True,7.0,False,,False,43,1777890555,0,,,,
india,1t3croj,2026-05,ojuec20,MushroomCautious2242,True,8.0,False,,False,41,1777892488,0,1167.1,4.0,315.0,False
india,1t3croj,2026-05,oju86i6,Embarrassed_Look9200,True,9.0,True,5.0,False,26,1777889657,0,425.0,19946.0,95234.0,True
india,1t3croj,2026-05,ojuac9v,1vim,True,10.0,False,,False,26,1777890696,0,1980.7,342.0,2628.0,True
india,1tjdhl5,2026-05,on0nsvp,No-Estimate2799,True,1.0,True,4.0,False,1510,1779350645,0,1744.7,227.0,1618.0,True
india,1tjdhl5,2026-05,on0ndt3,Aarti22,True,2.0,True,2.0,False,685,1779350420,0,2114.5,10.0,3255.0,True
india,1tjdhl5,2026-05,on0nxhv,kingjuliothe5th,True,3.0,False,,False,585,1779350715,0,1543.7,2525.0,9044.0,True
india,1tjdhl5,2026-05,on0nucd,StayingUp4AFeeling,True,4.0,True,5.0,False,416,1779350667,0,1004.9,3312.0,90148.0,True
india,1tjdhl5,2026-05,on0pcxn,SteamXpc,True,5.0,False,,False,331,1779351484,0,3268.9,2124.0,4843.0,True
india,1tjdhl5,2026-05,on0oejz,Paree264,True,6.0,False,,False,324,1779350966,0,2888.1,1.0,332123.0,True
india,1tjdhl5,2026-05,on0onxa,donnagreylucy,True,7.0,False,,False,310,1779351107,0,599.7,4373.0,23074.0,True
india,1tjdhl5,2026-05,on0pfyh,kaachabadaam,True,8.0,False,,False,200,1779351531,0,62.1,856.0,13897.0,True
india,1tjdhl5,2026-05,on0oorb,One_Blank_space,True,9.0,False,,False,144,1779351120,0,2369.3,900.0,10411.0,True
india,1tjdhl5,2026-05,on0naz2,DielectricPikachu,True,10.0,True,1.0,False,91,1779350378,0,1296.1,1670.0,16264.0,True
india,1tjdhl5,2026-05,on0ne2t,Leather-Statement914,False,,True,3.0,False,53,1779350424,0,214.0,21.0,1362.0,True
india,1t2csrq,2026-05,ojmxprf,Realistic-Rip8692,True,1.0,True,3.0,False,679,1777789207,0,1621.1,990.0,2872.0,True
india,1t2csrq,2026-05,ojmwcjh,1647overlord,True,2.0,True,2.0,False,201,1777788502,0,2322.9,8752.0,25250.0,True
india,1t2csrq,2026-05,ojn0ci4,Salt_Cartographer80,True,3.0,True,5.0,False,68,1777790571,0,235.2,16206.0,1433.0,True
india,1t2csrq,2026-05,ojmxwgs,Realistic-Rip8692,True,4.0,True,4.0,False,45,1777789302,0,1621.1,990.0,2872.0,True
india,1t2csrq,2026-05,ojn1fon,powercut_in,True,5.0,False,,False,34,1777791134,0,1794.3,1274.0,2893.0,True
india,1t2csrq,2026-05,ojnbk41,Character_Trifle_801,True,6.0,False,,False,18,1777796544,0,531.7,372.0,6333.0,False
india,1t2csrq,2026-05,ojnvidc,Warm_Pen_5389,True,7.0,False,,False,12,1777806993,0,2122.8,525.0,2754.0,True
india,1t2csrq,2026-05,ojn5f11,rosanglura,True,8.0,False,,False,9,1777793242,0,4265.2,103.0,748.0,True
india,1t2csrq,2026-05,ojnaz6r,Z3Hexenal,True,9.0,False,,False,7,1777796225,0,3752.6,1721.0,1277.0,True
india,1t2csrq,2026-05,ojnjekb,MammothHousing7872,True,10.0,False,,False,4,1777800860,0,407.8,5.0,133.0,True
india,1t2csrq,2026-05,ojmw8h0,Common-Dress-9943,False,,True,1.0,False,1,1777788444,0,,,,
india,1t8an92,2026-05,okuxgqp,7thoseafterburners,True,1.0,True,3.0,False,777,1778348976,0,149.6,1.0,1217.0,True
india,1t8an92,2026-05,okv92n9,Primary-Editor-9288,True,2.0,False,,False,213,1778352548,0,2086.0,6966.0,20110.0,True
india,1t8an92,2026-05,okv0jeb,MadErection,True,3.0,True,4.0,False,196,1778349897,0,561.3,1.0,2691.0,True
india,1t8an92,2026-05,okurs8g,Due-Smoke8035,True,4.0,True,1.0,False,111,1778347286,0,443.7,5015.0,8446.0,True
india,1t8an92,2026-05,okuwug2,tilixr,True,5.0,True,2.0,False,75,1778348796,0,791.6,264.0,5392.0,True
india,1t8an92,2026-05,okv1f2n,Broad_Cartoonist_824,True,6.0,True,5.0,False,72,1778350166,0,1759.3,2630.0,3108.0,True
india,1t8an92,2026-05,okvs856,Accurate_Shift_3118,True,7.0,False,,False,44,1778358780,0,85.3,156.0,6173.0,True
india,1t8an92,2026-05,okv687j,avpai1992,True,8.0,False,,False,29,1778351647,0,1973.7,1.0,631.0,True
india,1t8an92,2026-05,okxlh8y,Silver-Excitement-80,True,9.0,False,,False,26,1778382653,0,2016.0,6465.0,31231.0,True
india,1t8an92,2026-05,okxythk,kawaiibeans101,True,10.0,False,,False,10,1778388400,0,2933.9,9346.0,3330.0,True
india,1tl62jq,2026-05,ondhy5t,rmk_1808,True,1.0,True,3.0,False,1240,1779510912,0,2085.3,31010.0,86559.0,True
india,1tl62jq,2026-05,ondgqis,Oldnbold22,True,2.0,True,1.0,True,1004,1779510354,0,97.3,5505.0,3552.0,True
india,1tl62jq,2026-05,ondgzzk,CanadianControlsTech,True,3.0,True,2.0,False,281,1779510475,0,2860.5,1.0,4983.0,True
india,1tl62jq,2026-05,ondpqjz,mrdrinksonme,True,4.0,False,,False,206,1779514675,0,3016.1,20230.0,55999.0,True
india,1tl62jq,2026-05,ondjba5,sharedevaaste,True,5.0,True,4.0,False,140,1779511544,0,2030.8,125749.0,21933.0,True
india,1tl62jq,2026-05,ondsqzv,profShadow07,True,6.0,False,,False,120,1779516182,0,2123.2,281.0,3265.0,True
india,1tl62jq,2026-05,ondpuid,Embarrassed_Look9200,True,7.0,False,,False,61,1779514729,0,425.0,19946.0,95234.0,True
india,1tl62jq,2026-05,ondmlf4,Lonely_Scholar955,True,8.0,False,,False,48,1779513119,0,2034.4,191.0,198.0,True
india,1tl62jq,2026-05,one1vl4,sabrinachuchundhar,True,9.0,False,,False,47,1779520899,0,69.8,2799.0,15024.0,True
india,1tl62jq,2026-05,ondzes4,Uncertn_Laaife,True,10.0,False,,False,33,1779519610,0,2950.8,1017.0,283243.0,True
india,1tl62jq,2026-05,ondloo3,bhodrolok,False,,True,5.0,False,18,1779512675,0,4005.9,698695.0,251065.0,True
india,1tbarqa,2026-05,olf9jtj,Akshayyyyyyyyyyyyyyy,True,1.0,True,1.0,False,200,1778611799,0,238.8,9064.0,1108.0,True
india,1tbarqa,2026-05,olfctrx,bongmadchen,True,2.0,True,2.0,False,92,1778612682,0,2850.8,467.0,12408.0,True
india,1tbarqa,2026-05,olfkktv,TillGreat9631,True,3.0,False,,False,55,1778614796,0,1217.6,57411.0,5400.0,False
india,1tbarqa,2026-05,olfdywn,Educational_wolf_001,True,4.0,True,3.0,False,27,1778612992,0,614.3,378.0,265.0,True
india,1tbarqa,2026-05,olhh2km,ktka,True,5.0,False,,False,15,1778635887,0,5056.8,22164.0,161211.0,False
india,1tbarqa,2026-05,olfp6yq,MoveTheHeffalump,True,6.0,False,,False,12,1778616040,0,1251.3,1880.0,7153.0,True
india,1tbarqa,2026-05,olfwcmp,Panda-768,True,7.0,False,,False,9,1778617982,0,1559.3,1443.0,120048.0,True
india,1tbarqa,2026-05,olgvc09,MissionStatistician,True,8.0,False,,False,6,1778628660,0,2954.6,2444.0,85611.0,True
india,1tbarqa,2026-05,olgcurn,Legitimate-Leek4235,True,9.0,False,,False,5,1778622685,0,1422.6,117.0,6569.0,True
india,1tbarqa,2026-05,olffffz,dehati_galib,False,,True,4.0,False,2,1778613390,0,859.4,1.0,33862.0,False
india,1tbarqa,2026-05,olfp8bl,SnooOwls7646,True,10.0,False,,False,3,1778616050,0,2163.0,201.0,1522.0,True
india,1tbarqa,2026-05,olfgu0p,Legend-Found1,False,,True,5.0,False,1,1778613773,0,1496.1,11272.0,6791.0,True
india,1thu8tq,2026-05,ompx7sz,bzbeer,True,1.0,True,4.0,False,502,1779215681,0,2994.8,140.0,16760.0,True
india,1thu8tq,2026-05,ompnx8k,StorageDue808,True,2.0,True,1.0,False,272,1779213193,0,134.0,24.0,1046.0,False
india,1thu8tq,2026-05,omq5g1y,CuriousHelpful,True,3.0,False,,False,175,1779217891,0,796.6,6148.0,7202.0,True
india,1thu8tq,2026-05,omq6dd6,Crazypann,True,4.0,False,,False,162,1779218140,0,1985.5,413.0,3117.0,True
india,1thu8tq,2026-05,omq8lct,Meta-Morpheus-New,True,5.0,False,,False,142,1779218740,0,1656.8,8820.0,3907.0,True
india,1thu8tq,2026-05,ompor29,predator9494,True,6.0,True,2.0,False,111,1779213407,0,1900.6,1880.0,82881.0,True
india,1thu8tq,2026-05,omsi759,Karinaakkan,True,7.0,False,,False,84,1779244269,0,935.1,190.0,3219.0,True
india,1thu8tq,2026-05,omq4stj,ajkumartiwari,True,8.0,False,,False,74,1779217720,0,2441.2,702.0,290.0,True
india,1thu8tq,2026-05,omq2upk,apurav21,True,9.0,True,5.0,False,34,1779217190,0,2260.4,1.0,422.0,True
india,1thu8tq,2026-05,omsa5e3,Straight_Drive_7882,True,10.0,False,,False,17,1779241505,0,1603.0,138.0,7304.0,True
india,1thu8tq,2026-05,ompuiyt,msinghmsn,False,,True,3.0,False,5,1779214951,0,2433.9,17.0,3272.0,True
india,1tps4c4,2026-05,oob2csu,PuzzleheadedHead1787,True,1.0,True,1.0,False,704,1779940570,0,1288.2,1.0,1085.0,True
india,1tps4c4,2026-05,oob2fzh,NoNameDotCPP6769,True,2.0,True,2.0,False,199,1779940604,0,480.4,1.0,8021.0,True
india,1tps4c4,2026-05,oob2xny,No-Assignment7129,True,3.0,True,3.0,False,163,1779940797,0,2098.9,163676.0,72803.0,True
india,1tps4c4,2026-05,oob37lv,hellhound_1505,True,4.0,True,4.0,False,153,1779940906,0,548.9,796.0,12563.0,False
india,1tps4c4,2026-05,oob44w6,Sound_Less,True,5.0,True,5.0,False,38,1779941278,0,2703.0,953.0,22294.0,True
india,1tps4c4,2026-05,oobafs7,OkAuthor5971,True,6.0,False,,False,28,1779943912,0,1052.1,1.0,1757.0,True
india,1tps4c4,2026-05,oob92o6,sanyam303,True,7.0,False,,False,12,1779943331,0,4118.9,913.0,6469.0,True
india,1tps4c4,2026-05,oob6pcu,Budget-Turnover3231,True,8.0,False,,False,10,1779942336,0,51.0,2.0,10874.0,False
india,1tps4c4,2026-05,oobgsyv,avatarape,True,9.0,False,,False,9,1779946765,0,1659.7,1.0,854.0,True
india,1tps4c4,2026-05,oob9beu,Inj3kt0r,True,10.0,False,,False,7,1779943433,0,2011.0,15841.0,16604.0,True
BollyBlindsNGossip,1tcs19v,2026-05,olq48tg,Neat_Mechanic_7543,True,1.0,True,2.0,False,2878,1778747892,0,1672.8,287.0,67942.0,True
BollyBlindsNGossip,1tcs19v,2026-05,olq4zf1,EconomicsOptimal8621,True,2.0,True,4.0,False,618,1778748291,0,260.0,13.0,31358.0,True
BollyBlindsNGossip,1tcs19v,2026-05,olq8t94,lonely-girl128,True,3.0,False,,False,381,1778750327,0,1774.9,23.0,3191.0,True
BollyBlindsNGossip,1tcs19v,2026-05,olq6m7q,thisissk717,True,4.0,False,,False,164,1778749144,0,1593.1,277.0,48600.0,True
BollyBlindsNGossip,1tcs19v,2026-05,olq9het,wannabe_chatur,True,5.0,False,,False,144,1778750689,0,1307.7,6926.0,23535.0,True
BollyBlindsNGossip,1tcs19v,2026-05,olq5jjm,Visual_Equivalent_49,True,6.0,False,,False,107,1778748581,0,121.1,2731.0,7679.0,True
BollyBlindsNGossip,1tcs19v,2026-05,olq5505,Terrible_Turnover229,True,7.0,True,5.0,False,69,1778748372,0,1401.7,1568.0,127840.0,True
BollyBlindsNGossip,1tcs19v,2026-05,olq9m1j,Sansa_Baratheon,True,8.0,False,,False,54,1778750758,0,510.8,2238.0,44111.0,True
BollyBlindsNGossip,1tcs19v,2026-05,olq5fde,curious_gossiper,True,9.0,False,,False,51,1778748521,0,537.1,1.0,23465.0,True
BollyBlindsNGossip,1tcs19v,2026-05,olq46o3,akbarkapota,True,10.0,True,1.0,False,41,1778747859,0,1119.7,416.0,37063.0,True
BollyBlindsNGossip,1tcs19v,2026-05,olq4tbp,babubahadur,False,,True,3.0,False,31,1778748202,0,758.3,4459.0,6702.0,True
BollyBlindsNGossip,1trtx2o,2026-05,ooq5yr1,Mental-Dinner-6827,True,1.0,True,5.0,False,721,1780129269,0,198.9,7145.0,32871.0,True
BollyBlindsNGossip,1trtx2o,2026-05,ooq5n49,Interesting_Pay_4413,True,2.0,True,1.0,False,431,1780129096,0,2111.7,105.0,13176.0,True
BollyBlindsNGossip,1trtx2o,2026-05,ooq6abe,ContestSuspicious573,True,3.0,False,,False,404,1780129442,0,694.2,5327.0,116606.0,False
BollyBlindsNGossip,1trtx2o,2026-05,ooq810h,sizzicandy,True,4.0,False,,False,334,1780130378,0,2071.0,887.0,65694.0,True
BollyBlindsNGossip,1trtx2o,2026-05,ooq5nq0,Naaalaaa,True,5.0,True,2.0,False,194,1780129104,0,2187.0,2272.0,239854.0,False
BollyBlindsNGossip,1trtx2o,2026-05,ooq64v8,notmadhav,True,6.0,False,,False,130,1780129359,0,3534.1,408.0,10732.0,True
BollyBlindsNGossip,1trtx2o,2026-05,ooq5trv,Stunning-You8059,True,7.0,True,4.0,False,124,1780129194,0,57.9,1119.0,23570.0,True
BollyBlindsNGossip,1trtx2o,2026-05,ooq5s0w,Professional-Age1964,True,8.0,True,3.0,False,119,1780129169,0,349.9,10.0,1391.0,False
BollyBlindsNGossip,1trtx2o,2026-05,ooq8lf3,Riyal_talk,True,9.0,False,,False,63,1780130682,0,888.7,672.0,1825.0,True
BollyBlindsNGossip,1trtx2o,2026-05,ooq72kf,Bhindiismyfav,True,10.0,False,,False,57,1780129862,0,482.9,34620.0,9181.0,True
BollyBlindsNGossip,1te22eg,2026-05,olzca02,According-Ad687,True,1.0,True,5.0,False,755,1778864398,0,743.7,3160.0,30414.0,False
BollyBlindsNGossip,1te22eg,2026-05,olzchjz,GiveMeSomeSunshine3,True,2.0,False,,True,609,1778864457,0,448.8,1815823.0,223800.0,True
BollyBlindsNGossip,1te22eg,2026-05,olzgy31,Designer_Money7625,True,3.0,False,,False,273,1778865682,0,688.2,247.0,3855.0,True
BollyBlindsNGossip,1te22eg,2026-05,olzbsb6,mhfan_india,True,4.0,True,4.0,False,117,1778864263,0,2186.4,269.0,127885.0,True
BollyBlindsNGossip,1te22eg,2026-05,olzf1qg,CountyMaster7950,True,5.0,False,,False,85,1778865164,0,1167.3,445.0,3717.0,True
BollyBlindsNGossip,1te22eg,2026-05,olzdhsy,Guilty-Major-5627,True,6.0,False,,False,71,1778864736,0,36.1,3688.0,9187.0,True
BollyBlindsNGossip,1te22eg,2026-05,olzdacz,MalabarCadillac,True,7.0,False,,False,62,1778864679,0,2117.1,73.0,23789.0,True
BollyBlindsNGossip,1te22eg,2026-05,olzb4o0,Strict-Cup-6640,False,,True,1.0,False,47,1778864081,0,316.7,18676.0,21773.0,False
BollyBlindsNGossip,1te22eg,2026-05,olzkwbj,summercloudsadness,True,8.0,False,,False,52,1778866768,0,1374.6,1223218.0,254398.0,True
BollyBlindsNGossip,1te22eg,2026-05,olzhnnc,ns77,True,9.0,False,,False,52,1778865876,0,4639.4,849.0,24903.0,True
BollyBlindsNGossip,1te22eg,2026-05,olzerfi,TheFcukingLizardKing,True,10.0,False,,False,49,1778865085,0,35.6,7.0,1861.0,True
BollyBlindsNGossip,1te22eg,2026-05,olzbctw,longndfat,False,,True,2.0,False,29,1778864143,0,601.5,7.0,23544.0,True
BollyBlindsNGossip,1te22eg,2026-05,olzbrc4,Outside-Nature3754,False,,True,3.0,False,20,1778864256,0,1926.4,1267.0,6093.0,True
BollyBlindsNGossip,1t8zezm,2026-05,okydvqt,Antique-Feature-9355,True,1.0,True,3.0,False,1865,1778396013,0,581.1,206.0,7229.0,True
BollyBlindsNGossip,1t8zezm,2026-05,okye4im,dotforwardslash,True,2.0,True,4.0,False,1390,1778396144,0,80.2,67.0,3026.0,True
BollyBlindsNGossip,1t8zezm,2026-05,okydvnd,creativeforce06,True,3.0,True,2.0,False,1023,1778396011,0,594.3,53.0,182183.0,True
BollyBlindsNGossip,1t8zezm,2026-05,okygt9r,lanos23,True,4.0,False,,False,751,1778397610,0,2778.1,6456.0,55457.0,True
BollyBlindsNGossip,1t8zezm,2026-05,okyeckx,dillimunda,True,5.0,False,,False,262,1778396263,0,799.4,62415.0,16768.0,True
BollyBlindsNGossip,1t8zezm,2026-05,okygl7l,NaRaGaMo,True,6.0,False,,False,231,1778397485,0,2178.0,4104.0,259208.0,True
BollyBlindsNGossip,1t8zezm,2026-05,okydni9,kamleshsulochan,True,7.0,True,1.0,False,226,1778395889,0,279.7,198564.0,142366.0,True
BollyBlindsNGossip,1t8zezm,2026-05,okygj14,SaltWillingness6647,True,8.0,False,,False,211,1778397452,0,740.0,5332.0,11463.0,True
BollyBlindsNGossip,1t8zezm,2026-05,okyelpl,_Dumpling_2000,True,9.0,False,,False,158,1778396399,0,759.4,1087.0,6296.0,False
BollyBlindsNGossip,1t8zezm,2026-05,okyelae,Rude_Importance5294,True,10.0,False,,False,133,1778396393,0,1404.1,54.0,18437.0,True
BollyBlindsNGossip,1t8zezm,2026-05,okye897,rocked_ribbed_human,False,,True,5.0,False,71,1778396199,0,576.2,194.0,35403.0,True
BollyBlindsNGossip,1tb70z6,2026-05,olei2te,Acceptable_Mango_312,True,1.0,False,,False,885,1778604531,0,603.2,1521.0,6773.0,False
BollyBlindsNGossip,1tb70z6,2026-05,oleg5h8,Shaitaan-Haiwan,True,2.0,True,2.0,False,638,1778604015,0,601.6,62112.0,55075.0,True
BollyBlindsNGossip,1tb70z6,2026-05,olegq8j,retrochips,True,3.0,False,,False,338,1778604171,0,169.2,30010.0,25287.0,True
BollyBlindsNGossip,1tb70z6,2026-05,olei23g,DinDan26,True,4.0,False,,False,188,1778604526,0,744.8,403.0,1052.0,True
BollyBlindsNGossip,1tb70z6,2026-05,olek73f,Euphoric-Log-7362,True,5.0,False,,False,129,1778605080,0,44.4,27.0,702.0,True
BollyBlindsNGossip,1tb70z6,2026-05,oleg3h6,bella__2004_,True,6.0,True,1.0,False,108,1778604000,0,1203.1,3049.0,56932.0,True
BollyBlindsNGossip,1tb70z6,2026-05,olep263,Available_Still3879,True,7.0,False,,False,82,1778606344,0,1195.1,10.0,2441.0,True
BollyBlindsNGossip,1tb70z6,2026-05,olehvri,NewMasterpiece3166,True,8.0,False,,False,52,1778604480,0,1899.8,58.0,5165.0,True
BollyBlindsNGossip,1tb70z6,2026-05,olegf0o,ananyamouslyyy,True,10.0,True,4.0,False,41,1778604086,0,391.7,4551.0,3523.0,True
BollyBlindsNGossip,1tb70z6,2026-05,olegceo,buriiiburiiizaimon,True,9.0,True,3.0,False,42,1778604067,0,71.2,293.0,1424.0,True
BollyBlindsNGossip,1tb70z6,2026-05,olegmye,Lane2815_,False,,True,5.0,False,23,1778604146,0,2130.8,12729.0,83149.0,True
BollyBlindsNGossip,1t89prr,2026-05,okujzsc,Cornucopia2020,True,1.0,True,3.0,False,2210,1778344964,0,2190.8,5396.0,106139.0,True
BollyBlindsNGossip,1t89prr,2026-05,okukkie,serenewithspark,True,2.0,True,5.0,False,798,1778345140,0,154.8,1.0,3773.0,True
BollyBlindsNGossip,1t89prr,2026-05,okuoqt8,shawerma114,True,3.0,False,,False,586,1778346388,0,672.0,122914.0,77360.0,True
BollyBlindsNGossip,1t89prr,2026-05,okujmkp,markelonn,True,4.0,True,2.0,False,482,1778344853,0,4619.7,21879.0,193345.0,True
BollyBlindsNGossip,1t89prr,2026-05,okuje72,EconomicsOptimal8621,True,5.0,True,1.0,False,398,1778344781,0,260.0,13.0,31358.0,True
BollyBlindsNGossip,1t89prr,2026-05,okux33h,Icy-Ad-365,True,6.0,False,,False,236,1778348868,0,1931.3,172.0,867.0,True
BollyBlindsNGossip,1t89prr,2026-05,okus9a1,zincovit,True,7.0,False,,False,174,1778347428,0,2078.6,2631.0,46625.0,True
BollyBlindsNGossip,1t89prr,2026-05,okul7b0,markelonn,True,8.0,False,,False,143,1778345331,0,4619.7,21879.0,193345.0,True
BollyBlindsNGossip,1t89prr,2026-05,okuk04u,HowFictionalAreYou,True,9.0,True,4.0,False,131,1778344967,0,2095.9,651.0,10749.0,True
BollyBlindsNGossip,1t89prr,2026-05,okus7p8,OverallShock1947,True,10.0,False,,False,131,1778347415,0,956.9,82.0,969.0,True
BollyBlindsNGossip,1tbrec5,2026-05,olippnn,vegarhoalpha,True,1.0,True,3.0,False,2559,1778654043,0,1281.8,35.0,247883.0,True
BollyBlindsNGossip,1tbrec5,2026-05,olipf8h,Seno1404,True,2.0,True,1.0,False,1042,1778653898,0,2456.0,46.0,116371.0,False
BollyBlindsNGossip,1tbrec5,2026-05,olipjlw,BTS_BLACKPINK_CHUU,True,3.0,True,2.0,False,688,1778653960,0,1223.4,12682.0,15620.0,True
BollyBlindsNGossip,1tbrec5,2026-05,olipppa,Imsongoku7,True,4.0,True,4.0,False,434,1778654044,0,840.9,16209.0,41894.0,True
BollyBlindsNGossip,1tbrec5,2026-05,oliptr5,Extra_Comfortable_36,True,5.0,False,,False,231,1778654101,0,1895.0,3.0,669.0,True
BollyBlindsNGossip,1tbrec5,2026-05,olipvkg,retrochips,True,6.0,False,,False,156,1778654126,0,169.2,30010.0,25287.0,True
BollyBlindsNGossip,1tbrec5,2026-05,oliq26p,Funny-Bit-4148,True,7.0,False,,False,123,1778654219,0,746.0,1630.0,23655.0,True
BollyBlindsNGossip,1tbrec5,2026-05,olisoiu,Darthnev,True,8.0,False,,False,55,1778655519,0,2871.9,184.0,2878.0,True
BollyBlindsNGossip,1tbrec5,2026-05,olipw8j,Efficient_Fly_9232,True,9.0,False,,False,50,1778654136,0,478.5,6649.0,32459.0,True
BollyBlindsNGossip,1tbrec5,2026-05,olipti9,Ok-Might-8839,True,10.0,True,5.0,False,48,1778654097,0,408.9,1683.0,2435.0,True
BollyBlindsNGossip,1t2n34g,2026-05,ojov1kl,thatonedesitraveller,True,1.0,True,5.0,False,898,1777819560,0,686.6,11693.0,47070.0,True
BollyBlindsNGossip,1t2n34g,2026-05,ojothw0,NoWalrus2071,True,2.0,True,2.0,False,380,1777819109,0,2129.2,25.0,4054.0,True
BollyBlindsNGossip,1t2n34g,2026-05,ojov7bn,CountyExisting7490,True,3.0,False,,False,318,1777819605,0,1104.7,1.0,3613.0,True
BollyBlindsNGossip,1t2n34g,2026-05,ojoxykm,dopaminetrip,True,4.0,False,,False,232,1777820389,0,2155.8,671.0,3817.0,True
BollyBlindsNGossip,1t2n34g,2026-05,ojp4k4h,solitarykeeper,True,6.0,False,,False,229,1777822255,0,3309.4,4220.0,26625.0,True
BollyBlindsNGossip,1t2n34g,2026-05,ojp3vs4,themaadi,True,5.0,False,,False,232,1777822061,0,112.8,1070.0,2463.0,True
BollyBlindsNGossip,1t2n34g,2026-05,ojowvk6,nonchalantdream,True,7.0,False,,False,201,1777820078,0,491.8,1.0,13651.0,True
BollyBlindsNGossip,1t2n34g,2026-05,ojott36,blessedbish2222,True,8.0,True,3.0,False,194,1777819200,0,632.9,1.0,2702.0,False
BollyBlindsNGossip,1t2n34g,2026-05,ojovc8v,CountyExisting7490,True,9.0,False,,False,156,1777819644,0,1104.7,1.0,3613.0,True
BollyBlindsNGossip,1t2n34g,2026-05,ojou0kt,Dazzling_Check4142,True,10.0,True,4.0,False,146,1777819260,0,1443.3,9840.0,28157.0,True
BollyBlindsNGossip,1t2n34g,2026-05,ojot9az,Few-Scholar1873,False,,True,1.0,False,75,1777819041,0,224.8,3145.0,21382.0,True
BollyBlindsNGossip,1tmbqfm,2026-05,onllknf,Professional_Bake48,True,1.0,False,,False,1070,1779629035,0,1037.1,17426.0,82251.0,False
BollyBlindsNGossip,1tmbqfm,2026-05,onlktw0,Guilty-Major-5627,True,2.0,True,5.0,False,1028,1779628781,0,36.1,3688.0,9187.0,True
BollyBlindsNGossip,1tmbqfm,2026-05,onlja6m,Old-Noise893,True,3.0,True,1.0,False,673,1779628248,0,1079.7,1.0,1888.0,True
BollyBlindsNGossip,1tmbqfm,2026-05,onlksq5,Slow-Fold-5706,True,4.0,True,4.0,False,468,1779628770,0,993.1,21271.0,36376.0,True
BollyBlindsNGossip,1tmbqfm,2026-05,onll20u,ContestSuspicious573,True,5.0,False,,False,464,1779628858,0,694.2,5327.0,116606.0,False
BollyBlindsNGossip,1tmbqfm,2026-05,onlp4fh,No_Grapefruit5494,True,6.0,False,,False,319,1779630223,0,986.2,67.0,945.0,True
BollyBlindsNGossip,1tmbqfm,2026-05,onlkyt0,Aggravating_Fan154,True,7.0,False,,False,174,1779628827,0,1566.6,115.0,1760.0,True
BollyBlindsNGossip,1tmbqfm,2026-05,onlkkyh,Big-Criticism-8926,True,8.0,True,3.0,True,157,1779628697,0,1721.4,39852.0,83439.0,False
BollyBlindsNGossip,1tmbqfm,2026-05,onlnop0,TinyTaco__97,True,9.0,False,,False,122,1779629748,0,395.1,8221.0,6501.0,True
BollyBlindsNGossip,1tmbqfm,2026-05,onllrs1,Odd-Ad-873,True,10.0,False,,False,66,1779629103,0,1833.7,636.0,6878.0,True
BollyBlindsNGossip,1tmbqfm,2026-05,onljo7w,markelonn,False,,True,2.0,False,35,1779628383,0,4619.7,21879.0,193345.0,True
BollyBlindsNGossip,1tf0n72,2026-05,om63j1k,thehottestofall_desp,True,1.0,True,1.0,False,512,1778954124,0,48.1,3717.0,853.0,True
BollyBlindsNGossip,1tf0n72,2026-05,om63wh9,MidnightWolf__,True,2.0,True,3.0,False,499,1778954235,0,480.3,130895.0,64401.0,True
BollyBlindsNGossip,1tf0n72,2026-05,om65qld,audreyNep,True,3.0,False,,False,426,1778954788,0,3256.5,121.0,11885.0,True
BollyBlindsNGossip,1tf0n72,2026-05,om6475t,palak_99,True,4.0,True,5.0,False,363,1778954323,0,376.1,476.0,2262.0,True
BollyBlindsNGossip,1tf0n72,2026-05,om6b0ri,OverallShock1947,True,5.0,False,,False,241,1778956424,0,956.9,82.0,969.0,True
BollyBlindsNGossip,1tf0n72,2026-05,om63ucp,berang_zindagi,True,6.0,True,2.0,False,219,1778954218,0,338.9,3095.0,12339.0,True
BollyBlindsNGossip,1tf0n72,2026-05,om63xjt,Efficient_Guava_5561,True,7.0,True,4.0,False,218,1778954244,0,1002.3,1231.0,87516.0,True
BollyBlindsNGossip,1tf0n72,2026-05,om65ztc,Successful_Cow_8713,True,8.0,False,,False,189,1778954866,0,418.1,102.0,26086.0,True
BollyBlindsNGossip,1tf0n72,2026-05,om65kn1,MaanBharGaya,True,9.0,False,,False,110,1778954738,0,34.9,1.0,7850.0,True
BollyBlindsNGossip,1tf0n72,2026-05,om67rgy,These-Royal6958,True,10.0,False,,False,84,1778955409,0,1806.6,286.0,3217.0,True
indiasocial,1tdkgrk,2026-05,olvxarc,Insideon1,True,1.0,True,1.0,False,788,1778816542,0,1391.3,10.0,3094.0,True
indiasocial,1tdkgrk,2026-05,olvy7gt,GlitchAFK_,True,2.0,True,5.0,False,430,1778816926,0,1754.5,9584.0,15623.0,True
indiasocial,1tdkgrk,2026-05,olvz4gi,DisciplineOk2391,True,3.0,False,,False,244,1778817326,0,1409.2,139.0,727.0,True
indiasocial,1tdkgrk,2026-05,olvz0rk,Game3362,True,4.0,False,,False,158,1778817281,0,539.3,664.0,5653.0,True
indiasocial,1tdkgrk,2026-05,olvyom0,AbleBarber7692,True,5.0,False,,False,58,1778817134,0,1532.8,7115.0,12670.0,True
indiasocial,1tdkgrk,2026-05,olvxtns,Novel-Following-937,True,6.0,True,2.0,False,52,1778816763,0,58.5,47.0,248.0,True
indiasocial,1tdkgrk,2026-05,olvz8bq,SubratBeast006,True,7.0,False,,False,31,1778817374,0,1676.9,14.0,2455.0,True
indiasocial,1tdkgrk,2026-05,olvy2iv,Bitter_Philosophy_20,True,9.0,True,4.0,False,18,1778816867,0,834.6,7407.0,3470.0,True
indiasocial,1tdkgrk,2026-05,olw6hi4,Crystal_9924,True,8.0,False,,False,19,1778820592,0,1915.8,1.0,29.0,True
indiasocial,1tdkgrk,2026-05,olvzc6r,Manish_B_reddit,True,10.0,False,,False,14,1778817421,0,2670.9,132.0,14088.0,True
indiasocial,1tdkgrk,2026-05,olvxwa6,FewAd9127,False,,True,3.0,False,6,1778816793,0,72.2,3051.0,1364.0,True
indiasocial,1tpxe6c,2026-05,ooc7ial,Ranger_Hawk3046,True,1.0,True,1.0,False,417,1779960095,0,390.1,123299.0,57317.0,True
indiasocial,1tpxe6c,2026-05,ooccaog,_too_much_tea,True,2.0,False,,False,392,1779962421,0,281.6,11571.0,4342.0,True
indiasocial,1tpxe6c,2026-05,oocd2po,Vega9narcissist,True,3.0,False,,False,56,1779962783,0,1731.4,1483.0,16495.0,True
indiasocial,1tpxe6c,2026-05,oocpcuj,Heyy_there_Delilah,True,4.0,False,,False,52,1779967918,0,1307.7,3862.0,16054.0,True
indiasocial,1tpxe6c,2026-05,ooc83io,Per-Volar-Sunata,True,5.0,True,2.0,False,50,1779960391,0,1175.1,15873.0,4382.0,True
indiasocial,1tpxe6c,2026-05,ooccbvw,SLAYERWorking92,True,6.0,False,,False,17,1779962437,0,1452.3,269.0,5763.0,True
indiasocial,1tpxe6c,2026-05,ooc8nv2,Dry_Ratio3658,True,7.0,True,4.0,False,12,1779960673,0,855.0,34.0,9048.0,True
indiasocial,1tpxe6c,2026-05,ooi8a0w,RiverAware9427,True,8.0,False,,False,11,1780027285,0,1066.1,6.0,2126.0,True
indiasocial,1tpxe6c,2026-05,ooc8iao,Longjumping_Mud_9827,True,10.0,True,3.0,False,7,1779960595,0,2053.8,1024.0,1159.0,True
indiasocial,1tpxe6c,2026-05,oocdc7p,Comfortable_Move6516,True,9.0,False,,False,8,1779962903,0,454.0,161.0,760.0,False
indiasocial,1tpxe6c,2026-05,ooc8pwc,coffee2400,False,,True,5.0,False,2,1779960701,0,1104.1,402.0,3926.0,True
indiasocial,1tejek5,2026-05,om2sucn,Additional_Guess_981,True,1.0,True,1.0,False,73,1778906366,0,225.0,80.0,219.0,True
indiasocial,1tejek5,2026-05,om2v6em,Vega9narcissist,True,2.0,True,2.0,False,58,1778907471,0,1731.4,1483.0,16495.0,True
indiasocial,1tejek5,2026-05,om2vxmr,Living-Lawfulness-63,True,3.0,True,4.0,False,37,1778907839,0,1156.2,3898.0,452.0,True
indiasocial,1tejek5,2026-05,om2vyqq,WrongdoerEmotional47,True,4.0,True,5.0,False,23,1778907854,0,2114.6,52.0,3909.0,True
indiasocial,1tejek5,2026-05,om35v7u,da_grownup_kid,True,5.0,False,,False,18,1778912868,0,1724.1,66697.0,11796.0,True
indiasocial,1tejek5,2026-05,om2vm8r,firephoenix_sam19,True,6.0,True,3.0,False,13,1778907686,0,2582.7,3721.0,33809.0,True
indiasocial,1tejek5,2026-05,om2z7p8,EntertainmentSome448,True,7.0,False,,False,8,1778909454,0,1217.9,851.0,15154.0,True
indiasocial,1tejek5,2026-05,om2wpn3,Vegetable_Egg_4606,True,8.0,False,,False,4,1778908215,0,651.1,1267.0,1193.0,True
indiasocial,1tejek5,2026-05,om36yt0,_MSdhoni_7,True,9.0,False,,False,2,1778913439,0,36.4,31.0,3015.0,True
indiasocial,1tejek5,2026-05,om3a2sk,Single_Writing_2319,True,10.0,False,,False,1,1778915056,0,95.3,1655.0,598.0,True
indiasocial,1tc3wsw,2026-05,ollab4v,contrarian1505,True,1.0,True,4.0,False,3817,1778688491,0,43.8,24.0,4005.0,True
indiasocial,1tc3wsw,2026-05,oll8lsh,Emotional_Disaster36,True,2.0,True,1.0,False,904,1778688036,0,1182.2,54.0,2032.0,True
indiasocial,1tc3wsw,2026-05,ollfj7f,Equivalent-Engine-11,True,3.0,False,,False,389,1778689884,0,1333.9,1799.0,3129.0,True
indiasocial,1tc3wsw,2026-05,ollg4c5,spidy0518,True,4.0,False,,False,305,1778690043,0,72.9,18697.0,2634.0,True
indiasocial,1tc3wsw,2026-05,oll8ylu,Ok_Constant_8405,True,5.0,True,3.0,False,242,1778688132,0,1138.9,2520.0,2476.0,True
indiasocial,1tc3wsw,2026-05,ollrtuf,60llum,True,6.0,False,,False,127,1778693115,0,1242.1,71107.0,24724.0,True
indiasocial,1tc3wsw,2026-05,ollgkt2,brobiski,True,7.0,False,,False,81,1778690169,0,1281.1,996.0,4072.0,True
indiasocial,1tc3wsw,2026-05,ollecvn,diggi923diggi,True,8.0,False,,False,78,1778689568,0,420.2,1.0,2337.0,True
indiasocial,1tc3wsw,2026-05,ollcizz,Agent_Rum,True,9.0,True,5.0,False,53,1778689081,0,351.7,4479.0,21013.0,False
indiasocial,1tc3wsw,2026-05,ollie8m,Ambitious_Emu355,True,10.0,False,,False,41,1778690661,0,864.7,26728.0,13988.0,True
indiasocial,1tc3wsw,2026-05,oll8tc7,RemoveMeifYoucan,False,,True,2.0,False,20,1778688092,0,26.6,13973.0,1278.0,True
indiasocial,1tbqv5z,2026-05,olimzo8,claws76,True,1.0,False,,False,555,1778652695,0,2245.5,1041.0,14153.0,True
indiasocial,1tbqv5z,2026-05,olio31c,Balavadan,True,2.0,False,,False,325,1778653232,0,3228.5,8231.0,124744.0,True
indiasocial,1tbqv5z,2026-05,olinnuw,wickanCrow,True,3.0,False,,False,193,1778653023,0,2804.5,3826.0,95049.0,True
indiasocial,1tbqv5z,2026-05,olinjyw,Chef-Racoon,True,4.0,False,,False,90,1778652970,0,359.0,288.0,14343.0,True
indiasocial,1tbqv5z,2026-05,olilyrr,Backbencher_1411,True,5.0,True,2.0,False,68,1778652197,0,28.2,459.0,771.0,True
indiasocial,1tbqv5z,2026-05,olimqwx,Skyflyer-2,True,6.0,True,4.0,False,47,1778652579,0,216.7,82837.0,12496.0,True
indiasocial,1tbqv5z,2026-05,olimbcj,knight_walkerz,True,7.0,True,3.0,False,32,1778652368,0,109.9,5028.0,545.0,True
indiasocial,1tbqv5z,2026-05,olipc9i,Responsible-Fun-7679,True,8.0,False,,False,27,1778653857,0,247.6,1.0,40.0,True
indiasocial,1tbqv5z,2026-05,oliv7io,Historical-Mud5845,True,9.0,False,,False,24,1778656798,0,838.6,1405.0,2623.0,True
indiasocial,1tbqv5z,2026-05,olimt8d,Abject-Activity6770,True,10.0,True,5.0,False,19,1778652610,0,145.1,15.0,69.0,True
indiasocial,1tbqv5z,2026-05,olilr1r,Kaleshi-guy,False,,True,1.0,False,9,1778652095,0,79.2,1.0,15902.0,True
indiasocial,1tmzhav,2026-05,onqgz8d,ResultWinter1753,True,1.0,True,1.0,False,2726,1779686943,0,447.2,495.0,4060.0,True
indiasocial,1tmzhav,2026-05,onqhi8d,SweetAd9113,True,2.0,True,4.0,False,1332,1779687202,0,497.9,1897.0,3047.0,True
indiasocial,1tmzhav,2026-05,onqhaft,htepO,True,3.0,True,2.0,False,749,1779687096,0,4241.2,72595.0,191635.0,True
indiasocial,1tmzhav,2026-05,onqk56q,alchemist1601,True,4.0,False,,False,377,1779688485,0,390.7,1.0,348.0,False
indiasocial,1tmzhav,2026-05,onqhfjd,Sweet_Explorer_225,True,5.0,True,3.0,False,301,1779687165,0,1345.8,6009.0,15307.0,True
indiasocial,1tmzhav,2026-05,onqhvww,Even_Benefit7131,True,6.0,True,5.0,False,105,1779687389,0,362.6,219.0,1477.0,True
indiasocial,1tmzhav,2026-05,onqi1pp,kaladin_stormchest,True,7.0,False,,False,60,1779687467,0,707.7,5.0,86408.0,True
indiasocial,1tmzhav,2026-05,onqiudg,selfsearch_28,True,8.0,False,,False,52,1779687855,0,598.1,1115.0,506.0,False
indiasocial,1tmzhav,2026-05,onqkeup,FilterKaapi7,True,9.0,False,,False,26,1779688615,0,928.3,570.0,8249.0,True
indiasocial,1tmzhav,2026-05,onqhyip,SabotageWeener,True,10.0,False,,False,23,1779687425,0,28.3,113.0,756.0,True
indiasocial,1tjdio5,2026-05,on0nm4t,Original-Theme-3986,True,1.0,True,4.0,False,706,1779350542,0,417.1,339.0,24317.0,True
indiasocial,1tjdio5,2026-05,on0n23b,Extra-Guarantee-9955,True,2.0,True,1.0,False,317,1779350250,0,128.4,1771.0,775.0,True
indiasocial,1tjdio5,2026-05,on0nfce,jacked_bhopali,True,3.0,True,3.0,False,274,1779350443,0,22.0,9.0,754.0,True
indiasocial,1tjdio5,2026-05,on0n6bi,Key_Baseball_2712,True,4.0,True,2.0,False,78,1779350311,0,456.1,13.0,2797.0,True
indiasocial,1tjdio5,2026-05,on0q7kv,S-A_G-A,True,5.0,False,,False,38,1779351951,0,1470.4,1807.0,1103.0,True
indiasocial,1tjdio5,2026-05,on0pl1e,PuzzleheadedCat3342,True,6.0,False,,False,37,1779351608,0,34.1,6185.0,370.0,True
indiasocial,1tjdio5,2026-05,on0q8st,YoitstheTeddyGuy,True,7.0,False,,False,35,1779351970,0,204.1,28768.0,9631.0,True
indiasocial,1tjdio5,2026-05,on0o9iv,orayan_6260,True,8.0,True,5.0,False,24,1779350893,0,1530.3,1.0,145.0,True
indiasocial,1tjdio5,2026-05,on0pffg,smokiezone,True,9.0,False,,False,10,1779351523,0,649.7,1080.0,2796.0,True
indiasocial,1tjdio5,2026-05,on0oh50,lildhoni,True,10.0,False,,False,7,1779351004,0,126.2,1044.0,432.0,True
indiasocial,1t2dycm,2026-05,ojn22hw,nageshkyo,True,1.0,True,4.0,False,640,1777791461,0,1971.3,5148.0,1932.0,True
indiasocial,1t2dycm,2026-05,ojn1thb,Idiotic_experimenter,True,2.0,True,3.0,False,285,1777791332,0,1139.9,1829.0,20833.0,True
indiasocial,1t2dycm,2026-05,ojn245r,wild-game,True,3.0,False,,False,100,1777791485,0,414.7,1000.0,464.0,False
indiasocial,1t2dycm,2026-05,ojn298x,Old-Contact-2682,True,4.0,False,,False,62,1777791561,0,715.1,70.0,25027.0,False
indiasocial,1t2dycm,2026-05,ojn2zep,Green_Squirrell,True,5.0,False,,False,52,1777791942,0,1069.9,1194.0,2670.0,True
indiasocial,1t2dycm,2026-05,ojn22m0,Dramatic_Big_3004,True,6.0,True,5.0,False,47,1777791463,0,892.1,19306.0,3657.0,True
indiasocial,1t2dycm,2026-05,ojn4816,MadKingZilla,True,7.0,False,,False,42,1777792599,0,2277.6,13154.0,59474.0,True
indiasocial,1t2dycm,2026-05,ojn18eh,Sidd280625,True,8.0,True,1.0,False,34,1777791031,0,453.7,218.0,779.0,True
indiasocial,1t2dycm,2026-05,ojn3mat,lazypingvin69,True,9.0,False,,False,17,1777792278,0,569.9,1.0,138.0,True
indiasocial,1t2dycm,2026-05,ojn65pe,UnknownWolfster,True,10.0,False,,False,12,1777793638,0,272.4,195.0,1480.0,True
indiasocial,1t2dycm,2026-05,ojn1h5k,krakyn_,False,,True,2.0,False,5,1777791156,0,57.2,255.0,1922.0,True
indiasocial,1tavmx8,2026-05,olc436d,NotPlayingCharacter,True,1.0,True,1.0,False,403,1778575862,0,585.3,1130.0,3148.0,True
indiasocial,1tavmx8,2026-05,olc4oho,heymanimfamous,True,2.0,True,3.0,False,304,1778576173,0,762.4,56344.0,23564.0,True
indiasocial,1tavmx8,2026-05,olc5a45,Shareef_Ladka01,True,3.0,True,5.0,False,113,1778576489,0,346.8,369.0,10453.0,True
indiasocial,1tavmx8,2026-05,olc4827,like_blood,True,4.0,True,2.0,False,54,1778575932,0,1230.6,6530.0,526.0,True
indiasocial,1tavmx8,2026-05,olc5c6o,4doorMoreWhore1,True,5.0,False,,False,50,1778576521,0,82.9,47.0,658.0,True
indiasocial,1tavmx8,2026-05,olc50cx,Thala7781I,True,7.0,True,4.0,False,24,1778576347,0,389.7,46.0,2313.0,True
indiasocial,1tavmx8,2026-05,olc72oe,IsmailBhaiKaBaigan,True,6.0,False,,False,25,1778577455,0,959.7,108.0,1651.0,True
indiasocial,1tavmx8,2026-05,olc5x8q,blaze_003,True,8.0,False,,False,17,1778576839,0,2741.6,912.0,5323.0,True
indiasocial,1tavmx8,2026-05,olc5lcl,NoLeading4657,True,9.0,False,,False,13,1778576660,0,1411.9,771.0,269.0,True
indiasocial,1tavmx8,2026-05,olc9u84,itzyourmother,True,10.0,False,,False,13,1778578906,0,3261.7,73.0,4142.0,True
indiasocial,1tka5bv,2026-05,on742ea,Ranger_Hawk3046,True,1.0,True,1.0,False,214,1779429988,0,390.1,123299.0,57317.0,True
indiasocial,1tka5bv,2026-05,on74qmq,donnagreylucy,True,2.0,True,5.0,False,116,1779430315,0,599.7,4373.0,23074.0,True
indiasocial,1tka5bv,2026-05,on74dew,Extra-Guarantee-9955,True,3.0,True,2.0,False,47,1779430136,0,128.4,1771.0,775.0,True
indiasocial,1tka5bv,2026-05,on755wp,aihrarshaikh68plus1,True,4.0,False,,False,20,1779430522,0,1772.1,7364.0,16560.0,True
indiasocial,1tka5bv,2026-05,on786to,Deep0055,True,5.0,False,,False,8,1779432024,0,95.1,1391.0,134.0,True
indiasocial,1tka5bv,2026-05,on79a6r,GearFiveAct,True,6.0,False,,False,5,1779432563,0,24.2,204.0,202.0,True
indiasocial,1tka5bv,2026-05,on74ei3,Kitchen_Engineer1332,True,7.0,True,3.0,False,4,1779430150,0,381.8,56351.0,41265.0,True
indiasocial,1tka5bv,2026-05,on74k5m,RoofOk733,True,8.0,True,4.0,False,3,1779430227,0,513.8,761.0,1749.0,True
indiasocial,1tka5bv,2026-05,on78kwb,Far_Cauliflower1949,True,9.0,False,,False,3,1779432218,0,68.9,15.0,14.0,True
indiasocial,1tka5bv,2026-05,on79bh0,geekykalyan,True,10.0,False,,False,3,1779432580,0,3295.9,54.0,40.0,True
developersIndia,1t5xr2o,2026-05,okdhwr4,nebula_phile,True,1.0,True,1.0,False,876,1778121433,0,1329.8,499.0,4610.0,True
developersIndia,1t5xr2o,2026-05,okdkg18,sunil100k,True,2.0,True,3.0,False,416,1778122337,0,1504.0,12.0,10945.0,False
developersIndia,1t5xr2o,2026-05,okdny7o,OwnStorm,True,3.0,True,4.0,False,263,1778123660,0,2893.0,33827.0,107465.0,True
developersIndia,1t5xr2o,2026-05,okdt7o4,Select-Use-9965,True,4.0,False,,False,172,1778125736,0,1488.1,3380.0,2081.0,True
developersIndia,1t5xr2o,2026-05,okdyuar,chin_87,True,5.0,False,,False,130,1778128090,0,2655.3,632.0,5013.0,True
developersIndia,1t5xr2o,2026-05,okdkesh,Glum_Response_4269,True,6.0,True,2.0,False,101,1778122325,0,1697.3,1247.0,1446.0,True
developersIndia,1t5xr2o,2026-05,okdvgy5,ashitintyo,True,7.0,False,,False,69,1778126666,0,2484.2,668.0,17972.0,True
developersIndia,1t5xr2o,2026-05,okdtffy,tanzero23,True,9.0,False,,False,57,1778125822,0,1526.3,64.0,896.0,True
developersIndia,1t5xr2o,2026-05,okdvipd,BrightChef4935,True,8.0,False,,False,59,1778126686,0,1843.3,74.0,6221.0,True
developersIndia,1t5xr2o,2026-05,oke6z47,batteryghost,True,10.0,False,,False,33,1778131825,0,772.0,252.0,15417.0,False
developersIndia,1t5xr2o,2026-05,okdpoec,rafookinidiot,False,,True,5.0,False,23,1778124337,0,338.8,47.0,777.0,True
developersIndia,1tc1171,2026-05,olkoob7,Sanat_Kumar96,True,1.0,True,1.0,False,385,1778682691,0,497.2,39.0,356.0,True
developersIndia,1tc1171,2026-05,olkso75,RegularRelationship6,True,2.0,True,4.0,False,115,1778683794,0,2035.9,47.0,238.0,True
developersIndia,1tc1171,2026-05,olksaor,Aggressive-Sense-457,True,3.0,True,3.0,False,111,1778683692,0,1857.7,11.0,183.0,True
developersIndia,1tc1171,2026-05,olkz90g,Salty_Lavishness8184,True,4.0,False,,False,67,1778685576,0,411.4,34.0,111.0,True
developersIndia,1tc1171,2026-05,olkqhi5,saw_him,True,5.0,True,2.0,False,50,1778683196,0,2740.2,11831.0,5841.0,True
developersIndia,1tc1171,2026-05,olkwg31,National_Fee_8346,True,6.0,False,,False,31,1778684821,0,661.2,1.0,30.0,False
developersIndia,1tc1171,2026-05,olkubno,cleandotdirty,True,7.0,True,5.0,False,11,1778684242,0,1073.8,827.0,467.0,True
developersIndia,1tc1171,2026-05,olli7oo,Short-Information859,True,8.0,False,,False,10,1778690612,0,1933.9,1.0,17.0,True
developersIndia,1tc1171,2026-05,ollcbku,Subject_Exchange5739,True,9.0,False,,False,4,1778689026,0,1824.6,1257.0,2628.0,True
developersIndia,1tc1171,2026-05,ollumn2,MrBalzini,True,10.0,False,,False,4,1778693849,0,1519.2,1379.0,24056.0,True
developersIndia,1t67jm4,2026-05,okffov4,Master-Turbo,True,1.0,True,1.0,False,314,1778153903,0,1440.2,172.0,1105.0,True
developersIndia,1t67jm4,2026-05,okfiofv,0xlostincode,True,2.0,True,2.0,False,128,1778155015,0,501.0,37258.0,82787.0,True
developersIndia,1t67jm4,2026-05,okfl91i,DesiBail,True,3.0,True,5.0,False,94,1778155935,0,1884.3,11312.0,110711.0,False
developersIndia,1t67jm4,2026-05,okflok2,Bipin_krish,True,4.0,False,,False,57,1778156084,0,1881.1,4350.0,6029.0,True
developersIndia,1t67jm4,2026-05,okfrf8s,miserableLad7,True,5.0,False,,False,28,1778157995,0,154.0,1148.0,3163.0,True
developersIndia,1t67jm4,2026-05,okfkj1a,LiveAccident5312,True,6.0,True,3.0,False,18,1778155679,0,464.6,171.0,642.0,True
developersIndia,1t67jm4,2026-05,okfpo2c,asyncYuvi,True,7.0,False,,False,15,1778157424,0,154.6,3.0,30.0,True
developersIndia,1t67jm4,2026-05,okfzwvk,driger11,True,8.0,False,,False,13,1778160614,0,1809.8,242.0,16946.0,True
developersIndia,1t67jm4,2026-05,okfl222,sateeshsai,True,9.0,True,4.0,False,8,1778155867,0,4408.7,26065.0,61145.0,True
developersIndia,1t67jm4,2026-05,okg5ngf,VivaLaAnhaa,True,10.0,False,,False,5,1778162293,0,329.0,12693.0,4289.0,False
developersIndia,1t2oobt,2026-05,ojpagyx,dankumemer,True,1.0,False,,False,634,1777823921,0,,,,
developersIndia,1t2oobt,2026-05,ojp7elm,happy-bonita,True,2.0,True,2.0,False,250,1777823058,0,342.0,34.0,2417.0,True
developersIndia,1t2oobt,2026-05,ojp8lza,tj_on_air,True,3.0,False,,False,124,1777823390,0,1943.7,1186.0,6107.0,True
developersIndia,1t2oobt,2026-05,ojpa4nz,HotBreakfast2205,True,4.0,False,,False,122,1777823823,0,614.4,330.0,5450.0,True
developersIndia,1t2oobt,2026-05,ojp7g4a,UntamingImpala,True,5.0,True,3.0,False,62,1777823070,0,228.8,2.0,90.0,True
developersIndia,1t2oobt,2026-05,ojpaejs,life_Bittersweet,True,6.0,False,,False,59,1777823902,0,862.0,197.0,3896.0,True
developersIndia,1t2oobt,2026-05,ojp71d9,nocomm_07,True,7.0,True,1.0,False,31,1777822953,0,1494.1,46.0,2222.0,True
developersIndia,1t2oobt,2026-05,ojp8kxd,anon_mistborn,True,8.0,True,5.0,False,26,1777823382,0,611.7,83.0,71.0,True
developersIndia,1t2oobt,2026-05,ojp7rgc,Adventurous-Nose5850,True,9.0,True,4.0,False,18,1777823157,0,451.8,680.0,2636.0,True
developersIndia,1t2oobt,2026-05,ojpbfex,riddle-me-piss,True,10.0,False,,False,15,1777824195,0,1057.0,14.0,1515.0,True
developersIndia,1t0uzwq,2026-05,ojbqwwl,Same_Requirement_371,True,1.0,True,2.0,False,805,1777645831,0,299.1,301.0,7017.0,True
developersIndia,1t0uzwq,2026-05,ojbu0du,Encrypted_Cerebrum,True,2.0,False,,False,680,1777646709,0,1250.2,502.0,17605.0,True
developersIndia,1t0uzwq,2026-05,ojbvn50,Clear_Storm_4880,True,3.0,False,,False,183,1777647166,0,838.6,2500.0,8820.0,True
developersIndia,1t0uzwq,2026-05,ojbqv3g,Halluxination,True,4.0,True,1.0,False,102,1777645816,0,1188.4,169.0,499.0,False
developersIndia,1t0uzwq,2026-05,ojbs5qb,Wooden_Seaweed8973,True,5.0,True,3.0,False,67,1777646185,0,327.2,176.0,560.0,False
developersIndia,1t0uzwq,2026-05,ojbtx6r,Easy-Stop-6538,True,7.0,False,,False,31,1777646683,0,1421.7,9.0,3843.0,True
developersIndia,1t0uzwq,2026-05,ojbtd5o,fear_zeus23,True,6.0,True,4.0,False,34,1777646527,0,1704.0,5.0,625.0,True
developersIndia,1t0uzwq,2026-05,ojbvcn5,EndChemical,True,8.0,False,,False,25,1777647085,0,2065.9,4354.0,61759.0,True
developersIndia,1t0uzwq,2026-05,ojbw66t,shakysgf,True,9.0,False,,False,19,1777647312,0,1928.6,1575.0,5867.0,True
developersIndia,1t0uzwq,2026-05,ojbtha1,Lumpytot,True,10.0,True,5.0,False,16,1777646559,0,263.0,388.0,548.0,True
developersIndia,1ta3gml,2026-05,ol7e500,Historical_Ad_8950,True,1.0,True,4.0,False,306,1778516633,0,2051.6,8.0,433.0,True
developersIndia,1ta3gml,2026-05,ol7er31,thecaveman96,True,2.0,True,5.0,False,162,1778516799,0,2894.5,1954.0,25182.0,True
developersIndia,1ta3gml,2026-05,ol7bly6,Distinct_Law_3708,True,3.0,True,1.0,False,55,1778515942,0,1480.8,1818.0,3560.0,True
developersIndia,1ta3gml,2026-05,ol7s4mn,wellfuckit2,True,4.0,False,,False,15,1778520373,0,3443.3,775.0,16082.0,True
developersIndia,1ta3gml,2026-05,ol7i60u,AKJ6,True,5.0,False,,False,10,1778517735,0,2318.9,3856.0,12401.0,True
developersIndia,1ta3gml,2026-05,ol7dwxw,https_rahul,True,6.0,True,3.0,False,6,1778516571,0,2835.0,13652.0,5896.0,True
developersIndia,1ta3gml,2026-05,ol7ny99,Heausty,True,7.0,False,,False,2,1778519269,0,1961.3,121.0,1421.0,True
developersIndia,1ta3gml,2026-05,ol7czzb,Emojers,True,8.0,True,2.0,False,1,1778516322,0,1869.7,5.0,53.0,True
developersIndia,1ta3gml,2026-05,ol7f06e,kewcumber_,True,9.0,False,,False,1,1778516868,0,2135.4,1791.0,71719.0,True
developersIndia,1ta3gml,2026-05,ol7jq7u,SerLaidaLot,True,10.0,False,,False,1,1778518155,0,4584.9,6767.0,53213.0,True
developersIndia,1t7a2ow,2026-05,okne42r,Separate_Parfait_539,True,1.0,True,2.0,False,574,1778251804,0,,,,
developersIndia,1t7a2ow,2026-05,oknh0om,MeAndTheSatan,True,2.0,True,4.0,False,292,1778252576,0,278.0,3292.0,11305.0,True
developersIndia,1t7a2ow,2026-05,oknms8y,Terrible-Tour-2336,True,3.0,False,,False,148,1778254101,0,1948.4,400.0,1442.0,True
developersIndia,1t7a2ow,2026-05,okndww1,Few-Suggestion-5270,True,4.0,True,1.0,False,107,1778251750,0,676.9,1.0,350.0,True
developersIndia,1t7a2ow,2026-05,oknhdvx,klitzyy,True,5.0,True,5.0,False,101,1778252674,0,1946.8,6.0,4160.0,True
developersIndia,1t7a2ow,2026-05,okniuo2,sucker210,True,6.0,False,,False,87,1778253064,0,1557.0,1689.0,11262.0,True
developersIndia,1t7a2ow,2026-05,oknpd6e,anymat01,True,7.0,False,,False,77,1778254776,0,2070.7,364.0,21273.0,False
developersIndia,1t7a2ow,2026-05,okniqqh,mr_dark_matter,True,8.0,False,,False,65,1778253035,0,3866.4,19.0,73.0,True
developersIndia,1t7a2ow,2026-05,oknkrdw,tera_chachu,True,9.0,False,,False,45,1778253567,0,1114.8,10521.0,192150.0,True
developersIndia,1t7a2ow,2026-05,okne9u7,HuckleberrySoggy1262,True,10.0,True,3.0,False,27,1778251846,0,618.3,31.0,302.0,True
developersIndia,1tqeis0,2026-05,oofqsu9,Prize_Dragonfruit355,True,1.0,True,1.0,False,823,1779998327,0,422.6,519.0,6922.0,True
developersIndia,1tqeis0,2026-05,oofrzp0,Traditional_Total148,True,2.0,True,3.0,False,275,1779998652,0,1675.3,1.0,408.0,True
developersIndia,1tqeis0,2026-05,oofrx61,Entire_One2271,True,3.0,True,2.0,False,167,1779998632,0,305.2,1.0,2412.0,False
developersIndia,1tqeis0,2026-05,oofsbn3,Due_Midnight9580,True,4.0,True,4.0,False,59,1779998742,0,971.0,1.0,435.0,True
developersIndia,1tqeis0,2026-05,oofsykx,hoodwork_clothing,True,5.0,True,5.0,False,57,1779998914,0,464.9,41.0,429.0,False
developersIndia,1tqeis0,2026-05,oofun6z,ElkWonderful2808,True,6.0,False,,False,44,1779999370,0,1085.0,872.0,2599.0,True
developersIndia,1tqeis0,2026-05,oofu6et,BlueJeans0707,True,8.0,False,,False,24,1779999243,0,181.3,608.0,8721.0,True
developersIndia,1tqeis0,2026-05,oofvd41,NakamericaIsANoob,True,7.0,False,,False,25,1779999566,0,1591.8,294.0,23159.0,True
developersIndia,1tqeis0,2026-05,oogd08r,I-Groot,True,9.0,False,,False,16,1780004503,0,1313.7,5209.0,17329.0,True
developersIndia,1tqeis0,2026-05,ooh889w,DoublePrecipation99,True,10.0,False,,False,8,1780014595,0,97.0,6.0,904.0,True
developersIndia,1t1f5j4,2026-05,ojg4eap,Majestic_Tear2224,True,1.0,False,,False,156,1777695488,0,1525.7,87.0,632.0,True
developersIndia,1t1f5j4,2026-05,ojg2h44,Latter_Board4949,True,2.0,True,1.0,False,58,1777694671,0,1680.8,344.0,4398.0,True
developersIndia,1t1f5j4,2026-05,ojg3uwe,seivarya,True,3.0,True,5.0,False,25,1777695257,0,176.2,493.0,128.0,True
developersIndia,1t1f5j4,2026-05,ojgbo8n,hemanthreddy056,True,4.0,False,,False,24,1777698883,0,2383.3,2525.0,3729.0,True
developersIndia,1t1f5j4,2026-05,ojgc3rw,ThePhantomThiefArc,True,5.0,False,,False,20,1777699092,0,269.9,26021.0,11463.0,True
developersIndia,1t1f5j4,2026-05,ojg6ty0,Anonymousweeb2520,True,6.0,False,,False,14,1777696585,0,726.0,1641.0,6269.0,True
developersIndia,1t1f5j4,2026-05,ojg7u1e,Psquare_J_420,True,7.0,False,,False,13,1777697044,0,1603.0,263.0,32484.0,True
developersIndia,1t1f5j4,2026-05,ojg306k,Wife-Dinner8000,True,8.0,True,2.0,False,13,1777694895,0,228.3,1.0,440.0,True
developersIndia,1t1f5j4,2026-05,ojg3ope,Few-Blueberry-1015,True,10.0,True,4.0,False,7,1777695184,0,1428.0,1028.0,2195.0,True
developersIndia,1t1f5j4,2026-05,ojgaqh7,neo_00_9,True,9.0,False,,False,8,1777698424,0,360.3,55.0,3793.0,True
developersIndia,1t1f5j4,2026-05,ojg3drz,kaneki882,False,,True,3.0,False,6,1777695056,0,1218.0,185.0,402.0,True
developersIndia,1ts14xz,2026-05,oormrcb,LunchConstant7149,True,1.0,True,2.0,False,141,1780151167,0,187.9,23.0,422.0,True
developersIndia,1ts14xz,2026-05,oorn1ew,No_Square_1378,True,2.0,True,3.0,False,46,1780151253,0,24.7,4.0,126.0,True
developersIndia,1ts14xz,2026-05,oorqlqs,DescriptionOk2466,True,3.0,False,,False,15,1780152337,0,343.6,108.0,676.0,True
developersIndia,1ts14xz,2026-05,oorrzdm,tom_lurks,True,5.0,False,,False,13,1780152750,0,529.8,528.0,2332.0,True
developersIndia,1ts14xz,2026-05,oosino5,Humble_Cost_2959,True,4.0,False,,False,14,1780160569,0,1077.0,19.0,95.0,True
developersIndia,1ts14xz,2026-05,oorqvlm,Various-Spirit7596,True,7.0,False,,False,7,1780152419,0,861.1,1.0,5.0,True
developersIndia,1ts14xz,2026-05,oos2q7d,stickyzbae,True,8.0,False,,False,7,1780155954,0,1216.4,7794.0,1147.0,True
developersIndia,1ts14xz,2026-05,oos7wu8,Administraitor69,True,6.0,False,,False,8,1780157467,0,1217.2,78.0,5828.0,True
developersIndia,1ts14xz,2026-05,oowsips,Certain_Fan_1902,True,9.0,False,,False,7,1780217322,0,362.0,18.0,109.0,True
developersIndia,1ts14xz,2026-05,ooroir8,_MiGi_0,True,10.0,True,5.0,False,3,1780151704,0,1687.9,133.0,7307.0,True
developersIndia,1ts14xz,2026-05,oorl8dc,BaniyaYT,False,,True,1.0,False,1,1780150698,0,1541.1,492.0,3534.0,True
developersIndia,1ts14xz,2026-05,oornbnx,Jumpy_Commercial_893,False,,True,4.0,False,1,1780151339,0,1008.6,3434.0,14139.0,True
IndiaCricket,1t9x5lt,2026-05,ol56k7c,sankkalp,True,1.0,True,2.0,False,727,1778488731,0,400.8,229.0,2388.0,True
IndiaCricket,1t9x5lt,2026-05,ol56v7r,misguidedkent,True,2.0,True,3.0,False,335,1778488895,0,2335.1,1.0,278930.0,True
IndiaCricket,1t9x5lt,2026-05,ol57wsn,Logical-Ad8410,True,3.0,False,,False,332,1778489450,0,47.0,17520.0,4759.0,True
IndiaCricket,1t9x5lt,2026-05,ol578a3,AdComprehensive5663,True,4.0,True,5.0,False,204,1778489091,0,1616.8,1.0,15761.0,True
IndiaCricket,1t9x5lt,2026-05,ol58zwd,bhandgogi123,True,5.0,False,,False,202,1778490030,0,52.7,1129.0,545.0,False
IndiaCricket,1t9x5lt,2026-05,ol56ah9,Much_Pomegranate7411,True,6.0,True,1.0,False,84,1778488581,0,395.7,1.0,370.0,True
IndiaCricket,1t9x5lt,2026-05,ol578hn,Hopeful-Bus4034,True,7.0,False,,False,35,1778489094,0,467.1,22.0,5610.0,False
IndiaCricket,1t9x5lt,2026-05,ol57m6u,Street_Letterhead105,True,8.0,False,,False,35,1778489294,0,1411.9,2154.0,33284.0,True
IndiaCricket,1t9x5lt,2026-05,ol59cam,mScofield_45,True,9.0,False,,False,23,1778490216,0,1049.2,16670.0,7843.0,True
IndiaCricket,1t9x5lt,2026-05,ol56vcz,Burgir007,True,10.0,True,4.0,False,21,1778488897,0,1627.0,1246.0,6185.0,True
IndiaCricket,1tt39ov,2026-05,oozl2j9,Klievee,True,1.0,True,2.0,False,461,1780252281,0,107.7,17396.0,6410.0,True
IndiaCricket,1tt39ov,2026-05,oozlam4,Plus_Cartoonist_2656,True,2.0,True,5.0,False,319,1780252344,0,706.8,774.0,7373.0,True
IndiaCricket,1tt39ov,2026-05,oozli3w,justkidding85,True,3.0,False,,False,200,1780252404,0,996.9,6750.0,2223.0,False
IndiaCricket,1tt39ov,2026-05,oozl4y8,aswiftie_maxx,True,4.0,True,4.0,False,92,1780252299,0,723.1,70.0,1794.0,True
IndiaCricket,1tt39ov,2026-05,oozl4j5,Striking-Draft-5481,True,5.0,True,3.0,False,88,1780252296,0,506.2,22827.0,12112.0,True
IndiaCricket,1tt39ov,2026-05,oozmxdc,Silver_Cry733,True,6.0,False,,False,70,1780252810,0,746.3,28136.0,58719.0,True
IndiaCricket,1tt39ov,2026-05,oozmv17,Rough-Signal-8643,True,7.0,False,,False,53,1780252792,0,1248.4,135.0,5360.0,True
IndiaCricket,1tt39ov,2026-05,oozlsig,EnidSnyder,True,8.0,False,,False,25,1780252487,0,741.5,5146.0,5729.0,True
IndiaCricket,1tt39ov,2026-05,ooznykn,mysandwichhhh,True,9.0,False,,False,23,1780253105,0,165.2,1.0,2755.0,False
IndiaCricket,1tt39ov,2026-05,oozqijr,tricky-_-monster,True,10.0,False,,False,19,1780253826,0,47.1,915.0,4689.0,True
IndiaCricket,1tt39ov,2026-05,oozkwqc,Middle-Stick20,False,,True,1.0,False,11,1780252235,0,12.9,672.0,434.0,True
IndiaCricket,1t54lqd,2026-05,ok7dkoe,0xIAmGame,True,1.0,True,2.0,False,200,1778049447,0,78.2,2850.0,1790.0,True
IndiaCricket,1t54lqd,2026-05,ok7cw1i,NumerousBranch1878,True,2.0,True,1.0,False,90,1778049101,0,,,,
IndiaCricket,1t54lqd,2026-05,ok7wl66,GODKiller1311,True,3.0,False,,False,57,1778059620,0,1845.1,5417.0,12479.0,True
IndiaCricket,1t54lqd,2026-05,ok7lfcw,Similar-Space9686,True,4.0,True,4.0,False,18,1778053547,0,57.7,845.0,3795.0,True
IndiaCricket,1t54lqd,2026-05,ok80c1h,Jugad,True,5.0,False,,False,13,1778061543,0,5516.5,1127.0,39859.0,True
IndiaCricket,1t54lqd,2026-05,ok7tulz,Fun_Self_Bk_1869,True,6.0,False,,False,7,1778058143,0,662.7,1.0,3510.0,True
IndiaCricket,1t54lqd,2026-05,okadmsm,Own-Dependent-4601,True,7.0,False,,False,6,1778088056,0,,,,
IndiaCricket,1t54lqd,2026-05,ok7hm13,Last_Locksmith_6876,True,8.0,True,3.0,False,5,1778051512,0,2111.4,1831.0,5023.0,True
IndiaCricket,1t54lqd,2026-05,ok80llv,ruchirguitar,True,9.0,False,,False,4,1778061676,0,4653.1,16733.0,5161.0,True
IndiaCricket,1t54lqd,2026-05,ok8l855,Overall_Cheesecake_3,True,10.0,False,,False,3,1778070070,0,1954.2,1184.0,14595.0,True
IndiaCricket,1t54lqd,2026-05,ok7tm5g,PositiveArachnid8976,False,,True,5.0,False,2,1778058012,0,590.8,1.0,12725.0,True
IndiaCricket,1tenzv1,2026-05,om3lca8,BeginningExciting379,True,1.0,True,4.0,False,538,1778921218,0,708.4,2694.0,29397.0,True
IndiaCricket,1tenzv1,2026-05,om3lan2,chill_fann,True,2.0,True,3.0,False,290,1778921191,0,65.4,17917.0,9370.0,True
IndiaCricket,1tenzv1,2026-05,om3l5mi,MasterpieceAsleep712,True,3.0,True,1.0,False,187,1778921116,0,1363.8,1229.0,5734.0,True
IndiaCricket,1tenzv1,2026-05,om3q5kp,iloveshawarma888,True,4.0,False,,False,119,1778923910,0,387.4,852.0,5118.0,True
IndiaCricket,1tenzv1,2026-05,om3l75q,SS_fan_175,True,5.0,True,2.0,False,71,1778921138,0,283.5,4260.0,5310.0,True
IndiaCricket,1tenzv1,2026-05,om3slsq,A_nervous_boy,True,6.0,False,,False,21,1778925240,0,1117.3,6.0,150.0,True
IndiaCricket,1tenzv1,2026-05,om3xhpw,kannyloam,True,7.0,False,,False,10,1778927779,0,186.9,43.0,228.0,True
IndiaCricket,1tenzv1,2026-05,om3mf3p,Kisjaturyuga55P,True,8.0,True,5.0,False,9,1778921810,0,721.0,1.0,174.0,True
IndiaCricket,1tenzv1,2026-05,om3vxgg,Sanivaramoduu,True,9.0,False,,False,5,1778926983,0,287.5,1.0,4196.0,True
IndiaCricket,1tenzv1,2026-05,om47zbx,sid_1207,True,10.0,False,,False,4,1778932506,0,1901.0,56.0,780.0,True
IndiaCricket,1t6bfvn,2026-05,okgomd1,Weak-County-6037,True,1.0,True,2.0,False,372,1778167472,0,1369.2,1036.0,10334.0,True
IndiaCricket,1t6bfvn,2026-05,okgv4h8,ramaze23,True,2.0,True,4.0,False,167,1778169172,0,2794.9,9601.0,73569.0,True
IndiaCricket,1t6bfvn,2026-05,okgyk5d,Overall_Cheesecake_3,True,3.0,True,5.0,False,53,1778170080,0,1954.2,1184.0,14595.0,True
IndiaCricket,1t6bfvn,2026-05,okgmu10,Independent-Dot5393,True,4.0,True,1.0,False,21,1778166996,0,103.9,10375.0,30839.0,True
IndiaCricket,1t6bfvn,2026-05,okgovjv,Bitter-Answer-5095,True,5.0,True,3.0,False,17,1778167540,0,97.1,1.0,154.0,True
IndiaCricket,1t6bfvn,2026-05,okgz3ld,shaun1601,True,6.0,False,,True,16,1778170222,0,2213.7,1557.0,268.0,True
IndiaCricket,1t6bfvn,2026-05,okhd8wr,Flat-Initiative-6164,True,7.0,False,,False,11,1778173961,0,554.2,1.0,124.0,True
IndiaCricket,1t6bfvn,2026-05,okhm95k,Lawliet_LXIV,True,8.0,False,,False,6,1778176310,0,,,,
IndiaCricket,1t6bfvn,2026-05,okhbl5m,One_Ad9549,True,9.0,False,,False,6,1778173524,0,1914.9,13.0,40206.0,True
IndiaCricket,1t6bfvn,2026-05,okht5j5,Icy_Wish_4718,True,10.0,False,,False,5,1778178157,0,1921.7,82.0,1504.0,True
IndiaCricket,1tp73te,2026-05,oo6fmpm,zorawarr_,True,1.0,True,1.0,False,523,1779891857,0,187.0,90594.0,34880.0,True
IndiaCricket,1tp73te,2026-05,oo6gdo7,Silver_Cry733,True,2.0,False,,False,211,1779892061,0,746.3,28136.0,58719.0,True
IndiaCricket,1tp73te,2026-05,oo6fn5g,Beneficial-Eye-3665,True,3.0,True,2.0,False,154,1779891860,0,525.7,20350.0,64340.0,True
IndiaCricket,1tp73te,2026-05,oo6gxc5,Affectionate-Bed472,True,4.0,False,,False,94,1779892210,0,244.9,98.0,1397.0,True
IndiaCricket,1tp73te,2026-05,oo6g17u,Zealousideal_Okra956,True,5.0,True,4.0,False,90,1779891967,0,1280.2,1.0,2303.0,True
IndiaCricket,1tp73te,2026-05,oo6frg8,TheTastiestMango,True,7.0,True,3.0,False,45,1779891893,0,955.9,9.0,519.0,True
IndiaCricket,1tp73te,2026-05,oo6gl2p,ZenithChaser69,True,6.0,False,,False,47,1779892116,0,1710.6,4477.0,27533.0,True
IndiaCricket,1tp73te,2026-05,oo6g48r,Electrical_Bobcat773,True,8.0,True,5.0,False,20,1779891989,0,234.7,280.0,651.0,True
IndiaCricket,1tp73te,2026-05,oo6ha4j,Adorable_Fox_3690,True,9.0,False,,False,18,1779892305,0,530.1,172.0,5384.0,True
IndiaCricket,1tp73te,2026-05,oo6hn7f,nallugutku,True,10.0,False,,False,17,1779892402,0,462.4,28761.0,114825.0,True
IndiaCricket,1thtmo9,2026-05,ompjg7h,quiteoutline,True,1.0,False,,False,939,1779212026,0,65.5,89.0,12334.0,True
IndiaCricket,1thtmo9,2026-05,ompgopy,Eng_cse07,True,2.0,True,2.0,False,743,1779211304,0,703.3,23.0,1264.0,True
IndiaCricket,1thtmo9,2026-05,ompgq1m,PureConstruction7286,True,3.0,True,3.0,False,269,1779211314,0,45.8,23398.0,3930.0,False
IndiaCricket,1thtmo9,2026-05,ompilxh,Legend-0014,True,4.0,False,,False,245,1779211804,0,560.3,2763.0,1338.0,False
IndiaCricket,1thtmo9,2026-05,ompiaiu,Calm_Description_947,True,5.0,False,,False,219,1779211721,0,532.2,8385.0,14358.0,False
IndiaCricket,1thtmo9,2026-05,omphvd2,Moonlight1314,True,6.0,True,5.0,False,124,1779211610,0,191.4,1807.0,12625.0,True
IndiaCricket,1thtmo9,2026-05,ompi1uy,Broken_S_mile,True,7.0,False,,False,79,1779211657,0,810.2,27097.0,25200.0,True
IndiaCricket,1thtmo9,2026-05,ompgvl7,Gold-Square8477,True,8.0,True,4.0,False,56,1779211354,0,1188.4,539.0,3367.0,True
IndiaCricket,1thtmo9,2026-05,ompmlih,No-Two-4864,True,9.0,False,,False,43,1779212851,0,2133.7,1.0,1941.0,True
IndiaCricket,1thtmo9,2026-05,ompjbsf,SkuLLFlankerr,True,10.0,False,,False,38,1779211993,0,888.4,56.0,10016.0,True
IndiaCricket,1thtmo9,2026-05,ompgmh2,Klutzy_Fisherman_727,False,,True,1.0,False,24,1779211288,0,639.4,3254.0,363.0,True
IndiaCricket,1thigfk,2026-05,omn7wkc,Thick-Sauce3668,True,1.0,True,5.0,False,409,1779186069,0,494.3,599.0,8016.0,True
IndiaCricket,1thigfk,2026-05,omn72we,Think-rudransh469,True,2.0,True,1.0,False,306,1779185672,0,65.1,1419.0,769.0,True
IndiaCricket,1thigfk,2026-05,omn7upg,deeparazz,True,3.0,True,4.0,False,116,1779186044,0,381.7,1179.0,194.0,True
IndiaCricket,1thigfk,2026-05,omn9kyh,jhadiwakr78,True,5.0,False,,False,63,1779186866,0,19.1,2.0,58.0,True
IndiaCricket,1thigfk,2026-05,omn921v,Street_Letterhead105,True,4.0,False,,False,66,1779186621,0,1411.9,2154.0,33284.0,True
IndiaCricket,1thigfk,2026-05,omn7j2x,Asewa-kun,True,6.0,True,3.0,False,59,1779185890,0,1391.7,6457.0,10028.0,True
IndiaCricket,1thigfk,2026-05,omn8qhb,Think-rudransh469,True,7.0,False,,False,39,1779186468,0,65.1,1419.0,769.0,True
IndiaCricket,1thigfk,2026-05,omn7hf8,Silly_Ad6468,True,8.0,True,2.0,False,33,1779185867,0,1287.7,2889.0,17196.0,True
IndiaCricket,1thigfk,2026-05,omnacyb,5missedcallsfromBCCI,True,9.0,False,,False,26,1779187222,0,594.7,136986.0,41832.0,True
IndiaCricket,1thigfk,2026-05,omn85ky,darthvaders_nuts,True,10.0,False,,False,19,1779186189,0,931.2,7874.0,69212.0,True
IndiaCricket,1t9wtgo,2026-05,ol5gxyg,Weird-Avocado-921,True,1.0,True,3.0,False,455,1778494166,0,60.8,2946.0,15940.0,False
IndiaCricket,1t9wtgo,2026-05,ol5psnw,Ok-Lawyer556,True,2.0,False,,False,362,1778498136,0,2113.7,326.0,1040.0,True
IndiaCricket,1t9wtgo,2026-05,ol5hvss,MediumGuy485,True,3.0,True,4.0,False,245,1778494623,0,698.2,915.0,4064.0,True
IndiaCricket,1t9wtgo,2026-05,ol5flad,Agitated-While-3863,True,4.0,True,2.0,False,51,1778493506,0,183.2,331.0,619.0,True
IndiaCricket,1t9wtgo,2026-05,ol5jz0o,Iexperience,True,5.0,True,5.0,False,48,1778495620,0,4071.9,20938.0,29272.0,True
IndiaCricket,1t9wtgo,2026-05,ol5fj22,Dependent_Rice_8948,True,6.0,True,1.0,False,16,1778493475,0,350.3,4372.0,5524.0,True
IndiaCricket,1t9wtgo,2026-05,ol5w0hu,Centeredrightbhakt05,True,8.0,False,,False,11,1778500581,0,444.6,2782.0,59294.0,True
IndiaCricket,1t9wtgo,2026-05,ol5q1so,boykadc,True,7.0,False,,False,12,1778498242,0,1025.5,17469.0,4839.0,True
IndiaCricket,1t9wtgo,2026-05,ol5z8rf,django_tango96,True,9.0,False,,False,6,1778501750,0,691.7,1402.0,544.0,False
IndiaCricket,1t9wtgo,2026-05,ol60jx4,zaku_daa,True,10.0,False,,False,5,1778502215,0,1646.4,1.0,2755.0,False
IndiaCricket,1t3l8he,2026-05,ojvxhgw,XTINCTVOID,True,1.0,False,,False,410,1777909955,0,405.1,2202.0,8522.0,True
IndiaCricket,1t3l8he,2026-05,ojvyorb,Odd_Force_5779,True,3.0,False,,False,233,1777910278,0,1827.7,1.0,320.0,True
IndiaCricket,1t3l8he,2026-05,ojvwz7f,Prash12345678910,True,2.0,True,3.0,False,235,1777909821,0,728.8,4106.0,8400.0,True
IndiaCricket,1t3l8he,2026-05,ojvwi9q,profthebox,True,4.0,True,2.0,False,125,1777909696,0,893.3,76.0,961.0,True
IndiaCricket,1t3l8he,2026-05,ojw627x,Icy-Cicada508,True,5.0,False,,False,48,1777912274,0,1813.7,1217.0,10793.0,True
IndiaCricket,1t3l8he,2026-05,ojvwepb,Pani_Paata_Em_Ledhu,True,6.0,True,1.0,False,36,1777909670,0,516.8,11604.0,15526.0,True
IndiaCricket,1t3l8he,2026-05,ojvxefo,popmeer_on_call,True,7.0,False,,False,34,1777909932,0,1250.3,506.0,14344.0,True
IndiaCricket,1t3l8he,2026-05,ojvx5eg,definitely_not_old,True,8.0,True,4.0,False,14,1777909866,0,630.1,584.0,21977.0,True
IndiaCricket,1t3l8he,2026-05,ojvyclq,69chamunda69,True,9.0,False,,False,14,1777910187,0,2232.9,12189.0,94232.0,True
IndiaCricket,1t3l8he,2026-05,ojwduc4,Lord_of_clans,True,10.0,False,,False,11,1777914362,0,719.2,15739.0,10286.0,True
IndiaCricket,1t3l8he,2026-05,ojvxa3z,roxyoverhere,False,,True,5.0,False,7,1777909901,0,346.8,1.0,27157.0,False
bollywood,1ta0zds,2026-05,ol5wju4,ThunderBird847,True,1.0,True,2.0,False,316,1778500776,0,1986.2,25283.0,259990.0,True
bollywood,1ta0zds,2026-05,ol5wd4a,MadKingZilla,True,2.0,True,1.0,False,125,1778500709,0,2277.6,13154.0,59474.0,True
bollywood,1ta0zds,2026-05,ol5wxs7,Solid-Grocery1360,True,3.0,True,3.0,False,53,1778500917,0,624.9,28.0,322.0,True
bollywood,1ta0zds,2026-05,ol5yd85,Ok-Stuff-9598,True,4.0,False,,False,33,1778501436,0,938.8,1.0,210.0,True
bollywood,1ta0zds,2026-05,ol5ykpt,Responsible_Oil1046,True,6.0,False,,False,18,1778501511,0,215.1,62587.0,27857.0,True
bollywood,1ta0zds,2026-05,ol5xxe1,SelectGrowth513,True,5.0,False,,False,19,1778501277,0,1701.1,400.0,32237.0,True
bollywood,1ta0zds,2026-05,ol5x6t5,CombinationObvious70,True,8.0,True,4.0,False,16,1778501010,0,1310.3,2153.0,22045.0,True
bollywood,1ta0zds,2026-05,ol5xj1b,OriginalLeoDas,True,7.0,True,5.0,False,18,1778501134,0,270.9,7463.0,35615.0,True
bollywood,1ta0zds,2026-05,ol5zwh8,Maximum_Wait1273,True,9.0,False,,False,6,1778501986,0,1547.1,2032.0,15256.0,True
bollywood,1ta0zds,2026-05,ol63vg7,Life_Engineering_617,True,10.0,False,,False,5,1778503371,0,613.1,1350.0,10217.0,True
bollywood,1t53r9z,2026-05,ok76vwy,Illustrious-Grape897,True,1.0,True,5.0,False,465,1778046129,0,900.9,9442.0,61443.0,True
bollywood,1t53r9z,2026-05,ok77dco,Billu_Billota,True,2.0,False,,False,285,1778046366,0,290.2,22.0,583.0,True
bollywood,1t53r9z,2026-05,ok7ezsj,meltinlife,True,3.0,False,,False,251,1778050172,0,2207.2,713.0,29503.0,True
bollywood,1t53r9z,2026-05,ok7890n,Konoha_ninja007,True,4.0,False,,False,175,1778046794,0,2608.1,2.0,1436.0,True
bollywood,1t53r9z,2026-05,ok78vid,PreoccupiedMind,True,5.0,False,,False,172,1778047100,0,1014.7,168.0,23008.0,True
bollywood,1t53r9z,2026-05,ok76sts,valmen01,True,6.0,True,4.0,False,93,1778046087,0,2820.0,627.0,12958.0,True
bollywood,1t53r9z,2026-05,ok78qoc,Illustrious-Grape897,True,7.0,False,,False,86,1778047034,0,900.9,9442.0,61443.0,True
bollywood,1t53r9z,2026-05,ok76178,mai_jo_hu_mai_hu,True,8.0,True,1.0,False,82,1778045712,0,63.3,1524.0,15387.0,True
bollywood,1t53r9z,2026-05,ok79evm,commanderchadd,True,9.0,False,,False,68,1778047362,0,795.8,86.0,830.0,True
bollywood,1t53r9z,2026-05,ok768cj,Aggressive-Finish955,False,,True,2.0,False,61,1778045808,0,1181.7,373.0,271.0,True
bollywood,1t53r9z,2026-05,ok7hacg,Pleasant-Language985,True,10.0,False,,False,64,1778051346,0,935.4,1.0,105.0,True
bollywood,1t53r9z,2026-05,ok76ie7,Hurdy_Gurdy_Man_84,False,,True,3.0,False,42,1778045946,0,1225.0,19799.0,174662.0,True
bollywood,1t7xvio,2026-05,oksbl53,ProProcastinator9999,True,1.0,True,3.0,False,293,1778312929,0,522.1,7.0,9229.0,True
bollywood,1t7xvio,2026-05,oks8vda,UndeadReborn,True,2.0,True,1.0,False,264,1778311426,0,691.5,93436.0,79847.0,True
bollywood,1t7xvio,2026-05,oksbk7i,tenduashroff,True,3.0,True,2.0,False,56,1778312915,0,2500.9,1894.0,20469.0,True
bollywood,1t7xvio,2026-05,oksl9iw,Local_Mango_29,True,4.0,False,,False,17,1778318627,0,499.2,266.0,872.0,True
bollywood,1t7xvio,2026-05,oksdbk9,WelcomeNo5497,True,5.0,True,4.0,False,13,1778313891,0,1504.2,775.0,710.0,True
bollywood,1t7xvio,2026-05,oksq0mo,hijki123,True,6.0,False,,False,10,1778321235,0,3428.3,170.0,4062.0,True
bollywood,1t7xvio,2026-05,okskhn2,Outrageous_Coffee518,True,7.0,True,5.0,False,10,1778318192,0,1321.6,1500.0,2714.0,True
bollywood,1t7xvio,2026-05,okt2e2o,Mr_We1rd0,True,8.0,False,,False,8,1778327167,0,2016.4,497.0,4781.0,True
bollywood,1t7xvio,2026-05,okso7cq,Senior_Friendship756,True,9.0,False,,False,4,1778320278,0,1928.6,1982.0,2294.0,True
bollywood,1t7xvio,2026-05,okt1kl0,Mr_We1rd0,True,10.0,False,,False,3,1778326814,0,2016.4,497.0,4781.0,True
bollywood,1t8yi6l,2026-05,oky7wer,AawaraTreker,True,1.0,True,1.0,False,94,1778392808,0,61.8,1.0,1715.0,False
bollywood,1t8yi6l,2026-05,oky9v2l,Illustrious-Grape897,True,2.0,True,4.0,False,94,1778393847,0,900.9,9442.0,61443.0,True
bollywood,1t8yi6l,2026-05,oky8nu0,Freddyjin07,True,3.0,True,2.0,False,55,1778393207,0,956.1,1.0,2457.0,True
bollywood,1t8yi6l,2026-05,oky8qbi,Wild-Mammoth-3409,True,4.0,True,3.0,False,41,1778393242,0,58.3,9691.0,6514.0,True
bollywood,1t8yi6l,2026-05,okyc1kh,Boss452,True,5.0,False,,False,22,1778395023,0,3270.5,677629.0,226345.0,True
bollywood,1t8yi6l,2026-05,okyfaaw,Fragrant_Fox_3303,True,6.0,False,,False,15,1778396768,0,1672.7,9746.0,528.0,True
bollywood,1t8yi6l,2026-05,okzqs1z,average_jaat_hoon,True,8.0,False,,False,6,1778419523,0,242.7,304.0,2811.0,True
bollywood,1t8yi6l,2026-05,okyfybj,Aayush_235,True,9.0,False,,False,6,1778397133,0,97.7,13001.0,3574.0,True
bollywood,1t8yi6l,2026-05,ol0miwq,Easy_Pride7452,True,7.0,False,,False,8,1778429180,0,67.3,169.0,1654.0,True
bollywood,1t8yi6l,2026-05,ol0zbmm,WillingnessKey7841,True,10.0,False,,False,5,1778432902,0,1527.3,1766.0,3241.0,True
bollywood,1t8yi6l,2026-05,okybbd1,Ok_Wolverine_8058,False,,True,5.0,False,2,1778394631,0,613.8,970.0,2551.0,True
bollywood,1tmcs6z,2026-05,onlslid,demonic666entity,True,1.0,False,,False,340,1779631350,0,559.8,4.0,4393.0,True
bollywood,1tmcs6z,2026-05,onls3v1,KyaHiBolunAb,True,2.0,True,3.0,False,62,1779631193,0,138.7,722.0,34300.0,True
bollywood,1tmcs6z,2026-05,onlx8q7,Only_Attention5463,True,3.0,False,,False,28,1779632798,0,564.8,1.0,7737.0,False
bollywood,1tmcs6z,2026-05,onlqwbi,Additional-Owl-5490,True,4.0,True,1.0,False,27,1779630805,0,478.9,777.0,891.0,False
bollywood,1tmcs6z,2026-05,onlueff,Living-Novel-8391,True,5.0,False,,False,26,1779631919,0,264.2,129.0,3938.0,True
bollywood,1tmcs6z,2026-05,onls5db,Still_Appeal_9641,True,6.0,True,4.0,False,24,1779631206,0,383.1,77.0,603.0,True
bollywood,1tmcs6z,2026-05,onlrmdr,Aggravating_Dot_4568,True,8.0,True,2.0,False,12,1779631038,0,557.0,17.0,11609.0,True
bollywood,1tmcs6z,2026-05,onlv59y,EndVegetable6984,True,7.0,False,,False,14,1779632150,0,506.2,1013.0,409.0,True
bollywood,1tmcs6z,2026-05,onlupjq,Sh5a5,True,9.0,False,,False,8,1779632016,0,2161.8,1.0,4396.0,True
bollywood,1tmcs6z,2026-05,onlsboa,ToughLibrarian7121,True,10.0,True,5.0,False,6,1779631262,0,21.0,11.0,1135.0,True
bollywood,1tquwzu,2026-05,ooj3mlj,One_Contribution8197,True,1.0,True,1.0,False,96,1780041902,0,497.9,3.0,162.0,True
bollywood,1tquwzu,2026-05,ooj3zlw,Waste-Crab-8572,True,2.0,True,2.0,False,75,1780042090,0,677.0,39.0,637.0,True
bollywood,1tquwzu,2026-05,ooj8e12,TheReaLKillingJok3,True,3.0,False,,False,32,1780044380,0,3912.3,193.0,5327.0,True
bollywood,1tquwzu,2026-05,ooj7bet,broken_calculator715,True,4.0,False,,False,19,1780043826,0,388.2,482.0,3051.0,True
bollywood,1tquwzu,2026-05,oojk4sb,oldmonk_at32,True,5.0,False,,False,18,1780050136,0,1438.7,15.0,165.0,True
bollywood,1tquwzu,2026-05,ooj54bi,rsx990,True,6.0,True,4.0,False,11,1780042677,0,1615.9,6.0,458.0,True
bollywood,1tquwzu,2026-05,ooj9yx1,Superb_Pay3173,True,7.0,False,,False,9,1780045191,0,1307.1,4.0,13285.0,True
bollywood,1tquwzu,2026-05,oojabkm,One_Kaleidoscope3317,True,9.0,False,,False,6,1780045375,0,389.8,276.0,48.0,True
bollywood,1tquwzu,2026-05,oojbti5,Cold-Introduction365,True,10.0,False,,False,6,1780046149,0,484.8,3.0,1293.0,True
bollywood,1tquwzu,2026-05,oojf2y4,Suspicious_Smoke_785,True,8.0,False,,False,7,1780047783,0,1794.2,2370.0,3384.0,True
bollywood,1tquwzu,2026-05,ooj5ehm,Secretsanta2024,False,,True,5.0,False,4,1780042822,0,992.8,2716.0,15934.0,False
bollywood,1tquwzu,2026-05,ooj4i26,Hawk777-Stark,False,,True,3.0,False,1,1780042355,0,356.0,697.0,19995.0,True
bollywood,1t7ezhk,2026-05,okoh5nx,CriticalStudio5800,True,1.0,True,1.0,False,1010,1778262166,0,60.7,161.0,6694.0,False
bollywood,1t7ezhk,2026-05,okolf4h,subtlyraspy,True,2.0,True,2.0,False,175,1778263307,0,832.9,851.0,1206.0,True
bollywood,1t7ezhk,2026-05,okonohp,VolatileGoddess,True,3.0,True,3.0,False,93,1778263926,0,2015.6,18242.0,366749.0,True
bollywood,1t7ezhk,2026-05,okoox4m,Beginning-Dark-4259,True,4.0,True,4.0,False,38,1778264264,0,1735.0,1456.0,23760.0,True
bollywood,1t7ezhk,2026-05,okov2c7,Dquarterbloodprince,True,6.0,True,5.0,False,22,1778265987,0,85.0,1.0,177.0,True
bollywood,1t7ezhk,2026-05,okp11pv,ElectronicSoft5122,True,5.0,False,,False,24,1778267681,0,1289.6,475.0,12316.0,True
bollywood,1t7ezhk,2026-05,okovj5u,iamavtar,True,7.0,False,,False,9,1778266120,0,1985.5,240.0,7835.0,True
bollywood,1t7ezhk,2026-05,okow6w4,beelzebub2099,True,8.0,False,,False,8,1778266305,0,2798.1,59735.0,67552.0,True
bollywood,1t7ezhk,2026-05,okpbl2l,moditeam1,True,9.0,False,,False,8,1778270716,0,4284.8,155.0,6660.0,False
bollywood,1t7ezhk,2026-05,okq0wuf,kingfahim,True,10.0,False,,False,7,1778278436,0,2167.1,515.0,514.0,True
bollywood,1tp9tpg,2026-05,oo74yqs,windycitylife,True,1.0,True,3.0,False,136,1779898492,0,702.3,688.0,1706.0,True
bollywood,1tp9tpg,2026-05,oo772p7,Knowledge11Seeker,True,2.0,False,,False,27,1779899042,0,366.8,46.0,9753.0,True
bollywood,1tp9tpg,2026-05,oo77fu8,Substantial_Bug4134,True,3.0,False,,False,27,1779899135,0,25.7,1.0,46.0,True
bollywood,1tp9tpg,2026-05,oo73263,Prestigious-Link8850,True,4.0,True,2.0,False,23,1779897994,0,634.3,1485.0,1253.0,True
bollywood,1tp9tpg,2026-05,oo7fkvp,Sweet-Wasabi5547,True,5.0,False,,False,8,1779901231,0,15.0,1.0,10.0,True
bollywood,1tp9tpg,2026-05,oo76mxa,Healthy-Lettuce3134,True,6.0,True,5.0,False,8,1779898928,0,1116.3,185.0,43.0,True
bollywood,1tp9tpg,2026-05,oo724gr,Old_Compote_1946,True,7.0,True,1.0,False,6,1779897750,0,340.9,231.0,54.0,True
bollywood,1tp9tpg,2026-05,oo7q49l,Just_scrolling07,True,8.0,False,,False,6,1779903883,0,1450.0,2350.0,4888.0,True
bollywood,1tp9tpg,2026-05,oo8a4zh,Newlife1278,True,9.0,False,,False,5,1779909054,0,186.2,879.0,559.0,False
bollywood,1tp9tpg,2026-05,oo7d991,Initial_Sentence_693,True,10.0,False,,False,5,1779900632,0,435.2,484.0,798.0,True
bollywood,1tp9tpg,2026-05,oo76crg,Dry_Turnip7497,False,,True,4.0,False,2,1779898854,0,776.7,299.0,46.0,True
bollywood,1tfunpp,2026-05,omc6c34,Wise_Rip_1984,True,1.0,True,5.0,False,106,1779037948,0,67.1,7657.0,1582.0,True
bollywood,1tfunpp,2026-05,omc13lp,iruvar,True,2.0,True,1.0,False,72,1779036428,0,2468.8,497.0,55577.0,True
bollywood,1tfunpp,2026-05,omccjqr,Ambitious-Swing7180,True,3.0,False,,False,58,1779039820,0,957.3,841.0,4307.0,True
bollywood,1tfunpp,2026-05,omc37ik,Responsible_Oil1046,True,4.0,True,2.0,False,38,1779037040,0,215.1,62587.0,27857.0,True
bollywood,1tfunpp,2026-05,omc3fo5,No_Blackberry_5354,True,5.0,True,4.0,False,22,1779037104,0,472.8,1.0,128.0,True
bollywood,1tfunpp,2026-05,omde4wn,WriterWeird6794,True,6.0,False,,False,16,1779051621,0,1427.6,1844.0,14771.0,True
bollywood,1tfunpp,2026-05,omciy0b,Red171022,True,7.0,False,,False,13,1779041943,0,1156.0,82.0,97479.0,True
bollywood,1tfunpp,2026-05,omcdaxb,ibreathecoding,True,8.0,False,,False,12,1779040066,0,2039.1,111.0,68.0,True
bollywood,1tfunpp,2026-05,omd6cj9,Wonderful-Scar-3749,True,9.0,False,,False,12,1779049220,0,1141.1,1.0,3367.0,True
bollywood,1tfunpp,2026-05,omdc8pb,GujjubhaiPatel707,True,10.0,False,,False,12,1779051033,0,248.4,1.0,16.0,True
bollywood,1tfunpp,2026-05,omc3bzh,Big-Introduction6720,False,,True,3.0,False,8,1779037075,0,1600.9,1978.0,7687.0,True
bollywood,1tdld94,2026-05,olw2bgs,Fufa_G,True,1.0,True,2.0,False,329,1778818712,0,2068.3,32665.0,23900.0,True
bollywood,1tdld94,2026-05,olw2d4x,InternationalNose980,True,2.0,True,3.0,False,143,1778818732,0,1090.7,27024.0,15997.0,False
bollywood,1tdld94,2026-05,olw38h5,pappuloser,True,3.0,True,4.0,False,102,1778819120,0,777.8,8.0,11860.0,True
bollywood,1tdld94,2026-05,olw66ln,ProgramMajor3807,True,4.0,False,,False,81,1778820450,0,1641.7,722.0,1805.0,True
bollywood,1tdld94,2026-05,olw8yfx,Fire_Natsu,True,5.0,False,,False,32,1778821752,0,1959.1,73797.0,12740.0,True
bollywood,1tdld94,2026-05,olw3gyt,Quaffy_duck,True,6.0,False,,False,19,1778819224,0,834.0,23315.0,13539.0,True
bollywood,1tdld94,2026-05,olwbg7g,zincovit,True,7.0,False,,False,16,1778822961,0,2078.6,2631.0,46625.0,True
bollywood,1tdld94,2026-05,olw6rzo,Firm_Cap2585,True,8.0,False,,False,14,1778820727,0,221.8,1.0,1686.0,True
bollywood,1tdld94,2026-05,olw9sja,EagleWorldly5032,True,9.0,False,,False,13,1778822153,0,1115.8,1038.0,64343.0,False
bollywood,1tdld94,2026-05,olw2a8x,Stressedsoul0,True,10.0,True,1.0,False,9,1778818698,0,1647.4,191.0,24861.0,True
bollywood,1tdld94,2026-05,olw3e2b,cndynn96,False,,True,5.0,False,4,1778819189,0,1667.3,14447.0,343136.0,True
IndianStockMarket,1t4lqo7,2026-05,ok3gkr2,whatguyy,True,1.0,True,1.0,False,638,1778002124,0,482.9,21.0,990.0,True
IndianStockMarket,1t4lqo7,2026-05,ok3l1iy,amitsingh80108,True,2.0,True,2.0,False,250,1778003309,0,1034.9,1527.0,13666.0,True
IndianStockMarket,1t4lqo7,2026-05,ok3l7i4,Unnamed_Venturer,True,3.0,True,3.0,False,108,1778003353,0,913.9,1101.0,18585.0,True
IndianStockMarket,1t4lqo7,2026-05,ok4ce32,Lazy_Wrongdoer4955,True,4.0,False,,False,89,1778010812,0,722.2,1.0,138.0,True
IndianStockMarket,1t4lqo7,2026-05,ok3lv7b,bobbypeices,True,5.0,True,5.0,False,39,1778003528,0,577.9,24.0,931.0,True
IndianStockMarket,1t4lqo7,2026-05,ok44s77,fameboygame,True,6.0,False,,False,39,1778008719,0,2401.6,8458.0,150253.0,True
IndianStockMarket,1t4lqo7,2026-05,ok3ldqg,iwonttolerateyou2,True,7.0,True,4.0,False,22,1778003399,0,712.4,3136.0,19036.0,True
IndianStockMarket,1t4lqo7,2026-05,ok500ii,IllustratorWarm6009,True,8.0,False,,False,15,1778017394,0,692.3,28.0,776.0,True
IndianStockMarket,1t4lqo7,2026-05,ok6ocux,raysayantan07,True,9.0,False,,False,12,1778037890,0,2674.2,15396.0,16685.0,True
IndianStockMarket,1t4lqo7,2026-05,ok3ocb9,Killthatpussy,True,10.0,False,,False,10,1778004190,0,1451.2,1495.0,1212.0,True
IndianStockMarket,1tn45ez,2026-05,onrljkz,drox9,True,1.0,True,2.0,False,163,1779707461,0,3397.3,807.0,8971.0,True
IndianStockMarket,1tn45ez,2026-05,onrceo4,mariner_knight,True,2.0,True,1.0,False,75,1779703093,0,862.5,640.0,6147.0,True
IndianStockMarket,1tn45ez,2026-05,onrn0ht,land_of_kings,True,3.0,True,3.0,False,20,1779708105,0,1954.4,249.0,1586.0,True
IndianStockMarket,1tn45ez,2026-05,onrppi8,Necessary-Style-214,True,4.0,True,5.0,False,10,1779709254,0,1877.2,14.0,40.0,True
IndianStockMarket,1tn45ez,2026-05,onrq5lz,KindlyWestern5514,True,5.0,False,,False,5,1779709435,0,152.3,1.0,1228.0,True
IndianStockMarket,1tn45ez,2026-05,onrnjel,venpuravi,True,6.0,True,4.0,False,4,1779708332,0,1155.3,36.0,614.0,True
IndianStockMarket,1tn45ez,2026-05,onrqnw7,Extension_Artist3006,True,7.0,False,,False,3,1779709641,0,940.4,1107.0,7311.0,True
IndianStockMarket,1tn45ez,2026-05,ontuoyp,JeffreySons_90,True,8.0,False,,False,3,1779732743,0,824.2,16942.0,966.0,True
IndianStockMarket,1tn45ez,2026-05,onv5m8l,ParamedicFearless173,True,9.0,False,,False,3,1779746810,0,74.9,434.0,3304.0,True
IndianStockMarket,1tn45ez,2026-05,onsj77g,Southern-Trip-6972,True,10.0,False,,False,2,1779719247,0,824.2,56.0,240.0,True
IndianStockMarket,1taq16g,2026-05,olb4re2,Training2Life,True,1.0,True,2.0,False,635,1778558604,0,1125.8,67.0,30005.0,True
IndianStockMarket,1taq16g,2026-05,olb6n1z,Casp3r_ghOst,True,2.0,True,3.0,False,597,1778559405,0,2112.1,446.0,4325.0,True
IndianStockMarket,1taq16g,2026-05,olb4ha3,serotonallyblindguy,True,3.0,True,1.0,False,197,1778558484,0,1151.9,17179.0,81682.0,True
IndianStockMarket,1taq16g,2026-05,olbbbwa,Odd_Baker_9914,True,4.0,False,,False,148,1778561449,0,97.1,1.0,400.0,True
IndianStockMarket,1taq16g,2026-05,olb6y7i,Aggravating-Felch,True,5.0,True,4.0,False,49,1778559539,0,168.1,6428.0,11435.0,True
IndianStockMarket,1taq16g,2026-05,olb70ro,lolz714,True,6.0,True,5.0,False,44,1778559570,0,2191.3,1.0,10850.0,True
IndianStockMarket,1taq16g,2026-05,olb8yal,Lambodhara-420,True,7.0,False,,False,43,1778560408,0,521.1,2179.0,25407.0,True
IndianStockMarket,1taq16g,2026-05,olbacsw,iwonttolerateyou2,True,8.0,False,,False,39,1778561020,0,712.4,3136.0,19036.0,True
IndianStockMarket,1taq16g,2026-05,olb7b17,ymcd,True,9.0,False,,False,25,1778559692,0,4003.2,2632.0,65130.0,False
IndianStockMarket,1taq16g,2026-05,olbbolb,Due_Special6544,True,10.0,False,,False,11,1778561605,0,1924.6,188.0,507.0,True
IndianStockMarket,1thixmf,2026-05,omnak6y,bhakk_saale,True,1.0,True,1.0,False,619,1779187311,0,61.1,137.0,1105.0,True
IndianStockMarket,1thixmf,2026-05,omnb1pt,Dazzling-Reality2751,True,2.0,True,3.0,False,281,1779187528,0,49.8,13.0,279.0,True
IndianStockMarket,1thixmf,2026-05,omnaosj,Sugomi_121,True,3.0,True,2.0,False,170,1779187368,0,165.3,6944.0,5971.0,True
IndianStockMarket,1thixmf,2026-05,omngrla,momentaryspeck,True,4.0,False,,False,106,1779189934,0,2449.0,19081.0,24397.0,True
IndianStockMarket,1thixmf,2026-05,omnb5d2,New-Youth-4028,True,5.0,True,4.0,False,73,1779187573,0,429.3,635.0,9723.0,True
IndianStockMarket,1thixmf,2026-05,omnglqr,Not_a_NO_ONE,True,6.0,False,,False,26,1779189869,0,,,,
IndianStockMarket,1thixmf,2026-05,omncb2k,Ecstatic_Detail_6721,True,7.0,True,5.0,False,24,1779188073,0,1024.0,237.0,39675.0,True
IndianStockMarket,1thixmf,2026-05,omnccl2,floater_byss,True,8.0,False,,False,17,1779188091,0,379.5,763.0,677.0,True
IndianStockMarket,1thixmf,2026-05,omnuj38,Complex-Repeat-7167,True,9.0,False,,False,12,1779194924,0,830.0,244.0,2717.0,True
IndianStockMarket,1thixmf,2026-05,omnguqq,COSMIC_CATACLYSM,True,10.0,False,,False,12,1779189969,0,1945.7,19196.0,3549.0,True
IndianStockMarket,1tbrwg1,2026-05,olj1m9x,Character-Fix-7570,True,1.0,True,3.0,False,73,1778660187,0,1975.8,55.0,2148.0,True
IndianStockMarket,1tbrwg1,2026-05,olj69jv,Cheap-Comfort4669,True,2.0,True,5.0,False,68,1778662652,0,464.6,515.0,1177.0,True
IndianStockMarket,1tbrwg1,2026-05,olj13rs,Odd_Meaning4590,True,3.0,True,2.0,False,36,1778659913,0,970.2,11.0,3137.0,False
IndianStockMarket,1tbrwg1,2026-05,olj2uk7,Some-Youth9780,True,4.0,True,4.0,False,18,1778660844,0,469.0,189.0,2841.0,True
IndianStockMarket,1tbrwg1,2026-05,olj79lc,Born_Judgment_7783,True,5.0,False,,False,9,1778663182,0,442.9,5.0,16.0,True
IndianStockMarket,1tbrwg1,2026-05,oljdq2v,_Edgar_Allan_Poe_,True,6.0,False,,False,7,1778666429,0,1607.8,463.0,5404.0,True
IndianStockMarket,1tbrwg1,2026-05,olj6t5s,Rratedopinions,True,7.0,False,,False,4,1778662941,0,1382.8,503.0,2671.0,True
IndianStockMarket,1tbrwg1,2026-05,olizt63,LessSavings9570,True,8.0,True,1.0,False,4,1778659222,0,83.6,726.0,1635.0,True
IndianStockMarket,1tbrwg1,2026-05,oljjeaj,mikki_mouz,True,9.0,False,,False,3,1778669051,0,619.3,1.0,4935.0,False
IndianStockMarket,1tbrwg1,2026-05,olj6txb,Fine_Connection_9045,True,10.0,False,,False,2,1778662953,0,1463.1,1.0,1210.0,True
IndianStockMarket,1ti2sw8,2026-05,omsw0mq,ivyleaguesuperman,True,1.0,True,3.0,False,87,1779249461,0,351.1,31.0,21442.0,False
IndianStockMarket,1ti2sw8,2026-05,omre23h,tvtowers,True,2.0,True,1.0,False,87,1779230577,0,3266.9,695.0,39563.0,True
IndianStockMarket,1ti2sw8,2026-05,omt3v06,EastIndianDutch,True,3.0,True,5.0,False,16,1779252815,0,918.8,575.0,1505.0,False
IndianStockMarket,1ti2sw8,2026-05,omsvt75,Alpha_1_5,True,4.0,True,2.0,False,13,1779249376,0,2778.0,588.0,3702.0,True
IndianStockMarket,1ti2sw8,2026-05,omsyquz,pulchritudinous_luos,True,6.0,True,4.0,False,4,1779250604,0,142.9,4169.0,16901.0,True
IndianStockMarket,1ti2sw8,2026-05,omtcdqj,NoProcedure7943,True,5.0,False,,False,5,1779256886,0,865.7,679.0,1989.0,True
IndianStockMarket,1ti2sw8,2026-05,omt5epn,ProtectionPristine49,True,7.0,False,,False,4,1779253528,0,948.0,8.0,1963.0,True
IndianStockMarket,1ti2sw8,2026-05,omt8uq1,Internal_Pin6937,True,8.0,False,,False,2,1779255163,0,468.3,879.0,6300.0,False
IndianStockMarket,1ti2sw8,2026-05,omteek0,Internal_Island90,True,9.0,False,,False,2,1779257885,0,245.7,56.0,689.0,True
IndianStockMarket,1ti2sw8,2026-05,on0997p,ContributionOwn3685,True,10.0,False,,False,2,1779343202,0,218.7,299.0,188.0,True
IndianStockMarket,1t5ag19,2026-05,ok8iiyo,Accurate-Surprise-56,True,1.0,False,,False,1079,1778069140,0,148.1,218.0,1446.0,True
IndianStockMarket,1t5ag19,2026-05,ok8g0wr,Kindly-Solution-7296,True,2.0,True,1.0,False,611,1778068249,0,137.1,11223.0,5157.0,True
IndianStockMarket,1t5ag19,2026-05,ok8i9nb,rajeshbhat_ds,True,3.0,False,,False,322,1778069049,0,2483.3,139729.0,16228.0,True
IndianStockMarket,1t5ag19,2026-05,ok8h2fz,drsharma7,True,4.0,True,5.0,False,310,1778068626,0,2583.1,14.0,1164.0,True
IndianStockMarket,1t5ag19,2026-05,ok8g7gj,yourssidekick,True,5.0,True,3.0,False,135,1778068315,0,1783.2,5035.0,10698.0,True
IndianStockMarket,1t5ag19,2026-05,ok8ijls,stoplossftw,True,6.0,False,,False,124,1778069146,0,215.5,8431.0,22337.0,True
IndianStockMarket,1t5ag19,2026-05,ok8l9cp,Top-Teaching-6676,True,7.0,False,,False,98,1778070082,0,1984.1,232.0,3396.0,True
IndianStockMarket,1t5ag19,2026-05,ok8g2uy,yourssidekick,True,8.0,True,2.0,False,85,1778068269,0,1783.2,5035.0,10698.0,True
IndianStockMarket,1t5ag19,2026-05,ok8iwtl,siv_18,True,9.0,False,,False,33,1778069276,0,1174.9,192.0,1872.0,True
IndianStockMarket,1t5ag19,2026-05,ok8g8qz,maverick31031998,False,,True,4.0,False,26,1778068328,0,2409.6,1194.0,27107.0,True
IndianStockMarket,1t5ag19,2026-05,ok8lbxx,RabbitCity6090,True,10.0,False,,False,28,1778070107,0,171.3,50.0,3116.0,True
IndianStockMarket,1trzmik,2026-05,oora44i,Global-Equipment-856,True,1.0,True,2.0,False,571,1780147122,0,1205.3,1461.0,17825.0,True
IndianStockMarket,1trzmik,2026-05,oora9ix,Budget-Turnover3231,True,2.0,True,3.0,False,217,1780147171,0,51.0,2.0,10874.0,False
IndianStockMarket,1trzmik,2026-05,oorafhx,maverick31031998,True,3.0,True,5.0,False,119,1780147225,0,2409.6,1194.0,27107.0,True
IndianStockMarket,1trzmik,2026-05,ooraa84,Weird-Math-7096,True,4.0,True,4.0,False,42,1780147177,0,565.8,1.0,659.0,True
IndianStockMarket,1trzmik,2026-05,oorbcvc,igottcha345,True,5.0,False,,False,30,1780147531,0,446.2,48.0,573.0,False
IndianStockMarket,1trzmik,2026-05,ooro6yr,Disastrous-Web9164,True,7.0,False,,False,15,1780151603,0,544.5,111.0,198.0,True
IndianStockMarket,1trzmik,2026-05,oor9x8a,AI-0798,True,8.0,True,1.0,False,15,1780147059,0,585.3,7.0,387.0,True
IndianStockMarket,1trzmik,2026-05,oorfm41,protocolghost,True,9.0,False,,False,14,1780148922,0,1738.2,421.0,6444.0,True
IndianStockMarket,1trzmik,2026-05,oornvyk,Godofsaiyansongoku,True,6.0,False,,False,16,1780151511,0,1334.7,516.0,6541.0,True
IndianStockMarket,1trzmik,2026-05,oorc16f,newb-a-write,True,10.0,False,,False,10,1780147753,0,2450.6,48.0,1997.0,True
IndianStockMarket,1tb05js,2026-05,old38hg,incognito_chronicles,True,1.0,False,,False,219,1778590459,0,428.1,14879.0,1172.0,True
IndianStockMarket,1tb05js,2026-05,olda7k4,Mortgage5388,True,2.0,False,,False,94,1778592592,0,726.9,784.0,35042.0,True
IndianStockMarket,1tb05js,2026-05,olcz21z,traveleasily,True,3.0,True,1.0,False,74,1778589115,0,109.6,4.0,960.0,True
IndianStockMarket,1tb05js,2026-05,old8fsw,Firm_Technician8766,True,4.0,False,,False,17,1778592059,0,1955.3,363.0,626.0,True
IndianStockMarket,1tb05js,2026-05,old1s4b,Double_Buffalo7197,True,5.0,True,4.0,False,9,1778590003,0,192.7,1.0,47.0,True
IndianStockMarket,1tb05js,2026-05,old2gua,stoplossftw,True,6.0,True,5.0,False,8,1778590218,0,215.5,8431.0,22337.0,True
IndianStockMarket,1tb05js,2026-05,oljdyde,BERSERK_KNIGHT_666,True,7.0,False,,False,5,1778666542,0,2164.9,4320.0,23935.0,True
IndianStockMarket,1tb05js,2026-05,olepj9k,coolbird22,True,8.0,False,,False,5,1778606466,0,5330.2,3611.0,7241.0,True
IndianStockMarket,1tb05js,2026-05,oljrcgg,iKnowTheTruth5,True,9.0,False,,False,5,1778672243,0,1952.7,1729.0,3741.0,True
IndianStockMarket,1tb05js,2026-05,oldsarc,13hoot,True,10.0,False,,False,5,1778597682,0,2053.8,3485.0,5184.0,True
IndianStockMarket,1tb05js,2026-05,old1kbt,Prestigious_Sky362,False,,True,3.0,False,4,1778589934,0,349.3,1.0,61.0,True
IndianStockMarket,1tb05js,2026-05,old13ce,bheed_ka_hissa,False,,True,2.0,False,2,1778589783,0,285.0,208.0,401.0,True
IndianStockMarket,1t9yd3c,2026-05,ol5euis,Apprehensive_But_ok,True,1.0,True,1.0,False,979,1778493138,0,1331.6,326.0,5397.0,True
IndianStockMarket,1t9yd3c,2026-05,ol5hbfp,NoBailOnReddit,True,2.0,True,2.0,False,734,1778494348,0,248.7,59.0,44616.0,True
IndianStockMarket,1t9yd3c,2026-05,ol5hrhc,Dependent_Bit4364,True,4.0,True,3.0,False,366,1778494563,0,1924.8,5307.0,488.0,True
IndianStockMarket,1t9yd3c,2026-05,ol5lxql,Signal-Volume5713,True,3.0,True,5.0,False,367,1778496510,0,206.2,9.0,6551.0,False
IndianStockMarket,1t9yd3c,2026-05,ol5mkc9,UnawakenedBuddha,True,5.0,False,,False,137,1778496780,0,174.7,4.0,1612.0,True
IndianStockMarket,1t9yd3c,2026-05,ol5kzqn,the_last_ronin2,True,6.0,True,4.0,False,44,1778496088,0,515.0,12.0,415.0,True
IndianStockMarket,1t9yd3c,2026-05,ol5qm09,kirankanchi,True,7.0,False,,False,41,1778498474,0,3170.1,238.0,1302.0,True
IndianStockMarket,1t9yd3c,2026-05,ol5n53m,anikkket,True,8.0,False,,False,25,1778497026,0,2585.0,19543.0,13616.0,True
IndianStockMarket,1t9yd3c,2026-05,ol5t506,risk_1988,True,9.0,False,,False,16,1778499487,0,600.1,34.0,904.0,True
IndianStockMarket,1t9yd3c,2026-05,ol5uex6,Intelligent-Gap-7107,True,10.0,False,,False,15,1778499980,0,416.7,766.0,8155.0,False
indiaspeaks,1tm4kb0,2026-05,onk9miq,Familiar_Internet,True,1.0,True,3.0,False,212,1779606373,0,2516.3,70985.0,48221.0,True
indiaspeaks,1tm4kb0,2026-05,onk9itq,trozaan,True,2.0,True,2.0,False,154,1779606319,0,280.3,86.0,3320.0,True
indiaspeaks,1tm4kb0,2026-05,onkb3gj,Maz_Ded,True,3.0,True,4.0,False,117,1779607145,0,1525.1,9973.0,19123.0,True
indiaspeaks,1tm4kb0,2026-05,onkbwl1,Content-Restaurant70,True,4.0,True,5.0,False,53,1779607571,0,1593.1,5290.0,45812.0,True
indiaspeaks,1tm4kb0,2026-05,onkdduu,naosmee,True,5.0,False,,False,30,1779608368,0,3070.6,1734.0,9878.0,True
indiaspeaks,1tm4kb0,2026-05,onkds1m,MuchBow,True,6.0,False,,False,25,1779608579,0,3446.0,69995.0,72769.0,True
indiaspeaks,1tm4kb0,2026-05,onkqizp,chitownboyhere,True,7.0,False,,False,9,1779615551,0,3929.6,2427.0,20139.0,True
indiaspeaks,1tm4kb0,2026-05,onl6yj0,Cool_Aj_2428,True,8.0,False,,False,3,1779623552,0,808.5,398.0,2582.0,True
indiaspeaks,1tm4kb0,2026-05,onk8a10,evammist,True,9.0,True,1.0,False,3,1779605676,0,1940.7,1.0,161075.0,True
indiaspeaks,1tm4kb0,2026-05,onkubrp,bharat_builder,True,10.0,False,,False,3,1779617592,0,5251.2,7706.0,7318.0,True
indiaspeaks,1tiddj4,2026-05,omth3c4,mankind_maker,True,1.0,True,2.0,False,914,1779259252,0,1117.1,62.0,3508.0,True
indiaspeaks,1tiddj4,2026-05,omtgweo,Phguy2345,True,2.0,True,1.0,False,425,1779259156,0,1435.0,306.0,11104.0,True
indiaspeaks,1tiddj4,2026-05,omthknd,Vic_bravo,True,3.0,True,3.0,False,388,1779259499,0,1209.1,112.0,3565.0,True
indiaspeaks,1tiddj4,2026-05,omtic3l,GAVINDEVIL,True,4.0,False,,False,259,1779259884,0,1084.9,193.0,7419.0,True
indiaspeaks,1tiddj4,2026-05,omtiec8,NotHuman18,True,5.0,False,,False,234,1779259914,0,1346.0,1989.0,13937.0,True
indiaspeaks,1tiddj4,2026-05,omtiihv,Ok-Newspaper4685,True,6.0,False,,False,180,1779259973,0,439.7,113.0,1032.0,True
indiaspeaks,1tiddj4,2026-05,omtihkc,icedlattewithcaramel,True,7.0,False,,False,109,1779259960,0,647.2,24122.0,39156.0,True
indiaspeaks,1tiddj4,2026-05,omthq6s,Top10BeatDown,True,8.0,True,4.0,False,70,1779259576,0,851.3,6012.0,9735.0,True
indiaspeaks,1tiddj4,2026-05,omtiq80,Plane-Profession-626,True,9.0,False,,False,67,1779260081,0,855.8,1102.0,28705.0,True
indiaspeaks,1tiddj4,2026-05,omti5aj,Beautiful_Jeweler_83,True,10.0,True,5.0,False,33,1779259787,0,1952.3,1609.0,10928.0,True
indiaspeaks,1tq42p8,2026-05,oodfaj9,m0h1tkumaar,True,1.0,True,1.0,False,117,1779976214,0,3120.5,1129.0,102541.0,True
indiaspeaks,1tq42p8,2026-05,oodfha3,Witty-Net-6197,True,2.0,True,2.0,False,112,1779976266,0,1495.3,134.0,3604.0,True
indiaspeaks,1tq42p8,2026-05,oodfwc4,blackman60001,True,3.0,True,4.0,False,46,1779976381,0,2158.7,8.0,2953.0,True
indiaspeaks,1tq42p8,2026-05,ooevq9x,iamnobody331,True,4.0,False,,False,19,1779990065,0,3282.7,28150.0,19220.0,True
indiaspeaks,1tq42p8,2026-05,ooekqsi,Sherlock_Holmes_desi,True,6.0,True,5.0,False,9,1779987223,0,,,,
indiaspeaks,1tq42p8,2026-05,oodflsv,TBSsuxs,True,5.0,True,3.0,False,11,1779976300,0,1812.1,3771.0,44229.0,True
indiaspeaks,1tq42p8,2026-05,oohuuay,Stifler4u,True,7.0,False,,False,5,1780022240,0,2907.7,1977.0,8257.0,True
indiaspeaks,1tq42p8,2026-05,oohutcq,Zuck7980,True,8.0,False,,False,4,1780022231,0,3037.7,183565.0,21115.0,True
indiaspeaks,1tq42p8,2026-05,oooz8ip,Extra_chE3se,True,9.0,False,,False,4,1780109564,0,3204.8,358.0,2171.0,True
indiaspeaks,1tq42p8,2026-05,oogpxpj,alexx_0008,True,10.0,False,,False,3,1780008492,0,1274.2,3.0,1198.0,True
indiaspeaks,1tbwwnv,2026-05,oljrdfa,Melodic-Ad3222,True,1.0,True,1.0,False,751,1778672253,0,941.3,1039.0,6592.0,True
indiaspeaks,1tbwwnv,2026-05,oljrvfe,6ingrad_FMS_aspirant,True,2.0,True,2.0,False,355,1778672442,0,132.9,17042.0,6050.0,True
indiaspeaks,1tbwwnv,2026-05,oljtj99,ertd346,True,3.0,True,3.0,False,276,1778673050,0,2061.3,323.0,35707.0,True
indiaspeaks,1tbwwnv,2026-05,oljvfm4,AVijha,True,4.0,True,4.0,False,79,1778673719,0,3578.6,153.0,1135.0,True
indiaspeaks,1tbwwnv,2026-05,oljvsdg,Due-Promotion6206,True,5.0,True,5.0,False,39,1778673844,0,50.6,1101.0,1714.0,True
indiaspeaks,1tbwwnv,2026-05,oljwrkr,aditya19879,True,6.0,False,,False,26,1778674186,0,2911.9,182622.0,17882.0,True
indiaspeaks,1tbwwnv,2026-05,olkuo60,Amarnil_Taih,True,7.0,False,,False,15,1778684335,0,2165.9,2780.0,24206.0,True
indiaspeaks,1tbwwnv,2026-05,olk7528,reverbnation92,True,8.0,False,,False,10,1778677593,0,3637.8,127.0,1030.0,True
indiaspeaks,1tbwwnv,2026-05,olk78ft,AffectionateDig9041,True,9.0,False,,False,10,1778677623,0,1257.2,1166.0,1598.0,True
indiaspeaks,1tbwwnv,2026-05,olk28sz,parasitesr72,True,10.0,False,,False,8,1778676037,0,1299.0,8299.0,8905.0,True
indiaspeaks,1t3cqj2,2026-05,ojua0fa,KitN_X,True,1.0,False,,False,294,1777890540,0,1923.0,9478.0,15126.0,True
indiaspeaks,1t3cqj2,2026-05,oju7sfr,Savings_Reality1170,True,3.0,True,2.0,False,269,1777889464,0,1650.4,1.0,16478.0,True
indiaspeaks,1t3cqj2,2026-05,ojugqfe,TheDressedSadhu,True,2.0,False,,False,270,1777893503,0,2933.6,6481.0,13721.0,True
indiaspeaks,1t3cqj2,2026-05,oju7umx,GiraffeWaste,True,4.0,True,3.0,False,76,1777889494,0,1778.7,629.0,43829.0,True
indiaspeaks,1t3cqj2,2026-05,oju4hxu,ManofTheNightsWatch,True,5.0,True,1.0,False,68,1777887799,0,4621.9,82626.0,39034.0,True
indiaspeaks,1t3cqj2,2026-05,oju8niq,that_nameis_taken,True,6.0,True,5.0,False,41,1777889889,0,3039.9,993.0,2458.0,True
indiaspeaks,1t3cqj2,2026-05,ojucan4,Lawfulness-Silver,True,7.0,False,,False,20,1777891599,0,2063.5,254.0,12942.0,True
indiaspeaks,1t3cqj2,2026-05,ojue8yd,_Leo_Messi_10_,True,8.0,False,,False,14,1777892451,0,2079.9,157.0,5864.0,True
indiaspeaks,1t3cqj2,2026-05,oju8iby,root_thr3e,True,9.0,True,4.0,False,4,1777889818,0,654.9,8469.0,5387.0,True
indiaspeaks,1t3cqj2,2026-05,ojuu9qb,Eat_Turnip2193,True,10.0,False,,False,4,1777898590,0,244.9,153.0,6801.0,True
indiaspeaks,1tcrotr,2026-05,olq3m41,Kuch-to-log-bolenge,True,1.0,True,2.0,False,712,1778747551,0,41.2,5039.0,2275.0,True
indiaspeaks,1tcrotr,2026-05,olq4cw0,blood_clot_,True,2.0,True,3.0,False,452,1778747953,0,706.9,1181.0,18496.0,True
indiaspeaks,1tcrotr,2026-05,olqbdoc,Opening-Ad8396,True,3.0,False,,False,188,1778751689,0,2095.3,9791.0,26618.0,True
indiaspeaks,1tcrotr,2026-05,olq3fjh,Holiday-Try-9165,True,4.0,True,1.0,False,140,1778747453,0,1865.4,12.0,2270.0,True
indiaspeaks,1tcrotr,2026-05,olq6bh1,ResearcherCritical99,True,5.0,False,,False,124,1778748985,0,266.2,1099.0,17837.0,True
indiaspeaks,1tcrotr,2026-05,olq4p1j,The_Glum_Reaper,True,6.0,True,4.0,False,65,1778748139,0,1899.0,389.0,96169.0,True
indiaspeaks,1tcrotr,2026-05,olq5onx,MasalaDosa37,True,7.0,True,5.0,False,53,1778748655,0,275.0,3120.0,37304.0,True
indiaspeaks,1tcrotr,2026-05,olqcksp,Acceptable-Set-8327,True,8.0,False,,False,32,1778752293,0,1062.5,2892.0,13011.0,True
indiaspeaks,1tcrotr,2026-05,olq8bl8,_vedantt1_,True,9.0,False,,False,21,1778750067,0,2558.1,119093.0,24454.0,True
indiaspeaks,1tcrotr,2026-05,olqb440,Pure_Definition_7372,True,10.0,False,,False,16,1778751552,0,576.1,179.0,2616.0,True
indiaspeaks,1t9tr5i,2026-05,ol4kf6g,katha-sagar,True,1.0,True,3.0,True,206,1778477098,0,1432.1,8597.0,6338.0,True
indiaspeaks,1t9tr5i,2026-05,ol4ns18,dankumemer,True,2.0,False,,False,101,1778478771,0,,,,
indiaspeaks,1t9tr5i,2026-05,ol4m48b,Conscious_Prompt9250,True,3.0,True,5.0,False,43,1778477942,0,1403.0,40.0,3420.0,True
indiaspeaks,1t9tr5i,2026-05,ol4k5z2,katha-sagar,True,4.0,True,1.0,True,21,1778476972,0,1432.1,8597.0,6338.0,True
indiaspeaks,1t9tr5i,2026-05,ol4m9t2,Actual_Employment_89,True,5.0,False,,False,11,1778478019,0,1997.8,4277.0,25164.0,True
indiaspeaks,1t9tr5i,2026-05,ol4m1qr,Available_Use9275,True,6.0,True,4.0,False,8,1778477908,0,1159.0,1.0,2115.0,True
indiaspeaks,1t9tr5i,2026-05,ol4kc8g,Phguy2345,True,7.0,True,2.0,False,5,1778477058,0,1435.0,306.0,11104.0,True
indiaspeaks,1t9tr5i,2026-05,ol4wjyt,SharmaNY,True,8.0,False,,False,3,1778483301,0,3283.6,12601.0,54995.0,True
indiaspeaks,1t9tr5i,2026-05,ol4sz1t,Affectionate_Work_72,True,9.0,False,,False,2,1778481433,0,2031.9,332.0,4687.0,True
indiaspeaks,1t9tr5i,2026-05,ol8d1sy,No_Weight_9474,True,10.0,False,,False,2,1778526022,0,2161.9,353.0,1203.0,True
indiaspeaks,1t45gh0,2026-05,ok07tpm,SamosaMafia,True,1.0,True,2.0,False,305,1777958394,0,130.1,4217.0,19368.0,True
indiaspeaks,1t45gh0,2026-05,ok05mkt,arc3u5,True,2.0,True,1.0,False,200,1777957352,0,2638.9,2264.0,13135.0,True
indiaspeaks,1t45gh0,2026-05,ok09bpi,Empty_Buffalo_2820,True,3.0,True,4.0,False,29,1777959127,0,657.6,758.0,4802.0,True
indiaspeaks,1t45gh0,2026-05,ok0d5b2,blinksTooLess,True,5.0,True,5.0,False,7,1777961043,0,2087.9,71.0,28531.0,True
indiaspeaks,1t45gh0,2026-05,ok0ffkb,dagp89,True,4.0,False,,False,9,1777962227,0,4671.5,7619.0,43218.0,True
indiaspeaks,1t45gh0,2026-05,ok09ab2,mammaboy28,True,6.0,True,3.0,False,2,1777959107,0,2088.7,566.0,2588.0,True
indiaspeaks,1t45gh0,2026-05,ok0s1dm,SlaBLister,True,7.0,False,,False,2,1777969127,0,222.0,2021.0,1104.0,True
indiaspeaks,1t45gh0,2026-05,ok1875o,fierze16,True,8.0,False,,False,2,1777977666,0,2398.7,15102.0,47859.0,True
indiaspeaks,1t45gh0,2026-05,ok0yw46,DesiBail,True,9.0,False,,False,1,1777972983,0,1884.3,11312.0,110711.0,False
indiaspeaks,1t45gh0,2026-05,ok17dr4,dr_wafu,True,10.0,False,,False,1,1777977291,0,4150.7,5326.0,4484.0,False
indiaspeaks,1tp3b1y,2026-05,oo5r0tt,Kindly-Bed-8486,True,1.0,True,5.0,False,951,1779884612,0,849.9,1.0,2135.0,True
indiaspeaks,1tp3b1y,2026-05,oo5nkfv,oldlostschizo,True,2.0,True,3.0,False,244,1779883481,0,2271.0,4.0,3809.0,True
indiaspeaks,1tp3b1y,2026-05,oo5mlsr,journey-destinashon,True,3.0,True,1.0,False,198,1779883151,0,771.2,596.0,11259.0,True
indiaspeaks,1tp3b1y,2026-05,oo5tgrw,3l-d1abl0,True,4.0,False,,False,165,1779885400,0,3653.0,50285.0,26282.0,True
indiaspeaks,1tp3b1y,2026-05,oo5r4x8,Strange-Thing-6772,True,5.0,False,,False,140,1779884649,0,2085.1,955.0,4488.0,True
indiaspeaks,1tp3b1y,2026-05,oo5ulq3,indianaadmi,True,6.0,False,,False,85,1779885761,0,2623.4,52.0,9716.0,True
indiaspeaks,1tp3b1y,2026-05,oo5qbku,Aware_Country_8830,True,7.0,True,4.0,False,44,1779884384,0,,,,
indiaspeaks,1tp3b1y,2026-05,oo5n2f1,AccomplishedCod5674,True,8.0,True,2.0,False,30,1779883309,0,346.2,12036.0,2606.0,False
indiaspeaks,1tp3b1y,2026-05,oo5ssdx,Munchingonmunch,True,9.0,False,,False,20,1779885181,0,472.9,695.0,5055.0,True
indiaspeaks,1tp3b1y,2026-05,oo5v79m,child_target,True,10.0,False,,False,18,1779885947,0,968.1,767.0,51074.0,True
indiaspeaks,1t3oddf,2026-05,ojwmhe6,Atomsmasher_kal,True,1.0,True,1.0,False,210,1777916632,0,1762.6,32328.0,21061.0,True
indiaspeaks,1t3oddf,2026-05,ojwtgyh,hrpanjwani,True,2.0,True,2.0,False,68,1777918475,0,4454.7,4710.0,15004.0,True
indiaspeaks,1t3oddf,2026-05,ojwudbu,Epsilon009,True,3.0,True,3.0,False,18,1777918718,0,2537.7,821.0,22967.0,True
indiaspeaks,1t3oddf,2026-05,ojx4bw2,naturalizedcitizen,True,4.0,True,4.0,False,8,1777921438,0,,,,
indiaspeaks,1t3oddf,2026-05,ojxa4re,Nature_Spirit-_-,True,5.0,True,5.0,False,8,1777923055,0,592.5,47.0,1436.0,True
indiaspeaks,1t3oddf,2026-05,ojxkwcj,IndividualB00t,True,6.0,False,,False,5,1777926026,0,588.8,63.0,14295.0,True
indiaspeaks,1t3oddf,2026-05,ojz0803,namitbee,True,7.0,False,,False,4,1777941985,0,3407.9,2548.0,1962.0,True
indiaspeaks,1t3oddf,2026-05,ojzsyex,m0h1tkumaar,True,8.0,False,,False,3,1777951991,0,3120.5,1129.0,102541.0,True
indiaspeaks,1t3oddf,2026-05,ojxblj0,HumBaapHainTumhare,True,9.0,False,,False,2,1777923460,0,1979.0,2061.0,7171.0,True
indiaspeaks,1t3oddf,2026-05,ojy77fj,turquoise-turtle2,True,10.0,False,,False,2,1777932377,0,481.7,26.0,2793.0,True
IndiaInvestments,1ts5yvn,2026-05,oosq7d3,gavinojdsouza21,True,1.0,True,1.0,False,312,1780162688,0,836.9,5.0,279.0,True
IndiaInvestments,1ts5yvn,2026-05,oosqclb,draculap2020,True,2.0,True,2.0,False,118,1780162730,0,2460.8,95.0,13662.0,True
IndiaInvestments,1ts5yvn,2026-05,oosueb7,aitchnyu,True,3.0,True,3.0,False,41,1780163887,0,3497.2,8929.0,129827.0,True
IndiaInvestments,1ts5yvn,2026-05,oov1wdx,Dcousta05,True,4.0,False,,False,11,1780189740,0,328.2,2.0,78.0,True
IndiaInvestments,1ts5yvn,2026-05,oot78lp,butterflymon,True,5.0,True,4.0,False,11,1780167625,0,482.6,9398.0,1781.0,True
IndiaInvestments,1ts5yvn,2026-05,oovbizd,SaracasticByte,True,6.0,False,,False,10,1780193265,0,780.1,540.0,70806.0,True
IndiaInvestments,1ts5yvn,2026-05,oov8hr1,Sasindran1967,True,7.0,False,,False,4,1780192179,0,198.2,6.0,133.0,False
IndiaInvestments,1ts5yvn,2026-05,ootjqj0,underadvice_taker,True,10.0,True,5.0,False,3,1780171272,0,256.0,385.0,1478.0,True
IndiaInvestments,1ts5yvn,2026-05,oovmy7r,veeru81,True,8.0,False,,False,4,1780197376,0,3380.1,1.0,26.0,True
IndiaInvestments,1ts5yvn,2026-05,oovnhxh,Surfer_020,True,9.0,False,,False,4,1780197592,0,1664.6,6703.0,1682.0,True
IndiaInvestments,1ticf6m,2026-05,omthpws,Blockchain_Batman,True,1.0,True,1.0,False,96,1779259572,0,47.2,4.0,1056.0,True
IndiaInvestments,1ticf6m,2026-05,omvb07r,_Floydimus,True,2.0,True,3.0,False,17,1779286679,0,1042.2,20343.0,18561.0,True
IndiaInvestments,1ticf6m,2026-05,omu1lv6,docatwar,True,3.0,True,2.0,False,10,1779270091,0,3909.7,14920.0,61761.0,False
IndiaInvestments,1ticf6m,2026-05,oneshs9,SpecialOil1341,True,4.0,True,4.0,False,5,1779535034,0,61.2,49747.0,10629.0,True
IndiaInvestments,1ticf6m,2026-05,ooha4i9,Trick-Intention-9257,True,5.0,True,5.0,False,1,1780015245,0,,,,
IndiaInvestments,1tqsqb3,2026-05,ooiqam5,viserys8769,True,1.0,True,3.0,False,122,1780035241,0,3089.9,48316.0,119560.0,True
IndiaInvestments,1tqsqb3,2026-05,ooip1ap,ReymanWealth,True,2.0,True,1.0,False,59,1780034637,0,233.1,570.0,1002.0,True
IndiaInvestments,1tqsqb3,2026-05,ooj0dmq,UnemployedHokage,True,3.0,True,5.0,False,10,1780040223,0,9.2,82.0,37.0,True
IndiaInvestments,1tqsqb3,2026-05,ooiz43r,shunSwaptions,True,4.0,True,4.0,False,7,1780039565,0,1510.3,11907.0,31209.0,True
IndiaInvestments,1tqsqb3,2026-05,ooip36o,sharedevaaste,True,5.0,True,2.0,True,4,1780034662,0,2030.8,125749.0,21933.0,True
IndiaInvestments,1tqsqb3,2026-05,oojbqme,broke-n-notfunny,True,6.0,False,,False,3,1780046108,0,1902.2,131.0,11299.0,True
IndiaInvestments,1tqsqb3,2026-05,ookej76,Quick_Classroom5972,True,7.0,False,,False,2,1780060967,0,942.0,40.0,479.0,True
IndiaInvestments,1tqsqb3,2026-05,oot9og8,Necessary_Hornet_957,True,8.0,False,,False,2,1780168271,0,50.9,1.0,4.0,True
IndiaInvestments,1tqsqb3,2026-05,ook7znz,dj184,True,9.0,False,,False,1,1780058998,0,3359.6,123.0,26721.0,True
IndiaInvestments,1tqsqb3,2026-05,oorhmjz,famesardens,True,10.0,False,,False,1,1780149567,0,369.1,1.0,11771.0,True
IndiaInvestments,1td5d8m,2026-05,olt95mb,Few-Philosopher-2677,True,1.0,True,1.0,False,57,1778784587,0,1104.1,927.0,12336.0,True
IndiaInvestments,1td5d8m,2026-05,oltg12d,yashg,True,2.0,True,3.0,False,15,1778786518,0,6991.1,2097.0,40606.0,True
IndiaInvestments,1td5d8m,2026-05,olxmmc6,New_Magician4336,True,3.0,False,,True,9,1778846069,0,458.7,356.0,68.0,True
IndiaInvestments,1td5d8m,2026-05,olta7it,Prashank_25,True,4.0,True,2.0,False,6,1778784878,0,3453.4,17.0,29925.0,True
IndiaInvestments,1td5d8m,2026-05,olz2rcw,ebzzeby,True,5.0,False,,False,2,1778861750,0,1067.6,1.0,1.0,True
IndiaInvestments,1td5d8m,2026-05,om90a22,OkSuspect3169,True,6.0,False,,False,2,1778991300,0,974.1,14.0,258.0,True
IndiaInvestments,1td5d8m,2026-05,omgqxcd,billoranitv,True,7.0,False,,False,2,1779103676,0,4191.6,55.0,1761.0,False
IndiaInvestments,1td5d8m,2026-05,olw7i4o,zeypherIN,True,8.0,True,4.0,False,1,1778821065,0,3974.9,85.0,6974.0,True
IndiaInvestments,1td5d8m,2026-05,olwozui,latecallnotes,True,9.0,True,5.0,False,1,1778829850,0,55.1,1.0,36.0,True
IndiaInvestments,1td5d8m,2026-05,olwt9cy,5hu,True,10.0,False,,False,1,1778832153,0,4168.2,364.0,2938.0,True
IndiaInvestments,1tby08c,2026-05,ols306c,oh_nion,True,1.0,False,,False,4,1778773215,0,676.6,1.0,-3.0,True
IndiaInvestments,1tby08c,2026-05,olk2o6x,agreeable9823,True,2.0,True,2.0,False,1,1778676176,0,580.5,1.0,1820.0,True
IndiaInvestments,1tby08c,2026-05,olkir9d,ai_investor77,True,3.0,True,3.0,False,1,1778681028,0,81.0,1.0,1016.0,True
IndiaInvestments,1tby08c,2026-05,olm26g0,Individual-Common644,True,4.0,True,4.0,False,1,1778695809,0,1338.2,3.0,57.0,True
IndiaInvestments,1tby08c,2026-05,olp0olt,PeeyushJain,True,5.0,True,5.0,False,1,1778728841,0,815.2,5.0,-2.0,True
IndiaInvestments,1tby08c,2026-05,olrm5io,ColHansLangdaTyagi,True,6.0,False,,False,1,1778768553,0,1031.3,6137.0,4794.0,True
IndiaInvestments,1tby08c,2026-05,om4ic41,mahesh_red,True,7.0,False,,False,1,1778936445,0,2186.3,7.0,174.0,True
IndiaInvestments,1tby08c,2026-05,omcmgw6,sudo_rm-fr,True,8.0,False,,False,1,1779043174,0,1059.9,91.0,263.0,True
IndiaInvestments,1tby08c,2026-05,omy3hmg,himanshu4498,True,9.0,False,,False,1,1779314635,0,2611.6,26.0,114.0,True
IndiaInvestments,1tby08c,2026-05,ooine9w,RoutineInitiative361,True,10.0,False,,False,1,1780033870,0,9.1,1.0,0.0,True
IndiaInvestments,1tby08c,2026-05,olk1bpq,Responsible-Bad-6624,False,,True,1.0,False,0,1778675733,0,310.5,563.0,12236.0,True
IndiaInvestments,1tsw0zj,2026-05,ooydwjg,PleasantRace4794,True,1.0,True,1.0,False,3,1780240133,0,935.0,58.0,878.0,False
IndiaInvestments,1tsw0zj,2026-05,ooz8tgj,Inner_Lynx_5002,True,2.0,True,4.0,False,3,1780248886,0,1884.5,81.0,839.0,True
IndiaInvestments,1tsw0zj,2026-05,ooysshv,Due_Nefariousness308,True,3.0,True,2.0,False,1,1780244384,0,2013.0,649.0,8228.0,True
IndiaInvestments,1tsw0zj,2026-05,ooz1s9f,amitvs,True,4.0,True,3.0,False,1,1780246916,0,1955.0,1.0,33.0,True
IndiaInvestments,1tsw0zj,2026-05,op2gb6e,hamza_yassir,True,5.0,True,5.0,False,1,1780287386,0,267.2,5.0,36.0,True
IndiaInvestments,1tsw0zj,2026-05,op4iyus,Silver-Somewhere884,True,6.0,False,,False,1,1780320858,0,1832.0,1.0,60.0,True
IndiaInvestments,1tsw0zj,2026-05,op657mi,MinatoNamekaze619,True,7.0,False,,False,1,1780336742,0,1628.3,425.0,171.0,True
IndiaInvestments,1tsoeeo,2026-05,oowkntx,fingering-typhoon,True,1.0,True,1.0,False,53,1780213161,0,2364.7,265.0,1534.0,True
IndiaInvestments,1tsoeeo,2026-05,oows54l,Snoo_65107,True,2.0,True,2.0,False,10,1780217119,0,2191.8,88.0,146.0,True
IndiaInvestments,1tsoeeo,2026-05,oozilng,zzzehar,True,3.0,True,3.0,False,2,1780251587,0,3514.6,168.0,2943.0,True
IndiaInvestments,1tsoeeo,2026-05,op1wbot,redastrapia,True,4.0,True,4.0,False,1,1780279374,0,1252.0,1226.0,3882.0,True
IndiaInvestments,1tsoeeo,2026-05,op2t6li,MathematicianIll9163,True,5.0,True,5.0,False,1,1780293356,0,936.1,33.0,192.0,True
IndiaInvestments,1t1r5p6,2026-05,ojslahk,exploring_yet,True,1.0,True,2.0,False,14,1777860970,0,1982.8,67.0,1073.0,True
IndiaInvestments,1t1r5p6,2026-05,ojt89ky,rentmeahouse,True,2.0,True,3.0,False,10,1777870581,0,2561.1,1831.0,6514.0,True
IndiaInvestments,1t1r5p6,2026-05,ok738ag,Jolly_Brother_5984,True,3.0,True,4.0,False,3,1778044355,0,457.5,1.0,2.0,True
IndiaInvestments,1t1r5p6,2026-05,okl8obc,Admirablesky-,True,4.0,True,5.0,False,1,1778221409,0,1833.7,1.0,1.0,True
IndiaInvestments,1t1r5p6,2026-05,oklfgd0,donoteatthatfrog,True,5.0,False,,False,1,1778224701,0,4413.8,5925.0,111363.0,True
IndiaInvestments,1t1r5p6,2026-05,okyd06s,MarketObserver_IN,True,6.0,False,,False,1,1778395542,0,104.0,568.0,665.0,True
IndiaInvestments,1t1r5p6,2026-05,oohduvi,Trick-Intention-9257,True,7.0,False,,False,1,1780016515,0,,,,
IndiaInvestments,1t1r5p6,2026-05,oojgyjh,Expensive_Ice6030,True,8.0,False,,False,1,1780048664,0,8.1,1.0,0.0,True
IndiaInvestments,1t1r5p6,2026-05,ojl0nr9,viewmind,True,9.0,True,1.0,False,-4,1777761266,0,1117.0,22.0,115.0,True
IndiaInvestments,1to5n9f,2026-05,oorz5lc,Quick_Classroom5972,True,1.0,True,1.0,False,2,1780154890,0,942.0,40.0,479.0,True
IndiaInvestments,1to5n9f,2026-05,opcb98f,DifferentIssue1,True,2.0,True,2.0,False,2,1780416406,0,960.7,1863.0,1096.0,True
IndiaInvestments,1taxsby,2026-05,oleua7l,NYCtoMumbai,True,1.0,False,,False,8,1778607699,0,32.7,643.0,213.0,True
IndiaInvestments,1taxsby,2026-05,olejjca,Specialist_Public_88,True,2.0,True,4.0,False,7,1778604912,0,2177.1,295.0,492.0,True
IndiaInvestments,1taxsby,2026-05,oldqcg4,shaxin1,True,3.0,True,2.0,False,2,1778597168,0,2298.3,1.0,73.0,True
IndiaInvestments,1taxsby,2026-05,olekqoj,Few_Statistician_121,True,4.0,True,5.0,False,1,1778605219,0,1900.9,1.0,7.0,True
IndiaInvestments,1taxsby,2026-05,olh9ead,Real_Inevitable_2576,True,5.0,False,,False,1,1778633313,0,1809.3,1.0,83.0,True
IndiaInvestments,1taxsby,2026-05,olivkmb,jawisko,True,6.0,False,,False,1,1778656985,0,3265.9,3350.0,23470.0,True
IndiaInvestments,1taxsby,2026-05,oljznxa,ReymanWealth,True,7.0,False,,False,1,1778675170,0,233.1,570.0,1002.0,True
IndiaInvestments,1taxsby,2026-05,oll4cg1,Then-Equivalent4093,True,8.0,False,,False,1,1778686915,0,1953.6,3.0,111.0,True
IndiaInvestments,1taxsby,2026-05,olopz2u,aturate1995,True,9.0,False,,False,1,1778725039,0,2060.7,1.0,10.0,True
IndiaInvestments,1taxsby,2026-05,omqi09a,ultatomato,True,10.0,False,,False,1,1779221307,0,2847.2,119.0,1140.0,True
IndiaInvestments,1taxsby,2026-05,olebt8y,TwoFit1212,False,,True,3.0,False,-1,1778602856,0,511.2,2.0,58.0,True
IndiaInvestments,1taxsby,2026-05,olczfej,freeze_ninja,False,,True,1.0,False,-2,1778589239,0,1572.9,5289.0,12187.0,True
AskIndia,1tfmt1s,2026-05,omagwi4,Over_Tailor_6485,True,1.0,False,,False,227,1779018182,0,615.7,1.0,9576.0,True
AskIndia,1tfmt1s,2026-05,omaeu0z,Small_Adeptness6467,True,2.0,True,2.0,False,195,1779017268,0,111.0,3497.0,304.0,True
AskIndia,1tfmt1s,2026-05,omag1g6,SweetVideo0007,True,3.0,False,,False,82,1779017809,0,296.7,47.0,1249.0,True
AskIndia,1tfmt1s,2026-05,omaesb2,AlternativeCup69,True,4.0,True,1.0,False,70,1779017247,0,22.1,3.0,298.0,True
AskIndia,1tfmt1s,2026-05,omaf49t,Willing-Friend-891,True,5.0,True,4.0,False,53,1779017396,0,323.1,683.0,4794.0,True
AskIndia,1tfmt1s,2026-05,omag7tu,quickspark69,True,6.0,False,,False,22,1779017887,0,133.0,90.0,1728.0,True
AskIndia,1tfmt1s,2026-05,omagghp,Ashamed-Efficiency96,True,7.0,False,,False,14,1779017991,0,1462.5,677.0,2667.0,True
AskIndia,1tfmt1s,2026-05,omaffq4,Naive_Chapter7809,True,8.0,True,5.0,False,12,1779017539,0,1226.7,27.0,1898.0,True
AskIndia,1tfmt1s,2026-05,omafzsh,Broad_Geologist7998,True,9.0,False,,False,11,1779017788,0,39.8,2.0,886.0,True
AskIndia,1tfmt1s,2026-05,omanbux,RaajuuTedd,True,10.0,False,,False,8,1779020760,0,2097.2,375.0,3180.0,True
AskIndia,1tfmt1s,2026-05,omaeu5g,donot_poke,False,,True,3.0,False,8,1779017270,0,304.8,12532.0,6825.0,True
AskIndia,1tmfu0p,2026-05,onmgklr,nandu_sabka_bandhoo,True,1.0,True,1.0,False,240,1779638431,0,1443.9,51586.0,122872.0,True
AskIndia,1tmfu0p,2026-05,onmis7c,LeAnarchiste,True,2.0,True,4.0,False,103,1779639060,0,1295.9,2783.0,22766.0,True
AskIndia,1tmfu0p,2026-05,onmm37o,kill3rlook5,True,3.0,False,,False,57,1779639990,0,3298.1,1.0,611.0,True
AskIndia,1tmfu0p,2026-05,onmie46,__M4V3RICK,True,5.0,True,3.0,False,20,1779638950,0,165.8,6.0,3027.0,True
AskIndia,1tmfu0p,2026-05,onn55tq,unicorn005,True,4.0,False,,False,22,1779645273,0,293.5,185.0,1370.0,True
AskIndia,1tmfu0p,2026-05,onn7mtd,Active_Historian_964,True,6.0,False,,False,17,1779645977,0,750.3,3040.0,4208.0,True
AskIndia,1tmfu0p,2026-05,onn7n96,Silver_Fix8881,True,7.0,False,,False,13,1779645981,0,1068.2,1687.0,182.0,True
AskIndia,1tmfu0p,2026-05,onmq8h6,manicketh,True,8.0,False,,False,11,1779641160,0,3270.8,370.0,435.0,True
AskIndia,1tmfu0p,2026-05,onmhjvm,ChandlerBingsSarcasm,True,9.0,True,2.0,False,9,1779638711,0,980.7,24865.0,58618.0,True
AskIndia,1tmfu0p,2026-05,onmisj1,Turbulent_Ad5629,True,10.0,True,5.0,False,8,1779639062,0,2017.9,8.0,266.0,True
AskIndia,1toe0mt,2026-05,oo0fp0u,thirstyresearch,True,1.0,True,4.0,False,347,1779817050,0,1356.8,585.0,2006.0,True
AskIndia,1toe0mt,2026-05,oo0mowp,Still-Idea7797,True,2.0,False,,False,89,1779818890,0,10.7,1.0,112.0,True
AskIndia,1toe0mt,2026-05,oo0gaby,Mental-Persimmon7920,True,3.0,False,,False,67,1779817204,0,24.1,176.0,1967.0,True
AskIndia,1toe0mt,2026-05,oo0f6sn,WannaBeRational,True,4.0,True,2.0,False,44,1779816916,0,194.1,327.0,151.0,False
AskIndia,1toe0mt,2026-05,oo0jqfr,AdorableVisual,True,5.0,False,,False,34,1779818103,0,2687.8,1181.0,1616.0,True
AskIndia,1toe0mt,2026-05,oo0sh5s,Kohl_And_Curves,True,6.0,False,,False,28,1779820439,0,48.8,3477.0,7096.0,True
AskIndia,1toe0mt,2026-05,oo0fyj3,zesty_cat9190,True,7.0,True,5.0,False,23,1779817118,0,36.2,32.0,264.0,False
AskIndia,1toe0mt,2026-05,oo0ip4a,Swimming_Anywhere_30,True,8.0,False,,False,23,1779817833,0,1629.1,207.0,986.0,True
AskIndia,1toe0mt,2026-05,oo0euvk,Hefty_Formal_3615,True,9.0,True,1.0,False,23,1779816830,0,535.5,9258.0,270.0,True
AskIndia,1toe0mt,2026-05,oo0l2y2,fuxk-reddit,True,10.0,False,,False,12,1779818457,0,440.9,170.0,336.0,True
AskIndia,1toe0mt,2026-05,oo0fao4,Accomplished-Stop715,False,,True,3.0,False,7,1779816945,0,1345.1,166.0,554.0,True
AskIndia,1tp8hse,2026-05,oo6sq7t,Soft-Nose6370,True,1.0,True,1.0,False,332,1779895340,0,54.6,3655.0,760.0,True
AskIndia,1tp8hse,2026-05,oo6wfv5,OverworkedWorkaholic,True,2.0,False,,False,141,1779896302,0,1450.9,446.0,2526.0,True
AskIndia,1tp8hse,2026-05,oo6w3ji,BlackStagGoldField,True,3.0,False,,False,77,1779896213,0,2650.0,2597.0,31454.0,True
AskIndia,1tp8hse,2026-05,oo6ukkh,punamray,True,4.0,True,5.0,False,66,1779895815,0,61.8,1241.0,2211.0,True
AskIndia,1tp8hse,2026-05,oo6tomu,chai-over-everything,True,5.0,True,3.0,False,38,1779895587,0,139.8,9047.0,6352.0,True
AskIndia,1tp8hse,2026-05,oo7jcqv,arihantd,True,6.0,False,,False,23,1779902190,0,2667.5,886.0,5452.0,True
AskIndia,1tp8hse,2026-05,oo6thxi,OverworkedWorkaholic,True,7.0,True,2.0,False,23,1779895539,0,1450.9,446.0,2526.0,True
AskIndia,1tp8hse,2026-05,oo88fc1,Careless-Mammoth-944,True,8.0,False,,False,22,1779908604,0,1642.1,302.0,69790.0,True
AskIndia,1tp8hse,2026-05,oo7a5y6,vyomafc,True,9.0,False,,False,12,1779899835,0,3833.3,707.0,62678.0,True
AskIndia,1tp8hse,2026-05,oo7jiqv,Lyx97,True,10.0,False,,False,8,1779902232,0,3202.1,2052.0,14480.0,True
AskIndia,1tp8hse,2026-05,oo6ug7k,Glittering_Ask_6693,False,,True,4.0,False,4,1779895784,0,151.1,55167.0,940.0,True
AskIndia,1tnvooz,2026-05,onx00hv,Conscious-Band-624,True,1.0,False,,False,719,1779770973,0,73.5,7.0,712.0,True
AskIndia,1tnvooz,2026-05,onwwmmi,idkparth,True,2.0,True,5.0,False,572,1779769471,0,1458.4,1405.0,15027.0,True
AskIndia,1tnvooz,2026-05,onwwkkt,Budget-Ease-5871,True,3.0,True,4.0,False,387,1779769446,0,1432.0,94.0,11168.0,False
AskIndia,1tnvooz,2026-05,onwuscu,Socially_Dead_JB_285,True,4.0,True,2.0,False,138,1779768681,0,481.2,522.0,4754.0,True
AskIndia,1tnvooz,2026-05,onwv0be,Son_Chidi,True,5.0,True,3.0,False,110,1779768775,0,730.0,747.0,61446.0,True
AskIndia,1tnvooz,2026-05,onwuh3m,Technical-Shop-9907,True,6.0,True,1.0,False,106,1779768548,0,417.3,1.0,2095.0,True
AskIndia,1tnvooz,2026-05,onwy4xw,randomredditor575,True,7.0,False,,False,62,1779770137,0,308.9,403.0,35609.0,True
AskIndia,1tnvooz,2026-05,onx2efn,pepewithhorns,True,8.0,False,,False,39,1779772071,0,1997.1,90.0,6007.0,False
AskIndia,1tnvooz,2026-05,onwx8um,Practical_Molasses19,True,9.0,False,,False,31,1779769741,0,28.3,143.0,1052.0,False
AskIndia,1tnvooz,2026-05,onwzmyb,Easy_Check8942,True,10.0,False,,False,27,1779770803,0,1152.9,942.0,699.0,False
AskIndia,1tm7jtn,2026-05,onkr4pe,Princess_Neko802,True,1.0,True,5.0,False,162,1779615883,0,599.3,108.0,28068.0,True
AskIndia,1tm7jtn,2026-05,onkqfn7,Still_Secret_7596,True,2.0,True,1.0,False,110,1779615499,0,1047.1,355.0,314.0,True
AskIndia,1tm7jtn,2026-05,onkqg8z,Medical-Gap-1367,True,4.0,True,2.0,False,36,1779615508,0,599.3,5.0,162.0,True
AskIndia,1tm7jtn,2026-05,onkraeo,Ex-GF-material,True,3.0,False,,False,38,1779615971,0,13.6,756.0,866.0,True
AskIndia,1tm7jtn,2026-05,onkqpib,Adventurous-Board258,True,5.0,True,3.0,False,24,1779615651,0,988.4,17465.0,11550.0,False
AskIndia,1tm7jtn,2026-05,onkr38v,No-Parking7737,True,6.0,True,4.0,False,16,1779615860,0,112.2,76.0,1248.0,False
AskIndia,1tm7jtn,2026-05,onkrhc6,BJJ-Newbie,True,7.0,False,,False,14,1779616079,0,1720.5,5589.0,15244.0,True
AskIndia,1tm7jtn,2026-05,onksag3,Modis_teleprompter,True,8.0,False,,False,10,1779616510,0,725.1,5888.0,25644.0,True
AskIndia,1tm7jtn,2026-05,onksjyl,Repulsive_Fox_2716,True,9.0,False,,False,9,1779616652,0,795.9,704.0,3299.0,True
AskIndia,1tm7jtn,2026-05,onkt814,Desperate_Space3645,True,10.0,False,,False,8,1779617008,0,1276.0,9609.0,6660.0,True
AskIndia,1tgwed6,2026-05,omj8obf,Fast_Impression9738,True,1.0,False,,False,444,1779131166,0,2166.2,7.0,7517.0,True
AskIndia,1tgwed6,2026-05,omjbrm2,hgwellsrf,True,2.0,False,,False,171,1779132117,0,4061.3,2315.0,36871.0,True
AskIndia,1tgwed6,2026-05,omj3dad,AccomplishedSkin8881,True,3.0,True,1.0,False,130,1779129580,0,595.1,151.0,3397.0,True
AskIndia,1tgwed6,2026-05,omj7k8t,lligerr,True,4.0,False,,False,77,1779130829,0,1371.7,3790.0,14785.0,True
AskIndia,1tgwed6,2026-05,omj8xzq,Previous_Cod_4446,True,5.0,False,,False,69,1779131246,0,1721.0,8.0,625.0,True
AskIndia,1tgwed6,2026-05,omj9t50,jevlis_ka123,True,6.0,False,,False,65,1779131511,0,452.9,20133.0,14225.0,False
AskIndia,1tgwed6,2026-05,omj4m67,PretentiousFlower,True,7.0,True,3.0,False,61,1779129952,0,630.8,167.0,2100.0,True
AskIndia,1tgwed6,2026-05,omja2tm,Primary-Editor-9288,True,9.0,False,,False,28,1779131593,0,2086.0,6966.0,20110.0,True
AskIndia,1tgwed6,2026-05,omjnodz,Dracule_Zoroo,True,8.0,False,,False,29,1779135569,0,599.3,1.0,25.0,True
AskIndia,1tgwed6,2026-05,omj4ypf,The_ZMD,True,10.0,True,4.0,False,18,1779130056,0,2840.3,11393.0,41715.0,True
AskIndia,1tgwed6,2026-05,omj5308,KeyDifference4178,False,,True,5.0,False,17,1779130091,0,1153.2,65690.0,29005.0,True
AskIndia,1tgwed6,2026-05,omj3os9,Imalldeadinside,False,,True,2.0,False,10,1779129674,0,2299.1,11368.0,19485.0,True
AskIndia,1tb7pm0,2026-05,olfh8ig,param2626,True,1.0,False,,False,284,1778613881,0,2316.0,130.0,803.0,True
AskIndia,1tb7pm0,2026-05,olemeau,Stupiditymonger,True,2.0,True,1.0,False,196,1778605651,0,144.7,866.0,747.0,True
AskIndia,1tb7pm0,2026-05,olf9qts,kyoto_Yukimora,True,3.0,False,,False,45,1778611852,0,1715.7,24.0,2848.0,True
AskIndia,1tb7pm0,2026-05,oleuf4g,Ziquuu,True,5.0,True,4.0,False,22,1778607735,0,1008.8,237.0,2249.0,True
AskIndia,1tb7pm0,2026-05,oleuewe,thatsInAName,True,6.0,True,3.0,False,20,1778607733,0,2711.0,1131.0,19553.0,True
AskIndia,1tb7pm0,2026-05,olewmum,More_Pension4911,True,4.0,False,,False,23,1778608311,0,425.5,12031.0,15045.0,True
AskIndia,1tb7pm0,2026-05,olhk707,SujalHansda09,True,7.0,False,,False,11,1778636947,0,2536.5,21.0,1486.0,True
AskIndia,1tb7pm0,2026-05,olf15vm,thegreatking2025,True,8.0,False,,False,9,1778609503,0,281.2,151.0,2740.0,True
AskIndia,1tb7pm0,2026-05,olfauql,Robinkhare,True,10.0,False,,False,6,1778612149,0,2293.2,2.0,1207.0,True
AskIndia,1tb7pm0,2026-05,olfdi5s,West-Attempt6797,True,9.0,False,,False,7,1778612866,0,1919.8,588.0,5130.0,True
AskIndia,1tb7pm0,2026-05,olemyci,BottleQuiet4862,False,,True,2.0,False,5,1778605800,0,138.7,11165.0,6788.0,True
AskIndia,1tb7pm0,2026-05,olewfbq,Z_0_R_0,False,,True,5.0,False,4,1778608257,0,2059.9,317.0,6358.0,True
AskIndia,1t4g2fw,2026-05,ok268lp,Visual-Maximum-8117,True,1.0,True,2.0,False,193,1777989516,0,1260.0,14.0,16857.0,True
AskIndia,1t4g2fw,2026-05,ok4by00,Nishthefish74,True,2.0,False,,False,130,1778010695,0,1713.1,471.0,12641.0,True
AskIndia,1t4g2fw,2026-05,ok2kdt3,chaipechugli,True,3.0,False,,False,34,1777993473,0,261.1,541.0,1883.0,True
AskIndia,1t4g2fw,2026-05,ok2mvny,the_running_stache,True,4.0,False,,False,24,1777994164,0,3553.6,14767.0,124419.0,True
AskIndia,1t4g2fw,2026-05,ok2fldq,Stifffmeister11,True,5.0,False,,False,16,1777992142,0,1061.1,19692.0,94141.0,True
AskIndia,1t4g2fw,2026-05,ok2j8fs,Waah_Realist,True,6.0,False,,False,16,1777993152,0,168.3,3213.0,13519.0,True
AskIndia,1t4g2fw,2026-05,ok24mqk,laughing_cactus,True,7.0,True,1.0,True,12,1777989051,0,406.0,29271.0,6151.0,True
AskIndia,1t4g2fw,2026-05,ok2a767,CrimeMasterGogoChan,True,8.0,True,4.0,False,11,1777990649,0,305.3,6592.0,74868.0,True
AskIndia,1t4g2fw,2026-05,ok26mvp,Extension-Region1421,True,10.0,True,3.0,False,4,1777989631,0,331.8,12234.0,1346.0,True
AskIndia,1t4g2fw,2026-05,ok2amxx,Altruistic_Bank_1552,False,,True,5.0,False,4,1777990772,0,305.0,673.0,11974.0,True
AskIndia,1t4g2fw,2026-05,ok5trvu,gurningwanker,True,9.0,False,,False,5,1778027149,0,314.0,120.0,1248.0,True
AskIndia,1t93538,2026-05,okz0ebd,Patrick_walkerr,True,1.0,True,1.0,True,311,1778408536,0,38.7,2542.0,5201.0,True
AskIndia,1t93538,2026-05,okz0sjy,Biryani_Man,True,2.0,True,2.0,False,54,1778408746,0,2761.1,760.0,6112.0,True
AskIndia,1t93538,2026-05,okz6tdd,Spidygirl2,True,3.0,False,,False,54,1778411742,0,921.3,69.0,5350.0,True
AskIndia,1t93538,2026-05,okz43ui,Logical_Layer5543,True,4.0,True,3.0,False,48,1778410447,0,941.0,534.0,3466.0,True
AskIndia,1t93538,2026-05,okz4cc2,expression-waves,True,5.0,True,4.0,False,18,1778410562,0,724.3,997.0,6121.0,True
AskIndia,1t93538,2026-05,okz5hdx,Soul_Healer777,True,6.0,True,5.0,False,12,1778411111,0,57.9,3.0,1296.0,True
AskIndia,1t93538,2026-05,okz8ibo,Classic_Plantain2109,True,7.0,False,,False,9,1778412515,0,36.9,1.0,124.0,True
AskIndia,1t93538,2026-05,okzgndp,Immediate_Pomelo_496,True,8.0,False,,False,7,1778415903,0,1209.9,107.0,8833.0,True
AskIndia,1t93538,2026-05,okzgy8q,Tellmimoar,True,10.0,False,,False,4,1778416020,0,2007.3,1837.0,10333.0,True
AskIndia,1t93538,2026-05,ol09g6e,Right_Bid_1921,True,9.0,False,,False,5,1778425333,0,1199.0,306.0,7213.0,True
ipl,1tt2787,2026-05,oozd4re,EnidSnyder,True,1.0,True,4.0,False,409,1780250077,0,741.5,5146.0,5729.0,True
ipl,1tt2787,2026-05,oozd562,_abhy23,True,2.0,True,5.0,False,327,1780250080,0,807.4,1851.0,932.0,True
ipl,1tt2787,2026-05,oozcnwy,Complex_Courage_8481,True,3.0,True,1.0,False,292,1780249948,0,542.2,8590.0,21656.0,True
ipl,1tt2787,2026-05,oozdhn2,paul_1700,True,4.0,False,,False,230,1780250176,0,2208.9,689.0,3113.0,True
ipl,1tt2787,2026-05,oozdjns,Guilty-Somewhere7158,True,5.0,False,,False,184,1780250192,0,571.0,1088.0,18895.0,True
ipl,1tt2787,2026-05,oozdwj4,ab__positive,True,6.0,False,,False,122,1780250291,0,474.7,1.0,1018.0,True
ipl,1tt2787,2026-05,oozd21d,vihanam,True,7.0,True,2.0,False,82,1780250056,0,26.0,276.0,1923.0,True
ipl,1tt2787,2026-05,oozel2r,Thala77777,True,8.0,False,,False,82,1780250477,0,766.7,2180.0,17706.0,True
ipl,1tt2787,2026-05,oozd9w1,lawl1238,True,10.0,False,,False,73,1780250117,0,1389.0,3.0,1463.0,True
ipl,1tt2787,2026-05,oozdpb4,BornAwareness7088,True,9.0,False,,False,75,1780250235,0,397.1,790.0,15042.0,True
ipl,1tt2787,2026-05,oozd3q1,Low_Loss_4817,False,,True,3.0,False,41,1780250069,0,268.5,1.0,382.0,True
ipl,1t9eecv,2026-05,ol1edbj,baigankebaal,True,1.0,True,3.0,False,546,1778436971,0,2378.5,1541.0,7534.0,True
ipl,1t9eecv,2026-05,ol1ehpq,SnooAdvice1157,True,2.0,False,,False,395,1778437005,0,2060.5,5970.0,65073.0,True
ipl,1t9eecv,2026-05,ol1eavo,The_Flash_20,True,3.0,True,1.0,False,293,1778436952,0,1782.5,6160.0,130757.0,True
ipl,1t9eecv,2026-05,ol1eaxr,Zygarde_1998,True,4.0,True,2.0,False,165,1778436952,0,116.4,7819.0,8313.0,True
ipl,1t9eecv,2026-05,ol1eltf,InevitableAlive16,True,5.0,False,,False,140,1778437037,0,1588.1,1474.0,3194.0,True
ipl,1t9eecv,2026-05,ol1ehfn,Moongfali4president,True,6.0,True,5.0,False,124,1778437003,0,582.1,79379.0,139846.0,True
ipl,1t9eecv,2026-05,ol1egvq,Puzzleheaded_Ask480,True,7.0,True,4.0,False,89,1778436998,0,374.2,45.0,956.0,False
ipl,1t9eecv,2026-05,ol1ejao,OkProposal8020,True,8.0,False,,False,80,1778437017,0,514.9,13.0,515.0,True
ipl,1t9eecv,2026-05,ol1emot,That_Sky2114,True,9.0,False,,False,56,1778437044,0,1826.3,4935.0,9798.0,True
ipl,1t9eecv,2026-05,ol1ekyp,Successful-Hippo9679,True,10.0,False,,False,43,1778437030,0,2151.5,19085.0,50434.0,True
ipl,1tmd6zq,2026-05,onlxd4v,Sad_Floor_4120,True,1.0,True,2.0,False,861,1779632835,0,755.6,30.0,129324.0,True
ipl,1tmd6zq,2026-05,onm0ra1,Jackie_Chan_93,True,2.0,False,,False,457,1779633873,0,599.9,226195.0,77272.0,True
ipl,1tmd6zq,2026-05,onlxt29,MurkhApniChaviSudhar,True,3.0,True,3.0,False,380,1779632971,0,427.1,2659.0,85110.0,True
ipl,1tmd6zq,2026-05,onlzq7c,DeepanJain,True,4.0,True,5.0,False,344,1779633558,0,2128.1,7261.0,28492.0,True
ipl,1tmd6zq,2026-05,onlzsti,Legitimate-Lie-6213,True,5.0,False,,False,319,1779633580,0,119.4,1.0,1113.0,True
ipl,1tmd6zq,2026-05,onm0bay,itz_Knight1,True,6.0,False,,False,263,1779633737,0,1571.9,3298.0,5610.0,True
ipl,1tmd6zq,2026-05,onm21ug,AlooParathewithcum,True,7.0,False,,False,192,1779634265,0,104.0,244.0,12750.0,True
ipl,1tmd6zq,2026-05,onm1mhs,Ayano-21,True,8.0,False,,False,172,1779634137,0,612.9,15.0,1646.0,True
ipl,1tmd6zq,2026-05,onlym9m,Condom_Kumara,True,9.0,True,4.0,False,146,1779633219,0,101.8,828.0,16622.0,True
ipl,1tmd6zq,2026-05,onmofj0,dabest27,True,10.0,False,,False,84,1779640651,0,2026.9,1.0,4205.0,True
ipl,1tmd6zq,2026-05,onlx0u9,pleaserestartsystem,False,,True,1.0,False,43,1779632731,0,91.2,5.0,819.0,True
ipl,1thdeon,2026-05,ommd3at,Independent-Dot5393,True,1.0,True,4.0,False,432,1779169842,0,103.9,10375.0,30839.0,True
ipl,1thdeon,2026-05,ommcrrz,lyra_black,True,2.0,True,2.0,False,197,1779169685,0,2074.7,232.0,3738.0,True
ipl,1thdeon,2026-05,ommeu65,VividSet9554,True,3.0,True,5.0,False,106,1779170708,0,57.1,294.0,137.0,True
ipl,1thdeon,2026-05,ommc34t,jigglingboobs,True,4.0,True,1.0,False,78,1779169347,0,51.2,1688.0,4656.0,True
ipl,1thdeon,2026-05,ommfjww,Smooth-Mix-4357,True,5.0,False,,False,75,1779171066,0,1191.8,2980.0,163948.0,True
ipl,1thdeon,2026-05,ommfio7,srijangotnorizz,True,6.0,False,,False,67,1779171049,0,83.2,5983.0,3910.0,True
ipl,1thdeon,2026-05,ommcvoq,No-Day8949,True,7.0,True,3.0,False,64,1779169738,0,44.1,2867.0,5668.0,True
ipl,1thdeon,2026-05,ommiooy,sackclothxashes,True,8.0,False,,False,16,1779172669,0,1879.7,102.0,4579.0,True
ipl,1thdeon,2026-05,ommmk1b,1kshvaku,True,9.0,False,,False,10,1779174654,0,2234.8,1542.0,25530.0,True
ipl,1thdeon,2026-05,ommje61,Minimum_Garlic_5437,True,10.0,False,,False,6,1779173034,0,152.1,38.0,1339.0,True
ipl,1tgvy67,2026-05,omj0pst,ivebeensad4ever,True,1.0,True,1.0,False,632,1779128772,0,49.2,369.0,10927.0,True
ipl,1tgvy67,2026-05,omj26vr,Still-Voice2605,True,2.0,False,,False,537,1779129225,0,54.2,2.0,837.0,True
ipl,1tgvy67,2026-05,omj1dp2,Alone-Wheel2902,True,3.0,True,3.0,False,408,1779128979,0,272.2,54588.0,38070.0,True
ipl,1tgvy67,2026-05,omj1ve6,BaekDo2521,True,4.0,False,,False,351,1779129128,0,1502.4,14.0,15156.0,True
ipl,1tgvy67,2026-05,omj3smx,KarmaaHunter,True,5.0,False,,False,299,1779129706,0,1245.4,974.0,4859.0,True
ipl,1tgvy67,2026-05,omj9dp9,TRSxABHINAVOP,True,6.0,False,,False,216,1779131379,0,292.1,13626.0,20679.0,False
ipl,1tgvy67,2026-05,omj1mqn,Low-Opportunity2403,True,7.0,True,5.0,False,153,1779129054,0,1271.3,890.0,13378.0,True
ipl,1tgvy67,2026-05,omj2h0w,Commercial_Growth223,True,8.0,False,,False,140,1779129312,0,1179.3,35.0,1428.0,True
ipl,1tgvy67,2026-05,omj2csz,Silver_Cry733,True,9.0,False,,False,104,1779129276,0,746.3,28136.0,58719.0,True
ipl,1tgvy67,2026-05,omj6ras,Gacha_addict101,True,10.0,False,,False,73,1779130591,0,120.9,261.0,5101.0,True
ipl,1tgvy67,2026-05,omj17y6,Glittering-Wafer1691,False,,True,2.0,False,54,1779128930,0,729.0,471.0,6269.0,True
ipl,1tgvy67,2026-05,omj1l98,single-coworker,False,,True,4.0,False,44,1779129042,0,1455.2,7402.0,4522.0,True
ipl,1tivn4f,2026-05,omx4y9n,Damnwtfishappenin,True,1.0,True,1.0,False,471,1779304351,0,445.3,189.0,11791.0,True
ipl,1tivn4f,2026-05,omx5182,FurinaFootWorshiper,True,2.0,True,2.0,False,263,1779304373,0,669.9,38884.0,73356.0,True
ipl,1tivn4f,2026-05,omx5eqn,ManyEngine3704,True,3.0,True,4.0,False,139,1779304478,0,261.3,1.0,296.0,True
ipl,1tivn4f,2026-05,omx7f7y,SnooComics2143,True,4.0,False,,False,88,1779305043,0,2151.2,444.0,15565.0,True
ipl,1tivn4f,2026-05,omx56lm,J_Tsk-1174,True,5.0,True,3.0,False,61,1779304415,0,667.0,61.0,3031.0,True
ipl,1tivn4f,2026-05,omx7tkx,Sr_11_10,True,6.0,False,,False,40,1779305158,0,93.6,2.0,2648.0,True
ipl,1tivn4f,2026-05,omx6pec,Void_0019,True,7.0,False,,False,27,1779304841,0,113.0,75.0,778.0,True
ipl,1tivn4f,2026-05,omxci0a,anxious-phenomenon,True,8.0,False,,False,24,1779306480,0,191.9,1973.0,2324.0,True
ipl,1tivn4f,2026-05,omx5sqi,SnooAdvice1157,True,9.0,True,5.0,False,10,1779304587,0,2060.5,5970.0,65073.0,True
ipl,1tivn4f,2026-05,omx7abw,DeepInEvil,True,10.0,False,,False,8,1779305005,0,3373.6,2421.0,8853.0,True
ipl,1tkslyl,2026-05,onb0vuu,peaceKeeper2571,True,1.0,False,,False,1043,1779479351,0,771.3,6305.0,3520.0,True
ipl,1tkslyl,2026-05,onaw9ci,BroccoliRemote1867,True,2.0,False,,False,697,1779478023,0,1331.8,260.0,3657.0,True
ipl,1tkslyl,2026-05,onax610,CoffeeDefiant4247,True,3.0,False,,False,548,1779478283,0,1649.5,379.0,111066.0,True
ipl,1tkslyl,2026-05,onauhw9,Mumbai_Indians95,True,4.0,True,4.0,False,348,1779477520,0,40.0,219.0,27222.0,True
ipl,1tkslyl,2026-05,onawt71,No_Savings_891,True,5.0,False,,False,334,1779478183,0,1668.3,6409.0,32605.0,True
ipl,1tkslyl,2026-05,onat00v,Lonely_Ocelot_1330,True,6.0,True,1.0,False,222,1779477093,0,69.5,9156.0,3060.0,False
ipl,1tkslyl,2026-05,onate85,Terrible-Passion-993,True,7.0,True,2.0,False,181,1779477205,0,383.1,1128.0,12547.0,True
ipl,1tkslyl,2026-05,onav6a6,Enough_Slice4348,True,8.0,True,5.0,False,152,1779477714,0,384.4,2260.0,52807.0,True
ipl,1tkslyl,2026-05,onaxlcx,Nikunj30,True,9.0,False,,False,135,1779478404,0,650.6,802.0,3624.0,False
ipl,1tkslyl,2026-05,onawsiu,arrogantasshole69,True,10.0,False,,False,119,1779478177,0,1067.9,410.0,645.0,True
ipl,1tkslyl,2026-05,onau8jd,Southrumble,False,,True,3.0,False,51,1779477445,0,773.8,28374.0,76571.0,True
ipl,1tfq4dq,2026-05,omb3c3z,Mumbai_Indians95,True,1.0,False,,False,631,1779026208,0,40.0,219.0,27222.0,True
ipl,1tfq4dq,2026-05,omb2eqz,zorawarr_,True,2.0,True,2.0,False,425,1779025913,0,187.0,90594.0,34880.0,True
ipl,1tfq4dq,2026-05,omb2egq,jamaLisSuS1,True,3.0,True,1.0,False,247,1779025910,0,1028.0,592.0,2229.0,True
ipl,1tfq4dq,2026-05,omb8f69,StudentNumerous3384,True,4.0,False,,False,171,1779027805,0,2129.2,1.0,17274.0,True
ipl,1tfq4dq,2026-05,omb2f8q,Successful-Hippo9679,True,5.0,True,3.0,False,143,1779025917,0,2151.5,19085.0,50434.0,True
ipl,1tfq4dq,2026-05,omb2hq3,SunshineFlames,True,6.0,True,5.0,False,129,1779025939,0,3415.2,1502.0,2387.0,True
ipl,1tfq4dq,2026-05,omb37b5,Critical-Metal6483,True,7.0,False,,False,71,1779026166,0,178.6,6007.0,27319.0,True
ipl,1tfq4dq,2026-05,omb2hnx,Boydcrowde,True,8.0,False,,False,63,1779025939,0,2074.3,69537.0,308135.0,True
ipl,1tfq4dq,2026-05,omb8hs4,sid_1207,True,9.0,False,,False,56,1779027828,0,1901.0,56.0,780.0,True
ipl,1tfq4dq,2026-05,omb7xmu,Pani_Paata_Em_Ledhu,True,10.0,False,,False,29,1779027656,0,516.8,11604.0,15526.0,True
ipl,1tfq4dq,2026-05,omb2gl7,Mean-Caterpillar1049,False,,True,4.0,False,20,1779025929,0,,,,
ipl,1tp7s17,2026-05,oo6lesw,fierce2937,True,1.0,False,,False,856,1779893411,0,741.2,4.0,6342.0,True
ipl,1tp7s17,2026-05,oo6l5pm,sverm03,True,2.0,False,,False,652,1779893345,0,1638.6,121.0,21846.0,True
ipl,1tp7s17,2026-05,oo6l24d,Pratham1019,True,3.0,True,2.0,False,567,1779893318,0,2106.7,312.0,2209.0,True
ipl,1tp7s17,2026-05,oo6l05n,bettercallfaf,True,4.0,True,1.0,False,258,1779893304,0,70.7,2.0,840.0,False
ipl,1tp7s17,2026-05,oo6l3m3,odegood,True,5.0,True,3.0,False,220,1779893329,0,1431.7,75731.0,648409.0,True
ipl,1tp7s17,2026-05,oo6loll,chipchrome-_-,True,6.0,False,,False,116,1779893483,0,1181.3,54.0,7479.0,True
ipl,1tp7s17,2026-05,oo6l4o5,_gandikbot_,True,7.0,True,5.0,False,98,1779893337,0,1077.7,3242.0,2863.0,True
ipl,1tp7s17,2026-05,oo6lcxc,Due-Order5501,True,8.0,False,,False,85,1779893397,0,1098.7,1.0,6630.0,True
ipl,1tp7s17,2026-05,oo6l46q,Artistic_Dj_6895,True,9.0,True,4.0,False,53,1779893333,0,765.9,13628.0,182.0,True
ipl,1tp7s17,2026-05,oo6l8lt,Express_Act_2135,True,10.0,False,,False,35,1779893366,0,84.0,3.0,278.0,True
ipl,1te3svq,2026-05,olzoc0q,Mumbai_Indians95,True,1.0,True,1.0,False,480,1778867706,0,40.0,219.0,27222.0,True
ipl,1te3svq,2026-05,olzq4u2,SpecialistBird3117,True,2.0,False,,False,236,1778868204,0,410.7,510.0,414.0,True
ipl,1te3svq,2026-05,olzpdrz,Complex_Courage_8481,True,3.0,True,4.0,False,184,1778867993,0,542.2,8590.0,21656.0,True
ipl,1te3svq,2026-05,olzqr07,amsking2463,True,4.0,False,,False,156,1778868379,0,779.8,642.0,4074.0,True
ipl,1te3svq,2026-05,olzpovv,ppknm,True,5.0,True,5.0,False,126,1778868079,0,875.8,456.0,3020.0,True
ipl,1te3svq,2026-05,olzrq7a,Critical-Metal6483,True,6.0,False,,False,105,1778868659,0,178.6,6007.0,27319.0,True
ipl,1te3svq,2026-05,olzou89,better_rub02,True,7.0,True,2.0,False,65,1778867846,0,135.3,43359.0,42378.0,True
ipl,1te3svq,2026-05,om014qk,XENON_017,True,8.0,False,,False,59,1778871367,0,1757.1,35036.0,22304.0,True
ipl,1te3svq,2026-05,olzzmf2,Tiny_Environment5424,True,10.0,False,,False,44,1778870930,0,462.9,8315.0,25328.0,False
ipl,1te3svq,2026-05,olzr49l,Independent-Dot5393,True,9.0,False,,False,45,1778868484,0,103.9,10375.0,30839.0,True
ipl,1te3svq,2026-05,olzoy97,Sr_11_10,False,,True,3.0,False,24,1778867877,0,93.6,2.0,2648.0,True
IndiaTech,1tkavm1,2026-05,on796px,ConfidentLeading7788,True,1.0,True,1.0,False,778,1779432515,0,,,,
IndiaTech,1tkavm1,2026-05,on7czr6,ZephyrPsyche,True,2.0,False,,False,516,1779434428,0,816.2,14.0,761.0,True
IndiaTech,1tkavm1,2026-05,on7bwmk,AlexDeathway,True,3.0,False,,False,123,1779433873,0,2141.0,154.0,4460.0,True
IndiaTech,1tkavm1,2026-05,on7gaaf,Director-Busy,True,4.0,False,,False,27,1779436182,0,2072.1,27991.0,3133.0,True
IndiaTech,1tkavm1,2026-05,on79kay,ValuableExcellent290,True,5.0,True,2.0,False,27,1779432701,0,511.7,129.0,538.0,True
IndiaTech,1tkavm1,2026-05,on7agnl,DWAIPAYAN-RC,True,6.0,False,,False,11,1779433148,0,2175.0,2256.0,6734.0,True
IndiaTech,1tkavm1,2026-05,on7gcyp,nse_yolo,True,7.0,False,,False,6,1779436221,0,469.1,7.0,8711.0,True
IndiaTech,1tkavm1,2026-05,on79s0e,guywithabeard007,True,8.0,True,3.0,False,6,1779432806,0,774.2,24.0,20853.0,False
IndiaTech,1tkavm1,2026-05,on7ozrc,Nick_Star_007,True,9.0,False,,False,5,1779440858,0,2148.1,192870.0,26476.0,True
IndiaTech,1tkavm1,2026-05,on79tmo,I_am_whatI_am,True,10.0,True,4.0,False,4,1779432828,0,52.9,4.0,312.0,False
IndiaTech,1tkavm1,2026-05,on7aeg4,Capable_Spring2530,False,,True,5.0,False,4,1779433117,0,1143.3,188.0,216.0,True
IndiaTech,1ta10xg,2026-05,ol5x0j4,Purple-Maybe-7637,True,1.0,True,3.0,False,1205,1778500945,0,1792.9,29990.0,17795.0,True
IndiaTech,1ta10xg,2026-05,ol5xq2d,thunderONEz,True,2.0,False,,False,326,1778501204,0,1790.9,5105.0,1426.0,True
IndiaTech,1ta10xg,2026-05,ol5x675,readit347,True,3.0,True,5.0,False,229,1778501004,0,1946.5,1332.0,114405.0,True
IndiaTech,1ta10xg,2026-05,ol62xt3,Rare-Ad6085,True,4.0,False,,False,146,1778503052,0,1633.5,1600.0,7093.0,True
IndiaTech,1ta10xg,2026-05,ol5zxqq,Rich_Blueberry6604,True,5.0,False,,False,39,1778501999,0,249.9,373.0,1585.0,True
IndiaTech,1ta10xg,2026-05,ol5ynff,Relevant-Criticism-8,True,6.0,False,,False,24,1778501538,0,1913.6,183.0,1917.0,True
IndiaTech,1ta10xg,2026-05,ol5ytzq,No_Chocolate_3292,True,7.0,False,,False,19,1778501603,0,1763.7,210.0,12929.0,True
IndiaTech,1ta10xg,2026-05,ol5wljr,haldiii4o,True,8.0,True,1.0,False,11,1778500793,0,,,,
IndiaTech,1ta10xg,2026-05,ol5wsq4,Any-Cockroach-2980,True,9.0,True,2.0,False,11,1778500865,0,1064.2,563.0,13124.0,True
IndiaTech,1ta10xg,2026-05,ol5z1av,Large_ass2780,True,10.0,False,,False,8,1778501676,0,69.3,264.0,2407.0,True
IndiaTech,1ta10xg,2026-05,ol5x2ac,Beneficial-Yellow804,False,,True,4.0,False,6,1778500964,0,516.1,175.0,908.0,True
IndiaTech,1tdnht1,2026-05,olwjlma,DAble_Educator,True,1.0,False,,False,1075,1778827045,0,54.9,318.0,1529.0,True
IndiaTech,1tdnht1,2026-05,olwhco0,CosmicMetalhead,True,2.0,True,3.0,False,696,1778825893,0,1185.1,45.0,4148.0,True
IndiaTech,1tdnht1,2026-05,olwjdfy,Curious-Shop-1792,True,3.0,False,,False,302,1778826928,0,617.9,2654.0,7458.0,True
IndiaTech,1tdnht1,2026-05,olwrutb,Complete_Drama679,True,4.0,False,,False,104,1778831386,0,1303.4,303.0,327.0,True
IndiaTech,1tdnht1,2026-05,olwg64j,Mission_Solid_5216,True,5.0,True,1.0,False,95,1778825300,0,53.1,68.0,621.0,True
IndiaTech,1tdnht1,2026-05,olws2b2,jokermobile333,True,6.0,False,,False,53,1778831500,0,2918.3,11462.0,37697.0,True
IndiaTech,1tdnht1,2026-05,olwikoq,FcukMan360,True,7.0,False,,False,37,1778826512,0,218.2,22676.0,16216.0,False
IndiaTech,1tdnht1,2026-05,olwkrph,Life-idk92,True,8.0,False,,False,35,1778827645,0,619.3,5132.0,4107.0,True
IndiaTech,1tdnht1,2026-05,olwoh0s,kartik_bhardwaj27,True,9.0,False,,False,28,1778829575,0,41.4,1.0,34.0,True
IndiaTech,1tdnht1,2026-05,olwgv92,dancingFatOwl,True,10.0,True,2.0,False,23,1778825650,0,1794.6,941.0,16822.0,True
IndiaTech,1tdnht1,2026-05,olwi12p,Content-Restaurant70,False,,True,5.0,False,8,1778826233,0,1593.1,5290.0,45812.0,True
IndiaTech,1tdnht1,2026-05,olwhfd3,Odd-Button4376,False,,True,4.0,False,5,1778825930,0,401.1,9.0,1942.0,True
IndiaTech,1t291pp,2026-05,ojm6lxx,pratyathedon,True,1.0,False,,False,695,1777776744,0,2949.3,907.0,27062.0,True
IndiaTech,1t291pp,2026-05,ojm3csv,code_junkie69,True,2.0,True,1.0,False,503,1777775476,0,364.2,4.0,1844.0,True
IndiaTech,1t291pp,2026-05,ojmbnbq,Rish83,True,3.0,False,,False,121,1777778851,0,3891.1,12405.0,20878.0,True
IndiaTech,1t291pp,2026-05,ojm5cgs,marathirockers,True,4.0,True,4.0,False,111,1777776245,0,368.8,22850.0,6753.0,True
IndiaTech,1t291pp,2026-05,ojm4ixf,karanbhatt100,True,5.0,True,2.0,False,90,1777775925,0,2931.2,6802.0,202420.0,True
IndiaTech,1t291pp,2026-05,ojm7pu8,defsarthak,True,6.0,False,,False,55,1777777194,0,111.3,125.0,1719.0,True
IndiaTech,1t291pp,2026-05,ojmaxb0,Suspicious_Tutor6656,True,7.0,False,,False,24,1777778540,0,1141.1,1.0,452.0,True
IndiaTech,1t291pp,2026-05,ojm4w6y,isntthereddituser,True,8.0,True,3.0,False,20,1777776067,0,662.3,15505.0,9644.0,True
IndiaTech,1t291pp,2026-05,ojmbe7t,No-AI-Comment,True,10.0,False,,False,19,1777778742,0,344.2,635.0,21522.0,True
IndiaTech,1t291pp,2026-05,ojmhnop,Ok-Elk563,True,9.0,False,,False,20,1777781455,0,1364.4,3106.0,2889.0,True
IndiaTech,1t291pp,2026-05,ojm5gks,marathirockers,False,,True,5.0,False,6,1777776289,0,368.8,22850.0,6753.0,True
IndiaTech,1t3mrv9,2026-05,ojw6xo3,smrjtkr,True,1.0,True,1.0,False,706,1777912513,0,295.9,324.0,3273.0,True
IndiaTech,1t3mrv9,2026-05,ojw8djd,WASOP24,True,2.0,False,,False,198,1777912909,0,2020.1,2757.0,2134.0,True
IndiaTech,1t3mrv9,2026-05,ojw74cu,rizzler885,True,3.0,True,3.0,False,156,1777912562,0,533.8,14.0,1061.0,True
IndiaTech,1t3mrv9,2026-05,ojwa7dm,goatguy77,True,4.0,False,,False,78,1777913403,0,2093.3,1580.0,2422.0,True
IndiaTech,1t3mrv9,2026-05,ojw73e1,Chemical-Brush3587,True,5.0,True,2.0,False,48,1777912555,0,972.1,6911.0,12734.0,True
IndiaTech,1t3mrv9,2026-05,ojw7dzo,Tonu13,True,6.0,True,4.0,False,44,1777912637,0,2592.9,1.0,1598.0,True
IndiaTech,1t3mrv9,2026-05,ojw8gbe,KindlyExplanation900,True,7.0,False,,False,20,1777912930,0,867.6,607.0,3890.0,True
IndiaTech,1t3mrv9,2026-05,ojw9x5q,Inner-Perception3,True,8.0,False,,False,12,1777913328,0,611.0,597.0,1017.0,True
IndiaTech,1t3mrv9,2026-05,ojw9aw8,Naval_Crusade,True,9.0,False,,False,10,1777913161,0,895.0,731.0,21691.0,True
IndiaTech,1t3mrv9,2026-05,ojw831m,Internal_Pin6937,True,10.0,True,5.0,False,8,1777912827,0,468.3,879.0,6300.0,False
IndiaTech,1trxfsr,2026-05,ooqt51h,Any-Cockroach-2980,True,1.0,True,1.0,False,623,1780140859,0,1064.2,563.0,13124.0,True
IndiaTech,1trxfsr,2026-05,ooqumnr,Solvenite,True,2.0,True,2.0,False,387,1780141471,0,1818.2,49.0,9882.0,True
IndiaTech,1trxfsr,2026-05,ooqxkz5,Eunoiabunny,True,3.0,True,5.0,False,265,1780142634,0,553.5,9874.0,8841.0,True
IndiaTech,1trxfsr,2026-05,oorcfip,manas695,True,4.0,False,,False,128,1780147885,0,1834.1,6.0,3372.0,True
IndiaTech,1trxfsr,2026-05,ooqxyqs,EagleEye250,True,5.0,False,,False,62,1780142781,0,1941.0,11377.0,31631.0,True
IndiaTech,1trxfsr,2026-05,oosr42d,Whoremembers1997,True,6.0,False,,False,44,1780162952,0,448.8,1.0,194.0,False
IndiaTech,1trxfsr,2026-05,oorl46v,CodeCatto,True,7.0,False,,False,33,1780150662,0,205.7,297.0,3707.0,True
IndiaTech,1trxfsr,2026-05,oorq5we,AdministrativeFly339,True,8.0,False,,False,27,1780152205,0,973.0,574.0,680.0,True
IndiaTech,1trxfsr,2026-05,oos3dmt,PyaaraAadmi_,True,9.0,False,,False,24,1780156148,0,12.8,59.0,294.0,True
IndiaTech,1trxfsr,2026-05,oosoo0g,drixpie,True,10.0,False,,False,17,1780162263,0,362.2,4460.0,1380.0,True
IndiaTech,1trxfsr,2026-05,ooqx3hw,turboz04,False,,True,4.0,False,11,1780142446,0,1005.1,507.0,2004.0,True
IndiaTech,1trxfsr,2026-05,ooqvalm,life-is-crisis,False,,True,3.0,False,8,1780141738,0,800.1,1917.0,38364.0,True
IndiaTech,1t0hlvl,2026-05,oj97g5f,T3chl0v3r,True,1.0,True,2.0,False,181,1777606549,0,1999.2,4878.0,92616.0,True
IndiaTech,1t0hlvl,2026-05,oj99jdu,surdeepkashyap,True,2.0,True,5.0,False,26,1777607396,0,180.2,16.0,229.0,True
IndiaTech,1t0hlvl,2026-05,oj9b5iz,GotBanned3rdTime,True,3.0,False,,False,15,1777608038,0,683.1,9660.0,42533.0,True
IndiaTech,1t0hlvl,2026-05,oj963ku,Creepy-Squirrel-8111,True,4.0,True,1.0,False,8,1777606000,0,246.0,19632.0,6215.0,True
IndiaTech,1t0hlvl,2026-05,oj97qtv,Some-Kid-1996,True,5.0,True,4.0,False,6,1777606672,0,482.5,350.0,11038.0,True
IndiaTech,1t0hlvl,2026-05,oj9b06c,ComprehensiveAd9514,True,6.0,False,,False,3,1777607979,0,,,,
IndiaTech,1t0hlvl,2026-05,oj97oqz,blackbutterfly_1234,True,8.0,True,3.0,False,2,1777606648,0,480.2,10.0,90.0,True
IndiaTech,1t0hlvl,2026-05,oj9by1j,Animated_freak11,True,7.0,False,,False,3,1777608360,0,2020.2,327.0,880.0,True
IndiaTech,1t0hlvl,2026-05,oj9axwe,ApeXAwakeN,True,9.0,False,,False,2,1777607954,0,2076.4,1.0,1189.0,True
IndiaTech,1t0hlvl,2026-05,oj9gdow,_anuroop,True,10.0,False,,False,2,1777610185,0,2064.6,107.0,2452.0,True
IndiaTech,1t72sgg,2026-05,oklurno,Affectionate_Fly_457,True,1.0,True,1.0,False,91,1778232576,0,1560.0,10126.0,1941.0,True
IndiaTech,1t72sgg,2026-05,oklwfcr,Disastrous_Chef_4416,True,2.0,True,2.0,False,32,1778233420,0,432.4,449.0,1194.0,True
IndiaTech,1t72sgg,2026-05,okm3t0w,notMy_ReelName,True,3.0,True,4.0,False,14,1778236865,0,1178.1,393.0,148015.0,True
IndiaTech,1t72sgg,2026-05,okmdb85,indra2807,True,4.0,True,5.0,False,7,1778240678,0,3573.8,805.0,684.0,True
IndiaTech,1t72sgg,2026-05,oklycos,Narrow_Net4997,True,5.0,True,3.0,False,4,1778234350,0,1869.8,25.0,1133.0,True
IndiaTech,1t72sgg,2026-05,okmgalg,Nervous_Voice_7479,True,6.0,False,,False,2,1778241741,0,614.4,1.0,964.0,True
IndiaTech,1t72sgg,2026-05,okooitt,Plastic_Party_2342,True,7.0,False,,False,2,1778264155,0,188.4,42.0,496.0,True
IndiaTech,1t72sgg,2026-05,okmnbbl,Fast-Major2645,True,8.0,False,,False,1,1778244081,0,565.9,186.0,1357.0,False
IndiaTech,1t72sgg,2026-05,okojr1o,No_Memory_2451,True,9.0,False,,False,1,1778262863,0,,,,
IndiaTech,1t72sgg,2026-05,okp8931,definitelymaybe15,True,10.0,False,,False,1,1778269769,0,430.2,102.0,7022.0,True
IndiaTech,1t3555j,2026-05,ojsshlc,Aniket363,True,1.0,True,1.0,False,376,1777863686,0,,,,
IndiaTech,1t3555j,2026-05,ojsvys8,indianjedi,True,2.0,True,4.0,False,96,1777865114,0,4004.1,15522.0,28097.0,True
IndiaTech,1t3555j,2026-05,ojssrdm,surfscriber,True,3.0,True,2.0,False,37,1777863797,0,710.7,393.0,6161.0,True
IndiaTech,1t3555j,2026-05,ojsuzo9,isntthereddituser,True,4.0,True,3.0,False,27,1777864711,0,662.3,15505.0,9644.0,True
IndiaTech,1t3555j,2026-05,ojswdgu,hydratedgabru,True,5.0,False,,False,25,1777865282,0,2447.9,838.0,55956.0,True
IndiaTech,1t3555j,2026-05,ojsw3qu,Shining__shadow,True,6.0,True,5.0,False,18,1777865169,0,2737.8,222.0,1388.0,True
IndiaTech,1t3555j,2026-05,ojsxjnx,Own-Examination-6754,True,7.0,False,,False,11,1777865781,0,104.6,168.0,997.0,True
IndiaTech,1t3555j,2026-05,ojswvgf,A2000HP,True,9.0,False,,False,9,1777865493,0,931.2,42.0,774.0,True
IndiaTech,1t3555j,2026-05,ojsycik,Srichandh,True,8.0,False,,False,10,1777866122,0,670.4,4.0,2787.0,True
IndiaTech,1t3555j,2026-05,ojsy7hv,happy-bonita,True,10.0,False,,False,8,1777866065,0,342.0,34.0,2417.0,True
IndiaTech,1tn3xtz,2026-05,onr92bx,GeneralAd827,True,1.0,True,1.0,False,701,1779701353,0,1062.3,135.0,3819.0,True
IndiaTech,1tn3xtz,2026-05,onr9g8o,Syman44,True,2.0,True,3.0,False,72,1779701562,0,1399.1,19.0,1359.0,True
IndiaTech,1tn3xtz,2026-05,onre1ia,venom_13,True,4.0,False,,False,63,1779703920,0,2981.5,2613.0,2947.0,True
IndiaTech,1tn3xtz,2026-05,onr92bh,UnluckyInCaseofTech,True,3.0,True,2.0,False,65,1779701353,0,99.9,1368.0,1611.0,True
IndiaTech,1tn3xtz,2026-05,onravc6,King-Downtown,True,5.0,True,5.0,False,13,1779702308,0,2025.2,1351.0,7671.0,True
IndiaTech,1tn3xtz,2026-05,onrdkrt,Medium-Ad-3122,True,6.0,False,,False,13,1779703687,0,721.8,536.0,2611.0,True
IndiaTech,1tn3xtz,2026-05,onrajbf,Jumpy_Commercial_893,True,7.0,True,4.0,False,11,1779702137,0,1008.6,3434.0,14139.0,True
IndiaTech,1tn3xtz,2026-05,onrcm4o,Rare_Remove6860,True,8.0,False,,False,6,1779703198,0,1912.7,736.0,1707.0,True
IndiaTech,1tn3xtz,2026-05,onrazaa,im_illuminati,True,9.0,False,,False,5,1779702366,0,979.4,6932.0,7479.0,True
IndiaTech,1tn3xtz,2026-05,onrbrkh,barahPENTALIS,True,10.0,False,,False,4,1779702769,0,324.9,9.0,305.0,True
IndianGaming,1tew1kn,2026-05,om6947c,prakamya_99,True,1.0,True,5.0,False,175,1778955829,0,667.1,1.0,201.0,True
IndianGaming,1tew1kn,2026-05,om6ck7e,Few_Imagination4195,True,2.0,False,,False,129,1778956905,0,428.6,52.0,220.0,True
IndianGaming,1tew1kn,2026-05,om5hg5e,hexdecmul,True,3.0,True,3.0,False,42,1778947485,0,1842.8,609.0,20630.0,True
IndianGaming,1tew1kn,2026-05,om6rimr,yed_kriz,True,4.0,False,,False,23,1778961635,0,2203.1,508.0,425.0,True
IndianGaming,1tew1kn,2026-05,om6ic7w,AdventurousDevice658,True,5.0,False,,False,8,1778958724,0,156.8,9.0,252.0,True
IndianGaming,1tew1kn,2026-05,om8rhik,myberich,True,6.0,False,,False,8,1778987529,0,126.3,54.0,1999.0,True
IndianGaming,1tew1kn,2026-05,om5gg76,External_Spirit4385,True,7.0,True,2.0,False,6,1778947187,0,1599.8,1.0,32.0,True
IndianGaming,1tew1kn,2026-05,om55cxd,terabhaikaju,True,8.0,True,1.0,False,6,1778943900,0,,,,
IndianGaming,1tew1kn,2026-05,om911o8,Itz_Abhi25,True,9.0,False,,False,3,1778991647,0,182.7,52.0,1709.0,True
IndianGaming,1tew1kn,2026-05,om984cc,User_namesaretaken,True,10.0,False,,False,3,1778994995,0,2517.3,7543.0,134191.0,True
IndianGaming,1tew1kn,2026-05,om5wpf6,PrettyQuiet4589,False,,True,4.0,False,1,1778952094,0,340.2,141.0,3637.0,True
IndianGaming,1tgr1o6,2026-05,omiccnz,4doorsmorewhoreswith,True,1.0,True,2.0,False,147,1779121410,0,1281.0,7407.0,10014.0,False
IndianGaming,1tgr1o6,2026-05,omibubt,Signal_Reality_1781,True,2.0,True,1.0,False,43,1779121270,0,750.7,1588.0,227.0,True
IndianGaming,1tgr1o6,2026-05,omikcv9,MonkeyDLuffy411,True,3.0,True,4.0,False,30,1779123584,0,2014.2,121.0,6601.0,True
IndianGaming,1tgr1o6,2026-05,omijxm2,yeti201,True,4.0,True,3.0,False,28,1779123471,0,2689.8,1887.0,5145.0,True
IndianGaming,1tgr1o6,2026-05,omilnfv,Rich_Nectarine_4009,True,5.0,True,5.0,False,10,1779123934,0,747.1,865.0,3171.0,True
IndianGaming,1tgr1o6,2026-05,omipvnq,redditcruzer,True,6.0,False,,False,7,1779125072,0,2198.2,2919.0,215171.0,True
IndianGaming,1tgr1o6,2026-05,omipl0p,Itchy_Dress_2967,True,7.0,False,,False,2,1779124994,0,709.2,6776.0,3944.0,True
IndianGaming,1tgr1o6,2026-05,ommqhfr,CRXC0D1LE,True,8.0,False,,False,2,1779176784,0,203.2,1.0,1.0,False
IndianGaming,1tgr1o6,2026-05,omit1zh,Beneficial_Mood_6969,True,9.0,False,,False,1,1779126060,0,772.1,823.0,8007.0,True
IndianGaming,1tgr1o6,2026-05,omjcq39,Electronic-Reply4258,True,10.0,False,,False,1,1779132440,0,1913.3,182.0,4162.0,True
IndianGaming,1t7w2hf,2026-05,oks09tf,debisamood,True,1.0,True,1.0,False,124,1778306833,0,2055.1,2.0,164.0,True
IndianGaming,1t7w2hf,2026-05,oks4o7u,madze3,True,2.0,True,5.0,False,54,1778309183,0,3343.0,5901.0,13032.0,True
IndianGaming,1t7w2hf,2026-05,okskjnt,songohannn,True,3.0,False,,False,33,1778318224,0,2482.1,17.0,46.0,True
IndianGaming,1t7w2hf,2026-05,oks0zgy,Full_Tone2967,True,4.0,True,2.0,False,31,1778307205,0,696.8,712.0,2951.0,True
IndianGaming,1t7w2hf,2026-05,oksmgq5,Alphaa009,True,5.0,False,,False,16,1778319309,0,2196.8,2238.0,1848.0,True
IndianGaming,1t7w2hf,2026-05,oks69fp,YourMom12062003,True,6.0,False,,False,3,1778310026,0,2095.2,50.0,6372.0,True
IndianGaming,1t7w2hf,2026-05,oks1key,hars568,True,7.0,True,3.0,False,3,1778307512,0,748.1,7185.0,10649.0,True
IndianGaming,1t7w2hf,2026-05,oks3chm,hermit033,True,8.0,True,4.0,False,3,1778308467,0,943.1,3652.0,3135.0,True
IndianGaming,1t7w2hf,2026-05,okslrcm,Honda-Activa-125,True,9.0,False,,False,2,1778318909,0,928.5,41.0,21570.0,False
IndianGaming,1t7w2hf,2026-05,oks4s5k,Zxro_0,True,10.0,False,,False,2,1778309241,0,1485.9,11.0,160.0,True
IndianGaming,1tn4ek0,2026-05,onrc046,Dr-J_Dee,True,1.0,True,1.0,False,406,1779702889,0,558.2,441.0,2238.0,True
IndianGaming,1tn4ek0,2026-05,onrcbcu,KingDong___,True,2.0,True,2.0,False,300,1779703047,0,2204.4,37701.0,4054.0,True
IndianGaming,1tn4ek0,2026-05,onrcton,According_Vanilla956,True,3.0,True,3.0,False,130,1779703303,0,2020.8,2.0,1063.0,True
IndianGaming,1tn4ek0,2026-05,onrwfjv,4doorsmorewhoreswith,True,4.0,False,,True,105,1779711846,0,1281.0,7407.0,10014.0,False
IndianGaming,1tn4ek0,2026-05,onrhs5m,3DRAH33M,True,5.0,False,,False,17,1779705752,0,2192.0,95989.0,78086.0,True
IndianGaming,1tn4ek0,2026-05,onrg4in,Big_Link_1221,True,6.0,False,,False,9,1779704953,0,1785.3,552.0,455.0,True
IndianGaming,1tn4ek0,2026-05,onrf4fz,iam3rr0r911,True,7.0,True,5.0,False,9,1779704460,0,4312.8,175.0,491.0,True
IndianGaming,1tn4ek0,2026-05,onrika2,SubjectPermit591,True,8.0,False,,False,9,1779706116,0,108.0,35.0,717.0,True
IndianGaming,1tn4ek0,2026-05,onrtjic,ledzeppbluess,True,9.0,False,,False,8,1779710767,0,2139.0,192.0,3289.0,True
IndianGaming,1tn4ek0,2026-05,onrhjiz,CaterpillarStock6704,True,10.0,False,,False,6,1779705639,0,492.0,836.0,1093.0,True
IndianGaming,1tn4ek0,2026-05,onrcuoy,These-Version758,False,,True,4.0,False,3,1779703318,0,379.6,3.0,176.0,True
IndianGaming,1tjio28,2026-05,on1uxol,No_Preparation_5734,True,1.0,True,1.0,False,158,1779369054,0,1403.3,208.0,1038.0,True
IndianGaming,1tjio28,2026-05,on2nx5v,Stock-Breakfast-2197,True,2.0,False,,False,125,1779377252,0,2072.0,1524.0,8589.0,True
IndianGaming,1tjio28,2026-05,on28uzg,haseen-sapne,True,3.0,True,3.0,False,120,1779373145,0,3009.6,2517.0,20270.0,True
IndianGaming,1tjio28,2026-05,on27r61,granny_shifter_vtec,True,4.0,True,2.0,False,54,1779372834,0,446.7,1043.0,2081.0,True
IndianGaming,1tjio28,2026-05,on2dnry,Critical_Catch_607,True,5.0,True,5.0,False,31,1779374480,0,1454.0,13639.0,4240.0,True
IndianGaming,1tjio28,2026-05,on2ffh9,animegamertroll,True,6.0,False,,False,17,1779374963,0,2858.8,732.0,11068.0,True
IndianGaming,1tjio28,2026-05,on2jwfd,Vegetable_Cat7233,True,7.0,False,,False,12,1779376177,0,752.3,33.0,3088.0,True
IndianGaming,1tjio28,2026-05,on30j73,Pratik_tayde,True,8.0,False,,False,9,1779380624,0,1955.1,28205.0,3960.0,True
IndianGaming,1tjio28,2026-05,on2ccaa,Unlucky_Brain1310,True,9.0,True,4.0,False,6,1779374111,0,1748.9,5396.0,1446.0,True
IndianGaming,1tjio28,2026-05,on3d01d,T3SLX69,True,10.0,False,,False,4,1779383991,0,501.4,310.0,2565.0,True
IndianGaming,1tstvjm,2026-05,ooxk19e,mikhil92,True,1.0,True,1.0,False,189,1780230391,0,2761.3,23045.0,9133.0,True
IndianGaming,1tstvjm,2026-05,ooxkeo0,Valuable-Cut-4365,True,2.0,True,3.0,False,93,1780230534,0,1603.3,51.0,887.0,True
IndianGaming,1tstvjm,2026-05,ooxkmgc,Successful_waste,True,3.0,False,,False,82,1780230616,0,39.4,323.0,510.0,True
IndianGaming,1tstvjm,2026-05,ooxlx8s,Physical_Pickle626,True,4.0,False,,False,34,1780231107,0,77.3,21.0,684.0,True
IndianGaming,1tstvjm,2026-05,ooxkw42,Just-Pattern-7878,True,5.0,False,,False,26,1780230718,0,1500.8,286.0,206.0,True
IndianGaming,1tstvjm,2026-05,ooxkd5g,kriiate,True,6.0,True,2.0,False,23,1780230518,0,1787.1,1022.0,376.0,True
IndianGaming,1tstvjm,2026-05,ooxki88,mehulmullur,True,7.0,True,4.0,False,12,1780230571,0,3313.0,1.0,-1.0,True
IndianGaming,1tstvjm,2026-05,ooxllnx,Desperate_Payment_31,True,8.0,False,,False,11,1780230987,0,1766.0,254.0,877.0,True
IndianGaming,1tstvjm,2026-05,ooxlmts,avo_cado1234,True,10.0,False,,False,6,1780230999,0,1783.4,401.0,401.0,True
IndianGaming,1tstvjm,2026-05,ooxs5c8,Artistic_Soft4625,True,9.0,False,,False,8,1780233322,0,1575.7,660.0,19166.0,False
IndianGaming,1tstvjm,2026-05,ooxkj5u,LocalWaltz3327,False,,True,5.0,False,4,1780230581,0,456.4,19.0,692.0,True
IndianGaming,1t3hnbu,2026-05,ojv7au2,hksbindra,True,1.0,False,,False,518,1777902715,0,2342.8,4552.0,3123.0,True
IndianGaming,1t3hnbu,2026-05,ojv33gc,hudi_baba,True,2.0,True,2.0,False,449,1777901433,0,2226.2,21170.0,144936.0,True
IndianGaming,1t3hnbu,2026-05,ojv3fui,NARUTOxKURAMA15,True,3.0,True,4.0,False,61,1777901540,0,1963.0,395.0,6362.0,True
IndianGaming,1t3hnbu,2026-05,ojv2pjv,This-Age-1162,True,4.0,True,1.0,False,57,1777901313,0,1608.5,1005.0,2485.0,True
IndianGaming,1t3hnbu,2026-05,ojvtp5t,dahipohe,True,5.0,False,,False,26,1777908939,0,212.1,748.0,25.0,True
IndianGaming,1t3hnbu,2026-05,ojwoq6s,metalhead_delhi,True,6.0,False,,False,19,1777917211,0,2088.2,65.0,61.0,True
IndianGaming,1t3hnbu,2026-05,ojvev2p,ResponsibilityOne363,True,7.0,False,,False,16,1777904886,0,2001.0,2970.0,970.0,True
IndianGaming,1t3hnbu,2026-05,ojwntxn,smasher_arasaka,True,8.0,False,,False,15,1777916982,0,235.9,4698.0,2841.0,True
IndianGaming,1t3hnbu,2026-05,ojv3bta,mx-shot,True,9.0,True,3.0,False,13,1777901505,0,588.0,172402.0,70175.0,True
IndianGaming,1t3hnbu,2026-05,ojv81os,The_Wolfiee,True,10.0,False,,False,6,1777902938,0,2213.3,25039.0,43431.0,True
IndianGaming,1t3hnbu,2026-05,ojv4d86,VenkatPerla,False,,True,5.0,False,4,1777901825,0,2086.5,1469.0,7283.0,True
IndianGaming,1t6dslr,2026-05,okgvlgt,Deadreaper27,True,1.0,False,,False,58,1778169296,0,1419.2,9.0,57.0,True
IndianGaming,1t6dslr,2026-05,okgsxrm,Fit-Chicken6836,True,2.0,True,3.0,False,52,1778168609,0,242.9,40.0,191.0,True
IndianGaming,1t6dslr,2026-05,okgvw2d,4doorsmorewhoreswith,True,3.0,False,,False,34,1778169372,0,1281.0,7407.0,10014.0,False
IndianGaming,1t6dslr,2026-05,okgu084,chungkingexp,True,4.0,True,4.0,False,12,1778168885,0,213.2,8199.0,5100.0,False
IndianGaming,1t6dslr,2026-05,okgqvxt,RadioActiveX1,True,5.0,True,1.0,False,11,1778168072,0,2421.0,1438.0,3237.0,True
IndianGaming,1t6dslr,2026-05,okgupf0,Ill_Poem_1789,True,6.0,True,5.0,False,8,1778169064,0,353.0,47704.0,95443.0,True
IndianGaming,1t6dslr,2026-05,okguqbs,Sage_griff,True,7.0,False,,False,8,1778169071,0,1797.2,1145.0,751.0,True
IndianGaming,1t6dslr,2026-05,okgqz2y,dhondumal,True,8.0,True,2.0,False,3,1778168095,0,144.6,101.0,1716.0,True
IndianGaming,1t6dslr,2026-05,okiggpy,ResponsibleNose2324,True,9.0,False,,False,3,1778184528,0,1290.7,920.0,1864.0,True
IndianGaming,1t6dslr,2026-05,okguty1,JOJOestar1997,True,10.0,False,,False,2,1778169097,0,265.8,120.0,96.0,True
IndianGaming,1tgc8xn,2026-05,omfgkm8,Creepy784,True,1.0,True,3.0,False,662,1779079918,0,1998.5,4663.0,9303.0,True
IndianGaming,1tgc8xn,2026-05,omfhv9l,BakaPotatoLord,True,2.0,False,,False,267,1779080535,0,2065.3,461.0,47791.0,True
IndianGaming,1tgc8xn,2026-05,omfgdu0,redditcruzer,True,3.0,True,1.0,False,95,1779079829,0,2198.2,2919.0,215171.0,True
IndianGaming,1tgc8xn,2026-05,omfhjie,This_Thing5701,True,4.0,False,,False,46,1779080378,0,1575.1,1068.0,1273.0,True
IndianGaming,1tgc8xn,2026-05,omfgvr8,Ok_Jello_3630,True,6.0,True,4.0,False,39,1779080066,0,883.9,1877.0,45002.0,True
IndianGaming,1tgc8xn,2026-05,omfgf3y,aloo_paratha-,True,5.0,True,2.0,False,41,1779079845,0,150.0,7218.0,1375.0,True
IndianGaming,1tgc8xn,2026-05,omfhovz,AD_Stark,True,7.0,False,,False,39,1779080450,0,2375.2,12006.0,24109.0,True
IndianGaming,1tgc8xn,2026-05,omfme5q,CanIstealYourDog,True,8.0,False,,False,37,1779082765,0,2038.6,89.0,20261.0,True
IndianGaming,1tgc8xn,2026-05,omfhdrs,Cursed_69420,True,9.0,True,5.0,False,30,1779080303,0,2389.7,95817.0,73815.0,True
IndianGaming,1tgc8xn,2026-05,omfoltq,Charmerrrrrrr,True,10.0,False,,False,16,1779083884,0,952.3,211.0,19772.0,True
IndianGaming,1t1j62e,2026-05,ojgvl5u,Annual_University790,True,1.0,True,4.0,False,283,1777709188,0,174.7,7.0,247.0,True
IndianGaming,1t1j62e,2026-05,ojgvynj,ImMoRtAl-LoRd,True,2.0,True,5.0,False,211,1777709393,0,1270.1,35.0,817.0,True
IndianGaming,1t1j62e,2026-05,ojgsf9x,Accomplished_Jicama6,True,3.0,True,1.0,False,158,1777707485,0,2127.9,1614.0,2944.0,True
IndianGaming,1t1j62e,2026-05,ojgswpc,Ok-Championship7986,True,4.0,True,2.0,False,56,1777707745,0,647.0,10272.0,11735.0,True
IndianGaming,1t1j62e,2026-05,ojguk78,BrokenBOT-_-,True,5.0,True,3.0,False,20,1777708633,0,858.9,827.0,5423.0,True
IndianGaming,1t1j62e,2026-05,ojh1a4h,makima_is_bae,True,7.0,False,,False,17,1777712313,0,1695.2,435.0,16995.0,True
IndianGaming,1t1j62e,2026-05,ojgx5kz,Cursed_69420,True,6.0,False,,False,20,1777710048,0,2389.7,95817.0,73815.0,True
IndianGaming,1t1j62e,2026-05,ojgyyx1,Personal-Hyena8381,True,8.0,False,,False,14,1777711048,0,2025.2,4944.0,6253.0,True
IndianGaming,1t1j62e,2026-05,ojgyuog,flojobb,True,9.0,False,,False,11,1777710984,0,2705.4,843.0,15678.0,True
IndianGaming,1t1j62e,2026-05,ojh1pgm,MedhanshPatil03,True,10.0,False,,False,10,1777712547,0,1170.2,138.0,1336.0,True
RelationshipIndia,1t6hovk,2026-05,okhm3gb,Creative-Traffic8239,True,1.0,True,4.0,False,236,1778176269,0,673.6,54.0,1863.0,True
RelationshipIndia,1t6hovk,2026-05,oki0ihu,massacre_5,True,2.0,False,,False,118,1778180159,0,2100.0,234.0,13670.0,True
RelationshipIndia,1t6hovk,2026-05,okho0aq,ritiksingghh,True,3.0,False,,False,52,1778176772,0,1699.9,156.0,816.0,True
RelationshipIndia,1t6hovk,2026-05,okhlx7n,Legit_Diamond_,True,4.0,True,3.0,False,40,1778176224,0,825.8,1.0,34.0,True
RelationshipIndia,1t6hovk,2026-05,okhpwk4,Chef-Racoon,True,5.0,False,,False,13,1778177281,0,359.0,288.0,14343.0,True
RelationshipIndia,1t6hovk,2026-05,okhsysr,learningnewstuff99,True,6.0,False,,False,12,1778178105,0,1165.8,34.0,1137.0,True
RelationshipIndia,1t6hovk,2026-05,okhmgft,Electronic_Call773,True,7.0,True,5.0,False,12,1778176364,0,440.4,48.0,248.0,True
RelationshipIndia,1t6hovk,2026-05,oki3i18,Illustrious_Arm_8862,True,8.0,False,,False,11,1778180961,0,1371.9,1030.0,3140.0,True
RelationshipIndia,1t6hovk,2026-05,okhl47j,lone-goku,True,9.0,True,1.0,False,8,1778176015,0,396.8,1582.0,706.0,True
RelationshipIndia,1t6hovk,2026-05,okj8cpv,Double_Philosopher14,True,10.0,False,,False,5,1778192596,0,1221.3,1.0,35.0,True
RelationshipIndia,1t6hovk,2026-05,okhl6b7,BlunderMsater,False,,True,2.0,False,4,1778176031,0,777.6,1094.0,1576.0,True
RelationshipIndia,1tpk9xr,2026-05,oo9epq3,befriend1,True,1.0,True,3.0,False,216,1779920291,0,2451.7,3714.0,13667.0,True
RelationshipIndia,1tpk9xr,2026-05,oo9dvbh,Little_Fly6567,True,2.0,True,2.0,False,163,1779920032,0,445.8,1574.0,21619.0,True
RelationshipIndia,1tpk9xr,2026-05,ooalok9,reeman88,True,3.0,False,,False,55,1779934450,0,2369.8,16707.0,32057.0,True
RelationshipIndia,1tpk9xr,2026-05,oob1cwd,Debudebu9,True,4.0,False,,False,37,1779940178,0,758.3,543.0,1191.0,True
RelationshipIndia,1tpk9xr,2026-05,ooauxzu,slytherinisbest,True,5.0,False,,False,34,1779937715,0,1979.1,492.0,4477.0,True
RelationshipIndia,1tpk9xr,2026-05,oo9df31,Fresh_Piece_1616,True,6.0,True,1.0,False,25,1779919893,0,166.7,343.0,10192.0,True
RelationshipIndia,1tpk9xr,2026-05,oo9yige,tygrio,True,7.0,False,,False,18,1779926684,0,2381.9,12.0,8921.0,False
RelationshipIndia,1tpk9xr,2026-05,ooaw2ic,Alookparathe,True,8.0,False,,False,10,1779938135,0,484.4,133.0,1097.0,True
RelationshipIndia,1tpk9xr,2026-05,oob9f2t,lilnerl,True,9.0,False,,False,10,1779943476,0,622.7,27.0,2885.0,True
RelationshipIndia,1tpk9xr,2026-05,ooann4s,Alternative_Singer33,True,10.0,False,,False,7,1779935127,0,771.1,19.0,536.0,True
RelationshipIndia,1tpk9xr,2026-05,oo9i3ol,Necessary-Paper-6028,False,,True,4.0,False,3,1779921352,0,63.0,33.0,126.0,True
RelationshipIndia,1tpk9xr,2026-05,oo9mza2,BigGuy300000,False,,True,5.0,False,3,1779922905,0,50.8,10.0,1097.0,True
RelationshipIndia,1tl87lo,2026-05,ondym95,Welder-Radiant,True,1.0,False,,False,294,1779519202,0,2071.2,2663.0,18961.0,True
RelationshipIndia,1tl87lo,2026-05,ondw6xf,good-industrialist,True,2.0,True,5.0,False,144,1779517948,0,286.2,278.0,1278.0,True
RelationshipIndia,1tl87lo,2026-05,onecr4z,itmy,True,3.0,False,,False,124,1779526834,0,3337.4,1976.0,6096.0,True
RelationshipIndia,1tl87lo,2026-05,ondwvlx,saltycucumber69,True,4.0,False,,False,80,1779518304,0,1996.9,761.0,1664.0,True
RelationshipIndia,1tl87lo,2026-05,ondvii0,Barney_____stinson,True,5.0,True,1.0,False,54,1779517598,0,2177.0,888.0,6558.0,True
RelationshipIndia,1tl87lo,2026-05,ondze80,biryanigoddess,True,6.0,False,,False,50,1779519602,0,542.1,374.0,2429.0,True
RelationshipIndia,1tl87lo,2026-05,onedgg8,Aurora-Mist2125,True,7.0,False,,False,49,1779527226,0,425.1,1.0,342.0,True
RelationshipIndia,1tl87lo,2026-05,ondwlj9,sharkpeid,True,8.0,False,,False,38,1779518160,0,4798.0,338.0,32878.0,True
RelationshipIndia,1tl87lo,2026-05,ondvw7u,Electronic-Tea6762,True,9.0,True,3.0,False,28,1779517793,0,1700.9,537.0,1747.0,True
RelationshipIndia,1tl87lo,2026-05,ondvuww,motivateddawdler69,True,10.0,True,2.0,False,16,1779517774,0,820.1,190.0,309.0,True
RelationshipIndia,1tl87lo,2026-05,ondw445,Kind-Present8584,False,,True,4.0,False,11,1779517907,0,1459.4,1564.0,279.0,True
RelationshipIndia,1t7d2xo,2026-05,oko3uqf,alter_ego0079,True,1.0,True,3.0,False,548,1778258632,0,2195.8,5077.0,12436.0,True
RelationshipIndia,1t7d2xo,2026-05,oko4a9l,SonGoku471,True,2.0,True,4.0,False,243,1778258747,0,1304.2,153.0,2561.0,True
RelationshipIndia,1t7d2xo,2026-05,oko284i,madjuicebox,True,3.0,True,1.0,False,169,1778258192,0,34.1,1.0,228.0,True
RelationshipIndia,1t7d2xo,2026-05,oko4e8a,Singh_maniac,True,4.0,True,5.0,False,129,1778258777,0,185.9,2105.0,820.0,False
RelationshipIndia,1t7d2xo,2026-05,oko5o9i,If_I_liv3d_again22,True,5.0,False,,False,67,1778259118,0,1413.1,2.0,229.0,True
RelationshipIndia,1t7d2xo,2026-05,okow0f1,EmbarrassedEmploy69,True,6.0,False,,False,56,1778266254,0,1530.5,2724.0,2867.0,True
RelationshipIndia,1t7d2xo,2026-05,oko4ihz,shreyas23joshi,True,7.0,False,,False,44,1778258808,0,541.4,1.0,1480.0,True
RelationshipIndia,1t7d2xo,2026-05,okocw98,Relative-Park-1596,True,8.0,False,,False,41,1778261031,0,827.0,698.0,950.0,True
RelationshipIndia,1t7d2xo,2026-05,okolj13,byteboss_1729,True,9.0,False,,False,37,1778263338,0,166.8,978.0,1561.0,True
RelationshipIndia,1t7d2xo,2026-05,oko65rf,BetArtistic2461,True,10.0,False,,False,30,1778259247,0,97.7,1.0,75.0,True
RelationshipIndia,1t7d2xo,2026-05,oko361x,Happpychild12,False,,True,2.0,False,19,1778258448,0,615.0,162.0,1214.0,False
RelationshipIndia,1tggdaq,2026-05,omg6vto,Singularity252,True,1.0,True,1.0,False,102,1779093725,0,901.9,5787.0,31480.0,True
RelationshipIndia,1tggdaq,2026-05,omgfwdr,the_coder_guy,True,2.0,False,,False,78,1779098635,0,2225.0,250.0,1412.0,True
RelationshipIndia,1tggdaq,2026-05,omg9ym9,ClearlyConflicted,True,3.0,False,,False,31,1779095436,0,33.7,94.0,786.0,True
RelationshipIndia,1tggdaq,2026-05,omgc6n8,Beautiful_Edge_3741,True,4.0,False,,False,29,1779096674,0,1481.3,1.0,1028.0,True
RelationshipIndia,1tggdaq,2026-05,omgk18t,mbaiman,True,5.0,False,,False,22,1779100675,0,2382.2,1616.0,61.0,True
RelationshipIndia,1tggdaq,2026-05,omg7lx7,cyb3rprince,True,6.0,True,3.0,False,15,1779094128,0,536.2,479.0,2362.0,False
RelationshipIndia,1tggdaq,2026-05,omggbx2,kernel_baiter09,True,7.0,False,,False,6,1779098851,0,,,,
RelationshipIndia,1tggdaq,2026-05,omgctf1,Lazy-and-Happy,True,9.0,False,,False,4,1779097022,0,278.8,42.0,207.0,False
RelationshipIndia,1tggdaq,2026-05,omh9gfi,GoldSalt3059,True,8.0,False,,False,5,1779110336,0,1351.2,984.0,13846.0,True
RelationshipIndia,1tggdaq,2026-05,omhvkn2,Glittering-Leg1896,True,10.0,False,,False,4,1779116822,0,1023.7,284.0,215.0,True
RelationshipIndia,1tggdaq,2026-05,omg709q,Crunchychicken03,False,,True,2.0,False,2,1779093794,0,754.6,114.0,15.0,True
RelationshipIndia,1tggdaq,2026-05,omg9f9g,RS_J,False,,True,5.0,False,4,1779095134,0,2079.3,416.0,426.0,True
RelationshipIndia,1tggdaq,2026-05,omg94cl,PossibilityFunny6583,False,,True,4.0,False,1,1779094964,0,1913.8,1571.0,4180.0,True
RelationshipIndia,1tbwp3w,2026-05,oljszou,byteboss_1729,True,1.0,True,3.0,False,169,1778672852,0,166.8,978.0,1561.0,True
RelationshipIndia,1tbwp3w,2026-05,oljq33z,Less_Match_5894,True,3.0,True,1.0,False,34,1778671762,0,278.3,35.0,195.0,True
RelationshipIndia,1tbwp3w,2026-05,oljx9pb,stoned_as_fuck_,True,2.0,True,4.0,False,36,1778674360,0,945.9,12.0,1240.0,True
RelationshipIndia,1tbwp3w,2026-05,oljzkrc,Hot_Row1457,True,4.0,True,5.0,False,25,1778675141,0,1606.2,34976.0,40720.0,True
RelationshipIndia,1tbwp3w,2026-05,olk0eys,Frosty_Valuable1942,True,5.0,False,,False,24,1778675424,0,548.0,30.0,40.0,True
RelationshipIndia,1tbwp3w,2026-05,olk1tmj,_ronki_,True,6.0,False,,False,10,1778675898,0,2742.6,1295.0,25623.0,True
RelationshipIndia,1tbwp3w,2026-05,olk0n6l,Night_Owl_7834,True,7.0,False,,False,8,1778675502,0,1579.1,330.0,2208.0,True
RelationshipIndia,1tbwp3w,2026-05,oljr5fa,That_Competition7845,True,8.0,True,2.0,False,4,1778672168,0,539.4,8.0,606.0,True
RelationshipIndia,1tbwp3w,2026-05,oll0hzl,itzyourmother,True,9.0,False,,False,2,1778685908,0,3261.7,73.0,4142.0,True
RelationshipIndia,1tbwp3w,2026-05,oll59z8,Asian_paint,True,10.0,False,,False,2,1778687160,0,967.6,214.0,1584.0,True
RelationshipIndia,1t9ustf,2026-05,ol4qzq1,Fluffy_inhea,True,1.0,True,1.0,False,114,1778480402,0,1845.7,534.0,2205.0,True
RelationshipIndia,1t9ustf,2026-05,ol4rl1h,donnagreylucy,True,2.0,True,3.0,False,47,1778480710,0,599.7,4373.0,23074.0,True
RelationshipIndia,1t9ustf,2026-05,ol4rgp7,ImaginationFar8789,True,3.0,True,2.0,False,33,1778480647,0,2136.9,27.0,1241.0,True
RelationshipIndia,1t9ustf,2026-05,ol4rxsc,nahtreek,True,4.0,True,5.0,False,28,1778480895,0,2586.7,1.0,40.0,True
RelationshipIndia,1t9ustf,2026-05,ol4s5wa,Annual_Cupcake_1158,True,5.0,False,,False,23,1778481010,0,152.4,8.0,402.0,False
RelationshipIndia,1t9ustf,2026-05,ol4s8vu,chamakchalloooo,True,6.0,False,,False,11,1778481054,0,1101.7,967.0,3369.0,False
RelationshipIndia,1t9ustf,2026-05,ol4s2k7,SmoothArmadillo6884,True,7.0,False,,False,8,1778480962,0,134.0,138.0,6593.0,True
RelationshipIndia,1t9ustf,2026-05,ol4sq6i,medheshrn,True,8.0,False,,False,8,1778481305,0,2269.7,7947.0,16615.0,True
RelationshipIndia,1t9ustf,2026-05,ol4rmfi,Xulf_lehrai,True,9.0,True,4.0,False,5,1778480730,0,1278.0,122.0,2129.0,True
RelationshipIndia,1t9ustf,2026-05,ol4tnie,undefinedzack,True,10.0,False,,False,3,1778481789,0,2836.9,46.0,92.0,True
RelationshipIndia,1thuith,2026-05,omql41d,CowIntelligent6630,True,1.0,False,,False,179,1779222149,0,694.8,95.0,378.0,True
RelationshipIndia,1thuith,2026-05,ompunc5,hrish4v,True,2.0,True,4.0,False,172,1779214985,0,1227.0,440.0,219.0,True
RelationshipIndia,1thuith,2026-05,ompnoeu,DependentMood7232,True,3.0,True,1.0,False,127,1779213130,0,1560.2,1551.0,595.0,True
RelationshipIndia,1thuith,2026-05,ompvdox,Aisay-Kaisay,True,4.0,True,5.0,False,66,1779215183,0,886.1,1108.0,1617.0,True
RelationshipIndia,1thuith,2026-05,ompwwdc,Singh_maniac,True,6.0,False,,False,21,1779215594,0,185.9,2105.0,820.0,False
RelationshipIndia,1thuith,2026-05,omq42a9,Cold-Sector-9287,True,5.0,False,,False,22,1779217519,0,49.9,80.0,218.0,True
RelationshipIndia,1thuith,2026-05,omqodz0,Alone_Mushroom_3322,True,7.0,False,,False,20,1779222994,0,500.9,190.0,135.0,False
RelationshipIndia,1thuith,2026-05,omrbtr4,oppamkannamstar,True,8.0,False,,False,10,1779229834,0,731.6,13.0,32.0,False
RelationshipIndia,1thuith,2026-05,omshnur,Downtown_Gap_428,True,9.0,False,,False,9,1779244077,0,786.1,12.0,18.0,False
RelationshipIndia,1thuith,2026-05,omtvtzc,Pristine_Worth_1880,True,10.0,False,,False,7,1779267055,0,68.0,1.0,7.0,True
RelationshipIndia,1thuith,2026-05,ompqnni,Dr_Ayurved,False,,True,3.0,False,6,1779213906,0,229.6,25.0,70.0,True
RelationshipIndia,1thuith,2026-05,ompohkk,PumpkinStriking6724,False,,True,2.0,False,1,1779213339,0,469.7,5.0,2533.0,True
RelationshipIndia,1terpj6,2026-05,om49uxk,Fluffy_inhea,True,1.0,True,4.0,False,118,1778933257,0,1845.7,534.0,2205.0,True
RelationshipIndia,1terpj6,2026-05,om4a26b,lSamurai___,True,2.0,True,5.0,False,52,1778933336,0,878.8,32.0,544.0,True
RelationshipIndia,1terpj6,2026-05,om4b83d,Interesting_Rate3101,True,3.0,False,,False,35,1778933789,0,811.4,2.0,30.0,True
RelationshipIndia,1terpj6,2026-05,om4ckda,Rehman_dak8,True,4.0,False,,False,26,1778934308,0,165.7,115.0,33.0,True
RelationshipIndia,1terpj6,2026-05,om4995n,Appropriate_Tie2631,True,5.0,True,2.0,False,12,1778933017,0,1547.0,2383.0,116.0,True
RelationshipIndia,1terpj6,2026-05,om4ctx5,pleasesendboobspics,True,6.0,False,,False,11,1778934409,0,747.9,408.0,15254.0,True
RelationshipIndia,1terpj6,2026-05,om4ft5f,MacWett1804,True,7.0,False,,False,11,1778935531,0,2134.3,818.0,8942.0,True
RelationshipIndia,1terpj6,2026-05,om4jlz2,Badanmesuyian,True,8.0,False,,False,9,1778936892,0,151.7,1147.0,3002.0,True
RelationshipIndia,1terpj6,2026-05,om4dy82,FutureShift9271,True,9.0,False,,False,7,1778934838,0,1063.1,108.0,156.0,True
RelationshipIndia,1terpj6,2026-05,om49a8d,Physical-Warthog-550,True,10.0,True,3.0,False,5,1778933029,0,127.8,1027.0,2993.0,True
RelationshipIndia,1terpj6,2026-05,om49621,Vegetable_Cat7233,False,,True,1.0,False,0,1778932982,0,752.3,33.0,3088.0,True
RelationshipIndia,1tmhboy,2026-05,onmrdrm,the_wise__idiot,True,1.0,True,1.0,False,89,1779641480,0,69.9,25.0,4716.0,True
RelationshipIndia,1tmhboy,2026-05,onmxdty,itzyourmother,True,2.0,True,2.0,False,22,1779643112,0,3261.7,73.0,4142.0,True
RelationshipIndia,1tmhboy,2026-05,onn4koh,Survivor_42,True,3.0,True,3.0,False,17,1779645109,0,275.5,2126.0,1762.0,True
RelationshipIndia,1tmhboy,2026-05,onntbbm,Shuyabu,True,4.0,True,4.0,False,12,1779652422,0,505.0,1.0,444.0,False
RelationshipIndia,1tmhboy,2026-05,onqperg,Gowtm123,True,5.0,True,5.0,False,7,1779691109,0,517.9,1.0,628.0,True
RelationshipIndia,1tmhboy,2026-05,onrejea,high-hills,True,6.0,False,,False,3,1779704170,0,251.2,54.0,443.0,True
RelationshipIndia,1tmhboy,2026-05,onwz8bg,two_rupee_people,True,7.0,False,,False,2,1779770623,0,120.4,343.0,33.0,False
personalfinanceindia,1td690u,2026-05,olt2pbm,boomstar15,True,1.0,True,5.0,False,813,1778782795,0,2707.7,2728.0,4392.0,True
personalfinanceindia,1td690u,2026-05,olt1rtg,MeetNo2000,True,2.0,True,3.0,False,268,1778782538,0,834.9,37079.0,4934.0,True
personalfinanceindia,1td690u,2026-05,olt38ng,TangerineWaste8023,True,3.0,False,,False,171,1778782943,0,1901.6,1220.0,460.0,True
personalfinanceindia,1td690u,2026-05,olt2dxb,National_Mud1819,True,4.0,True,4.0,False,114,1778782708,0,807.1,50.0,276.0,True
personalfinanceindia,1td690u,2026-05,olt16cp,mikasaerenn,True,5.0,True,1.0,False,92,1778782371,0,68.3,802.0,1729.0,True
personalfinanceindia,1td690u,2026-05,olt4b2f,No-Two-4864,True,6.0,False,,False,75,1778783238,0,2133.7,1.0,1941.0,True
personalfinanceindia,1td690u,2026-05,olt82wo,mrjoshiji,True,7.0,False,,False,42,1778784287,0,116.4,82.0,274.0,False
personalfinanceindia,1td690u,2026-05,olt5fkr,imdjd,True,8.0,False,,False,41,1778783551,0,2463.7,4036.0,715.0,True
personalfinanceindia,1td690u,2026-05,olt9tjw,athersport,True,9.0,False,,False,28,1778784771,0,217.0,35.0,263.0,True
personalfinanceindia,1td690u,2026-05,oltc27f,Glass-Imaginationn,True,10.0,False,,False,19,1778785393,0,282.6,107.0,100.0,True
personalfinanceindia,1td690u,2026-05,olt173e,Neat-Row326,False,,True,2.0,False,15,1778782377,0,30.9,1.0,320.0,True
personalfinanceindia,1t77iwi,2026-05,okmv8v0,Pirate_Jack_,True,1.0,False,,False,259,1778246513,0,2361.2,1846.0,25463.0,True
personalfinanceindia,1t77iwi,2026-05,okmtm5k,0xoddity,True,2.0,True,1.0,False,229,1778246026,0,2157.2,1760.0,22187.0,True
personalfinanceindia,1t77iwi,2026-05,okmtnbu,weightLossjourney97,True,3.0,True,2.0,False,178,1778246035,0,548.1,113.0,285.0,True
personalfinanceindia,1t77iwi,2026-05,okmucsg,cautionary-tale74,True,4.0,True,4.0,False,78,1778246247,0,368.2,28.0,2797.0,True
personalfinanceindia,1t77iwi,2026-05,okmuvpg,pk_12345,True,5.0,True,5.0,False,69,1778246404,0,2080.6,38.0,14112.0,True
personalfinanceindia,1t77iwi,2026-05,okmtz28,immsohaib,True,6.0,True,3.0,False,29,1778246134,0,32.4,1.0,32.0,True
personalfinanceindia,1t77iwi,2026-05,okmwbsm,_quiet_chaos_,True,7.0,False,,False,16,1778246834,0,344.0,15.0,789.0,True
personalfinanceindia,1t77iwi,2026-05,okmvv5m,talkingturtle1723,True,9.0,False,,False,8,1778246697,0,881.9,1618.0,566.0,True
personalfinanceindia,1t77iwi,2026-05,okmwtnr,FineWreck,True,8.0,False,,False,10,1778246980,0,933.4,56.0,669.0,True
personalfinanceindia,1t77iwi,2026-05,okmvsjr,Unusual-Big-6467,True,10.0,False,,False,8,1778246676,0,2144.8,6026.0,37790.0,True
personalfinanceindia,1tqs16b,2026-05,ooikee0,Responsible-Bad-6624,True,1.0,True,1.0,False,263,1780032474,0,310.5,563.0,12236.0,True
personalfinanceindia,1tqs16b,2026-05,ooimyvv,exmachina003,True,2.0,True,4.0,False,229,1780033668,0,1831.1,225.0,409.0,True
personalfinanceindia,1tqs16b,2026-05,ooipneu,Cybercitizen64,True,3.0,False,,False,147,1780034932,0,2428.9,1.0,400.0,True
personalfinanceindia,1tqs16b,2026-05,ooikzkh,AnalystAcademic9022,True,4.0,True,2.0,False,52,1780032745,0,879.8,21.0,1225.0,True
personalfinanceindia,1tqs16b,2026-05,ooioeta,smitam_,True,6.0,False,,False,30,1780034343,0,1312.1,3.0,269.0,True
personalfinanceindia,1tqs16b,2026-05,ooionnm,Sabmohmayahaibro,True,5.0,False,,False,32,1780034456,0,350.0,29142.0,13423.0,True
personalfinanceindia,1tqs16b,2026-05,ooire8h,amit3125,True,7.0,False,,False,17,1780035769,0,2245.3,172294.0,2862.0,True
personalfinanceindia,1tqs16b,2026-05,ooir4af,xhanku,True,8.0,False,,False,11,1780035636,0,2737.9,489.0,3027.0,True
personalfinanceindia,1tqs16b,2026-05,ooimj01,AtmosphereLittle3986,True,9.0,True,3.0,False,7,1780033462,0,593.9,293.0,149.0,False
personalfinanceindia,1tqs16b,2026-05,ooiplbj,nkrish-,True,10.0,False,,False,6,1780034905,0,566.6,385.0,360.0,True
personalfinanceindia,1tqs16b,2026-05,ooiney9,ConsciousAdeptness98,False,,True,5.0,False,6,1780033879,0,478.4,170.0,87.0,True
personalfinanceindia,1tgkiq7,2026-05,omgxb42,overallpersonality8,True,1.0,True,3.0,False,540,1779106180,0,898.4,2212.0,23851.0,True
personalfinanceindia,1tgkiq7,2026-05,omgwz82,Artoodeetwo_1,True,2.0,True,2.0,False,147,1779106058,0,1411.8,1390.0,12385.0,True
personalfinanceindia,1tgkiq7,2026-05,omh04fc,iamshwetank,True,3.0,False,,False,70,1779107204,0,3172.8,6.0,3478.0,True
personalfinanceindia,1tgkiq7,2026-05,omh38zr,Initial_Unit84,True,4.0,False,,False,59,1779108305,0,2015.1,1.0,121.0,True
personalfinanceindia,1tgkiq7,2026-05,omh1oi3,wantmolly,True,5.0,False,,False,59,1779107763,0,1697.4,124.0,734.0,True
personalfinanceindia,1tgkiq7,2026-05,omh5650,ElectronicShirt8356,True,6.0,False,,False,26,1779108948,0,804.3,221.0,1053.0,True
personalfinanceindia,1tgkiq7,2026-05,omgwscu,Illustrious_Dig_3941,True,7.0,True,1.0,False,26,1779105987,0,273.9,265.0,893.0,True
personalfinanceindia,1tgkiq7,2026-05,omh5hgo,Professor_Moraiarkar,True,8.0,False,,False,19,1779109050,0,741.2,50111.0,58333.0,True
personalfinanceindia,1tgkiq7,2026-05,omgymze,hotcoolhot,True,9.0,False,,False,16,1779106667,0,5258.5,5029.0,98636.0,True
personalfinanceindia,1tgkiq7,2026-05,omhceh4,Ok_Rent3222,True,10.0,False,,False,15,1779111269,0,57.7,10.0,1211.0,True
personalfinanceindia,1tgkiq7,2026-05,omgxxhj,iceinthespice,False,,True,5.0,False,12,1779106407,0,1763.0,1004.0,5857.0,True
personalfinanceindia,1tgkiq7,2026-05,omgxmi7,ConversationLimp8049,False,,True,4.0,False,7,1779106294,0,1968.2,66.0,2734.0,True
personalfinanceindia,1t93x1o,2026-05,okz5wjf,Melodic-Yak-9442,True,1.0,True,3.0,False,368,1778411312,0,37.1,372.0,1080.0,True
personalfinanceindia,1t93x1o,2026-05,okz64ju,selflearninvest,True,2.0,True,5.0,False,30,1778411418,0,1286.1,1238.0,69.0,True
personalfinanceindia,1t93x1o,2026-05,okz9zc4,Historical_day_364,True,3.0,False,,False,20,1778413179,0,274.8,1634.0,1886.0,True
personalfinanceindia,1t93x1o,2026-05,okz60rd,DiligentReporter6733,True,4.0,True,4.0,False,10,1778411368,0,944.9,12.0,354.0,False
personalfinanceindia,1t93x1o,2026-05,okzktsz,Freely_Hitman-9902,True,5.0,False,,False,10,1778417469,0,2043.4,102.0,407.0,True
personalfinanceindia,1t93x1o,2026-05,okz69nq,Firm_Advisor8375,True,6.0,False,,False,8,1778411485,0,1863.6,1331.0,2059.0,True
personalfinanceindia,1t93x1o,2026-05,okz8fkw,No_Frame_6158,True,7.0,False,,False,7,1778412481,0,653.8,1.0,61.0,True
personalfinanceindia,1t93x1o,2026-05,okz94pb,mistakesweremade1005,True,8.0,False,,False,6,1778412799,0,344.0,1323.0,301.0,True
personalfinanceindia,1t93x1o,2026-05,okzj863,Kindly_Cheesecake_62,True,9.0,False,,False,6,1778416888,0,535.9,17.0,89.0,True
personalfinanceindia,1t93x1o,2026-05,okz8kly,Impressive-Agency-12,True,10.0,False,,False,6,1778412544,0,1147.1,852.0,1400.0,True
personalfinanceindia,1t93x1o,2026-05,okz5mjm,Rich_Delivery_3917,False,,True,1.0,False,3,1778411180,0,744.0,1.0,11.0,True
personalfinanceindia,1t93x1o,2026-05,okz5thw,hakuna_matata199,False,,True,2.0,False,3,1778411272,0,253.7,111.0,154.0,True
personalfinanceindia,1te2v92,2026-05,olzq4lk,LifeIsHard2030,True,1.0,True,2.0,False,317,1778868202,0,1557.7,3558.0,102308.0,True
personalfinanceindia,1te2v92,2026-05,olzl1fk,peoplecallmedude797,True,2.0,True,1.0,False,148,1778866807,0,1600.3,476.0,89143.0,True
personalfinanceindia,1te2v92,2026-05,olzqqn0,IsAccountKoKyaNaamDu,True,3.0,True,3.0,False,63,1778868376,0,,,,
personalfinanceindia,1te2v92,2026-05,om02032,sagar_2104,True,4.0,True,4.0,False,41,1778871617,0,1455.0,98.0,3637.0,True
personalfinanceindia,1te2v92,2026-05,om1jwjh,Unhappy-Pirate-5259,True,5.0,False,,False,9,1778888688,0,981.6,1.0,343.0,True
personalfinanceindia,1te2v92,2026-05,om2brro,Ok-Vast-7565,True,6.0,False,,False,6,1778899126,0,1005.6,3.0,971.0,True
personalfinanceindia,1te2v92,2026-05,om308kc,Tall_Status_2540,True,7.0,False,,False,5,1778909969,0,633.7,1063.0,1506.0,True
personalfinanceindia,1te2v92,2026-05,om0djgh,ajeeb_gandu,True,8.0,True,5.0,False,4,1778874998,0,624.3,8781.0,31233.0,True
personalfinanceindia,1te2v92,2026-05,om1xjit,Live-Gazelle521,True,9.0,False,,False,4,1778893726,0,,,,
personalfinanceindia,1te2v92,2026-05,om4uvie,prathamsPOV,True,10.0,False,,False,4,1778940665,0,21.0,2.0,29.0,True
personalfinanceindia,1trwik6,2026-05,ooqte4p,COSMOCRAT_,True,1.0,True,1.0,False,38,1780140963,0,849.0,14110.0,16797.0,True
personalfinanceindia,1trwik6,2026-05,ooqy4u5,rahilrai,True,2.0,True,2.0,False,30,1780142846,0,1919.3,521.0,2342.0,True
personalfinanceindia,1trwik6,2026-05,oorenti,reddit_guru__,True,3.0,True,5.0,False,9,1780148616,0,1059.7,231.0,81.0,True
personalfinanceindia,1trwik6,2026-05,ooshog2,fin_noob_ind,True,4.0,False,,False,7,1780160296,0,1882.3,99.0,522.0,True
personalfinanceindia,1trwik6,2026-05,oor4d32,Clear_Combination_82,True,5.0,True,4.0,False,5,1780145143,0,147.2,17.0,4.0,True
personalfinanceindia,1trwik6,2026-05,op4dv3r,Frosty-Fox2540,True,6.0,False,,False,4,1780319274,0,1271.2,11272.0,3479.0,True
personalfinanceindia,1trwik6,2026-05,oorqo4k,__Alchemist__,True,7.0,False,,False,2,1780152357,0,2637.7,3203.0,8583.0,True
personalfinanceindia,1trwik6,2026-05,oos0jut,naniyabsns,True,8.0,False,,False,2,1780155308,0,792.4,18.0,10.0,True
personalfinanceindia,1trwik6,2026-05,oosic1u,deepinsight211,True,9.0,False,,False,2,1780160478,0,530.8,542.0,741.0,True
personalfinanceindia,1trwik6,2026-05,oovxrlk,gourish39,True,10.0,False,,False,2,1780201859,0,5144.7,48.0,165.0,True
personalfinanceindia,1trwik6,2026-05,oor1oh1,Fratini,False,,True,3.0,False,1,1780144173,0,4478.0,3952.0,1016.0,True
personalfinanceindia,1tt56u2,2026-05,op054xk,wubbalubbadubdubaf,True,1.0,False,,False,422,1780258099,0,1457.4,153.0,1392.0,True
personalfinanceindia,1tt56u2,2026-05,op00wkr,m0h1tkumaar,True,2.0,True,3.0,False,151,1780256865,0,3120.5,1129.0,102541.0,True
personalfinanceindia,1tt56u2,2026-05,op0ei47,EdgeIcy5703,True,3.0,False,,False,105,1780260865,0,377.0,11.0,249.0,True
personalfinanceindia,1tt56u2,2026-05,oozzzcv,Sabmohmayahaibro,True,4.0,True,1.0,False,48,1780256594,0,350.0,29142.0,13423.0,True
personalfinanceindia,1tt56u2,2026-05,op036fv,Sharp-Kite,True,5.0,True,5.0,False,46,1780257528,0,214.0,732.0,4271.0,True
personalfinanceindia,1tt56u2,2026-05,op0hnc8,Forsaken_Life_5236,True,6.0,False,,False,40,1780261799,0,2066.4,1.0,65.0,True
personalfinanceindia,1tt56u2,2026-05,op27a2v,Capitalist-Karl-,True,7.0,False,,False,26,1780283589,0,379.2,48.0,10733.0,True
personalfinanceindia,1tt56u2,2026-05,op0fm9j,Puzzleheaded_Ant1805,True,8.0,False,,False,24,1780261195,0,1974.4,600.0,2523.0,True
personalfinanceindia,1tt56u2,2026-05,op00j4r,MushroomEmotional660,True,9.0,True,2.0,False,20,1780256756,0,1736.5,60.0,1283.0,True
personalfinanceindia,1tt56u2,2026-05,op041ga,Illustrious-Rich-364,True,10.0,False,,False,19,1780257777,0,1856.9,751.0,2409.0,True
personalfinanceindia,1tt56u2,2026-05,op02niz,Stunning_Clothes_342,False,,True,4.0,False,6,1780257374,0,1193.4,330.0,2177.0,True
personalfinanceindia,1t8dg5m,2026-05,okvdq43,Same_Requirement_371,True,1.0,True,4.0,False,31,1778354019,0,299.1,301.0,7017.0,True
personalfinanceindia,1t8dg5m,2026-05,okvasve,kalyankumar2,True,2.0,True,1.0,False,13,1778353092,0,933.0,9.0,19.0,True
personalfinanceindia,1t8dg5m,2026-05,okvazyq,Potential-Rest-6201,True,3.0,True,2.0,False,9,1778353155,0,582.8,12.0,9091.0,True
personalfinanceindia,1t8dg5m,2026-05,okvb9be,Fin_Turtle,True,4.0,True,3.0,False,7,1778353237,0,510.9,558.0,31799.0,True
personalfinanceindia,1t8dg5m,2026-05,okw7e7v,dev31-,True,5.0,False,,False,5,1778363837,0,319.3,12.0,7.0,True
personalfinanceindia,1t8dg5m,2026-05,okvj6eu,Ok-Refrigerator5593,True,6.0,False,,False,3,1778355798,0,2064.9,1.0,38.0,True
personalfinanceindia,1t8dg5m,2026-05,okvevga,Professor_chaos24,True,7.0,True,5.0,False,2,1778354385,0,487.9,96.0,1191.0,True
personalfinanceindia,1t8dg5m,2026-05,okvj5eu,mrjoshiji,True,8.0,False,,False,2,1778355789,0,116.4,82.0,274.0,False
personalfinanceindia,1t8dg5m,2026-05,okvjksq,dreadkitkat,True,9.0,False,,False,2,1778355930,0,5968.0,4.0,485.0,True
personalfinanceindia,1t8dg5m,2026-05,okvkdoj,Old_Bobcat964,True,10.0,False,,False,2,1778356196,0,856.0,18.0,160.0,True
personalfinanceindia,1t1pnsr,2026-05,oji7tc8,busigrow,True,1.0,False,,False,23,1777730429,0,305.8,3518.0,1774.0,True
personalfinanceindia,1t1pnsr,2026-05,oji38mo,talkingturtle1723,True,3.0,True,5.0,False,17,1777728952,0,881.9,1618.0,566.0,True
personalfinanceindia,1t1pnsr,2026-05,oji0wfr,Confident-Candy270,True,2.0,True,1.0,False,19,1777728173,0,2087.6,1.0,89.0,True
personalfinanceindia,1t1pnsr,2026-05,oji2oz3,No_Let_5065,True,4.0,True,2.0,False,7,1777728773,0,2021.0,1242.0,15114.0,True
personalfinanceindia,1t1pnsr,2026-05,oji7275,veeru-Technology8040,True,5.0,False,,False,7,1777730192,0,84.1,1.0,226.0,True
personalfinanceindia,1t1pnsr,2026-05,oji8k7e,KS27_0899,True,6.0,False,,False,4,1777730661,0,1954.6,23.0,194.0,True
personalfinanceindia,1t1pnsr,2026-05,oji2v7j,LogicalBeast26,True,7.0,True,3.0,False,3,1777728831,0,67.0,139.0,4640.0,True
personalfinanceindia,1t1pnsr,2026-05,oji7wfi,LetterheadNaive5704,True,8.0,False,,False,3,1777730456,0,116.3,1.0,7.0,True
personalfinanceindia,1t1pnsr,2026-05,ok9i84s,Neat-Peak29,True,9.0,False,,False,3,1778079751,0,1235.7,3.0,21.0,True
personalfinanceindia,1t1pnsr,2026-05,ojibe2l,agent_smurf,True,10.0,False,,False,2,1777731516,0,4215.2,79.0,525.0,True
personalfinanceindia,1t1pnsr,2026-05,oji2ytf,Jazzlike_Ideal_7374,False,,True,4.0,False,1,1777728863,0,,,,
unitedstatesofindia,1to08oh,2026-05,onxoczv,Any-Individual5262,True,1.0,True,2.0,False,386,1779783227,0,300.2,6.0,12529.0,False
unitedstatesofindia,1to08oh,2026-05,onxqj1d,Lowcrbnaman,True,2.0,True,5.0,False,227,1779784403,0,3398.1,1429918.0,103744.0,True
unitedstatesofindia,1to08oh,2026-05,onxn9nv,ibarmy,True,3.0,True,1.0,False,144,1779782643,0,3504.3,8629.0,203769.0,True
unitedstatesofindia,1to08oh,2026-05,onxs7ei,Classic_Reference_10,True,4.0,False,,False,73,1779785311,0,1806.2,2961.0,18613.0,True
unitedstatesofindia,1to08oh,2026-05,onxp1cg,zatadokuy13,True,5.0,True,3.0,False,36,1779783592,0,1246.9,105.0,2650.0,True
unitedstatesofindia,1to08oh,2026-05,onxpmre,ratatouille211,True,6.0,True,4.0,False,29,1779783913,0,614.1,6156.0,68326.0,True
unitedstatesofindia,1to08oh,2026-05,onygoxl,GreatNameAndItsTaken,True,7.0,False,,False,23,1779796623,0,603.8,349.0,1485.0,True
unitedstatesofindia,1to08oh,2026-05,ony1uyc,Few_Cup8254,True,8.0,False,,False,11,1779790297,0,1009.5,6100.0,4323.0,True
unitedstatesofindia,1to08oh,2026-05,onyaa9d,PracticalHibiscus12,True,9.0,False,,False,3,1779794076,0,182.9,38.0,5672.0,True
unitedstatesofindia,1to08oh,2026-05,onycm4g,raj_forever,True,10.0,False,,False,2,1779795035,0,1763.3,1.0,3159.0,True
unitedstatesofindia,1tibfhp,2026-05,omt83ax,Eikichi_Onizuka09,True,1.0,False,,False,783,1779254792,0,589.0,612254.0,98170.0,True
unitedstatesofindia,1tibfhp,2026-05,omt6zpr,Sleepergiant2586,True,2.0,False,,False,695,1779254269,0,539.6,2229.0,25687.0,True
unitedstatesofindia,1tibfhp,2026-05,omt4tx9,doolpicate,True,3.0,True,2.0,False,542,1779253263,0,1140.8,3563.0,125695.0,True
unitedstatesofindia,1tibfhp,2026-05,omt5dg2,AlliterationAlly,True,4.0,True,4.0,False,376,1779253512,0,774.3,503.0,48669.0,True
unitedstatesofindia,1tibfhp,2026-05,omt5ns1,charavaka,True,5.0,False,,False,338,1779253646,0,4757.7,21708.0,585358.0,True
unitedstatesofindia,1tibfhp,2026-05,omt9cxj,UdtaTeer420,True,6.0,False,,False,266,1779255408,0,365.0,1648.0,3280.0,True
unitedstatesofindia,1tibfhp,2026-05,omt5cyq,Tdakiddi,True,7.0,True,3.0,False,129,1779253506,0,1004.7,1013.0,16176.0,True
unitedstatesofindia,1tibfhp,2026-05,omt4q0t,find_a_rare_uuid,True,8.0,True,1.0,False,115,1779253212,0,670.7,41615.0,202686.0,True
unitedstatesofindia,1tibfhp,2026-05,omt7mpy,picircle,True,9.0,False,,False,99,1779254572,0,929.1,240.0,1801.0,True
unitedstatesofindia,1tibfhp,2026-05,omt8pep,Ok_Muscle_3770,True,10.0,False,,False,92,1779255089,0,1794.2,1.0,26975.0,True
unitedstatesofindia,1tibfhp,2026-05,omt5fyc,kilaithalai,False,,True,5.0,False,53,1779253543,0,5571.7,4486.0,58707.0,True
unitedstatesofindia,1teto0p,2026-05,om4x1a4,Severe-Experience333,True,1.0,False,,False,406,1778941348,0,1358.4,4458.0,130323.0,True
unitedstatesofindia,1teto0p,2026-05,om4n8qr,XO-1-2-1-5-0-XO,True,2.0,True,1.0,False,294,1778938153,0,35.8,1.0,728.0,True
unitedstatesofindia,1teto0p,2026-05,om4p4vv,Similar-Street-8247,True,3.0,True,2.0,False,215,1778938785,0,1035.7,77263.0,21963.0,True
unitedstatesofindia,1teto0p,2026-05,om4tf8v,rt_99,True,4.0,True,4.0,False,155,1778940198,0,2435.0,32120.0,5705.0,True
unitedstatesofindia,1teto0p,2026-05,om4ugnw,u0x3B2,True,5.0,False,,False,149,1778940532,0,2763.2,481.0,62269.0,True
unitedstatesofindia,1teto0p,2026-05,om575zp,Weekly_Theory5724,True,6.0,False,,False,125,1778944450,0,1554.2,117.0,604.0,True
unitedstatesofindia,1teto0p,2026-05,om4pwc6,whiskeyandlove0999,True,7.0,True,3.0,False,61,1778939041,0,1539.3,257.0,1027.0,True
unitedstatesofindia,1teto0p,2026-05,om538b0,anandha2022,True,9.0,False,,False,28,1778943251,0,1286.4,3701.0,12684.0,True
unitedstatesofindia,1teto0p,2026-05,om5b0tj,DimensionSuitable919,True,8.0,False,,False,31,1778945594,0,1216.7,2225.0,2121.0,True
unitedstatesofindia,1teto0p,2026-05,om4u7cw,god_is_a_pokemon,True,10.0,True,5.0,False,25,1778940449,0,2185.3,1.0,13178.0,True
unitedstatesofindia,1tpc6vj,2026-05,oo7llnm,NoGodsNoMastersOOO,True,1.0,True,2.0,False,350,1779902751,0,250.9,4051.0,55271.0,True
unitedstatesofindia,1tpc6vj,2026-05,oo7n4lh,AllIsEvanescent,True,2.0,True,4.0,False,192,1779903134,0,848.4,7380.0,59582.0,True
unitedstatesofindia,1tpc6vj,2026-05,oo7vqt6,Any-Individual5262,True,3.0,False,,False,126,1779905301,0,300.2,6.0,12529.0,False
unitedstatesofindia,1tpc6vj,2026-05,oo81jmh,lonely_Sigma,True,4.0,False,,False,65,1779906805,0,1642.2,1539.0,2083.0,True
unitedstatesofindia,1tpc6vj,2026-05,ooahv5i,36KleaguesUTO,True,5.0,False,,False,28,1779933140,0,1304.7,47.0,1439.0,False
unitedstatesofindia,1tpc6vj,2026-05,oo7kgky,shashanksati,True,6.0,True,1.0,True,28,1779902468,0,1836.6,33206.0,1845.0,True
unitedstatesofindia,1tpc6vj,2026-05,oo7nf18,DeepInEvil,True,7.0,True,5.0,False,24,1779903205,0,3373.6,2421.0,8853.0,True
unitedstatesofindia,1tpc6vj,2026-05,oo7uigx,tom_Kick_1719,True,8.0,False,,False,20,1779904987,0,1138.8,1.0,3098.0,True
unitedstatesofindia,1tpc6vj,2026-05,oo82w8g,picircle,True,9.0,False,,False,18,1779907160,0,929.1,240.0,1801.0,True
unitedstatesofindia,1tpc6vj,2026-05,oo7nycw,brrrr999,True,10.0,False,,False,16,1779903340,0,251.4,272.0,7063.0,True
unitedstatesofindia,1tpc6vj,2026-05,oo7mt92,Fit-Celebration-6220,False,,True,3.0,False,12,1779903055,0,87.2,17290.0,1298.0,True
unitedstatesofindia,1tbmu9e,2026-05,olhxmk9,sonashine9,True,1.0,True,2.0,False,274,1778641650,0,1201.3,135.0,18884.0,True
unitedstatesofindia,1tbmu9e,2026-05,olhxtiy,Delese,True,2.0,True,3.0,False,244,1778641725,0,2757.0,32.0,12409.0,True
unitedstatesofindia,1tbmu9e,2026-05,oli26ry,WitChBLadE_in,True,3.0,False,,False,108,1778643443,0,1806.7,646.0,146256.0,True
unitedstatesofindia,1tbmu9e,2026-05,olhwiyf,ekxtasy,True,4.0,True,1.0,False,104,1778641226,0,1896.1,2394.0,10886.0,True
unitedstatesofindia,1tbmu9e,2026-05,olhxzbj,rektitroaster,True,5.0,True,4.0,False,85,1778641789,0,3254.1,99414.0,98897.0,True
unitedstatesofindia,1tbmu9e,2026-05,oli60g1,RewardNew8047,True,6.0,False,,False,36,1778644994,0,784.7,263.0,8116.0,True
unitedstatesofindia,1tbmu9e,2026-05,oli16b3,d1apol1cal,True,8.0,True,5.0,False,31,1778643037,0,1384.8,81.0,3835.0,True
unitedstatesofindia,1tbmu9e,2026-05,oli5z4w,RewardNew8047,True,7.0,False,,False,34,1778644979,0,784.7,263.0,8116.0,True
unitedstatesofindia,1tbmu9e,2026-05,olihj5l,drclarenceg,True,9.0,False,,False,18,1778650090,0,3679.8,68.0,25942.0,True
unitedstatesofindia,1tbmu9e,2026-05,oli5n09,Significant-View8743,True,10.0,False,,False,12,1778644838,0,737.7,51.0,33090.0,True
unitedstatesofindia,1tq54r2,2026-05,oodobl9,nsaisspying,True,1.0,True,1.0,False,736,1779978701,0,4602.0,2203.0,34500.0,True
unitedstatesofindia,1tq54r2,2026-05,oodphz1,Gullible_Act4524,True,2.0,True,2.0,False,298,1779979020,0,49.6,2901.0,5390.0,True
unitedstatesofindia,1tq54r2,2026-05,oodqbgv,sidmis,True,3.0,True,3.0,False,144,1779979244,0,2413.6,137881.0,100013.0,True
unitedstatesofindia,1tq54r2,2026-05,oodsu0k,mindmybusine55,True,4.0,False,,False,74,1779979925,0,985.8,10638.0,12087.0,True
unitedstatesofindia,1tq54r2,2026-05,oodrez6,SubstantialAd1027,True,5.0,True,4.0,False,43,1779979540,0,2077.3,18849.0,8852.0,True
unitedstatesofindia,1tq54r2,2026-05,oods8g0,Valuable_Ask_5818,True,6.0,False,,False,37,1779979764,0,1927.0,317.0,7038.0,True
unitedstatesofindia,1tq54r2,2026-05,ooe1uub,draconianfaux_pass,True,7.0,False,,False,32,1779982302,0,2981.1,314.0,2690.0,True
unitedstatesofindia,1tq54r2,2026-05,oodv84x,brosareawesome,True,8.0,False,,False,29,1779980561,0,4751.4,8256.0,8354.0,True
unitedstatesofindia,1tq54r2,2026-05,oods6xq,Mr_Nobody92,True,10.0,False,,False,23,1779979753,0,2363.1,13801.0,13693.0,True
unitedstatesofindia,1tq54r2,2026-05,ooe3h1a,prof_devilsadvocate3,True,9.0,False,,False,25,1779982725,0,509.2,13664.0,96411.0,True
unitedstatesofindia,1tq54r2,2026-05,oodrley,Moist-Chart2440,False,,True,5.0,False,17,1779979589,0,892.9,2022.0,31726.0,True
unitedstatesofindia,1tmh70n,2026-05,onmsn9y,magunahatata,True,1.0,True,2.0,False,363,1779641828,0,111.1,1119.0,18066.0,True
unitedstatesofindia,1tmh70n,2026-05,onmtpgr,find_a_rare_uuid,True,2.0,True,3.0,False,196,1779642118,0,670.7,41615.0,202686.0,True
unitedstatesofindia,1tmh70n,2026-05,onmu1wa,find_a_rare_uuid,True,3.0,True,4.0,False,137,1779642211,0,670.7,41615.0,202686.0,True
unitedstatesofindia,1tmh70n,2026-05,onmvxo9,cherryyyy_blossom,True,4.0,False,,False,48,1779642716,0,194.6,12551.0,19597.0,True
unitedstatesofindia,1tmh70n,2026-05,onmvqlz,Theta-Chad_99,True,5.0,False,,False,32,1779642663,0,1771.2,625.0,31926.0,True
unitedstatesofindia,1tmh70n,2026-05,onmz3hp,DoctorMagnobot,True,6.0,False,,False,30,1779643582,0,1750.0,149.0,3152.0,True
unitedstatesofindia,1tmh70n,2026-05,onnf8bw,Embarrassed_Look9200,True,7.0,False,,False,26,1779648199,0,425.0,19946.0,95234.0,True
unitedstatesofindia,1tmh70n,2026-05,onmpdyr,GritsVille,True,9.0,True,1.0,True,13,1779640924,0,1257.7,11536.0,3042.0,True
unitedstatesofindia,1tmh70n,2026-05,onneqyg,Scam_,True,8.0,False,,False,14,1779648055,0,2579.0,83.0,10822.0,True
unitedstatesofindia,1tmh70n,2026-05,onn3ie8,Killer_insctinct,True,10.0,False,,False,5,1779644811,0,2042.2,497.0,30302.0,True
unitedstatesofindia,1tmh70n,2026-05,onmuzac,Aarush_69,False,,True,5.0,False,4,1779642460,0,1759.7,2947.0,3036.0,True
unitedstatesofindia,1tlzh1t,2026-05,onjb1ap,ApocalypseYay,True,1.0,True,2.0,False,355,1779590066,0,2015.9,21180.0,374946.0,True
unitedstatesofindia,1tlzh1t,2026-05,onjeauj,Gumnaamibaba,True,2.0,True,5.0,False,125,1779591369,0,772.8,264.0,17524.0,True
unitedstatesofindia,1tlzh1t,2026-05,onjfub5,kidharhaibro,True,3.0,False,,False,80,1779592009,0,483.0,3295.0,24279.0,True
unitedstatesofindia,1tlzh1t,2026-05,onjci9b,find_a_rare_uuid,True,4.0,True,4.0,False,67,1779590649,0,670.7,41615.0,202686.0,True
unitedstatesofindia,1tlzh1t,2026-05,onjb7so,Ecclesiasticus6_18,True,5.0,True,3.0,False,49,1779590138,0,100.6,5021.0,2673.0,True
unitedstatesofindia,1tlzh1t,2026-05,onjhqzj,Gullible_Act4524,True,6.0,False,,False,44,1779592822,0,49.6,2901.0,5390.0,True
unitedstatesofindia,1tlzh1t,2026-05,onjgrnx,Mindless-Ad347,True,7.0,False,,False,38,1779592405,0,849.2,174.0,3636.0,True
unitedstatesofindia,1tlzh1t,2026-05,onjgemg,BlissfulIndian,True,8.0,False,,False,20,1779592252,0,1447.9,230.0,20424.0,True
unitedstatesofindia,1tlzh1t,2026-05,onjhkd1,magunahatata,True,9.0,False,,False,18,1779592744,0,111.1,1119.0,18066.0,True
unitedstatesofindia,1tlzh1t,2026-05,onjp170,moab911,True,10.0,False,,False,12,1779596073,0,2882.4,1991.0,18926.0,True
unitedstatesofindia,1tlzh1t,2026-05,onjajm0,PM_ME_YOUR___ISSUES,False,,True,1.0,True,10,1779589871,0,2429.0,21333.0,54385.0,True
unitedstatesofindia,1tanxk2,2026-05,olap806,Sea_Fox7782,True,1.0,True,3.0,False,237,1778552599,0,1293.1,368.0,2432.0,True
unitedstatesofindia,1tanxk2,2026-05,olas90b,bash2482,True,2.0,False,,False,227,1778553680,0,1171.8,13710.0,52902.0,True
unitedstatesofindia,1tanxk2,2026-05,olanyit,dogisgodspeltright,True,3.0,True,1.0,False,165,1778552152,0,1594.9,1504.0,284492.0,True
unitedstatesofindia,1tanxk2,2026-05,olaofhf,picircle,True,4.0,True,2.0,False,97,1778552317,0,929.1,240.0,1801.0,True
unitedstatesofindia,1tanxk2,2026-05,olapz2f,DeadAssDodo,True,5.0,True,5.0,False,57,1778552863,0,1210.1,3544.0,34634.0,True
unitedstatesofindia,1tanxk2,2026-05,olba8h1,whatisapersonreally,True,6.0,False,,False,39,1778560968,0,2699.0,1504.0,14780.0,False
unitedstatesofindia,1tanxk2,2026-05,olapomo,cherryyyy_blossom,True,8.0,True,4.0,False,36,1778552760,0,194.6,12551.0,19597.0,True
unitedstatesofindia,1tanxk2,2026-05,olasxte,Medical-Concept-2190,True,7.0,False,,False,38,1778553931,0,1832.4,8883.0,56469.0,True
unitedstatesofindia,1tanxk2,2026-05,olb0qkp,Tdakiddi,True,9.0,False,,False,33,1778556941,0,1004.7,1013.0,16176.0,True
unitedstatesofindia,1tanxk2,2026-05,olaz6q4,Altruistic-Gift-565,True,10.0,False,,False,16,1778556319,0,1664.9,964.0,3753.0,True
unitedstatesofindia,1t7vqok,2026-05,okrvnma,kalinooni,True,1.0,True,1.0,False,645,1778304465,0,102.2,95906.0,20616.0,True
unitedstatesofindia,1t7vqok,2026-05,okrwz0l,ExaminationFail25,True,2.0,True,5.0,False,480,1778305139,0,1486.0,53.0,190172.0,True
unitedstatesofindia,1t7vqok,2026-05,okrwutj,Embarrassed_Look9200,True,3.0,True,4.0,False,175,1778305080,0,425.0,19946.0,95234.0,True
unitedstatesofindia,1t7vqok,2026-05,okrx4ld,Square-Sock5411,True,4.0,False,,False,135,1778305217,0,1091.2,10.0,3052.0,True
unitedstatesofindia,1t7vqok,2026-05,okrwfpc,Disastrous_Sky_88,True,6.0,True,2.0,False,120,1778304865,0,1143.2,7240.0,473.0,True
unitedstatesofindia,1t7vqok,2026-05,okrxn6m,No_Ferret2216,True,5.0,False,,False,121,1778305479,0,2146.3,1272.0,31506.0,True
unitedstatesofindia,1t7vqok,2026-05,okry44p,Beginning-Passion676,True,7.0,False,,False,110,1778305717,0,122.1,281491.0,28155.0,True
unitedstatesofindia,1t7vqok,2026-05,okrwh7h,B7TMANN,True,8.0,True,3.0,False,73,1778304887,0,755.4,17872.0,28873.0,True
unitedstatesofindia,1t7vqok,2026-05,okrx09e,Much_Discussion1490,True,9.0,False,,False,58,1778305157,0,1389.2,9091.0,93641.0,True
unitedstatesofindia,1t7vqok,2026-05,okrx9di,Undefeated_dragonfly,True,10.0,False,,False,51,1778305285,0,771.2,19487.0,55450.0,True
IndianStreetBets,1ts1bif,2026-05,oorx85l,Paul-Scholes,True,1.0,True,4.0,False,341,1780154312,0,1965.3,77.0,1423.0,True
IndianStreetBets,1ts1bif,2026-05,oos369l,nishantam,True,2.0,True,5.0,False,325,1780156087,0,5169.5,2203.0,9669.0,True
IndianStreetBets,1ts1bif,2026-05,oornf4w,s_sam01,True,3.0,True,1.0,False,207,1780151368,0,2860.3,1030.0,5799.0,True
IndianStreetBets,1ts1bif,2026-05,oorwgqk,otaku_nazi,True,4.0,True,2.0,False,166,1780154085,0,2081.8,96.0,5724.0,True
IndianStreetBets,1ts1bif,2026-05,oos477u,Training2Life,True,5.0,False,,False,61,1780156388,0,1125.8,67.0,30005.0,True
IndianStreetBets,1ts1bif,2026-05,ooscasf,your-Fun-Pass,True,7.0,False,,False,25,1780158767,0,409.8,1006.0,14627.0,True
IndianStreetBets,1ts1bif,2026-05,oos42yt,gongura,True,6.0,False,,False,26,1780156353,0,5243.0,1.0,937.0,True
IndianStreetBets,1ts1bif,2026-05,oorwut5,Man_who_eats_mango,True,8.0,True,3.0,False,11,1780154201,0,986.7,1.0,170.0,True
IndianStreetBets,1ts1bif,2026-05,oose77k,Careless_Print_4567,True,9.0,False,,False,6,1780159322,0,243.0,1.0,104.0,True
IndianStreetBets,1tmbc5m,2026-05,onlilch,FactIllustrious21,True,1.0,True,2.0,False,142,1779628007,0,608.1,404.0,319.0,True
IndianStreetBets,1tmbc5m,2026-05,onll5ot,Livid_Strawberry9304,True,2.0,True,3.0,False,36,1779628893,0,701.9,75.0,2444.0,True
IndianStreetBets,1tmbc5m,2026-05,onlhfqb,Noah_J_Shalom,True,3.0,True,1.0,False,14,1779627601,0,103.7,9556.0,-9.0,True
IndianStreetBets,1tmbc5m,2026-05,onlzgu4,AInoob2pro,True,4.0,False,,False,13,1779633479,0,310.2,28.0,1380.0,True
IndianStreetBets,1tmbc5m,2026-05,onlqpwx,sayMYnameSigma,True,5.0,False,,False,12,1779630748,0,1662.0,2.0,380.0,True
IndianStreetBets,1tmbc5m,2026-05,onllrp6,Ram-p-07,True,6.0,True,4.0,False,10,1779629102,0,531.0,897.0,1966.0,True
IndianStreetBets,1tmbc5m,2026-05,onlui0i,Low_Comparison_1906,True,7.0,False,,False,10,1779631950,0,1944.9,837.0,10021.0,True
IndianStreetBets,1tmbc5m,2026-05,onlnkzn,EducationalRoom6714,True,9.0,True,5.0,False,3,1779629714,0,1234.3,8.0,394.0,True
IndianStreetBets,1tmbc5m,2026-05,onlzs7t,Nirupam_MythX,True,8.0,False,,False,4,1779633575,0,2213.9,343.0,15544.0,True
IndianStreetBets,1tmbc5m,2026-05,onm5scv,Final_Indication6251,True,10.0,False,,False,3,1779635390,0,84.8,1.0,188.0,True
IndianStreetBets,1tq2m9q,2026-05,ood4koj,HalfWovenSoul,True,1.0,True,4.0,False,584,1779973096,0,105.0,3200.0,6387.0,True
IndianStreetBets,1tq2m9q,2026-05,ood5nsy,Verycute34,True,2.0,False,,False,219,1779973424,0,82.8,1.0,797.0,False
IndianStreetBets,1tq2m9q,2026-05,ood6v1y,pandu890,True,3.0,False,,False,217,1779973786,0,212.4,6.0,1910.0,True
IndianStreetBets,1tq2m9q,2026-05,ood57ib,_Floydimus,True,4.0,False,,False,199,1779973286,0,1042.2,20343.0,18561.0,True
IndianStreetBets,1tq2m9q,2026-05,ood3p9z,noobguy4,True,5.0,True,1.0,False,97,1779972830,0,1168.3,144.0,2740.0,True
IndianStreetBets,1tq2m9q,2026-05,ood4dqn,Sameer_021,True,6.0,True,3.0,False,74,1779973037,0,202.1,1.0,579.0,True
IndianStreetBets,1tq2m9q,2026-05,oodabln,Charming_Battle_5072,True,7.0,False,,False,34,1779974803,0,327.5,89.0,1208.0,True
IndianStreetBets,1tq2m9q,2026-05,ood9mss,Insomniac_Coder,True,8.0,False,,False,20,1779974602,0,819.8,1494.0,6710.0,True
IndianStreetBets,1tq2m9q,2026-05,ood4b88,offisapup,True,9.0,True,2.0,False,19,1779973015,0,1604.8,9385.0,20706.0,True
IndianStreetBets,1tq2m9q,2026-05,ood5m7c,kbrunner69,True,10.0,False,,False,18,1779973410,0,2868.1,132.0,20030.0,True
IndianStreetBets,1tq2m9q,2026-05,ood4qnl,markelonn,False,,True,5.0,False,9,1779973146,0,4619.7,21879.0,193345.0,True
IndianStreetBets,1tsr9e9,2026-05,oox2aiy,koustubhavachat,True,1.0,True,1.0,False,285,1780222484,0,4643.3,660.0,17823.0,True
IndianStreetBets,1tsr9e9,2026-05,oox2xel,superrsud,True,2.0,True,3.0,False,195,1780222807,0,2485.0,4010.0,987.0,True
IndianStreetBets,1tsr9e9,2026-05,oox7nmo,LazyCurvyPanda,True,3.0,False,,False,101,1780225132,0,1069.8,200.0,7261.0,True
IndianStreetBets,1tsr9e9,2026-05,oox3255,romka79,True,4.0,True,5.0,False,94,1780222876,0,1955.1,59838.0,31138.0,True
IndianStreetBets,1tsr9e9,2026-05,ooxbytv,AsherGC,True,6.0,False,,False,28,1780227086,0,3813.9,1099.0,18846.0,True
IndianStreetBets,1tsr9e9,2026-05,oox4hk5,JustASheepInTheFlock,True,5.0,False,,False,30,1780223602,0,1150.8,86.0,22679.0,True
IndianStreetBets,1tsr9e9,2026-05,oox5qtx,Mission_chancellor,True,7.0,False,,False,19,1780224230,0,771.8,362.0,3471.0,False
IndianStreetBets,1tsr9e9,2026-05,oox2l7f,Ffffff_uuu,True,8.0,True,2.0,False,16,1780222633,0,1277.9,19.0,454.0,True
IndianStreetBets,1tsr9e9,2026-05,oox4g02,driftdiffusion4,True,10.0,False,,False,12,1780223580,0,1417.9,15703.0,28638.0,True
IndianStreetBets,1tsr9e9,2026-05,oox3ppt,He18n,True,9.0,False,,False,13,1780223210,0,2125.1,3694.0,4526.0,True
IndianStreetBets,1tsr9e9,2026-05,oox316g,kishaloy,False,,True,4.0,False,4,1780222862,0,3507.1,355.0,10779.0,True
IndianStreetBets,1t1vsi1,2026-05,ojjf7gy,sansays,True,1.0,True,2.0,False,220,1777743156,0,3146.2,8658.0,33023.0,True
IndianStreetBets,1t1vsi1,2026-05,ojjjo9f,Lanky-Mirror9185,True,2.0,True,4.0,False,121,1777744436,0,97.9,59.0,1870.0,True
IndianStreetBets,1t1vsi1,2026-05,ojjt17n,Vivid_Brilliant_7717,True,3.0,True,5.0,False,69,1777747246,0,751.2,33.0,185.0,True
IndianStreetBets,1t1vsi1,2026-05,ojjiabp,Thamarakshan_pillai,True,4.0,True,3.0,False,61,1777744037,0,917.8,2049.0,12553.0,True
IndianStreetBets,1t1vsi1,2026-05,ojjf5nq,IREDA1000,True,5.0,True,1.0,False,27,1777743141,0,886.0,93243.0,36988.0,True
IndianStreetBets,1t1vsi1,2026-05,ojk2bzw,AdiKadiAdi,True,6.0,False,,False,18,1777750096,0,38.2,1.0,5155.0,True
IndianStreetBets,1t1vsi1,2026-05,ojk4h7b,Independent-Log-4245,True,7.0,False,,False,5,1777750775,0,1653.9,1341.0,29964.0,True
IndianStreetBets,1t1vsi1,2026-05,ojmnzbx,Delulued_MF,True,8.0,False,,False,5,1777784324,0,,,,
IndianStreetBets,1t1vsi1,2026-05,ojoe0ie,Sensitive_Host_337,True,9.0,False,,False,5,1777814202,0,711.4,1.0,129.0,True
IndianStreetBets,1t1vsi1,2026-05,ojlq4mp,electronic_rogue_5,True,10.0,False,,False,2,1777770611,0,762.7,46999.0,34434.0,True
IndianStreetBets,1tasdnh,2026-05,olbjkp3,justDeadpoool,True,1.0,True,2.0,False,811,1778565172,0,685.5,96.0,3054.0,True
IndianStreetBets,1tasdnh,2026-05,olbkfj7,Solid-Move-1411,True,2.0,False,,False,306,1778565579,0,576.6,464814.0,274343.0,True
IndianStreetBets,1tasdnh,2026-05,olblmef,psynyde27,True,3.0,False,,False,220,1778566162,0,721.2,1025.0,4197.0,True
IndianStreetBets,1tasdnh,2026-05,olbqnul,Negative-String-113,True,4.0,False,,False,162,1778568680,0,342.7,1.0,138.0,True
IndianStreetBets,1tasdnh,2026-05,olbje76,TimeVendor,True,5.0,True,1.0,False,142,1778565086,0,3712.0,254335.0,51860.0,True
IndianStreetBets,1tasdnh,2026-05,olbk2aj,Square_Ad1379,True,6.0,False,,False,120,1778565402,0,1955.5,12.0,364.0,True
IndianStreetBets,1tasdnh,2026-05,olbonaw,evaru_nuvvu,True,7.0,False,,False,118,1778567664,0,1600.3,11566.0,63194.0,True
IndianStreetBets,1tasdnh,2026-05,olbjnoh,Bitter_Truth_420,True,8.0,True,3.0,False,78,1778565211,0,44.2,3516.0,3715.0,True
IndianStreetBets,1tasdnh,2026-05,olbkt12,Huge-Physics5491,True,9.0,False,,False,61,1778565761,0,1556.2,21292.0,285368.0,True
IndianStreetBets,1tasdnh,2026-05,olbnw92,Affectionate_Brick59,True,10.0,False,,False,36,1778567287,0,2006.1,3.0,90.0,True
IndianStreetBets,1tasdnh,2026-05,olbjw2m,IBeastMaster64I,False,,True,4.0,False,12,1778565322,0,2643.8,7327.0,14388.0,True
IndianStreetBets,1tasdnh,2026-05,olbjwhu,InternationalKeynew,False,,True,5.0,False,12,1778565327,0,2011.2,9.0,5389.0,True
IndianStreetBets,1taa01v,2026-05,ol7ubgo,kaizenX11,True,1.0,True,2.0,False,485,1778520948,0,87.0,1.0,778.0,True
IndianStreetBets,1taa01v,2026-05,ol7urzw,Curious-Lavishness30,True,2.0,True,4.0,False,367,1778521070,0,1113.6,9.0,460.0,False
IndianStreetBets,1taa01v,2026-05,ol7ubyl,Legitimate-Trip8422,True,3.0,True,3.0,False,193,1778520952,0,503.9,3037.0,45272.0,True
IndianStreetBets,1taa01v,2026-05,ol7w6v5,metaexxploit,True,4.0,False,,False,146,1778521439,0,1131.9,711.0,4756.0,True
IndianStreetBets,1taa01v,2026-05,ol7w3kt,No_Professor_8678,True,5.0,False,,False,48,1778521415,0,816.9,829.0,2820.0,True
IndianStreetBets,1taa01v,2026-05,ol7utju,Wh1teWalkerr,True,6.0,True,5.0,False,43,1778521081,0,1605.3,65.0,44.0,True
IndianStreetBets,1taa01v,2026-05,ol7vsy9,ultigo,True,7.0,False,,False,36,1778521338,0,874.1,203.0,2778.0,True
IndianStreetBets,1taa01v,2026-05,ol7vy2e,Lawfulness-Silver,True,8.0,False,,False,28,1778521375,0,2063.5,254.0,12942.0,True
IndianStreetBets,1taa01v,2026-05,ol7xmq7,curious-dev199,True,9.0,False,,False,28,1778521815,0,943.6,86.0,127.0,True
IndianStreetBets,1taa01v,2026-05,ol7zc1w,steelredmouse,True,10.0,False,,False,20,1778522258,0,2594.7,2457.0,661.0,True
IndianStreetBets,1taa01v,2026-05,ol7s977,strong_avenger,False,,True,1.0,False,8,1778520405,0,2599.0,14.0,1127.0,True
IndianStreetBets,1tbukb5,2026-05,oljcxe7,Dr-slyDragon007,True,1.0,True,3.0,False,1044,1778666047,0,644.1,1377.0,10085.0,True
IndianStreetBets,1tbukb5,2026-05,oljdm8a,Straight_Drive_7882,True,2.0,True,5.0,False,202,1778666378,0,1603.0,138.0,7304.0,True
IndianStreetBets,1tbukb5,2026-05,oljblsa,DarkHumourFoundHere,True,3.0,True,1.0,False,193,1778665407,0,2246.8,15402.0,85630.0,True
IndianStreetBets,1tbukb5,2026-05,olje2lc,mallumanoos,True,4.0,False,,False,124,1778666598,0,2360.8,141.0,20852.0,True
IndianStreetBets,1tbukb5,2026-05,oljfvz6,mindovfblanks,True,5.0,False,,False,46,1778667461,0,2568.2,5.0,1362.0,True
IndianStreetBets,1tbukb5,2026-05,oljcjs4,GoMeansGo,True,6.0,True,2.0,False,43,1778665867,0,4051.1,1768.0,23819.0,True
IndianStreetBets,1tbukb5,2026-05,oljfio0,samy_samyeer,True,7.0,False,,False,27,1778667288,0,1046.7,256.0,1643.0,True
IndianStreetBets,1tbukb5,2026-05,olje009,AdhesivenessWhole181,True,8.0,False,,False,16,1778666563,0,1021.3,155.0,17681.0,True
IndianStreetBets,1tbukb5,2026-05,oljefax,Super_Molasses124,True,9.0,False,,False,12,1778666767,0,411.1,11600.0,164.0,True
IndianStreetBets,1tbukb5,2026-05,oljgcyc,OneCitron2432,True,10.0,False,,False,8,1778667681,0,28.7,186.0,2046.0,True
IndianStreetBets,1tbukb5,2026-05,oljczym,nvbombsquad,False,,True,4.0,False,1,1778666081,0,3332.1,28459.0,97948.0,True
IndianStreetBets,1tlyfq3,2026-05,onj4imc,Nirupam_MythX,True,1.0,True,1.0,False,382,1779587558,0,2213.9,343.0,15544.0,True
IndianStreetBets,1tlyfq3,2026-05,onjawi4,JumpyStretch9312,True,2.0,True,2.0,False,157,1779590012,0,1576.7,463.0,6544.0,True
IndianStreetBets,1tlyfq3,2026-05,onjjzl1,Agitated_Field88,True,3.0,True,5.0,False,121,1779593790,0,881.1,28.0,6037.0,True
IndianStreetBets,1tlyfq3,2026-05,onjn6u8,TangerineStrong9898,True,4.0,False,,False,83,1779595203,0,349.6,3.0,531.0,True
IndianStreetBets,1tlyfq3,2026-05,onjl67l,dontstealmydinner,True,5.0,False,,False,42,1779594312,0,2378.5,1240.0,89191.0,True
IndianStreetBets,1tlyfq3,2026-05,onjon48,sleepysoul13,True,6.0,False,,False,27,1779595883,0,1655.5,91.0,12540.0,True
IndianStreetBets,1tlyfq3,2026-05,onk99ue,electronic_rogue_5,True,7.0,False,,False,13,1779606189,0,762.7,46999.0,34434.0,True
IndianStreetBets,1tlyfq3,2026-05,onjiu78,CardiologistHead150,True,8.0,True,4.0,False,10,1779593288,0,600.9,100.0,5644.0,True
IndianStreetBets,1tlyfq3,2026-05,onjrakf,According-Crow6999,True,10.0,False,,False,4,1779597130,0,599.0,279.0,337.0,True
IndianStreetBets,1tlyfq3,2026-05,onkrffy,Ordinary_Cat2597,True,9.0,False,,False,5,1779616049,0,1605.0,70.0,197.0,True
IndianStreetBets,1tlyfq3,2026-05,onjbkau,Character_Trifle_801,False,,True,3.0,False,3,1779590275,0,531.7,372.0,6333.0,False
IndianStreetBets,1tdr2o4,2026-05,olx4hw1,Ashryfinancial,True,1.0,True,1.0,False,159,1778838248,0,291.1,5321.0,29126.0,True
IndianStreetBets,1tdr2o4,2026-05,olx534p,pranagrapher,True,2.0,True,3.0,False,53,1778838549,0,1165.0,91438.0,42205.0,True
IndianStreetBets,1tdr2o4,2026-05,olx7xnb,Xiao891,True,3.0,True,5.0,False,52,1778839947,0,1052.1,78.0,8430.0,True
IndianStreetBets,1tdr2o4,2026-05,olx80vh,ShyQuipster,True,4.0,False,,False,17,1778839992,0,881.1,1.0,13340.0,True
IndianStreetBets,1tdr2o4,2026-05,olx86dy,Exciting_Strike5598,True,5.0,False,,False,14,1778840065,0,937.2,4224.0,63859.0,True
IndianStreetBets,1tdr2o4,2026-05,olzyqbq,DefProbablyYOLO,True,6.0,False,,False,8,1778870671,0,297.9,4.0,23.0,True
IndianStreetBets,1tdr2o4,2026-05,olxo1c3,nom_nom_son,True,7.0,False,,False,7,1778846589,0,877.1,147.0,1428.0,False
IndianStreetBets,1tdr2o4,2026-05,olz1i0m,SympathyCurrent9263,True,9.0,False,,False,6,1778861400,0,672.2,780.0,522.0,False
IndianStreetBets,1tdr2o4,2026-05,olxqbk8,AlarmedPurple6521,True,8.0,False,,False,7,1778847407,0,1767.3,759.0,5489.0,True
IndianStreetBets,1tdr2o4,2026-05,olyjzdk,aalapshah12297,True,10.0,False,,False,6,1778856561,0,2896.6,5200.0,25350.0,True
IndianStreetBets,1tdr2o4,2026-05,olx5hl4,aightup,False,,True,4.0,False,2,1778838749,0,1313.0,1.0,5048.0,True
IndianStreetBets,1tdr2o4,2026-05,olx4lga,VerilyVirtuous,False,,True,2.0,False,1,1778838298,0,1187.1,1745.0,4093.0,True
JEENEETards,1tpqk6y,2026-05,ooapuue,Alarmed-Sail4681,True,1.0,True,1.0,False,281,1779935896,0,328.1,876.0,708.0,True
JEENEETards,1tpqk6y,2026-05,ooar4lo,mloxxfox,True,2.0,True,3.0,False,174,1779936342,0,25.0,211.0,5296.0,True
JEENEETards,1tpqk6y,2026-05,ooar79w,Gloomy_Part_4333,True,3.0,True,5.0,False,128,1779936368,0,312.3,35.0,502.0,True
JEENEETards,1tpqk6y,2026-05,ooar5v5,Powerful_Law8746,True,4.0,True,4.0,False,48,1779936355,0,534.7,58.0,2011.0,True
JEENEETards,1tpqk6y,2026-05,oob21ny,Sabrinamistrii,True,5.0,False,,False,37,1779940448,0,48.0,1578.0,7009.0,True
JEENEETards,1tpqk6y,2026-05,ooasfmq,GaroZero0,True,6.0,False,,False,32,1779936803,0,108.4,72.0,8157.0,True
JEENEETards,1tpqk6y,2026-05,ooaqcrf,National_Iron8803,True,7.0,True,2.0,False,24,1779936070,0,476.0,2584.0,6412.0,True
JEENEETards,1tpqk6y,2026-05,ooasht2,lobotomy001,True,9.0,False,,False,20,1779936826,0,292.6,515.0,957.0,True
JEENEETards,1tpqk6y,2026-05,ooat19r,That_Ranger_9010,True,8.0,False,,False,22,1779937019,0,547.7,973.0,4206.0,True
JEENEETards,1tpqk6y,2026-05,ooax6wc,Lower_Mission_8925,True,10.0,False,,False,19,1779938556,0,2049.4,10.0,134.0,True
JEENEETards,1tau5zy,2026-05,olbumx7,The_Top_G_08,True,1.0,True,1.0,False,961,1778570719,0,1270.0,16083.0,33155.0,True
JEENEETards,1tau5zy,2026-05,olbvldb,gottacrackneet,True,2.0,False,,False,174,1778571235,0,279.0,810.0,2426.0,True
JEENEETards,1tau5zy,2026-05,olbuojc,Acceptable-Grab-4482,True,3.0,True,2.0,False,155,1778570743,0,426.2,6261.0,4861.0,True
JEENEETards,1tau5zy,2026-05,olbz2j7,RowConsistent9179,True,4.0,False,,False,120,1778573134,0,448.0,1073.0,773.0,True
JEENEETards,1tau5zy,2026-05,olbvjh4,Silent_Fennel_4028,True,5.0,True,5.0,False,118,1778571206,0,831.8,149.0,1278.0,True
JEENEETards,1tau5zy,2026-05,olbxvze,KarmaaHunter,True,6.0,False,,False,103,1778572496,0,1245.4,974.0,4859.0,True
JEENEETards,1tau5zy,2026-05,olbuviv,Careful_Ferret_1002,True,7.0,True,3.0,False,84,1778570848,0,213.0,52.0,196.0,True
JEENEETards,1tau5zy,2026-05,olbvitr,SuperbAide9735,True,8.0,True,4.0,False,32,1778571195,0,1097.2,82.0,1547.0,True
JEENEETards,1tau5zy,2026-05,olbvxs5,Head-Ice6889,True,10.0,False,,False,28,1778571426,0,413.1,16.0,1301.0,True
JEENEETards,1tau5zy,2026-05,olbwosw,OstakuVibes,True,9.0,False,,False,31,1778571837,0,267.2,13325.0,19032.0,True
JEENEETards,1tfofve,2026-05,omaquaf,FewFuture7179,True,1.0,True,1.0,False,701,1779022060,0,412.8,1.0,1401.0,True
JEENEETards,1tfofve,2026-05,omawltk,CommercialTrouble767,True,2.0,True,4.0,False,282,1779024018,0,34.0,462.0,279.0,True
JEENEETards,1tfofve,2026-05,omavj76,pappu-pajer,True,3.0,True,2.0,False,180,1779023661,0,,,,
JEENEETards,1tfofve,2026-05,omazrp0,Optimal-Web-,True,4.0,False,,False,65,1779025060,0,97.2,800.0,3169.0,True
JEENEETards,1tfofve,2026-05,omawxi6,AURYTHEA,True,6.0,True,5.0,False,37,1779024127,0,381.0,2406.0,866.0,True
JEENEETards,1tfofve,2026-05,omb6jxu,Chagol_21,True,5.0,False,,False,41,1779027222,0,483.4,123.0,3312.0,True
JEENEETards,1tfofve,2026-05,omb1b2w,The_Top_G_08,True,7.0,False,,False,18,1779025561,0,1270.0,16083.0,33155.0,True
JEENEETards,1tfofve,2026-05,omb46ue,Tall_Grapefruit4413,True,8.0,False,,False,18,1779026479,0,358.5,202.0,1928.0,True
JEENEETards,1tfofve,2026-05,ombeeut,holaredtom,True,9.0,False,,False,12,1779029651,0,1387.3,1.0,374.0,True
JEENEETards,1tfofve,2026-05,omavss0,Jalaj_Cozy69,False,,True,3.0,False,8,1779023751,0,1620.4,1.0,960.0,True
JEENEETards,1tfofve,2026-05,omb2abr,luffypapa,True,10.0,False,,False,9,1779025873,0,38.8,2.0,432.0,True
JEENEETards,1to8ixi,2026-05,onzb4nu,therealsaker,True,1.0,True,3.0,False,408,1779806223,0,366.0,116004.0,42433.0,True
JEENEETards,1to8ixi,2026-05,onzbyxb,SuperSam212,True,2.0,True,5.0,False,127,1779806458,0,2082.4,28338.0,11642.0,True
JEENEETards,1to8ixi,2026-05,onzahwz,bhumit_69,True,3.0,True,2.0,False,101,1779806045,0,1523.7,577.0,2294.0,True
JEENEETards,1to8ixi,2026-05,onzi8xl,National_Iron8803,True,4.0,False,,False,86,1779808184,0,476.0,2584.0,6412.0,True
JEENEETards,1to8ixi,2026-05,onzbw2p,SuperSam212,True,5.0,True,4.0,False,60,1779806435,0,2082.4,28338.0,11642.0,True
JEENEETards,1to8ixi,2026-05,onzdjph,Maatam,True,6.0,False,,False,45,1779806894,0,26.9,105.0,4923.0,True
JEENEETards,1to8ixi,2026-05,onzgfzf,Odd-Comedian-8909,True,8.0,False,,False,38,1779807687,0,1991.0,1.0,6168.0,True
JEENEETards,1to8ixi,2026-05,onzi5ao,masked07,True,7.0,False,,False,39,1779808156,0,187.0,2583.0,182.0,True
JEENEETards,1to8ixi,2026-05,oo0399t,YonroKun-73,True,9.0,False,,False,16,1779813802,0,58.8,5.0,363.0,True
JEENEETards,1to8ixi,2026-05,onza7r7,New_Lengthiness4368,True,10.0,True,1.0,False,15,1779805967,0,30.9,1.0,1691.0,True
JEENEETards,1tatn0e,2026-05,olbr9cr,More-Mention-5225,True,1.0,True,1.0,False,724,1778568979,0,304.8,327.0,5814.0,True
JEENEETards,1tatn0e,2026-05,olbtdbh,NorthAlone2937,True,2.0,False,,False,525,1778570057,0,374.8,120.0,3351.0,True
JEENEETards,1tatn0e,2026-05,olbt9g5,Calm_North5987,True,3.0,True,5.0,False,279,1778570001,0,141.0,29.0,370.0,True
JEENEETards,1tatn0e,2026-05,olbsj10,lawstmafia,True,4.0,True,3.0,False,129,1778569622,0,553.2,4.0,153.0,True
JEENEETards,1tatn0e,2026-05,olbvpy1,Active_Back3384,True,5.0,False,,False,91,1778571304,0,1387.7,216.0,221.0,True
JEENEETards,1tatn0e,2026-05,olbvesa,Tribe_KPtG,True,6.0,False,,False,69,1778571134,0,1647.1,7335.0,22741.0,True
JEENEETards,1tatn0e,2026-05,olbt2le,Icy_Research3046,True,7.0,True,4.0,False,62,1778569902,0,59.8,4678.0,1604.0,True
JEENEETards,1tatn0e,2026-05,olbr9ly,Key_Jump546,True,8.0,True,2.0,False,50,1778568982,0,195.2,11.0,76.0,True
JEENEETards,1tatn0e,2026-05,olbujt7,OstakuVibes,True,10.0,False,,False,34,1778570673,0,267.2,13325.0,19032.0,True
JEENEETards,1tatn0e,2026-05,olbxn26,KarmaaHunter,True,9.0,False,,False,35,1778572360,0,1245.4,974.0,4859.0,True
JEENEETards,1tb5ii2,2026-05,ole57h3,NotHuman18,True,1.0,True,1.0,False,840,1778601096,0,1346.0,1989.0,13937.0,True
JEENEETards,1tb5ii2,2026-05,ole9ge3,iamdumb7,True,2.0,True,3.0,False,537,1778602231,0,1119.9,923.0,5603.0,True
JEENEETards,1tb5ii2,2026-05,olejevm,Wide_Sherbet_9657,True,3.0,False,,False,64,1778604880,0,739.1,298.0,369.0,True
JEENEETards,1tb5ii2,2026-05,ole6hjx,Hefty_Personality_14,True,4.0,True,2.0,False,32,1778601431,0,1260.8,648.0,986.0,True
JEENEETards,1tb5ii2,2026-05,oles27c,Best-Atmosphere-3554,True,5.0,False,,False,27,1778607122,0,57.0,13.0,182.0,True
JEENEETards,1tb5ii2,2026-05,olfu1fd,Reasonable_Mood4003,True,6.0,False,,False,23,1778617357,0,221.8,62.0,99.0,True
JEENEETards,1tb5ii2,2026-05,olee9ce,PopularAd6391,True,7.0,True,5.0,False,16,1778603505,0,298.2,3178.0,7964.0,True
JEENEETards,1tb5ii2,2026-05,olg3gtp,Level-Shoulder1353,True,9.0,False,,False,12,1778619940,0,2113.6,24.0,525.0,True
JEENEETards,1tb5ii2,2026-05,olh5e2a,Puzzleheaded-Cash212,True,8.0,False,,False,14,1778631977,0,632.4,536.0,2057.0,True
JEENEETards,1tb5ii2,2026-05,oledfve,Senior-Reflection392,True,10.0,True,4.0,False,7,1778603284,0,41.1,288.0,1488.0,True
JEENEETards,1tauuc6,2026-05,olbyloy,Mammoth_Summer3788,True,1.0,True,2.0,False,323,1778572882,0,225.0,1666.0,9976.0,True
JEENEETards,1tauuc6,2026-05,olbzdaf,i_moe_lester,True,2.0,False,,False,93,1778573297,0,997.8,9110.0,3556.0,True
JEENEETards,1tauuc6,2026-05,olbzn6s,Famous-Scientist1196,True,3.0,False,,False,84,1778573444,0,234.9,213.0,1582.0,True
JEENEETards,1tauuc6,2026-05,olbyq5q,rehavocc,True,4.0,True,5.0,False,65,1778572948,0,315.8,66.0,722.0,True
JEENEETards,1tauuc6,2026-05,olbyjiw,Pretty_Mess_9738,True,5.0,True,1.0,False,49,1778572849,0,186.8,3618.0,474.0,True
JEENEETards,1tauuc6,2026-05,olbym5l,Nice_Resolution3258,True,6.0,True,3.0,False,44,1778572889,0,457.3,140.0,6444.0,True
JEENEETards,1tauuc6,2026-05,olbyvui,_Kissess,True,7.0,False,,False,18,1778573033,0,66.9,2659.0,6840.0,True
JEENEETards,1tauuc6,2026-05,olc0oiv,DracoPlayer69,True,8.0,False,,False,17,1778574003,0,492.7,3.0,395.0,True
JEENEETards,1tauuc6,2026-05,olbzsct,Logical_Loss_5564,True,9.0,False,,False,17,1778573522,0,160.1,1.0,630.0,True
JEENEETards,1tauuc6,2026-05,olbzlu4,OriginalLeoDas,True,10.0,False,,False,13,1778573425,0,270.9,7463.0,35615.0,True
JEENEETards,1tauuc6,2026-05,olbyp30,luffypapa,False,,True,4.0,False,2,1778572931,0,38.8,2.0,432.0,True
JEENEETards,1tb8y4f,2026-05,olf1jf6,RoyalKlutzy430,True,1.0,True,3.0,False,791,1778609603,0,879.9,12600.0,4157.0,True
JEENEETards,1tb8y4f,2026-05,oleyeu3,TrickElectronic413,True,2.0,True,1.0,False,237,1778608772,0,1118.2,6482.0,38048.0,True
JEENEETards,1tb8y4f,2026-05,olf11gc,khizubaba,True,3.0,True,2.0,False,133,1778609470,0,597.9,3289.0,4503.0,True
JEENEETards,1tb8y4f,2026-05,olf8kmn,Lonely_Scene1102,True,4.0,False,,False,53,1778611538,0,508.7,126.0,410.0,True
JEENEETards,1tb8y4f,2026-05,olfh7rm,ThisEntrepreneur6986,True,5.0,False,,False,33,1778613876,0,179.0,83.0,658.0,True
JEENEETards,1tb8y4f,2026-05,olf8en3,Budget-Archer1411,True,6.0,True,5.0,False,31,1778611493,0,245.5,1.0,76.0,True
JEENEETards,1tb8y4f,2026-05,oli2ch0,InternationalFeed503,True,7.0,False,,False,19,1778643506,0,1863.9,337.0,472.0,True
JEENEETards,1tb8y4f,2026-05,olfa84r,The7thMaverick_,True,8.0,False,,False,15,1778611980,0,355.9,1.0,282.0,True
JEENEETards,1tb8y4f,2026-05,oli8dmg,Cautious_Athlete_788,True,9.0,False,,False,13,1778645989,0,472.5,1.0,11.0,True
JEENEETards,1tb8y4f,2026-05,olfpq2u,AdiKadiAdi,True,10.0,False,,False,11,1778616183,0,38.2,1.0,5155.0,True
JEENEETards,1tb8y4f,2026-05,olf69jx,jeesucks2026,False,,True,4.0,False,7,1778610915,0,190.8,1034.0,754.0,True
JEENEETards,1t7yk36,2026-05,oksd1y8,Old_Telephone_9290,True,1.0,True,2.0,False,491,1778313741,0,129.9,686.0,1798.0,True
JEENEETards,1t7yk36,2026-05,oksd28f,FocusedAG,True,2.0,True,3.0,False,93,1778313745,0,528.2,720.0,30608.0,True
JEENEETards,1t7yk36,2026-05,oksf7da,Much-Ad1106,True,3.0,False,,False,67,1778314966,0,1510.2,1958.0,2506.0,True
JEENEETards,1t7yk36,2026-05,oksd998,t8rixxd,True,4.0,True,4.0,False,62,1778313855,0,726.8,2586.0,6894.0,True
JEENEETards,1t7yk36,2026-05,okscxio,Least_Narwhal_9711,True,5.0,True,1.0,False,18,1778313673,0,97.8,373.0,293.0,True
JEENEETards,1t7yk36,2026-05,okse85s,KALIA_KEEDAinshortKK,True,6.0,False,,False,16,1778314398,0,715.1,5282.0,35212.0,True
JEENEETards,1t7yk36,2026-05,oksf34l,Difficult-Field1223,True,8.0,False,,False,7,1778314895,0,277.1,1.0,270.0,True
JEENEETards,1t7yk36,2026-05,oksgcj0,samosafeeling,True,7.0,False,,False,8,1778315642,0,142.6,21320.0,15790.0,True
JEENEETards,1t7yk36,2026-05,oksgtkm,Icy-Dig6228,True,9.0,False,,False,6,1778315912,0,1991.9,503.0,1823.0,True
JEENEETards,1t7yk36,2026-05,okser5f,NoTimeToKink,True,10.0,False,,False,6,1778314700,0,1525.3,31085.0,34420.0,True
JEENEETards,1t7yk36,2026-05,oksdkc1,MelodicStrength6767,False,,True,5.0,False,4,1778314028,0,164.6,15267.0,4152.0,False
JEENEETards,1tsn85p,2026-05,oowbjbl,BornAwareness7088,True,1.0,True,2.0,False,349,1780208479,0,397.1,790.0,15042.0,True
JEENEETards,1tsn85p,2026-05,oowbr5h,Resident-Primary-907,True,2.0,True,3.0,False,310,1780208589,0,172.9,22.0,709.0,True
JEENEETards,1tsn85p,2026-05,oowcbxu,exciting_one2005,True,3.0,True,5.0,False,264,1780208885,0,77.8,1170.0,39957.0,True
JEENEETards,1tsn85p,2026-05,oowbxus,Guilty-Selection-795,True,4.0,True,4.0,False,62,1780208684,0,260.6,1290.0,2846.0,True
JEENEETards,1tsn85p,2026-05,oowbh8n,Worldly-Composer-,True,5.0,True,1.0,False,40,1780208451,0,,,,
JEENEETards,1tsn85p,2026-05,oowdpu1,Straight_Airline_640,True,6.0,False,,False,26,1780209610,0,472.2,56.0,857.0,True
JEENEETards,1tsn85p,2026-05,oowi82u,Pristine-Note1151,True,7.0,False,,False,14,1780211906,0,368.1,74.0,165.0,True
JEENEETards,1tsn85p,2026-05,oowcq24,Gyamerz,True,9.0,False,,False,11,1780209089,0,10.6,21.0,457.0,True
JEENEETards,1tsn85p,2026-05,oowdy30,Extra_Chicken_5612,True,8.0,False,,False,12,1780209727,0,1704.3,871.0,1090.0,True
JEENEETards,1tsn85p,2026-05,oowckvg,Dismal_Positive3558,True,10.0,False,,False,10,1780209014,0,89.2,154009.0,4048.0,True
ISRO,1tm8x8x,2026-05,onl1gsq,gaganaut06,True,1.0,True,2.0,False,23,1779621118,0,2914.1,2166.0,1270.0,True
ISRO,1tm8x8x,2026-05,onkz3fq,Ohsin,True,2.0,True,1.0,True,11,1779620003,0,6317.2,136552.0,54412.0,True
ISRO,1tm8x8x,2026-05,onllk2t,Charming-Hall-9194,True,3.0,True,3.0,False,6,1779629030,0,289.2,13.0,841.0,True
ISRO,1tm8x8x,2026-05,onls0k0,ReductionGear,True,4.0,True,4.0,False,5,1779631164,0,2504.8,183.0,9141.0,True
ISRO,1t3etid,2026-05,ojup0gw,Ok_Platypus_7858,True,1.0,True,2.0,False,19,1777896726,0,972.7,20.0,2291.0,True
ISRO,1t3etid,2026-05,ojutnhw,handmegun,True,2.0,True,3.0,False,14,1777898380,0,2725.8,22908.0,17044.0,True
ISRO,1t3etid,2026-05,ojv7kkw,freshfish214,True,3.0,True,4.0,False,13,1777902796,0,2104.7,26.0,370.0,True
ISRO,1t3etid,2026-05,ojxqcf0,desi-24,True,4.0,False,,False,11,1777927490,0,689.3,16.0,60.0,True
ISRO,1t3etid,2026-05,ok0kof1,Trivikrama_0,True,5.0,False,,False,10,1777965017,0,584.1,382.0,1459.0,True
ISRO,1t3etid,2026-05,ok0s22o,land_of_kings,True,7.0,False,,False,5,1777969138,0,1954.4,249.0,1586.0,True
ISRO,1t3etid,2026-05,ok7f5zz,spinningweb,True,6.0,False,,False,6,1778050259,0,3878.9,3532.0,35203.0,False
ISRO,1t3etid,2026-05,ojv85r2,gaganaut06,True,9.0,True,5.0,False,4,1777902971,0,2914.1,2166.0,1270.0,True
ISRO,1t3etid,2026-05,ok0cuds,Ramanean3,True,8.0,False,,False,5,1777960889,0,2411.6,1361.0,599.0,True
ISRO,1t3etid,2026-05,ojuodzq,pranshumaan,True,10.0,True,1.0,False,4,1777896500,0,4717.8,524.0,460.0,True
ISRO,1tl4xbu,2026-05,ondj7z7,thor_rsk,True,1.0,True,1.0,False,5,1779511502,0,1904.7,1.0,46.0,True
ISRO,1tl4xbu,2026-05,opwtn7f,Massive_Dish_3255,True,2.0,True,2.0,False,1,1780670150,0,1975.3,115.0,682.0,True
ISRO,1thcsop,2026-05,ommks0q,artishzone,True,1.0,True,1.0,False,5,1779173738,0,1237.3,31.0,175.0,True
ISRO,1ta17x1,2026-05,ol76iuk,HardMarginSVM,True,1.0,True,1.0,False,10,1778514571,0,390.2,5378.0,13198.0,True
ISRO,1t649gf,2026-05,omg60u5,Ohsin,True,9.0,False,,True,1,1779093237,0,6317.2,136552.0,54412.0,True
ISRO,1t649gf,2026-05,oker2zy,Ohsin,True,1.0,True,1.0,True,7,1778142225,0,6317.2,136552.0,54412.0,True
ISRO,1t649gf,2026-05,okfwrdw,VarunOnt,True,2.0,True,3.0,False,5,1778159660,0,1539.3,24.0,94.0,True
ISRO,1t649gf,2026-05,okum96m,Alert-Dependent5393,True,3.0,False,,False,3,1778345645,0,1844.1,1.0,9.0,True
ISRO,1t649gf,2026-05,olbt5z2,Ohsin,True,4.0,False,,True,3,1778569951,0,6317.2,136552.0,54412.0,True
ISRO,1t649gf,2026-05,okfn1p7,Humbash,True,5.0,True,2.0,False,2,1778156549,0,,,,
ISRO,1t649gf,2026-05,okmi9qx,Pallab_1805,True,6.0,True,5.0,False,2,1778242421,0,337.1,783.0,119.0,True
ISRO,1t649gf,2026-05,oktfkc8,Decronym,True,7.0,False,,False,2,1778332208,0,3901.8,1.0,138989.0,False
ISRO,1t649gf,2026-05,olptz71,Ohsin,True,8.0,False,,True,2,1778742415,0,6317.2,136552.0,54412.0,True
ISRO,1t649gf,2026-05,okmfjbw,Friendly_Beach1271,True,10.0,True,4.0,False,1,1778241477,0,120.7,21.0,48.0,True
ISRO,1tkjui4,2026-05,onftpk4,MysticGohanKun,True,1.0,True,2.0,False,5,1779548453,0,3058.9,178.0,5771.0,True
ISRO,1tkjui4,2026-05,onst5k3,Murky_Sun1300,True,2.0,True,4.0,True,4,1779722130,0,808.0,121.0,4.0,True
ISRO,1tkjui4,2026-05,ond3syd,Flashygranade100,True,3.0,True,1.0,False,2,1779504916,0,129.1,1.0,0.0,True
ISRO,1tkjui4,2026-05,onlf259,zephyr0110,True,4.0,True,3.0,False,1,1779626743,0,1159.1,1.0,52.0,True
ISRO,1tkjui4,2026-05,ontar4i,a_r_ic,True,5.0,True,5.0,False,1,1779727122,0,1545.8,95.0,1416.0,True
ISRO,1tcqnso,2026-05,olq4d0q,shank711,True,1.0,True,2.0,False,6,1778747955,0,2460.1,333.0,74.0,True
ISRO,1tcqnso,2026-05,olpve92,Ohsin,True,2.0,True,1.0,True,4,1778743144,0,6317.2,136552.0,54412.0,True
ISRO,1tcqnso,2026-05,omiy0iv,MrJackOfAll,True,3.0,True,3.0,False,1,1779127877,0,1744.2,95.0,881.0,True
ISRO,1tcqnso,2026-05,omjxley,Decronym,True,4.0,True,4.0,False,1,1779138308,0,3901.8,1.0,138989.0,False
UPSC,1tn2om6,2026-05,onr4l55,OrganizationIll3616,True,1.0,True,1.0,False,224,1779698963,0,270.9,31.0,234.0,True
UPSC,1tn2om6,2026-05,onr7f4n,Honest-Bad-1557,True,2.0,False,,False,200,1779700468,0,711.0,19.0,307.0,True
UPSC,1tn2om6,2026-05,onr5jgx,ReferenceExact5261,True,3.0,True,5.0,False,121,1779699466,0,115.0,4931.0,26109.0,True
UPSC,1tn2om6,2026-05,onrni2u,Cool_Aj_2428,True,4.0,False,,False,101,1779708316,0,808.5,398.0,2582.0,True
UPSC,1tn2om6,2026-05,onrfx42,KokuyoCamlin,True,5.0,False,,False,77,1779704851,0,1989.2,12909.0,7139.0,True
UPSC,1tn2om6,2026-05,onr8ajf,curioushuman04,True,6.0,False,,False,44,1779700940,0,2449.8,755.0,2549.0,True
UPSC,1tn2om6,2026-05,onrud63,Holiday-Ice3914,True,7.0,False,,False,38,1779711081,0,1610.3,1.0,322.0,True
UPSC,1tn2om6,2026-05,onr7ejh,Mushi_Mushi1,True,8.0,False,,False,27,1779700459,0,942.8,2372.0,4203.0,False
UPSC,1tn2om6,2026-05,onrew1q,Jazzlike_Plate6441,True,9.0,False,,False,15,1779704345,0,1912.0,1148.0,5202.0,True
UPSC,1tn2om6,2026-05,onr4l4t,ek-goli-ek-dushman,True,10.0,True,2.0,False,12,1779698963,0,787.8,472.0,1927.0,True
UPSC,1tn2om6,2026-05,onr5f4b,Sufficient-Wolf661,False,,True,4.0,False,6,1779699403,0,538.2,13.0,31.0,False
UPSC,1tn2om6,2026-05,onr5cdj,SignificantLook2297,False,,True,3.0,False,5,1779699363,0,100.0,9613.0,894.0,True
UPSC,1tbt2bl,2026-05,olj0orb,Professional-Oil9018,True,1.0,True,1.0,False,117,1778659691,0,914.5,2258.0,1796.0,True
UPSC,1tbt2bl,2026-05,olj5axt,Aarti22,True,2.0,False,,False,48,1778662151,0,2114.5,10.0,3255.0,True
UPSC,1tbt2bl,2026-05,olj0q92,Ok-Year1736,True,3.0,True,2.0,False,16,1778659714,0,173.5,1.0,33.0,False
UPSC,1tbt2bl,2026-05,olj0u8x,Interesting-Web6755,True,4.0,True,3.0,False,12,1778659772,0,327.6,824.0,2729.0,True
UPSC,1tbt2bl,2026-05,olj3zd1,Scared-Claim7213,True,5.0,True,4.0,False,10,1778661454,0,195.8,2.0,274.0,True
UPSC,1tbt2bl,2026-05,olj527d,_xD_7,True,6.0,True,5.0,False,10,1778662025,0,1939.6,440.0,857.0,True
UPSC,1tbt2bl,2026-05,olm3vry,moving_chaos,True,7.0,False,,False,2,1778696258,0,138.6,1.0,38.0,True
UPSC,1tbt2bl,2026-05,olmjml0,lonesome_george2K,True,8.0,False,,False,2,1778700487,0,801.0,643.0,6715.0,True
UPSC,1tbt2bl,2026-05,oljonth,Own_Sense_7392,True,9.0,False,,False,1,1778671209,0,1459.2,52.0,8.0,True
UPSC,1tbt2bl,2026-05,olk8n86,RevolutionSmall9860,True,10.0,False,,False,1,1778678052,0,375.8,741.0,2422.0,True
UPSC,1tgby0f,2026-05,omggtkw,MasterpieceAsleep712,True,1.0,True,2.0,False,33,1779099099,0,1363.8,1229.0,5734.0,True
UPSC,1tgby0f,2026-05,omgfo8q,dune_know,True,2.0,True,1.0,False,22,1779098520,0,515.8,9586.0,26713.0,True
UPSC,1tgby0f,2026-05,omgnbl8,ChaoticMiky,True,3.0,True,3.0,False,12,1779102151,0,1443.2,1082.0,11992.0,True
UPSC,1tgby0f,2026-05,omhgs3h,bbrroowwnnn,True,4.0,True,5.0,False,10,1779112614,0,634.1,169.0,253.0,False
UPSC,1tgby0f,2026-05,omittcv,OldTea7032,True,5.0,False,,False,7,1779126326,0,1918.7,19.0,523.0,True
UPSC,1tgby0f,2026-05,omj3q4n,Fearless-Push1667,True,6.0,False,,False,5,1779129685,0,1666.4,31.0,237.0,True
UPSC,1tgby0f,2026-05,omhtzth,Sargey0098,True,7.0,False,,False,2,1779116384,0,3097.2,4.0,8.0,True
UPSC,1tgby0f,2026-05,omjj9bn,Usmaankhalid,True,8.0,False,,False,2,1779134344,0,333.0,1.0,2921.0,True
UPSC,1tgby0f,2026-05,onxcl2e,After_Sir4786,True,9.0,False,,False,1,1779777063,0,1295.8,9.0,6.0,True
UPSC,1tgby0f,2026-05,omgx63c,OnionNo7610,True,10.0,True,4.0,False,-6,1779106129,0,556.6,464.0,2314.0,True
UPSC,1tje3yq,2026-05,on0rf2f,ConstructionAny8440,False,,True,2.0,True,1,1779352619,0,1725.9,1171060.0,83036.0,True
UPSC,1tje3yq,2026-05,on0qufv,Interesting-Web6755,True,1.0,True,1.0,False,107,1779352302,0,327.6,824.0,2729.0,True
UPSC,1tje3yq,2026-05,on0u7vv,chaddibuddy98,True,2.0,False,,False,93,1779354140,0,2070.7,4331.0,4430.0,True
UPSC,1tje3yq,2026-05,on0sq5i,Meow_N_Phew,True,3.0,False,,False,56,1779353329,0,1690.2,2661.0,1450.0,True
UPSC,1tje3yq,2026-05,on0s3w7,FastRefrigerator5633,True,4.0,True,3.0,False,32,1779352995,0,1788.1,1082.0,884.0,True
UPSC,1tje3yq,2026-05,on0so7p,Sufficient_Gold_5231,True,5.0,True,4.0,False,21,1779353301,0,752.1,141.0,102.0,True
UPSC,1tje3yq,2026-05,on0spsm,Vmack2004,True,6.0,True,5.0,False,20,1779353324,0,823.3,387.0,1089.0,True
UPSC,1tje3yq,2026-05,on25udd,Fabulous_Copy6690,True,7.0,False,,False,12,1779372293,0,1789.3,451.0,545.0,True
UPSC,1tje3yq,2026-05,on1u1py,Ok-Horror247,True,9.0,False,,False,10,1779368777,0,1318.5,46.0,42.0,True
UPSC,1tje3yq,2026-05,on0w1o8,ParamedicLucky4527,True,8.0,False,,False,11,1779355123,0,2005.2,171.0,414.0,True
UPSC,1tje3yq,2026-05,on0w2rq,Specific-Payment-543,True,10.0,False,,False,10,1779355140,0,65.8,33.0,817.0,True
UPSC,1t70euh,2026-05,oklebff,New_Geologist6527,True,1.0,True,1.0,False,347,1778224142,0,409.5,157.0,673.0,True
UPSC,1t70euh,2026-05,oklf2nl,Xcaliber308,True,2.0,True,4.0,False,60,1778224513,0,2100.8,244.0,1840.0,True
UPSC,1t70euh,2026-05,oklf0ad,BeyondOutrageous7223,True,3.0,True,2.0,False,24,1778224481,0,897.2,3.0,407.0,True
UPSC,1t70euh,2026-05,oklhg0s,Forward-Ebb-3765,True,4.0,False,,False,7,1778225706,0,86.1,53.0,429.0,True
UPSC,1t70euh,2026-05,oklj22u,fictionalized_freak,True,5.0,False,,False,7,1778226535,0,1365.7,1106.0,1709.0,True
UPSC,1t70euh,2026-05,oklf0i0,Potato_is_Aloo,True,6.0,True,3.0,False,5,1778224484,0,2886.2,3617.0,3639.0,True
UPSC,1t70euh,2026-05,oklfq6f,Federal_Leg5278,True,7.0,True,5.0,False,4,1778224835,0,1848.8,27652.0,17179.0,True
UPSC,1t70euh,2026-05,oklip2q,After-Toe-3147,True,8.0,False,,False,3,1778226346,0,532.8,108.0,83.0,True
UPSC,1t70euh,2026-05,okmrnwm,Ok-Introduction-5770,True,9.0,False,,False,2,1778245436,0,946.8,1770.0,534.0,True
UPSC,1t70euh,2026-05,okoz3h9,No-Vermicelli7442,True,10.0,False,,False,2,1778267122,0,855.7,158.0,292.0,True
UPSC,1tba6zs,2026-05,olf9rbc,KisBaatNeRoneNaDiya,True,1.0,True,5.0,False,96,1778611856,0,156.2,1581.0,5602.0,True
UPSC,1tba6zs,2026-05,olf6dx2,Fantastic-Spell6650,True,2.0,True,1.0,False,34,1778610949,0,1757.9,12.0,280.0,True
UPSC,1tba6zs,2026-05,olf9kln,Tricky-Tradition-975,True,3.0,True,4.0,False,16,1778611805,0,419.1,1612.0,509.0,True
UPSC,1tba6zs,2026-05,olfcby1,North_Mention1444,True,4.0,False,,False,11,1778612548,0,529.2,1.0,375.0,True
UPSC,1tba6zs,2026-05,olf9z7i,Tasty_Air_4383,True,5.0,False,,False,9,1778611914,0,1126.8,4.0,26.0,True
UPSC,1tba6zs,2026-05,olfm1ly,Any-Job-3185,True,6.0,False,,False,9,1778615193,0,482.0,1183.0,1289.0,True
UPSC,1tba6zs,2026-05,olfpdai,Less_Window2319,True,7.0,False,,False,5,1778616086,0,100.0,41.0,84.0,False
UPSC,1tba6zs,2026-05,olf7l31,Main-Replacement-695,True,8.0,True,2.0,False,5,1778611274,0,690.8,14.0,199.0,True
UPSC,1tba6zs,2026-05,olf8dml,Frosty_Operation_856,True,9.0,True,3.0,False,5,1778611485,0,1140.1,2235.0,3945.0,False
UPSC,1tba6zs,2026-05,olfitux,psychedmeow,True,10.0,False,,False,3,1778614317,0,78.0,41.0,407.0,True
UPSC,1te57g6,2026-05,olzz800,Both-Writer-7023,True,1.0,True,1.0,False,72,1778870813,0,458.2,116.0,2548.0,True
UPSC,1te57g6,2026-05,om0rmid,Alarming-Error4946,True,2.0,True,5.0,False,55,1778879132,0,470.2,20055.0,12303.0,True
UPSC,1te57g6,2026-05,om04hgz,Opening-Mountain-317,True,3.0,True,3.0,False,5,1778872341,0,862.9,697.0,542.0,True
UPSC,1te57g6,2026-05,om2os4z,halahulu,True,4.0,False,,False,1,1778904535,0,695.6,123.0,262.0,True
UPSC,1te57g6,2026-05,on70p6p,True-Stage-8766,True,5.0,False,,False,1,1779428352,0,37.2,4.0,7.0,True
UPSC,1te57g6,2026-05,om083kh,sidb1989,True,6.0,True,4.0,False,-12,1778873403,0,2178.7,19.0,2946.0,True
UPSC,1te57g6,2026-05,olzzv68,CityDazzling1937,True,7.0,True,2.0,False,-27,1778871000,0,617.1,239.0,463.0,True
UPSC,1tp32j7,2026-05,oo5kyer,HurryLife,True,1.0,True,4.0,False,188,1779882583,0,2048.9,19.0,13801.0,True
UPSC,1tp32j7,2026-05,oo5ktsb,Gus_Gorman07,True,2.0,True,1.0,False,88,1779882536,0,967.1,50.0,736.0,True
UPSC,1tp32j7,2026-05,oo5kue2,AppropriateFood9277,True,3.0,True,3.0,False,43,1779882542,0,116.6,245.0,1378.0,False
UPSC,1tp32j7,2026-05,oo5lvke,Hour-Neighborhood-43,True,5.0,False,,False,31,1779882901,0,1944.9,169.0,114.0,True
UPSC,1tp32j7,2026-05,oo5mqmv,GokuPiccoloGohan,True,4.0,False,,False,32,1779883197,0,2368.9,1.0,4087.0,True
UPSC,1tp32j7,2026-05,oo5oyxw,Rainy_Weather_529,True,6.0,False,,False,20,1779883945,0,256.9,207.0,579.0,True
UPSC,1tp32j7,2026-05,oo5ktwg,_dooms_day__,True,8.0,True,2.0,False,12,1779882537,0,362.9,142.0,527.0,True
UPSC,1tp32j7,2026-05,oo5xsx4,Fluffy-Magazine-2309,True,7.0,False,,False,13,1779886739,0,411.1,44.0,90.0,True
UPSC,1tp32j7,2026-05,oo5lhnr,Badi-Bahu11,True,9.0,True,5.0,False,7,1779882767,0,563.2,801.0,1271.0,True
UPSC,1tp32j7,2026-05,oo64f0p,Prestigious-Cash9965,True,10.0,False,,True,7,1779888691,0,694.2,265.0,85.0,True
UPSC,1tau3e6,2026-05,olby9d7,Chota_don007,True,1.0,True,5.0,False,79,1778572696,0,104.9,721.0,249.0,True
UPSC,1tau3e6,2026-05,olbw3nd,Kuch-to-log-bolenge,True,2.0,True,3.0,False,78,1778571515,0,41.2,5039.0,2275.0,True
UPSC,1tau3e6,2026-05,olbui7o,Nearby-Tonight-6227,True,3.0,True,1.0,False,59,1778570649,0,103.9,2.0,231.0,False
UPSC,1tau3e6,2026-05,olbyl4k,AcrobaticQuiet0,True,4.0,False,,False,24,1778572873,0,2198.3,307.0,530.0,True
UPSC,1tau3e6,2026-05,olbvh6v,dune_know,True,5.0,True,2.0,False,14,1778571171,0,515.8,9586.0,26713.0,True
UPSC,1tau3e6,2026-05,olc02q5,ECHO_ANON9,True,6.0,False,,False,11,1778573676,0,450.8,693.0,1325.0,True
UPSC,1tau3e6,2026-05,olc9bjt,Dangerous-Debt-0927,True,7.0,False,,False,10,1778578640,0,235.4,62.0,441.0,True
UPSC,1tau3e6,2026-05,olbzcxk,ActionImpressive7122,True,8.0,False,,False,10,1778573292,0,292.1,101.0,470.0,True
UPSC,1tau3e6,2026-05,olcb1zc,Strikhedonia_1697,True,9.0,False,,False,7,1778579510,0,1145.4,10861.0,30404.0,True
UPSC,1tau3e6,2026-05,olcitw4,Key-Scallion-9305,True,10.0,False,,False,7,1778583086,0,820.8,104.0,806.0,True
UPSC,1tau3e6,2026-05,olbwwpw,Old_Scientist183,False,,True,4.0,False,5,1778571961,0,767.7,42.0,100.0,True
UPSC,1tb8xq3,2026-05,olev6gq,KisBaatNeRoneNaDiya,True,1.0,True,1.0,False,76,1778607933,0,156.2,1581.0,5602.0,True
UPSC,1tb8xq3,2026-05,olf5eto,IodineLuvUranium,True,2.0,True,2.0,False,11,1778610672,0,1683.6,199.0,547.0,True
UPSC,1tb8xq3,2026-05,olfuy2u,1ckaaa,True,3.0,False,,False,9,1778617604,0,506.9,1192.0,11531.0,True
UPSC,1tb8xq3,2026-05,olfd5ox,KitchenAway6498,True,4.0,False,,False,8,1778612771,0,719.9,4.0,352.0,True
UPSC,1tb8xq3,2026-05,olfe4qc,eternitypersonified,True,5.0,False,,False,6,1778613036,0,1266.3,180.0,37.0,True
UPSC,1tb8xq3,2026-05,olf63pu,Ancient-Cup-7225,True,6.0,True,3.0,False,4,1778610870,0,856.9,26.0,1458.0,True
UPSC,1tb8xq3,2026-05,olf8xw0,One_Put8497,True,7.0,True,4.0,False,2,1778611637,0,1292.8,270.0,335.0,True
UPSC,1tb8xq3,2026-05,olf90eq,ughwhymelord,True,8.0,True,5.0,False,2,1778611655,0,1986.0,28.0,2391.0,True
UPSC,1tb8xq3,2026-05,olg0v93,mitchellwolverine,True,9.0,False,,False,2,1778619220,0,494.1,555.0,589.0,True
UPSC,1tb8xq3,2026-05,olfqt1k,RevolutionSmall9860,True,10.0,False,,False,1,1778616478,0,375.8,741.0,2422.0,True
StartUpIndia,1t9pm70,2026-05,ol3uwq4,winningtherace,True,1.0,True,1.0,False,92,1778466035,0,33.3,87.0,120.0,True
StartUpIndia,1t9pm70,2026-05,ol3y77i,dankumemer,True,2.0,True,3.0,False,84,1778467269,0,,,,
StartUpIndia,1t9pm70,2026-05,ol3xrp2,SupremeLordAlmighty,True,3.0,True,2.0,False,11,1778467102,0,2178.0,1230.0,104.0,True
StartUpIndia,1t9pm70,2026-05,ol4g67n,antinutrinoreactor,True,4.0,False,,False,4,1778475029,0,2171.1,25192.0,8775.0,True
StartUpIndia,1t9pm70,2026-05,ol47ntl,omkarzyt,True,5.0,True,4.0,False,2,1778471188,0,3066.6,1.0,850.0,True
StartUpIndia,1t9pm70,2026-05,ol4b4v7,xenevaguy,True,6.0,True,5.0,False,2,1778472710,0,28.2,8.0,20.0,True
StartUpIndia,1t9pm70,2026-05,ol4t8tt,ThunDroid1,True,7.0,False,,False,2,1778481576,0,1984.3,153.0,109.0,True
StartUpIndia,1t9pm70,2026-05,ole0rnp,Glittering-Egg-9345,True,8.0,False,,False,2,1778599937,0,772.7,25.0,-2.0,True
StartUpIndia,1t9pm70,2026-05,ol4dgz7,Embarrassed_Look9200,True,9.0,False,,False,1,1778473768,0,425.0,19946.0,95234.0,True
StartUpIndia,1t9pm70,2026-05,ol4vrkh,Acceptable_Squash430,True,10.0,False,,False,1,1778482885,0,694.3,2.0,35.0,True
StartUpIndia,1tasjyp,2026-05,olblufc,No_Run8812,True,1.0,True,4.0,False,136,1778566271,0,1840.3,61.0,238.0,True
StartUpIndia,1tasjyp,2026-05,olblclu,onlyneedthat,True,2.0,True,3.0,False,33,1778566029,0,806.2,4102.0,28363.0,True
StartUpIndia,1tasjyp,2026-05,olc04hw,_Magn3t0,True,3.0,False,,False,26,1778573702,0,3053.0,679.0,12624.0,True
StartUpIndia,1tasjyp,2026-05,olbl7b0,movingphoton,True,4.0,True,2.0,False,22,1778565957,0,2638.8,503.0,8205.0,False
StartUpIndia,1tasjyp,2026-05,olc0twp,Miningforbeer,True,5.0,False,,False,11,1778574086,0,3240.1,5552.0,17491.0,True
StartUpIndia,1tasjyp,2026-05,olbtzlq,lonely_lost_soul_17,True,6.0,False,,False,9,1778570379,0,461.3,375.0,562.0,True
StartUpIndia,1tasjyp,2026-05,olc98dk,Spirited_Ad_1032,True,7.0,False,,False,8,1778578594,0,1946.1,495.0,16756.0,True
StartUpIndia,1tasjyp,2026-05,olbl0fb,xenevaguy,True,8.0,True,1.0,False,4,1778565861,0,28.2,8.0,20.0,True
StartUpIndia,1tasjyp,2026-05,olbmxjt,Healthy-Inspection20,False,,True,5.0,False,2,1778566805,0,1151.2,3491.0,7280.0,True
StartUpIndia,1tasjyp,2026-05,oldao5n,Gaurav-Prasad,True,9.0,False,,False,4,1778592731,0,297.2,1.0,5.0,True
StartUpIndia,1tasjyp,2026-05,olbq8fa,Scary-Rent-4274,True,10.0,False,,False,3,1778568461,0,1228.0,1.0,6.0,True
StartUpIndia,1tixid8,2026-05,omxl3u9,nope-js,True,1.0,True,1.0,False,59,1779308876,0,328.0,425.0,1132.0,True
StartUpIndia,1tixid8,2026-05,omyq3be,mannoshot,True,2.0,True,4.0,False,23,1779322391,0,923.1,12381.0,10229.0,True
StartUpIndia,1tixid8,2026-05,omxlgx4,Busy_Bullfrog_1061,True,3.0,True,2.0,False,16,1779308978,0,2054.0,15.0,468.0,True
StartUpIndia,1tixid8,2026-05,omxmaza,mechatronnnn,True,4.0,True,3.0,False,16,1779309222,0,1345.2,46.0,1126.0,True
StartUpIndia,1tixid8,2026-05,on0mwzt,kaminapunn,True,5.0,False,,False,12,1779350175,0,2283.1,2804.0,3302.0,True
StartUpIndia,1tixid8,2026-05,on2tpgk,junkking69,True,6.0,False,,False,10,1779378782,0,2123.8,70.0,1410.0,True
StartUpIndia,1tixid8,2026-05,omzz6oq,mrsskonline,True,7.0,True,5.0,False,7,1779338494,0,669.1,2314.0,1388.0,True
StartUpIndia,1tixid8,2026-05,on0yhy1,cant_figure_it,True,8.0,False,,False,7,1779356410,0,796.5,357.0,242.0,True
StartUpIndia,1tixid8,2026-05,on02hu6,Shaury1,True,9.0,False,,False,5,1779339975,0,445.5,43.0,1018.0,True
StartUpIndia,1tixid8,2026-05,on0z6ku,Important_Buy626,True,10.0,False,,False,5,1779356761,0,318.3,497.0,51.0,True
StartUpIndia,1t6990r,2026-05,okfr31x,ThisSwimmerisanerd,True,1.0,True,2.0,False,150,1778157886,0,169.7,3.0,333.0,False
StartUpIndia,1t6990r,2026-05,okfs0b9,SaZ2024,True,2.0,True,3.0,False,69,1778158183,0,,,,
StartUpIndia,1t6990r,2026-05,okfstjx,sdjnd,True,3.0,True,4.0,False,29,1778158441,0,2254.0,121.0,6124.0,True
StartUpIndia,1t6990r,2026-05,okfqdql,Exporinglife2050,True,4.0,True,1.0,False,16,1778157658,0,200.3,40288.0,4690.0,True
StartUpIndia,1t6990r,2026-05,oki1nzk,Logical_Ad497,True,5.0,True,5.0,False,8,1778180463,0,1176.3,1.0,5.0,True
StartUpIndia,1t6990r,2026-05,okkevtp,gajju99,True,6.0,False,,False,4,1778208172,0,2125.8,1356.0,127.0,True
StartUpIndia,1t6990r,2026-05,okk8zjt,TaxMeDaddy_,True,7.0,False,,False,3,1778205989,0,525.8,7959.0,39247.0,True
StartUpIndia,1t6990r,2026-05,okyr2a1,Careful_Alfalfa_5882,True,8.0,False,,False,2,1778403345,0,2121.0,11.0,20333.0,True
StartUpIndia,1t6990r,2026-05,okstca6,Secure-Repair4538,True,9.0,False,,False,1,1778322974,0,589.0,268.0,332.0,True
StartUpIndia,1t6990r,2026-05,oky20kr,Overall_Insurance956,True,10.0,False,,False,1,1778389833,0,1064.9,22.0,719.0,True
StartUpIndia,1tp6f9r,2026-05,oo6cjtl,Insurgent25,True,1.0,True,5.0,False,98,1779891000,0,1894.9,2762.0,4036.0,True
StartUpIndia,1tp6f9r,2026-05,oo6comy,BothAd2391,True,2.0,False,,False,68,1779891037,0,2127.9,1642.0,7382.0,True
StartUpIndia,1tp6f9r,2026-05,oo6bqat,Worldly-Battle-5559,True,3.0,True,1.0,False,63,1779890770,0,955.9,3.0,120.0,True
StartUpIndia,1tp6f9r,2026-05,oo6c9wq,suigeneris1of1,True,4.0,True,2.0,False,52,1779890924,0,83.7,654.0,387.0,True
StartUpIndia,1tp6f9r,2026-05,oo6o8vb,nihilistWithATwist,True,5.0,False,,False,27,1779894164,0,3558.6,1555.0,882.0,True
StartUpIndia,1tp6f9r,2026-05,oo6cf15,Kalp_T,True,6.0,True,3.0,False,16,1779890963,0,1951.9,11.0,881.0,True
StartUpIndia,1tp6f9r,2026-05,oo6t4kz,BackgroundPaper1905,True,7.0,False,,False,13,1779895444,0,822.0,192.0,200.0,True
StartUpIndia,1tp6f9r,2026-05,oo6gynk,Mindless-Pilot-Chef,True,8.0,False,,False,9,1779892220,0,1699.1,19126.0,78015.0,True
StartUpIndia,1tp6f9r,2026-05,oo6eap1,No-Substance901,True,9.0,False,,False,8,1779891486,0,1071.0,222.0,6379.0,True
StartUpIndia,1tp6f9r,2026-05,oo6lcig,KeyAccomplished5610,True,10.0,False,,False,6,1779893394,0,788.8,987.0,5790.0,True
StartUpIndia,1tp6f9r,2026-05,oo6cix8,Pristine_Egg_7187,False,,True,4.0,False,2,1779890993,0,485.0,55.0,9795.0,True
StartUpIndia,1ts16z9,2026-05,ooru8im,FRPG,True,1.0,True,2.0,False,38,1780153422,0,2545.7,1831.0,33896.0,True
StartUpIndia,1ts16z9,2026-05,oorpu2y,SapnoKaSenapati,True,2.0,True,1.0,False,25,1780152104,0,48.0,84.0,745.0,True
StartUpIndia,1ts16z9,2026-05,oos3hay,sarabjeet_singh,True,3.0,True,3.0,False,8,1780156178,0,3966.3,587.0,1497.0,True
StartUpIndia,1ts16z9,2026-05,oototc0,Exciting_Sea_8336,True,4.0,True,5.0,False,7,1780172840,0,1114.9,402.0,3090.0,True
StartUpIndia,1ts16z9,2026-05,ootiurf,Living-Minute4116,True,5.0,True,4.0,False,2,1780171000,0,690.7,66.0,1570.0,True
StartUpIndia,1ts16z9,2026-05,oovi80q,Fantastic_Stress501,True,6.0,False,,False,2,1780195697,0,268.9,208.0,36.0,True
StartUpIndia,1ts16z9,2026-05,oowm4q6,xXxFADIxXx,True,7.0,False,,False,2,1780213926,0,3720.1,453.0,450.0,True
StartUpIndia,1ts16z9,2026-05,ootrwme,Comfortable-Row-1822,True,8.0,False,,False,1,1780173800,0,981.0,23.0,698.0,True
StartUpIndia,1ts16z9,2026-05,ooyk0o3,ShahMeWhatYouGot,True,9.0,False,,False,1,1780241904,0,1490.2,11.0,68.0,True
StartUpIndia,1ts16z9,2026-05,op3qsek,Objective-Cow6456,True,10.0,False,,False,1,1780310654,0,5.2,1.0,0.0,True
StartUpIndia,1t8a03r,2026-05,okvez0b,solaris_rex,True,1.0,True,5.0,False,19,1778354418,0,498.8,2594.0,5340.0,True
StartUpIndia,1t8a03r,2026-05,okv891g,Professional-Sun628,True,2.0,True,2.0,False,7,1778352291,0,1240.9,208.0,68.0,True
StartUpIndia,1t8a03r,2026-05,okxqhtz,FRPG,True,3.0,False,,False,3,1778384773,0,2545.7,1831.0,33896.0,True
StartUpIndia,1t8a03r,2026-05,okxrfxy,Automatic-Storm-8396,True,4.0,False,,False,3,1778385154,0,1749.3,1.0,3.0,True
StartUpIndia,1t8a03r,2026-05,okxu1eq,Cute_Prior1287,True,5.0,False,,False,3,1778386251,0,1378.7,32296.0,30078.0,True
StartUpIndia,1t8a03r,2026-05,okyfylq,nmole_,True,6.0,False,,False,3,1778397138,0,2105.3,1174.0,459.0,True
StartUpIndia,1t8a03r,2026-05,ol08tbi,0R_C0,True,7.0,False,,False,3,1778425143,0,2336.1,990.0,29078.0,True
StartUpIndia,1t8a03r,2026-05,ol0jmqd,Vivid-Fig6382,True,8.0,False,,False,3,1778428334,0,177.0,1.0,1.0,True
StartUpIndia,1t8a03r,2026-05,ol61ol6,New_Connection_4709,True,9.0,False,,False,3,1778502613,0,96.4,71.0,576.0,True
StartUpIndia,1t8a03r,2026-05,olqdfio,sada_sexy_raho,True,10.0,False,,False,3,1778752709,0,27.7,1.0,41.0,True
StartUpIndia,1t8a03r,2026-05,okva7j1,slaviaboy,False,,True,3.0,False,2,1778352905,0,701.0,69.0,5258.0,True
StartUpIndia,1t8a03r,2026-05,okvay6u,Fun-Meeting-7646,False,,True,4.0,False,2,1778353140,0,760.5,627.0,4723.0,False
StartUpIndia,1t8a03r,2026-05,okv2dx3,Kabeerymalik,False,,True,1.0,False,-10,1778350462,0,1135.6,204.0,4011.0,False
StartUpIndia,1tj8z6s,2026-05,omzzwuk,lavangamm,True,1.0,True,2.0,False,20,1779338812,0,229.2,2565.0,9339.0,True
StartUpIndia,1tj8z6s,2026-05,on0xqri,FineSpinach7,True,2.0,False,,False,11,1779356023,0,2276.0,1.0,1234.0,False
StartUpIndia,1tj8z6s,2026-05,on0jtt9,avanishpank,True,3.0,True,5.0,False,7,1779348540,0,3573.6,73.0,4273.0,True
StartUpIndia,1tj8z6s,2026-05,on2hfwm,Novel_Apartment_9400,True,4.0,False,,False,5,1779375508,0,467.1,61.0,7585.0,True
StartUpIndia,1tj8z6s,2026-05,on0wa8v,Full-Feedback2237,True,5.0,False,,False,4,1779355252,0,,,,
StartUpIndia,1tj8z6s,2026-05,on010vb,pb7447,True,6.0,True,3.0,False,2,1779339307,0,2938.8,74.0,37.0,True
StartUpIndia,1tj8z6s,2026-05,on1lvab,DetectiveOwn6606,True,7.0,False,,False,2,1779366104,0,1446.2,1936.0,22087.0,True
StartUpIndia,1tj8z6s,2026-05,on2s71p,_Magn3t0,True,8.0,False,,False,2,1779378389,0,3053.0,679.0,12624.0,True
StartUpIndia,1tj8z6s,2026-05,omzuje4,Beginning-Ladder6224,True,9.0,True,1.0,False,1,1779336509,0,1751.8,36291.0,81109.0,True
StartUpIndia,1tj8z6s,2026-05,on0de0y,arushbartaria,True,10.0,True,4.0,False,1,1779345249,0,2270.7,44.0,116.0,True
StartUpIndia,1thndk1,2026-05,omo6kaw,priam30,True,1.0,True,3.0,False,180,1779198675,0,696.3,1.0,220.0,False
StartUpIndia,1thndk1,2026-05,omo5qt1,Altruistic_Nobody148,True,2.0,True,1.0,False,92,1779198430,0,306.5,1.0,630.0,False
StartUpIndia,1thndk1,2026-05,omo9zaz,InnovatorElevator,True,3.0,True,5.0,False,6,1779199679,0,253.0,49.0,280.0,True
StartUpIndia,1thndk1,2026-05,omodau2,TheProvost,True,4.0,False,,False,6,1779200630,0,3771.2,1.0,1127.0,True
StartUpIndia,1thndk1,2026-05,omofbpj,ovariesdonut,True,5.0,False,,False,4,1779201199,0,441.0,1553.0,531.0,True
StartUpIndia,1thndk1,2026-05,omob5ut,FinishNo5394,True,7.0,False,,False,2,1779200018,0,831.3,18.0,211.0,True
StartUpIndia,1thndk1,2026-05,omoyh69,Existing_Suit_2760,True,6.0,False,,False,3,1779206404,0,147.0,363.0,195.0,True
StartUpIndia,1thndk1,2026-05,omoi6mf,shakal201,True,8.0,False,,False,2,1779201994,0,200.8,94.0,6205.0,True
StartUpIndia,1thndk1,2026-05,omoq71e,shenoyroopesh,True,9.0,False,,False,2,1779204199,0,5305.2,744.0,427.0,True
StartUpIndia,1thndk1,2026-05,omp0g1r,MeTejaHu,True,10.0,False,,False,2,1779206947,0,1357.2,7665.0,59811.0,True
StartUpIndia,1thndk1,2026-05,omo5qs7,mothersuperiormedia,False,,True,2.0,False,1,1779198430,0,360.1,43285.0,728.0,True
StartUpIndia,1thndk1,2026-05,omo969c,Wise-Product-9000,False,,True,4.0,False,1,1779199443,0,280.5,5.0,742.0,True
StartUpIndia,1toip7t,2026-05,oo1i76s,impossible_espresso,True,1.0,True,1.0,False,35,1779827410,0,1245.0,6103.0,30335.0,True
StartUpIndia,1toip7t,2026-05,oo2ri08,gnittidder,True,2.0,True,4.0,False,12,1779841185,0,4292.8,731.0,5431.0,True
StartUpIndia,1toip7t,2026-05,oo1x7cw,romka79,True,3.0,True,2.0,False,10,1779831590,0,1955.1,59838.0,31138.0,True
StartUpIndia,1toip7t,2026-05,oo2kl0r,meetshah_design,True,4.0,True,3.0,False,7,1779838928,0,2446.0,319.0,292.0,True
StartUpIndia,1toip7t,2026-05,oo5adff,Longjumping-Load2075,True,5.0,False,,False,3,1779878520,0,787.4,107.0,70.0,False
StartUpIndia,1toip7t,2026-05,oo36v1j,FineSpinach7,True,6.0,True,5.0,False,2,1779846167,0,2276.0,1.0,1234.0,False
StartUpIndia,1toip7t,2026-05,oo3oqsv,Spirited_Ad_1032,True,7.0,False,,False,2,1779852101,0,1946.1,495.0,16756.0,True
StartUpIndia,1toip7t,2026-05,oo4502d,Dhruvi-60,True,8.0,False,,False,2,1779858509,0,530.8,5573.0,6594.0,True
StartUpIndia,1toip7t,2026-05,oo4qcsn,Killerr-1,True,9.0,False,,False,2,1779868693,0,902.9,1.0,390.0,True
StartUpIndia,1toip7t,2026-05,oobcgiy,SammyKon,True,10.0,False,,False,2,1779944791,0,2774.1,1041.0,3628.0,True
TwoXIndia,1t361tn,2026-05,ojsx5ke,agonizingmouse,True,1.0,True,2.0,False,105,1777865614,0,547.7,2574.0,12926.0,True
TwoXIndia,1t361tn,2026-05,ojswy54,Bunnyslade,True,2.0,True,1.0,False,35,1777865524,0,80.8,1007.0,4144.0,True
TwoXIndia,1t361tn,2026-05,ojtan6t,grimreaperplushiee,True,3.0,False,,False,5,1777871737,0,733.3,447.0,464.0,False
TwoXIndia,1t361tn,2026-05,ojt7cji,traumaloaded,True,4.0,False,,False,3,1777870142,0,573.1,986.0,3783.0,True
TwoXIndia,1t361tn,2026-05,ojsz1d8,SunshineMsN,True,5.0,True,5.0,False,2,1777866407,0,2060.7,990.0,6142.0,True
TwoXIndia,1t361tn,2026-05,ojszk5u,Chaltahaikoinahi,True,6.0,False,,False,2,1777866621,0,2059.8,579.0,134563.0,True
TwoXIndia,1t361tn,2026-05,ojsxub5,timtimatilaila,True,7.0,True,3.0,False,1,1777865909,0,1973.9,2772.0,4252.0,True
TwoXIndia,1t361tn,2026-05,ojsy5wg,Dry-Artist9069,True,8.0,True,4.0,False,1,1777866047,0,1255.0,169.0,1453.0,True
TwoXIndia,1t361tn,2026-05,ojtbjer,loony1uvgood,True,9.0,False,,False,1,1777872179,0,2527.2,3662.0,9143.0,True
TwoXIndia,1t361tn,2026-05,ojtcpu0,Ur_PAWS,True,10.0,False,,False,1,1777872777,0,1022.2,445.0,5979.0,False
TwoXIndia,1tm3a9i,2026-05,onk0j0w,lostvictoriansoul,True,1.0,True,3.0,False,32,1779601663,0,547.1,73.0,417.0,True
TwoXIndia,1tm3a9i,2026-05,onk4yrc,StrongSarah,True,2.0,False,,False,15,1779603952,0,1759.9,1267.0,16689.0,True
TwoXIndia,1tm3a9i,2026-05,onk050q,Orion_0207,True,3.0,True,2.0,False,11,1779601465,0,474.9,709.0,630.0,True
TwoXIndia,1tm3a9i,2026-05,onk0019,Orion_0207,True,4.0,True,1.0,False,6,1779601395,0,474.9,709.0,630.0,True
TwoXIndia,1tm3a9i,2026-05,onk7m96,Evil_Yeti_,True,5.0,False,,False,6,1779605334,0,1775.7,218.0,23891.0,True
TwoXIndia,1tm3a9i,2026-05,onk88an,Tricky_Skill342,True,6.0,False,,False,5,1779605651,0,126.2,55.0,2468.0,True
TwoXIndia,1tm3a9i,2026-05,onk5pfa,Hazelbelle03,True,7.0,False,,False,3,1779604342,0,1376.6,253.0,3221.0,True
TwoXIndia,1tm3a9i,2026-05,onkc6br,pizza_samosa,True,8.0,False,,False,3,1779607718,0,226.4,132.0,303.0,True
TwoXIndia,1tm3a9i,2026-05,onkppbf,loony1uvgood,True,9.0,False,,False,3,1779615086,0,2527.2,3662.0,9143.0,True
TwoXIndia,1tm3a9i,2026-05,onk1hpi,Putrid_Area7238,True,10.0,True,4.0,False,2,1779602154,0,1331.3,22.0,4174.0,True
TwoXIndia,1tm3a9i,2026-05,onk2m0m,superlazypanda,False,,True,5.0,False,2,1779602732,0,1263.0,734.0,8694.0,True
TwoXIndia,1tjmepb,2026-05,on2j8l1,Spiritual-Law-5070,True,1.0,True,3.0,False,465,1779375999,0,1187.0,1.0,2987.0,False
TwoXIndia,1tjmepb,2026-05,on2dsta,Ok-Resolve-9259,True,2.0,True,1.0,False,256,1779374519,0,130.1,594.0,408.0,False
TwoXIndia,1tjmepb,2026-05,on2ezq5,Spiritual-Law-5070,True,3.0,True,2.0,False,149,1779374845,0,1187.0,1.0,2987.0,False
TwoXIndia,1tjmepb,2026-05,on2p9pk,Sufficient-Mall8107,True,4.0,True,4.0,False,39,1779377611,0,1351.9,124.0,642.0,True
TwoXIndia,1tjmepb,2026-05,on2q4kr,Soul_of_demon,True,5.0,True,5.0,False,38,1779377838,0,2207.1,4627.0,59648.0,True
TwoXIndia,1tjmepb,2026-05,on2ve42,keeper_of_book,True,6.0,False,,False,32,1779379231,0,831.1,1368.0,1247.0,True
TwoXIndia,1tjmepb,2026-05,on7wt9d,MountainMindless3001,True,7.0,False,,False,4,1779444808,0,1891.9,98.0,283.0,True
TwoXIndia,1toyx1l,2026-05,oo4xk65,Derian23,True,1.0,False,,False,267,1779872461,0,3227.5,14066.0,72223.0,True
TwoXIndia,1toyx1l,2026-05,oo4rl6v,GyaanKiBaate,True,4.0,True,2.0,False,104,1779869331,0,614.1,11.0,3920.0,True
TwoXIndia,1toyx1l,2026-05,oo54gg2,Spirited-Ginger-376,True,3.0,False,,False,107,1779875899,0,85.7,50.0,344.0,True
TwoXIndia,1toyx1l,2026-05,oo55jv7,KamolikasTikali,True,2.0,False,,False,108,1779876409,0,701.5,152.0,86331.0,True
TwoXIndia,1toyx1l,2026-05,oo4w5g2,catoverdog,True,5.0,False,,False,90,1779871730,0,1135.3,147.0,3956.0,True
TwoXIndia,1toyx1l,2026-05,oo59w7x,kim_mariana1011,True,6.0,False,,False,90,1779878319,0,1884.8,724.0,1951.0,True
TwoXIndia,1toyx1l,2026-05,oo4xgrs,mmanyquestionss,True,7.0,False,,False,80,1779872412,0,464.6,7292.0,63174.0,True
TwoXIndia,1toyx1l,2026-05,oo55rwu,PatienceFeeling1481,True,8.0,False,,False,64,1779876509,0,2090.9,6914.0,41763.0,True
TwoXIndia,1toyx1l,2026-05,oo4si11,Slight_Flight_682,True,9.0,True,3.0,False,52,1779869806,0,1132.5,4.0,200.0,True
TwoXIndia,1toyx1l,2026-05,oo4w1o9,planty_mcgee,True,10.0,False,,False,45,1779871675,0,2007.2,269.0,1528.0,False
TwoXIndia,1toyx1l,2026-05,oo4twgh,bloated_panda,False,,True,4.0,False,38,1779870543,0,2168.9,483.0,9655.0,True
TwoXIndia,1toyx1l,2026-05,oo4r5wf,Maleficent_Repair359,False,,True,1.0,False,33,1779869109,0,733.1,4095.0,8667.0,True
TwoXIndia,1toyx1l,2026-05,oo4u1ks,whalesarecool14,False,,True,5.0,False,17,1779870618,0,2396.9,1695.0,151505.0,True
TwoXIndia,1tiaect,2026-05,omsyjho,Emotional-Nail-8690,True,1.0,True,2.0,False,306,1779250517,0,1091.8,1.0,1161.0,True
TwoXIndia,1tiaect,2026-05,omsxi7z,og_hawabaaz,True,2.0,True,1.0,False,213,1779250079,0,163.4,140.0,14000.0,True
TwoXIndia,1tiaect,2026-05,omszl6b,OptimistMess08,True,3.0,True,4.0,False,50,1779250952,0,880.0,409.0,7204.0,True
TwoXIndia,1tiaect,2026-05,omt1zvx,itneverhelps,True,4.0,True,5.0,False,45,1779251987,0,894.6,61227.0,75860.0,True
TwoXIndia,1tiaect,2026-05,omsyviq,WittyQueen-0306,True,5.0,True,3.0,False,34,1779250658,0,1008.3,139.0,5014.0,True
TwoXIndia,1tiaect,2026-05,omt40nx,PamBeesly00,True,6.0,False,,False,17,1779252886,0,2166.8,189.0,18694.0,True
TwoXIndia,1tiaect,2026-05,omt47gs,SpecialistOne649,True,7.0,False,,False,10,1779252973,0,437.7,1.0,849.0,True
TwoXIndia,1tiaect,2026-05,omt6n52,jackass93269,True,8.0,False,,False,10,1779254108,0,2896.8,4786.0,58293.0,True
TwoXIndia,1tiaect,2026-05,omticop,Akiko2599,True,9.0,False,,False,9,1779259892,0,3646.4,102.0,6550.0,False
TwoXIndia,1tiaect,2026-05,omt94ge,Wrong-Rough-9713,True,10.0,False,,False,7,1779255293,0,1577.8,35.0,1263.0,True
TwoXIndia,1t2dac8,2026-05,ojmxazu,kukiiaaa,True,1.0,True,1.0,False,325,1777788995,0,1422.2,513.0,921.0,True
TwoXIndia,1t2dac8,2026-05,ojn0vzc,_TypicalRobot_,True,2.0,False,,False,167,1777790851,0,3841.6,488.0,2939.0,True
TwoXIndia,1t2dac8,2026-05,ojmxkhq,Wide_Equal,True,3.0,True,3.0,False,90,1777789132,0,1862.4,1.0,465.0,True
TwoXIndia,1t2dac8,2026-05,ojmzm06,expression-waves,True,4.0,True,4.0,False,81,1777790190,0,724.3,997.0,6121.0,True
TwoXIndia,1t2dac8,2026-05,ojmxe6z,Hiya_works,True,5.0,True,2.0,False,56,1777789042,0,3192.2,391.0,1314.0,True
TwoXIndia,1t2dac8,2026-05,ojn67bq,Just_scrolling07,True,6.0,False,,False,25,1777793661,0,1450.0,2350.0,4888.0,True
TwoXIndia,1t2dac8,2026-05,ojn0qgr,Drstella88,True,7.0,False,,False,18,1777790772,0,797.0,2385.0,10143.0,True
TwoXIndia,1t2dac8,2026-05,ojn6033,Relax-maccha,True,8.0,False,,False,16,1777793552,0,757.5,7.0,3599.0,False
TwoXIndia,1t2dac8,2026-05,ojn4edj,AwkwardIcon,True,9.0,False,,False,11,1777792693,0,254.7,917.0,9328.0,True
TwoXIndia,1t2dac8,2026-05,ojn8slu,Key_Presentation7228,True,10.0,False,,False,11,1777795041,0,465.2,24505.0,8157.0,False
TwoXIndia,1t2dac8,2026-05,ojmzvkm,Mediocre_Plum_7573,False,,True,5.0,False,-25,1777790327,0,1777.4,5914.0,12981.0,True
TwoXIndia,1t7yll9,2026-05,oksdurw,LyaLies,True,1.0,True,1.0,False,143,1778314190,0,166.2,13.0,1317.0,False
TwoXIndia,1t7yll9,2026-05,okso1gy,ham_sandwich23,True,2.0,True,2.0,False,31,1778320191,0,2261.0,3504.0,18137.0,True
TwoXIndia,1t7yll9,2026-05,oktf8sy,Ok-Inevitable-2689,True,3.0,True,3.0,False,7,1778332096,0,1780.8,3393.0,8873.0,True
TwoXIndia,1t7yll9,2026-05,ol0seze,DesiCodeSerpent,True,4.0,True,4.0,False,5,1778430921,0,2866.2,10090.0,30237.0,True
TwoXIndia,1t7yll9,2026-05,olcn4hn,aheavypinkdrama,True,5.0,True,5.0,False,2,1778584824,0,258.1,760.0,649.0,True
TwoXIndia,1t1vsgq,2026-05,ojjhjb9,zeelovesbiryani,True,1.0,True,4.0,False,205,1777743822,0,453.8,3713.0,7974.0,True
TwoXIndia,1t1vsgq,2026-05,ojk1q3o,TJDiamond333,True,2.0,False,,False,136,1777749905,0,1112.4,63.0,16573.0,True
TwoXIndia,1t1vsgq,2026-05,ojjeb8n,aezindagigaladabade,True,3.0,True,2.0,False,113,1777742898,0,485.8,2175.0,8733.0,True
TwoXIndia,1t1vsgq,2026-05,ojjodsx,Fit-Celebration-6220,True,4.0,False,,False,101,1777745841,0,87.2,17290.0,1298.0,True
TwoXIndia,1t1vsgq,2026-05,ojjczni,iono_fr,True,5.0,True,1.0,False,53,1777742523,0,465.3,105.0,1906.0,True
TwoXIndia,1t1vsgq,2026-05,ojjip5p,Yin_Yinnn,True,6.0,True,5.0,False,44,1777744157,0,531.1,127.0,1235.0,True
TwoXIndia,1t1vsgq,2026-05,ojjgf3i,Psychan996,True,7.0,True,3.0,False,31,1777743501,0,1490.0,31.0,4235.0,True
TwoXIndia,1t1vsgq,2026-05,ojjogv3,FlashyResearcher18,True,8.0,False,,False,31,1777745867,0,2681.7,10.0,1137.0,True
TwoXIndia,1t1vsgq,2026-05,ojjszke,UntakenResource,True,9.0,False,,False,26,1777747232,0,538.0,140.0,223.0,True
TwoXIndia,1t1vsgq,2026-05,ojjk4rj,ladylilac00,True,10.0,False,,False,20,1777744571,0,543.9,308.0,485.0,True
TwoXIndia,1tifuih,2026-05,omtxc6p,owlet09,True,1.0,True,1.0,False,128,1779267855,0,2121.8,364.0,1346.0,True
TwoXIndia,1tifuih,2026-05,omu0b9m,swooooo24,True,2.0,True,5.0,False,28,1779269417,0,1422.9,1014.0,15779.0,True
TwoXIndia,1tifuih,2026-05,omtxgna,Expensive_Candy_2096,True,3.0,True,2.0,False,20,1779267921,0,681.8,301.0,1297.0,False
TwoXIndia,1tifuih,2026-05,omu10ls,expression-waves,True,4.0,False,,False,19,1779269788,0,724.3,997.0,6121.0,True
TwoXIndia,1tifuih,2026-05,omtzxs4,vegarhoalpha,True,5.0,True,4.0,False,13,1779269223,0,1281.8,35.0,247883.0,True
TwoXIndia,1tifuih,2026-05,omtznca,LeftHuckleberry447,True,6.0,True,3.0,False,10,1779269072,0,1772.2,1722.0,3193.0,True
TwoXIndia,1tifuih,2026-05,omveves,umamimaami,True,7.0,False,,False,4,1779287749,0,1563.1,1755.0,80794.0,True
TwoXIndia,1tifuih,2026-05,omu2mun,crystalclearbuffon,True,10.0,False,,False,1,1779270605,0,2627.9,3566.0,40721.0,True
TwoXIndia,1tifuih,2026-05,omvz2ny,HM_26,True,8.0,False,,False,3,1779293191,0,2479.5,23255.0,15206.0,True
TwoXIndia,1tifuih,2026-05,on31x5a,VoirDireWolf_,True,9.0,False,,False,2,1779380996,0,393.2,300.0,1056.0,True
TwoXIndia,1tg9tlw,2026-05,omf7xcw,Economy_Package_278,True,1.0,True,4.0,False,118,1779075985,0,667.9,319.0,348.0,False
TwoXIndia,1tg9tlw,2026-05,omf869n,AcronymTheSlayer,True,2.0,True,5.0,False,107,1779076090,0,2045.7,18633.0,141246.0,True
TwoXIndia,1tg9tlw,2026-05,omf8hrx,99problemsandfew,True,3.0,False,,False,53,1779076229,0,1398.7,137.0,35139.0,True
TwoXIndia,1tg9tlw,2026-05,omfhcba,MusicianBig1953,True,4.0,False,,False,36,1779080285,0,739.0,6034.0,3461.0,True
TwoXIndia,1tg9tlw,2026-05,omf7ejd,Wrong-Rough-9713,True,5.0,True,3.0,False,36,1779075757,0,1577.8,35.0,1263.0,True
TwoXIndia,1tg9tlw,2026-05,omf5aqk,Nybbc2397,True,6.0,True,2.0,False,28,1779074841,0,1231.0,1028.0,11882.0,True
TwoXIndia,1tg9tlw,2026-05,omftfs4,ComedownMachine93,True,7.0,False,,False,20,1779086400,0,320.9,4201.0,1944.0,True
TwoXIndia,1tg9tlw,2026-05,omf4hnt,Reasonable-Pack1067,True,8.0,True,1.0,False,14,1779074497,0,1900.0,5247.0,18670.0,True
TwoXIndia,1tg9tlw,2026-05,omfdtc2,tzobe,True,9.0,False,,False,10,1779078617,0,1766.4,21.0,3814.0,True
TwoXIndia,1tg9tlw,2026-05,omggolx,Fashion_Nahi_Aata,True,10.0,False,,False,8,1779099029,0,873.3,634.0,511.0,False
teenindia,1tds2vz,2026-05,olxaaaq,brownie_pineappple,True,1.0,False,,False,227,1778841047,0,33.0,1.0,2518.0,True
teenindia,1tds2vz,2026-05,olx8xkf,Jaded_Bee_3879,True,2.0,True,1.0,False,139,1778840423,0,28.2,1.0,4292.0,True
teenindia,1tds2vz,2026-05,olx8xzs,PainNo3217,True,3.0,True,2.0,False,98,1778840428,0,43.1,1.0,5916.0,True
teenindia,1tds2vz,2026-05,olx98md,Geeli_pappi_,True,4.0,True,5.0,False,40,1778840566,0,,,,
teenindia,1tds2vz,2026-05,olxu8qq,sweetnessCHARGER,True,5.0,False,,False,33,1778848772,0,250.2,278.0,4742.0,True
teenindia,1tds2vz,2026-05,olxqcf5,No_Alarm6362,True,6.0,False,,False,33,1778847415,0,2027.1,1138.0,458.0,True
teenindia,1tds2vz,2026-05,olx92du,Willing-Friend-891,True,7.0,True,3.0,False,32,1778840485,0,323.1,683.0,4794.0,True
teenindia,1tds2vz,2026-05,olxfd21,IntelligentEgg5179,True,8.0,False,,False,12,1778843232,0,424.4,1349.0,1846.0,True
teenindia,1tds2vz,2026-05,olxda2h,AbbreviationsDry2516,True,9.0,False,,False,6,1778842363,0,67.6,256.0,9832.0,True
teenindia,1tds2vz,2026-05,olz8soa,surajseeking,True,10.0,False,,False,6,1778863442,0,690.3,377.0,279.0,True
teenindia,1tds2vz,2026-05,olx95rt,megotluffy,False,,True,4.0,False,3,1778840529,0,,,,
teenindia,1thdqaz,2026-05,omme4fa,Icy-prime-,True,1.0,True,3.0,False,208,1779170351,0,22.6,9103.0,1192.0,True
teenindia,1thdqaz,2026-05,ommdpe9,-theRaspberry-,True,2.0,True,2.0,False,159,1779170146,0,66.2,216.0,356.0,True
teenindia,1thdqaz,2026-05,ommdezv,Willing-Friend-891,True,3.0,True,1.0,False,98,1779170002,0,323.1,683.0,4794.0,True
teenindia,1thdqaz,2026-05,ommijkn,lifeinmetaphors,True,4.0,False,,False,73,1779172597,0,161.2,5.0,272.0,True
teenindia,1thdqaz,2026-05,ommf7kw,Kind_Brief_3724,True,5.0,True,5.0,False,28,1779170895,0,,,,
teenindia,1thdqaz,2026-05,ommf3xd,Top_Education8408,True,6.0,True,4.0,False,13,1779170845,0,576.0,16.0,91.0,True
teenindia,1thdqaz,2026-05,ommj1nq,hazmat006,True,7.0,False,,False,12,1779172854,0,152.1,121.0,793.0,True
teenindia,1thdqaz,2026-05,ommg9xs,PainterLoud4708,True,9.0,False,,False,5,1779171434,0,859.8,130.0,902.0,True
teenindia,1thdqaz,2026-05,ommk2e6,Nivdung03,True,8.0,False,,False,7,1779173376,0,19.0,3.0,151.0,True
teenindia,1thdqaz,2026-05,ommjqbd,Adventurous-Room9600,True,10.0,False,,False,5,1779173205,0,512.1,718.0,4006.0,False
teenindia,1t2r8df,2026-05,ojprcj4,Longjumping_Range430,True,1.0,True,3.0,False,2244,1777828690,0,186.6,2414.0,14562.0,True
teenindia,1t2r8df,2026-05,ojps8hb,selfiecat,True,2.0,False,,False,1061,1777828931,0,584.7,35772.0,64294.0,True
teenindia,1t2r8df,2026-05,ojpryqt,NotAshu_05,True,3.0,True,4.0,False,591,1777828858,0,118.6,3743.0,1600.0,True
teenindia,1t2r8df,2026-05,ojps7nn,rajdeep_shyt,True,4.0,False,,False,140,1777828925,0,51.1,1635.0,1544.0,True
teenindia,1t2r8df,2026-05,ojpqj54,ExtremeMarsupial2648,True,5.0,True,1.0,False,85,1777828470,0,225.7,2128.0,14364.0,False
teenindia,1t2r8df,2026-05,ojpsq06,bomboclatAdmin,True,6.0,False,,False,74,1777829062,0,212.3,284.0,609.0,True
teenindia,1t2r8df,2026-05,ojpsogi,sbatl1987,True,7.0,False,,False,43,1777829050,0,2073.4,1.0,2419.0,True
teenindia,1t2r8df,2026-05,ojpqmrg,ifuck3dupbigtime,True,8.0,True,2.0,False,25,1777828496,0,126.1,1935.0,8096.0,True
teenindia,1t2r8df,2026-05,ojpuqhq,Acceptable_Talk396,True,9.0,False,,False,18,1777829625,0,132.7,4535.0,430.0,True
teenindia,1t2r8df,2026-05,ojpv25v,Inner-Sense-204,True,10.0,False,,False,18,1777829715,0,219.8,1.0,76.0,False
teenindia,1t2r8df,2026-05,ojps08t,Intelligent_Tie_895,False,,True,5.0,False,18,1777828869,0,,,,
teenindia,1tpvkax,2026-05,oobp28x,shadesaaaa_altt,True,1.0,True,3.0,False,2934,1779950707,0,114.0,332.0,2376.0,True
teenindia,1tpvkax,2026-05,oobp7d3,EntrepreneurReal1199,True,2.0,False,,False,973,1779950774,0,136.0,648.0,1315.0,True
teenindia,1tpvkax,2026-05,oobp22l,TheLastAutumnLeaf,True,3.0,True,2.0,False,646,1779950704,0,1089.6,9005.0,11989.0,True
teenindia,1tpvkax,2026-05,oobp2eq,Relatively_Skibyy,True,4.0,True,4.0,False,291,1779950709,0,389.5,63.0,5538.0,True
teenindia,1tpvkax,2026-05,oobotm4,honeybun911,True,5.0,True,1.0,False,255,1779950591,0,11.8,14.0,1259.0,True
teenindia,1tpvkax,2026-05,oobpjs7,Much_Ship_8393,True,6.0,False,,False,255,1779950940,0,249.4,1.0,2572.0,True
teenindia,1tpvkax,2026-05,oobp3kv,Maniya3175,True,7.0,True,5.0,False,197,1779950724,0,1522.9,111.0,5229.0,True
teenindia,1tpvkax,2026-05,oobpqaz,EvenDamage5604,True,8.0,False,,False,79,1779951028,0,407.1,482.0,399.0,True
teenindia,1tpvkax,2026-05,oobpca4,Embarrassed-Wolf-700,True,9.0,False,,False,60,1779950840,0,573.1,2625.0,3192.0,True
teenindia,1tpvkax,2026-05,oobp4pg,kassu7906_love,True,10.0,False,,False,55,1779950739,0,1378.0,1223.0,7560.0,True
teenindia,1tn8e76,2026-05,ons2517,HeronBright3834,True,1.0,True,1.0,False,524,1779713872,0,12.2,2.0,471.0,True
teenindia,1tn8e76,2026-05,ons46ex,ProtectionPristine49,True,2.0,True,5.0,False,485,1779714557,0,948.0,8.0,1963.0,True
teenindia,1tn8e76,2026-05,ons2gjq,GBandZ11,True,3.0,True,3.0,False,151,1779713982,0,52.1,1343.0,2600.0,True
teenindia,1tn8e76,2026-05,ons3m9x,Syntium_11,True,4.0,True,4.0,False,84,1779714371,0,1156.8,2481.0,30567.0,True
teenindia,1tn8e76,2026-05,ons5hrl,MarsupialOdd8453,True,5.0,False,,False,53,1779714989,0,282.9,457.0,2445.0,True
teenindia,1tn8e76,2026-05,ons70jx,Generalfieldmarshal,True,6.0,False,,False,28,1779715482,0,1134.6,6.0,41.0,True
teenindia,1tn8e76,2026-05,ons7nry,manvit0321,True,7.0,False,,False,14,1779715692,0,2428.0,17.0,634.0,True
teenindia,1tn8e76,2026-05,ons8elc,adamisworking,True,8.0,False,,False,14,1779715934,0,582.1,16202.0,4984.0,True
teenindia,1tn8e76,2026-05,ons9lsf,Jazzlike_Math_970,True,9.0,False,,False,12,1779716319,0,1042.9,6384.0,10798.0,True
teenindia,1tn8e76,2026-05,ons8xlg,astroNot03,True,10.0,False,,False,9,1779716105,0,151.2,16.0,69.0,True
teenindia,1tn8e76,2026-05,ons25k5,_Badass-babua_,False,,True,2.0,False,5,1779713877,0,18.9,1.0,1266.0,True
teenindia,1t4bmz6,2026-05,ok1akqo,Fancy_bratt,True,1.0,True,1.0,False,623,1777978707,0,308.0,9840.0,2134.0,False
teenindia,1t4bmz6,2026-05,ok1c6ic,Aarish1234,True,2.0,True,3.0,False,218,1777979391,0,318.4,33.0,6731.0,True
teenindia,1t4bmz6,2026-05,ok1cef3,foolokichadar,True,3.0,True,4.0,False,120,1777979483,0,352.4,3646.0,8479.0,True
teenindia,1t4bmz6,2026-05,ok1kxpr,Berie_,True,4.0,False,,False,54,1777982770,0,983.7,1044.0,5902.0,True
teenindia,1t4bmz6,2026-05,ok1aydd,Majestic_Glass_9713,True,5.0,True,2.0,False,41,1777978870,0,362.5,1809.0,1025.0,True
teenindia,1t4bmz6,2026-05,ok1usj8,Horny_Lobster6897,True,6.0,False,,False,30,1777986081,0,138.9,147.0,4052.0,True
teenindia,1t4bmz6,2026-05,ok1gixf,Op-Imtiaz20,True,7.0,False,,False,29,1777981146,0,1958.4,1413.0,1748.0,True
teenindia,1t4bmz6,2026-05,ok1pntt,plastypup,True,8.0,False,,False,14,1777984420,0,577.3,61.0,2715.0,True
teenindia,1t4bmz6,2026-05,ok3eoll,Objective_Cream_3491,True,9.0,False,,False,10,1778001625,0,750.9,1.0,28.0,True
teenindia,1t4bmz6,2026-05,ok1dwu5,Infamous_Sky5202,True,10.0,True,5.0,False,8,1777980103,0,257.3,1055.0,211.0,True
teenindia,1t77ejp,2026-05,okmsmij,ManWhoOvulates,True,1.0,False,,False,752,1778245729,0,94.1,3199.0,8197.0,True
teenindia,1t77ejp,2026-05,okms7j3,Fast-Berry1377,True,2.0,True,1.0,False,176,1778245604,0,1478.4,773.0,4845.0,True
teenindia,1t77ejp,2026-05,okmyt4j,DrRiverWater,True,3.0,False,,False,155,1778247569,0,431.9,67.0,2171.0,True
teenindia,1t77ejp,2026-05,okmxahc,Careless_Food_8333,True,4.0,False,,False,100,1778247119,0,452.8,948.0,2040.0,True
teenindia,1t77ejp,2026-05,okmsg0r,ManWhoOvulates,True,5.0,True,4.0,False,47,1778245675,0,94.1,3199.0,8197.0,True
teenindia,1t77ejp,2026-05,okmvwiq,Ragnar_Slime,True,6.0,False,,False,39,1778246708,0,398.9,120.0,383.0,True
teenindia,1t77ejp,2026-05,okmscbq,Fast-Berry1377,True,7.0,True,3.0,False,20,1778245644,0,1478.4,773.0,4845.0,True
teenindia,1t77ejp,2026-05,okmu3zl,TellApprehensive3204,True,8.0,False,,False,12,1778246175,0,443.3,611.0,2666.0,True
teenindia,1t77ejp,2026-05,okmsc04,Loony_13,True,9.0,True,2.0,False,11,1778245641,0,218.6,251.0,6573.0,True
teenindia,1t77ejp,2026-05,okmsgl8,kanyemagoat,True,10.0,True,5.0,False,6,1778245679,0,,,,
teenindia,1tc8l53,2026-05,olmmh6y,Zer0-Nebula,True,1.0,False,,False,177,1778701271,0,2039.8,25174.0,20652.0,True
teenindia,1tc8l53,2026-05,olmcnep,kitten_mafia,True,2.0,True,4.0,False,90,1778698595,0,966.9,1830.0,1474.0,True
teenindia,1tc8l53,2026-05,olm83fv,PainNo3217,True,3.0,True,1.0,False,35,1778697380,0,43.1,1.0,5916.0,True
teenindia,1tc8l53,2026-05,olm88si,sy7napz,True,4.0,True,2.0,False,14,1778697421,0,,,,
teenindia,1tc8l53,2026-05,olm8d2r,Chatpati_Akshita,True,5.0,True,3.0,False,10,1778697454,0,30.9,130.0,598.0,True
teenindia,1tc8l53,2026-05,olmfzcv,DarkHorse6969_,True,6.0,False,,False,8,1778699498,0,1553.8,105.0,1318.0,True
teenindia,1tc8l53,2026-05,olybd2x,Healthy_Error_9415,True,7.0,False,,False,3,1778854118,0,1730.0,272.0,-6.0,True
teenindia,1tc8l53,2026-05,olmhx8q,assasin_234,True,8.0,False,,False,2,1778700023,0,477.8,75.0,716.0,True
teenindia,1tc8l53,2026-05,olpz97k,Party-Eagle-290,True,9.0,False,,False,2,1778745215,0,87.9,1.0,1.0,True
teenindia,1tc8l53,2026-05,olmeub0,Lanky_Bar_2398,True,10.0,True,5.0,False,1,1778699187,0,,,,
teenindia,1ts0lyi,2026-05,oorh6l5,v5nx,True,1.0,True,5.0,False,1367,1780149424,0,8.6,1.0,1892.0,True
teenindia,1ts0lyi,2026-05,oorhgqq,a-cuteboy,True,2.0,False,,True,306,1780149516,0,65.0,2571.0,543.0,True
teenindia,1ts0lyi,2026-05,oorgrq0,ImaginaryTie2908,True,3.0,True,1.0,False,107,1780149291,0,1615.0,3086.0,2574.0,True
teenindia,1ts0lyi,2026-05,oorgtrg,Lonely-Assistance554,True,4.0,True,2.0,False,89,1780149309,0,72.8,1267.0,1162.0,True
teenindia,1ts0lyi,2026-05,oorgvuw,LengthinessNo3088,True,5.0,True,3.0,False,10,1780149328,0,613.8,113.0,1897.0,True
teenindia,1ts0lyi,2026-05,oormjda,Wet_fing3r,True,6.0,False,,False,10,1780151098,0,464.1,179.0,1539.0,True
teenindia,1ts0lyi,2026-05,oorqavf,YaMa80105,True,7.0,False,,False,7,1780152247,0,1169.2,363.0,1616.0,True
teenindia,1ts0lyi,2026-05,oorj2md,CarelessSamosa,True,8.0,False,,False,4,1780150028,0,114.9,58.0,1040.0,True
teenindia,1ts0lyi,2026-05,oos63as,Great_Bed_6334,True,9.0,False,,False,4,1780156942,0,983.8,144.0,807.0,True
teenindia,1ts0lyi,2026-05,oorijly,Waste-Tip3840,True,10.0,False,,False,3,1780149862,0,165.9,440.0,10127.0,True
teenindia,1ts0lyi,2026-05,oorh0xt,motherofdragons_44,False,,True,4.0,False,2,1780149373,0,8.7,1.0,971.0,False
teenindia,1tqxohr,2026-05,oojla2h,lsasshairagainnn,True,1.0,True,1.0,False,460,1780050648,0,,,,
teenindia,1tqxohr,2026-05,oojluyy,LegendaryNoobGod,True,2.0,False,,False,374,1780050906,0,990.1,27141.0,14615.0,True
teenindia,1tqxohr,2026-05,oojm0v2,Starlinkboy,True,3.0,False,,False,336,1780050977,0,2155.0,738.0,4589.0,True
teenindia,1tqxohr,2026-05,oojlpti,Inside-Hospital-1576,True,4.0,True,5.0,False,113,1780050843,0,407.2,2216.0,2940.0,True
teenindia,1tqxohr,2026-05,oojll18,Embarrassed-Wolf-700,True,5.0,True,4.0,False,68,1780050782,0,573.1,2625.0,3192.0,True
teenindia,1tqxohr,2026-05,oojlatn,peperosaladgreens,True,6.0,True,2.0,False,50,1780050657,0,395.1,2815.0,3349.0,True
teenindia,1tqxohr,2026-05,oojlfte,Anonymous-AK-01,True,7.0,True,3.0,False,34,1780050718,0,18.8,77.0,274.0,True
teenindia,1tqxohr,2026-05,oojwccl,Traditional_Pair3105,True,8.0,False,,False,28,1780055070,0,737.3,4337.0,2484.0,True
teenindia,1tqxohr,2026-05,ook3w6f,HumanRisk6462,True,9.0,False,,False,12,1780057672,0,1518.8,323.0,783.0,True
teenindia,1tqxohr,2026-05,ooke9vk,ChipsKaPalmOil,True,10.0,False,,False,12,1780060891,0,53.7,348.0,663.0,True
AskIndianWomen,1tetuwb,2026-05,om4qb77,confused-bridetobe,True,1.0,True,3.0,False,184,1778939179,0,2395.1,1284.0,29029.0,True
AskIndianWomen,1tetuwb,2026-05,om4qt4z,CaterpillarDizzy3014,True,2.0,True,4.0,False,127,1778939346,0,1138.7,17.0,900.0,True
AskIndianWomen,1tetuwb,2026-05,om4pcxj,666wife,True,3.0,True,2.0,False,57,1778938859,0,2890.3,11265.0,82894.0,True
AskIndianWomen,1tetuwb,2026-05,om4p2r7,Electronic_Bat9761,True,4.0,True,1.0,False,44,1778938766,0,1557.0,9237.0,1409.0,True
AskIndianWomen,1tetuwb,2026-05,om4wd6k,Responsible-Ear-8129,True,5.0,False,,False,40,1778941139,0,237.2,4104.0,2935.0,False
AskIndianWomen,1tetuwb,2026-05,om4t3im,pearl_mermaid,True,6.0,True,5.0,False,19,1778940093,0,1504.0,11774.0,90840.0,True
AskIndianWomen,1tetuwb,2026-05,om557dt,Important_Menu4937,True,7.0,False,,False,17,1778943852,0,1350.9,5239.0,12917.0,True
AskIndianWomen,1tetuwb,2026-05,om50is8,Local_Complex6052,True,8.0,False,,False,12,1778942425,0,1846.8,80.0,388.0,True
AskIndianWomen,1tetuwb,2026-05,om4ub0q,AdventurousRun5698,True,9.0,False,,False,11,1778940482,0,163.2,317.0,605.0,True
AskIndianWomen,1tetuwb,2026-05,om5i2ru,MissionAntelope4602,True,10.0,False,,False,10,1778947677,0,1115.0,1202.0,35566.0,False
AskIndianWomen,1tilnl8,2026-05,omv38dn,aliiphatic,True,1.0,True,2.0,False,454,1779284444,0,687.7,213.0,1164.0,True
AskIndianWomen,1tilnl8,2026-05,omv1jt2,FairyStardustx,True,2.0,True,1.0,False,56,1779283937,0,482.9,922.0,18421.0,True
AskIndianWomen,1tilnl8,2026-05,omv7sej,MetalBrat,True,3.0,True,5.0,False,44,1779285769,0,34.2,38.0,544.0,True
AskIndianWomen,1tilnl8,2026-05,omvbuxp,Chayabiscuit,True,4.0,False,,False,16,1779286914,0,413.3,1152.0,1082.0,True
AskIndianWomen,1tilnl8,2026-05,omvdd4o,lowkey00700,True,5.0,False,,False,14,1779287330,0,623.4,672.0,1574.0,True
AskIndianWomen,1tilnl8,2026-05,omv544i,Emergency-Many8675,True,6.0,True,3.0,False,11,1779284996,0,783.9,683.0,5774.0,True
AskIndianWomen,1tilnl8,2026-05,omva12b,Smile-raja,True,7.0,False,,False,11,1779286407,0,175.7,1.0,329.0,False
AskIndianWomen,1tilnl8,2026-05,omv5eix,iloveshawarma888,True,8.0,True,4.0,False,8,1779285081,0,387.4,852.0,5118.0,True
AskIndianWomen,1tilnl8,2026-05,omvclza,efemel115,True,9.0,False,,False,6,1779287122,0,1901.6,450.0,3662.0,True
AskIndianWomen,1tilnl8,2026-05,omvflkm,Puzzleheaded-Owl5941,True,10.0,False,,False,4,1779287950,0,82.4,1.0,300.0,False
AskIndianWomen,1t8ne5j,2026-05,okx3xqo,Ambitious_Progress89,True,1.0,True,3.0,False,304,1778375865,0,1716.0,13.0,5203.0,True
AskIndianWomen,1t8ne5j,2026-05,okxhlmz,spicy_97,True,2.0,True,4.0,False,81,1778381105,0,880.4,1979.0,5739.0,True
AskIndianWomen,1t8ne5j,2026-05,okxvxqj,hawtbotjazz,True,3.0,True,5.0,False,71,1778387094,0,568.8,7383.0,1985.0,False
AskIndianWomen,1t8ne5j,2026-05,okw2u55,Emotional-Diet-430,True,4.0,True,1.0,False,65,1778362288,0,381.3,381.0,3680.0,True
AskIndianWomen,1t8ne5j,2026-05,oky2fuq,Jhilixie,True,5.0,False,,False,42,1778390036,0,2003.9,10847.0,146248.0,True
AskIndianWomen,1t8ne5j,2026-05,okwnyl1,Adorable-Winter-2968,True,6.0,True,2.0,False,40,1778369824,0,1710.6,1165.0,89455.0,True
AskIndianWomen,1t8ne5j,2026-05,okyf1el,Glittering-Water1103,True,7.0,False,,False,30,1778396636,0,412.5,6621.0,7144.0,True
AskIndianWomen,1t8ne5j,2026-05,oky8cj4,AccomplishedCheck685,True,8.0,False,,False,21,1778393042,0,1356.1,164.0,40089.0,True
AskIndianWomen,1t8ne5j,2026-05,oky5b99,Beneficial_Wrap786,True,9.0,False,,False,14,1778391478,0,1781.3,1274.0,1288.0,True
AskIndianWomen,1t8ne5j,2026-05,okyzkrk,luckyasiangirl,True,10.0,False,,False,14,1778408101,0,863.9,285.0,147.0,True
AskIndianWomen,1tfesdu,2026-05,om906zw,justasnugglepuppy,True,1.0,True,3.0,False,268,1778991263,0,1317.0,5521.0,8293.0,True
AskIndianWomen,1tfesdu,2026-05,om92wi4,whatdoyoumean74,True,2.0,False,,False,164,1778992502,0,239.3,1188.0,6095.0,False
AskIndianWomen,1tfesdu,2026-05,om8ztsq,Haseen_Dillruba,True,3.0,True,1.0,False,162,1778991105,0,397.2,1934.0,2198.0,True
AskIndianWomen,1tfesdu,2026-05,om91weq,heytweety,True,4.0,True,5.0,False,73,1778992034,0,1149.1,155.0,114.0,True
AskIndianWomen,1tfesdu,2026-05,om90q44,Artistic_Form_9579,True,5.0,True,4.0,False,55,1778991501,0,172.4,185.0,1385.0,True
AskIndianWomen,1tfesdu,2026-05,om97lp8,HappyYappyZappy,True,6.0,False,,False,43,1778994737,0,275.0,709.0,12808.0,True
AskIndianWomen,1tfesdu,2026-05,om93u9t,bluebooms99,True,7.0,False,,False,38,1778992939,0,187.0,164.0,391.0,True
AskIndianWomen,1tfesdu,2026-05,om9068j,VenusVenom88,True,8.0,True,2.0,False,35,1778991254,0,130.5,588.0,7321.0,True
AskIndianWomen,1tfesdu,2026-05,om9c2co,OtherwiseDebate3759,True,9.0,False,,False,28,1778997009,0,115.6,11959.0,21563.0,True
AskIndianWomen,1tfesdu,2026-05,om9cowy,Spiritspeaker455666,True,10.0,False,,False,18,1778997337,0,636.0,124.0,5963.0,False
AskIndianWomen,1tqvjm4,2026-05,ooj9ih5,Royal_bee20,True,1.0,False,,False,82,1780044957,0,127.2,10.0,4608.0,False
AskIndianWomen,1tqvjm4,2026-05,ooj7w5b,Zestyclose-Tell3201,True,2.0,True,2.0,False,55,1780044124,0,113.3,119.0,1043.0,True
AskIndianWomen,1tqvjm4,2026-05,ooj8m0r,smokessprite,True,3.0,True,5.0,False,27,1780044496,0,800.4,253.0,5355.0,True
AskIndianWomen,1tqvjm4,2026-05,ooj7tgc,imgr888,True,4.0,True,1.0,False,27,1780044087,0,55.2,440.0,1331.0,True
AskIndianWomen,1tqvjm4,2026-05,ooj82ds,hearhertalk,True,5.0,True,3.0,False,15,1780044213,0,1288.8,198.0,4653.0,False
AskIndianWomen,1tqvjm4,2026-05,ooj8bq1,Adorable-Wait-5436,True,6.0,True,4.0,False,12,1780044347,0,1498.1,149.0,4026.0,True
AskIndianWomen,1tqvjm4,2026-05,ooj9lyv,Good-Froyo-6456,True,7.0,False,,False,10,1780045006,0,61.9,1.0,316.0,True
AskIndianWomen,1tqvjm4,2026-05,ooj9myw,Radiant_Cattle6938,True,8.0,False,,False,4,1780045020,0,127.9,1.0,631.0,False
AskIndianWomen,1tqvjm4,2026-05,ooj8r7p,Iam_MissRain,True,9.0,False,,False,2,1780044568,0,671.2,3200.0,8815.0,True
AskIndianWomen,1tqvjm4,2026-05,ookg2ek,peakynuts,True,10.0,False,,False,2,1780061413,0,506.7,162.0,457.0,True
AskIndianWomen,1tij7hm,2026-05,omulek4,MetalBrat,True,1.0,True,1.0,False,123,1779278563,0,34.2,38.0,544.0,True
AskIndianWomen,1tij7hm,2026-05,omuloqb,zestybears,True,2.0,True,2.0,False,73,1779278666,0,372.7,297.0,6813.0,True
AskIndianWomen,1tij7hm,2026-05,omupbyx,tessi_212,True,3.0,True,5.0,False,62,1779279957,0,1262.8,1.0,446.0,True
AskIndianWomen,1tij7hm,2026-05,omuvxvi,anne24j,True,4.0,False,,False,44,1779282169,0,653.7,37.0,49.0,False
AskIndianWomen,1tij7hm,2026-05,omuyqwn,missapplepie1,True,5.0,False,,False,42,1779283068,0,758.9,635.0,719.0,False
AskIndianWomen,1tij7hm,2026-05,omuo08a,J477Y,True,6.0,True,4.0,False,27,1779279496,0,1914.1,2116.0,775.0,True
AskIndianWomen,1tij7hm,2026-05,omuvbvg,lndlml,True,7.0,False,,False,27,1779281970,0,1846.4,4072.0,48838.0,True
AskIndianWomen,1tij7hm,2026-05,omvutyn,Charming_Teacher_853,True,8.0,False,,False,18,1779292068,0,1037.4,119.0,109.0,True
AskIndianWomen,1tij7hm,2026-05,omump9u,PsychologicalFilm460,True,9.0,True,3.0,False,15,1779279034,0,1404.8,419.0,1825.0,True
AskIndianWomen,1tij7hm,2026-05,one4n9h,Extra_Being_1034,True,10.0,False,,False,13,1779522387,0,1848.3,60.0,166.0,True
AskIndianWomen,1tgd8yq,2026-05,omfmvrd,BannedAgain12341,True,1.0,True,3.0,False,209,1779083013,0,173.2,3188.0,38968.0,True
AskIndianWomen,1tgd8yq,2026-05,omfmr0o,Not_Here_To_Please,True,2.0,True,1.0,False,87,1779082946,0,51.2,655.0,4912.0,True
AskIndianWomen,1tgd8yq,2026-05,omfnrbn,Shoddy-Research-8354,True,3.0,False,,False,48,1779083453,0,1098.7,2679.0,512.0,True
AskIndianWomen,1tgd8yq,2026-05,omfn9as,OtherwiseDebate3759,True,4.0,True,4.0,False,38,1779083202,0,115.6,11959.0,21563.0,True
AskIndianWomen,1tgd8yq,2026-05,omfoukd,rockandroll01,True,5.0,False,,False,24,1779084006,0,2443.8,1009.0,6161.0,True
AskIndianWomen,1tgd8yq,2026-05,omfpy00,Adorable-Pie7403,True,6.0,False,,False,14,1779084576,0,133.2,282.0,8.0,True
AskIndianWomen,1tgd8yq,2026-05,omfo8tk,biryanikaghulam,True,7.0,False,,False,14,1779083699,0,754.5,11743.0,57330.0,True
AskIndianWomen,1tgd8yq,2026-05,omfohhy,anu7shka22,True,8.0,False,,False,13,1779083823,0,407.1,317.0,1498.0,True
AskIndianWomen,1tgd8yq,2026-05,omfnekn,rabbitee2,True,9.0,True,5.0,False,9,1779083276,0,132.1,8602.0,7218.0,True
AskIndianWomen,1tgd8yq,2026-05,omfrmnm,himmygal,True,10.0,False,,False,9,1779085449,0,387.7,1897.0,40076.0,True
AskIndianWomen,1tgd8yq,2026-05,omfmv1q,Wrong_Pepper3764,False,,True,2.0,False,3,1779083002,0,,,,
AskIndianWomen,1tjac5a,2026-05,on02wzo,majja_ni_life_,True,1.0,True,2.0,False,191,1779340169,0,319.1,463.0,7211.0,True
AskIndianWomen,1tjac5a,2026-05,on02lhk,Your_Marinette,True,2.0,True,1.0,False,144,1779340022,0,562.1,12337.0,41771.0,True
AskIndianWomen,1tjac5a,2026-05,on038cw,SomeoneInTheRain,True,3.0,True,3.0,False,93,1779340315,0,1675.6,251.0,5280.0,False
AskIndianWomen,1tjac5a,2026-05,on03mrc,Aggressive_Sugar201,True,4.0,False,,False,48,1779340502,0,2051.9,48167.0,92681.0,True
AskIndianWomen,1tjac5a,2026-05,on03d0j,Agitated_Falcon_8523,True,5.0,True,5.0,False,36,1779340376,0,72.6,91.0,15959.0,True
AskIndianWomen,1tjac5a,2026-05,on03cfy,daniellafromage,True,6.0,True,4.0,False,21,1779340368,0,2941.0,5401.0,6384.0,True
AskIndianWomen,1tjac5a,2026-05,on07y2s,Kuttichiz,True,7.0,False,,False,10,1779342568,0,916.9,294.0,3953.0,False
AskIndianWomen,1tjac5a,2026-05,on0w4kb,MissionAntelope4602,True,8.0,False,,False,8,1779355167,0,1115.0,1202.0,35566.0,False
AskIndianWomen,1tjac5a,2026-05,on03fsk,cold_feet_all_time,True,9.0,False,,False,8,1779340411,0,1578.2,131.0,3178.0,True
AskIndianWomen,1tjac5a,2026-05,on0ubma,imnewhereplsbekind,True,10.0,False,,False,8,1779354197,0,2017.0,1493.0,3955.0,True
AskIndianWomen,1t251iz,2026-05,ojlf5tj,VenusVenom88,True,1.0,True,5.0,False,287,1777766547,0,130.5,588.0,7321.0,True
AskIndianWomen,1t251iz,2026-05,ojll5bb,GreedyBread3860,True,2.0,False,,False,284,1777768773,0,1547.6,1149.0,24586.0,True
AskIndianWomen,1t251iz,2026-05,ojlmabi,Ambitious_Progress89,True,3.0,False,,False,71,1777769188,0,1716.0,13.0,5203.0,True
AskIndianWomen,1t251iz,2026-05,ojluehk,Maleficent_Prune6846,True,4.0,False,,False,44,1777772205,0,1840.8,5969.0,9025.0,True
AskIndianWomen,1t251iz,2026-05,ojm0z5t,Ok-Parfait7673,True,5.0,False,,False,44,1777774574,0,1535.2,159.0,824.0,True
AskIndianWomen,1t251iz,2026-05,ojldtc9,Imadethissoi,True,6.0,True,4.0,False,38,1777766049,0,325.7,83.0,1340.0,False
AskIndianWomen,1t251iz,2026-05,ojla8io,nowondershereplease,True,7.0,True,1.0,False,21,1777764745,0,486.8,772.0,7121.0,True
AskIndianWomen,1t251iz,2026-05,ojlfrs7,pot4t0_potato,True,8.0,False,,False,16,1777766768,0,327.4,478.0,2067.0,True
AskIndianWomen,1t251iz,2026-05,ojlawme,SnowyChicago,True,10.0,True,2.0,False,14,1777764989,0,2398.6,302.0,9406.0,True
AskIndianWomen,1t251iz,2026-05,ojm1728,lifeinametro16,True,9.0,False,,False,15,1777774655,0,1248.4,1.0,3982.0,True
AskIndianWomen,1t251iz,2026-05,ojldc4c,Dr_Cupcakee,False,,True,3.0,False,3,1777765873,0,67.8,1593.0,7660.0,False
AskIndianWomen,1tgvzy2,2026-05,omj30wy,walking_you_home,True,1.0,True,3.0,False,346,1779129477,0,106.9,26.0,4181.0,True
AskIndianWomen,1tgvzy2,2026-05,omj1ck2,Muted-Letterhead-330,True,2.0,True,1.0,False,122,1779128969,0,1236.8,110.0,9176.0,True
AskIndianWomen,1tgvzy2,2026-05,omj279h,ThroatGoatModihh,True,3.0,True,2.0,False,115,1779129228,0,51.2,1.0,2082.0,True
AskIndianWomen,1tgvzy2,2026-05,omj43xl,beelzebabe13,True,4.0,True,4.0,False,44,1779129799,0,2679.4,1980.0,6527.0,True
AskIndianWomen,1tgvzy2,2026-05,omj6sp1,True_Warning_8210,True,5.0,True,5.0,False,29,1779130603,0,151.6,604.0,2003.0,True
AskIndianWomen,1tgvzy2,2026-05,omj7d0z,Swimming-Ad4883,True,6.0,False,,False,23,1779130769,0,1738.9,1.0,500.0,True
AskIndianWomen,1tgvzy2,2026-05,omke07t,Sea-Song99,True,8.0,False,,False,7,1779143457,0,293.3,415.0,1759.0,True
AskIndianWomen,1tgvzy2,2026-05,omlysrn,Right-Growth-7725,True,7.0,False,,False,10,1779163287,0,970.0,133.0,302.0,True
AskIndianWomen,1tgvzy2,2026-05,omlrg0x,Early_Coffee_2715,True,9.0,False,,False,7,1779160554,0,295.9,7.0,456.0,True
AskIndianWomen,1tgvzy2,2026-05,omje163,Optimal-Stand9786,True,10.0,False,,False,6,1779132851,0,887.1,1889.0,2409.0,False
IndianFood,1t6cnqr,2026-05,okgfv0a,khpawan,True,1.0,True,1.0,True,40,1778165117,0,4286.4,239.0,151.0,True
IndianFood,1t6cnqr,2026-05,okgivsj,Wooden_Koala7620,True,2.0,True,2.0,False,14,1778165929,0,1220.8,1.0,34.0,True
IndianFood,1t6cnqr,2026-05,okgkpyy,Far_Management1621,True,3.0,True,4.0,False,10,1778166428,0,121.3,1.0,16.0,True
IndianFood,1t6cnqr,2026-05,oki8xuv,Ohshithereiamagain,True,4.0,False,,False,3,1778182449,0,1520.7,49902.0,53662.0,True
IndianFood,1t6cnqr,2026-05,okv88bj,ParijathaROC,True,5.0,False,,False,3,1778352285,0,504.0,3915.0,6767.0,False
IndianFood,1t6cnqr,2026-05,okgjq5j,LearnUnderstandShare,True,6.0,True,3.0,False,2,1778166157,0,1968.7,1.0,253.0,True
IndianFood,1t6cnqr,2026-05,okgkxqi,noblabbo,True,7.0,True,5.0,False,2,1778166486,0,1570.9,4.0,226.0,True
IndianFood,1t6cnqr,2026-05,okgrvd2,staircase_wit2317,True,8.0,False,,False,2,1778168330,0,114.1,2.0,1240.0,True
IndianFood,1t6cnqr,2026-05,okgt45p,FutureOwn8305,True,9.0,False,,False,2,1778168655,0,1543.4,224.0,100.0,True
IndianFood,1t6cnqr,2026-05,okhyigt,lost_but_thriving,True,10.0,False,,False,2,1778179624,0,272.7,2.0,57.0,True
IndianFood,1tmq9n5,2026-05,onoo0c7,iamplutonian,True,1.0,True,5.0,False,445,1779662076,0,2707.6,168.0,1828.0,True
IndianFood,1tmq9n5,2026-05,onooa94,ChaltaHaiShellBRight,True,2.0,False,,False,395,1779662174,0,2140.0,912.0,46596.0,True
IndianFood,1tmq9n5,2026-05,ononow0,CyCoCyCo,True,3.0,True,2.0,False,170,1779661964,0,4589.2,3052.0,33596.0,True
IndianFood,1tmq9n5,2026-05,ononsvi,drhuggables,True,4.0,True,3.0,False,70,1779662003,0,526.8,50624.0,115722.0,True
IndianFood,1tmq9n5,2026-05,onoryj7,Born-Ad1613,True,5.0,False,,False,61,1779663456,0,813.5,20.0,814.0,True
IndianFood,1tmq9n5,2026-05,onoof53,DingoHairy2194,True,7.0,False,,False,49,1779662222,0,2154.6,1034.0,12970.0,True
IndianFood,1tmq9n5,2026-05,onoq0f0,curiousgaruda,True,6.0,False,,False,52,1779662778,0,3030.7,3772.0,22627.0,True
IndianFood,1tmq9n5,2026-05,onosx4w,LondonClassicist,True,8.0,False,,False,37,1779663792,0,795.4,1.0,2326.0,True
IndianFood,1tmq9n5,2026-05,ononjvv,CharmCity85,True,9.0,True,1.0,False,27,1779661915,0,2530.9,49.0,22999.0,True
IndianFood,1tmq9n5,2026-05,ononssv,pr0pane_accessories,False,,True,4.0,False,20,1779662003,0,5268.0,12938.0,49531.0,True
IndianFood,1tmq9n5,2026-05,onoufze,DescriptionSome7899,True,10.0,False,,False,22,1779664332,0,539.1,1.0,247.0,True
IndianFood,1tbp7r5,2026-05,olicm2k,zamasu2020,True,1.0,True,2.0,False,41,1778647828,0,2295.3,156800.0,17521.0,True
IndianFood,1tbp7r5,2026-05,olidalq,ThisPostToBeDeleted,True,2.0,True,4.0,False,29,1778648133,0,1668.2,61923.0,52592.0,False
IndianFood,1tbp7r5,2026-05,olifbji,GoatMeatMafia,True,3.0,True,5.0,False,19,1778649059,0,2918.8,629.0,8320.0,True
IndianFood,1tbp7r5,2026-05,olige2z,feanaro_finwion,True,4.0,False,,False,11,1778649558,0,2246.9,7140.0,51140.0,True
IndianFood,1tbp7r5,2026-05,oljlme6,blueskycarver,True,5.0,False,,False,5,1778669989,0,4736.8,90.0,5612.0,True
IndianFood,1tbp7r5,2026-05,olibym6,vivekjd,True,7.0,True,1.0,False,3,1778647541,0,3595.2,128.0,2407.0,True
IndianFood,1tbp7r5,2026-05,oljb3it,EbriusOften,True,6.0,False,,False,4,1778665153,0,4311.5,402.0,15565.0,True
IndianFood,1tbp7r5,2026-05,oljbrzd,poodles_suck,True,8.0,False,,False,2,1778665491,0,554.4,25.0,557.0,True
IndianFood,1tbp7r5,2026-05,oljp1ay,sideshow--,True,9.0,False,,False,1,1778671355,0,2082.7,1655.0,58768.0,True
IndianFood,1tbp7r5,2026-05,olkal7o,blueroses8000,True,10.0,False,,False,1,1778678636,0,86.7,280.0,12638.0,False
IndianFood,1tbp7r5,2026-05,olicz36,Isildur_potterhead,False,,True,3.0,False,-5,1778647990,0,2363.5,1216.0,5416.0,True
IndianFood,1t9wcdo,2026-05,ol5wecw,Dreamy_Replies_27,True,1.0,True,3.0,False,23,1778500721,0,29.2,108.0,22.0,True
IndianFood,1t9wcdo,2026-05,ol55vxj,PrinceHaleemKebabua,True,2.0,True,1.0,False,7,1778488355,0,808.9,2912.0,16421.0,True
IndianFood,1t9wcdo,2026-05,ol69oon,heartandhymn,True,3.0,True,4.0,False,5,1778505267,0,3282.2,28.0,21523.0,True
IndianFood,1t9wcdo,2026-05,ol6c4kt,Ill_Earth8585,True,4.0,True,5.0,False,5,1778506025,0,1840.0,587502.0,15911.0,True
IndianFood,1t9wcdo,2026-05,ol8p73p,Alfa147x,True,5.0,False,,False,2,1778529384,0,5655.1,4109.0,22945.0,True
IndianFood,1t9wcdo,2026-05,ola1p4r,sharklight-22,True,6.0,False,,False,2,1778544397,0,2067.7,72.0,11048.0,True
IndianFood,1t9wcdo,2026-05,ol5a030,Strong-Repair5359,True,7.0,True,2.0,False,1,1778490573,0,92.3,41.0,108.0,True
IndianFood,1t9wcdo,2026-05,olio99r,Opening-Alfalfa-2430,True,8.0,False,,False,1,1778653319,0,618.5,1.0,161.0,True
IndianFood,1t9wcdo,2026-05,ol6d2l1,YaBhuteshu,True,9.0,False,,False,0,1778506317,0,1886.4,19.0,157.0,True
IndianFood,1tpyd68,2026-05,ooc7xqj,summer_glau08,True,1.0,True,1.0,False,65,1779960311,0,1898.9,5665.0,5483.0,True
IndianFood,1tpyd68,2026-05,oocmv39,DucaMan1312,True,2.0,False,,False,20,1779966952,0,1126.4,93.0,5926.0,True
IndianFood,1tpyd68,2026-05,oocj0pa,ryuk33,True,3.0,True,5.0,False,18,1779965416,0,6147.0,315.0,1426.0,True
IndianFood,1tpyd68,2026-05,ooc9s59,boot_strap_,True,4.0,True,2.0,False,9,1779961227,0,3284.9,441.0,2992.0,True
IndianFood,1tpyd68,2026-05,oocf788,peeam,True,5.0,True,4.0,False,9,1779963758,0,3537.4,443.0,11917.0,True
IndianFood,1tpyd68,2026-05,oodnvt0,heisenberg0389,True,6.0,False,,False,4,1779978584,0,2284.3,1574.0,3686.0,True
IndianFood,1tpyd68,2026-05,ooevx13,diogenes_shadow,True,7.0,False,,False,3,1779990113,0,3708.3,2703.0,39791.0,True
IndianFood,1tpyd68,2026-05,oodq6ml,kroating,True,8.0,False,,False,2,1779979208,0,1384.5,6441.0,32042.0,True
IndianFood,1tpyd68,2026-05,oodwapt,Emergency-Plum-1981,True,9.0,False,,False,2,1779980847,0,1778.2,2159.0,56625.0,True
IndianFood,1tpyd68,2026-05,ooepf94,unserious-dude,True,10.0,False,,False,2,1779988437,0,476.2,48870.0,57500.0,True
IndianFood,1tpyd68,2026-05,ooccwwn,Wishingal,False,,True,3.0,False,1,1779962707,0,1415.3,4671.0,3239.0,True
IndianFood,1thvmd1,2026-05,ompw0cs,GirlisNo1,True,1.0,True,1.0,False,35,1779215352,0,3223.6,11607.0,283988.0,True
IndianFood,1thvmd1,2026-05,ompwu1s,but_why_n0t,True,2.0,True,2.0,False,30,1779215577,0,836.6,348.0,6931.0,False
IndianFood,1thvmd1,2026-05,ompzl97,Anchor_Ocelot438,True,3.0,False,,False,20,1779216324,0,489.5,47.0,5756.0,True
IndianFood,1thvmd1,2026-05,ompxnku,Iamperfectlyfine,True,4.0,True,5.0,False,14,1779215800,0,1956.0,477.0,7048.0,True
IndianFood,1thvmd1,2026-05,ompxd7h,that1browndude,True,5.0,True,4.0,False,10,1779215722,0,4758.3,22.0,969.0,True
IndianFood,1thvmd1,2026-05,omq2tj0,Carbon-Base,True,6.0,False,,False,10,1779217181,0,1050.2,1.0,599198.0,True
IndianFood,1thvmd1,2026-05,oms429n,PARZIWAL1,True,7.0,False,,False,6,1779239402,0,1709.7,7.0,1944.0,True
IndianFood,1thvmd1,2026-05,ompx0tb,TA_totellornottotell,True,8.0,True,3.0,False,5,1779215627,0,1464.8,9.0,231465.0,True
IndianFood,1thvmd1,2026-05,ompxpbm,lacerantplainer,True,9.0,False,,False,5,1779215813,0,130.0,30377.0,5481.0,True
IndianFood,1thvmd1,2026-05,omq4pv6,Complaint-Lower,True,10.0,False,,False,4,1779217698,0,2112.4,2624.0,77051.0,True
IndianFood,1t17ja0,2026-05,ojeg524,Far_Sided,True,1.0,True,1.0,False,29,1777673569,0,5029.5,5.0,30461.0,True
IndianFood,1t17ja0,2026-05,ojegr2a,offpeekydr,True,2.0,True,3.0,False,17,1777673772,0,1546.7,873.0,15108.0,True
IndianFood,1t17ja0,2026-05,ojeghf7,curiousgaruda,True,3.0,True,2.0,False,15,1777673684,0,3030.7,3772.0,22627.0,True
IndianFood,1t17ja0,2026-05,ojeib3k,Opening-Alfalfa-2430,True,4.0,True,5.0,False,12,1777674293,0,618.5,1.0,161.0,True
IndianFood,1t17ja0,2026-05,ojf2kvz,advaitist,True,5.0,False,,False,8,1777681350,0,2903.7,3296.0,12600.0,True
IndianFood,1t17ja0,2026-05,ojga2a1,but_why_n0t,True,6.0,False,,False,7,1777698099,0,836.6,348.0,6931.0,False
IndianFood,1t17ja0,2026-05,ojfn69b,Swan-ish3456,True,7.0,False,,False,6,1777688625,0,436.3,1.0,1831.0,True
IndianFood,1t17ja0,2026-05,ojgdype,anxious-_-potato,True,8.0,False,,False,4,1777700017,0,2137.8,31.0,486.0,True
IndianFood,1t17ja0,2026-05,ojh6jye,lp7680,True,9.0,False,,False,3,1777715226,0,1476.9,1.0,744.0,False
IndianFood,1t17ja0,2026-05,ojeh2jc,Carbon-Base,True,10.0,True,4.0,False,1,1777673878,0,1050.2,1.0,599198.0,True
IndianFood,1tr1adg,2026-05,ooki7xh,Spectator7778,True,1.0,False,,False,83,1780062038,0,480.5,1.0,55398.0,True
IndianFood,1tr1adg,2026-05,ookdqpe,SheddingCorporate,True,2.0,True,3.0,False,76,1780060735,0,3106.1,5968.0,149486.0,True
IndianFood,1tr1adg,2026-05,ookihto,oldster2020,True,3.0,False,,False,48,1780062118,0,841.3,127.0,9121.0,True
IndianFood,1tr1adg,2026-05,ookial3,curiousgaruda,True,4.0,False,,False,30,1780062059,0,3030.7,3772.0,22627.0,True
IndianFood,1tr1adg,2026-05,ookcclk,Possibletigger-26,True,6.0,True,1.0,False,25,1780060327,0,144.8,28.0,5102.0,True
IndianFood,1tr1adg,2026-05,ooklqpf,Brave-Perspective389,True,5.0,False,,False,26,1780063041,0,1102.8,576.0,12049.0,False
IndianFood,1tr1adg,2026-05,ookz32i,quartzyquirky,True,7.0,False,,False,14,1780066673,0,2638.5,5850.0,28642.0,True
IndianFood,1tr1adg,2026-05,ookdjzg,Cainhelm,True,8.0,True,2.0,False,11,1780060682,0,4801.7,1375.0,42331.0,True
IndianFood,1tr1adg,2026-05,ookehv3,hotelpunsylvania,True,9.0,True,5.0,False,8,1780060956,0,1925.9,23023.0,27398.0,True
IndianFood,1tr1adg,2026-05,ooke7ju,AffectUseful3969,False,,True,4.0,False,6,1780060872,0,1852.8,134.0,35426.0,True
IndianFood,1tr1adg,2026-05,ookwqqb,ankit19900,True,10.0,False,,False,7,1780066048,0,2668.9,38387.0,35788.0,True
IndianFood,1t5wqim,2026-05,okda08s,ibarmy,True,1.0,True,1.0,False,72,1778118708,0,3504.3,8629.0,203769.0,True
IndianFood,1t5wqim,2026-05,okddpq3,Mundane-Original-335,True,2.0,False,,False,37,1778119966,0,1446.9,377.0,19052.0,True
IndianFood,1t5wqim,2026-05,okdc1y7,Always-awkward-2221,True,3.0,True,4.0,False,29,1778119404,0,1216.9,272.0,49732.0,True
IndianFood,1t5wqim,2026-05,okddlpu,thecutegirl06,True,4.0,True,5.0,False,15,1778119927,0,2070.9,472.0,17311.0,True
IndianFood,1t5wqim,2026-05,okdg4wj,khpawan,True,5.0,False,,False,13,1778120807,0,4286.4,239.0,151.0,True
IndianFood,1t5wqim,2026-05,okdaayb,oarmash,True,6.0,True,2.0,False,9,1778118810,0,4221.7,6287.0,121017.0,True
IndianFood,1t5wqim,2026-05,okdau50,bigkutta,True,7.0,True,3.0,False,8,1778118991,0,2831.7,13109.0,131166.0,True
IndianFood,1t5wqim,2026-05,okdhhgs,Beautiful-Cloud-8575,True,8.0,False,,False,8,1778121279,0,991.4,12.0,1122.0,False
IndianFood,1t5wqim,2026-05,okdmjs0,sumpuran,True,9.0,False,,False,6,1778123123,0,4856.2,13683.0,444892.0,True
IndianFood,1t5wqim,2026-05,okdj1fa,JagmeetSingh2,True,10.0,False,,False,4,1778121832,0,3111.5,30405.0,342499.0,False
IndianFood,1tlbts3,2026-05,oneh83z,SheddingCorporate,True,1.0,True,1.0,False,51,1779529315,0,3106.1,5968.0,149486.0,True
IndianFood,1tlbts3,2026-05,onehovy,Prestigious_Film_478,True,2.0,True,3.0,False,28,1779529565,0,59.2,3073.0,612.0,True
IndianFood,1tlbts3,2026-05,onem95o,Justanother-redditor,True,3.0,False,,False,13,1779531992,0,3633.1,59.0,1284.0,True
IndianFood,1tlbts3,2026-05,onemms7,photodyer,True,4.0,False,,False,11,1779532188,0,2844.8,772.0,1590.0,True
IndianFood,1tlbts3,2026-05,onenufo,anonpumpkin012,True,5.0,False,,False,6,1779532801,0,2399.8,1561.0,82554.0,True
IndianFood,1tlbts3,2026-05,onet7rh,AcidReign999,True,7.0,False,,False,4,1779535367,0,2869.0,46559.0,50125.0,True
IndianFood,1tlbts3,2026-05,onfy278,nubpokerkid,True,6.0,False,,False,6,1779549780,0,4052.3,1267.0,38053.0,True
IndianFood,1tlbts3,2026-05,onehgxd,Possible_Tomorrow24,True,8.0,True,2.0,False,4,1779529448,0,912.9,21.0,24.0,False
IndianFood,1tlbts3,2026-05,onejipr,Few_Ad9465,True,9.0,True,5.0,False,4,1779530543,0,2005.3,22.0,14202.0,True
IndianFood,1tlbts3,2026-05,oneprrb,blackraindark,True,10.0,False,,False,3,1779533751,0,2581.9,4254.0,10523.0,True
IndianFood,1tlbts3,2026-05,onejcyk,DilliWaleBhaiSaab,False,,True,4.0,False,1,1779530458,0,607.9,56466.0,15424.0,True
