subreddit,post_id,collection_month,collected_utc,created_utc,title,score,upvote_ratio,num_comments,total_awards,author,author_account_age_days,author_link_karma,author_comment_karma,author_verified_email,is_top10_for_month
india,1l9mx5y,2025-06,1780726477,1749736055,"Passenger on seat 11A survived Air India crash, says trouble started 30 seconds into flight",4889,0.98,481,0,nomad_ivc,2361.3,14979.0,6885.0,True,True
india,1ll19pm,2025-06,1780726477,1750947401,Indian court rules trans women are women,3876,0.87,441,0,PlusCardiologist1799,1638.9,75499.0,12695.0,True,True
india,1lh10x0,2025-06,1780726477,1750524548,"'Rape, violence, terrorism': US suddenly updates travel advisory for India, asks women not to travel",3403,0.95,513,0,-walking-zombie,,,,,True
india,1l9hd1b,2025-06,1780726477,1749717598,Air India Plane Crashes In Ahmedabad. Details awaited.,2686,0.96,570,0,theGo0f,4645.2,2771.0,7770.0,True,True
india,1l6gih2,2025-06,1780726477,1749400703,"If Non-Veg Food Hurts Religious Sentiments, Why Should Vegetarian Order From Restaurant Serving Non-",2629,0.95,345,0,bhodrolok,4005.9,698695.0,251065.0,True,True
india,1lkxnmk,2025-06,1780726477,1750937109,Nearly All Students Withdrawn From Karnataka School After Dalit Woman Appointed Head Cook,2480,0.96,265,0,bhodrolok,4005.9,698695.0,251065.0,True,True
india,1loedd1,2025-06,1780726477,1751306159,Doctor: “You don’t have a right kidney.”,2151,0.99,154,0,bloodyboy420,364.7,1261.0,761.0,True,True
india,1l9gjkj,2025-06,1780726477,1749714158,"Sexual assault survivors kill accused in Odisha, burn his body; 8 women arrested",1950,0.99,124,0,one_brown_jedi,5339.7,250340.0,80350.0,True,True
india,1ln95jt,2025-06,1780726477,1751183543,"Protests rage against Zumba, Kerala govt doubles down: ‘Keep religion away from education’",1938,0.98,110,0,Indie--,382.4,36297.0,30087.0,False,True
india,1l7tjo4,2025-06,1780726477,1749544460,Handcuffed &amp; crying: Indian student’s US airport ordeal sparks outrage; Indian embassy responds ,1847,0.94,299,0,Sufficient-Mark2497,,,,,True
india,1ldcu7p,2025-06,1780726477,1750130393,#BoycottNike trends after brand's collab with 'anti-India' Bangladeshi influencer goes viral - Times,1698,0.94,151,0,cochincartel,1187.7,38094.0,5721.0,True,False
india,1ldwfe2,2025-06,1780726477,1750188494,I'm a Muslim from India. I want us to love the country — but it's complicated. Let’s talk.,1685,0.71,1219,0,evilgenius_,4295.4,1198.0,842.0,True,False
india,1lnymoz,2025-06,1780726477,1751258117,"Women travelling alone, NEVER EVER BOOK SLEEPER. Period.",1669,0.91,150,0,_firetailunicorn247_,2948.6,2489.0,540.0,True,False
india,1legd12,2025-06,1780726477,1750251284,The curse of being middle class in INDIA,1663,0.96,287,0,baelorthebest,1175.4,47702.0,18629.0,True,False
india,1lj8giz,2025-06,1780726477,1750764055,"Udaipur shocker! French tourist raped after party at local cafe, accused took her to rented apartmen",1496,0.96,167,0,-walking-zombie,,,,,False
india,1l9kvcf,2025-06,1780726477,1749730321,Ahmedabad Plane Crash: All Passengers Dead Including Ex- Gujarat CM Vijay Rupani,1430,0.97,158,0,girlikeapearl_,1379.1,72770.0,28622.0,True,False
india,1ldl5w8,2025-06,1780726477,1750161342,UP man takes sigh of relief as wife elopes with lover: 'Didn't end up like Raja Raghuvanshi',1420,0.95,176,0,fuckyou_politicians,568.9,57647.0,22576.0,True,False
india,1lmlye3,2025-06,1780726477,1751114683,More Muslim groups come out against Zumba sessions in Kerala schools,1412,0.94,189,0,bhodrolok,4005.9,698695.0,251065.0,True,False
india,1lib0nb,2025-06,1780726477,1750666319,CCTV footage: Man Thrashed On Vande Bharat After Refusing Seat To BJP MLA,1407,0.98,81,0,4mlvodka,2296.7,35082.0,6912.0,True,False
india,1lii9la,2025-06,1780726477,1750689453,How the world really perceives India,1387,0.88,316,0,purushpsm147,1956.1,4099.0,1192.0,True,False
india,1ljyvgr,2025-06,1780726477,1750834688,"India forcibly sterilised 8m men: One village remembers, 50 years later",1341,0.93,151,0,telephonecompany,6071.6,77067.0,41160.0,True,False
india,1l9qnvo,2025-06,1780726477,1749745214,Air India crash : Tata announces Rs 1 crore per victim; law mandates Rs 1.4 crore payout,1334,0.97,148,0,bhodrolok,4005.9,698695.0,251065.0,True,False
india,1ljnjvb,2025-06,1780726477,1750800434,Sharing a minor incident which lives rent free in my head even after months.,1298,0.95,125,0,idonothavaname,1014.3,639.0,18.0,True,False
india,1lmqume,2025-06,1780726477,1751127831,"Went to Allahabad DM Office for a routine notice. Got extorted, assaulted, and barely walked out. He",1296,0.99,99,0,Aggravating_force754,1557.2,3887.0,3072.0,True,False
india,1ledls9,2025-06,1780726477,1750242365,"Genpact introduces mandatory 10-hour workdays in India, sparking employee backlash",1293,0.98,128,0,fromIND,4921.9,32931.0,51108.0,True,False
india,1l6ux9b,2025-06,1780726477,1749440255,"Meghalaya honeymoon case: Wife had affair, hired hitmen to kill husband, arrested",1289,0.97,219,0,bhodrolok,4005.9,698695.0,251065.0,True,False
india,1l85sep,2025-06,1780726477,1749578809,"Air Conditioners May No Longer Cool Beyond 20°C, India Set To Standardise Band",1284,0.98,193,0,Kay_Bhagtos_Lavdya,1114.1,32437.0,6458.0,False,False
india,1ll42da,2025-06,1780726477,1750954051,India is among the world's 50 poorest countries by GDP per capita.,1278,0.94,175,0,Ok_Somewhere9687,,,,,False
india,1lo8bgs,2025-06,1780726477,1751292116,(23M) Got molested and harrassed in a sleeper bus from Mumbai.,1183,0.97,163,0,Independent-Put-3047,580.3,871.0,828.0,True,False
india,1laeku8,2025-06,1780726477,1749817441,Student Bhoomi Chauhan missed Air India flight by just minutes,1160,0.94,63,0,telephonecompany,6071.6,77067.0,41160.0,True,False
india,1la8m3a,2025-06,1780726477,1749794615,"Day after Ahmedabad crash, Air India flight makes emergency landing in Thailand after bomb threat",1152,0.98,42,0,fuckyou_politicians,568.9,57647.0,22576.0,True,False
india,1laz4ts,2025-06,1780726477,1749872353,"Visitors throng Air India crash site, take selfies near aircraft wreckage",1094,0.96,177,0,Karna1394,2974.3,70372.0,83548.0,True,False
india,1llsq6k,2025-06,1780726477,1751027628,Indians are gaming US immigration to get Einstein visas meant for top scientists,1085,0.92,114,0,bhodrolok,4005.9,698695.0,251065.0,True,False
india,1lcx1sl,2025-06,1780726477,1750090511,Arranged Marriage in 2025: Why Girls Need to Do a Full Digital Background Check (My Story),1053,0.94,270,0,Own-Bandicoot-2937,600.3,899.0,1010.0,True,False
india,1l78ekd,2025-06,1780726477,1749484434,"Govt has stopped talking about present, now selling dreams of 2047: Rahul Gandhi",1030,0.91,83,0,rishianand,4017.0,204299.0,87281.0,True,False
india,1l9tpc1,2025-06,1780726477,1749752303,Absolutely shameful Indian media,987,0.99,50,0,No_Consideration_580,2122.6,596.0,139.0,True,False
india,1l7xc87,2025-06,1780726477,1749558169,"India’s population to reach 1.46 billion in 2025, fertility drops below replacement rate: UN report",972,0.98,244,0,NoMedicine3572,660.1,258444.0,111734.0,True,False
india,1lajksa,2025-06,1780726477,1749830306,Let’s be honest. It’s not “civic sense” that’s lacking.,963,0.88,158,0,Snoo_99652,2162.3,1854.0,4642.0,True,False
BollyBlindsNGossip,1l8r129,2025-06,1780726687,1749643880,Jaideep was surprised to see actors can't read script written in Hindi while acting in hindi movies ,6106,0.98,370,0,mahaavtar,502.4,46314.0,23534.0,True,True
BollyBlindsNGossip,1ljum8o,2025-06,1780726687,1750819939,Vintage Bollywood Actresses. Nowadays all actresses look same plastic dolls.,5791,0.98,335,0,Frosty_Jeweler911,395.0,1404615.0,6194.0,True,True
BollyBlindsNGossip,1lef5fn,2025-06,1780726687,1750247713,Shah Rukh Khan visits Aamir Khan and the team of Sitaare Zameen Par,4891,0.96,216,0,KramerDwight,1882.8,137740.0,56690.0,True,True
BollyBlindsNGossip,1ll1u3q,2025-06,1780726687,1750948789,Diljit Kicked Out From Border 2,4465,0.93,420,0,bollyfanboi,1284.2,41919.0,1924.0,True,True
BollyBlindsNGossip,1l6604t,2025-06,1780726687,1749366066,Akshay Kumar reached himself outside cinema halls to take housefull 5 movie review,4068,0.95,298,0,mahaavtar,502.4,46314.0,23534.0,True,True
BollyBlindsNGossip,1l8jraa,2025-06,1780726687,1749616452,ED Sheeran on Insta,3933,0.98,100,0,Enough-Discussion337,,,,,True
BollyBlindsNGossip,1lbtfhu,2025-06,1780726687,1749968080,Aamir Khan on people questioning his stance on country,3835,0.93,96,0,mahaavtar,502.4,46314.0,23534.0,True,True
BollyBlindsNGossip,1la6z9s,2025-06,1780726687,1749788640,Unfiltered pictures of John Abraham and wife Priya Runchal posted on instagram,3607,0.98,240,0,Sassy_extrovert,904.8,17913.0,6477.0,True,True
BollyBlindsNGossip,1lkyz8v,2025-06,1780726687,1750941225,"An open letter to ""Panjabi"" global artist Diljit Dosanjh.",3335,0.88,343,0,GiveMeSomeSunshine3,448.8,1815823.0,223800.0,True,True
BollyBlindsNGossip,1lngco5,2025-06,1780726687,1751208188,It’s an Akkineni Family Tradition 😭,3325,0.92,152,0,TresLeche789,,,,,True
BollyBlindsNGossip,1lf7uc5,2025-06,1780726687,1750330496,Salman v. Salman 😂,3147,0.98,50,0,celinenotdior,2129.9,12072.0,44921.0,True,False
BollyBlindsNGossip,1lb7dxw,2025-06,1780726687,1749903587,Genia and Ritesh christian wedding photos,3121,0.98,78,0,Sassy_extrovert,904.8,17913.0,6477.0,True,False
BollyBlindsNGossip,1llwa5e,2025-06,1780726687,1751036936,"Why do people in india over estimate Nicks popularity in USA and the western world, he is literally ",3090,0.93,299,0,Sassy_extrovert,904.8,17913.0,6477.0,True,False
BollyBlindsNGossip,1lkpl4d,2025-06,1780726687,1750907614,"Breaking Down the Lies, Excuses, and Disrespect of the Diljit Situation.",3048,0.89,362,0,HumbleThought123,2230.3,2026.0,2711.0,True,False
BollyBlindsNGossip,1llsocw,2025-06,1780726687,1751027481,Pratibha Ranta has got a beautiful facecard.,2677,0.94,176,0,mahaavtar,502.4,46314.0,23534.0,True,False
BollyBlindsNGossip,1lkyf7u,2025-06,1780726687,1750939559,The PR wave has started,2523,0.9,193,0,musician2002,648.3,1328.0,420.0,False,False
BollyBlindsNGossip,1ldbyui,2025-06,1780726687,1750127735,Vintage baddie Vyjayantimala! She turns 92 this August.First South Indian to achieve superstardom in,2448,0.98,84,0,MiserableMidnight6,829.1,82367.0,56233.0,True,False
BollyBlindsNGossip,1l9i5ss,2025-06,1780726687,1749720806,"I won't name my dog Aamir. Dogs are loyal, sensible and intelligent but Aamir has none of these qual",2429,0.97,157,0,Enough-Discussion337,,,,,False
BollyBlindsNGossip,1laz94v,2025-06,1780726687,1749872750,Thought they were married lol... Btw Disha in traditional attire is bae,2310,0.96,109,0,Ok_Perspective281,,,,,False
BollyBlindsNGossip,1lo0j2t,2025-06,1780726687,1751265199,bruh 🫩,2263,0.93,454,0,AWK2545,2709.7,37324.0,22924.0,True,False
BollyBlindsNGossip,1lkvuuw,2025-06,1780726687,1750930657,Guru Randhawa taking a dig at ..?,2187,0.96,171,0,MranonymousSir,1599.5,30646.0,21187.0,True,False
BollyBlindsNGossip,1l81bzw,2025-06,1780726687,1749568489,"Is Aamir Khan the worst actor currently among 90's stars ( Khan's, Akshay and Ajay ) ?",2180,0.85,454,0,WolfAffectionatefk,508.9,53511.0,3142.0,True,False
BollyBlindsNGossip,1ln91va,2025-06,1780726687,1751183130,Used to rock local orchestra at some point 🤷🏻‍♀️,2155,0.88,66,0,error405minus1,1972.5,1447.0,6296.0,False,False
BollyBlindsNGossip,1ljwl9m,2025-06,1780726687,1750826256,"Diljit Dosanjh justifies his decision of working with Hania Amir and releasing the film, in an inter",2066,0.88,435,0,Immediate-Humor-6077,1564.1,66967.0,31343.0,True,False
BollyBlindsNGossip,1l5dn8d,2025-06,1780726687,1749275466,Deeper downfall of Netflix India,2065,0.97,260,0,Senior-Explorer11,1010.9,21669.0,41421.0,True,False
indiasocial,1lhsm9b,2025-06,1780726890,1750611242,I always wanted to buy these colorful balloons but my parents refused. Today in my 30s I bought one ,27085,0.95,429,0,Fun_evades_me,379.2,308119.0,115922.0,True,True
indiasocial,1l69rcw,2025-06,1780726890,1749381427,Someone is going to be happy today,19786,0.97,194,0,Traditional_Call9256,1108.8,18777.0,2698.0,True,True
indiasocial,1lf244k,2025-06,1780726890,1750308346,Very true in my case,12717,0.96,523,0,Capital_Key1527,680.8,5719.0,217.0,True,True
indiasocial,1lfw0hy,2025-06,1780726890,1750397167,Ordered eggs on Instamart and got this free. I'm a GUY,11549,0.93,938,0,furious-gun,636.1,7619.0,5955.0,True,True
indiasocial,1l5m9bx,2025-06,1780726890,1749306903,"Yo, post the craziest Pic you took!",11177,0.97,630,0,ForsakenDrip,,,,,True
indiasocial,1lc532j,2025-06,1780726890,1750006549,Proud Of Her!!!,10026,0.99,81,0,TheoryFruits,591.2,182759.0,7690.0,True,True
indiasocial,1lk1fha,2025-06,1780726890,1750844925,"EVERYONE, LOOK AT THIS",9323,0.98,759,0,ResponsibleWalrus361,,,,,True
indiasocial,1lnyp6k,2025-06,1780726890,1751258365,Found a pair of ₹2000 notes on my Dad's Raincoat. He passed away in 2017.,8976,0.97,236,0,rohit-joshi,935.8,7906.0,3246.0,True,True
indiasocial,1libvbf,2025-06,1780726890,1750669746,Literally.....,7968,0.98,111,0,kristen-hustler-2978,391.9,3216.0,273.0,True,True
indiasocial,1ldl5s4,2025-06,1780726890,1750161333,Things I cook/bake at the age of 21,7910,0.95,1091,0,BudgetLow74,,,,,True
indiasocial,1l5nsz0,2025-06,1780726890,1749310980,Bought 1kg chocos with my adult money because I can and no one can do anything about it (parents)😼,7729,0.99,541,0,picklepaapad,991.0,223589.0,68758.0,True,False
indiasocial,1lfef55,2025-06,1780726890,1750348730,Maybe life is just up and downs with meows,7649,0.99,221,0,Ok-Equipment-440,1610.9,17656.0,4194.0,True,False
indiasocial,1llo9qc,2025-06,1780726890,1751011177,Small treat to myself on the achivement of 2kg weight loss😋,7056,0.93,497,0,hitman_nazi,1822.2,9076.0,2397.0,True,False
indiasocial,1l8zn4q,2025-06,1780726890,1749665136,Help me!! Kut-kut wont let me studyy,6561,0.99,536,0,OwO_JoY,1469.4,23569.0,1361.0,True,False
indiasocial,1l7q52p,2025-06,1780726890,1749530871,Sun needs to chill tf out,6097,0.97,139,0,TheDoomsday_25,1864.1,39283.0,1393.0,True,False
indiasocial,1lbvmou,2025-06,1780726890,1749976938,Found a dirty cloth in a Haldiram packet,5657,0.95,679,0,Whiterose-_-,1594.6,3099.0,1890.0,True,False
indiasocial,1lgnch7,2025-06,1780726890,1750478000,A German photographer took photos of Indians in 1920s,5040,0.97,313,0,wakkanaii,1721.8,4891.0,526.0,True,False
indiasocial,1lfwo4c,2025-06,1780726890,1750399679,Got all these at ₹54 yesterday at 2AM,4989,0.98,387,0,Rahul_Kumar82,1614.1,8407.0,601.0,True,False
indiasocial,1lkwbb6,2025-06,1780726890,1750932379,Pune auto driver roasted my brother,4935,0.98,75,0,Current_Alfalfa6213,1867.6,2952.0,827.0,True,False
indiasocial,1lhmwje,2025-06,1780726890,1750595924,he didn't walk past and that made all the difference,4550,0.99,28,0,Yeet_TheVoid,,,,,False
indiasocial,1lhc0a8,2025-06,1780726890,1750555227,The Cats' intense fight even though person can't end.,4439,0.89,453,0,Rough-Ad7941,1888.0,4172.0,218.0,True,False
indiasocial,1l4ud22,2025-06,1780726890,1749221455,"This is what we saw in Theobroma: Runwal Greens, Mulund West, Mumbai",4438,0.99,302,0,Familiar-Guava-3123,1976.4,3513.0,335.0,True,False
indiasocial,1ljy9yj,2025-06,1780726890,1750832357,One show you can watch over and over again? I'll go first,4307,0.83,2549,0,Single-Asparagus8964,,,,,False
indiasocial,1lgw08a,2025-06,1780726890,1750510805,Should I get rabies shot?,4254,0.95,279,0,Agile_emphasis247,638.1,2175.0,3272.0,True,False
indiasocial,1lb368k,2025-06,1780726890,1749887273,My (31M) mom got me this and I cannot be happier.,4205,0.95,242,0,MenimE_77,,,,,False
indiasocial,1lk642t,2025-06,1780726890,1750859178,Whats the best course of action now 😭,4004,0.95,1274,0,No_Score7587,1465.3,7107.0,4930.0,True,False
indiasocial,1lmcrnm,2025-06,1780726890,1751080515,I underestimed my kid.,3961,0.96,284,0,lotus_eater_rat,964.8,20815.0,12584.0,True,False
indiasocial,1l9houp,2025-06,1780726890,1749718937,Air India flight crashed In Ahemdabad,3922,0.98,193,0,rajeev_i_am,2712.9,9948.0,27663.0,True,False
indiasocial,1lgq4ta,2025-06,1780726890,1750488185,She sleeps like she pays the rent !,3853,1.0,236,0,skullcrusher696969,510.7,2228.0,164.0,False,False
indiasocial,1le5m19,2025-06,1780726890,1750212848,Uhhhhhhhhh,3801,1.0,61,0,paper-boat10,,,,,False
indiasocial,1lj5d80,2025-06,1780726890,1750752484,Scene in my gym today,3629,0.95,473,0,SatanHimxelf,1321.1,10225.0,6521.0,True,False
indiasocial,1l6gx10,2025-06,1780726890,1749401725,Need a special kind of jail for such clowns,3245,0.96,514,0,StepNeighbour,1650.7,61539.0,6405.0,True,False
indiasocial,1lmfh1g,2025-06,1780726890,1751090076,Is there actually a difference in taste or am i actually crazy,3087,0.97,162,0,Objective_Emu_7457,,,,,False
indiasocial,1lmng7v,2025-06,1780726890,1751119061,"Wait for it, when the bass hits ...",3077,0.97,89,0,Sharp-Potential7934,,,,,False
indiasocial,1lj3jwo,2025-06,1780726890,1750745275,posted this on my society's group,3058,0.97,144,0,Growffle,2868.8,3306.0,263.0,True,False
indiasocial,1l7ecqp,2025-06,1780726890,1749498167,Last night of college life before joining corpo race!,2981,0.94,247,0,Direct-Wrongdoer-367,404.5,3329.0,2804.0,True,False
indiasocial,1lk74bc,2025-06,1780726890,1750861580,Every 90s memory begins on this floor,2935,1.0,106,0,Yeet_TheVoid,,,,,False
indiasocial,1ldd19j,2025-06,1780726890,1750130992,Someone's mom said NO.....,2839,0.99,66,0,Sharp-Potential7934,,,,,False
indiasocial,1leb776,2025-06,1780726890,1750232609,I found kids at my home,2788,0.91,340,0,goluguy6,655.8,2776.0,481.0,True,False
indiasocial,1ln7c5t,2025-06,1780726890,1751176391,"I made a chocolate cake. It was so yummy and everyone devoured it, but I later discovered that I had",2762,0.95,444,0,picklepaapad,991.0,223589.0,68758.0,True,False
developersIndia,1lhjica,2025-06,1780727093,1750582887,"I wrote a Bash script to skip a ~₹50 ""usage fee"" the app silently added",3769,0.98,178,0,the2ndfloorguy,2175.9,31625.0,3742.0,True,True
developersIndia,1l5lu2d,2025-06,1780727093,1749305734,"Moving to the US from India &amp; realizing that India loses because we play a ""Zero Sum Game""",3273,0.96,158,0,namanyayg,5097.9,20184.0,5394.0,True,True
developersIndia,1lc1oul,2025-06,1780727093,1749997860,"Never trust an HR, No matter what. A Gentle reminder.",2987,0.98,240,0,Minute-Taste-2023,1538.0,1828.0,4220.0,True,True
developersIndia,1l7qojl,2025-06,1780727093,1749532853,I used to feel dumb watching senior devs debug things in minutes…,2898,0.98,103,0,One-Flight-6025,672.0,4635.0,1288.0,True,True
developersIndia,1ln8ns8,2025-06,1780727093,1751181541,Amazon | SDE 1 | L4 | Interview Experience | Selected✅,2511,0.98,272,0,Brave-Version-8757,1875.8,1233.0,1160.0,True,True
developersIndia,1l90jb5,2025-06,1780727093,1749667205,I got rejected for being relaxed during the interview.,2048,0.99,78,0,amazingly-insane,2106.5,1645.0,1218.0,True,True
developersIndia,1lerj2o,2025-06,1780727093,1750278123,Interviews in India are insane compared to interviews at EU,1904,0.98,170,0,captainrushingin,3595.6,8865.0,7044.0,True,True
developersIndia,1lf6ruy,2025-06,1780727093,1750326416,I built Boeing Flight Detector - a browser extension that flags Boeing aircraft when you're booking ,1748,0.98,84,0,the2ndfloorguy,2175.9,31625.0,3742.0,True,True
developersIndia,1lkqd4t,2025-06,1780727093,1750910099,Not able to get a job in USA and flying back to India,1591,0.97,379,0,Belly_fat_,637.3,3254.0,391.0,True,True
developersIndia,1lbcsn6,2025-06,1780727093,1749918656,Took more than 450 interviews for a single vacancy. No one got selected.,1561,0.88,213,0,ZestycloseWater5742,,,,,True
developersIndia,1la8hek,2025-06,1780727093,1749794131,Guys I finally did it. I made my first switch after years of trying!!,1559,0.99,176,0,____vedant____,1876.9,838.0,385.0,True,False
developersIndia,1lnzmrk,2025-06,1780727093,1751261742,Company terminated me because i didn't completed 9 hours in office,1557,0.98,163,0,nul_exception,1955.8,1165.0,10732.0,True,False
developersIndia,1l8ma1y,2025-06,1780727093,1749626112,"6 years in backend development, started from WITCH and now in big PBC",1479,0.97,121,0,Embarrassed-Sun-7077,371.2,665.0,612.0,True,False
developersIndia,1lfhn0n,2025-06,1780727093,1750356346,Today I am happy that finally all my hardwork paid off,1477,0.99,202,0,Careless_Ad_7706,2060.8,2686.0,5445.0,True,False
developersIndia,1l5bah0,2025-06,1780727093,1749266928,I have completed a streak of 1200 days on Leetcode,1401,0.97,80,0,big_hole_energy,1142.8,254265.0,424.0,True,False
developersIndia,1lmde1r,2025-06,1780727093,1751082666,Just saw this news.Was the non compete class legal until now?,1360,0.99,46,0,arkhamk_,2207.3,618.0,16.0,True,False
developersIndia,1lcv6st,2025-06,1780727093,1750086247,19 LPA India vs 25 LPA Vietnam. please help me decide.,1280,0.95,308,0,ponikg,1353.2,679.0,11.0,True,False
developersIndia,1lkq9sp,2025-06,1780727093,1750909788,We need more tech builders in India. Not just coders.,1237,0.97,92,0,One-Flight-6025,672.0,4635.0,1288.0,True,False
developersIndia,1lmencu,2025-06,1780727093,1751087033,How i Rejected Infosys After They Once Rejected Me,1231,0.97,155,0,Environmental_Pipe29,1999.6,1266.0,1329.0,True,False
developersIndia,1lmtf2o,2025-06,1780727093,1751134313,TCS walk-in today at Hiranandani (Mumbai) experience.,970,0.99,116,0,SnooGuavas6069,2031.0,459.0,1246.0,True,False
developersIndia,1lm0bs9,2025-06,1780727093,1751046566,"People who started with 3-5 LPA, what is your salary now with YOE?",930,0.97,867,0,Satwik_1,602.1,533.0,304.0,True,False
developersIndia,1lf0s90,2025-06,1780727093,1750303855,10 Brutal Truths Every Developer Learns.I faced problems..,908,0.98,33,0,One-Flight-6025,672.0,4635.0,1288.0,True,False
developersIndia,1lgrvpr,2025-06,1780727093,1750495294,What is the best way to land a job in Europe sitting in India?,893,0.94,324,0,shank9717,4123.7,9282.0,25058.0,True,False
developersIndia,1lgwon8,2025-06,1780727093,1750512828,For my fellow tech bros. Please get your health check up done,841,0.99,82,0,Ok_View6806,397.2,409.0,132.0,True,False
developersIndia,1lmr07o,2025-06,1780727093,1751128227,Small win: Made CodeRunner and got appreciated by Google Gemini team!,837,0.99,33,0,uberuberubee,3606.9,7105.0,13835.0,True,False
developersIndia,1lioskc,2025-06,1780727093,1750704304,Got offered by a company finally. A bit emotional for me.,812,0.99,239,0,Electronic-Sail-4205,1243.1,361.0,297.0,True,False
developersIndia,1ljx9zc,2025-06,1780727093,1750828673,"I built a tool that forces you to scream ""I'm a loser"" to unlock social media",794,0.98,50,0,the2ndfloorguy,2175.9,31625.0,3742.0,True,False
developersIndia,1lfblrm,2025-06,1780727093,1750341780,12 hour working day bill in Karnataka and IT worker protests,790,0.98,135,0,indianthrowa,3159.3,2582.0,3363.0,False,False
developersIndia,1l67su7,2025-06,1780727093,1749373530,"1.5 Years, 1447 Applications, 22 Interviews, 4 Offers - My Raw, Unfiltered Job Switch Journey from S",781,0.99,111,0,Unlucky-Whole-9274,428.9,3313.0,8366.0,True,False
developersIndia,1lmgffu,2025-06,1780727093,1751093693,Camera should be on during working hours | US working hrs,763,0.97,156,0,unbeatable697,1155.3,1405.0,639.0,True,False
developersIndia,1ljapka,2025-06,1780727093,1750770610,What are my chances of getting an off-campus placement of like 17+ or 18+ lpa,731,0.92,327,0,Sudden-Bag-1611,1918.4,554.0,202.0,True,False
developersIndia,1lazs9m,2025-06,1780727093,1749874530,"My first time handling a production bug — panic, patience, and a lesson I won’t forget.",729,0.97,33,0,One-Flight-6025,672.0,4635.0,1288.0,True,False
developersIndia,1lcunmd,2025-06,1780727093,1750085008,500+ applications -&gt; 0 interviews. What's wrong with my Resume!??!,697,0.99,318,0,AlexJMercer24K,2614.7,8837.0,2135.0,True,False
developersIndia,1l9d9m9,2025-06,1780727093,1749701858,"I immediately loose respect for all ""cursor devs"" at my workplace.",694,0.87,149,0,Square_Pressure_6459,882.9,1950.0,1222.0,True,False
developersIndia,1llxrze,2025-06,1780727093,1751040512,Do higher the salary always equals higher the stress?,661,0.97,228,0,HousingFit2352,681.1,368.0,18.0,False,False
developersIndia,1ldp4u2,2025-06,1780727093,1750171811,TCS New Bench Policy - Tcs is No more an Retirement Plan,657,0.98,88,0,Jarvis_negotiater,923.7,44487.0,25201.0,True,False
developersIndia,1l8kqom,2025-06,1780727093,1749620017,Nobody talks about how long it takes to stop writing “tutorial code” and start writing “your own cod,657,0.99,39,0,One-Flight-6025,672.0,4635.0,1288.0,True,False
developersIndia,1ljeshr,2025-06,1780727093,1750780411,"Don't worry about salary, make sure don't lose your love for building things",651,0.99,58,0,DP13Cfc,1958.8,259.0,105.0,True,False
developersIndia,1lf34q5,2025-06,1780727093,1750312033,XenevaOS from North East India featured on Hacker News!,628,0.98,100,0,XenevaOS,892.3,1623.0,638.0,True,False
developersIndia,1l6io3i,2025-06,1780727093,1749406045,"I always wonders people with 40 or 50 LPA within a very short period of time, what exactly they’re d",626,0.95,236,0,Tall_Front1781,983.3,879.0,416.0,True,False
IndiaCricket,1la8awz,2025-06,1780727292,1749793443,"indian cricket looks so commercialized,felt the OG cricket vibes in AUS vs SA",9266,0.97,198,0,choker_18,486.9,23187.0,12086.0,True,True
IndiaCricket,1li9l5c,2025-06,1780727292,1750660549,This is so Jarring to even look at,6628,0.96,281,0,Significant-Lake-274,2056.8,19748.0,2404.0,True,True
IndiaCricket,1lg8ulf,2025-06,1780727292,1750438124,Shubman Gill brings an Illustratrious Hundred as the new Indian test captain,6278,0.97,350,0,Thick_thighs_lover1,,,,,True
IndiaCricket,1lg5kr4,2025-06,1780727292,1750430174,Jaiswal celebrates his first 100 on english soil.,6098,0.97,218,0,agitatedbet-3018,1319.9,9072.0,2831.0,True,True
IndiaCricket,1lguu9e,2025-06,1780727292,1750507023,Rishabh's falling paddle sweep is not accidental.,4763,0.98,313,0,sachintendulkar,366.1,69673.0,22267.0,True,True
IndiaCricket,1lhprvi,2025-06,1780727292,1750603987,Jasprit Bumrah picks up another 5 wicket haul,3530,0.98,152,0,NoKale1985,1217.1,12168.0,3798.0,True,True
IndiaCricket,1ln4x9v,2025-06,1780727292,1751167694,The greatest catch in Indian Cricket history considering the circumstances,3477,0.98,89,0,Koach_Chiku,,,,,True
IndiaCricket,1lbaosp,2025-06,1780727292,1749913161,Maybe unpopular opinion: WTC finals should be held at Lord's only,3345,0.93,444,0,lbrandon3399,2578.0,85962.0,39555.0,True,True
IndiaCricket,1l7ssac,2025-06,1780727292,1749541268,All 9 international wickets by Kohli,3092,0.99,101,0,Weary_Proposal_9655,,,,,True
IndiaCricket,1l7944k,2025-06,1780727292,1749486068,MS Dhoni is inducted into the ICC Hall of Fame!!,3039,0.98,141,0,Patient_Bobcat_6297,465.7,2808.0,2619.0,True,True
IndiaCricket,1l99k9b,2025-06,1780727292,1749690375,One of the most memorable matches of our generation. Yuvraj's 150 &amp; Dhoni's 134. India vs Englan,3019,0.99,87,0,Weary_Proposal_9655,,,,,False
IndiaCricket,1ljb42i,2025-06,1780727292,1750771686,Jaiswal drops a Duckett on 97*,2815,0.97,241,0,ThEmAfIA14_,1910.3,34177.0,16818.0,True,False
IndiaCricket,1l67pwi,2025-06,1780727292,1749373211,Shashank Singh talks about the moment when Shreyas Iyer scolded him after Qualifier 2 for his run ou,2739,0.98,63,0,Odd-House3197,486.4,448954.0,95605.0,True,False
IndiaCricket,1lny7o2,2025-06,1780727292,1751256658,When Hardik catches a random Teeshirt while singing and Bumrah acknowledges behind him! Crazy memori,2498,0.99,47,0,Laxmikant7700,2169.2,62937.0,883.0,True,False
IndiaCricket,1lj928l,2025-06,1780727292,1750765959,Jadeja's reaction on umpires agreeing the ball change,2465,0.99,52,0,ThEmAfIA14_,1910.3,34177.0,16818.0,True,False
IndiaCricket,1l4pfk3,2025-06,1780727292,1749207170,Piyush Chawla you beauty. Happy retirement IPL legend.,2371,0.99,45,0,Frosty_Jeweler911,395.0,1404615.0,6194.0,True,False
IndiaCricket,1lgoh4g,2025-06,1780727292,1750481941,Lmao Kl Rahul's reaction after meeting pant in dressing room | BCCI X,2360,0.99,64,0,Additional-Battle10,513.1,119411.0,4403.0,True,False
IndiaCricket,1ll1e7l,2025-06,1780727292,1750947712,Ajinkya Rahane started his youtube channel. I think it's over,2309,0.97,141,0,NormalDetective4767,367.3,1106.0,356.0,True,False
IndiaCricket,1leewiw,2025-06,1780727292,1750246897,These 2 are the exact moment where 99% of us lost all hope,2191,0.96,199,0,KapilRB,993.2,113645.0,26762.0,True,False
IndiaCricket,1liip4c,2025-06,1780727292,1750690481,Rishabh Pant’s stump mic snippet,2186,1.0,35,0,Dangerous_Tip_4985,1633.4,102528.0,15117.0,True,False
IndiaCricket,1lmg2f9,2025-06,1780727292,1751092303,When Umesh Yadav Scored 31 off 10 Balls Against South Africa in Tests,2096,0.98,86,0,UnplannedMF,415.3,320750.0,6034.0,True,False
IndiaCricket,1lgc5w4,2025-06,1780727292,1750446164,"Yashasvi Jaiswal to Shubman Gill: ""Just tell me NO loudly when you don't want a run, I've a habit to",2093,1.0,104,0,MidnightWolf__,480.3,130895.0,64401.0,True,False
IndiaCricket,1lb6l86,2025-06,1780727292,1749900899,"Aiden Markram dismissed at 136(207), Simply a legendary innings",2070,0.98,42,0,Same_Investigator_46,1094.5,1090135.0,113241.0,True,False
IndiaCricket,1lbvscj,2025-06,1780727292,1749977610,Local man is very confused,2027,0.87,254,0,Nervous-Calendar9803,,,,,False
IndiaCricket,1l5ni8a,2025-06,1780727292,1749310196,Now there is no individual obsession among fans over ICT. Now cricket can just treated as a sports,1995,0.96,202,0,P_Tranquility9,1270.2,24886.0,162768.0,False,False
IndiaCricket,1lmtw87,2025-06,1780727292,1751135544,"Exactly a year ago, 11 men fulfilled the dreams of a billion people.",1960,0.99,27,0,Koach_Chiku,,,,,False
IndiaCricket,1lc0zzp,2025-06,1780727292,1749995991,What could have been. What once was,1919,0.98,143,0,progressthroway,1195.7,12243.0,2929.0,True,False
IndiaCricket,1lb7cvl,2025-06,1780727292,1749903491,"So, he lost his life’s first final match.",1819,0.97,109,0,PollutionWild1572,,,,,False
IndiaCricket,1lb92m1,2025-06,1780727292,1749908745,From Chokers to Champions — A Poetic Journey to Glory,1776,1.0,31,0,_444_444_4444,511.7,2545.0,27792.0,True,False
IndiaCricket,1lgnt3r,2025-06,1780727292,1750479589,"""Kohli added so much to this game of cricket"" - Nasser Hussain",1747,0.98,47,0,Brave-Specialist-381,,,,,False
IndiaCricket,1laau0p,2025-06,1780727292,1749803737,Flattest six I have ever seen,1735,0.98,62,0,progressthroway,1195.7,12243.0,2929.0,True,False
IndiaCricket,1ljua5g,2025-06,1780727292,1750818894,Even the middle order ain’t good DK if u remove pant,1699,1.0,43,0,Batboix3107,,,,,False
IndiaCricket,1lj84wl,2025-06,1780727292,1750762981,Gill- Bhai ek taraf se Muhammad hai ek taraf se Krishna ha dono bhagwan aagaye hai,1682,0.98,81,0,Anxious-Progress3480,1408.0,22006.0,23067.0,True,False
IndiaCricket,1ln78u1,2025-06,1780727292,1751176039,It's already been a year. One video from the archives,1651,0.99,29,0,MidnightWolf__,480.3,130895.0,64401.0,True,False
IndiaCricket,1lg2h0p,2025-06,1780727292,1750421649,The Difference in Quality and Aesthetics Between JioHotstar and Sky Sports,1630,0.99,134,0,UnplannedMF,415.3,320750.0,6034.0,True,False
IndiaCricket,1l5f3uf,2025-06,1780727292,1749281316,Wonderful display of range hitting by MSD,1591,0.95,92,0,Dangerous_Tip_4985,1633.4,102528.0,15117.0,True,False
IndiaCricket,1l8v2fi,2025-06,1780727292,1749654373,Ravi Shastri on Virat Kohli's Test retirement,1583,0.96,120,0,Odd-House3197,486.4,448954.0,95605.0,True,False
IndiaCricket,1ldo9zz,2025-06,1780727292,1750169763,The Most Casual Monster Six Ever? Yuvraj vs Lee,1581,1.0,44,0,Downtown-Chemical-42,465.8,65490.0,2729.0,True,False
IndiaCricket,1lhqb4r,2025-06,1780727292,1750605365,Saisu school of witchcraft and wizardry,1551,0.99,59,0,Impossible-Sector-90,1804.9,1128.0,3282.0,True,False
IndiaCricket,1lcxs5d,2025-06,1780727292,1750092188,Already GOAT stats. But will he have the longevity?,1528,0.98,108,0,Bulky-Necessary-577,2014.4,1079.0,1519.0,True,False
bollywood,1ln7h3p,2025-06,1780727500,1751176905,Pretty sure this is the only instance in Indian film history where an 82 year old completely outshon,6740,0.96,203,0,SureManufacturer6714,,,,,True
bollywood,1la9qoz,2025-06,1780727500,1749799156,They probably had no clue that people in the future would have internet! 😭,5868,0.99,178,0,SureManufacturer6714,,,,,True
bollywood,1llzgsm,2025-06,1780727500,1751044491,One of the most cringe-inducing scenes ever put to film!,2285,0.92,385,0,UndeadReborn,691.5,93436.0,79847.0,True,True
bollywood,1l77s6w,2025-06,1780727500,1749482969,The real reason why Taani never realised that Raj is Suri...,2215,0.97,147,0,Neo_The_bluepill_One,2302.0,206379.0,57858.0,True,True
bollywood,1lhgl98,2025-06,1780727500,1750571193,Still Baffles me How He Didn't got National Award For This,2019,0.98,67,0,SuspiciousWeekend41,,,,,True
bollywood,1lbbh2h,2025-06,1780727500,1749915203,I think we as a society is not mad enough at Nargis,1608,0.91,234,0,Invincible_Fanatic,369.0,913.0,1187.0,True,True
bollywood,1lgpodx,2025-06,1780727500,1750486425,"After watching #SitaareZameenPar, I can say that you don't need girls in Bikini shots to make the au",1415,0.93,102,0,Less-Web-1847,390.0,1313.0,4937.0,False,True
bollywood,1lam0jb,2025-06,1780727500,1749836121,Remembering Sushant Singh Rajput who left us five years ago,1348,0.97,98,0,DifferentMaize9794,474.4,303622.0,19133.0,True,True
bollywood,1lb8tkj,2025-06,1780727500,1749908001,Name one such movie,1329,0.97,1624,0,speaking_facts06,1936.0,15282.0,243047.0,False,True
bollywood,1ldtxpw,2025-06,1780727500,1750182807,"Did you know this one person behind all these whistle tunes? He is Nagesh Surve, and have already gi",1281,1.0,33,0,pntfams,698.1,2906.0,1191.0,True,True
bollywood,1l8v1nu,2025-06,1780727500,1749654325,Is Baby the best Bollywood spy thriller?,1010,0.95,173,0,Agile-General-7986,1103.4,1764.0,1857.0,True,False
bollywood,1l4rrwu,2025-06,1780727500,1749214736,THIS WAS THE PEAK MASS MOMENT specially that BGM and that red evil look of Vijay 🔥,1000,0.96,45,0,Correct-Dog8378,,,,,False
bollywood,1lf21e0,2025-06,1780727500,1750308078,The Holy Trinity of Acting,879,0.99,37,0,SuspiciousWeekend41,,,,,False
bollywood,1lipimx,2025-06,1780727500,1750705954,Who had the most swag as cop/army officer?,845,0.95,634,0,Big-Friendship-5022,502.8,138380.0,9808.0,True,False
bollywood,1lhjulr,2025-06,1780727500,1750584354,Was this based on a real incident? Because Amitabh was super popular in South Africa at his peak!,810,0.98,37,0,SureManufacturer6714,,,,,False
bollywood,1lcvwel,2025-06,1780727500,1750087880,What did i just watched?? 😭😭,792,0.93,240,0,GhostlyGlobeExplorer,811.4,2968.0,2343.0,True,False
bollywood,1l68r3s,2025-06,1780727500,1749377476,"Nobody Talks About These Bollywood “Flops”, But They Aged Like Fine Wine",769,0.97,73,0,s_suri_93,1236.2,12607.0,238.0,False,False
bollywood,1llbxsu,2025-06,1780727500,1750972574,Khakee was a great movie,727,0.99,54,0,shawerma114,672.0,122914.0,77360.0,True,False
bollywood,1lg8qp8,2025-06,1780727500,1750437859,Sitaare Zameen Par made ₹10.50 crore on its first day!,661,0.94,76,0,SureManufacturer6714,,,,,False
bollywood,1ldjpf3,2025-06,1780727500,1750156412,I had not expected 12th fail,654,0.93,134,0,instaisbest,551.2,25587.0,4564.0,False,False
IndianStockMarket,1llo3ny,2025-06,1780727696,1751010465,Ambani to enter the stock broking business... 👀,1345,0.98,141,0,stocktwitsindia,949.3,40104.0,28.0,True,True
IndianStockMarket,1l7877i,2025-06,1780727696,1749483947,Could Rapido’s entry into food delivery pose a real threat to SWIGGY and ETERNAL?,1098,0.98,63,0,stocktwitsindia,949.3,40104.0,28.0,True,True
IndianStockMarket,1l9lo2f,2025-06,1780727696,1749732663,"Just buy India, do yourself a favour! Insane optimism... 👀",1090,0.96,65,0,stocktwitsindia,949.3,40104.0,28.0,True,True
IndianStockMarket,1ll3d2a,2025-06,1780727696,1750952419,Ola shares plummet to 72% from record highs in August 24,997,0.96,73,0,mumbastico,,,,,True
IndianStockMarket,1leg4wk,2025-06,1780727696,1750250650,Thoughts?,916,0.93,80,0,stocktwitsindia,949.3,40104.0,28.0,True,True
IndianStockMarket,1l8noqb,2025-06,1780727696,1749631830,Is Zomato cooked?,802,0.97,95,0,ShivyShanky,3262.7,17466.0,49804.0,True,True
IndianStockMarket,1l6yrdf,2025-06,1780727696,1749454776,"Starlink to launch at ₹3,000/month in India 👀",764,0.95,216,0,stocktwitsindia,949.3,40104.0,28.0,True,True
IndianStockMarket,1l4m5w9,2025-06,1780727696,1749193706,"“Call me a fugitive, but I am not a chor.” - Vijay Mallya",760,0.95,172,0,Whole-Barracuda-367,395.3,6450.0,401.0,True,True
IndianStockMarket,1lmgxy3,2025-06,1780727696,1751095712,How do I take this 1Cr+ Portfolio to 2 Cr.,738,0.96,225,0,chitownboyhere,3929.6,2427.0,20139.0,True,True
IndianStockMarket,1lkted5,2025-06,1780727696,1750920862,Akshat Srivastava Kicked me out :O,721,0.97,104,0,Durinsaxe,2834.0,1229.0,3419.0,True,True
IndianStockMarket,1l7tt4l,2025-06,1780727696,1749545561,SIP Inflows hits fresh highs!,701,0.98,69,0,stocktwitsindia,949.3,40104.0,28.0,True,False
IndianStockMarket,1l9galg,2025-06,1780727696,1749713126,Groww is silently locking your mutual funds check now,634,0.99,205,0,Born_Figure_6852,395.0,5153.0,903.0,True,False
IndianStockMarket,1la87ba,2025-06,1780727696,1749793069,Busting 80 crore myth: JSVL shares are only 21 lakhs,594,0.95,31,0,the__upshot,1560.9,310.0,1.0,True,False
IndianStockMarket,1l4nqv8,2025-06,1780727696,1749200435,💰 ICICI Bank – Where employees do more “withdrawals” than customers 😂,444,0.98,41,0,limtan90,518.7,941.0,139.0,True,False
IndianStockMarket,1lc9htm,2025-06,1780727696,1750017566,Aks*at S*rivastava - The OG of everything,416,0.91,84,0,InnateCandor,1071.9,226.0,2750.0,True,False
IndianStockMarket,1lbsdba,2025-06,1780727696,1749964044,Anand Srinivasan + manapuram = 🤑🤑🤑,414,0.93,68,0,ExcitingFeedback794,1661.7,632.0,10876.0,True,False
IndianStockMarket,1lmlxy3,2025-06,1780727696,1751114642,Why is parag parikh flexi fund in everyone's portfolio.,390,0.94,79,0,Key_Lawfulness2611,440.1,235.0,31.0,True,False
IndianStockMarket,1ljgez1,2025-06,1780727696,1750784098,Don’t just SIP. Buy the dips too.,384,0.97,40,0,CAGRGuy,353.1,21004.0,2718.0,True,False
IndianStockMarket,1llts3x,2025-06,1780727696,1751030601,"India ranks as the 50th poorest country in the world by GDP per capita in 2025, at just $2.9K",382,0.9,105,0,Broad-Research5220,1579.6,111885.0,17683.0,True,False
IndianStockMarket,1lj9q95,2025-06,1780727696,1750767922,Ramesh Damani is super bullish 👀,381,0.97,43,0,stocktwitsindia,949.3,40104.0,28.0,True,False
IndianStockMarket,1l5otvv,2025-06,1780727696,1749313620,LKMM seeks Jagdishan’s suspension over fraud,378,0.97,33,0,stocktwitsindia,949.3,40104.0,28.0,True,False
IndianStockMarket,1l8qzb1,2025-06,1780727696,1749643727,Combined market cap of all the companies listed on BSE hits $5.3 trillion,361,0.96,12,0,stocktwitsindia,949.3,40104.0,28.0,True,False
IndianStockMarket,1la31hm,2025-06,1780727696,1749776124,Brace yourself!,356,0.97,49,0,Hawa-hawai7,636.4,501.0,935.0,True,False
IndianStockMarket,1l4urnd,2025-06,1780727696,1749222439,Most retail investors laughed at 12%,328,0.94,23,0,Broad-Research5220,1579.6,111885.0,17683.0,True,False
indiaspeaks,1l5er3o,2025-06,1780727910,1749279875,The perfect response to this.,6470,0.95,157,0,SatoruGojo232,864.4,2347967.0,240368.0,True,True
indiaspeaks,1l9s2d5,2025-06,1780727910,1749748476,The tragic story of Dr. joshi Family.,4253,0.99,185,0,rajeev_i_am,2712.9,9948.0,27663.0,True,True
indiaspeaks,1lkvbpx,2025-06,1780727910,1750928568,This is how you take a stand for your country!,3917,0.97,70,0,Yeet_TheVoid,,,,,True
indiaspeaks,1lf52fo,2025-06,1780727910,1750319521,"Evacuated by the Indian govt from Iran against all odds, but these students are still mad. At Delhi'",3797,0.94,471,0,Yeet_TheVoid,,,,,True
indiaspeaks,1lifznz,2025-06,1780727910,1750683697,"Every time there's something nice, we find a way to spoil it",3635,0.99,95,0,theindieboi,2386.1,62436.0,29245.0,True,True
indiaspeaks,1lgtdwv,2025-06,1780727910,1750501586,India permanently suspends indus water treaty forever,3575,0.98,183,0,CartographerOwn3656,1668.7,46775.0,53986.0,True,True
indiaspeaks,1lnwawh,2025-06,1780727910,1751250383,"Lucknow: A day before Muharram, 300 firearms and 50,000 cartridges seized from a house, Hakim Salahu",3466,0.98,98,0,theanonymoussking,789.9,222720.0,93047.0,True,True
indiaspeaks,1lgo5t7,2025-06,1780727910,1750480829,When the President of India got emotional. Little children who are visually impaired sang to her on ,3433,0.99,35,0,Agreeable-Ask-968,,,,,True
indiaspeaks,1l657nq,2025-06,1780727910,1749362894,Sacrifice doesn't have to mean suffering...,3280,0.93,118,0,Agreeable-Ask-968,,,,,True
indiaspeaks,1l4q2lx,2025-06,1780727910,1749209418,"Vande Bharat Train Crosses World's Highest Railway Bridge ""Chenab Rail Bridge"" On Jammu-Srinagar Rou",3160,1.0,28,0,Yeet_TheVoid,,,,,True
indiaspeaks,1li6ftn,2025-06,1780727910,1750649238,As usual it's people vs Civic sense,2953,0.98,189,0,Agreeable-Ask-968,,,,,False
indiaspeaks,1l7r2vm,2025-06,1780727910,1749534375,And it's Jodhpur this time!,2888,0.96,165,0,Yeet_TheVoid,,,,,False
indiaspeaks,1l4px4b,2025-06,1780727910,1749208889,Man who raped toddler near Lucknow metro station killed in police encounter,2827,0.99,95,0,SatoruGojo232,864.4,2347967.0,240368.0,True,False
indiaspeaks,1l5ctku,2025-06,1780727910,1749272361,[OLD] Ten years ago PETA held a rally in India asking Muslims to turn Vegan at Eid. Their activists ,2770,0.98,104,0,Glass-Earth,2240.2,153093.0,4237.0,False,False
indiaspeaks,1ln56g6,2025-06,1780727910,1751168574,A wholesome and sweet moment of an Indian soldier's happy interaction with young children in Northea,2674,1.0,28,0,SatoruGojo232,864.4,2347967.0,240368.0,True,False
indiaspeaks,1laa7er,2025-06,1780727910,1749801089,This is everywhere in India. Why can't we change this VIP culture?,2649,0.99,87,0,Daddy_Hacked,893.6,2633.0,1641.0,True,False
indiaspeaks,1ldjjgm,2025-06,1780727910,1750155805,Bike seized for carrying extra helmet,2619,0.98,90,0,DearEmphasis4488,2012.0,786218.0,87140.0,True,False
indiaspeaks,1lkzxe7,2025-06,1780727910,1750943894,"The moment Shubhanshu Shukla entered the International Space Station, making him the 1st Indian ever",2604,0.99,60,0,GiveMeSomeSunshine3,448.8,1815823.0,223800.0,True,False
indiaspeaks,1l6zu16,2025-06,1780727910,1749459217,1 year to the day when India thrashed Pakistan's premature celebrations.,2585,0.99,56,0,GiveMeSomeSunshine3,448.8,1815823.0,223800.0,True,False
indiaspeaks,1lcsdf3,2025-06,1780727910,1750079357,India slowly tightening the noose around Turkey?,2567,0.97,97,0,Yeet_TheVoid,,,,,False
indiaspeaks,1lf8di4,2025-06,1780727910,1750332345,"""Hurt sentiments"" as government made Iran return students wait for Bus to travel to J&amp;K. These g",2508,0.98,247,0,Gyaandalla,712.8,11641.0,3631.0,True,False
indiaspeaks,1l65a9s,2025-06,1780727910,1749363178,"This is not Bangladesh, it's Kolkata",2462,0.96,121,0,Yeet_TheVoid,,,,,False
indiaspeaks,1lhscaz,2025-06,1780727910,1750610536,"All the doors and windows were open, which allowed much of the gas to escape outside and significant",2400,0.99,159,0,Yeet_TheVoid,,,,,False
indiaspeaks,1lclqm2,2025-06,1780727910,1750055234,"Peak hour chaos on Mumbai local trains, How is this considered normal?",2335,0.98,225,0,Yeet_TheVoid,,,,,False
indiaspeaks,1leg085,2025-06,1780727910,1750250277,Meloni to Modi : You are the best 🥳,2293,0.97,70,0,Juno-RebelutionX,3211.2,19094.0,25860.0,True,False
indiaspeaks,1lkf0we,2025-06,1780727910,1750879603,Shark Tank India mocks 70 hours work week. Such boldness is rare nowadays.,2267,0.99,23,0,Any_Union_2279,769.6,30338.0,10674.0,True,False
indiaspeaks,1l9huee,2025-06,1780727910,1749719571,Air India plane crash,2262,0.98,200,0,ultron290196,2877.3,242379.0,133554.0,True,False
indiaspeaks,1ldltbn,2025-06,1780727910,1750163258,I agree with this. Do others too?,2247,0.99,76,0,Gyaandalla,712.8,11641.0,3631.0,True,False
indiaspeaks,1llm2nv,2025-06,1780727910,1751002590,The Day They Met the God Who Moved,2173,0.98,21,0,Yeet_TheVoid,,,,,False
indiaspeaks,1l5oq4o,2025-06,1780727910,1749313343,India is 10 years behind Pakistan in everything - Shahid Afridi,2142,0.97,403,0,girlikeapearl_,1379.1,72770.0,28622.0,True,False
indiaspeaks,1lc6tqq,2025-06,1780727910,1750010834,What do you guys think??,2124,0.93,97,0,riggedgoku,529.8,7186.0,1651.0,True,False
indiaspeaks,1lc3uco,2025-06,1780727910,1750003454,India on Brink of ‘Guyana-Sized’ Oil Discovery in Andaman Sea: India petroleum minister Hardeep Puri,2069,0.98,180,0,girlikeapearl_,1379.1,72770.0,28622.0,True,False
indiaspeaks,1la733i,2025-06,1780727910,1749789007,"Studying 250 km away from home. My grandma sent me this packet of ₹5 and ₹10 coins. Don’t know why, ",1999,1.0,63,0,Dev_Tiwary_Ydt07,1396.2,22294.0,1221.0,True,False
indiaspeaks,1l6x8na,2025-06,1780727910,1749448668,"Says don't exploit animals at Kedarnath, eats them later",1921,0.92,179,0,Yeet_TheVoid,,,,,False
indiaspeaks,1lmgqyj,2025-06,1780727910,1751094945,Chess grandmaster vidit on Bangladesh Durga Temple Destruction by Extremists,1917,0.98,31,0,Yeet_TheVoid,,,,,False
indiaspeaks,1l7ylby,2025-06,1780727910,1749561706,Wish more people understood this,1908,0.96,122,0,Gyaandalla,712.8,11641.0,3631.0,True,False
indiaspeaks,1lg1jbp,2025-06,1780727910,1750418577,Hemant sharma biswas is the only BJP leader with true guts,1902,0.86,278,0,CartographerOwn3656,1668.7,46775.0,53986.0,True,False
indiaspeaks,1l4nmyv,2025-06,1780727910,1749199945,The Indian podcast scene has turned into a PR rehab center for white-collar fugitives.,1881,0.91,130,0,Yeet_TheVoid,,,,,False
indiaspeaks,1ljymyu,2025-06,1780727910,1750833734,Milkha Singh on Diljit Traitor.,1852,0.98,43,0,Yeet_TheVoid,,,,,False
indiaspeaks,1l8lk54,2025-06,1780727910,1749623227,Rapido Enters the Food Delivery Game at Half the Price: The Beauty of a Modest Dose of Capitalism in,1847,0.99,45,0,misterggggggg,2244.7,3498.0,5236.0,True,False
IndiaInvestments,1l4mhwq,2025-06,1780728111,1749195057,RBI cuts repo rate by further 50 bps to 5.50% . Heres an advice for people with loan or people who w,256,0.97,125,0,Lamesarcasm_Dankmind,2005.6,18124.0,2416.0,True,True
IndiaInvestments,1lhh22o,2025-06,1780728111,1750572963,"How a bank manager sold a legal scam to my friend’s family. SBI Life Smart Platina Plus, broken down",248,0.96,37,0,Chenghayi,2403.1,5255.0,13251.0,True,True
IndiaInvestments,1l8q0r7,2025-06,1780728111,1749640708,Net FDI into India plunges by 96.5% to an all-time-low due to increased repatriation,233,0.95,14,0,sharedevaaste,2030.8,125749.0,21933.0,True,True
IndiaInvestments,1leaaqz,2025-06,1780728111,1750229013,Let me teach you how to do proper documentation for health insurance so that your claim doesnt get r,183,0.93,32,0,ferly18,1688.6,1846.0,396.0,True,True
IndiaInvestments,1lgt8zc,2025-06,1780728111,1750501032,"IndusInd was on fire because of mis-accounting a ₹1,500 crore expense. With that happening, the CEO ",179,0.97,11,0,tareekpetareek,1978.0,9234.0,1589.0,True,True
IndiaInvestments,1ligi7w,2025-06,1780728111,1750685073,[Warning] Almost Fell for a “Business Partnership” Scam – Sharing My Experience to Help Others,139,0.97,61,0,IAMPAIN07,1264.0,2415.0,705.0,True,True
IndiaInvestments,1lksi55,2025-06,1780728111,1750917472,A basic and easy guide to clear all the confusion regarding loan rates and how they reset,74,0.97,28,0,Lamesarcasm_Dankmind,2005.6,18124.0,2416.0,True,True
IndiaInvestments,1l7fq61,2025-06,1780728111,1749501302,What things should I keep in mind before entering into US Stock Market via IND Money?,61,0.93,76,0,One-Giraffe1614,1798.3,4138.0,5110.0,True,True
IndiaInvestments,1l4yerk,2025-06,1780728111,1749231277,"Repo Rate update : Home Loan Union Bank agreed on 8% ROI two days ago. After the change, they are gi",55,0.97,15,0,snivvygreasy,,,,,True
IndiaInvestments,1loe29b,2025-06,1780728111,1751305469,Just got a mail from CDSL that my KYC phone number for Angelbroking has changed from my personal num,46,0.98,16,0,lonerblues,2594.5,1664.0,12866.0,False,True
IndiaInvestments,1lj634r,2025-06,1780728111,1750755382,Kalyan is telling me to buy gold within 1 week or I wont get any benefits of the scheme,36,0.77,29,0,TurbulentDaikon6743,1331.9,2471.0,12236.0,True,False
IndiaInvestments,1lkoude,2025-06,1780728111,1750905321,Has anyone here successfully converted physical shares to demat using Zerodha's service? Was it comp,30,1.0,12,0,santalopa,3856.8,796.0,829.0,True,False
IndiaInvestments,1lb2k03,2025-06,1780728111,1749884787,Vested offering 1% cashback in 12 monthly installments if you bring in your US stocks to their platf,30,0.94,25,0,Doc__Zoidberg,3953.4,692.0,2881.0,True,False
IndiaInvestments,1l7a8eq,2025-06,1780728111,1749488687,Unable to access NSE and BSE websites all of a sudden in France. Any help welcome,24,0.84,24,0,uddipta,4953.6,106117.0,8363.0,True,False
IndiaInvestments,1l743ue,2025-06,1780728111,1749473850,How do you research real estate market before buying or selling property?,21,0.92,9,0,iSillyfishy,2843.7,38282.0,4662.0,True,False
IndiaInvestments,1lm1hap,2025-06,1780728111,1751049358,Question on common wisdom of investing in small number of Mutual funds.,19,0.91,25,0,hobbesid,2950.8,562.0,436.0,True,False
IndiaInvestments,1l9jlnw,2025-06,1780728111,1749726131,Invest into Index / MFs / Bonds / G-Sec as a pvt. ltd. company,5,0.63,10,0,mittalyashu,2912.1,1438.0,2413.0,True,False
IndiaInvestments,1l7d3md,2025-06,1780728111,1749495291,Is onepercentclub from sharan hedge good? any tips or reviews ?,0,0.28,34,0,Prudent-Proof-3588,,,,,False
AskIndia,1lj6quk,2025-06,1780728290,1750757953,Why do Indian students expect to be spoon fed by everyone ?,1736,0.96,197,0,Thaiyervadai,,,,,True
AskIndia,1lkf440,2025-06,1780728290,1750879813,India's corruption is due to it's people not by their leaders . An average person is just to corrupt,803,0.96,98,0,badluck678,,,,,True
AskIndia,1lksws7,2025-06,1780728290,1750918970,"What’s a ""bare minimum"" behavior that instantly makes someone 10x more attractive?",765,0.98,340,0,bada_don,1062.2,755.0,236.0,True,True
AskIndia,1lfw70w,2025-06,1780728290,1750397856,Why are we Indian Redditors like this?,719,0.94,109,0,LongjumpingCorgi8155,967.3,793.0,727.0,True,True
AskIndia,1lheuf2,2025-06,1780728290,1750564780,Do you still believe Modi improved India’s global image and that Indians are more respected worldwid,666,0.82,623,0,Ramen-hypothesis,,,,,True
AskIndia,1l7txbz,2025-06,1780728290,1749546042,Why is the Indian beauty standard so Eurocentric?,652,0.92,223,0,Comfortable_Day_224,,,,,True
AskIndia,1ldwnov,2025-06,1780728290,1750189037,OP getting married to Love of 8 years,592,0.96,83,0,ImpactKindly2754,1309.7,8125.0,1713.0,True,True
AskIndia,1ldmvqq,2025-06,1780728290,1750166235,Rich people of India how do you buy undergarments,582,0.93,370,0,Brilliant-Fan-3612,1383.2,3014.0,507.0,True,True
AskIndia,1lnb8a6,2025-06,1780728290,1751191948,RANT!!! AMAZON PRIME IS CROSSING ITS LIMITS NOW!!!,572,0.95,147,0,digShe96,945.8,247.0,183.0,True,True
AskIndia,1ljyfsj,2025-06,1780728290,1750832979,Which profession you would never date ?,537,0.94,1350,0,_buri_buri_zaemon,422.9,581.0,4528.0,True,True
AskIndia,1lhxe5u,2025-06,1780728290,1750623135,What do you hate most about Indian patriarchy?,529,0.8,463,0,Gravitycaliber,,,,,False
AskIndia,1l77zs6,2025-06,1780728290,1749483450,Hypocrisy af: Indians Crying Racism from western countries while Being Racist at Home,503,0.83,199,0,SnooCakes9395,2110.8,1643.0,2484.0,True,False
AskIndia,1llzlwn,2025-06,1780728290,1751044837,How to spoil my husband?,467,0.96,264,0,Few-Indication2541,827.7,1244.0,8622.0,False,False
AskIndia,1l6kczs,2025-06,1780728290,1749410241,"Dear people working at Google, the reels I see on Instagram—are they real?",463,0.95,78,0,No_Village_2727,717.2,1734.0,599.0,True,False
AskIndia,1l7vjst,2025-06,1780728290,1749552347,Should Indians be made to complete basic Etiquette and civic sense training when travelling abroad f,461,0.94,88,0,Moonsolid,1011.6,1990.0,9420.0,True,False
AskIndia,1lmpg0d,2025-06,1780728290,1751124287,Indian kids lacking general knowledge,451,0.96,88,0,Scared-Extension-302,774.2,393.0,145.0,True,False
AskIndia,1ldij87,2025-06,1780728290,1750151854,"Indian husbands, what's one thing your wife does that you'd never admit you secretly love?",451,0.96,193,0,Prior_Bat_8014,,,,,False
AskIndia,1lnxo4u,2025-06,1780728290,1751254823,"Why do some people obsessed with earning more money,when they already earn enough to live comfortabl",403,0.88,164,0,kaatupoochi10,2395.9,17401.0,3539.0,True,False
AskIndia,1l86dx2,2025-06,1780728290,1749580167,Does anyone question why they were born in India if all the places?,401,0.77,434,0,Judgemental_Fuck4657,375.9,345.0,180.0,False,False
AskIndia,1lknpgm,2025-06,1780728290,1750901976,What’s a nice gift I could give an Indian couple in their 80s for being very friendly.,363,0.98,83,0,Kweefus,2819.8,514.0,42589.0,False,False
AskIndia,1lidcb2,2025-06,1780728290,1750675349,Why do Gujaratis dominate business across India—even when they move away from Gujarat?,358,0.9,122,0,Prior_Bat_8014,,,,,False
AskIndia,1lnapg5,2025-06,1780728290,1751189872,Why do indian schools have rules for boy's harcut?,351,0.94,108,0,Zealousideal-Wish-22,,,,,False
AskIndia,1ldg3c8,2025-06,1780728290,1750141852,Which 3 Indian cities are the best to move in according to you?,337,0.93,449,0,Elegant_Telephone894,,,,,False
AskIndia,1lksylv,2025-06,1780728290,1750919154,Why do people think atheists are trying to be oversmart?,330,0.86,521,0,Gravitycaliber,,,,,False
AskIndia,1lo27zl,2025-06,1780728290,1751272059,"Are we, the people of India really that stupid.",302,0.92,79,0,apurvag2799,2020.8,1146.0,21185.0,True,False
AskIndia,1l90j6d,2025-06,1780728290,1749667198,"In India, too many people who don't deserve to be parents are parents. How true is this statement?",296,0.95,63,0,DumbFiasco,859.8,938.0,868.0,True,False
AskIndia,1l7o4r7,2025-06,1780728290,1749524219,What led to the increase in hate against Indians by Black people?,291,0.86,207,0,Curly_In_Orbit03,368.7,151.0,153.0,True,False
AskIndia,1lj2jdv,2025-06,1780728290,1750741545,US guy wanting to move to Bangalore on a 80K salary. Tell me the pros/cons and the honesty with the ,283,0.88,217,0,Ok_Potential359,1113.2,10868.0,70526.0,True,False
AskIndia,1l7ykie,2025-06,1780728290,1749561643,Why do crimes against men gets highlighted so much but not so when it's against women?,283,0.73,145,0,Interesting_Meal_626,420.6,3454.0,5245.0,True,False
AskIndia,1lju6m4,2025-06,1780728290,1750818597,"If India's civil services exam selects the ""best of the best"", why is our governance still poor?",273,0.95,126,0,2hoursearly,388.2,316.0,151.0,True,False
AskIndia,1ld0gkx,2025-06,1780728290,1750098072,16000 AED in Dubai or 15LPA in Bangalore.,269,0.89,195,0,Mr_Bryghtsyde,2067.6,1444.0,1738.0,True,False
AskIndia,1lhl06j,2025-06,1780728290,1750589131,Are Indian Men considered Least desirable outside India ?,260,0.86,277,0,BudgetFuzzy6259,,,,,False
AskIndia,1lf2abx,2025-06,1780728290,1750308950,What is the most beautiful name you’ve ever heard?,250,0.91,614,0,ThrowRAFew74,774.9,356.0,1016.0,True,False
AskIndia,1l8isyo,2025-06,1780728290,1749613250,"How do you guys bargain? Because I just smile, nod, and pay full price like a clown 🤡",246,0.97,71,0,Loud_Winner_8693,940.1,403.0,57.0,True,False
AskIndia,1lj246u,2025-06,1780728290,1750740082,"UPPSC Rank-1 beaten by politician, do politicians have too much unchecked power in India?",242,0.98,15,0,Electrical-breath-9,438.6,13146.0,3144.0,True,False
AskIndia,1loak9c,2025-06,1780728290,1751297501,What's the point of having kids in this country? 🤔,242,0.83,167,0,Keachmanne,,,,,False
AskIndia,1llqmly,2025-06,1780728290,1751020656,Got asked this in a job application. WTH?,234,0.95,45,0,Loose-Bicycle-9012,559.6,567.0,1.0,True,False
AskIndia,1l9bwxh,2025-06,1780728290,1749697445,What can a common man do to stop the freebies culture in India,232,0.72,114,0,Own_Willingness_8897,733.8,88216.0,6593.0,True,False
AskIndia,1leb39a,2025-06,1780728290,1750232139,"Study shows most indian men are giving up, what's the reason behind this?",226,0.92,75,0,Elegant_Telephone894,,,,,False
AskIndia,1llyzd7,2025-06,1780728290,1751043360,"What has happened to our country, do these rapists not fear anyone??",225,0.97,67,0,AG_940,380.7,444.0,1782.0,True,False
ipl,1lb7s9n,2025-06,1780728484,1749904850,The moment SA waited for 27 years!,8983,0.99,100,0,AkRoyalDo,469.9,157969.0,19193.0,True,True
ipl,1ldpwx4,2025-06,1780728484,1750173603,First ball bowled compilation from all IPL seasons.,4316,0.98,152,0,Weary_Proposal_9655,,,,,True
ipl,1lb8yw2,2025-06,1780728484,1749908450,See his eyes! Tears rolling out!,4298,1.0,26,0,AkRoyalDo,469.9,157969.0,19193.0,True,True
ipl,1lb1a2y,2025-06,1780728484,1749879866,Faf still pulling out screamers at 40,3822,0.97,67,0,Valuable_Ad_6869,1184.3,74274.0,212782.0,True,True
ipl,1lb6v53,2025-06,1780728484,1749901879,South Africa are the World Test Champions!,3579,0.96,76,0,_vandaliser_,2142.7,15269.0,43463.0,True,True
ipl,1lh2slr,2025-06,1780728484,1750529089,Just 18 more Wickets Boom-Boom Bhai,3271,1.0,19,0,Specialist_Ask2689,1559.6,13261.0,3277.0,True,True
ipl,1lg0d1g,2025-06,1780728484,1750414381,What the hell is this monstrosity?,3181,0.96,259,0,TanmaySondhiya,2115.3,3274.0,6455.0,True,True
ipl,1leflwe,2025-06,1780728484,1750249108,A Grand Welcome of WTC Champions South Africa at the Johannesburg Airport!,3137,0.99,34,0,Cricketloverbybirth,3171.1,30073.0,68668.0,True,True
ipl,1l7h2tc,2025-06,1780728484,1749504504,Nicholas Pooran announces retirement from International cricket at the age of 29!,2884,0.99,159,0,LAIISURDAD,2107.6,4529.0,2028.0,True,True
ipl,1lf88d0,2025-06,1780728484,1750331859,Watson vs Russell in 2014,2623,0.98,85,0,Valuable_Ad_6869,1184.3,74274.0,212782.0,True,True
ipl,1l9fyt0,2025-06,1780728484,1749711820,Overpaid vs Underpaid in IPL 2025,2515,0.92,157,0,Weary_Proposal_9655,,,,,False
ipl,1lctsn1,2025-06,1780728484,1750082982,Why and How Digvesh Rathee got picked in IPL ? He took 5 wickets in 5 balls and ended his spell with,2484,0.98,84,0,5missedcallsfromBCCI,594.7,136986.0,41832.0,True,False
ipl,1lfdte3,2025-06,1780728484,1750347254,Jos Buttler on Vaibhav's crazy 100,2400,0.99,49,0,Capable-Magician-418,,,,,False
ipl,1lefz5s,2025-06,1780728484,1750250187,In 2021 when Jadeja hit 36 runs in an over. RCB vs CSK.,2360,0.97,87,0,Weary_Proposal_9655,,,,,False
ipl,1la8tyn,2025-06,1780728484,1749795467,"Back in 2022, when Uthappa and Dube took team score from 60 to 216 in 10 overs.",2126,0.99,45,0,Weary_Proposal_9655,,,,,False
ipl,1lhpkno,2025-06,1780728484,1750603467,Jasprit Bumrah clean bowls Chris Woakes,2120,0.99,37,0,NoKale1985,1217.1,12168.0,3798.0,True,False
ipl,1l727ts,2025-06,1780728484,1749468104,Stump cam view of Dhoni stumping Salt,2034,0.99,40,0,Weary_Proposal_9655,,,,,False
ipl,1lim2ef,2025-06,1780728484,1750698152,Utterly Shameful for Indian Batting Side,2021,0.98,123,0,the_Celestial_Sphinx,881.3,18293.0,9774.0,True,False
ipl,1l73l7o,2025-06,1780728484,1749472380,ABD Chose The Shot Of The IPL,1967,0.99,20,0,Shadow_Senpai17,504.1,202442.0,47627.0,True,False
ipl,1ldgqfd,2025-06,1780728484,1750144353,They went past 49 from here,1924,0.97,49,0,akshatjin432,2431.1,2912.0,2373.0,True,False
ipl,1lj3rkq,2025-06,1780728484,1750746113,Are these the two best bowled outs from 2025 season?,1842,0.96,40,0,Weary_Proposal_9655,,,,,False
ipl,1l9otf7,2025-06,1780728484,1749740780,Yusuf Pathan scored 37 ball century from here,1830,0.98,91,0,DoPA-69,1045.1,15052.0,11027.0,True,False
ipl,1lb2um3,2025-06,1780728484,1749885975,One of the most nail biting match ever. DC vs KKR. Q-2. 2021.,1810,0.99,96,0,Weary_Proposal_9655,,,,,False
ipl,1l70k3t,2025-06,1780728484,1749462145,Pat Cummins 56*(15) in 2022.,1792,0.99,60,0,Weary_Proposal_9655,,,,,False
ipl,1l9avld,2025-06,1780728484,1749694252,All of MI's victory moments,1765,0.95,91,0,Weary_Proposal_9655,,,,,False
ipl,1ll81j4,2025-06,1780728484,1750963268,"Let's Talk About Bumrah, His Body, and the ""National Duty"" Crap",1701,0.96,143,0,calm_boy,3308.9,32107.0,1373.0,True,False
ipl,1ljvuz0,2025-06,1780728484,1750823869,"Jaiswal was dancing because he was getting trolled with chant ""you got school in the morning"" and no",1687,0.97,69,0,ironsteel9011,1680.0,258248.0,43434.0,True,False
ipl,1l7unpi,2025-06,1780728484,1749549012,Last over thriller. LSG vs KKR 2022.,1638,1.0,50,0,Weary_Proposal_9655,,,,,False
ipl,1llqwic,2025-06,1780728484,1751021686,Why are South African players so lovable.,1638,0.98,124,0,klaasen-fan69,406.8,786.0,72.0,True,False
ipl,1lbutty,2025-06,1780728484,1749973675,All of CSK's victory moments,1584,0.97,58,0,Weary_Proposal_9655,,,,,False
ipl,1lbuih8,2025-06,1780728484,1749972421,"""But Delhi Daredevils were in shambles. I mean, it was. There were lots of poisonous characters on t",1558,0.97,131,0,bobzitheking,746.1,7732.0,1429.0,True,False
ipl,1lllctp,2025-06,1780728484,1751000071,Back in 2010 final when Pollard caused Rayudu’s run-out and then got out himself on the very next ba,1532,0.99,70,0,Weary_Proposal_9655,,,,,False
ipl,1l8l02d,2025-06,1780728484,1749621034,Last over thriller. CSK vs RCB. 2019.,1482,0.98,60,0,Weary_Proposal_9655,,,,,False
ipl,1lb77me,2025-06,1780728484,1749903017,What if Josh lost 10 days earlier,1453,0.98,27,0,AkRoyalDo,469.9,157969.0,19193.0,True,False
ipl,1lkbsj8,2025-06,1780728484,1750872246,Has anyone played similar innings when player scored more than 78% of runs scored by team?,1449,0.99,72,0,garhwaliraja,3085.3,12310.0,10515.0,True,False
ipl,1l5dhe8,2025-06,1780728484,1749274827,Ed Sheeran wearing Rajasthan Royals' jersey in his latest 'Sapphire' song.,1443,0.98,42,0,superstrikes1999,3025.0,99205.0,24065.0,False,False
ipl,1lnw0zr,2025-06,1780728484,1751249480,Best catches of IPL 2025. Compilation.,1385,1.0,33,0,Weary_Proposal_9655,,,,,False
ipl,1lcnto6,2025-06,1780728484,1750063852,Last over thriller. KKR vs RCB. 2024.,1369,0.99,64,0,Weary_Proposal_9655,,,,,False
ipl,1lf94kt,2025-06,1780728484,1750334802,IPL 2016: Suresh Raina takes a stunning catch to dismiss Suryakumar Yadav,1368,1.0,32,0,Odd-House3197,486.4,448954.0,95605.0,True,False
ipl,1lh2sw9,2025-06,1780728484,1750529107,Bumrah gets joe root for the 10th time in test cricket,1269,0.99,35,0,Long_Winter8526,427.7,11553.0,781.0,True,False
IndiaTech,1lcotei,2025-06,1780728682,1750067878,"Well played, Rapido",10949,0.95,327,0,UnplannedMF,415.3,320750.0,6034.0,True,True
IndiaTech,1lel2um,2025-06,1780728682,1750262945,This shouldn't be allowed. This is unfair and cruel.,10049,0.96,775,0,Brain__Barf,1180.0,61668.0,4658.0,True,True
IndiaTech,1lb6k7k,2025-06,1780728682,1749900796,What the fuck?,7235,0.95,421,0,Brain__Barf,1180.0,61668.0,4658.0,True,True
IndiaTech,1lgrrjy,2025-06,1780728682,1750494786,Indian techie says 'Work-Life Balance is a Reality' in Sweden: 'We wrap up by 4pm.',6205,0.97,350,0,DiamondShine05,786.7,30129.0,7574.0,True,True
IndiaTech,1l6cojg,2025-06,1780728682,1749390794,flipkart scam – imagine paying 2.5 lakhs upfront and then going through this mental torture,3935,0.98,385,0,Obvious_Shoe7302,2070.8,268131.0,15555.0,True,True
IndiaTech,1l8km80,2025-06,1780728682,1749619552,Another update!,3436,0.9,552,0,Brain__Barf,1180.0,61668.0,4658.0,True,True
IndiaTech,1ln6wre,2025-06,1780728682,1751174770,Honda successfully launched and landed its own reusable rocket,3016,0.98,82,0,CAROSHANR,474.7,11630.0,1115.0,True,True
IndiaTech,1lo5jf5,2025-06,1780728682,1751284409,This month 5g data usage,2978,0.94,942,0,_professor_10,,,,,True
IndiaTech,1lfficl,2025-06,1780728682,1750351363,16 Billion passwords leaked,2825,0.94,392,0,Leading_Tap8771,1683.9,28451.0,2980.0,True,True
IndiaTech,1ldi4v9,2025-06,1780728682,1750150248,"Vande Bharat sleeper trains to be operational from next month. 

30 trains planned for FY26.",2779,0.97,241,0,Brain__Barf,1180.0,61668.0,4658.0,True,True
IndiaTech,1lg8qqv,2025-06,1780728682,1750437862,μTorrent to me,2654,0.92,278,0,SnooCats5309,2166.0,2351.0,5431.0,True,False
IndiaTech,1lj6lom,2025-06,1780728682,1750757401,We don't thank mota bhai enough I guess 🫡,2575,0.94,208,0,selflessx45,674.7,6796.0,3588.0,True,False
IndiaTech,1l4sgji,2025-06,1780728682,1749216584,Majority of GTA 6 developers are from India,2232,0.96,187,0,Full-World3090,1442.1,73624.0,22180.0,True,False
IndiaTech,1l8ttjy,2025-06,1780728682,1749651381,Let's go!,1962,0.98,98,0,Brain__Barf,1180.0,61668.0,4658.0,True,False
IndiaTech,1llzuzj,2025-06,1780728682,1751045445,Goodbye Cruel world,1935,0.98,139,0,Sharp-Potential7934,,,,,False
IndiaTech,1l717qr,2025-06,1780728682,1749464625,The movie is a break between the ads😭,1895,0.98,298,0,DaRuler124,713.6,1662.0,725.0,True,False
IndiaTech,1llpwkl,2025-06,1780728682,1751017960,Thank you AmazonPrime I'm OUT,1891,0.99,166,0,Chandu_yb7,699.9,32870.0,693.0,True,False
IndiaTech,1llviss,2025-06,1780728682,1751035064,Bihar Becomes 1st State To Allow Voting Via Mobile Phone App,1836,0.95,219,0,UnplannedMF,415.3,320750.0,6034.0,True,False
IndiaTech,1l8yhqd,2025-06,1780728682,1749662460,"Heard that AC's can't go below 20 degrees now, meanwhile my AC chilling at 13 degrees",1690,0.95,159,0,choduu_bhagatt,,,,,False
IndiaTech,1ln7hwb,2025-06,1780728682,1751176989,Interesting!,1597,0.99,101,0,Brain__Barf,1180.0,61668.0,4658.0,True,False
IndiaTech,1lj4wvn,2025-06,1780728682,1750750625,Wtf 😭,1511,0.94,283,0,phatakdi_247_agent,645.0,1119.0,1510.0,True,False
IndiaTech,1lhlb9f,2025-06,1780728682,1750590316,"Wait, what?",1442,0.96,118,0,Brain__Barf,1180.0,61668.0,4658.0,True,False
IndiaTech,1ldgsg7,2025-06,1780728682,1750144585,Now we know why India calls it OTT- over the top charges,1416,0.99,199,0,Exciting_Strike5598,937.2,4224.0,63859.0,True,False
IndiaTech,1lib9bs,2025-06,1780728682,1750667323,Exam Result Editor,1329,0.9,193,0,ADITYA_AYUSH,1783.9,10431.0,6513.0,True,False
IndianGaming,1lb8jwu,2025-06,1780728882,1749907188,My Doomguy cosplay from Doom Eternal.,4024,0.99,430,0,The-Redcomet,2113.1,4293.0,756.0,True,True
IndianGaming,1lo7pwl,2025-06,1780728882,1751290604,"The ""resources nhi hai"" reason is kinda old now?",3662,0.96,278,0,LmaoMincraft,1850.5,30736.0,2897.0,True,True
IndianGaming,1ld8zoz,2025-06,1780728882,1750118926,PC Gamers Be Like,2708,0.97,108,0,Status_Energy_7935,,,,,True
IndianGaming,1lf7p47,2025-06,1780728882,1750329968,Finally starting the game my friend won't stfu about,2296,0.95,300,0,The_Blueberry_Pi,1969.0,44012.0,35400.0,True,True
IndianGaming,1ljb3ue,2025-06,1780728882,1750771669,Just bought this beast.,2058,0.98,106,0,lemeboi2003,2006.3,37767.0,8715.0,True,True
IndianGaming,1ln0e0c,2025-06,1780728882,1751153216,"After a year of solo development, this is what my farming sim game looks like!",1963,1.0,112,0,Traditional_You1631,1686.7,6924.0,913.0,True,True
IndianGaming,1lb4649,2025-06,1780728882,1749891276,Why there are soo many karma farmers here ?,1884,0.93,98,0,Exotic-Gur3416,,,,,True
IndianGaming,1lkv31s,2025-06,1780728882,1750927616,Hehe Dukh rockstar .-.,1567,0.99,33,0,Fluid-Phrase-3901,2173.1,4029.0,536.0,True,True
IndianGaming,1leimid,2025-06,1780728882,1750257114,Accidentally got a better laptop than I paid for. Sat there in shock for 5 mins.,1451,0.98,295,0,holynutella,441.5,3146.0,1109.0,True,True
IndianGaming,1lek1qr,2025-06,1780728882,1750260521,Weird patterns appearing on my screen,1288,0.99,172,0,ViKree96,2628.9,730.0,561.0,True,True
IndianGaming,1lktzde,2025-06,1780728882,1750923141,Just started playing Death Stranding 2 and damm these graphics are insane,1068,0.98,94,0,RealLollam,1039.8,24944.0,2246.0,True,False
IndianGaming,1lahjyz,2025-06,1780728882,1749825401,Ministry of Esports - India's premium Esports &amp; Gaming Destination,1041,0.98,103,0,varun1825,3046.3,753.0,39.0,True,False
IndianGaming,1lfzui6,2025-06,1780728882,1750412360,How tf do i play sekiro???,981,0.98,380,0,fuckubloodyfuck,1402.1,651.0,74.0,True,False
IndianGaming,1lhovhi,2025-06,1780728882,1750601620,What is the game that made the switch,970,0.98,239,0,royal-Ni8,882.2,1249.0,448.0,True,False
IndianGaming,1l8ok37,2025-06,1780728882,1749635381,Vedant wants me to suffer for their own mistakes,936,0.98,214,0,TraditionalPoint5364,671.5,649.0,424.0,True,False
IndianGaming,1lbd7z2,2025-06,1780728882,1749919763,Time and Money are inversely proportional,910,0.97,129,0,R1sk77,2271.9,1640.0,1465.0,True,False
IndianGaming,1l9qgf7,2025-06,1780728882,1749744722,"Wish I could go back to when I was 12, Playing Most Wanted on my potato PC",906,0.99,47,0,infernusdante,2271.3,46026.0,4495.0,True,False
IndianGaming,1l9im3c,2025-06,1780728882,1749722521,I Love my Workspace,902,1.0,185,0,TimeBudget4411,887.4,550.0,72.0,True,False
IndianGaming,1l9kerc,2025-06,1780728882,1749728871,Consumer court for the win!!!!,901,0.99,58,0,N1gHtMaRe99,2470.8,13806.0,80546.0,True,False
IndianGaming,1lj724h,2025-06,1780728882,1750759127,"So, Kojima san put SS Rajamouli in Death Stranding 2!",877,0.98,61,0,luckysury333,2222.0,64216.0,89657.0,True,False
IndianGaming,1lh3g2n,2025-06,1780728882,1750530812,Epic Games Store Now Supports UPI Payments,874,0.99,109,0,MYErs1_2,2601.9,2914.0,394.0,True,False
IndianGaming,1lmqlng,2025-06,1780728882,1751127215,Went for a movie and well got this,847,0.98,69,0,GamingWildman,2892.5,3411.0,15940.0,True,False
IndianGaming,1lnbo93,2025-06,1780728882,1751193706,"Passion, Patience, and Power: No-Compromise PC Build",847,0.9,245,0,PILLI_SUMANTH,2706.0,2861.0,429.0,True,False
IndianGaming,1lb7321,2025-06,1780728882,1749902603,I created an RDR2 fancam for my husband,817,0.98,40,0,MahiMomo,2752.7,1169.0,547.0,True,False
RelationshipIndia,1lkqaqe,2025-06,1780729085,1750909872,"27M, if you're reading this, You deserved it sonali,",924,0.95,133,0,ElectronicStrategy43,459.2,117961.0,19665.0,False,True
RelationshipIndia,1lgksdw,2025-06,1780729085,1750469699,Things I(25M) did for my(24F) ex girlfriend,474,0.97,116,0,Ok_Signature_6959,1872.1,4475.0,14520.0,True,True
RelationshipIndia,1lf9tq2,2025-06,1780729085,1750336889,Today I (28M) found out that my now wife (28F) posted months before the marriage on reddit that I gi,472,0.99,132,0,datawhored,2294.1,188.0,123.0,False,True
RelationshipIndia,1l9gcb7,2025-06,1780729085,1749713327,I(22M) had sex with my gf(F22) and my parents found out,355,0.93,162,0,Inevitable-Affect462,1948.2,322.0,1465.0,True,True
RelationshipIndia,1l5s0m0,2025-06,1780729085,1749321786,She was my everything… now she’s someone else’s wife.,348,0.95,124,0,geraltofdelhi,2248.8,700.0,2097.0,True,True
RelationshipIndia,1l5kk7u,2025-06,1780729085,1749302043,18m approached a girl in gym and this happened,330,0.97,49,0,Odd_Razzmatazz3102,382.0,1912.0,1255.0,True,True
RelationshipIndia,1lh8044,2025-06,1780729085,1750543225,My cousin(27M) destroyed the life of a girl(19F),320,0.94,83,0,Mongoose_Manor,363.0,3885.0,1574.0,True,True
RelationshipIndia,1l4xlzh,2025-06,1780729085,1749229363,Things I (24F) did for my boyfriend (24m),296,0.97,139,0,lovemeiknowit,656.7,2693.0,1471.0,True,True
RelationshipIndia,1lbr8mh,2025-06,1780729085,1749960005,22M My girlfriend(20F) posted an intimate reel with another guy — she says it’s “just content.” Am I,226,0.98,140,0,HareKrishnaHareRam2,1574.1,506.0,1099.0,True,True
RelationshipIndia,1lo2j2u,2025-06,1780729085,1751273337,"21F, not able to build genuine connection with guys because...",211,0.97,87,0,InayaOnTheLoose,347.8,106.0,0.0,True,True
RelationshipIndia,1l8u7g8,2025-06,1780729085,1749652303,My boyfriend M23 gave physical intimacy to a random depressed girl F20 he saw crying on campus. i ke,164,0.9,112,0,Specialist_Client596,1323.5,64.0,-13.0,True,False
RelationshipIndia,1lgblae,2025-06,1780729085,1750444797,💔 [F23] I chose my parents over my 7-year relationship with [M24] and agreed to marry someone else [,149,0.84,117,0,Ecstatic_Emu640,365.2,53.0,-1.0,True,False
RelationshipIndia,1ln9l62,2025-06,1780729085,1751185305,I 29F really miss my boyfriend 32M of four years,134,0.99,55,0,Striking-Bus6305,668.9,178.0,1032.0,True,False
RelationshipIndia,1l53rwn,2025-06,1780729085,1749244707,"""What are some genuine tips for a guy on his suhaag raat?""I am M29",127,0.94,54,0,Ok_Caregiver_3243,,,,,False
RelationshipIndia,1lhqoax,2025-06,1780729085,1750606308,21F – Just started talking to a guy (28M) and already feeling uncomfortable with what he said about ,126,0.92,118,0,Alex00120021,716.9,4030.0,629.0,True,False
RelationshipIndia,1lnb3nz,2025-06,1780729085,1751191433,(34M) and my wife (32F) almost broke up after a harmless DM thread on Instagram appeared to have bee,122,0.95,21,0,Powerful_Tip4521,1685.9,917.0,-22.0,True,False
RelationshipIndia,1llnixo,2025-06,1780729085,1751008092,Sugar dad (M42)  attracted to Sugarbaby (F24),121,0.82,129,0,Old-Entertainer-2488,492.0,59.0,387.0,True,False
RelationshipIndia,1ldk0nh,2025-06,1780729085,1750157546,"Broke up with my(26m) girlfriend(21f) coz she wanted to drink, was I being rigid?",105,0.88,81,0,MomLunder,1295.2,133.0,205.0,True,False
RelationshipIndia,1lgyyp6,2025-06,1780729085,1750519115,Tax tux issue 28M and 31. I don't want to force her.,103,0.89,37,0,Sstrolleraja,2689.9,57.0,25.0,True,False
RelationshipIndia,1l7wwkl,2025-06,1780729085,1749556867,So happy for her (29F) and him (30M). He is the best indeed.,101,0.82,72,0,Previous-Increase621,953.8,3870.0,1906.0,True,False
RelationshipIndia,1lgp15y,2025-06,1780729085,1750483992,My life is proof that religion doesn’t matter when the love is real (30F),100,0.83,28,0,Prestigious-Fee-57,958.3,147.0,68.0,True,False
RelationshipIndia,1la7cfc,2025-06,1780729085,1749789916,"35F 40M, got caught in a corporate affair",98,0.94,52,0,Sasuke_vs_Naruto,463.2,577.0,530.0,True,False
RelationshipIndia,1l69on2,2025-06,1780729085,1749381134,"Found out I (23F) was the other woman, I am at a loss",94,0.98,79,0,hi_airi,1110.4,3366.0,2579.0,True,False
RelationshipIndia,1lnckja,2025-06,1780729085,1751196998,F(26) tried to suprise bf M(27) and it backfired,85,0.98,20,0,m_____9,2565.6,7501.0,7466.0,True,False
RelationshipIndia,1lch1v0,2025-06,1780729085,1750038974,"I’m 26M, Gf 33F, Single Mother, wants to keep baby if she is pregnant",79,0.9,54,0,pussyisinlondon,2102.8,41.0,74.0,True,False
RelationshipIndia,1ljye4g,2025-06,1780729085,1750832802,F 26 Why do guys keep asking me the same thing??,75,0.81,120,0,sid1979,2633.4,771.0,47286.0,True,False
RelationshipIndia,1l6x82u,2025-06,1780729085,1749448605,Today I(23f) fucked up by telling a guy(23m) I love you by accident on the 1st date,70,0.96,22,0,Rough_Experience9556,1005.2,159.0,65.0,False,False
RelationshipIndia,1lhxg5n,2025-06,1780729085,1750623276,23-M (Hindu) and 21-F (Sikh) really need your advice on our relationship 🙏🙏,63,0.94,39,0,GiftOdd6388,484.0,71.0,30.0,True,False
RelationshipIndia,1loapld,2025-06,1780729085,1751297840,My girlfriend 25F upset about me 29M for sleeping early,63,0.97,20,0,Glittering_Book_2519,656.1,310.0,270.0,True,False
RelationshipIndia,1ley4n4,2025-06,1780729085,1750295764,Is my 30M boyfriend cheating on me 26F with his 37F boss/bestie ?,63,0.93,48,0,Waste_Drama9778,584.4,18.0,46.0,True,False
RelationshipIndia,1lblxng,2025-06,1780729085,1749943042,"28M — I’m successful, working hard, kind… but not even a single woman shows interest. It’s crushing ",62,0.91,64,0,Natural_Acadia_1435,541.8,103.0,104.0,True,False
RelationshipIndia,1lea628,2025-06,1780729085,1750228490,M29 iam confused about my Girlfriend F25,60,0.96,29,0,Glittering_Book_2519,656.1,310.0,270.0,True,False
personalfinanceindia,1lilix7,2025-06,1780729282,1750696922,You don't need huge salary to be happy,1735,0.96,113,0,Turbulent_Most_6396,636.1,7341.0,359.0,False,True
personalfinanceindia,1ljv0vm,2025-06,1780729282,1750821194,I’ve been watching this for a while now and I can’t stay quiet anymore,1204,0.94,37,0,Broad-Research5220,1579.6,111885.0,17683.0,True,True
personalfinanceindia,1lh5kq2,2025-06,1780729282,1750536479,Hit 1 crore net worth at 25,1177,0.87,225,0,yippikyyay,1714.0,4499.0,27248.0,True,True
personalfinanceindia,1lgtzg4,2025-06,1780729282,1750503925,India's spending story has changed,1110,0.97,141,0,Broad-Research5220,1579.6,111885.0,17683.0,True,True
personalfinanceindia,1lijssu,2025-06,1780729282,1750693017,I earn less than 50k a month and breathe just fine in Delhi!,1026,0.95,169,0,Paul_Semicolon1,1976.9,17007.0,2185.0,True,True
personalfinanceindia,1lgohj9,2025-06,1780729282,1750481982,"Imagine a man in his late 60s, sitting beside his wife’s hospital bed, watching her fight cancer, no",769,0.98,23,0,Broad-Research5220,1579.6,111885.0,17683.0,True,True
personalfinanceindia,1lhupjy,2025-06,1780729282,1750616380,Please watch out the debt trap,684,0.96,88,0,93ph6h,1529.2,10355.0,24275.0,False,True
personalfinanceindia,1llw8zl,2025-06,1780729282,1751036858,"Finally achieved a ₹1cr portfolio in mutual funds today, here are 6 key things I learnt",655,0.95,149,0,hyperspacecowboi,1183.0,722.0,8523.0,True,True
personalfinanceindia,1lf3buq,2025-06,1780729282,1750312791,70 LPA - new middle class! Has someone seen this? and your views,558,0.86,341,0,Hot-Cookie8465,1019.9,619.0,6103.0,True,True
personalfinanceindia,1ledzku,2025-06,1780729282,1750243782,From 1 Cr to 2 Cr Net Worth in 1.5 Years – My FIRE Journey insights and learnings,550,0.96,120,0,occasionalAanomaly,2336.2,1016.0,638.0,True,True
personalfinanceindia,1lhfzwb,2025-06,1780729282,1750568965,The wealthy play by different rules and it’s all legal.,499,0.96,53,0,Maginaghat997,722.2,80452.0,50125.0,True,False
personalfinanceindia,1lc0hta,2025-06,1780729282,1749994560,"Bought a ₹64L Flat in Hyderabad. 15 Years Later, Just $8.5K Profit. SPY Would’ve Given $210K.",464,0.77,151,0,Popular_Class7327,2054.0,3875.0,531.0,True,False
personalfinanceindia,1lhnvrs,2025-06,1780729282,1750598897,I'm tired of finfluencers pretending they're middle class,432,0.96,52,0,Broad-Research5220,1579.6,111885.0,17683.0,True,False
personalfinanceindia,1l9f3ik,2025-06,1780729282,1749708413,Can I afford a 80K rupees iPhone?,425,0.89,266,0,Melkor_Elder-King,1590.8,2696.0,2840.0,True,False
personalfinanceindia,1l4og48,2025-06,1780729282,1749203362,ICICI bank RM steals money from FDs,369,0.97,86,0,Proof-Indication-581,1556.8,454.0,2892.0,True,False
personalfinanceindia,1l4mh7k,2025-06,1780729282,1749194979,RBI cuts repo rate by further 50 bps to 5.50% . Heres an advice for people with loan or people who w,362,0.98,179,0,Lamesarcasm_Dankmind,2005.6,18124.0,2416.0,True,False
personalfinanceindia,1l6zms6,2025-06,1780729282,1749458374,Best way to receive USD salary in India?,356,0.97,153,0,trainerzed1,1401.3,334.0,778.0,True,False
personalfinanceindia,1lbu6hq,2025-06,1780729282,1749971087,The role of TPA desks inside hospitals and their hidden incentives,340,0.98,48,0,Broad-Research5220,1579.6,111885.0,17683.0,True,False
personalfinanceindia,1lci8do,2025-06,1780729282,1750042752,Does buying a costly phone (1L) make sense?,317,0.91,279,0,Wonderful_Swan_1062,2103.7,2694.0,2081.0,True,False
personalfinanceindia,1lf4ufe,2025-06,1780729282,1750318639,You will be amazed how much you have already spent,283,0.92,66,0,thats_interesting_23,1847.9,1837.0,2666.0,True,False
personalfinanceindia,1ldl8c5,2025-06,1780729282,1750161555,Why Neha’s ₹2.85L claim was slashed to half,270,0.93,64,0,Broad-Research5220,1579.6,111885.0,17683.0,True,False
personalfinanceindia,1lf6jlq,2025-06,1780729282,1750325482,A recent post of Nithin Kamath went viral on Reddit. I saw people surprised that a billionaire can h,265,0.96,19,0,Broad-Research5220,1579.6,111885.0,17683.0,True,False
personalfinanceindia,1lme1of,2025-06,1780729282,1751084915,How many of us are living pay check to pay check.,252,0.97,126,0,Snehith220,1139.9,517111.0,21021.0,True,False
personalfinanceindia,1l60w5q,2025-06,1780729282,1749347359,"People buy insurance too late, often after falling ill",229,0.93,100,0,Broad-Research5220,1579.6,111885.0,17683.0,True,False
personalfinanceindia,1l8kv2u,2025-06,1780729282,1749620492,This is how your premium is decided,227,0.95,35,0,Broad-Research5220,1579.6,111885.0,17683.0,True,False
personalfinanceindia,1l6hl4u,2025-06,1780729282,1749403373,"Most people buy health insurance based on brochures, YouTube videos, or what their agent says",223,0.97,33,0,Broad-Research5220,1579.6,111885.0,17683.0,True,False
personalfinanceindia,1l829n5,2025-06,1780729282,1749570690,This is why your claim got rejected,221,0.92,42,0,Broad-Research5220,1579.6,111885.0,17683.0,True,False
personalfinanceindia,1lb0k1p,2025-06,1780729282,1749877209,The top 5 surprising reasons health insurance claims get rejected in India,186,0.96,60,0,Broad-Research5220,1579.6,111885.0,17683.0,True,False
personalfinanceindia,1ldmy4i,2025-06,1780729282,1750166407,Do people leave high paying jobs in India to pursue Master’s abroad?,186,0.93,54,0,MiserableGrapefruit7,2078.9,11147.0,7549.0,True,False
personalfinanceindia,1lne0ih,2025-06,1780729282,1751201713,What happens if we loose our job and there is no pay for 4 to 6 months.,163,0.94,85,0,Snehith220,1139.9,517111.0,21021.0,True,False
personalfinanceindia,1ldfg3t,2025-06,1780729282,1750139383,High proportion of Black money in RE deal.,148,0.93,84,0,gritbiddy90,2239.0,854.0,3180.0,True,False
personalfinanceindia,1l5jomj,2025-06,1780729282,1749299364,RBI just slashed repo rate by 50bps to 5.5% - biggest cut in years! What does this mean for loans?,146,0.96,67,0,m4jorminor,698.1,1499.0,873.0,True,False
personalfinanceindia,1l74cnp,2025-06,1780729282,1749474480,Help me understand salaries in India,142,0.89,60,0,SamAshleyBlogs,4042.8,2247.0,2213.0,True,False
personalfinanceindia,1l6dac6,2025-06,1780729282,1749392410,How much should I be earning to be able to buy a 4.5 lakh bike?,138,0.92,72,0,bluetomatosoup,1199.4,2876.0,1076.0,True,False
personalfinanceindia,1llzzea,2025-06,1780729282,1751045742,Extremely low salary but high asset. Need some advice on financial management,128,0.94,25,0,invictus2695,,,,,False
personalfinanceindia,1l8tpky,2025-06,1780729282,1749651117,Was fired and offered 12 lakhs. Need guidance.,123,0.95,31,0,higherself_in,1309.7,2581.0,500.0,True,False
personalfinanceindia,1lebhew,2025-06,1780729282,1750233767,Which is the BEST salary account?,106,0.96,73,0,kyunhumain,1175.2,3202.0,24600.0,True,False
personalfinanceindia,1lhtq3v,2025-06,1780729282,1750613970,Is my retirement plan okay with 1CR?,103,0.89,53,0,adarshhehe,1838.1,3263.0,3471.0,True,False
personalfinanceindia,1lfchxa,2025-06,1780729282,1750344049,How much EMI is okay?,103,0.95,57,0,Muted_Respect_6595,880.7,682.0,5226.0,False,False
unitedstatesofindia,1la9pux,2025-06,1780729488,1749799059,ANI photographer manages to capture two of the biggest tragedies that happened to India in the last ,4802,0.89,235,0,Srihari_stan,1440.0,542200.0,73002.0,True,True
unitedstatesofindia,1l7g0v0,2025-06,1780729488,1749501994,Indians live like cockroaches and die like cockroaches. And they elect leaders who are bottom of the,2909,0.96,252,0,CertifiedRizzler,1168.8,34142.0,21605.0,True,True
unitedstatesofindia,1l9l9a5,2025-06,1780729488,1749731469,The guy was on the same plane when it went to Ahmedabad. He said the plane was already having issues,2814,0.96,216,0,malayali-minds,521.4,129755.0,7233.0,True,True
unitedstatesofindia,1lcv1vz,2025-06,1780729488,1750085942,We definitely have two Indias,2271,0.97,125,0,Khada_Masala,688.5,18986.0,7490.0,True,True
unitedstatesofindia,1lne93y,2025-06,1780729488,1751202427,So all the lynching,2229,0.95,194,0,Equivalent_Cat_8123,1850.3,13873.0,8024.0,True,True
unitedstatesofindia,1liiwou,2025-06,1780729488,1750690954,"Andhra Pradesh. Suspecting a 10-year-old ST girl of stealing a cell phone, her clothes were stripped",2046,0.97,170,0,frizene26,2370.0,139710.0,177058.0,True,True
unitedstatesofindia,1lfd70y,2025-06,1780729488,1750345726,Those who speak English in India will soon feel ashamed: Amit Shah,2032,0.96,134,0,getsetgow,885.6,6138.0,4769.0,True,True
unitedstatesofindia,1lmdg47,2025-06,1780729488,1751082868,Congress's Kanhaiya Kumar retorts to HM Amit Shah's brain-dead view on Indians speaking English,1963,0.97,74,0,Mirror-On-The-Wall,2367.9,131753.0,65013.0,True,True
unitedstatesofindia,1l85lro,2025-06,1780729488,1749578405,Ground truth about cleanest cities in India,1916,0.96,198,0,ThickSwim5370,1371.9,106140.0,14300.0,True,True
unitedstatesofindia,1lh0ltz,2025-06,1780729488,1750523445,This man served food in a govt school. Then the same govt branded him a Naxal and killed him,1805,0.95,65,0,BuildingJazzlike5865,1835.4,22156.0,2145.0,True,True
unitedstatesofindia,1l8x63h,2025-06,1780729488,1749659354,An under-construction overbridge for vehicles in Bhopal with 90° perpendicular turn (Gem of Babu Eng,1780,0.99,151,0,margazi_perumal_20,463.9,97407.0,25342.0,True,False
unitedstatesofindia,1ljyl6k,2025-06,1780729488,1750833552,NYC mayor elect Zohran Mamdani on Modi,1714,0.91,370,0,league_9240,999.1,82429.0,25892.0,True,False
unitedstatesofindia,1lbxey7,2025-06,1780729488,1749984228,Bihar: Kids Removes Nuts &amp; Bolts From Rs 422-Crore Flyover Just After Opening,1665,0.98,97,0,frogBurger2u,,,,,False
unitedstatesofindia,1lfnzsy,2025-06,1780729488,1750372191,"Everyday scenes across India reimagined with cleaner, more thoughtfully maintained public spaces.",1653,0.98,94,0,Significant_Bit_8106,1430.8,1424.0,10095.0,True,False
unitedstatesofindia,1llixcr,2025-06,1780729488,1750992126,Nearly All Students Withdrawn from Karnataka School After Dalit Woman Appointed Head Cook,1471,0.97,150,0,frizene26,2370.0,139710.0,177058.0,True,False
unitedstatesofindia,1lckqym,2025-06,1780729488,1750051403,They’re embarrassing us in front of the whole world.,1411,0.95,164,0,Ok_Somewhere9687,,,,,False
unitedstatesofindia,1li8o0e,2025-06,1780729488,1750657028,Modi's international yoga day event,1406,0.96,77,0,s-theta,1057.3,956.0,13454.0,True,False
unitedstatesofindia,1l9hwfn,2025-06,1780729488,1749719793,Video footage showing moments before the Air India passanger aircraft crash in Ahemdabad today,1392,0.97,194,0,margazi_perumal_20,463.9,97407.0,25342.0,True,False
unitedstatesofindia,1ldm5d9,2025-06,1780729488,1750164220,"S Yogeshwari, from Tamilnadu, a daughter of daily wage worker parents, on her way to join IIT Bombay",1379,0.99,32,0,No-Assignment7129,2098.9,163676.0,72803.0,True,False
unitedstatesofindia,1l9n6h3,2025-06,1780729488,1749736735,"Ramesh Viswashkumar, The sole survivor of the Air India crash escaped by jumping from the plane. He ",1362,0.98,214,0,frogBurger2u,,,,,False
unitedstatesofindia,1lebct8,2025-06,1780729488,1750233252,Frustrated Amravati Locals sets the Electricity Office on Fire by Power Cuts,1222,0.99,64,0,TheoryFruits,591.2,182759.0,7690.0,True,False
unitedstatesofindia,1liio4g,2025-06,1780729488,1750690415,"Buying a cow proved costly! Dalit father and son were treated cruelly in Odisha, made to drink drain",1216,0.97,86,0,frizene26,2370.0,139710.0,177058.0,True,False
unitedstatesofindia,1ligbpa,2025-06,1780729488,1750684579,Reality of Indian healthcare in remote areas,1189,0.98,47,0,ThickSwim5370,1371.9,106140.0,14300.0,True,False
unitedstatesofindia,1l760kn,2025-06,1780729488,1749478732,Media is the 4th pillar of democracy 🤡,1187,0.97,52,0,mumbastico,,,,,False
unitedstatesofindia,1l5v09t,2025-06,1780729488,1749329825,What will happen to anything like this in India?,1170,0.98,108,0,the_annan,927.6,51430.0,22984.0,True,False
unitedstatesofindia,1lb153g,2025-06,1780729488,1749879344,"""My daughter and maid are admitted in the hospital.I should be there right now.Please give me some t",1167,0.99,52,0,frizene26,2370.0,139710.0,177058.0,True,False
unitedstatesofindia,1l4q3wa,2025-06,1780729488,1749209538,A Swearing-In Ceremony Like No Other: What India Can Learn from a Muslim Majority Indonesia’s Respec,1112,0.9,145,0,WalkstheTalk,1105.2,2689.0,3550.0,True,False
unitedstatesofindia,1lb88um,2025-06,1780729488,1749906254,DSP wife in Chhattisgarh using public resources for birthday party breaking all rules,1105,0.98,82,0,ThickSwim5370,1371.9,106140.0,14300.0,True,False
unitedstatesofindia,1l9nc4a,2025-06,1780729488,1749737117,Indian journalism reaching new lows. How does paasport number disclosure help?,1102,0.99,34,0,morose_coder,4136.3,48780.0,70456.0,True,False
unitedstatesofindia,1lbxz45,2025-06,1780729488,1749986325,Movie name: 'Chai wala',1096,0.96,99,0,getsetgow,885.6,6138.0,4769.0,True,False
unitedstatesofindia,1lb52tc,2025-06,1780729488,1749895027,Lawlessness and Vigilantism at Peak!,1091,0.97,106,0,godeater47x,,,,,False
unitedstatesofindia,1lj18gz,2025-06,1780729488,1750737162,Casteism at SV Veterinary at Andhra Pradesh,1081,0.97,65,0,Agitated_Wolf69,993.2,4016.0,6447.0,True,False
unitedstatesofindia,1lgjwid,2025-06,1780729488,1750466910,Indian Money in Swiss banks jumps more than three times in 2024,1053,0.98,81,0,futurepresident123,1326.0,49547.0,32353.0,True,False
unitedstatesofindia,1lhwpk7,2025-06,1780729488,1750621401,How long before BJP realises Congress is damn right about our diplomatic failures?,1047,0.92,136,0,anonymous_cutie_nerd,1532.4,4573.0,18041.0,True,False
unitedstatesofindia,1l5dgel,2025-06,1780729488,1749274717,India inaugurates world's highest railway single-arch bridge,1035,0.96,122,0,frogBurger2u,,,,,False
unitedstatesofindia,1lc5g4n,2025-06,1780729488,1750007417,Arunachal's Hillang Yajik makes history with gold at South Asian bodybuilding championship,1006,0.99,35,0,Status_Energy_7935,,,,,False
unitedstatesofindia,1lhcvvl,2025-06,1780729488,1750558134,"'Rape, violence, terrorism': US suddenly updates travel advisory for India, asks women not to travel",1005,0.96,126,0,frizene26,2370.0,139710.0,177058.0,True,False
IndianStreetBets,1lecqw3,2025-06,1780729693,1750239018,"If a billionaire has a 747 credit score, then wtf is this system?",4569,0.95,532,0,Born_Figure_6852,395.0,5153.0,903.0,True,True
IndianStreetBets,1lb52dl,2025-06,1780729693,1749894980,Everytime,3789,0.99,63,0,shunSwaptions,1510.3,11907.0,31209.0,True,True
IndianStreetBets,1l7v0hc,2025-06,1780729693,1749550376,We all earn in lakhs,3417,0.98,105,0,SierraBravoLima,1740.1,78134.0,109645.0,True,True
IndianStreetBets,1lhpc4a,2025-06,1780729693,1750602844,Whats the Indian version?,3122,0.92,183,0,lvalue_required,2695.0,20712.0,2190.0,True,True
IndianStreetBets,1lb41ky,2025-06,1780729693,1749890754,There's no stopping India if this news is true,2484,0.9,414,0,Market_Dabbler,384.9,5750.0,272.0,True,True
IndianStreetBets,1ln8b4d,2025-06,1780729693,1751180162,Why eat food when you can invest,1347,0.96,191,0,im_starkastic,2118.6,44129.0,27782.0,True,True
IndianStreetBets,1lo3jwy,2025-06,1780729693,1751277449,What era is this even??,1302,0.97,23,0,Otherwise-Oven-4365,373.8,1420.0,212.0,True,True
IndianStreetBets,1l5evr7,2025-06,1780729693,1749280406,Vijay Mallya video is pure PR,1269,0.83,150,0,InterestDeep9657,392.0,3834.0,74.0,True,True
IndianStreetBets,1lfzv1s,2025-06,1780729693,1750412421,Indian Money in Swiss Banks Just Tripled in 2024! Kya ho raha hai bhai?,1266,0.96,133,0,Super_Molasses124,411.1,11600.0,164.0,True,True
IndianStreetBets,1lk15oy,2025-06,1780729693,1750843897,WDYM By Trump Is The Main Character,1144,0.98,19,0,JustCompetition3776,1095.3,1038.0,300.0,True,True
IndianStreetBets,1ldgktz,2025-06,1780729693,1750143717,What does it mean for the economy?,1042,0.93,306,0,Mysterious_Worth_595,,,,,False
IndianStreetBets,1l8nneq,2025-06,1780729693,1749631682,Is Zomato cooked?,1027,0.98,118,0,ShivyShanky,3262.7,17466.0,49804.0,True,False
IndianStreetBets,1leeqim,2025-06,1780729693,1750246346,44 lakhs profit in 2 Options trades!,1017,0.93,74,0,GameOfTrends,452.9,611.0,155.0,True,False
IndianStreetBets,1lhs0sg,2025-06,1780729693,1750609716,Indian oil minister on Strait of Hormuz closure,958,0.98,58,0,Market_Dabbler,384.9,5750.0,272.0,True,False
IndianStreetBets,1l78emo,2025-06,1780729693,1749484438,"Government Receives Rs 8,000+ Crore As Dividend From SBI",953,0.98,85,0,beeple69,1856.3,26098.0,10334.0,True,False
IndianStreetBets,1l9hw1i,2025-06,1780729693,1749719750,Heartbreaking news!!,911,0.97,107,0,Entire-Koala2460,,,,,False
IndianStreetBets,1lk7x8n,2025-06,1780729693,1750863481,Nobody wants retail traders to win,826,0.99,43,0,Market_Dabbler,384.9,5750.0,272.0,True,False
IndianStreetBets,1lfunzg,2025-06,1780729693,1750392408,SEBI Goes Beast Mode — Biggest Market Scam Raid in History!,790,0.93,69,0,Super_Molasses124,411.1,11600.0,164.0,True,False
IndianStreetBets,1l4mmgx,2025-06,1780729693,1749195615,Zerodha holds 11% of all retail and HNI equity in India 😳,784,0.96,79,0,Born_Figure_6852,395.0,5153.0,903.0,True,False
IndianStreetBets,1lahxbj,2025-06,1780729693,1749826316,Airtel is making more money than Jio?,740,0.98,120,0,Niftymonk,1036.7,13504.0,1799.0,True,False
IndianStreetBets,1l9ivfr,2025-06,1780729693,1749723494,Buying 1 lakh worth of Nifty 50 ETF for every -1% down from all time high. Day: 26,673,0.97,87,0,peaked_in_high_skool,2812.4,34865.0,50321.0,True,False
IndianStreetBets,1l71q8s,2025-06,1780729693,1749466489,Touched 1 crore in absolute gains. These 3 months have been quite good. Feeling happy! Questions are,669,0.95,218,0,Emergency-Cat-9979,717.1,6027.0,549.0,True,False
IndianStreetBets,1lje1dw,2025-06,1780729693,1750778705,What my 10th fail father bought😎 vs What I (double degree holder) bought 😂,626,0.93,78,0,kittidioting,405.8,31605.0,8319.0,True,False
IndianStreetBets,1lfz0o9,2025-06,1780729693,1750409014,$6.5 Trillion Worth of Options Expiring This Friday,602,0.97,40,0,Niftymonk,1036.7,13504.0,1799.0,True,False
IndianStreetBets,1lhsd51,2025-06,1780729693,1750610592,It might just spark a market tumble tomorrow.,579,0.98,58,0,Hawa-hawai7,636.4,501.0,935.0,True,False
JEENEETards,1l9mgfa,2025-06,1780729908,1749734827,ALLEN Wale bade khatarnak hai 💀,6910,0.96,847,0,MarsupialWild3871,506.8,3044.0,2264.0,True,True
JEENEETards,1ljyndx,2025-06,1780729908,1750833785,Acha ji,4787,0.99,90,0,Anand_1321,1477.7,11098.0,2648.0,True,True
JEENEETards,1ldfzf0,2025-06,1780729908,1750141441,OP lost 3 friends to su*cide because of JEE,3826,0.98,300,0,Mongoose_Manor,363.0,3885.0,1574.0,True,True
JEENEETards,1l5fqr2,2025-06,1780729908,1749283963,This YouTuber is holding my passport and class 12th marksheet hostage,3415,0.98,177,0,Reflective_Satire,387.8,3986.0,1195.0,True,True
JEENEETards,1lbdtmy,2025-06,1780729908,1749921317,I have not spoken to this guy ever since 10th and now he is asking me my neet result,3356,0.98,251,0,Natural-Office7524,451.8,1392.0,59.0,True,True
JEENEETards,1ln68hf,2025-06,1780729908,1751172288,Netflix knows the memes,3195,0.99,79,0,Setto_Senpai,669.8,1543.0,10624.0,True,True
JEENEETards,1l8pui8,2025-06,1780729908,1749640124,A Hard Pill to Swallow for All CSEpaglus,2790,0.96,337,0,TopExplanation3828,475.3,3052.0,301.0,True,True
JEENEETards,1l6dafg,2025-06,1780729908,1749392417,"so technically AIR 1,2 and 3 are smarter than ai",2653,0.96,247,0,MentalStable1111,410.1,4039.0,4444.0,True,True
JEENEETards,1l85dt0,2025-06,1780729908,1749577908,It just bleeds my ears,2583,1.0,83,0,CursedEnergyUser,1038.7,2547.0,521.0,True,True
JEENEETards,1lb41j0,2025-06,1780729908,1749890748,ALL INDIA GIRLS TOPPER AIR 16 CHOSES IIT MADRAS AEROSPACE DUAL OVER IIT BOMBAY CSE,2432,0.95,301,0,Difficult-Dig7627,1728.1,5515.0,6759.0,True,True
JEENEETards,1lky2yd,2025-06,1780729908,1750938509,Riyal,2352,0.97,67,0,Xebec_456,758.9,1331.0,230.0,False,False
JEENEETards,1lgvhuh,2025-06,1780729908,1750509209,1.13 crore per decade🤡,2337,0.99,114,0,CupPuzzleheaded5343,1057.2,3558.0,4355.0,True,False
JEENEETards,1lb4ngv,2025-06,1780729908,1749893246,cook kr diya nta ko,2268,0.99,124,0,bigbigybigus,1666.3,1513.0,242.0,True,False
JEENEETards,1l82lfh,2025-06,1780729908,1749571459,Omari Da,2250,0.98,124,0,rampantradius,472.4,44660.0,29978.0,True,False
JEENEETards,1labrss,2025-06,1780729908,1749807665,Life is so unfair 💔(tribute post),2239,0.97,61,0,CommercialRub8825,869.8,2874.0,1929.0,True,False
JEENEETards,1lcsgxn,2025-06,1780729908,1750079616,"Aur karo ""Download to see the answer"" 😭",2214,1.0,89,0,AckermanEren73,373.9,21248.0,6291.0,False,False
JEENEETards,1lj67kq,2025-06,1780729908,1750755867,hi how have y'all been,2168,0.94,396,0,vejetaryenkavurma,2122.0,61746.0,79617.0,True,False
JEENEETards,1lb4y41,2025-06,1780729908,1749894500,AIR 1 at 686/720 Cutoff 📉,2114,1.0,66,0,Icy_Science_9583,1557.2,8225.0,1280.0,True,False
JEENEETards,1lf2tw4,2025-06,1780729908,1750310911,Showing what they missed😭,2088,0.98,83,0,Adorable-Relation674,1048.8,11140.0,62868.0,True,False
JEENEETards,1lo3ekn,2025-06,1780729908,1751276861,Remember 😈🥵,2055,0.98,150,0,Unique-Builder-1862,422.8,9477.0,2133.0,True,False
JEENEETards,1l73bfj,2025-06,1780729908,1749471569,Bond for IIT/NIT graduates 🤔,1883,0.96,355,0,viscousmani,613.8,1850.0,216.0,True,False
JEENEETards,1lijtij,2025-06,1780729908,1750693063,WTF!!! Father Kills 17-Year-Old Daughter Following Poor Performance in NEET Mock Exam,1872,0.98,229,0,4dityachoudhary,,,,,False
JEENEETards,1ldmmd9,2025-06,1780729908,1750165531,Why Guys?,1849,0.99,181,0,Nearby_Nothing4153,467.7,1036.0,266.0,True,False
JEENEETards,1lb32xc,2025-06,1780729908,1749886894,Kya JEE ADV deneke baad centre se aise nikalte hai students??,1799,0.99,136,0,Lost_DZoro,959.6,82300.0,1276.0,True,False
JEENEETards,1lmfz8f,2025-06,1780729908,1751091965,Best analogy i ever heard,1784,0.98,102,0,OpeningTip6493,674.2,1023.0,943.0,True,False
JEENEETards,1la8uq0,2025-06,1780729908,1749795551,What's your take on this IIT/NITs &amp; ISRO controversy,1748,0.96,265,0,SWARAJ_BASU,1649.2,2455.0,2711.0,True,False
JEENEETards,1lo0x7r,2025-06,1780729908,1751266761,Those who know \s,1684,0.95,240,0,Mundane_Middle7625,665.0,2096.0,812.0,True,False
JEENEETards,1lj3zjy,2025-06,1780729908,1750746969,Facts,1538,0.97,197,0,IcyMail7650,1324.0,3431.0,7665.0,True,False
JEENEETards,1lhe4t5,2025-06,1780729908,1750562280,Someone take his phone away🤡,1514,0.99,99,0,bram_ST0KER,,,,,False
JEENEETards,1lb7c2q,2025-06,1780729908,1749903419,sure.....,1489,0.96,137,0,zwoi,387.6,787.0,58.0,True,False
JEENEETards,1l9k11v,2025-06,1780729908,1749727610,RIP😭🙏🏻,1480,0.98,156,0,Best-Bill-6600,385.8,769.0,21.0,True,False
JEENEETards,1lab3tp,2025-06,1780729908,1749804906,3rd year IIT-KGP student held for rape of a teen girl,1463,0.99,348,0,GeneralHuman1083,403.8,1288.0,1069.0,True,False
JEENEETards,1ll09wh,2025-06,1780729908,1750944819,Let's remember! My dummy school fees was 25k for 12th!,1413,0.98,266,0,Harvard_Universityy,723.0,7480.0,10225.0,True,False
JEENEETards,1l6gncm,2025-06,1780729908,1749401052,The real reason behind the rapid growth of r/JEENEETards,1402,1.0,87,0,CupPuzzleheaded5343,1057.2,3558.0,4355.0,True,False
JEENEETards,1l4q7mv,2025-06,1780729908,1749209900,"2 years , one frame",1234,0.98,124,0,nam_magic_,1829.8,541.0,282.0,True,False
JEENEETards,1lem27b,2025-06,1780729908,1750265267,Tharun speaks just made a 13 min ad for scaler school of technology,1214,0.98,166,0,Scary_Protection_763,394.8,920.0,68.0,True,False
JEENEETards,1lodzxn,2025-06,1780729908,1751305329,50 minute me yeh pfp hat jani chahiye.,1206,0.95,130,0,Ok_Ice_2660,876.0,12633.0,10140.0,True,False
JEENEETards,1l70n5h,2025-06,1780729908,1749462488,"### 📢 ""Before You Join Any College in India, PLEASE Do These Things (Esp. for Aspirants) — A No-Nons",1203,0.99,91,0,TrainingRegular3891,1567.9,2729.0,781.0,True,False
JEENEETards,1libn4d,2025-06,1780729908,1750668897,He's as humble as he appears on screen ❤️,1165,0.98,130,0,coach_saab,839.9,13720.0,24129.0,True,False
JEENEETards,1l4uvm6,2025-06,1780729908,1749222713,PJ sir confirmed it himself,1148,0.99,124,0,tanx_23,464.5,19630.0,167.0,True,False
ISRO,1ln7pqd,2025-06,1780730112,1751177798,"Satellite timelapse for Kanchi deforestation, Hyderabad",565,1.0,5,0,rokrsa,2427.6,2803.0,377.0,True,True
ISRO,1l5hvmm,2025-06,1780730112,1749292831,How INSAT Brought India Online Before the Internet,117,0.98,6,0,anm0l-jain,408.9,320.0,12.0,True,True
ISRO,1ljgayp,2025-06,1780730112,1750783834,"Not a Race, But a Rise: The Birth of India’s Manned Space Program",89,0.97,6,0,anm0l-jain,408.9,320.0,12.0,True,True
ISRO,1l78cf7,2025-06,1780730112,1749484291,A Hyderabad startup is launching India’s 1st ‘thinking’ satellite. A brain in space,66,0.95,21,0,rokrsa,2427.6,2803.0,377.0,True,True
ISRO,1lfze4n,2025-06,1780730112,1750410544,"HAL to manufacture, launch ISRO-developed SSLV, technology transfer to begin",63,0.97,26,0,Ohsin,6317.2,136552.0,54412.0,True,True
ISRO,1lel4j2,2025-06,1780730112,1750263057,"Filed an RTI to ISRO in April 2025, the reply came back a couple of days ago.",61,0.99,6,0,Avizeet,1974.9,1345.0,1169.0,True,True
ISRO,1l60llx,2025-06,1780730112,1749346407,India’s Third Space Launch Pad Project At SHAR Gaining Momentum,56,0.96,4,0,Ohsin,6317.2,136552.0,54412.0,True,True
ISRO,1la8otb,2025-06,1780730112,1749794909,NASA-ISRO Earth-Observing Satellite (NISAR) Arrives at Indian Launch Site - NASA Science,50,0.98,7,0,Ohsin,6317.2,136552.0,54412.0,True,True
ISRO,1lej9od,2025-06,1780730112,1750258668,Indian Standard Time Rules Based On NavIC To Be Notified Soon,43,0.99,5,0,Ohsin,6317.2,136552.0,54412.0,True,True
ISRO,1lgstf9,2025-06,1780730112,1750499268,Axiom-4: Sources within ISRO clarified that only the ISRO chairman and the Indian support team stati,43,1.0,7,0,Ohsin,6317.2,136552.0,54412.0,True,True
ISRO,1l80e6g,2025-06,1780730112,1749566277,About India’s next man in space,43,0.94,14,0,analyticpanic,1350.0,535.0,69.0,True,False
ISRO,1lkn1ru,2025-06,1780730112,1750900038,"As Axiom-4 and Shubhanshu Shukla lift off, so does India",42,0.98,0,0,Asc3ndis,1852.8,2435.0,1942.0,True,False
ISRO,1lcoxy4,2025-06,1780730112,1750068336,Bomb threat call to ISRO’s Sriharikota centre triggers massive search operation; turns out to be hoa,40,0.99,4,0,Ohsin,6317.2,136552.0,54412.0,True,False
ISRO,1l6wp8l,2025-06,1780730112,1749446619,"Interview with ISRO Chairman Dr. V. Narayanan: NVS-03 aiming for October 2025 launch. On PSLV-C61, P",34,1.0,10,0,Ohsin,6317.2,136552.0,54412.0,True,False
ISRO,1lkv3z6,2025-06,1780730112,1750927720,Ax-4 Mission | In-Flight Update,29,1.0,0,0,Ohsin,6317.2,136552.0,54412.0,True,False
ISRO,1lkymc9,2025-06,1780730112,1750940151,Any updates on Gaganyaan G1,28,0.95,14,0,Rus_sol,1476.3,2707.0,3594.0,True,False
ISRO,1le5kdp,2025-06,1780730112,1750212713,Bridging the Gap: How ISRO Can Attract India's Next Generation of Space lnnovators,28,0.94,1,0,astroravenclaw,3044.8,1459.0,260.0,True,False
ISRO,1ll05sj,2025-06,1780730112,1750944512,"Axiom Mission 4 Astronauts Enter Station, Begin Research Mission - NASA",27,0.97,4,0,Ohsin,6317.2,136552.0,54412.0,True,False
ISRO,1lhiacl,2025-06,1780730112,1750577857,ISRO readies SpaDeX-2 mission to dock satellites in elliptical orbit,26,0.96,7,0,Darkseid-Apokolips,451.3,1494.0,132.0,True,False
ISRO,1lfug0l,2025-06,1780730112,1750391691,Found iSpace Hakuto-R Mission debris on Moon in Chandrayaan2's OHRC images,25,0.95,11,0,Ramanean3,2411.6,1361.0,599.0,True,False
ISRO,1la8nof,2025-06,1780730112,1749794786,Chandrayaan-3 site is ideal for sampling sulphur-rich ancient materials,23,0.94,3,0,Ohsin,6317.2,136552.0,54412.0,True,False
ISRO,1lebuoq,2025-06,1780730112,1750235303,A network of satellites will enhance India’s space domain awareness and also help monitor orbital th,23,0.96,4,0,Ohsin,6317.2,136552.0,54412.0,True,False
ISRO,1lfxw23,2025-06,1780730112,1750404474,"NASA has made the decision to stand down from a launch of Axiom-4 on June 22, and will target a new ",20,0.96,9,0,Ohsin,6317.2,136552.0,54412.0,True,False
ISRO,1lee4e6,2025-06,1780730112,1750244274,Vi (Vodafone Idea) and AST SpaceMobile announce partnership to bring Direct-to-Device satellite broa,19,1.0,6,0,Ohsin,6317.2,136552.0,54412.0,True,False
ISRO,1lf7p5n,2025-06,1780730112,1750329972,"New NOTAM for GSLV-F16 / NISAR launch is out. Enforcement duration 1130-1530 (UTC), 16 July to 14 Au",18,1.0,11,0,Ohsin,6317.2,136552.0,54412.0,True,False
ISRO,1lkuy1d,2025-06,1780730112,1750927050,Axiom Mission 4 Mission Approaches ISS for Docking,17,1.0,6,0,Ohsin,6317.2,136552.0,54412.0,True,False
ISRO,1l7dwrc,2025-06,1780730112,1749497141,"Axiom-4 launch delayed due to weather. Now targeting no earlier than 1200 UTC, 11 June.",17,1.0,2,0,Ohsin,6317.2,136552.0,54412.0,True,False
ISRO,1l82nta,2025-06,1780730112,1749571618,"Communication &amp; Navigation Satellites and its applications by Nilesh M Desai (Director, SAC)",17,1.0,0,0,Ohsin,6317.2,136552.0,54412.0,True,False
UPSC,1l6lwe5,2025-06,1780730291,1749414157,Sub-collector nabbed while taking Rs. 10 L bribe from a businessman,1758,0.99,139,0,Agile_Return6723,520.1,1298.0,2201.0,True,True
UPSC,1ldelqz,2025-06,1780730291,1750136284,My 6 years at UPSC: Finally going to LBSNAA,1711,0.98,366,0,not_a_redditor_000,358.2,1250.0,559.0,True,True
UPSC,1l8t0xs,2025-06,1780730291,1749649384,I quit guys 🙏,1081,0.99,126,0,earthwaterfireairsky,825.6,2161.0,8437.0,True,True
UPSC,1l8ub0s,2025-06,1780730291,1749652551,I cried,880,0.98,214,0,Difficult-Piano-178,1061.0,2043.0,1830.0,True,True
UPSC,1ljjccc,2025-06,1780730291,1750790657,Best resource for IR,841,0.99,14,0,Jumpy-Mastodon5948,691.1,1545.0,409.0,False,True
UPSC,1lf65sf,2025-06,1780730291,1750323925,My dad's upsc cse mains admit card,839,0.98,84,0,PracticalNote3565,,,,,True
UPSC,1lh1mlv,2025-06,1780730291,1750526075,The insane over-dependence on video lectures for UPSC CSE prep needs to stop.,739,0.99,91,0,MusicMetalStory,2133.7,2318.0,889.0,True,True
UPSC,1l5kaeg,2025-06,1780730291,1749301259,Dancing girl at National Museum New Delhi.,711,0.99,50,0,Downtown_Ebb9600,866.8,7084.0,21816.0,True,True
UPSC,1llxaua,2025-06,1780730291,1751039364,Toppers today 🤧,654,0.99,32,0,DrBravestone_,1242.7,292.0,168.0,False,True
UPSC,1lhtvji,2025-06,1780730291,1750614346,New Update ⬇️,567,0.97,48,0,geopolitics657,395.0,12586.0,779.0,True,True
UPSC,1lbspln,2025-06,1780730291,1749965299,Second MP Agreed - Mudit.Gupta,538,0.99,64,0,muditgupta159,924.0,551.0,275.0,True,False
UPSC,1l93xeg,2025-06,1780730291,1749675335,Upsc prelims result 2025,501,0.94,88,0,Fine-Relation3462,572.5,227.0,0.0,True,False
UPSC,1lbf2ak,2025-06,1780730291,1749924496,This post is for the failed UPSC Aspirants who feel lost!,494,0.99,113,0,Sunis-Study-Studio,,,,,False
UPSC,1l4xfod,2025-06,1780730291,1749228956,Papa rishtedaro ko bol diya Prelims clear ho gaya 😭,440,0.98,17,0,enthulookingenthu,641.1,2571.0,509.0,True,False
UPSC,1l9tfqc,2025-06,1780730291,1749751688,To all those who need to hear this from father,379,0.98,40,0,Dry-Professor-3227,1318.8,1897.0,439.0,True,False
UPSC,1leh2em,2025-06,1780730291,1750253153,Good step,373,0.98,36,0,ContributionFirst454,364.7,4244.0,2349.0,True,False
UPSC,1l9dyml,2025-06,1780730291,1749704269,Let's file a PIL in SC and demand some transperancy from UPSC,373,0.99,46,0,blackbloodcells,1783.9,193.0,55.0,True,False
UPSC,1lgwhgc,2025-06,1780730291,1750512220,Thoughts on this ?,372,0.97,49,0,deaduser_1,1166.2,236.0,887.0,True,False
UPSC,1l6xs6h,2025-06,1780730291,1749450831,Role of community,343,0.98,17,0,Correct_Year_8619,800.7,944.0,488.0,True,False
UPSC,1l7bsg9,2025-06,1780730291,1749492221,Quit wasting your time and come to private sector,340,0.95,35,0,vamsikrishna7995,3086.8,788.0,4289.0,True,False
UPSC,1lk9tlv,2025-06,1780730291,1750867841,Bitter Truths That No One Likes Hearing About UPSC CSE,338,0.96,122,0,terriblypoetic,1115.5,1637.0,1945.0,True,False
UPSC,1lk5dsv,2025-06,1780730291,1750857331,"Every 2nd person has advice for you, But what would be your Unique advice to yourself?",337,0.95,158,0,Araj_June,,,,,False
UPSC,1leoh7u,2025-06,1780730291,1750270865,As per the 2nd ARC's suggestions.....,309,1.0,17,0,mrpumpkin007,489.1,8833.0,17387.0,True,False
UPSC,1l8obwf,2025-06,1780730291,1749634454,Trump bhi insider nikla,308,0.97,24,0,johnn_cenaa,366.4,694.0,940.0,True,False
UPSC,1ln6ht3,2025-06,1780730291,1751173228,Mistakes by SERIOUS aspirants in Prelims,304,0.99,58,0,not_a_redditor_000,358.2,1250.0,559.0,True,False
UPSC,1le5ors,2025-06,1780730291,1750213076,My Booklist and Resources for Prelims,294,1.0,79,0,not_a_redditor_000,358.2,1250.0,559.0,True,False
UPSC,1lbx1ld,2025-06,1780730291,1749982765,What do y'all think about this though?,276,0.89,70,0,Successful_Choice310,365.8,292.0,375.0,True,False
UPSC,1lbbhn1,2025-06,1780730291,1749915244,Felt embarassed in front of my father,274,0.96,69,0,DueMoose7890,484.9,429.0,82.0,True,False
UPSC,1lnncmc,2025-06,1780730291,1751225518,Repost +some more insights: Some friendly advice to people writing mains from someone who scored 415,273,1.0,46,0,MediumDragonfruit988,1595.1,404.0,734.0,True,False
UPSC,1lb705o,2025-06,1780730291,1749902359,"The best interview I ever read. Give it a read,Highly Recommended❤️💫",268,0.97,37,0,naiil_cutter,,,,,False
UPSC,1l4r1l0,2025-06,1780730291,1749212569,Appreciation Post for All Serious Aspirants,267,0.98,5,0,enthulookingenthu,641.1,2571.0,509.0,True,False
UPSC,1lbe505,2025-06,1780730291,1749922139,Instagram is getting a little too real now 😭😂,259,0.99,12,0,Affectionate_bear18,848.7,872.0,362.0,True,False
UPSC,1la17io,2025-06,1780730291,1749770898,Massive failure,247,0.92,129,0,RevolutionaryRush93,487.9,490.0,618.0,True,False
UPSC,1l9fa0n,2025-06,1780730291,1749709108,Maths bina wajah badnaam hai,237,0.99,14,0,iaseth,2070.7,20151.0,14172.0,True,False
UPSC,1l6x3i0,2025-06,1780730291,1749448128,Telling myself to calm down !,237,0.99,57,0,kappa_79,1929.9,43323.0,17118.0,True,False
UPSC,1l9h61d,2025-06,1780730291,1749716761,Preparing for myself for the 3rd after failing two pre-lims!,235,0.98,48,0,arunoday62,2587.8,2679.0,92.0,True,False
UPSC,1li6rit,2025-06,1780730291,1750650315,My didi made these bookmarks for me❤️,232,0.97,44,0,IllustriousNarwhal12,1721.8,825.0,742.0,True,False
UPSC,1l4mym2,2025-06,1780730291,1749197034,Every UPSC CSE Strategy on YouTube be like:,227,0.99,6,0,enthulookingenthu,641.1,2571.0,509.0,True,False
StartUpIndia,1lk5k80,2025-06,1780730478,1750857795,Shark tank india trolling CEOs,9730,0.98,208,0,JamesHowlett31,1016.1,10167.0,6255.0,True,True
StartUpIndia,1l68cz3,2025-06,1780730478,1749375861,This shit is diabolical. Call me evil but he deserved it.,3002,0.97,271,0,whhhoreo,2261.0,5395.0,6137.0,True,True
StartUpIndia,1llz1lt,2025-06,1780730478,1751043510,"The masculine urge to type ""pehle apna coaching ka dhanda thik se sambhal le xhutiye"" but my colleag",1804,0.99,66,0,imma-albatross-69,,,,,True
StartUpIndia,1l8jv5o,2025-06,1780730478,1749616818,Here's my take on Rapido's entry into the food delivery space,1223,0.98,107,0,Broad-Research5220,1579.6,111885.0,17683.0,True,True
StartUpIndia,1ljzvqe,2025-06,1780730478,1750838739,"Every ""looking for a tech co founder"" posts here",1163,0.99,31,0,Key-Interaction7559,669.2,15405.0,55714.0,True,True
StartUpIndia,1libhzx,2025-06,1780730478,1750668344,"Do Bhai, Dono Tabahi",1026,0.93,106,0,Fearless-Side-8009,2125.7,729.0,440.0,True,True
StartUpIndia,1lil408,2025-06,1780730478,1750695972,Everyone please pay heed to the condition,993,0.96,77,0,VeletVortex,511.1,684.0,359.0,True,True
StartUpIndia,1lb0k3k,2025-06,1780730478,1749877214,The Indian curriculum is broken.,982,0.94,177,0,entrepreneur_x8x8,,,,,True
StartUpIndia,1lb5j1j,2025-06,1780730478,1749896867,Women Leading Indian AI Startups,515,0.88,80,0,Majestic-Moat,1787.4,7156.0,369.0,True,True
StartUpIndia,1ldn2fb,2025-06,1780730478,1750166728,Indian startups are paying hundreds of millions just to undo their US setups??,461,0.96,60,0,whhhoreo,2261.0,5395.0,6137.0,True,True
StartUpIndia,1l67o3q,2025-06,1780730478,1749372997,Founders like this are so entitled and problematic. the culture of not paying on 1st itself is crazy,424,0.9,88,0,Upper-Ad518,1882.3,1401.0,23172.0,True,False
StartUpIndia,1l5cxwc,2025-06,1780730478,1749272787,I was a founder. Now I’m looking for a job and no one’s calling back or even answering.,420,0.95,278,0,Wide-Low1644,514.3,185.0,112.0,True,False
StartUpIndia,1llmxvr,2025-06,1780730478,1751005839,Zomato’s new rules for restaurant owners is aggressively screaming monopoly,393,0.98,142,0,Feeling_Can10,581.8,207.0,47.0,True,False
StartUpIndia,1lgvzjq,2025-06,1780730478,1750510746,"WTF! Is Rameshwaram Cafe's ₹18,800 Cr Valuation Legit or Marketing Hype?",267,0.97,75,0,UnhappyProgrammer412,,,,,False
StartUpIndia,1l5e7v5,2025-06,1780730478,1749277737,Unbelievably funny downfall,238,0.98,43,0,whhhoreo,2261.0,5395.0,6137.0,True,False
StartUpIndia,1lcl1dk,2025-06,1780730478,1750052483,Is the 6-day work week becoming the new normal for Bangalore startups?,221,0.95,55,0,hawtbotjazz,568.8,7383.0,1985.0,False,False
StartUpIndia,1lk2ebd,2025-06,1780730478,1750848364,This might be the most ridiculous offer letter I’ve ever received.,177,0.98,68,0,PersonalityHuman847,801.0,153.0,1222.0,True,False
StartUpIndia,1l4vir0,2025-06,1780730478,1749224277,"PhysicsWallah’s ₹2,500–₹3,000 crore acquisition of Drishti IAS has officially been called off",174,0.96,16,0,Broad-Research5220,1579.6,111885.0,17683.0,True,False
StartUpIndia,1lbnxdu,2025-06,1780730478,1749949093,Silent layoffs is the new firing,161,0.97,15,0,thattravelchick,569.7,252.0,33.0,True,False
StartUpIndia,1lbbdpk,2025-06,1780730478,1749914948,I built an App that motivates you do pushup everyday,158,0.96,23,0,DisastrousRelief9343,1524.0,623.0,66.0,True,False
StartUpIndia,1ln826q,2025-06,1780730478,1751179161,A wonderful growth hack I witnessed,153,0.97,9,0,Dean_46,2851.3,5482.0,35235.0,True,False
StartUpIndia,1lec0nl,2025-06,1780730478,1750236002,My startup is failing,152,0.88,123,0,Elvyn-Store,390.1,786.0,273.0,True,False
StartUpIndia,1lcjbsy,2025-06,1780730478,1750046363,Rethink before building for tier2 and tier3 people.,149,0.92,31,0,Minute-Hair1940,1947.1,83.0,9.0,True,False
StartUpIndia,1lfy47b,2025-06,1780730478,1750405328,My friend used to be brilliant. Now she’s just another burnt-out corpo-rat. Thanks to her “wannabe S,139,0.96,53,0,KOgenie,481.1,2662.0,478.0,True,False
StartUpIndia,1lf9jy5,2025-06,1780730478,1750336080,"Hey, I’m Kanika, CEO at MindPeers. We’ve been making individuals and organizations mentally fit acro",121,0.65,131,0,Kanika_MindPeers,359.0,141.0,-5.0,True,False
StartUpIndia,1llnuhg,2025-06,1780730478,1751009402,I think I picked the wrong co-founder,116,0.91,95,0,Quirky_Carpenter915,1950.0,4424.0,1406.0,True,False
StartUpIndia,1ln4t3t,2025-06,1780730478,1751167281,Built a ₹3 Cr ARR eCommerce Business —Lost It All in a Fire. Now Looking for a Job.,115,0.96,32,0,crypto_kb_baby,1870.1,69.0,59.0,True,False
StartUpIndia,1l9i37t,2025-06,1780730478,1749720526,Indian founders going big in Europe: an underrated wave?,111,1.0,4,0,Defiant-Seaweed4958,478.0,52.0,1.0,True,False
StartUpIndia,1ll0eh4,2025-06,1780730478,1750945159,People earning more than 1 lakh what business you do?,103,0.92,43,0,udaayyyy,780.6,2373.0,724.0,True,False
StartUpIndia,1lb3yc2,2025-06,1780730478,1749890394,"Before You Pitch Investors, Read This",103,0.97,27,0,ssk012,4051.8,22997.0,3992.0,True,False
StartUpIndia,1l7zzmk,2025-06,1780730478,1749565292,65% of Gen Z employees report being not interested at work,94,0.69,42,0,Broad-Research5220,1579.6,111885.0,17683.0,True,False
StartUpIndia,1lidhpt,2025-06,1780730478,1750675885,Why Most (not all) Indian Unicorns are Shit,84,0.91,48,0,KOgenie,481.1,2662.0,478.0,True,False
StartUpIndia,1li793q,2025-06,1780730478,1750651945,Would you move out of BLR to hometown if given same salary?,78,0.96,33,0,magicmushroomindia,1656.9,2181.0,558.0,True,False
TwoXIndia,1ln6z6z,2025-06,1780730675,1751175009,"I told a gynaec I’m sexually active, first time ever!!!",805,0.98,104,0,whhhoreo,2261.0,5395.0,6137.0,True,True
TwoXIndia,1l678f3,2025-06,1780730675,1749371117,"843 women had their wombs removed so they could keep cutting sugarcane. This is violence, not work.",695,0.97,33,0,Kamasutraaahhh_69,,,,,True
TwoXIndia,1l9e9ch,2025-06,1780730675,1749705342,There is no such thing as equality in marriage once you have kids,637,0.93,81,0,Mis_chief_managed,592.8,3142.0,1416.0,True,True
TwoXIndia,1lkg8l7,2025-06,1780730675,1750882471,Got inappropriately touched at an office party.,618,0.97,109,0,RelationshipBasic11,635.3,3306.0,1802.0,True,True
TwoXIndia,1lknvnu,2025-06,1780730675,1750902485,Success is complicated when you're a daughter first,557,0.98,90,0,JaneNoah,2357.2,1118.0,1171.0,True,True
TwoXIndia,1l7ckow,2025-06,1780730675,1749494063,“Not all men” crowd real quiet about nuance now huh?,456,0.87,55,0,Devanshi_13658,2254.8,6813.0,4912.0,True,True
TwoXIndia,1l4nxy4,2025-06,1780730675,1749201248,"Indian families turn blind eye to sexual assault by family members but, go crazy for honor killings!",431,0.97,16,0,Lazy_Mycologist_6667,1932.1,18895.0,4185.0,True,True
TwoXIndia,1lhj7dw,2025-06,1780730675,1750581634,Sad and angry at myself for not standing up.,417,0.98,62,0,OverstimulatedCat,681.4,1359.0,3288.0,True,True
TwoXIndia,1liuwje,2025-06,1780730675,1750718732,"I offered to pay so I’d have company—but he ordered rs 6k of food, I didn’t eat.",379,0.94,45,0,Aggravating-Map-2510,1413.3,872.0,94.0,True,True
TwoXIndia,1l7xndx,2025-06,1780730675,1749559087,Did I tell about the time i sent a meeting request to my Entire company ? And more fun anecdotes,366,0.99,39,0,TroglodyticDreamer,,,,,True
TwoXIndia,1lkg0bu,2025-06,1780730675,1750881931,Why do gynaecs ask if a girl is married?,347,0.92,97,0,thisissodamnhard123,1755.7,2443.0,7878.0,True,False
TwoXIndia,1lcmtr3,2025-06,1780730675,1750059655,Is it wrong to wanting to quit your job and become a housewife? I cant take it anymore,324,0.88,77,0,Choice_Ad6626,1847.2,1226.0,3530.0,True,False
TwoXIndia,1lkbu6w,2025-06,1780730675,1750872350,"Y’all, something happened today that makes me so happy!",316,0.98,10,0,MiserableGrapefruit7,2078.9,11147.0,7549.0,True,False
TwoXIndia,1ll1w3v,2025-06,1780730675,1750948925,Important: This is for the Hyderabad women.,306,0.96,24,0,Old_Baby7468,1014.5,4873.0,5527.0,True,False
TwoXIndia,1lg5aei,2025-06,1780730675,1750429454,My 17 yr old brother said girls wearing short clothes draws male attention and I am horrified.,290,0.92,24,0,Tough_Rough_6124,,,,,False
TwoXIndia,1lbyuzf,2025-06,1780730675,1749989501,"The hypocrisy is unbelievable, all women are now dangerous because one woman killed her husband?",281,0.91,73,0,60percentchicken,1033.8,1170.0,1425.0,True,False
TwoXIndia,1lbyolo,2025-06,1780730675,1749988910,How do you argue with people who care about gender-neutral laws only when a woman commits a crime?,281,0.97,14,0,hatingadulting,1249.7,1103.0,14023.0,True,False
TwoXIndia,1lguilq,2025-06,1780730675,1750505857,Faced racism at a popular café in Central Delhi,272,0.92,36,0,dimbhaat,2108.4,2684.0,9339.0,True,False
TwoXIndia,1l88ux4,2025-06,1780730675,1749585936,Marriage scares me more after hearing my cousin's story f22,264,0.92,17,0,Tough_Rough_6124,,,,,False
TwoXIndia,1lfr4cs,2025-06,1780730675,1750381116,I lowkey understand the pov of guys on dating apps,255,0.88,19,0,AdRoyal9505,1320.9,11555.0,2307.0,True,False
teenindia,1lc0rx6,2025-06,1780730876,1749995370,QUALITY POST 12 🫶🏻💗✨🫶🏻😙👋🏻,7147,0.97,420,0,Flimsy_Challenge_454,385.3,16313.0,7531.0,True,True
teenindia,1ldi6pp,2025-06,1780730876,1750150462,Taught my mom Gen Z slang and now she's texting like a Discord mod 😭✌️,6958,0.94,488,0,titties_sucker,740.2,7611.0,12460.0,True,True
teenindia,1lkvgid,2025-06,1780730876,1750929072,Only elite people have watched this show 👀,5889,0.94,327,0,Plane_Opportunity727,1043.0,7302.0,300.0,True,True
teenindia,1lkq1uf,2025-06,1780730876,1750909070,Was just going back from clg and saw this on the train,5594,0.99,129,0,Standard-Lock-5559,693.4,2041.0,159.0,True,True
teenindia,1l6ad2h,2025-06,1780730876,1749383619,Mom only uses my brother’s pics on WhatsApp. Her reason crushed me.💔💔🥀🥀😔,4740,0.88,1115,0,hzllxhound_78,888.0,3831.0,1029.0,True,True
teenindia,1li6tb6,2025-06,1780730876,1750650479,I farted infront of a girl.,4459,0.92,677,0,CupcakeUnfair4963,445.1,2126.0,8779.0,True,True
teenindia,1lfesrg,2025-06,1780730876,1750349631,Fuck you Shreya,4112,0.9,817,0,Mongoose_Manor,363.0,3885.0,1574.0,True,True
teenindia,1lh0x6w,2025-06,1780730876,1750524274,Sibling made an agreement for playing with her,3183,0.99,179,0,ferreirro,473.6,1255.0,120.0,False,True
teenindia,1lg8rdc,2025-06,1780730876,1750437904,Told my dad chocolates can help reduce period cramps😭😭,2863,0.97,558,0,Secret_Lime_2751,691.8,1555.0,1076.0,True,True
teenindia,1l8xso0,2025-06,1780730876,1749660871,Unpopular opinion tmkoc is shit,2809,0.94,299,0,Illustrious_Power673,518.0,1048.0,942.0,False,True
teenindia,1lgsxfx,2025-06,1780730876,1750499763,He really said this?,2480,0.97,107,0,F947X27,1152.2,2261.0,3612.0,True,False
teenindia,1lj33bg,2025-06,1780730876,1750743540,Got inappropriately touched by a woman in a crowded PMPL bus today..😭😭,2466,0.95,495,0,Ok_Active_6367,455.6,4013.0,537.0,True,False
teenindia,1l8neo2,2025-06,1780730876,1749630693,Caught my elder sister cheating,2326,0.94,661,0,HOTFEET76_,410.2,1094.0,28.0,True,False
teenindia,1lj6oy9,2025-06,1780730876,1750757754,Crazy sexualization in every thing in coaching,2074,0.98,373,0,Typical_Two3255,1060.9,987.0,1070.0,True,False
teenindia,1l6ydcu,2025-06,1780730876,1749453171,Asked my mom if I could go over to my friend's place for 2 hours...,2041,0.99,99,0,ineedtofiguremyshit,892.0,55043.0,2560.0,True,False
teenindia,1lieope,2025-06,1780730876,1750679887,Quality post 16✨🤗😇🫵🏻👻🙏🏻,1963,0.97,162,0,Flimsy_Challenge_454,385.3,16313.0,7531.0,True,False
teenindia,1lb0yks,2025-06,1780730876,1749878669,Ninja hattori supremacy,1893,0.99,45,0,Impressive_Mood8856,805.0,9489.0,2857.0,True,False
teenindia,1lfyhl8,2025-06,1780730876,1750406830,Accidentally called my tuition teacher “baby”,1816,0.96,291,0,Brooklynisthe,1464.3,5404.0,795.0,True,False
teenindia,1liy44x,2025-06,1780730876,1750727671,I touched grass this summer,1670,0.95,258,0,dizzyy777,817.8,733.0,49.0,True,False
AskIndianWomen,1lfj7bk,2025-06,1780731093,1750360069,The Internet has ruined young boy’s minds.,9611,0.95,829,0,Wise_Sprinkles_8532,409.1,7076.0,1781.0,True,True
AskIndianWomen,1l51q5p,2025-06,1780731093,1749239488,I don’t think I’ll ever get married.. and I’m... weirdly okay with that?,2003,0.96,342,0,Enough-Fudge-7855,387.2,2065.0,447.0,True,True
AskIndianWomen,1lj6nsz,2025-06,1780731093,1750757627,Is this normal/common among couples?,1289,0.9,359,0,justananxioussoul,2122.2,2866.0,6868.0,True,True
AskIndianWomen,1l68lvt,2025-06,1780731093,1749376904,Does anyone else feel Sydney Sweeney has let down women?,1170,0.87,348,0,sayonara2428,604.9,1907.0,38651.0,False,True
AskIndianWomen,1lo745p,2025-06,1780731093,1751288995,"Why don't Indian men realise that their wife and kids are the primary family, rest are extended fami",1151,0.87,300,0,Fragrant-Mongoose-64,472.1,1601.0,1641.0,False,True
AskIndianWomen,1l65nop,2025-06,1780731093,1749364650,"My mom did a huge 'kalesh' this morning and 10 minutes later, I hear her singing in the kitchen like",1051,0.97,173,0,altalt_1402,1304.7,1937.0,889.0,False,True
AskIndianWomen,1lkv9p9,2025-06,1780731093,1750928361,"These inc*ls want a Bangmaid, not a wife.",998,0.95,87,0,Apprehensive_Snow193,617.6,5021.0,10374.0,True,True
AskIndianWomen,1lgwo2f,2025-06,1780731093,1750512777,Dowry is big issue.,938,0.9,397,0,Junior_Sleep269,1016.3,135213.0,36475.0,True,True
AskIndianWomen,1ldpd4x,2025-06,1780731093,1750172350,The audacity baffles me,927,0.98,54,0,Fun-Tomatillo-1957,596.1,34457.0,23708.0,False,True
AskIndianWomen,1lk3syp,2025-06,1780731093,1750852944,Why is affection treated like a luxury in Indian marriages?,806,0.95,143,0,Lazy_Mycologist_6667,1932.1,18895.0,4185.0,True,True
AskIndianWomen,1l9e9yu,2025-06,1780731093,1749705404,There is no such thing as equality in marriage once you have kids,749,0.85,112,0,Mis_chief_managed,592.8,3142.0,1416.0,True,False
AskIndianWomen,1llz6zn,2025-06,1780731093,1751043850,Women are real.,664,0.7,536,0,Typical_Chipmunk_77,806.8,1078.0,162.0,True,False
AskIndianWomen,1l76pib,2025-06,1780731093,1749480417,"Apparently, basic equality is too much to ask.",595,0.93,124,0,Apprehensive_Snow193,617.6,5021.0,10374.0,True,False
AskIndianWomen,1l4vtkk,2025-06,1780731093,1749225012,Story of manual scavengers.,564,0.97,33,0,Pash-ki-ghaas,523.0,10870.0,618.0,True,False
AskIndianWomen,1l85717,2025-06,1780731093,1749577484,Arranged Marriage Feels Like Tinder With Parents—Am I Just Being Shallow?,554,0.91,118,0,xquesme,2703.4,806.0,48.0,True,False
AskIndianWomen,1llmwsa,2025-06,1780731093,1751005720,Why are men like this?,548,0.85,140,0,Equal-Ad-6795,725.6,1005.0,123.0,True,False
AskIndianWomen,1l8emae,2025-06,1780731093,1749600490,What made you feminist ?,538,0.92,93,0,Ok-Requirement7190,1964.7,874.0,1190.0,True,False
AskIndianWomen,1lo6aiq,2025-06,1780731093,1751286648,Why don't most Indian men understand the concept of alimony?,501,0.68,569,0,Chocolate-waffles-7,1085.3,1492.0,8611.0,True,False
AskIndianWomen,1log6c6,2025-06,1780731093,1751310294,Problematic sister screwing up my life life,497,0.97,100,0,hornyhornyhorny6969,633.8,507.0,452.0,True,False
AskIndianWomen,1l7t6i9,2025-06,1780731093,1749542895,AITA for thinking my brother deserves more effort in his marriage?,493,0.86,244,0,ad_itya8901,949.7,3025.0,8538.0,True,False
AskIndianWomen,1lndi7u,2025-06,1780731093,1751200102,Why does India have a large incel population despite the arranged marriage system?,476,0.73,254,0,Important_Menu4937,1350.9,5239.0,12917.0,True,False
AskIndianWomen,1lbfplj,2025-06,1780731093,1749926171,Are intelligent women destined to die alone?,466,0.93,301,0,New_Alt_Whoz_Dis,1703.4,979.0,1699.0,True,False
AskIndianWomen,1llqs89,2025-06,1780731093,1751021239,My ex who left me to marry his mum's choice has been telling people how miserable he is.,450,0.97,80,0,Present_Plate8908,,,,,False
AskIndianWomen,1l77y3w,2025-06,1780731093,1749483340,Did you hear about  recent meghalaya murder case??THE WIFE KILLED HIM,449,0.88,146,0,Whorewtfhaha,1314.3,1165.0,66.0,True,False
AskIndianWomen,1lo1w7k,2025-06,1780731093,1751270721,"In a marital/familial context, why it's always ""cruel"" to separate a son from his parents; but all o",389,0.92,108,0,VM_Sivakumar,376.3,2141.0,337.0,True,False
AskIndianWomen,1lml1ka,2025-06,1780731093,1751111725,"Today, I felt proud as a girl but disgusted as a citizen.",379,0.94,42,0,twilightxmoon,880.0,3777.0,1696.0,True,False
AskIndianWomen,1lhnbzy,2025-06,1780731093,1750597278,Why Bihari family can’t tolerate an unmarried independent daughter?,371,0.97,34,0,alwaysbedrotting,579.0,2657.0,1188.0,True,False
AskIndianWomen,1llpk4s,2025-06,1780731093,1751016558,Another g@ngr@pe in Kolkata,362,0.98,39,0,stara1995,647.9,5003.0,18174.0,True,False
AskIndianWomen,1lea4vt,2025-06,1780731093,1750228355,Life is a living hell when you’re a SC/ST woman,356,0.86,149,0,push2starttt,460.8,917.0,492.0,True,False
AskIndianWomen,1lihltl,2025-06,1780731093,1750687861,Mothers have it tough....,355,0.94,36,0,Junior_Sleep269,1016.3,135213.0,36475.0,True,False
IndianFood,1lds2jq,2025-06,1780731293,1750178567,I don’t like how Indian restaurants (in America) serve rice by default with most dishes and roti/naa,434,0.92,85,0,kulkdaddy47,2957.9,8032.0,16742.0,True,True
IndianFood,1lk3jaq,2025-06,1780731293,1750852126,Why South Indian biryani taste so much better than biryani we get around Delhi?,301,0.88,171,0,LatterInformation247,780.8,802.0,5137.0,True,True
IndianFood,1ll0pzn,2025-06,1780731293,1750946003,Indian food hack while traveling,209,0.86,36,0,Winter_Degree7739,1341.0,301.0,78.0,True,True
IndianFood,1lbq74w,2025-06,1780731293,1749956501,Why did the owner of a new Indian market in my town not know what I meant when I asked him for papad,164,0.84,101,0,NewNose9155,649.6,1524.0,3525.0,False,True
IndianFood,1lh0db1,2025-06,1780731293,1750522815,What are some of the underrated dishes from your region that deserves Pan-Indian popularity?,123,0.96,75,0,Ill_Tonight6349,1839.4,21630.0,17632.0,True,True
IndianFood,1l70sck,2025-06,1780731293,1749463053,Gujarati non vegetarian cuisine,94,0.83,59,0,thesithlord27,1612.3,75.0,54.0,True,True
IndianFood,1lesr5f,2025-06,1780731293,1750281095,What are your personal favorite dishes as an India Local — not the touristy stuff?,90,0.93,113,0,WhammyV,3181.1,205.0,293.0,True,True
IndianFood,1l9beap,2025-06,1780731293,1749695809,What do I do with pickles?,89,0.89,74,0,KrankenwagenKolya,5211.8,4539.0,18161.0,False,True
IndianFood,1ljlqh2,2025-06,1780731293,1750796151,Why is Indian street food so maida heavy considering the price is nearly the same as atta?,87,0.85,63,0,DrewDrowski,349.8,18908.0,13572.0,True,True
IndianFood,1lbwfmm,2025-06,1780731293,1749980291,What are all the British influences on Indian cuisine that you know of?,63,0.87,83,0,Ill_Tonight6349,1839.4,21630.0,17632.0,True,True
IndianFood,1lbggzq,2025-06,1780731293,1749928138,I created a List of Movies Related to Indian Food,55,0.96,32,0,SoftPois0n,,,,,False
IndianFood,1lieaaz,2025-06,1780731293,1750678586,What’s your go-to comfort food when you’re feeling low?,48,0.94,87,0,Divya9677,1498.7,487.0,36.0,True,False
IndianFood,1le3vps,2025-06,1780731293,1750207604,What is your go-to to dishes for guests?,47,1.0,37,0,Prestigious-Owl8599,1317.5,31.0,602.0,True,False
IndianFood,1l7x76n,2025-06,1780731293,1749557754,books about indian food and culture,37,0.93,32,0,Slow-Scientist-77,1370.3,182.0,310.0,True,False
IndianFood,1lf9ueh,2025-06,1780731293,1750336942,From many of the food vlogs that I've seen from Gujrat it seems that Masala Dosa is a very popular s,35,0.86,37,0,Ill_Tonight6349,1839.4,21630.0,17632.0,True,False
IndianFood,1l5rao5,2025-06,1780731293,1749319920,idli recipe for baby,31,0.97,29,0,a215girl,3499.5,13449.0,501.0,True,False
IndianFood,1ld1b2m,2025-06,1780731293,1750100004,Looking for uncommon Indian chutney recipes,29,0.97,78,0,xenpaiBaka,1624.9,15.0,27.0,True,False
IndianFood,1lczivm,2025-06,1780731293,1750096035,Should I leave my pressure cooker in India and buy an Instant Pot in the US?,29,0.74,104,0,Wild_Kiwi204,989.9,293.0,960.0,True,False
IndianFood,1l6h6fp,2025-06,1780731293,1749402368,"Suggest your best yet simple homemade vegetarian sandwich recipes, please.",29,0.94,42,0,Left_Income755,986.1,3896.0,4153.0,True,False
IndianFood,1lax46u,2025-06,1780731293,1749865784,What are some must-try Gujarati dishes?,28,0.85,32,0,Classic-Sentence3148,2089.9,18500.0,22201.0,True,False
IndianFood,1lj95aw,2025-06,1780731293,1750766230,"Why is my dosa not turning crispy? Cast iron, fermented batter, still too soft — video inside",27,0.92,73,0,Honest-Man-1212,600.4,48.0,49.0,True,False
IndianFood,1ld5pyu,2025-06,1780731293,1750110351,Seeking your family recipe dosa sambar and chutneys,27,0.93,23,0,Own_Art_8006,524.6,45.0,13584.0,True,False
IndianFood,1lnq3f6,2025-06,1780731293,1751232407,Recommandations to learn what spices and foods do what to meals,26,1.0,15,0,lab2point0,2939.6,11238.0,9961.0,False,False
IndianFood,1lhkmpi,2025-06,1780731293,1750587597,"Homemade easy bagels: for Indian homes, with easy-access items",22,0.92,9,0,Digital_Footprint_29,,,,,False
IndianFood,1llmbkf,2025-06,1780731293,1751003483,Can all the rice and meat dishes be called Biryani or is it a misnomer?,21,0.68,34,0,Ill_Tonight6349,1839.4,21630.0,17632.0,True,False
IndianFood,1lmjzn1,2025-06,1780731293,1751108014,Teach me everything about cooking chicken!,21,0.71,44,0,FakeNewsPeddlerr,462.7,1766.0,5817.0,True,False
IndianFood,1ll0rlr,2025-06,1780731293,1750946118,How would you make Paneer Butter Masala for a LOT of people fast,18,0.92,28,0,Schleimwurm1,2254.8,5830.0,16175.0,True,False
IndianFood,1l5pf4o,2025-06,1780731293,1749315158,Who doesn't like Dal khichdi?,18,0.77,33,0,Dense-Ship-2339,827.9,48.0,46.0,True,False
IndianFood,1lfrrrm,2025-06,1780731293,1750383087,How prevalent are nuts/peanuts or nut oils in Indian cooking?,17,0.79,26,0,TanukiFruit,2678.3,1820.0,2199.0,True,False
IndianFood,1l71qqy,2025-06,1780731293,1749466538,"How to mimic that unique, smoky almost burnt dhaba taste at home?",16,0.94,25,0,zeusakash,3079.7,11349.0,17932.0,True,False
IndianFood,1ll47fl,2025-06,1780731293,1750954376,Can I use parachute coconut oil for cooking?,16,0.83,44,0,desialph,2493.3,456.0,8490.0,True,False
IndianFood,1lkuwhj,2025-06,1780731293,1750926876,Please recommend a good tea brand,16,0.94,42,0,rddtusrrddt,1608.7,213.0,304.0,True,False
IndianFood,1l4oi3o,2025-06,1780731293,1749203590,Quick easy tasty recipes for my husband,15,0.76,52,0,0nehotdoctor,1668.6,8.0,5.0,False,False
IndianFood,1lawhy1,2025-06,1780731293,1749863831,Toddler recipes with hidden veg/protein?,12,0.84,21,0,MezyMinzy,2779.9,217.0,10583.0,True,False
