subreddit,post_id,collection_month,comment_id,author,in_top10,top10_rank,in_first5,first5_rank,is_submitter,comment_score,comment_created_utc,comment_depth,author_account_age_days,author_link_karma,author_comment_karma,author_verified_email
india,1ooonc1,2025-11,nn5n0fd,Rhit_Pnch,True,1.0,True,1.0,False,594,1762303725,0,2001.0,68.0,613.0,True
india,1ooonc1,2025-11,nn5rund,zincovit,True,2.0,True,3.0,False,475,1762305425,0,2078.6,2631.0,46625.0,True
india,1ooonc1,2025-11,nn5u4mn,YeahImMan39,True,3.0,False,,False,110,1762306211,0,745.2,2390.0,54016.0,False
india,1ooonc1,2025-11,nn5u84w,tab_111,True,4.0,False,,False,90,1762306245,0,2363.5,1.0,2548.0,True
india,1ooonc1,2025-11,nn5rq8y,Vorabay,True,5.0,True,2.0,False,76,1762305382,0,5159.4,2123.0,10754.0,False
india,1ooonc1,2025-11,nn67d13,AP7497,True,6.0,False,,False,68,1762310797,0,3042.8,363.0,125319.0,True
india,1ooonc1,2025-11,nn60lt9,vinodhan20,True,7.0,False,,False,38,1762308439,0,353.0,158.0,1234.0,True
india,1ooonc1,2025-11,nn5trc0,b00tbu9,True,8.0,True,5.0,False,31,1762306084,0,4349.0,55.0,418.0,True
india,1ooonc1,2025-11,nn5y92o,sweet_sparkle,True,9.0,False,,False,11,1762307620,0,1633.0,10699.0,36281.0,False
india,1ooonc1,2025-11,nn5s3dx,LeekOne1501,True,10.0,True,4.0,False,8,1762305512,0,1108.7,529.0,2003.0,True
india,1oqryxq,2025-11,nnkw0el,thebaldmaniac,True,1.0,True,2.0,False,1713,1762515342,0,3556.5,2592.0,55357.0,True
india,1oqryxq,2025-11,nnkxanm,asahoetidaa,True,2.0,True,3.0,False,277,1762515975,0,712.8,1076.0,4454.0,True
india,1oqryxq,2025-11,nnl1idw,idkjustgivemeany,True,3.0,False,,False,197,1762517888,0,2316.6,2303.0,42493.0,True
india,1oqryxq,2025-11,nnkvp7r,hallan1,True,4.0,True,1.0,False,147,1762515182,0,982.2,211.0,2805.0,True
india,1oqryxq,2025-11,nnl2wbw,Apprehensive_Low2596,True,5.0,False,,False,53,1762518494,0,418.9,307.0,2799.0,True
india,1oqryxq,2025-11,nnl775n,IceBear5321,True,6.0,False,,False,51,1762520234,0,1851.1,4589.0,21023.0,True
india,1oqryxq,2025-11,nnl9ien,flyingfrogss,True,7.0,False,,False,46,1762521098,0,1071.9,948.0,13139.0,True
india,1oqryxq,2025-11,nnludj1,United_Dream_1969,True,8.0,False,,False,41,1762528003,0,1070.6,9.0,276.0,False
india,1oqryxq,2025-11,nnky9r2,wtfbreeze,True,10.0,True,4.0,False,31,1762516430,0,1195.1,1527.0,1559.0,True
india,1oqryxq,2025-11,nnledrx,_AkasunaNoSasori,True,9.0,False,,False,34,1762522806,0,1109.3,26.0,13003.0,True
india,1oqryxq,2025-11,nnkzsrs,Adept_Amphibian_3237,False,,True,5.0,False,24,1762517125,0,2014.1,55.0,215.0,True
india,1p4n5qy,2025-11,nqcx496,bougainvillea80,True,1.0,True,3.0,False,522,1763906712,0,1175.0,3052.0,13289.0,True
india,1p4n5qy,2025-11,nqcx3h3,pasteldreamss,True,2.0,True,2.0,False,288,1763906704,0,2358.9,11.0,915.0,True
india,1p4n5qy,2025-11,nqcyk3z,StruggleAcrobatic421,True,3.0,True,5.0,False,203,1763907249,0,651.9,501.0,3569.0,True
india,1p4n5qy,2025-11,nqd0v92,StatisticianAfraid21,True,4.0,False,,False,153,1763908108,0,1979.7,182.0,8836.0,True
india,1p4n5qy,2025-11,nqdh7zt,superboysid,True,5.0,False,,False,116,1763913622,0,,,,
india,1p4n5qy,2025-11,nqcv4m9,VeggieTofuManifestor,True,6.0,True,1.0,False,87,1763905961,0,,,,
india,1p4n5qy,2025-11,nqe6iu3,boozo,True,7.0,False,,False,65,1763921395,0,5266.8,167.0,2938.0,True
india,1p4n5qy,2025-11,nqd0gfv,AbhilashHP,True,8.0,False,,False,46,1763907954,0,3232.5,96932.0,34434.0,True
india,1p4n5qy,2025-11,nqe1czq,kenrockrider,True,9.0,False,,False,32,1763919856,0,245.9,1.0,6633.0,True
india,1p4n5qy,2025-11,nqd5iwa,blaster1988,True,10.0,False,,False,29,1763909790,0,,,,
india,1p4n5qy,2025-11,nqcy87f,Own_Freedom_6810,False,,True,4.0,False,15,1763907129,0,1264.2,3.0,7295.0,True
india,1omx65u,2025-11,nmtdvls,SevisGovindham,True,1.0,False,,False,361,1762137419,0,423.5,4021.0,3738.0,True
india,1omx65u,2025-11,nmtexsb,AggravatingOutcome34,True,2.0,False,,False,360,1762137819,0,1796.0,223.0,656.0,True
india,1omx65u,2025-11,nmt211q,Bombastic-bomber,True,3.0,True,2.0,False,314,1762133116,0,338.1,4.0,3844.0,True
india,1omx65u,2025-11,nmt511q,FeistyHeart9633,True,4.0,True,4.0,False,229,1762134222,0,316.1,390.0,1333.0,True
india,1omx65u,2025-11,nmsz15w,electri-cute,True,5.0,True,1.0,False,166,1762132009,0,569.3,7.0,7485.0,True
india,1omx65u,2025-11,nmt3gzw,Ok-Difference6796,True,6.0,True,3.0,False,145,1762133647,0,2072.7,868.0,4702.0,True
india,1omx65u,2025-11,nmtuhmy,100emoji_humanform,True,7.0,False,,False,90,1762144182,0,1165.3,338.0,6343.0,True
india,1omx65u,2025-11,nmtnzr7,whatsthe-tea,True,8.0,False,,False,89,1762141427,0,1304.0,1986.0,8959.0,True
india,1omx65u,2025-11,nmtesar,Globalistacoolhead,True,9.0,False,,False,83,1762137762,0,285.6,1.0,1353.0,False
india,1omx65u,2025-11,nmtgy5s,Lattice-shadow,True,10.0,False,,False,58,1762138591,0,1500.3,521.0,27770.0,True
india,1omx65u,2025-11,nmtbzn4,Ghastly_King,False,,True,5.0,False,50,1762136732,0,1317.7,2931.0,22682.0,True
india,1oorja3,2025-11,nn6eovp,rae_is_rad,True,1.0,True,5.0,False,623,1762313413,0,3321.2,4389.0,14048.0,True
india,1oorja3,2025-11,nn69y9d,SuperannuationLawyer,True,2.0,True,1.0,False,585,1762311689,0,2077.0,991.0,75534.0,True
india,1oorja3,2025-11,nn6o1jy,six_string_sensei,True,3.0,False,,False,575,1762317135,0,4593.1,15549.0,56701.0,True
india,1oorja3,2025-11,nn6bt73,altunknwn,True,4.0,True,2.0,False,215,1762312357,0,,,,
india,1oorja3,2025-11,nn6gcjo,robotwithbrain,True,5.0,False,,False,172,1762314039,0,2777.6,6380.0,14820.0,False
india,1oorja3,2025-11,nn6j34w,Starlord_222,True,6.0,False,,False,153,1762315089,0,2555.3,6059.0,14751.0,True
india,1oorja3,2025-11,nn6g2c6,minimallysubliminal,True,7.0,False,,False,86,1762313931,0,3321.4,687.0,39424.0,True
india,1oorja3,2025-11,nn6u5zh,Mission-Swimming2,True,8.0,False,,False,63,1762319829,0,956.0,5682.0,8520.0,True
india,1oorja3,2025-11,nn6d9g9,MissionStatistician,True,9.0,True,4.0,False,43,1762312889,0,2954.6,2444.0,85611.0,True
india,1oorja3,2025-11,nn6pglw,Jazzlike-Vacation230,True,10.0,False,,False,31,1762317746,0,752.6,217.0,11807.0,True
india,1oorja3,2025-11,nn6cvvo,MithrilHuman,False,,True,3.0,False,25,1762312751,0,458.9,6284.0,39552.0,True
india,1osc9rq,2025-11,nnw6afc,Oreodevi,True,1.0,True,1.0,False,1184,1762670451,0,498.6,13670.0,11082.0,True
india,1osc9rq,2025-11,nnw6lo9,Remarkable_Buy_9469,True,2.0,True,2.0,False,692,1762670633,0,623.5,45.0,1136.0,True
india,1osc9rq,2025-11,nnw6myb,Ok_Pace6923,True,3.0,True,3.0,False,397,1762670654,0,853.2,1.0,514.0,True
india,1osc9rq,2025-11,nnw73sr,gumnamaadmi,True,4.0,True,4.0,False,286,1762670925,0,991.5,56.0,29910.0,True
india,1osc9rq,2025-11,nnwauca,gausgsjsisvs,True,5.0,False,,False,215,1762673096,0,1972.0,135.0,2281.0,False
india,1osc9rq,2025-11,nnwfdux,Primary-Angle4008,True,6.0,False,,False,98,1762675831,0,545.8,472.0,45598.0,True
india,1osc9rq,2025-11,nnw8ii7,circuit_brain,True,7.0,False,,False,97,1762671725,0,4549.3,7692.0,31329.0,True
india,1osc9rq,2025-11,nnwb6kr,SuperannuationLawyer,True,8.0,False,,False,74,1762673301,0,2077.0,991.0,75534.0,True
india,1osc9rq,2025-11,nnw82q0,ScheduleSame258,True,9.0,False,,False,74,1762671475,0,1875.9,430.0,90432.0,True
india,1osc9rq,2025-11,nnwf1i6,Alternative-Bar7437,True,10.0,False,,False,59,1762675626,0,,,,
india,1osc9rq,2025-11,nnw7s01,yyc_engineer,False,,True,5.0,False,27,1762671306,0,1236.2,60.0,12868.0,True
india,1paggzu,2025-11,nrj223a,Mountain-Finish-1992,True,1.0,True,4.0,False,952,1764505067,0,788.2,829.0,53262.0,True
india,1paggzu,2025-11,nrj1wds,kaychyakay,True,2.0,True,3.0,False,946,1764504981,0,595.8,243085.0,45255.0,True
india,1paggzu,2025-11,nrj0rc7,MutedBeach8248,True,3.0,True,2.0,False,338,1764504347,0,831.7,406.0,4829.0,True
india,1paggzu,2025-11,nrj4kwf,firephoenix_sam19,True,4.0,True,5.0,False,332,1764506386,0,2582.7,3721.0,33809.0,True
india,1paggzu,2025-11,nrj5im0,insatiable_spirit_,True,5.0,False,,False,210,1764506850,0,823.2,1002.0,2118.0,True
india,1paggzu,2025-11,nrj034z,Mo_h,True,6.0,True,1.0,False,107,1764503971,0,4083.6,17402.0,39881.0,True
india,1paggzu,2025-11,nrj7foa,mha3if,True,7.0,False,,False,74,1764507770,0,3342.2,1439.0,6870.0,True
india,1paggzu,2025-11,nrj6h3q,TatyaVinchu421,True,8.0,False,,False,64,1764507310,0,562.0,30.0,1308.0,True
india,1paggzu,2025-11,nrjfilo,m3t4ph0r1c,True,9.0,False,,False,43,1764511269,0,3363.0,1233.0,5736.0,True
india,1paggzu,2025-11,nrj7joq,Careless-Treacle-616,True,10.0,False,,False,27,1764507822,0,,,,
india,1ot2zg3,2025-11,no1ss2i,CakePirate97,True,1.0,True,4.0,False,1296,1762745813,0,212.0,215.0,7890.0,False
india,1ot2zg3,2025-11,no1xvpp,indianfreelancerg,True,2.0,False,,False,441,1762747845,0,2132.3,47.0,1854.0,True
india,1ot2zg3,2025-11,no1rm0l,Beautiful-Ad-425,True,3.0,True,2.0,False,165,1762745353,0,2012.8,1.0,2133.0,True
india,1ot2zg3,2025-11,no1vdpj,catoverdog,True,4.0,False,,False,108,1762746833,0,1135.3,147.0,3956.0,True
india,1ot2zg3,2025-11,no1rx0a,Any-Candy7793,True,5.0,True,3.0,True,105,1762745471,0,673.6,976.0,299.0,False
india,1ot2zg3,2025-11,no1tmjx,yoda_yoda,True,6.0,True,5.0,False,87,1762746145,0,5131.1,9354.0,157657.0,True
india,1ot2zg3,2025-11,no1qe7b,gentleman2008,True,8.0,True,1.0,False,21,1762744885,0,1386.6,436.0,1990.0,True
india,1ot2zg3,2025-11,no1ywzb,Historical_Arm_6294,True,7.0,False,,False,22,1762748273,0,1863.1,924.0,4037.0,True
india,1ot2zg3,2025-11,no1x9mq,brabarusmark,True,9.0,False,,False,13,1762747594,0,4019.2,3768.0,92255.0,True
india,1ot2zg3,2025-11,no2gsog,bebo_bunty,True,10.0,False,,False,10,1762757139,0,1302.9,2489.0,59821.0,False
india,1oowjp3,2025-11,nn797xq,Glass_Extension_6529,True,1.0,True,1.0,True,493,1762327663,0,512.7,29409.0,37794.0,True
india,1oowjp3,2025-11,nn7dgtc,Wheesa,True,2.0,True,5.0,False,205,1762330130,0,3116.2,7207.0,223748.0,True
india,1oowjp3,2025-11,nn7a12y,Samalvii,True,3.0,True,2.0,False,177,1762328134,0,2765.5,14792.0,6165.0,True
india,1oowjp3,2025-11,nn7e8zb,kholeChature,True,4.0,False,,False,134,1762330595,0,248.9,48118.0,72888.0,True
india,1oowjp3,2025-11,nn7fwff,novicecrastinator,True,5.0,False,,False,73,1762331585,0,1702.9,1.0,1439.0,True
india,1oowjp3,2025-11,nn7ccoi,Vlodivostonks,True,6.0,True,4.0,False,69,1762329474,0,1948.9,1.0,18425.0,False
india,1oowjp3,2025-11,nn7fmkn,Exciting_Traffic_420,True,7.0,False,,False,32,1762331419,0,1088.4,829.0,3867.0,True
india,1oowjp3,2025-11,nn7arxp,INFPamigo,True,8.0,True,3.0,False,25,1762328566,0,1948.0,3150.0,100843.0,True
india,1oowjp3,2025-11,nn7kc1k,guilty_guy101,True,10.0,False,,False,15,1762334302,0,1009.0,53.0,53.0,True
india,1oowjp3,2025-11,nn7q4l9,Wise-Lecture-9220,True,9.0,False,,False,20,1762337765,0,855.1,95.0,11298.0,True
india,1otfs7f,2025-11,no4bk08,Lambodhar,True,1.0,True,4.0,False,674,1762788625,0,2685.0,320.0,34741.0,False
india,1otfs7f,2025-11,no48500,kholeChature,True,2.0,True,3.0,False,537,1762787595,0,248.9,48118.0,72888.0,True
india,1otfs7f,2025-11,no44zqo,Fallen_Knight7,True,3.0,True,2.0,False,306,1762786605,0,1481.2,332.0,4243.0,True
india,1otfs7f,2025-11,no4dfta,Viper_dude,True,4.0,False,,False,255,1762789188,0,2208.3,679.0,1135.0,True
india,1otfs7f,2025-11,no4eogr,Far_Patience2073,True,5.0,False,,False,253,1762789557,0,445.9,19176.0,29166.0,True
india,1otfs7f,2025-11,no4cmxd,RapchikGunda,True,6.0,False,,False,195,1762788949,0,,,,
india,1otfs7f,2025-11,no4ftrc,sharedevaaste,True,7.0,False,,False,143,1762789891,0,2030.8,125749.0,21933.0,True
india,1otfs7f,2025-11,no444q0,newsweek,True,8.0,True,1.0,True,117,1762786330,0,3039.9,2335028.0,177931.0,True
india,1otfs7f,2025-11,no4cby4,SherbetSuperb,True,9.0,True,5.0,False,79,1762788857,0,,,,
india,1otfs7f,2025-11,no4l6sr,pandas795,True,10.0,False,,False,64,1762791452,0,5211.6,660565.0,477862.0,True
BollyBlindsNGossip,1oqma3r,2025-11,nnjxorm,Reasonable_Food6977,True,1.0,False,,False,1379,1762495235,0,345.8,589.0,2196.0,True
BollyBlindsNGossip,1oqma3r,2025-11,nnk26uy,Signal_Charity8604,True,2.0,False,,True,1362,1762497738,0,680.2,9215.0,4397.0,False
BollyBlindsNGossip,1oqma3r,2025-11,nnk06a8,versace_gurl,True,3.0,False,,False,1353,1762496600,0,1079.3,206.0,12282.0,True
BollyBlindsNGossip,1oqma3r,2025-11,nnjvtha,Mother-Attention4930,True,4.0,True,1.0,False,1130,1762494247,0,731.6,62.0,147437.0,True
BollyBlindsNGossip,1oqma3r,2025-11,nnjxgnq,Key_Distribution888,True,5.0,False,,False,686,1762495114,0,1101.4,392.0,24535.0,True
BollyBlindsNGossip,1oqma3r,2025-11,nnjvzwh,IntelligentPlane2564,True,6.0,True,2.0,False,452,1762494339,0,2037.4,61.0,1429.0,True
BollyBlindsNGossip,1oqma3r,2025-11,nnjwd39,yeahthatweirdo,True,7.0,True,5.0,False,415,1762494530,0,1981.2,1858.0,61504.0,True
BollyBlindsNGossip,1oqma3r,2025-11,nnjzgzp,mayudhon,True,8.0,False,,False,397,1762496206,0,1881.1,7755.0,245843.0,True
BollyBlindsNGossip,1oqma3r,2025-11,nnjzn0k,ReflectionLevel9529,True,9.0,False,,False,371,1762496298,0,287.4,341.0,16993.0,True
BollyBlindsNGossip,1oqma3r,2025-11,nnjwjmo,ReflectionLevel9529,True,10.0,False,,False,323,1762494624,0,287.4,341.0,16993.0,True
BollyBlindsNGossip,1oqma3r,2025-11,nnjw15i,CauliflowerAmazing35,False,,True,3.0,False,164,1762494357,0,1512.5,6530.0,73671.0,True
BollyBlindsNGossip,1oqma3r,2025-11,nnjw88d,vegarhoalpha,False,,True,4.0,False,124,1762494460,0,1281.8,35.0,247883.0,True
BollyBlindsNGossip,1oq3ueb,2025-11,nng35yo,MysteriousDiricawl,True,1.0,False,,False,1828,1762448344,0,246.7,11474.0,33707.0,True
BollyBlindsNGossip,1oq3ueb,2025-11,nng3oku,manhattan011991,True,2.0,False,,False,989,1762448493,0,444.0,5.0,7514.0,True
BollyBlindsNGossip,1oq3ueb,2025-11,nng2chg,Tomayto-Tohmato,True,3.0,False,,False,714,1762448110,0,983.1,50.0,2893.0,True
BollyBlindsNGossip,1oq3ueb,2025-11,nng3olc,BollyDeewani,True,4.0,False,,False,602,1762448493,0,1521.9,691.0,49443.0,True
BollyBlindsNGossip,1oq3ueb,2025-11,nng0j4k,Holiday-Version-3226,True,5.0,True,1.0,False,451,1762447590,0,263.8,10059.0,14674.0,False
BollyBlindsNGossip,1oq3ueb,2025-11,nng44sc,Far-Abies-7482,True,6.0,False,,False,271,1762448623,0,937.8,7458.0,14790.0,True
BollyBlindsNGossip,1oq3ueb,2025-11,nng22h1,scepticalbeing94,True,7.0,True,5.0,False,231,1762448031,0,1904.7,9524.0,248502.0,True
BollyBlindsNGossip,1oq3ueb,2025-11,nng2c1z,simsimsim9595,True,8.0,False,,False,205,1762448106,0,1348.3,1477.0,1294.0,True
BollyBlindsNGossip,1oq3ueb,2025-11,nng1hos,Majestic_District_51,True,9.0,True,4.0,False,174,1762447865,0,1831.0,69998.0,625766.0,True
BollyBlindsNGossip,1oq3ueb,2025-11,nng0jj8,FactsSpeaker60,True,10.0,True,2.0,False,145,1762447593,0,402.6,8031.0,37263.0,True
BollyBlindsNGossip,1oq3ueb,2025-11,nng196d,OddCriticism1110,False,,True,3.0,False,138,1762447796,0,825.0,2970.0,2205.0,True
BollyBlindsNGossip,1ouf8v0,2025-11,nobazii,ReflectionLevel9529,True,1.0,False,,False,1308,1762882427,0,287.4,341.0,16993.0,True
BollyBlindsNGossip,1ouf8v0,2025-11,nobaza7,creativeforce06,True,2.0,True,5.0,False,1015,1762882425,0,594.3,53.0,182183.0,True
BollyBlindsNGossip,1ouf8v0,2025-11,nob8m0e,youarecutejeans24,True,3.0,True,3.0,False,599,1762881715,0,1408.6,4538.0,48968.0,True
BollyBlindsNGossip,1ouf8v0,2025-11,nobd401,Naive_Cause8984,True,4.0,False,,False,268,1762883058,0,756.2,66833.0,126754.0,True
BollyBlindsNGossip,1ouf8v0,2025-11,nob9oh3,Future-Lack-4700,True,5.0,True,4.0,False,76,1762882036,0,234.0,1.0,13233.0,True
BollyBlindsNGossip,1ouf8v0,2025-11,nobitp8,Parking_Cucumber_118,True,6.0,False,,False,73,1762884723,0,899.9,65.0,9257.0,True
BollyBlindsNGossip,1ouf8v0,2025-11,nobg9bh,Lattice-shadow,True,7.0,False,,False,69,1762883974,0,1500.3,521.0,27770.0,True
BollyBlindsNGossip,1ouf8v0,2025-11,nobe1jz,ExaminationFail25,True,8.0,False,,False,42,1762883330,0,1486.0,53.0,190172.0,True
BollyBlindsNGossip,1ouf8v0,2025-11,nob84pt,akshatsha,True,9.0,True,1.0,False,32,1762881572,0,1306.3,1386.0,18554.0,True
BollyBlindsNGossip,1ouf8v0,2025-11,nocgfum,lavender-berries,True,10.0,False,,False,24,1762894842,0,527.4,376.0,2453.0,False
BollyBlindsNGossip,1ouf8v0,2025-11,nob8f4p,FalconOk5006,False,,True,2.0,False,22,1762881659,0,1189.0,151.0,2623.0,True
BollyBlindsNGossip,1p20tny,2025-11,nptte1l,Majestic_District_51,True,1.0,True,1.0,False,685,1763638497,0,1831.0,69998.0,625766.0,True
BollyBlindsNGossip,1p20tny,2025-11,nptu86v,tomhanks95,True,2.0,True,2.0,False,329,1763638924,0,2774.3,51039.0,232381.0,True
BollyBlindsNGossip,1p20tny,2025-11,npued93,kanchenjungaaaa,True,3.0,False,,False,300,1763647008,0,459.0,89.0,350.0,True
BollyBlindsNGossip,1p20tny,2025-11,npumtlo,Kaccha-Kela,True,4.0,False,,False,256,1763649843,0,566.1,3722.0,6204.0,True
BollyBlindsNGossip,1p20tny,2025-11,nptwis9,TheyCallMeSwaggot,True,5.0,False,,False,224,1763640021,0,,,,
BollyBlindsNGossip,1p20tny,2025-11,nptwh8n,TheyCallMeSwaggot,True,6.0,True,5.0,False,190,1763640001,0,,,,
BollyBlindsNGossip,1p20tny,2025-11,npul9yv,Capital-Enthusiasm75,True,8.0,False,,False,178,1763649334,0,1921.4,89.0,4712.0,True
BollyBlindsNGossip,1p20tny,2025-11,nputonm,fumblesoul23,True,7.0,False,,False,179,1763651966,0,3462.0,1308.0,5422.0,True
BollyBlindsNGossip,1p20tny,2025-11,npu34ay,blunt_edges,True,9.0,False,,False,142,1763642909,0,3333.3,11.0,2342.0,True
BollyBlindsNGossip,1p20tny,2025-11,nptvw1w,FearlessSquirrel4806,True,10.0,True,4.0,False,129,1763639724,0,1366.8,172.0,6685.0,True
BollyBlindsNGossip,1p20tny,2025-11,nptuy6r,brown_gentleman,False,,True,3.0,False,64,1763639279,0,,,,
BollyBlindsNGossip,1ozl8v3,2025-11,npcjt8z,Automatic_Wave8442,True,1.0,False,,False,1136,1763400519,0,262.9,37276.0,12580.0,True
BollyBlindsNGossip,1ozl8v3,2025-11,npcbsd1,WhatShouldTheHeartDo,True,2.0,True,1.0,False,416,1763398144,0,1424.4,22397.0,234255.0,True
BollyBlindsNGossip,1ozl8v3,2025-11,npccv96,Randomidek123,True,3.0,True,3.0,False,316,1763398462,0,1499.7,24119.0,254004.0,True
BollyBlindsNGossip,1ozl8v3,2025-11,npcjdfm,Individual-Sort5026,True,4.0,False,,False,149,1763400389,0,1323.6,6515.0,21403.0,True
BollyBlindsNGossip,1ozl8v3,2025-11,npcf6i7,Venture_Capitalistt,True,5.0,True,5.0,False,73,1763399146,0,1588.5,6325.0,2360.0,True
BollyBlindsNGossip,1ozl8v3,2025-11,npcd06b,TheLastDetective,True,6.0,True,4.0,False,70,1763398502,0,464.8,15787.0,48146.0,True
BollyBlindsNGossip,1ozl8v3,2025-11,npcjv2e,Love_cheesecakes_,True,7.0,False,,False,65,1763400534,0,1640.8,9557.0,6749.0,True
BollyBlindsNGossip,1ozl8v3,2025-11,npdnbw6,moehizzy,True,8.0,False,,False,58,1763412203,0,2524.9,29.0,1593.0,True
BollyBlindsNGossip,1ozl8v3,2025-11,npe70t2,saleemwatchout,True,9.0,False,,False,49,1763418216,0,4045.0,11525.0,5456.0,True
BollyBlindsNGossip,1ozl8v3,2025-11,npcbucl,PaintingExcellent459,True,10.0,True,2.0,False,38,1763398160,0,228.9,76.0,3106.0,True
BollyBlindsNGossip,1p5b2hg,2025-11,nqhwp8j,Beginning-Emotion641,True,1.0,True,5.0,False,479,1763971065,0,1972.9,7975.0,46050.0,True
BollyBlindsNGossip,1p5b2hg,2025-11,nqhxuwe,GiveMeSomeSunshine3,True,2.0,False,,False,261,1763971756,0,448.8,1815823.0,223800.0,True
BollyBlindsNGossip,1p5b2hg,2025-11,nqhwlpb,vishasv,True,3.0,True,4.0,False,176,1763971007,0,2358.3,10059.0,98422.0,True
BollyBlindsNGossip,1p5b2hg,2025-11,nqhwfmt,Automatic-Speed-2513,True,4.0,True,3.0,False,88,1763970909,0,1921.1,2596.0,38353.0,True
BollyBlindsNGossip,1p5b2hg,2025-11,nqhxhwd,lawdezindagike,True,5.0,False,,False,77,1763971535,0,700.1,1684.0,3893.0,False
BollyBlindsNGossip,1p5b2hg,2025-11,nqi1mvg,Primary-Resident-764,True,6.0,False,,False,70,1763974081,0,708.9,5422.0,33624.0,True
BollyBlindsNGossip,1p5b2hg,2025-11,nqi3dio,MrDonButler,True,7.0,False,,False,67,1763975171,0,,,,
BollyBlindsNGossip,1p5b2hg,2025-11,nqhvtu0,Few_Dependent_1932,True,8.0,True,2.0,True,51,1763970551,0,1465.1,3410.0,1692.0,True
BollyBlindsNGossip,1p5b2hg,2025-11,nqi0z3x,TheJigglypuff23,True,9.0,False,,False,33,1763973676,0,273.7,1138.0,29792.0,True
BollyBlindsNGossip,1p5b2hg,2025-11,nqhvl5f,riacherieee,False,,True,1.0,False,16,1763970407,0,399.1,700.0,20176.0,True
BollyBlindsNGossip,1p5b2hg,2025-11,nqhzcmn,No-Illustrator3652,True,10.0,False,,False,19,1763972665,0,2024.8,4453.0,1617.0,True
BollyBlindsNGossip,1ovwevt,2025-11,noltcwe,23sheesh,True,1.0,True,4.0,False,2162,1763025789,0,678.9,205.0,19668.0,True
BollyBlindsNGossip,1ovwevt,2025-11,noltr5q,Horror-Peace-1288,True,2.0,False,,False,920,1763026043,0,2106.3,4.0,1406.0,True
BollyBlindsNGossip,1ovwevt,2025-11,noltdse,omphalos08,True,3.0,True,5.0,False,454,1763025806,0,2288.0,836.0,1731.0,True
BollyBlindsNGossip,1ovwevt,2025-11,noltjgw,Smooth_Pea_7721,True,4.0,False,,False,449,1763025907,0,341.5,1.0,7099.0,True
BollyBlindsNGossip,1ovwevt,2025-11,nolssaf,Late-Spite8425,True,5.0,True,3.0,False,224,1763025422,0,1123.0,3102.0,81603.0,True
BollyBlindsNGossip,1ovwevt,2025-11,nolu9qs,sass-n-wine,True,6.0,False,,False,204,1763026375,0,414.6,756.0,32322.0,True
BollyBlindsNGossip,1ovwevt,2025-11,nolsprd,Proper_Valuable_5007,True,7.0,True,2.0,False,142,1763025378,0,687.5,173.0,1722.0,True
BollyBlindsNGossip,1ovwevt,2025-11,nolse5z,Actual_Driver7730,True,8.0,True,1.0,False,122,1763025173,0,254.2,4.0,3216.0,True
BollyBlindsNGossip,1ovwevt,2025-11,nolymfx,sgtblackdawn,True,9.0,False,,False,107,1763029028,0,1391.2,1405.0,31138.0,True
BollyBlindsNGossip,1ovwevt,2025-11,nom8j3k,No_Damage2484,True,10.0,False,,False,101,1763034483,0,1979.1,373.0,40107.0,True
BollyBlindsNGossip,1p5jakt,2025-11,nqjfe7y,solitarykeeper,True,1.0,True,4.0,False,2467,1763996962,0,3309.4,4220.0,26625.0,True
BollyBlindsNGossip,1p5jakt,2025-11,nqjisoi,RapchikGunda,True,2.0,False,,False,1995,1763998026,0,,,,
BollyBlindsNGossip,1p5jakt,2025-11,nqjghh7,Simple_Individual746,True,3.0,False,,False,690,1763997308,0,575.9,57.0,1173.0,True
BollyBlindsNGossip,1p5jakt,2025-11,nqjewin,EuphoricDiamond2237,True,4.0,True,2.0,False,539,1763996806,0,814.1,197.0,8465.0,True
BollyBlindsNGossip,1p5jakt,2025-11,nqjewvv,EfficientHospital900,True,5.0,True,3.0,False,306,1763996809,0,1419.9,81642.0,73924.0,True
BollyBlindsNGossip,1p5jakt,2025-11,nqjeqp7,lastyearhai,True,6.0,True,1.0,False,215,1763996754,0,206.9,6750.0,5939.0,True
BollyBlindsNGossip,1p5jakt,2025-11,nqjgc2m,Puzzleheaded_Drop781,True,7.0,False,,False,190,1763997261,0,1089.2,1206.0,9161.0,True
BollyBlindsNGossip,1p5jakt,2025-11,nqjg7pf,South_Movie4847,True,8.0,True,5.0,False,158,1763997223,0,1541.9,1.0,1768.0,True
BollyBlindsNGossip,1p5jakt,2025-11,nqjgpek,sprIxAlwareArnd6327,True,9.0,False,,False,146,1763997378,0,389.9,127.0,41760.0,True
BollyBlindsNGossip,1p5jakt,2025-11,nqjki7t,Pinkpenguinxo2612,True,10.0,False,,False,141,1763998555,0,869.7,516.0,17614.0,True
BollyBlindsNGossip,1p9npip,2025-11,nrdcfub,Hefty-Conference-791,True,1.0,True,2.0,False,1261,1764419360,0,1536.2,55.0,97282.0,True
BollyBlindsNGossip,1p9npip,2025-11,nrdczfw,Sad-Technician-3480,True,2.0,True,3.0,False,1102,1764419634,0,543.0,1310.0,6279.0,False
BollyBlindsNGossip,1p9npip,2025-11,nrdc93g,Slash787,True,3.0,True,1.0,False,527,1764419265,0,2530.8,30302.0,291537.0,True
BollyBlindsNGossip,1p9npip,2025-11,nrdehvw,harryhisoka,True,4.0,False,,False,232,1764420371,0,2071.1,106991.0,20800.0,True
BollyBlindsNGossip,1p9npip,2025-11,nrdd86v,CoolIsopod3095,True,5.0,True,5.0,False,161,1764419754,0,1665.1,3465.0,10770.0,True
BollyBlindsNGossip,1p9npip,2025-11,nrddlrh,Such_Passenger_5974,True,6.0,False,,False,148,1764419939,0,,,,
BollyBlindsNGossip,1p9npip,2025-11,nrdf7vc,Entharo_entho,True,7.0,False,,False,124,1764420714,0,1413.2,12229.0,318380.0,False
BollyBlindsNGossip,1p9npip,2025-11,nrdg45c,AdAlarming5412,True,8.0,False,,False,119,1764421131,0,1398.0,1.0,67439.0,True
BollyBlindsNGossip,1p9npip,2025-11,nrdfuqi,Dismal-Attitude-4098,True,9.0,False,,False,45,1764421008,0,744.3,1.0,3338.0,False
BollyBlindsNGossip,1p9npip,2025-11,nrdd2m5,OptimalFuture9648,True,10.0,True,4.0,False,29,1764419678,0,955.0,1.0,35495.0,True
BollyBlindsNGossip,1p6dit9,2025-11,nqpi5k8,Kdrama_indianfan,True,1.0,True,4.0,False,1696,1764080707,0,2043.6,105.0,7655.0,True
BollyBlindsNGossip,1p6dit9,2025-11,nqphiyp,var_usernameinput,True,2.0,True,2.0,False,1176,1764080493,0,537.8,26335.0,75322.0,True
BollyBlindsNGossip,1p6dit9,2025-11,nqpi59b,piyush1109,True,3.0,True,3.0,False,512,1764080704,0,2504.7,577.0,13422.0,True
BollyBlindsNGossip,1p6dit9,2025-11,nqph8zc,Additional-Act8765,True,4.0,True,1.0,False,397,1764080399,0,677.0,1.0,40931.0,False
BollyBlindsNGossip,1p6dit9,2025-11,nqpi5sh,Majestic_District_51,True,5.0,True,5.0,False,211,1764080709,0,1831.0,69998.0,625766.0,True
BollyBlindsNGossip,1p6dit9,2025-11,nqpnuqc,Pepsi__Phil,True,6.0,False,,False,191,1764082587,0,252.6,2369.0,16877.0,True
BollyBlindsNGossip,1p6dit9,2025-11,nqpkoru,CupOf-Moans,True,7.0,False,,False,113,1764081561,0,,,,
BollyBlindsNGossip,1p6dit9,2025-11,nqq42f7,MidnightWolf__,True,8.0,False,,False,60,1764087500,0,480.3,130895.0,64401.0,True
BollyBlindsNGossip,1p6dit9,2025-11,nqpl5gs,Mom2056,True,9.0,False,,False,36,1764081716,0,343.2,327.0,9293.0,True
BollyBlindsNGossip,1p6dit9,2025-11,nqpkmur,LilyTide,True,10.0,False,,False,34,1764081543,0,307.1,3353.0,684.0,True
indiasocial,1ozbk75,2025-11,npah8tu,Intelligent_Edge7767,True,1.0,True,3.0,False,969,1763371208,0,1953.0,1876.0,3575.0,True
indiasocial,1ozbk75,2025-11,npai79z,MasalaDosa37,True,2.0,False,,False,474,1763371833,0,275.0,3120.0,37304.0,True
indiasocial,1ozbk75,2025-11,npagm99,Vermaji_jod,True,3.0,True,2.0,False,140,1763370796,0,1525.1,576.0,9223.0,True
indiasocial,1ozbk75,2025-11,npasinq,randomredditor575,True,4.0,False,,False,77,1763378104,0,308.9,403.0,35609.0,True
indiasocial,1ozbk75,2025-11,npag77h,HonestAd642,True,5.0,True,1.0,False,71,1763370521,0,1597.9,4210.0,1419.0,False
indiasocial,1ozbk75,2025-11,npal8h5,alooposhto,True,6.0,False,,False,58,1763373754,0,921.0,42799.0,6216.0,True
indiasocial,1ozbk75,2025-11,npandro,FireInTheBowl27,True,7.0,False,,False,42,1763375088,0,1675.2,229.0,7536.0,True
indiasocial,1ozbk75,2025-11,npb0njt,Main_Character_Hu,True,8.0,False,,False,35,1763382244,0,445.4,32.0,1755.0,True
indiasocial,1ozbk75,2025-11,npahopf,chippychipstipsy,True,9.0,True,4.0,False,18,1763371498,0,,,,
indiasocial,1ozbk75,2025-11,nparzim,Salty-Sabertooth,True,10.0,False,,False,11,1763377805,0,1287.7,278.0,251.0,True
indiasocial,1ozbk75,2025-11,npai20z,MaverickIsGoose,False,,True,5.0,False,11,1763371740,0,3010.0,397.0,5239.0,True
indiasocial,1ouz1iq,2025-11,nofb4fb,FlashyAstronaut9901,True,1.0,True,2.0,False,124,1762935688,0,887.7,1427.0,35489.0,True
indiasocial,1ouz1iq,2025-11,nofcmsw,Academiccomeback7,True,2.0,True,3.0,False,70,1762936625,0,914.3,144.0,575.0,True
indiasocial,1ouz1iq,2025-11,nofixqw,Silent_Computer_2050,True,3.0,False,,False,35,1762940591,0,527.2,334.0,8255.0,True
indiasocial,1ouz1iq,2025-11,nof8oor,Successful_Head4328,True,4.0,True,1.0,False,29,1762934203,0,1274.4,1.0,9829.0,True
indiasocial,1ouz1iq,2025-11,noff0ow,Express_Duck_007,True,5.0,True,4.0,False,10,1762938103,0,378.7,7862.0,15315.0,True
indiasocial,1ouz1iq,2025-11,noff8oj,nitrek,True,6.0,True,5.0,False,3,1762938243,0,4293.7,6296.0,16670.0,True
indiasocial,1ouz1iq,2025-11,nofk7gf,Wonderful_Tank784,True,7.0,False,,False,3,1762941368,0,2062.8,10410.0,2368.0,True
indiasocial,1ouz1iq,2025-11,nofksvw,Successful-Koala9410,True,8.0,False,,False,2,1762941723,0,,,,
indiasocial,1ouz1iq,2025-11,norq04k,desi-tadka1,True,9.0,False,,False,2,1763102591,0,204.2,1.0,3.0,True
indiasocial,1opu8sx,2025-11,nne77k1,IndiaSocial,False,,True,1.0,False,1,1762423377,0,2079.0,37979.0,57834.0,True
indiasocial,1opu8sx,2025-11,nnf4mdk,Unlikely-Outcome-111,True,1.0,False,,False,916,1762438109,0,2103.7,10612.0,1993.0,True
indiasocial,1opu8sx,2025-11,nnecp1l,simplsimonmetapieman,True,2.0,False,,False,176,1762426561,0,1039.8,9670.0,161316.0,True
indiasocial,1opu8sx,2025-11,nneme2z,indigeni,True,3.0,False,,False,95,1762431363,0,1116.2,473.0,10759.0,True
indiasocial,1opu8sx,2025-11,nneb5b5,Hungry_Ninja2760,True,4.0,True,5.0,False,85,1762425695,0,859.8,295.0,1401.0,True
indiasocial,1opu8sx,2025-11,nneb1d9,AUpmanyua,True,5.0,True,4.0,False,75,1762425632,0,762.3,745.0,2785.0,True
indiasocial,1opu8sx,2025-11,nnee37c,CamelBeginning5255,True,6.0,False,,False,64,1762427322,0,755.8,1619.0,1582.0,True
indiasocial,1opu8sx,2025-11,nneh1zt,Hunterrr_lmao,True,7.0,False,,False,57,1762428871,0,1736.3,1207.0,1579.0,True
indiasocial,1opu8sx,2025-11,nne7ka2,No_System2408,True,8.0,True,2.0,False,40,1762423593,0,304.8,1.0,676.0,True
indiasocial,1opu8sx,2025-11,nne859u,Initial_Ad_3364,True,9.0,True,3.0,False,29,1762423940,0,644.6,5728.0,1922.0,True
indiasocial,1opu8sx,2025-11,nneqtp5,anubhavwwe,True,10.0,False,,False,25,1762433221,0,3906.8,237.0,840.0,True
indiasocial,1p0f1rz,2025-11,npibnmt,mynameismanager,True,1.0,True,2.0,False,1269,1763480563,0,783.8,22489.0,83677.0,False
indiasocial,1p0f1rz,2025-11,npic5sb,More-Possibility65,True,2.0,True,4.0,False,384,1763480713,0,451.8,143.0,2082.0,True
indiasocial,1p0f1rz,2025-11,npidoe5,CherryLipTwink,True,3.0,False,,False,147,1763481163,0,200.5,598.0,7929.0,True
indiasocial,1p0f1rz,2025-11,npic8xt,Admirable-Relief5870,True,4.0,True,5.0,False,107,1763480740,0,1678.5,1.0,135.0,True
indiasocial,1p0f1rz,2025-11,npicf9o,Nothing769,True,6.0,False,,False,85,1763480793,0,,,,
indiasocial,1p0f1rz,2025-11,npidjoq,Active_Falcon_9778,True,5.0,False,,False,89,1763481125,0,2132.2,1194.0,4833.0,True
indiasocial,1p0f1rz,2025-11,npidrdq,HonestAd642,True,7.0,False,,True,62,1763481188,0,1597.9,4210.0,1419.0,False
indiasocial,1p0f1rz,2025-11,npic4ws,Popgrenade12,True,9.0,True,3.0,False,20,1763480706,0,648.9,757.0,1605.0,True
indiasocial,1p0f1rz,2025-11,npifel6,Necessary_Worker5009,True,8.0,False,,False,25,1763481664,0,1017.7,855.0,35381.0,False
indiasocial,1p0f1rz,2025-11,npib9rx,sarah_ka_sara,True,10.0,True,1.0,False,18,1763480449,0,413.7,51.0,1987.0,True
indiasocial,1p3l53n,2025-11,nq5cxe7,ReadingRepulsive8029,True,1.0,True,2.0,False,805,1763789432,0,209.2,45974.0,7304.0,True
indiasocial,1p3l53n,2025-11,nq5cywl,Neat_Wear1419,True,2.0,True,3.0,False,431,1763789453,0,,,,
indiasocial,1p3l53n,2025-11,nq5cf8p,Silent_Letterhead591,True,3.0,True,1.0,False,172,1763789187,0,526.5,326.0,2191.0,True
indiasocial,1p3l53n,2025-11,nq5ealu,ciao-adios,True,4.0,False,,False,98,1763790111,0,222.8,133932.0,19461.0,True
indiasocial,1p3l53n,2025-11,nq5dcwe,Tactical_tamale666,True,5.0,True,5.0,False,53,1763789645,0,1145.8,2306.0,21633.0,True
indiasocial,1p3l53n,2025-11,nq5e5qb,Charlie__Olives,True,6.0,False,,False,26,1763790043,0,955.9,8.0,52038.0,False
indiasocial,1p3l53n,2025-11,nq5ed0k,No-Helicopter7940,True,8.0,False,,False,20,1763790144,0,413.2,2775.0,7402.0,True
indiasocial,1p3l53n,2025-11,nq5gc6z,think_i_am_smart,True,7.0,False,,False,22,1763791155,0,1402.8,1602.0,9718.0,True
indiasocial,1p3l53n,2025-11,nq5czyt,brown_gentleman,True,9.0,True,4.0,False,18,1763789467,0,,,,
indiasocial,1p3l53n,2025-11,nq5rrp7,Sad-Information-9323,True,10.0,False,,False,18,1763797646,0,583.0,1317.0,619.0,True
indiasocial,1p5bjw3,2025-11,nqhzsgy,ClickArts-,True,1.0,True,3.0,False,1236,1763972936,0,933.5,6794.0,17319.0,True
indiasocial,1p5bjw3,2025-11,nqhz570,Scholar_n_rich07,True,2.0,True,2.0,False,678,1763972537,0,732.1,113951.0,36117.0,True
indiasocial,1p5bjw3,2025-11,nqi04cg,Puzzleheaded_Wing431,True,3.0,False,,False,244,1763973142,0,2112.8,5293.0,27230.0,True
indiasocial,1p5bjw3,2025-11,nqi02hp,Your_Healer1028,True,4.0,True,5.0,False,223,1763973110,0,368.7,589.0,5051.0,True
indiasocial,1p5bjw3,2025-11,nqi110t,Key_Excitement_99,True,5.0,False,,False,147,1763973708,0,296.0,629.0,6126.0,True
indiasocial,1p5bjw3,2025-11,nqi0c8z,Mom2056,True,6.0,False,,False,110,1763973279,0,343.2,327.0,9293.0,True
indiasocial,1p5bjw3,2025-11,nqi0ecy,cruelgoofball,True,7.0,False,,False,39,1763973317,0,367.0,581.0,1741.0,True
indiasocial,1p5bjw3,2025-11,nqi6rw2,Suziiibebe,True,8.0,False,,False,27,1763977318,0,1073.9,822.0,7188.0,True
indiasocial,1p5bjw3,2025-11,nqi0icm,anshu10723,True,10.0,False,,False,20,1763973386,0,703.9,7085.0,2652.0,True
indiasocial,1p5bjw3,2025-11,nqi2w1u,Ayesspreso_,True,9.0,False,,False,25,1763974863,0,1502.2,455.0,3866.0,True
indiasocial,1p5bjw3,2025-11,nqi01vq,Adorable_Airline_656,False,,True,4.0,False,12,1763973099,0,329.9,7424.0,246.0,True
indiasocial,1p5bjw3,2025-11,nqhywfl,oppai-love_r,False,,True,1.0,False,12,1763972388,0,258.0,2440.0,2183.0,True
indiasocial,1omittq,2025-11,nmq8jw0,nangi_bhootni,True,1.0,True,4.0,False,959,1762101943,0,1190.2,76.0,4820.0,True
indiasocial,1omittq,2025-11,nmpktqz,the_helly,True,2.0,True,1.0,False,232,1762094629,0,2112.7,2948.0,27058.0,True
indiasocial,1omittq,2025-11,nmpwpcf,Delicious_Dog_7339,True,3.0,True,3.0,False,82,1762098332,0,683.7,49588.0,22139.0,True
indiasocial,1omittq,2025-11,nmsx88b,Objective_Fox_9287,True,4.0,False,,False,53,1762131350,0,1204.8,17367.0,5596.0,True
indiasocial,1omittq,2025-11,nmttxpu,Brendon32,True,5.0,False,,False,49,1762143933,0,2784.4,1.0,2304.0,True
indiasocial,1omittq,2025-11,nmtnhau,Shivy0999,True,6.0,False,,False,49,1762141218,0,2580.6,1451.0,8969.0,True
indiasocial,1omittq,2025-11,nmqwl9s,Far-Strawberry-9166,True,7.0,True,5.0,False,37,1762108942,0,1943.8,12578.0,35652.0,True
indiasocial,1omittq,2025-11,nmuddpw,myohmyusername,True,8.0,False,,False,14,1762154340,0,3898.7,91.0,5199.0,True
indiasocial,1omittq,2025-11,nmu7ijw,CarbonAllotrope17,True,10.0,False,,False,11,1762150912,0,543.7,16.0,187.0,True
indiasocial,1omittq,2025-11,nmpm34u,billywithbillions,True,9.0,True,2.0,False,12,1762095037,0,236.9,845.0,286.0,True
indiasocial,1p6c12q,2025-11,nqp7pkv,soumo202091,True,1.0,True,5.0,False,550,1764077016,0,1989.3,11734.0,11064.0,True
indiasocial,1p6c12q,2025-11,nqp7wlq,Common-Brush-7027,True,2.0,False,,False,130,1764077092,0,543.0,942.0,6342.0,True
indiasocial,1p6c12q,2025-11,nqp9jrn,Far-Strawberry-9166,True,3.0,False,,False,72,1764077711,0,1943.8,12578.0,35652.0,True
indiasocial,1p6c12q,2025-11,nqp69oj,Sweaty_Medicine2991,True,4.0,True,2.0,False,21,1764076449,0,395.9,91.0,1836.0,True
indiasocial,1p6c12q,2025-11,nqp5t40,-WhyShouldITellYou-,True,5.0,True,1.0,False,10,1764076265,0,545.7,189.0,5560.0,True
indiasocial,1p6c12q,2025-11,nqp9doa,Parking-Row3003,True,6.0,False,,False,5,1764077650,0,1580.0,2701.0,453.0,True
indiasocial,1p6c12q,2025-11,nqs43wr,needoxygen_,True,7.0,False,,False,3,1764108829,0,2122.9,496.0,370.0,True
indiasocial,1p6c12q,2025-11,nr22clp,-kissyourknees,True,8.0,False,,False,3,1764253314,0,222.9,783.0,1218.0,True
indiasocial,1p6c12q,2025-11,nqp6dp1,sarah_ka_sara,True,9.0,True,3.0,False,2,1764076493,0,413.7,51.0,1987.0,True
indiasocial,1p6c12q,2025-11,nqp6ro7,ConstantTurbulent752,True,10.0,True,4.0,False,2,1764076647,0,509.6,64.0,78.0,True
indiasocial,1p7xb6g,2025-11,nr128rw,Maximum_Cheesecake50,True,1.0,True,3.0,False,114,1764236019,0,,,,
indiasocial,1p7xb6g,2025-11,nr1015u,iamprabhatraaj,True,2.0,True,2.0,False,36,1764234680,0,763.9,972.0,59.0,True
indiasocial,1p7xb6g,2025-11,nr12z7h,Chugalkhoe,True,3.0,True,4.0,False,19,1764236460,0,838.8,1283.0,22020.0,True
indiasocial,1p7xb6g,2025-11,nr1wj9i,vexylopinreddit,True,4.0,True,5.0,False,18,1764251172,0,1067.2,32012.0,6238.0,True
indiasocial,1p7xb6g,2025-11,nr0zq78,Ranger_Hawk3046,True,5.0,True,1.0,False,6,1764234494,0,390.1,123299.0,57317.0,True
indiasocial,1p7xb6g,2025-11,nr36yfu,uWWu1005,True,6.0,False,,False,2,1764266377,0,1952.0,751.0,5523.0,True
indiasocial,1p7xb6g,2025-11,nr6kfuj,theMeoWhoRoars,True,7.0,False,,False,2,1764313970,0,364.7,1.0,13.0,True
indiasocial,1p4t0u1,2025-11,nqeama9,Dead_But_Horny,True,1.0,True,2.0,False,901,1763922566,0,223.9,162.0,1969.0,True
indiasocial,1p4t0u1,2025-11,nqehk9w,medheshrn,True,2.0,True,5.0,False,876,1763924508,0,2269.7,7947.0,16615.0,True
indiasocial,1p4t0u1,2025-11,nqee7ly,Dry_Shirt_29,True,3.0,True,3.0,False,831,1763923570,0,,,,
indiasocial,1p4t0u1,2025-11,nqem9c3,mamimapr,True,4.0,False,,False,201,1763925880,0,4358.7,1225.0,31999.0,True
indiasocial,1p4t0u1,2025-11,nqe7ywt,According-Ordinary11,True,5.0,True,1.0,False,79,1763921807,0,623.3,920.0,16561.0,True
indiasocial,1p4t0u1,2025-11,nqehg4x,Vast-Championship754,True,6.0,True,4.0,False,57,1763924476,0,2034.1,39899.0,30175.0,True
indiasocial,1p4t0u1,2025-11,nqeic5w,monkaXxxx,True,7.0,False,,False,51,1763924730,0,2093.9,9612.0,53466.0,True
indiasocial,1p4t0u1,2025-11,nqekcmm,mental_hygeine,True,8.0,False,,False,22,1763925315,0,403.1,2418.0,66419.0,False
indiasocial,1p4t0u1,2025-11,nqep2q7,Adventurous-Dealer15,True,9.0,False,,False,18,1763926748,0,2122.1,479.0,25336.0,True
indiasocial,1p4t0u1,2025-11,nqeiylt,RadlogLutar,True,10.0,False,,False,15,1763924908,0,2620.0,44398.0,304275.0,True
developersIndia,1p8k684,2025-11,nr5pr1o,OkCover628,True,1.0,True,1.0,False,877,1764299475,0,1313.3,6288.0,4463.0,False
developersIndia,1p8k684,2025-11,nr5pt6a,Solid_Grand4937,True,2.0,True,3.0,False,776,1764299500,0,699.7,62.0,988.0,False
developersIndia,1p8k684,2025-11,nr5qf5t,Consistent_Recipe_41,True,3.0,True,5.0,False,680,1764299750,0,1121.7,82.0,3388.0,True
developersIndia,1p8k684,2025-11,nr5qqgz,ParkingPercentage821,True,4.0,False,,False,436,1764299879,0,1924.4,1.0,392.0,True
developersIndia,1p8k684,2025-11,nr5r65y,GotBanned3rdTime,True,5.0,False,,False,181,1764300059,0,683.1,9660.0,42533.0,True
developersIndia,1p8k684,2025-11,nr602pa,Minimum-Win-9759,True,6.0,False,,False,100,1764303811,0,1684.1,84.0,184.0,True
developersIndia,1p8k684,2025-11,nr5rl89,darkdaemon000,True,7.0,False,,False,72,1764300234,0,2848.7,28551.0,27969.0,True
developersIndia,1p8k684,2025-11,nr5pspq,akash_kava,True,8.0,True,2.0,False,56,1764299495,0,2198.0,24.0,7016.0,True
developersIndia,1p8k684,2025-11,nr5saom,Captain_Mystic,True,9.0,False,,False,51,1764300528,0,2061.2,527.0,4126.0,True
developersIndia,1p8k684,2025-11,nr5r2tz,rummygill1,True,10.0,False,,False,22,1764300020,0,2193.6,19548.0,20750.0,True
developersIndia,1p8k684,2025-11,nr5pu0j,Accomplished_Goal354,False,,True,4.0,False,10,1764299510,0,1447.2,21.0,1223.0,True
developersIndia,1p06g8t,2025-11,npgmqga,Titanusgamer,True,1.0,True,4.0,False,729,1763454390,0,,,,
developersIndia,1p06g8t,2025-11,npgm7es,poope_lord,True,2.0,True,2.0,False,347,1763454059,0,,,,
developersIndia,1p06g8t,2025-11,npgpo21,CanIJoinToo,True,3.0,False,,False,154,1763456246,0,1202.9,634.0,1610.0,True
developersIndia,1p06g8t,2025-11,npgnzfn,farjicomedian,True,4.0,False,,False,74,1763455183,0,2784.7,2726.0,3775.0,True
developersIndia,1p06g8t,2025-11,npglywd,Reasonable_Mix_6838,True,5.0,True,1.0,False,71,1763453913,0,1889.1,130.0,7382.0,True
developersIndia,1p06g8t,2025-11,npgmjy7,mosquito_killer69,True,7.0,True,3.0,False,67,1763454278,0,1184.4,1844.0,2250.0,True
developersIndia,1p06g8t,2025-11,npgo5jf,Jumpy_Commercial_893,True,6.0,False,,False,68,1763455290,0,1008.6,3434.0,14139.0,True
developersIndia,1p06g8t,2025-11,npgpwai,NikhilNautiyal123,True,8.0,False,,False,31,1763456389,0,2687.7,613.0,4839.0,True
developersIndia,1p06g8t,2025-11,npgnhm7,Civil_Paramedic_6872,True,9.0,True,5.0,False,28,1763454867,0,996.2,14.0,508.0,True
developersIndia,1p06g8t,2025-11,npgqbyz,RadMeerkat62445b,True,10.0,False,,False,25,1763456667,0,1903.3,1354.0,6846.0,True
developersIndia,1p2l3y8,2025-11,npy5qmy,Natural-Order-5695,True,1.0,True,3.0,False,844,1763689492,0,239.8,128.0,1445.0,True
developersIndia,1p2l3y8,2025-11,npycr01,RohithCIS,True,2.0,False,,False,222,1763691975,0,2780.0,36.0,4058.0,True
developersIndia,1p2l3y8,2025-11,npydsrh,poor___batman,True,3.0,False,,False,96,1763692343,0,655.0,985.0,2155.0,True
developersIndia,1p2l3y8,2025-11,npy3rye,i_survived_lockdown,True,4.0,True,1.0,False,59,1763688771,0,1140.6,374.0,3333.0,True
developersIndia,1p2l3y8,2025-11,npyndui,nyxxxtron,True,5.0,False,,False,55,1763695753,0,984.2,33733.0,45440.0,True
developersIndia,1p2l3y8,2025-11,npy7576,captain_arroganto,True,6.0,True,4.0,False,48,1763689983,0,,,,
developersIndia,1p2l3y8,2025-11,npy5l5c,Scientific_Artist444,True,7.0,True,2.0,False,31,1763689437,0,1069.0,3057.0,22596.0,True
developersIndia,1p2l3y8,2025-11,npy8w31,womalone99,True,8.0,True,5.0,False,25,1763690602,0,1548.2,1094.0,55044.0,True
developersIndia,1p2l3y8,2025-11,npydvpl,Double-Context-7091,True,10.0,False,,False,13,1763692372,0,819.1,4014.0,2535.0,True
developersIndia,1p2l3y8,2025-11,npyk0u5,RedHotSonic_,True,9.0,False,,False,14,1763694534,0,1883.9,6500.0,12389.0,True
developersIndia,1oo6ml7,2025-11,nn1rfvp,Certain-Guard1726,True,1.0,True,2.0,False,333,1762261893,0,820.2,149.0,3591.0,True
developersIndia,1oo6ml7,2025-11,nn1sz2l,deepankar702,True,2.0,True,3.0,False,118,1762262448,0,3578.0,3.0,915.0,True
developersIndia,1oo6ml7,2025-11,nn1t28k,newbie117,True,3.0,True,5.0,False,51,1762262480,0,3370.3,100.0,2275.0,True
developersIndia,1oo6ml7,2025-11,nn1szjx,ImLazyBug141,True,4.0,True,4.0,False,25,1762262453,0,662.3,206.0,261.0,False
developersIndia,1oo6ml7,2025-11,nn1tnfa,rohank05,True,5.0,False,,False,13,1762262689,0,2741.1,1835.0,4212.0,True
developersIndia,1oo6ml7,2025-11,nn1r7v7,VrijeshSharma,True,6.0,True,1.0,False,10,1762261813,0,241.8,1.0,7.0,True
developersIndia,1oo6ml7,2025-11,nn1tk3a,iamfidelius,True,7.0,False,,False,7,1762262656,0,2273.9,10368.0,5394.0,True
developersIndia,1oo6ml7,2025-11,nn2np7c,IloveMarcusAurelius,True,8.0,False,,False,6,1762271998,0,1741.9,360.0,986.0,True
developersIndia,1oo6ml7,2025-11,nn21536,mozii_,True,9.0,False,,False,4,1762265208,0,2069.9,3878.0,1675.0,True
developersIndia,1oo6ml7,2025-11,nn20byp,Lazy-rooster666,True,10.0,False,,False,3,1762264939,0,1496.3,227.0,5.0,True
developersIndia,1oqquc9,2025-11,nnkqgs4,clubpenguinoverlord,True,1.0,True,4.0,False,1318,1762512366,0,1863.9,16.0,4394.0,True
developersIndia,1oqquc9,2025-11,nnkoxe5,No-AI-Comment,True,2.0,True,1.0,False,369,1762511478,0,344.2,635.0,21522.0,True
developersIndia,1oqquc9,2025-11,nnks5kw,anikoiau,True,3.0,False,,False,341,1762513307,0,3444.2,43.0,8300.0,True
developersIndia,1oqquc9,2025-11,nnkpn3b,tbkj98,True,4.0,True,3.0,False,132,1762511896,0,1466.7,4.0,140.0,True
developersIndia,1oqquc9,2025-11,nnkrnk7,watchingRummy,True,5.0,True,5.0,False,71,1762513030,0,525.0,6474.0,5476.0,True
developersIndia,1oqquc9,2025-11,nnkt8wm,codename-Obsidia,True,6.0,False,,False,65,1762513902,0,,,,
developersIndia,1oqquc9,2025-11,nnkz13d,Mindless-Pilot-Chef,True,7.0,False,,False,40,1762516780,0,1699.1,19126.0,78015.0,True
developersIndia,1oqquc9,2025-11,nnkpmi7,Beneficial-Buy-2928,True,8.0,True,2.0,False,23,1762511886,0,775.2,152.0,2289.0,True
developersIndia,1oqquc9,2025-11,nnkwc6o,AdventurousSpeaker22,True,9.0,False,,False,17,1762515509,0,1710.0,24.0,711.0,True
developersIndia,1oqquc9,2025-11,nnkycjl,Royal_Ad_189,True,10.0,False,,False,8,1762516465,0,1604.7,633.0,7722.0,True
developersIndia,1p3mlq4,2025-11,nq5oa4f,Annihilator-879,True,1.0,True,3.0,False,337,1763795554,0,1805.2,583.0,10435.0,True
developersIndia,1p3mlq4,2025-11,nq5nyyk,CodyBancs,True,2.0,True,2.0,False,245,1763795371,0,919.2,1644.0,12877.0,True
developersIndia,1p3mlq4,2025-11,nq5mymc,MediumDragonfruit988,True,3.0,True,1.0,False,80,1763794786,0,1595.1,404.0,734.0,True
developersIndia,1p3mlq4,2025-11,nq5pcuj,Silent_Buyer7978,True,4.0,False,,False,78,1763796197,0,1175.9,1.0,3673.0,True
developersIndia,1p3mlq4,2025-11,nq5v3l4,hotcoolhot,True,5.0,False,,False,64,1763799606,0,5258.5,5029.0,98636.0,True
developersIndia,1p3mlq4,2025-11,nq5ppbm,anymat01,True,6.0,False,,False,38,1763796407,0,2070.7,364.0,21273.0,False
developersIndia,1p3mlq4,2025-11,nq5s29d,indra_pes_legend,True,7.0,False,,False,31,1763797821,0,2645.1,652.0,1940.0,True
developersIndia,1p3mlq4,2025-11,nq5roh6,PZYCLON369,True,8.0,False,,False,22,1763797592,0,2688.0,8198.0,32187.0,True
developersIndia,1p3mlq4,2025-11,nq5sua9,iamfriendwithpixel,True,9.0,False,,False,20,1763798275,0,493.4,4761.0,32902.0,True
developersIndia,1p3mlq4,2025-11,nq5om77,Dull-Background-802,True,10.0,True,5.0,False,12,1763795755,0,934.3,2080.0,3573.0,True
developersIndia,1p3mlq4,2025-11,nq5okgl,dishayvelled,False,,True,4.0,False,6,1763795726,0,2058.4,4787.0,18038.0,True
developersIndia,1ot6olg,2025-11,no2zrdn,MeAndTheSatan,True,1.0,True,3.0,False,190,1762768698,0,278.0,3292.0,11305.0,True
developersIndia,1ot6olg,2025-11,no3xtje,RaiseTemporary636,True,3.0,False,,False,43,1762784249,0,519.2,5075.0,65.0,True
developersIndia,1ot6olg,2025-11,no2vkf6,AdNational9992,True,2.0,True,1.0,False,44,1762766066,0,485.3,488.0,171.0,True
developersIndia,1ot6olg,2025-11,no2x4xj,LovelyWomenn,True,4.0,True,2.0,False,33,1762767059,0,,,,
developersIndia,1ot6olg,2025-11,no30b5p,DeliciousAmphibious,True,5.0,True,4.0,False,30,1762769032,0,267.1,19650.0,1912.0,True
developersIndia,1ot6olg,2025-11,no329xm,Srinivas_Hunter,True,6.0,False,,False,18,1762770223,0,2873.8,135317.0,32381.0,True
developersIndia,1ot6olg,2025-11,no4visw,alcatraz1286,True,7.0,False,,False,17,1762794463,0,2305.7,33050.0,9194.0,True
developersIndia,1ot6olg,2025-11,no31185,GeologistFit7120,True,8.0,False,,False,10,1762769470,0,1432.8,1.0,491.0,True
developersIndia,1ot6olg,2025-11,no3nxpc,EducationalAthlete87,True,9.0,False,,False,9,1762780758,0,1783.2,24.0,164.0,True
developersIndia,1ot6olg,2025-11,no3v82a,According-Willow-98,True,10.0,False,,False,9,1762783355,0,1145.8,1498.0,12168.0,True
developersIndia,1ot6olg,2025-11,no30k66,WonderfulAnri1708,False,,True,5.0,False,2,1762769183,0,1205.7,21385.0,14105.0,True
developersIndia,1oprh2m,2025-11,nndni2z,Visual_Buracuda_here,True,1.0,True,5.0,False,293,1762411489,0,2049.6,1392.0,7243.0,True
developersIndia,1oprh2m,2025-11,nndle5u,Imaginary-Ad-2820,True,2.0,True,1.0,False,31,1762410323,0,2037.1,261.0,1100.0,True
developersIndia,1oprh2m,2025-11,nndu9ex,Ok_Piglet7877,True,3.0,False,,False,31,1762415397,0,1132.6,1363.0,47.0,True
developersIndia,1oprh2m,2025-11,nndz0qa,Fun-Dark-7284,True,4.0,False,,False,14,1762418287,0,531.1,33.0,39.0,True
developersIndia,1oprh2m,2025-11,nndluvh,tubegamingverse,True,6.0,True,3.0,False,10,1762410574,0,231.0,387.0,73.0,True
developersIndia,1oprh2m,2025-11,nndq35w,OriginalNo4095,True,5.0,False,,False,11,1762412935,0,469.8,339.0,648.0,True
developersIndia,1oprh2m,2025-11,nne6x3d,lifesucks24_7,True,7.0,False,,False,8,1762423203,0,2049.2,40.0,3841.0,True
developersIndia,1oprh2m,2025-11,nndlpd7,yash3011,True,8.0,True,2.0,False,7,1762410491,0,3599.8,60671.0,4527.0,True
developersIndia,1oprh2m,2025-11,nndn6ko,Danny_The_Donkey,True,9.0,True,4.0,False,6,1762411310,0,2285.0,1193.0,5083.0,True
developersIndia,1oprh2m,2025-11,nne1cvq,Stock_Resident_2703,True,10.0,False,,False,6,1762419739,0,524.1,2.0,9.0,True
developersIndia,1ovx049,2025-11,nolvqcx,Infamous_Pay3102,True,1.0,True,1.0,False,139,1763027294,0,869.4,336.0,2513.0,True
developersIndia,1ovx049,2025-11,nolx3iv,CapitalWolf9627,True,2.0,True,3.0,False,82,1763028122,0,728.3,4687.0,5835.0,True
developersIndia,1ovx049,2025-11,nolwhll,Large-Courage5626,True,3.0,True,2.0,False,24,1763027758,0,723.8,555.0,370.0,True
developersIndia,1ovx049,2025-11,nom4yk0,Specific_Promise_707,True,4.0,True,5.0,False,20,1763032653,0,894.1,664.0,6885.0,True
developersIndia,1ovx049,2025-11,nom5tq2,JEEkachodanhihu,True,5.0,False,,False,13,1763033115,0,1107.3,1795.0,2110.0,True
developersIndia,1ovx049,2025-11,nom6jeg,Sagyam,True,6.0,False,,False,12,1763033485,0,3504.9,9163.0,2850.0,True
developersIndia,1ovx049,2025-11,nom6fsb,Which_Tea_8274,True,7.0,False,,False,8,1763033432,0,479.7,246.0,2257.0,True
developersIndia,1ovx049,2025-11,nolyorc,retro_rude007,True,8.0,True,4.0,False,3,1763029066,0,657.2,608.0,1214.0,True
developersIndia,1ovx049,2025-11,nom7h2y,Ragnar-Heartbroke,True,9.0,False,,False,3,1763033964,0,397.1,1.0,27.0,True
developersIndia,1ovx049,2025-11,nom67ry,Unusual-Quail5917,True,10.0,False,,False,2,1763033318,0,205.2,1.0,1.0,True
developersIndia,1oq71pn,2025-11,nngpapz,Bluegrassgreengrass,True,1.0,True,1.0,False,465,1762454671,0,2130.6,1.0,529.0,True
developersIndia,1oq71pn,2025-11,nngphp2,Parking-Analysis409,True,2.0,True,2.0,False,235,1762454724,0,635.9,3.0,207.0,True
developersIndia,1oq71pn,2025-11,nnh3p1r,Igarlicbread,True,3.0,False,,False,90,1762458852,0,1727.9,4789.0,20795.0,True
developersIndia,1oq71pn,2025-11,nnh056t,Mounamsammatham,True,4.0,False,,False,86,1762457817,0,695.9,42.0,32195.0,True
developersIndia,1oq71pn,2025-11,nngr3gk,xordux,True,5.0,True,3.0,False,47,1762455175,0,3148.5,5.0,138.0,True
developersIndia,1oq71pn,2025-11,nnhhtuz,Dangerous-Current361,True,6.0,False,,False,46,1762463071,0,268.2,56.0,2024.0,True
developersIndia,1oq71pn,2025-11,nngxtj1,Emotionaldamage6-9,True,7.0,True,5.0,False,37,1762457133,0,1247.5,314.0,12707.0,True
developersIndia,1oq71pn,2025-11,nnguj4w,VirginModi,True,8.0,True,4.0,False,20,1762456161,0,1861.1,39.0,904.0,True
developersIndia,1oq71pn,2025-11,nnhcm5q,Devil_may_cry_17,True,9.0,False,,False,19,1762461524,0,524.5,49.0,1016.0,False
developersIndia,1oq71pn,2025-11,nnj75uf,codesaint,True,10.0,False,,False,7,1762483742,0,4183.7,64.0,23.0,True
IndiaCricket,1on04bd,2025-11,nmtf5u9,Maxpro2001,True,1.0,True,2.0,False,346,1762137905,0,2150.4,1384.0,45303.0,True
IndiaCricket,1on04bd,2025-11,nmtpyba,Ok-Yoghurt-4227,True,2.0,True,3.0,False,88,1762142226,0,2088.9,1.0,1159.0,True
IndiaCricket,1on04bd,2025-11,nmteqq3,FUranditt,True,3.0,True,1.0,False,58,1762137745,0,,,,
IndiaCricket,1on04bd,2025-11,nmucw6e,Individual-Good8837,True,4.0,False,,False,16,1762154049,0,1234.1,2603.0,24335.0,True
IndiaCricket,1on04bd,2025-11,nmtx1tz,illngkootmilll,True,5.0,True,4.0,False,9,1762145363,0,291.3,83.0,97.0,True
IndiaCricket,1on04bd,2025-11,nmu2svf,DivideTime8736,True,6.0,True,5.0,False,6,1762148292,0,304.2,2.0,642.0,True
IndiaCricket,1on04bd,2025-11,nmuij90,madhurima-nag,True,7.0,False,,False,4,1762157525,0,239.7,18.0,8.0,True
IndiaCricket,1on04bd,2025-11,nmunyr3,Crafty-Toe-9503,True,8.0,False,,False,4,1762160978,0,1633.4,15.0,147.0,True
IndiaCricket,1on04bd,2025-11,nmud6xp,mayankkr___,True,9.0,False,,False,3,1762154227,0,585.5,3.0,198.0,False
IndiaCricket,1on04bd,2025-11,nmugr2d,RishavSaha,True,10.0,False,,False,3,1762156425,0,1947.5,560.0,13799.0,True
IndiaCricket,1p76s1n,2025-11,nqvh0z3,mahaanvinesh,True,1.0,True,2.0,False,731,1764162300,0,2775.3,2472.0,6103.0,True
IndiaCricket,1p76s1n,2025-11,nqviu2n,evilhaxoraman,True,2.0,True,4.0,False,623,1764163001,0,,,,
IndiaCricket,1p76s1n,2025-11,nqvkwz9,BeginningExciting379,True,3.0,False,,False,466,1764163778,0,708.4,2694.0,29397.0,True
IndiaCricket,1p76s1n,2025-11,nqvguap,Satan28,True,4.0,True,1.0,False,318,1764162225,0,2943.6,75.0,16384.0,True
IndiaCricket,1p76s1n,2025-11,nqvhbvt,stingray9712,True,5.0,True,3.0,False,268,1764162421,0,334.2,5.0,2030.0,True
IndiaCricket,1p76s1n,2025-11,nqvkadp,RefuseStriking9406,True,6.0,True,5.0,False,144,1764163544,0,1102.3,1.0,25057.0,True
IndiaCricket,1p76s1n,2025-11,nqvl18x,SuchBluebird409,True,7.0,False,,False,78,1764163823,0,1834.7,464.0,11995.0,True
IndiaCricket,1p76s1n,2025-11,nqvpowo,DarkPuzzleheaded6259,True,8.0,False,,False,59,1764165486,0,1004.4,2737.0,34240.0,True
IndiaCricket,1p76s1n,2025-11,nqw44p4,AsHotAsFire,True,9.0,False,,False,55,1764170278,0,537.9,128.0,1324.0,True
IndiaCricket,1p76s1n,2025-11,nqvpvxv,anoctf,True,10.0,False,,False,46,1764165554,0,,,,
IndiaCricket,1on5oxf,2025-11,nmuocdx,True_Flight6420,True,1.0,True,3.0,False,44,1762161226,0,262.1,10549.0,885.0,True
IndiaCricket,1on5oxf,2025-11,nmuhleq,Dobby-Wan-Kenobi,True,2.0,True,1.0,False,30,1762156944,0,,,,
IndiaCricket,1on5oxf,2025-11,nmuwgqc,Organic_Composer_888,True,3.0,False,,False,27,1762166220,0,731.1,2.0,640.0,True
IndiaCricket,1on5oxf,2025-11,nmul3k7,FedEx2022,True,4.0,True,2.0,False,9,1762159154,0,623.1,1.0,8176.0,True
IndiaCricket,1on5oxf,2025-11,nmurwje,thatmalluintn,True,5.0,True,4.0,False,5,1762163510,0,895.6,75.0,5163.0,True
IndiaCricket,1on5oxf,2025-11,nmvae65,Initial-Hold9481,True,6.0,False,,False,4,1762173098,0,599.8,4570.0,6461.0,True
IndiaCricket,1on5oxf,2025-11,nmuupo9,illngkootmilll,True,7.0,True,5.0,False,2,1762165186,0,291.3,83.0,97.0,True
IndiaCricket,1on5oxf,2025-11,nn0qgvz,nataliepaig,True,8.0,False,,False,2,1762239061,0,239.3,269.0,66.0,True
IndiaCricket,1on5oxf,2025-11,nmv3yyr,MaybeInAnotherLife10,True,9.0,False,,False,1,1762170236,0,653.4,10.0,972.0,True
IndiaCricket,1on7gwo,2025-11,nmvzvkk,AnkyCum96,True,1.0,True,5.0,False,99,1762181903,0,790.8,95.0,12049.0,True
IndiaCricket,1on7gwo,2025-11,nmw76t7,Kingsalyer_09,True,2.0,False,,False,43,1762184093,0,,,,
IndiaCricket,1on7gwo,2025-11,nmuswsq,Bestbeast16,True,4.0,True,2.0,False,42,1762164113,0,,,,
IndiaCricket,1on7gwo,2025-11,nmw5fs5,Automatic-Piccolo-32,True,3.0,False,,False,43,1762183579,0,1919.9,9645.0,17039.0,True
IndiaCricket,1on7gwo,2025-11,nmur4hq,mystical_twilight18,True,5.0,True,1.0,False,28,1762163027,0,747.1,24.0,820.0,True
IndiaCricket,1on7gwo,2025-11,nmvictn,Ravens_Rules,True,6.0,True,4.0,False,20,1762176139,0,1130.9,211.0,5757.0,True
IndiaCricket,1on7gwo,2025-11,nmvgwjv,Exciting-Catch-8441,True,7.0,True,3.0,False,18,1762175611,0,1092.2,218.0,572.0,False
IndiaCricket,1on7gwo,2025-11,nmwdm2v,Careless-Mammoth-944,True,8.0,False,,False,14,1762185963,0,1642.1,302.0,69790.0,True
IndiaCricket,1on7gwo,2025-11,nmw8yby,huntermindd,True,9.0,False,,False,12,1762184607,0,1596.8,334.0,6467.0,True
IndiaCricket,1on7gwo,2025-11,nmw915q,pandeys1796,True,10.0,False,,False,8,1762184630,0,428.2,132.0,737.0,True
IndiaCricket,1ot599q,2025-11,no28ds5,Smooth-Mix-4357,True,1.0,True,2.0,False,90,1762752642,0,1191.8,2980.0,163948.0,True
IndiaCricket,1ot599q,2025-11,no266o3,cartrman,True,2.0,True,1.0,False,84,1762751563,0,4969.0,81089.0,423316.0,True
IndiaCricket,1ot599q,2025-11,no2ghns,NewtOk6010,True,3.0,True,4.0,False,26,1762756967,0,,,,
IndiaCricket,1ot599q,2025-11,no2gglh,Top_Birthday_7824,True,4.0,True,3.0,False,9,1762756951,0,235.9,1.0,538.0,False
IndiaCricket,1ot599q,2025-11,no2spek,Same_Investigator_46,True,5.0,False,,False,9,1762764272,0,1094.5,1090135.0,113241.0,True
IndiaCricket,1ot599q,2025-11,no2gm77,TopDoomplast,True,7.0,True,5.0,False,4,1762757039,0,257.0,7920.0,252.0,True
IndiaCricket,1ot599q,2025-11,no2h3yd,s0lja,True,6.0,False,,False,5,1762757316,0,3332.5,7829.0,17180.0,True
IndiaCricket,1ot599q,2025-11,no2j37c,howareyaslug,True,8.0,False,,False,1,1762758442,0,756.8,675.0,4523.0,False
IndiaCricket,1ot599q,2025-11,no2uwg3,nightqueenfury,True,9.0,False,,False,1,1762765644,0,218.4,1384.0,94.0,True
IndiaCricket,1ot599q,2025-11,no2yqrp,sassyndmessy,True,10.0,False,,False,1,1762768074,0,506.3,104.0,3548.0,True
IndiaCricket,1opon8t,2025-11,nnd3ad3,Osamabinlaggin9_11,True,1.0,True,2.0,False,205,1762401831,0,217.1,1592.0,13703.0,True
IndiaCricket,1opon8t,2025-11,nndi8fd,LeatherMix2423,True,2.0,False,,False,92,1762408686,0,1427.9,210.0,848.0,True
IndiaCricket,1opon8t,2025-11,nndh17m,Critical-Brain8898,True,3.0,False,,False,47,1762408083,0,800.2,81.0,1161.0,True
IndiaCricket,1opon8t,2025-11,nnd4z55,damnsureaboutit,True,4.0,True,3.0,False,33,1762402542,0,493.7,944.0,3364.0,False
IndiaCricket,1opon8t,2025-11,nnd7ggh,DisastrousBuilder447,True,5.0,True,4.0,False,11,1762403623,0,986.0,6571.0,15369.0,True
IndiaCricket,1opon8t,2025-11,nndzjjg,OkService2686,True,6.0,False,,False,5,1762418612,0,604.9,2.0,85.0,True
IndiaCricket,1opon8t,2025-11,nnd28su,ZealousidealPen443,True,7.0,True,1.0,False,3,1762401399,0,819.0,242756.0,18590.0,True
IndiaCricket,1opon8t,2025-11,nndv69y,Brilliant_Berry_2570,True,8.0,False,,False,2,1762415935,0,236.2,14938.0,42.0,False
IndiaCricket,1opon8t,2025-11,nnel8dq,Waste_Pea_8582,True,9.0,False,,False,2,1762430843,0,1653.9,340.0,1709.0,True
IndiaCricket,1opon8t,2025-11,nndcqp2,GiveMeSomeSunshine3,True,10.0,True,5.0,False,1,1762406011,0,448.8,1815823.0,223800.0,True
IndiaCricket,1p76lr2,2025-11,nqvgvlb,huh206,True,1.0,True,2.0,False,497,1764162239,0,1569.9,2906.0,66332.0,True
IndiaCricket,1p76lr2,2025-11,nqvhxtm,Nervous-Ad-7133,True,2.0,True,5.0,False,397,1764162661,0,317.9,69.0,6858.0,True
IndiaCricket,1p76lr2,2025-11,nqvgrq3,Sad-Indication2329,True,3.0,True,1.0,False,296,1764162197,0,522.1,10.0,1190.0,True
IndiaCricket,1p76lr2,2025-11,nqvkw07,Used_Love9478,True,4.0,False,,False,162,1764163769,0,732.7,2122.0,2643.0,False
IndiaCricket,1p76lr2,2025-11,nqvhi7w,baaton_ka_raja,True,5.0,True,3.0,False,143,1764162492,0,1634.7,269.0,56543.0,True
IndiaCricket,1p76lr2,2025-11,nqvied1,Harry_lewiesssss,True,6.0,False,,False,129,1764162837,0,224.1,20.0,1133.0,True
IndiaCricket,1p76lr2,2025-11,nqvht1v,nallugutku,True,7.0,True,4.0,False,71,1764162610,0,462.4,28761.0,114825.0,True
IndiaCricket,1p76lr2,2025-11,nqvkm3l,Various-Low4016,True,8.0,False,,False,64,1764163665,0,798.0,1053.0,71455.0,False
IndiaCricket,1p76lr2,2025-11,nqvk3xd,BeginningExciting379,True,10.0,False,,False,40,1764163478,0,708.4,2694.0,29397.0,True
IndiaCricket,1p76lr2,2025-11,nqvl1yl,CarmynRamy,True,9.0,False,,False,47,1764163830,0,1006.7,906.0,83645.0,False
IndiaCricket,1ompdpj,2025-11,nmr93l6,Successful-Door1790,True,1.0,True,2.0,False,72,1762112497,0,1031.8,1050.0,8374.0,False
IndiaCricket,1ompdpj,2025-11,nmrwyut,ckerror,True,2.0,True,4.0,False,45,1762119298,0,3101.4,1.0,117.0,True
IndiaCricket,1ompdpj,2025-11,nmrjrq5,Green_Huckleberry360,True,3.0,True,3.0,False,33,1762115533,0,373.1,245.0,3926.0,True
IndiaCricket,1ompdpj,2025-11,nmssdrp,Perfect_Toe_6526,True,4.0,True,5.0,False,3,1762129617,0,1890.3,206.0,4081.0,True
IndiaCricket,1ompdpj,2025-11,nmun6xl,AbstractVale,True,5.0,False,,False,1,1762160477,0,303.0,1.0,1.0,True
IndiaCricket,1ompdpj,2025-11,nmyuuhh,Bira60,True,6.0,False,,False,0,1762212392,0,2118.6,3.0,69.0,True
IndiaCricket,1ompdpj,2025-11,nmr1fm0,Timely_Virus_4015,True,7.0,True,1.0,False,-34,1762110300,0,318.2,57240.0,16863.0,True
IndiaCricket,1omp59c,2025-11,nmr0io5,The_Flash_20,True,1.0,True,1.0,False,538,1762110046,0,1782.5,6160.0,130757.0,True
IndiaCricket,1omp59c,2025-11,nmr6tom,One_Ad9549,True,2.0,False,,False,285,1762111832,0,1914.9,13.0,40206.0,True
IndiaCricket,1omp59c,2025-11,nmr0s8x,being-goku,True,3.0,True,2.0,False,96,1762110121,0,985.0,2916.0,21464.0,True
IndiaCricket,1omp59c,2025-11,nmr1qt5,FrontSink9225,True,4.0,True,4.0,False,96,1762110387,0,280.7,1.0,347.0,False
IndiaCricket,1omp59c,2025-11,nmr1hqn,Deadpool2999,True,5.0,True,3.0,False,45,1762110316,0,2132.8,799.0,467.0,True
IndiaCricket,1omp59c,2025-11,nmr7lat,shitpostingslol,True,6.0,False,,False,43,1762112054,0,634.7,3.0,3201.0,True
IndiaCricket,1omp59c,2025-11,nmr1vgt,Fawkes_phoenix1,True,7.0,True,5.0,False,36,1762110422,0,679.9,73.0,5150.0,True
IndiaCricket,1omp59c,2025-11,nmr9p4s,Sarcas_tech_guy,True,9.0,False,,False,26,1762112672,0,1597.8,1.0,3621.0,True
IndiaCricket,1omp59c,2025-11,nmrdea4,Reasonable_Tea_9825,True,8.0,False,,False,27,1762113751,0,1888.8,10246.0,205785.0,True
IndiaCricket,1omp59c,2025-11,nmr3rga,ViShii019,True,10.0,False,,False,14,1762110958,0,,,,
IndiaCricket,1ou3om2,2025-11,no99rsl,Sweet-Message1153,True,1.0,True,2.0,False,261,1762854555,0,,,,
IndiaCricket,1ou3om2,2025-11,no959yz,FerrariRaceEngine,True,2.0,True,1.0,False,199,1762851684,0,,,,
IndiaCricket,1ou3om2,2025-11,no9chgd,Tikitorch17,True,3.0,True,3.0,False,66,1762856219,0,745.9,35.0,16225.0,False
IndiaCricket,1ou3om2,2025-11,no9xlck,DJMhat,True,4.0,True,4.0,False,8,1762866726,0,2528.7,5462.0,232854.0,True
IndiaCricket,1ou3om2,2025-11,noe8cli,Ok-Music-7472,True,5.0,False,,False,3,1762916615,0,1818.9,580.0,16743.0,True
IndiaCricket,1ou3om2,2025-11,nolz4o9,Email_Tea,True,6.0,False,,False,3,1763029331,0,206.0,1.0,9.0,True
IndiaCricket,1ou3om2,2025-11,nob28p4,Mean_Practice919,True,7.0,True,5.0,False,2,1762879810,0,858.4,20976.0,4389.0,True
IndiaCricket,1ou3om2,2025-11,nofeocw,Big-Engineer6529,True,8.0,False,,False,2,1762937891,0,324.6,1.0,1.0,True
IndiaCricket,1ou3om2,2025-11,nod5wuf,LeastInitiative4564,True,9.0,False,,False,1,1762902953,0,333.0,1.0,21.0,True
IndiaCricket,1ou3om2,2025-11,noe63hm,Direct_Sort_8386,True,10.0,False,,False,1,1762915799,0,316.3,1.0,0.0,True
bollywood,1op08pq,2025-11,nn8ka28,11PomIsmydogue11,True,1.0,True,3.0,False,261,1762350828,0,1043.1,86.0,844.0,True
bollywood,1op08pq,2025-11,nn8g1m9,Responsibly_Swift,True,2.0,True,2.0,False,189,1762349403,0,,,,
bollywood,1op08pq,2025-11,nnd8xvv,Fit_Wrap_9580,True,3.0,False,,False,77,1762404285,0,,,,
bollywood,1op08pq,2025-11,nn81y6e,Fun-Mathematician992,True,4.0,True,1.0,False,63,1762343914,0,1827.8,164.0,7668.0,True
bollywood,1op08pq,2025-11,nn9bago,kyakaranu,True,5.0,False,,False,42,1762359049,0,298.0,1.0,443.0,True
bollywood,1op08pq,2025-11,nn8wjcs,JungianShade,True,6.0,True,4.0,False,38,1762354741,0,1043.6,346.0,1754.0,True
bollywood,1op08pq,2025-11,nnctom8,ShotPay1291,True,7.0,False,,False,32,1762398054,0,774.6,1493.0,4370.0,True
bollywood,1op08pq,2025-11,nna4ech,AggravatingSeries683,True,8.0,False,,False,12,1762367219,0,658.0,37.0,20021.0,True
bollywood,1op08pq,2025-11,nn92hq3,Pokiriee,True,10.0,True,5.0,False,10,1762356509,0,765.2,96.0,21112.0,True
bollywood,1op08pq,2025-11,nndg6p9,writehire,True,9.0,False,,False,11,1762407666,0,947.0,330.0,1827.0,True
bollywood,1p3u636,2025-11,nq71h5i,DaddyDom1165,True,1.0,False,,False,876,1763821585,0,901.5,8827.0,2577.0,False
bollywood,1p3u636,2025-11,nq70455,itookthepuck,True,2.0,True,3.0,False,344,1763821078,0,471.3,29.0,19405.0,True
bollywood,1p3u636,2025-11,nq743er,ThunderBird847,True,3.0,False,,False,199,1763822536,0,1986.2,25283.0,259990.0,True
bollywood,1p3u636,2025-11,nq70imu,Zoro_BNP1011,True,4.0,True,4.0,False,157,1763821230,0,2191.9,3407.0,77914.0,True
bollywood,1p3u636,2025-11,nq72q4v,Few_Weekend10,True,5.0,False,,False,136,1763822043,0,1954.3,345.0,12327.0,True
bollywood,1p3u636,2025-11,nq72ena,Current-Nobody2014,True,6.0,False,,False,125,1763821926,0,1365.7,819.0,73665.0,True
bollywood,1p3u636,2025-11,nq6zjux,Slash787,True,7.0,True,1.0,False,91,1763820866,0,2530.8,30302.0,291537.0,True
bollywood,1p3u636,2025-11,nq7033p,UsualPresentation733,True,8.0,True,2.0,False,75,1763821067,0,,,,
bollywood,1p3u636,2025-11,nq7c8d4,Sanivaramoduu,True,9.0,False,,False,67,1763825264,0,287.5,1.0,4196.0,True
bollywood,1p3u636,2025-11,nq727hw,roy2488,True,10.0,False,,False,38,1763821855,0,2286.2,620.0,747.0,True
bollywood,1p3u636,2025-11,nq70zf1,RickDaltonCliffBooth,False,,True,5.0,False,27,1763821404,0,,,,
bollywood,1oqw3io,2025-11,nnm9c2r,missrichandfamous,True,1.0,True,3.0,False,258,1762532412,0,1358.0,332.0,17894.0,True
bollywood,1oqw3io,2025-11,nnn51pv,floatate,True,2.0,False,,False,181,1762541775,0,5756.7,576.0,15377.0,True
bollywood,1oqw3io,2025-11,nnm2c30,Due-Psychology-3883,True,3.0,True,1.0,False,109,1762530384,0,,,,
bollywood,1oqw3io,2025-11,nnn0x0b,AnkitS75,True,4.0,False,,False,101,1762540558,0,2504.5,41.0,14203.0,True
bollywood,1oqw3io,2025-11,nnmzlzy,babyvyal,True,5.0,True,5.0,False,71,1762540169,0,1915.1,502.0,689.0,True
bollywood,1oqw3io,2025-11,nnn7cr5,Legitimate_Income7,True,6.0,False,,False,57,1762542461,0,622.8,24522.0,27017.0,True
bollywood,1oqw3io,2025-11,nnnxr0l,om2kool,True,7.0,False,,False,38,1762550668,0,3117.7,38247.0,6725.0,True
bollywood,1oqw3io,2025-11,nnmbhe0,Lost-Letterhead-6615,True,8.0,True,4.0,False,30,1762533036,0,1765.7,112145.0,58842.0,True
bollywood,1oqw3io,2025-11,nnn6uz4,amasaggitarian,True,9.0,False,,False,-58,1762542313,0,3602.4,233.0,2606.0,True
bollywood,1oqw3io,2025-11,nnnjamo,theagentK1,True,10.0,False,,False,-66,1762546125,0,1177.7,7453.0,23913.0,True
bollywood,1oqw3io,2025-11,nnm81bn,narkaputra,False,,True,2.0,False,-153,1762532035,0,3111.2,1381.0,11993.0,True
bollywood,1p18239,2025-11,npoivbp,Indravadan_Sarabhai_,True,1.0,True,4.0,False,47,1763565730,0,1218.1,1673.0,21409.0,True
bollywood,1p18239,2025-11,npo46g4,speaking_facts06,True,2.0,True,1.0,False,27,1763560847,0,1936.0,15282.0,243047.0,False
bollywood,1p18239,2025-11,nponw90,goddamittt,True,3.0,False,,False,25,1763567254,0,3019.5,308.0,2618.0,True
bollywood,1p18239,2025-11,npolsa0,Both_Opening_9620,True,4.0,True,5.0,False,13,1763566616,0,2102.2,4.0,542.0,True
bollywood,1p18239,2025-11,npo76q1,51sebastian,True,5.0,True,2.0,False,6,1763561895,0,2071.6,492.0,15562.0,True
bollywood,1p18239,2025-11,npooqe3,Repulsive_Mistake382,True,6.0,False,,False,6,1763567503,0,1634.1,495.0,48580.0,True
bollywood,1p18239,2025-11,nposcf5,SnooOnions5044,True,7.0,False,,False,6,1763568573,0,2125.9,23.0,915.0,True
bollywood,1p18239,2025-11,nppg62v,Silent_Reception719,True,8.0,False,,False,4,1763575676,0,731.1,704.0,6682.0,True
bollywood,1p18239,2025-11,npopb02,idgafaboutyouu,True,9.0,False,,False,3,1763567674,0,420.2,2381.0,20564.0,True
bollywood,1p18239,2025-11,npoxktq,boots_the_barbarian,True,10.0,False,,False,3,1763570126,0,761.7,105.0,27718.0,True
bollywood,1p18239,2025-11,npog2i3,Fit-Repair-4556,False,,True,3.0,False,2,1763564849,0,2029.6,8148.0,25379.0,True
bollywood,1owy2xm,2025-11,note7uv,thatguywhowass,True,1.0,True,3.0,False,162,1763131686,0,901.0,1585.0,13326.0,True
bollywood,1owy2xm,2025-11,note6kj,Own-Weakness-2435,True,2.0,True,2.0,False,132,1763131675,0,1007.7,8614.0,18520.0,True
bollywood,1owy2xm,2025-11,note5n4,MajorHighlight6884,True,3.0,True,1.0,False,60,1763131667,0,361.7,191.0,25877.0,True
bollywood,1owy2xm,2025-11,noth1zk,JeSuisBONHEUR,True,4.0,True,5.0,False,56,1763132571,0,1633.7,14270.0,10677.0,True
bollywood,1owy2xm,2025-11,notqqwn,RedIndianRobin,True,6.0,False,,False,32,1763135481,0,3388.0,4675.0,182927.0,True
bollywood,1owy2xm,2025-11,notgdy6,JeSuisBONHEUR,True,5.0,True,4.0,False,36,1763132361,0,1633.7,14270.0,10677.0,True
bollywood,1owy2xm,2025-11,notyoad,justBeingManis,True,7.0,False,,False,31,1763137812,0,737.8,17.0,3389.0,False
bollywood,1owy2xm,2025-11,noua3ht,tandoorinunnuchaap,True,8.0,False,,False,27,1763141250,0,968.5,5983.0,1263.0,True
bollywood,1owy2xm,2025-11,notwxtv,FantasyFringer-7175,True,9.0,False,,False,13,1763137299,0,641.2,91.0,5679.0,True
bollywood,1owy2xm,2025-11,notk388,Just-Structure-6511,True,10.0,False,,False,10,1763133501,0,460.3,2360.0,18421.0,True
bollywood,1p9tpyz,2025-11,nrejni2,Mediocre_Call_2427,True,1.0,True,2.0,False,289,1764435680,0,290.9,3682.0,5800.0,True
bollywood,1p9tpyz,2025-11,nrekpo6,billybutchertheog,True,2.0,True,3.0,False,100,1764436028,0,1742.0,909.0,9696.0,True
bollywood,1p9tpyz,2025-11,nremil5,EffectiveArachnid546,True,3.0,True,5.0,False,99,1764436622,0,655.2,780.0,3832.0,True
bollywood,1p9tpyz,2025-11,nrej7a4,Individual_Cress_19,True,4.0,True,1.0,False,63,1764435531,0,1222.6,701.0,9904.0,True
bollywood,1p9tpyz,2025-11,nreznv8,7Z_1N,True,5.0,False,,False,46,1764440842,0,1251.6,1.0,3078.0,True
bollywood,1p9tpyz,2025-11,nrfkn85,9-April-2022,True,6.0,False,,False,31,1764447748,0,1258.0,46.0,2263.0,True
bollywood,1p9tpyz,2025-11,nrf5uvv,fakhrose,True,7.0,False,,False,21,1764442832,0,2646.5,6094.0,4249.0,True
bollywood,1p9tpyz,2025-11,nremmz9,PineappleSea4937,True,8.0,False,,False,16,1764436662,0,347.6,170.0,120.0,False
bollywood,1p9tpyz,2025-11,nri29b6,Perfect_Chicken16,True,9.0,False,,False,11,1764483437,0,1037.4,23001.0,53524.0,True
bollywood,1p9tpyz,2025-11,nrf954z,Live-Ad-7710,True,10.0,False,,False,10,1764443916,0,1948.0,11085.0,3255.0,True
bollywood,1p9tpyz,2025-11,nrem6lh,Fun-Advertising-8006,False,,True,4.0,False,8,1764436514,0,494.5,4923.0,5179.0,True
bollywood,1oowztf,2025-11,nn7cn22,Wrong_Light3283,True,1.0,True,3.0,False,138,1762329642,0,660.1,232.0,1919.0,True
bollywood,1oowztf,2025-11,nn7cwrg,Background_Line_559,True,2.0,True,4.0,False,82,1762329800,0,575.8,1.0,4429.0,False
bollywood,1oowztf,2025-11,nn7dv77,Outside_Cellist3740,True,3.0,False,,False,67,1762330367,0,1854.1,3594.0,164874.0,True
bollywood,1oowztf,2025-11,nn7ehm2,MajorMystique,True,4.0,False,,False,46,1762330738,0,1735.3,355.0,10516.0,True
bollywood,1oowztf,2025-11,nn7dfm4,New_Start2403,True,5.0,False,,False,23,1762330111,0,1064.5,2989.0,10371.0,True
bollywood,1oowztf,2025-11,nn7ccm9,Beneficial_Paper4628,True,6.0,True,1.0,False,20,1762329473,0,,,,
bollywood,1oowztf,2025-11,nn7clee,dj_core_18,True,7.0,True,2.0,False,17,1762329615,0,317.9,124.0,17969.0,True
bollywood,1oowztf,2025-11,nn7jhfr,fatboy_was_slim,True,9.0,False,,False,8,1762333780,0,2294.1,1443.0,9161.0,True
bollywood,1oowztf,2025-11,nn7mk8v,Character_Layer_766,True,10.0,False,,False,8,1762335672,0,856.3,4.0,917.0,True
bollywood,1oowztf,2025-11,nn7ddjf,No-Acanthisitta-7910,True,8.0,True,5.0,False,10,1762330076,0,768.9,1009.0,14209.0,True
bollywood,1p6aemb,2025-11,nqow5a8,Ok_Doubt3847,True,1.0,True,4.0,False,103,1764072116,0,1754.0,291.0,254.0,True
bollywood,1p6aemb,2025-11,nqoy78w,Feeling_Budget4060,True,2.0,False,,False,85,1764073062,0,,,,
bollywood,1p6aemb,2025-11,nqovbtl,yaketyyakyakety,True,4.0,True,1.0,False,73,1764071729,0,600.3,1569.0,731.0,True
bollywood,1p6aemb,2025-11,nqovw81,RD496071,True,3.0,True,3.0,False,75,1764071997,0,1581.5,60797.0,4753.0,True
bollywood,1p6aemb,2025-11,nqovr9m,CuddlingChampions234,True,5.0,True,2.0,False,62,1764071934,0,281.9,1856.0,4397.0,False
bollywood,1p6aemb,2025-11,nqowb9e,DemonCyborg27,True,6.0,False,,False,55,1764072196,0,2344.8,17267.0,76624.0,True
bollywood,1p6aemb,2025-11,nqowk7u,Logical_Plane_3905,True,7.0,False,,False,51,1764072314,0,,,,
bollywood,1p6aemb,2025-11,nqowmdq,Legitimate-Jump1285,True,8.0,False,,False,42,1764072342,0,204.0,8247.0,5882.0,True
bollywood,1p6aemb,2025-11,nqowez7,Electronic_Spirit499,True,9.0,False,,False,35,1764072245,0,1801.4,340.0,3409.0,True
bollywood,1p6aemb,2025-11,nqowv39,maxmin324,True,10.0,False,,False,26,1764072454,0,,,,
bollywood,1p6aemb,2025-11,nqowb76,YOURGRaNDdad69,False,,True,5.0,False,21,1764072195,0,1139.8,1.0,-7.0,True
bollywood,1oq5n80,2025-11,nngipu4,Thin-Advice7085,True,1.0,True,4.0,False,116,1762452824,0,1316.4,104.0,489.0,True
bollywood,1oq5n80,2025-11,nnh7cnn,Rare_Breadfruit7467,True,2.0,False,,False,58,1762459937,0,633.5,1.0,1781.0,True
bollywood,1oq5n80,2025-11,nngolwi,Jeejush,True,3.0,False,,False,23,1762454479,0,542.0,669.0,1969.0,True
bollywood,1oq5n80,2025-11,nngm3t1,No-Classroom8921,True,4.0,False,,False,20,1762453776,0,450.1,4191.0,13938.0,False
bollywood,1oq5n80,2025-11,nngfj14,JustAPaneerLover,True,5.0,True,2.0,False,17,1762451915,0,798.7,279.0,6786.0,True
bollywood,1oq5n80,2025-11,nnhhx88,bruceparker4321,True,6.0,False,,False,16,1762463098,0,727.7,11.0,3704.0,True
bollywood,1oq5n80,2025-11,nnge8rv,Cheap_trick1412,True,7.0,True,1.0,False,15,1762451554,0,,,,
bollywood,1oq5n80,2025-11,nnh8de7,Important-Ad4651,True,8.0,False,,False,14,1762460244,0,1071.1,1.0,1480.0,False
bollywood,1oq5n80,2025-11,nnhk8wh,FearOfApples,True,9.0,False,,False,14,1762463780,0,3179.1,2.0,11215.0,True
bollywood,1oq5n80,2025-11,nnij7f9,amasaggitarian,True,10.0,False,,False,11,1762475129,0,3602.4,233.0,2606.0,True
bollywood,1oq5n80,2025-11,nngjgb0,MajorHighlight6884,False,,True,5.0,False,6,1762453032,0,361.7,191.0,25877.0,True
bollywood,1oq5n80,2025-11,nngfsn5,Thirdlife_fulfiller,False,,True,3.0,False,5,1762451991,0,257.9,1.0,2268.0,True
bollywood,1oneg5i,2025-11,nmw6u5d,the-knight08,True,1.0,True,2.0,False,252,1762183989,0,1444.7,23093.0,4991.0,True
bollywood,1oneg5i,2025-11,nmw5952,No_Still_5776,True,2.0,True,1.0,False,134,1762183525,0,1269.6,674.0,10108.0,True
bollywood,1oneg5i,2025-11,nmwf6pz,Aggressive-Habit-911,True,3.0,False,,False,56,1762186432,0,493.0,2413.0,11510.0,True
bollywood,1oneg5i,2025-11,nmw6uye,Possible-Fan3378,True,4.0,True,3.0,False,45,1762183995,0,508.2,1.0,1596.0,False
bollywood,1oneg5i,2025-11,nmwf1mq,Scared-Scratch-481,True,5.0,True,5.0,False,21,1762186390,0,1593.1,15.0,1445.0,True
bollywood,1oneg5i,2025-11,nmwr0h3,Several-Emotion-8302,True,6.0,False,,False,19,1762189860,0,1547.0,5.0,9990.0,True
bollywood,1oneg5i,2025-11,nmww83c,AdvertisingBrave2548,True,7.0,False,,False,8,1762191345,0,1926.7,19330.0,48447.0,True
bollywood,1oneg5i,2025-11,nmwouzh,FilmApostel,True,8.0,False,,False,5,1762189245,0,517.2,269.0,13107.0,False
bollywood,1oneg5i,2025-11,nmwby3w,Competitive-Yard-589,True,9.0,True,4.0,False,5,1762185471,0,669.2,14.0,4.0,True
bollywood,1oneg5i,2025-11,nmwjr7b,Traditional_Basil_70,True,10.0,False,,False,4,1762187788,0,1916.5,598.0,3834.0,True
IndianStockMarket,1on25lc,2025-11,nmtuyiq,Affectionate_Pie9446,True,1.0,True,4.0,False,1724,1762144396,0,838.9,97.0,4780.0,True
IndianStockMarket,1on25lc,2025-11,nmtvocy,BugGlad5743,True,2.0,True,5.0,False,506,1762144723,0,379.3,83.0,3714.0,True
IndianStockMarket,1on25lc,2025-11,nmtwe76,mrdrinksonme,True,3.0,False,,False,228,1762145052,0,3016.1,20230.0,55999.0,True
IndianStockMarket,1on25lc,2025-11,nmtu18l,aayushkkc,True,4.0,True,1.0,False,176,1762143977,0,4020.8,11789.0,26745.0,True
IndianStockMarket,1on25lc,2025-11,nmtyihj,soul_of_a_sad_girl,True,5.0,False,,False,63,1762146070,0,741.7,419.0,1186.0,False
IndianStockMarket,1on25lc,2025-11,nmtzqj7,SekaSuke01,True,6.0,False,,False,21,1762146680,0,718.9,519.0,1471.0,True
IndianStockMarket,1on25lc,2025-11,nmu6pix,cybrain,True,7.0,False,,False,13,1762150460,0,3545.6,4741.0,3129.0,True
IndianStockMarket,1on25lc,2025-11,nmtuyfl,zombie_slayerrr,True,8.0,True,3.0,False,11,1762144395,0,879.4,12161.0,10607.0,False
IndianStockMarket,1on25lc,2025-11,nmu5l5o,Kitchen_Internet3623,True,9.0,False,,False,11,1762149830,0,2001.7,12244.0,13152.0,True
IndianStockMarket,1on25lc,2025-11,nmtytau,Thick_Patience_8515,True,10.0,False,,False,8,1762146221,0,1135.9,4.0,4004.0,False
IndianStockMarket,1on25lc,2025-11,nmtufi7,Eh-iyer-idli,False,,True,2.0,False,6,1762144155,0,339.0,16.0,223.0,True
IndianStockMarket,1ou22jj,2025-11,no8oy6b,Adorable-Grand68,True,1.0,True,2.0,False,390,1762841876,0,387.5,70532.0,9051.0,True
IndianStockMarket,1ou22jj,2025-11,no8s5er,kavin_86,True,2.0,True,5.0,False,227,1762843687,0,765.0,113.0,2676.0,True
IndianStockMarket,1ou22jj,2025-11,no8uacn,iwonttolerateyou2,True,3.0,False,,False,91,1762844915,0,712.4,3136.0,19036.0,True
IndianStockMarket,1ou22jj,2025-11,no8prz2,ALOKAMAR123,True,4.0,True,4.0,False,81,1762842337,0,2468.7,4.0,694.0,True
IndianStockMarket,1ou22jj,2025-11,no8pii7,romka79,True,5.0,True,3.0,False,57,1762842192,0,1955.1,59838.0,31138.0,True
IndianStockMarket,1ou22jj,2025-11,no8vvo8,Bulky-Award-18,True,6.0,False,,False,33,1762845875,0,535.8,57.0,3113.0,True
IndianStockMarket,1ou22jj,2025-11,no9w7yv,steevo,True,7.0,False,,False,5,1762866192,0,6966.5,34665.0,30746.0,True
IndianStockMarket,1ou22jj,2025-11,no92fmh,0singularity9,True,8.0,False,,False,4,1762849885,0,400.9,1.0,136.0,True
IndianStockMarket,1ou22jj,2025-11,no8ow0r,FunEducation1713,True,9.0,True,1.0,False,2,1762841843,0,,,,
IndianStockMarket,1ou22jj,2025-11,no97gnq,Live_rooted,True,10.0,False,,False,2,1762853086,0,298.7,488.0,938.0,True
IndianStockMarket,1p1z4az,2025-11,nptj5qo,budhivanta,True,1.0,True,4.0,False,982,1763632667,0,609.2,1079.0,1396.0,True
IndianStockMarket,1p1z4az,2025-11,nptlke7,Loading_DingDong,True,2.0,False,,False,242,1763634109,0,,,,
IndianStockMarket,1p1z4az,2025-11,nptiru3,Master-Ooooogway,True,3.0,True,2.0,False,226,1763632436,0,1844.7,234.0,2241.0,True
IndianStockMarket,1p1z4az,2025-11,nptj8h7,BERSERK_KNIGHT_666,True,4.0,True,5.0,False,161,1763632714,0,2164.9,4320.0,23935.0,True
IndianStockMarket,1p1z4az,2025-11,nptietx,Square_Minute9068,True,5.0,True,1.0,False,65,1763632220,0,673.7,830.0,514.0,True
IndianStockMarket,1p1z4az,2025-11,nptiui1,-dickcheesecake,True,6.0,True,3.0,False,28,1763632480,0,2110.9,340.0,1433.0,True
IndianStockMarket,1p1z4az,2025-11,nptk515,curios_mind_huh,True,7.0,False,,False,25,1763633257,0,1364.7,2074.0,14482.0,True
IndianStockMarket,1p1z4az,2025-11,nptnw36,cursed_aka_blessed,True,8.0,False,,False,23,1763635481,0,1838.6,1820.0,14329.0,True
IndianStockMarket,1p1z4az,2025-11,nptlykt,kingofroyale2,True,9.0,False,,False,18,1763634346,0,2246.9,44356.0,57622.0,True
IndianStockMarket,1p1z4az,2025-11,nptl275,Nervous-Reaction2416,True,10.0,False,,False,14,1763633808,0,1438.4,440.0,790.0,True
IndianStockMarket,1p2ushy,2025-11,nq06w92,Prestigious_Amount20,True,1.0,False,,False,416,1763724468,0,1844.2,61.0,482.0,True
IndianStockMarket,1p2ushy,2025-11,nq004xe,Dense_Profit_2478,True,3.0,True,5.0,False,134,1763720730,0,1929.7,1910.0,6750.0,True
IndianStockMarket,1p2ushy,2025-11,nq03qni,Mahigiri21,True,2.0,False,,False,136,1763722778,0,1990.7,1513.0,7200.0,True
IndianStockMarket,1p2ushy,2025-11,npzypi7,Worried_Drive_935,True,4.0,True,2.0,False,111,1763719898,0,549.3,26.0,2690.0,True
IndianStockMarket,1p2ushy,2025-11,nq03nd0,Loading_DingDong,True,5.0,False,,False,53,1763722727,0,,,,
IndianStockMarket,1p2ushy,2025-11,npzy6us,nothing_A25,True,6.0,True,1.0,False,51,1763719593,0,2467.0,1808.0,256.0,True
IndianStockMarket,1p2ushy,2025-11,nq05q52,Loading_DingDong,True,7.0,False,,False,46,1763723853,0,,,,
IndianStockMarket,1p2ushy,2025-11,nq00gqj,Legitimate-Trip8422,True,8.0,False,,False,39,1763720922,0,503.9,3037.0,45272.0,True
IndianStockMarket,1p2ushy,2025-11,nq03u7e,Loading_DingDong,True,9.0,False,,False,38,1763722833,0,,,,
IndianStockMarket,1p2ushy,2025-11,npzzz6w,MoveOpposite,True,10.0,True,4.0,False,26,1763720637,0,1938.8,517.0,2149.0,True
IndianStockMarket,1p2ushy,2025-11,npzzk31,silenf,False,,True,3.0,False,24,1763720392,0,2881.8,12384.0,9925.0,True
IndianStockMarket,1p1l3ec,2025-11,npqt6bh,insomniac_dorm,True,1.0,True,5.0,False,535,1763590445,0,2944.9,9.0,2083.0,True
IndianStockMarket,1p1l3ec,2025-11,npqprga,Fun-Consequence9381,True,2.0,True,2.0,False,209,1763589376,0,734.5,76.0,1166.0,True
IndianStockMarket,1p1l3ec,2025-11,nprxgwy,Nervous-Ingenuity509,True,3.0,False,,False,166,1763604515,0,1256.8,308.0,2067.0,True
IndianStockMarket,1p1l3ec,2025-11,nprzknp,Negative_Distance109,True,4.0,False,,False,163,1763605264,0,1597.9,29.0,166.0,True
IndianStockMarket,1p1l3ec,2025-11,npqr3ak,Negative-Debate-912,True,5.0,True,3.0,False,141,1763589785,0,1622.5,75.0,479.0,True
IndianStockMarket,1p1l3ec,2025-11,npr5f03,Alone_Register3991,True,7.0,False,,False,69,1763594511,0,1198.9,635.0,3731.0,True
IndianStockMarket,1p1l3ec,2025-11,npsl4vz,Practical_Doubt101,True,6.0,False,,False,70,1763613723,0,981.2,197.0,1573.0,True
IndianStockMarket,1p1l3ec,2025-11,nps9bit,Hot-and-Cool,True,8.0,False,,False,68,1763608819,0,694.6,11.0,153.0,True
IndianStockMarket,1p1l3ec,2025-11,npqs58f,Igarlicbread,True,9.0,True,4.0,False,64,1763590117,0,1727.9,4789.0,20795.0,True
IndianStockMarket,1p1l3ec,2025-11,npqpqk9,PopularRabbit007,True,10.0,True,1.0,False,40,1763589369,0,1342.5,461.0,31540.0,True
IndianStockMarket,1p8jrn1,2025-11,nr5nv9o,onepolar32,True,1.0,True,5.0,False,218,1764298713,0,2880.8,13559.0,8145.0,True
IndianStockMarket,1p8jrn1,2025-11,nr5lxbm,Aggressive-Focus5515,True,2.0,True,2.0,False,110,1764297951,0,,,,
IndianStockMarket,1p8jrn1,2025-11,nr5nwnp,BDoctorofdoom,True,3.0,False,,False,78,1764298728,0,202.5,3.0,1403.0,True
IndianStockMarket,1p8jrn1,2025-11,nr5ma40,circuit_brain,True,4.0,True,3.0,False,67,1764298092,0,4549.3,7692.0,31329.0,True
IndianStockMarket,1p8jrn1,2025-11,nr5lqv4,aqubb,True,5.0,True,1.0,False,35,1764297881,0,2031.3,728.0,3693.0,True
IndianStockMarket,1p8jrn1,2025-11,nr5mlbc,OverHaulOP,True,6.0,True,4.0,False,17,1764298214,0,,,,
IndianStockMarket,1p8jrn1,2025-11,nr5vzzr,Empty_Intention_3310,True,7.0,False,,False,9,1764302071,0,1028.1,1.0,4537.0,True
IndianStockMarket,1p8jrn1,2025-11,nr5wax8,Logical-Candidate-83,True,8.0,False,,False,8,1764302199,0,1445.5,120.0,1299.0,True
IndianStockMarket,1p8jrn1,2025-11,nr5q9ln,badmascompany,True,9.0,False,,False,5,1764299687,0,1831.5,810.0,17605.0,True
IndianStockMarket,1p8jrn1,2025-11,nr614lf,robertangier2096,True,10.0,False,,False,5,1764304269,0,3673.8,6463.0,1175.0,True
IndianStockMarket,1ot22dn,2025-11,no1kvf0,indianaadmi,True,1.0,True,3.0,False,223,1762742822,0,2623.4,52.0,9716.0,True
IndianStockMarket,1ot22dn,2025-11,no1key7,Early_Self7066,True,2.0,True,2.0,False,96,1762742658,0,2112.8,13.0,2078.0,True
IndianStockMarket,1ot22dn,2025-11,no1puzv,Positive_End_3913,True,3.0,False,,False,61,1762744680,0,1584.3,12.0,451.0,True
IndianStockMarket,1ot22dn,2025-11,no1ol6o,Bakanyanter,True,4.0,True,5.0,False,21,1762744196,0,3655.2,935.0,102996.0,True
IndianStockMarket,1ot22dn,2025-11,no249qk,kyaukhadloge,True,5.0,False,,False,10,1762750654,0,810.5,327.0,175.0,True
IndianStockMarket,1ot22dn,2025-11,no29mrd,Double_Version_3174,True,6.0,False,,False,8,1762753276,0,1675.7,184.0,2438.0,True
IndianStockMarket,1ot22dn,2025-11,no1jysp,Col-JNW-Singh,True,7.0,True,1.0,False,8,1762742495,0,295.9,3580.0,19678.0,True
IndianStockMarket,1ot22dn,2025-11,no1n2vy,FemboysArePeak,True,8.0,True,4.0,False,5,1762743631,0,612.3,8515.0,16273.0,True
IndianStockMarket,1ot22dn,2025-11,no1ujv0,primusautobot,True,9.0,False,,False,5,1762746503,0,3701.7,1.0,21418.0,True
IndianStockMarket,1ot22dn,2025-11,no2hua3,3ngin3,True,10.0,False,,False,2,1762757726,0,4203.0,11806.0,12039.0,True
IndianStockMarket,1olkess,2025-11,nmihgvq,Adorable-Grand68,True,1.0,True,3.0,False,443,1761993195,0,387.5,70532.0,9051.0,True
IndianStockMarket,1olkess,2025-11,nmihedj,yashanand155,True,2.0,True,2.0,False,147,1761993153,0,2173.7,612.0,3572.0,True
IndianStockMarket,1olkess,2025-11,nmih5tm,Comfortable_Box_4527,True,3.0,True,1.0,False,63,1761993008,0,237.8,15378.0,3594.0,True
IndianStockMarket,1olkess,2025-11,nmiq10u,shrikant211,True,4.0,False,,False,58,1761997900,0,2098.7,4323.0,13364.0,True
IndianStockMarket,1olkess,2025-11,nmii3hj,pandaAtHome,True,5.0,True,5.0,False,27,1761993577,0,2081.4,74.0,1561.0,True
IndianStockMarket,1olkess,2025-11,nmmpejw,youngBlood0008,True,6.0,False,,False,22,1762046270,0,1227.8,85.0,271.0,True
IndianStockMarket,1olkess,2025-11,nmjyusl,Boring_Gas4002,True,7.0,False,,False,16,1762014120,0,1321.8,38.0,190.0,True
IndianStockMarket,1olkess,2025-11,nmj25k4,anujkapoor,True,8.0,False,,False,9,1762003099,0,3086.9,68.0,151.0,True
IndianStockMarket,1olkess,2025-11,nmiqyvf,Practical-Mirror-971,True,9.0,False,,False,6,1761998360,0,1517.2,1.0,528.0,True
IndianStockMarket,1olkess,2025-11,nmkzlqn,Loud-Reward-3044,True,10.0,False,,False,5,1762025482,0,781.3,49.0,345.0,True
IndianStockMarket,1olkess,2025-11,nmihikr,r-rasputin,False,,True,4.0,False,5,1761993226,0,282.7,598.0,3882.0,True
IndianStockMarket,1p62ruk,2025-11,nqnhf7i,BaseballAny5716,True,1.0,True,2.0,False,398,1764044434,0,,,,
IndianStockMarket,1p62ruk,2025-11,nqniqu5,No-Painter3135,True,2.0,True,5.0,False,130,1764045017,0,903.6,1.0,484.0,False
IndianStockMarket,1p62ruk,2025-11,nqngj5h,BERSERK_KNIGHT_666,True,3.0,True,1.0,False,88,1764044052,0,2164.9,4320.0,23935.0,True
IndianStockMarket,1p62ruk,2025-11,nqnrgsd,zoozoo9999,True,4.0,False,,False,40,1764049057,0,887.4,968.0,1132.0,False
IndianStockMarket,1p62ruk,2025-11,nqnirl8,No-Painter3135,True,5.0,False,,False,31,1764045026,0,903.6,1.0,484.0,False
IndianStockMarket,1p62ruk,2025-11,nqnhz8q,Select-Albatross-675,True,6.0,True,3.0,False,11,1764044677,0,1609.7,132.0,5207.0,True
IndianStockMarket,1p62ruk,2025-11,nqniawy,WoodenWorldMap,True,7.0,True,4.0,False,8,1764044822,0,1154.1,138.0,508.0,True
IndianStockMarket,1p62ruk,2025-11,nqnmm4h,Wandererinwoods,True,10.0,False,,False,5,1764046747,0,418.0,3872.0,3279.0,True
IndianStockMarket,1p62ruk,2025-11,nqnoxe0,Only_bliss_,True,8.0,False,,False,7,1764047822,0,511.0,184.0,7509.0,False
IndianStockMarket,1p62ruk,2025-11,nqnjerg,VeilOfWisdom,True,9.0,False,,False,7,1764045313,0,864.5,238.0,305.0,False
IndianStockMarket,1ou1o4m,2025-11,no8ncry,Only_bliss_,True,1.0,True,2.0,False,124,1762841009,0,511.0,184.0,7509.0,False
IndianStockMarket,1ou1o4m,2025-11,no8oj3x,Ashryfinancial,True,2.0,True,3.0,False,81,1762841646,0,291.1,5321.0,29126.0,True
IndianStockMarket,1ou1o4m,2025-11,no912k1,H-Reading-1900,True,3.0,True,5.0,False,42,1762849029,0,428.1,48.0,325.0,True
IndianStockMarket,1ou1o4m,2025-11,no8n9eu,AllBugDaddy,True,4.0,True,1.0,False,23,1762840958,0,1835.8,32.0,8031.0,True
IndianStockMarket,1ou1o4m,2025-11,no90jn8,Mobile_Sandwich1404,True,5.0,True,4.0,False,12,1762848708,0,624.2,1.0,694.0,False
IndianStockMarket,1ou1o4m,2025-11,noa2z7o,Mind-Aware,True,6.0,False,,False,5,1762868713,0,1833.0,287.0,1143.0,True
IndianStockMarket,1ou1o4m,2025-11,no9x8s1,Extra_Attention_5506,True,7.0,False,,False,3,1762866593,0,557.8,3935.0,4931.0,True
IndianStockMarket,1ou1o4m,2025-11,no958vx,ALOKAMAR123,True,8.0,False,,False,1,1762851665,0,2468.7,4.0,694.0,True
IndianStockMarket,1ou1o4m,2025-11,nofuv5r,Flimsy-Lifeguard6847,True,9.0,False,,False,1,1762947391,0,676.0,449.0,-22.0,True
IndianStockMarket,1ou1o4m,2025-11,noh3ejo,just1acc,True,10.0,False,,False,1,1762963393,0,2128.2,150.0,281.0,True
indiaspeaks,1p3fn5y,2025-11,nq4aqd2,evammist,True,1.0,True,2.0,False,202,1763773538,0,1940.7,1.0,161075.0,True
indiaspeaks,1p3fn5y,2025-11,nq48ce6,Jaguar-Complex,True,2.0,True,1.0,False,122,1763772627,0,2118.2,202.0,1636.0,True
indiaspeaks,1p3fn5y,2025-11,nq4l3e3,BrightMeasurement240,True,3.0,True,3.0,False,55,1763777615,0,1754.8,3479.0,2563.0,True
indiaspeaks,1p3fn5y,2025-11,nq59n1s,Spare-Lawyer-8592,True,4.0,False,,False,13,1763787890,0,930.2,544.0,6217.0,False
indiaspeaks,1p3fn5y,2025-11,nq561eg,joshwalter08,True,5.0,True,5.0,False,8,1763786274,0,2763.9,5583.0,5984.0,True
indiaspeaks,1p3fn5y,2025-11,nq4lpj8,Broken_BiryaniBoy,True,6.0,True,4.0,False,6,1763777858,0,1316.9,468.0,30800.0,True
indiaspeaks,1p3fn5y,2025-11,nq6uk0u,Suspicious-Basis-885,True,7.0,False,,False,5,1763818944,0,1986.5,2581.0,9893.0,True
indiaspeaks,1p3fn5y,2025-11,nq59pjq,ToothSafe2479,True,8.0,False,,False,4,1763787923,0,1798.9,3017.0,3978.0,True
indiaspeaks,1p3fn5y,2025-11,nq729wq,bandito_13,True,9.0,False,,False,4,1763821878,0,3528.4,5969.0,8638.0,True
indiaspeaks,1p3fn5y,2025-11,nq84lqg,Gojo_D_Hunter,True,10.0,False,,False,2,1763834017,0,1411.9,50.0,1197.0,False
indiaspeaks,1oyrglc,2025-11,np6ce8w,dead_doogg,True,1.0,True,1.0,False,338,1763314616,0,953.0,1160.0,4004.0,True
indiaspeaks,1oyrglc,2025-11,np6eqio,sarcasticmozzarella,True,2.0,True,3.0,False,124,1763315351,0,693.0,122.0,14932.0,True
indiaspeaks,1oyrglc,2025-11,np6dmam,Soft_Cable_39,True,3.0,True,2.0,False,84,1763315001,0,1127.9,7887.0,13318.0,True
indiaspeaks,1oyrglc,2025-11,np6jvdd,Budget_Put1517,True,4.0,True,5.0,False,77,1763316903,0,1873.9,233675.0,88954.0,True
indiaspeaks,1oyrglc,2025-11,np6g9fl,Why_Uddhav,True,5.0,True,4.0,False,28,1763315817,0,1596.6,836.0,2836.0,True
indiaspeaks,1oyrglc,2025-11,np6kn8l,Betaminer69,True,6.0,False,,False,26,1763317128,0,2954.9,199.0,7671.0,True
indiaspeaks,1oyrglc,2025-11,np7owgs,Bos_gaurus,True,7.0,False,,False,22,1763329275,0,2331.9,1108.0,6010.0,True
indiaspeaks,1oyrglc,2025-11,np6kjff,dankumemer,True,8.0,False,,False,17,1763317097,0,,,,
indiaspeaks,1oyrglc,2025-11,np6xr46,Man_of_Mystery_2819,True,9.0,False,,False,16,1763320955,0,655.9,1.0,8980.0,True
indiaspeaks,1oyrglc,2025-11,np7hmjd,l_______________,True,10.0,False,,False,14,1763327006,0,2516.5,334.0,3613.0,False
indiaspeaks,1p40bj6,2025-11,nq8ciew,Ashwani10101,True,1.0,True,1.0,False,1002,1763836440,0,1968.5,252.0,5003.0,True
indiaspeaks,1p40bj6,2025-11,nq8fha6,npcirldotexe,True,2.0,True,3.0,False,557,1763837350,0,849.1,34356.0,10308.0,True
indiaspeaks,1p40bj6,2025-11,nq8gvj1,dankumemer,True,3.0,True,4.0,False,443,1763837776,0,,,,
indiaspeaks,1p40bj6,2025-11,nq8hlf7,CandyInitial1963,True,4.0,True,5.0,False,182,1763837996,0,1482.5,15.0,11490.0,True
indiaspeaks,1p40bj6,2025-11,nq8imv2,Patient-Maize7138,True,5.0,False,,False,103,1763838320,0,,,,
indiaspeaks,1p40bj6,2025-11,nq90yo0,Sulla-hunter,True,6.0,False,,False,78,1763844256,0,272.5,205.0,12359.0,False
indiaspeaks,1p40bj6,2025-11,nq8faas,avigyan_33,True,7.0,True,2.0,False,68,1763837292,0,2510.3,361721.0,26536.0,True
indiaspeaks,1p40bj6,2025-11,nq8rgfx,theagentK1,True,8.0,False,,False,35,1763841099,0,1177.7,7453.0,23913.0,True
indiaspeaks,1p40bj6,2025-11,nq8ny0o,po-pipo-pipo,True,9.0,False,,False,25,1763839988,0,1136.1,602.0,2472.0,False
indiaspeaks,1p40bj6,2025-11,nq8j4rj,Sparshhardik,True,10.0,False,,False,18,1763838478,0,3208.8,22136.0,10530.0,True
indiaspeaks,1p4ndjm,2025-11,nqcy4h3,alonso-Lewis-vettel,True,1.0,True,1.0,False,319,1763907091,0,1465.0,15575.0,39464.0,True
indiaspeaks,1p4ndjm,2025-11,nqd1am7,druhl,True,2.0,True,2.0,False,188,1763908265,0,2738.3,849.0,2078.0,True
indiaspeaks,1p4ndjm,2025-11,nqd3zdd,Frequent-Raisin6113,True,3.0,True,3.0,False,166,1763909242,0,443.2,162.0,875.0,True
indiaspeaks,1p4ndjm,2025-11,nqe9kvk,RadlogLutar,True,4.0,False,,False,108,1763922270,0,2620.0,44398.0,304275.0,True
indiaspeaks,1p4ndjm,2025-11,nqdr6tn,independant_786,True,5.0,True,5.0,False,43,1763916713,0,2015.8,3258.0,14311.0,True
indiaspeaks,1p4ndjm,2025-11,nqd5ybl,Sulky_rambler_,True,6.0,True,4.0,False,16,1763909942,0,881.9,5036.0,21128.0,True
indiaspeaks,1p4ndjm,2025-11,nqedc1a,iTzsam99,True,7.0,False,,False,5,1763923326,0,2496.1,1.0,4714.0,True
indiaspeaks,1p4ndjm,2025-11,nqj4gr0,dragon_idli,True,8.0,False,,False,3,1763993273,0,2059.3,1221.0,18268.0,True
indiaspeaks,1p4ndjm,2025-11,nqg9ya1,AsherGC,True,9.0,False,,False,3,1763944929,0,3813.9,1099.0,18846.0,True
indiaspeaks,1p4ndjm,2025-11,nqk6jpw,sud007,True,10.0,False,,False,1,1764005144,0,4679.3,5719.0,3365.0,True
indiaspeaks,1p4bqbk,2025-11,nqar4u6,__DraGooN_,True,1.0,True,1.0,False,1321,1763866969,0,2217.1,7785.0,300580.0,True
indiaspeaks,1p4bqbk,2025-11,nqasevf,ForeverIntoTheLight,True,2.0,True,3.0,False,835,1763867489,0,698.3,1.0,48951.0,True
indiaspeaks,1p4bqbk,2025-11,nqau5lm,yourmamadontdance,True,3.0,True,5.0,False,513,1763868191,0,1089.5,243710.0,16592.0,True
indiaspeaks,1p4bqbk,2025-11,nqarq1v,Ornery-Power-5993,True,4.0,True,2.0,False,308,1763867207,0,560.3,2088.0,12433.0,True
indiaspeaks,1p4bqbk,2025-11,nqatl01,DoomBuzzer,True,5.0,True,4.0,False,210,1763867961,0,3290.7,9472.0,62398.0,True
indiaspeaks,1p4bqbk,2025-11,nqau9ip,ananttripathi16,True,6.0,False,,False,126,1763868236,0,2857.8,2203.0,15529.0,True
indiaspeaks,1p4bqbk,2025-11,nqawwy6,Furrylover4206969,True,7.0,False,,False,87,1763869326,0,1259.9,1.0,1962.0,True
indiaspeaks,1p4bqbk,2025-11,nqb25eh,MasalaDosa37,True,8.0,False,,False,78,1763871555,0,275.0,3120.0,37304.0,True
indiaspeaks,1p4bqbk,2025-11,nqb7ysc,-Mystic-Echoes-,True,9.0,False,,False,62,1763874190,0,610.6,165.0,1632.0,True
indiaspeaks,1p4bqbk,2025-11,nqb2gy9,notmadhav,True,10.0,False,,False,52,1763871697,0,3534.1,408.0,10732.0,True
indiaspeaks,1otfnzw,2025-11,no452p5,kones_6999,True,1.0,True,1.0,False,768,1762786631,0,2643.2,86163.0,17158.0,True
indiaspeaks,1otfnzw,2025-11,no45epk,Aeswyr,True,2.0,True,2.0,False,333,1762786736,0,1764.3,45.0,5082.0,True
indiaspeaks,1otfnzw,2025-11,no48iis,Vic_78,True,3.0,False,,False,294,1762787710,0,,,,
indiaspeaks,1otfnzw,2025-11,no47yab,arc_reactor2,True,4.0,True,5.0,False,77,1762787537,0,1175.6,1070.0,11686.0,True
indiaspeaks,1otfnzw,2025-11,no4jouw,Sike-Shiv,True,5.0,False,,False,72,1762791016,0,474.8,298.0,939.0,True
indiaspeaks,1otfnzw,2025-11,no4ufu8,mar00ned007,True,6.0,False,,False,22,1762794140,0,2156.5,1257.0,2736.0,True
indiaspeaks,1otfnzw,2025-11,no45t75,GiveMeSomeSunshine3,True,7.0,True,3.0,False,18,1762786865,0,448.8,1815823.0,223800.0,True
indiaspeaks,1otfnzw,2025-11,no5hbug,Trinity_36369,True,8.0,False,,False,9,1762800779,0,1299.3,13105.0,7057.0,True
indiaspeaks,1otfnzw,2025-11,no46y1r,Mother-Day-1657,True,9.0,True,4.0,False,8,1762787223,0,350.6,9382.0,14986.0,True
indiaspeaks,1otfnzw,2025-11,no4xl1y,swapnil511994,True,10.0,False,,False,8,1762795078,0,3504.5,139.0,13441.0,True
indiaspeaks,1ov6fwh,2025-11,nogl0ih,The_spacewatcher_7,True,1.0,True,1.0,False,360,1762957742,0,538.3,17427.0,24813.0,True
indiaspeaks,1ov6fwh,2025-11,nogmbsf,Entire_Chest7938,True,2.0,True,2.0,False,53,1762958181,0,1556.9,87.0,1677.0,True
indiaspeaks,1ov6fwh,2025-11,nogmn1p,rsbs117,True,3.0,True,3.0,False,48,1762958285,0,2886.2,603.0,1499.0,True
indiaspeaks,1ov6fwh,2025-11,noh6gk8,squidward_2022,True,4.0,False,,False,31,1762964289,0,1297.7,170.0,14853.0,True
indiaspeaks,1ov6fwh,2025-11,nohafd8,aalavidusaami,True,5.0,False,,False,19,1762965448,0,1137.4,784.0,2779.0,False
indiaspeaks,1ov6fwh,2025-11,nogp6uj,berserkgobrrr,True,6.0,True,4.0,False,11,1762959113,0,610.1,36.0,38415.0,False
indiaspeaks,1ov6fwh,2025-11,nogt85m,naturalizedcitizen,True,10.0,True,5.0,False,8,1762960380,0,,,,
indiaspeaks,1ov6fwh,2025-11,nohhxhy,ry57575,True,7.0,False,,False,9,1762967648,0,2071.8,40.0,3465.0,True
indiaspeaks,1ov6fwh,2025-11,nohmmqv,hskskgfk,True,8.0,False,,False,9,1762969031,0,3298.7,14435.0,122487.0,False
indiaspeaks,1ov6fwh,2025-11,nok3cw1,prachanda_Ravanaa,True,9.0,False,,False,9,1762996955,0,,,,
indiaspeaks,1osj95y,2025-11,nnxdlnl,RealFriendlyPitbull,True,1.0,True,1.0,False,503,1762694797,0,1123.8,603.0,96849.0,True
indiaspeaks,1osj95y,2025-11,nnxeep7,Signal_Golf7381,True,2.0,True,2.0,False,411,1762695114,0,885.0,3.0,1521.0,True
indiaspeaks,1osj95y,2025-11,nnxewfw,Arzin-yubin,True,3.0,True,3.0,False,97,1762695307,0,,,,
indiaspeaks,1osj95y,2025-11,nnxpnvr,Realistic_Computer_2,True,4.0,False,,False,76,1762699267,0,1940.2,2095.0,5220.0,True
indiaspeaks,1osj95y,2025-11,nnxl2n4,Failg123,True,5.0,True,5.0,False,68,1762697618,0,2673.9,1060.0,29867.0,True
indiaspeaks,1osj95y,2025-11,nnxsvkp,vhshujnee,True,6.0,False,,False,65,1762700364,0,701.8,321.0,14824.0,True
indiaspeaks,1osj95y,2025-11,nny6f32,Ok-Construction-2671,True,7.0,False,,False,48,1762704579,0,518.1,93.0,8159.0,True
indiaspeaks,1osj95y,2025-11,nny2yjs,nothingisforfree41,True,8.0,False,,False,39,1762703546,0,2413.7,798.0,8535.0,True
indiaspeaks,1osj95y,2025-11,nnxv6ph,Otherwise_Ad_1216,True,10.0,False,,False,26,1762701130,0,2138.9,3457.0,8355.0,True
indiaspeaks,1osj95y,2025-11,nny732r,whitefox0111,True,9.0,False,,False,27,1762704784,0,2206.7,4003.0,4837.0,True
indiaspeaks,1osj95y,2025-11,nnxewrv,CartographerOwn3656,False,,True,4.0,False,16,1762695311,0,1668.7,46775.0,53986.0,True
indiaspeaks,1owom22,2025-11,normst2,AlternativeUsual7008,True,1.0,True,1.0,False,418,1763100877,0,242.9,1.0,1796.0,True
indiaspeaks,1owom22,2025-11,normxkw,alrightanakin,True,2.0,True,2.0,False,245,1763100946,0,1746.7,106.0,327.0,True
indiaspeaks,1owom22,2025-11,nortibp,Time-Translator-2362,True,3.0,True,4.0,False,170,1763104530,0,1970.6,64139.0,8320.0,True
indiaspeaks,1owom22,2025-11,nornwjx,NickVerma20,True,4.0,True,3.0,False,90,1763101465,0,1622.6,397.0,3754.0,True
indiaspeaks,1owom22,2025-11,nosa6l1,TataHexagone2020,True,5.0,True,5.0,False,18,1763114549,0,1522.0,1263.0,46532.0,True
indiaspeaks,1owom22,2025-11,nosiwjr,ProfessionalSport459,True,7.0,False,,False,10,1763119506,0,231.2,47.0,3414.0,True
indiaspeaks,1owom22,2025-11,nouqlrh,Famous_Plate_1390,True,6.0,False,,False,11,1763146161,0,,,,
indiaspeaks,1owom22,2025-11,noscsv2,so_random_next,True,8.0,False,,False,8,1763116100,0,2519.5,1669.0,9663.0,True
indiaspeaks,1owom22,2025-11,nosj8ep,iWontMinceWords,True,10.0,False,,False,3,1763119680,0,613.5,70.0,2572.0,True
indiaspeaks,1owom22,2025-11,notkt1d,jayp_96,True,9.0,False,,False,4,1763133716,0,2728.8,221.0,3057.0,True
indiaspeaks,1p1v1nc,2025-11,npsue8t,criti_fin,True,1.0,True,1.0,False,287,1763618084,0,509.8,9818.0,97915.0,False
indiaspeaks,1p1v1nc,2025-11,npsw6xc,darkdynamic1928,True,2.0,True,3.0,False,145,1763619028,0,641.1,24083.0,44682.0,True
indiaspeaks,1p1v1nc,2025-11,npsufpj,rocuspeter,True,3.0,True,2.0,False,121,1763618105,0,2295.6,1.0,3558.0,True
indiaspeaks,1p1v1nc,2025-11,npt4e3i,Dean_46,True,4.0,True,5.0,False,114,1763623603,0,2851.3,5482.0,35235.0,True
indiaspeaks,1p1v1nc,2025-11,nptis3w,coolcrank,True,5.0,False,,False,53,1763632440,0,2697.5,227.0,41041.0,True
indiaspeaks,1p1v1nc,2025-11,npt165j,ForeverIntoTheLight,True,6.0,True,4.0,False,32,1763621745,0,698.3,1.0,48951.0,True
indiaspeaks,1p1v1nc,2025-11,nptmszr,aniruddhdodiya,True,7.0,False,,False,19,1763634851,0,3433.1,53916.0,15131.0,True
indiaspeaks,1p1v1nc,2025-11,npts5ul,nobody_knows_1212,True,8.0,False,,False,11,1763637850,0,,,,
indiaspeaks,1p1v1nc,2025-11,nptaiot,eye_of_gnon,True,9.0,False,,False,6,1763627283,0,1776.5,1.0,10877.0,True
indiaspeaks,1p1v1nc,2025-11,npums7d,AggressiveHeart923,True,10.0,False,,False,5,1763649831,0,1737.2,2106.0,6713.0,True
IndiaInvestments,1oover3,2025-11,nn79dr3,Spectronic,True,1.0,True,1.0,False,59,1762327756,0,5461.0,22.0,11632.0,False
IndiaInvestments,1oover3,2025-11,nn79zn9,Professor_Moraiarkar,True,2.0,True,2.0,False,40,1762328111,0,741.2,50111.0,58333.0,True
IndiaInvestments,1oover3,2025-11,nn7nyb0,gdsctt-3278,True,3.0,False,,False,9,1762336499,0,1626.3,6610.0,10667.0,True
IndiaInvestments,1oover3,2025-11,nn7elm2,Bustee_Bitch,True,4.0,True,4.0,False,7,1762330804,0,1955.4,6.0,1665.0,True
IndiaInvestments,1oover3,2025-11,nnewqxd,vickylahkarbytes,True,5.0,False,,False,6,1762435429,0,3660.3,4705.0,1039.0,True
IndiaInvestments,1oover3,2025-11,nn7kbxi,happyranger7,True,7.0,True,5.0,False,5,1762334300,0,941.9,9523.0,58048.0,True
IndiaInvestments,1oover3,2025-11,nneyfoy,SaracasticByte,True,6.0,False,,False,6,1762436022,0,780.1,540.0,70806.0,True
IndiaInvestments,1oover3,2025-11,nngfiqz,rohit6489,True,8.0,False,,False,4,1762451913,0,1007.9,121.0,760.0,True
IndiaInvestments,1oover3,2025-11,nnavcdt,legion_in_self,True,9.0,False,,False,3,1762374873,0,502.8,42.0,69.0,True
IndiaInvestments,1oover3,2025-11,nn7c7tp,Only_bliss_,True,10.0,True,3.0,False,2,1762329395,0,511.0,184.0,7509.0,False
IndiaInvestments,1p78gxr,2025-11,nr1bs7x,lord_lableigh,True,1.0,True,1.0,False,18,1764241619,0,491.7,66.0,4541.0,True
IndiaInvestments,1p78gxr,2025-11,nr21x4y,MynkM,True,2.0,True,2.0,False,7,1764253160,0,3265.6,961.0,17480.0,True
IndiaInvestments,1p78gxr,2025-11,nr6dn5y,RushKey,True,3.0,True,4.0,False,4,1764310305,0,2103.7,806.0,920.0,True
IndiaInvestments,1p78gxr,2025-11,nrkerpw,bhskrkshk,True,4.0,True,5.0,False,2,1764523338,0,2944.1,46.0,2483.0,False
IndiaInvestments,1p78gxr,2025-11,nr3is78,IntelligentVisual955,True,5.0,True,3.0,False,1,1764270067,0,823.8,15574.0,11554.0,True
IndiaInvestments,1p8sy9v,2025-11,nr7frjp,Makarand_1976,True,1.0,True,2.0,False,50,1764332156,0,1954.2,1.0,2100.0,True
IndiaInvestments,1p8sy9v,2025-11,nrbo4x6,PartyConsistent7525,True,2.0,False,,False,19,1764386611,0,2022.7,3.0,5375.0,True
IndiaInvestments,1p8sy9v,2025-11,nr7dvlg,ajdude711,True,3.0,True,1.0,False,14,1764331192,0,3882.5,22987.0,70436.0,True
IndiaInvestments,1p8sy9v,2025-11,nr80ys7,Zealousideal-Part849,True,4.0,True,4.0,False,10,1764340859,0,989.2,121.0,7351.0,True
IndiaInvestments,1p8sy9v,2025-11,nrintpl,Be_Compassionate-,True,5.0,False,,False,3,1764496512,0,434.8,59.0,550.0,True
IndiaInvestments,1p8sy9v,2025-11,nrdgiix,Designer-golden,True,6.0,False,,False,3,1764421311,0,392.8,1.0,11.0,True
IndiaInvestments,1p8sy9v,2025-11,nrm444k,jigsawshadow,True,7.0,False,,False,2,1764542277,0,1630.3,1.0,530.0,True
IndiaInvestments,1p8sy9v,2025-11,nrkulfm,AnxSion,True,8.0,False,,False,1,1764528081,0,1895.7,229.0,942.0,True
IndiaInvestments,1p8sy9v,2025-11,nrlu7pv,shaanigi,True,9.0,False,,False,1,1764539159,0,3196.9,33.0,349.0,True
IndiaInvestments,1p8sy9v,2025-11,nrmp0fh,Big_Shine_5866,True,10.0,False,,False,1,1764549327,0,291.5,55.0,1054.0,True
IndiaInvestments,1p8sy9v,2025-11,nr8xyzi,Imaginary-Log4090,False,,True,5.0,False,0,1764351743,0,609.8,1.0,-1.0,True
IndiaInvestments,1p8sy9v,2025-11,nr7xuzc,Savings_Bonus6279,False,,True,3.0,False,-5,1764339703,0,201.6,1.0,134.0,True
IndiaInvestments,1pafk9k,2025-11,nriwhlq,temred22,True,1.0,True,1.0,False,11,1764501854,0,1414.0,7.0,2416.0,True
IndiaInvestments,1pafk9k,2025-11,ns14nvp,MoneyPal_Club,True,2.0,True,3.0,False,5,1764747545,0,186.0,1.0,1.0,True
IndiaInvestments,1pafk9k,2025-11,nufzr93,JamesDond007,True,3.0,True,5.0,False,3,1765938350,0,2892.0,304.0,4469.0,True
IndiaInvestments,1pafk9k,2025-11,nrx3463,BoxPositive4750,True,4.0,True,2.0,False,2,1764696941,0,2058.0,1.0,3153.0,True
IndiaInvestments,1pafk9k,2025-11,ntez1d4,Aaaravpandey,True,5.0,True,4.0,False,1,1765427963,0,311.1,4.0,0.0,True
IndiaInvestments,1pafk9k,2025-11,nvb8qo9,Ashishtiwari92,True,6.0,False,,False,1,1766374213,0,3982.7,1957.0,2235.0,True
IndiaInvestments,1p712se,2025-11,nr13oe9,Boring_Scale328,True,1.0,True,1.0,False,26,1764236879,0,1929.5,8311.0,10362.0,True
IndiaInvestments,1p712se,2025-11,nrcu63k,Immediate-Ad-7510,True,2.0,False,,False,13,1764408529,0,1791.1,295.0,1929.0,True
IndiaInvestments,1p712se,2025-11,nr5smgx,ultragogo,True,3.0,True,3.0,False,11,1764300664,0,3183.1,28.0,818.0,True
IndiaInvestments,1p712se,2025-11,nra72ix,Commercial-Skill790,True,4.0,True,5.0,False,7,1764366589,0,519.0,6.0,61.0,True
IndiaInvestments,1p712se,2025-11,nr17blg,OutrageousChair2581,True,5.0,True,2.0,False,6,1764239031,0,435.4,460.0,775.0,True
IndiaInvestments,1p712se,2025-11,nrf6r09,Thinker_Blr,True,6.0,False,,False,6,1764443130,0,607.8,1.0,2.0,True
IndiaInvestments,1p712se,2025-11,nr7e3fq,sibotix,True,7.0,True,4.0,False,2,1764331306,0,1220.0,130.0,429.0,True
IndiaInvestments,1p712se,2025-11,nrbxhhx,FamiliarBathroom9846,True,8.0,False,,False,2,1764390541,0,1170.1,137.0,399.0,True
IndiaInvestments,1p712se,2025-11,nsb5nle,TeamIntelligent2429,True,9.0,False,,False,2,1764881151,0,246.8,3.0,160.0,True
IndiaInvestments,1p712se,2025-11,nzv2ie2,theExactlyGuy,True,10.0,False,,False,2,1768537303,0,3286.9,81.0,7963.0,True
IndiaInvestments,1op73pt,2025-11,nnaoy0p,yashg,True,1.0,True,3.0,False,16,1762373007,0,6991.1,2097.0,40606.0,True
IndiaInvestments,1op73pt,2025-11,nna0ho6,EarlyFalcone,True,2.0,True,1.0,False,7,1762366156,0,1991.7,191.0,16093.0,True
IndiaInvestments,1op73pt,2025-11,nnatwo6,Emergency_Army_7640,True,4.0,True,4.0,False,3,1762374452,0,1190.1,1074.0,4081.0,True
IndiaInvestments,1op73pt,2025-11,nne5qed,EnchantedBudha,True,3.0,True,5.0,False,4,1762422487,0,701.3,1.0,7.0,True
IndiaInvestments,1op73pt,2025-11,nnf2n2a,ZealousidealWafer309,True,5.0,False,,False,3,1762437444,0,502.9,1.0,638.0,True
IndiaInvestments,1op73pt,2025-11,nna7dwa,OkAcanthisitta4665,True,6.0,True,2.0,False,3,1762368034,0,983.2,1.0,264.0,True
IndiaInvestments,1op73pt,2025-11,np9o7rg,Disastrous-Prune-101,True,7.0,False,,False,2,1763354774,0,506.2,22.0,131.0,True
IndiaInvestments,1p70889,2025-11,nrnymuc,PartyAd8709,True,1.0,True,1.0,False,1,1764566933,0,2135.1,1.0,3.0,True
IndiaInvestments,1p7uzip,2025-11,nr0j2xq,shutupkuldeep,True,2.0,True,2.0,False,6,1764225215,0,2228.1,1.0,41.0,True
IndiaInvestments,1p7uzip,2025-11,nr0lnh9,SudhaTheHill,True,1.0,False,,False,7,1764226535,0,668.9,1.0,1665432.0,True
IndiaInvestments,1p7uzip,2025-11,nr0ooxu,Fragrant-Theory-3961,True,3.0,False,,False,3,1764228160,0,211.1,1.0,2.0,True
IndiaInvestments,1p7uzip,2025-11,nr0i9vv,Ok-Tangerine-9870,True,4.0,True,1.0,False,2,1764224797,0,314.8,11.0,7.0,False
IndiaInvestments,1p7uzip,2025-11,nr0k2wh,Future-Tangelo-5671,True,5.0,True,3.0,False,2,1764225734,0,1295.2,26.0,1154.0,True
IndiaInvestments,1p7uzip,2025-11,nr0lyuo,viserys8769,True,6.0,False,,False,2,1764226700,0,3089.9,48316.0,119560.0,True
IndiaInvestments,1p7uzip,2025-11,nr0r3wu,Smart_Promotion1295,True,7.0,False,,False,2,1764229505,0,332.1,32.0,9.0,True
IndiaInvestments,1p7uzip,2025-11,nr0sjq9,UnitInfamous2558,True,8.0,False,,False,2,1764230307,0,191.3,1.0,0.0,True
IndiaInvestments,1p7uzip,2025-11,nr0khz2,PayFabulous4807,True,9.0,True,4.0,False,1,1764225949,0,2110.9,587.0,26851.0,True
IndiaInvestments,1p7uzip,2025-11,nr0ky5a,DataScience123888,True,10.0,True,5.0,False,1,1764226176,0,,,,
AskIndia,1om4pxc,2025-11,nmmr8w5,Total_Put_8543,True,1.0,True,1.0,False,366,1762046909,0,1773.6,292.0,1482.0,True
AskIndia,1om4pxc,2025-11,nmmtmxz,hotchocolatetalks,True,2.0,True,2.0,False,71,1762047746,0,1244.4,770.0,809.0,True
AskIndia,1om4pxc,2025-11,nmnailq,hard2resist,True,3.0,False,,False,25,1762054056,0,2348.0,379126.0,66179.0,True
AskIndia,1om4pxc,2025-11,nmnnfga,hill_music_festival,True,4.0,False,,False,12,1762059305,0,1845.5,249.0,3795.0,True
AskIndia,1om4pxc,2025-11,nmn9m9x,MaesterCrow,True,5.0,False,,False,8,1762053682,0,2650.4,28457.0,44332.0,True
AskIndia,1om4pxc,2025-11,nmn6b1w,naturalizedcitizen,True,6.0,False,,False,7,1762052395,0,,,,
AskIndia,1om4pxc,2025-11,nmn3g3f,sabin_72246,True,7.0,True,5.0,False,5,1762051334,0,2383.4,20364.0,14850.0,True
AskIndia,1om4pxc,2025-11,nmnntlx,Straight_Cherry996,True,8.0,False,,False,4,1762059487,0,,,,
AskIndia,1om4pxc,2025-11,nmmvs0z,madnessinabyss,True,9.0,True,3.0,False,4,1762048512,0,1102.0,297.0,928.0,True
AskIndia,1om4pxc,2025-11,nmmvsqd,Connect_Plant9358,True,10.0,True,4.0,False,2,1762048519,0,,,,
AskIndia,1p4oazb,2025-11,nqd6ndk,CurlyGucha,True,1.0,False,,False,1294,1763910186,0,570.1,311.0,4179.0,True
AskIndia,1p4oazb,2025-11,nqd51cz,quartzyquirky,True,2.0,False,,False,176,1763909617,0,2638.5,5850.0,28642.0,True
AskIndia,1p4oazb,2025-11,nqd3dja,mynameismanager,True,3.0,True,2.0,False,148,1763909025,0,783.8,22489.0,83677.0,False
AskIndia,1p4oazb,2025-11,nqd6sv1,SignificantYoung5781,True,4.0,False,,False,88,1763910238,0,1399.8,91.0,527.0,True
AskIndia,1p4oazb,2025-11,nqe07a3,Realistic_Anxiety_98,True,5.0,False,,False,57,1763919495,0,1316.9,450.0,1068.0,True
AskIndia,1p4oazb,2025-11,nqd4g19,muttonbiryani96,True,6.0,True,4.0,False,55,1763909407,0,476.6,88.0,5731.0,True
AskIndia,1p4oazb,2025-11,nqe2835,68or70,True,7.0,False,,False,38,1763920116,0,1134.1,381.0,11906.0,True
AskIndia,1p4oazb,2025-11,nqd4rw5,i_love_paneer_wazwan,True,10.0,True,5.0,False,16,1763909524,0,,,,
AskIndia,1p4oazb,2025-11,nqde2mh,akash_kava,True,8.0,False,,False,17,1763912627,0,2198.0,24.0,7016.0,True
AskIndia,1p4oazb,2025-11,nqd45qw,Greeno0816,True,9.0,True,3.0,False,17,1763909305,0,,,,
AskIndia,1p4oazb,2025-11,nqd38gw,mosshead357,False,,True,1.0,False,4,1763908975,0,736.0,750.0,27359.0,True
AskIndia,1oql7lw,2025-11,nnjooqv,Hungry-Weather2819,True,1.0,True,1.0,False,296,1762490772,0,315.5,1.0,282.0,True
AskIndia,1oql7lw,2025-11,nnjqndp,Acrobatic_Phone_3316,True,2.0,False,,False,109,1762491672,0,304.8,2.0,13854.0,True
AskIndia,1oql7lw,2025-11,nnk1syc,think_i_am_smart,True,3.0,False,,False,37,1762497519,0,1402.8,1602.0,9718.0,True
AskIndia,1oql7lw,2025-11,nnjqryj,Manoos,True,4.0,False,,False,33,1762491731,0,6023.8,46003.0,52655.0,False
AskIndia,1oql7lw,2025-11,nnjv8h2,sanjay_ynwa,True,5.0,False,,False,26,1762493946,0,,,,
AskIndia,1oql7lw,2025-11,nnjpznn,intlogent_boy,True,7.0,True,4.0,False,13,1762491365,0,604.5,28.0,26390.0,False
AskIndia,1oql7lw,2025-11,nnjsg5x,BlackStagGoldField,True,6.0,False,,False,15,1762492533,0,2650.0,2597.0,31454.0,True
AskIndia,1oql7lw,2025-11,nnjp3xh,Relevant_Back_4340,True,8.0,True,2.0,False,12,1762490961,0,1586.5,1441.0,29485.0,True
AskIndia,1oql7lw,2025-11,nnjr19u,Independent-Salad-27,True,10.0,False,,False,9,1762491854,0,2132.8,35.0,5201.0,True
AskIndia,1oql7lw,2025-11,nnjq2l9,Outside_You4211,False,,True,5.0,False,9,1762491402,0,426.1,1.0,762.0,True
AskIndia,1oql7lw,2025-11,nnjrrjr,Curious_Bar6154,True,9.0,False,,False,10,1762492201,0,774.0,77.0,1119.0,True
AskIndia,1oql7lw,2025-11,nnjpdao,CandidComfortable338,False,,True,3.0,False,8,1762491083,0,1956.5,292.0,2050.0,True
AskIndia,1p1waqp,2025-11,npt5jv7,safe-account71,True,1.0,True,5.0,False,665,1763624292,0,,,,
AskIndia,1p1waqp,2025-11,npt1dp1,not-your-type-,True,2.0,True,1.0,False,310,1763621863,0,620.2,17.0,322.0,True
AskIndia,1p1waqp,2025-11,npt3c6h,Altruistic_Bank_1552,True,3.0,True,4.0,False,272,1763622989,0,305.0,673.0,11974.0,True
AskIndia,1p1waqp,2025-11,nptqnnt,PeterQuin,True,4.0,False,,False,146,1763637030,0,3335.0,12060.0,24401.0,True
AskIndia,1p1waqp,2025-11,npt2jlp,Child_of_destiny99,True,5.0,True,2.0,False,141,1763622526,0,410.1,2688.0,22973.0,True
AskIndia,1p1waqp,2025-11,nptl35q,tiredgothicheroine,True,6.0,False,,False,116,1763633823,0,1063.3,240.0,14502.0,True
AskIndia,1p1waqp,2025-11,npthrxp,Buttbuttchin,True,7.0,False,,False,56,1763631831,0,1049.8,2736.0,2032.0,True
AskIndia,1p1waqp,2025-11,npt2rpo,mojojojo-369,True,8.0,True,3.0,False,56,1763622658,0,3182.1,3758.0,39039.0,True
AskIndia,1p1waqp,2025-11,npttsfw,AbrocomaOk9726,True,9.0,False,,False,26,1763638702,0,863.9,70.0,8686.0,True
AskIndia,1p1waqp,2025-11,npvn08c,Expensive_Corgi_4669,True,10.0,False,,False,24,1763660479,0,219.6,5.0,1249.0,True
AskIndia,1on5liw,2025-11,nmvmaxb,Tradition_Such,True,1.0,False,,False,239,1762177544,0,2125.2,1.0,276.0,True
AskIndia,1on5liw,2025-11,nmuirk9,stg_676,True,2.0,True,4.0,False,196,1762157671,0,1314.0,16908.0,103914.0,True
AskIndia,1on5liw,2025-11,nmug2g2,Altruistic_Virus8460,True,3.0,True,1.0,False,163,1762156002,0,832.5,2476.0,26332.0,True
AskIndia,1on5liw,2025-11,nmv8op3,Latter-Yam-2115,True,4.0,False,,False,134,1762172375,0,2121.8,4286.0,185758.0,True
AskIndia,1on5liw,2025-11,nmug3vy,GoldBatter,True,5.0,True,2.0,False,59,1762156027,0,1376.4,5023.0,2811.0,True
AskIndia,1on5liw,2025-11,nmuh68k,eternviking,True,6.0,True,3.0,False,42,1762156683,0,2713.0,1800618.0,17440.0,True
AskIndia,1on5liw,2025-11,nmukjid,low_mana_high_hp,True,7.0,True,5.0,False,35,1762158795,0,2137.7,504.0,4845.0,True
AskIndia,1on5liw,2025-11,nmv57f0,Independent-Tax3814,True,8.0,False,,False,31,1762170822,0,498.0,16.0,271.0,True
AskIndia,1on5liw,2025-11,nn0yovs,couldiwouldishouldi,True,9.0,False,,False,15,1762243893,0,1645.8,1249.0,668.0,True
AskIndia,1on5liw,2025-11,nn0yqs4,TotalPractical6932,True,10.0,False,,False,10,1762243925,0,1998.4,153.0,680.0,True
AskIndia,1p84kb3,2025-11,nr2cb38,sweetnessCHARGER,True,1.0,True,1.0,False,240,1764256721,0,250.2,278.0,4742.0,True
AskIndia,1p84kb3,2025-11,nr2fwy2,Feisty_Meal2290,True,2.0,True,3.0,False,153,1764257866,0,1136.8,169.0,1530.0,True
AskIndia,1p84kb3,2025-11,nr2m32u,Key_Confidence8435,True,3.0,False,,False,67,1764259766,0,,,,
AskIndia,1p84kb3,2025-11,nr2irye,FantasticBee,True,4.0,False,,False,33,1764258755,0,3014.3,8135.0,4914.0,True
AskIndia,1p84kb3,2025-11,nr2htkt,Maximum_Water2242,True,5.0,False,,False,25,1764258461,0,289.0,27.0,2349.0,False
AskIndia,1p84kb3,2025-11,nr2ewtn,SenileMind,True,6.0,True,2.0,False,22,1764257551,0,1385.1,1195.0,11918.0,True
AskIndia,1p84kb3,2025-11,nr2hcsy,Melodic_Spirit_9204,True,7.0,True,5.0,False,17,1764258316,0,883.2,132.0,4836.0,False
AskIndia,1p84kb3,2025-11,nr2okan,Healthy-smile007,True,8.0,False,,False,12,1764260530,0,643.9,11.0,460.0,True
AskIndia,1p84kb3,2025-11,nr2hzjs,Junior_Permit8008,True,9.0,False,,False,8,1764258512,0,548.9,74.0,10174.0,False
AskIndia,1p84kb3,2025-11,nr2ib9u,Fresh-Dragonfruit-37,True,10.0,False,,False,8,1764258611,0,1703.4,283.0,14258.0,True
AskIndia,1p84kb3,2025-11,nr2h7sm,ManyFaithlessness404,False,,True,4.0,False,3,1764258273,0,1185.0,123784.0,39479.0,True
AskIndia,1p1ibeq,2025-11,npqcqtb,Parking_Fudge_124,True,1.0,True,2.0,False,295,1763585454,0,,,,
AskIndia,1p1ibeq,2025-11,npqlxgt,svmk1987,True,2.0,True,3.0,False,138,1763588213,0,5272.1,5620.0,255499.0,True
AskIndia,1p1ibeq,2025-11,npqzbmk,Amar_ramgarh,True,3.0,False,,False,122,1763592435,0,313.1,10.0,166.0,True
AskIndia,1p1ibeq,2025-11,npqxfgg,Efficient_Radio4491,True,4.0,True,5.0,False,106,1763591815,0,,,,
AskIndia,1p1ibeq,2025-11,npr6bbj,Humble-Wasabi-6136,True,5.0,False,,False,102,1763594825,0,1084.7,81.0,5550.0,True
AskIndia,1p1ibeq,2025-11,nprmot5,shadow0wolf911,True,6.0,False,,False,52,1763600576,0,,,,
AskIndia,1p1ibeq,2025-11,nprtnvd,Legitimate-Usual5487,True,7.0,False,,False,31,1763603129,0,207.1,1.0,260.0,True
AskIndia,1p1ibeq,2025-11,npq8crd,hideyourstashh,True,8.0,True,1.0,False,31,1763584102,0,1951.7,61.0,2680.0,True
AskIndia,1p1ibeq,2025-11,npr5e6c,sahilraj7800,True,9.0,False,,False,23,1763594502,0,3402.4,62.0,1471.0,True
AskIndia,1p1ibeq,2025-11,nprwke3,electri-cute,True,10.0,False,,False,19,1763604184,0,569.3,7.0,7485.0,True
AskIndia,1p1ibeq,2025-11,npqturp,Seal-EV,False,,True,4.0,False,8,1763590661,0,390.7,10157.0,12355.0,True
AskIndia,1oyhial,2025-11,np4kb18,CaregiverNeat447,True,1.0,False,,False,58,1763289381,0,1579.3,1.0,486.0,True
AskIndia,1oyhial,2025-11,np4kcnn,goshdagny,True,2.0,False,,False,26,1763289408,0,793.8,46.0,11576.0,False
AskIndia,1oyhial,2025-11,np4irz4,isaac2988,True,3.0,True,4.0,False,21,1763288435,0,1697.8,1.0,1688.0,True
AskIndia,1oyhial,2025-11,np4jilb,Stunningunipeg,True,4.0,True,5.0,False,16,1763288896,0,1128.0,629.0,14252.0,True
AskIndia,1oyhial,2025-11,np4sheg,Brave_Meet8430,True,5.0,False,,False,15,1763294151,0,975.7,1183.0,16164.0,True
AskIndia,1oyhial,2025-11,np4i03z,Altruistic_Bank_1552,True,6.0,True,2.0,False,9,1763287958,0,305.0,673.0,11974.0,True
AskIndia,1oyhial,2025-11,np4enes,BigCan2392,True,7.0,True,1.0,False,8,1763285912,0,1884.3,62.0,5861.0,True
AskIndia,1oyhial,2025-11,np4i59r,WittyCry4374,True,9.0,True,3.0,False,5,1763288047,0,996.4,127.0,30986.0,False
AskIndia,1oyhial,2025-11,np6a39d,RadlogLutar,True,8.0,False,,False,6,1763313900,0,2620.0,44398.0,304275.0,True
AskIndia,1oyhial,2025-11,np70kmu,Unable_Teaching3517,True,10.0,False,,False,5,1763321800,0,1522.0,236.0,669.0,True
AskIndia,1osawwm,2025-11,nnw283l,tararanaway,True,1.0,True,5.0,False,157,1762668198,0,316.3,5287.0,5577.0,True
AskIndia,1osawwm,2025-11,nnw0zwv,rap_chan_doo,True,2.0,True,2.0,False,106,1762667557,0,1359.0,546.0,1519.0,True
AskIndia,1osawwm,2025-11,nnweqco,SensitiveNothing4043,True,3.0,False,,False,24,1762675441,0,353.4,179.0,282.0,True
AskIndia,1osawwm,2025-11,nnvz945,HotJoker0876,True,4.0,True,1.0,False,22,1762666674,0,571.1,9.0,1012.0,True
AskIndia,1osawwm,2025-11,nnwedz2,Igarlicbread,True,5.0,False,,False,17,1762675238,0,1727.9,4789.0,20795.0,True
AskIndia,1osawwm,2025-11,nnx4r34,sudosai,True,6.0,False,,False,14,1762690863,0,2613.6,140.0,215.0,True
AskIndia,1osawwm,2025-11,nnw1uku,Weak_Sprinkles_9937,True,7.0,True,3.0,False,14,1762668002,0,580.7,39.0,2365.0,False
AskIndia,1osawwm,2025-11,nnw2117,Anywhere_Warm,True,8.0,True,4.0,False,14,1762668095,0,,,,
AskIndia,1osawwm,2025-11,nnxpgtv,Commander_007_,True,9.0,False,,False,11,1762699198,0,926.8,26.0,44.0,True
AskIndia,1osawwm,2025-11,nnwihwd,play3xxx1,True,10.0,False,,False,10,1762677725,0,,,,
AskIndia,1pabwk6,2025-11,nri7e0q,LifeIsHard2030,True,1.0,True,1.0,False,207,1764486347,0,1557.7,3558.0,102308.0,True
AskIndia,1pabwk6,2025-11,nri7vkt,Evil_bitch_21,True,2.0,True,5.0,False,99,1764486632,0,1887.0,3938.0,3629.0,True
AskIndia,1pabwk6,2025-11,nri7nbf,MentalChaosX,True,3.0,True,2.0,False,79,1764486497,0,228.0,211.0,742.0,False
AskIndia,1pabwk6,2025-11,nri86vt,googologies,True,4.0,False,,False,41,1764486818,0,2393.1,4064.0,13223.0,True
AskIndia,1pabwk6,2025-11,nriaboj,akash_kava,True,5.0,False,,False,28,1764488117,0,2198.0,24.0,7016.0,True
AskIndia,1pabwk6,2025-11,nri7r78,Key_Confidence8435,True,6.0,True,3.0,False,20,1764486561,0,,,,
AskIndia,1pabwk6,2025-11,nric2n9,Mahakala_hakini_67,True,7.0,False,,False,16,1764489190,0,,,,
AskIndia,1pabwk6,2025-11,nri87ls,MassiveDepressive,True,8.0,False,,False,6,1764486829,0,291.3,439.0,11328.0,True
AskIndia,1pabwk6,2025-11,nri88fb,Globe-trekker,True,9.0,False,,False,6,1764486842,0,1308.1,737.0,19853.0,True
AskIndia,1pabwk6,2025-11,nrigdi9,Battata_Vada,True,10.0,False,,False,6,1764491856,0,1012.1,3.0,2295.0,True
AskIndia,1pabwk6,2025-11,nri7ubg,Lilacjasmines24,False,,True,4.0,False,5,1764486611,0,677.6,183.0,3396.0,True
ipl,1oxjq42,2025-11,noxr9af,Advait8571,True,1.0,True,4.0,False,383,1763186150,0,504.9,5646.0,39568.0,True
ipl,1oxjq42,2025-11,noxqs6j,deserted_lawyer,True,2.0,True,3.0,False,329,1763185893,0,394.5,537.0,1658.0,True
ipl,1oxjq42,2025-11,noxsuet,wewake_235,True,3.0,False,,False,83,1763187004,0,1858.9,75.0,127951.0,True
ipl,1oxjq42,2025-11,noxrf5f,Aggravating-Sign8464,True,4.0,True,5.0,False,61,1763186237,0,1960.8,777.0,5249.0,True
ipl,1oxjq42,2025-11,noxpsng,Recent-Ratio2369,True,5.0,True,1.0,False,60,1763185375,0,1594.7,8312.0,14976.0,True
ipl,1oxjq42,2025-11,noxs5bf,Good_Try1904,True,6.0,False,,False,40,1763186627,0,1165.9,6546.0,3044.0,False
ipl,1oxjq42,2025-11,noxsn5p,Lazy-Emotion8052,True,7.0,False,,False,31,1763186895,0,752.0,1.0,5257.0,True
ipl,1oxjq42,2025-11,noxq3o1,CheesecakeNext371,True,8.0,True,2.0,False,30,1763185535,0,367.7,3494.0,2103.0,True
ipl,1oxjq42,2025-11,noxs432,Sweaty_Assignment_12,True,9.0,False,,False,28,1763186608,0,,,,
ipl,1oxjq42,2025-11,noxv6az,cocaine_enthusiast1,True,10.0,False,,False,13,1763188298,0,1994.3,162.0,73101.0,True
ipl,1ompdo7,2025-11,nmqz06j,Mademan84,True,1.0,True,1.0,False,343,1762109619,0,,,,
ipl,1ompdo7,2025-11,nmqz957,Osamabinlaggin9_11,True,2.0,True,2.0,False,145,1762109690,0,217.1,1592.0,13703.0,True
ipl,1ompdo7,2025-11,nmqzv6g,No_Mix7074,True,3.0,True,3.0,False,134,1762109861,0,1077.9,124.0,727.0,True
ipl,1ompdo7,2025-11,nmr1x07,LoseInhibitions,True,4.0,True,4.0,False,61,1762110434,0,4208.1,944.0,40844.0,True
ipl,1ompdo7,2025-11,nmr8oiw,Apha-apha,True,5.0,False,,False,18,1762112374,0,1960.3,483.0,8800.0,True
ipl,1ompdo7,2025-11,nmr2tuw,Initial_Ice_2719,True,6.0,False,,False,11,1762110691,0,394.9,3284.0,12548.0,True
ipl,1ompdo7,2025-11,nmr2ksi,Affectionate_Floor69,True,7.0,True,5.0,False,9,1762110620,0,1858.9,15.0,2178.0,True
ipl,1ompdo7,2025-11,nmr5kan,archetype_7,True,8.0,False,,False,9,1762111468,0,,,,
ipl,1ompdo7,2025-11,nmr5p8x,Moist_Investment8528,True,9.0,False,,False,5,1762111508,0,2095.5,133.0,3110.0,True
ipl,1ompdo7,2025-11,nmr6pq7,Plus_Field_6630,True,10.0,False,,False,3,1762111801,0,1824.2,1.0,2036.0,True
ipl,1omqolc,2025-11,nmr9aow,RefuseStriking9406,True,1.0,True,1.0,False,137,1762112555,0,1102.3,1.0,25057.0,True
ipl,1omqolc,2025-11,nmraqp4,Groundbreaking-Arm29,True,2.0,True,4.0,False,66,1762112975,0,2136.5,434.0,1596.0,True
ipl,1omqolc,2025-11,nmra4nl,idontknwnething,True,3.0,True,2.0,False,3,1762112795,0,2058.5,615.0,10959.0,True
ipl,1omqolc,2025-11,nmrajmo,idontknwnething,True,4.0,True,3.0,False,2,1762112916,0,2058.5,615.0,10959.0,True
ipl,1omqolc,2025-11,nmtgz7n,CorporateMajdoorr,True,5.0,False,,False,2,1762138602,0,959.4,10020.0,14302.0,True
ipl,1omqolc,2025-11,nmrdp3y,curedmiracle,True,6.0,True,5.0,False,1,1762113836,0,495.2,643.0,1063.0,False
ipl,1omqolc,2025-11,nmt5p0r,Ok-Put8371,True,7.0,False,,False,1,1762134461,0,1620.0,62.0,9985.0,True
ipl,1omqolc,2025-11,nmttn0p,Kool_123,True,8.0,False,,False,1,1762143800,0,996.1,1.0,505.0,True
ipl,1omqolc,2025-11,nmv3wnl,Virtual_Singer8541,True,9.0,False,,False,1,1762170204,0,220.2,56.0,689.0,True
ipl,1omqolc,2025-11,nmv7d28,ResponsibleTop1068,True,10.0,False,,False,1,1762171801,0,218.2,1.0,0.0,True
ipl,1pafhd6,2025-11,nritp94,Feisty-Sky8513,True,1.0,True,2.0,False,208,1764500171,0,596.2,11262.0,5633.0,True
ipl,1pafhd6,2025-11,nritoy7,Every_Management4426,True,2.0,True,1.0,False,201,1764500166,0,1089.3,39662.0,37313.0,True
ipl,1pafhd6,2025-11,nritrn3,Ok_Addition_7549,True,3.0,True,3.0,False,92,1764500210,0,625.1,3.0,877.0,True
ipl,1pafhd6,2025-11,nriuyv3,DifferentConcept9457,True,4.0,False,,False,84,1764500938,0,1890.3,44.0,5776.0,True
ipl,1pafhd6,2025-11,nriu6jj,Unlikely_River5819,True,5.0,True,5.0,False,84,1764500464,0,505.5,1544.0,27586.0,True
ipl,1pafhd6,2025-11,nriu17l,kochurshak,True,7.0,True,4.0,False,29,1764500373,0,757.8,14040.0,71771.0,True
ipl,1pafhd6,2025-11,nrivpgo,mac_n_cheese1608,True,6.0,False,,False,32,1764501387,0,1242.9,4590.0,21772.0,False
ipl,1pafhd6,2025-11,nriujb9,Darkhorsememoirit,True,8.0,False,,False,22,1764500679,0,1409.0,1828.0,15424.0,True
ipl,1pafhd6,2025-11,nrivxlw,arina_0730,True,9.0,False,,False,19,1764501524,0,1003.0,39333.0,374538.0,True
ipl,1pafhd6,2025-11,nrivfia,Sweaty_Helicopter829,True,10.0,False,,False,5,1764501223,0,1083.0,2645.0,22109.0,True
ipl,1p71c5p,2025-11,nquevnd,HalfMadHalfGenius,True,1.0,True,2.0,False,389,1764141704,0,2841.1,22702.0,3546.0,True
ipl,1p71c5p,2025-11,nquejqh,ayushmaan256,True,2.0,True,1.0,False,242,1764141525,0,1694.0,1860.0,13051.0,True
ipl,1p71c5p,2025-11,nqufvu3,Tamatar111,True,3.0,False,,False,168,1764142265,0,1087.9,8882.0,5623.0,True
ipl,1p71c5p,2025-11,nqufjui,Your78Ranger,True,4.0,False,,False,126,1764142077,0,497.9,5484.0,26369.0,True
ipl,1p71c5p,2025-11,nquf86i,Sad_Compote_2495,True,5.0,True,5.0,False,64,1764141895,0,1596.2,1711.0,19076.0,True
ipl,1p71c5p,2025-11,nquexio,charlie_4599,True,6.0,True,3.0,False,33,1764141732,0,770.9,5527.0,2694.0,True
ipl,1p71c5p,2025-11,nquf9t8,_ordinarilyordinary_,True,7.0,False,,False,28,1764141921,0,559.7,3965.0,39185.0,True
ipl,1p71c5p,2025-11,nquhec6,Ok_Caramel_5035,True,8.0,False,,False,12,1764143128,0,1019.8,1.0,3033.0,True
ipl,1p71c5p,2025-11,nqufpqq,Sairam3010,True,9.0,False,,False,10,1764142169,0,801.1,2021.0,916.0,True
ipl,1p71c5p,2025-11,nqufhnc,Iron_ptriot,True,10.0,False,,False,5,1764142043,0,264.2,550.0,1205.0,True
ipl,1p71c5p,2025-11,nquf3jf,charlie_4599,False,,True,4.0,False,3,1764141824,0,770.9,5527.0,2694.0,True
ipl,1pafuqc,2025-11,nrivu0k,No_Sprinkles_2990,True,1.0,True,1.0,False,122,1764501463,0,610.1,54053.0,94276.0,True
ipl,1pafuqc,2025-11,nriwo7e,Low-Opportunity2403,True,3.0,True,2.0,False,38,1764501966,0,1271.3,890.0,13378.0,True
ipl,1pafuqc,2025-11,nriypr2,No_Objective_2196,True,2.0,True,3.0,False,40,1764503179,0,378.1,3461.0,10550.0,True
ipl,1pafuqc,2025-11,nrj193k,Thala77777,True,4.0,True,4.0,False,25,1764504624,0,766.7,2180.0,17706.0,True
ipl,1pafuqc,2025-11,nrj2r9o,Then-Point5863,True,5.0,True,5.0,False,16,1764505444,0,418.2,210.0,334.0,True
ipl,1pafuqc,2025-11,nrj4zuh,Realmodiji,True,6.0,False,,False,15,1764506592,0,383.6,209.0,419.0,True
ipl,1pafuqc,2025-11,nrjii2f,y78j04,True,7.0,False,,False,5,1764512461,0,3963.4,227.0,5225.0,True
ipl,1pafuqc,2025-11,nrj7cdz,Ok-Palpitation1352,True,8.0,False,,False,4,1764507726,0,1040.0,3194.0,1208.0,True
ipl,1pafuqc,2025-11,nrjcdx1,Crafty-Pomegranate23,True,9.0,False,,False,4,1764509965,0,1008.8,1.0,380.0,True
ipl,1pafuqc,2025-11,nrjuqhj,HousingRegular8879,True,10.0,False,,False,3,1764516947,0,433.7,151.0,21.0,True
ipl,1oqn6p5,2025-11,nnk2aoz,mac_n_cheese1608,True,1.0,True,3.0,False,162,1762497796,0,1242.9,4590.0,21772.0,False
ipl,1oqn6p5,2025-11,nnk1vrx,smallverysmall,True,2.0,True,1.0,False,49,1762497565,0,4115.0,160.0,14461.0,True
ipl,1oqn6p5,2025-11,nnk4m87,Practical-Ad-9289,True,3.0,False,,False,41,1762499099,0,1853.8,15851.0,28050.0,True
ipl,1oqn6p5,2025-11,nnk297l,Dry-Hope-4450,True,4.0,True,2.0,False,35,1762497774,0,570.3,687.0,5191.0,True
ipl,1oqn6p5,2025-11,nnk434l,MrCoolBoy001,True,5.0,True,5.0,False,31,1762498799,0,1643.2,79336.0,124832.0,True
ipl,1oqn6p5,2025-11,nnk3z7o,Ashton1320,True,6.0,True,4.0,False,30,1762498738,0,1096.8,47279.0,123458.0,True
ipl,1oqn6p5,2025-11,nnk5waj,Ursknownstranger,True,7.0,False,,False,8,1762499842,0,,,,
ipl,1oqn6p5,2025-11,nnkbsbo,iToeknife,True,8.0,False,,False,5,1762503342,0,375.0,2639.0,11552.0,True
ipl,1oqn6p5,2025-11,nnkeav4,IndividualStart4003,True,9.0,False,,False,2,1762504920,0,1349.6,185.0,2121.0,True
ipl,1oqn6p5,2025-11,nnkrtid,FuckPigeons2025,True,10.0,False,,False,2,1762513122,0,434.1,1.0,53545.0,True
ipl,1p9jxe0,2025-11,nrcpmih,irundoonayee,True,1.0,True,3.0,False,274,1764405703,0,878.6,44456.0,76188.0,True
ipl,1p9jxe0,2025-11,nrcpefi,MeeshaMadhavan_,True,2.0,True,2.0,False,251,1764405566,0,190.9,1.0,20908.0,True
ipl,1p9jxe0,2025-11,nrcp2wg,MastersOversight,True,3.0,True,1.0,False,139,1764405374,0,1183.8,120.0,1952.0,True
ipl,1p9jxe0,2025-11,nrcpvva,DressWonderful5396,True,4.0,True,5.0,False,124,1764405862,0,1109.9,5472.0,20200.0,True
ipl,1p9jxe0,2025-11,nrcshvo,The_De_soulater,True,5.0,False,,False,64,1764407474,0,2168.9,2564.0,4246.0,True
ipl,1p9jxe0,2025-11,nrcqqwb,mephistttoooo,True,6.0,False,,False,35,1764406385,0,1609.3,134125.0,66965.0,True
ipl,1p9jxe0,2025-11,nrcsud1,Your-Fat-Mother,True,7.0,False,,False,17,1764407691,0,1607.2,37.0,17268.0,True
ipl,1p9jxe0,2025-11,nrcw6zj,sunnydatta01,True,8.0,False,,False,16,1764409815,0,2388.5,3.0,1839.0,True
ipl,1p9jxe0,2025-11,nrf19lp,abhiz123,True,9.0,False,,False,12,1764441357,0,3139.9,405.0,4678.0,True
ipl,1p9jxe0,2025-11,nrcpn6o,Casual_Scroller_00,True,10.0,True,4.0,False,10,1764405714,0,883.1,830.0,85181.0,True
ipl,1owviq0,2025-11,nosuxby,Moongfali4president,True,1.0,True,3.0,False,93,1763124967,0,582.1,79379.0,139846.0,True
ipl,1owviq0,2025-11,nostyju,Niks_Singh,True,2.0,True,1.0,False,88,1763124582,0,376.5,2536.0,758.0,False
ipl,1owviq0,2025-11,nosxqjt,Dhruvp14,True,3.0,True,4.0,False,85,1763126041,0,1839.1,11818.0,23834.0,True
ipl,1owviq0,2025-11,not4kb1,MasalaDosa37,True,4.0,True,5.0,False,53,1763128470,0,275.0,3120.0,37304.0,True
ipl,1owviq0,2025-11,not5whv,Axel-Pizza-Lover,True,5.0,False,,False,25,1763128928,0,1332.5,1.0,24454.0,True
ipl,1owviq0,2025-11,nostys3,Beneficial-Eye-3665,True,6.0,True,2.0,False,18,1763124584,0,525.7,20350.0,64340.0,True
ipl,1owviq0,2025-11,notxhgx,Ok-NickGurr-1562,True,7.0,False,,False,6,1763137461,0,,,,
ipl,1owviq0,2025-11,notynl1,Crimson-Koyla,True,8.0,False,,False,4,1763137806,0,475.1,528.0,8038.0,True
ipl,1owviq0,2025-11,notq27x,dockp10,True,9.0,False,,False,3,1763135283,0,2109.8,220.0,636.0,True
ipl,1owviq0,2025-11,nou6jtq,Overlord_6301,True,10.0,False,,False,3,1763140169,0,1829.6,4217.0,47904.0,True
ipl,1pac7wi,2025-11,nri9b25,-OrekiHoutarou,True,1.0,True,1.0,False,537,1764487491,0,1233.1,4528.0,63699.0,True
ipl,1pac7wi,2025-11,nri9k4e,kochurshak,True,2.0,True,3.0,False,474,1764487646,0,757.8,14040.0,71771.0,True
ipl,1pac7wi,2025-11,nriat0i,Existing-List6662,True,3.0,False,,False,424,1764488418,0,1641.4,6945.0,35374.0,True
ipl,1pac7wi,2025-11,nria6u2,Existing_Program_256,True,4.0,False,,False,248,1764488032,0,1660.7,2822.0,97272.0,True
ipl,1pac7wi,2025-11,nri9pkp,sri_ansh20,True,5.0,True,4.0,False,137,1764487737,0,191.8,2764.0,1679.0,True
ipl,1pac7wi,2025-11,nriaz8c,princenag25,True,6.0,False,,False,93,1764488524,0,2763.6,1514.0,5977.0,True
ipl,1pac7wi,2025-11,nri9t7j,nazgulonbicycle,True,7.0,True,5.0,False,70,1764487799,0,2550.4,8341.0,40118.0,True
ipl,1pac7wi,2025-11,nriagmb,Hamstuh284,True,8.0,False,,False,53,1764488203,0,,,,
ipl,1pac7wi,2025-11,nriaetu,jinks_markr,True,9.0,False,,False,42,1764488171,0,253.9,16.0,3273.0,True
ipl,1pac7wi,2025-11,nrib1i8,hidden_kid,True,10.0,False,,False,42,1764488562,0,2399.6,2312.0,42462.0,False
ipl,1pac7wi,2025-11,nri9h56,Adorable-East-2276,False,,True,2.0,False,25,1764487595,0,267.6,3.0,21081.0,True
IndiaTech,1p6521f,2025-11,nqnwi96,Fallen_Knight7,True,1.0,True,1.0,False,1054,1764051641,0,1481.2,332.0,4243.0,True
IndiaTech,1p6521f,2025-11,nqnwz90,Alternative_Run_5565,True,2.0,True,3.0,False,340,1764051896,0,910.0,27.0,26732.0,True
IndiaTech,1p6521f,2025-11,nqnxp67,Infiniti_151,True,3.0,True,4.0,False,220,1764052288,0,539.6,176.0,25454.0,True
IndiaTech,1p6521f,2025-11,nqnzf9f,CourageInfamous9581,True,4.0,False,,False,95,1764053234,0,1145.1,89.0,1146.0,True
IndiaTech,1p6521f,2025-11,nqnwljj,NeoRullzz,True,5.0,True,2.0,False,63,1764051689,0,769.1,311.0,7443.0,True
IndiaTech,1p6521f,2025-11,nqny7sj,sasti-chaddi,True,6.0,True,5.0,False,51,1764052570,0,1175.7,1011.0,15495.0,False
IndiaTech,1p6521f,2025-11,nqo1if2,Lucky_Category7952,True,7.0,False,,False,38,1764054397,0,1344.1,242.0,13048.0,True
IndiaTech,1p6521f,2025-11,nqo49fg,ResidentAd8536,True,9.0,False,,False,14,1764055983,0,1971.5,2546.0,24274.0,True
IndiaTech,1p6521f,2025-11,nqoiuqi,RamiroCruz13,True,8.0,False,,False,16,1764064844,0,2067.7,597.0,7138.0,True
IndiaTech,1p6521f,2025-11,nqo439l,Velvetwhisper__,True,10.0,False,,False,13,1764055883,0,360.3,886.0,6008.0,True
IndiaTech,1p1xlka,2025-11,npta26t,No-Cancel1378,True,1.0,False,,False,2144,1763627000,0,1662.1,338.0,11940.0,True
IndiaTech,1p1xlka,2025-11,npt99du,No_Good4993,True,2.0,True,5.0,False,695,1763626506,0,269.9,1154.0,3950.0,True
IndiaTech,1p1xlka,2025-11,npta031,koushiknft,True,3.0,False,,False,502,1763626965,0,1521.9,425.0,1093.0,True
IndiaTech,1p1xlka,2025-11,npt8s6v,BullfrogMinute8468,True,4.0,True,2.0,False,265,1763626216,0,371.9,1372.0,1538.0,True
IndiaTech,1p1xlka,2025-11,npt9760,iamNovaVoyager,True,5.0,True,4.0,False,220,1763626469,0,1155.9,127.0,3619.0,True
IndiaTech,1p1xlka,2025-11,npt959l,imsharank,True,6.0,True,3.0,False,167,1763626436,0,2934.8,319134.0,36950.0,True
IndiaTech,1p1xlka,2025-11,npt9qbw,marinluv,True,7.0,False,,False,93,1763626798,0,1551.0,21411.0,63767.0,True
IndiaTech,1p1xlka,2025-11,npta6a6,madnfreak,True,8.0,False,,False,79,1763627070,0,644.3,6.0,8701.0,True
IndiaTech,1p1xlka,2025-11,npthsbf,astarothbbsr,True,9.0,False,,False,68,1763631837,0,541.2,31.0,2710.0,True
IndiaTech,1p1xlka,2025-11,npt8rgr,sachin_root,True,10.0,True,1.0,False,49,1763626204,0,1458.3,6041.0,110767.0,True
IndiaTech,1olnex0,2025-11,nmj13kl,Syman44,True,1.0,True,2.0,False,1132,1762002686,0,1399.1,19.0,1359.0,True
IndiaTech,1olnex0,2025-11,nmj12de,jasjashu,True,2.0,True,1.0,False,180,1762002673,0,456.2,593.0,645.0,True
IndiaTech,1olnex0,2025-11,nmj181d,Aromatic-Sugarr,True,3.0,True,3.0,False,35,1762002735,0,338.9,2097.0,2236.0,False
IndiaTech,1olnex0,2025-11,nmj9uxi,BadKarma-18,True,4.0,False,,False,20,1762005956,0,1648.5,36054.0,12930.0,True
IndiaTech,1olnex0,2025-11,nmj2p5x,incognitooo_mode,True,5.0,True,4.0,False,8,1762003310,0,525.9,52411.0,14489.0,True
IndiaTech,1olnex0,2025-11,nmj3y16,Orthopaedics21,True,6.0,False,,False,4,1762003790,0,2070.8,8653.0,6776.0,True
IndiaTech,1olnex0,2025-11,nmj3ske,Just_a_passingby205,True,7.0,True,5.0,False,3,1762003731,0,620.0,143.0,6106.0,True
IndiaTech,1omcbad,2025-11,nmoc3pj,Icy_Application,True,1.0,True,5.0,False,610,1762073906,0,2642.1,214.0,18854.0,False
IndiaTech,1omcbad,2025-11,nmobqul,simply_amazzing,True,2.0,True,2.0,False,533,1762073686,0,1572.1,35217.0,42096.0,True
IndiaTech,1omcbad,2025-11,nmobre4,Jaanbaaz_Sipahi,True,3.0,True,3.0,False,147,1762073696,0,2606.7,689.0,3878.0,False
IndiaTech,1omcbad,2025-11,nmobzp3,EffectiveHistorian24,True,4.0,True,4.0,False,80,1762073837,0,702.1,1.0,232.0,True
IndiaTech,1omcbad,2025-11,nmoce6x,Sternritter8636,True,5.0,False,,False,79,1762074088,0,1276.9,3940.0,8926.0,True
IndiaTech,1omcbad,2025-11,nmocbpo,brickmagnet,True,6.0,False,,False,51,1762074045,0,2558.9,159.0,31099.0,True
IndiaTech,1omcbad,2025-11,nmobiu1,RoketRacoon,True,7.0,True,1.0,False,32,1762073548,0,2612.0,7599.0,26657.0,True
IndiaTech,1omcbad,2025-11,nmoda9g,CuberBeats,True,8.0,False,,False,15,1762074649,0,1904.9,2912.0,44212.0,True
IndiaTech,1omcbad,2025-11,nmoct20,thisissk717,True,9.0,False,,False,14,1762074345,0,1593.1,277.0,48600.0,True
IndiaTech,1omcbad,2025-11,nmodc1z,Zealousideal-Part849,True,10.0,False,,False,10,1762074680,0,989.2,121.0,7351.0,True
IndiaTech,1p0hpil,2025-11,npl8doe,write2varun,True,1.0,False,,False,766,1763512778,0,5758.1,1.0,882.0,True
IndiaTech,1p0hpil,2025-11,npjlk1i,Helpful_Mind-,True,2.0,True,4.0,False,246,1763493966,0,,,,
IndiaTech,1p0hpil,2025-11,npj7qpu,yaaro_obba_,True,3.0,True,2.0,False,151,1763489939,0,1707.0,19264.0,150725.0,True
IndiaTech,1p0hpil,2025-11,npivmi5,DaddyGrok,True,4.0,True,1.0,False,86,1763486413,0,,,,
IndiaTech,1p0hpil,2025-11,npjiinz,stepupstepdownn,True,5.0,True,3.0,False,46,1763493057,0,345.9,5.0,3064.0,True
IndiaTech,1p0hpil,2025-11,nplpwhv,Junaid_dev_Tech,True,6.0,False,,False,18,1763519051,0,298.0,571.0,2097.0,True
IndiaTech,1p0hpil,2025-11,npjnls2,ChoiceCareful177,True,7.0,True,5.0,False,7,1763494578,0,215.4,1.0,105.0,True
IndiaTech,1p0hpil,2025-11,npodh40,pixel_ace013,True,8.0,False,,False,4,1763564015,0,245.5,7534.0,917.0,False
IndiaTech,1p0hpil,2025-11,npm9ag8,Adi_4455,True,9.0,False,,False,3,1763526543,0,892.4,177.0,257.0,True
IndiaTech,1p0hpil,2025-11,npme6nj,skeleton_mind,True,10.0,False,,False,2,1763528749,0,227.3,5.0,247.0,True
IndiaTech,1oou5mv,2025-11,nn6taw6,imsharank,True,1.0,True,2.0,False,890,1762319433,0,2934.8,319134.0,36950.0,True
IndiaTech,1oou5mv,2025-11,nn6vny5,HauntingXOX,True,2.0,False,,False,240,1762320526,0,871.2,570.0,1337.0,True
IndiaTech,1oou5mv,2025-11,nn6w7gs,incognitooo_mode,True,3.0,False,,False,228,1762320785,0,525.9,52411.0,14489.0,True
IndiaTech,1oou5mv,2025-11,nn6ulob,Leading-Reception-13,True,4.0,True,4.0,False,83,1762320029,0,2163.9,253.0,2823.0,True
IndiaTech,1oou5mv,2025-11,nn6vk76,Dobby-Wan-Kenobi,True,5.0,False,,False,69,1762320476,0,,,,
IndiaTech,1oou5mv,2025-11,nn6vb7f,Educational_Key6764,True,6.0,False,,False,45,1762320358,0,1457.3,1340.0,6607.0,True
IndiaTech,1oou5mv,2025-11,nn6stss,Ok_Wolf_6840,True,7.0,True,1.0,False,32,1762319216,0,,,,
IndiaTech,1oou5mv,2025-11,nn6wb0k,Nocturnalmegahunt,True,8.0,False,,False,23,1762320832,0,236.3,12448.0,2211.0,True
IndiaTech,1oou5mv,2025-11,nn6v2p1,hornybanana69,True,9.0,True,5.0,False,12,1762320248,0,3388.4,1647.0,5235.0,True
IndiaTech,1oou5mv,2025-11,nn6w66x,aadsarraficionado,True,10.0,False,,False,10,1762320768,0,,,,
IndiaTech,1oou5mv,2025-11,nn6tit7,am_spoidermon,False,,True,3.0,False,6,1762319535,0,1598.3,1110.0,1966.0,True
IndiaTech,1opmnt3,2025-11,nncn1g0,LetAntique1298,True,1.0,True,4.0,False,1348,1762395617,0,1833.8,256.0,3305.0,True
IndiaTech,1opmnt3,2025-11,nncmxkr,pixel_creatrice,True,2.0,True,2.0,False,912,1762395577,0,993.3,7766.0,55634.0,True
IndiaTech,1opmnt3,2025-11,nncndpj,SnappierSoap318,True,3.0,False,,False,329,1762395742,0,3362.0,8086.0,3016.0,True
IndiaTech,1opmnt3,2025-11,nncmvcr,DungeonCrawler19,True,4.0,True,1.0,False,84,1762395555,0,586.0,266.0,61355.0,False
IndiaTech,1opmnt3,2025-11,nncu56e,yaaro_obba_,True,5.0,False,,False,46,1762398224,0,1707.0,19264.0,150725.0,True
IndiaTech,1opmnt3,2025-11,nncn1dd,baby_yoda2032,True,6.0,True,3.0,False,24,1762395616,0,625.0,277.0,982.0,True
IndiaTech,1opmnt3,2025-11,nncny1s,solitude_sage,True,7.0,False,,False,9,1762395949,0,1099.9,2616.0,5809.0,True
IndiaTech,1opmnt3,2025-11,nnczw99,Stunning_Roll9030,True,8.0,False,,False,9,1762400448,0,1109.8,272.0,1937.0,True
IndiaTech,1opmnt3,2025-11,nncxjzj,gamingtamizha,True,9.0,False,,False,5,1762399531,0,2815.7,4579.0,9409.0,True
IndiaTech,1opmnt3,2025-11,nncn49y,PunctualPanther,True,10.0,True,5.0,False,3,1762395646,0,2963.5,2347.0,58548.0,True
IndiaTech,1p1z9l5,2025-11,npu0joa,RedditSurfer82,True,1.0,False,,False,258,1763641834,0,1677.8,140.0,10888.0,True
IndiaTech,1p1z9l5,2025-11,nptpzj5,SuddenStorage,True,2.0,True,2.0,False,112,1763636662,0,2105.2,1027.0,1503.0,True
IndiaTech,1p1z9l5,2025-11,npu2wrj,Alarming_March_2523,True,3.0,False,,False,19,1763642825,0,645.1,1.0,784.0,True
IndiaTech,1p1z9l5,2025-11,nptxmdr,TopConcentrate8484,True,5.0,True,5.0,False,9,1763640531,0,983.8,141964.0,51273.0,True
IndiaTech,1p1z9l5,2025-11,npu8dyc,Material-Ad2477,True,4.0,False,,False,10,1763644910,0,402.0,9802.0,1286.0,True
IndiaTech,1p1z9l5,2025-11,npvimvy,Simply_Param,True,6.0,False,,False,9,1763659193,0,2237.2,211499.0,74867.0,True
IndiaTech,1p1z9l5,2025-11,npu5u15,Deep_Personality_929,True,7.0,False,,False,3,1763643967,0,242.1,44.0,415.0,True
IndiaTech,1p1z9l5,2025-11,npwvcnu,Ornery-Dimension2539,True,8.0,False,,False,3,1763673636,0,825.6,741.0,1847.0,True
IndiaTech,1p1z9l5,2025-11,nptssoa,Ok_Interview_3549,True,9.0,True,3.0,False,2,1763638185,0,,,,
IndiaTech,1p1z9l5,2025-11,nptwadd,rapidbackshots,True,10.0,True,4.0,False,2,1763639910,0,603.7,11007.0,23425.0,True
IndiaTech,1p1z9l5,2025-11,nptmfob,God_of_H3ll,False,,True,1.0,False,1,1763634631,0,,,,
IndiaTech,1orlid2,2025-11,nnqrt3t,RoughedUp39,True,1.0,True,1.0,False,722,1762595534,0,1416.1,424.0,16820.0,True
IndiaTech,1orlid2,2025-11,nnquq52,Gowtham_HN,True,2.0,True,4.0,False,563,1762597333,0,1437.3,645.0,3666.0,True
IndiaTech,1orlid2,2025-11,nnqyt9n,ComfortableNo2879,True,3.0,False,,False,111,1762599845,0,1417.7,384986.0,238086.0,True
IndiaTech,1orlid2,2025-11,nnqtetg,Lazyuserzzz,True,4.0,True,2.0,False,99,1762596519,0,695.7,20.0,679.0,False
IndiaTech,1orlid2,2025-11,nnqwxvz,Odd_Imagination_,True,5.0,False,,False,48,1762598713,0,2063.2,13.0,5264.0,True
IndiaTech,1orlid2,2025-11,nnqvx30,limelight2121,True,6.0,True,5.0,False,33,1762598085,0,1101.4,2516.0,13467.0,False
IndiaTech,1orlid2,2025-11,nnqwngx,imsharank,True,7.0,False,,False,26,1762598538,0,2934.8,319134.0,36950.0,True
IndiaTech,1orlid2,2025-11,nnqvxj3,wishyanu,True,8.0,False,,False,22,1762598092,0,2241.9,128.0,2852.0,True
IndiaTech,1orlid2,2025-11,nnr54og,Key-Significance-298,True,9.0,False,,False,6,1762603416,0,2032.7,824.0,5336.0,True
IndiaTech,1orlid2,2025-11,nnqtj3m,Disastrous_Body9196,True,10.0,True,3.0,False,6,1762596594,0,830.4,6204.0,10059.0,True
IndiaTech,1p0a2m4,2025-11,npha1ox,oldtestament_5163,True,1.0,True,5.0,False,771,1763467817,0,,,,
IndiaTech,1p0a2m4,2025-11,nphdecg,LividAnybody8091,True,2.0,False,,False,505,1763469260,0,1928.3,706.0,2356.0,True
IndiaTech,1p0a2m4,2025-11,nph98le,memenoxx,True,3.0,True,2.0,False,207,1763467476,0,772.9,556.0,4549.0,True
IndiaTech,1p0a2m4,2025-11,npha8bx,Spirited-Top1217,True,4.0,False,,False,200,1763467896,0,899.4,1.0,238.0,True
IndiaTech,1p0a2m4,2025-11,nphf469,Anything_Shubhh,True,5.0,False,,False,132,1763469971,0,,,,
IndiaTech,1p0a2m4,2025-11,nphbw83,Maginaghat997,True,6.0,False,,False,93,1763468626,0,722.2,80452.0,50125.0,True
IndiaTech,1p0a2m4,2025-11,nph98x4,kachorilal,True,7.0,True,3.0,False,46,1763467480,0,1010.8,1202.0,19615.0,True
IndiaTech,1p0a2m4,2025-11,npha0l0,DreamPerfect6717,True,8.0,True,4.0,False,40,1763467804,0,405.8,74.0,708.0,True
IndiaTech,1p0a2m4,2025-11,nphcuto,Monika_Awasthi,True,9.0,False,,False,36,1763469032,0,472.2,340.0,441.0,True
IndiaTech,1p0a2m4,2025-11,nphc57y,Zestyclose-Wear7237,True,10.0,False,,False,32,1763468734,0,888.1,9282.0,12971.0,True
IndiaTech,1p0a2m4,2025-11,nph8sx6,YamahaLDrago,False,,True,1.0,False,20,1763467286,0,,,,
IndianGaming,1oqte8t,2025-11,nnl7tao,Admirable_Pause8401,True,1.0,True,1.0,False,411,1762520468,0,,,,
IndianGaming,1oqte8t,2025-11,nnl92fi,CeruleanProb,True,2.0,True,5.0,False,176,1762520935,0,2222.0,180.0,4415.0,True
IndianGaming,1oqte8t,2025-11,nnl7y24,SHAIK_011,True,3.0,True,2.0,False,119,1762520518,0,1321.9,4328.0,5565.0,True
IndianGaming,1oqte8t,2025-11,nnlrm3d,ThePheebs,True,4.0,False,,False,44,1762527141,0,4146.6,3550.0,235662.0,True
IndianGaming,1oqte8t,2025-11,nnlr1qc,BERSERK_KNIGHT_666,True,5.0,False,,False,28,1762526961,0,2164.9,4320.0,23935.0,True
IndianGaming,1oqte8t,2025-11,nnl83ms,Aggravating_Put2904,True,6.0,True,3.0,False,26,1762520577,0,1998.2,1133.0,1478.0,True
IndianGaming,1oqte8t,2025-11,nnlloz8,sharkpeid,True,7.0,False,,False,25,1762525239,0,4798.0,338.0,32878.0,True
IndianGaming,1oqte8t,2025-11,nnl88eq,Sahask123,True,8.0,True,4.0,False,13,1762520627,0,2450.2,840.0,9164.0,True
IndianGaming,1oqte8t,2025-11,nnltqb9,ForeverCherished_,True,9.0,False,,False,10,1762527801,0,459.0,101.0,613.0,True
IndianGaming,1oqte8t,2025-11,nnlbbvt,Time_Blacksmith861,True,10.0,False,,False,7,1762521749,0,1505.8,35525.0,73913.0,True
IndianGaming,1oybg1z,2025-11,np3dvtb,Tranceported,True,1.0,True,3.0,False,699,1763266243,0,902.8,4214.0,42022.0,True
IndianGaming,1oybg1z,2025-11,np3gies,Fresh_Bee6411,True,2.0,True,5.0,False,460,1763267380,0,,,,
IndianGaming,1oybg1z,2025-11,np3d6k7,Airhead_kun,True,3.0,True,2.0,False,232,1763265952,0,747.1,678.0,9552.0,True
IndianGaming,1oybg1z,2025-11,np3dxtk,Haestienn,True,4.0,True,4.0,False,185,1763266266,0,287.1,3272.0,9731.0,True
IndianGaming,1oybg1z,2025-11,np3gl8f,Odd-Nebula7648,True,5.0,False,,False,136,1763267415,0,1795.3,18138.0,8358.0,True
IndianGaming,1oybg1z,2025-11,np3bgjn,hellcat1592,True,6.0,True,1.0,False,125,1763265235,0,2503.0,33259.0,12979.0,True
IndianGaming,1oybg1z,2025-11,np3ranb,bumblebleebug,True,7.0,False,,False,26,1763272432,0,,,,
IndianGaming,1oybg1z,2025-11,np42kcl,Dave99750,True,8.0,False,,False,21,1763278612,0,2148.2,86.0,643.0,True
IndianGaming,1oybg1z,2025-11,np3pgju,Saulgoodman_online,True,9.0,False,,False,18,1763271538,0,1070.1,452.0,3559.0,True
IndianGaming,1oybg1z,2025-11,np3jpsr,DAISIES_BLOOM,True,10.0,False,,False,8,1763268839,0,329.6,489.0,12576.0,True
IndianGaming,1osbgkw,2025-11,nnw1imq,vkasha,True,1.0,True,2.0,False,347,1762667827,0,2160.9,19250.0,52337.0,True
IndianGaming,1osbgkw,2025-11,nnw0xey,Few_Bet_8952,True,2.0,True,1.0,False,320,1762667522,0,1241.0,2759.0,17080.0,True
IndianGaming,1osbgkw,2025-11,nnw29iz,JOYKAPOOR,True,3.0,True,5.0,False,152,1762668219,0,2032.4,20007.0,3192.0,True
IndianGaming,1osbgkw,2025-11,nnw4tzc,Caniju,True,4.0,False,,False,144,1762669624,0,,,,
IndianGaming,1osbgkw,2025-11,nnw340t,DiscoverFalsee,True,5.0,False,,False,102,1762668671,0,351.3,8652.0,4372.0,True
IndianGaming,1osbgkw,2025-11,nnw26nv,Bhindiismyfav,True,6.0,True,3.0,False,83,1762668177,0,482.9,34620.0,9181.0,True
IndianGaming,1osbgkw,2025-11,nnw5rc4,TimSerious,True,7.0,False,,False,70,1762670150,0,3576.7,859.0,3796.0,True
IndianGaming,1osbgkw,2025-11,nnw28x1,AKhilji,True,8.0,True,4.0,False,48,1762668210,0,2190.0,932.0,19684.0,True
IndianGaming,1osbgkw,2025-11,nnw6d3o,madnfreak,True,9.0,False,,False,40,1762670495,0,644.3,6.0,8701.0,True
IndianGaming,1osbgkw,2025-11,nnw32af,bumblebleebug,True,10.0,False,,False,10,1762668645,0,,,,
IndianGaming,1on90wb,2025-11,nmv6xe1,supreme1eader,True,1.0,False,,False,1605,1762171608,0,2808.0,36264.0,24598.0,True
IndianGaming,1on90wb,2025-11,nmv1d9t,G952,True,2.0,True,2.0,False,420,1762168924,0,2398.2,2042.0,117628.0,True
IndianGaming,1on90wb,2025-11,nmv2qqu,Nunnupandey,True,3.0,False,,False,372,1762169632,0,324.1,23.0,3790.0,False
IndianGaming,1on90wb,2025-11,nmv1ibt,BuggedButWorking,True,4.0,True,3.0,False,85,1762168997,0,230.9,45.0,4515.0,True
IndianGaming,1on90wb,2025-11,nmv1rdh,d5aqoep,True,5.0,True,4.0,False,73,1762169129,0,3277.8,22055.0,51562.0,True
IndianGaming,1on90wb,2025-11,nmvg2ep,ElephantStunning4956,True,6.0,False,,False,58,1762175300,0,1339.0,483.0,4461.0,True
IndianGaming,1on90wb,2025-11,nmv2qbs,Eldritch_Ryleh,True,7.0,False,,False,38,1762169626,0,3005.7,468.0,3251.0,True
IndianGaming,1on90wb,2025-11,nmv23ua,1tormented_soul,True,8.0,True,5.0,False,35,1762169305,0,654.2,53.0,657.0,True
IndianGaming,1on90wb,2025-11,nmv4rli,Franxx-Pilot6526,True,9.0,False,,False,26,1762170618,0,1401.9,1707.0,2681.0,True
IndianGaming,1on90wb,2025-11,nmv52x2,_Humble_Bumble_Bee,True,10.0,False,,False,22,1762170765,0,,,,
IndianGaming,1on90wb,2025-11,nmv181h,Error-404_NotOnEarth,False,,True,1.0,False,8,1762168848,0,1751.8,4381.0,5743.0,True
IndianGaming,1oyjt2v,2025-11,np4w2wi,luz___09,True,1.0,True,5.0,False,561,1763296037,0,1175.2,3484.0,8281.0,True
IndianGaming,1oyjt2v,2025-11,np53n8d,new-oneechan,True,2.0,False,,False,183,1763299473,0,1297.7,1230.0,577.0,True
IndianGaming,1oyjt2v,2025-11,np4xoem,jake_azazzel,True,3.0,False,,False,108,1763296826,0,3105.0,45247.0,132987.0,True
IndianGaming,1oyjt2v,2025-11,np4w91l,sophisticated_meh,True,4.0,False,,False,107,1763296124,0,3075.8,16263.0,2533.0,True
IndianGaming,1oyjt2v,2025-11,np4wxyp,Longjumping_Act_2186,True,5.0,False,,False,29,1763296468,0,1577.2,43.0,877.0,True
IndianGaming,1oyjt2v,2025-11,np4s9vc,Sahask123,True,6.0,True,1.0,False,23,1763294040,0,2450.2,840.0,9164.0,True
IndianGaming,1oyjt2v,2025-11,np4tylk,AgainDan27,True,7.0,True,3.0,False,14,1763294945,0,1572.3,1100.0,16218.0,True
IndianGaming,1oyjt2v,2025-11,np4unin,Critical-Original444,True,8.0,True,4.0,False,10,1763295308,0,1501.3,200.0,614.0,True
IndianGaming,1oyjt2v,2025-11,np4ti4s,AD_Stark,True,9.0,True,2.0,False,7,1763294702,0,2375.2,12006.0,24109.0,True
IndianGaming,1oyjt2v,2025-11,np4yasa,underratedpcperson,True,10.0,False,,False,6,1763297124,0,1257.3,26424.0,14229.0,True
IndianGaming,1onyng0,2025-11,nn0ffsm,NeuroBiCurious,True,1.0,True,1.0,False,746,1762233269,0,432.0,356.0,4313.0,True
IndianGaming,1onyng0,2025-11,nn0iv24,SirFartsALot33,True,2.0,True,5.0,False,229,1762234950,0,513.4,840.0,11398.0,True
IndianGaming,1onyng0,2025-11,nn0h1oy,Fluffy-Fruit-8037,True,3.0,True,3.0,False,78,1762234046,0,1178.1,162.0,395.0,True
IndianGaming,1onyng0,2025-11,nn0fl5e,Ruturaj_4zare,True,4.0,True,2.0,False,32,1762233341,0,2148.9,1344.0,402.0,True
IndianGaming,1onyng0,2025-11,nn0k05f,rrd_gaming,True,5.0,False,,False,24,1762235536,0,1740.2,146.0,12434.0,True
IndianGaming,1onyng0,2025-11,nn0k3ly,D-Alucard,True,6.0,False,,False,22,1762235587,0,1028.0,16.0,891.0,True
IndianGaming,1onyng0,2025-11,nn0h3c8,legendswiki,True,7.0,True,4.0,False,18,1762234068,0,2446.0,3167.0,20704.0,True
IndianGaming,1onyng0,2025-11,nn0j0jr,BitterMouth_0202,True,8.0,False,,False,12,1762235028,0,1238.8,11276.0,2436.0,True
IndianGaming,1onyng0,2025-11,nn0pezw,Dilpreet_13,True,9.0,False,,False,12,1762238469,0,2061.9,379.0,2464.0,True
IndianGaming,1onyng0,2025-11,nn0wg2l,Overlord_6301,True,10.0,False,,False,10,1762242561,0,1829.6,4217.0,47904.0,True
IndianGaming,1p4o7ui,2025-11,nqd3ono,anigameman,True,1.0,True,5.0,False,318,1763909137,0,2671.8,27721.0,6679.0,True
IndianGaming,1p4o7ui,2025-11,nqd3c2r,Its_Pikachu_Piyu,True,2.0,True,2.0,False,279,1763909011,0,1894.0,67.0,2894.0,True
IndianGaming,1p4o7ui,2025-11,nqd66dx,TheMob16,True,3.0,False,,False,266,1763910020,0,2903.0,2141.0,8490.0,True
IndianGaming,1p4o7ui,2025-11,nqd3r06,N_V_N_T,True,4.0,False,,False,134,1763909160,0,2425.3,10890.0,16870.0,True
IndianGaming,1p4o7ui,2025-11,nqd3wsk,randomredditor575,True,5.0,False,,False,41,1763909217,0,308.9,403.0,35609.0,True
IndianGaming,1p4o7ui,2025-11,nqd2ruj,alrob_art,True,6.0,True,1.0,False,32,1763908810,0,2480.0,13.0,3164.0,True
IndianGaming,1p4o7ui,2025-11,nqd6f0n,ashmint,True,7.0,False,,False,29,1763910104,0,4117.9,360.0,1351.0,True
IndianGaming,1p4o7ui,2025-11,nqd3ex3,Tarunrd1,True,9.0,True,3.0,False,22,1763909039,0,372.9,1666.0,1820.0,True
IndianGaming,1p4o7ui,2025-11,nqd82g3,_Black-Bird_,True,8.0,False,,False,25,1763910671,0,1941.9,409.0,1053.0,True
IndianGaming,1p4o7ui,2025-11,nqd4q93,joogasama,True,10.0,False,,False,16,1763909508,0,2086.3,16399.0,19868.0,True
IndianGaming,1p4o7ui,2025-11,nqd3i1u,Appropriate_Carob431,False,,True,4.0,False,8,1763909070,0,1788.8,1.0,950.0,True
IndianGaming,1ornfwm,2025-11,nnr6xbg,Green_Site2467,True,1.0,True,2.0,False,110,1762604331,0,1972.1,16900.0,7575.0,True
IndianGaming,1ornfwm,2025-11,nnr3s26,Impressive-G01,True,2.0,True,1.0,False,70,1762602712,0,,,,
IndianGaming,1ornfwm,2025-11,nnrgtek,IN_FINITY-_-,True,3.0,False,,False,65,1762608614,0,2352.1,2501.0,12060.0,True
IndianGaming,1ornfwm,2025-11,nnr87bk,Exact_Possession_134,True,4.0,True,4.0,False,24,1762604961,0,431.9,16.0,841.0,False
IndianGaming,1ornfwm,2025-11,nnrizey,Technical-Pop-4099,True,5.0,False,,False,10,1762609438,0,1291.0,468.0,4866.0,True
IndianGaming,1ornfwm,2025-11,nnr6ybv,NarangSaab69,True,6.0,True,3.0,False,8,1762604345,0,2660.9,443.0,10550.0,True
IndianGaming,1ornfwm,2025-11,nnre0ar,1_0-k1,True,7.0,False,,False,8,1762607523,0,2577.9,2848.0,7805.0,True
IndianGaming,1ornfwm,2025-11,nnsjn15,kingKabali,True,8.0,False,,False,6,1762621616,0,2084.3,139.0,2744.0,True
IndianGaming,1ornfwm,2025-11,nns3wu1,Repulsive_Mistake382,True,10.0,False,,False,3,1762616648,0,1634.1,495.0,48580.0,True
IndianGaming,1ornfwm,2025-11,nns7mlu,Whole_Bee2569,True,9.0,False,,False,4,1762617825,0,1081.1,12.0,727.0,True
IndianGaming,1ornfwm,2025-11,nnratr9,Competitive-Ad-4337,False,,True,5.0,False,-12,1762606181,0,2157.0,5.0,2888.0,True
IndianGaming,1oq704k,2025-11,nngp754,RohtakGamer,True,1.0,True,1.0,False,179,1762454643,0,1137.8,139.0,255.0,False
IndianGaming,1oq704k,2025-11,nngpt3n,anshas15,True,2.0,True,2.0,False,52,1762454812,0,473.8,182.0,170.0,True
IndianGaming,1oq704k,2025-11,nngqhbb,Interceptor100,True,3.0,True,3.0,False,31,1762455003,0,1737.1,64.0,938.0,True
IndianGaming,1oq704k,2025-11,nnhb5dx,WAR10CK94,True,4.0,False,,False,27,1762461076,0,2341.8,155.0,17160.0,True
IndianGaming,1oq704k,2025-11,nngxmhk,Altruistic_Golf_1927,True,5.0,False,,False,18,1762457074,0,1169.7,460.0,164.0,True
IndianGaming,1oq704k,2025-11,nngsgey,Odd_Craft5057,True,6.0,True,4.0,False,14,1762455557,0,870.9,1294.0,1841.0,True
IndianGaming,1oq704k,2025-11,nnjkcgw,_GBA,True,7.0,False,,False,12,1762488861,0,779.2,344.0,1723.0,True
IndianGaming,1oq704k,2025-11,nnk4qr0,Moist-Explorer8934,True,8.0,False,,False,12,1762499170,0,1324.1,9.0,452.0,True
IndianGaming,1oq704k,2025-11,nngvr9v,RustyJourneyman79,True,9.0,False,,False,5,1762456523,0,2507.2,1.0,3729.0,True
IndianGaming,1oq704k,2025-11,nniu3iz,freestyle_gunner,True,10.0,False,,False,5,1762479028,0,739.9,112.0,6907.0,True
IndianGaming,1oq704k,2025-11,nngt9s4,Raygaar,False,,True,5.0,False,2,1762455794,0,,,,
IndianGaming,1p2vmi4,2025-11,nq0imp0,AutisticGuitar7528,True,1.0,False,,False,27,1763729732,0,563.0,195.0,1291.0,True
IndianGaming,1p2vmi4,2025-11,nq0inpn,SkTheAdvanceGamer,True,2.0,False,,False,25,1763729743,0,1808.4,22.0,31.0,True
IndianGaming,1p2vmi4,2025-11,nq0hy5g,Dead_Soul_11,True,3.0,True,2.0,False,17,1763729466,0,876.7,364.0,2390.0,True
IndianGaming,1p2vmi4,2025-11,nq0ivwi,cheques_,True,4.0,False,,False,11,1763729830,0,1022.1,1047.0,662.0,True
IndianGaming,1p2vmi4,2025-11,nq0iliv,JustinTFreak,True,5.0,False,,False,8,1763729720,0,2494.6,2.0,20.0,True
IndianGaming,1p2vmi4,2025-11,nq0jsji,__Asparagus__,True,6.0,False,,False,7,1763730177,0,1784.7,282.0,110.0,True
IndianGaming,1p2vmi4,2025-11,nq0in5y,Demon_Kracker,True,7.0,False,,False,6,1763729737,0,1728.3,46.0,1801.0,True
IndianGaming,1p2vmi4,2025-11,nq0hy3g,Reasonable_Royal2799,True,8.0,True,1.0,False,5,1763729465,0,1367.5,364.0,480.0,True
IndianGaming,1p2vmi4,2025-11,nq0iwxv,DepartmentMuch5660,True,9.0,False,,False,3,1763729840,0,1731.0,1.0,1.0,True
IndianGaming,1p2vmi4,2025-11,nq0idwb,Consistent_Break_931,True,10.0,True,3.0,False,2,1763729638,0,1378.1,1.0,44.0,True
IndianGaming,1p2vmi4,2025-11,nq0ig0a,criticalthinker989,False,,True,4.0,False,2,1763729660,0,343.2,1.0,1102.0,True
IndianGaming,1p2vmi4,2025-11,nq0ik7c,GladBarracuda371,False,,True,5.0,False,2,1763729706,0,796.4,59.0,281.0,True
RelationshipIndia,1p3mspw,2025-11,nq5r4li,Rizweilerr,True,1.0,False,,False,162,1763797261,0,,,,
RelationshipIndia,1p3mspw,2025-11,nq5nmy0,Wae_1,True,2.0,True,1.0,False,41,1763795174,0,1165.3,289.0,527.0,False
RelationshipIndia,1p3mspw,2025-11,nq5nsoq,InfiniteOrdinary7128,True,3.0,True,3.0,False,26,1763795267,0,752.1,34.0,233.0,True
RelationshipIndia,1p3mspw,2025-11,nq5o7ed,Super-Capable-Mind,True,4.0,True,4.0,False,10,1763795509,0,573.7,1.0,140.0,True
RelationshipIndia,1p3mspw,2025-11,nq5npdq,ObviousBike2234,True,5.0,True,2.0,False,10,1763795213,0,595.1,1.0,350.0,True
RelationshipIndia,1p3mspw,2025-11,nq5pr81,DeliciousCookie5692,True,6.0,True,5.0,False,4,1763796439,0,758.3,201.0,4556.0,True
RelationshipIndia,1p3mspw,2025-11,nq623hd,Anshh125,True,7.0,False,,False,4,1763803868,0,418.9,1.0,374.0,True
RelationshipIndia,1p3mspw,2025-11,nq5rk3d,VipulBM,True,8.0,False,,False,3,1763797519,0,2781.3,6.0,1404.0,True
RelationshipIndia,1p3mspw,2025-11,nq5qafc,doormat_treatment,True,9.0,False,,False,2,1763796758,0,515.8,1597.0,-19.0,True
RelationshipIndia,1p3mspw,2025-11,nq65bul,Rare_Reception_3413,True,10.0,False,,False,2,1763805836,0,1186.0,1842.0,3791.0,True
RelationshipIndia,1osi5vn,2025-11,nnx8gsy,Fine_Competition5526,True,1.0,True,3.0,False,69,1762692628,0,581.0,1588.0,543.0,True
RelationshipIndia,1osi5vn,2025-11,nnx8g1m,yoursasalways001,True,2.0,True,2.0,False,58,1762692619,0,830.0,411.0,3632.0,True
RelationshipIndia,1osi5vn,2025-11,nnxajrj,SilkyReshma,True,3.0,True,5.0,False,32,1762693544,0,838.1,1.0,1391.0,True
RelationshipIndia,1osi5vn,2025-11,nnxu1kh,sookhibread,True,4.0,False,,True,30,1762700752,0,752.5,341.0,396.0,True
RelationshipIndia,1osi5vn,2025-11,nnxgt3b,Jolly-Analyst-2147,True,5.0,False,,False,24,1762696030,0,885.1,337.0,4895.0,True
RelationshipIndia,1osi5vn,2025-11,nnxbfle,BackgroundTight3866,True,6.0,False,,False,18,1762693920,0,1169.7,151.0,4884.0,True
RelationshipIndia,1osi5vn,2025-11,nnxc9wz,Professor_Moraiarkar,True,7.0,False,,False,12,1762694267,0,741.2,50111.0,58333.0,True
RelationshipIndia,1osi5vn,2025-11,nnx9eu5,The-Count-1998,True,8.0,True,4.0,False,9,1762693050,0,610.1,47.0,6517.0,True
RelationshipIndia,1osi5vn,2025-11,nnxatdq,James-cruzD,True,10.0,False,,False,5,1762693658,0,2540.4,77.0,366.0,True
RelationshipIndia,1osi5vn,2025-11,nnxpkw9,uvblast,True,9.0,False,,False,6,1762699238,0,1514.0,1690.0,3136.0,True
RelationshipIndia,1osi5vn,2025-11,nnx7wvi,Capital_Salamander56,False,,True,1.0,False,4,1762692376,0,873.2,2.0,129.0,True
RelationshipIndia,1ow3mre,2025-11,non6zfh,Antique_Comedian_907,True,1.0,True,1.0,False,262,1763047167,0,296.2,907.0,10688.0,True
RelationshipIndia,1ow3mre,2025-11,nonc41p,some-another-human,True,2.0,True,4.0,False,135,1763048698,0,995.0,260.0,3070.0,True
RelationshipIndia,1ow3mre,2025-11,non7rqm,Justateahorse,True,3.0,True,2.0,False,46,1763047405,0,1876.0,12655.0,14145.0,True
RelationshipIndia,1ow3mre,2025-11,nonh2p6,vaibhavwth22,True,4.0,True,5.0,False,42,1763050140,0,926.0,4799.0,59342.0,True
RelationshipIndia,1ow3mre,2025-11,nonsoq9,millburnpennybags,True,5.0,False,,False,24,1763053554,0,504.7,22138.0,8095.0,True
RelationshipIndia,1ow3mre,2025-11,nonxogh,Altruistic_Map_7262,True,6.0,False,,False,12,1763055030,0,514.0,1.0,224.0,True
RelationshipIndia,1ow3mre,2025-11,noo104o,Prior_Policy,True,7.0,False,,False,8,1763056010,0,2084.9,24.0,1208.0,True
RelationshipIndia,1ow3mre,2025-11,nonb3gr,RichWild2145,True,8.0,True,3.0,False,6,1763048402,0,1707.5,15.0,157.0,True
RelationshipIndia,1ow3mre,2025-11,nonmp0m,HuntLust4525,True,9.0,False,,False,5,1763051794,0,1010.5,257.0,361.0,True
RelationshipIndia,1ow3mre,2025-11,norp0gj,Chemical-Quail1371,True,10.0,False,,False,5,1763102056,0,633.1,45.0,497.0,True
RelationshipIndia,1p7a41v,2025-11,nqw3u90,tarunw07,True,1.0,True,2.0,False,181,1764170188,0,3074.1,18.0,150.0,True
RelationshipIndia,1p7a41v,2025-11,nqw35c8,No-Relationship-7191,True,2.0,True,1.0,False,73,1764169972,0,1822.9,23.0,487.0,True
RelationshipIndia,1p7a41v,2025-11,nqw9yl2,TurboChrono,True,3.0,False,,False,53,1764172031,0,809.3,901.0,2275.0,False
RelationshipIndia,1p7a41v,2025-11,nqw5vqp,WestCrafty4823,True,4.0,False,,False,42,1764170806,0,1945.2,3344.0,3896.0,True
RelationshipIndia,1p7a41v,2025-11,nqw4fz7,TemporaryClue829,True,6.0,True,3.0,False,28,1764170374,0,1458.2,4.0,624.0,True
RelationshipIndia,1p7a41v,2025-11,nqw5ayw,Best_Cartographer_60,True,5.0,True,5.0,False,29,1764170634,0,2063.7,16.0,1416.0,True
RelationshipIndia,1p7a41v,2025-11,nqwakye,prakkkash,True,7.0,False,,False,28,1764172216,0,1197.1,18.0,148.0,True
RelationshipIndia,1p7a41v,2025-11,nqw4jlb,Ill_Shock1031,True,8.0,True,4.0,False,21,1764170405,0,,,,
RelationshipIndia,1p7a41v,2025-11,nqw68d3,savyasachinarjun,True,9.0,False,,False,20,1764170913,0,958.9,186.0,139.0,True
RelationshipIndia,1p7a41v,2025-11,nqw5wox,Shower_enjoyer_ha,True,10.0,False,,False,16,1764170815,0,279.9,371.0,7808.0,True
RelationshipIndia,1p6975l,2025-11,nqon0a1,iInfiniteLoop42,True,1.0,True,5.0,False,418,1764067283,0,243.3,151.0,1898.0,True
RelationshipIndia,1p6975l,2025-11,nqomt12,akshatk21,True,2.0,True,2.0,False,182,1764067167,0,2579.9,661.0,515.0,True
RelationshipIndia,1p6975l,2025-11,nqoms8n,SeparateDouble1466,True,3.0,True,1.0,False,86,1764067154,0,2118.9,288.0,276.0,True
RelationshipIndia,1p6975l,2025-11,nqomzhv,ApartmentSingle4058_,True,4.0,True,4.0,False,53,1764067271,0,203.2,27.0,4928.0,True
RelationshipIndia,1p6975l,2025-11,nqorfjj,adikashyup,True,5.0,False,,False,31,1764069738,0,1751.8,4065.0,857.0,True
RelationshipIndia,1p6975l,2025-11,nqorpzl,Then_Rush_3384,True,6.0,False,,False,17,1764069893,0,291.0,1.0,216.0,True
RelationshipIndia,1p6975l,2025-11,nqopvi1,mango_boii,True,7.0,False,,False,7,1764068894,0,1316.0,1133.0,63713.0,True
RelationshipIndia,1p6975l,2025-11,nqonogf,tonyrocks_13,True,8.0,False,,False,4,1764067666,0,2658.5,2919.0,1850.0,True
RelationshipIndia,1p6975l,2025-11,nqopde8,ApartAd1143,True,9.0,False,,False,4,1764068615,0,1473.9,4126.0,3380.0,True
RelationshipIndia,1p6975l,2025-11,nqox8pg,IDoButtStuffs,True,10.0,False,,False,4,1764072629,0,2412.0,799.0,7149.0,True
RelationshipIndia,1p6975l,2025-11,nqomucu,rishi02-,False,,True,3.0,False,1,1764067189,0,1186.8,213.0,778.0,True
RelationshipIndia,1p4sirz,2025-11,nqdzo5e,Internal_Dance,True,1.0,True,1.0,False,99,1763919334,0,2138.8,422.0,1631.0,True
RelationshipIndia,1p4sirz,2025-11,nqe108a,_freeWind,True,2.0,True,4.0,False,65,1763919746,0,597.3,153.0,1378.0,True
RelationshipIndia,1p4sirz,2025-11,nqe1bxv,Per-nicious,True,3.0,True,5.0,False,15,1763919847,0,1754.2,274.0,4005.0,True
RelationshipIndia,1p4sirz,2025-11,nqe0d07,pazzytheUQ,True,4.0,True,3.0,False,4,1763919545,0,1888.7,2.0,321.0,True
RelationshipIndia,1p4sirz,2025-11,nqe01t1,baby_bellaaa,True,5.0,True,2.0,False,4,1763919448,0,713.9,20.0,152.0,True
RelationshipIndia,1p4sirz,2025-11,nqe307w,BinaryBass,True,6.0,False,,False,3,1763920356,0,828.2,8053.0,3679.0,True
RelationshipIndia,1p4sirz,2025-11,nqe1uh1,Lycaon_Fenrir,True,7.0,False,,False,2,1763920000,0,965.3,5.0,80.0,True
RelationshipIndia,1p4sirz,2025-11,nqe38ib,MrDv09,True,8.0,False,,False,2,1763920426,0,2350.3,337.0,8433.0,True
RelationshipIndia,1p4sirz,2025-11,nqe5cbc,Valuable_Cause_6175,True,9.0,False,,False,2,1763921057,0,1583.1,840.0,25410.0,True
RelationshipIndia,1p4sirz,2025-11,nqe7rf9,Adventurous-Sea9301,True,10.0,False,,False,2,1763921748,0,851.7,490.0,421.0,True
RelationshipIndia,1ov2zhj,2025-11,nofx3uf,Severe-Complex1305,True,1.0,True,1.0,False,53,1762948491,0,825.8,47.0,116.0,True
RelationshipIndia,1ov2zhj,2025-11,nog60t0,RomanfanSabya28560,True,2.0,True,5.0,False,30,1762952395,0,1792.4,5.0,389.0,True
RelationshipIndia,1ov2zhj,2025-11,nog4v07,cosmicCoder69,True,3.0,True,4.0,False,27,1762951926,0,802.3,1284.0,2489.0,True
RelationshipIndia,1ov2zhj,2025-11,noh64b7,wannabe_chatur,True,4.0,False,,False,11,1762964189,0,1307.7,6926.0,23535.0,True
RelationshipIndia,1ov2zhj,2025-11,nogehtb,adrenxline00,True,5.0,False,,False,8,1762955495,0,227.4,25.0,257.0,True
RelationshipIndia,1ov2zhj,2025-11,nog6rhi,Available-View-2252,True,6.0,False,,False,5,1762952684,0,942.8,209.0,242.0,True
RelationshipIndia,1ov2zhj,2025-11,nohdwvz,HugeInvestigator6131,True,7.0,False,,False,4,1762966463,0,,,,
RelationshipIndia,1ov2zhj,2025-11,nofz651,Welder-Radiant,True,8.0,True,3.0,False,3,1762949457,0,2071.2,2663.0,18961.0,True
RelationshipIndia,1ov2zhj,2025-11,noifm9i,alpha-jr-24,True,9.0,False,,False,3,1762977450,0,898.8,176.0,82.0,True
RelationshipIndia,1ov2zhj,2025-11,noj3zwg,DowntownSinger_,True,10.0,False,,False,3,1762984832,0,2196.8,1119.0,6666.0,True
RelationshipIndia,1ov2zhj,2025-11,nofys7g,BackgroundTight3866,False,,True,2.0,False,2,1762949277,0,1169.7,151.0,4884.0,True
RelationshipIndia,1p199j7,2025-11,npoal6z,Stallrim,True,1.0,True,1.0,False,295,1763563058,0,3139.9,2299.0,16053.0,True
RelationshipIndia,1p199j7,2025-11,npohp5t,khaman_dhoklaa,True,2.0,False,,False,172,1763565364,0,524.1,790.0,233.0,True
RelationshipIndia,1p199j7,2025-11,npoapov,sk2536,True,3.0,True,2.0,False,116,1763563100,0,2458.2,359.0,7658.0,True
RelationshipIndia,1p199j7,2025-11,npoazny,Used-Memory-1125,True,4.0,True,3.0,False,55,1763563194,0,1846.0,1037.0,5192.0,True
RelationshipIndia,1p199j7,2025-11,npob2mh,ONMWTFSUMBITCH,True,5.0,True,4.0,False,28,1763563222,0,413.1,24.0,1882.0,False
RelationshipIndia,1p199j7,2025-11,nppghdo,Shi-Bearr,True,6.0,False,,False,19,1763575768,0,1609.1,198.0,412.0,True
RelationshipIndia,1p199j7,2025-11,npodm1h,pretty8977,True,7.0,False,,False,9,1763564060,0,,,,
RelationshipIndia,1p199j7,2025-11,npohzce,Think-Reading-320,True,8.0,False,,False,5,1763565453,0,1754.8,5093.0,257.0,True
RelationshipIndia,1p199j7,2025-11,npodym4,Infinite-Fix4715,True,9.0,False,,False,5,1763564173,0,541.0,1237.0,1259.0,True
RelationshipIndia,1p199j7,2025-11,npodhwd,greedy_inflation,True,10.0,True,5.0,False,3,1763564022,0,2543.2,11.0,970.0,True
RelationshipIndia,1oyb4u7,2025-11,np3bmbh,Here_for_cats2023,True,1.0,True,1.0,False,42,1763265300,0,1204.4,50.0,1036.0,True
RelationshipIndia,1oyb4u7,2025-11,np3ds9u,CancelOld8,True,2.0,True,2.0,False,30,1763266201,0,468.7,1824.0,1572.0,True
RelationshipIndia,1oyb4u7,2025-11,np3e73m,soul_stone98,True,3.0,True,3.0,False,17,1763266373,0,1467.9,340.0,3538.0,True
RelationshipIndia,1oyb4u7,2025-11,np4k1xw,mrs_madvi11ain27,True,4.0,False,,False,8,1763289227,0,,,,
RelationshipIndia,1oyb4u7,2025-11,np428qy,intothewild-23,True,6.0,False,,False,4,1763278420,0,892.8,607.0,839.0,True
RelationshipIndia,1oyb4u7,2025-11,np3gm02,Hour-Living-4431,True,7.0,True,4.0,False,3,1763267424,0,1587.4,272.0,1231.0,True
RelationshipIndia,1oyb4u7,2025-11,np9xcp4,Soft_Construction_60,True,5.0,False,,False,5,1763359283,0,1591.1,787.0,2799.0,True
RelationshipIndia,1oyb4u7,2025-11,np4dtws,anshhere9,True,8.0,False,,False,3,1763285401,0,,,,
RelationshipIndia,1oyb4u7,2025-11,np4id3h,adrenxline00,True,9.0,False,,False,3,1763288181,0,227.4,25.0,257.0,True
RelationshipIndia,1oyb4u7,2025-11,np3o7kg,ApartmentSingle4058_,True,10.0,True,5.0,False,2,1763270920,0,203.2,27.0,4928.0,True
RelationshipIndia,1opbjt7,2025-11,nnabwhu,Strong-Woodpecker-83,True,1.0,True,3.0,False,213,1762369270,0,2065.9,219.0,5180.0,True
RelationshipIndia,1opbjt7,2025-11,nnaamzg,nightwingneversleeps,True,2.0,True,1.0,False,118,1762368922,0,241.8,1511.0,16939.0,True
RelationshipIndia,1opbjt7,2025-11,nnab1d3,Defiant_Sir_2577,True,3.0,True,2.0,False,58,1762369031,0,1771.2,199.0,838.0,True
RelationshipIndia,1opbjt7,2025-11,nnasaz6,MaesterCrow,True,4.0,False,,False,29,1762373988,0,2650.4,28457.0,44332.0,True
RelationshipIndia,1opbjt7,2025-11,nnazlnb,sookhibread,True,5.0,False,,False,27,1762376121,0,752.5,341.0,396.0,True
RelationshipIndia,1opbjt7,2025-11,nnb1cyf,EngineeringApart8239,True,7.0,False,,False,20,1762376623,0,1632.2,49009.0,12027.0,True
RelationshipIndia,1opbjt7,2025-11,nnaf1dl,PyschednDamned,True,6.0,True,4.0,False,23,1762370170,0,499.5,1.0,1527.0,True
RelationshipIndia,1opbjt7,2025-11,nnbcrax,ghacharghochar1,True,8.0,False,,False,14,1762379849,0,1603.5,3338.0,17529.0,True
RelationshipIndia,1opbjt7,2025-11,nnajy16,mogambo46,True,9.0,False,,False,13,1762371577,0,621.6,1292.0,887.0,True
RelationshipIndia,1opbjt7,2025-11,nndbjz1,EnergyInner9535,True,10.0,False,,False,9,1762405467,0,1289.8,364.0,1591.0,True
RelationshipIndia,1opbjt7,2025-11,nnaj8xu,Subjectlesssubject,False,,True,5.0,False,7,1762371376,0,,,,
personalfinanceindia,1p1044g,2025-11,npmp76q,yeh_tejateja_kya_hai,True,1.0,True,4.0,False,426,1763534362,0,2254.8,2151.0,25067.0,True
personalfinanceindia,1p1044g,2025-11,npmnx64,rickysanchez_,True,2.0,True,1.0,False,186,1763533653,0,1952.2,1632.0,15404.0,True
personalfinanceindia,1p1044g,2025-11,npmp0jt,Spartalust,True,3.0,True,3.0,False,83,1763534258,0,949.8,365459.0,424726.0,True
personalfinanceindia,1p1044g,2025-11,npmu3bs,alpha-prime22,True,4.0,False,,False,45,1763537161,0,3054.9,1027.0,684.0,True
personalfinanceindia,1p1044g,2025-11,npmtaki,thatgirlfrombandra,True,6.0,False,,False,23,1763536685,0,1138.0,124.0,13579.0,True
personalfinanceindia,1p1044g,2025-11,npmopom,FoxCalm8865,True,5.0,True,2.0,False,24,1763534089,0,291.1,1.0,346.0,True
personalfinanceindia,1p1044g,2025-11,npmqzc7,DrSurgical_Strike,True,7.0,False,,False,22,1763535354,0,2654.2,5783.0,8528.0,True
personalfinanceindia,1p1044g,2025-11,npmtvp2,Vegetable-Mall-4213,True,8.0,False,,False,20,1763537034,0,2011.9,3.0,2383.0,True
personalfinanceindia,1p1044g,2025-11,npmxqno,UwU-Sugoi-Desu-ne,True,9.0,False,,False,17,1763539346,0,1752.5,2164.0,5779.0,True
personalfinanceindia,1p1044g,2025-11,npmpnbz,Ok_Simple_459,False,,True,5.0,False,15,1763534609,0,486.4,6.0,22047.0,True
personalfinanceindia,1p1044g,2025-11,npmwopx,diamond_head_01,True,10.0,False,,False,17,1763538723,0,2436.0,28186.0,16020.0,True
personalfinanceindia,1oqoh5v,2025-11,nnkafve,beep-beep-boop-boop,True,1.0,True,1.0,False,198,1762502532,0,2139.9,776.0,5513.0,True
personalfinanceindia,1oqoh5v,2025-11,nnkd7jh,Kragster77,True,2.0,True,3.0,False,133,1762504226,0,1236.3,481.0,3652.0,True
personalfinanceindia,1oqoh5v,2025-11,nnkezdv,Low-Ad6633,True,3.0,False,,False,40,1762505347,0,2104.8,2747.0,4796.0,True
personalfinanceindia,1oqoh5v,2025-11,nnkcpza,Brokephilosopher_OG,True,4.0,True,2.0,False,39,1762503920,0,217.7,2679.0,6763.0,True
personalfinanceindia,1oqoh5v,2025-11,nnkdc7s,Hungry_Ninja2760,True,6.0,True,4.0,False,16,1762504308,0,859.8,295.0,1401.0,True
personalfinanceindia,1oqoh5v,2025-11,nnkek30,teknoob,True,5.0,True,5.0,False,21,1762505081,0,4504.0,197.0,4678.0,True
personalfinanceindia,1oqoh5v,2025-11,nnkj38e,Vegetable-Mall-4213,True,7.0,False,,False,12,1762507936,0,2011.9,3.0,2383.0,True
personalfinanceindia,1oqoh5v,2025-11,nnl1zvp,rockandroll01,True,8.0,False,,False,12,1762518102,0,2443.8,1009.0,6161.0,True
personalfinanceindia,1oqoh5v,2025-11,nnkmhyj,Ok-Boss5074,True,9.0,False,,False,11,1762510039,0,,,,
personalfinanceindia,1oqoh5v,2025-11,nnkli0s,gr8nitesh,True,10.0,False,,False,6,1762509435,0,837.2,14.0,227.0,True
personalfinanceindia,1oz9xkb,2025-11,npa5vdq,More_Recipe3869,True,1.0,True,1.0,False,562,1763364091,0,871.1,532.0,16648.0,True
personalfinanceindia,1oz9xkb,2025-11,npa6ipz,Beneficial-Paint-365,True,2.0,True,3.0,False,299,1763364482,0,1413.0,41.0,3013.0,True
personalfinanceindia,1oz9xkb,2025-11,npa669t,More_Soft_6801,True,3.0,True,2.0,False,90,1763364274,0,1675.1,388.0,256.0,True
personalfinanceindia,1oz9xkb,2025-11,npa70a3,Appropriate_Page_824,True,4.0,False,,False,61,1763364781,0,615.4,42.0,64725.0,True
personalfinanceindia,1oz9xkb,2025-11,npa6qjm,madcapx6,True,5.0,True,4.0,False,34,1763364615,0,,,,
personalfinanceindia,1oz9xkb,2025-11,npa6vug,lazarlaz07,True,6.0,True,5.0,False,24,1763364706,0,2192.8,1.0,103.0,True
personalfinanceindia,1oz9xkb,2025-11,npa7134,Ok-Variation-5550,True,7.0,False,,False,11,1763364794,0,539.9,49.0,522.0,True
personalfinanceindia,1oz9xkb,2025-11,npa85k5,nota_is_useless,True,8.0,False,,False,10,1763365467,0,2770.3,1803.0,31907.0,False
personalfinanceindia,1oz9xkb,2025-11,npab1b6,DataScience123888,True,9.0,False,,False,9,1763367216,0,,,,
personalfinanceindia,1oz9xkb,2025-11,npadith,gr8nitesh,True,10.0,False,,False,8,1763368806,0,837.2,14.0,227.0,True
personalfinanceindia,1p912im,2025-11,nr8zqz8,Brilliant_Respond196,True,1.0,True,4.0,False,181,1764352313,0,376.8,1.0,4075.0,True
personalfinanceindia,1p912im,2025-11,nr95m77,hotcoolhot,True,2.0,False,,False,162,1764354161,0,5258.5,5029.0,98636.0,True
personalfinanceindia,1p912im,2025-11,nr98joh,Ithinkifuckedupp,True,3.0,False,,False,79,1764355085,0,3632.8,265.0,12724.0,False
personalfinanceindia,1p912im,2025-11,nr93b9s,Impressive-Teacher10,True,4.0,False,,False,67,1764353435,0,1473.9,1554.0,21079.0,True
personalfinanceindia,1p912im,2025-11,nr97a17,bekaarhaibhaiya,True,5.0,False,,False,58,1764354685,0,568.9,2166.0,4246.0,True
personalfinanceindia,1p912im,2025-11,nr924ty,netter666,True,6.0,False,,False,21,1764353064,0,1476.2,4313.0,1035.0,True
personalfinanceindia,1p912im,2025-11,nr92atd,Nervous-Ingenuity509,True,7.0,False,,False,21,1764353115,0,1256.8,308.0,2067.0,True
personalfinanceindia,1p912im,2025-11,nrc8dmu,Fifisowner,True,8.0,False,,False,14,1764395727,0,509.1,752.0,727.0,True
personalfinanceindia,1p912im,2025-11,nr9i41v,deluludelila,True,9.0,False,,False,10,1764358213,0,946.3,1.0,26.0,True
personalfinanceindia,1p912im,2025-11,nr8yq9p,Ok_Name8439,True,10.0,True,1.0,False,9,1764351985,0,1383.5,1879.0,679.0,True
personalfinanceindia,1p912im,2025-11,nr8ysft,StrangerWilling2305,False,,True,2.0,False,7,1764352005,0,991.2,3726.0,962.0,False
personalfinanceindia,1p912im,2025-11,nr8yv4g,Good_Entrance_5582,False,,True,3.0,False,5,1764352029,0,658.2,25.0,4449.0,False
personalfinanceindia,1p912im,2025-11,nr8zxao,Charlie_Bhai,False,,True,5.0,False,5,1764352369,0,216.8,1.0,175.0,True
personalfinanceindia,1onysug,2025-11,nn0fu68,Legal-Two3423,True,1.0,True,1.0,False,179,1762233463,0,873.5,1431.0,2275.0,True
personalfinanceindia,1onysug,2025-11,nn0n8xz,jatayu_baaz,True,2.0,True,5.0,False,38,1762237268,0,1758.0,461.0,21248.0,True
personalfinanceindia,1onysug,2025-11,nn0ge2o,Significant_Show57,True,3.0,True,2.0,False,38,1762233728,0,523.9,1876.0,22534.0,True
personalfinanceindia,1onysug,2025-11,nn0ijgk,Mainak736,True,4.0,True,4.0,False,15,1762234786,0,1857.3,170.0,5628.0,True
personalfinanceindia,1onysug,2025-11,nn18g1k,neo-303,True,5.0,False,,False,14,1762249994,0,441.4,13.0,44.0,True
personalfinanceindia,1onysug,2025-11,nn12t3b,slaythatpony,True,6.0,False,,False,10,1762246458,0,2779.4,35498.0,5855.0,True
personalfinanceindia,1onysug,2025-11,nn0q6hl,Practical_Raise6481,True,7.0,False,,False,8,1762238898,0,606.9,71.0,1478.0,False
personalfinanceindia,1onysug,2025-11,nn0spti,Entire_Note_4997,True,8.0,False,,False,8,1762240346,0,1971.3,1064.0,793.0,True
personalfinanceindia,1onysug,2025-11,nn1ctuf,geekyneha,True,9.0,False,,False,7,1762252573,0,1289.8,1558.0,8099.0,True
personalfinanceindia,1onysug,2025-11,nn0hsy7,Mundane-Ad-8348,False,,True,3.0,False,6,1762234418,0,219.6,31.0,1451.0,True
personalfinanceindia,1onysug,2025-11,nn0w4dp,manki,True,10.0,False,,False,7,1762242368,0,7123.8,397.0,4379.0,True
personalfinanceindia,1orhcvq,2025-11,nnq49s1,Silodal,True,1.0,True,1.0,False,128,1762581395,0,2426.1,172.0,3216.0,True
personalfinanceindia,1orhcvq,2025-11,nnqeau4,nishanthappu,True,2.0,False,,False,29,1762587183,0,1771.9,210.0,956.0,True
personalfinanceindia,1orhcvq,2025-11,nnq78lm,piratedtjs,True,3.0,True,3.0,False,15,1762583043,0,1613.1,189.0,13399.0,True
personalfinanceindia,1orhcvq,2025-11,nnqo44z,Kind-Ad-4756,True,4.0,False,,False,11,1762593204,0,1954.9,233.0,7879.0,True
personalfinanceindia,1orhcvq,2025-11,nnqc74c,moriarty0987,True,5.0,False,,False,7,1762585908,0,,,,
personalfinanceindia,1orhcvq,2025-11,nnq5tpr,digitzerxp,True,7.0,True,2.0,False,5,1762582251,0,1971.2,114.0,1868.0,True
personalfinanceindia,1orhcvq,2025-11,nnqp80z,Top-Presentation1528,True,6.0,False,,False,6,1762593902,0,232.9,1.0,373.0,True
personalfinanceindia,1orhcvq,2025-11,nnqcj9j,driftdiffusion4,True,8.0,False,,False,4,1762586112,0,1417.9,15703.0,28638.0,True
personalfinanceindia,1orhcvq,2025-11,nnq88xs,Hot_Disk9993,True,9.0,True,4.0,False,3,1762583621,0,450.2,412.0,1201.0,True
personalfinanceindia,1orhcvq,2025-11,nnqc0jd,Justquorious,True,10.0,True,5.0,False,3,1762585800,0,1973.2,70.0,1047.0,True
personalfinanceindia,1owqodv,2025-11,nos254e,SleepInteresting2895,True,1.0,False,,False,182,1763109635,0,,,,
personalfinanceindia,1owqodv,2025-11,norz6u6,Pretty-Bar-9834,True,2.0,True,1.0,False,134,1763107839,0,471.9,25.0,477.0,True
personalfinanceindia,1owqodv,2025-11,norzr4b,Tris_Memba,True,3.0,True,4.0,False,93,1763108173,0,641.5,48815.0,19735.0,True
personalfinanceindia,1owqodv,2025-11,nos2qja,anikkket,True,4.0,False,,False,41,1763109997,0,2585.0,19543.0,13616.0,True
personalfinanceindia,1owqodv,2025-11,notmrfd,whatamidoinghere2023,True,5.0,False,,False,36,1763134300,0,1146.0,950.0,9164.0,True
personalfinanceindia,1owqodv,2025-11,nos1vbb,JamesDond007,True,6.0,False,,False,36,1763109467,0,2892.0,304.0,4469.0,True
personalfinanceindia,1owqodv,2025-11,norzmof,LifeIsHard2030,True,7.0,True,3.0,False,31,1763108100,0,1557.7,3558.0,102308.0,True
personalfinanceindia,1owqodv,2025-11,nos1aiu,Reasonable-Can-3746,True,8.0,True,5.0,False,21,1763109115,0,340.5,147.0,1305.0,True
personalfinanceindia,1owqodv,2025-11,notal7b,abhi8149,True,9.0,False,,False,20,1763130501,0,3051.0,257.0,2220.0,True
personalfinanceindia,1owqodv,2025-11,norzjm3,Striking_Ocelot_6421,True,10.0,True,2.0,False,20,1763108049,0,558.5,1090.0,2424.0,True
personalfinanceindia,1om82v7,2025-11,nmnivaa,AlbatrossOk2542,True,1.0,True,1.0,False,51,1762057376,0,1138.1,1.0,87.0,True
personalfinanceindia,1om82v7,2025-11,nmnk5vl,rp-dev,True,2.0,True,2.0,False,28,1762057881,0,412.2,798.0,1999.0,True
personalfinanceindia,1om82v7,2025-11,nmorv8n,yewlarson,True,3.0,False,,False,11,1762083184,0,1677.2,3.0,12985.0,True
personalfinanceindia,1om82v7,2025-11,nmnr31h,SubstantialAct4212,True,4.0,True,4.0,False,10,1762061103,0,804.3,960.0,100385.0,False
personalfinanceindia,1om82v7,2025-11,nmnt7oa,dagon1729,True,5.0,True,5.0,False,8,1762062256,0,2928.0,2146.0,7027.0,True
personalfinanceindia,1om82v7,2025-11,nmnwml3,sudoWasNotRecognized,True,6.0,False,,False,7,1762064223,0,227.1,172.0,1312.0,True
personalfinanceindia,1om82v7,2025-11,nmty74w,Active-Advisor-6928,True,7.0,False,,False,4,1762145915,0,259.7,6.0,1339.0,True
personalfinanceindia,1om82v7,2025-11,nmnnf6m,MammayKaiseHain,True,8.0,True,3.0,False,3,1762059301,0,645.6,142.0,6865.0,True
personalfinanceindia,1om82v7,2025-11,nmss5mh,Adventurous-Cycle363,True,9.0,False,,False,2,1762129538,0,1488.1,90.0,27198.0,True
personalfinanceindia,1oycvfp,2025-11,np3s8hj,Salty_Psychopath,True,1.0,True,3.0,False,135,1763272885,0,1542.2,177.0,619.0,True
personalfinanceindia,1oycvfp,2025-11,np3tci3,TheLastTargaryen3897,True,2.0,True,5.0,False,52,1763273442,0,,,,
personalfinanceindia,1oycvfp,2025-11,np4y4mu,ADamGoodReference,True,3.0,False,,False,37,1763297041,0,1979.9,1401.0,4443.0,True
personalfinanceindia,1oycvfp,2025-11,np3nnlm,theankitgaurav,True,4.0,True,1.0,False,27,1763270650,0,1901.2,11.0,173.0,True
personalfinanceindia,1oycvfp,2025-11,np3quih,RRvhit,True,5.0,True,2.0,False,25,1763272216,0,1452.3,88.0,57.0,True
personalfinanceindia,1oycvfp,2025-11,np3tcfq,lonedalek,True,6.0,True,4.0,False,19,1763273441,0,2183.9,18.0,116.0,True
personalfinanceindia,1oycvfp,2025-11,np4nfrn,-TheInvisibleGuy-,True,7.0,False,,False,12,1763291268,0,1784.6,1.0,1481.0,True
personalfinanceindia,1oycvfp,2025-11,np5ubxj,Ok-Home9841,True,8.0,False,,False,10,1763308958,0,1632.7,4829.0,4464.0,True
personalfinanceindia,1oycvfp,2025-11,np9dv7b,The-Cactus-Flower,True,9.0,False,,False,6,1763350529,0,1791.7,2497.0,1690.0,True
personalfinanceindia,1oycvfp,2025-11,np9dmy6,EnvironmentalEmu5723,True,10.0,False,,False,4,1763350443,0,,,,
personalfinanceindia,1p6dks0,2025-11,nqphme7,overallpersonality8,True,1.0,True,1.0,False,134,1764080526,0,898.4,2212.0,23851.0,True
personalfinanceindia,1p6dks0,2025-11,nqpzfj8,_BrownPanther,True,2.0,False,,False,123,1764086129,0,,,,
personalfinanceindia,1p6dks0,2025-11,nqplmga,FlamingoPractical625,True,3.0,True,4.0,False,107,1764081872,0,468.4,1210.0,1760.0,True
personalfinanceindia,1p6dks0,2025-11,nqpow8m,Initial-Prompt-2653,True,4.0,True,5.0,False,24,1764082916,0,389.1,191.0,2214.0,True
personalfinanceindia,1p6dks0,2025-11,nqqbbyz,rubick20,True,5.0,False,,False,23,1764089647,0,2315.5,126.0,454.0,True
personalfinanceindia,1p6dks0,2025-11,nqpugo4,dj184,True,6.0,False,,False,9,1764084638,0,3359.6,123.0,26721.0,True
personalfinanceindia,1p6dks0,2025-11,nqqlq3a,vinodmadhu6,True,7.0,False,,False,8,1764092752,0,3549.9,658.0,2758.0,True
personalfinanceindia,1p6dks0,2025-11,nqpkgut,Careful-Round-5560,True,8.0,True,3.0,False,6,1764081487,0,398.1,1.0,2687.0,True
personalfinanceindia,1p6dks0,2025-11,nqpj80v,flight_or_fight,True,9.0,True,2.0,False,5,1764081065,0,4243.3,596.0,65531.0,True
personalfinanceindia,1p6dks0,2025-11,nqq4x65,ThacholiOthenan,True,10.0,False,,False,5,1764087753,0,3310.1,21.0,15.0,True
unitedstatesofindia,1p5egpx,2025-11,nqiilty,IndPolCom,True,1.0,True,3.0,False,165,1763984164,0,,,,
unitedstatesofindia,1p5egpx,2025-11,nqihfzb,frizene26,True,2.0,True,1.0,False,156,1763983543,0,2370.0,139710.0,177058.0,True
unitedstatesofindia,1p5egpx,2025-11,nqitqox,Fluffy_Mycologist638,True,3.0,False,,False,126,1763989288,0,204.8,672.0,43784.0,True
unitedstatesofindia,1p5egpx,2025-11,nqijw0i,kholeChature,True,4.0,False,,False,119,1763984823,0,248.9,48118.0,72888.0,True
unitedstatesofindia,1p5egpx,2025-11,nqij80l,No-Reporter-7523,True,5.0,True,5.0,False,67,1763984485,0,1101.6,552.0,3541.0,True
unitedstatesofindia,1p5egpx,2025-11,nqitra8,I_am_Crab_,True,6.0,False,,False,65,1763989295,0,1095.8,11698.0,11409.0,True
unitedstatesofindia,1p5egpx,2025-11,nqiyy5y,noobmasterofthegrave,True,7.0,False,,False,55,1763991285,0,653.3,1594.0,7398.0,True
unitedstatesofindia,1p5egpx,2025-11,nqij2j5,ApocalypseYay,True,8.0,True,4.0,False,51,1763984407,0,2015.9,21180.0,374946.0,True
unitedstatesofindia,1p5egpx,2025-11,nqihkg0,1tonsoprano,True,9.0,True,2.0,False,46,1763983608,0,4315.0,3183.0,64181.0,True
unitedstatesofindia,1p5egpx,2025-11,nqj3sas,Dear_Mr_Bond,True,10.0,False,,False,41,1763993031,0,3971.0,13832.0,18676.0,True
unitedstatesofindia,1oowdx6,2025-11,nn7afz4,VegetableRutabaga746,True,1.0,True,3.0,False,531,1762328372,0,1440.3,4021.0,46482.0,True
unitedstatesofindia,1oowdx6,2025-11,nn78d2x,GuidanceFirst6359,True,2.0,True,1.0,False,365,1762327173,0,238.0,125.0,1349.0,False
unitedstatesofindia,1oowdx6,2025-11,nn7b39x,Lucky_Mycologist_865,True,3.0,False,,False,132,1762328750,0,1209.2,9282.0,30024.0,True
unitedstatesofindia,1oowdx6,2025-11,nn7aur1,Yaksha8,True,4.0,False,,False,114,1762328612,0,2749.2,1727.0,38244.0,True
unitedstatesofindia,1oowdx6,2025-11,nn7aovh,pranagrapher,True,5.0,True,5.0,True,111,1762328516,0,1165.0,91438.0,42205.0,True
unitedstatesofindia,1oowdx6,2025-11,nn7bpio,benjacob,True,6.0,False,,False,87,1762329102,0,5457.6,2672.0,17069.0,True
unitedstatesofindia,1oowdx6,2025-11,nn7dqxp,B7TMANN,True,7.0,False,,False,68,1762330296,0,755.4,17872.0,28873.0,True
unitedstatesofindia,1oowdx6,2025-11,nn7akv5,vick1e,True,8.0,True,4.0,False,46,1762328450,0,2683.8,1.0,1777.0,True
unitedstatesofindia,1oowdx6,2025-11,nn7blsd,As1Asim,True,9.0,False,,False,44,1762329043,0,2082.4,122.0,6577.0,True
unitedstatesofindia,1oowdx6,2025-11,nn7crnh,SuccessfulYam123,True,10.0,False,,False,44,1762329716,0,730.2,154.0,2008.0,True
unitedstatesofindia,1oowdx6,2025-11,nn79kyb,Practical-Ad-9289,False,,True,2.0,False,19,1762327874,0,1853.8,15851.0,28050.0,True
unitedstatesofindia,1otf9y3,2025-11,no48ab8,Mysterious-Catch-320,True,1.0,False,,False,550,1762787641,0,1805.5,2747.0,9300.0,True
unitedstatesofindia,1otf9y3,2025-11,no41o7o,BRiNk9,True,2.0,True,1.0,False,490,1762785532,0,3134.0,24115.0,97704.0,True
unitedstatesofindia,1otf9y3,2025-11,no440d2,Bleak_star_dust,True,3.0,True,5.0,False,278,1762786291,0,1202.0,1278.0,152190.0,True
unitedstatesofindia,1otf9y3,2025-11,no4ba3e,Impossible_Bidder,True,4.0,False,,False,246,1762788543,0,1166.4,172.0,2430.0,True
unitedstatesofindia,1otf9y3,2025-11,no43bfc,DesperateButterfly58,True,5.0,True,3.0,False,235,1762786068,0,1160.2,27.0,1600.0,True
unitedstatesofindia,1otf9y3,2025-11,no42wdm,TheReaderDude_97,True,6.0,True,2.0,False,177,1762785933,0,912.2,40806.0,96699.0,True
unitedstatesofindia,1otf9y3,2025-11,no43hj7,Federal_Leg5278,True,7.0,True,4.0,False,175,1762786123,0,1848.8,27652.0,17179.0,True
unitedstatesofindia,1otf9y3,2025-11,no44le9,god_is_a_pokemon,True,8.0,False,,False,88,1762786478,0,2185.3,1.0,13178.0,True
unitedstatesofindia,1otf9y3,2025-11,no463ej,AnshT18,True,9.0,False,,False,57,1762786955,0,2275.8,35429.0,3213.0,True
unitedstatesofindia,1otf9y3,2025-11,no4h79r,dapperman99,True,10.0,False,,False,46,1762790291,0,1966.7,1297.0,16791.0,True
unitedstatesofindia,1oorcx2,2025-11,nn6bddf,ArthurMorgon,True,1.0,True,4.0,False,768,1762312198,0,2193.7,3681.0,46731.0,True
unitedstatesofindia,1oorcx2,2025-11,nn6acyy,volatra,True,2.0,True,2.0,False,412,1762311834,0,2174.6,137.0,1353.0,True
unitedstatesofindia,1oorcx2,2025-11,nn6axk9,Last-Safe7072,True,3.0,True,3.0,False,287,1762312041,0,1767.7,19682.0,48101.0,True
unitedstatesofindia,1oorcx2,2025-11,nn6e044,sleepbot63,True,4.0,True,5.0,False,202,1762313161,0,2058.3,1233.0,23012.0,True
unitedstatesofindia,1oorcx2,2025-11,nn69t13,missrichandfamous,True,6.0,True,1.0,False,144,1762311638,0,1358.0,332.0,17894.0,True
unitedstatesofindia,1oorcx2,2025-11,nn6ewhs,rohithkumarsp,True,5.0,False,,False,147,1762313492,0,4687.2,164146.0,137366.0,True
unitedstatesofindia,1oorcx2,2025-11,nn6omm9,Sad-Engineer4826,True,7.0,False,,False,117,1762317386,0,,,,
unitedstatesofindia,1oorcx2,2025-11,nn6qt4e,Undefeated_dragonfly,True,8.0,False,,False,50,1762318322,0,771.2,19487.0,55450.0,True
unitedstatesofindia,1oorcx2,2025-11,nn6fwa7,Shadow_o7,True,9.0,False,,False,48,1762313868,0,1853.9,4407.0,5358.0,True
unitedstatesofindia,1oorcx2,2025-11,nn6qlas,Mammoth_Calendar_352,True,10.0,False,,False,39,1762318230,0,438.5,51590.0,19069.0,True
unitedstatesofindia,1padvgz,2025-11,nrik6rm,ApocalypseYay,True,1.0,True,3.0,False,461,1764494222,0,2015.9,21180.0,374946.0,True
unitedstatesofindia,1padvgz,2025-11,nrijvbb,yovarun,True,2.0,True,1.0,False,87,1764494020,0,2551.9,1.0,4846.0,True
unitedstatesofindia,1padvgz,2025-11,nrikwao,Embarrassed_Look9200,True,3.0,True,5.0,False,79,1764494669,0,425.0,19946.0,95234.0,True
unitedstatesofindia,1padvgz,2025-11,nrijxhu,THundercroSS120,True,4.0,True,2.0,False,56,1764494059,0,1616.9,1382.0,3966.0,True
unitedstatesofindia,1padvgz,2025-11,nrikst9,vas060985,True,5.0,True,4.0,False,20,1764494608,0,2007.4,167.0,9750.0,True
unitedstatesofindia,1padvgz,2025-11,nrim9uk,mylifeonearth_,True,6.0,False,,False,17,1764495543,0,1580.9,11578.0,25721.0,True
unitedstatesofindia,1padvgz,2025-11,nrinzvv,Confusionoverloaded1,True,7.0,False,,False,7,1764496621,0,2021.0,307.0,1957.0,True
unitedstatesofindia,1padvgz,2025-11,nripong,NoGodsNoMastersOOO,True,8.0,False,,False,7,1764497676,0,250.9,4051.0,55271.0,True
unitedstatesofindia,1padvgz,2025-11,nrimiaj,3310_sumit,True,9.0,False,,False,5,1764495688,0,2410.0,269.0,17546.0,True
unitedstatesofindia,1padvgz,2025-11,nrk6k2z,nitrek,True,10.0,False,,False,4,1764520794,0,4293.7,6296.0,16670.0,True
unitedstatesofindia,1p78onk,2025-11,nqvsccu,Perfectaani,True,1.0,True,1.0,False,955,1764166410,0,320.1,46825.0,5408.0,True
unitedstatesofindia,1p78onk,2025-11,nqvsfvd,shitty-philosophy,True,2.0,True,2.0,False,511,1764166443,0,874.2,82.0,11536.0,True
unitedstatesofindia,1p78onk,2025-11,nqvsh8o,raajsterr,True,3.0,True,3.0,False,278,1764166456,0,1251.0,465.0,36925.0,True
unitedstatesofindia,1p78onk,2025-11,nqvvigq,Ambitious-Upstairs90,True,4.0,False,,False,235,1764167483,0,888.2,5635.0,58761.0,True
unitedstatesofindia,1p78onk,2025-11,nqvsrsb,Dazzling_Phrase6160,True,5.0,True,4.0,False,154,1764166557,0,773.9,886.0,2348.0,True
unitedstatesofindia,1p78onk,2025-11,nqvtses,Zealousideal-Rope719,True,6.0,False,,False,90,1764166904,0,1051.3,44.0,2319.0,True
unitedstatesofindia,1p78onk,2025-11,nqvssp4,charavaka,True,7.0,True,5.0,False,82,1764166566,0,4757.7,21708.0,585358.0,True
unitedstatesofindia,1p78onk,2025-11,nqw1gwb,B7TMANN,True,8.0,False,,False,42,1764169441,0,755.4,17872.0,28873.0,True
unitedstatesofindia,1p78onk,2025-11,nqw82tt,aekey,True,9.0,False,,False,38,1764171473,0,1509.7,6381.0,6695.0,True
unitedstatesofindia,1p78onk,2025-11,nqw6vhs,ROC_K4LP,True,10.0,False,,False,31,1764171108,0,,,,
unitedstatesofindia,1ou8kx1,2025-11,no9x10z,sasti-chaddi,True,1.0,True,2.0,False,332,1762866511,0,1175.7,1011.0,15495.0,False
unitedstatesofindia,1ou8kx1,2025-11,no9w6s8,iceman___11,True,2.0,True,1.0,False,200,1762866180,0,316.7,831.0,24191.0,True
unitedstatesofindia,1ou8kx1,2025-11,noa992r,No-Assignment7129,True,3.0,False,,False,103,1762870945,0,2098.9,163676.0,72803.0,True
unitedstatesofindia,1ou8kx1,2025-11,noa1hbn,3310_sumit,True,4.0,True,3.0,False,88,1762868174,0,2410.0,269.0,17546.0,True
unitedstatesofindia,1ou8kx1,2025-11,noa23fm,deep7070,True,5.0,True,4.0,False,44,1762868397,0,2242.1,2.0,10391.0,True
unitedstatesofindia,1ou8kx1,2025-11,noadfd4,Mysterious_Cup_6024,True,6.0,False,,False,42,1762872357,0,349.2,109.0,11865.0,True
unitedstatesofindia,1ou8kx1,2025-11,noa774i,AdolfHitHer2times,True,7.0,True,5.0,False,28,1762870217,0,212.5,1586.0,1563.0,True
unitedstatesofindia,1ou8kx1,2025-11,noac6mf,Alarming-Word-7327,True,8.0,False,,False,10,1762871937,0,1125.8,68.0,2447.0,True
unitedstatesofindia,1ou8kx1,2025-11,noc16sj,FedStan,True,9.0,False,,False,5,1762890129,0,1687.7,159.0,6090.0,True
unitedstatesofindia,1ou8kx1,2025-11,noas637,Gumnamhaikoii,True,10.0,False,,False,5,1762876888,0,695.3,1.0,434.0,True
unitedstatesofindia,1om9c4x,2025-11,nmnsu64,Macguffawin,True,1.0,True,1.0,False,139,1762062050,0,2314.8,1011.0,28850.0,True
unitedstatesofindia,1om9c4x,2025-11,nmnswlr,stoikrus1,True,2.0,True,2.0,False,73,1762062088,0,4972.9,38006.0,33003.0,True
unitedstatesofindia,1om9c4x,2025-11,nmnwwob,ExaminationFail25,True,3.0,False,,False,59,1762064389,0,1486.0,53.0,190172.0,True
unitedstatesofindia,1om9c4x,2025-11,nmnv1po,Qetesh69,True,4.0,True,4.0,False,27,1762063297,0,1871.2,340.0,13949.0,True
unitedstatesofindia,1om9c4x,2025-11,nmnw1ve,BamBamVroomVroom,True,5.0,True,5.0,False,19,1762063884,0,,,,
unitedstatesofindia,1om9c4x,2025-11,nmnu3vz,Choice_Succotash_491,True,6.0,True,3.0,False,11,1762062756,0,1658.1,10.0,1518.0,True
unitedstatesofindia,1om9c4x,2025-11,nmnw44l,sszava,True,7.0,False,,False,9,1762063920,0,747.7,1.0,96.0,True
unitedstatesofindia,1om9c4x,2025-11,nmnxib5,VisRak,True,9.0,False,,False,6,1762064746,0,1874.1,66.0,13259.0,True
unitedstatesofindia,1om9c4x,2025-11,nmo4nqs,supernova_2110,True,8.0,False,,False,8,1762069208,0,1663.8,126.0,4810.0,True
unitedstatesofindia,1om9c4x,2025-11,nmnwixn,Character_Calendar47,True,10.0,False,,False,6,1762064163,0,1560.1,132865.0,13669.0,True
unitedstatesofindia,1p77dj5,2025-11,nqw074n,Glass_Salad_404,True,1.0,True,2.0,False,185,1764169026,0,1076.5,3675.0,29999.0,True
unitedstatesofindia,1p77dj5,2025-11,nqwlycq,NOT_deadsix,True,2.0,True,4.0,False,109,1764175541,0,928.9,315.0,32203.0,True
unitedstatesofindia,1p77dj5,2025-11,nqw70id,CroachKhan,True,3.0,True,3.0,False,78,1764171150,0,,,,
unitedstatesofindia,1p77dj5,2025-11,nqxn7mk,sugardaddy_viperr,True,4.0,False,,False,49,1764186494,0,1535.4,1011.0,748.0,True
unitedstatesofindia,1p77dj5,2025-11,nqwot8a,Available_Response34,True,5.0,True,5.0,False,27,1764176372,0,1539.8,1.0,642.0,True
unitedstatesofindia,1p77dj5,2025-11,nqxeqf7,FeistyWhereas2024,True,6.0,False,,False,27,1764183934,0,851.7,6925.0,1653.0,True
unitedstatesofindia,1p77dj5,2025-11,nqvi7dr,_Kingsguard,True,7.0,True,1.0,True,5,1764162763,0,208.4,58830.0,6440.0,True
unitedstatesofindia,1p77dj5,2025-11,nr0hc91,inotparanoid,True,8.0,False,,False,4,1764224323,0,4041.9,1368.0,112560.0,True
unitedstatesofindia,1p77dj5,2025-11,nr0x06a,Cool-Web-3495,True,9.0,False,,False,4,1764232883,0,720.4,365.0,2043.0,True
unitedstatesofindia,1p77dj5,2025-11,nqx7cix,sanemate,True,10.0,False,,False,3,1764181818,0,3239.2,1083.0,11467.0,True
unitedstatesofindia,1p8n2xz,2025-11,nr6bg1w,killuazoldyckx,True,1.0,True,3.0,False,212,1764309170,0,2201.7,347.0,10609.0,True
unitedstatesofindia,1p8n2xz,2025-11,nr6bese,killuazoldyckx,True,2.0,True,2.0,False,200,1764309152,0,2201.7,347.0,10609.0,True
unitedstatesofindia,1p8n2xz,2025-11,nr6cdmq,SKAr-FACE,True,3.0,True,5.0,False,70,1764309649,0,2646.8,26750.0,42142.0,True
unitedstatesofindia,1p8n2xz,2025-11,nr6vzko,ifilal,True,4.0,False,,False,48,1764320710,0,2443.7,3907.0,9648.0,True
unitedstatesofindia,1p8n2xz,2025-11,nr6dl4x,Embarrassed_Look9200,True,6.0,False,,False,36,1764310276,0,425.0,19946.0,95234.0,True
unitedstatesofindia,1p8n2xz,2025-11,nr6wqb5,drunkkaf,True,5.0,False,,False,37,1764321164,0,930.2,1192.0,8225.0,True
unitedstatesofindia,1p8n2xz,2025-11,nr6feir,azaadi101,True,7.0,False,,False,27,1764311239,0,2677.9,35192.0,48646.0,True
unitedstatesofindia,1p8n2xz,2025-11,nr6hf6h,Sabka_asli_baap,True,8.0,False,,False,26,1764312330,0,,,,
unitedstatesofindia,1p8n2xz,2025-11,nr6jug1,ADITYA_MAO,True,9.0,False,,False,19,1764313638,0,990.0,17548.0,1383.0,True
unitedstatesofindia,1p8n2xz,2025-11,nr6gmf1,sasti-chaddi,True,10.0,False,,False,11,1764311900,0,1175.7,1011.0,15495.0,False
unitedstatesofindia,1p8n2xz,2025-11,nr6bw3q,simplefreak88,False,,True,4.0,False,5,1764309399,0,812.1,13890.0,17624.0,True
unitedstatesofindia,1p8n2xz,2025-11,nr6ah5m,Shoot-on-sight,False,,True,1.0,True,4,1764308685,0,652.8,59780.0,8083.0,True
IndianStreetBets,1p2pyn4,2025-11,npz2m1w,Jiim-Moriarity,True,1.0,True,1.0,False,941,1763701929,0,562.1,4.0,2709.0,True
IndianStreetBets,1p2pyn4,2025-11,npz3fqn,1anand,True,2.0,True,3.0,False,518,1763702312,0,846.9,2700.0,6344.0,True
IndianStreetBets,1p2pyn4,2025-11,npz2zdf,Only_bliss_,True,3.0,True,2.0,False,392,1763702098,0,511.0,184.0,7509.0,False
IndianStreetBets,1p2pyn4,2025-11,npz3udr,iStillWaters,True,4.0,True,5.0,False,183,1763702503,0,4889.7,618.0,2274.0,True
IndianStreetBets,1p2pyn4,2025-11,npz3oum,Born_Night_8797,True,5.0,True,4.0,False,133,1763702431,0,1997.0,55144.0,74222.0,True
IndianStreetBets,1p2pyn4,2025-11,npz58uz,Any-Consequence-8899,True,6.0,False,,False,67,1763703177,0,1239.9,677.0,2316.0,True
IndianStreetBets,1p2pyn4,2025-11,npz46yv,Strange_Maximum_2348,True,7.0,False,,False,41,1763702668,0,,,,
IndianStreetBets,1p2pyn4,2025-11,npz55hf,mikki_mouz,True,8.0,False,,False,26,1763703133,0,619.3,1.0,4935.0,False
IndianStreetBets,1p2pyn4,2025-11,npz4cju,Realistic_Power5452,True,9.0,False,,False,14,1763702742,0,201.0,22.0,681.0,True
IndianStreetBets,1p2pyn4,2025-11,npz799k,aloofmonkey2293,True,10.0,False,,False,12,1763704151,0,,,,
IndianStreetBets,1oogn5g,2025-11,nn41tsw,iwasagoatonce,True,1.0,True,2.0,False,345,1762286126,0,2310.1,1972.0,5410.0,True
IndianStreetBets,1oogn5g,2025-11,nn5jdc8,esteppan89,True,2.0,True,4.0,False,147,1762302501,0,1861.8,150.0,24083.0,True
IndianStreetBets,1oogn5g,2025-11,nn3zp9m,pragmatic_won,True,3.0,True,1.0,False,82,1762285525,0,511.6,1.0,1511.0,False
IndianStreetBets,1oogn5g,2025-11,nn5yz3g,lord_tigerrr,True,4.0,True,5.0,False,12,1762307867,0,242.2,1.0,60.0,True
IndianStreetBets,1oogn5g,2025-11,nn44kzk,stoned_experiences,True,5.0,True,3.0,False,11,1762286916,0,868.3,322.0,33322.0,False
IndianStreetBets,1oogn5g,2025-11,nn6vmz4,Black-Dot-0310,True,6.0,False,,False,10,1762320512,0,500.2,1.0,-5.0,False
IndianStreetBets,1oogn5g,2025-11,nn5z4xt,Intelligent_Bar_7303,True,7.0,False,,False,9,1762307923,0,1409.2,11.0,613.0,True
IndianStreetBets,1oogn5g,2025-11,nn6xpvc,Ambitious_Charity_24,True,8.0,False,,False,6,1762321518,0,1872.2,101.0,92.0,True
IndianStreetBets,1oogn5g,2025-11,nnk9k9j,StopAdventurous9560,True,9.0,False,,False,2,1762502021,0,545.2,4.0,66.0,True
IndianStreetBets,1oogn5g,2025-11,nn7pyt0,nam303,True,10.0,False,,False,1,1762337670,0,2452.8,14249.0,4458.0,True
IndianStreetBets,1ot4m9q,2025-11,no23esc,Benevolenz,True,1.0,True,3.0,False,263,1762750262,0,306.3,1.0,1850.0,True
IndianStreetBets,1ot4m9q,2025-11,no22bqv,Connect_Preference_9,True,2.0,True,2.0,False,121,1762749773,0,1706.1,279.0,8424.0,True
IndianStreetBets,1ot4m9q,2025-11,no21tq2,_justadude1,True,3.0,True,1.0,False,38,1762749548,0,1443.8,61.0,299.0,True
IndianStreetBets,1ot4m9q,2025-11,no24md8,incognitooo_mode,True,4.0,True,4.0,False,26,1762750819,0,525.9,52411.0,14489.0,True
IndianStreetBets,1ot4m9q,2025-11,no27l33,uttam_123,True,5.0,True,5.0,False,25,1762752241,0,591.8,22.0,49.0,True
IndianStreetBets,1ot4m9q,2025-11,no28ya9,MrBlack2709,True,6.0,False,,False,19,1762752928,0,,,,
IndianStreetBets,1ot4m9q,2025-11,no2edhy,pastewriter,True,7.0,False,,False,16,1762755786,0,318.2,6.0,19.0,True
IndianStreetBets,1ot4m9q,2025-11,no2fwtn,Longjumping-Love-466,True,8.0,False,,False,9,1762756644,0,2001.4,8.0,199.0,True
IndianStreetBets,1ot4m9q,2025-11,no2c2b0,Used-Freedom-7315,True,9.0,False,,False,5,1762754545,0,1317.6,3025.0,1671.0,True
IndianStreetBets,1ot4m9q,2025-11,no2ht3r,Straight_Drive_7882,True,10.0,False,,False,5,1762757708,0,1603.0,138.0,7304.0,True
IndianStreetBets,1olngml,2025-11,nmj1xw7,Frosty_Response_9369,True,1.0,True,1.0,False,847,1762003016,0,1270.8,1.0,2940.0,True
IndianStreetBets,1olngml,2025-11,nmj2fem,Civil_Finger_918,True,2.0,True,2.0,False,841,1762003205,0,,,,
IndianStreetBets,1olngml,2025-11,nmj2mfs,FreeBe3,True,3.0,True,3.0,False,165,1762003280,0,1496.4,12058.0,24123.0,True
IndianStreetBets,1olngml,2025-11,nmj3ei9,Infinite-Focus-4404,True,4.0,False,,False,48,1762003580,0,533.9,7112.0,877.0,True
IndianStreetBets,1olngml,2025-11,nmje76r,Dazzling-Cherry3157,True,5.0,False,,False,26,1762007472,0,1985.0,76.0,761.0,True
IndianStreetBets,1olngml,2025-11,nmk6a16,madhan-,True,6.0,False,,False,17,1762016384,0,,,,
IndianStreetBets,1olngml,2025-11,nmj2zuq,Rowdy_Rathod,True,7.0,True,4.0,False,15,1762003423,0,3306.1,2828.0,3461.0,False
IndianStreetBets,1olngml,2025-11,nmjgfbn,KyaTumheKabzHai,True,8.0,False,,False,14,1762008230,0,2174.7,3945.0,324.0,True
IndianStreetBets,1olngml,2025-11,nmjerh7,Bubbly-Fly-9867,True,9.0,False,,False,11,1762007665,0,1202.6,265.0,5369.0,True
IndianStreetBets,1olngml,2025-11,nmjpjgj,iamrealfuckboy,True,10.0,False,,False,8,1762011209,0,1434.7,3465.0,16059.0,True
IndianStreetBets,1olngml,2025-11,nmj389d,jadhavsaurabh,False,,True,5.0,False,3,1762003514,0,1218.4,1705.0,5669.0,False
IndianStreetBets,1opd6zr,2025-11,nnasx95,jyadatez,True,1.0,True,5.0,False,719,1762374168,0,1038.9,7559.0,22347.0,True
IndianStreetBets,1opd6zr,2025-11,nnaudw2,kvothe5688,True,2.0,False,,False,269,1762374589,0,4184.2,26087.0,131769.0,True
IndianStreetBets,1opd6zr,2025-11,nnaosdj,LastTimeFRnow,True,3.0,True,2.0,False,162,1762372960,0,1408.9,1038.0,10008.0,True
IndianStreetBets,1opd6zr,2025-11,nncjemo,Scared-Baseball-5221,True,4.0,False,,False,107,1762394311,0,1180.6,4497.0,9249.0,True
IndianStreetBets,1opd6zr,2025-11,nnan9cv,Bright-Rub4896,True,5.0,True,1.0,False,78,1762372516,0,227.2,1.0,83.0,False
IndianStreetBets,1opd6zr,2025-11,nnc893r,theindieboi,True,6.0,False,,False,60,1762390289,0,2386.1,62436.0,29245.0,True
IndianStreetBets,1opd6zr,2025-11,nnapr24,blasternaut007,True,7.0,True,3.0,False,47,1762373244,0,2257.7,2817.0,42502.0,True
IndianStreetBets,1opd6zr,2025-11,nnayt1p,Shivu_1,True,8.0,False,,False,17,1762375890,0,1471.2,155.0,1241.0,True
IndianStreetBets,1opd6zr,2025-11,nncob7f,Perfect_Degree2232,True,9.0,False,,False,17,1762396084,0,1113.6,1800.0,9171.0,True
IndianStreetBets,1opd6zr,2025-11,nnaswa6,Fin_Turtle,True,10.0,True,4.0,False,15,1762374160,0,510.9,558.0,31799.0,True
IndianStreetBets,1ou8er7,2025-11,no9to2s,hotcoolhot,True,1.0,True,1.0,False,299,1762865158,0,5258.5,5029.0,98636.0,True
IndianStreetBets,1ou8er7,2025-11,no9ui27,M-Facing-Loneliness,True,2.0,True,2.0,False,191,1762865501,0,,,,
IndianStreetBets,1ou8er7,2025-11,no9y4qh,todd-__-chavez,True,3.0,True,5.0,False,112,1762866931,0,2038.2,482.0,40008.0,True
IndianStreetBets,1ou8er7,2025-11,no9y45u,sansays,True,4.0,True,4.0,False,30,1762866925,0,3146.2,8658.0,33023.0,True
IndianStreetBets,1ou8er7,2025-11,no9vufc,Rider_Anna,True,5.0,True,3.0,False,26,1762866044,0,994.6,33.0,1905.0,True
IndianStreetBets,1ou8er7,2025-11,noa51r8,Powerful-Set-5754,True,6.0,False,,False,10,1762869446,0,712.2,541.0,16157.0,True
IndianStreetBets,1ou8er7,2025-11,noa297f,DeepanJain,True,7.0,False,,False,4,1762868455,0,2128.1,7261.0,28492.0,True
IndianStreetBets,1ou8er7,2025-11,nob9lyw,parthpalta,True,8.0,False,,False,3,1762882015,0,2787.0,6190.0,102944.0,True
IndianStreetBets,1ou8er7,2025-11,noa9gmb,Exciting_Strike5598,True,9.0,False,,False,2,1762871017,0,937.2,4224.0,63859.0,True
IndianStreetBets,1ov5rzi,2025-11,nognk02,Ad-2050,True,1.0,True,1.0,False,132,1762958587,0,,,,
IndianStreetBets,1ov5rzi,2025-11,noh0yhe,Open_Carob_3676,True,2.0,True,4.0,False,58,1762962684,0,2127.7,1295.0,78600.0,True
IndianStreetBets,1ov5rzi,2025-11,nohqg71,DeliciousAmphibious,True,3.0,False,,False,50,1762970129,0,267.1,19650.0,1912.0,True
IndianStreetBets,1ov5rzi,2025-11,nogttft,Beginning_Turnip8716,True,4.0,True,2.0,False,48,1762960561,0,1329.1,3456.0,28347.0,True
IndianStreetBets,1ov5rzi,2025-11,noha3cz,iam_raghvend,True,5.0,False,,False,13,1762965350,0,2125.1,60.0,2447.0,True
IndianStreetBets,1ov5rzi,2025-11,nohq31j,RegularSituation6011,True,6.0,False,,False,13,1762970026,0,510.3,18.0,7074.0,True
IndianStreetBets,1ov5rzi,2025-11,nohj7v7,TikkaTech,True,8.0,False,,False,7,1762968027,0,452.8,3.0,237.0,True
IndianStreetBets,1ov5rzi,2025-11,nohxapf,HridaySabz,True,7.0,False,,False,8,1762972093,0,3436.9,33959.0,3862.0,True
IndianStreetBets,1ov5rzi,2025-11,noit2fl,balamenon,True,9.0,False,,False,5,1762981546,0,2713.1,157.0,915.0,True
IndianStreetBets,1ov5rzi,2025-11,noh5j9e,adane1,True,10.0,True,5.0,False,4,1762964018,0,2748.4,1934.0,9289.0,True
IndianStreetBets,1ov5rzi,2025-11,nogz1sg,IntelligentHoney6929,False,,True,3.0,False,1,1762962130,0,1778.5,89487.0,93885.0,True
IndianStreetBets,1p64wrd,2025-11,nqnwsog,FloorAccomplished635,True,1.0,True,3.0,False,349,1764051798,0,2022.9,2553.0,9682.0,False
IndianStreetBets,1p64wrd,2025-11,nqny8mg,Ok-Bee2272,True,2.0,True,5.0,False,150,1764052582,0,373.4,177.0,51928.0,True
IndianStreetBets,1p64wrd,2025-11,nqnvy7d,StarkAndRobotic,True,3.0,True,1.0,False,127,1764051342,0,1056.2,881.0,40283.0,True
IndianStreetBets,1p64wrd,2025-11,nqnwrn6,_Floydimus,True,4.0,True,2.0,False,106,1764051782,0,1042.2,20343.0,18561.0,True
IndianStreetBets,1p64wrd,2025-11,nqnzjnq,Low_Couple_3621,True,5.0,False,,False,86,1764053301,0,1660.2,298.0,5059.0,True
IndianStreetBets,1p64wrd,2025-11,nqnzjk2,SofaAloo,True,6.0,False,,False,83,1764053299,0,2185.8,2747.0,21468.0,True
IndianStreetBets,1p64wrd,2025-11,nqo1mtv,Debunk2025,True,7.0,False,,False,38,1764054468,0,464.2,19648.0,8015.0,True
IndianStreetBets,1p64wrd,2025-11,nqnxpow,Think-Long-1144,True,8.0,True,4.0,False,25,1764052296,0,,,,
IndianStreetBets,1p64wrd,2025-11,nqnzkt2,Existing-Mulberry382,True,9.0,False,,False,20,1764053319,0,1042.1,69.0,402422.0,True
IndianStreetBets,1p64wrd,2025-11,nqo4mwm,Turbovolt,True,10.0,False,,False,10,1764056203,0,1053.6,29.0,3339.0,True
IndianStreetBets,1p567hj,2025-11,nqgzlxy,Square_Minute9068,True,1.0,True,3.0,False,320,1763954555,0,673.7,830.0,514.0,True
IndianStreetBets,1p567hj,2025-11,nqgz652,indianjedi,True,2.0,True,1.0,False,85,1763954380,0,4004.1,15522.0,28097.0,True
IndianStreetBets,1p567hj,2025-11,nqh075q,Cheems_study_burger,True,3.0,True,5.0,False,70,1763954792,0,198.9,27.0,13705.0,True
IndianStreetBets,1p567hj,2025-11,nqh7ic0,LiveSlay,True,4.0,False,,False,20,1763957841,0,639.3,519.0,12695.0,True
IndianStreetBets,1p567hj,2025-11,nqh1tc4,Hungry_for_wisdom,True,5.0,False,,False,15,1763955442,0,3004.9,860.0,3460.0,True
IndianStreetBets,1p567hj,2025-11,nqgzsin,silentintrovert95,True,6.0,True,4.0,False,13,1763954628,0,2625.8,542.0,13819.0,True
IndianStreetBets,1p567hj,2025-11,nqh1wez,MousseProud9172,True,7.0,False,,False,8,1763955477,0,1248.2,132.0,3799.0,True
IndianStreetBets,1p567hj,2025-11,nqh2yjj,Swagstar786,True,8.0,False,,False,6,1763955906,0,2175.1,67.0,756.0,True
IndianStreetBets,1p567hj,2025-11,nqh7fd4,Icy-Captain-2428,True,9.0,False,,False,6,1763957803,0,946.9,239.0,6313.0,True
IndianStreetBets,1p567hj,2025-11,nqhdz2m,pluviophile777,True,10.0,False,,False,4,1763960821,0,2132.2,119.0,15539.0,True
IndianStreetBets,1p567hj,2025-11,nqgzeph,dr00ne,False,,True,2.0,False,3,1763954475,0,1303.8,9848.0,4482.0,True
IndianStreetBets,1ongfii,2025-11,nmwko8x,ferrarifather7,True,1.0,True,3.0,False,1752,1762188056,0,1802.6,6576.0,7553.0,True
IndianStreetBets,1ongfii,2025-11,nmwjnog,the_money_prophet,True,2.0,True,1.0,False,743,1762187759,0,518.9,4.0,37629.0,False
IndianStreetBets,1ongfii,2025-11,nmwpr5f,Agitated_Field88,True,3.0,False,,False,130,1762189500,0,881.1,28.0,6037.0,True
IndianStreetBets,1ongfii,2025-11,nmwn7oz,CowboyKailash,True,4.0,True,5.0,False,120,1762188784,0,,,,
IndianStreetBets,1ongfii,2025-11,nmwqypi,yfgn,True,5.0,False,,False,90,1762189847,0,1172.5,86.0,6466.0,True
IndianStreetBets,1ongfii,2025-11,nmwl1o5,Immediate_Pomelo_496,True,6.0,True,4.0,False,47,1762188163,0,1209.9,107.0,8833.0,True
IndianStreetBets,1ongfii,2025-11,nmwtvdc,Previous-Ad4015,True,7.0,False,,False,22,1762190670,0,702.7,614.0,3033.0,True
IndianStreetBets,1ongfii,2025-11,nmwnry4,Middleclass_Operator,True,8.0,False,,False,20,1762188942,0,393.0,223.0,3888.0,True
IndianStreetBets,1ongfii,2025-11,nmwo06j,khonshusmoonKnight,True,10.0,False,,False,9,1762189006,0,1492.7,228.0,127.0,True
IndianStreetBets,1ongfii,2025-11,nmwtbna,Ok-Run7597,True,9.0,False,,False,10,1762190513,0,1890.0,287.0,581.0,True
IndianStreetBets,1ongfii,2025-11,nmwkict,ParkNo2048,False,,True,2.0,False,7,1762188008,0,1146.9,3443.0,29113.0,True
JEENEETards,1op7dzo,2025-11,nn9ha0n,barber_paradox_1,True,1.0,True,2.0,False,270,1762360753,0,,,,
JEENEETards,1op7dzo,2025-11,nn9fbh5,LexiousTangerine,True,2.0,True,1.0,False,211,1762360194,0,1424.2,15856.0,3301.0,True
JEENEETards,1op7dzo,2025-11,nn9myf7,Setto_Senpai,True,3.0,False,,False,25,1762362371,0,669.8,1543.0,10624.0,True
JEENEETards,1op7dzo,2025-11,nn9jjz1,Ok_Appeal7536,True,4.0,True,5.0,False,17,1762361398,0,544.9,188.0,2511.0,True
JEENEETards,1op7dzo,2025-11,nn9o5vm,genuinebhai,True,5.0,False,,False,5,1762362714,0,463.0,1384.0,1305.0,True
JEENEETards,1op7dzo,2025-11,nn9o3yi,Lawden-Bhojyam,True,6.0,False,,False,3,1762362699,0,299.8,75.0,1346.0,True
JEENEETards,1op7dzo,2025-11,nn9sj6h,NotYourNidheesh,True,7.0,False,,False,2,1762363957,0,858.6,6.0,390.0,True
JEENEETards,1op7dzo,2025-11,nnar99p,schrodingers_meowy,True,8.0,False,,False,2,1762373682,0,997.8,294.0,421.0,True
JEENEETards,1op7dzo,2025-11,nndx3f8,LeadZestyclose9516,True,9.0,False,,False,2,1762417093,0,727.3,1619.0,1825.0,True
JEENEETards,1op7dzo,2025-11,nneou0j,HistoricalFun1993,True,10.0,False,,False,2,1762432408,0,589.8,83.0,22.0,True
JEENEETards,1op7dzo,2025-11,nn9ickw,1337x_Octane,False,,True,3.0,False,1,1762361057,0,733.1,165.0,311.0,True
JEENEETards,1op7dzo,2025-11,nn9ij0s,IamZodd445,False,,True,4.0,False,1,1762361107,0,1609.1,7.0,634.0,True
JEENEETards,1p12z4u,2025-11,npn6wip,McLovin-9000,True,1.0,True,2.0,False,229,1763545114,0,,,,
JEENEETards,1p12z4u,2025-11,npn5v7u,LocalBug7474,True,2.0,True,1.0,False,45,1763544455,0,,,,
JEENEETards,1p12z4u,2025-11,npo0aty,Warm-Masterpiece5938,True,3.0,True,5.0,False,43,1763559480,0,237.2,374.0,638.0,True
JEENEETards,1p12z4u,2025-11,npnd6zr,Aurelius118,True,4.0,True,3.0,False,27,1763548930,0,,,,
JEENEETards,1p12z4u,2025-11,npo80qk,apewithglasses,True,5.0,False,,False,24,1763562178,0,282.8,2770.0,639.0,True
JEENEETards,1p12z4u,2025-11,npndya0,Rick_132_o,True,6.0,True,4.0,False,8,1763549363,0,896.5,29.0,159.0,True
JEENEETards,1p12z4u,2025-11,npon3s4,halwakumar,True,7.0,False,,False,8,1763567017,0,762.9,746.0,882.0,True
JEENEETards,1p12z4u,2025-11,npofqzj,whoisvish,True,8.0,False,,False,6,1763564748,0,234.3,124.0,160.0,True
JEENEETards,1p12z4u,2025-11,npon28e,BharatS47,True,9.0,False,,False,5,1763567003,0,2162.2,482.0,21704.0,True
JEENEETards,1p12z4u,2025-11,npov423,Hopeful-Platypus6534,True,10.0,False,,False,4,1763569389,0,563.5,9257.0,190.0,True
JEENEETards,1omk8vo,2025-11,nmptwle,S_7_R,True,1.0,True,1.0,False,912,1762097478,0,1017.0,99.0,1147.0,True
JEENEETards,1omk8vo,2025-11,nmptzbk,AdPhysical3780,True,2.0,True,3.0,False,645,1762097502,0,1699.4,223.0,4779.0,True
JEENEETards,1omk8vo,2025-11,nmptxsq,JEE-was-my-sidechick,True,3.0,True,2.0,False,354,1762097489,0,,,,
JEENEETards,1omk8vo,2025-11,nmpvj60,Ok_Brother9420,True,4.0,False,,False,162,1762097979,0,,,,
JEENEETards,1omk8vo,2025-11,nmpu08k,JEE-was-my-sidechick,True,5.0,True,4.0,False,122,1762097510,0,,,,
JEENEETards,1omk8vo,2025-11,nmpwvra,Superb-Advantage-301,True,6.0,False,,False,122,1762098385,0,795.8,189.0,5912.0,True
JEENEETards,1omk8vo,2025-11,nmpujdk,Odd_Incident189,True,7.0,False,,False,75,1762097673,0,692.9,3915.0,18602.0,True
JEENEETards,1omk8vo,2025-11,nmpvpym,skulop607248,True,8.0,False,,False,66,1762098036,0,1856.2,341.0,1473.0,True
JEENEETards,1omk8vo,2025-11,nmq1vgc,Valuable_Process_623,True,9.0,False,,False,36,1762099896,0,883.6,789.0,188.0,True
JEENEETards,1omk8vo,2025-11,nmpu33x,Lanky-Scientist216,True,10.0,True,5.0,False,25,1762097534,0,305.0,186.0,2794.0,True
JEENEETards,1ow4e24,2025-11,nonqyln,Competitive-Key4318,True,1.0,False,,False,85,1763053044,0,,,,
JEENEETards,1ow4e24,2025-11,nonrg82,StationProper5654,True,2.0,False,,False,75,1763053186,0,235.3,219.0,327.0,True
JEENEETards,1ow4e24,2025-11,nonctnj,intimatelord1,True,3.0,True,1.0,False,54,1763048906,0,562.8,1.0,51.0,False
JEENEETards,1ow4e24,2025-11,nonecsc,NAMUNA111,True,4.0,True,2.0,False,23,1763049349,0,570.5,1073.0,32165.0,True
JEENEETards,1ow4e24,2025-11,nonfn6x,MKR_Family,True,5.0,True,5.0,False,11,1763049720,0,,,,
JEENEETards,1ow4e24,2025-11,nonjdem,COLEON-PROVID,True,6.0,False,,False,7,1763050816,0,2002.0,154.0,1190.0,True
JEENEETards,1ow4e24,2025-11,noneffc,CaramelDry6864,True,7.0,True,3.0,False,3,1763049370,0,,,,
JEENEETards,1ow4e24,2025-11,nonfb81,Aggravating-Lie9329,True,8.0,True,4.0,False,3,1763049624,0,842.0,31777.0,31567.0,True
JEENEETards,1ow4e24,2025-11,noo37ra,Dramatic_Version_131,True,9.0,False,,False,2,1763056657,0,676.1,266.0,1186.0,True
JEENEETards,1ow4e24,2025-11,noo57de,Thin_Worldliness_383,True,10.0,False,,False,2,1763057238,0,424.7,1270.0,1233.0,True
JEENEETards,1p2vl19,2025-11,nq04cmg,MightParticular122,True,1.0,True,4.0,False,92,1763723111,0,,,,
JEENEETards,1p2vl19,2025-11,nq03vlm,BloodDry7700,True,2.0,True,2.0,False,14,1763722854,0,1141.0,4232.0,1486.0,True
JEENEETards,1p2vl19,2025-11,nq07b9n,Little_Coffee3147,True,3.0,False,,False,9,1763724687,0,1267.0,2378.0,4301.0,True
JEENEETards,1p2vl19,2025-11,nq05vmb,S_Iceberg62,True,4.0,False,,False,7,1763723933,0,1434.3,3056.0,10457.0,True
JEENEETards,1p2vl19,2025-11,nq04bzy,AryavartVasi,True,5.0,True,3.0,False,3,1763723102,0,382.0,708.0,8053.0,True
JEENEETards,1p2vl19,2025-11,nq06xat,fortnite_lover2931,True,6.0,False,,False,3,1763724483,0,,,,
JEENEETards,1p2vl19,2025-11,nq0i6t9,Ok_Preference4842,True,7.0,False,,False,3,1763729562,0,600.0,2258.0,1725.0,True
JEENEETards,1p2vl19,2025-11,nq03kt1,introspective_ink,True,8.0,True,1.0,False,2,1763722686,0,1070.0,26.0,109.0,True
JEENEETards,1p2vl19,2025-11,nq05i9y,Far_Age_723,True,9.0,True,5.0,False,2,1763723734,0,822.4,15.0,699.0,True
JEENEETards,1p2vl19,2025-11,nq067t7,LargrFries43,True,10.0,False,,False,2,1763724111,0,246.0,23465.0,7155.0,True
JEENEETards,1omzw40,2025-11,nmtbhea,Bulky-Television7452,True,1.0,True,1.0,False,282,1762136545,0,669.9,1673.0,1148.0,True
JEENEETards,1omzw40,2025-11,nmtbhti,Admirable-Leading937,True,2.0,True,2.0,False,67,1762136549,0,905.0,1.0,160.0,True
JEENEETards,1omzw40,2025-11,nmtf52y,AryavartVasi,True,3.0,True,5.0,False,17,1762137897,0,382.0,708.0,8053.0,True
JEENEETards,1omzw40,2025-11,nmthy66,Gremlin-Star-07,True,4.0,False,,False,17,1762138987,0,815.9,580.0,6384.0,False
JEENEETards,1omzw40,2025-11,nmtetek,MKR_Family,True,5.0,True,4.0,False,12,1762137774,0,,,,
JEENEETards,1omzw40,2025-11,nmtk4jh,Even_Perspective_804,True,6.0,False,,False,10,1762139852,0,773.1,40.0,1312.0,True
JEENEETards,1omzw40,2025-11,nmtearp,Electronic_Sample_96,True,7.0,True,3.0,False,6,1762137577,0,,,,
JEENEETards,1omzw40,2025-11,nmtlk41,Own-Cap-7919,True,9.0,False,,False,3,1762140433,0,1061.7,261.0,2293.0,True
JEENEETards,1omzw40,2025-11,nmu1o43,Reasonable_Nothing_9,True,8.0,False,,False,4,1762147681,0,2128.1,160.0,619.0,True
JEENEETards,1omzw40,2025-11,nmunw4k,CosmicAk1,True,10.0,False,,False,3,1762160931,0,740.0,1970.0,5144.0,True
JEENEETards,1ovwgl9,2025-11,nom0zs0,Hot_Sort4607,True,1.0,True,1.0,False,39,1763030438,0,1622.4,11188.0,2699.0,True
JEENEETards,1ovwgl9,2025-11,nom1eet,stranger_npc,True,2.0,True,2.0,False,19,1763030671,0,947.1,5338.0,5676.0,True
JEENEETards,1ovwgl9,2025-11,noma1wh,Apprehensive-Tax-641,True,3.0,True,5.0,False,11,1763035205,0,1445.0,2.0,70.0,True
JEENEETards,1ovwgl9,2025-11,nomdz0i,Sabkatatta,True,4.0,False,,False,7,1763036988,0,576.9,123.0,3234.0,True
JEENEETards,1ovwgl9,2025-11,nom71dv,Dense-Word1633,True,5.0,True,4.0,False,4,1763033745,0,,,,
JEENEETards,1ovwgl9,2025-11,nom1gqm,Chemical-Confusion63,True,6.0,True,3.0,False,3,1763030707,0,910.8,587.0,1452.0,True
JEENEETards,1ovwgl9,2025-11,nonrl2m,ScaryNegotiation8228,True,7.0,False,,False,3,1763053227,0,1180.7,1068.0,5606.0,True
JEENEETards,1om9rz6,2025-11,nmo2gxb,Fair_Entrepreneur_99,True,1.0,True,3.0,False,85,1762067797,0,2134.9,1.0,2929.0,True
JEENEETards,1om9rz6,2025-11,nmnvedn,MightParticular122,True,2.0,True,1.0,False,41,1762063499,0,,,,
JEENEETards,1om9rz6,2025-11,nmo5uaz,_Agent_S,True,3.0,True,5.0,False,25,1762069969,0,1646.3,8363.0,1078.0,True
JEENEETards,1om9rz6,2025-11,nmo032p,pwetty_fucked_up,True,4.0,True,2.0,False,21,1762066314,0,604.0,4657.0,4033.0,True
JEENEETards,1om9rz6,2025-11,nmoh6w5,Sweet_Ice_5926,True,5.0,False,,False,5,1762077053,0,714.1,6.0,851.0,True
JEENEETards,1om9rz6,2025-11,nmo2w8b,Pitiful-Passage2826,True,6.0,True,4.0,False,2,1762068067,0,517.1,152.0,2887.0,True
JEENEETards,1om9rz6,2025-11,nmoi49v,Comfortable-Cat-7386,True,7.0,False,,False,2,1762077606,0,839.7,22.0,1820.0,True
JEENEETards,1om9rz6,2025-11,nmox7ei,abj2025,True,8.0,False,,False,2,1762085811,0,879.8,308.0,783.0,True
JEENEETards,1om9rz6,2025-11,nmui3cf,Brilliant_Long8275,True,9.0,False,,False,2,1762157251,0,959.1,67.0,262.0,True
JEENEETards,1om9rz6,2025-11,nne245q,VeterinarianPerfect1,True,10.0,False,,False,2,1762420223,0,1804.4,73.0,839.0,True
JEENEETards,1p4lovb,2025-11,nqcl83p,Ok-Clothes9248,True,1.0,True,2.0,False,453,1763901825,0,487.3,7001.0,37302.0,True
JEENEETards,1p4lovb,2025-11,nqcluxh,Yates_3811,True,2.0,False,,False,313,1763902128,0,198.2,1.0,267.0,True
JEENEETards,1p4lovb,2025-11,nqclbgh,BoomerGhoomer,True,3.0,True,3.0,False,211,1763901869,0,541.3,371.0,2547.0,True
JEENEETards,1p4lovb,2025-11,nqcl3rb,Neat_Wear1419,True,4.0,True,1.0,False,180,1763901767,0,,,,
JEENEETards,1p4lovb,2025-11,nqclm3o,akhilchill,True,5.0,True,4.0,False,103,1763902010,0,,,,
JEENEETards,1p4lovb,2025-11,nqcltgk,MKR_Family,True,6.0,True,5.0,False,101,1763902109,0,,,,
JEENEETards,1p4lovb,2025-11,nqcn50o,Acceptable-Sea-8057,True,7.0,False,,False,39,1763902711,0,380.9,70073.0,8626.0,True
JEENEETards,1p4lovb,2025-11,nqcn9uw,Even_Boysenberry4446,True,8.0,False,,False,31,1763902772,0,418.7,560.0,12348.0,True
JEENEETards,1p4lovb,2025-11,nqcncb5,Klutzy_Discipline_97,True,9.0,False,,False,21,1763902802,0,623.9,203.0,1439.0,True
JEENEETards,1p4lovb,2025-11,nqcntm2,Busy_Wrongdoer_1620,True,10.0,False,,False,16,1763903012,0,339.0,24.0,1558.0,True
JEENEETards,1orofcx,2025-11,nnrabee,No_Sprinkles_2990,True,1.0,True,1.0,False,459,1762605950,0,610.1,54053.0,94276.0,True
JEENEETards,1orofcx,2025-11,nnrdmr5,CapnBloodBeard_tv,True,2.0,False,,False,86,1762607371,0,,,,
JEENEETards,1orofcx,2025-11,nnrdsz3,HappyHazard133,True,3.0,False,,False,69,1762607440,0,1505.2,80.0,1481.0,True
JEENEETards,1orofcx,2025-11,nnrbl19,Odd_Incident189,True,4.0,True,4.0,False,29,1762606517,0,692.9,3915.0,18602.0,True
JEENEETards,1orofcx,2025-11,nnrbbo9,Syrroche,True,5.0,True,2.0,False,14,1762606403,0,,,,
JEENEETards,1orofcx,2025-11,nnrw4f7,RealAdityaYT,True,6.0,False,,False,13,1762614076,0,2344.3,4141.0,22460.0,True
JEENEETards,1orofcx,2025-11,nnrd3mp,DESTRUCTER_R_,True,7.0,True,5.0,False,13,1762607154,0,2117.1,1057.0,21694.0,True
JEENEETards,1orofcx,2025-11,nnukkb5,Accurate-Heart4953,True,8.0,False,,False,12,1762645917,0,1445.2,2044.0,9760.0,True
JEENEETards,1orofcx,2025-11,nnrj78e,LiveLychee4129,True,9.0,False,,False,8,1762609516,0,470.6,1.0,18.0,True
JEENEETards,1orofcx,2025-11,nnrzasz,Tech_Ethusiast69,True,10.0,False,,False,6,1762615145,0,906.2,43.0,531.0,True
JEENEETards,1orofcx,2025-11,nnrbha4,MKR_Family,False,,True,3.0,False,4,1762606472,0,,,,
ISRO,1oqzdpz,2025-11,nnmnnti,EntertainmentSome448,True,1.0,True,1.0,False,5,1762536633,0,1217.9,851.0,15154.0,True
ISRO,1oqzdpz,2025-11,nnogpm8,vineethgk,True,2.0,True,2.0,False,5,1762556917,0,3573.0,1977.0,1748.0,True
ISRO,1oqzdpz,2025-11,nnorbwf,Re-Searcher-There,True,3.0,True,3.0,False,4,1762560767,0,532.0,98.0,943.0,True
ISRO,1oqzdpz,2025-11,nnpyjbe,Interesting-Ad41,True,4.0,True,4.0,False,4,1762578442,0,2107.1,1.0,12.0,True
ISRO,1oogohf,2025-11,nn6c3di,fed2wice,True,1.0,True,1.0,False,9,1762312460,0,1105.1,721.0,3385.0,True
ISRO,1oogohf,2025-11,nn6sopr,D3ff15,True,2.0,True,2.0,False,8,1762319154,0,3499.1,28.0,4955.0,True
ISRO,1oogohf,2025-11,nn70feu,Honest-Mess-812,True,3.0,True,3.0,False,2,1762322894,0,1836.1,3127.0,41133.0,True
ISRO,1optau9,2025-11,nnjvzkk,BoardZealousideal145,True,1.0,True,1.0,False,6,1762494335,0,1264.4,504.0,1015.0,True
ISRO,1optau9,2025-11,nnmezl2,thekirigamist,True,2.0,True,3.0,False,3,1762534055,0,2158.8,38745.0,2732.0,True
ISRO,1optau9,2025-11,nnln9y8,Arena-Grenade,True,3.0,True,2.0,False,2,1762525754,0,1983.3,6649.0,14298.0,True
ISRO,1p6irn3,2025-11,nqrn55s,Hex2OP,True,1.0,True,4.0,False,37,1764103762,0,,,,
ISRO,1p6irn3,2025-11,nqt65ag,spaceTech4kids,True,2.0,True,5.0,False,25,1764122300,0,957.5,621.0,232.0,True
ISRO,1p6irn3,2025-11,nqtnpu0,SaNkaLp_sv,True,3.0,False,,False,15,1764128902,0,2144.3,326.0,34.0,True
ISRO,1p6irn3,2025-11,nqtcr7q,Ohsin,True,4.0,False,,False,10,1764124717,0,6317.2,136552.0,54412.0,True
ISRO,1p6irn3,2025-11,nqr4hs0,a_r_ic,True,5.0,True,1.0,False,7,1764098187,0,1545.8,95.0,1416.0,True
ISRO,1p6irn3,2025-11,nqtd28d,kaddyki,True,6.0,False,,False,4,1764124828,0,272.2,1.0,6.0,True
ISRO,1p6irn3,2025-11,nqunhoe,MysticGohanKun,True,7.0,False,,False,4,1764146696,0,3058.9,178.0,5771.0,True
ISRO,1p6irn3,2025-11,nqxwm8u,Top-Equipment5208,True,8.0,False,,False,3,1764189394,0,501.5,530.0,364.0,True
ISRO,1p6irn3,2025-11,nqr736r,Samarium_15,True,9.0,True,2.0,False,2,1764098954,0,1332.8,3855.0,50953.0,True
ISRO,1p6irn3,2025-11,nqr8i6h,arjun_raf,True,10.0,True,3.0,False,2,1764099381,0,2945.1,70546.0,26575.0,True
ISRO,1owls15,2025-11,nosmslb,arjun_raf,True,1.0,True,1.0,False,5,1763121446,0,2945.1,70546.0,26575.0,True
ISRO,1ou0e0y,2025-11,noa1znp,Symmetry_7,True,1.0,True,1.0,False,7,1762868359,0,890.0,27.0,149.0,True
ISRO,1ou0e0y,2025-11,nob0ldy,Carbform,True,2.0,True,2.0,False,5,1762879327,0,2584.2,7.0,853.0,True
ISRO,1ou0e0y,2025-11,nobfrd6,Symmetry_7,True,3.0,True,3.0,False,3,1762883828,0,890.0,27.0,149.0,True
ISRO,1ou0e0y,2025-11,nr79tef,Ohsin,True,4.0,True,4.0,False,2,1764328995,0,6317.2,136552.0,54412.0,True
ISRO,1ond2io,2025-11,nmvtf75,Ohsin,True,1.0,True,1.0,True,2,1762179875,0,6317.2,136552.0,54412.0,True
ISRO,1ond2io,2025-11,nmxlg8i,Eternal_Alooboi,True,2.0,True,2.0,False,1,1762198641,0,2368.9,834.0,51175.0,True
ISRO,1ow0hba,2025-11,nomj588,rghegde,True,1.0,True,1.0,True,9,1763039104,0,2825.2,1775.0,1035.0,True
ISRO,1ow0hba,2025-11,non8zq9,sku-mar-gop,True,2.0,True,2.0,False,2,1763047771,0,1659.4,176.0,15352.0,True
ISRO,1p7um31,2025-11,nr0ieuw,KuShAgRa016,True,1.0,True,2.0,False,7,1764224869,0,2635.3,714.0,12370.0,True
ISRO,1p7um31,2025-11,nr0f5oh,Ohsin,True,2.0,True,1.0,True,5,1764223246,0,6317.2,136552.0,54412.0,True
ISRO,1p9iz8l,2025-11,oawh2z2,Ohsin,True,3.0,True,4.0,False,1,1773739868,0,6317.2,136552.0,54412.0,True
ISRO,1p9iz8l,2025-11,nrclqtj,sivasuki,True,1.0,True,1.0,False,8,1764403360,0,1996.3,645.0,28803.0,True
ISRO,1p9iz8l,2025-11,nrcls1j,rghegde,True,2.0,True,2.0,False,2,1764403379,0,2825.2,1775.0,1035.0,True
ISRO,1p9iz8l,2025-11,nriekpk,Jumpy_Leadership1650,True,4.0,True,3.0,False,1,1764490745,0,313.8,17525.0,32100.0,True
UPSC,1p11zmw,2025-11,npn14oa,shutupmatsuda,True,1.0,False,,False,243,1763541455,0,2172.9,8300.0,298480.0,True
UPSC,1p11zmw,2025-11,npn3n4j,TheAspirant6666,True,2.0,False,,False,113,1763543034,0,984.5,370.0,2157.0,True
UPSC,1p11zmw,2025-11,npn49ux,Cheesepizzassss,True,3.0,False,,False,80,1763543440,0,485.0,1.0,1085.0,True
UPSC,1p11zmw,2025-11,npmzqd9,SetOriginal6426,True,4.0,True,1.0,False,65,1763540569,0,658.8,4336.0,4454.0,True
UPSC,1p11zmw,2025-11,npn4u4h,Socialaid,True,5.0,False,,False,53,1763543800,0,1955.1,1009.0,3228.0,True
UPSC,1p11zmw,2025-11,npmzszk,Mother-Influence-863,True,6.0,True,2.0,False,24,1763540614,0,904.2,3279.0,999.0,True
UPSC,1p11zmw,2025-11,npn4hqx,Ok_Branch_3706,True,8.0,False,,False,17,1763543582,0,1597.9,8.0,56.0,True
UPSC,1p11zmw,2025-11,npn2n9w,HurryLife,True,7.0,False,,False,18,1763542400,0,2048.9,19.0,13801.0,True
UPSC,1p11zmw,2025-11,npng2qd,FrostyCampaign4670,True,9.0,False,,False,13,1763550556,0,1486.0,1812.0,13608.0,True
UPSC,1p11zmw,2025-11,npn0dmn,Prestigious-Coach-81,True,10.0,True,4.0,False,12,1763540976,0,1827.3,2788.0,27169.0,True
UPSC,1p11zmw,2025-11,npmzttk,Mother-Influence-863,False,,True,3.0,False,2,1763540629,0,904.2,3279.0,999.0,True
UPSC,1p11zmw,2025-11,npn0qmr,Tall-Interview7385,False,,True,5.0,False,2,1763541207,0,380.6,105.0,420.0,True
UPSC,1p7ut7e,2025-11,nr0gzsa,Specialist-Tailor165,True,1.0,True,1.0,False,59,1764224151,0,556.6,150.0,3787.0,True
UPSC,1p7ut7e,2025-11,nr0i8a3,Kabir3446,True,2.0,True,5.0,False,23,1764224774,0,345.3,2.0,185.0,True
UPSC,1p7ut7e,2025-11,nr0jvgj,IASBanungaMain,True,3.0,False,,False,23,1764225626,0,252.4,118.0,138.0,True
UPSC,1p7ut7e,2025-11,nr0i27z,ramror777,True,4.0,True,4.0,False,11,1764224688,0,3248.3,2516.0,26630.0,True
UPSC,1p7ut7e,2025-11,nr0ije1,No-Seesaw4460,True,5.0,False,,False,7,1764224934,0,489.4,3424.0,621.0,False
UPSC,1p7ut7e,2025-11,nr0nwad,hey_vishal_here,True,6.0,False,,False,6,1764227724,0,,,,
UPSC,1p7ut7e,2025-11,nr0s211,AshVrma,True,7.0,False,,False,5,1764230038,0,2095.5,229.0,11163.0,True
UPSC,1p7ut7e,2025-11,nr0ytd7,AltruisticPirate8292,True,8.0,False,,False,4,1764233946,0,1864.8,180.0,12249.0,True
UPSC,1p7ut7e,2025-11,nr0h6qv,yiddo_bhushan,True,9.0,True,2.0,False,3,1764224248,0,3064.1,8897.0,10518.0,True
UPSC,1p7ut7e,2025-11,nr0jmbi,Successful_Turn6488,True,10.0,False,,False,3,1764225495,0,207.2,14.0,130.0,True
UPSC,1p7ut7e,2025-11,nr0hv4l,Substantial-Army-938,False,,True,3.0,False,2,1764224587,0,1907.5,7.0,408.0,True
UPSC,1op9fjh,2025-11,nnalksb,Burning_Sapphire1,True,1.0,True,3.0,False,64,1762372038,0,615.5,39664.0,28569.0,True
UPSC,1op9fjh,2025-11,nn9xiy4,Embarrassed-Iron8099,True,2.0,True,1.0,False,25,1762365343,0,1536.8,27.0,2583.0,True
UPSC,1op9fjh,2025-11,nne27cf,kappa_79,True,3.0,False,,False,10,1762420279,0,1929.9,43323.0,17118.0,True
UPSC,1op9fjh,2025-11,nnjhncv,Minimum_Cherry_6153,True,4.0,False,,False,3,1762487761,0,704.8,3056.0,569.0,True
UPSC,1op9fjh,2025-11,nnkj2jy,breturns062,True,5.0,False,,False,2,1762507924,0,936.3,216.0,1099.0,True
UPSC,1op9fjh,2025-11,nno8zoi,PerfectConcern9356,True,6.0,False,,False,1,1762554275,0,777.3,1.0,42.0,True
UPSC,1op9fjh,2025-11,nnmizk9,Terrible-Gas2173,True,7.0,False,,False,0,1762535232,0,241.6,4.0,1.0,True
UPSC,1op9fjh,2025-11,nncg8bf,mahakaal_bhakt,True,8.0,True,4.0,False,-17,1762393159,0,903.0,2492.0,11992.0,True
UPSC,1op9fjh,2025-11,nncp5e9,Natural_Plate90,True,9.0,True,5.0,False,-43,1762396392,0,538.0,21.0,2666.0,True
UPSC,1op9fjh,2025-11,nna2ul7,sury_sama,True,10.0,True,2.0,False,-47,1762366797,0,2848.8,681.0,13481.0,True
UPSC,1p24tr6,2025-11,npuoliy,Visible-Fly2853,True,1.0,True,3.0,False,73,1763650405,0,453.3,8017.0,1315.0,True
UPSC,1p24tr6,2025-11,npur13v,bindassbabu,True,2.0,True,4.0,False,25,1763651166,0,326.2,340.0,1747.0,True
UPSC,1p24tr6,2025-11,npvgoy6,Sad-Mistake-1412,True,3.0,False,,False,19,1763658625,0,1410.7,283.0,927.0,True
UPSC,1p24tr6,2025-11,npumzb8,Low_Lead_6735,True,4.0,True,1.0,False,12,1763649895,0,451.8,18760.0,2421.0,True
UPSC,1p24tr6,2025-11,npuxzch,ready_to_fuck_yeahh,True,5.0,False,,False,11,1763653235,0,1004.2,541.0,2289.0,True
UPSC,1p24tr6,2025-11,npusg3x,Chief_Sage,True,6.0,False,,False,8,1763651598,0,989.6,4.0,1310.0,True
UPSC,1p24tr6,2025-11,npuuizq,Veer_Rudra,True,8.0,False,,False,7,1763652216,0,1841.4,5296.0,2639.0,True
UPSC,1p24tr6,2025-11,npuwya9,LoudEffective6829,True,7.0,False,,False,8,1763652932,0,1029.9,38.0,44.0,True
UPSC,1p24tr6,2025-11,npunqty,LadyStark318,True,9.0,True,2.0,False,6,1763650136,0,587.8,117.0,1081.0,True
UPSC,1p24tr6,2025-11,npvpvnx,Wooden_Republic_8560,True,10.0,False,,False,6,1763661314,0,1032.2,85.0,1645.0,True
UPSC,1p24tr6,2025-11,npur9g2,Cool_Aj_2428,False,,True,5.0,False,4,1763651238,0,808.5,398.0,2582.0,True
UPSC,1p3zemr,2025-11,nq8fk3h,Extension-Novel-4417,True,1.0,True,2.0,False,14,1763837374,0,1210.7,1.0,14.0,True
UPSC,1p3zemr,2025-11,nq849m5,QuietHour_05,True,3.0,True,1.0,False,5,1763833913,0,291.1,1.0,30.0,True
UPSC,1p3zemr,2025-11,nqc1snb,likeashiningstar,True,2.0,True,3.0,False,6,1763890836,0,639.2,423.0,1736.0,True
UPSC,1p3zemr,2025-11,nqdmeah,Jalsarayudu_07,True,4.0,True,4.0,False,1,1763915225,0,854.2,212.0,6453.0,True
UPSC,1p3zemr,2025-11,nri9sir,UnFit_mg,True,5.0,True,5.0,False,1,1764487787,0,1184.0,81.0,106.0,True
UPSC,1ouhsxs,2025-11,nobr9hr,kappa_79,True,1.0,True,3.0,False,128,1762887159,0,1929.9,43323.0,17118.0,True
UPSC,1ouhsxs,2025-11,noc8lzb,Advanced_Sundae_97,True,2.0,False,,False,88,1762892397,0,1075.4,17.0,1130.0,True
UPSC,1ouhsxs,2025-11,nobr28m,Excellent_Baby_7241,True,3.0,True,2.0,False,30,1762887101,0,1509.2,7.0,27.0,True
UPSC,1ouhsxs,2025-11,nobs6ed,Capable_Ad_515,True,4.0,True,4.0,False,27,1762887422,0,690.6,31.0,67.0,True
UPSC,1ouhsxs,2025-11,nobxl6y,Living_Inflation_327,True,5.0,False,,False,24,1762889032,0,1344.0,4640.0,3878.0,True
UPSC,1ouhsxs,2025-11,nobqs90,Shoddy-Lawfulness573,True,6.0,True,1.0,False,21,1762887022,0,240.9,1.0,19.0,False
UPSC,1ouhsxs,2025-11,nobt1nj,Chief_Sage,True,7.0,True,5.0,False,15,1762887673,0,989.6,4.0,1310.0,True
UPSC,1ouhsxs,2025-11,noc9ita,Imaginary-Spring-779,True,8.0,False,,False,14,1762892678,0,1224.8,9054.0,3152.0,True
UPSC,1ouhsxs,2025-11,noc9ur0,Alarming-Prompt-,True,9.0,False,,False,12,1762892781,0,1345.6,277.0,2998.0,True
UPSC,1ouhsxs,2025-11,nobtgav,No-Bison690,True,10.0,False,,False,9,1762887793,0,368.7,18.0,31.0,True
UPSC,1olsfjp,2025-11,nmk2nzq,jojo69696900,True,1.0,True,1.0,False,143,1762015301,0,1502.6,294.0,2426.0,True
UPSC,1olsfjp,2025-11,nmk58x0,TheAspirant6666,True,2.0,False,,False,69,1762016081,0,984.5,370.0,2157.0,True
UPSC,1olsfjp,2025-11,nmk4vj5,warhammer27,True,3.0,True,5.0,False,30,1762015968,0,2146.9,3692.0,32444.0,True
UPSC,1olsfjp,2025-11,nmk9hww,Brilliant_Pride5110,True,4.0,False,,False,19,1762017354,0,381.9,2.0,365.0,False
UPSC,1olsfjp,2025-11,nmk95r1,kadakk_choi,True,5.0,False,,False,16,1762017253,0,,,,
UPSC,1olsfjp,2025-11,nmkb06v,Illustrious_Arm_8862,True,6.0,False,,False,15,1762017820,0,1371.9,1030.0,3140.0,True
UPSC,1olsfjp,2025-11,nmk2okb,Big_Play3024,True,7.0,True,2.0,False,14,1762015305,0,1977.7,479.0,1484.0,True
UPSC,1olsfjp,2025-11,nmk4gdo,Witty-Translator-992,True,8.0,True,4.0,False,14,1762015843,0,631.1,65.0,61.0,False
UPSC,1olsfjp,2025-11,nmk8620,WorriedSoftware884,True,9.0,False,,False,7,1762016952,0,1738.6,79.0,183.0,True
UPSC,1olsfjp,2025-11,nmkatnk,Royal_Emu_7987,True,10.0,False,,False,5,1762017763,0,599.4,1.0,147.0,True
UPSC,1olsfjp,2025-11,nmk44h9,SunGod-Nikaa,False,,True,3.0,False,3,1762015743,0,573.3,1373.0,5977.0,True
UPSC,1ooo0rd,2025-11,nn5r4pv,naidufeed,True,1.0,True,1.0,False,138,1762305172,0,,,,
UPSC,1ooo0rd,2025-11,nn67hi2,Prony_Crony,True,2.0,True,4.0,False,83,1762310840,0,305.9,7.0,170.0,True
UPSC,1ooo0rd,2025-11,nn5w3vt,Kind_Ad32,True,3.0,True,2.0,False,43,1762306892,0,1293.9,7.0,182.0,True
UPSC,1ooo0rd,2025-11,nn79mqt,Old-Run-9503,True,4.0,False,,False,37,1762327903,0,679.6,35.0,137.0,True
UPSC,1ooo0rd,2025-11,nn6c971,Angrybudha9,True,5.0,True,5.0,False,35,1762312519,0,848.0,13.0,47.0,True
UPSC,1ooo0rd,2025-11,nn6ssfp,unqshubh,True,6.0,False,,False,10,1762319200,0,2177.2,281.0,2495.0,True
UPSC,1ooo0rd,2025-11,nn644ee,Zestyclose-Cause-694,True,7.0,True,3.0,False,8,1762309666,0,272.9,124.0,-13.0,False
UPSC,1ooo0rd,2025-11,nn71f3h,sanesaransh,True,8.0,False,,False,6,1762323410,0,1734.4,19.0,287.0,True
UPSC,1ooo0rd,2025-11,nn7ndxt,Weak_Reason_7278,True,9.0,False,,False,6,1762336164,0,214.6,48.0,465.0,True
UPSC,1ooo0rd,2025-11,nn7o0gm,ProfessionalOven173,True,10.0,False,,False,5,1762336533,0,466.7,242.0,972.0,True
UPSC,1orp85w,2025-11,nnrfknv,East_Conflict4375,True,1.0,True,1.0,False,201,1762608130,0,621.4,4.0,1117.0,True
UPSC,1orp85w,2025-11,nnrg47f,CharismaticOP1,True,2.0,True,3.0,False,126,1762608341,0,702.0,2.0,210.0,True
UPSC,1orp85w,2025-11,nnriazh,ayushmaan256,True,4.0,False,,False,73,1762609184,0,1694.0,1860.0,13051.0,True
UPSC,1orp85w,2025-11,nnrg4g1,Devastating_Delight,True,3.0,True,4.0,False,75,1762608343,0,898.1,80.0,10435.0,True
UPSC,1orp85w,2025-11,nnrm51s,hippieindian123,True,5.0,False,,False,70,1762610608,0,1596.9,1.0,1714.0,True
UPSC,1orp85w,2025-11,nnrgk4c,Affectionate-Bug114,True,6.0,True,5.0,False,57,1762608514,0,960.0,6.0,757.0,True
UPSC,1orp85w,2025-11,nnrgx2k,Visible-Media2004,True,7.0,False,,False,43,1762608653,0,1903.0,200.0,2222.0,True
UPSC,1orp85w,2025-11,nnrgk8c,Chaii_Lover,True,8.0,False,,False,39,1762608515,0,979.7,2692.0,130479.0,True
UPSC,1orp85w,2025-11,nnrfzju,PresentRecording9386,True,9.0,True,2.0,False,36,1762608291,0,393.0,8327.0,3041.0,True
UPSC,1orp85w,2025-11,nnrjab4,Reasonable-Bit1147,True,10.0,False,,False,32,1762609547,0,478.9,4145.0,7422.0,True
UPSC,1orxspt,2025-11,nnta6l8,berozgaar_mistri,True,1.0,True,1.0,False,107,1762629950,0,1134.4,878.0,517.0,True
UPSC,1orxspt,2025-11,nnta9ss,Daniel_reed17,True,2.0,True,2.0,False,92,1762629980,0,1321.6,564.0,1908.0,True
UPSC,1orxspt,2025-11,nnvm6a7,snxxa_,True,3.0,False,,False,51,1762660533,0,949.1,81.0,1200.0,True
UPSC,1orxspt,2025-11,nnttrxg,HostAffectionate8533,True,4.0,True,3.0,False,43,1762636450,0,2097.8,18659.0,4270.0,True
UPSC,1orxspt,2025-11,nnvszyn,rahulsri064,True,5.0,False,,False,22,1762663641,0,1307.1,1.0,437.0,True
UPSC,1orxspt,2025-11,nnud8xw,Dramatic_Pie5360,True,6.0,True,4.0,False,15,1762643187,0,661.5,2.0,25.0,False
UPSC,1orxspt,2025-11,nnw378x,Local-Meal-1522,True,7.0,False,,False,11,1762668721,0,1396.1,388.0,2945.0,True
UPSC,1orxspt,2025-11,nnwmwem,binladen9,True,8.0,False,,False,3,1762680437,0,2082.8,193.0,1773.0,True
UPSC,1orxspt,2025-11,nnx9u3i,ceoofwhatthefuck,True,9.0,False,,False,3,1762693235,0,,,,
UPSC,1orxspt,2025-11,nnw9shc,anonymous010103,True,10.0,False,,False,2,1762672472,0,1549.0,430.0,18584.0,True
UPSC,1orxspt,2025-11,nnulxyw,Tight-Box-6489,False,,True,5.0,False,-16,1762646428,0,1421.6,1.0,355.0,True
StartUpIndia,1p90uf5,2025-11,nr8x1yk,markelonn,True,1.0,True,2.0,False,394,1764351445,0,4619.7,21879.0,193345.0,True
StartUpIndia,1p90uf5,2025-11,nr92d57,Murky-Examination490,True,2.0,False,,False,278,1764353136,0,814.9,7283.0,1152.0,True
StartUpIndia,1p90uf5,2025-11,nr90bjr,realnestro,True,3.0,True,4.0,False,162,1764352495,0,2826.8,29.0,334.0,True
StartUpIndia,1p90uf5,2025-11,nr90s8a,cdrfrk,True,4.0,True,5.0,False,142,1764352640,0,3849.8,9101.0,34559.0,True
StartUpIndia,1p90uf5,2025-11,nr8z7i8,IREDA1000,True,5.0,True,3.0,False,74,1764352139,0,886.0,93243.0,36988.0,True
StartUpIndia,1p90uf5,2025-11,nr91t9c,Old_Judgment_1926,True,6.0,False,,False,66,1764352962,0,1286.9,2297.0,577.0,True
StartUpIndia,1p90uf5,2025-11,nr98ib7,Owling_Around1,True,7.0,False,,False,48,1764355073,0,345.8,16.0,605.0,False
StartUpIndia,1p90uf5,2025-11,nr9zfmh,Fit_Mixture_6628,True,8.0,False,,False,44,1764364076,0,1389.9,5878.0,4750.0,True
StartUpIndia,1p90uf5,2025-11,nr91cyu,spidorboy,True,9.0,False,,False,39,1764352820,0,1267.2,2850.0,20719.0,True
StartUpIndia,1p90uf5,2025-11,nr9tktu,zhawadya,True,10.0,False,,False,12,1764362085,0,,,,
StartUpIndia,1p90uf5,2025-11,nr8wvyr,agusbsjd,False,,True,1.0,False,3,1764351392,0,1128.6,1405.0,2444.0,False
StartUpIndia,1p0h6ib,2025-11,npirass,TheBuggySenpai,True,1.0,True,1.0,False,914,1763485133,0,914.3,41.0,1333.0,True
StartUpIndia,1p0h6ib,2025-11,npirhyw,mikki_mouz,True,2.0,True,2.0,False,822,1763485191,0,619.3,1.0,4935.0,False
StartUpIndia,1p0h6ib,2025-11,npirj9e,Zestyclose_Mud2170,True,3.0,True,3.0,False,204,1763485202,0,798.6,2663.0,16185.0,True
StartUpIndia,1p0h6ib,2025-11,npirqf9,peaceyulu,True,4.0,True,4.0,False,112,1763485260,0,682.6,3474.0,16046.0,True
StartUpIndia,1p0h6ib,2025-11,npisr7o,Hot-University822,True,5.0,False,,False,102,1763485565,0,466.4,2961.0,2576.0,False
StartUpIndia,1p0h6ib,2025-11,npisod0,abhizitm,True,6.0,False,,False,87,1763485541,0,2152.5,468.0,8961.0,True
StartUpIndia,1p0h6ib,2025-11,npiwbn9,tauseefwarsi,True,7.0,False,,False,37,1763486619,0,4319.1,616.0,1569.0,True
StartUpIndia,1p0h6ib,2025-11,npiwfdk,RepairZealousideal14,True,8.0,False,,False,22,1763486649,0,898.8,8532.0,2020.0,True
StartUpIndia,1p0h6ib,2025-11,npisfgd,mystic-force-x,True,9.0,False,,False,15,1763485468,0,597.7,680.0,720.0,True
StartUpIndia,1p0h6ib,2025-11,npirx4y,vajra__20,True,10.0,True,5.0,False,13,1763485316,0,574.6,614.0,5034.0,True
StartUpIndia,1p4sna7,2025-11,nqe0m6o,rustyyryan,True,1.0,True,4.0,False,443,1763919625,0,1501.4,868913.0,99495.0,True
StartUpIndia,1p4sna7,2025-11,nqdzzyd,arcturus-77,True,2.0,True,2.0,False,347,1763919432,0,1579.1,1.0,2371.0,True
StartUpIndia,1p4sna7,2025-11,nqe1fpe,danknhihooyaar,True,3.0,False,,False,143,1763919879,0,1804.7,127.0,6190.0,True
StartUpIndia,1p4sna7,2025-11,nqe0h8p,dopaminedune,True,4.0,True,3.0,False,53,1763919582,0,344.1,6840.0,17596.0,True
StartUpIndia,1p4sna7,2025-11,nqe6pea,markelonn,True,5.0,False,,False,30,1763921446,0,4619.7,21879.0,193345.0,True
StartUpIndia,1p4sna7,2025-11,nqe0uzv,vijay_n,True,7.0,True,5.0,False,18,1763919701,0,4264.5,333.0,634.0,True
StartUpIndia,1p4sna7,2025-11,nqdzndz,Alternative-Bug1399,True,6.0,True,1.0,False,19,1763919328,0,925.1,934.0,673.0,True
StartUpIndia,1p4sna7,2025-11,nqe66gk,naughty_ningen,True,8.0,False,,False,16,1763921297,0,3341.7,27749.0,94351.0,True
StartUpIndia,1p4sna7,2025-11,nqe14js,mikki_mouz,True,9.0,False,,False,14,1763919783,0,619.3,1.0,4935.0,False
StartUpIndia,1p4sna7,2025-11,nqe9lr8,Gagandeep69,True,10.0,False,,False,10,1763922276,0,,,,
StartUpIndia,1p01t2g,2025-11,npfv3gi,AllenGinsberg3,True,1.0,True,3.0,False,125,1763439716,0,3014.7,30245.0,275.0,False
StartUpIndia,1p01t2g,2025-11,npfsmv3,theagentK1,True,2.0,True,2.0,False,43,1763438682,0,1177.7,7453.0,23913.0,True
StartUpIndia,1p01t2g,2025-11,npfztg6,Makad_Tondya,True,3.0,True,5.0,False,33,1763441823,0,420.4,69.0,3357.0,True
StartUpIndia,1p01t2g,2025-11,npg4g7h,burnt_bhel_puri,True,4.0,False,,False,8,1763444039,0,1278.7,132.0,635.0,True
StartUpIndia,1p01t2g,2025-11,npfxglu,Zealousideal-Part849,True,5.0,True,4.0,False,6,1763440758,0,989.2,121.0,7351.0,True
StartUpIndia,1p01t2g,2025-11,npg7c83,faccha27,True,6.0,False,,False,6,1763445532,0,1050.4,78.0,6616.0,True
StartUpIndia,1p01t2g,2025-11,npfsiyk,Bulky-Yak-7035,True,7.0,True,1.0,False,5,1763438638,0,,,,
StartUpIndia,1p01t2g,2025-11,nph0dkd,Wizardofoz756,True,8.0,False,,False,3,1763462896,0,2170.0,56.0,4021.0,True
StartUpIndia,1p01t2g,2025-11,npi524n,inflation-69,True,9.0,False,,False,3,1763478573,0,1854.1,1.0,928.0,True
StartUpIndia,1p01t2g,2025-11,npg5exu,Altruistic-Ant8619,True,10.0,False,,False,2,1763444533,0,2093.7,1162.0,9480.0,True
StartUpIndia,1oq9564,2025-11,nnhjsgf,ArunMatto,True,1.0,True,2.0,False,344,1762463645,0,1658.3,139.0,431.0,True
StartUpIndia,1oq9564,2025-11,nnhogti,Historical_Grape_279,True,2.0,True,3.0,False,99,1762464999,0,605.8,13480.0,2805.0,True
StartUpIndia,1oq9564,2025-11,nni8x42,uzbekebab,True,3.0,True,4.0,False,32,1762471535,0,362.5,1.0,440.0,False
StartUpIndia,1oq9564,2025-11,nniycwt,ved_1802,True,4.0,False,,False,24,1762480577,0,2288.7,1281.0,359.0,True
StartUpIndia,1oq9564,2025-11,nniupbj,HawkEntire5517,True,5.0,False,,False,19,1762479252,0,1073.1,66.0,15698.0,True
StartUpIndia,1oq9564,2025-11,nnig8pq,phoenix_paravai10101,True,6.0,True,5.0,False,16,1762474108,0,865.2,121.0,24960.0,True
StartUpIndia,1oq9564,2025-11,nnirw23,cyberduck221b,True,8.0,False,,False,8,1762478213,0,1090.1,1363.0,25525.0,True
StartUpIndia,1oq9564,2025-11,nnj4lgt,DentArthurDent4,True,9.0,False,,False,8,1762482819,0,886.4,845.0,49568.0,True
StartUpIndia,1oq9564,2025-11,nnjlnff,gnittidder,True,7.0,False,,False,9,1762489419,0,4292.8,731.0,5431.0,True
StartUpIndia,1oq9564,2025-11,nnj7u0g,django-unchained2012,True,10.0,False,,False,6,1762483984,0,2063.8,18666.0,15941.0,True
StartUpIndia,1oq9564,2025-11,nnhi97t,These_Growth9876,False,,True,1.0,False,2,1762463196,0,1966.8,1149.0,10169.0,False
StartUpIndia,1p4gn7m,2025-11,nqbpczf,Rvg55,True,1.0,True,1.0,False,153,1763883397,0,657.3,1.0,1007.0,False
StartUpIndia,1p4gn7m,2025-11,nqbsfi2,IREDA1000,True,2.0,True,3.0,False,91,1763885187,0,886.0,93243.0,36988.0,True
StartUpIndia,1p4gn7m,2025-11,nqbrns1,Srinivas_Hunter,True,3.0,True,2.0,False,61,1763884733,0,2873.8,135317.0,32381.0,True
StartUpIndia,1p4gn7m,2025-11,nqbsmfb,Abject-Jicama-5716,True,5.0,True,4.0,False,18,1763885301,0,1388.6,14703.0,7584.0,True
StartUpIndia,1p4gn7m,2025-11,nqbtmjh,Motor_Cloud_9255,True,4.0,False,,False,23,1763885893,0,227.9,1807.0,2968.0,True
StartUpIndia,1p4gn7m,2025-11,nqbsnqv,No-Campaign-5576,True,6.0,True,5.0,False,10,1763885323,0,224.8,5.0,14.0,True
StartUpIndia,1p4gn7m,2025-11,nqbuiif,Imaginary-Western832,True,7.0,False,,False,7,1763886430,0,590.2,1788.0,5168.0,True
StartUpIndia,1p4gn7m,2025-11,nqc22hh,0ompa1o0mpa,True,8.0,False,,False,6,1763891001,0,,,,
StartUpIndia,1p4gn7m,2025-11,nqbxw3l,Glittering-Water1103,True,9.0,False,,False,5,1763888461,0,412.5,6621.0,7144.0,True
StartUpIndia,1p4gn7m,2025-11,nqc845w,Even-Patient-3836,True,10.0,False,,False,4,1763894614,0,1513.9,860.0,97.0,True
StartUpIndia,1ozdlxu,2025-11,npatobz,MotorTough,True,1.0,True,2.0,False,146,1763378742,0,2846.2,1484.0,12887.0,True
StartUpIndia,1ozdlxu,2025-11,npaxgj1,M0neyForNothing,True,2.0,True,5.0,False,87,1763380712,0,1497.3,16.0,3246.0,True
StartUpIndia,1ozdlxu,2025-11,npauxmy,nightmayz,True,3.0,True,3.0,False,32,1763379422,0,1594.0,688.0,2487.0,True
StartUpIndia,1ozdlxu,2025-11,npb8czp,cryogenic-goat,True,4.0,False,,False,21,1763385468,0,864.9,806.0,53091.0,False
StartUpIndia,1ozdlxu,2025-11,npatjkb,0mi0,True,5.0,True,1.0,False,4,1763378671,0,2666.5,36.0,112.0,True
StartUpIndia,1ozdlxu,2025-11,npavtxw,vicvcc,True,6.0,True,4.0,False,1,1763379896,0,784.2,46.0,37.0,True
StartUpIndia,1ozdlxu,2025-11,npb0r3y,Weird-Yogurt6205,True,7.0,False,,False,1,1763382290,0,932.7,112.0,2014.0,True
StartUpIndia,1ozdlxu,2025-11,npb1i4y,Zealousideal-Part849,True,8.0,False,,False,1,1763382632,0,989.2,121.0,7351.0,True
StartUpIndia,1ozdlxu,2025-11,npb2sc9,harshzzptl1,True,9.0,False,,False,1,1763383214,0,2115.5,188.0,973.0,True
StartUpIndia,1ozdlxu,2025-11,npb7m1b,tfPumpkin,True,10.0,False,,False,1,1763385183,0,340.1,1128.0,3144.0,True
StartUpIndia,1p3qa31,2025-11,nq6a0m3,faccha27,True,1.0,True,1.0,False,130,1763808718,0,1050.4,78.0,6616.0,True
StartUpIndia,1p3qa31,2025-11,nq6aihc,Bhrsoo,True,2.0,True,2.0,False,71,1763809019,0,2010.8,27152.0,4100.0,True
StartUpIndia,1p3qa31,2025-11,nq6kfqn,Holiday_Pool342,True,3.0,False,,False,26,1763814548,0,1057.7,359.0,1094.0,True
StartUpIndia,1p3qa31,2025-11,nq6ba3u,dopaminedune,True,4.0,True,3.0,False,14,1763809486,0,344.1,6840.0,17596.0,True
StartUpIndia,1p3qa31,2025-11,nq6y7xo,Hefty-Intention-1475,True,5.0,False,,False,6,1763820360,0,2006.7,1.0,26.0,True
StartUpIndia,1p3qa31,2025-11,nq6e6ke,Bangalore_2504,True,6.0,True,5.0,False,5,1763811203,0,808.4,415.0,731.0,False
StartUpIndia,1p3qa31,2025-11,nq6l2nk,Saitu282,True,7.0,False,,False,5,1763814862,0,3103.7,849.0,19867.0,True
StartUpIndia,1p3qa31,2025-11,nqavf4g,yostagg1,True,9.0,False,,False,2,1763868706,0,1017.1,392.0,3399.0,True
StartUpIndia,1p3qa31,2025-11,nqc5lwn,Earth_2511,True,8.0,False,,False,3,1763893095,0,296.9,1.0,6.0,True
StartUpIndia,1p3qa31,2025-11,nq6h2tu,Appropriate-Bug-755,True,10.0,False,,False,2,1763812812,0,763.1,673.0,15458.0,True
StartUpIndia,1p3qa31,2025-11,nq6bjc2,outlaw_king10,False,,True,4.0,False,1,1763809643,0,1153.0,101.0,11939.0,True
StartUpIndia,1p8vxf8,2025-11,nr7ynzu,Mediocre_Lead5119,True,1.0,True,4.0,False,259,1764340001,0,721.1,45.0,1567.0,True
StartUpIndia,1p8vxf8,2025-11,nr7za1y,Extra_Payment_6197,True,2.0,True,5.0,False,161,1764340229,0,1334.8,606.0,534.0,True
StartUpIndia,1p8vxf8,2025-11,nr7xk7p,manideeploop,True,3.0,True,1.0,False,158,1764339592,0,2213.1,7568.0,3550.0,True
StartUpIndia,1p8vxf8,2025-11,nr81arn,putturi_puttu,True,4.0,False,,False,99,1764340979,0,623.5,1612.0,7479.0,False
StartUpIndia,1p8vxf8,2025-11,nr7xkme,Cunnykun,True,5.0,True,2.0,False,70,1764339596,0,747.0,11622.0,16531.0,False
StartUpIndia,1p8vxf8,2025-11,nr80iv2,sumandas094,True,6.0,False,,False,57,1764340696,0,2247.0,11819.0,12743.0,True
StartUpIndia,1p8vxf8,2025-11,nr86dbw,Electrical_Essay7947,True,7.0,False,,False,37,1764342780,0,,,,
StartUpIndia,1p8vxf8,2025-11,nr7zcl1,kernelKiddo,True,8.0,False,,False,31,1764340255,0,926.7,6.0,86.0,True
StartUpIndia,1p8vxf8,2025-11,nr88fqo,darkdaemon000,True,9.0,False,,False,29,1764343485,0,2848.7,28551.0,27969.0,True
StartUpIndia,1p8vxf8,2025-11,nr801tf,Cod_277killsshipment,True,10.0,False,,False,21,1764340520,0,809.7,1034.0,323.0,True
StartUpIndia,1p8vxf8,2025-11,nr7xo3x,Common_Incident_9498,False,,True,3.0,False,9,1764339632,0,235.5,153.0,778.0,True
StartUpIndia,1otho7q,2025-11,no4tmsz,Sudden-Oil4786,True,1.0,True,4.0,False,240,1762793902,0,1096.0,1935.0,16789.0,True
StartUpIndia,1otho7q,2025-11,no4k7tu,RaspberryOk6086,True,2.0,True,1.0,False,69,1762791170,0,2042.0,78.0,1642.0,True
StartUpIndia,1otho7q,2025-11,no4lv7j,BurgerGunz,True,3.0,True,2.0,False,65,1762791647,0,214.6,1.0,241.0,True
StartUpIndia,1otho7q,2025-11,no4lyxd,zahirb,True,4.0,True,3.0,False,16,1762791678,0,4328.5,100.0,4943.0,True
StartUpIndia,1otho7q,2025-11,no4tn6n,UnderstandingFit8972,True,5.0,True,5.0,False,8,1762793905,0,504.6,1.0,3731.0,True
StartUpIndia,1otho7q,2025-11,no4tv00,Prestigious_Dare7734,True,6.0,False,,False,3,1762793969,0,2005.2,1147.0,19530.0,True
StartUpIndia,1otho7q,2025-11,no87cgk,Aromatic_Net9754,True,7.0,False,,False,3,1762833688,0,538.0,469.0,1597.0,True
StartUpIndia,1otho7q,2025-11,no52th9,gitstatus,True,8.0,False,,False,1,1762796622,0,2830.0,3708.0,2944.0,True
StartUpIndia,1otho7q,2025-11,no5gway,Khatam_kardunga,True,9.0,False,,False,1,1762800656,0,,,,
StartUpIndia,1otho7q,2025-11,no5idyd,ShreyashC7,True,10.0,False,,False,1,1762801086,0,1439.7,83.0,71.0,True
TwoXIndia,1omp3dr,2025-11,nmqxqri,Traditional-Pizza530,True,1.0,False,,False,257,1762109262,0,1946.2,4670.0,18364.0,True
TwoXIndia,1omp3dr,2025-11,nmqvwqx,Extra-Platypus3720,True,2.0,True,1.0,False,139,1762108751,0,1058.9,1714.0,23379.0,True
TwoXIndia,1omp3dr,2025-11,nmqx2ic,Accomplished-Ad-8123,True,3.0,True,2.0,False,122,1762109075,0,2139.1,479.0,4554.0,True
TwoXIndia,1omp3dr,2025-11,nmqxd3b,RevolutionarySink777,True,4.0,True,3.0,True,57,1762109156,0,1146.3,1072.0,8658.0,True
TwoXIndia,1omp3dr,2025-11,nmqxd4h,var_usernameinput,True,5.0,True,4.0,False,40,1762109156,0,537.8,26335.0,75322.0,True
TwoXIndia,1omp3dr,2025-11,nmqxp93,Familiar_Mango_7509,True,6.0,False,,False,31,1762109251,0,1668.9,104748.0,16627.0,True
TwoXIndia,1omp3dr,2025-11,nmqxi7l,___Twix___,True,7.0,True,5.0,False,25,1762109196,0,,,,
TwoXIndia,1omp3dr,2025-11,nmqxz9k,Beginning_Bird_8947,True,10.0,False,,False,18,1762109329,0,1027.2,802.0,1114.0,True
TwoXIndia,1omp3dr,2025-11,nmqzj7w,lollipop_laagelu,True,8.0,False,,False,22,1762109768,0,,,,
TwoXIndia,1omp3dr,2025-11,nmqzhcz,NarglesChaserRaven,True,9.0,False,,False,19,1762109754,0,1953.9,13055.0,89797.0,True
TwoXIndia,1p4trxl,2025-11,nqea4cv,nabhaa,True,1.0,True,1.0,False,493,1763922424,0,1134.1,346.0,2681.0,True
TwoXIndia,1p4trxl,2025-11,nqfqjq6,Purrminator1974,True,2.0,False,,False,398,1763938168,0,1642.0,910.0,142003.0,True
TwoXIndia,1p4trxl,2025-11,nqedv26,YourStonedMom,True,3.0,True,3.0,False,244,1763923473,0,1742.2,295.0,2535.0,True
TwoXIndia,1p4trxl,2025-11,nqefwim,Melodic-Age2531,True,4.0,True,4.0,False,171,1763924044,0,1799.9,1525.0,13900.0,True
TwoXIndia,1p4trxl,2025-11,nqewly8,UKnowNothiing,True,5.0,False,,False,83,1763928999,0,633.0,91.0,668.0,True
TwoXIndia,1p4trxl,2025-11,nqel3ht,Electronic-Post3115,True,6.0,True,5.0,False,65,1763925536,0,1994.7,1021.0,306.0,True
TwoXIndia,1p4trxl,2025-11,nqes7y7,killmeontheinside,True,7.0,False,,False,45,1763927698,0,2715.4,6423.0,34233.0,True
TwoXIndia,1p4trxl,2025-11,nqezm6q,SignificantSimple576,True,8.0,False,,False,45,1763929867,0,516.6,639.0,3865.0,True
TwoXIndia,1p4trxl,2025-11,nqebk54,SnooChickens2015,True,9.0,True,2.0,False,25,1763922832,0,2030.7,304.0,2341.0,True
TwoXIndia,1p4trxl,2025-11,nqf6qqj,_capybara_17,True,10.0,False,,False,24,1763931966,0,1182.9,1.0,254.0,True
TwoXIndia,1p3nl6i,2025-11,nq5ssfn,Charming-Objective15,True,1.0,True,3.0,False,153,1763798244,0,734.7,2819.0,11802.0,True
TwoXIndia,1p3nl6i,2025-11,nq5sgev,Inevitable-Step-1056,True,2.0,True,1.0,False,91,1763798050,0,1820.2,413.0,5038.0,True
TwoXIndia,1p3nl6i,2025-11,nq5u1a5,Careless-Gold5190,True,3.0,True,4.0,False,88,1763798975,0,506.8,96.0,494.0,True
TwoXIndia,1p3nl6i,2025-11,nq5ss74,Frequent-Athlete-666,True,4.0,True,2.0,False,81,1763798241,0,,,,
TwoXIndia,1p3nl6i,2025-11,nq5uco2,Flaky-Cheek-5571,True,5.0,True,5.0,False,48,1763799162,0,971.9,1357.0,25273.0,True
TwoXIndia,1p3nl6i,2025-11,nq5w3do,brownshugababy,True,6.0,False,,False,36,1763800211,0,2443.1,4741.0,184754.0,True
TwoXIndia,1p3nl6i,2025-11,nq6gf7l,SunSunny07,True,7.0,False,,False,18,1763812458,0,4147.8,606.0,8323.0,True
TwoXIndia,1p3nl6i,2025-11,nq5w85o,Glass-Currency5026,True,8.0,False,,False,14,1763800293,0,714.4,1273.0,1125.0,True
TwoXIndia,1p3nl6i,2025-11,nq5xja3,Puzzleheaded-Ad7606,True,9.0,False,,False,5,1763801087,0,2108.3,2150.0,587321.0,True
TwoXIndia,1p3nl6i,2025-11,nq5zsdm,No_Concentrate2187,True,10.0,False,,False,5,1763802439,0,542.4,3225.0,5915.0,True
TwoXIndia,1par4g0,2025-11,nrl8tqf,WittyCry4374,True,1.0,True,1.0,False,100,1764532436,0,996.4,127.0,30986.0,False
TwoXIndia,1par4g0,2025-11,nrljldl,millenial_paradox,True,2.0,True,2.0,False,58,1764535808,0,2062.9,171.0,9836.0,True
TwoXIndia,1par4g0,2025-11,nrm9fpc,Asleep_Cut_5628,True,3.0,True,3.0,False,24,1764544033,0,859.0,1240.0,822.0,True
TwoXIndia,1par4g0,2025-11,nrntrru,SpinachAlternative96,True,4.0,False,,False,18,1764564821,0,1802.0,2373.0,6977.0,True
TwoXIndia,1par4g0,2025-11,nrnnvv9,metzaxe,True,5.0,False,,False,14,1764562368,0,653.9,206.0,215.0,True
TwoXIndia,1par4g0,2025-11,nrnmzsv,Aieewhatyaa,True,6.0,False,,False,7,1764562008,0,807.8,609.0,2278.0,False
TwoXIndia,1par4g0,2025-11,nrn36l2,Due-Whole5339,True,7.0,True,4.0,False,7,1764554498,0,1980.2,914.0,3984.0,True
TwoXIndia,1par4g0,2025-11,nrnmf8i,student_forlife,True,8.0,True,5.0,False,5,1764561775,0,1715.2,304.0,1440.0,True
TwoXIndia,1par4g0,2025-11,nro62v2,Anxious_truffle,True,9.0,False,,False,5,1764570684,0,2168.6,701.0,4606.0,True
TwoXIndia,1par4g0,2025-11,nrobo14,Impressive_Deer_1221,True,10.0,False,,False,5,1764573802,0,1524.3,187.0,521.0,True
TwoXIndia,1p8jkef,2025-11,nr5msc8,Next-Cow-6642,True,1.0,True,5.0,False,406,1764298293,0,948.3,75.0,3729.0,False
TwoXIndia,1p8jkef,2025-11,nr5ks6y,NearbyAbrocoma659,True,2.0,True,1.0,False,141,1764297505,0,1388.0,1892.0,55350.0,True
TwoXIndia,1p8jkef,2025-11,nr602vx,Spiritspeaker455666,True,4.0,False,,False,116,1764303813,0,636.0,124.0,5963.0,False
TwoXIndia,1p8jkef,2025-11,nr5z6eh,JamJam22RedVelvet,True,3.0,False,,False,121,1764303431,0,,,,
TwoXIndia,1p8jkef,2025-11,nr5lf2o,Rude-Sir1342,True,5.0,True,3.0,False,82,1764297753,0,479.7,492.0,4272.0,True
TwoXIndia,1p8jkef,2025-11,nr62xjm,proudofme_,True,6.0,False,,False,81,1764305077,0,2017.9,10796.0,46176.0,True
TwoXIndia,1p8jkef,2025-11,nr5o2tk,whyumadz,True,7.0,False,,False,76,1764298794,0,,,,
TwoXIndia,1p8jkef,2025-11,nr5llzc,Jimmyjamhopper,True,9.0,True,4.0,False,67,1764297828,0,2178.8,335.0,4887.0,True
TwoXIndia,1p8jkef,2025-11,nr61uj5,princess_soraya,True,8.0,False,,False,69,1764304583,0,2617.3,560.0,1040.0,True
TwoXIndia,1p8jkef,2025-11,nr5x8vr,rae_is_rad,True,10.0,False,,False,62,1764302593,0,3321.2,4389.0,14048.0,True
TwoXIndia,1p8jkef,2025-11,nr5lcfd,Few_Resource_657,False,,True,2.0,False,48,1764297725,0,265.8,5777.0,9095.0,True
TwoXIndia,1p6cduw,2025-11,nqp9vyi,GoldSalt3059,True,1.0,True,1.0,False,211,1764077833,0,1351.2,984.0,13846.0,True
TwoXIndia,1p6cduw,2025-11,nqpasyk,Sillyintrovert15,True,2.0,True,2.0,False,179,1764078159,0,1298.9,321.0,2264.0,False
TwoXIndia,1p6cduw,2025-11,nqphwat,SpinachAlternative96,True,3.0,False,,False,127,1764080619,0,1802.0,2373.0,6977.0,True
TwoXIndia,1p6cduw,2025-11,nqpddj4,Kenma911,True,4.0,True,4.0,False,47,1764079060,0,235.0,898.0,776.0,True
TwoXIndia,1p6cduw,2025-11,nqpc9vj,Equivalent_Win_5191,True,5.0,True,3.0,False,38,1764078674,0,1868.1,191.0,3770.0,True
TwoXIndia,1p6cduw,2025-11,nqpgv21,Mthrfuckntrainwreck,True,6.0,False,,False,30,1764080269,0,1924.8,5157.0,37846.0,True
TwoXIndia,1p6cduw,2025-11,nqqnh5w,Careless-Mammoth-944,True,7.0,False,,False,19,1764093259,0,1642.1,302.0,69790.0,True
TwoXIndia,1p6cduw,2025-11,nqpdvxu,thankyouforecstasy,True,8.0,True,5.0,False,17,1764079237,0,1302.9,2280.0,29449.0,True
TwoXIndia,1p6cduw,2025-11,nqq5376,Introverted_Caffeine,True,9.0,False,,False,13,1764087802,0,1207.0,38.0,1440.0,True
TwoXIndia,1p6cduw,2025-11,nqpkpnk,wanna_beeee,True,10.0,False,,False,7,1764081569,0,1826.0,7892.0,17468.0,True
TwoXIndia,1ovychz,2025-11,nom5hpb,SignificantSimple576,True,1.0,True,2.0,False,269,1763032939,0,516.6,639.0,3865.0,True
TwoXIndia,1ovychz,2025-11,nomjpt6,catsatemycheese,True,2.0,True,4.0,False,165,1763039324,0,1563.9,147.0,717.0,True
TwoXIndia,1ovychz,2025-11,noma5ym,rayhastings,True,3.0,True,3.0,False,94,1763035259,0,2654.8,1159.0,13445.0,True
TwoXIndia,1ovychz,2025-11,noml4i4,_womanofculture,True,4.0,True,5.0,False,50,1763039850,0,1146.5,10309.0,26126.0,True
TwoXIndia,1ovychz,2025-11,nomu10v,Anxious_truffle,True,5.0,False,,False,31,1763042995,0,2168.6,701.0,4606.0,True
TwoXIndia,1ovychz,2025-11,nonnd34,Historical_Sun451,True,6.0,False,,False,17,1763051991,0,1893.1,1208.0,5104.0,True
TwoXIndia,1ovychz,2025-11,noongmc,VoirDireWolf_,True,7.0,False,,False,13,1763062537,0,393.2,300.0,1056.0,True
TwoXIndia,1ovychz,2025-11,novk5bo,nabhaa,True,8.0,False,,False,11,1763155383,0,1134.1,346.0,2681.0,True
TwoXIndia,1ovychz,2025-11,noo1tds,FeistyWhereas2024,True,9.0,False,,False,3,1763056249,0,851.7,6925.0,1653.0,True
TwoXIndia,1ovychz,2025-11,noson10,DiedCoke2008,True,10.0,False,,False,3,1763122300,0,2595.9,1.0,1629.0,True
TwoXIndia,1ovychz,2025-11,nom51vt,Emotional_Aerie2077,False,,True,1.0,False,3,1763032704,0,602.5,206.0,4995.0,True
TwoXIndia,1op7oxu,2025-11,nn9r7d7,wildwolf-1985,True,1.0,True,3.0,False,149,1762363582,0,1473.7,1778.0,33019.0,True
TwoXIndia,1op7oxu,2025-11,nn9vy19,MelodicHeartstrings,True,2.0,True,4.0,False,124,1762364917,0,579.7,343.0,831.0,True
TwoXIndia,1op7oxu,2025-11,nn9xhat,Throwaway9999906,True,3.0,True,5.0,False,101,1762365332,0,1965.9,603.0,780.0,True
TwoXIndia,1op7oxu,2025-11,nn9ktrj,No-Vermicelli-5258,True,4.0,True,1.0,False,38,1762361761,0,799.7,506.0,589.0,True
TwoXIndia,1op7oxu,2025-11,nnkis4n,Threw_Away_Thrice,True,5.0,False,,False,1,1762507742,0,1592.6,796.0,10441.0,True
TwoXIndia,1op7oxu,2025-11,nop12pk,shagunpapaya,True,6.0,False,,False,1,1763066665,0,515.1,1.0,167.0,True
TwoXIndia,1op7oxu,2025-11,nn9p0ay,Zealousideal-Lie7406,True,7.0,True,2.0,False,-30,1762362957,0,2089.1,5014.0,898.0,True
TwoXIndia,1omawbq,2025-11,nmo2pu4,Just_scrolling07,True,1.0,True,4.0,False,141,1762067952,0,1450.0,2350.0,4888.0,True
TwoXIndia,1omawbq,2025-11,nmo9vci,NotSoAverageN,True,2.0,False,,False,78,1762072520,0,781.4,48.0,9791.0,True
TwoXIndia,1omawbq,2025-11,nmo2adu,ResearcherTrue5053,True,3.0,True,1.0,False,21,1762067681,0,581.1,15.0,4406.0,True
TwoXIndia,1omawbq,2025-11,nmpfgke,investing_kid,True,5.0,False,,False,7,1762092867,0,1971.0,1767.0,27968.0,False
TwoXIndia,1omawbq,2025-11,nmo2lbm,sleepdeprived99,True,4.0,True,3.0,False,8,1762067872,0,2148.7,4379.0,11012.0,True
TwoXIndia,1omawbq,2025-11,nmo2gi6,Throwaway9999906,True,6.0,True,2.0,False,5,1762067789,0,1965.9,603.0,780.0,True
TwoXIndia,1omawbq,2025-11,nmo3cw6,Ka_lie_doscope-Eyes,True,7.0,True,5.0,False,3,1762068364,0,2297.1,11157.0,66590.0,True
TwoXIndia,1omawbq,2025-11,nmoah61,Beginning_Bird_8947,True,8.0,False,,False,2,1762072904,0,1027.2,802.0,1114.0,True
TwoXIndia,1omawbq,2025-11,nmp6wtk,ohhjeeezz,True,9.0,False,,False,2,1762089816,0,1374.9,250.0,8022.0,True
TwoXIndia,1omawbq,2025-11,nmrr2p8,lollipop_laagelu,True,10.0,False,,False,2,1762117583,0,,,,
TwoXIndia,1ozehv6,2025-11,npb1kf1,freakyfriday3100,True,1.0,True,2.0,False,313,1763382662,0,1578.3,35.0,2045.0,True
TwoXIndia,1ozehv6,2025-11,npb0xas,1mveryconfused,True,2.0,True,1.0,False,200,1763382368,0,2182.4,2767.0,27606.0,True
TwoXIndia,1ozehv6,2025-11,npbehd8,pearl_mermaid,True,3.0,True,4.0,False,109,1763387696,0,1504.0,11774.0,90840.0,True
TwoXIndia,1ozehv6,2025-11,npbiqll,Mthrfuckntrainwreck,True,4.0,False,,False,108,1763389193,0,1924.8,5157.0,37846.0,True
TwoXIndia,1ozehv6,2025-11,npber6n,KaramMasalaDosa,True,5.0,True,5.0,False,47,1763387792,0,2818.4,1877.0,9151.0,True
TwoXIndia,1ozehv6,2025-11,npbus0n,rashmi1221,True,6.0,False,,False,28,1763393095,0,2588.0,2386.0,7348.0,True
TwoXIndia,1ozehv6,2025-11,npf3mhb,ConfusedGeminii,True,7.0,False,,False,26,1763429538,0,1053.4,7.0,633.0,True
TwoXIndia,1ozehv6,2025-11,npblh4u,Mahirahk,True,8.0,False,,False,20,1763390121,0,1409.6,86.0,9186.0,True
TwoXIndia,1ozehv6,2025-11,npcgab5,Next_Ad_8227,True,9.0,False,,False,18,1763399476,0,766.6,235.0,4544.0,True
TwoXIndia,1ozehv6,2025-11,npbv7e1,KataiiZeher,True,10.0,False,,False,14,1763393227,0,523.3,19710.0,12245.0,True
TwoXIndia,1ozehv6,2025-11,npbe6l7,CaptainNaive7659,False,,True,3.0,False,11,1763387590,0,2110.6,758.0,7065.0,True
teenindia,1oxlcx7,2025-11,noy5avq,Saiyan_Bardook,True,1.0,True,4.0,False,1048,1763194270,0,622.6,84.0,4390.0,True
teenindia,1oxlcx7,2025-11,noy3hcg,Impressive-Mix5605,True,2.0,True,3.0,False,103,1763193172,0,1427.4,519.0,614.0,True
teenindia,1oxlcx7,2025-11,noybjfx,Ok_Pitch_7362,True,3.0,False,,False,75,1763198185,0,,,,
teenindia,1oxlcx7,2025-11,noyac37,Character_Arrival196,True,4.0,False,,False,75,1763197424,0,411.0,44.0,370.0,True
teenindia,1oxlcx7,2025-11,noy60xo,sharpest-sperm-ever,True,5.0,True,5.0,False,25,1763194718,0,212.9,901.0,5272.0,True
teenindia,1oxlcx7,2025-11,noy96fv,LargrFries43,True,6.0,False,,False,13,1763196693,0,246.0,23465.0,7155.0,True
teenindia,1oxlcx7,2025-11,noy9v2v,Ok_Bandicoot6313,True,7.0,False,,False,12,1763197125,0,482.7,8.0,162.0,True
teenindia,1oxlcx7,2025-11,nozihev,Sea-Ask114,True,8.0,False,,False,10,1763218784,0,1506.0,832.0,658.0,True
teenindia,1oxlcx7,2025-11,noy0ezg,Turbulent_Singer3041,True,9.0,True,1.0,False,9,1763191325,0,,,,
teenindia,1oxlcx7,2025-11,noy0xpg,LocalBeyond9455,True,10.0,True,2.0,False,7,1763191638,0,591.9,1.0,623.0,True
teenindia,1on4fwe,2025-11,nmu7wj6,scarlettnevergarden,True,1.0,True,2.0,False,671,1762151132,0,215.4,482.0,1041.0,True
teenindia,1on4fwe,2025-11,nmu8c16,FlanExisting8490,True,2.0,True,4.0,False,250,1762151377,0,686.2,234.0,1019.0,True
teenindia,1on4fwe,2025-11,nmu7p7m,scarlettnevergarden,True,3.0,True,1.0,False,129,1762151018,0,215.4,482.0,1041.0,True
teenindia,1on4fwe,2025-11,nmu8ik4,Jumpy_Intern_8096,True,4.0,True,5.0,False,47,1762151480,0,420.0,1921.0,7788.0,True
teenindia,1on4fwe,2025-11,nmu8blq,Financial-Ability347,True,5.0,True,3.0,False,25,1762151371,0,950.1,575.0,9321.0,True
teenindia,1on4fwe,2025-11,nmu9skw,Lazy_Half3042,True,6.0,False,,False,20,1762152231,0,,,,
teenindia,1on4fwe,2025-11,nmua4uk,Weary-Author-9024,True,7.0,False,,False,16,1762152426,0,1495.9,609.0,2835.0,True
teenindia,1on4fwe,2025-11,nmu8yjo,kshitiz5,True,8.0,False,,False,12,1762151741,0,2651.0,91.0,2298.0,True
teenindia,1on4fwe,2025-11,nmulgjp,Figure-01,True,9.0,False,,False,7,1762159389,0,245.9,52.0,2693.0,True
teenindia,1p4nv0a,2025-11,nqfjdfx,Anxious-Argument-482,True,1.0,True,2.0,False,12,1763935798,0,1272.8,1250.0,57920.0,True
teenindia,1p4nv0a,2025-11,nqd0q1b,Impossible-End-9796,True,2.0,True,1.0,False,7,1763908055,0,1999.3,2796.0,14666.0,True
teenindia,1p782us,2025-11,nqvpkr2,Whole-Astronaut-4230,True,1.0,False,,False,568,1764165445,0,,,,
teenindia,1p782us,2025-11,nqvommv,Footballka14da2121,True,2.0,True,3.0,False,265,1764165114,0,323.1,36759.0,13097.0,True
teenindia,1p782us,2025-11,nqvnolk,Turbulent_Divide3073,True,3.0,True,1.0,False,110,1764164780,0,,,,
teenindia,1p782us,2025-11,nqvooe5,Prestigious-Pay761,True,4.0,True,4.0,False,65,1764165131,0,641.0,9.0,1646.0,True
teenindia,1p782us,2025-11,nqvpiq4,Electrical_Size_1999,True,5.0,False,,False,19,1764165426,0,214.0,16780.0,8302.0,True
teenindia,1p782us,2025-11,nqvoh31,panipurilelo20main6,True,6.0,True,2.0,False,14,1764165061,0,,,,
teenindia,1p782us,2025-11,nqvpbk6,Accomplished-Law8133,True,8.0,True,5.0,False,13,1764165356,0,826.9,3.0,2728.0,True
teenindia,1p782us,2025-11,nqvps3r,Tricky-Addition849,True,7.0,False,,False,14,1764165516,0,874.0,1.0,6607.0,True
teenindia,1p782us,2025-11,nqvtlzp,richcatdaddy,True,9.0,False,,False,7,1764166844,0,,,,
teenindia,1oo1f3u,2025-11,nn0vskq,IndependentFront1175,True,1.0,True,1.0,False,65,1762242172,0,,,,
teenindia,1oo1f3u,2025-11,nn10hvh,No_Strength_59,True,2.0,False,,False,43,1762245017,0,682.9,12.0,495.0,True
teenindia,1oo1f3u,2025-11,nn0wsfz,Intelligent_Duck_180,True,3.0,True,4.0,False,29,1762242766,0,801.8,4619.0,10722.0,True
teenindia,1oo1f3u,2025-11,nn0wrvr,TheAkainu,True,4.0,True,3.0,False,13,1762242756,0,238.8,817.0,7.0,False
teenindia,1oo1f3u,2025-11,nn0x5om,Helpful_Platypus1152,True,5.0,True,5.0,False,11,1762242980,0,1896.0,5.0,3336.0,True
teenindia,1oo1f3u,2025-11,nn0wguf,Alone_Objective9017,True,7.0,True,2.0,False,4,1762242574,0,626.9,653.0,13037.0,True
teenindia,1oo1f3u,2025-11,nn1l44t,Thin_Ad_7459,True,6.0,False,,False,5,1762256908,0,1271.9,25.0,615.0,True
teenindia,1oo1f3u,2025-11,nn1nq57,Weak_Resort_3149,True,8.0,False,,False,3,1762260336,0,225.2,10173.0,14.0,False
teenindia,1oo1f3u,2025-11,nn5bmse,LiveKaleidoscope8625,True,9.0,False,,False,3,1762299883,0,262.1,1.0,41.0,True
teenindia,1oo1f3u,2025-11,no1gv8v,jellyfishrcoolaf,True,10.0,False,,False,3,1762741378,0,214.9,6224.0,7448.0,True
teenindia,1olen68,2025-11,nmhh90m,AbrocomaAgreeable554,True,1.0,True,3.0,False,680,1761970250,0,263.1,383.0,2060.0,True
teenindia,1olen68,2025-11,nmhhzd8,rimbogimbo69,True,2.0,False,,False,640,1761970629,0,814.7,5715.0,21622.0,True
teenindia,1olen68,2025-11,nmhgqtp,Character-Toe9999,True,3.0,True,1.0,False,311,1761969996,0,218.0,9.0,415.0,False
teenindia,1olen68,2025-11,nmhikx0,Federal_Anxiety_773,True,4.0,False,,False,65,1761970939,0,2019.2,1489.0,2603.0,True
teenindia,1olen68,2025-11,nmhhiy3,Murzpro,True,5.0,True,4.0,False,32,1761970393,0,1585.0,42.0,3687.0,True
teenindia,1olen68,2025-11,nmhoxwi,sjain605,True,6.0,False,,False,19,1761974501,0,2595.8,169.0,1972.0,True
teenindia,1olen68,2025-11,nmhhpxw,HospitalLegitimate,True,7.0,True,5.0,False,17,1761970493,0,2120.2,160.0,443.0,True
teenindia,1olen68,2025-11,nmhi2j9,chweet_goodboy,True,8.0,False,,False,16,1761970674,0,269.2,7.0,587.0,True
teenindia,1olen68,2025-11,nmhjkgm,prattstory,True,9.0,False,,False,15,1761971467,0,,,,
teenindia,1olen68,2025-11,nmhgy70,queefandqueer-master,False,,True,2.0,False,9,1761970100,0,,,,
teenindia,1olen68,2025-11,nmhivrt,Adiwatchesanime,True,10.0,False,,False,10,1761971102,0,1489.9,94.0,653.0,True
teenindia,1oyfh2x,2025-11,np41ucd,RyanButNotGosling,True,1.0,True,3.0,False,296,1763278184,0,,,,
teenindia,1oyfh2x,2025-11,np429kq,ydhddjjd,True,2.0,True,4.0,True,56,1763278434,0,,,,
teenindia,1oyfh2x,2025-11,np44lo7,LittleAnxiety3342,True,3.0,True,5.0,False,40,1763279801,0,314.0,1151.0,3370.0,True
teenindia,1oyfh2x,2025-11,np41sly,ydhddjjd,True,5.0,True,2.0,True,10,1763278155,0,,,,
teenindia,1oyfh2x,2025-11,np41iga,69ForUh,True,4.0,True,1.0,False,12,1763277988,0,350.9,8632.0,1972.0,True
teenindia,1oyfh2x,2025-11,np45haa,soul_ranveer__,True,6.0,False,,False,9,1763280327,0,897.0,4.0,3733.0,True
teenindia,1oyfh2x,2025-11,np4d804,Optimus1923,True,7.0,False,,False,8,1763285019,0,3027.9,191.0,2362.0,True
teenindia,1oyfh2x,2025-11,np48rac,Neat-Pumpkin-4449,True,8.0,False,,False,6,1763282313,0,,,,
teenindia,1oyfh2x,2025-11,np4dkad,jokerxgoro,True,9.0,False,,False,3,1763285232,0,207.9,17299.0,11057.0,False
teenindia,1oyfh2x,2025-11,np498ja,Pitiful-Invite73,True,10.0,False,,False,2,1763282600,0,,,,
teenindia,1oovktr,2025-11,nn756f6,Sad_Razzmatazz5411,True,1.0,True,2.0,False,486,1762325416,0,319.2,32.0,553.0,True
teenindia,1oovktr,2025-11,nn74znn,ResolutionCorrect811,True,2.0,True,1.0,False,307,1762325315,0,533.2,17.0,382.0,True
teenindia,1oovktr,2025-11,nn76ddq,No_Oil8660,True,3.0,False,,False,104,1762326059,0,360.2,47.0,120.0,True
teenindia,1oovktr,2025-11,nn76vhm,hopefulmaniac,True,4.0,False,,False,26,1762326335,0,768.0,1640.0,23810.0,True
teenindia,1oovktr,2025-11,nn78p42,Atharv-kant,True,6.0,False,,False,13,1762327364,0,1476.0,24.0,34.0,True
teenindia,1oovktr,2025-11,nn7752v,scarlettnevergarden,True,5.0,False,,False,14,1762326483,0,215.4,482.0,1041.0,True
teenindia,1oovktr,2025-11,nn75nz4,Master-Bottle341,True,7.0,True,4.0,False,6,1762325679,0,468.6,21246.0,109113.0,True
teenindia,1oovktr,2025-11,nn77rn4,cocokcid,True,8.0,False,,False,5,1762326835,0,474.1,511.0,5112.0,True
teenindia,1oovktr,2025-11,nn77o7y,IncidentCrafty2846,True,10.0,False,,False,3,1762326782,0,468.0,164.0,4420.0,True
teenindia,1oovktr,2025-11,nn758sb,Academic-Win-5446,False,,True,3.0,False,3,1762325450,0,551.4,1592.0,1458.0,True
teenindia,1oovktr,2025-11,nn765jy,Gangaram_026,True,9.0,True,5.0,False,4,1762325940,0,1155.7,32.0,160.0,True
teenindia,1p3n0km,2025-11,nq5pjyh,Chikkiji,True,1.0,False,,False,668,1763796317,0,525.8,72.0,5035.0,True
teenindia,1p3n0km,2025-11,nq5pfig,Cute-Oven8125,True,2.0,False,,False,266,1763796242,0,2098.2,233.0,635.0,True
teenindia,1p3n0km,2025-11,nq5pdlp,PeakOverthinker,True,3.0,True,5.0,False,126,1763796210,0,197.2,1282.0,1331.0,True
teenindia,1p3n0km,2025-11,nq5sec7,Fabulous_Thought6114,True,4.0,False,,False,67,1763798016,0,915.9,5482.0,52070.0,True
teenindia,1p3n0km,2025-11,nq5sao3,TrueCrimeGurlie,True,5.0,False,,False,38,1763797956,0,283.9,68.0,2974.0,True
teenindia,1p3n0km,2025-11,nq5otja,Ieatdragonforlunch,True,6.0,True,1.0,False,28,1763795877,0,241.4,1137.0,286.0,True
teenindia,1p3n0km,2025-11,nq5sfrz,Realistic-Ratio8438,True,7.0,False,,False,21,1763798039,0,348.0,18.0,161.0,True
teenindia,1p3n0km,2025-11,nq5sxxy,Adgreat_06,True,8.0,False,,False,19,1763798336,0,1845.1,42.0,289.0,True
teenindia,1p3n0km,2025-11,nq5sfq4,apewithglasses,True,10.0,False,,False,12,1763798038,0,282.8,2770.0,639.0,True
teenindia,1p3n0km,2025-11,nq622e6,ArgumentDependent150,True,9.0,False,,False,13,1763803849,0,1921.3,5551.0,1905.0,True
teenindia,1p3n0km,2025-11,nq5p9kz,starry_svetlana,False,,True,3.0,False,11,1763796143,0,,,,
teenindia,1p3n0km,2025-11,nq5pd1t,hmmmmmmmm12345678,False,,True,4.0,False,9,1763796201,0,216.2,125.0,278.0,True
teenindia,1p3n0km,2025-11,nq5p966,IllustriousDimple862,False,,True,2.0,False,9,1763796136,0,280.1,407.0,22664.0,True
teenindia,1ov5r8t,2025-11,nogfd1v,TreeForYouAndMe,True,1.0,True,2.0,False,224,1762955796,0,,,,
teenindia,1ov5r8t,2025-11,nogpecw,MathematicianSad4262,True,2.0,False,,False,26,1762959179,0,619.8,24.0,519.0,True
teenindia,1ov5r8t,2025-11,nogjj89,-Skull-Knight,True,3.0,False,,False,22,1762957246,0,455.8,14254.0,933.0,True
teenindia,1ov5r8t,2025-11,nogjoc0,darkdynamic1928,True,4.0,False,,False,15,1762957294,0,641.1,24083.0,44682.0,True
teenindia,1ov5r8t,2025-11,nogjul4,Old_Management_6060,True,5.0,False,,False,15,1762957354,0,1021.9,290.0,3235.0,True
teenindia,1ov5r8t,2025-11,nogf8v3,zaiden_0,True,6.0,True,1.0,False,4,1762955756,0,206.1,17.0,33.0,True
teenindia,1ov5r8t,2025-11,nogfhf1,KaisenKlaus,True,7.0,True,3.0,False,2,1762955838,0,931.7,3.0,499.0,True
teenindia,1ov5r8t,2025-11,nogif9v,BoobinderPussiya_,True,8.0,True,4.0,False,2,1762956865,0,,,,
teenindia,1ov5r8t,2025-11,nogj21j,chhole_bhatureeee,True,9.0,True,5.0,False,2,1762957083,0,306.0,23.0,1983.0,True
AskIndianWomen,1p11fx2,2025-11,npmwmc9,Alone_Sheepherder896,True,1.0,True,2.0,False,205,1763538683,0,1397.1,2873.0,6948.0,True
AskIndianWomen,1p11fx2,2025-11,npmy02x,baddie_since1988,True,2.0,False,,False,159,1763539505,0,218.1,3372.0,8887.0,True
AskIndianWomen,1p11fx2,2025-11,npmy7vr,ForeverGotTheZoomies,True,3.0,False,,False,132,1763539635,0,541.8,691.0,3579.0,True
AskIndianWomen,1p11fx2,2025-11,npmwwoc,Competitive_Text3153,True,4.0,True,3.0,False,127,1763538855,0,1527.0,4632.0,15118.0,True
AskIndianWomen,1p11fx2,2025-11,npmy0ix,Longjumping-Act6680,True,5.0,False,,False,98,1763539512,0,473.8,191.0,1392.0,True
AskIndianWomen,1p11fx2,2025-11,npmwd7u,pepsijamun,True,6.0,True,1.0,False,69,1763538532,0,397.0,731.0,6809.0,True
AskIndianWomen,1p11fx2,2025-11,npmxrex,_siddharth_gautama,True,8.0,True,5.0,False,54,1763539359,0,,,,
AskIndianWomen,1p11fx2,2025-11,npmxv97,Recent-Ad-7177,True,7.0,False,,False,55,1763539423,0,1835.4,7074.0,11555.0,True
AskIndianWomen,1p11fx2,2025-11,npmz9hg,No-Cry-9695,True,9.0,False,,False,36,1763540282,0,625.5,409.0,5519.0,True
AskIndianWomen,1p11fx2,2025-11,npmxc38,tulipocean,True,10.0,True,4.0,False,36,1763539106,0,410.7,2257.0,4026.0,True
AskIndianWomen,1ouxyq5,2025-11,nof13yd,_siddharth_gautama,True,1.0,True,4.0,False,480,1762929794,0,,,,
AskIndianWomen,1ouxyq5,2025-11,nof0oqf,Ok-Nature2543,True,2.0,True,2.0,False,187,1762929564,0,229.8,1383.0,3818.0,True
AskIndianWomen,1ouxyq5,2025-11,nof0wrq,No-Cry-9695,True,3.0,True,3.0,False,75,1762929683,0,625.5,409.0,5519.0,True
AskIndianWomen,1ouxyq5,2025-11,nof2ntn,tomsawyer-fa,True,4.0,False,,False,64,1762930656,0,785.1,773.0,735.0,True
AskIndianWomen,1ouxyq5,2025-11,nofc735,Beneficial_Sport5771,True,5.0,False,,False,61,1762936350,0,1567.9,5297.0,11887.0,True
AskIndianWomen,1ouxyq5,2025-11,nof2dac,SleeperCellulite,True,6.0,False,,False,41,1762930495,0,217.6,105.0,770.0,True
AskIndianWomen,1ouxyq5,2025-11,nof2d2a,marlbo-rough,True,7.0,False,,False,35,1762930491,0,282.1,14007.0,88910.0,True
AskIndianWomen,1ouxyq5,2025-11,nof1bpt,yourcoolgirl101,True,8.0,True,5.0,False,21,1762929913,0,453.9,125.0,4219.0,True
AskIndianWomen,1ouxyq5,2025-11,nof0ktr,hazir_26,True,9.0,True,1.0,False,16,1762929504,0,316.3,1281.0,229.0,True
AskIndianWomen,1ouxyq5,2025-11,nofkckj,Introverted-kitty,True,10.0,False,,False,12,1762941453,0,1631.0,14.0,1085.0,True
AskIndianWomen,1omoxub,2025-11,nmqvsft,Efficient_Fly_9232,True,1.0,False,,True,107,1762108718,0,478.5,6649.0,32459.0,True
AskIndianWomen,1omoxub,2025-11,nmquqmq,Groundbreaking-Gate6,True,2.0,True,1.0,False,75,1762108423,0,2151.9,10696.0,8170.0,True
AskIndianWomen,1omoxub,2025-11,nmquyep,Radiant-Tree6208,True,3.0,True,2.0,False,50,1762108483,0,435.4,842.0,97.0,True
AskIndianWomen,1omoxub,2025-11,nmqv2x3,Idlisambarchutney,True,4.0,True,3.0,False,42,1762108519,0,526.8,54158.0,47382.0,True
AskIndianWomen,1omoxub,2025-11,nmqvovr,Zestyclose_Big9015,True,6.0,True,5.0,False,30,1762108691,0,1342.6,1426.0,5811.0,True
AskIndianWomen,1omoxub,2025-11,nmqvyb8,MissionAntelope4602,True,5.0,False,,False,31,1762108763,0,1115.0,1202.0,35566.0,False
AskIndianWomen,1omoxub,2025-11,nmqw96f,Efficient_Fly_9232,True,7.0,False,,True,28,1762108847,0,478.5,6649.0,32459.0,True
AskIndianWomen,1omoxub,2025-11,nmqxnvh,selflove_AM,True,8.0,False,,False,28,1762109239,0,1822.4,622.0,4553.0,True
AskIndianWomen,1omoxub,2025-11,nmqvpmy,Little_Fly6567,True,10.0,False,,False,21,1762108696,0,445.8,1574.0,21619.0,True
AskIndianWomen,1omoxub,2025-11,nmqw8yk,zamnbruhh,True,9.0,False,,False,23,1762108845,0,,,,
AskIndianWomen,1omoxub,2025-11,nmqvo4p,Less_Juggernaut2950,False,,True,4.0,False,6,1762108685,0,1577.6,561.0,1141.0,True
AskIndianWomen,1p4kalg,2025-11,nqcbzmj,senkuXchrome,True,1.0,True,1.0,False,184,1763896919,0,1951.8,75.0,2167.0,True
AskIndianWomen,1p4kalg,2025-11,nqcckva,BenetteWitch,True,2.0,True,2.0,False,48,1763897260,0,1698.3,216.0,4258.0,True
AskIndianWomen,1p4kalg,2025-11,nqcf73f,Far-Bar-2533,True,3.0,True,4.0,False,37,1763898748,0,250.9,28.0,493.0,True
AskIndianWomen,1p4kalg,2025-11,nqccrv6,kerala320,True,6.0,True,3.0,False,3,1763897374,0,,,,
AskIndianWomen,1p4kalg,2025-11,nqcflrg,KakashiHatake0000,True,5.0,True,5.0,False,4,1763898969,0,1793.3,1015.0,8627.0,True
AskIndianWomen,1p4kalg,2025-11,nqchovw,JeSuisBONHEUR,True,4.0,False,,False,5,1763900075,0,1633.7,14270.0,10677.0,True
AskIndianWomen,1p4kalg,2025-11,nqd7pg2,Unusual-Molasses5633,True,7.0,False,,False,3,1763910548,0,341.4,4535.0,78269.0,True
AskIndianWomen,1p4kalg,2025-11,nqcikup,Tango_OrangeCat,True,8.0,False,,False,2,1763900531,0,391.1,1.0,733.0,True
AskIndianWomen,1p4kalg,2025-11,nqemkiu,typicalokraaa,True,9.0,False,,False,2,1763925974,0,566.3,35.0,2197.0,True
AskIndianWomen,1p4kalg,2025-11,nqids55,AsthaP154,True,10.0,False,,False,2,1763981510,0,1003.3,703.0,5637.0,True
AskIndianWomen,1p9s15g,2025-11,nrebcci,SenseAny486,True,1.0,False,,False,582,1764432942,0,1376.8,2716.0,46445.0,True
AskIndianWomen,1p9s15g,2025-11,nre97wp,Strong_Economics2831,True,2.0,True,3.0,False,214,1764432234,0,1756.5,1737.0,15318.0,True
AskIndianWomen,1p9s15g,2025-11,nredfiz,Certain_Buddy738,True,3.0,False,,False,192,1764433635,0,799.3,387.0,1265.0,True
AskIndianWomen,1p9s15g,2025-11,nreaeqm,Flaky_Rutabaga2795,True,4.0,True,4.0,False,125,1764432633,0,,,,
AskIndianWomen,1p9s15g,2025-11,nre8uyu,Lizyyy-13,True,5.0,True,2.0,False,115,1764432115,0,454.0,92.0,17592.0,True
AskIndianWomen,1p9s15g,2025-11,nregq1e,HappyYappyZappy,True,6.0,False,,False,50,1764434718,0,275.0,709.0,12808.0,True
AskIndianWomen,1p9s15g,2025-11,nrehnst,billybutchertheog,True,7.0,False,,False,43,1764435026,0,1742.0,909.0,9696.0,True
AskIndianWomen,1p9s15g,2025-11,nreqnqy,Pretty-Court902,True,8.0,False,,False,36,1764437983,0,1715.1,2317.0,3048.0,True
AskIndianWomen,1p9s15g,2025-11,nre8cvr,Bumblebeesaregreat,True,9.0,True,1.0,False,32,1764431946,0,351.8,689.0,19688.0,True
AskIndianWomen,1p9s15g,2025-11,nrehrw7,Major_Plantain8803,True,10.0,False,,False,26,1764435063,0,1884.8,5615.0,323.0,True
AskIndianWomen,1p9s15g,2025-11,nreag7y,Collectionhappy1508,False,,True,5.0,False,12,1764432646,0,1843.3,5091.0,12732.0,True
AskIndianWomen,1p4l1p9,2025-11,nqcjxuf,Few-Artist-7708,True,1.0,False,,False,211,1763901207,0,1599.5,37.0,2030.0,True
AskIndianWomen,1p4l1p9,2025-11,nqcif5f,Dramatic_Pin3971,True,2.0,True,2.0,False,115,1763900449,0,1727.9,1.0,5547.0,True
AskIndianWomen,1p4l1p9,2025-11,nqch9a4,Few-Crew-3457,True,3.0,True,1.0,False,91,1763899849,0,,,,
AskIndianWomen,1p4l1p9,2025-11,nqcinvz,Ok-Progress-9844,True,4.0,True,3.0,False,59,1763900573,0,317.0,6525.0,12158.0,True
AskIndianWomen,1p4l1p9,2025-11,nqclmfi,fictionovernonfic,True,5.0,False,,False,45,1763902015,0,1337.0,1042.0,8644.0,True
AskIndianWomen,1p4l1p9,2025-11,nqcj693,unkrownedking_534,True,6.0,True,5.0,False,33,1763900831,0,551.9,531.0,15874.0,True
AskIndianWomen,1p4l1p9,2025-11,nqcr3bd,Bruschetta_Baby,True,7.0,False,,False,30,1763904374,0,381.1,86.0,2404.0,True
AskIndianWomen,1p4l1p9,2025-11,nqcsqbk,Gloomy_Tangerine3123,True,8.0,False,,False,26,1763905027,0,1877.2,20740.0,98389.0,True
AskIndianWomen,1p4l1p9,2025-11,nqctrfc,Blue_Spirit618,True,9.0,False,,False,14,1763905432,0,1615.1,603.0,227.0,True
AskIndianWomen,1p4l1p9,2025-11,nqcj2xx,lost_a_dominantlotus,True,10.0,True,4.0,False,10,1763900785,0,329.6,3286.0,2981.0,True
AskIndianWomen,1otkf9b,2025-11,no551nq,DAA-007,True,1.0,True,1.0,False,343,1762797265,0,1290.1,430.0,6850.0,True
AskIndianWomen,1otkf9b,2025-11,no561ym,Any-Recognition-3652,True,2.0,True,2.0,False,197,1762797552,0,369.1,174.0,34212.0,True
AskIndianWomen,1otkf9b,2025-11,no5f3si,fluffycloudsnstars,True,3.0,False,,False,40,1762800146,0,2295.5,2348.0,7038.0,True
AskIndianWomen,1otkf9b,2025-11,no575c1,helloworld2083,True,4.0,True,4.0,False,34,1762797863,0,652.0,1.0,2380.0,True
AskIndianWomen,1otkf9b,2025-11,no596og,Extra-Bicycle3573,True,5.0,True,5.0,False,30,1762798452,0,414.7,535.0,2668.0,True
AskIndianWomen,1otkf9b,2025-11,no5oiw0,Zestyclose_Big9015,True,6.0,False,,False,29,1762802941,0,1342.6,1426.0,5811.0,True
AskIndianWomen,1otkf9b,2025-11,no5637l,Zealousideal_Show268,True,8.0,True,3.0,False,23,1762797561,0,2105.4,81.0,1332.0,True
AskIndianWomen,1otkf9b,2025-11,no5mshv,Proper_Economics_299,True,7.0,False,,False,24,1762802412,0,1919.3,1.0,16091.0,True
AskIndianWomen,1otkf9b,2025-11,no5pqgt,CelesteAvant,True,9.0,False,,False,20,1762803310,0,1105.6,1368.0,7758.0,True
AskIndianWomen,1otkf9b,2025-11,no5gplr,Aggravating_Laugh947,True,10.0,False,,False,16,1762800603,0,2017.2,4014.0,11506.0,True
AskIndianWomen,1p67u71,2025-11,nqoem0f,Your_Marinette,True,1.0,True,3.0,False,459,1764062223,0,562.1,12337.0,41771.0,True
AskIndianWomen,1p67u71,2025-11,nqoes8x,kindawriterd__38,True,2.0,True,5.0,False,61,1764062333,0,445.7,452.0,1329.0,True
AskIndianWomen,1p67u71,2025-11,nqofokc,rayhastings,True,3.0,False,,False,52,1764062899,0,2654.8,1159.0,13445.0,True
AskIndianWomen,1p67u71,2025-11,nqofbtk,BenetteWitch,True,4.0,False,,False,41,1764062675,0,1698.3,216.0,4258.0,True
AskIndianWomen,1p67u71,2025-11,nqoftcq,aisebhimatdekho,True,5.0,False,,False,38,1764062982,0,1337.4,2416.0,9759.0,True
AskIndianWomen,1p67u71,2025-11,nqoe5ri,ek_titli,True,6.0,True,1.0,False,34,1764061945,0,3900.2,548.0,7241.0,True
AskIndianWomen,1p67u71,2025-11,nqoeqp8,picklepaapad,True,7.0,True,4.0,False,33,1764062306,0,991.0,223589.0,68758.0,True
AskIndianWomen,1p67u71,2025-11,nqofdid,Frisbee_dobby,True,8.0,False,,False,28,1764062706,0,519.0,4.0,694.0,True
AskIndianWomen,1p67u71,2025-11,nqoehft,Local-Car-5077,True,9.0,True,2.0,False,14,1764062144,0,,,,
AskIndianWomen,1ondlab,2025-11,nmvxpeh,DecentProfession5012,True,1.0,True,2.0,False,186,1762181239,0,2057.8,720.0,6541.0,True
AskIndianWomen,1ondlab,2025-11,nmvylut,Winter-Ladder-3591,True,2.0,True,5.0,False,46,1762181517,0,1385.7,340.0,27670.0,True
AskIndianWomen,1ondlab,2025-11,nmvxspi,Technical_Dirt_6126,True,3.0,True,3.0,False,32,1762181268,0,1609.6,3617.0,14628.0,True
AskIndianWomen,1ondlab,2025-11,nmvxeyr,Actual-Remove6606,True,4.0,True,1.0,False,29,1762181149,0,532.0,443.0,689.0,False
AskIndianWomen,1ondlab,2025-11,nmw0lg7,MissionAntelope4602,True,5.0,False,,False,18,1762182125,0,1115.0,1202.0,35566.0,False
AskIndianWomen,1ondlab,2025-11,nmvyhfa,RevolutionarySink777,True,6.0,True,4.0,False,15,1762181480,0,1146.3,1072.0,8658.0,True
AskIndianWomen,1ondlab,2025-11,nmw2466,erenslefttitty,True,7.0,False,,False,8,1762182589,0,1766.9,5420.0,8736.0,True
AskIndianWomen,1ondlab,2025-11,nmw2gyk,Confident_Appeal5729,True,8.0,False,,False,6,1762182695,0,1278.1,11002.0,20177.0,True
AskIndianWomen,1ondlab,2025-11,nmwinab,Foreign_Minute_4882,True,9.0,False,,False,5,1762187460,0,429.8,2.0,1065.0,False
AskIndianWomen,1ondlab,2025-11,nmw1cgz,Themobgirl,True,10.0,False,,False,4,1762182357,0,2066.2,60.0,28912.0,True
AskIndianWomen,1p705dg,2025-11,nqu71ml,CareerThis2727,True,2.0,True,2.0,False,58,1764137587,0,437.2,640.0,10436.0,True
AskIndianWomen,1p705dg,2025-11,nqu6mdz,tararanaway,True,1.0,True,1.0,False,60,1764137369,0,316.3,5287.0,5577.0,True
AskIndianWomen,1p705dg,2025-11,nqua3cx,Unusual-Molasses5633,True,3.0,True,5.0,False,17,1764139164,0,341.4,4535.0,78269.0,True
AskIndianWomen,1p705dg,2025-11,nqub1t1,DecentProfession5012,True,4.0,False,,False,17,1764139663,0,2057.8,720.0,6541.0,True
AskIndianWomen,1p705dg,2025-11,nqu9hyx,Mundane_Minute8035,True,5.0,True,4.0,False,16,1764138854,0,1617.9,8908.0,27954.0,True
AskIndianWomen,1p705dg,2025-11,nqvavad,Responsible-Hat6517,True,6.0,False,,False,10,1764159690,0,1306.0,77.0,161.0,True
AskIndianWomen,1p705dg,2025-11,nqvftal,iamabhi04,True,7.0,False,,False,7,1764161814,0,1856.4,43100.0,17728.0,True
AskIndianWomen,1p705dg,2025-11,nqu9fng,SignificantBite87841,True,8.0,True,3.0,False,2,1764138822,0,1828.2,356.0,630.0,True
IndianFood,1pauxar,2025-11,nrlzjot,AilsaLorne,True,1.0,True,1.0,False,506,1764540831,0,3593.0,1206.0,38164.0,True
IndianFood,1pauxar,2025-11,nrm0c3b,Medical_Solid,True,2.0,True,4.0,False,151,1764541076,0,2934.9,23176.0,143482.0,True
IndianFood,1pauxar,2025-11,nrm1lym,bhambrewer,True,3.0,False,,False,145,1764541478,0,4588.0,3355.0,135027.0,True
IndianFood,1pauxar,2025-11,nrm0kdk,TA_totellornottotell,True,4.0,True,5.0,False,119,1764541148,0,1464.8,9.0,231465.0,True
IndianFood,1pauxar,2025-11,nrmbf29,aureanator,True,5.0,False,,False,108,1764544684,0,,,,
IndianFood,1pauxar,2025-11,nrm3hax,Lady_Rhino,True,6.0,False,,False,37,1764542073,0,2072.8,17932.0,57930.0,True
IndianFood,1pauxar,2025-11,nrn29z5,chai-chaser,True,7.0,False,,False,35,1764554163,0,686.7,1335.0,3543.0,True
IndianFood,1pauxar,2025-11,nrm2d17,PuppyButtts,True,8.0,False,,False,26,1764541719,0,2970.9,17383.0,65373.0,True
IndianFood,1pauxar,2025-11,nrlzqxg,TurdGuylol,True,10.0,True,3.0,False,21,1764540894,0,2045.5,1388.0,510.0,True
IndianFood,1pauxar,2025-11,nrmfz5a,Snoo81962,True,9.0,False,,False,23,1764546240,0,2154.2,768.0,2958.0,True
IndianFood,1pauxar,2025-11,nrlzkah,Optimal-State714,False,,True,2.0,False,6,1764540837,0,209.5,8.0,17.0,True
IndianFood,1p5zfnc,2025-11,nqmusuu,mrsrobotic,True,1.0,True,4.0,False,126,1764035849,0,2864.5,7927.0,42130.0,True
IndianFood,1p5zfnc,2025-11,nqmxrez,Holiday_Sprinkles734,True,2.0,True,5.0,False,65,1764036891,0,331.0,179.0,3633.0,True
IndianFood,1p5zfnc,2025-11,nqmsnmv,masala-kiwi,True,3.0,True,1.0,False,57,1764035074,0,688.3,2415.0,18004.0,True
IndianFood,1p5zfnc,2025-11,nqmtv2h,Phil_ODendron,True,4.0,True,3.0,False,50,1764035517,0,4697.1,6775.0,90131.0,True
IndianFood,1p5zfnc,2025-11,nqo1try,SeaDawgs,True,5.0,False,,False,47,1764054579,0,4685.5,917.0,7723.0,True
IndianFood,1p5zfnc,2025-11,nqmyzi9,greatwisdomseeker,True,6.0,False,,False,41,1764037331,0,1367.2,21.0,730.0,True
IndianFood,1p5zfnc,2025-11,nqmsujd,kokeen,True,7.0,True,2.0,False,34,1764035143,0,,,,
IndianFood,1p5zfnc,2025-11,nqn43nw,dirthawker0,True,8.0,False,,False,21,1764039182,0,4660.4,14861.0,111387.0,True
IndianFood,1p5zfnc,2025-11,nqn3eri,ee_72020,True,9.0,False,,False,15,1764038931,0,1797.2,5616.0,146652.0,True
IndianFood,1p5zfnc,2025-11,nqnev4o,miss_clarity,True,10.0,False,,False,13,1764043350,0,4239.6,1095.0,134950.0,True
IndianFood,1parm9j,2025-11,nrlaspo,RupertHermano,True,1.0,True,1.0,False,34,1764533053,0,1020.0,2743.0,68424.0,True
IndianFood,1parm9j,2025-11,nrlfk5g,liltingly,True,2.0,True,4.0,False,24,1764534550,0,4811.7,82.0,98211.0,True
IndianFood,1parm9j,2025-11,nrmc7tq,braincellnumber7,True,3.0,False,,False,12,1764544958,0,2370.5,262.0,2272.0,True
IndianFood,1parm9j,2025-11,nrlf9x6,oarmash,True,4.0,True,3.0,False,11,1764534461,0,4221.7,6287.0,121017.0,True
IndianFood,1parm9j,2025-11,nrlblzt,Marshwiggletreacle,True,5.0,True,2.0,False,8,1764533313,0,568.9,38.0,17664.0,True
IndianFood,1parm9j,2025-11,nrm9wde,sslawyer88,True,7.0,True,5.0,False,4,1764544186,0,1146.7,73.0,5994.0,True
IndianFood,1parm9j,2025-11,nro1tao,Unusual-Molasses5633,True,6.0,False,,False,6,1764568466,0,341.4,4535.0,78269.0,True
IndianFood,1parm9j,2025-11,nroiz0f,cake_molester,True,8.0,False,,False,4,1764578207,0,,,,
IndianFood,1parm9j,2025-11,nrnn9fq,skp_trojan,True,9.0,False,,False,2,1764562117,0,3259.3,45.0,25841.0,True
IndianFood,1parm9j,2025-11,nro6u6h,spsfaves100,True,10.0,False,,False,2,1764571097,0,301.2,7.0,972.0,True
IndianFood,1os1fxm,2025-11,nnu0vb0,gracesway,True,1.0,True,4.0,False,68,1762638819,0,4995.4,1408.0,6066.0,True
IndianFood,1os1fxm,2025-11,nnu1sco,GoatMeatMafia,True,2.0,False,,False,39,1762639129,0,2918.8,629.0,8320.0,True
IndianFood,1os1fxm,2025-11,nnu0pkg,kokeen,True,3.0,True,3.0,False,39,1762638764,0,,,,
IndianFood,1os1fxm,2025-11,nnu3k67,enamoured_artichoke,True,4.0,False,,False,6,1762639733,0,1910.7,2763.0,58112.0,True
IndianFood,1os1fxm,2025-11,nntzvof,DesertIbu,True,7.0,True,2.0,False,4,1762638487,0,1184.6,161.0,5486.0,False
IndianFood,1os1fxm,2025-11,nnu1399,ur_moms_gyno,True,5.0,True,5.0,False,6,1762638894,0,3309.7,13244.0,19262.0,True
IndianFood,1os1fxm,2025-11,nnu2jf5,DixyLee14,True,8.0,False,,False,4,1762639381,0,899.5,155.0,4403.0,True
IndianFood,1os1fxm,2025-11,nnu3uzr,gear-heads,True,6.0,False,,False,5,1762639837,0,3569.6,435236.0,108468.0,True
IndianFood,1os1fxm,2025-11,nnu61it,Traditional_Judge734,True,9.0,False,,False,3,1762640600,0,1643.4,1128.0,23927.0,True
IndianFood,1os1fxm,2025-11,nnua4sb,allegory_story,True,10.0,False,,False,3,1762642057,0,1075.6,441.0,2946.0,True
IndianFood,1os1fxm,2025-11,nntzfur,DunnoMuchIno,False,,True,1.0,True,2,1762638341,0,2216.4,134.0,601.0,True
IndianFood,1p9y9h3,2025-11,nrfhj3f,SheddingCorporate,True,1.0,True,1.0,False,67,1764446704,0,3106.1,5968.0,149486.0,True
IndianFood,1p9y9h3,2025-11,nrflzuh,CalmDemand5265,True,2.0,True,4.0,True,12,1764448205,0,352.9,43.0,6832.0,True
IndianFood,1p9y9h3,2025-11,nrfmzuu,HighColdDesert,True,3.0,True,5.0,False,12,1764448547,0,2060.1,1258.0,48327.0,True
IndianFood,1p9y9h3,2025-11,nrfixql,lovalpo,True,4.0,True,3.0,False,6,1764447169,0,872.8,1470.0,27605.0,True
IndianFood,1p9y9h3,2025-11,nrglr1g,Princess_B_12345,True,5.0,False,,False,6,1764461029,0,820.9,89.0,6600.0,True
IndianFood,1p9y9h3,2025-11,nrg222p,Virtual-Lemon-2881,True,6.0,False,,False,2,1764453766,0,1809.4,3284.0,13499.0,True
IndianFood,1p9y9h3,2025-11,nrj0nl7,Anxious_Reporter_601,True,7.0,False,,False,2,1764504289,0,1708.3,517.0,345521.0,True
IndianFood,1p9y9h3,2025-11,nrfirpu,acee_0916,True,8.0,True,2.0,False,1,1764447112,0,1137.7,19.0,289.0,False
IndianFood,1p9y9h3,2025-11,nrj5ej6,Silver-Speech-8699,True,9.0,False,,False,1,1764506795,0,534.5,2409.0,2822.0,True
IndianFood,1p9y9h3,2025-11,nrri9cl,Fem_philosoph,True,10.0,False,,False,1,1764618806,0,4184.3,11.0,3123.0,True
IndianFood,1p8qrju,2025-11,nr70n6q,unspoken_one2,True,1.0,True,1.0,False,39,1764323586,0,2144.9,16933.0,39060.0,True
IndianFood,1p8qrju,2025-11,nr7k2xu,bhambrewer,True,2.0,True,5.0,False,22,1764334212,0,4588.0,3355.0,135027.0,True
IndianFood,1p8qrju,2025-11,nr71vkv,TraditionalAlps722,True,4.0,True,2.0,False,2,1764324327,0,295.1,1.0,10344.0,True
IndianFood,1p8qrju,2025-11,nr7e8jc,basar_auqat,True,3.0,True,4.0,False,3,1764331379,0,851.6,1807.0,24431.0,True
IndianFood,1p8qrju,2025-11,nr7c4qe,an8hu,True,5.0,True,3.0,False,2,1764330277,0,4720.1,60794.0,25396.0,True
IndianFood,1p8qrju,2025-11,nr7umhx,bcrawl,True,6.0,False,,False,2,1764338480,0,5795.5,153.0,3460.0,True
IndianFood,1p8qrju,2025-11,nr7x4op,ScheduleSame258,True,7.0,False,,False,2,1764339430,0,1875.9,430.0,90432.0,True
IndianFood,1p8qrju,2025-11,nr837zn,No-Vehicle-6303,True,8.0,False,,False,2,1764341669,0,,,,
IndianFood,1p8qrju,2025-11,nrcn2f8,SunMoonTruth,True,9.0,False,,False,2,1764404149,0,5216.3,2703.0,205123.0,True
IndianFood,1p8qrju,2025-11,nre2f9c,os_2342,True,10.0,False,,False,2,1764429904,0,2970.1,1.0,14159.0,True
IndianFood,1oo61bf,2025-11,nn1oy5f,EmergencyProper5250,True,1.0,True,2.0,False,18,1762260903,0,863.4,53.0,9281.0,False
IndianFood,1oo61bf,2025-11,nn1ogoq,Dragon_puzzle,True,2.0,True,1.0,False,10,1762260689,0,2103.3,480.0,3377.0,True
IndianFood,1oo61bf,2025-11,nn1q91l,Abject_Local2672,True,4.0,True,3.0,False,3,1762261446,0,1038.7,1.0,87.0,True
IndianFood,1oo61bf,2025-11,nn2ds26,LumpyCheeseyCustard,True,3.0,False,,False,5,1762269170,0,766.7,2126.0,39965.0,True
IndianFood,1oo61bf,2025-11,nn2zl57,GirlisNo1,True,5.0,False,,False,2,1762275363,0,3223.6,11607.0,283988.0,True
IndianFood,1oo61bf,2025-11,nn5yiio,BitchyGranny,True,6.0,False,,False,2,1762307709,0,2094.9,6.0,678.0,True
IndianFood,1oo61bf,2025-11,nn1vm6y,PretentiousPepperoni,True,7.0,True,4.0,False,1,1762263372,0,860.9,13615.0,11988.0,True
IndianFood,1oo61bf,2025-11,nn242e1,Late-Warning7849,True,8.0,True,5.0,False,1,1762266162,0,1813.6,82.0,10809.0,True
IndianFood,1oo61bf,2025-11,nn41jpi,Masalasabebien,True,9.0,False,,False,1,1762286048,0,1434.8,587.0,7878.0,True
IndianFood,1oo61bf,2025-11,nn83chx,YakGlum8113,True,10.0,False,,False,1,1762344535,0,572.2,1.0,156.0,True
IndianFood,1osluih,2025-11,nnxx7t6,TA_totellornottotell,True,1.0,True,3.0,False,33,1762701785,0,1464.8,9.0,231465.0,True
IndianFood,1osluih,2025-11,nnynygg,kcapoorv,True,2.0,False,,False,16,1762709708,0,1753.3,4340.0,52641.0,True
IndianFood,1osluih,2025-11,nnz9ok8,MountainviewBeach,True,4.0,False,,False,12,1762715798,0,799.1,3954.0,27191.0,False
IndianFood,1osluih,2025-11,nnxw5p0,TheFakeRabbit1,True,3.0,True,1.0,False,14,1762701446,0,2335.6,516.0,116670.0,True
IndianFood,1osluih,2025-11,nnz3b7e,HonestDeparture5778,True,5.0,False,,False,6,1762714003,0,587.6,2.0,519.0,True
IndianFood,1osluih,2025-11,no0ub0s,ex_tricate,True,6.0,False,,False,3,1762733268,0,3004.0,16.0,1997.0,True
IndianFood,1osluih,2025-11,no1rbz8,rmbarrett,True,7.0,False,,False,2,1762745245,0,4893.6,12159.0,51305.0,True
IndianFood,1osluih,2025-11,no8b42h,daisy_1000,True,8.0,False,,False,2,1762835162,0,633.2,1.0,224.0,True
IndianFood,1osluih,2025-11,no2suuh,mane28,True,9.0,False,,False,1,1762764366,0,3185.7,567.0,24289.0,True
IndianFood,1osluih,2025-11,no3mx8z,Linkcott18,True,10.0,False,,False,1,1762780377,0,1565.2,2164.0,84272.0,True
IndianFood,1osluih,2025-11,nnxwz4s,r99c,False,,True,2.0,False,-4,1762701708,0,1997.4,6926.0,21999.0,True
IndianFood,1osluih,2025-11,nnyfpfe,Heniekoriginal,False,,True,5.0,False,-5,1762707338,0,625.8,90.0,13.0,True
IndianFood,1osluih,2025-11,nny653e,BusyTransportation27,False,,True,4.0,False,-18,1762704495,0,1759.4,2821.0,406.0,True
IndianFood,1orj0tu,2025-11,nnqcjnq,thecutegirl06,True,1.0,True,1.0,False,85,1762586118,0,2070.9,472.0,17311.0,True
IndianFood,1orj0tu,2025-11,nnqcoif,Although_somebody,True,2.0,True,2.0,False,31,1762586201,0,761.2,811.0,5049.0,True
IndianFood,1orj0tu,2025-11,nnqepuc,HaggisPope,True,3.0,False,,False,26,1762587439,0,1339.3,1470.0,169238.0,True
IndianFood,1orj0tu,2025-11,nnqe454,Always-awkward-2221,True,4.0,True,5.0,False,25,1762587068,0,1216.9,272.0,49732.0,True
IndianFood,1orj0tu,2025-11,nnqebsl,apocalypse-052917,True,5.0,False,,False,17,1762587200,0,1932.2,4674.0,121360.0,True
IndianFood,1orj0tu,2025-11,nnqe835,zestylimes9,True,6.0,False,,False,13,1762587136,0,894.2,274.0,120783.0,True
IndianFood,1orj0tu,2025-11,nnqda07,Beginning-Wing2026,True,7.0,True,3.0,False,11,1762586562,0,1078.8,828.0,30097.0,True
IndianFood,1orj0tu,2025-11,nnqegyb,yosoygroot123,True,8.0,False,,False,10,1762587288,0,1120.0,4786.0,46800.0,True
IndianFood,1orj0tu,2025-11,nnqdex0,mchl_frr,True,10.0,True,4.0,False,9,1762586644,0,1129.0,134.0,1569.0,False
IndianFood,1orj0tu,2025-11,nnqkoa5,r99c,True,9.0,False,,False,10,1762591069,0,1997.4,6926.0,21999.0,True
IndianFood,1oxxltn,2025-11,np0d6kd,Drwynyllo,True,1.0,True,2.0,False,10,1763228575,0,371.1,4329.0,71769.0,True
IndianFood,1oxxltn,2025-11,np0cb6h,justaahustlaa,True,2.0,True,1.0,False,4,1763228297,0,,,,
IndianFood,1oxxltn,2025-11,np12dz1,Thor_6174,True,3.0,True,4.0,False,3,1763236387,0,220.9,3411.0,6386.0,False
IndianFood,1oxxltn,2025-11,np4ogs2,Nicky666,True,4.0,False,,False,3,1763291877,0,6531.3,41766.0,42086.0,True
IndianFood,1oxxltn,2025-11,np0nha4,oarmash,True,5.0,True,3.0,False,2,1763231715,0,4221.7,6287.0,121017.0,True
IndianFood,1oxxltn,2025-11,np318mr,Educational-Duck-999,True,6.0,True,5.0,False,2,1763261259,0,1491.0,302.0,10501.0,True
IndianFood,1oxxltn,2025-11,np4djid,chocolateywasted,True,7.0,False,,False,2,1763285218,0,3649.6,103.0,4680.0,False
IndianFood,1oxxltn,2025-11,npaaznd,pkspks,True,8.0,False,,False,2,1763367188,0,4953.5,1941.0,22170.0,True
IndianFood,1oxxltn,2025-11,np9xct4,YakGlum8113,True,9.0,False,,False,1,1763359285,0,572.2,1.0,156.0,True
