subreddit,post_id,collection_month,comment_id,author,in_top10,top10_rank,in_first5,first5_rank,is_submitter,comment_score,comment_created_utc,comment_depth,author_account_age_days,author_link_karma,author_comment_karma,author_verified_email
india,1q6jq6h,2026-01,ny854ro,divyanshu_01,True,1.0,False,,False,1462,1767803974,0,2265.9,18452.0,29453.0,True
india,1q6jq6h,2026-01,ny8523l,neworldorder420,True,2.0,False,,False,972,1767803953,0,3378.3,868.0,4543.0,True
india,1q6jq6h,2026-01,ny8ggnq,sawrb,True,3.0,False,,False,962,1767807033,0,5752.1,1637.0,10509.0,True
india,1q6jq6h,2026-01,ny9t0nb,Pale-Breakfast6026,True,4.0,False,,False,128,1767819725,0,1119.4,1.0,284.0,True
india,1q6jq6h,2026-01,ny81kq7,Acceptable-Demand370,True,5.0,True,2.0,False,114,1767803009,0,1062.9,97.0,1528.0,True
india,1q6jq6h,2026-01,ny81c06,waltermitty221ggn,True,6.0,True,1.0,False,73,1767802943,0,447.1,777.0,1902.0,True
india,1q6jq6h,2026-01,ny86xbk,VeryRareHuman,True,7.0,False,,False,70,1767804451,0,2305.5,2282.0,10918.0,True
india,1q6jq6h,2026-01,ny88jtn,wangdubruh,True,8.0,False,,False,68,1767804883,0,1930.1,569.0,23553.0,True
india,1q6jq6h,2026-01,ny8cyrk,Remote_Tradition_367,True,9.0,False,,False,19,1767806087,0,465.9,519.0,770.0,True
india,1q6jq6h,2026-01,ny84i3g,_msd117,True,10.0,True,5.0,False,16,1767803802,0,1264.8,24.0,8570.0,True
india,1q6jq6h,2026-01,ny83ju7,UsefulDragonfruit872,False,,True,3.0,False,5,1767803546,0,1042.7,32.0,1601.0,True
india,1q6jq6h,2026-01,ny848qj,Imsongoku7,False,,True,4.0,False,6,1767803732,0,840.9,16209.0,41894.0,True
india,1qchyle,2026-01,nziadx2,YesterdayDreamer,True,1.0,False,,False,1335,1768379943,0,1151.0,4268.0,93401.0,True
india,1qchyle,2026-01,nzialav,Only_Pop_6216,True,2.0,False,,False,1054,1768380065,0,1536.5,78.0,6086.0,True
india,1qchyle,2026-01,nzi94s7,Glass_Extension_6529,True,3.0,True,2.0,True,764,1768379208,0,512.7,29409.0,37794.0,True
india,1qchyle,2026-01,nzi9pgi,nuvo_reddit,True,4.0,True,3.0,False,368,1768379540,0,3955.3,1778.0,87546.0,True
india,1qchyle,2026-01,nzi93sl,nimbutimbu,True,5.0,True,1.0,False,335,1768379191,0,2261.9,767.0,77560.0,True
india,1qchyle,2026-01,nzi9z0d,Fantastic_Ninja_5789,True,6.0,True,4.0,False,162,1768379696,0,164.8,38.0,4405.0,True
india,1qchyle,2026-01,nziabvu,noob_king0,True,7.0,False,,False,145,1768379910,0,,,,
india,1qchyle,2026-01,nzibdxk,Background-Hat2598,True,8.0,False,,False,117,1768380530,0,1148.9,2353.0,743.0,True
india,1qchyle,2026-01,nzia7yz,South-Magazine6522,True,9.0,False,,False,76,1768379847,0,,,,
india,1qchyle,2026-01,nzib00q,Interesting-Boot-399,True,10.0,False,,False,63,1768380305,0,1316.0,34.0,1445.0,True
india,1qchyle,2026-01,nzia2zm,Tough_Oven_7890,False,,True,5.0,False,36,1768379763,0,1475.8,1273.0,17816.0,True
india,1qffg0p,2026-01,o046clp,Agile-Zucchini-1355,True,1.0,True,2.0,False,1750,1768662585,0,1414.4,14.0,97144.0,True
india,1qffg0p,2026-01,o049n1d,yashvone,True,2.0,False,,False,682,1768663575,0,3240.1,216401.0,73994.0,True
india,1qffg0p,2026-01,o0471q5,Paree264,True,3.0,True,3.0,False,635,1768662802,0,2888.1,1.0,332123.0,True
india,1qffg0p,2026-01,o045r7a,Glass_Extension_6529,True,4.0,True,1.0,True,256,1768662397,0,512.7,29409.0,37794.0,True
india,1qffg0p,2026-01,o048esd,baddadjokesminusdad,True,5.0,True,4.0,False,224,1768663210,0,2020.4,2.0,245647.0,True
india,1qffg0p,2026-01,o049bad,Medical-Concept-2190,True,6.0,False,,False,130,1768663479,0,1832.4,8883.0,56469.0,True
india,1qffg0p,2026-01,o04cry4,GanjaGlobal,True,7.0,False,,False,116,1768664487,0,1951.8,34048.0,23424.0,True
india,1qffg0p,2026-01,o04aruw,Thy_Gap_Slayer,True,8.0,False,,False,78,1768663905,0,292.8,8.0,13402.0,True
india,1qffg0p,2026-01,o048tv1,Klutzy-Film18,True,9.0,True,5.0,False,70,1768663333,0,1526.2,145.0,2689.0,True
india,1qffg0p,2026-01,o04doaj,Major-Warthog8067,True,10.0,False,,False,37,1768664745,0,746.6,11.0,6870.0,True
india,1q8bnwk,2026-01,nymhf0k,curious-rower8,True,1.0,False,,False,1080,1767977233,0,1829.6,1273.0,6503.0,True
india,1q8bnwk,2026-01,nymljmu,nothrithik,True,2.0,False,,False,396,1767978336,0,3825.9,1226.0,14061.0,True
india,1q8bnwk,2026-01,nymaat6,OMDB-PiLoT,True,3.0,True,3.0,False,194,1767975334,0,5791.6,758.0,25470.0,True
india,1q8bnwk,2026-01,nym6bxf,an-eng,True,4.0,True,1.0,False,166,1767974267,0,422.2,63.0,1304.0,True
india,1q8bnwk,2026-01,nymdtnw,Suspicious_Goose_855,True,5.0,False,,False,112,1767976276,0,,,,
india,1q8bnwk,2026-01,nym97wo,Princie99,True,6.0,True,2.0,False,95,1767975046,0,1871.0,23442.0,38939.0,True
india,1q8bnwk,2026-01,nyn9z0j,Primary-Angle4008,True,7.0,False,,False,57,1767984876,0,545.8,472.0,45598.0,True
india,1q8bnwk,2026-01,nymdrkc,sparklytits550,True,8.0,True,5.0,False,42,1767976261,0,2240.7,2861.0,2357.0,True
india,1q8bnwk,2026-01,nymczfv,curious-rower8,True,9.0,True,4.0,False,33,1767976052,0,1829.6,1273.0,6503.0,True
india,1qo5sxc,2026-01,o1z0k3a,AtopiaUtopia,True,1.0,True,3.0,False,805,1769495532,0,4061.1,6047.0,5610.0,True
india,1qo5sxc,2026-01,o1z4quw,aHeartBrokenRomantic,True,2.0,False,,False,288,1769497595,0,1994.6,126.0,1333.0,True
india,1qo5sxc,2026-01,o1yy65o,No-Struggle-7117,True,3.0,True,1.0,False,179,1769494385,0,460.8,118.0,1037.0,True
india,1qo5sxc,2026-01,o1z4vxd,InterviewNo7048,True,4.0,False,,False,100,1769497667,0,650.1,1315.0,3318.0,True
india,1qo5sxc,2026-01,o1z3qh5,Soft-Technician-6065,True,5.0,True,5.0,False,45,1769497093,0,960.2,96.0,1847.0,True
india,1qo5sxc,2026-01,o1yz6gj,dynamitekato,True,6.0,True,2.0,False,40,1769494867,0,1717.8,259.0,2893.0,True
india,1qo5sxc,2026-01,o1zkohx,Warm_Seaworthiness19,True,7.0,False,,False,35,1769506282,0,1469.5,416.0,19429.0,True
india,1qo5sxc,2026-01,o1z66gg,gammachameleon,True,8.0,False,,False,32,1769498318,0,4405.7,4.0,2783.0,False
india,1qo5sxc,2026-01,o1z1scr,barbadbachchi,True,9.0,True,4.0,False,28,1769496133,0,1578.0,1657.0,4248.0,True
india,1qo5sxc,2026-01,o1zfrvm,befriend1,True,10.0,False,,False,26,1769503527,0,2451.7,3714.0,13667.0,True
india,1q3jr6m,2026-01,nxlawqa,Miss_Potentialgirlie,True,1.0,True,3.0,False,251,1767513513,0,438.6,636.0,5873.0,True
india,1q3jr6m,2026-01,nxl8vuu,dehati_galib,True,2.0,True,1.0,False,215,1767512433,0,859.4,1.0,33862.0,False
india,1q3jr6m,2026-01,nxl967q,stessedoutgamer,True,3.0,True,2.0,False,119,1767512587,0,2183.1,404.0,18184.0,True
india,1q3jr6m,2026-01,nxm0pdj,HippoStunning4101,True,4.0,False,,False,42,1767527367,0,1145.2,77.0,415.0,False
india,1q3jr6m,2026-01,nxlczt0,SnooPies223,True,6.0,True,5.0,False,19,1767514636,0,2123.6,18.0,6983.0,True
india,1q3jr6m,2026-01,nxm3pg6,GolgappaProMax,True,5.0,False,,False,23,1767528861,0,746.3,1213.0,9251.0,False
india,1q3jr6m,2026-01,nxmkqzu,Unhappy_Bread_2836,True,7.0,False,,False,14,1767535758,0,,,,
india,1q3jr6m,2026-01,nxnp6ps,Organic_Jacket_2536,True,8.0,False,,False,9,1767547778,0,800.7,1.0,219.0,True
india,1q3jr6m,2026-01,nxo2qkn,shaansmwl77,True,9.0,False,,False,8,1767551421,0,3431.7,3192.0,5071.0,True
india,1q3jr6m,2026-01,nxnsjkv,UsedZookeepergame339,True,10.0,False,,False,5,1767548717,0,,,,
india,1q3jr6m,2026-01,nxlcm3z,scarface9119,False,,True,4.0,False,1,1767514428,0,2044.9,14.0,157.0,True
india,1qmclc3,2026-01,o1ky8me,sforsilence,True,1.0,True,3.0,False,951,1769326873,0,3154.1,7845.0,15828.0,True
india,1qmclc3,2026-01,o1l0got,StentRider,True,2.0,False,,False,730,1769328017,0,693.5,143.0,4576.0,False
india,1qmclc3,2026-01,o1kxpj7,OrdinaryTotal5707,True,3.0,True,1.0,False,367,1769326599,0,812.3,1612.0,2822.0,True
india,1qmclc3,2026-01,o1kzeta,anotherjones07,True,5.0,False,,False,95,1769327474,0,2559.3,709.0,11847.0,True
india,1qmclc3,2026-01,o1ky2ez,dumbass_random,True,4.0,True,2.0,False,97,1769326783,0,3736.9,9668.0,14778.0,True
india,1qmclc3,2026-01,o1l2tf9,curiouscat_92,True,6.0,False,,False,85,1769329249,0,2125.9,11972.0,45383.0,True
india,1qmclc3,2026-01,o1kyhps,Past_Revenue_4042,True,7.0,True,4.0,False,34,1769327002,0,1227.3,172.0,131.0,True
india,1qmclc3,2026-01,o1kyhyw,Public_Concentrate14,True,8.0,True,5.0,False,33,1769327006,0,2016.0,2274.0,5048.0,True
india,1qmclc3,2026-01,o1l8aki,novalidation_,True,9.0,False,,False,29,1769332120,0,3712.0,307.0,7535.0,True
india,1qmclc3,2026-01,o1l1ive,aj_ripper911,True,10.0,False,,False,13,1769328572,0,2536.9,34.0,3370.0,True
india,1qe83db,2026-01,nzvjsw6,Paree264,True,1.0,True,3.0,False,544,1768544650,0,2888.1,1.0,332123.0,True
india,1qe83db,2026-01,nzvhdcd,Glass_Extension_6529,True,2.0,True,1.0,True,421,1768543505,0,512.7,29409.0,37794.0,True
india,1qe83db,2026-01,nzvirww,nuvo_reddit,True,3.0,True,2.0,False,360,1768544161,0,3955.3,1778.0,87546.0,True
india,1qe83db,2026-01,nzvlbuf,hispeedimagins,True,4.0,True,5.0,False,189,1768545395,0,1871.5,104.0,9975.0,True
india,1qe83db,2026-01,nzvmw3o,ExaminationFail25,True,5.0,False,,False,120,1768546168,0,1486.0,53.0,190172.0,True
india,1qe83db,2026-01,nzvm5pm,grumpy_hooman,True,6.0,False,,False,78,1768545805,0,2088.5,1135.0,4130.0,True
india,1qe83db,2026-01,nzvqsaj,Adventurous_Iron_551,True,7.0,False,,False,49,1768548139,0,507.2,1.0,17320.0,True
india,1qe83db,2026-01,nzvn3fz,Embarrassed_Look9200,True,8.0,False,,False,49,1768546269,0,425.0,19946.0,95234.0,True
india,1qe83db,2026-01,nzvkdzt,DielectricPikachu,True,9.0,True,4.0,False,35,1768544933,0,1296.1,1670.0,16264.0,True
india,1qe83db,2026-01,nzvptnc,Tomasulu,True,10.0,False,,False,26,1768547651,0,3301.2,498.0,16927.0,True
india,1qgtm5l,2026-01,o0f4jpj,Warm-Geologist001,True,1.0,True,3.0,False,318,1768796019,0,1709.1,3121.0,115853.0,True
india,1qgtm5l,2026-01,o0f69ak,Environmental_Bus507,True,2.0,True,5.0,False,261,1768796701,0,1774.0,36706.0,146602.0,True
india,1qgtm5l,2026-01,o0f4mg1,CypherDomEpsilon,True,3.0,True,4.0,False,222,1768796049,0,1149.3,12.0,82088.0,True
india,1qgtm5l,2026-01,o0f1jg2,Glass_Extension_6529,True,4.0,True,1.0,True,123,1768794861,0,512.7,29409.0,37794.0,True
india,1qgtm5l,2026-01,o0fbrsu,ExaminationFail25,True,5.0,False,,False,87,1768798964,0,1486.0,53.0,190172.0,True
india,1qgtm5l,2026-01,o0f6auo,sanyam303,True,6.0,False,,False,59,1768796718,0,4118.9,913.0,6469.0,True
india,1qgtm5l,2026-01,o0frl5y,_WaterBear,True,7.0,False,,False,26,1768806427,0,857.3,3304.0,2517.0,True
india,1qgtm5l,2026-01,o0ff93y,Dark_2Dragon,True,8.0,False,,False,16,1768800483,0,2059.4,16870.0,27128.0,True
india,1qgtm5l,2026-01,o0f2oy2,HappySisyphus22,True,9.0,True,2.0,False,14,1768795300,0,2830.8,35338.0,72441.0,True
india,1qgtm5l,2026-01,o0fj67s,Turbulent-Plum1236,True,10.0,False,,False,11,1768802285,0,,,,
india,1q65qjl,2026-01,ny5a4f7,udayramp,True,1.0,True,2.0,False,754,1767761579,0,3924.9,166318.0,9326.0,True
india,1q65qjl,2026-01,ny5barv,No-Assignment7129,True,2.0,True,5.0,False,652,1767762055,0,2098.9,163676.0,72803.0,True
india,1q65qjl,2026-01,ny5epz2,yyamss,True,3.0,False,,False,462,1767763495,0,234.2,1.0,669.0,True
india,1q65qjl,2026-01,ny590of,Patient-End7967,True,4.0,True,1.0,False,440,1767761142,0,2155.6,1131.0,25064.0,True
india,1q65qjl,2026-01,ny5l2ku,brazendude,True,5.0,False,,False,271,1767766366,0,1585.7,2833.0,24751.0,True
india,1q65qjl,2026-01,ny5eqwx,jacobt478,True,6.0,False,,False,98,1767763506,0,4026.8,5531.0,7569.0,True
india,1q65qjl,2026-01,ny5atjq,John_J24,True,7.0,True,4.0,False,76,1767761860,0,2012.2,1351.0,5535.0,True
india,1q65qjl,2026-01,ny5ap8u,shisui1729,True,8.0,True,3.0,False,49,1767761811,0,3132.6,3043.0,17889.0,True
india,1q65qjl,2026-01,ny5xcvf,VerTexV1sion,True,9.0,False,,False,38,1767772638,0,2106.0,54163.0,88132.0,True
india,1q65qjl,2026-01,ny5heip,Kalaunjilover,True,10.0,False,,False,32,1767764663,0,286.1,246.0,617.0,True
BollyBlindsNGossip,1q3hrg5,2026-01,nxkv149,Wasabi_Dry,True,1.0,True,4.0,False,2789,1767505617,0,,,,
BollyBlindsNGossip,1q3hrg5,2026-01,nxkvgkw,nickdonhelm,True,2.0,False,,False,620,1767505807,0,1529.9,55935.0,195669.0,True
BollyBlindsNGossip,1q3hrg5,2026-01,nxkw842,Kya-yaar-Shreya,True,3.0,False,,False,266,1767506147,0,644.0,260.0,49541.0,False
BollyBlindsNGossip,1q3hrg5,2026-01,nxkytrf,GiveMeSomeSunshine3,True,4.0,False,,False,248,1767507353,0,448.8,1815823.0,223800.0,True
BollyBlindsNGossip,1q3hrg5,2026-01,nxkwirn,Interesting-Take781,True,5.0,False,,False,174,1767506282,0,473.0,265599.0,55961.0,True
BollyBlindsNGossip,1q3hrg5,2026-01,nxkuj3n,__bunny,True,6.0,True,3.0,False,155,1767505397,0,2608.8,17.0,20071.0,True
BollyBlindsNGossip,1q3hrg5,2026-01,nxl0xez,Silent_Letterhead591,True,7.0,False,,False,88,1767508359,0,526.5,326.0,2191.0,True
BollyBlindsNGossip,1q3hrg5,2026-01,nxkvph2,phatpussygobbler,True,8.0,False,,False,80,1767505917,0,236.5,180.0,3104.0,True
BollyBlindsNGossip,1q3hrg5,2026-01,nxkzpkm,Short_Jackfruit_8219,True,9.0,False,,False,79,1767507771,0,954.8,389.0,6046.0,True
BollyBlindsNGossip,1q3hrg5,2026-01,nxkwne9,Waste_Priority_3663,True,10.0,False,,False,40,1767506341,0,546.7,1677.0,28975.0,True
BollyBlindsNGossip,1q3hrg5,2026-01,nxku66d,Necessary_Sweet_150,False,,True,1.0,False,40,1767505239,0,780.4,179.0,4303.0,False
BollyBlindsNGossip,1q3hrg5,2026-01,nxkualu,Batman_55599,False,,True,2.0,False,37,1767505293,0,725.7,1.0,13457.0,False
BollyBlindsNGossip,1q3hrg5,2026-01,nxkvf9e,Akshatcommunity,False,,True,5.0,False,33,1767505790,0,2074.8,1557.0,5374.0,True
BollyBlindsNGossip,1qan1wi,2026-01,nz49axf,Illustrious-Grape897,True,1.0,True,3.0,False,1766,1768198076,0,900.9,9442.0,61443.0,True
BollyBlindsNGossip,1qan1wi,2026-01,nz4aww5,IndependentOk388,True,2.0,False,,False,596,1768198864,0,1178.6,18330.0,183440.0,False
BollyBlindsNGossip,1qan1wi,2026-01,nz4b2mn,Need_help8172,True,3.0,False,,False,498,1768198943,0,863.8,82.0,12848.0,True
BollyBlindsNGossip,1qan1wi,2026-01,nz4b85b,DJMhat,True,4.0,False,,False,155,1768199017,0,2528.7,5462.0,232854.0,True
BollyBlindsNGossip,1qan1wi,2026-01,nz4b08z,enlightenedFool721,True,5.0,False,,False,85,1768198910,0,3428.8,105331.0,6281.0,True
BollyBlindsNGossip,1qan1wi,2026-01,nz4jzcz,Former_Guarantee_794,True,6.0,False,,False,85,1768203621,0,1102.4,1.0,3627.0,True
BollyBlindsNGossip,1qan1wi,2026-01,nz493z2,Perfect_Chicken16,True,7.0,True,1.0,False,75,1768197983,0,1037.4,23001.0,53524.0,True
BollyBlindsNGossip,1qan1wi,2026-01,nz4az1q,FrigatesLaugh,True,8.0,False,,False,72,1768198894,0,1331.2,1037.0,10799.0,True
BollyBlindsNGossip,1qan1wi,2026-01,nz4dgr3,Emotional_Grand_39,True,9.0,False,,False,64,1768200155,0,1323.2,160.0,694.0,True
BollyBlindsNGossip,1qan1wi,2026-01,nz4dqsy,dhirpurboy89,True,10.0,False,,False,57,1768200299,0,2539.0,1027.0,12443.0,True
BollyBlindsNGossip,1qan1wi,2026-01,nz496dc,Interesting-Take781,False,,True,2.0,False,38,1768198014,0,473.0,265599.0,55961.0,True
BollyBlindsNGossip,1qan1wi,2026-01,nz4atnd,raaz9658,False,,True,5.0,False,29,1768198820,0,2073.2,35126.0,101928.0,True
BollyBlindsNGossip,1qan1wi,2026-01,nz49pew,Baazigar00,False,,True,4.0,False,21,1768198273,0,1396.7,93.0,98534.0,True
BollyBlindsNGossip,1qb72p0,2026-01,nz8i1eg,Randomidek123,True,1.0,True,4.0,False,2448,1768253165,0,1499.7,24119.0,254004.0,True
BollyBlindsNGossip,1qb72p0,2026-01,nz8ehq1,Mother-Attention4930,True,2.0,True,1.0,False,677,1768252173,0,731.6,62.0,147437.0,True
BollyBlindsNGossip,1qb72p0,2026-01,nz8m6f6,Efficient_Guava_5561,True,3.0,False,,False,468,1768254303,0,1002.3,1231.0,87516.0,True
BollyBlindsNGossip,1qb72p0,2026-01,nz8jsta,Shaitaan-Haiwan,True,4.0,False,,False,209,1768253651,0,601.6,62112.0,55075.0,True
BollyBlindsNGossip,1qb72p0,2026-01,nz8zluy,kakaluluo,True,5.0,False,,False,155,1768258174,0,2044.3,702.0,36727.0,False
BollyBlindsNGossip,1qb72p0,2026-01,nz9a4sz,theskyissblu3,True,6.0,False,,False,130,1768261517,0,2330.1,3.0,2734.0,True
BollyBlindsNGossip,1qb72p0,2026-01,nz8icgn,InterestingName9026,True,7.0,True,5.0,False,120,1768253250,0,,,,
BollyBlindsNGossip,1qb72p0,2026-01,nzbi2hg,Interesting-Take781,True,8.0,False,,False,79,1768291981,0,473.0,265599.0,55961.0,True
BollyBlindsNGossip,1qb72p0,2026-01,nz8i0pd,InterestingName9026,True,9.0,True,3.0,False,66,1768253160,0,,,,
BollyBlindsNGossip,1qb72p0,2026-01,nz8gs1e,Far-Abies-7482,True,10.0,True,2.0,False,42,1768252817,0,937.8,7458.0,14790.0,True
BollyBlindsNGossip,1qeek1k,2026-01,nzwqh3h,GiveMeSomeSunshine3,True,1.0,True,3.0,False,1481,1768566527,0,448.8,1815823.0,223800.0,True
BollyBlindsNGossip,1qeek1k,2026-01,nzwqb8h,SassyModak,True,2.0,True,2.0,False,967,1768566463,0,249.1,145.0,20728.0,True
BollyBlindsNGossip,1qeek1k,2026-01,nzwqx5o,CoastLoud5280,True,3.0,True,5.0,False,585,1768566709,0,2032.7,6.0,14796.0,True
BollyBlindsNGossip,1qeek1k,2026-01,nzwrggn,BombayJeans,True,5.0,False,,False,210,1768566925,0,2284.5,51282.0,65327.0,True
BollyBlindsNGossip,1qeek1k,2026-01,nzwrc0s,Pin2Chin2,True,4.0,False,,False,214,1768566875,0,286.0,1.0,27554.0,False
BollyBlindsNGossip,1qeek1k,2026-01,nzwqoz9,falconwantspies,True,6.0,True,4.0,False,111,1768566616,0,274.2,27049.0,54090.0,False
BollyBlindsNGossip,1qeek1k,2026-01,nzwrwfb,Sharp-Zebra-2959,True,7.0,False,,False,59,1768567101,0,,,,
BollyBlindsNGossip,1qeek1k,2026-01,nzwx84g,SaltWillingness6647,True,9.0,False,,False,38,1768569092,0,740.0,5332.0,11463.0,True
BollyBlindsNGossip,1qeek1k,2026-01,nzwq9z6,Madhuvan2,True,8.0,True,1.0,False,40,1768566449,0,1754.3,695.0,680.0,True
BollyBlindsNGossip,1qeek1k,2026-01,nzwv7he,Old-Firefighter4632,True,10.0,False,,False,36,1768568360,0,,,,
BollyBlindsNGossip,1q4ms7e,2026-01,nxtl9ai,Rue_when_was_dis,True,1.0,False,,False,1245,1767623262,0,1530.6,2024.0,123816.0,True
BollyBlindsNGossip,1q4ms7e,2026-01,nxtjl4p,Grouchy-Cycle-6697,True,2.0,True,1.0,False,1051,1767622705,0,683.5,919.0,9984.0,True
BollyBlindsNGossip,1q4ms7e,2026-01,nxtlnlv,UniqueWillingness180,True,3.0,False,,False,379,1767623392,0,2012.2,8519.0,2747.0,True
BollyBlindsNGossip,1q4ms7e,2026-01,nxtpvzo,notorious-slippery,True,4.0,False,,False,370,1767624752,0,220.6,1873.0,9237.0,True
BollyBlindsNGossip,1q4ms7e,2026-01,nxtjxij,sparkwolther009,True,5.0,True,4.0,False,216,1767622820,0,524.9,15210.0,22250.0,True
BollyBlindsNGossip,1q4ms7e,2026-01,nxtkkhd,EconomicsOptimal8621,True,6.0,False,,False,140,1767623035,0,260.0,13.0,31358.0,True
BollyBlindsNGossip,1q4ms7e,2026-01,nxtjz47,Specific_Tower_6320,True,7.0,True,5.0,False,127,1767622835,0,953.1,9075.0,5736.0,True
BollyBlindsNGossip,1q4ms7e,2026-01,nxtm36f,Inevitable_Park_4506,True,8.0,False,,False,122,1767623533,0,1457.3,1.0,16443.0,True
BollyBlindsNGossip,1q4ms7e,2026-01,nxtly6i,Prochilife,True,9.0,False,,False,119,1767623489,0,,,,
BollyBlindsNGossip,1q4ms7e,2026-01,nxtm5pr,Key_Confidence8435,True,10.0,False,,False,110,1767623557,0,,,,
BollyBlindsNGossip,1q4ms7e,2026-01,nxtjp77,bips99,False,,True,3.0,False,83,1767622743,0,3491.1,2651.0,157427.0,True
BollyBlindsNGossip,1q4ms7e,2026-01,nxtjmqd,Randomidek123,False,,True,2.0,False,48,1767622720,0,1499.7,24119.0,254004.0,True
BollyBlindsNGossip,1qiou9r,2026-01,o0szsmx,UsualPresentation733,True,1.0,True,5.0,False,505,1768972584,0,,,,
BollyBlindsNGossip,1qiou9r,2026-01,o0sygmi,Reasonable_Ninja5708,True,2.0,True,1.0,False,482,1768972006,0,1348.7,6971.0,271068.0,True
BollyBlindsNGossip,1qiou9r,2026-01,o0syioh,Majestic_District_51,True,3.0,True,2.0,False,206,1768972030,0,1831.0,69998.0,625766.0,True
BollyBlindsNGossip,1qiou9r,2026-01,o0t2lk1,EconomyMove3526,True,4.0,False,,False,101,1768973826,0,1302.8,84.0,5147.0,True
BollyBlindsNGossip,1qiou9r,2026-01,o0sz9nr,Jessdayyy,True,6.0,True,4.0,True,26,1768972355,0,1702.6,19350.0,62579.0,True
BollyBlindsNGossip,1qiou9r,2026-01,o0t32ta,CarelessProperty5772,True,5.0,False,,False,27,1768974042,0,334.8,515.0,15730.0,True
BollyBlindsNGossip,1qiou9r,2026-01,o0sys49,MiserableOil737,True,7.0,True,3.0,False,26,1768972144,0,,,,
BollyBlindsNGossip,1qiou9r,2026-01,o0t22xt,sprIxAlwareArnd6327,True,8.0,False,,False,18,1768973595,0,389.9,127.0,41760.0,True
BollyBlindsNGossip,1qiou9r,2026-01,o0t7i5g,the1sarcastic,True,9.0,False,,False,7,1768976158,0,2877.5,3208.0,11293.0,True
BollyBlindsNGossip,1qiou9r,2026-01,o0t1sr4,oogway_18,True,10.0,False,,False,5,1768973467,0,1663.1,228.0,2084.0,True
BollyBlindsNGossip,1qh4ypv,2026-01,o0h7iiw,markelonn,True,1.0,True,1.0,False,1460,1768831692,0,4619.7,21879.0,193345.0,True
BollyBlindsNGossip,1qh4ypv,2026-01,o0h7p4f,Status-Exam-1928,True,2.0,True,2.0,False,368,1768831752,0,1592.2,127.0,2782.0,True
BollyBlindsNGossip,1qh4ypv,2026-01,o0hggqw,shreddy_go_365,True,3.0,False,,False,302,1768834508,0,1929.8,320.0,7794.0,True
BollyBlindsNGossip,1qh4ypv,2026-01,o0hlmle,Exciting-Disaster927,True,4.0,False,,False,118,1768836031,0,999.1,53.0,12320.0,True
BollyBlindsNGossip,1qh4ypv,2026-01,o0hjz9e,Kuroryu95,True,5.0,False,,False,100,1768835551,0,3644.4,1327.0,7046.0,True
BollyBlindsNGossip,1qh4ypv,2026-01,o0h8jh5,SignificantLoser96,True,6.0,True,4.0,False,97,1768832028,0,443.9,322.0,2754.0,True
BollyBlindsNGossip,1qh4ypv,2026-01,o0h85pz,prezvi,True,7.0,True,3.0,False,77,1768831903,0,225.9,2.0,291.0,True
BollyBlindsNGossip,1qh4ypv,2026-01,o0h8ps5,Ordinary_Law_3103,True,8.0,True,5.0,False,46,1768832085,0,880.7,2252.0,2559.0,True
BollyBlindsNGossip,1qh4ypv,2026-01,o0h9h0o,Responsible_Oil1046,True,9.0,False,,False,38,1768832334,0,215.1,62587.0,27857.0,True
BollyBlindsNGossip,1qh4ypv,2026-01,o0hdtko,Away-Media-2317,True,10.0,False,,False,36,1768833701,0,1886.3,14.0,1323.0,True
BollyBlindsNGossip,1qokwsl,2026-01,o2219tq,Majestic_District_51,True,1.0,True,3.0,False,2323,1769536392,0,1831.0,69998.0,625766.0,True
BollyBlindsNGossip,1qokwsl,2026-01,o22151p,Other_Cucumber7750,True,2.0,True,2.0,False,839,1769536359,0,388.9,124421.0,28524.0,True
BollyBlindsNGossip,1qokwsl,2026-01,o221pc3,CarelessProperty5772,True,3.0,False,,False,324,1769536501,0,334.8,515.0,15730.0,True
BollyBlindsNGossip,1qokwsl,2026-01,o2230zv,Tanyaxunicorn,True,4.0,False,,False,199,1769536837,0,2154.1,11431.0,117326.0,True
BollyBlindsNGossip,1qokwsl,2026-01,o22106w,berang_zindagi,True,5.0,True,1.0,False,116,1769536325,0,338.9,3095.0,12339.0,True
BollyBlindsNGossip,1qokwsl,2026-01,o2248w5,Mission_Care_1078,True,6.0,False,,False,91,1769537150,0,2067.2,4109.0,30178.0,True
BollyBlindsNGossip,1qokwsl,2026-01,o224648,IllustriousDimple862,True,7.0,False,,False,76,1769537130,0,280.1,407.0,22664.0,True
BollyBlindsNGossip,1qokwsl,2026-01,o221ri1,Psychological-Tea611,True,8.0,False,,False,75,1769536516,0,1916.9,811.0,33486.0,True
BollyBlindsNGossip,1qokwsl,2026-01,o224ell,Living_Inflation_327,True,9.0,False,,False,70,1769537191,0,1344.0,4640.0,3878.0,True
BollyBlindsNGossip,1qokwsl,2026-01,o221ixn,nickdonhelm,True,10.0,True,4.0,False,67,1769536456,0,1529.9,55935.0,195669.0,True
BollyBlindsNGossip,1qokwsl,2026-01,o221j4h,Naive_Cause8984,False,,True,5.0,False,24,1769536457,0,756.2,66833.0,126754.0,True
BollyBlindsNGossip,1q68wll,2026-01,ny5tl45,StratOfMind,True,1.0,True,3.0,False,1486,1767770615,0,238.4,3943.0,17879.0,True
BollyBlindsNGossip,1q68wll,2026-01,ny5tcdr,Grouchy-Cycle-6697,True,2.0,True,1.0,False,450,1767770485,0,683.5,919.0,9984.0,True
BollyBlindsNGossip,1q68wll,2026-01,ny5ti9f,Psychological-Tea611,True,3.0,True,2.0,False,398,1767770573,0,1916.9,811.0,33486.0,True
BollyBlindsNGossip,1q68wll,2026-01,ny5vkyy,witchytragedy,True,4.0,False,,False,329,1767771686,0,1765.2,1053.0,31184.0,True
BollyBlindsNGossip,1q68wll,2026-01,ny5uayr,Vyell_Vyvyan-Vivek,True,6.0,False,,False,179,1767770996,0,,,,
BollyBlindsNGossip,1q68wll,2026-01,ny5tzgh,1120gg,True,5.0,False,,False,180,1767770826,0,1790.7,3708.0,42660.0,True
BollyBlindsNGossip,1q68wll,2026-01,ny5vn7d,biryanikaghulam,True,7.0,False,,False,116,1767771719,0,754.5,11743.0,57330.0,True
BollyBlindsNGossip,1q68wll,2026-01,ny5x72t,Independent_Main_,True,8.0,False,,False,107,1767772551,0,456.8,2457.0,8535.0,False
BollyBlindsNGossip,1q68wll,2026-01,ny5tnuq,Interesting-Take781,True,9.0,True,4.0,False,66,1767770656,0,473.0,265599.0,55961.0,True
BollyBlindsNGossip,1q68wll,2026-01,ny5tp4b,MalabarCadillac,True,10.0,True,5.0,False,56,1767770674,0,2117.1,73.0,23789.0,True
BollyBlindsNGossip,1qoao8u,2026-01,o1zuwg3,priyansh28,True,1.0,False,,False,2144,1769511766,0,1402.3,51.0,3534.0,True
BollyBlindsNGossip,1qoao8u,2026-01,o1zul7w,JellyfishOpposite812,True,2.0,False,,False,1898,1769511609,0,1991.9,4450.0,8424.0,True
BollyBlindsNGossip,1qoao8u,2026-01,o1zu1zd,MaskOff009,True,3.0,True,1.0,False,1142,1769511334,0,1911.2,17354.0,29727.0,True
BollyBlindsNGossip,1qoao8u,2026-01,o1zueg8,Separate_Record9354,True,4.0,True,4.0,False,510,1769511512,0,1865.2,78106.0,25293.0,True
BollyBlindsNGossip,1qoao8u,2026-01,o1zu2mz,Fun-Finance-839,True,5.0,True,2.0,False,422,1769511343,0,980.1,443.0,1642.0,True
BollyBlindsNGossip,1qoao8u,2026-01,o1zutuq,BusExact9849,True,6.0,False,,False,254,1769511730,0,2062.8,6590.0,15230.0,True
BollyBlindsNGossip,1qoao8u,2026-01,o1zvr1f,timepassredditacc_1,True,7.0,False,,False,197,1769512193,0,642.0,3567.0,9894.0,True
BollyBlindsNGossip,1qoao8u,2026-01,o1zu7jg,pompy1301,True,8.0,True,3.0,False,78,1769511414,0,2075.2,506.0,33430.0,True
BollyBlindsNGossip,1qoao8u,2026-01,o1zuxeb,Responsible_Oil1046,True,9.0,False,,False,63,1769511779,0,215.1,62587.0,27857.0,True
BollyBlindsNGossip,1qoao8u,2026-01,o1zukmu,Stunning-Accident-18,True,10.0,True,5.0,False,48,1769511601,0,1013.1,1.0,44934.0,True
indiasocial,1qq040i,2026-01,o2d2zxp,x1shn,True,1.0,True,3.0,False,2667,1769665790,0,,,,
indiasocial,1qq040i,2026-01,o2d48nw,devangs3,True,2.0,False,,False,902,1769666360,0,4034.4,35150.0,16378.0,True
indiasocial,1qq040i,2026-01,o2d28sn,BOOTY-DESTROYER69,True,3.0,True,1.0,False,236,1769665447,0,494.8,16581.0,15495.0,True
indiasocial,1qq040i,2026-01,o2d2wmk,Express_Fix5174,True,4.0,True,2.0,False,105,1769665749,0,,,,
indiasocial,1qq040i,2026-01,o2d3e75,Tough_Cat_8068,True,5.0,True,4.0,False,51,1769665971,0,839.3,13907.0,66336.0,True
indiasocial,1qq040i,2026-01,o2d3xwa,Hefty-Winner605,True,6.0,False,,False,50,1769666222,0,554.2,30.0,202.0,True
indiasocial,1qq040i,2026-01,o2d3wcv,Crazy_Excitement3772,True,7.0,False,,False,33,1769666203,0,1987.1,48349.0,10551.0,True
indiasocial,1qq040i,2026-01,o2d3ghq,Anything_Shubhh,True,8.0,True,5.0,False,24,1769665999,0,,,,
indiasocial,1qq040i,2026-01,o2d5vr8,onionflavouredbanana,True,9.0,False,,False,24,1769667132,0,1408.0,273.0,1598.0,True
indiasocial,1qq040i,2026-01,o2d5t26,Ksb2311,True,10.0,False,,False,22,1769667097,0,3047.0,11155.0,24699.0,True
indiasocial,1qlc9kg,2026-01,o1df8ur,Economy_Permission36,True,1.0,True,3.0,False,2493,1769229399,0,1659.9,1842.0,8331.0,True
indiasocial,1qlc9kg,2026-01,o1dhm2g,crispyyjalebi,True,2.0,False,,False,421,1769230364,0,160.9,107.0,1245.0,True
indiasocial,1qlc9kg,2026-01,o1dg2la,TwirlyDCook,True,3.0,True,4.0,False,281,1769229733,0,745.4,5813.0,9031.0,True
indiasocial,1qlc9kg,2026-01,o1df2jz,ezio1452,True,4.0,True,2.0,False,144,1769229329,0,1827.0,52479.0,114087.0,True
indiasocial,1qlc9kg,2026-01,o1dh4dr,boykadc,True,5.0,False,,False,97,1769230161,0,1025.5,17469.0,4839.0,True
indiasocial,1qlc9kg,2026-01,o1de6v1,Slow_Faithlessness43,True,6.0,True,1.0,False,34,1769228974,0,1939.0,7028.0,1935.0,True
indiasocial,1qlc9kg,2026-01,o1dk97p,alex07_07,True,7.0,False,,False,29,1769231467,0,388.9,35.0,2698.0,True
indiasocial,1qlc9kg,2026-01,o1dlgih,harshro45,True,8.0,False,,False,27,1769231976,0,2098.5,668.0,1652.0,True
indiasocial,1qlc9kg,2026-01,o1do50i,ForgotMyStethoscope,True,9.0,False,,False,15,1769233168,0,260.2,14929.0,19258.0,True
indiasocial,1qlc9kg,2026-01,o1dj6e2,God_of_H3ll,True,10.0,False,,False,8,1769231011,0,,,,
indiasocial,1qlc9kg,2026-01,o1dgfkh,reddit_user180,False,,True,5.0,False,4,1769229881,0,,,,
indiasocial,1q96hia,2026-01,nystol5,PhilosophyOdd6301,True,1.0,True,3.0,False,281,1768059424,0,1293.9,244.0,2073.0,True
indiasocial,1q96hia,2026-01,nyss2w4,Regular-Scheme-5532,True,2.0,True,2.0,False,255,1768058933,0,1353.8,5964.0,3905.0,True
indiasocial,1q96hia,2026-01,nysptfn,neeraj_agarwal,True,3.0,True,1.0,False,111,1768058223,0,2533.2,10957.0,20664.0,True
indiasocial,1q96hia,2026-01,nytt0y3,Insane_Inkster,True,4.0,False,,True,73,1768069512,0,2216.2,9329.0,91809.0,True
indiasocial,1q96hia,2026-01,nystvv2,qwert_99,True,5.0,True,4.0,False,62,1768059486,0,,,,
indiasocial,1q96hia,2026-01,nyt9ju0,AJ-005,True,6.0,False,,False,34,1768063988,0,1643.0,11588.0,25258.0,True
indiasocial,1q96hia,2026-01,nytks47,anonymous010103,True,7.0,False,,False,32,1768067213,0,1549.0,430.0,18584.0,True
indiasocial,1q96hia,2026-01,nytb3g4,Apprehensive_Text378,True,8.0,False,,False,13,1768064426,0,1916.8,48.0,97.0,True
indiasocial,1q96hia,2026-01,nytkvlg,Zenny_Cutie,True,9.0,False,,False,10,1768067240,0,1267.9,96.0,2007.0,True
indiasocial,1q96hia,2026-01,nysv7m3,PotatoDreamer3,True,10.0,True,5.0,False,9,1768059886,0,990.2,591.0,5971.0,True
indiasocial,1q9s8lo,2026-01,nyxyhff,R74U,True,1.0,True,4.0,False,780,1768121472,0,1849.2,270.0,1918.0,True
indiasocial,1q9s8lo,2026-01,nyxx94m,Bangers_n_Mashallah,True,2.0,True,3.0,False,301,1768120802,0,462.2,688.0,163151.0,True
indiasocial,1q9s8lo,2026-01,nyxqz46,Agile_Camel_2028,True,3.0,True,1.0,False,276,1768117353,0,1063.3,728.0,14019.0,False
indiasocial,1q9s8lo,2026-01,nyxvu4u,0xlostincode,True,4.0,True,2.0,False,103,1768120022,0,501.0,37258.0,82787.0,True
indiasocial,1q9s8lo,2026-01,nyy0dkl,Shreee08,True,5.0,False,,False,58,1768122526,0,2433.3,18314.0,25393.0,True
indiasocial,1q9s8lo,2026-01,nyy0bvy,Sufficient_Ear_8462,True,6.0,True,5.0,False,41,1768122500,0,1729.3,375.0,1207.0,True
indiasocial,1q9s8lo,2026-01,nyye7hg,Kitlerdidi,True,7.0,False,,False,16,1768130209,0,,,,
indiasocial,1q9s8lo,2026-01,nyybqde,KronosofTheshadow,True,8.0,False,,False,14,1768128856,0,1742.2,6.0,3866.0,True
indiasocial,1q9s8lo,2026-01,nyyergd,Due_Performance_6917,True,9.0,False,,False,10,1768130509,0,1250.7,20016.0,30270.0,True
indiasocial,1q9s8lo,2026-01,nyygj5g,Longjumping_Cap7327,True,10.0,False,,False,7,1768131457,0,293.6,119.0,529.0,True
indiasocial,1qndxww,2026-01,o1td5gc,ayu_xi,True,1.0,True,4.0,False,1143,1769434525,0,403.4,9544.0,53919.0,False
indiasocial,1qndxww,2026-01,o1t2ux4,intellectualstar,True,2.0,True,1.0,False,928,1769430706,0,1601.9,776.0,10898.0,True
indiasocial,1qndxww,2026-01,o1t5n34,Cool-Walk5990,True,3.0,True,2.0,False,637,1769431815,0,426.7,544.0,12548.0,True
indiasocial,1qndxww,2026-01,o1td9c8,sharmanachiket90,True,4.0,True,5.0,False,125,1769434561,0,2465.6,3250.0,5382.0,True
indiasocial,1qndxww,2026-01,o1tck2g,Significant-Road3459,True,5.0,True,3.0,False,70,1769434326,0,1731.1,22.0,2113.0,True
indiasocial,1qndxww,2026-01,o1tki90,Hey_Rishabh,True,6.0,False,,False,31,1769436846,0,2387.0,5981.0,11981.0,True
indiasocial,1qndxww,2026-01,o1tdgvx,Vast-Painting5109,True,7.0,False,,False,19,1769434630,0,163.1,63.0,45.0,True
indiasocial,1qndxww,2026-01,o1tdw4b,Kitlerdidi,True,8.0,False,,False,14,1769434767,0,,,,
indiasocial,1qndxww,2026-01,o1tj1r1,Bo0ochi,True,9.0,False,,False,9,1769436394,0,476.6,109.0,13178.0,True
indiasocial,1qndxww,2026-01,o1u0cgw,RaiderBoi,True,10.0,False,,False,4,1769441426,0,3015.0,5018.0,2030.0,True
indiasocial,1qr8738,2026-01,o2m8j7h,Ga22u,True,1.0,False,,False,919,1769786794,0,1884.8,5746.0,4506.0,True
indiasocial,1qr8738,2026-01,o2m6y72,Kitchen_Engineer1332,True,2.0,True,2.0,False,282,1769786356,0,381.8,56351.0,41265.0,True
indiasocial,1qr8738,2026-01,o2m6nel,Own-Ad3770,True,3.0,True,1.0,False,208,1769786272,0,1111.0,70.0,1516.0,True
indiasocial,1qr8738,2026-01,o2m7q8e,user06_699,True,4.0,True,4.0,False,89,1769786571,0,415.8,1346.0,3136.0,False
indiasocial,1qr8738,2026-01,o2m9dx8,alooxbriyani,True,5.0,False,,False,45,1769787027,0,167.3,301.0,49.0,True
indiasocial,1qr8738,2026-01,o2m9ido,Socio_plath_,True,6.0,False,,False,31,1769787061,0,248.8,1.0,17371.0,True
indiasocial,1qr8738,2026-01,o2m82de,Head_Ad7598,True,7.0,True,5.0,False,22,1769786664,0,,,,
indiasocial,1qr8738,2026-01,o2mbg4e,lasomio_,True,8.0,False,,False,14,1769787586,0,414.0,58.0,514.0,True
indiasocial,1qr8738,2026-01,o2m8dsi,Acrobatic-Dark-7240,True,10.0,False,,False,12,1769786752,0,1282.0,193.0,558.0,True
indiasocial,1qr8738,2026-01,o2m9o7t,Any-Main-3866,True,9.0,False,,False,13,1769787106,0,707.2,138.0,23029.0,True
indiasocial,1qr8738,2026-01,o2m729t,Ranger_Hawk3046,False,,True,3.0,False,4,1769786388,0,390.1,123299.0,57317.0,True
indiasocial,1qgzuou,2026-01,o0g8ajb,Chins23,True,1.0,True,1.0,False,801,1768815659,0,2045.2,40.0,7557.0,True
indiasocial,1qgzuou,2026-01,o0gbvsl,NeuralOverboost,True,2.0,False,,False,336,1768817688,0,455.5,6926.0,8855.0,True
indiasocial,1qgzuou,2026-01,o0gax3v,that_tall_fellow,True,3.0,False,,False,160,1768817151,0,596.0,894.0,2966.0,True
indiasocial,1qgzuou,2026-01,o0gavgs,burzhuasoo,True,4.0,True,5.0,False,111,1768817125,0,2143.1,2348.0,3708.0,True
indiasocial,1qgzuou,2026-01,o0ga4fn,vajra__20,True,5.0,True,3.0,False,92,1768816701,0,574.6,614.0,5034.0,True
indiasocial,1qgzuou,2026-01,o0gbrlr,OwnStorm,True,6.0,False,,False,38,1768817624,0,2893.0,33827.0,107465.0,True
indiasocial,1qgzuou,2026-01,o0g8wl2,samratvishaljain,True,7.0,True,2.0,False,24,1768816007,0,3596.1,833.0,37486.0,True
indiasocial,1qgzuou,2026-01,o0gc8ih,itneverhelps,True,8.0,False,,False,20,1768817881,0,894.6,61227.0,75860.0,True
indiasocial,1qgzuou,2026-01,o0gb3b0,abhishekprime10,True,9.0,False,,False,17,1768817246,0,3243.7,244.0,352.0,True
indiasocial,1qgzuou,2026-01,o0gasyg,alittlebitwhy,True,10.0,True,4.0,False,13,1768817084,0,376.2,12636.0,18783.0,True
indiasocial,1q9spu2,2026-01,nyxoasx,Parking-Goat421,True,1.0,True,1.0,False,1806,1768115918,0,376.0,10.0,1999.0,True
indiasocial,1q9spu2,2026-01,nyxp5jh,Bangers_n_Mashallah,True,2.0,True,5.0,False,1287,1768116366,0,462.2,688.0,163151.0,True
indiasocial,1q9spu2,2026-01,nyxolir,CaptainFromDite,True,3.0,True,3.0,False,262,1768116074,0,1494.7,214.0,8076.0,True
indiasocial,1q9spu2,2026-01,nyxqb5o,K_bharuka31,True,4.0,False,,False,212,1768116992,0,1441.2,1011.0,1192.0,True
indiasocial,1q9spu2,2026-01,nyxrcz5,desdemona2499,True,5.0,False,,False,157,1768117563,0,950.9,639.0,3351.0,True
indiasocial,1q9spu2,2026-01,nyxoqtd,Spiritual_Pool_175,True,6.0,True,4.0,False,58,1768116151,0,675.4,1.0,2457.0,True
indiasocial,1q9spu2,2026-01,nyxqq3b,l_Mr_Vader_l,True,7.0,False,,False,58,1768117218,0,3073.2,15986.0,56590.0,True
indiasocial,1q9spu2,2026-01,nyxpjq3,Vishnusakhi7,True,8.0,False,,False,41,1768116576,0,696.3,1922.0,8376.0,True
indiasocial,1q9spu2,2026-01,nyxsaam,ritZash,True,9.0,False,,False,38,1768118065,0,2197.0,407.0,646.0,True
indiasocial,1q9spu2,2026-01,nyxojcg,SRTrusher_,False,,True,2.0,False,19,1768116042,0,433.1,1642.0,1994.0,True
indiasocial,1q9spu2,2026-01,nyxw46s,kanhaaaaaaaaaaaa,True,10.0,False,,False,21,1768120177,0,2169.5,69616.0,48607.0,True
indiasocial,1qgrtbi,2026-01,o0epx2j,The_Volecitor,True,1.0,True,5.0,False,1169,1768790874,0,1007.2,12732.0,16619.0,True
indiasocial,1qgrtbi,2026-01,o0epsm2,HumanLawyer,True,2.0,True,4.0,False,771,1768790835,0,2732.2,63757.0,115299.0,True
indiasocial,1qgrtbi,2026-01,o0enyx5,SassyModak,True,3.0,True,2.0,False,532,1768790281,0,249.1,145.0,20728.0,True
indiasocial,1qgrtbi,2026-01,o0eqp0l,wine_coconut,True,4.0,False,,False,329,1768791136,0,1776.3,10294.0,115820.0,True
indiasocial,1qgrtbi,2026-01,o0euehs,Cautious_Agent1226,True,5.0,False,,False,308,1768792314,0,2042.0,318.0,6342.0,True
indiasocial,1qgrtbi,2026-01,o0eud06,Outrageous-Fix5010,True,6.0,False,,False,191,1768792301,0,825.9,1229.0,10539.0,True
indiasocial,1qgrtbi,2026-01,o0ep9wc,According-Ad687,True,7.0,True,3.0,False,121,1768790670,0,743.7,3160.0,30414.0,False
indiasocial,1qgrtbi,2026-01,o0ewlyq,Adhyatman,True,8.0,False,,False,90,1768793060,0,1730.1,2556.0,14466.0,True
indiasocial,1qgrtbi,2026-01,o0emhsa,Kitchen_Engineer1332,True,9.0,True,1.0,False,58,1768789818,0,381.8,56351.0,41265.0,True
indiasocial,1qgrtbi,2026-01,o0er8h8,National-Power3073,True,10.0,False,,False,55,1768791301,0,381.7,2426.0,10876.0,True
indiasocial,1qru1fi,2026-01,o2qtos7,WonReasly_,True,1.0,True,2.0,False,492,1769838473,0,861.2,2852.0,1226.0,True
indiasocial,1qru1fi,2026-01,o2qwq2x,VineethVish,True,2.0,False,,False,180,1769839950,0,2515.0,11037.0,6997.0,True
indiasocial,1qru1fi,2026-01,o2qtd4o,Glad_Success_6222,True,3.0,True,1.0,True,122,1769838320,0,183.9,23726.0,7729.0,True
indiasocial,1qru1fi,2026-01,o2qum8y,AMITAVA_2004,True,4.0,True,5.0,False,106,1769838920,0,205.0,1.0,97.0,True
indiasocial,1qru1fi,2026-01,o2quy1f,Katana_Weilder,True,5.0,False,,False,74,1769839079,0,185.0,31.0,13306.0,True
indiasocial,1qru1fi,2026-01,o2qu3ob,FrostedStan,True,6.0,True,3.0,False,63,1769838673,0,1283.6,763.0,9640.0,True
indiasocial,1qru1fi,2026-01,o2qwfxq,Remote-Safe-2488,True,7.0,False,,False,61,1769839810,0,1770.0,79.0,120.0,True
indiasocial,1qru1fi,2026-01,o2qx6d9,indori_chinmay,True,8.0,False,,False,60,1769840177,0,428.0,31.0,1431.0,True
indiasocial,1qru1fi,2026-01,o2qv2vi,MindlessHope7953,True,9.0,False,,False,49,1769839144,0,1591.9,219.0,4361.0,True
indiasocial,1qru1fi,2026-01,o2qv3fq,ATOMdotEXE,True,10.0,False,,False,39,1769839152,0,1984.0,1901.0,4602.0,True
indiasocial,1qru1fi,2026-01,o2qu5fs,BoredOnPurpose,False,,True,4.0,False,30,1769838695,0,339.3,667.0,1036.0,True
developersIndia,1qqd37p,2026-01,o2gsccp,ltChainsaw,True,1.0,True,4.0,False,305,1769714714,0,534.8,12.0,294.0,True
developersIndia,1qqd37p,2026-01,o2hdtnp,Rider_Anna,True,2.0,False,,False,104,1769720904,0,994.6,33.0,1905.0,True
developersIndia,1qqd37p,2026-01,o2lsks6,Buzz_IE,True,3.0,False,,True,54,1769782149,0,2497.8,1668.0,1586.0,True
developersIndia,1qqd37p,2026-01,o2gk20t,NotSoGenius00,True,5.0,True,1.0,False,46,1769712419,0,2063.1,43.0,184.0,True
developersIndia,1qqd37p,2026-01,o2gqn5p,shwinnie_,True,4.0,True,3.0,False,48,1769714233,0,1198.8,1.0,855.0,False
developersIndia,1qqd37p,2026-01,o2iwqbw,PhaseStreet9860,True,6.0,False,,False,42,1769738008,0,343.9,4419.0,2924.0,True
developersIndia,1qqd37p,2026-01,o2hyy46,Inukollu,True,7.0,False,,False,41,1769727040,0,3038.0,3.0,2163.0,True
developersIndia,1qqd37p,2026-01,o2h8w5k,job_hunter101,True,8.0,False,,False,40,1769719473,0,2024.7,5287.0,14462.0,True
developersIndia,1qqd37p,2026-01,o2gwzos,Remote_Focus1863,True,9.0,True,5.0,False,37,1769716044,0,1590.3,1259.0,5647.0,True
developersIndia,1qqd37p,2026-01,o2ha1jj,AbdullahM09,True,10.0,False,,False,33,1769719804,0,701.9,400.0,13.0,False
developersIndia,1qqd37p,2026-01,o2gkary,Potato_Skywalker,False,,True,2.0,False,7,1769712484,0,,,,
developersIndia,1qcvz7o,2026-01,nzl8mdx,night_fapper,True,1.0,True,1.0,False,351,1768417328,0,1791.8,1576.0,42180.0,True
developersIndia,1qcvz7o,2026-01,nzla7br,anoniondude,True,2.0,True,4.0,False,116,1768417755,0,1170.1,4.0,667.0,True
developersIndia,1qcvz7o,2026-01,nzn3umb,CheckedOutDidntLeave,True,3.0,False,,False,81,1768436611,0,4072.1,718.0,5788.0,True
developersIndia,1qcvz7o,2026-01,nzl97rr,whiteraven80085,True,4.0,True,2.0,False,51,1768417489,0,1474.8,6.0,61.0,True
developersIndia,1qcvz7o,2026-01,nzo8wrc,Latter_Board4949,True,5.0,False,,False,44,1768451185,0,1680.8,344.0,4398.0,True
developersIndia,1qcvz7o,2026-01,nzlax1e,Suspicious-Slot,True,6.0,True,5.0,False,36,1768417950,0,318.6,1978.0,7628.0,True
developersIndia,1qcvz7o,2026-01,nzo8o0v,TheMilfyChani,True,7.0,False,,False,25,1768451088,0,1261.3,209.0,2872.0,True
developersIndia,1qcvz7o,2026-01,nzle9le,OfferWestern,True,8.0,False,,False,13,1768418866,0,2031.1,1731.0,9416.0,True
developersIndia,1qcvz7o,2026-01,nzldjr7,Reasonable_Mix_6838,True,9.0,False,,False,10,1768418669,0,1889.1,130.0,7382.0,True
developersIndia,1qcvz7o,2026-01,nzl9afz,Wonderful-Chart-8010,True,10.0,True,3.0,False,9,1768417509,0,259.8,1729.0,569.0,True
developersIndia,1q3g7to,2026-01,nxkjaga,vainothisside,True,1.0,True,1.0,False,340,1767500759,0,916.3,382.0,4926.0,True
developersIndia,1q3g7to,2026-01,nxkqjhw,Majestic-Taro-6903,True,2.0,False,,False,86,1767503674,0,259.1,4751.0,1316.0,True
developersIndia,1q3g7to,2026-01,nxkkd6v,Still-Guava8019,True,3.0,True,5.0,False,71,1767501183,0,1129.8,1.0,55.0,True
developersIndia,1q3g7to,2026-01,nxkji0o,ExaminationFail25,True,4.0,True,2.0,False,36,1767500841,0,1486.0,53.0,190172.0,True
developersIndia,1q3g7to,2026-01,nxkr7eq,cybercoderNAJ,True,5.0,False,,False,24,1767503952,0,1018.0,7191.0,2770.0,True
developersIndia,1q3g7to,2026-01,nxkk39n,PRANAY1000,True,6.0,True,4.0,False,20,1767501074,0,2188.0,8205.0,8063.0,True
developersIndia,1q3g7to,2026-01,nxkpbic,hk2257853,True,7.0,False,,False,7,1767503169,0,1973.8,80.0,141.0,True
developersIndia,1q3g7to,2026-01,nxkyjr9,kami-sama-arigatou,True,8.0,False,,False,6,1767507223,0,853.9,26.0,438.0,True
developersIndia,1q3g7to,2026-01,nxl2owd,nutius,True,9.0,False,,False,5,1767509222,0,1161.1,29.0,19.0,True
developersIndia,1q3g7to,2026-01,nxkjyi6,Beginning-Scholar105,True,10.0,True,3.0,False,4,1767501023,0,1824.3,6882.0,810.0,True
developersIndia,1qa0i53,2026-01,nyz6s7h,RaajuuTedd,True,1.0,True,4.0,False,614,1768142269,0,2097.2,375.0,3180.0,True
developersIndia,1qa0i53,2026-01,nyz5v01,swolleneyesneedsleep,True,2.0,True,3.0,False,224,1768141962,0,948.1,203.0,4499.0,True
developersIndia,1qa0i53,2026-01,nyz5j43,Successful_Ad_7655,True,3.0,True,2.0,False,174,1768141850,0,2042.1,891.0,7891.0,True
developersIndia,1qa0i53,2026-01,nyzaofw,Unhappy-Froyo-8767,True,4.0,False,,False,149,1768143522,0,707.9,1.0,178.0,True
developersIndia,1qa0i53,2026-01,nyz78u7,kudoshinichi-8211,True,5.0,False,,False,130,1768142421,0,,,,
developersIndia,1qa0i53,2026-01,nyz7y6m,Shekhar2op,True,6.0,False,,False,120,1768142648,0,1497.9,1801.0,281.0,True
developersIndia,1qa0i53,2026-01,nyz9n86,Weird-Yogurt6205,True,7.0,False,,False,110,1768143191,0,932.7,112.0,2014.0,True
developersIndia,1qa0i53,2026-01,nyz8b9q,TheWarlock05,True,8.0,False,,False,88,1768142764,0,2704.1,2000.0,1180.0,True
developersIndia,1qa0i53,2026-01,nyz4lml,Impressive-Agency-12,True,9.0,True,1.0,False,74,1768141539,0,1147.1,852.0,1400.0,True
developersIndia,1qa0i53,2026-01,nyzb05i,Cycicks,True,10.0,False,,False,61,1768143624,0,1020.8,395.0,-28.0,True
developersIndia,1qa0i53,2026-01,nyz74mz,heyshiv18,False,,True,5.0,False,28,1768142382,0,2246.9,216.0,2657.0,True
developersIndia,1qkez9v,2026-01,o16430k,General_Diamond3849,True,1.0,True,1.0,True,325,1769136933,0,1240.6,1392.0,959.0,True
developersIndia,1qkez9v,2026-01,o16dy1k,iam-annonymouse,True,2.0,True,4.0,False,52,1769140357,0,660.4,479.0,1371.0,True
developersIndia,1qkez9v,2026-01,o166iea,RK02116,True,3.0,True,3.0,False,39,1769137754,0,1870.8,336.0,1363.0,True
developersIndia,1qkez9v,2026-01,o164nx0,Outrageous_Two_3631,True,4.0,True,2.0,False,16,1769137125,0,646.7,10.0,632.0,True
developersIndia,1qkez9v,2026-01,o16i59j,Remote_Focus1863,True,5.0,False,,False,12,1769141902,0,1590.3,1259.0,5647.0,True
developersIndia,1qkez9v,2026-01,o16niu3,nextaku,True,6.0,False,,False,12,1769143992,0,2081.2,827.0,135.0,True
developersIndia,1qkez9v,2026-01,o16wnyc,Catandpohalover,True,7.0,False,,False,11,1769147911,0,352.0,24.0,16.0,False
developersIndia,1qkez9v,2026-01,o16i411,unknown_shady_guy,True,8.0,False,,False,9,1769141890,0,403.1,1.0,71.0,True
developersIndia,1qkez9v,2026-01,o16h6ww,Perfect-Text-4321,True,9.0,True,5.0,False,8,1769141546,0,1738.1,259.0,28.0,True
developersIndia,1qkez9v,2026-01,o171f6f,SuperStarChitti,True,10.0,False,,False,3,1769150175,0,1060.3,1.0,1722.0,True
developersIndia,1qlwo4n,2026-01,o1k1ui7,Kakito104,True,1.0,True,3.0,False,149,1769313126,0,3213.1,13847.0,4801.0,True
developersIndia,1qlwo4n,2026-01,o1k0ff6,miyomiyomiyoshi,True,2.0,True,2.0,False,99,1769312617,0,1443.4,1.0,2330.0,True
developersIndia,1qlwo4n,2026-01,o1kus23,calesthneek,True,3.0,False,,False,61,1769325124,0,887.0,73.0,1381.0,True
developersIndia,1qlwo4n,2026-01,o1koccl,Helpful-Diamond-3347,True,4.0,False,,False,52,1769322013,0,286.1,30.0,4501.0,True
developersIndia,1qlwo4n,2026-01,o1jwyps,Consistent-Present25,True,5.0,True,1.0,False,28,1769311405,0,872.8,26.0,50.0,True
developersIndia,1qlwo4n,2026-01,o1k6axu,Alert-Wash-3010,True,6.0,True,5.0,False,22,1769314761,0,321.1,157.0,164.0,True
developersIndia,1qlwo4n,2026-01,o1kqvrx,Larfze,True,7.0,False,,False,13,1769323216,0,1400.1,4204.0,8674.0,True
developersIndia,1qlwo4n,2026-01,o1k8llz,pity_less_angel,True,8.0,False,,False,12,1769315640,0,1705.9,11.0,167.0,True
developersIndia,1qlwo4n,2026-01,o1k7vo7,lost_uncontrol,True,9.0,False,,False,9,1769315368,0,480.8,98.0,671.0,True
developersIndia,1qlwo4n,2026-01,o1kigf6,Pro12341,True,10.0,False,,False,9,1769319468,0,942.0,85.0,385.0,False
developersIndia,1qlwo4n,2026-01,o1k67mj,FollenGhosty,False,,True,4.0,False,6,1769314725,0,1886.4,9.0,21.0,True
developersIndia,1q19td7,2026-01,nx3zo9b,S_hash_wat,True,1.0,True,1.0,False,72,1767289653,0,2853.2,1595.0,292.0,True
developersIndia,1q19td7,2026-01,nx41odq,Informal-Bat-6918,True,2.0,True,2.0,False,62,1767290249,0,320.8,65.0,359.0,True
developersIndia,1q19td7,2026-01,nx4sk40,Pretty_Seat_2951,True,3.0,True,4.0,False,6,1767298231,0,728.8,152.0,3442.0,True
developersIndia,1q19td7,2026-01,nx8ou2l,SpiritualGymRat,True,4.0,False,,False,4,1767355516,0,1343.0,12434.0,6032.0,True
developersIndia,1q19td7,2026-01,nx4is8n,Pretend-Pangolin-846,True,5.0,True,3.0,False,3,1767295302,0,346.5,30.0,485.0,True
developersIndia,1q19td7,2026-01,nx4wu9u,nomad_sk_,True,6.0,True,5.0,False,2,1767299548,0,2082.7,78.0,158.0,True
developersIndia,1q19td7,2026-01,nx52ptw,SyntaxSavant5,True,7.0,False,,False,2,1767301426,0,784.8,118.0,344.0,True
developersIndia,1q19td7,2026-01,nx5ftqz,RevolutionaryDebt170,True,8.0,False,,False,2,1767305484,0,1224.7,159.0,960.0,True
developersIndia,1q19td7,2026-01,nx7490w,Same_Fox5904,True,9.0,False,,False,2,1767326772,0,1093.0,61.0,131.0,True
developersIndia,1q19td7,2026-01,nx76y1j,Chronushan,True,10.0,False,,False,2,1767327823,0,4004.9,120.0,220.0,True
developersIndia,1qdpj4s,2026-01,nzridpb,Available-Film3875,True,1.0,True,2.0,False,586,1768498432,0,181.9,730.0,2687.0,False
developersIndia,1qdpj4s,2026-01,nzrj2i5,Distinct_Law9082,True,2.0,True,3.0,False,287,1768498619,0,904.6,3870.0,1013.0,True
developersIndia,1qdpj4s,2026-01,nzs0943,898Kinetic,True,3.0,False,,False,141,1768503189,0,2703.0,904.0,21826.0,True
developersIndia,1qdpj4s,2026-01,nzrm2c4,Mindless-Pilot-Chef,True,4.0,False,,False,112,1768499422,0,1699.1,19126.0,78015.0,True
developersIndia,1qdpj4s,2026-01,nzrlif0,xxghostiiixx,True,5.0,True,5.0,False,77,1768499275,0,2429.9,895.0,6291.0,True
developersIndia,1qdpj4s,2026-01,nzrpw0t,onlyQuestionsPlz,True,6.0,False,,False,67,1768500447,0,234.8,18.0,301.0,True
developersIndia,1qdpj4s,2026-01,nzrnxk0,saum_y,True,7.0,False,,False,38,1768499920,0,2761.9,92.0,1229.0,True
developersIndia,1qdpj4s,2026-01,nzrwny1,Relevant_Back_4340,True,8.0,False,,False,30,1768502245,0,1586.5,1441.0,29485.0,True
developersIndia,1qdpj4s,2026-01,nzrm3ms,Hairy_Grapefruit_614,True,9.0,False,,False,28,1768499432,0,1949.3,671.0,16576.0,True
developersIndia,1qdpj4s,2026-01,nzrt6nq,Night-walker-15,True,10.0,False,,False,26,1768501324,0,1205.2,676.0,1193.0,True
developersIndia,1qdpj4s,2026-01,nzrl5nf,Initial_Comedian_781,False,,True,4.0,False,24,1768499180,0,687.8,69.0,1052.0,True
developersIndia,1qdpj4s,2026-01,nzrh19h,Unlucky-Sympathy-666,False,,True,1.0,False,10,1768498066,0,1584.8,263.0,818.0,True
developersIndia,1qhwjpv,2026-01,o0n133z,CodeZealousideal554,True,1.0,True,1.0,False,723,1768901390,0,308.1,48.0,630.0,True
developersIndia,1qhwjpv,2026-01,o0n2eq7,Low_Average8913,True,2.0,True,3.0,False,183,1768902147,0,531.2,107.0,1488.0,True
developersIndia,1qhwjpv,2026-01,o0n1lzk,Witty_Analysis9631,True,3.0,True,2.0,False,109,1768901693,0,577.8,63.0,128.0,True
developersIndia,1qhwjpv,2026-01,o0n6wxm,ajezqa,True,4.0,False,,False,109,1768904663,0,3600.3,1.0,3585.0,True
developersIndia,1qhwjpv,2026-01,o0n31xo,venkyls,True,5.0,True,5.0,False,67,1768902515,0,1273.0,108.0,467.0,True
developersIndia,1qhwjpv,2026-01,o0n35be,LateAgain___,True,6.0,False,,False,61,1768902566,0,488.3,1.0,91.0,True
developersIndia,1qhwjpv,2026-01,o0naybm,dejavu_007,True,7.0,False,,False,57,1768906821,0,2687.6,436.0,11983.0,True
developersIndia,1qhwjpv,2026-01,o0n6pbi,itsthippesh,True,8.0,False,,False,47,1768904547,0,692.0,1.0,52.0,False
developersIndia,1qhwjpv,2026-01,o0n2vcm,Specialist_Bird9619,True,9.0,True,4.0,False,41,1768902411,0,2139.1,2430.0,9067.0,True
developersIndia,1qhwjpv,2026-01,o0n6ern,knithin3,True,10.0,False,,False,35,1768904386,0,2701.3,54.0,85.0,True
developersIndia,1qaxh6s,2026-01,nz6amqi,Any-Main-3866,True,1.0,True,1.0,False,21,1768231232,0,707.2,138.0,23029.0,True
developersIndia,1qaxh6s,2026-01,nz6cpgi,Logical-Yak5511,True,2.0,True,5.0,True,12,1768231841,0,1197.4,2594.0,899.0,True
developersIndia,1qaxh6s,2026-01,nz6dzai,LeadershipOne2859,True,3.0,False,,False,6,1768232206,0,1115.5,499.0,604.0,False
developersIndia,1qaxh6s,2026-01,nz6ar7m,Full_Midnight8122,True,4.0,True,2.0,False,5,1768231269,0,1620.2,11800.0,3836.0,True
developersIndia,1qaxh6s,2026-01,nz6ov6i,Dry_Discipline_,True,5.0,False,,False,4,1768235219,0,251.8,561.0,110.0,True
developersIndia,1qaxh6s,2026-01,nz6f7y0,paramveerz,True,6.0,False,,False,3,1768232560,0,2212.9,2145.0,5280.0,True
developersIndia,1qaxh6s,2026-01,nz6iy6i,lilvibez_,True,7.0,False,,False,3,1768233591,0,857.9,8.0,71.0,True
developersIndia,1qaxh6s,2026-01,nz6xxa4,vandalieu_zakkart,True,8.0,False,,False,3,1768237700,0,2498.6,1172.0,3053.0,True
developersIndia,1qaxh6s,2026-01,nz6dzmr,SCartexs,True,9.0,False,,False,2,1768232209,0,3741.8,13.0,59.0,True
developersIndia,1qaxh6s,2026-01,nz74z2w,gaurav_cybg,True,10.0,False,,False,2,1768239640,0,2644.2,119.0,3215.0,True
developersIndia,1qaxh6s,2026-01,nz6bie0,DiligentlyLazy,False,,True,3.0,False,1,1768231490,0,2539.9,231.0,16952.0,True
developersIndia,1qaxh6s,2026-01,nz6c1v0,nerd_programmer11,False,,True,4.0,False,1,1768231650,0,593.0,22.0,63.0,True
IndiaCricket,1q4c2im,2026-01,nxrjzy5,Brilliant-Pound5783,True,1.0,True,1.0,False,358,1767588837,0,1180.3,56818.0,35644.0,True
IndiaCricket,1q4c2im,2026-01,nxrkl03,rohit831003,True,2.0,True,2.0,False,208,1767589060,0,642.8,1.0,2586.0,True
IndiaCricket,1q4c2im,2026-01,nxrnla4,Tikitorch17,True,3.0,False,,False,46,1767590270,0,745.9,35.0,16225.0,False
IndiaCricket,1q4c2im,2026-01,nxrlwib,missyousachin,True,4.0,True,3.0,False,29,1767589579,0,812.4,6494.0,74291.0,False
IndiaCricket,1q4c2im,2026-01,nxrm202,Your78Ranger,True,5.0,True,4.0,False,21,1767589640,0,497.9,5484.0,26369.0,True
IndiaCricket,1q4c2im,2026-01,nxrnvs5,peeam,True,6.0,False,,False,21,1767590390,0,3537.4,443.0,11917.0,True
IndiaCricket,1q4c2im,2026-01,nxrm34d,Ecstatic_Grapefruit9,True,8.0,True,5.0,False,9,1767589653,0,1976.0,6136.0,14110.0,True
IndiaCricket,1q4c2im,2026-01,nxrolnk,popculturalmaniac,True,7.0,False,,False,10,1767590695,0,292.1,25.0,3538.0,True
IndiaCricket,1q4c2im,2026-01,nxs4w10,Casual_Scroller_00,True,9.0,False,,False,4,1767598662,0,883.1,830.0,85181.0,True
IndiaCricket,1q4c2im,2026-01,nxrpqcp,Infinite-Print3047,True,10.0,False,,False,2,1767591184,0,2118.4,10797.0,9065.0,True
IndiaCricket,1q9z20h,2026-01,nyyunj8,Beneficial-Eye-3665,True,1.0,True,1.0,False,584,1768137967,0,525.7,20350.0,64340.0,True
IndiaCricket,1q9z20h,2026-01,nyyxclz,Rasodemekaun,True,2.0,False,,False,500,1768139000,0,2125.7,22081.0,35238.0,True
IndiaCricket,1q9z20h,2026-01,nyyuug1,Upset_Ad267,True,3.0,True,2.0,False,220,1768138042,0,1012.0,185.0,10069.0,True
IndiaCricket,1q9z20h,2026-01,nyywz0n,uj494,True,4.0,False,,False,103,1768138858,0,1337.9,4802.0,2777.0,True
IndiaCricket,1q9z20h,2026-01,nyyv2zs,RandomKid09,True,5.0,True,3.0,False,91,1768138136,0,1485.3,3151.0,7212.0,True
IndiaCricket,1q9z20h,2026-01,nyyzlm8,ViNsTeIn_2876,True,6.0,False,,False,63,1768139823,0,2051.3,540.0,2725.0,True
IndiaCricket,1q9z20h,2026-01,nyyw0k1,New_Interaction_8395,True,7.0,True,5.0,False,43,1768138496,0,698.5,5517.0,41348.0,True
IndiaCricket,1q9z20h,2026-01,nyyvptd,aamirmalik00,True,8.0,True,4.0,False,33,1768138382,0,2168.8,682.0,12595.0,True
IndiaCricket,1q9z20h,2026-01,nyz68ap,thebr0kendreams,True,9.0,False,,False,25,1768142086,0,2507.2,459.0,4483.0,True
IndiaCricket,1q9z20h,2026-01,nyywtdk,Long_Aside_5865,True,10.0,False,,False,21,1768138800,0,296.7,1.0,1270.0,True
IndiaCricket,1qf5mj4,2026-01,o02bghj,EvenCoyote6317,True,1.0,True,1.0,False,353,1768631279,0,494.3,4952.0,38584.0,True
IndiaCricket,1qf5mj4,2026-01,o02f6cl,Manoos,True,2.0,True,5.0,False,108,1768633216,0,6023.8,46003.0,52655.0,False
IndiaCricket,1qf5mj4,2026-01,o02dvcb,Academic-Celery-3956,True,3.0,True,2.0,False,94,1768632527,0,703.1,52.0,2273.0,True
IndiaCricket,1qf5mj4,2026-01,o02hsn8,intraumaticspiderman,True,4.0,False,,False,68,1768634622,0,1081.3,2018.0,743.0,True
IndiaCricket,1qf5mj4,2026-01,o02f4b2,Ok-Feature-1233,True,5.0,True,4.0,False,64,1768633186,0,1659.8,1185.0,22045.0,True
IndiaCricket,1qf5mj4,2026-01,o02fbqu,RefuseStriking9406,True,6.0,False,,False,23,1768633294,0,1102.3,1.0,25057.0,True
IndiaCricket,1qf5mj4,2026-01,o02dzo8,Ordinary_Ad8951,True,7.0,True,3.0,False,20,1768632591,0,697.8,60.0,8616.0,True
IndiaCricket,1qf5mj4,2026-01,o02i4nm,TotalStrain3469,True,8.0,False,,False,7,1768634805,0,333.9,11804.0,29587.0,True
IndiaCricket,1qf5mj4,2026-01,o02i06g,Outlander_TB,True,9.0,False,,False,5,1768634736,0,493.9,1.0,37650.0,True
IndiaCricket,1qf5mj4,2026-01,o02j61g,narkaputra,True,10.0,False,,False,2,1768635376,0,3111.2,1381.0,11993.0,True
IndiaCricket,1qckzf1,2026-01,nziu4et,No_Macaron_9667,True,1.0,True,5.0,False,301,1768390806,0,1473.9,1227.0,25654.0,True
IndiaCricket,1qckzf1,2026-01,nzitq9m,Beautiful-Ad-5676,True,2.0,True,1.0,False,262,1768390619,0,,,,
IndiaCricket,1qckzf1,2026-01,nzitvfx,Candy_crush727,True,3.0,True,3.0,False,142,1768390687,0,,,,
IndiaCricket,1qckzf1,2026-01,nzivhcm,Critical-Metal6483,True,4.0,False,,False,67,1768391439,0,178.6,6007.0,27319.0,True
IndiaCricket,1qckzf1,2026-01,nziu18c,Rarararararrararar,True,5.0,True,4.0,False,46,1768390764,0,706.3,1067.0,2584.0,True
IndiaCricket,1qckzf1,2026-01,nziuaav,EmberEcho1289,True,6.0,False,,False,25,1768390883,0,180.0,1.0,6000.0,False
IndiaCricket,1qckzf1,2026-01,nzitrgi,Beneficial-Eye-3665,True,7.0,True,2.0,False,22,1768390634,0,525.7,20350.0,64340.0,True
IndiaCricket,1qckzf1,2026-01,nziuztr,Sea-Anteater-709,True,8.0,False,,False,18,1768391216,0,305.8,24.0,16098.0,True
IndiaCricket,1qckzf1,2026-01,nziuv6z,abhinooob,True,9.0,False,,False,12,1768391156,0,2192.2,2506.0,6970.0,True
IndiaCricket,1qckzf1,2026-01,nzivo3n,Amazing-Permit-3899,True,10.0,False,,False,11,1768391524,0,1488.0,4395.0,100231.0,True
IndiaCricket,1qgbxrm,2026-01,o0b4axk,zyrzk_k,True,1.0,False,,False,411,1768751962,0,1507.6,1.0,18283.0,True
IndiaCricket,1qgbxrm,2026-01,o0b3rxn,Slow_Prior_9362,True,2.0,True,3.0,False,176,1768751812,0,663.0,1357.0,12082.0,True
IndiaCricket,1qgbxrm,2026-01,o0b3z5b,Financial_Usual_2424,True,3.0,True,5.0,False,105,1768751869,0,548.7,756.0,1778.0,True
IndiaCricket,1qgbxrm,2026-01,o0b4l8f,this_is_no_gAM3,True,4.0,False,,False,102,1768752043,0,,,,
IndiaCricket,1qgbxrm,2026-01,o0b4gwx,Bronislaw_Malinowski,True,5.0,False,,False,85,1768752009,0,841.0,3832.0,11506.0,True
IndiaCricket,1qgbxrm,2026-01,o0b3m6i,_BeyondTheHorizon,True,6.0,True,2.0,False,50,1768751768,0,592.3,855.0,45948.0,True
IndiaCricket,1qgbxrm,2026-01,o0b4lhf,ShockDude_01,True,7.0,False,,False,47,1768752045,0,818.7,1.0,114.0,True
IndiaCricket,1qgbxrm,2026-01,o0b3wi7,No_Mushroom8895,True,9.0,True,4.0,False,39,1768751848,0,275.9,53.0,3930.0,False
IndiaCricket,1qgbxrm,2026-01,o0b3k66,promogranate,True,8.0,True,1.0,False,40,1768751752,0,2105.1,6514.0,29266.0,True
IndiaCricket,1qgbxrm,2026-01,o0b4pqf,SoyAmable,True,10.0,False,,False,37,1768752081,0,666.2,11318.0,68484.0,True
IndiaCricket,1qge1yu,2026-01,o0bxuzn,Lovely-paaji,True,1.0,True,4.0,False,261,1768760334,0,555.9,412.0,4532.0,True
IndiaCricket,1qge1yu,2026-01,o0bkpo6,QuickLaw5338,True,2.0,True,1.0,True,195,1768756641,0,258.6,36054.0,1393.0,True
IndiaCricket,1qge1yu,2026-01,o0bqvq8,Spare_Depth6978,True,3.0,True,2.0,False,118,1768758402,0,853.8,366.0,823.0,True
IndiaCricket,1qge1yu,2026-01,o0bysjn,Death_by_Chai,True,4.0,True,5.0,False,112,1768760588,0,473.0,1729.0,33494.0,True
IndiaCricket,1qge1yu,2026-01,o0ckd5h,gtown_007,True,5.0,False,,False,79,1768766682,0,889.9,1201.0,1986.0,True
IndiaCricket,1qge1yu,2026-01,o0bqwoh,Beneficial_Car_2157,True,6.0,True,3.0,False,67,1768758409,0,694.3,359.0,2959.0,True
IndiaCricket,1qge1yu,2026-01,o0bz7l3,Charming_Reception66,True,7.0,False,,False,58,1768760703,0,1471.7,2319.0,2782.0,True
IndiaCricket,1qge1yu,2026-01,o0cavfp,-Space_Monkey-,True,8.0,False,,False,47,1768763927,0,1576.8,19241.0,22631.0,True
IndiaCricket,1qge1yu,2026-01,o0co7se,Hope_dealer_88,True,9.0,False,,False,43,1768767811,0,918.8,283.0,4136.0,True
IndiaCricket,1qge1yu,2026-01,o0c4mhm,Candid-Bar-3807,True,10.0,False,,False,21,1768762167,0,,,,
IndiaCricket,1qgbktq,2026-01,o0azggj,zorawarr_,True,1.0,True,2.0,False,242,1768750565,0,187.0,90594.0,34880.0,True
IndiaCricket,1qgbktq,2026-01,o0azfkg,MrCoolBoy001,True,2.0,True,1.0,False,216,1768750558,0,1643.2,79336.0,124832.0,True
IndiaCricket,1qgbktq,2026-01,o0azl7g,Royal-Cupcake-5907,True,3.0,True,4.0,False,100,1768750603,0,812.3,23811.0,95062.0,True
IndiaCricket,1qgbktq,2026-01,o0b3jyc,verma17,True,4.0,False,,False,44,1768751751,0,2659.9,2063.0,38215.0,True
IndiaCricket,1qgbktq,2026-01,o0b81ft,CaptainAksh_G,True,5.0,False,,False,43,1768753022,0,1956.8,123448.0,431700.0,True
IndiaCricket,1qgbktq,2026-01,o0azwso,Lusty_Pasta,True,6.0,False,,False,31,1768750698,0,316.3,49100.0,4400.0,True
IndiaCricket,1qgbktq,2026-01,o0b36xb,Wandererinwoods,True,7.0,False,,False,22,1768751650,0,418.0,3872.0,3279.0,True
IndiaCricket,1qgbktq,2026-01,o0b4642,BiscottiSpiritual826,True,8.0,False,,False,19,1768751924,0,778.3,6799.0,35999.0,True
IndiaCricket,1qgbktq,2026-01,o0azhxf,Boring_Whole_7423,True,9.0,True,3.0,False,18,1768750577,0,688.4,1199.0,3262.0,True
IndiaCricket,1qgbktq,2026-01,o0b3rfh,this_is_no_gAM3,True,10.0,False,,False,12,1768751809,0,,,,
IndiaCricket,1qgbktq,2026-01,o0azos2,Sad-Clue-4079,False,,True,5.0,False,12,1768750633,0,1249.1,298.0,946.0,True
IndiaCricket,1qs4fup,2026-01,o2sqxox,QuickLaw5338,True,1.0,True,3.0,True,350,1769871692,0,258.6,36054.0,1393.0,True
IndiaCricket,1qs4fup,2026-01,o2surka,Critical-Metal6483,True,2.0,False,,False,103,1769872885,0,178.6,6007.0,27319.0,True
IndiaCricket,1qs4fup,2026-01,o2ssrzs,Weak-Bit-4424,True,3.0,False,,False,80,1769872277,0,447.0,111.0,154.0,True
IndiaCricket,1qs4fup,2026-01,o2sru51,kamleshsulochan,True,4.0,True,5.0,False,62,1769871979,0,279.7,198564.0,142366.0,True
IndiaCricket,1qs4fup,2026-01,o2supsw,BiscottiSpiritual826,True,5.0,False,,False,52,1769872870,0,778.3,6799.0,35999.0,True
IndiaCricket,1qs4fup,2026-01,o2sxmdr,Fine_Corner4414,True,6.0,False,,False,26,1769873740,0,797.8,3435.0,502.0,True
IndiaCricket,1qs4fup,2026-01,o2svydf,Sad-Employment-4914,True,7.0,False,,False,21,1769873245,0,981.1,67.0,14951.0,True
IndiaCricket,1qs4fup,2026-01,o2sqoj1,TrickElectronic413,True,9.0,True,2.0,False,18,1769871612,0,1118.2,6482.0,38048.0,True
IndiaCricket,1qs4fup,2026-01,o2t072f,Quiet_Patience_3580,True,8.0,False,,False,21,1769874489,0,,,,
IndiaCricket,1qs4fup,2026-01,o2stoux,Spirox_2707,True,10.0,False,,False,13,1769872558,0,712.3,49533.0,13162.0,True
IndiaCricket,1qs4fup,2026-01,o2srozv,superbules,False,,True,4.0,False,11,1769871935,0,1285.3,667.0,851.0,False
IndiaCricket,1qs4fup,2026-01,o2sqmdt,beingp1,False,,True,1.0,False,6,1769871593,0,676.2,444.0,947.0,True
IndiaCricket,1qpg3y6,2026-01,o28nzzw,kamleshsulochan,True,1.0,True,1.0,False,218,1769617976,0,279.7,198564.0,142366.0,True
IndiaCricket,1qpg3y6,2026-01,o28o396,AdUpset8652,True,2.0,True,2.0,False,146,1769618000,0,1042.0,1769.0,48068.0,True
IndiaCricket,1qpg3y6,2026-01,o28o4af,Beautiful-Ad-5676,True,3.0,True,3.0,False,66,1769618007,0,,,,
IndiaCricket,1qpg3y6,2026-01,o28o6dw,iWantJob-,True,4.0,True,4.0,False,59,1769618023,0,496.0,38.0,119386.0,True
IndiaCricket,1qpg3y6,2026-01,o28qwrp,True-Book6878,True,5.0,False,,False,39,1769618727,0,864.9,24.0,36717.0,True
IndiaCricket,1qpg3y6,2026-01,o28qwe6,BiscottiSpiritual826,True,6.0,False,,False,39,1769618723,0,778.3,6799.0,35999.0,True
IndiaCricket,1qpg3y6,2026-01,o28pyqf,Individual_Agent_182,True,7.0,True,5.0,False,31,1769618484,0,544.9,14.0,2850.0,True
IndiaCricket,1qpg3y6,2026-01,o28qcqv,MajnuWithoutLaila,True,8.0,False,,False,24,1769618583,0,245.1,66.0,26317.0,True
IndiaCricket,1qpg3y6,2026-01,o28se06,Hardy_28,True,9.0,False,,False,24,1769619111,0,2097.7,3482.0,13995.0,True
IndiaCricket,1qpg3y6,2026-01,o28sge8,corrupted_gurl,True,10.0,False,,False,23,1769619128,0,195.5,6630.0,6854.0,True
IndiaCricket,1qpgk9p,2026-01,o28rl85,Beneficial_Car_2157,True,1.0,True,1.0,False,715,1769618904,0,694.3,359.0,2959.0,True
IndiaCricket,1qpgk9p,2026-01,o28s3ix,Masu_dur,True,2.0,True,5.0,False,452,1769619035,0,324.0,5599.0,653.0,True
IndiaCricket,1qpgk9p,2026-01,o28sf8w,SoyAmable,True,3.0,False,,False,194,1769619120,0,666.2,11318.0,68484.0,True
IndiaCricket,1qpgk9p,2026-01,o28uxgt,Hash-Edit,True,4.0,False,,False,161,1769619781,0,226.3,9.0,17870.0,True
IndiaCricket,1qpgk9p,2026-01,o28rw24,DewKissedLily,True,5.0,True,3.0,False,149,1769618982,0,360.8,484.0,2154.0,False
IndiaCricket,1qpgk9p,2026-01,o28tnko,AlFactorial,True,6.0,False,,False,67,1769619442,0,1131.5,41097.0,25323.0,False
IndiaCricket,1qpgk9p,2026-01,o28s2nd,TrickElectronic413,True,7.0,True,4.0,False,49,1769619029,0,1118.2,6482.0,38048.0,True
IndiaCricket,1qpgk9p,2026-01,o28slsh,SailTheSea394,True,8.0,False,,False,42,1769619168,0,,,,
IndiaCricket,1qpgk9p,2026-01,o28rlup,sinnerftamit,True,9.0,True,2.0,False,33,1769618909,0,2238.1,1.0,139.0,True
IndiaCricket,1qpgk9p,2026-01,o28ujt1,tocra,True,10.0,False,,False,30,1769619676,0,3951.9,109279.0,91635.0,True
bollywood,1q1czzi,2026-01,nx4my6y,HeHaySportzinmyasssz,True,1.0,True,1.0,False,1578,1767296546,0,376.8,2277.0,5342.0,True
bollywood,1q1czzi,2026-01,nx4pn9r,1-2-legkick,True,2.0,False,,False,385,1767297351,0,943.7,585.0,5852.0,True
bollywood,1q1czzi,2026-01,nx4nmo7,gossip_monger2,True,3.0,True,5.0,False,211,1767296747,0,600.2,1.0,937.0,True
bollywood,1q1czzi,2026-01,nx4n7de,Uncertn_Laaife,True,4.0,True,2.0,False,122,1767296621,0,2950.8,1017.0,283243.0,True
bollywood,1q1czzi,2026-01,nx4nlac,BeginningInflation35,True,5.0,True,4.0,False,104,1767296735,0,1162.8,253.0,5047.0,True
bollywood,1q1czzi,2026-01,nx4nxqk,Large_Skin4631,True,6.0,False,,False,75,1767296838,0,1219.3,750.0,3442.0,True
bollywood,1q1czzi,2026-01,nx4qtpn,Dpkm7,True,7.0,False,,False,49,1767297705,0,2198.7,504.0,5021.0,True
bollywood,1q1czzi,2026-01,nx4rm8y,Vital_Lamp,True,8.0,False,,False,44,1767297948,0,1950.8,4089.0,16555.0,True
bollywood,1q1czzi,2026-01,nx4pwug,tarun9111,True,9.0,False,,False,11,1767297429,0,1515.0,14.0,1396.0,True
bollywood,1q1czzi,2026-01,nx4ryy8,Abhigyan_Pradhan,True,10.0,False,,False,9,1767298055,0,1330.8,38.0,1544.0,True
bollywood,1q1czzi,2026-01,nx4n8rs,Wasabi_Dry,False,,True,3.0,False,7,1767296633,0,,,,
bollywood,1qku2f5,2026-01,o199ct9,arigatooyster,True,1.0,True,3.0,False,1097,1769183595,0,178.8,22.0,15084.0,True
bollywood,1qku2f5,2026-01,o1974t7,Imsongoku7,True,2.0,True,1.0,False,961,1769182995,0,840.9,16209.0,41894.0,True
bollywood,1qku2f5,2026-01,o198q1h,Longjumping_Bank602,True,3.0,True,2.0,False,406,1769183425,0,1705.1,1533.0,3506.0,True
bollywood,1qku2f5,2026-01,o199vrl,arzamharris,True,4.0,True,4.0,False,274,1769183737,0,3268.3,11387.0,230069.0,True
bollywood,1qku2f5,2026-01,o19grjt,AWK2545,True,5.0,False,,False,138,1769185587,0,2709.7,37324.0,22924.0,True
bollywood,1qku2f5,2026-01,o19bjrh,Lets_find_out_more,True,6.0,True,5.0,False,122,1769184184,0,563.3,657.0,2321.0,True
bollywood,1qku2f5,2026-01,o19k5wd,tanhadil301,True,7.0,False,,False,78,1769186500,0,1598.7,1.0,2081.0,True
bollywood,1qku2f5,2026-01,o19e5uo,Outside_Cellist3740,True,8.0,False,,False,49,1769184887,0,1854.1,3594.0,164874.0,True
bollywood,1qku2f5,2026-01,o19gsmj,Vivid-Hope-1900,True,9.0,False,,False,43,1769185595,0,1741.0,954.0,11816.0,True
bollywood,1qku2f5,2026-01,o1acpyd,panotilife,True,10.0,False,,False,37,1769194263,0,489.7,27.0,5396.0,True
bollywood,1qcrdlb,2026-01,nzk8bua,milanpoudel,True,1.0,True,2.0,False,395,1768407578,0,,,,
bollywood,1qcrdlb,2026-01,nzk8456,VolatileGoddess,True,2.0,True,1.0,False,181,1768407520,0,2015.6,18242.0,366749.0,True
bollywood,1qcrdlb,2026-01,nzkii23,ethan3686,True,3.0,False,,False,142,1768410340,0,3082.7,1244.0,2513.0,True
bollywood,1qcrdlb,2026-01,nzkm8zq,0Layscheetoskurkure0,True,4.0,False,,False,115,1768411368,0,311.0,442360.0,5975.0,False
bollywood,1qcrdlb,2026-01,nzk9y37,appyfizzz3112,True,5.0,True,3.0,False,32,1768408016,0,3371.1,535.0,15296.0,True
bollywood,1qcrdlb,2026-01,nzkmp3r,WhatShouldTheHeartDo,True,6.0,False,,False,29,1768411490,0,1424.4,22397.0,234255.0,True
bollywood,1qcrdlb,2026-01,nzkohmr,ajsharm144,True,7.0,False,,False,23,1768411981,0,2608.5,2369.0,13560.0,True
bollywood,1qcrdlb,2026-01,nzkmnc5,Wonderful-Scar-3749,True,8.0,False,,False,23,1768411476,0,1141.1,1.0,3367.0,True
bollywood,1qcrdlb,2026-01,nzkb9t6,Technical-Caramel-62,True,9.0,True,4.0,False,15,1768408380,0,176.8,1.0,134.0,False
bollywood,1qcrdlb,2026-01,nzkgtyq,Poojaslibrary,True,10.0,False,,False,11,1768409883,0,930.0,34.0,51.0,True
bollywood,1qcrdlb,2026-01,nzkdm1k,Mogamboking,False,,True,5.0,False,7,1768409014,0,254.3,11.0,438.0,True
bollywood,1qnf37s,2026-01,o1t5q7c,Slash787,True,1.0,True,2.0,False,342,1769431849,0,2530.8,30302.0,291537.0,True
bollywood,1qnf37s,2026-01,o1t5q4e,Hurdy_Gurdy_Man_84,True,2.0,True,1.0,False,230,1769431848,0,1225.0,19799.0,174662.0,True
bollywood,1qnf37s,2026-01,o1t91id,Almost_Infamous,True,3.0,True,4.0,False,70,1769433099,0,4768.6,78257.0,106999.0,True
bollywood,1qnf37s,2026-01,o1tanw0,Puzzleheaded-Kale-50,True,4.0,False,,False,33,1769433676,0,1631.8,309.0,3422.0,True
bollywood,1qnf37s,2026-01,o1t8akh,Quiet-Interview3916,True,6.0,True,3.0,False,27,1769432823,0,1390.0,92374.0,32483.0,True
bollywood,1qnf37s,2026-01,o1ta5cb,Level-Date-1368,True,5.0,True,5.0,False,31,1769433495,0,648.8,2305.0,4630.0,False
bollywood,1qnf37s,2026-01,o1tjtkg,pompy1301,True,7.0,False,,False,24,1769436635,0,2075.2,506.0,33430.0,True
bollywood,1qnf37s,2026-01,o1tvc5w,Few-Two935,True,8.0,False,,False,16,1769440056,0,352.8,1.0,2562.0,True
bollywood,1qnf37s,2026-01,o1thg2w,Successful_Cow_8713,True,9.0,False,,False,14,1769435890,0,418.1,102.0,26086.0,True
bollywood,1qnf37s,2026-01,o1v47sy,Maroonporsche,True,10.0,False,,False,6,1769451731,0,3173.1,660.0,8696.0,True
bollywood,1q5j1mn,2026-01,ny0ajt3,MountainPayment712,True,1.0,True,5.0,False,248,1767708012,0,1347.4,34.0,563.0,True
bollywood,1q5j1mn,2026-01,ny0cnza,mmuditt,True,2.0,False,,False,122,1767708713,0,380.3,2469.0,324.0,True
bollywood,1q5j1mn,2026-01,ny09edy,marrytheright_person,True,3.0,True,3.0,False,56,1767707630,0,328.5,180.0,4173.0,True
bollywood,1q5j1mn,2026-01,ny0cljl,PreciousBasketcase,True,4.0,False,,False,53,1767708691,0,2024.6,2369.0,62161.0,True
bollywood,1q5j1mn,2026-01,ny09ldn,Invhinsical,True,5.0,True,4.0,False,48,1767707694,0,1145.2,2883.0,49303.0,True
bollywood,1q5j1mn,2026-01,ny092k1,Wasabi_Dry,True,6.0,True,1.0,False,36,1767707521,0,,,,
bollywood,1q5j1mn,2026-01,ny0dfoo,amazingspiderman23,True,7.0,False,,False,36,1767708962,0,3579.3,1960.0,50424.0,True
bollywood,1q5j1mn,2026-01,ny0kmkm,hasta_mithun10,True,8.0,False,,False,11,1767711236,0,,,,
bollywood,1q5j1mn,2026-01,ny0jr6o,DonkChonk4,True,9.0,False,,False,9,1767710973,0,238.3,682.0,204.0,True
bollywood,1q5j1mn,2026-01,ny19zi5,Yellow_Flash04,True,10.0,False,,False,9,1767718351,0,1661.8,3172.0,10028.0,True
bollywood,1q5j1mn,2026-01,ny0979d,Kutti-kamini-cheez,False,,True,2.0,True,3,1767707564,0,193.5,1506.0,463.0,True
bollywood,1qlm50x,2026-01,o1f3m8a,Tomthegoatboi,True,1.0,True,1.0,False,296,1769259780,0,,,,
bollywood,1qlm50x,2026-01,o1f98m4,rutujz,True,3.0,True,5.0,False,75,1769261928,0,1260.4,34507.0,61669.0,True
bollywood,1qlm50x,2026-01,o1fc40t,Only_bliss_,True,2.0,False,,False,76,1769262945,0,511.0,184.0,7509.0,False
bollywood,1qlm50x,2026-01,o1faura,extramaggiemasala,True,4.0,False,,False,54,1769262501,0,2007.1,585.0,8360.0,True
bollywood,1qlm50x,2026-01,o1f5ule,Puzzleheadedpuzzled,True,5.0,True,4.0,False,39,1769260667,0,1430.7,110.0,79086.0,True
bollywood,1qlm50x,2026-01,o1fqu5k,Illustrious-Grape897,True,6.0,False,,False,33,1769267775,0,900.9,9442.0,61443.0,True
bollywood,1qlm50x,2026-01,o1fmmy3,Rainberry_177,True,7.0,False,,False,24,1769266479,0,526.4,10577.0,1686.0,True
bollywood,1qlm50x,2026-01,o1frprx,kolinfo,True,8.0,False,,False,20,1769268039,0,250.8,353.0,9420.0,True
bollywood,1qlm50x,2026-01,o1f4nig,shhh_calmDown,True,9.0,True,2.0,False,16,1769260197,0,164.8,54.0,73381.0,True
bollywood,1qlm50x,2026-01,o1g90pd,jsnowismyking,True,10.0,False,,False,16,1769272856,0,2537.6,1324.0,17557.0,True
bollywood,1qlm50x,2026-01,o1f50ae,biryanikaghulam,False,,True,3.0,False,12,1769260339,0,754.5,11743.0,57330.0,True
bollywood,1qdaf2j,2026-01,nzof0k3,Candid-Bar-3807,True,1.0,True,1.0,False,248,1768453760,0,,,,
bollywood,1qdaf2j,2026-01,nzofart,ProProcastinator9999,True,2.0,True,2.0,False,136,1768453883,0,522.1,7.0,9229.0,True
bollywood,1qdaf2j,2026-01,nzojzua,Dtyhb-6996,True,3.0,False,,False,68,1768456008,0,1105.2,35.0,3066.0,True
bollywood,1qdaf2j,2026-01,nzolpvm,IMAryanDarad,True,4.0,False,,False,51,1768456825,0,2639.8,15528.0,18673.0,True
bollywood,1qdaf2j,2026-01,nzoty4n,OMG_NoReally,True,6.0,False,,False,19,1768460997,0,4729.0,21528.0,108625.0,True
bollywood,1qdaf2j,2026-01,nzqtyec,No_Revolution5059,True,5.0,False,,False,20,1768491839,0,1777.1,9322.0,445.0,True
bollywood,1qdaf2j,2026-01,nzofl2q,Wasabi_Dry,True,7.0,True,3.0,False,17,1768454008,0,,,,
bollywood,1qdaf2j,2026-01,nzpxi2p,Character_Layer_766,True,8.0,False,,False,15,1768481677,0,856.3,4.0,917.0,True
bollywood,1qdaf2j,2026-01,nzorzvd,Ok_Scratch6300,True,9.0,False,,False,10,1768459976,0,1397.9,172.0,657.0,True
bollywood,1qdaf2j,2026-01,nzohcu7,soumo202091,True,10.0,True,5.0,False,9,1768454795,0,1989.3,11734.0,11064.0,True
bollywood,1qdaf2j,2026-01,nzog2km,ryuk17717,False,,True,4.0,False,6,1768454222,0,2087.0,1158.0,11976.0,True
bollywood,1qr1nkp,2026-01,o2kvkto,Almost_Infamous,True,1.0,True,1.0,False,163,1769768868,0,4768.6,78257.0,106999.0,True
bollywood,1qr1nkp,2026-01,o2kzofs,wtfrukidding,True,2.0,True,3.0,False,99,1769770981,0,1811.8,1.0,19246.0,True
bollywood,1qr1nkp,2026-01,o2l0yll,nickdonhelm,True,3.0,True,4.0,False,73,1769771627,0,1529.9,55935.0,195669.0,True
bollywood,1qr1nkp,2026-01,o2l3e26,pompy1301,True,4.0,False,,False,48,1769772803,0,2075.2,506.0,33430.0,True
bollywood,1qr1nkp,2026-01,o2l1398,Iron_Bear221,True,5.0,True,5.0,False,42,1769771690,0,,,,
bollywood,1qr1nkp,2026-01,o2kxdjd,Classic_Leave_726,True,6.0,True,2.0,False,33,1769769804,0,247.2,3481.0,11922.0,False
bollywood,1qr1nkp,2026-01,o2mexey,tunnu83,True,7.0,False,,False,29,1769788529,0,1499.9,796.0,1795.0,True
bollywood,1qr1nkp,2026-01,o2l7a18,Reasonable_Emu_8639,True,8.0,False,,False,16,1769774559,0,1590.9,48628.0,45925.0,True
bollywood,1qr1nkp,2026-01,o2nkzif,Bleachigo1,True,9.0,False,,False,12,1769799685,0,3129.3,1222.0,50971.0,True
bollywood,1qr1nkp,2026-01,o2lascb,Chevellier,True,10.0,False,,False,8,1769776034,0,1647.1,3946.0,11008.0,True
bollywood,1qnf6j3,2026-01,o1t8ank,dopegodofficial,True,1.0,True,4.0,False,168,1769432824,0,1913.2,274.0,764.0,True
bollywood,1qnf6j3,2026-01,o1t9079,VerTexV1sion,True,2.0,False,,False,111,1769433086,0,2106.0,54163.0,88132.0,True
bollywood,1qnf6j3,2026-01,o1t9lpy,jason9t8,True,3.0,False,,False,31,1769433300,0,2553.7,215692.0,106389.0,True
bollywood,1qnf6j3,2026-01,o1t8dkv,Willing_Staff9522,True,4.0,True,5.0,False,23,1769432855,0,762.3,1.0,495.0,True
bollywood,1qnf6j3,2026-01,o1t9ru4,Distinct_Mirror_7979,True,6.0,False,,False,15,1769433360,0,796.2,870.0,1471.0,True
bollywood,1qnf6j3,2026-01,o1t7z3a,Ready-Disk-6249,True,5.0,True,3.0,False,16,1769432705,0,1096.1,78.0,2229.0,True
bollywood,1qnf6j3,2026-01,o1t6d8f,pradeepgstsheoran,True,7.0,True,1.0,False,15,1769432096,0,2817.6,3342.0,28271.0,True
bollywood,1qnf6j3,2026-01,o1t9bvi,Level-Date-1368,True,8.0,False,,False,12,1769433202,0,648.8,2305.0,4630.0,False
bollywood,1qnf6j3,2026-01,o1t6x5w,Content_Associate_76,True,9.0,True,2.0,False,10,1769432308,0,770.0,418.0,1906.0,True
bollywood,1qnf6j3,2026-01,o1tcabo,manjeete,True,10.0,False,,False,8,1769434234,0,2844.5,3847.0,81609.0,True
bollywood,1q16vh0,2026-01,nx3bkeq,Wasabi_Dry,True,1.0,True,3.0,False,614,1767281980,0,,,,
bollywood,1q16vh0,2026-01,nx3b2d3,Bubbly-Albatross-373,True,2.0,True,1.0,False,309,1767281813,0,1439.7,3374.0,21995.0,True
bollywood,1q16vh0,2026-01,nx3c0xl,SeaAlarm1273,True,3.0,False,,False,166,1767282135,0,761.2,239.0,2923.0,True
bollywood,1q16vh0,2026-01,nx3c8dj,HistoricalAir9844,True,4.0,False,,False,131,1767282203,0,838.4,16278.0,1292.0,True
bollywood,1q16vh0,2026-01,nx3c6zd,DaVincisDeemon,True,5.0,False,,False,82,1767282191,0,898.9,11.0,1230.0,False
bollywood,1q16vh0,2026-01,nx3bhl8,comsit1712,True,6.0,True,2.0,False,54,1767281954,0,1233.8,7.0,1295.0,True
bollywood,1q16vh0,2026-01,nx3r37m,Anakulosmos,True,7.0,False,,False,39,1767286977,0,2737.8,669.0,3005.0,True
bollywood,1q16vh0,2026-01,nx3ebxf,Ok_Lengthiness2765,True,8.0,False,,False,36,1767282889,0,,,,
bollywood,1q16vh0,2026-01,nx3btuf,aryandabas21,True,9.0,True,4.0,False,32,1767282068,0,404.7,1386.0,1249.0,True
bollywood,1q16vh0,2026-01,nx3ccos,Tricky_Bumblebee_238,True,10.0,False,,False,29,1767282243,0,849.6,482.0,8832.0,False
bollywood,1q16vh0,2026-01,nx3bv0r,Antique-Abrocoma-271,False,,True,5.0,False,21,1767282079,0,482.2,2096.0,7555.0,True
IndianStockMarket,1qq7jx9,2026-01,o2egkql,PipeOriginal1253,True,1.0,True,2.0,False,663,1769690745,0,630.4,1.0,2555.0,True
IndianStockMarket,1qq7jx9,2026-01,o2ei96s,BaseballAny5716,True,2.0,True,3.0,False,203,1769691378,0,,,,
IndianStockMarket,1qq7jx9,2026-01,o2ephil,never_exist0000,True,3.0,False,,False,135,1769693869,0,1863.4,3521.0,6099.0,True
IndianStockMarket,1qq7jx9,2026-01,o2el9gx,InternalImpressive38,True,4.0,False,,False,81,1769692466,0,312.3,30.0,400.0,True
IndianStockMarket,1qq7jx9,2026-01,o2eiex7,karthiknub,True,5.0,True,4.0,False,58,1769691437,0,489.2,83.0,56.0,True
IndianStockMarket,1qq7jx9,2026-01,o2em99k,TheFitSyntaxx,True,6.0,False,,False,47,1769692804,0,276.9,18.0,8552.0,True
IndianStockMarket,1qq7jx9,2026-01,o2erke6,1tachi_UchiH4,True,7.0,False,,False,40,1769694534,0,413.3,86.0,1193.0,True
IndianStockMarket,1qq7jx9,2026-01,o2ete2a,HackHawkR,True,8.0,False,,False,34,1769695106,0,546.5,67.0,1596.0,True
IndianStockMarket,1qq7jx9,2026-01,o2ermhh,Upbeat_Conclusion_70,True,9.0,False,,False,24,1769694552,0,2166.1,5.0,82.0,True
IndianStockMarket,1qq7jx9,2026-01,o2kbjh9,Key-Significance-298,True,10.0,False,,False,19,1769758026,0,2032.7,824.0,5336.0,True
IndianStockMarket,1qq7jx9,2026-01,o2ej2n5,i_rs21,False,,True,5.0,False,13,1769691683,0,183.0,17580.0,4526.0,False
IndianStockMarket,1qq7jx9,2026-01,o2egcne,FcukThanos,False,,True,1.0,False,9,1769690657,0,297.5,751.0,620.0,True
IndianStockMarket,1qj4wl8,2026-01,o0w8jcu,Fragrant_Physics_599,True,1.0,True,2.0,False,827,1769018344,0,274.2,2.0,852.0,True
IndianStockMarket,1qj4wl8,2026-01,o0w8w1r,Viagra-Trader-60,True,2.0,True,3.0,False,333,1769018434,0,137.1,96.0,4750.0,True
IndianStockMarket,1qj4wl8,2026-01,o0w958a,space_mania,True,3.0,True,4.0,False,159,1769018501,0,809.1,177.0,1318.0,False
IndianStockMarket,1qj4wl8,2026-01,o0w8i19,Limp-Sense-8125,True,4.0,True,1.0,False,154,1769018334,0,716.5,43.0,480.0,True
IndianStockMarket,1qj4wl8,2026-01,o0wiqmj,Mortgage5388,True,5.0,False,,False,63,1769021021,0,726.9,784.0,35042.0,True
IndianStockMarket,1qj4wl8,2026-01,o0wbizi,ultra_citizen,True,6.0,False,,False,32,1769019136,0,1834.1,885.0,571.0,True
IndianStockMarket,1qj4wl8,2026-01,o0wfybc,CryptographerDue931,True,7.0,False,,False,21,1769020290,0,1675.1,1.0,753.0,True
IndianStockMarket,1qj4wl8,2026-01,o0wsbfz,q7hz,True,8.0,False,,False,12,1769023568,0,,,,
IndianStockMarket,1qj4wl8,2026-01,o0wbiwp,Next-Tear-4020,True,10.0,True,5.0,False,10,1769019135,0,732.8,235.0,1037.0,True
IndianStockMarket,1qj4wl8,2026-01,o0wdyyb,iClipsse,True,9.0,False,,False,12,1769019771,0,,,,
IndianStockMarket,1q6pgsx,2026-01,ny9os6g,thereisnorandom,True,1.0,False,,False,294,1767818650,0,2471.8,879.0,2598.0,True
IndianStockMarket,1q6pgsx,2026-01,ny9hap4,WrongScientist6153,True,2.0,False,,False,190,1767816674,0,805.9,370.0,5807.0,True
IndianStockMarket,1q6pgsx,2026-01,ny9c1ac,PsychologicalCry2034,True,3.0,True,2.0,False,157,1767815302,0,2006.7,42.0,1526.0,True
IndianStockMarket,1q6pgsx,2026-01,ny9bsgz,dumbass_random,True,4.0,True,1.0,False,120,1767815238,0,3736.9,9668.0,14778.0,True
IndianStockMarket,1q6pgsx,2026-01,ny9yhwq,buzznick96,True,5.0,False,,False,82,1767821116,0,3990.9,105.0,224.0,True
IndianStockMarket,1q6pgsx,2026-01,ny9ddek,aksslg,True,6.0,True,3.0,False,69,1767815647,0,2374.6,128.0,207.0,True
IndianStockMarket,1q6pgsx,2026-01,nyaywky,Nomore_chances,True,8.0,False,,False,57,1767831438,0,915.1,1069.0,6434.0,True
IndianStockMarket,1q6pgsx,2026-01,nybi7zs,Aurorion,True,7.0,False,,False,63,1767837429,0,4325.0,539.0,21104.0,True
IndianStockMarket,1q6pgsx,2026-01,nycbe8n,rationalintrovert,True,9.0,False,,False,33,1767847151,0,4189.2,92.0,4780.0,True
IndianStockMarket,1q6pgsx,2026-01,ny9rj5m,DataScience123888,True,10.0,False,,False,26,1767819348,0,,,,
IndianStockMarket,1q6pgsx,2026-01,ny9dgmq,Remarkable_Author615,False,,True,4.0,False,18,1767815670,0,188.8,14.0,28.0,True
IndianStockMarket,1q6pgsx,2026-01,ny9ecrq,nerdymed4849,False,,True,5.0,False,13,1767815900,0,858.1,108.0,323.0,True
IndianStockMarket,1qohnt5,2026-01,o21c01t,Basic_Target_,True,1.0,True,1.0,False,548,1769529826,0,1649.8,932.0,2447.0,True
IndianStockMarket,1qohnt5,2026-01,o21ctzp,HamsterSingle4067,True,2.0,True,2.0,False,136,1769530044,0,484.4,2.0,207.0,True
IndianStockMarket,1qohnt5,2026-01,o21khsz,Dumbsssss69,True,3.0,False,,False,131,1769532042,0,1467.5,687.0,2936.0,True
IndianStockMarket,1qohnt5,2026-01,o21nqn2,ngin-x,True,4.0,False,,False,111,1769532874,0,,,,
IndianStockMarket,1qohnt5,2026-01,o21kbmo,riju1996,True,5.0,True,5.0,False,24,1769531998,0,2575.6,1.0,42.0,True
IndianStockMarket,1qohnt5,2026-01,o21eexs,winstonwol,True,6.0,True,3.0,False,15,1769530457,0,,,,
IndianStockMarket,1qohnt5,2026-01,o91zrzk,Consistent-Sun5188,True,7.0,False,,False,13,1772839627,0,997.8,1310.0,5297.0,True
IndianStockMarket,1qohnt5,2026-01,o21fosc,DrOptimus69,True,8.0,True,4.0,False,8,1769530789,0,1010.7,3.0,21.0,True
IndianStockMarket,1qohnt5,2026-01,o21vono,rajajoe,True,9.0,False,,False,6,1769534938,0,4229.4,2007.0,5103.0,True
IndianStockMarket,1qohnt5,2026-01,o222i1c,Embarrassed_Young_20,True,10.0,False,,False,6,1769536703,0,1580.9,157.0,147.0,True
IndianStockMarket,1qregrm,2026-01,o2nmnoi,clevertrickery,True,1.0,True,3.0,False,241,1769800134,0,404.6,359.0,3332.0,True
IndianStockMarket,1qregrm,2026-01,o2np4bj,93ph6h,True,2.0,True,5.0,False,208,1769800801,0,1529.2,10355.0,24275.0,False
IndianStockMarket,1qregrm,2026-01,o2o6udd,Miserable-Smoke6485,True,3.0,False,,False,184,1769805770,0,1822.5,1551.0,1796.0,True
IndianStockMarket,1qregrm,2026-01,o2nljrq,Real_Dafaq_brah,True,4.0,True,1.0,False,179,1769799836,0,2859.0,1595.0,8636.0,True
IndianStockMarket,1qregrm,2026-01,o2no2rj,Ok_College2946,True,5.0,True,4.0,False,103,1769800518,0,535.9,4.0,911.0,True
IndianStockMarket,1qregrm,2026-01,o2nv1m9,AmulyaG,True,6.0,False,,False,49,1769802431,0,3393.8,117.0,42905.0,True
IndianStockMarket,1qregrm,2026-01,o2nw6kj,soulsamosa,True,7.0,False,,False,42,1769802744,0,2660.4,12991.0,9490.0,False
IndianStockMarket,1qregrm,2026-01,o2nqom2,SuperbPercentage8050,True,8.0,False,,False,22,1769801225,0,807.4,9750.0,12128.0,True
IndianStockMarket,1qregrm,2026-01,o2oh4t7,vijayramreddyy,True,9.0,False,,False,10,1769808684,0,1561.5,73.0,3937.0,True
IndianStockMarket,1qregrm,2026-01,o2oipm9,romka79,True,10.0,False,,False,8,1769809135,0,1955.1,59838.0,31138.0,True
IndianStockMarket,1qregrm,2026-01,o2nm20q,Ukmastercom,False,,True,2.0,False,4,1769799971,0,2305.2,28.0,6585.0,False
IndianStockMarket,1q7jqix,2026-01,nygc2uh,piezod,True,1.0,True,4.0,False,246,1767899938,0,4776.0,24846.0,57469.0,True
IndianStockMarket,1q7jqix,2026-01,nygalyt,Prottusha1,True,2.0,True,3.0,False,71,1767899551,0,1794.5,2754.0,36748.0,True
IndianStockMarket,1q7jqix,2026-01,nyg9r5s,LoveTraditional8489,True,3.0,True,2.0,False,34,1767899328,0,331.8,4.0,434.0,True
IndianStockMarket,1q7jqix,2026-01,nygpgvh,singh_kumar,True,4.0,False,,False,34,1767903496,0,2126.2,92.0,6292.0,True
IndianStockMarket,1q7jqix,2026-01,nygfvl7,Royal_Assignment_284,True,5.0,True,5.0,False,9,1767900942,0,1687.7,1316.0,1954.0,True
IndianStockMarket,1q7jqix,2026-01,nyggslf,Turbulent_Height_595,True,6.0,False,,False,7,1767901186,0,1358.8,78.0,482.0,True
IndianStockMarket,1q7jqix,2026-01,nygyrfs,Saber_2049,True,9.0,False,,False,4,1767905986,0,1612.9,8.0,520.0,True
IndianStockMarket,1q7jqix,2026-01,nyjytqf,Aurorion,True,7.0,False,,False,5,1767941500,0,4325.0,539.0,21104.0,True
IndianStockMarket,1q7jqix,2026-01,nyiqo9w,Sea-Gain958,True,10.0,False,,False,4,1767924788,0,614.3,5306.0,4423.0,True
IndianStockMarket,1q7jqix,2026-01,nyjkl07,your_daddy27,True,8.0,False,,False,5,1767935049,0,,,,
IndianStockMarket,1q7jqix,2026-01,nyg40nr,Tangent_pikachu,False,,True,1.0,False,3,1767897850,0,283.3,178.0,8385.0,True
IndianStockMarket,1qbmbik,2026-01,nzbmff2,CheekyDevilZ,True,1.0,True,4.0,False,257,1768294487,0,354.5,231.0,2555.0,True
IndianStockMarket,1qbmbik,2026-01,nzblxxm,Correct_Host_2605,True,2.0,True,2.0,False,176,1768294205,0,763.1,1.0,1032.0,True
IndianStockMarket,1qbmbik,2026-01,nzbp364,HiiamVinay,True,3.0,False,,False,80,1768296054,0,3817.4,3995.0,604.0,True
IndianStockMarket,1qbmbik,2026-01,nzbmxwu,National-Power3073,True,4.0,False,,False,68,1768294790,0,381.7,2426.0,10876.0,True
IndianStockMarket,1qbmbik,2026-01,nzbq842,HuckleberryHot4551,True,5.0,False,,False,60,1768296724,0,1357.4,309.0,9786.0,True
IndianStockMarket,1qbmbik,2026-01,nzboy9k,ConsistentSuperPower,True,6.0,False,,False,15,1768295974,0,275.3,51.0,1281.0,True
IndianStockMarket,1qbmbik,2026-01,nzbm3t3,energon-cube,True,8.0,True,3.0,False,11,1768294297,0,810.7,2631.0,1546.0,True
IndianStockMarket,1qbmbik,2026-01,nzbu8vi,theswanand,True,7.0,False,,False,12,1768299041,0,1196.1,34.0,4080.0,True
IndianStockMarket,1qbmbik,2026-01,nzboet2,Prestigious_Hunt_795,True,9.0,False,,False,10,1768295659,0,,,,
IndianStockMarket,1qbmbik,2026-01,nzblue7,Dense_Profit_2478,False,,True,1.0,False,5,1768294149,0,1929.7,1910.0,6750.0,True
IndianStockMarket,1qbmbik,2026-01,nzc4uzx,Butter_Chicken2003,True,10.0,False,,False,6,1768304647,0,280.2,685.0,1291.0,True
IndianStockMarket,1qbmbik,2026-01,nzbmnkw,vika4,False,,True,5.0,False,2,1768294621,0,3276.9,768.0,15648.0,True
IndianStockMarket,1qof5qk,2026-01,o20ucdm,q7hz,True,1.0,True,1.0,False,221,1769524945,0,,,,
IndianStockMarket,1qof5qk,2026-01,o21ecjr,mehtam42,True,2.0,True,4.0,False,193,1769530440,0,2533.5,43888.0,12020.0,True
IndianStockMarket,1qof5qk,2026-01,o21fwzl,Imveryfuckingstupid,True,3.0,True,5.0,False,18,1769530848,0,574.1,1745.0,3174.0,True
IndianStockMarket,1qof5qk,2026-01,o21rbqi,Prize_Bar_5767,True,4.0,False,,False,17,1769533805,0,972.2,282.0,23659.0,True
IndianStockMarket,1qof5qk,2026-01,o21dkv6,FakeNewsPeddlerr,True,5.0,True,3.0,False,13,1769530238,0,462.7,1766.0,5817.0,True
IndianStockMarket,1qof5qk,2026-01,o217mc6,jonty_jj7,True,6.0,True,2.0,False,5,1769528677,0,1186.0,15.0,6.0,True
IndianStockMarket,1qof5qk,2026-01,o21pq75,National_Front3146,True,7.0,False,,False,5,1769533384,0,630.4,2.0,1401.0,True
IndianStockMarket,1qof5qk,2026-01,o21gcmg,chetansha,True,8.0,False,,False,2,1769530962,0,3355.4,999.0,1561.0,True
IndianStockMarket,1qof5qk,2026-01,o26942o,Cautious_Camera3739,True,9.0,False,,False,2,1769583816,0,1897.1,454.0,435.0,True
IndianStockMarket,1qof5qk,2026-01,o21wowf,Lonely_Check_3632,True,10.0,False,,False,1,1769535204,0,316.2,665.0,44.0,True
IndianStockMarket,1qp50lt,2026-01,o26f4ro,Opposite-Art-1829,True,1.0,True,3.0,False,311,1769586912,0,1190.9,2147.0,985.0,True
IndianStockMarket,1qp50lt,2026-01,o26hkm4,prahad27,True,2.0,False,,False,149,1769588202,0,2249.0,469.0,2596.0,True
IndianStockMarket,1qp50lt,2026-01,o26edvc,mongsoberrite11,True,3.0,True,1.0,False,115,1769586523,0,274.6,74.0,1544.0,True
IndianStockMarket,1qp50lt,2026-01,o26ep6g,Logical-Potato69,True,4.0,True,2.0,False,110,1769586686,0,479.9,386.0,2831.0,True
IndianStockMarket,1qp50lt,2026-01,o26i6qp,ashish0294,True,5.0,False,,False,95,1769588536,0,4019.1,448.0,1365.0,True
IndianStockMarket,1qp50lt,2026-01,o26fe3h,courtsidecurry,True,6.0,True,4.0,False,56,1769587049,0,2055.4,4682.0,8209.0,True
IndianStockMarket,1qp50lt,2026-01,o26i2ve,Past_Warthog_9444,True,7.0,False,,False,30,1769588478,0,1073.0,35.0,144.0,True
IndianStockMarket,1qp50lt,2026-01,o26g6o3,Brief_Instance_2008,True,8.0,False,,False,26,1769587463,0,661.8,77.0,700.0,True
IndianStockMarket,1qp50lt,2026-01,o26hltv,kakashi_hatake35,True,9.0,False,,False,14,1769588221,0,478.3,121.0,1017.0,True
IndianStockMarket,1qp50lt,2026-01,o26fobf,Secret-Laugh-8733,True,10.0,False,,False,11,1769587197,0,631.2,548.0,1213.0,False
IndianStockMarket,1qp50lt,2026-01,o26fle1,Pitiful-Owl1141,False,,True,5.0,False,11,1769587155,0,270.0,26.0,507.0,False
IndianStockMarket,1q8y25r,2026-01,nyr482e,Ashryfinancial,True,1.0,True,4.0,False,423,1768031965,0,291.1,5321.0,29126.0,True
IndianStockMarket,1q8y25r,2026-01,nyr936c,Alone_Register3991,True,2.0,False,,False,81,1768034655,0,1198.9,635.0,3731.0,True
IndianStockMarket,1q8y25r,2026-01,nyr5b0d,pigsterben,True,3.0,False,,False,81,1768032559,0,178.6,10.0,9615.0,True
IndianStockMarket,1q8y25r,2026-01,nyr4i9a,moriarty0987,True,4.0,True,5.0,False,78,1768032120,0,,,,
IndianStockMarket,1q8y25r,2026-01,nyr3yjn,FekuChaiwala,True,5.0,True,3.0,False,75,1768031822,0,561.3,843.0,9710.0,True
IndianStockMarket,1q8y25r,2026-01,nyr5i5f,kpdon1,True,6.0,False,,False,45,1768032668,0,3724.7,17062.0,175571.0,True
IndianStockMarket,1q8y25r,2026-01,nyr5uhe,SilverEssay3744,True,7.0,False,,False,38,1768032857,0,1953.7,188.0,510.0,True
IndianStockMarket,1q8y25r,2026-01,nyrb59i,bonker508,True,8.0,False,,False,30,1768035807,0,5083.0,19584.0,6147.0,True
IndianStockMarket,1q8y25r,2026-01,nyr7qxh,raghavinderbali,True,9.0,False,,False,22,1768033902,0,2252.8,1.0,77.0,True
IndianStockMarket,1q8y25r,2026-01,nyr29jo,No_Let_5065,True,10.0,True,1.0,False,19,1768030890,0,2021.0,1242.0,15114.0,True
IndianStockMarket,1q8y25r,2026-01,nyr3q7e,No_Jump7812,False,,True,2.0,False,5,1768031694,0,615.8,9724.0,3969.0,True
indiaspeaks,1qs5700,2026-01,o2sw120,thisdude_01,True,1.0,True,1.0,False,873,1769873267,0,335.8,371.0,11142.0,True
indiaspeaks,1qs5700,2026-01,o2sxnp7,habitual-offender,True,2.0,False,,False,556,1769873752,0,,,,
indiaspeaks,1qs5700,2026-01,o2sxaur,AnimatorPlayful6587,True,3.0,True,4.0,False,327,1769873645,0,1019.8,3419.0,49030.0,True
indiaspeaks,1qs5700,2026-01,o2swmo3,ciao-adios,True,4.0,True,2.0,False,230,1769873445,0,222.8,133932.0,19461.0,True
indiaspeaks,1qs5700,2026-01,o2sx83d,ForeverIntoTheLight,True,5.0,True,3.0,False,188,1769873623,0,698.3,1.0,48951.0,True
indiaspeaks,1qs5700,2026-01,o2sxsf7,m8_d3l3t3_l8r,True,6.0,False,,False,147,1769873791,0,,,,
indiaspeaks,1qs5700,2026-01,o2syi1i,Federal_Leg5278,True,8.0,False,,False,84,1769873997,0,1848.8,27652.0,17179.0,True
indiaspeaks,1qs5700,2026-01,o2t11ev,Dramatic-Pilot8208,True,7.0,False,,False,89,1769874732,0,1416.6,783.0,3018.0,True
indiaspeaks,1qs5700,2026-01,o2syxsp,RunPool,True,9.0,False,,False,70,1769874121,0,925.3,14501.0,33170.0,True
indiaspeaks,1qs5700,2026-01,o2symzp,Otherwise_Ad_1216,True,10.0,False,,False,64,1769874035,0,2138.9,3457.0,8355.0,True
indiaspeaks,1qs5700,2026-01,o2sxmwu,shhh_calmDown,False,,True,5.0,False,29,1769873745,0,164.8,54.0,73381.0,True
indiaspeaks,1qrbiag,2026-01,o2n0m7v,Monsultant,True,1.0,True,3.0,False,303,1769794337,0,3507.1,3608.0,141610.0,True
indiaspeaks,1qrbiag,2026-01,o2mzq3r,CrimeMasterGogoChan,True,2.0,True,2.0,False,122,1769794096,0,305.3,6592.0,74868.0,True
indiaspeaks,1qrbiag,2026-01,o2mz7so,vigya16,True,3.0,True,1.0,False,38,1769793958,0,,,,
indiaspeaks,1qrbiag,2026-01,o2n4rax,Infamous-Chemical111,True,4.0,True,5.0,False,27,1769795453,0,803.6,2847.0,18336.0,True
indiaspeaks,1qrbiag,2026-01,o2n44xo,reddit_niwasi,True,5.0,True,4.0,False,17,1769795288,0,1397.1,10262.0,38213.0,True
indiaspeaks,1qrbiag,2026-01,o2n542i,repostit_,True,6.0,False,,False,6,1769795546,0,,,,
indiaspeaks,1qrbiag,2026-01,o2n976l,-_-joyboy_,True,7.0,False,,False,5,1769796607,0,1545.2,2593.0,9907.0,True
indiaspeaks,1qrbiag,2026-01,o2o0ri3,No_Designer_4141,True,8.0,False,,False,4,1769804030,0,863.2,1045.0,3419.0,True
indiaspeaks,1qrbiag,2026-01,o2nalev,Thass4554,True,9.0,False,,False,3,1769796972,0,2011.7,773.0,3471.0,True
indiaspeaks,1qrbiag,2026-01,o2nyigx,Slight-Connection-73,True,10.0,False,,False,3,1769803391,0,870.9,912.0,7967.0,True
indiaspeaks,1qlgyxt,2026-01,o1e71o8,silverMCakshar,True,1.0,True,2.0,False,524,1769242851,0,2621.9,51.0,2030.0,True
indiaspeaks,1qlgyxt,2026-01,o1e5ers,Karkota_24Rollno,True,2.0,True,1.0,False,311,1769241964,0,658.9,6097.0,3478.0,True
indiaspeaks,1qlgyxt,2026-01,o1e97jn,nickdonhelm,True,3.0,False,,False,225,1769244051,0,1529.9,55935.0,195669.0,True
indiaspeaks,1qlgyxt,2026-01,o1e8ue2,RefrigeratorMain7921,True,4.0,False,,False,149,1769243849,0,773.8,1254.0,9237.0,True
indiaspeaks,1qlgyxt,2026-01,o1eai46,mitti_ka_prani,True,5.0,False,,False,134,1769244752,0,261.1,1500.0,5155.0,True
indiaspeaks,1qlgyxt,2026-01,o1e75dw,Lostsoul_bojack,True,6.0,True,3.0,False,56,1769242908,0,273.0,1.0,4101.0,True
indiaspeaks,1qlgyxt,2026-01,o1efghi,naidufeed,True,7.0,False,,False,47,1769247503,0,,,,
indiaspeaks,1qlgyxt,2026-01,o1e7d4i,Ramen_Muncher_1093,True,8.0,True,4.0,False,43,1769243028,0,742.2,1.0,5367.0,True
indiaspeaks,1qlgyxt,2026-01,o1eas8z,acethecool1,True,9.0,False,,False,27,1769244906,0,2401.9,6489.0,20320.0,True
indiaspeaks,1qlgyxt,2026-01,o1eoivh,twelveparsec,True,10.0,False,,False,24,1769252492,0,1854.3,11.0,2629.0,True
indiaspeaks,1qlgyxt,2026-01,o1e7td1,Leelaah_saiee,False,,True,5.0,False,10,1769243278,0,2190.0,4850.0,17095.0,True
indiaspeaks,1qjqasf,2026-01,o10q7gd,habitual-offender,True,1.0,True,1.0,False,1507,1769075071,0,,,,
indiaspeaks,1qjqasf,2026-01,o10qxal,downtrodden_son,True,2.0,True,4.0,False,861,1769075476,0,637.8,1.0,18095.0,True
indiaspeaks,1qjqasf,2026-01,o10rg7u,kundi-man,True,3.0,True,5.0,False,593,1769075771,0,813.9,356607.0,37073.0,True
indiaspeaks,1qjqasf,2026-01,o10qayj,Gothamgempir,True,4.0,True,2.0,False,226,1769075126,0,395.0,2301.0,3762.0,True
indiaspeaks,1qjqasf,2026-01,o10qe0m,xNEONZZ,True,5.0,True,3.0,False,194,1769075174,0,2891.1,20917.0,17932.0,True
indiaspeaks,1qjqasf,2026-01,o10ry6b,usernameman66,True,6.0,False,,False,103,1769076052,0,1945.9,1293.0,8037.0,True
indiaspeaks,1qjqasf,2026-01,o10s1b0,LordOfTheSevenSeA69,True,7.0,False,,False,95,1769076102,0,,,,
indiaspeaks,1qjqasf,2026-01,o10se0x,cinephile46,True,8.0,False,,False,75,1769076299,0,2972.1,1050908.0,49925.0,True
indiaspeaks,1qjqasf,2026-01,o10u10e,Busy_Bench_83,True,9.0,False,,False,58,1769077193,0,,,,
indiaspeaks,1qjqasf,2026-01,o10suo4,ComplexImpress1714,True,10.0,False,,False,46,1769076552,0,1733.6,7460.0,10139.0,True
indiaspeaks,1q4fj0t,2026-01,nxs6i06,stuehieyr,True,1.0,True,1.0,False,176,1767599544,0,2619.1,3132.0,28383.0,True
indiaspeaks,1q4fj0t,2026-01,nxs6m77,Zilong_96,True,2.0,True,2.0,False,97,1767599608,0,1306.2,4801.0,3916.0,True
indiaspeaks,1q4fj0t,2026-01,nxs9cgi,Dear-Smile,True,3.0,True,4.0,False,16,1767601133,0,2264.6,20733.0,60774.0,True
indiaspeaks,1q4fj0t,2026-01,nxs8opz,Emotional-Tie5717,True,4.0,True,3.0,False,9,1767600756,0,1176.0,78.0,1514.0,True
indiaspeaks,1q4fj0t,2026-01,nxseu0x,fungusfromchernobyl,True,5.0,False,,False,4,1767604262,0,623.5,714.0,3617.0,True
indiaspeaks,1q4fj0t,2026-01,nxshwcr,Adineo17,True,7.0,False,,False,3,1767606029,0,2639.1,527.0,1791.0,True
indiaspeaks,1q4fj0t,2026-01,nxsheoz,Sorrellian,True,6.0,False,,False,4,1767605750,0,290.0,2897.0,1689.0,True
indiaspeaks,1q4fj0t,2026-01,nxsa2rr,glitchline,True,8.0,True,5.0,False,2,1767601549,0,2152.0,1361.0,36548.0,True
indiaspeaks,1q4fj0t,2026-01,nxsk18n,mrharambae11,True,9.0,False,,False,2,1767607237,0,2894.7,4130.0,16397.0,True
indiaspeaks,1q4fj0t,2026-01,nxskfwo,dksourabh,True,10.0,False,,False,2,1767607464,0,3612.3,1053.0,26313.0,True
indiaspeaks,1qrz93k,2026-01,o2rqxhk,Fluffy_Leopard7822,True,1.0,True,2.0,False,329,1769856721,0,1021.3,13.0,2015.0,True
indiaspeaks,1qrz93k,2026-01,o2rsme3,evammist,True,2.0,False,,False,113,1769857651,0,1940.7,1.0,161075.0,True
indiaspeaks,1qrz93k,2026-01,o2rqq47,Southern-Cancel-7527,True,3.0,True,1.0,False,75,1769856610,0,950.6,354.0,84.0,True
indiaspeaks,1qrz93k,2026-01,o2rsmpk,RR_2025,True,4.0,False,,False,75,1769857655,0,2760.3,58924.0,13138.0,True
indiaspeaks,1qrz93k,2026-01,o2rsmat,Creative_Place_905,True,5.0,False,,False,63,1769857649,0,996.1,618.0,5529.0,True
indiaspeaks,1qrz93k,2026-01,o2rrgmg,Jaded-Use1082,True,6.0,True,3.0,False,42,1769857017,0,672.2,86.0,4047.0,True
indiaspeaks,1qrz93k,2026-01,o2rtjzm,Mother-Day-1657,True,7.0,False,,False,32,1769858161,0,350.6,9382.0,14986.0,True
indiaspeaks,1qrz93k,2026-01,o2rwctg,SomeOrdinary_Indian,True,8.0,False,,False,22,1769859656,0,1030.7,98978.0,7808.0,True
indiaspeaks,1qrz93k,2026-01,o2rs55f,BlissfulBreeze11,True,9.0,False,,False,12,1769857393,0,1034.3,2477.0,42680.0,True
indiaspeaks,1qrz93k,2026-01,o2ry6fx,here-i-cum,True,10.0,False,,False,10,1769860580,0,4293.1,3350.0,7414.0,True
indiaspeaks,1qrz93k,2026-01,o2rrt7p,S-H-U-F-F-L-E,False,,True,4.0,False,7,1769857212,0,1676.1,153.0,5954.0,True
indiaspeaks,1qrz93k,2026-01,o2rs152,zahirb,False,,True,5.0,False,8,1769857333,0,4328.5,100.0,4943.0,True
indiaspeaks,1q6b3im,2026-01,ny69ijj,batteuu,True,1.0,True,2.0,False,138,1767779440,0,546.6,4373.0,3626.0,True
indiaspeaks,1q6b3im,2026-01,ny6bown,NewWheelView,True,2.0,True,4.0,False,117,1767780627,0,571.1,38225.0,47569.0,True
indiaspeaks,1q6b3im,2026-01,ny69smr,alonso-Lewis-vettel,True,3.0,True,3.0,False,103,1767779591,0,1465.0,15575.0,39464.0,True
indiaspeaks,1q6b3im,2026-01,ny6byp1,Weird-Tiger-3124,True,4.0,True,5.0,False,67,1767780774,0,1949.4,1602.0,3741.0,True
indiaspeaks,1q6b3im,2026-01,ny6cacm,Infinite_Status_6954,True,5.0,False,,False,36,1767780952,0,900.4,2005.0,3929.0,True
indiaspeaks,1q6b3im,2026-01,ny6ebq9,Big-Run-2670,True,7.0,False,,False,24,1767782059,0,2005.7,8822.0,12427.0,True
indiaspeaks,1q6b3im,2026-01,ny6jk3q,Top_Guess_946,True,6.0,False,,False,25,1767784744,0,742.8,9890.0,4555.0,True
indiaspeaks,1q6b3im,2026-01,ny6ds5p,RRaj007,True,8.0,False,,False,16,1767781764,0,2437.1,31770.0,26427.0,True
indiaspeaks,1q6b3im,2026-01,ny6dypj,Accomplished-Way1842,True,9.0,False,,False,16,1767781862,0,1946.0,1814.0,7734.0,True
indiaspeaks,1q6b3im,2026-01,ny740s8,MagicPikeXXL,True,10.0,False,,False,13,1767793024,0,3096.6,11541.0,42939.0,False
indiaspeaks,1q6b3im,2026-01,ny68dqn,Signal_Tomato_4855,False,,True,1.0,True,4,1767778807,0,,,,
indiaspeaks,1qfcdrp,2026-01,o03iiqv,Ok-Negotiation-2267,True,1.0,True,1.0,False,541,1768654358,0,2020.3,9720.0,50525.0,True
indiaspeaks,1qfcdrp,2026-01,o03j6bf,AggravatingAd8747,True,2.0,True,3.0,False,247,1768654635,0,,,,
indiaspeaks,1qfcdrp,2026-01,o03l9pj,akashsal2704,True,3.0,False,,False,193,1768655490,0,1067.0,70381.0,83584.0,True
indiaspeaks,1qfcdrp,2026-01,o03k5zg,perplexed_pepe,True,4.0,True,5.0,False,139,1768655049,0,671.5,2469.0,17173.0,True
indiaspeaks,1qfcdrp,2026-01,o03iz0i,Lostsoul_bojack,True,5.0,True,2.0,False,98,1768654548,0,273.0,1.0,4101.0,True
indiaspeaks,1qfcdrp,2026-01,o03qvpf,viserys8769,True,6.0,False,,False,57,1768657569,0,3089.9,48316.0,119560.0,True
indiaspeaks,1qfcdrp,2026-01,o03jhbb,shhh_calmDown,True,7.0,True,4.0,False,36,1768654765,0,164.8,54.0,73381.0,True
indiaspeaks,1qfcdrp,2026-01,o03kq60,Jaswanth_Krishna,True,8.0,False,,False,31,1768655273,0,586.8,617.0,2011.0,True
indiaspeaks,1qfcdrp,2026-01,o03owe5,Accomplished_Can8460,True,9.0,False,,False,26,1768656858,0,1282.1,618.0,7159.0,False
indiaspeaks,1qfcdrp,2026-01,o03o8tk,zendria7,True,10.0,False,,False,20,1768656618,0,537.2,76.0,3355.0,True
indiaspeaks,1qbn5l3,2026-01,nzbusm0,criti_fin,True,1.0,True,1.0,False,229,1768299343,0,509.8,9818.0,97915.0,False
indiaspeaks,1qbn5l3,2026-01,nzc5ey3,Raj_Dutta3731,True,2.0,True,3.0,False,31,1768304916,0,712.1,1106.0,3408.0,True
indiaspeaks,1qbn5l3,2026-01,nzcfryq,Top_Guess_946,True,3.0,True,4.0,False,13,1768309310,0,742.8,9890.0,4555.0,True
indiaspeaks,1qbn5l3,2026-01,nzbwc66,Perfect_Schedule_70,True,4.0,True,2.0,False,9,1768300201,0,1392.9,1773.0,2707.0,True
indiaspeaks,1qbn5l3,2026-01,nzfkz0s,rrudra888,True,5.0,True,5.0,False,2,1768342369,0,2335.7,11079.0,22141.0,True
indiaspeaks,1qbn5l3,2026-01,o2xjroo,OkAttention6663,True,6.0,False,,False,1,1769929117,0,,,,
indiaspeaks,1qi2zli,2026-01,o0obqnz,Melodic-Funny-9560,True,1.0,True,1.0,False,466,1768920866,0,1615.6,381.0,3334.0,True
indiaspeaks,1qi2zli,2026-01,o0oegx4,Imaginary-Bed9627,True,2.0,True,2.0,False,168,1768921695,0,,,,
indiaspeaks,1qi2zli,2026-01,o0ofq1e,CartographerOwn3656,True,3.0,True,3.0,False,132,1768922066,0,1668.7,46775.0,53986.0,True
indiaspeaks,1qi2zli,2026-01,o0ogu6i,desi-detra,True,4.0,True,4.0,False,52,1768922395,0,1687.2,121.0,8043.0,True
indiaspeaks,1qi2zli,2026-01,o0oiq35,Electrical_Size_1999,True,5.0,False,,False,36,1768922940,0,214.0,16780.0,8302.0,True
indiaspeaks,1qi2zli,2026-01,o0oxd5t,secular_attack,True,6.0,False,,False,22,1768927035,0,1023.1,2101.0,32687.0,True
indiaspeaks,1qi2zli,2026-01,o0pc8d3,sara-gill-sara,True,7.0,False,,False,18,1768931166,0,562.9,553.0,13090.0,True
indiaspeaks,1qi2zli,2026-01,o0ohuyh,Accelerator____,True,8.0,True,5.0,False,12,1768922689,0,788.1,19101.0,6758.0,True
indiaspeaks,1qi2zli,2026-01,o0t7y9m,ratatouille211,True,9.0,False,,False,6,1768976380,0,614.1,6156.0,68326.0,True
indiaspeaks,1qi2zli,2026-01,o0tubq3,Real-Blueberry-2126,True,10.0,False,,False,3,1768988746,0,899.7,1.0,8797.0,True
IndiaInvestments,1qdcx4d,2026-01,nzowofs,just_spawned_again,True,1.0,True,2.0,False,455,1768462475,0,561.0,1.0,12544.0,True
IndiaInvestments,1qdcx4d,2026-01,nzov2f0,parabola9999,True,2.0,True,1.0,False,273,1768461592,0,2562.5,2283.0,15655.0,True
IndiaInvestments,1qdcx4d,2026-01,nzp00h9,ChepaukPitch,True,3.0,True,4.0,False,72,1768464307,0,1922.3,2612.0,197664.0,True
IndiaInvestments,1qdcx4d,2026-01,nzp9xj1,scarytale852,True,4.0,True,5.0,False,31,1768470092,0,1722.1,15.0,6347.0,True
IndiaInvestments,1qdcx4d,2026-01,nzozshv,dbkuper,True,5.0,True,3.0,False,19,1768464182,0,3082.9,609.0,2772.0,True
IndiaInvestments,1qdcx4d,2026-01,nzpczip,MasalaMonk,True,6.0,False,,False,13,1768471851,0,1159.9,1635.0,17230.0,True
IndiaInvestments,1qdcx4d,2026-01,nzpbnuw,Zealousideal-Part849,True,7.0,False,,False,3,1768471094,0,989.2,121.0,7351.0,True
IndiaInvestments,1qdcx4d,2026-01,nzpc97v,CuriosityExplorer_6,True,8.0,False,,False,2,1768471436,0,1932.3,364.0,1597.0,True
IndiaInvestments,1qdcx4d,2026-01,o02801d,unerklalich,True,9.0,False,,False,2,1768629528,0,1189.0,41.0,100.0,True
IndiaInvestments,1qkfwu2,2026-01,o16ibkh,Darkseid_1010,True,1.0,True,4.0,False,162,1769141970,0,1387.9,915.0,763.0,True
IndiaInvestments,1qkfwu2,2026-01,o16mg11,kumarkri078,True,2.0,True,5.0,False,40,1769143565,0,1425.6,1.0,92.0,True
IndiaInvestments,1qkfwu2,2026-01,o16x6jn,SeaworthinessWise816,True,3.0,False,,False,37,1769148152,0,1975.2,144.0,63.0,True
IndiaInvestments,1qkfwu2,2026-01,o16cxpq,moriarty0987,True,4.0,True,3.0,False,25,1769139999,0,,,,
IndiaInvestments,1qkfwu2,2026-01,o16chdv,dontstealmydinner,True,5.0,True,2.0,False,21,1769139839,0,2378.5,1240.0,89191.0,True
IndiaInvestments,1qkfwu2,2026-01,o16oftu,Mindless-Pilot-Chef,True,6.0,False,,False,10,1769144362,0,1699.1,19126.0,78015.0,True
IndiaInvestments,1qkfwu2,2026-01,o16zug0,No-Way7911,True,7.0,False,,False,7,1769149407,0,1132.1,13677.0,60506.0,True
IndiaInvestments,1qkfwu2,2026-01,o16c5ak,Successful_Title6922,True,8.0,True,1.0,False,7,1769139721,0,895.2,225.0,26404.0,True
IndiaInvestments,1qkfwu2,2026-01,o17gl56,NeverNowhere1,True,10.0,False,,False,3,1769158182,0,1164.3,13.0,7.0,True
IndiaInvestments,1qkfwu2,2026-01,o17e84c,Successful-Try-1986,True,9.0,False,,False,4,1769156871,0,1249.2,192.0,2003.0,True
IndiaInvestments,1qia00f,2026-01,o0pxy60,ecthiender,True,1.0,True,2.0,False,190,1768937039,0,4105.7,6697.0,6275.0,True
IndiaInvestments,1qia00f,2026-01,o0pvnsp,rowschank,True,2.0,True,1.0,False,144,1768936402,0,3359.2,2765.0,131843.0,True
IndiaInvestments,1qia00f,2026-01,o0q1hgf,slimeyy_02,True,3.0,True,3.0,False,30,1768938027,0,326.1,1.0,2286.0,True
IndiaInvestments,1qia00f,2026-01,o0riopt,EarthyFlavor,True,4.0,True,5.0,False,26,1768953600,0,3151.6,264.0,9311.0,True
IndiaInvestments,1qia00f,2026-01,o0smism,shisui1729,True,5.0,False,,False,9,1768967241,0,3132.6,3043.0,17889.0,True
IndiaInvestments,1qia00f,2026-01,o0tfyvx,chennaiti,True,7.0,False,,False,4,1768980565,0,921.8,8.0,1058.0,False
IndiaInvestments,1qia00f,2026-01,o0qwpen,Prestigious-Heat295,True,6.0,True,4.0,False,5,1768946682,0,935.3,2698.0,6794.0,True
IndiaInvestments,1qia00f,2026-01,o0sk410,Consistent-Way-5187,True,8.0,False,,False,4,1768966359,0,1665.1,1.0,191.0,True
IndiaInvestments,1qia00f,2026-01,o0tuf96,Haunting_Cat8220,True,9.0,False,,False,3,1768988803,0,2098.3,608.0,19493.0,True
IndiaInvestments,1qia00f,2026-01,o0ua14t,RushKey,True,10.0,False,,False,2,1768996826,0,2103.7,806.0,920.0,True
IndiaInvestments,1qmcmz3,2026-01,o1loc1l,sumitpaul93,True,1.0,True,2.0,False,91,1769340637,0,2214.5,1.0,151.0,True
IndiaInvestments,1qmcmz3,2026-01,o1l4477,lostwisdom20,True,2.0,True,1.0,False,67,1769329937,0,1636.8,939.0,131245.0,True
IndiaInvestments,1qmcmz3,2026-01,o1ltluy,Mahatma_F_Gandhi,True,3.0,True,3.0,False,65,1769343217,0,2064.0,312.0,7267.0,True
IndiaInvestments,1qmcmz3,2026-01,o1nr0kw,Chemical_Ant_4943,True,4.0,True,4.0,False,57,1769364252,0,244.6,119.0,101.0,True
IndiaInvestments,1qmcmz3,2026-01,o1roqe5,romka79,True,5.0,False,,False,14,1769405633,0,1955.1,59838.0,31138.0,True
IndiaInvestments,1qmcmz3,2026-01,o25w41c,MaterialSimilar9687,True,6.0,False,,False,1,1769577818,0,255.9,69.0,361.0,True
IndiaInvestments,1qmcmz3,2026-01,o33kw64,Diligent_Frosting_32,True,7.0,False,,False,1,1770005431,0,1573.8,5.0,193.0,True
IndiaInvestments,1qmcmz3,2026-01,o1rliuf,kilopuny978,True,8.0,True,5.0,False,-1,1769404298,0,1077.3,1405.0,15980.0,True
IndiaInvestments,1q4llj6,2026-01,nxukxf9,triangle344,True,1.0,True,5.0,False,91,1767633604,0,667.8,500.0,2864.0,False
IndiaInvestments,1q4llj6,2026-01,nxtn900,lord_lableigh,True,2.0,True,4.0,False,50,1767623915,0,491.7,66.0,4541.0,True
IndiaInvestments,1q4llj6,2026-01,nxtd81v,fierze16,True,3.0,True,3.0,False,43,1767620523,0,2398.7,15102.0,47859.0,True
IndiaInvestments,1q4llj6,2026-01,nxtbdzu,rajjik95,True,4.0,True,1.0,False,31,1767619872,0,643.9,18.0,300.0,True
IndiaInvestments,1q4llj6,2026-01,ny0eb6a,Latter-Yam-2115,True,5.0,False,,False,16,1767709243,0,2121.8,4286.0,185758.0,True
IndiaInvestments,1q4llj6,2026-01,nxup4cu,OkEconomics9880,True,6.0,False,,False,10,1767634762,0,1569.0,996.0,1093.0,True
IndiaInvestments,1q4llj6,2026-01,ny1oz6q,Ehh_littlecomment,True,7.0,False,,False,3,1767722416,0,2587.9,594.0,50878.0,True
IndiaInvestments,1q4llj6,2026-01,ny91ila,deyasinharoy,True,8.0,False,,False,3,1767812538,0,3163.0,330.0,195.0,True
IndiaInvestments,1q4llj6,2026-01,nydpkrc,Sea-Gain958,True,9.0,False,,False,2,1767871796,0,614.3,5306.0,4423.0,True
IndiaInvestments,1q4llj6,2026-01,nzbroma,ArmFabulous3702,True,10.0,False,,False,2,1768297578,0,473.1,26.0,38.0,True
IndiaInvestments,1q4llj6,2026-01,nxtbks2,Zealousideal-Rope719,False,,True,2.0,False,1,1767619939,0,1051.3,44.0,2319.0,True
IndiaInvestments,1q77gcq,2026-01,nyeg34n,VisasHateMe,True,1.0,True,4.0,False,91,1767881670,0,3903.1,315.0,9092.0,True
IndiaInvestments,1q77gcq,2026-01,nye9pda,daatis1998,True,2.0,True,3.0,False,42,1767879652,0,1904.1,318.0,3532.0,True
IndiaInvestments,1q77gcq,2026-01,nydtfrm,Altruistic_Handle816,True,3.0,True,1.0,False,12,1767873547,0,158.0,1.0,68.0,True
IndiaInvestments,1q77gcq,2026-01,nyf1vpc,fan_of_skooma,True,4.0,True,5.0,False,12,1767887891,0,451.1,1446.0,6331.0,True
IndiaInvestments,1q77gcq,2026-01,nye98dw,altunknwn,True,5.0,True,2.0,False,10,1767879498,0,,,,
IndiaInvestments,1q77gcq,2026-01,nyq1t10,Main-Kitchen420,True,6.0,False,,False,3,1768015070,0,1705.2,1.0,13.0,True
IndiaInvestments,1q77gcq,2026-01,nyfq3no,Old_Call7641,True,7.0,False,,False,3,1767894267,0,724.5,1.0,2.0,True
IndiaInvestments,1q77gcq,2026-01,nylywuj,testingutopia,True,8.0,False,,False,2,1767972239,0,3321.8,2119.0,19223.0,True
IndiaInvestments,1q77gcq,2026-01,nym8c61,Indian_Samar,True,9.0,False,,False,2,1767974809,0,1855.1,2351.0,920.0,True
IndiaInvestments,1q77gcq,2026-01,nyiypaq,Annual-Heat-8833,True,10.0,False,,False,1,1767927352,0,2132.9,31.0,746.0,True
IndiaInvestments,1qq0wn9,2026-01,o2di20d,EmmVeeEss,True,1.0,True,1.0,False,37,1769673340,0,2535.9,4018.0,18297.0,True
IndiaInvestments,1qq0wn9,2026-01,o2jt9d8,crazybeast91,True,2.0,False,,False,10,1769749530,0,3289.9,60.0,192.0,True
IndiaInvestments,1qq0wn9,2026-01,o2eehc2,quicksilver101,True,4.0,True,3.0,False,5,1769689915,0,4423.1,1562.0,11337.0,True
IndiaInvestments,1qq0wn9,2026-01,o2f16dg,CustardWide7880,True,3.0,False,,False,6,1769697522,0,976.9,32.0,92.0,True
IndiaInvestments,1qq0wn9,2026-01,o2f22u6,coloncapitalp,True,5.0,False,,False,4,1769697790,0,4552.9,1735.0,2464.0,True
IndiaInvestments,1qq0wn9,2026-01,o2iuq09,indianaadmi,True,6.0,False,,False,3,1769737334,0,2623.4,52.0,9716.0,True
IndiaInvestments,1qq0wn9,2026-01,o2ea5gq,TheKingOfStones,True,7.0,True,2.0,False,2,1769688110,0,2181.3,58.0,4389.0,True
IndiaInvestments,1qq0wn9,2026-01,o2evunz,acuriousguy05,True,8.0,True,4.0,False,2,1769695889,0,632.4,20.0,14.0,True
IndiaInvestments,1qq0wn9,2026-01,o2jipfz,quitelyopen,True,9.0,False,,False,2,1769745472,0,158.0,22.0,26.0,False
IndiaInvestments,1qq0wn9,2026-01,o2ewyl2,scag0428,True,10.0,True,5.0,False,1,1769696236,0,2644.1,3.0,27.0,True
IndiaInvestments,1qh4k51,2026-01,o0hzb6q,get-a-line,True,1.0,True,5.0,False,37,1768839755,0,3580.8,1692.0,9113.0,True
IndiaInvestments,1qh4k51,2026-01,o0h8mu2,Ashryfinancial,True,2.0,True,1.0,False,25,1768832059,0,291.1,5321.0,29126.0,True
IndiaInvestments,1qh4k51,2026-01,o0hmyxo,Thick-Ad-6366,True,3.0,True,3.0,False,22,1768836413,0,2129.7,2319.0,17864.0,True
IndiaInvestments,1qh4k51,2026-01,o0i53ih,Killer_insctinct,True,4.0,False,,False,13,1768841310,0,2042.2,497.0,30302.0,True
IndiaInvestments,1qh4k51,2026-01,o0q10hq,slimeyy_02,True,5.0,False,,False,3,1768937896,0,326.1,1.0,2286.0,True
IndiaInvestments,1qh4k51,2026-01,o0ukan6,Cautious_Duty_6257,True,6.0,False,,False,3,1769000971,0,1434.2,52.0,278.0,True
IndiaInvestments,1qh4k51,2026-01,o0hs6kn,Taurus_R,True,7.0,True,4.0,False,2,1768837847,0,2246.8,443.0,9804.0,True
IndiaInvestments,1qh4k51,2026-01,o0w3j6f,No-Way7911,True,8.0,False,,False,2,1769017028,0,1132.1,13677.0,60506.0,True
IndiaInvestments,1qh4k51,2026-01,o0ll32z,FitMetal509,True,9.0,False,,False,1,1768878038,0,,,,
IndiaInvestments,1qh4k51,2026-01,o1qc7ig,commoncar58,True,10.0,False,,False,1,1769389188,0,144.5,1.0,4.0,True
IndiaInvestments,1qh4k51,2026-01,o0hlr6i,Taurus_R,False,,True,2.0,False,-15,1768836067,0,2246.8,443.0,9804.0,True
IndiaInvestments,1q1s4fo,2026-01,nx7tlyk,Potential_Honey_3615,True,1.0,True,1.0,False,51,1767338244,0,939.8,2.0,19656.0,True
IndiaInvestments,1q1s4fo,2026-01,nx7uvsy,bhodrolok,True,2.0,True,2.0,False,1,1767338946,0,4005.9,698695.0,251065.0,True
IndiaInvestments,1q1s4fo,2026-01,nxt4hn0,Thin-Bad-3485,True,3.0,True,3.0,False,1,1767617220,0,820.8,318.0,861.0,False
IndiaInvestments,1qpyif2,2026-01,o2f88yr,an_iconoclast,True,2.0,True,2.0,False,3,1769699561,0,4918.0,5744.0,12002.0,True
IndiaInvestments,1qpyif2,2026-01,o2j1d0k,Laxmin,True,1.0,True,3.0,False,5,1769739556,0,5887.5,143.0,10684.0,True
IndiaInvestments,1qpyif2,2026-01,o2e8jvw,the_storm_rider,True,3.0,True,1.0,False,1,1769687422,0,3879.1,373.0,53250.0,True
IndiaInvestments,1qpyif2,2026-01,o2ynsvl,mygouldianfinch,True,4.0,True,4.0,False,1,1769950358,0,2482.5,770.0,3249.0,True
AskIndia,1q4jlxr,2026-01,nxtg5ur,HelpfulPace3368,True,1.0,True,4.0,False,215,1767621542,0,1917.9,1778.0,8098.0,True
AskIndia,1q4jlxr,2026-01,nxvmusw,Suggondeezenutz_-_,True,2.0,False,,False,95,1767643943,0,506.7,1.0,2629.0,False
AskIndia,1q4jlxr,2026-01,nxtrb8h,wrench_1815,True,3.0,False,,False,71,1767625191,0,927.3,253.0,4949.0,True
AskIndia,1q4jlxr,2026-01,nxswgqz,MotaKalaMurga,True,4.0,True,1.0,False,52,1767613649,0,,,,
AskIndia,1q4jlxr,2026-01,nxtptjz,Agreeable-Present224,True,6.0,False,,False,33,1767624731,0,,,,
AskIndia,1q4jlxr,2026-01,nxtpaib,Latter-Yam-2115,True,5.0,True,5.0,False,35,1767624564,0,2121.8,4286.0,185758.0,True
AskIndia,1q4jlxr,2026-01,nxvsgw9,guyfromsomewhere7,True,7.0,False,,False,26,1767645522,0,166.3,3052.0,1858.0,True
AskIndia,1q4jlxr,2026-01,nxsy0ip,user108x,True,10.0,True,2.0,False,17,1767614364,0,164.0,1.0,20.0,True
AskIndia,1q4jlxr,2026-01,nxvrjik,guyfromsomewhere7,True,9.0,False,,False,19,1767645261,0,166.3,3052.0,1858.0,True
AskIndia,1q4jlxr,2026-01,nxvms63,Sumeru88,True,8.0,False,,False,21,1767643922,0,2084.7,2563.0,169382.0,True
AskIndia,1q4jlxr,2026-01,nxte9pn,shim_niyi,False,,True,3.0,False,15,1767620889,0,,,,
AskIndia,1qcokg0,2026-01,nzjv2fz,miss_leopops,True,1.0,False,,False,112,1768403918,0,1327.7,15.0,15735.0,True
AskIndia,1qcokg0,2026-01,nzjqrsy,Naughty_Casanova,True,2.0,True,4.0,False,33,1768402655,0,412.0,1.0,114.0,True
AskIndia,1qcokg0,2026-01,nzk1s9m,diddywantsmedead,True,3.0,False,,False,28,1768405801,0,408.9,10.0,4979.0,True
AskIndia,1qcokg0,2026-01,nzju84e,No_Distance452,True,4.0,False,,False,15,1768403675,0,,,,
AskIndia,1qcokg0,2026-01,nzjqqwz,FunSearch8484,True,5.0,True,3.0,False,11,1768402648,0,146.5,1.0,7.0,False
AskIndia,1qcokg0,2026-01,nzjvjdl,Technical-Isopod6554,True,6.0,False,,False,8,1768404051,0,1350.2,247.0,77341.0,True
AskIndia,1qcokg0,2026-01,nzk2wur,Ok-Age-3339,True,8.0,False,,False,7,1768406109,0,536.2,11.0,3888.0,True
AskIndia,1qcokg0,2026-01,nzkicem,Delicious-Ticket6752,True,7.0,False,,False,8,1768410296,0,150.6,11.0,23.0,True
AskIndia,1qcokg0,2026-01,nzjm8ug,Altruistic-Spend-896,True,9.0,True,1.0,False,7,1768401267,0,478.7,33.0,55181.0,True
AskIndia,1qcokg0,2026-01,nznp1yr,Kindly_Region_1407,True,10.0,False,,False,6,1768443825,0,386.4,24.0,-6.0,True
AskIndia,1qcokg0,2026-01,nzjonjl,oddnari,False,,True,2.0,False,4,1768402014,0,5752.0,27.0,1470.0,True
AskIndia,1qcokg0,2026-01,nzjt76k,Gullible_Delivery492,False,,True,5.0,False,4,1768403380,0,752.9,1.0,2660.0,True
AskIndia,1q2tme2,2026-01,nxfh55q,AliveShine,True,1.0,True,1.0,False,384,1767444042,0,2220.9,104.0,1825.0,True
AskIndia,1q2tme2,2026-01,nxfmz9q,KingJohn911,True,2.0,False,,False,347,1767446413,0,914.9,413.0,3630.0,True
AskIndia,1q2tme2,2026-01,nxfltln,Dizzy-Pipe4600,True,3.0,False,,False,159,1767445971,0,,,,
AskIndia,1q2tme2,2026-01,nxfjrxr,Defiant-Animator-500,True,4.0,True,2.0,False,77,1767445156,0,437.3,30.0,993.0,True
AskIndia,1q2tme2,2026-01,nxfnp1u,Hatiyaar,True,5.0,False,,False,40,1767446681,0,,,,
AskIndia,1q2tme2,2026-01,nxfkzah,Strange-Screen-7859,True,6.0,True,5.0,False,36,1767445642,0,,,,
AskIndia,1q2tme2,2026-01,nxfkbdk,ykzi_cool,True,7.0,True,3.0,False,25,1767445375,0,2497.0,166.0,2219.0,True
AskIndia,1q2tme2,2026-01,nxfp9az,NeuMaster369,True,8.0,False,,False,18,1767447258,0,531.6,235.0,77036.0,True
AskIndia,1q2tme2,2026-01,nxgmxkp,PeterQuin,True,9.0,False,,False,15,1767457894,0,3335.0,12060.0,24401.0,True
AskIndia,1q2tme2,2026-01,nxfo9zc,Majestic-Taro-6903,True,10.0,False,,False,14,1767446899,0,259.1,4751.0,1316.0,True
AskIndia,1q2tme2,2026-01,nxfkvy6,theMechannic,False,,True,4.0,False,10,1767445605,0,,,,
AskIndia,1q4ljt8,2026-01,nxthwxw,West-Appeal-6219,True,1.0,False,,False,249,1767622144,0,1580.7,61.0,627.0,True
AskIndia,1q4ljt8,2026-01,nxtckwc,shishiredd,True,2.0,True,4.0,False,141,1767620294,0,1878.5,140.0,131.0,True
AskIndia,1q4ljt8,2026-01,nxtbvta,TribalSoul899,True,3.0,True,2.0,False,83,1767620048,0,883.8,76565.0,207168.0,True
AskIndia,1q4ljt8,2026-01,nxtjlc0,Right-News-3444,True,4.0,False,,False,11,1767622707,0,283.3,1598.0,1732.0,True
AskIndia,1q4ljt8,2026-01,nxtpfsc,Fun-Coffee1509,True,5.0,False,,False,9,1767624611,0,977.7,1.0,711.0,True
AskIndia,1q4ljt8,2026-01,nxts45n,Right-News-3444,True,6.0,False,,False,8,1767625442,0,283.3,1598.0,1732.0,True
AskIndia,1q4ljt8,2026-01,nxtagpb,AliveShine,True,7.0,True,1.0,False,7,1767619536,0,2220.9,104.0,1825.0,True
AskIndia,1q4ljt8,2026-01,nxtcatc,Fuzzy_Proof_3438,True,8.0,True,3.0,False,7,1767620196,0,,,,
AskIndia,1q4ljt8,2026-01,nxumb2r,Conscious-Package192,True,9.0,False,,False,5,1767633986,0,274.8,116.0,4994.0,False
AskIndia,1q4ljt8,2026-01,nxtfobl,Throwaway081920231,True,10.0,True,5.0,False,5,1767621376,0,1021.5,2018.0,6195.0,True
AskIndia,1q83m4w,2026-01,nykhivi,Dumuzzid,True,1.0,False,,False,270,1767951510,0,922.1,2035.0,49207.0,True
AskIndia,1q83m4w,2026-01,nykfrhj,sum_it_kothari,True,2.0,True,2.0,False,128,1767950524,0,2267.7,865.0,19004.0,True
AskIndia,1q83m4w,2026-01,nyklwx1,Appropriate_Garlic,True,3.0,False,,False,94,1767953905,0,2541.9,1083.0,2933.0,True
AskIndia,1q83m4w,2026-01,nykgaub,Ill_Poem_1789,True,4.0,True,4.0,False,80,1767950829,0,353.0,47704.0,95443.0,True
AskIndia,1q83m4w,2026-01,nykfepf,Pitiful-Month-8713,True,5.0,True,1.0,False,57,1767950326,0,,,,
AskIndia,1q83m4w,2026-01,nykh7mj,Special-Bowl-731,True,6.0,True,5.0,False,37,1767951336,0,1040.1,35.0,4383.0,True
AskIndia,1q83m4w,2026-01,nykhg3g,imjustacuteguyuwu,True,7.0,False,,False,32,1767951467,0,173.8,481.0,4732.0,True
AskIndia,1q83m4w,2026-01,nykg3hm,Necromancer189,True,9.0,True,3.0,False,23,1767950713,0,,,,
AskIndia,1q83m4w,2026-01,nykikv5,Electronic_Claim_315,True,8.0,False,,False,24,1767952094,0,669.0,144.0,4203.0,True
AskIndia,1q83m4w,2026-01,nykin34,ispooderman,True,10.0,False,,False,20,1767952127,0,4249.8,38.0,37578.0,True
AskIndia,1qeke63,2026-01,nzy28qh,Human_seller_35,True,1.0,True,4.0,False,336,1768581049,0,140.8,81.0,1071.0,False
AskIndia,1qeke63,2026-01,nzy0seq,SignificantNet3389,True,2.0,True,1.0,False,153,1768580666,0,,,,
AskIndia,1qeke63,2026-01,nzy8rir,ompossible,True,4.0,False,,False,135,1768582768,0,546.7,10768.0,10942.0,True
AskIndia,1qeke63,2026-01,nzy1pxj,cw_et_pulsed,True,3.0,True,3.0,False,136,1768580912,0,300.8,40.0,2993.0,True
AskIndia,1qeke63,2026-01,nzy3b60,changeanator,True,5.0,True,5.0,False,122,1768581333,0,2025.3,240.0,1094.0,True
AskIndia,1qeke63,2026-01,o009fji,NCKS___,True,6.0,False,,False,113,1768602826,0,374.3,1.0,122.0,True
AskIndia,1qeke63,2026-01,nzyjxea,Sachin_afc,True,7.0,False,,False,53,1768585739,0,2016.8,49.0,103.0,True
AskIndia,1qeke63,2026-01,nzy7l8j,sexotaku,True,8.0,False,,False,47,1768582458,0,1827.0,471.0,34265.0,True
AskIndia,1qeke63,2026-01,nzzrpjm,Princess_B_12345,True,9.0,False,,False,44,1768597714,0,820.9,89.0,6600.0,True
AskIndia,1qeke63,2026-01,nzy1luc,Tauri-1274,True,10.0,True,2.0,False,43,1768580882,0,178.0,12895.0,4386.0,True
AskIndia,1qilk9g,2026-01,o0strbc,Old_Contribution_785,True,1.0,False,,False,305,1768970063,0,,,,
AskIndia,1qilk9g,2026-01,o0sd2qp,masterjv81,True,2.0,True,2.0,False,293,1768963853,0,3256.6,1303.0,9216.0,True
AskIndia,1qilk9g,2026-01,o0sutmu,ElectronicReality168,True,3.0,False,,False,204,1768970493,0,,,,
AskIndia,1qilk9g,2026-01,o0slrtt,Dhungna_khali_andhar,True,4.0,False,,False,90,1768966966,0,692.5,1.0,3902.0,False
AskIndia,1qilk9g,2026-01,o0shnwy,Substantial_Royal758,True,6.0,True,5.0,False,69,1768965475,0,,,,
AskIndia,1qilk9g,2026-01,o0sgb8p,masterbaras,True,5.0,True,4.0,False,70,1768964989,0,1568.2,1575.0,909.0,True
AskIndia,1qilk9g,2026-01,o0sews5,PermanentHuSir,True,7.0,True,3.0,False,42,1768964490,0,227.1,69.0,3427.0,True
AskIndia,1qilk9g,2026-01,o0slqnx,CasualMKGamer,True,8.0,False,,False,40,1768966954,0,1683.8,2938.0,8875.0,True
AskIndia,1qilk9g,2026-01,o0skbx2,Soft_Product,True,9.0,False,,False,15,1768966441,0,2049.8,104.0,1787.0,True
AskIndia,1qilk9g,2026-01,o0sngtf,SpaceyDude_,True,10.0,False,,False,12,1768967591,0,1406.0,51.0,72.0,True
AskIndia,1qilk9g,2026-01,o0sau02,Tomthegoatboi,False,,True,1.0,False,11,1768963090,0,,,,
AskIndia,1qn9atv,2026-01,o1s565m,negativepersonme,True,1.0,False,,False,39,1769413410,0,2889.1,46.0,1395.0,True
AskIndia,1qn9atv,2026-01,o1s55uk,The_Sky_Star,True,2.0,False,,False,33,1769413405,0,337.7,30.0,4147.0,True
AskIndia,1qn9atv,2026-01,o1s2f67,Able-Sky6574,True,3.0,True,1.0,False,31,1769412004,0,187.9,312.0,360.0,True
AskIndia,1qn9atv,2026-01,o1sp377,sarcastickubrick,True,4.0,False,,False,8,1769424166,0,2321.8,440.0,3164.0,True
AskIndia,1qn9atv,2026-01,o1s2g7b,New-Youth-4028,True,5.0,True,2.0,False,4,1769412019,0,429.3,635.0,9723.0,True
AskIndia,1qn9atv,2026-01,o1s2zy0,H_a_r_s_h_M,True,6.0,True,3.0,False,4,1769412298,0,807.0,105.0,63.0,True
AskIndia,1qn9atv,2026-01,o1sjkhd,Big-Introduction6720,True,7.0,False,,False,3,1769421201,0,1600.9,1978.0,7687.0,True
AskIndia,1qn9atv,2026-01,o1tiren,SmashStrider,True,8.0,False,,False,3,1769436304,0,2122.1,8136.0,19110.0,True
AskIndia,1qn9atv,2026-01,o1twjcf,Infinitem_247,True,9.0,False,,False,3,1769440391,0,2122.8,3617.0,9700.0,True
AskIndia,1qn9atv,2026-01,o1s3jwz,Fun-Poet5338,True,10.0,True,4.0,False,2,1769412582,0,680.1,1.0,50735.0,True
AskIndia,1qn9atv,2026-01,o1s4tiz,Ecstatic-Sea-8882,False,,True,5.0,False,2,1769413231,0,254.6,1573.0,12126.0,True
AskIndia,1q7jfrp,2026-01,nyfzcz8,Naive-Natural2653,True,1.0,True,2.0,False,434,1767896654,0,645.8,240.0,1249.0,True
AskIndia,1q7jfrp,2026-01,nyg4y73,kibordWarrior_sixty9,True,2.0,False,,False,165,1767898087,0,165.2,2167.0,2113.0,True
AskIndia,1q7jfrp,2026-01,nyg1dtj,Embarrassed-Tower-85,True,3.0,True,3.0,False,62,1767897172,0,1961.3,1.0,335.0,True
AskIndia,1q7jfrp,2026-01,nyg6i79,Wooden_Result1558,True,4.0,False,,False,53,1767898483,0,1690.2,955.0,19607.0,True
AskIndia,1q7jfrp,2026-01,nygv32a,Worldisshit23,True,5.0,False,,False,47,1767905012,0,2556.9,59.0,2039.0,True
AskIndia,1q7jfrp,2026-01,nyg4d7v,Minute-Plankton-4719,True,6.0,True,4.0,False,17,1767897939,0,1482.2,250.0,6112.0,True
AskIndia,1q7jfrp,2026-01,nyfysqi,Master_Jiiraya,True,7.0,True,1.0,False,10,1767896511,0,167.7,1899.0,476.0,True
AskIndia,1q7jfrp,2026-01,nyg7bv0,Assassin_Ninja99,True,8.0,False,,False,9,1767898695,0,2698.0,1158.0,2303.0,True
AskIndia,1q7jfrp,2026-01,nyhltex,Iboughtaboat_,True,9.0,False,,False,8,1767912125,0,1152.4,22.0,142.0,True
AskIndia,1q7jfrp,2026-01,nyidmov,AliveShine,True,10.0,False,,False,7,1767920625,0,2220.9,104.0,1825.0,True
AskIndia,1q7jfrp,2026-01,nyg4h4x,poor_joe62,False,,True,5.0,False,5,1767897967,0,,,,
AskIndia,1qdkie5,2026-01,nzqfpb1,Swimming_Poetry_5128,True,1.0,True,2.0,False,131,1768487742,0,981.6,540.0,4215.0,True
AskIndia,1qdkie5,2026-01,nzqcfxp,chikorita_here,True,2.0,True,1.0,False,126,1768486737,0,687.1,16.0,1053.0,False
AskIndia,1qdkie5,2026-01,nzqfy1i,Ancient_Reach_8925,True,3.0,True,3.0,False,38,1768487817,0,845.7,132.0,1870.0,True
AskIndia,1qdkie5,2026-01,nzs7tx8,Ok_Win_2906,True,4.0,False,,False,33,1768505246,0,,,,
AskIndia,1qdkie5,2026-01,nzrghqn,chaipaani67,True,5.0,False,,False,31,1768497920,0,2525.9,1.0,326.0,True
AskIndia,1qdkie5,2026-01,nzqvdq2,BeginningRoad6256,True,6.0,False,,False,21,1768492228,0,,,,
AskIndia,1qdkie5,2026-01,nzrdiiw,FatherCoconut,True,7.0,False,,False,20,1768497114,0,2112.9,1587.0,3203.0,True
AskIndia,1qdkie5,2026-01,nzs1x6q,Known-Astronomer9765,True,8.0,False,,False,19,1768503630,0,1880.7,7.0,2424.0,True
AskIndia,1qdkie5,2026-01,nzqh286,Randomfast01,False,,True,4.0,False,16,1768488159,0,1112.8,586.0,7051.0,True
AskIndia,1qdkie5,2026-01,nzqypkz,redditu5er,True,9.0,False,,False,18,1768493127,0,5973.6,443.0,6404.0,True
AskIndia,1qdkie5,2026-01,nzqwicn,lucifermorningstar7,True,10.0,False,,False,18,1768492535,0,3504.5,1276.0,3104.0,True
AskIndia,1qdkie5,2026-01,nzqi76l,Chance_Increase_8791,False,,True,5.0,False,9,1768488499,0,,,,
ipl,1qkok8c,2026-01,o188oia,Sidhu0097,True,1.0,True,2.0,False,377,1769172187,0,1858.3,65.0,522.0,True
ipl,1qkok8c,2026-01,o183q8b,FrigatesLaugh,True,2.0,True,1.0,False,294,1769170167,0,1331.2,1037.0,10799.0,True
ipl,1qkok8c,2026-01,o18br6c,lost_boy_14,True,3.0,False,,False,93,1769173342,0,,,,
ipl,1qkok8c,2026-01,o18blep,Halfblood6801,True,4.0,True,4.0,False,42,1769173281,0,1836.9,4372.0,39358.0,True
ipl,1qkok8c,2026-01,o18bn5c,notabhrojtomatowani,True,5.0,True,5.0,False,35,1769173300,0,1579.2,735.0,3035.0,True
ipl,1qkok8c,2026-01,o18ae6h,PM1817,True,6.0,True,3.0,False,33,1769172834,0,,,,
ipl,1qkok8c,2026-01,o18kwq9,itzxsos,True,7.0,False,,False,25,1769176408,0,1167.6,6064.0,7079.0,True
ipl,1qkok8c,2026-01,o18chak,piyush1109,True,8.0,False,,False,24,1769173610,0,2504.7,577.0,13422.0,True
ipl,1qkok8c,2026-01,o18l9nc,No_Effective_6026,True,9.0,False,,False,18,1769176522,0,225.1,7258.0,14642.0,True
ipl,1qkok8c,2026-01,o19j0va,Spiritual-Option530,True,10.0,False,,False,7,1769186195,0,,,,
ipl,1q4fu0m,2026-01,nxsdc0z,PureMobile3874,True,1.0,True,2.0,False,390,1767603400,0,474.9,12982.0,26818.0,True
ipl,1q4fu0m,2026-01,nxshaf4,Key_Grapefruit_5248,True,2.0,False,,False,238,1767605681,0,1037.0,12008.0,102581.0,True
ipl,1q4fu0m,2026-01,nxscukq,Vitaaastaaa,True,3.0,True,1.0,False,148,1767603124,0,173.3,1020.0,7524.0,True
ipl,1q4fu0m,2026-01,nxsduby,nikl_odeon,True,4.0,True,4.0,False,129,1767603690,0,736.0,24067.0,115444.0,True
ipl,1q4fu0m,2026-01,nxsdtdp,RandomKid09,True,5.0,True,3.0,False,79,1767603675,0,1485.3,3151.0,7212.0,True
ipl,1q4fu0m,2026-01,nxsg29t,Medium-Delivery1964,True,6.0,True,5.0,False,70,1767604972,0,1168.3,20.0,2632.0,True
ipl,1q4fu0m,2026-01,nxsknwb,m0nark_,True,7.0,False,,False,18,1767607584,0,2565.0,8711.0,12690.0,True
ipl,1q4fu0m,2026-01,nxsgdk7,PoundAccomplished781,True,8.0,False,,False,14,1767605152,0,661.0,2.0,6884.0,True
ipl,1q4fu0m,2026-01,nxsm0nh,Skyflyer-2,True,9.0,False,,False,13,1767608314,0,216.7,82837.0,12496.0,True
ipl,1q4fu0m,2026-01,ny2ikul,InevitableVast8726,True,10.0,False,,False,7,1767730443,0,506.0,2697.0,140.0,True
ipl,1qom5qq,2026-01,o22uxml,Smooth-Mix-4357,True,1.0,True,1.0,False,84,1769544065,0,1191.8,2980.0,163948.0,True
ipl,1qom5qq,2026-01,o23dmb4,Suitable_Air_2686,True,2.0,True,2.0,False,50,1769549105,0,245.5,59265.0,44718.0,True
ipl,1qom5qq,2026-01,o255pu6,CareerLegitimate7662,True,3.0,True,5.0,False,30,1769568349,0,569.0,15840.0,91668.0,True
ipl,1qom5qq,2026-01,o24wqx5,shit_life_101,True,4.0,True,3.0,False,21,1769565544,0,1035.5,2699.0,1378.0,True
ipl,1qom5qq,2026-01,o25j3z1,popculturalmaniac,True,5.0,False,,False,12,1769572837,0,292.1,25.0,3538.0,True
ipl,1qom5qq,2026-01,o24zzel,Evening-Leading2150,True,6.0,True,4.0,False,6,1769566552,0,1722.4,475.0,9551.0,True
ipl,1qom5qq,2026-01,o28xox5,Frosty-Tale-4599,True,7.0,False,,False,6,1769620512,0,1689.2,4016.0,890.0,True
ipl,1qom5qq,2026-01,o26qjj4,chaosKing4u,True,8.0,False,,False,4,1769593195,0,1559.0,2840.0,11818.0,True
ipl,1qom5qq,2026-01,o25oct4,tera_chachu,True,9.0,False,,False,3,1769574747,0,1114.8,10521.0,192150.0,True
ipl,1qom5qq,2026-01,o26u53o,AdUpstairs5933,True,10.0,False,,False,3,1769595155,0,1819.9,201.0,501.0,True
ipl,1q5hnao,2026-01,ny02ndo,Modi_Porn_Account,True,1.0,True,2.0,False,281,1767705330,0,248.6,109.0,17290.0,True
ipl,1q5hnao,2026-01,ny03btl,Informal_Evidence_85,True,2.0,True,3.0,False,225,1767705568,0,466.5,6103.0,2692.0,True
ipl,1q5hnao,2026-01,ny03c6e,Vitcee1,True,3.0,True,4.0,False,134,1767705571,0,636.4,1857.0,5072.0,True
ipl,1q5hnao,2026-01,ny01t7l,Alone-Wheel2902,True,4.0,True,1.0,False,86,1767705024,0,272.2,54588.0,38070.0,True
ipl,1q5hnao,2026-01,ny0bx08,ABVEMPIRE123,True,5.0,False,,False,22,1767708466,0,168.3,173.0,720.0,True
ipl,1q5hnao,2026-01,ny03q38,Skyflyer-2,True,6.0,True,5.0,False,22,1767705709,0,216.7,82837.0,12496.0,True
ipl,1q5hnao,2026-01,ny0ccqy,Wolfie_3467,True,7.0,False,,False,12,1767708610,0,2041.9,33149.0,157155.0,True
ipl,1q5hnao,2026-01,ny05vvs,Ukwhoiam1272000,True,8.0,False,,False,10,1767706454,0,1718.7,607.0,62909.0,True
ipl,1q5hnao,2026-01,ny0695a,Both_Office9540,True,9.0,False,,False,10,1767706579,0,1399.5,1.0,1048.0,True
ipl,1q5hnao,2026-01,ny1c2e9,nicegrapew,True,10.0,False,,False,6,1767718914,0,399.5,133.0,5234.0,True
ipl,1qdbjsb,2026-01,nzonaqg,Spiritual-Tale-1098,True,1.0,True,2.0,False,85,1768457596,0,749.9,442.0,547.0,True
ipl,1qdbjsb,2026-01,nzoq4l3,SuperannuationLawyer,True,2.0,True,3.0,False,75,1768459017,0,2077.0,991.0,75534.0,True
ipl,1qdbjsb,2026-01,o0ej013,always_thinking23,True,3.0,False,,False,1,1768788682,0,1364.3,265.0,808.0,True
ipl,1qdbjsb,2026-01,nzvnblb,ProfessionalDingo776,True,4.0,True,5.0,False,0,1768546382,0,142.4,7.0,0.0,True
ipl,1qdbjsb,2026-01,nzox64s,Vast-Grapefruit-6464,True,5.0,True,4.0,False,-17,1768462744,0,737.4,527.0,14984.0,True
ipl,1qdbjsb,2026-01,nzon55y,Ok_Worth4113,True,6.0,True,1.0,False,-72,1768457520,0,1259.6,94.0,16530.0,True
ipl,1qgxy9e,2026-01,o0g08eu,Ok-Question-5858,True,1.0,True,2.0,False,425,1768811071,0,1603.1,520.0,3623.0,True
ipl,1qgxy9e,2026-01,o0g01a0,Abhay_don,True,2.0,True,1.0,False,278,1768810961,0,1568.6,1.0,662.0,True
ipl,1qgxy9e,2026-01,o0g0l04,FanithApp,True,3.0,True,3.0,False,228,1768811265,0,194.0,109.0,902.0,True
ipl,1qgxy9e,2026-01,o0g27bu,randomonredditji,True,4.0,True,4.0,False,147,1768812179,0,881.2,2082.0,5626.0,True
ipl,1qgxy9e,2026-01,o0g39w9,Sonderous_strife,True,5.0,False,,False,106,1768812785,0,216.8,394.0,36935.0,True
ipl,1qgxy9e,2026-01,o0goocr,Smooth-Mix-4357,True,6.0,False,,False,52,1768824381,0,1191.8,2980.0,163948.0,True
ipl,1qgxy9e,2026-01,o0ggk9z,Axel-Pizza-Lover,True,7.0,False,,False,44,1768820246,0,1332.5,1.0,24454.0,True
ipl,1qgxy9e,2026-01,o0g3bs2,PesAddict8,True,8.0,False,,False,37,1768812814,0,2932.0,34022.0,139635.0,True
ipl,1qgxy9e,2026-01,o0g59xd,Select_Error_654,True,9.0,False,,False,25,1768813921,0,1503.7,1225.0,474.0,True
ipl,1qgxy9e,2026-01,o0g9gcc,Informal_Writing2820,True,10.0,False,,False,23,1768816322,0,189.3,6.0,768.0,False
ipl,1qgxy9e,2026-01,o0g2zwp,vjwrites02,False,,True,5.0,False,13,1768812627,0,368.1,160.0,9202.0,True
ipl,1q4d0sk,2026-01,nxrsig3,FRPG,True,1.0,True,3.0,False,198,1767592419,0,2545.7,1831.0,33896.0,True
ipl,1q4d0sk,2026-01,nxrsb9w,Key_Grapefruit_5248,True,2.0,True,1.0,False,161,1767592328,0,1037.0,12008.0,102581.0,True
ipl,1q4d0sk,2026-01,nxrse94,Interesting-Town-251,True,3.0,True,2.0,False,59,1767592366,0,655.1,1660.0,6652.0,True
ipl,1q4d0sk,2026-01,nxrzqew,ka_me_haa_mee_haaa,True,4.0,True,5.0,False,24,1767595942,0,307.8,1.0,19657.0,False
ipl,1q4d0sk,2026-01,nxryzca,National_Dependent63,True,5.0,True,4.0,False,17,1767595562,0,1173.2,1.0,122.0,True
ipl,1q4d0sk,2026-01,nxs2b5p,Byte-Sized-,True,6.0,False,,False,7,1767597265,0,294.3,220.0,844.0,True
ipl,1q4d0sk,2026-01,nxtavjd,stoned_experiences,True,7.0,False,,False,7,1767619686,0,868.3,322.0,33322.0,False
ipl,1q4d0sk,2026-01,nxst8qa,Icy-Cicada508,True,8.0,False,,False,4,1767612071,0,1813.7,1217.0,10793.0,True
ipl,1q4d0sk,2026-01,nxxbx1p,YTRajan,True,9.0,False,,False,3,1767662092,0,3262.5,773.0,9526.0,True
ipl,1q4d0sk,2026-01,nxs2wb2,FanithApp,True,10.0,False,,False,1,1767597578,0,194.0,109.0,902.0,True
ipl,1qn5q8p,2026-01,o1rknk6,Plane-Lie-5228,True,1.0,True,2.0,False,593,1769403946,0,1978.8,9415.0,131264.0,True
ipl,1qn5q8p,2026-01,o1rl9zs,Vast-Grapefruit-6464,True,2.0,True,4.0,False,257,1769404199,0,737.4,527.0,14984.0,True
ipl,1qn5q8p,2026-01,o1rkeuh,_imporwal,True,3.0,True,1.0,False,242,1769403849,0,2512.8,251.0,1472.0,True
ipl,1qn5q8p,2026-01,o1rn5vm,AdLumpy6929,True,4.0,True,5.0,False,148,1769404973,0,2070.8,7582.0,2335.0,True
ipl,1qn5q8p,2026-01,o1rl655,NewBus1264,True,5.0,True,3.0,False,69,1769404156,0,1886.6,9.0,1589.0,True
ipl,1qn5q8p,2026-01,o1rqpzy,Objective_Grand_2235,True,6.0,False,,False,53,1769406491,0,938.8,1246.0,2053.0,True
ipl,1qn5q8p,2026-01,o1s0gqm,dabc2856,True,7.0,False,,False,47,1769411030,0,1529.2,1.0,417.0,True
ipl,1qn5q8p,2026-01,o1rnycs,Lancysteel,True,8.0,False,,False,34,1769405302,0,2139.7,4.0,1242.0,True
ipl,1qn5q8p,2026-01,o1ryvkg,Fragrant_Actuary_162,True,9.0,False,,False,20,1769410267,0,,,,
ipl,1qn5q8p,2026-01,o1s0e7p,ProfessionalBasic374,True,10.0,False,,False,6,1769410996,0,1959.4,1.0,4129.0,True
ipl,1q2ol4s,2026-01,nxeihn1,FewHeron9746,True,1.0,True,3.0,False,220,1767426588,0,822.2,386.0,10551.0,True
ipl,1q2ol4s,2026-01,nxei4ht,Altruistic_Sir,True,2.0,True,2.0,False,184,1767426403,0,2706.3,507.0,5784.0,True
ipl,1q2ol4s,2026-01,nxeixb5,Amazing_Middle_7586,True,3.0,True,4.0,False,171,1767426814,0,817.8,1754.0,45293.0,True
ipl,1q2ol4s,2026-01,nxeyagd,Godsenttt,True,4.0,False,,False,148,1767434797,0,2016.1,14620.0,91514.0,True
ipl,1q2ol4s,2026-01,nxehyix,orange_b0i,True,5.0,True,1.0,False,42,1767426317,0,323.8,462.0,8266.0,True
ipl,1q2ol4s,2026-01,nxeone7,Assassin_Ankur,True,6.0,False,,False,28,1767429787,0,2104.1,12168.0,307285.0,True
ipl,1q2ol4s,2026-01,nxeolmq,Huge-Physics5491,True,7.0,True,5.0,False,19,1767429762,0,1556.2,21292.0,285368.0,True
ipl,1q2ol4s,2026-01,nxfhvhy,Classic_Following914,True,8.0,False,,False,7,1767444361,0,1133.9,1.0,91.0,True
ipl,1q2ol4s,2026-01,nxfg76e,stoned_experiences,True,9.0,False,,False,5,1767443622,0,868.3,322.0,33322.0,False
ipl,1q2ol4s,2026-01,nxexc94,Early_Advice_8133,True,10.0,False,,False,5,1767434321,0,1948.1,254.0,4623.0,True
ipl,1q9827e,2026-01,nytbokr,KazumaSatouDesu,True,1.0,False,,False,267,1768064597,0,330.1,2753.0,9304.0,False
ipl,1q9827e,2026-01,nytbenv,Your78Ranger,True,2.0,False,,False,248,1768064516,0,497.9,5484.0,26369.0,True
ipl,1q9827e,2026-01,nyt7k9m,27Suyash,True,3.0,True,2.0,False,113,1768063428,0,1436.8,15058.0,131301.0,True
ipl,1q9827e,2026-01,nyt98ui,aryannnn_236,True,4.0,True,4.0,False,51,1768063902,0,635.1,11122.0,86460.0,True
ipl,1q9827e,2026-01,nyt4w36,QueasyAdvertising173,True,5.0,True,1.0,False,40,1768062674,0,1555.1,6446.0,192838.0,True
ipl,1q9827e,2026-01,nytfr4g,Casual_Scroller_00,True,6.0,False,,False,26,1768065769,0,883.1,830.0,85181.0,True
ipl,1q9827e,2026-01,nytnuyo,SubstantialAct4212,True,7.0,False,,False,23,1768068078,0,804.3,960.0,100385.0,False
ipl,1q9827e,2026-01,nyt7mh6,hacker_hacked05,True,8.0,True,3.0,False,20,1768063445,0,893.4,1.0,273.0,True
ipl,1q9827e,2026-01,nytazif,Bangers_n_Mashallah,True,9.0,True,5.0,False,8,1768064396,0,462.2,688.0,163151.0,True
ipl,1q9827e,2026-01,nytlzf0,Human-Witness-9154,True,10.0,False,,False,3,1768067552,0,277.9,7122.0,23575.0,True
IndiaTech,1q9wa3l,2026-01,nyya84y,Sad_Pause_1417,True,1.0,True,1.0,False,695,1768128036,0,1196.4,51.0,3090.0,True
IndiaTech,1q9wa3l,2026-01,nyyalyf,AnyArcher252,True,2.0,True,3.0,False,570,1768128245,0,1209.2,737.0,6229.0,True
IndiaTech,1q9wa3l,2026-01,nyyd6oy,Torqyboi,True,3.0,False,,False,225,1768129648,0,2068.1,64841.0,152718.0,True
IndiaTech,1q9wa3l,2026-01,nyyb4ft,Hairy_Memory6232,True,4.0,True,4.0,False,95,1768128525,0,,,,
IndiaTech,1q9wa3l,2026-01,nyyde2t,GamerSammy2021,True,5.0,False,,False,88,1768129761,0,1949.3,8105.0,8803.0,True
IndiaTech,1q9wa3l,2026-01,nyyabsj,binit_1208,True,6.0,True,2.0,True,35,1768128090,0,223.8,7075.0,909.0,True
IndiaTech,1q9wa3l,2026-01,nyycpx5,Axel_Blazer,True,7.0,True,5.0,False,26,1768129393,0,2195.0,368966.0,37637.0,True
IndiaTech,1q9wa3l,2026-01,nyydiqb,HopiumInhaler,True,8.0,False,,False,19,1768129831,0,1064.2,4157.0,35268.0,True
IndiaTech,1q9wa3l,2026-01,nyydrx8,nefrodectyl,True,9.0,False,,False,15,1768129972,0,2806.7,649.0,11058.0,False
IndiaTech,1q9wa3l,2026-01,nyyjh8s,Junior-Rooster-8439,True,10.0,False,,False,6,1768132971,0,181.2,26.0,132.0,True
IndiaTech,1q3ulgw,2026-01,nxnh6i2,Fast-Current1396,True,1.0,False,,False,635,1767545578,0,581.3,67.0,534.0,True
IndiaTech,1q3ulgw,2026-01,nxnf9iq,ivanrj7j,True,2.0,True,1.0,False,202,1767545050,0,2191.9,77168.0,24990.0,True
IndiaTech,1q3ulgw,2026-01,nxngnp5,nitin_is_me,True,3.0,True,4.0,False,199,1767545435,0,1311.0,54680.0,15320.0,True
IndiaTech,1q3ulgw,2026-01,nxnhw2t,Spirited-Fan8558,True,4.0,False,,False,93,1767545772,0,783.9,5880.0,18221.0,True
IndiaTech,1q3ulgw,2026-01,nxngj12,nitin_is_me,True,5.0,True,2.0,False,82,1767545400,0,1311.0,54680.0,15320.0,True
IndiaTech,1q3ulgw,2026-01,nxngymn,Total_Masterpiece952,True,6.0,False,,False,65,1767545519,0,,,,
IndiaTech,1q3ulgw,2026-01,nxnibqp,Business-Fold1731,True,7.0,False,,False,46,1767545891,0,1693.9,461.0,1645.0,True
IndiaTech,1q3ulgw,2026-01,nxni7ai,Previous-Elephant626,True,8.0,False,,False,32,1767545857,0,,,,
IndiaTech,1q3ulgw,2026-01,nxni098,No-Advantage-9032,True,9.0,False,,False,18,1767545804,0,492.1,1.0,3120.0,True
IndiaTech,1q3ulgw,2026-01,nxni1so,Doranathbhakt,True,10.0,False,,False,16,1767545815,0,301.8,23511.0,17558.0,True
IndiaTech,1q3ulgw,2026-01,nxngw1m,UchihaItachi70,False,,True,5.0,False,14,1767545499,0,1867.6,592.0,3519.0,True
IndiaTech,1q3ulgw,2026-01,nxngmag,QuantumBreadcrumbs27,False,,True,3.0,False,8,1767545425,0,218.9,72.0,2176.0,True
IndiaTech,1qcipma,2026-01,nzie9rl,FarFaithlessness5693,True,1.0,True,1.0,False,252,1768382230,0,493.1,2944.0,3966.0,True
IndiaTech,1qcipma,2026-01,nzimo1b,JawkneeJyoshtar,True,2.0,False,,False,126,1768387010,0,166.0,1636.0,24476.0,True
IndiaTech,1qcipma,2026-01,nzik3dn,Head_Ad7598,True,3.0,False,,False,6,1768385596,0,,,,
IndiaTech,1qcipma,2026-01,nzifeia,pravenn_may,True,5.0,True,3.0,False,5,1768382895,0,1831.1,1569.0,25544.0,True
IndiaTech,1qcipma,2026-01,nzigv1o,Ok_Diver_8822,True,4.0,True,4.0,False,6,1768383740,0,287.2,2803.0,6611.0,True
IndiaTech,1qcipma,2026-01,nzinxsj,Strict-Astronaut-144,True,6.0,False,,False,5,1768387685,0,159.7,107.0,1292.0,True
IndiaTech,1qcipma,2026-01,nzj0ggc,Itachi12Uchiha,True,7.0,False,,False,4,1768393624,0,1770.2,14967.0,2944.0,True
IndiaTech,1qcipma,2026-01,nziey2d,Midoriya_izuku_Ultra,True,8.0,True,2.0,False,3,1768382624,0,1778.7,152261.0,32717.0,True
IndiaTech,1qcipma,2026-01,nzj25l6,Doctor_Ka_Kutta,True,9.0,False,,False,2,1768394329,0,854.2,5903.0,24595.0,True
IndiaTech,1qcipma,2026-01,nziikcy,fuzzywealth29,True,10.0,True,5.0,False,1,1768384722,0,236.8,1369.0,2889.0,True
IndiaTech,1qlp80m,2026-01,o1fq238,HopiumInhaler,True,1.0,True,4.0,False,1298,1769267541,0,1064.2,4157.0,35268.0,True
IndiaTech,1qlp80m,2026-01,o1fpcme,sachin_root,True,2.0,True,3.0,False,302,1769267325,0,1458.3,6041.0,110767.0,True
IndiaTech,1qlp80m,2026-01,o1fryae,nitrek,True,3.0,False,,False,102,1769268110,0,4293.7,6296.0,16670.0,True
IndiaTech,1qlp80m,2026-01,o1fpcie,unpleasant_enpassant,True,4.0,True,2.0,False,64,1769267324,0,763.8,1.0,11990.0,True
IndiaTech,1qlp80m,2026-01,o1fuady,randomdudelife,True,5.0,False,,False,56,1769268795,0,1187.8,2.0,325.0,True
IndiaTech,1qlp80m,2026-01,o1fzmz2,A_BAK3D_POTATO,True,7.0,False,,False,15,1769270306,0,2003.0,11897.0,23376.0,True
IndiaTech,1qlp80m,2026-01,o1fs72a,Pisaachi,True,6.0,False,,False,17,1769268183,0,,,,
IndiaTech,1qlp80m,2026-01,o1fpbe6,registrartulip,True,8.0,True,1.0,False,14,1769267315,0,335.0,1496.0,2431.0,True
IndiaTech,1qlp80m,2026-01,o1fr0tc,-Space_Monkey-,True,9.0,False,,False,8,1769267831,0,1576.8,19241.0,22631.0,True
IndiaTech,1qlp80m,2026-01,o1fqq0p,lavangamm,True,10.0,True,5.0,False,4,1769267742,0,229.2,2565.0,9339.0,True
IndiaTech,1qkr757,2026-01,o18m1tf,Potential-Rest-6201,True,1.0,True,3.0,False,263,1769176765,0,582.8,12.0,9091.0,True
IndiaTech,1qkr757,2026-01,o18leb6,Redthebird_2255,True,2.0,True,1.0,False,97,1769176561,0,1192.4,11331.0,71508.0,True
IndiaTech,1qkr757,2026-01,o1983h0,put_in_my_ass,True,3.0,False,,False,90,1769183257,0,,,,
IndiaTech,1qkr757,2026-01,o18p92z,aryanpote7,True,4.0,True,5.0,False,37,1769177762,0,539.9,134288.0,10455.0,True
IndiaTech,1qkr757,2026-01,o18xrvh,KatanaSwipe,True,5.0,False,,False,20,1769180342,0,247.5,4.0,4612.0,True
IndiaTech,1qkr757,2026-01,o18ljhb,Lower-Piccolo-9286,True,6.0,True,2.0,False,19,1769176606,0,190.7,1042.0,227.0,False
IndiaTech,1qkr757,2026-01,o18tcg0,M_Bappu,True,7.0,False,,False,14,1769179018,0,,,,
IndiaTech,1qkr757,2026-01,o19772l,notureusual,True,8.0,False,,False,10,1769183012,0,329.1,41.0,162.0,True
IndiaTech,1qkr757,2026-01,o18to9v,zororororororororo,True,9.0,False,,False,8,1769179118,0,1385.3,7.0,2185.0,True
IndiaTech,1qkr757,2026-01,o1a5prm,lucidswordfish,True,10.0,False,,False,6,1769192397,0,301.6,1.0,450.0,True
IndiaTech,1qkr757,2026-01,o18nw1y,Routine-Band-9250,False,,True,4.0,False,4,1769177345,0,998.2,692.0,7877.0,True
IndiaTech,1q2v1mm,2026-01,nxft9dm,roughstrider,True,1.0,True,3.0,False,108,1767448686,0,558.3,19085.0,13786.0,True
IndiaTech,1q2v1mm,2026-01,nxfrquo,haldiii4o,True,2.0,True,1.0,False,87,1767448151,0,,,,
IndiaTech,1q2v1mm,2026-01,nxfsifl,Temporary-Photo-4709,True,3.0,True,2.0,False,48,1767448420,0,885.1,255.0,220.0,True
IndiaTech,1q2v1mm,2026-01,nxfu1kl,TimeTurn5266,True,4.0,True,4.0,False,40,1767448965,0,614.8,464.0,3392.0,True
IndiaTech,1q2v1mm,2026-01,nxfulaj,Itzz_D4rk,True,5.0,True,5.0,False,35,1767449151,0,238.0,151.0,3350.0,True
IndiaTech,1q2v1mm,2026-01,nxfx3g4,Khub_baje,True,6.0,False,,False,11,1767450015,0,189.7,1513.0,4794.0,True
IndiaTech,1q2v1mm,2026-01,nxg00cq,Express-World-8473,True,7.0,False,,False,6,1767450998,0,,,,
IndiaTech,1q2v1mm,2026-01,nxgagn3,Hefty-Bus-3439,True,8.0,False,,False,2,1767454288,0,1510.7,38833.0,8699.0,True
IndiaTech,1q2v1mm,2026-01,nxfv6hl,Environmental-Let937,True,9.0,False,,False,1,1767449356,0,1249.7,205.0,432.0,True
IndiaTech,1q2v1mm,2026-01,nxg3jur,Careful_Young112,True,10.0,False,,False,1,1767452152,0,481.7,101.0,935.0,True
IndiaTech,1qo5sk6,2026-01,o1yxmjy,Longjumping-March-80,True,1.0,True,1.0,False,213,1769494134,0,1890.9,1565.0,13165.0,True
IndiaTech,1qo5sk6,2026-01,o1z12yc,Aura__Farmer,True,2.0,True,4.0,False,108,1769495788,0,442.3,1.0,168.0,True
IndiaTech,1qo5sk6,2026-01,o1z0fbi,Its_Pikachu_Piyu,True,3.0,True,3.0,False,93,1769495469,0,1894.0,67.0,2894.0,True
IndiaTech,1qo5sk6,2026-01,o1ze2g2,new_main_character,True,4.0,False,,False,58,1769502571,0,1179.3,3680.0,37351.0,True
IndiaTech,1qo5sk6,2026-01,o1z3xl8,saurabhmandy,True,5.0,True,5.0,False,47,1769497192,0,3408.8,264.0,172.0,True
IndiaTech,1qo5sk6,2026-01,o1yyqqn,psynyde27,True,6.0,True,2.0,False,44,1769494659,0,721.2,1025.0,4197.0,True
IndiaTech,1qo5sk6,2026-01,o1ze33w,AcenesTolstoy,True,9.0,False,,False,20,1769502581,0,624.7,2.0,425.0,True
IndiaTech,1qo5sk6,2026-01,o1zetbs,swap_daniels,True,8.0,False,,False,21,1769502993,0,3474.4,187.0,1776.0,True
IndiaTech,1qo5sk6,2026-01,o1z5lma,Hav0c_R,True,7.0,False,,False,22,1769498023,0,238.7,770.0,3937.0,True
IndiaTech,1qo5sk6,2026-01,o1z5ti2,sakthisuba,True,10.0,False,,False,14,1769498134,0,2222.9,163.0,937.0,True
IndiaTech,1q2jvv9,2026-01,nxdnhw9,BitterAd6419,True,1.0,True,4.0,False,580,1767412577,0,1471.6,2680.0,76731.0,True
IndiaTech,1q2jvv9,2026-01,nxdl5xp,Spoidy911,True,2.0,True,1.0,False,453,1767411703,0,1965.2,540.0,2260.0,True
IndiaTech,1q2jvv9,2026-01,nxdo09n,vitrum_analytika,True,3.0,True,5.0,False,137,1767412769,0,194.6,2402.0,18927.0,True
IndiaTech,1q2jvv9,2026-01,nxdm1wp,mrshadow747,True,4.0,True,2.0,False,54,1767412037,0,1851.3,88.0,547.0,True
IndiaTech,1q2jvv9,2026-01,nxdmfbd,srijayaharsha,True,5.0,True,3.0,False,32,1767412175,0,1781.0,1.0,171.0,True
IndiaTech,1q2jvv9,2026-01,nxdxdw0,--celestial--,True,6.0,False,,False,16,1767416486,0,752.4,13631.0,15893.0,True
IndiaTech,1q2jvv9,2026-01,nxducq7,ObjectiveWolverine37,True,7.0,False,,False,11,1767415255,0,1720.2,7955.0,5198.0,True
IndiaTech,1q2jvv9,2026-01,nxdpgwe,a_friendly_cheetah_,True,8.0,False,,False,8,1767413323,0,2208.8,2629.0,6642.0,True
IndiaTech,1q2jvv9,2026-01,nxdrjjr,Novel-Feed6796,True,9.0,False,,False,8,1767414126,0,505.0,14277.0,46820.0,True
IndiaTech,1q2jvv9,2026-01,nxdx3mj,indian_boy786,True,10.0,False,,False,6,1767416369,0,3021.3,68725.0,21036.0,True
IndiaTech,1qf81jg,2026-01,o02pumz,DrivePossible8993,True,1.0,True,1.0,False,844,1768639083,0,403.9,7137.0,8661.0,True
IndiaTech,1qf81jg,2026-01,o02t3ge,evilhabibi,True,2.0,False,,False,230,1768640918,0,404.5,342.0,955.0,True
IndiaTech,1qf81jg,2026-01,o02qkw2,basic-x,True,3.0,True,2.0,False,185,1768639490,0,2145.0,1.0,3931.0,True
IndiaTech,1qf81jg,2026-01,o02qlcz,hehara_yi_cha_jayez,True,4.0,True,3.0,False,115,1768639498,0,418.6,20898.0,2778.0,True
IndiaTech,1qf81jg,2026-01,o02rb7v,aresxio_,True,5.0,True,4.0,False,45,1768639900,0,163.9,3084.0,6424.0,True
IndiaTech,1qf81jg,2026-01,o02tk20,vinrare7,True,6.0,False,,False,22,1768641177,0,2288.7,989.0,909.0,True
IndiaTech,1qf81jg,2026-01,o02swvo,Prime_Twister,True,7.0,True,5.0,False,13,1768640812,0,1888.8,59295.0,24146.0,True
IndiaTech,1qf81jg,2026-01,o02t955,howzerrr,True,8.0,False,,False,8,1768641008,0,2177.4,104.0,146.0,True
IndiaTech,1qf81jg,2026-01,o02twln,decayp33,True,9.0,False,,False,8,1768641374,0,690.1,153.0,152.0,False
IndiaTech,1qf81jg,2026-01,o03rc6u,kinoguy7,True,10.0,False,,False,3,1768657728,0,412.0,2280.0,14796.0,True
IndiaTech,1qjte1z,2026-01,o11dspu,HateBoredom,True,1.0,False,,False,269,1769086339,0,1443.3,15312.0,13010.0,True
IndiaTech,1qjte1z,2026-01,o11d0u1,hudi_baba,True,2.0,True,4.0,False,232,1769086042,0,2226.2,21170.0,144936.0,True
IndiaTech,1qjte1z,2026-01,o11cs5v,PrestigeFlight2022,True,3.0,True,3.0,False,121,1769085949,0,1007.3,541.0,3376.0,True
IndiaTech,1qjte1z,2026-01,o11dhgd,BullfrogMinute8468,True,4.0,False,,False,46,1769086218,0,371.9,1372.0,1538.0,True
IndiaTech,1qjte1z,2026-01,o11g53x,Mobile-Shower6651,True,5.0,False,,False,29,1769087200,0,1778.3,6299.0,8819.0,True
IndiaTech,1qjte1z,2026-01,o11c0s8,Jaldevta,True,6.0,True,2.0,False,29,1769085656,0,217.1,52099.0,5736.0,True
IndiaTech,1qjte1z,2026-01,o11d16g,Appropriate_Bison746,True,8.0,True,5.0,False,16,1769086045,0,1455.1,400.0,2835.0,True
IndiaTech,1qjte1z,2026-01,o11bh2j,Expert_Classic9997,True,7.0,True,1.0,False,18,1769085439,0,169.2,57736.0,1968.0,True
IndiaTech,1qjte1z,2026-01,o11mw6l,spinshow,True,9.0,False,,False,14,1769089477,0,2517.0,1870.0,1473.0,True
IndiaTech,1qjte1z,2026-01,o11nn1v,kaam_chahiye_kaam,True,10.0,False,,False,13,1769089717,0,826.0,2.0,150.0,False
IndianGaming,1qapgya,2026-01,nz4p5km,DiscoverFalsee,True,1.0,True,2.0,False,548,1768206496,0,351.3,8652.0,4372.0,True
IndianGaming,1qapgya,2026-01,nz4p58w,Timely-Film-1841,True,2.0,True,1.0,False,332,1768206491,0,,,,
IndianGaming,1qapgya,2026-01,nz4qg6s,z3r0_se7en,True,3.0,False,,False,225,1768207243,0,2271.3,20640.0,17488.0,True
IndianGaming,1qapgya,2026-01,nz4pog1,TheThinkerers,True,4.0,True,4.0,False,40,1768206798,0,2161.8,1921.0,120579.0,True
IndianGaming,1qapgya,2026-01,nz4pfyh,Ace-TheTrickster,True,5.0,True,3.0,False,37,1768206662,0,2166.3,222.0,8033.0,True
IndianGaming,1qapgya,2026-01,nz4qa6i,rrevvv,True,6.0,True,5.0,False,16,1768207146,0,1972.0,503.0,4551.0,True
IndianGaming,1qapgya,2026-01,nz4r3qn,Alcides2300,True,8.0,False,,False,8,1768207615,0,2074.3,2630.0,23295.0,True
IndianGaming,1qapgya,2026-01,nz4qmb5,GaryVantage,True,7.0,False,,False,9,1768207342,0,705.5,5007.0,37797.0,True
IndianGaming,1qapgya,2026-01,nz4wrw8,Itz_Kanashii,True,9.0,False,,False,6,1768210941,0,832.4,1388.0,1181.0,True
IndianGaming,1qapgya,2026-01,nz4rjtd,Most-Witness-4257,True,10.0,False,,False,4,1768207869,0,357.0,1.0,12.0,True
IndianGaming,1q3ulmc,2026-01,nxnfj7f,Infernergopu,True,1.0,True,1.0,False,116,1767545124,0,212.2,12.0,648.0,True
IndianGaming,1q3ulmc,2026-01,nxnhjxy,Asleep_Garlic_7183,True,2.0,False,,False,87,1767545680,0,1781.1,845.0,2980.0,True
IndianGaming,1q3ulmc,2026-01,nxnhfcs,Jealous-Beautiful599,True,3.0,False,,False,57,1767545646,0,1859.1,1526.0,4326.0,True
IndianGaming,1q3ulmc,2026-01,nxnh0mn,Abinash_Behera,True,4.0,False,,False,29,1767545534,0,2060.7,4.0,5097.0,True
IndianGaming,1q3ulmc,2026-01,nxngq7c,MOHAN_OTAKU,True,7.0,False,,False,20,1767545454,0,1409.2,23.0,36.0,True
IndianGaming,1q3ulmc,2026-01,nxnhcnz,Famous_Falcon_5539,True,6.0,False,,False,23,1767545625,0,1021.7,424.0,286.0,True
IndianGaming,1q3ulmc,2026-01,nxnj0ug,Due-Today-9182,True,5.0,False,,False,24,1767546082,0,1263.3,3588.0,4958.0,True
IndianGaming,1q3ulmc,2026-01,nxnfntr,Educational_Sand_383,True,8.0,True,2.0,False,17,1767545160,0,,,,
IndianGaming,1q3ulmc,2026-01,nxngjh8,cameogtricky,True,9.0,True,5.0,False,15,1767545404,0,2784.8,5096.0,2086.0,True
IndianGaming,1q3ulmc,2026-01,nxngvj7,TheHood02,True,10.0,False,,False,12,1767545495,0,2481.1,494.0,4468.0,True
IndianGaming,1q3ulmc,2026-01,nxnfyi6,Prestigious-Face-391,False,,True,3.0,False,7,1767545242,0,2034.2,1428.0,73.0,True
IndianGaming,1q3ulmc,2026-01,nxng0zm,naancha1ant,False,,True,4.0,False,8,1767545261,0,167.6,155.0,81.0,True
IndianGaming,1qqwsbl,2026-01,o2jxtj0,Top_Tension_8777,True,1.0,True,2.0,False,150,1769751483,0,947.7,810.0,2054.0,True
IndianGaming,1qqwsbl,2026-01,o2jy0qv,Apprehensive_Work_10,True,2.0,True,3.0,False,92,1769751572,0,2157.1,19442.0,40964.0,True
IndianGaming,1qqwsbl,2026-01,o2jxdpm,Immediate-Stay6439,True,3.0,True,1.0,False,44,1769751287,0,433.3,5.0,28272.0,True
IndianGaming,1qqwsbl,2026-01,o2k0uit,Intrepid_Courage8323,True,4.0,False,,False,42,1769752836,0,1686.9,1130.0,596.0,True
IndianGaming,1qqwsbl,2026-01,o2jz5oi,Boy7628,True,5.0,True,4.0,False,36,1769752070,0,1279.5,1.0,729.0,True
IndianGaming,1qqwsbl,2026-01,o2k19a2,ALGORYTHM01,True,6.0,False,,False,22,1769753027,0,2170.7,2091.0,6917.0,True
IndianGaming,1qqwsbl,2026-01,o2jzoql,Sufficient-Ad8825,True,7.0,True,5.0,False,14,1769752306,0,2116.9,21219.0,40311.0,True
IndianGaming,1qqwsbl,2026-01,o2k3uce,Socially_Dead_JB_285,True,8.0,False,,False,8,1769754248,0,481.2,522.0,4754.0,True
IndianGaming,1qqwsbl,2026-01,o2k0d1d,Independent_Blood559,True,9.0,False,,False,6,1769752613,0,1188.3,78.0,469.0,True
IndianGaming,1qqwsbl,2026-01,o2k30ob,GiteshS9100,True,10.0,False,,False,3,1769753856,0,926.2,348.0,10017.0,True
IndianGaming,1q3kms1,2026-01,nxldyfg,weblabourer,True,1.0,True,1.0,False,604,1767515161,0,2229.2,84.0,18815.0,True
IndianGaming,1q3kms1,2026-01,nxlex1i,FitCelebration1131,True,2.0,True,3.0,False,133,1767515688,0,1168.4,11939.0,4157.0,True
IndianGaming,1q3kms1,2026-01,nxlhhc6,Iexperience,True,3.0,False,,False,121,1767517088,0,4071.9,20938.0,29272.0,True
IndianGaming,1q3kms1,2026-01,nxleeht,Kind_Bid_5750,True,4.0,True,2.0,False,109,1767515405,0,1807.7,51.0,256.0,True
IndianGaming,1q3kms1,2026-01,nxlgkv9,sidequest7,True,5.0,False,,False,37,1767516596,0,2120.7,1116.0,24805.0,True
IndianGaming,1q3kms1,2026-01,nxlhfql,dennisbgi7,True,6.0,False,,False,17,1767517065,0,2348.0,36692.0,3919.0,True
IndianGaming,1q3kms1,2026-01,nxlfjm6,NoTransportation6817,True,7.0,True,4.0,False,11,1767516034,0,774.7,4396.0,3567.0,True
IndianGaming,1q3kms1,2026-01,nxlorat,FoxRaptix,True,8.0,False,,False,7,1767521061,0,4829.6,2712.0,234014.0,True
IndianGaming,1q3kms1,2026-01,nxlqu3p,Mitir01,True,9.0,False,,False,6,1767522179,0,2773.0,972.0,56159.0,True
IndianGaming,1q3kms1,2026-01,nxljkal,sidequest7,True,10.0,False,,False,6,1767518223,0,2120.7,1116.0,24805.0,True
IndianGaming,1q3kms1,2026-01,nxlgf18,rents17,False,,True,5.0,False,4,1767516507,0,4265.3,3218.0,10935.0,True
IndianGaming,1qnp2ts,2026-01,o1vhj8i,callsignk0z4k,True,1.0,True,2.0,False,102,1769455081,0,2438.0,9100.0,4246.0,True
IndianGaming,1qnp2ts,2026-01,o1vehiw,Rachit_Tanwar,True,2.0,True,1.0,False,42,1769454303,0,2208.2,10802.0,19129.0,True
IndianGaming,1qnp2ts,2026-01,o1ygjzi,Arpitsharan,True,3.0,True,5.0,False,36,1769487035,0,1868.2,506.0,308.0,True
IndianGaming,1qnp2ts,2026-01,o1x72fl,Soulfire096,True,4.0,True,3.0,False,14,1769472084,0,2109.1,186.0,2336.0,True
IndianGaming,1qnp2ts,2026-01,o1xmp3r,sh-3k,True,5.0,True,4.0,False,1,1769476963,0,,,,
IndianGaming,1qnp2ts,2026-01,o1ylkvu,MuteDoc,True,6.0,False,,False,1,1769488955,0,968.6,86.0,170.0,True
IndianGaming,1qnp2ts,2026-01,o1ym59r,Asn_Krish,True,7.0,False,,False,1,1769489174,0,458.8,34.0,4820.0,True
IndianGaming,1qnp2ts,2026-01,o1ymtrq,Hot-Lawfulness-5192,True,8.0,False,,False,1,1769489445,0,132.6,84.0,136.0,True
IndianGaming,1qnp2ts,2026-01,o1yu182,dude_kp,True,9.0,False,,False,1,1769492493,0,2208.8,1327.0,7134.0,True
IndianGaming,1qnp2ts,2026-01,o1z5uqh,wastin-timee,True,10.0,False,,True,1,1769498152,0,193.0,8416.0,406.0,True
IndianGaming,1ql1p6x,2026-01,o1b6ehp,Sriman69,True,1.0,False,,False,553,1769202618,0,2162.7,8570.0,6612.0,True
IndianGaming,1ql1p6x,2026-01,o1bg5la,godlydevils,True,2.0,False,,False,349,1769205335,0,3823.1,2694.0,1529.0,True
IndianGaming,1ql1p6x,2026-01,o1b0puy,_CalculatedMistake_,True,3.0,True,2.0,False,343,1769201004,0,1891.8,13600.0,82128.0,True
IndianGaming,1ql1p6x,2026-01,o1cfwjf,MysteryMani,True,4.0,False,,False,159,1769216580,0,3303.0,2262.0,22059.0,True
IndianGaming,1ql1p6x,2026-01,o1b3k5g,Toreno7,True,5.0,True,4.0,False,83,1769201808,0,889.2,73530.0,12095.0,True
IndianGaming,1ql1p6x,2026-01,o1b6831,Classic-Ad8335,True,6.0,True,5.0,False,40,1769202567,0,1922.6,1137.0,1436.0,True
IndianGaming,1ql1p6x,2026-01,o1bjrw6,MudittYadav,True,7.0,False,,False,21,1769206374,0,395.8,2022.0,21384.0,True
IndianGaming,1ql1p6x,2026-01,o1bazul,___amrita___,True,8.0,False,,False,17,1769203902,0,2737.6,3432.0,664.0,True
IndianGaming,1ql1p6x,2026-01,o1dckxt,AsssshhhhhMaster,True,9.0,False,,False,7,1769228328,0,1177.3,1.0,486.0,True
IndianGaming,1ql1p6x,2026-01,o1blnrf,Educational-Sea-9454,True,10.0,False,,False,5,1769206932,0,1401.3,1484.0,2459.0,True
IndianGaming,1ql1p6x,2026-01,o1ayng2,SnowWorrier,False,,True,1.0,False,4,1769200418,0,2406.3,3423.0,1893.0,True
IndianGaming,1ql1p6x,2026-01,o1b0uo4,deskmat889,False,,True,3.0,False,3,1769201043,0,,,,
IndianGaming,1qgxp78,2026-01,o0fwesv,Reachsri,True,1.0,True,5.0,False,378,1768808983,0,2356.5,3139.0,17561.0,True
IndianGaming,1qgxp78,2026-01,o0fws7r,Porkfight,True,2.0,False,,False,103,1768809180,0,1254.7,820.0,36281.0,True
IndianGaming,1qgxp78,2026-01,o0fupvb,sidhucs97,True,3.0,True,1.0,False,49,1768808068,0,3224.0,233.0,10100.0,True
IndianGaming,1qgxp78,2026-01,o0fusi4,unboxparadigm,True,4.0,True,2.0,False,29,1768808107,0,2132.0,4113.0,34610.0,True
IndianGaming,1qgxp78,2026-01,o0fw2hq,Pitiful-Carry-4601,True,5.0,True,4.0,False,23,1768808796,0,2034.1,705.0,4597.0,True
IndianGaming,1qgxp78,2026-01,o0fwwtv,Area_Ok,True,7.0,False,,False,13,1768809249,0,2164.0,317.0,25420.0,True
IndianGaming,1qgxp78,2026-01,o0g0k9p,Nova_Dawnspire,True,6.0,False,,False,15,1768811253,0,560.7,2271.0,1875.0,True
IndianGaming,1qgxp78,2026-01,o0fxrbv,Sui404,True,8.0,False,,False,5,1768809706,0,2042.8,135.0,835.0,True
IndianGaming,1qgxp78,2026-01,o0fwfin,catwoman_dc,True,9.0,False,,False,5,1768808994,0,441.8,121.0,72.0,True
IndianGaming,1qgxp78,2026-01,o0fyz5n,joogasama,True,10.0,False,,False,4,1768810370,0,2086.3,16399.0,19868.0,True
IndianGaming,1qgxp78,2026-01,o0fve8n,fin-freedom-fighter,False,,True,3.0,False,2,1768808434,0,793.7,10418.0,21130.0,False
IndianGaming,1qjfw0i,2026-01,o0yrapj,LessRecommended,True,1.0,True,4.0,False,574,1769044519,0,1783.8,1.0,23854.0,True
IndianGaming,1qjfw0i,2026-01,o0ymxl6,ExploringPotential,True,2.0,True,1.0,False,198,1769043049,0,369.0,1554.0,1724.0,True
IndianGaming,1qjfw0i,2026-01,o0z54rd,0ompa1o0mpa,True,3.0,False,,False,74,1769049229,0,,,,
IndianGaming,1qjfw0i,2026-01,o0ynna0,santozks,True,4.0,True,2.0,False,21,1769043286,0,3056.3,16300.0,13251.0,True
IndianGaming,1qjfw0i,2026-01,o0z5hjk,csoldier777,True,5.0,False,,False,18,1769049348,0,2962.0,11149.0,12841.0,True
IndianGaming,1qjfw0i,2026-01,o0zcsuj,-Rachit,True,6.0,False,,False,15,1769051837,0,1832.0,116.0,1625.0,True
IndianGaming,1qjfw0i,2026-01,o0z5u0p,Viraj3388,True,8.0,False,,False,13,1769049467,0,2157.9,1998.0,10338.0,True
IndianGaming,1qjfw0i,2026-01,o0ypdtw,Aakif-deyoxys,True,7.0,True,3.0,False,14,1769043868,0,2173.1,1465.0,1206.0,True
IndianGaming,1qjfw0i,2026-01,o0zf0wm,nikditt,True,9.0,False,,False,7,1769052632,0,2725.1,21883.0,10171.0,True
IndianGaming,1qjfw0i,2026-01,o0z7w45,Appropriate-Lie-548,True,10.0,False,,False,7,1769050159,0,2037.1,16.0,4822.0,True
IndianGaming,1qjfw0i,2026-01,o0yt1wl,Delicious-Biscotti-8,False,,True,5.0,False,6,1769045119,0,2046.5,188.0,599.0,True
IndianGaming,1qhes3z,2026-01,o0jofpn,DeliciousArmadillo12,True,1.0,True,3.0,False,582,1768856393,0,,,,
IndianGaming,1qhes3z,2026-01,o0jit37,TodayiAteMyCat69,True,2.0,True,2.0,False,366,1768854809,0,1860.1,6313.0,9539.0,True
IndianGaming,1qhes3z,2026-01,o0m0gmm,Independent-Leg-9596,True,3.0,False,,False,151,1768883353,0,1436.0,1.0,209.0,True
IndianGaming,1qhes3z,2026-01,o0kii48,gamingchairtaken00f,True,4.0,False,,False,106,1768865449,0,1304.5,121.0,750.0,True
IndianGaming,1qhes3z,2026-01,o0krqqw,Illustrious-Ninja472,True,5.0,False,,False,89,1768868434,0,2014.7,5597.0,26250.0,True
IndianGaming,1qhes3z,2026-01,o0kr45o,ALGORYTHM01,True,6.0,False,,False,79,1768868234,0,2170.7,2091.0,6917.0,True
IndianGaming,1qhes3z,2026-01,o0kyb40,Alarming-Basil2894,True,7.0,False,,False,71,1768870536,0,247.9,3408.0,11395.0,True
IndianGaming,1qhes3z,2026-01,o0jg2te,urdnotkrogan,True,8.0,True,1.0,False,45,1768854033,0,3903.5,2412.0,39975.0,True
IndianGaming,1qhes3z,2026-01,o0kvbb6,A_random_zy,True,9.0,False,,False,27,1768869575,0,2486.6,2435.0,121673.0,True
IndianGaming,1qhes3z,2026-01,o0mfn7c,Agreeable-Mouse-154,True,10.0,False,,False,24,1768889869,0,697.0,117.0,1985.0,True
IndianGaming,1qhes3z,2026-01,o0jwasb,Professional_Mind130,False,,True,4.0,False,12,1768858731,0,1907.0,1925.0,1434.0,True
IndianGaming,1qhes3z,2026-01,o0k2qyf,DoublePreparation828,False,,True,5.0,False,11,1768860586,0,,,,
IndianGaming,1q663t1,2026-01,ny5awzq,Devil_bawa,True,1.0,True,3.0,False,498,1767761898,0,2418.9,1852.0,7189.0,True
IndianGaming,1q663t1,2026-01,ny59s4x,uShadowu,True,2.0,True,1.0,False,150,1767761444,0,2998.6,1.0,5840.0,True
IndianGaming,1q663t1,2026-01,ny5dbmm,memekumaar,True,3.0,False,,False,52,1767762899,0,2986.5,5239.0,2848.0,True
IndianGaming,1q663t1,2026-01,ny5h1iv,i_love_burgerz,True,4.0,False,,False,40,1767764507,0,160.3,69.0,919.0,False
IndianGaming,1q663t1,2026-01,ny61r3o,Starkboy,True,5.0,False,,False,24,1767775061,0,4200.3,5464.0,13726.0,True
IndianGaming,1q663t1,2026-01,ny5g0td,Eldritch_Ryleh,True,6.0,False,,False,19,1767764057,0,3005.7,468.0,3251.0,True
IndianGaming,1q663t1,2026-01,ny5ae5l,mr_soul14,True,7.0,True,2.0,False,8,1767761688,0,1022.1,26.0,1295.0,True
IndianGaming,1q663t1,2026-01,ny5bq6f,banned-redditer,False,,True,4.0,False,6,1767762232,0,337.5,20.0,153.0,True
IndianGaming,1q663t1,2026-01,ny5c6u1,MiKeYROG,True,8.0,True,5.0,False,8,1767762422,0,4356.8,1182.0,2405.0,True
IndianGaming,1q663t1,2026-01,ny5f9yt,pure_cipher,True,9.0,False,,False,7,1767763732,0,599.3,2840.0,10199.0,True
IndianGaming,1q663t1,2026-01,ny5dg99,XxTheLeoxX,True,10.0,False,,False,7,1767762952,0,2307.3,3109.0,12815.0,True
RelationshipIndia,1q4gk9h,2026-01,nxsdl0b,change_maker___,True,1.0,True,3.0,False,965,1767603542,0,711.5,314.0,4336.0,True
RelationshipIndia,1q4gk9h,2026-01,nxschz4,filteredfacts,True,2.0,True,1.0,False,141,1767602926,0,470.7,552.0,1506.0,True
RelationshipIndia,1q4gk9h,2026-01,nxsfffx,Best_Cartographer_60,True,3.0,False,,False,98,1767604605,0,2063.7,16.0,1416.0,True
RelationshipIndia,1q4gk9h,2026-01,nxsi6wl,SturdyBirdyy,True,4.0,False,,False,89,1767606195,0,1486.7,7726.0,30959.0,True
RelationshipIndia,1q4gk9h,2026-01,nxsh8uk,theonefrombelow,True,5.0,False,,False,79,1767605655,0,2504.0,2176.0,12021.0,True
RelationshipIndia,1q4gk9h,2026-01,nxsfcg6,SaiyanRajat,True,6.0,False,,False,73,1767604557,0,2891.0,681.0,20265.0,True
RelationshipIndia,1q4gk9h,2026-01,nxse83k,TopRevolutionary6093,True,7.0,True,5.0,False,36,1767603913,0,1135.0,70.0,1856.0,True
RelationshipIndia,1q4gk9h,2026-01,nxsdkaa,Welder-Radiant,True,8.0,True,2.0,False,33,1767603530,0,2071.2,2663.0,18961.0,True
RelationshipIndia,1q4gk9h,2026-01,nxshabi,Economy_Dust_9292,True,9.0,False,,False,25,1767605679,0,1507.1,1345.0,15686.0,True
RelationshipIndia,1q4gk9h,2026-01,nxsfrow,Wild_Pound_4396,True,10.0,False,,False,24,1767604801,0,1827.0,1.0,371.0,True
RelationshipIndia,1q4gk9h,2026-01,nxse3uy,pineapplemunchkin,False,,True,4.0,False,6,1767603844,0,1200.5,417.0,1649.0,True
RelationshipIndia,1qomk0u,2026-01,o22hf6o,Guilty_Yesterday_5,True,1.0,True,1.0,False,15,1769540490,0,437.9,1.0,84.0,True
RelationshipIndia,1qomk0u,2026-01,o25v6op,Imma_YEET_You69,True,2.0,False,,False,4,1769577430,0,1510.2,12257.0,4181.0,True
RelationshipIndia,1qomk0u,2026-01,o26j1pc,Bringmethanos12,True,3.0,False,,False,4,1769589010,0,900.7,2102.0,4309.0,True
RelationshipIndia,1qomk0u,2026-01,o22hzd3,bumchickawaowao,True,4.0,True,2.0,False,2,1769540635,0,983.4,283.0,4287.0,True
RelationshipIndia,1qomk0u,2026-01,o22ldrj,localloveangel,True,5.0,True,3.0,False,2,1769541525,0,489.2,85.0,23.0,True
RelationshipIndia,1qomk0u,2026-01,o25f7as,BlackStagGoldField,True,6.0,True,4.0,False,2,1769571471,0,2650.0,2597.0,31454.0,True
RelationshipIndia,1qomk0u,2026-01,o25jvkz,mrparallex,True,7.0,True,5.0,False,1,1769573112,0,1286.3,1478.0,724.0,True
RelationshipIndia,1qomk0u,2026-01,o25s3aj,Dependent-Morning665,True,8.0,False,,False,1,1769576174,0,1913.3,1542.0,297.0,True
RelationshipIndia,1qomk0u,2026-01,o25v28q,_CodeMonk_,True,9.0,False,,False,1,1769577379,0,461.3,51.0,85.0,True
RelationshipIndia,1qomk0u,2026-01,o26sn7k,Alwayz_Hard,True,10.0,False,,False,1,1769594344,0,615.6,4821.0,21023.0,True
RelationshipIndia,1q1vpiv,2026-01,nx8hai1,Most_Landscape_9461,True,1.0,True,1.0,False,160,1767351621,0,258.7,1238.0,1816.0,True
RelationshipIndia,1q1vpiv,2026-01,nx8ufij,ProfessorOak11,True,2.0,False,,False,68,1767358133,0,2692.5,79.0,10538.0,True
RelationshipIndia,1q1vpiv,2026-01,nx8i9cx,starboi1900,True,3.0,True,2.0,False,53,1767352139,0,1004.8,1.0,67.0,True
RelationshipIndia,1q1vpiv,2026-01,nx8nx7t,44shuraa__5532,True,4.0,True,4.0,False,38,1767355067,0,652.7,1.0,989.0,False
RelationshipIndia,1q1vpiv,2026-01,nx8v0bd,FudgeSouthern890,True,5.0,False,,False,20,1767358378,0,158.6,125.0,57.0,True
RelationshipIndia,1q1vpiv,2026-01,nx96qzb,No-Dragonfruit4107,True,6.0,False,,False,16,1767362819,0,1524.1,40.0,8248.0,True
RelationshipIndia,1q1vpiv,2026-01,nx8x23k,Solid-Analysis-653,True,7.0,False,,False,10,1767359230,0,1251.0,390.0,101.0,True
RelationshipIndia,1q1vpiv,2026-01,nx8x3v5,g1nt0k,True,8.0,False,,False,10,1767359250,0,352.9,1.0,575.0,True
RelationshipIndia,1q1vpiv,2026-01,nx8mrhj,ResponseTight,True,9.0,True,3.0,False,7,1767354497,0,2122.7,132.0,12313.0,True
RelationshipIndia,1q1vpiv,2026-01,nx8st2i,Kapil5raghav,True,10.0,False,,False,4,1767357405,0,1232.2,1.0,7.0,True
RelationshipIndia,1q1vpiv,2026-01,nx8pjio,iwanamemeyou,False,,True,5.0,False,2,1767355862,0,2294.2,1611.0,802.0,True
RelationshipIndia,1q864tz,2026-01,nykylhr,mango_boii,True,1.0,True,2.0,False,77,1767960167,0,1316.0,1133.0,63713.0,True
RelationshipIndia,1q864tz,2026-01,nykx7ha,Serenity_204,True,2.0,True,1.0,False,34,1767959553,0,1610.2,2124.0,2706.0,True
RelationshipIndia,1q864tz,2026-01,nykz15x,Secret_Peach_4605,True,3.0,True,3.0,False,21,1767960357,0,1822.9,530.0,1944.0,True
RelationshipIndia,1q864tz,2026-01,nymscd7,Thepsychoflifes,True,4.0,False,,False,17,1767980181,0,1856.1,3989.0,1730.0,True
RelationshipIndia,1q864tz,2026-01,nyn0g69,sumitkarki,True,5.0,False,,False,2,1767982363,0,4270.3,186.0,175.0,True
RelationshipIndia,1q864tz,2026-01,nyoilk3,snowynay,True,6.0,False,,False,2,1767997224,0,2375.1,70.0,3806.0,True
RelationshipIndia,1q864tz,2026-01,nyqcmgu,MembershipBusy6597,True,7.0,False,,False,2,1768019067,0,513.2,13.0,86.0,True
RelationshipIndia,1q864tz,2026-01,nys97nd,prettydistracted2,True,8.0,False,,False,2,1768052609,0,1558.0,3299.0,23518.0,True
RelationshipIndia,1q864tz,2026-01,nyxd16e,YoSinArmas,True,9.0,False,,False,2,1768110396,0,1230.0,763.0,1312.0,True
RelationshipIndia,1q864tz,2026-01,nysq5kn,HuskyLover890,True,10.0,False,,False,1,1768058331,0,485.1,1.0,1078.0,False
RelationshipIndia,1q864tz,2026-01,nyll6ue,Negative-Tap4464,False,,True,5.0,False,-2,1767968246,0,509.1,1.0,1515.0,True
RelationshipIndia,1q864tz,2026-01,nyl8aow,No_Collection_7208,False,,True,4.0,False,-10,1767964021,0,1609.4,460.0,755.0,True
RelationshipIndia,1q218pc,2026-01,nx9l9fk,throwaway1970123,True,1.0,True,1.0,False,38,1767367556,0,813.5,211.0,299.0,True
RelationshipIndia,1q218pc,2026-01,nx9p4q4,Arabinda07,True,2.0,True,3.0,False,24,1767368691,0,3179.1,19515.0,6260.0,True
RelationshipIndia,1q218pc,2026-01,nxa6f2o,soul_tooclose,True,3.0,False,,False,14,1767373561,0,615.1,14.0,63.0,True
RelationshipIndia,1q218pc,2026-01,nxbfl8j,Temporary_View_3744,True,4.0,False,,False,9,1767386347,0,992.6,36.0,7263.0,True
RelationshipIndia,1q218pc,2026-01,nx9le7f,pellikaniprasad,True,5.0,True,2.0,False,6,1767367595,0,1093.3,3824.0,23337.0,True
RelationshipIndia,1q218pc,2026-01,nx9qjus,DoubleImprovement593,True,6.0,True,4.0,False,6,1767369100,0,1967.3,410.0,4651.0,True
RelationshipIndia,1q218pc,2026-01,nxb4d25,reaper_scythe1,True,7.0,False,,False,6,1767383052,0,2131.2,68.0,72.0,True
RelationshipIndia,1q218pc,2026-01,nxbtkiy,suganoexiste,True,8.0,False,,False,4,1767390417,0,297.9,469.0,5347.0,False
RelationshipIndia,1q218pc,2026-01,nxals1w,UnluckyEffici3ncy,True,9.0,False,,False,3,1767377844,0,667.2,1.0,4.0,True
RelationshipIndia,1q218pc,2026-01,nxeondi,Apprehensive_batman,True,10.0,False,,False,3,1767429787,0,1354.0,1.0,1086.0,True
RelationshipIndia,1q218pc,2026-01,nx9u5l0,No_Criticism_7781,False,,True,5.0,False,2,1767370124,0,689.1,1.0,242.0,True
RelationshipIndia,1qm24vl,2026-01,o1ipofe,Prior_Travel_4843,True,1.0,True,2.0,False,125,1769297318,0,824.2,56.0,1104.0,True
RelationshipIndia,1qm24vl,2026-01,o1ipabp,Commercial_Pie6196,True,2.0,True,1.0,False,61,1769297197,0,517.8,299.0,1462.0,False
RelationshipIndia,1qm24vl,2026-01,o1irod1,User95317,True,3.0,True,3.0,False,28,1769297957,0,511.7,109.0,759.0,False
RelationshipIndia,1qm24vl,2026-01,o1k2ler,Old_Investigator1227,True,4.0,False,,False,11,1769313389,0,875.8,11.0,1090.0,True
RelationshipIndia,1qm24vl,2026-01,o1iseca,data_scientist_2503,True,6.0,True,4.0,False,6,1769298188,0,,,,
RelationshipIndia,1qm24vl,2026-01,o1j0o1i,Mn3399,True,5.0,True,5.0,False,7,1769300754,0,709.1,1.0,18.0,True
RelationshipIndia,1qm24vl,2026-01,o1k21jo,glitchingcoffee,True,7.0,False,,False,6,1769313196,0,670.6,1.0,116.0,True
RelationshipIndia,1qm24vl,2026-01,o1kaekh,Magic_Weaver,True,8.0,False,,False,6,1769316300,0,,,,
RelationshipIndia,1qm24vl,2026-01,o1kfeah,theonefrombelow,True,9.0,False,,False,6,1769318234,0,2504.0,2176.0,12021.0,True
RelationshipIndia,1qm24vl,2026-01,o1kzvde,ButterscotchPast3218,True,10.0,False,,False,5,1769327710,0,662.0,2559.0,8881.0,True
RelationshipIndia,1q370cb,2026-01,nxihdva,Any-Advance-9047,True,1.0,True,1.0,False,191,1767476702,0,968.2,90.0,245.0,True
RelationshipIndia,1q370cb,2026-01,nxju5rl,sumit210396,True,2.0,True,4.0,False,145,1767492034,0,,,,
RelationshipIndia,1q370cb,2026-01,nxkp0no,No-Active3086,True,4.0,False,,False,68,1767503046,0,2079.1,14637.0,23532.0,True
RelationshipIndia,1q370cb,2026-01,nxiicwj,Hot-Juice-69,True,3.0,True,2.0,False,69,1767476983,0,422.8,4.0,468.0,True
RelationshipIndia,1q370cb,2026-01,nxknzzx,International-Win764,True,5.0,False,,False,42,1767502634,0,2030.8,10.0,88.0,True
RelationshipIndia,1q370cb,2026-01,nxjznaq,koushik1245,True,7.0,True,5.0,False,22,1767493867,0,2459.9,7.0,285.0,True
RelationshipIndia,1q370cb,2026-01,nxioojt,Beneficial-Edge-5851,True,8.0,True,3.0,False,22,1767478857,0,1362.6,251.0,1406.0,False
RelationshipIndia,1q370cb,2026-01,nxkar9i,DoubleImprovement593,True,6.0,False,,False,23,1767497646,0,1967.3,410.0,4651.0,True
RelationshipIndia,1q370cb,2026-01,nxkk3ki,dj7425,True,9.0,False,,False,19,1767501077,0,1344.3,39.0,514.0,True
RelationshipIndia,1q370cb,2026-01,nxkblxf,Sshhaumyaa,True,10.0,False,,False,18,1767497942,0,509.1,1.0,487.0,True
RelationshipIndia,1qdgtv0,2026-01,nzpti06,ulbule,True,1.0,True,5.0,False,123,1768480061,0,1523.3,2.0,2027.0,True
RelationshipIndia,1qdgtv0,2026-01,nzpndua,mrs_madvi11ain27,True,2.0,True,3.0,False,71,1768477331,0,,,,
RelationshipIndia,1qdgtv0,2026-01,nzpk0rn,FancyProof4088,True,3.0,True,1.0,True,35,1768475656,0,504.6,968.0,1241.0,True
RelationshipIndia,1qdgtv0,2026-01,nzq1ivm,Sshhaumyaa,True,4.0,False,,False,33,1768483175,0,509.1,1.0,487.0,True
RelationshipIndia,1qdgtv0,2026-01,nzpsah7,Funny-Fifties,True,5.0,True,4.0,False,10,1768479547,0,944.8,607.0,27464.0,True
RelationshipIndia,1qdgtv0,2026-01,nzpzahn,suganoexiste,True,6.0,False,,False,7,1768482363,0,297.9,469.0,5347.0,False
RelationshipIndia,1qdgtv0,2026-01,nzpzsuf,cotoapp25,True,7.0,False,,False,6,1768482552,0,353.2,210.0,211.0,True
RelationshipIndia,1qdgtv0,2026-01,nzq251y,dora_not_theexplorer,True,8.0,False,,False,3,1768483386,0,1331.9,2285.0,11542.0,True
RelationshipIndia,1qdgtv0,2026-01,nzrille,GroundbreakingArm502,True,9.0,False,,False,3,1768498490,0,1612.7,977.0,2846.0,True
RelationshipIndia,1qdgtv0,2026-01,nzuwok2,rkrisme,True,10.0,False,,False,2,1768535137,0,2606.6,750.0,1323.0,True
RelationshipIndia,1qdgtv0,2026-01,nzplm63,Impossible-Cap5219,False,,True,2.0,False,1,1768476466,0,468.9,51.0,95.0,True
RelationshipIndia,1q2804c,2026-01,nxdo7wj,AdStrange8791,True,1.0,False,,False,113,1767412848,0,250.2,295.0,1658.0,False
RelationshipIndia,1q2804c,2026-01,nxb429d,pellikaniprasad,True,2.0,True,1.0,False,32,1767382965,0,1093.3,3824.0,23337.0,True
RelationshipIndia,1q2804c,2026-01,nxdlpm6,14saalkabaccha,True,3.0,True,5.0,False,14,1767411907,0,1448.2,15.0,209.0,True
RelationshipIndia,1q2804c,2026-01,nxegnmd,IloveLegs02,True,4.0,False,,False,3,1767425651,0,1175.7,6032.0,60906.0,True
RelationshipIndia,1q2804c,2026-01,nxlh2ro,Imma_YEET_You69,True,5.0,False,,False,2,1767516869,0,1510.2,12257.0,4181.0,True
RelationshipIndia,1q2804c,2026-01,nxb4izb,IcyFan3016,True,6.0,True,2.0,False,1,1767383100,0,647.6,1.0,7.0,True
RelationshipIndia,1q2804c,2026-01,nxevnez,manveva,True,7.0,False,,False,1,1767433468,0,509.8,21.0,113.0,False
RelationshipIndia,1q2804c,2026-01,nxf0pbe,Jagaauk,True,8.0,False,,False,1,1767436011,0,1101.9,7.0,317.0,False
RelationshipIndia,1q2804c,2026-01,nxfnp3v,ackerman_ahbh001,True,9.0,False,,False,1,1767446681,0,453.4,1.0,11.0,True
RelationshipIndia,1q2804c,2026-01,nxk23a6,Educational_Emu_9271,True,10.0,False,,False,1,1767494688,0,361.2,17.0,23.0,True
RelationshipIndia,1q2804c,2026-01,nxbgf7l,SadProfessional9431,False,,True,4.0,False,-9,1767386593,0,,,,
RelationshipIndia,1q2804c,2026-01,nxb4qys,IcyFan3016,False,,True,3.0,False,-11,1767383164,0,647.6,1.0,7.0,True
RelationshipIndia,1qrtxmb,2026-01,o2qujwn,ExaminationFail25,True,1.0,True,1.0,False,85,1769838888,0,1486.0,53.0,190172.0,True
RelationshipIndia,1qrtxmb,2026-01,o2qwg07,Manwithadognpurpose,True,2.0,True,2.0,False,75,1769839812,0,2392.4,73.0,4313.0,True
RelationshipIndia,1qrtxmb,2026-01,o2r5db8,Ok-Cartoonist2421,True,3.0,True,5.0,False,53,1769844485,0,2130.3,2390.0,7057.0,True
RelationshipIndia,1qrtxmb,2026-01,o2r2tvt,RoyalTopper,True,4.0,True,4.0,False,12,1769843104,0,509.1,1.0,9.0,False
RelationshipIndia,1qrtxmb,2026-01,o2rwg84,ayewhy2407,True,5.0,False,,False,12,1769859705,0,768.2,1271.0,11429.0,True
RelationshipIndia,1qrtxmb,2026-01,o2se0of,AnkitS75,True,6.0,False,,False,9,1769867294,0,2504.5,41.0,14203.0,True
RelationshipIndia,1qrtxmb,2026-01,o2solij,Livid-Engineering-83,True,7.0,False,,False,5,1769870940,0,1857.1,4.0,17.0,True
RelationshipIndia,1qrtxmb,2026-01,o2rx8hh,Thin_Landscape9031,True,8.0,False,,False,4,1769860108,0,716.6,1.0,23.0,True
RelationshipIndia,1qrtxmb,2026-01,o2s53qj,ibadmonkey,True,9.0,False,,False,3,1769863842,0,2233.0,764.0,53033.0,True
RelationshipIndia,1qrtxmb,2026-01,o2t0jdc,One-Agent-3992,True,10.0,False,,False,2,1769874588,0,361.5,10517.0,6316.0,True
RelationshipIndia,1qrtxmb,2026-01,o2qxupb,MrsMoonu,False,,True,3.0,False,-12,1769840513,0,956.7,3402.0,2195.0,False
personalfinanceindia,1qq0ig4,2026-01,o2d51ru,Grand-Neighborhood94,True,1.0,True,1.0,False,322,1769666740,0,1906.1,369.0,10214.0,True
personalfinanceindia,1qq0ig4,2026-01,o2d78rq,_SKETCHBENDER_,True,2.0,False,,False,116,1769667792,0,2517.1,523.0,90718.0,True
personalfinanceindia,1qq0ig4,2026-01,o2d5hxq,wanderingalone21,True,3.0,True,3.0,False,97,1769666951,0,2065.2,890.0,8901.0,True
personalfinanceindia,1qq0ig4,2026-01,o2d58oj,rational-rambler,True,4.0,True,2.0,False,71,1769666829,0,238.5,185.0,559.0,False
personalfinanceindia,1qq0ig4,2026-01,o2d6ndu,Working-Situation766,True,5.0,True,5.0,False,39,1769667502,0,224.8,134.0,7584.0,True
personalfinanceindia,1qq0ig4,2026-01,o2d77c7,Thick_tongue6867,True,6.0,False,,False,22,1769667773,0,913.8,415.0,10170.0,True
personalfinanceindia,1qq0ig4,2026-01,o2d68m6,jayToDiscuss,True,7.0,True,4.0,False,17,1769667304,0,454.1,1156.0,4533.0,True
personalfinanceindia,1qq0ig4,2026-01,o2d75xx,Appropriate-ASS-824,True,8.0,False,,False,13,1769667754,0,722.8,453.0,51228.0,False
personalfinanceindia,1qq0ig4,2026-01,o2d99h6,Ok-Reception-7392,True,9.0,False,,False,9,1769668786,0,1724.9,206.0,107.0,True
personalfinanceindia,1qq0ig4,2026-01,o2dby6t,NoMedicine3572,True,10.0,False,,False,6,1769670128,0,660.1,258444.0,111734.0,True
personalfinanceindia,1qdsjxu,2026-01,nzs4o1l,lazyandlearner,True,1.0,True,1.0,False,203,1768504377,0,3077.3,49.0,231.0,True
personalfinanceindia,1qdsjxu,2026-01,nzsbpr2,m0h1tkumaar,True,2.0,True,5.0,False,61,1768506318,0,3120.5,1129.0,102541.0,True
personalfinanceindia,1qdsjxu,2026-01,nzs5dhr,shezadaa,True,3.0,True,3.0,False,53,1768504571,0,4698.9,2671.0,91141.0,True
personalfinanceindia,1qdsjxu,2026-01,nzs57gu,tempaccountbkl,True,4.0,True,2.0,False,23,1768504525,0,937.0,236.0,12717.0,False
personalfinanceindia,1qdsjxu,2026-01,nzt2zgx,JeherKaKeher,True,5.0,False,,False,10,1768513882,0,2170.2,78.0,306.0,True
personalfinanceindia,1qdsjxu,2026-01,nzs7b7c,Desperate_Tension287,True,6.0,True,4.0,False,7,1768505103,0,237.6,78.0,2571.0,True
personalfinanceindia,1qdsjxu,2026-01,nzsbzhd,the_chosen_one-3107,True,7.0,False,,False,5,1768506393,0,391.1,213.0,3260.0,True
personalfinanceindia,1qdsjxu,2026-01,nzumbj2,xsandroidx,True,8.0,False,,False,5,1768531608,0,3330.1,296.0,317.0,True
personalfinanceindia,1qdsjxu,2026-01,nzuvgl6,spitzer666,True,9.0,False,,False,5,1768534703,0,2661.0,370.0,10375.0,True
personalfinanceindia,1qdsjxu,2026-01,nzub68i,Ahmad401,True,10.0,False,,False,3,1768527877,0,3314.3,3696.0,351.0,True
personalfinanceindia,1qn8xe3,2026-01,o1s4rcj,DonKarnageXt,True,1.0,True,1.0,False,90,1769413201,0,621.8,727.0,3871.0,False
personalfinanceindia,1qn8xe3,2026-01,o1s9jpq,proudofme_,True,2.0,True,4.0,False,40,1769415691,0,2017.9,10796.0,46176.0,True
personalfinanceindia,1qn8xe3,2026-01,o1s6jsc,Decent_Asparagus3656,True,3.0,True,3.0,False,31,1769414115,0,1156.0,1.0,163.0,True
personalfinanceindia,1qn8xe3,2026-01,o1sbxyb,Careful-Round-5560,True,4.0,False,,False,13,1769416993,0,398.1,1.0,2687.0,True
personalfinanceindia,1qn8xe3,2026-01,o1slby0,Adorable_Paint_4137,True,5.0,False,,False,8,1769422166,0,693.9,23.0,635.0,True
personalfinanceindia,1qn8xe3,2026-01,o1slajz,anuR6neema,True,6.0,False,,False,8,1769422145,0,2522.2,53.0,40.0,True
personalfinanceindia,1qn8xe3,2026-01,o1sasxw,stranger-to-d-world,True,7.0,True,5.0,False,5,1769416369,0,508.2,466.0,555.0,True
personalfinanceindia,1qn8xe3,2026-01,o1scu70,m0h1tkumaar,True,8.0,False,,False,4,1769417474,0,3120.5,1129.0,102541.0,True
personalfinanceindia,1qn8xe3,2026-01,o1t1ehu,baritonor,True,9.0,False,,False,4,1769430091,0,300.9,641.0,11812.0,True
personalfinanceindia,1qn8xe3,2026-01,o1s58ld,Specialist-Rice4815,True,10.0,True,2.0,False,3,1769413444,0,881.7,1772.0,7044.0,True
personalfinanceindia,1q83bon,2026-01,nykfkr8,Desperate_Tension287,True,1.0,True,2.0,False,122,1767950419,0,237.6,78.0,2571.0,True
personalfinanceindia,1q83bon,2026-01,nykdefj,snakysour,True,2.0,True,1.0,False,61,1767949206,0,2713.2,2165.0,14393.0,True
personalfinanceindia,1q83bon,2026-01,nykjp66,IamPsyduck,True,3.0,False,,False,58,1767952706,0,3769.4,1949.0,17849.0,True
personalfinanceindia,1q83bon,2026-01,nykhclj,hotcoolhot,True,4.0,True,4.0,False,52,1767951414,0,5258.5,5029.0,98636.0,True
personalfinanceindia,1q83bon,2026-01,nykhi4k,FredTilson,True,5.0,True,5.0,False,16,1767951498,0,4797.9,13962.0,87830.0,True
personalfinanceindia,1q83bon,2026-01,nykst69,SanjuRai1986,True,6.0,False,,False,13,1767957469,0,1183.2,407.0,5746.0,True
personalfinanceindia,1q83bon,2026-01,nykmpzz,nilroyy,True,7.0,False,,False,9,1767954333,0,2526.9,109.0,327.0,True
personalfinanceindia,1q83bon,2026-01,nykgi4t,DarkHumourFoundHere,True,8.0,True,3.0,False,8,1767950940,0,2246.8,15402.0,85630.0,True
personalfinanceindia,1q83bon,2026-01,nyknly0,famesardens,True,9.0,False,,False,7,1767954803,0,369.1,1.0,11771.0,True
personalfinanceindia,1q83bon,2026-01,nyksqbh,enthudeveloper,True,10.0,False,,False,6,1767957430,0,4774.3,9.0,1180.0,True
personalfinanceindia,1qf56i1,2026-01,o027u61,FredTilson,True,1.0,True,2.0,False,246,1768629447,0,4797.9,13962.0,87830.0,True
personalfinanceindia,1qf56i1,2026-01,o0289s5,Short-Health9486,True,2.0,False,,False,165,1768629661,0,1910.0,3075.0,10047.0,True
personalfinanceindia,1qf56i1,2026-01,o028uk3,dassduss,True,3.0,False,,False,54,1768629950,0,1706.8,28.0,1844.0,True
personalfinanceindia,1qf56i1,2026-01,o028e72,Level_Tower1408,True,4.0,False,,False,45,1768629723,0,142.5,8.0,105.0,True
personalfinanceindia,1qf56i1,2026-01,o027x8f,amaze-wonder-76,True,5.0,True,5.0,False,40,1768629489,0,299.1,388.0,3082.0,True
personalfinanceindia,1qf56i1,2026-01,o027vp2,OneSailorBoy,True,6.0,True,3.0,False,31,1768629468,0,889.9,299.0,70989.0,True
personalfinanceindia,1qf56i1,2026-01,o027wol,flipkartminutes,True,7.0,True,4.0,False,20,1768629481,0,411.3,1830.0,488.0,False
personalfinanceindia,1qf56i1,2026-01,o0281lx,DonKarnageXt,True,8.0,False,,False,14,1768629549,0,621.8,727.0,3871.0,False
personalfinanceindia,1qf56i1,2026-01,o02gid7,indigeni,True,9.0,False,,False,12,1768633928,0,1116.2,473.0,10759.0,True
personalfinanceindia,1qf56i1,2026-01,o02hwnz,humblehuman87,True,10.0,False,,False,9,1768634682,0,1157.7,983.0,2897.0,True
personalfinanceindia,1qf56i1,2026-01,o027o3s,divyansh1185,False,,True,1.0,False,5,1768629365,0,2323.6,634.0,584.0,True
personalfinanceindia,1qgvuoz,2026-01,o0fipvv,Fattu_trader,True,1.0,True,3.0,False,118,1768802072,0,1336.0,776.0,1129.0,True
personalfinanceindia,1qgvuoz,2026-01,o0fi52h,m0h1tkumaar,True,2.0,True,1.0,False,58,1768801803,0,3120.5,1129.0,102541.0,True
personalfinanceindia,1qgvuoz,2026-01,o0fjdkc,Training-Abalone1432,True,3.0,True,5.0,False,39,1768802383,0,1156.8,236.0,6971.0,False
personalfinanceindia,1qgvuoz,2026-01,o0fjd26,blackpanther3397,True,4.0,True,4.0,False,34,1768802376,0,2760.8,4.0,306.0,True
personalfinanceindia,1qgvuoz,2026-01,o0fsvi2,Positive_Turnover445,True,5.0,False,,False,15,1768807092,0,171.1,1.0,13.0,True
personalfinanceindia,1qgvuoz,2026-01,o0fi7v8,Silodal,True,6.0,True,2.0,False,7,1768801839,0,2426.1,172.0,3216.0,True
personalfinanceindia,1qgvuoz,2026-01,o0fr351,That_Goal_7092,True,7.0,False,,False,6,1768806170,0,1829.7,39.0,170.0,True
personalfinanceindia,1qgvuoz,2026-01,o0ftnr9,firedtoday098,True,8.0,False,,False,5,1768807508,0,,,,
personalfinanceindia,1qgvuoz,2026-01,o0foh0q,Thick_tongue6867,True,9.0,False,,False,3,1768804860,0,913.8,415.0,10170.0,True
personalfinanceindia,1qgvuoz,2026-01,o0h9onn,Sidds_leo,True,10.0,False,,False,2,1768832404,0,2071.0,14.0,73.0,True
personalfinanceindia,1q1wzjl,2026-01,nx8q9ge,Lost_Cartoonist_2397,True,1.0,True,2.0,False,149,1767356207,0,250.6,265.0,5252.0,True
personalfinanceindia,1q1wzjl,2026-01,nx8ryz1,Miningforbeer,True,2.0,False,,False,39,1767357013,0,3240.1,5552.0,17491.0,True
personalfinanceindia,1q1wzjl,2026-01,nx8rxkq,ai_master_n8n,True,3.0,False,,False,25,1767356994,0,197.7,505.0,42.0,True
personalfinanceindia,1q1wzjl,2026-01,nx8pdcj,No_Let_5065,True,4.0,True,1.0,False,18,1767355780,0,2021.0,1242.0,15114.0,True
personalfinanceindia,1q1wzjl,2026-01,nx8qro8,Senior_Rub_9518,True,5.0,True,3.0,False,14,1767356452,0,863.1,1608.0,3903.0,True
personalfinanceindia,1q1wzjl,2026-01,nx8rn9b,Pure_Bed_6357,True,6.0,True,4.0,False,13,1767356861,0,267.7,80.0,6181.0,True
personalfinanceindia,1q1wzjl,2026-01,nx947au,meetiphone,True,7.0,False,,False,6,1767361916,0,867.3,2.0,792.0,True
personalfinanceindia,1q1wzjl,2026-01,nx9daey,Obvious-Love-4199,True,8.0,False,,False,6,1767365051,0,2052.0,1085.0,2399.0,True
personalfinanceindia,1q1wzjl,2026-01,nx9e6d4,DarkHumourFoundHere,True,9.0,False,,False,6,1767365341,0,2246.8,15402.0,85630.0,True
personalfinanceindia,1q1wzjl,2026-01,nx9lagl,gepilo8695,True,10.0,False,,False,5,1767367565,0,1574.7,569.0,12099.0,True
personalfinanceindia,1q1wzjl,2026-01,nx8rqnq,DepressedBoiiiiiiii,False,,True,5.0,False,2,1767356905,0,2421.0,1002.0,4909.0,True
personalfinanceindia,1qdmyqc,2026-01,nzqyxer,babula2018,True,1.0,False,,False,68,1768493185,0,2988.9,637.0,3533.0,True
personalfinanceindia,1qdmyqc,2026-01,nzqvg8e,Realistic-Froyo5051,True,2.0,True,2.0,False,14,1768492246,0,217.0,287.0,1503.0,False
personalfinanceindia,1qdmyqc,2026-01,nzr9ogb,Rich-Calligrapher180,True,3.0,False,,False,14,1768496073,0,225.0,10.0,270.0,True
personalfinanceindia,1qdmyqc,2026-01,nzqxwmj,hotcoolhot,True,4.0,True,4.0,False,11,1768492911,0,5258.5,5029.0,98636.0,True
personalfinanceindia,1qdmyqc,2026-01,nzrwy6x,BeingHuman30,True,5.0,False,,False,7,1768502320,0,3412.7,399.0,23538.0,True
personalfinanceindia,1qdmyqc,2026-01,nzr47na,Unusual-Big-6467,True,7.0,False,,False,5,1768494604,0,2144.8,6026.0,37790.0,True
personalfinanceindia,1qdmyqc,2026-01,nzr6fzy,Admirable_Minute7017,True,6.0,False,,False,6,1768495208,0,648.6,52.0,379.0,True
personalfinanceindia,1qdmyqc,2026-01,nzreg7u,Apprehensive-Bus375,True,8.0,False,,False,5,1768497366,0,1154.4,11.0,1530.0,True
personalfinanceindia,1qdmyqc,2026-01,nzqvwqy,Ok_Midnight_3967,True,9.0,True,3.0,False,2,1768492372,0,320.3,7644.0,2965.0,True
personalfinanceindia,1qdmyqc,2026-01,nzw3hy4,abhi8149,True,10.0,False,,False,2,1768555053,0,3051.0,257.0,2220.0,True
personalfinanceindia,1qdmyqc,2026-01,nzqv3xj,Shiv_reddt,False,,True,1.0,False,1,1768492153,0,855.0,1.0,1664.0,True
personalfinanceindia,1qdmyqc,2026-01,nzqyv1f,hifimeriwalilife,False,,True,5.0,False,1,1768493167,0,1014.5,162.0,3472.0,True
personalfinanceindia,1qqaqlk,2026-01,o2fdxeb,ABahRunt,True,1.0,True,2.0,False,60,1769701112,0,4094.8,1766.0,79846.0,False
personalfinanceindia,1qqaqlk,2026-01,o2f977u,Background_Road_3943,True,2.0,True,1.0,False,21,1769699828,0,517.6,307.0,1602.0,True
personalfinanceindia,1qqaqlk,2026-01,o2fskzb,revolution110,True,3.0,True,3.0,False,9,1769705025,0,3834.9,2103.0,76972.0,True
personalfinanceindia,1qqaqlk,2026-01,o2gj6p2,sss100100,True,4.0,False,,False,7,1769712184,0,950.5,2935.0,31884.0,False
personalfinanceindia,1qqaqlk,2026-01,o2iv0bn,snakysour,True,5.0,False,,False,3,1769737431,0,2713.2,2165.0,14393.0,True
personalfinanceindia,1qqaqlk,2026-01,o2g8ga3,zesttech200,True,6.0,True,4.0,False,2,1769709304,0,1627.7,35.0,1889.0,True
personalfinanceindia,1qqaqlk,2026-01,o2gbzau,Beneficial-Fun2221,True,7.0,True,5.0,False,1,1769710256,0,1607.9,251.0,239.0,True
personalfinanceindia,1qqaqlk,2026-01,o2gkk35,bestfriendavinash,True,8.0,False,,False,1,1769712553,0,2098.7,56.0,2068.0,True
personalfinanceindia,1qqaqlk,2026-01,o2iw1um,Awkward_Sympathy4475,True,9.0,False,,False,1,1769737780,0,479.2,247.0,1988.0,True
personalfinanceindia,1qqaqlk,2026-01,o2kdqi4,starstars1004,True,10.0,False,,False,1,1769759178,0,437.1,297.0,5659.0,True
personalfinanceindia,1qf7eye,2026-01,o02m4ao,daddy4k_p,True,1.0,True,2.0,False,8,1768637010,0,995.3,7.0,886.0,True
personalfinanceindia,1qf7eye,2026-01,o03tf93,pathan_ahmed94,True,2.0,False,,False,7,1768658434,0,3150.9,2985.0,8730.0,True
personalfinanceindia,1qf7eye,2026-01,o02ny50,Potential_Friend2026,True,3.0,True,4.0,False,3,1768638018,0,737.1,44.0,10362.0,True
personalfinanceindia,1qf7eye,2026-01,o02mkao,OkBoard407,True,4.0,True,3.0,False,2,1768637255,0,1839.7,3.0,26.0,True
personalfinanceindia,1qf7eye,2026-01,o02okqw,Sufficient_Yellow138,True,5.0,False,,False,2,1768638369,0,1255.0,144.0,778.0,False
personalfinanceindia,1qf7eye,2026-01,o02pfww,Level_Tower1408,True,6.0,False,,False,2,1768638856,0,142.5,8.0,105.0,True
personalfinanceindia,1qf7eye,2026-01,o02px0w,mango_boii,True,7.0,False,,False,2,1768639121,0,1316.0,1133.0,63713.0,True
personalfinanceindia,1qf7eye,2026-01,o02q5s3,Significant_Show57,True,8.0,False,,False,2,1768639258,0,523.9,1876.0,22534.0,True
personalfinanceindia,1qf7eye,2026-01,o02qvnq,No-World9752,True,9.0,False,,False,2,1768639656,0,1546.8,26.0,129.0,True
personalfinanceindia,1qf7eye,2026-01,o02zj7k,Iamssikander,True,10.0,False,,False,2,1768644588,0,1145.0,1305.0,10768.0,True
personalfinanceindia,1qf7eye,2026-01,o02lv95,YardFirst3681,False,,True,1.0,False,1,1768636872,0,1804.2,635.0,1048.0,True
personalfinanceindia,1qf7eye,2026-01,o02o69c,Fluffy-Cry-79,False,,True,5.0,False,1,1768638144,0,1772.9,215.0,346.0,True
unitedstatesofindia,1qnd8hi,2026-01,o1stcaz,niyar_thememeGOD,True,1.0,True,2.0,False,443,1769426352,0,2116.4,13820.0,26512.0,True
unitedstatesofindia,1qnd8hi,2026-01,o1ssm9l,Embarrassed_Look9200,True,2.0,True,1.0,True,214,1769425987,0,425.0,19946.0,95234.0,True
unitedstatesofindia,1qnd8hi,2026-01,o1su1ww,zartaj0,True,3.0,True,3.0,False,140,1769426702,0,872.1,916.0,2414.0,True
unitedstatesofindia,1qnd8hi,2026-01,o1sztag,jaguuuu,True,4.0,False,,False,88,1769429400,0,2146.6,1440.0,21164.0,True
unitedstatesofindia,1qnd8hi,2026-01,o1suwgn,CroachKhan,True,5.0,True,4.0,False,85,1769427119,0,,,,
unitedstatesofindia,1qnd8hi,2026-01,o1svrtb,rektitroaster,True,6.0,False,,False,47,1769427542,0,3254.1,99414.0,98897.0,True
unitedstatesofindia,1qnd8hi,2026-01,o1t10eg,thebuddha92,True,7.0,False,,False,19,1769429924,0,2185.0,439.0,1181.0,True
unitedstatesofindia,1qnd8hi,2026-01,o1ta2ma,Outrageous_fellow,True,8.0,False,,False,10,1769433469,0,353.8,25.0,4298.0,True
unitedstatesofindia,1qnd8hi,2026-01,o1sv7dc,chubbypetals,True,9.0,True,5.0,False,8,1769427267,0,1302.8,2538.0,5313.0,True
unitedstatesofindia,1qnd8hi,2026-01,o1syur2,rudraksh2,True,10.0,False,,False,7,1769428971,0,2416.1,400.0,5559.0,True
unitedstatesofindia,1qs10eg,2026-01,o2s5cs2,iceman___11,True,1.0,False,,False,393,1769863951,0,316.7,831.0,24191.0,True
unitedstatesofindia,1qs10eg,2026-01,o2s21gj,Substantial_Judge1,True,2.0,True,1.0,False,339,1769862455,0,1081.5,139.0,6840.0,True
unitedstatesofindia,1qs10eg,2026-01,o2s51lf,1kingmaximus1,True,4.0,True,4.0,False,295,1769863817,0,241.8,318.0,8200.0,True
unitedstatesofindia,1qs10eg,2026-01,o2s73er,kholeChature,True,3.0,False,,False,300,1769864680,0,248.9,48118.0,72888.0,True
unitedstatesofindia,1qs10eg,2026-01,o2s2c37,Aggressive-Office301,True,5.0,True,3.0,False,227,1769862594,0,375.8,75.0,30451.0,True
unitedstatesofindia,1qs10eg,2026-01,o2s7usw,No-Assignment7129,True,6.0,False,,False,151,1769864987,0,2098.9,163676.0,72803.0,True
unitedstatesofindia,1qs10eg,2026-01,o2s72r7,cooperchad,True,7.0,False,,False,123,1769864672,0,1732.8,1934.0,806.0,True
unitedstatesofindia,1qs10eg,2026-01,o2s6eik,Amazing-Hornet3449,True,8.0,False,,False,91,1769864395,0,262.8,5.0,493.0,True
unitedstatesofindia,1qs10eg,2026-01,o2saaia,azaadi101,True,9.0,False,,False,86,1769865930,0,2677.9,35192.0,48646.0,True
unitedstatesofindia,1qs10eg,2026-01,o2sim8l,nish_ntr,True,10.0,False,,False,68,1769868921,0,2757.9,414.0,618.0,True
unitedstatesofindia,1qs10eg,2026-01,o2s585n,Bitter-Farm-9058,False,,True,5.0,False,42,1769863895,0,1884.8,16.0,3786.0,True
unitedstatesofindia,1qs10eg,2026-01,o2s24mu,sahi_naihai,False,,True,2.0,False,42,1769862496,0,733.1,22.0,15880.0,True
unitedstatesofindia,1qktutv,2026-01,o19cowz,itsVinay,True,1.0,True,5.0,False,344,1769184492,0,3022.9,97016.0,71663.0,True
unitedstatesofindia,1qktutv,2026-01,o19ayuo,NoGodsNoMastersOOO,True,2.0,True,3.0,False,200,1769184027,0,250.9,4051.0,55271.0,True
unitedstatesofindia,1qktutv,2026-01,o19bhp0,shank0205,True,3.0,True,4.0,False,196,1769184168,0,3538.4,76.0,15525.0,False
unitedstatesofindia,1qktutv,2026-01,o19cxsy,NoGodsNoMastersOOO,True,4.0,False,,False,52,1769184559,0,250.9,4051.0,55271.0,True
unitedstatesofindia,1qktutv,2026-01,o1ag7bx,Top-Tip-9789,True,5.0,False,,False,22,1769195212,0,,,,
unitedstatesofindia,1qktutv,2026-01,o19qmrx,Franknstein26,True,6.0,False,,False,15,1769188256,0,1758.7,3940.0,14157.0,True
unitedstatesofindia,1qktutv,2026-01,o1bwhqd,bearhugger404,True,7.0,False,,False,10,1769210272,0,2997.0,864.0,4639.0,True
unitedstatesofindia,1qktutv,2026-01,o198tuq,jawruv,True,8.0,True,2.0,False,8,1769183454,0,2627.1,1.0,1668.0,True
unitedstatesofindia,1qktutv,2026-01,o19eiff,Embarrassed_Look9200,True,9.0,False,,False,8,1769184981,0,425.0,19946.0,95234.0,True
unitedstatesofindia,1qktutv,2026-01,o1ad4e1,Walt925837,True,10.0,False,,False,7,1769194371,0,1826.7,1891.0,15470.0,True
unitedstatesofindia,1qktutv,2026-01,o194e23,CroachKhan,False,,True,1.0,True,2,1769182243,0,,,,
unitedstatesofindia,1q4fzmx,2026-01,nxsa6on,DragonDeninSharkTank,True,1.0,True,3.0,False,223,1767601610,0,1539.1,186549.0,123292.0,True
unitedstatesofindia,1q4fzmx,2026-01,nxsb6b7,pagalpaneer,True,2.0,True,5.0,False,122,1767602171,0,,,,
unitedstatesofindia,1q4fzmx,2026-01,nxsdd4k,Prior-Register6278,True,3.0,False,,False,106,1767603416,0,,,,
unitedstatesofindia,1q4fzmx,2026-01,nxsbevu,mayoconquest,True,5.0,False,,False,96,1767602309,0,1612.7,5463.0,19706.0,True
unitedstatesofindia,1q4fzmx,2026-01,nxsaemb,VegetableRutabaga746,True,4.0,True,4.0,False,97,1767601735,0,1440.3,4021.0,46482.0,True
unitedstatesofindia,1q4fzmx,2026-01,nxsc5uq,Ambitious-Upstairs90,True,6.0,False,,False,45,1767602737,0,888.2,5635.0,58761.0,True
unitedstatesofindia,1q4fzmx,2026-01,nxs8o9w,NoGodsNoMastersOOO,True,7.0,True,1.0,False,32,1767600749,0,250.9,4051.0,55271.0,True
unitedstatesofindia,1q4fzmx,2026-01,nxs8rg7,Personal-Property-51,True,8.0,True,2.0,False,11,1767600800,0,2011.4,6456.0,6777.0,True
unitedstatesofindia,1q4fzmx,2026-01,nxu9kca,Dad_of_One_Punch_Man,True,9.0,False,,False,7,1767630437,0,1806.8,1560.0,9603.0,True
unitedstatesofindia,1q4fzmx,2026-01,nxutpy5,PRAT_X,True,10.0,False,,False,6,1767636009,0,2678.8,4311.0,2176.0,True
unitedstatesofindia,1q57jgk,2026-01,nxy1g3z,Sleepergiant2586,True,1.0,True,2.0,False,296,1767670511,0,539.6,2229.0,25687.0,True
unitedstatesofindia,1q57jgk,2026-01,nxy22s1,ValuableMuch7703,True,2.0,True,3.0,False,268,1767670729,0,432.9,13227.0,155394.0,True
unitedstatesofindia,1q57jgk,2026-01,nxy15kn,Good_Secretary_8318,True,3.0,True,1.0,False,257,1767670408,0,2045.9,1431.0,2027.0,True
unitedstatesofindia,1q57jgk,2026-01,nxy2bp6,AllIsEvanescent,True,4.0,True,4.0,False,79,1767670815,0,848.4,7380.0,59582.0,True
unitedstatesofindia,1q57jgk,2026-01,nxy38w6,thatsme5500,True,5.0,False,,False,30,1767671137,0,1826.5,409.0,14628.0,True
unitedstatesofindia,1q57jgk,2026-01,nxy3tlc,bongHuman,True,6.0,False,,False,24,1767671339,0,1664.8,116.0,7817.0,True
unitedstatesofindia,1q57jgk,2026-01,nxy6ihn,Embarrassed_Look9200,True,8.0,False,,False,20,1767672311,0,425.0,19946.0,95234.0,True
unitedstatesofindia,1q57jgk,2026-01,nxy365o,Vigil_Eyezz,True,9.0,True,5.0,False,19,1767671109,0,914.9,649.0,3094.0,True
unitedstatesofindia,1q57jgk,2026-01,nxy4610,YesIam6969420,True,7.0,False,,False,22,1767671462,0,780.9,2749.0,40206.0,True
unitedstatesofindia,1q57jgk,2026-01,nxy382j,ImTimeTraveling,True,10.0,False,,False,9,1767671129,0,1311.7,156.0,5574.0,True
unitedstatesofindia,1qkmt52,2026-01,o17p0e8,niyar_thememeGOD,True,1.0,True,2.0,False,274,1769162905,0,2116.4,13820.0,26512.0,True
unitedstatesofindia,1qkmt52,2026-01,o17qay1,Easy_Road_3806,True,2.0,True,5.0,False,161,1769163602,0,828.8,2064.0,10175.0,True
unitedstatesofindia,1qkmt52,2026-01,o17pcbk,Loli_Sniffer_02,True,3.0,True,3.0,False,91,1769163085,0,917.8,41.0,1365.0,True
unitedstatesofindia,1qkmt52,2026-01,o17r2gr,Inevitable-Data-404,True,4.0,False,,False,70,1769164014,0,1268.9,5313.0,5373.0,True
unitedstatesofindia,1qkmt52,2026-01,o17poc6,virgin_father,True,5.0,True,4.0,False,32,1769163264,0,274.6,2458.0,19834.0,True
unitedstatesofindia,1qkmt52,2026-01,o17thxw,Vortexsy,True,6.0,False,,False,16,1769165306,0,456.3,171.0,2408.0,False
unitedstatesofindia,1qkmt52,2026-01,o17roqq,allabout_anshu,True,7.0,False,,False,14,1769164350,0,978.2,13805.0,534.0,True
unitedstatesofindia,1qkmt52,2026-01,o17ou4q,FlyingBike6000,True,8.0,True,1.0,False,11,1769162809,0,527.2,61.0,10182.0,True
unitedstatesofindia,1qkmt52,2026-01,o17tp6x,jaganza,True,9.0,False,,False,6,1769165410,0,2686.1,3776.0,6007.0,True
unitedstatesofindia,1qkmt52,2026-01,o188xde,alimhabidi,True,10.0,False,,False,4,1769172282,0,2810.0,22706.0,19465.0,True
unitedstatesofindia,1qoctu7,2026-01,o209q9l,AllIsEvanescent,True,1.0,True,1.0,False,215,1769518333,0,848.4,7380.0,59582.0,True
unitedstatesofindia,1qoctu7,2026-01,o20c9yp,kilaithalai,True,2.0,False,,False,54,1769519265,0,5571.7,4486.0,58707.0,True
unitedstatesofindia,1qoctu7,2026-01,o20ag68,NoGodsNoMastersOOO,True,3.0,True,2.0,False,51,1769518599,0,250.9,4051.0,55271.0,True
unitedstatesofindia,1qoctu7,2026-01,o20bf2x,Thoughtporn123,True,4.0,True,3.0,False,22,1769518956,0,1297.6,5880.0,47629.0,True
unitedstatesofindia,1qoctu7,2026-01,o20bs9e,vidushak0,True,5.0,True,5.0,False,13,1769519089,0,2256.5,712.0,29354.0,True
unitedstatesofindia,1qoctu7,2026-01,o20c81d,mylifeonearth_,True,6.0,False,,False,7,1769519246,0,1580.9,11578.0,25721.0,True
unitedstatesofindia,1qoctu7,2026-01,o219hif,notyetover88,True,7.0,False,,False,5,1769529172,0,1332.9,2193.0,2751.0,True
unitedstatesofindia,1qoctu7,2026-01,o20bl5x,Any-Explanation-4584,True,8.0,True,4.0,False,5,1769519017,0,1278.8,2994.0,13696.0,True
unitedstatesofindia,1qoctu7,2026-01,o23acwq,PersonalityMiddle864,True,9.0,False,,False,3,1769548248,0,1117.6,660.0,34759.0,True
unitedstatesofindia,1qoctu7,2026-01,o20gs6t,Waah_Realist,True,10.0,False,,False,3,1769520776,0,168.3,3213.0,13519.0,True
unitedstatesofindia,1qiuw1z,2026-01,o0u33ia,Any-Individual5262,True,1.0,True,2.0,False,216,1768993524,0,300.2,6.0,12529.0,False
unitedstatesofindia,1qiuw1z,2026-01,o0u4401,Wachkuss,True,2.0,True,4.0,False,211,1768994041,0,1693.3,20413.0,44572.0,True
unitedstatesofindia,1qiuw1z,2026-01,o0u4e1w,vidushak0,True,3.0,False,,False,144,1768994180,0,2256.5,712.0,29354.0,True
unitedstatesofindia,1qiuw1z,2026-01,o0u560a,Adi9691,True,4.0,False,,False,74,1768994572,0,1755.4,2236.0,10264.0,True
unitedstatesofindia,1qiuw1z,2026-01,o0u418t,Conscious-Mix-651,True,5.0,True,3.0,False,36,1768994001,0,611.8,721.0,2835.0,True
unitedstatesofindia,1qiuw1z,2026-01,o0u9w0n,NOT_deadsix,True,6.0,False,,False,28,1768996764,0,928.9,315.0,32203.0,True
unitedstatesofindia,1qiuw1z,2026-01,o0uasal,TheReaderDude_97,True,7.0,False,,False,28,1768997163,0,912.2,40806.0,96699.0,True
unitedstatesofindia,1qiuw1z,2026-01,o0uaf12,_fatcheetah,True,8.0,False,,False,23,1768996998,0,3337.0,1678.0,26185.0,True
unitedstatesofindia,1qiuw1z,2026-01,o0u4uqu,CroachKhan,True,9.0,False,,True,20,1768994414,0,,,,
unitedstatesofindia,1qiuw1z,2026-01,o0u62og,CessnaRider,True,10.0,False,,False,18,1768995016,0,1170.9,162.0,1709.0,True
unitedstatesofindia,1qiuw1z,2026-01,o0u4cln,SadAd746,False,,True,5.0,False,7,1768994159,0,1940.2,174.0,1316.0,True
unitedstatesofindia,1qiuw1z,2026-01,o0u27qo,CroachKhan,False,,True,1.0,True,6,1768993071,0,,,,
unitedstatesofindia,1qakm77,2026-01,nz3qrdy,FalseBuilding4465,True,1.0,True,1.0,False,342,1768190387,0,1230.0,2905.0,5415.0,True
unitedstatesofindia,1qakm77,2026-01,nz3sjiu,sHHawarrrma,True,2.0,True,2.0,False,104,1768190994,0,1707.1,16.0,403.0,True
unitedstatesofindia,1qakm77,2026-01,nz3x954,crazythinker_,True,3.0,True,3.0,False,66,1768192766,0,1645.9,1098.0,524.0,True
unitedstatesofindia,1qakm77,2026-01,nz3y9tj,find_a_rare_uuid,True,4.0,True,4.0,False,57,1768193174,0,670.7,41615.0,202686.0,True
unitedstatesofindia,1qakm77,2026-01,nz43fek,ExaminationFail25,True,5.0,False,,False,36,1768195348,0,1486.0,53.0,190172.0,True
unitedstatesofindia,1qakm77,2026-01,nz3za36,Idiotsofblr,True,7.0,True,5.0,False,20,1768193584,0,1387.2,2557.0,13970.0,True
unitedstatesofindia,1qakm77,2026-01,nz4d5md,Express-World-8473,True,6.0,False,,False,22,1768199996,0,,,,
unitedstatesofindia,1qakm77,2026-01,nz49uzv,Muster_theRohirrim,True,8.0,False,,False,20,1768198348,0,2955.8,2474.0,19646.0,True
unitedstatesofindia,1qakm77,2026-01,nz42yxi,-crazymaster-,True,9.0,False,,False,17,1768195146,0,2537.6,869.0,9591.0,True
unitedstatesofindia,1qakm77,2026-01,nz43qkt,lemonickous,True,10.0,False,,False,11,1768195484,0,4242.6,200.0,16771.0,True
unitedstatesofindia,1q7ax93,2026-01,nye1ojc,sarumanismyboi,True,1.0,True,3.0,False,418,1767876880,0,2091.6,45269.0,33580.0,True
unitedstatesofindia,1q7ax93,2026-01,nye1cja,frizene26,True,2.0,True,1.0,False,398,1767876757,0,2370.0,139710.0,177058.0,True
unitedstatesofindia,1q7ax93,2026-01,nye1ndj,NoGodsNoMastersOOO,True,3.0,True,2.0,False,122,1767876868,0,250.9,4051.0,55271.0,True
unitedstatesofindia,1q7ax93,2026-01,nye234p,QuarterOdd8691,True,4.0,True,5.0,False,105,1767877030,0,782.6,2.0,1435.0,False
unitedstatesofindia,1q7ax93,2026-01,nye6d1h,rohithkumarsp,True,5.0,False,,True,81,1767878547,0,4687.2,164146.0,137366.0,True
unitedstatesofindia,1q7ax93,2026-01,nye2mr6,Hefty-Being-8522,True,7.0,False,,False,53,1767877228,0,1860.9,213318.0,51120.0,True
unitedstatesofindia,1q7ax93,2026-01,nye2qyy,Picaloco86,True,6.0,False,,False,56,1767877271,0,2868.0,1869.0,17828.0,True
unitedstatesofindia,1q7ax93,2026-01,nye4nh1,Hefty-Conference-791,True,9.0,False,,False,30,1767877956,0,1536.2,55.0,97282.0,True
unitedstatesofindia,1q7ax93,2026-01,nye6e0v,neutrinome,True,8.0,False,,False,34,1767878556,0,2045.2,487.0,20175.0,False
unitedstatesofindia,1q7ax93,2026-01,nye2r3g,Mysterious-Catch-320,True,10.0,False,,False,28,1767877273,0,1805.5,2747.0,9300.0,True
unitedstatesofindia,1q7ax93,2026-01,nye1w7k,ValuableMuch7703,False,,True,4.0,False,20,1767876959,0,432.9,13227.0,155394.0,True
IndianStreetBets,1q2ta9u,2026-01,nxfh2fh,paulisdead0000,True,1.0,True,4.0,False,358,1767444009,0,2582.3,10426.0,4790.0,True
IndianStreetBets,1q2ta9u,2026-01,nxff53k,blasternaut007,True,2.0,True,1.0,False,240,1767443139,0,2257.7,2817.0,42502.0,True
IndianStreetBets,1q2ta9u,2026-01,nxfh5dc,Comfortable_Top_1476,True,3.0,True,5.0,False,163,1767444045,0,179.8,73.0,618.0,True
IndianStreetBets,1q2ta9u,2026-01,nxffm7c,Leelaah_saiee,True,4.0,True,2.0,False,133,1767443357,0,2190.0,4850.0,17095.0,True
IndianStreetBets,1q2ta9u,2026-01,nxfm1n0,Calm-Adhesiveness605,True,5.0,False,,False,124,1767446057,0,661.0,1493.0,1167.0,False
IndianStreetBets,1q2ta9u,2026-01,nxfhyea,Weak_Instruction869,True,6.0,False,,False,84,1767444396,0,972.3,14525.0,10908.0,True
IndianStreetBets,1q2ta9u,2026-01,nxfgpjd,DrLucifer_1989,True,7.0,True,3.0,False,49,1767443851,0,1138.9,207.0,3643.0,True
IndianStreetBets,1q2ta9u,2026-01,nxfwsc1,Nell152,True,8.0,False,,False,45,1767449909,0,1730.6,1.0,1358.0,True
IndianStreetBets,1q2ta9u,2026-01,nxfoz1v,Consistent_Put5556,True,9.0,False,,False,42,1767447154,0,,,,
IndianStreetBets,1q2ta9u,2026-01,nxggbgd,Lower-Message-828,True,10.0,False,,False,25,1767456002,0,329.3,1145.0,7933.0,True
IndianStreetBets,1qh03aq,2026-01,o0gbqe4,_C9H13N_,True,1.0,True,4.0,False,928,1768817605,0,2838.1,169.0,8231.0,True
IndianStreetBets,1qh03aq,2026-01,o0gaj4q,Main_Session_8415,True,2.0,True,1.0,False,523,1768816931,0,180.9,1.0,1738.0,True
IndianStreetBets,1qh03aq,2026-01,o0gc1sx,nomadic-insomniac,True,3.0,True,5.0,False,228,1768817778,0,2121.1,2967.0,24942.0,True
IndianStreetBets,1qh03aq,2026-01,o0gaqfi,RX08T,True,4.0,True,2.0,False,105,1768817045,0,167.4,47556.0,19037.0,True
IndianStreetBets,1qh03aq,2026-01,o0gce9v,dankumemer,True,5.0,False,,False,30,1768817970,0,,,,
IndianStreetBets,1qh03aq,2026-01,o0gd6ys,g0dfather93,True,6.0,False,,False,23,1768818414,0,4337.5,3402.0,34316.0,True
IndianStreetBets,1qh03aq,2026-01,o0gc2tm,Ok-Pipe-5151,True,7.0,False,,False,18,1768817794,0,,,,
IndianStreetBets,1qh03aq,2026-01,o0gd7sw,beingPrakhar,True,10.0,False,,False,4,1768818427,0,2374.0,346.0,4234.0,True
IndianStreetBets,1qh03aq,2026-01,o0gdq1r,humping_dawg,True,8.0,False,,False,5,1768818707,0,1007.7,173.0,1297.0,True
IndianStreetBets,1qh03aq,2026-01,o0imlld,BERSERK_KNIGHT_666,True,9.0,False,,False,5,1768846053,0,2164.9,4320.0,23935.0,True
IndianStreetBets,1qh03aq,2026-01,o0gbnmo,StrawberryFarms,False,,True,3.0,False,3,1768817562,0,3778.7,479.0,6959.0,True
IndianStreetBets,1qp40w6,2026-01,o26b901,Napster003,True,1.0,True,3.0,False,192,1769584885,0,736.6,846.0,16853.0,True
IndianStreetBets,1qp40w6,2026-01,o26cl9p,Patient_Sort7562,True,2.0,True,4.0,False,63,1769585584,0,745.7,44.0,155.0,True
IndianStreetBets,1qp40w6,2026-01,o26el32,RoninPilot7274,True,3.0,True,5.0,False,31,1769586627,0,507.1,17542.0,58941.0,True
IndianStreetBets,1qp40w6,2026-01,o26hsd2,Active_Challenge_741,True,4.0,False,,False,29,1769588319,0,702.9,914.0,7312.0,True
IndianStreetBets,1qp40w6,2026-01,o26nzfk,DeadlyGamer2202,True,5.0,False,,False,16,1769591758,0,2152.6,7258.0,43037.0,True
IndianStreetBets,1qp40w6,2026-01,o267kgd,RichJuggernaut3616,True,6.0,True,1.0,False,16,1769583073,0,2045.1,40.0,533.0,True
IndianStreetBets,1qp40w6,2026-01,o268h93,Much_Discussion1490,True,7.0,True,2.0,False,3,1769583509,0,1389.2,9091.0,93641.0,True
IndianStreetBets,1qp40w6,2026-01,o26qfda,No_Resource_9,True,8.0,False,,False,3,1769593133,0,1970.2,531.0,536.0,True
IndianStreetBets,1qp40w6,2026-01,o26zv36,CryptographerDue931,True,9.0,False,,False,3,1769598144,0,1675.1,1.0,753.0,True
IndianStreetBets,1qp40w6,2026-01,o27fc8s,No_Form_3461,True,10.0,False,,False,2,1769604885,0,191.3,2327.0,746.0,True
IndianStreetBets,1q756nv,2026-01,nycxfki,investing11213,True,1.0,True,2.0,False,585,1767856856,0,880.7,1248.0,12207.0,False
IndianStreetBets,1q756nv,2026-01,nycyfe3,rmk_1808,True,2.0,True,4.0,False,105,1767857375,0,2085.3,31010.0,86559.0,True
IndianStreetBets,1q756nv,2026-01,nycwzu5,Select-Albatross-675,True,3.0,True,1.0,False,40,1767856633,0,1609.7,132.0,5207.0,True
IndianStreetBets,1q756nv,2026-01,nyd0amx,Sun_Namah,True,4.0,False,,False,36,1767858357,0,1010.8,5502.0,4777.0,True
IndianStreetBets,1q756nv,2026-01,nyczmh1,Busy-Kitchen-7715,True,5.0,False,,False,30,1767858004,0,2005.1,875.0,193.0,True
IndianStreetBets,1q756nv,2026-01,nyczcfo,Safe-Mind-241,True,6.0,True,5.0,False,27,1767857859,0,1088.6,1357.0,13124.0,True
IndianStreetBets,1q756nv,2026-01,nycy7g0,Late-Purpose396,True,7.0,True,3.0,False,10,1767857258,0,1723.1,8023.0,2996.0,True
IndianStreetBets,1q756nv,2026-01,nyda6cc,nrm-matthai,True,8.0,False,,False,8,1767863716,0,168.1,4.0,21.0,True
IndianStreetBets,1q756nv,2026-01,nydjnwv,Background_Egg4828,True,9.0,False,,False,8,1767868857,0,1454.6,1.0,214.0,True
IndianStreetBets,1q756nv,2026-01,nyczo37,Adventurous-Wall-122,True,10.0,False,,False,5,1767858028,0,857.1,4766.0,44127.0,True
IndianStreetBets,1qang2w,2026-01,nz4pwa7,iykyk84,True,1.0,True,1.0,False,136,1768206922,0,238.0,68.0,243.0,True
IndianStreetBets,1qang2w,2026-01,nz5rjss,coldstone87,True,2.0,True,2.0,False,9,1768225185,0,1821.4,1700.0,26808.0,True
IndianStreetBets,1qang2w,2026-01,nzc6mq3,Illustrious_Try_4952,True,3.0,True,3.0,False,2,1768305492,0,720.2,13.0,44.0,True
IndianStreetBets,1qn7k1w,2026-01,o1rrdyu,madasamy69,True,1.0,True,3.0,False,721,1769406784,0,690.1,1.0,2305.0,False
IndianStreetBets,1qn7k1w,2026-01,o1rqv27,KookyPineapple768,True,2.0,True,1.0,False,203,1769406554,0,617.7,1406.0,1570.0,True
IndianStreetBets,1qn7k1w,2026-01,o1rrks9,RamboGunner,True,3.0,True,5.0,False,125,1769406868,0,2725.4,1690.0,23058.0,True
IndianStreetBets,1qn7k1w,2026-01,o1rrwx1,Longjumping_Fee_1490,True,4.0,False,,False,70,1769407020,0,1842.0,580.0,17104.0,True
IndianStreetBets,1qn7k1w,2026-01,o1rr70g,Salty_Act_9488,True,5.0,True,2.0,False,36,1769406699,0,998.8,2823.0,4756.0,True
IndianStreetBets,1qn7k1w,2026-01,o1rujsi,108thoughts,True,6.0,False,,False,15,1769408225,0,153.1,1536.0,176.0,True
IndianStreetBets,1qn7k1w,2026-01,o1rs79g,billy_the_bat,True,7.0,False,,False,7,1769407149,0,196.5,77.0,1738.0,True
IndianStreetBets,1qn7k1w,2026-01,o1rx5nd,akash_delhi_,True,8.0,False,,False,6,1769409446,0,1724.4,106.0,3473.0,True
IndianStreetBets,1qn7k1w,2026-01,o1s3ci8,No-Oven70,True,9.0,False,,False,4,1769412477,0,160.1,352.0,731.0,True
IndianStreetBets,1qn7k1w,2026-01,o1rriws,Macho_Nonreal,False,,True,4.0,False,3,1769406845,0,,,,
IndianStreetBets,1qn7k1w,2026-01,o1rum4x,trumpdolund,True,10.0,False,,False,4,1769408255,0,363.8,96.0,10425.0,False
IndianStreetBets,1q4fg1f,2026-01,nxs4u5v,Fin_Turtle,True,1.0,True,2.0,False,374,1767598633,0,510.9,558.0,31799.0,True
IndianStreetBets,1q4fg1f,2026-01,nxs88bi,Bingoo_dd,True,2.0,True,4.0,False,156,1767600498,0,2059.4,13898.0,21197.0,True
IndianStreetBets,1q4fg1f,2026-01,nxs4tg8,include-jayesh,True,3.0,True,1.0,False,71,1767598622,0,2758.1,2776.0,15935.0,True
IndianStreetBets,1q4fg1f,2026-01,nxsem10,Ashu_78,True,4.0,False,,False,17,1767604136,0,950.1,851.0,2825.0,True
IndianStreetBets,1q4fg1f,2026-01,nxs96yl,SteveInfinty,True,5.0,True,5.0,False,14,1767601045,0,1542.2,869.0,364.0,True
IndianStreetBets,1q4fg1f,2026-01,nxs6cb9,RedFalconEyes,True,6.0,True,3.0,False,11,1767599457,0,3918.7,116.0,66339.0,True
IndianStreetBets,1q4fg1f,2026-01,nxsfyly,RabbitCity6090,True,7.0,False,,False,9,1767604914,0,171.3,50.0,3116.0,True
IndianStreetBets,1q4fg1f,2026-01,nxs9lhn,unluckyiest,True,8.0,False,,False,6,1767601274,0,1002.1,8.0,1240.0,False
IndianStreetBets,1q4fg1f,2026-01,nxse0rg,Loading_DingDong,True,9.0,False,,False,3,1767603794,0,,,,
IndianStreetBets,1q4fg1f,2026-01,nxs9hg1,iamgorki,True,10.0,False,,False,2,1767601210,0,2139.2,1509.0,4214.0,True
IndianStreetBets,1qlf9o8,2026-01,o1dyre0,suru445,True,1.0,False,,False,297,1769238419,0,2050.7,4422.0,2261.0,True
IndianStreetBets,1qlf9o8,2026-01,o1dtuj2,offisapup,True,2.0,True,2.0,False,97,1769235900,0,1604.8,9385.0,20706.0,True
IndianStreetBets,1qlf9o8,2026-01,o1dvmqm,Silly-Okra92,True,3.0,True,5.0,False,49,1769236807,0,1179.8,1.0,121.0,True
IndianStreetBets,1qlf9o8,2026-01,o1dzytn,TheUpwardlymobile,True,4.0,False,,False,48,1769239054,0,1084.6,71.0,953.0,True
IndianStreetBets,1qlf9o8,2026-01,o1duq0g,Cabinet-Particular,True,5.0,True,4.0,False,28,1769236344,0,2164.0,145.0,5075.0,True
IndianStreetBets,1qlf9o8,2026-01,o1e05uq,Ok-Pipe-5151,True,6.0,False,,False,21,1769239158,0,,,,
IndianStreetBets,1qlf9o8,2026-01,o1du2ui,kamatbro,True,7.0,True,3.0,False,11,1769236017,0,135.9,7401.0,6417.0,True
IndianStreetBets,1qlf9o8,2026-01,o1e2gha,MaterialAgent4105,True,8.0,False,,False,5,1769240384,0,1592.6,252.0,941.0,True
IndianStreetBets,1qlf9o8,2026-01,o1dshsq,aiwasnevermeanttobe,True,9.0,True,1.0,False,5,1769235224,0,138.3,1.0,9481.0,True
IndianStreetBets,1qlf9o8,2026-01,o1e124d,JumpyStretch9312,True,10.0,False,,False,4,1769239630,0,1576.7,463.0,6544.0,True
IndianStreetBets,1qo3nea,2026-01,o1yjosy,Jerrypatel9,True,1.0,True,2.0,False,450,1769488215,0,2970.2,149.0,2441.0,True
IndianStreetBets,1qo3nea,2026-01,o1yl190,triple_hoop,True,2.0,True,3.0,False,242,1769488741,0,1935.1,4512.0,122190.0,True
IndianStreetBets,1qo3nea,2026-01,o1yjmi8,starboi_777,True,3.0,True,1.0,False,29,1769488190,0,2811.9,324.0,3499.0,True
IndianStreetBets,1qo3nea,2026-01,o1yoodq,scan_line110110,True,4.0,False,,False,17,1769490189,0,2740.7,17415.0,35260.0,True
IndianStreetBets,1qo3nea,2026-01,o1yo7i8,MichaelScotPaperComp,True,5.0,False,,False,10,1769489998,0,1186.2,271.0,42006.0,True
IndianStreetBets,1qo3nea,2026-01,o1ylcts,Prior_Yam9775,True,6.0,True,4.0,False,6,1769488867,0,720.7,1571.0,2023.0,True
IndianStreetBets,1qo3nea,2026-01,o1ynrv3,Cain_94,True,7.0,False,,False,5,1769489822,0,1954.1,203.0,208.0,True
IndianStreetBets,1qo3nea,2026-01,o1yotuw,Major-Warthog8067,True,8.0,False,,False,3,1769490252,0,746.6,11.0,6870.0,True
IndianStreetBets,1qo3nea,2026-01,o1ymkv6,maraudershake,True,9.0,True,5.0,False,2,1769489346,0,2952.4,87624.0,67306.0,True
IndianStreetBets,1qo3nea,2026-01,o1ypbpp,Critical-Swing5161,True,10.0,False,,False,2,1769490457,0,1243.3,322.0,1556.0,True
IndianStreetBets,1q7f1nm,2026-01,nyf1l1u,pigsterben,True,1.0,True,2.0,False,441,1767887811,0,178.6,10.0,9615.0,True
IndianStreetBets,1q7f1nm,2026-01,nyfo5np,Turbulent-Lack2817,True,2.0,False,,False,200,1767893757,0,710.2,1.0,1896.0,True
IndianStreetBets,1q7f1nm,2026-01,nyfq48z,Red_-95,True,3.0,False,,False,114,1767894271,0,,,,
IndianStreetBets,1q7f1nm,2026-01,nyf28hw,Ok-Energy669,True,4.0,True,4.0,False,107,1767887985,0,1450.7,3520.0,784.0,True
IndianStreetBets,1q7f1nm,2026-01,nyfentf,an0n_helper,True,5.0,False,,False,79,1767891255,0,1387.2,46.0,4762.0,True
IndianStreetBets,1q7f1nm,2026-01,nyf3j74,sehgaldivij,True,7.0,False,,False,65,1767888342,0,2691.5,1.0,395.0,True
IndianStreetBets,1q7f1nm,2026-01,nyf0t4u,SuckeruuIsBack,True,6.0,True,1.0,False,66,1767887604,0,,,,
IndianStreetBets,1q7f1nm,2026-01,nyf27u1,Instantflyer,True,8.0,True,3.0,False,34,1767887980,0,554.6,19.0,1857.0,True
IndianStreetBets,1q7f1nm,2026-01,nyf3ih4,We_R_not_Same,True,9.0,True,5.0,False,29,1767888337,0,,,,
IndianStreetBets,1q7f1nm,2026-01,nyfm534,ToothSafe2479,True,10.0,False,,False,7,1767893222,0,1798.9,3017.0,3978.0,True
JEENEETards,1qg9eby,2026-01,o0akug5,Thin-Doctor-1339,True,1.0,True,1.0,False,331,1768745969,0,,,,
JEENEETards,1qg9eby,2026-01,o0aljt9,this_lightkeeper,True,2.0,True,5.0,False,242,1768746207,0,,,,
JEENEETards,1qg9eby,2026-01,o0ao4x6,aradhyaaaaaaaaa,True,3.0,False,,False,135,1768747062,0,342.3,59.0,2626.0,True
JEENEETards,1qg9eby,2026-01,o0al1mo,Artistic_Plastic_780,True,4.0,True,3.0,False,98,1768746036,0,433.9,613.0,9869.0,True
JEENEETards,1qg9eby,2026-01,o0ao4wg,False_Purple_8815,True,5.0,False,,False,50,1768747062,0,142.3,54.0,230.0,True
JEENEETards,1qg9eby,2026-01,o0auitc,Popular-Tip9037,True,6.0,False,,False,33,1768749087,0,176.0,193.0,2099.0,True
JEENEETards,1qg9eby,2026-01,o0akvq6,iamdumb7,True,7.0,True,2.0,False,23,1768745981,0,1119.9,923.0,5603.0,True
JEENEETards,1qg9eby,2026-01,o0alood,zordaarmuthmare18,True,8.0,False,,False,19,1768746253,0,,,,
JEENEETards,1qg9eby,2026-01,o0apzlh,Positive-Radish-4305,True,9.0,False,,False,19,1768747661,0,816.8,641.0,1469.0,False
JEENEETards,1qg9eby,2026-01,o0azgrx,Upbeat-Peanut2294,True,10.0,False,,False,15,1768750568,0,315.4,57.0,190.0,True
JEENEETards,1qg9eby,2026-01,o0alc00,cocooooo_melonnnn,False,,True,4.0,False,13,1768746134,0,612.8,369.0,959.0,True
JEENEETards,1qlnf1f,2026-01,o1fdrcu,OriginalLeoDas,True,1.0,True,1.0,False,838,1769263521,0,270.9,7463.0,35615.0,True
JEENEETards,1qlnf1f,2026-01,o1fglxz,PuzzleheadedLeek7366,True,2.0,True,2.0,False,464,1769264497,0,829.0,2598.0,8934.0,True
JEENEETards,1qlnf1f,2026-01,o1fhsh2,ObviousStranger5657,True,3.0,True,3.0,False,111,1769264895,0,,,,
JEENEETards,1qlnf1f,2026-01,o1fnhkx,Numerous-Ad1097,True,4.0,False,,False,42,1769266745,0,643.4,250.0,1124.0,True
JEENEETards,1qlnf1f,2026-01,o1fmdlb,Technical-Garage-310,True,5.0,False,,False,9,1769266396,0,858.1,63.0,2603.0,True
JEENEETards,1qlnf1f,2026-01,o1fim3f,adolf_nta,True,6.0,True,4.0,False,6,1769265168,0,528.8,2933.0,14430.0,True
JEENEETards,1qlnf1f,2026-01,o1fl22y,akshit_sinha,True,8.0,False,,False,3,1769265978,0,1524.9,54.0,2921.0,True
JEENEETards,1qlnf1f,2026-01,o1fqbhr,Old-Firefighter4632,True,7.0,False,,False,4,1769267620,0,,,,
JEENEETards,1qlnf1f,2026-01,o1gg44t,MysticSprYT,True,9.0,False,,False,3,1769274744,0,1409.0,490.0,1406.0,True
JEENEETards,1qlnf1f,2026-01,o1kes38,Im-damn-cool,True,10.0,False,,False,3,1769317987,0,1969.3,1.0,254.0,True
JEENEETards,1qlnf1f,2026-01,o1fkhl7,CricketExotic8639,False,,True,5.0,False,2,1769265793,0,,,,
JEENEETards,1q1v0qp,2026-01,nx8co74,RealRaging_Fire,True,1.0,True,2.0,False,330,1767349070,0,2141.4,46374.0,6484.0,True
JEENEETards,1q1v0qp,2026-01,nx8dndu,SchrodingersFury69,True,2.0,False,,False,147,1767349620,0,394.7,1.0,159.0,True
JEENEETards,1q1v0qp,2026-01,nx8di1z,vidyut_22,True,3.0,True,5.0,False,116,1767349537,0,1922.1,10.0,1080.0,True
JEENEETards,1q1v0qp,2026-01,nx8e4gu,average-teen-guy,True,4.0,False,,False,107,1767349888,0,741.8,1257.0,20714.0,True
JEENEETards,1q1v0qp,2026-01,nx8cn0v,Lopsided-Ease-5517,True,5.0,True,1.0,False,64,1767349052,0,180.1,20809.0,17941.0,False
JEENEETards,1q1v0qp,2026-01,nx8gd6h,RockingGamerX04,True,6.0,False,,False,42,1767351122,0,1961.8,664.0,1057.0,True
JEENEETards,1q1v0qp,2026-01,nx913ni,Neither_Turn_3058,True,7.0,False,,False,17,1767360797,0,261.6,141.0,568.0,True
JEENEETards,1q1v0qp,2026-01,nx8dbkw,Shot-Zebrauwu,True,8.0,True,4.0,False,17,1767349437,0,1374.9,2069.0,365.0,True
JEENEETards,1q1v0qp,2026-01,nx930j7,Careless_Citron9297,True,9.0,False,,False,13,1767361493,0,291.9,89.0,1512.0,True
JEENEETards,1q1v0qp,2026-01,nx9j6l7,Disastrous-Cry8142,True,10.0,False,,False,13,1767366929,0,676.4,10.0,180.0,True
JEENEETards,1q1v0qp,2026-01,nx8d3p9,zestypig33,False,,True,3.0,False,11,1767349313,0,,,,
JEENEETards,1qivo5j,2026-01,o0u7y9p,PhoenixSenpaiii,True,1.0,True,3.0,False,1627,1768995901,0,1555.1,5250.0,32828.0,True
JEENEETards,1qivo5j,2026-01,o0u7laq,shubsfanno1,True,2.0,True,1.0,False,403,1768995735,0,,,,
JEENEETards,1qivo5j,2026-01,o0u9po2,Hot_Finger8397,True,3.0,True,5.0,False,142,1768996686,0,332.7,1.0,123.0,False
JEENEETards,1qivo5j,2026-01,o0u82av,gottacrackneet,True,4.0,True,4.0,False,72,1768995951,0,279.0,810.0,2426.0,True
JEENEETards,1qivo5j,2026-01,o0ubjur,Creepy_Researcher709,True,5.0,False,,False,45,1768997499,0,621.3,4.0,160.0,True
JEENEETards,1qivo5j,2026-01,o0u7vad,Excellent-Button-903,True,6.0,True,2.0,False,28,1768995863,0,546.2,4171.0,14462.0,True
JEENEETards,1qivo5j,2026-01,o0ubwrk,Wrong-Secretary-2507,True,7.0,False,,False,11,1768997656,0,401.2,128.0,687.0,True
JEENEETards,1qivo5j,2026-01,o0uaxd0,Chayan-Khiladi,True,8.0,False,,False,5,1768997225,0,1541.2,65.0,4494.0,True
JEENEETards,1qfes4q,2026-01,o0416n6,Muted-Fan-8363,True,1.0,True,1.0,False,276,1768660957,0,280.2,9774.0,8887.0,True
JEENEETards,1qfes4q,2026-01,o042ky8,OneBeat2337,True,2.0,True,3.0,False,79,1768661399,0,461.7,3.0,358.0,True
JEENEETards,1qfes4q,2026-01,o0421j7,flying_ass69,True,3.0,True,2.0,False,37,1768661228,0,508.9,1744.0,1903.0,True
JEENEETards,1qfes4q,2026-01,o048598,dottore_01,True,4.0,False,,False,32,1768663133,0,437.0,423.0,3993.0,True
JEENEETards,1qfes4q,2026-01,o0433sw,ParvisOp6666,True,5.0,True,4.0,False,29,1768661563,0,1743.2,4205.0,3272.0,True
JEENEETards,1qfes4q,2026-01,o04i67z,No_Ganache_6833,True,6.0,False,,False,8,1768666022,0,249.8,9.0,108.0,True
JEENEETards,1qfes4q,2026-01,o04pl6z,0001357,True,7.0,False,,False,7,1768668123,0,,,,
JEENEETards,1qfes4q,2026-01,o04rswm,HAWK9646,True,8.0,False,,False,4,1768668739,0,,,,
JEENEETards,1qfes4q,2026-01,o045eva,Dheeruj,True,9.0,True,5.0,False,4,1768662289,0,,,,
JEENEETards,1qfes4q,2026-01,o07dxws,Xeo56719,True,10.0,False,,False,3,1768696634,0,412.1,31.0,1255.0,True
JEENEETards,1qks7y4,2026-01,o19316x,fanwithfourblades,True,1.0,True,4.0,False,73,1769181867,0,283.0,558.0,438.0,True
JEENEETards,1qks7y4,2026-01,o190u8x,chora_cricket,True,2.0,True,2.0,False,33,1769181245,0,182.8,2094.0,153.0,True
JEENEETards,1qks7y4,2026-01,o194psx,Athletic_Insaan,True,3.0,False,,False,29,1769182333,0,1103.0,59.0,224.0,True
JEENEETards,1qks7y4,2026-01,o193bu8,Tight-Anything-5689,True,4.0,True,5.0,False,12,1769181949,0,751.6,333.0,3062.0,True
JEENEETards,1qks7y4,2026-01,o194ta7,NoMaintenance5336,True,5.0,False,,False,10,1769182360,0,576.5,14.0,254.0,True
JEENEETards,1qks7y4,2026-01,o1997ec,FuriousTiz,True,6.0,False,,False,10,1769183555,0,2039.9,3.0,6.0,True
JEENEETards,1qks7y4,2026-01,o18uzki,DistrictAny7036,True,7.0,True,1.0,False,8,1769179515,0,,,,
JEENEETards,1qks7y4,2026-01,o192e9s,useandthrow-me,True,8.0,True,3.0,False,7,1769181690,0,382.8,1.0,28.0,True
JEENEETards,1qks7y4,2026-01,o19a4ja,RepresentativeFew219,True,9.0,False,,False,6,1769183802,0,1997.1,655.0,9977.0,True
JEENEETards,1qks7y4,2026-01,o1952un,majakingsmajaqueen,True,10.0,False,,False,6,1769182434,0,138.7,225.0,268.0,True
JEENEETards,1qfari3,2026-01,o037knx,hasy_20,True,1.0,True,1.0,False,137,1768649049,0,332.1,2736.0,3364.0,True
JEENEETards,1qfari3,2026-01,o03b2lt,hariharan_ts,True,2.0,True,2.0,False,66,1768650877,0,1422.0,1111.0,7806.0,True
JEENEETards,1qfari3,2026-01,o03gqyi,cosmic-synergies,True,3.0,True,4.0,False,20,1768653604,0,232.8,54109.0,13383.0,True
JEENEETards,1qfari3,2026-01,o03ok23,Parking_Fudge_124,True,4.0,False,,False,11,1768656733,0,,,,
JEENEETards,1qfari3,2026-01,o06ckgh,1_FPS_PLAYER,True,5.0,False,,False,5,1768685165,0,,,,
JEENEETards,1qfari3,2026-01,o03evsd,Worldly_Pear_1951,True,6.0,True,3.0,False,3,1768652741,0,151.9,1.0,48.0,True
JEENEETards,1qfari3,2026-01,o03o54y,More-Mention-5225,True,7.0,True,5.0,False,2,1768656580,0,304.8,327.0,5814.0,True
JEENEETards,1qfari3,2026-01,o03okp1,RipComprehensive4322,True,8.0,False,,False,1,1768656740,0,411.7,336.0,5753.0,True
JEENEETards,1qfari3,2026-01,o03otgq,Worried-Anywhere-318,True,9.0,False,,False,1,1768656829,0,,,,
JEENEETards,1qfari3,2026-01,o05ivre,ConfusionMountain105,True,10.0,False,,False,1,1768676270,0,1210.0,1529.0,5336.0,True
JEENEETards,1q9ta15,2026-01,nyxrgur,harsh10a,True,1.0,False,,False,74,1768117621,0,516.5,1023.0,2621.0,True
JEENEETards,1q9ta15,2026-01,nyxqthf,Realistic_Gas3005,True,2.0,True,3.0,False,32,1768117269,0,347.0,536.0,5967.0,True
JEENEETards,1q9ta15,2026-01,nyxr4dl,sweetnessCHARGER,True,3.0,True,4.0,False,30,1768117433,0,250.2,278.0,4742.0,True
JEENEETards,1q9ta15,2026-01,nyxrex3,spicydrive,True,4.0,True,5.0,False,17,1768117592,0,354.1,2583.0,3326.0,True
JEENEETards,1q9ta15,2026-01,nyxqph6,PossibleNose5751,True,5.0,True,2.0,False,6,1768117208,0,,,,
JEENEETards,1q9ta15,2026-01,nyymlpk,Residentblackded,True,6.0,False,,False,4,1768134501,0,522.7,159.0,158.0,True
JEENEETards,1q9ta15,2026-01,nyxqnsa,Thatoneguy_04,True,7.0,True,1.0,False,3,1768117184,0,482.8,363.0,754.0,True
JEENEETards,1q9ta15,2026-01,nyy5cwj,Sweet_Meeting4428,True,8.0,False,,False,3,1768125346,0,752.4,2100.0,5071.0,True
JEENEETards,1q9ta15,2026-01,nyxszwt,Far-Ad3513,True,9.0,False,,False,2,1768118455,0,,,,
JEENEETards,1q9ta15,2026-01,nyxt69l,Beneficial-Sir-8377,True,10.0,False,,False,2,1768118551,0,186.8,66.0,363.0,True
JEENEETards,1qloh4a,2026-01,o1fnww0,kuromi_fairy,True,1.0,True,3.0,False,132,1769266879,0,454.9,3026.0,6984.0,True
JEENEETards,1qloh4a,2026-01,o1fvhtp,yapwithme_0,True,2.0,True,5.0,False,34,1769269142,0,269.6,554.0,1102.0,True
JEENEETards,1qloh4a,2026-01,o1fudg9,notzhongli031,True,3.0,True,4.0,False,19,1769268820,0,993.3,140.0,9781.0,True
JEENEETards,1qloh4a,2026-01,o1fjpjo,blehhhkiki,True,4.0,True,1.0,False,7,1769265537,0,182.9,616.0,7171.0,True
JEENEETards,1qloh4a,2026-01,o1fn43z,Uranium106,True,6.0,True,2.0,False,4,1769266629,0,1463.6,1651.0,12208.0,True
JEENEETards,1qloh4a,2026-01,o1g71ek,tutu_the_destroyer,True,5.0,False,,False,6,1769272332,0,,,,
JEENEETards,1qloh4a,2026-01,o1g8fsk,Gremlin-Star-07,True,7.0,False,,False,4,1769272702,0,815.9,580.0,6384.0,False
JEENEETards,1qloh4a,2026-01,o1g4t2x,Warm-Guarantee-5111,True,8.0,False,,False,2,1769271727,0,833.1,2800.0,2009.0,True
JEENEETards,1qloh4a,2026-01,o1g97ea,notsaneatall_,True,9.0,False,,False,1,1769272905,0,671.6,1637.0,58667.0,True
JEENEETards,1qloh4a,2026-01,o1gw8v2,slumpgodsescape,True,10.0,False,,False,1,1769278957,0,,,,
JEENEETards,1qjmo1m,2026-01,o103d2v,garma_garam_period,True,1.0,True,1.0,False,61,1769062714,0,154.9,150.0,1232.0,True
JEENEETards,1qjmo1m,2026-01,o106t06,Superrich123,True,2.0,True,3.0,False,23,1769064424,0,145.8,18.0,2098.0,True
JEENEETards,1qjmo1m,2026-01,o10mc9o,AggravatingError9363,True,3.0,False,,False,17,1769072848,0,1534.8,802.0,314.0,True
JEENEETards,1qjmo1m,2026-01,o10d7u3,Kowendabest,True,4.0,True,4.0,False,12,1769067793,0,1594.6,8530.0,26570.0,True
JEENEETards,1qjmo1m,2026-01,o105vs3,Motor_Musician2643,True,5.0,True,2.0,False,4,1769063962,0,1463.8,1198.0,1853.0,True
JEENEETards,1qjmo1m,2026-01,o10iofp,AwkwardHuman__,True,6.0,False,,False,4,1769070791,0,350.9,94.0,6984.0,True
JEENEETards,1qjmo1m,2026-01,o10hfh3,misserrorfulzindagi,True,7.0,False,,False,2,1769070083,0,393.1,85.0,5582.0,True
JEENEETards,1qjmo1m,2026-01,o10xd63,Batmanbegins3,True,8.0,False,,False,2,1769078964,0,148.4,1.0,58.0,True
JEENEETards,1qjmo1m,2026-01,o10hf33,Legitimate-Bell386,True,9.0,True,5.0,False,1,1769070076,0,,,,
JEENEETards,1qjmo1m,2026-01,o10qorh,Altruistic_Mind1093,True,10.0,False,,False,1,1769075343,0,1017.1,8.0,5510.0,True
ISRO,1q2lnto,2026-01,nxe8bk9,rghegde,True,1.0,True,2.0,False,31,1767421441,0,2825.2,1775.0,1035.0,True
ISRO,1q2lnto,2026-01,nxe95kv,BoringScientis,True,2.0,True,3.0,False,10,1767421853,0,551.7,70.0,116.0,True
ISRO,1q2lnto,2026-01,nxeebho,spaceTech4kids,True,3.0,True,4.0,False,9,1767424443,0,957.5,621.0,232.0,True
ISRO,1q2lnto,2026-01,nxe1k2d,vineethgk,True,4.0,True,1.0,False,7,1767418297,0,3573.0,1977.0,1748.0,True
ISRO,1q2lnto,2026-01,nxeewee,Ohsin,True,5.0,True,5.0,False,6,1767424740,0,6317.2,136552.0,54412.0,True
ISRO,1q2lnto,2026-01,nxezleq,VespucciEagle,True,6.0,False,,False,3,1767435448,0,724.6,11390.0,13137.0,True
ISRO,1q2lnto,2026-01,nxeroiq,Decronym,True,7.0,False,,False,2,1767431384,0,3901.8,1.0,138989.0,False
ISRO,1q2lnto,2026-01,nxjws7j,vitfront,True,8.0,False,,False,1,1767492903,0,659.1,200.0,689.0,True
ISRO,1q92vvp,2026-01,nys478w,laugh_till_u_yeet,True,1.0,True,1.0,False,12,1768050727,0,2723.8,46320.0,7218.0,True
ISRO,1q92vvp,2026-01,nys5vvs,Pallab_1805,True,2.0,True,2.0,True,11,1768051385,0,337.1,783.0,119.0,True
ISRO,1q92vvp,2026-01,nythowy,Dasthan_Jasmine,True,3.0,True,3.0,False,9,1768066330,0,700.0,1.0,12.0,True
ISRO,1q92vvp,2026-01,nz8e575,Mean-Plant4825,True,4.0,True,4.0,False,1,1768252076,0,,,,
ISRO,1q92vvp,2026-01,nzbaqis,stellar_2026,True,5.0,True,5.0,False,1,1768287935,0,146.9,1.0,0.0,True
ISRO,1qcfmmj,2026-01,nzhtlmd,Ohsin,True,1.0,True,1.0,True,75,1768370870,0,6317.2,136552.0,54412.0,True
ISRO,1qcfmmj,2026-01,nzi0fnw,Charming-Hall-9194,True,2.0,True,2.0,False,19,1768374377,0,289.2,13.0,841.0,True
ISRO,1qcfmmj,2026-01,nzijy3o,PineappleSuch1326,True,3.0,True,3.0,False,13,1768385514,0,296.1,100.0,55.0,True
ISRO,1qcfmmj,2026-01,nziu7tl,c0pium_inhaler,True,4.0,True,4.0,False,3,1768390851,0,1019.9,779.0,12344.0,True
ISRO,1qcfmmj,2026-01,nzj4l7w,prazzzy_b,True,5.0,False,,False,3,1768395295,0,270.3,21.0,26.0,True
ISRO,1qcfmmj,2026-01,nzj3923,Decronym,True,6.0,True,5.0,False,2,1768394769,0,3901.8,1.0,138989.0,False
ISRO,1q6lsgs,2026-01,nyccs5p,Ohsin,True,1.0,True,1.0,False,3,1767847682,0,6317.2,136552.0,54412.0,True
ISRO,1q2rzly,2026-01,nxf7ell,Ohsin,True,1.0,True,1.0,False,16,1767439416,0,6317.2,136552.0,54412.0,True
ISRO,1q2rzly,2026-01,nxf9y9e,betaaaa404,True,2.0,True,2.0,False,6,1767440674,0,2167.0,17.0,599.0,True
ISRO,1q2rzly,2026-01,nxfc7x7,spaceTech4kids,True,3.0,True,3.0,False,3,1767441761,0,957.5,621.0,232.0,True
ISRO,1q2rzly,2026-01,nxg5vuv,kaddyki,True,4.0,True,4.0,False,3,1767452895,0,272.2,1.0,6.0,True
ISRO,1q2rzly,2026-01,nxgft7g,Decronym,True,5.0,True,5.0,False,2,1767455854,0,3901.8,1.0,138989.0,False
ISRO,1q2rzly,2026-01,nxhcqy4,oldknight_arthur,True,6.0,False,,False,2,1767465009,0,657.7,52.0,45.0,True
ISRO,1q2rzly,2026-01,nxt2sj5,Interesting-Ad41,True,7.0,False,,False,2,1767616503,0,2107.1,1.0,12.0,True
ISRO,1q2rzly,2026-01,nxzwdo7,Praftoral,True,8.0,False,,False,2,1767702906,0,1855.1,3461.0,225.0,True
ISRO,1q2rzly,2026-01,nyqwjyx,Ohsin,True,9.0,False,,False,2,1768027873,0,6317.2,136552.0,54412.0,True
ISRO,1qamdak,2026-01,nz441dk,ofcourseivereddit,True,1.0,True,1.0,False,31,1768195615,0,519.8,1.0,2965.0,True
ISRO,1qamdak,2026-01,nz4492t,Pallab_1805,True,2.0,True,2.0,False,27,1768195713,0,337.1,783.0,119.0,True
ISRO,1qamdak,2026-01,nz44nwe,Karluti,True,3.0,True,3.0,False,25,1768195897,0,3118.6,768.0,2233.0,True
ISRO,1qamdak,2026-01,nz4k848,898Kinetic,True,4.0,False,,False,18,1768203755,0,2703.0,904.0,21826.0,True
ISRO,1qamdak,2026-01,nz451zk,Massive_Dish_3255,True,5.0,True,4.0,False,17,1768196078,0,1975.3,115.0,682.0,True
ISRO,1qamdak,2026-01,nz48eua,TKO1515,True,7.0,True,5.0,False,6,1768197645,0,2007.4,1818.0,22777.0,True
ISRO,1qamdak,2026-01,nz4mh2n,Avizeet,True,8.0,False,,False,6,1768204993,0,1974.9,1345.0,1169.0,True
ISRO,1qamdak,2026-01,nz5nxvi,Bubbly_Farm_6850,True,6.0,False,,False,7,1768223924,0,557.9,51.0,37.0,False
ISRO,1qamdak,2026-01,nz6jl8a,Reelthusiast,True,9.0,False,,False,6,1768233769,0,883.2,7161.0,4725.0,True
ISRO,1qamdak,2026-01,nz5w94v,alpachinohacks,True,10.0,False,,False,3,1768226751,0,2326.4,1.0,24.0,True
ISRO,1q4g3hd,2026-01,nxsazgm,interstellar-dust,True,1.0,True,2.0,False,16,1767602063,0,2834.7,3969.0,50230.0,True
ISRO,1q4g3hd,2026-01,nxs99sv,Ohsin,True,2.0,True,1.0,True,11,1767601090,0,6317.2,136552.0,54412.0,True
ISRO,1q4g3hd,2026-01,nxsqexz,Souravius234,True,3.0,True,3.0,False,1,1767610632,0,2628.3,45.0,3732.0,True
ISRO,1q4g3hd,2026-01,nxy5fb8,FocusCool4260,True,4.0,True,4.0,False,1,1767671915,0,827.9,2940.0,923.0,True
ISRO,1q4g3hd,2026-01,nyrqn62,Ohsin,True,5.0,True,5.0,True,1,1768044377,0,6317.2,136552.0,54412.0,True
ISRO,1qfz3x6,2026-01,o08mfte,Pallab_1805,True,1.0,True,1.0,True,9,1768711678,0,337.1,783.0,119.0,True
ISRO,1qfz3x6,2026-01,o0bkscl,Pallab_1805,True,2.0,True,2.0,True,3,1768756663,0,337.1,783.0,119.0,True
ISRO,1qh73vw,2026-01,o0iyhz9,VarunOnt,True,1.0,True,1.0,False,6,1768849180,0,1539.3,24.0,94.0,True
ISRO,1qs1awe,2026-01,o2s95xf,spaceTech4kids,True,1.0,True,1.0,False,8,1769865502,0,957.5,621.0,232.0,True
ISRO,1qs1awe,2026-01,o2sbm2b,shreyeahright,True,2.0,True,2.0,False,6,1769866423,0,1358.7,1.0,5.0,True
ISRO,1qs1awe,2026-01,o2sjy91,PuzzleheadedMode7517,True,3.0,True,3.0,False,6,1769869380,0,1966.3,33090.0,65868.0,True
ISRO,1qs1awe,2026-01,o30cxwl,Flashy-Version-141,True,4.0,True,4.0,False,1,1769969094,0,1227.8,411.0,1383.0,True
ISRO,1qs1awe,2026-01,o30i4di,Decronym,True,5.0,True,5.0,False,1,1769970487,0,3901.8,1.0,138989.0,False
ISRO,1qs1awe,2026-01,o5ok31g,sleeping_beautyyyyy,True,6.0,False,,False,1,1771249637,0,182.9,15.0,29.0,True
ISRO,1qs1awe,2026-01,o80ruh2,my_life_is_fucked_up,True,7.0,False,,False,1,1772352727,0,2090.8,1982.0,6325.0,True
UPSC,1q79y3a,2026-01,nydvx6m,PercentageMammoth759,True,1.0,True,4.0,False,111,1767874610,0,1627.7,148.0,935.0,True
UPSC,1q79y3a,2026-01,nydu0zm,ConstructionAny8440,True,2.0,True,1.0,True,80,1767873805,0,1725.9,1171060.0,83036.0,True
UPSC,1q79y3a,2026-01,nydxgux,__Pixie___,True,3.0,False,,False,54,1767875245,0,1471.4,1278.0,3068.0,True
UPSC,1q79y3a,2026-01,nydum6j,Historical-Sorbet-36,True,4.0,True,3.0,False,53,1767874061,0,1805.1,1808.0,4982.0,True
UPSC,1q79y3a,2026-01,nydx4tl,Electronic-Ad-8149,True,5.0,False,,False,25,1767875110,0,1951.2,27.0,647.0,True
UPSC,1q79y3a,2026-01,nye5p3u,amritapuri,True,6.0,False,,False,9,1767878320,0,1093.0,6.0,2276.0,False
UPSC,1q79y3a,2026-01,nye057w,humayanx,True,7.0,False,,False,9,1767876302,0,250.8,671.0,281.0,True
UPSC,1q79y3a,2026-01,nyefqrs,Confident_Factor3389,True,8.0,False,,False,7,1767881564,0,1560.7,204.0,6574.0,True
UPSC,1q79y3a,2026-01,nyfgljl,Fit_Lengthiness_1666,True,9.0,False,,False,4,1767891759,0,,,,
UPSC,1q79y3a,2026-01,nydu4o2,Lazy_killer9999,True,10.0,True,2.0,False,4,1767873850,0,1606.5,22524.0,7174.0,True
UPSC,1q79y3a,2026-01,nydwybt,Naan-violence,False,,True,5.0,False,3,1767875037,0,2251.1,788.0,5401.0,True
UPSC,1q5gl8j,2026-01,nxzrx4s,yash1501999,True,1.0,True,1.0,False,76,1767700971,0,2066.7,66.0,186.0,True
UPSC,1q5gl8j,2026-01,nxzsxns,robo029,True,2.0,True,2.0,False,75,1767701432,0,445.2,5653.0,1437.0,True
UPSC,1q5gl8j,2026-01,nxztnjr,zaeyn-fc,True,3.0,True,3.0,False,43,1767701750,0,2361.2,184.0,301.0,True
UPSC,1q5gl8j,2026-01,nxzv1yj,Intelligent_You_0,True,4.0,True,4.0,False,27,1767702354,0,403.2,227.0,1916.0,True
UPSC,1q5gl8j,2026-01,ny010y3,holol_lol,True,5.0,False,,False,27,1767704731,0,737.1,44.0,27.0,True
UPSC,1q5gl8j,2026-01,ny05u1i,jeetmultani,True,6.0,False,,False,19,1767706437,0,1215.2,41.0,154.0,True
UPSC,1q5gl8j,2026-01,ny01uz3,warfunder,True,7.0,False,,False,10,1767705043,0,2462.6,5419.0,4752.0,True
UPSC,1q5gl8j,2026-01,ny05zi6,CommercialBobcat9824,True,8.0,False,,False,9,1767706488,0,463.8,1.0,153.0,True
UPSC,1q5gl8j,2026-01,ny02hvi,Third3Floor,True,9.0,False,,False,4,1767705276,0,,,,
UPSC,1q5gl8j,2026-01,nxzzk5b,Excellent_Skill8716,True,10.0,True,5.0,False,3,1767704169,0,,,,
UPSC,1qkvuaf,2026-01,o19l431,Lanky-Equivalent7915,True,1.0,True,1.0,False,154,1769186755,0,376.8,39.0,3085.0,True
UPSC,1qkvuaf,2026-01,o19nxkb,Dempressed_Kimg,True,2.0,False,,False,66,1769187515,0,1617.0,8207.0,59070.0,True
UPSC,1qkvuaf,2026-01,o19lvmk,rama_rahul,True,3.0,True,3.0,False,59,1769186958,0,3057.0,17022.0,1254.0,True
UPSC,1qkvuaf,2026-01,o19pl1s,filtercoffe,True,4.0,False,,False,51,1769187967,0,2306.9,76.0,1479.0,True
UPSC,1qkvuaf,2026-01,o19mnze,Eastern-Emotion9685,True,5.0,True,5.0,False,14,1769187170,0,1627.2,3811.0,145636.0,True
UPSC,1qkvuaf,2026-01,o19w1q1,Dizzy_Cobbler_3493,True,6.0,False,,False,9,1769189787,0,719.2,125.0,3516.0,True
UPSC,1qkvuaf,2026-01,o19m05l,Opening-Law-9566,True,7.0,True,4.0,False,8,1769186992,0,193.1,1.0,1228.0,True
UPSC,1qkvuaf,2026-01,o19tj5v,Avenge-Rex,True,8.0,False,,False,7,1769189089,0,463.8,310.0,334.0,False
UPSC,1qkvuaf,2026-01,o1a0wry,notdesperatejustdumb,True,9.0,False,,False,7,1769191111,0,359.4,7460.0,8609.0,True
UPSC,1qkvuaf,2026-01,o19lsw3,anshp20,True,10.0,True,2.0,False,7,1769186938,0,1157.6,12.0,791.0,True
UPSC,1qn6h2w,2026-01,o1rlwox,BannedRedditVet,True,1.0,True,1.0,False,35,1769404456,0,335.9,3874.0,5088.0,True
UPSC,1qn6h2w,2026-01,o1rwd63,Aashuubabyy,True,2.0,True,2.0,False,2,1769409070,0,523.8,818.0,796.0,True
UPSC,1qn6h2w,2026-01,o1shjm9,Successful-Way6273,True,3.0,True,3.0,False,2,1769420078,0,449.5,36234.0,15941.0,True
UPSC,1qn6h2w,2026-01,o1simlv,handmegun,True,4.0,True,4.0,False,1,1769420677,0,2725.8,22908.0,17044.0,True
UPSC,1qn6h2w,2026-01,o34nmos,Massive_Secretary899,True,5.0,True,5.0,False,1,1770024917,0,414.9,46.0,41.0,True
UPSC,1qlnkip,2026-01,o1ffl8y,pulchritudinous_luos,True,1.0,False,,False,39,1769264150,0,142.9,4169.0,16901.0,True
UPSC,1qlnkip,2026-01,o1ffx2c,rajrajeshwari_mata_,True,2.0,False,,False,25,1769264263,0,192.9,70.0,95.0,True
UPSC,1qlnkip,2026-01,o1fciq2,pta_nhi_,True,3.0,True,1.0,False,21,1769263089,0,832.9,324.0,334.0,True
UPSC,1qlnkip,2026-01,o1fjyyy,lord_dekisugi,True,4.0,False,,False,12,1769265623,0,705.1,11.0,4735.0,True
UPSC,1qlnkip,2026-01,o1fjayg,Aashuubabyy,True,5.0,False,,False,5,1769265401,0,523.8,818.0,796.0,True
UPSC,1qlnkip,2026-01,o1ff8m0,Witty-Strategy187,True,6.0,True,5.0,False,4,1769264031,0,776.2,1.0,3639.0,True
UPSC,1qlnkip,2026-01,o1fu14i,polaris_reader,True,7.0,False,,False,4,1769268722,0,4063.8,184.0,1374.0,True
UPSC,1qlnkip,2026-01,o1ff2kj,Just-Bit2846,True,9.0,True,4.0,False,2,1769263972,0,1161.2,380.0,183.0,True
UPSC,1qlnkip,2026-01,o1gx3vi,GreenExplorer8648,True,8.0,False,,False,3,1769279178,0,886.9,47.0,2338.0,True
UPSC,1qlnkip,2026-01,o1fd05x,Strange_Strain_1321,True,10.0,True,2.0,False,2,1769263259,0,,,,
UPSC,1qlnkip,2026-01,o1fdkkw,Roronoa_007,False,,True,3.0,False,1,1769263456,0,410.8,677.0,8432.0,True
UPSC,1qbp9ml,2026-01,nzc5uuq,PresentMiddle5481,True,1.0,True,4.0,True,212,1768305126,0,1484.7,351.0,1867.0,True
UPSC,1qbp9ml,2026-01,nzc8fp5,Pratikular,True,2.0,False,,False,186,1768306301,0,711.5,27.0,699.0,True
UPSC,1qbp9ml,2026-01,nzc8p1b,Low-Goat3779,True,3.0,False,,False,118,1768306415,0,1301.6,930.0,11619.0,True
UPSC,1qbp9ml,2026-01,nzc5poy,Mysterious-Track-622,True,4.0,True,3.0,False,81,1768305057,0,278.5,627.0,1789.0,True
UPSC,1qbp9ml,2026-01,nzc5jcf,PresentMiddle5481,True,5.0,True,1.0,True,41,1768304975,0,1484.7,351.0,1867.0,True
UPSC,1qbp9ml,2026-01,nzc6haf,papacharlie90,True,6.0,False,,False,30,1768305423,0,827.1,1.0,118.0,False
UPSC,1qbp9ml,2026-01,nzcby9y,Delicious-Flight-441,True,7.0,False,,False,30,1768307799,0,151.9,576.0,1327.0,False
UPSC,1qbp9ml,2026-01,nzc8z4x,amd9770,True,8.0,False,,False,16,1768306539,0,1382.2,293.0,376.0,True
UPSC,1qbp9ml,2026-01,nzc8ibp,Agreeable-Air8725,True,9.0,False,,False,12,1768306334,0,1897.5,708.0,627.0,True
UPSC,1qbp9ml,2026-01,nzcd2l7,Sanjay_10_,True,10.0,False,,False,10,1768308250,0,1955.9,2780.0,6781.0,True
UPSC,1qbp9ml,2026-01,nzc6g5s,BankaiSaringam,False,,True,5.0,False,9,1768305407,0,583.1,952.0,2729.0,True
UPSC,1qbp9ml,2026-01,nzc5lk2,InfiniteTree2875,False,,True,2.0,False,7,1768305004,0,804.4,12.0,1277.0,True
UPSC,1qkljf9,2026-01,o17idib,wardaddy93,True,1.0,True,2.0,False,83,1769159177,0,3390.5,235.0,926.0,True
UPSC,1qkljf9,2026-01,o19c53f,Hirdeshivam,True,2.0,False,,False,20,1769184344,0,1862.9,183.0,4235.0,True
UPSC,1qkljf9,2026-01,o17u89y,philosophy1lover,True,3.0,True,5.0,False,13,1769165677,0,1071.0,51.0,1251.0,True
UPSC,1qkljf9,2026-01,o17rm8n,neon_beee,True,4.0,True,3.0,False,8,1769164312,0,1051.8,2715.0,3956.0,True
UPSC,1qkljf9,2026-01,o183y7y,lazymomo5,True,5.0,False,,False,7,1769170263,0,2197.9,752.0,14518.0,True
UPSC,1qkljf9,2026-01,o17tthk,philosophy1lover,True,6.0,True,4.0,False,4,1769165471,0,1071.0,51.0,1251.0,True
UPSC,1qkljf9,2026-01,o17fqjk,Dirt_to_stardust,True,7.0,True,1.0,False,1,1769157711,0,251.5,31.0,784.0,True
UPSC,1qkljf9,2026-01,o185zzo,Any-Specific3691,True,8.0,False,,False,1,1769171119,0,392.6,3.0,299.0,True
UPSC,1qkljf9,2026-01,o1ajt5q,StandardAd9518,True,9.0,False,,False,1,1769196225,0,1344.3,42.0,1.0,True
UPSC,1qkljf9,2026-01,o1bjin7,prince_of_pride21,True,10.0,False,,False,1,1769206299,0,482.3,32.0,45.0,False
UPSC,1qf6vre,2026-01,o02zo5x,samosawithsambhar,True,1.0,True,3.0,False,53,1768644666,0,228.7,142.0,695.0,True
UPSC,1qf6vre,2026-01,o031hnq,ali_murtaza009,True,2.0,True,5.0,False,31,1768645691,0,1376.2,16.0,45.0,True
UPSC,1qf6vre,2026-01,o03255p,Extension-Kiwi-7276,True,3.0,False,,False,12,1768646055,0,678.4,214.0,5478.0,True
UPSC,1qf6vre,2026-01,o02r2z2,Green-Estate-7708,True,4.0,True,1.0,False,7,1768639773,0,1601.0,79.0,401.0,True
UPSC,1qf6vre,2026-01,o03cy10,Pegasus-Stromblast,True,5.0,False,,False,6,1768651808,0,,,,
UPSC,1qf6vre,2026-01,o03yq4l,nolibranocrime,True,6.0,False,,False,3,1768660166,0,1813.6,536.0,6617.0,True
UPSC,1qf6vre,2026-01,o05qxe9,Agreeable_Ad_8587,True,7.0,False,,False,2,1768678563,0,1781.1,1.0,8.0,True
UPSC,1qf6vre,2026-01,o0dpkgh,Drvengeance7,True,8.0,False,,False,2,1768779105,0,1340.0,369.0,1125.0,True
UPSC,1qf6vre,2026-01,o02rn5l,ayushprince,True,9.0,True,2.0,False,1,1768640087,0,790.7,1115.0,1039.0,True
UPSC,1qf6vre,2026-01,o0308u6,rajrishi711,True,10.0,True,4.0,False,1,1768644992,0,3142.4,1.0,267.0,True
UPSC,1qf4fzi,2026-01,o024fi8,BankaiSaringam,True,1.0,True,2.0,False,132,1768627834,0,583.1,952.0,2729.0,True
UPSC,1qf4fzi,2026-01,o028ibi,Mental_Ad_7018,True,2.0,False,,False,72,1768629780,0,1479.8,3850.0,6286.0,True
UPSC,1qf4fzi,2026-01,o024ixa,Certain-Car-6474,True,3.0,True,3.0,False,54,1768627879,0,1403.2,971.0,12779.0,True
UPSC,1qf4fzi,2026-01,o023m01,Solace_seeker123123,True,4.0,True,1.0,False,53,1768627459,0,456.1,4106.0,7614.0,True
UPSC,1qf4fzi,2026-01,o02526o,No_Minute3049,True,5.0,True,4.0,False,29,1768628125,0,1642.2,230.0,190.0,True
UPSC,1qf4fzi,2026-01,o027szg,Third3Floor,True,6.0,True,5.0,False,17,1768629431,0,,,,
UPSC,1qf4fzi,2026-01,o028mp1,ObsceneEnergy,True,7.0,False,,False,13,1768629841,0,,,,
UPSC,1qf4fzi,2026-01,o029vju,chaibiscuuttt,True,8.0,False,,False,9,1768630469,0,348.0,607.0,228.0,True
UPSC,1qf4fzi,2026-01,o02cvjb,wittykitty24,True,9.0,False,,False,8,1768632010,0,985.5,288.0,636.0,True
UPSC,1qf4fzi,2026-01,o028v1g,Extension-Kiwi-7276,True,10.0,False,,False,7,1768629958,0,678.4,214.0,5478.0,True
UPSC,1qgesbn,2026-01,o0dzdgw,Transhuman-A,True,1.0,True,4.0,False,227,1768782226,0,197.6,2.0,431.0,True
UPSC,1qgesbn,2026-01,o0bq8rw,thenameofwind,True,2.0,True,3.0,False,86,1768758223,0,2840.9,493.0,96939.0,True
UPSC,1qgesbn,2026-01,o0bq1v1,Lillyhat24,True,4.0,True,2.0,False,19,1768758169,0,786.6,454.0,1179.0,True
UPSC,1qgesbn,2026-01,o0ga7i7,neonik99,True,3.0,False,,False,20,1768816749,0,468.0,3698.0,9411.0,True
UPSC,1qgesbn,2026-01,o0bpy38,Lanky-Equivalent7915,True,5.0,True,1.0,False,10,1768758140,0,376.8,39.0,3085.0,True
UPSC,1qgesbn,2026-01,o0ewozq,Standard-Disaster860,True,6.0,True,5.0,False,7,1768793090,0,618.0,1.0,5.0,True
UPSC,1qgesbn,2026-01,o0fctj8,serious_buddy123,True,7.0,False,,False,3,1768799404,0,234.3,1.0,1.0,True
UPSC,1qgesbn,2026-01,o0fdock,Due_Entertainment_66,True,8.0,False,,False,3,1768799777,0,2102.7,353.0,46350.0,True
UPSC,1qgesbn,2026-01,o0p6toq,anonymous-ag,True,9.0,False,,False,1,1768929668,0,2280.3,2062.0,11774.0,True
UPSC,1qgesbn,2026-01,o0t8u98,styxquinn9871,True,10.0,False,,False,1,1768976819,0,1938.6,5.0,8.0,True
StartUpIndia,1qo6h8e,2026-01,o1z6gml,Boogeyman235,True,1.0,False,,False,559,1769498465,0,1387.6,642.0,5513.0,True
StartUpIndia,1qo6h8e,2026-01,o1z61gd,tha1detective190,True,2.0,True,5.0,True,207,1769498247,0,632.7,3164.0,589.0,True
StartUpIndia,1qo6h8e,2026-01,o1z5pyl,tha1detective190,True,3.0,True,4.0,True,122,1769498084,0,632.7,3164.0,589.0,True
StartUpIndia,1qo6h8e,2026-01,o1z2rod,Exporinglife2050,True,4.0,True,1.0,False,49,1769496614,0,200.3,40288.0,4690.0,True
StartUpIndia,1qo6h8e,2026-01,o1z634k,hobabaObama,True,5.0,False,,False,44,1769498271,0,4130.4,21316.0,76197.0,False
StartUpIndia,1qo6h8e,2026-01,o1z5lqi,tha1detective190,True,6.0,True,3.0,True,39,1769498025,0,632.7,3164.0,589.0,True
StartUpIndia,1qo6h8e,2026-01,o1z68xg,random_sexiness,True,8.0,False,,False,29,1769498354,0,791.2,468.0,2629.0,True
StartUpIndia,1qo6h8e,2026-01,o1zd37h,No-Comment-8160,True,7.0,False,,False,34,1769502028,0,1122.5,398.0,8105.0,True
StartUpIndia,1qo6h8e,2026-01,o1z4a4d,Ok_Midnight_3967,True,9.0,True,2.0,False,16,1769497363,0,320.3,7644.0,2965.0,True
StartUpIndia,1qo6h8e,2026-01,o20adi3,devd7549,True,10.0,False,,False,15,1769518571,0,1609.1,1.0,22.0,True
StartUpIndia,1q21wdo,2026-01,nx9sb01,awaishssn,True,1.0,True,3.0,False,314,1767369598,0,3678.3,64.0,71016.0,True
StartUpIndia,1q21wdo,2026-01,nx9rn9m,Scary_Telephone8337,True,2.0,True,2.0,False,215,1767369411,0,460.4,10.0,15526.0,True
StartUpIndia,1q21wdo,2026-01,nx9uyd2,veriyyan,True,3.0,True,5.0,False,113,1767370348,0,2906.9,198.0,4224.0,True
StartUpIndia,1q21wdo,2026-01,nx9v5d2,Miserable_Ad3580,True,4.0,False,,False,84,1767370403,0,1940.6,63.0,342.0,True
StartUpIndia,1q21wdo,2026-01,nx9tdqk,Individual-Scene2489,True,5.0,True,4.0,False,40,1767369904,0,759.7,357.0,600.0,True
StartUpIndia,1q21wdo,2026-01,nxa3h6m,your_ally_,True,6.0,False,,False,36,1767372735,0,162.8,11.0,274.0,True
StartUpIndia,1q21wdo,2026-01,nx9wzl3,abhitooth,True,7.0,False,,False,22,1767370920,0,3413.0,14760.0,75529.0,True
StartUpIndia,1q21wdo,2026-01,nxa027k,r0_okie,True,8.0,False,,False,13,1767371785,0,1297.0,313.0,6453.0,True
StartUpIndia,1q21wdo,2026-01,nx9z360,VCamUser,True,9.0,False,,False,9,1767371513,0,1326.7,18861.0,110072.0,True
StartUpIndia,1q21wdo,2026-01,nx9ynm1,Anime_fucker69cUm,True,10.0,False,,False,7,1767371392,0,,,,
StartUpIndia,1q21wdo,2026-01,nx9qnkk,Bronze000,False,,True,1.0,False,3,1767369130,0,918.8,128.0,20658.0,True
StartUpIndia,1q56m7i,2026-01,nxxy4wi,Character-Travel3952,True,1.0,True,2.0,False,80,1767669369,0,276.3,137.0,4244.0,False
StartUpIndia,1q56m7i,2026-01,nxyfntd,abhish3k108,True,2.0,False,,False,69,1767675905,0,479.1,25.0,471.0,False
StartUpIndia,1q56m7i,2026-01,nxy7kf7,Moist-Permission-472,True,3.0,False,,False,27,1767672706,0,1903.3,1.0,34.0,True
StartUpIndia,1q56m7i,2026-01,nxywidd,No_Plan_080512,True,4.0,False,,False,10,1767683992,0,159.1,1.0,24.0,True
StartUpIndia,1q56m7i,2026-01,nxxx45v,dark_anarchy20,True,5.0,True,1.0,False,7,1767669018,0,3994.8,9971.0,6267.0,True
StartUpIndia,1q56m7i,2026-01,nxythai,MasterAkaza,True,6.0,False,,False,5,1767682398,0,165.8,7.0,314.0,True
StartUpIndia,1q56m7i,2026-01,nxyqjxa,Gameoftruelies,True,7.0,False,,False,3,1767680908,0,571.8,27.0,5608.0,True
StartUpIndia,1q56m7i,2026-01,nxyx786,Life_Hedger,True,8.0,False,,False,3,1767684373,0,188.3,1.0,43.0,True
StartUpIndia,1q56m7i,2026-01,nxxy50k,bmbybrew,True,9.0,True,3.0,False,2,1767669370,0,2117.0,11.0,2817.0,True
StartUpIndia,1q56m7i,2026-01,nxy1b8b,alexdx_,True,10.0,True,4.0,False,2,1767670463,0,,,,
StartUpIndia,1q56m7i,2026-01,nxy3uf0,No_Butterfly_751,False,,True,5.0,False,1,1767671347,0,165.8,1.0,302.0,True
StartUpIndia,1q7ds7r,2026-01,nyer9qy,okeepitreal,True,1.0,True,5.0,False,453,1767884990,0,4088.2,1822.0,3897.0,True
StartUpIndia,1q7ds7r,2026-01,nyepj35,Bulky-Carpet1368,True,2.0,True,2.0,False,61,1767884492,0,505.7,1113.0,3723.0,True
StartUpIndia,1q7ds7r,2026-01,nyf3nzs,0xlostincode,True,3.0,False,,False,22,1767888379,0,501.0,37258.0,82787.0,True
StartUpIndia,1q7ds7r,2026-01,nyepkpq,CreativeMuseMan,True,4.0,True,3.0,False,9,1767884504,0,1015.7,9898.0,54065.0,True
StartUpIndia,1q7ds7r,2026-01,nyizd3p,Secure_Insect9950,True,5.0,False,,False,9,1767927568,0,893.0,1769.0,1669.0,False
StartUpIndia,1q7ds7r,2026-01,nyfcn4x,Uncharted_Explorer01,True,6.0,False,,False,8,1767890740,0,1689.9,540.0,542.0,True
StartUpIndia,1q7ds7r,2026-01,nyfa5k1,thefatarrow,True,7.0,False,,False,6,1767890095,0,2111.9,1102.0,1551.0,True
StartUpIndia,1q7ds7r,2026-01,nyfakjc,NicolausTheKnight,True,8.0,False,,False,3,1767890204,0,319.4,100.0,1978.0,True
StartUpIndia,1q7ds7r,2026-01,nyeqrna,Candid_Parking_1757,True,9.0,True,4.0,False,2,1767884847,0,272.4,1100.0,9797.0,True
StartUpIndia,1q7ds7r,2026-01,nyeripq,_ML_AI_,True,10.0,False,,False,2,1767885059,0,2183.7,1872.0,8146.0,True
StartUpIndia,1q7ds7r,2026-01,nyeocbp,newly_single_af,False,,True,1.0,False,1,1767884153,0,2020.4,5289.0,8912.0,True
StartUpIndia,1qg1fcp,2026-01,o095lw4,CarbonCrawler,True,1.0,False,,False,83,1768720762,0,3691.8,31825.0,47714.0,True
StartUpIndia,1qg1fcp,2026-01,o094l9l,Bhaicharaontop_1,True,2.0,True,2.0,False,23,1768720228,0,241.9,2099.0,2635.0,True
StartUpIndia,1qg1fcp,2026-01,o094o8r,arcx01123,True,3.0,True,4.0,False,22,1768720272,0,2335.9,199.0,10532.0,True
StartUpIndia,1qg1fcp,2026-01,o09iazk,Administraitor69,True,4.0,False,,False,11,1768727719,0,1217.2,78.0,5828.0,True
StartUpIndia,1qg1fcp,2026-01,o09bq28,EntertainmentThin237,True,5.0,False,,False,8,1768724060,0,,,,
StartUpIndia,1qg1fcp,2026-01,o093wue,JunketMelodic6326,True,6.0,True,1.0,False,7,1768719869,0,1155.7,1.0,828.0,True
StartUpIndia,1qg1fcp,2026-01,o097fa0,HvSingh69,True,7.0,False,,False,6,1768721737,0,,,,
StartUpIndia,1qg1fcp,2026-01,o094nx4,Inevitable-Arugula44,True,8.0,True,3.0,False,5,1768720268,0,1792.3,3.0,28.0,True
StartUpIndia,1qg1fcp,2026-01,o09asdb,rishiarora,True,9.0,False,,False,5,1768723552,0,6576.4,7005.0,32411.0,True
StartUpIndia,1qg1fcp,2026-01,o094t5h,Similar_Duty1951,False,,True,5.0,False,1,1768720343,0,1182.9,6280.0,46445.0,True
StartUpIndia,1qg1fcp,2026-01,o09a60x,Logical-Candidate-83,True,10.0,False,,False,2,1768723213,0,1445.5,120.0,1299.0,True
StartUpIndia,1qitzug,2026-01,o0twz02,Zestyclose-Way-8265,True,1.0,True,1.0,False,108,1768990236,0,,,,
StartUpIndia,1qitzug,2026-01,o0tzar4,Indian_Electronics,True,2.0,True,4.0,False,48,1768991518,0,161.9,9.0,186.0,True
StartUpIndia,1qitzug,2026-01,o0ukxit,kshreerang,True,3.0,False,,False,45,1769001199,0,4880.2,12178.0,2584.0,True
StartUpIndia,1qitzug,2026-01,o0tzzvb,Frosty-Rope-4363,True,4.0,True,5.0,False,22,1768991900,0,428.2,61.0,758.0,True
StartUpIndia,1qitzug,2026-01,o0txod6,SaZ2024,True,5.0,True,2.0,False,12,1768990628,0,,,,
StartUpIndia,1qitzug,2026-01,o0udckg,Cute_Chipmunk7288,True,6.0,False,,False,8,1768998270,0,1612.6,5.0,2135.0,True
StartUpIndia,1qitzug,2026-01,o0ty3cf,include-jayesh,True,7.0,True,3.0,False,6,1768990856,0,2758.1,2776.0,15935.0,True
StartUpIndia,1qitzug,2026-01,o0ur7gu,aryaman16,True,8.0,False,,False,4,1769003341,0,2897.2,16406.0,80566.0,True
StartUpIndia,1qitzug,2026-01,o0vdi12,ShinyGanS,True,9.0,False,,False,3,1769010018,0,2064.1,1322.0,7328.0,True
StartUpIndia,1qitzug,2026-01,o0u0fpd,Fun_Transition_4706,True,10.0,False,,False,2,1768992139,0,1254.7,1.0,135.0,True
StartUpIndia,1q2sbt2,2026-01,nxfqwpu,un_Dead73,True,1.0,False,,False,209,1767447853,0,470.7,169.0,427.0,True
StartUpIndia,1q2sbt2,2026-01,nxf9r6v,markelonn,True,2.0,True,1.0,False,71,1767440579,0,4619.7,21879.0,193345.0,True
StartUpIndia,1q2sbt2,2026-01,nxffbcy,yash--bansal,True,3.0,True,3.0,False,45,1767443218,0,,,,
StartUpIndia,1q2sbt2,2026-01,nxfrf4q,Apprehensive-Leg8938,True,4.0,False,,False,22,1767448034,0,1140.4,1853.0,833.0,False
StartUpIndia,1q2sbt2,2026-01,nxfqgmm,Outrageous-Leg-4727,True,5.0,False,,False,14,1767447694,0,2020.7,962.0,5830.0,True
StartUpIndia,1q2sbt2,2026-01,nxfi5sz,PuzzleheadedServe272,True,6.0,True,5.0,False,10,1767444483,0,1438.1,703.0,6589.0,True
StartUpIndia,1q2sbt2,2026-01,nxgef0p,Great-Divider,True,7.0,False,,False,8,1767455451,0,800.2,199.0,228.0,True
StartUpIndia,1q2sbt2,2026-01,nxfhsgs,ThisSwimmerisanerd,True,8.0,True,4.0,False,2,1767444324,0,169.7,3.0,333.0,False
StartUpIndia,1q2sbt2,2026-01,nxfr0ur,LongjumpingNeat241,True,9.0,False,,False,2,1767447893,0,852.3,105.0,5648.0,True
StartUpIndia,1q2sbt2,2026-01,nxfx7yb,MeTejaHu,True,10.0,False,,False,2,1767450058,0,1357.2,7665.0,59811.0,True
StartUpIndia,1q2sbt2,2026-01,nxffawg,Zyphergiest,False,,True,2.0,False,1,1767443212,0,,,,
StartUpIndia,1qlg7kr,2026-01,o1e7p94,Devilsalive,True,1.0,True,5.0,False,86,1769243216,0,3847.2,92.0,2579.0,True
StartUpIndia,1qlg7kr,2026-01,o1dzj60,Exporinglife2050,True,2.0,True,1.0,False,73,1769238824,0,200.3,40288.0,4690.0,True
StartUpIndia,1qlg7kr,2026-01,o1e84hr,Jay_8395,True,3.0,False,,False,21,1769243448,0,478.4,130.0,50.0,True
StartUpIndia,1qlg7kr,2026-01,o1e36w8,hs1308,True,4.0,True,4.0,False,20,1769240774,0,3928.9,10807.0,5770.0,True
StartUpIndia,1qlg7kr,2026-01,o1dzlef,100xRed,True,5.0,True,2.0,False,16,1769238857,0,196.8,3441.0,304.0,False
StartUpIndia,1qlg7kr,2026-01,o1e2aic,Dljdd2051,True,6.0,True,3.0,False,6,1769240295,0,608.2,230.0,285.0,True
StartUpIndia,1qlg7kr,2026-01,o1en79q,ColdParty2910,True,7.0,False,,False,2,1769251770,0,145.0,2.0,48.0,True
StartUpIndia,1qlg7kr,2026-01,o1g9cnb,Stunningunipeg,True,8.0,False,,False,2,1769272944,0,1128.0,629.0,14252.0,True
StartUpIndia,1qlg7kr,2026-01,o1gj2z7,cryptoevonow,True,9.0,False,,False,2,1769275539,0,1804.3,122.0,1308.0,True
StartUpIndia,1qlg7kr,2026-01,o1jae3m,viralseeker,True,10.0,False,,False,2,1769303884,0,3806.6,105.0,225.0,True
StartUpIndia,1qbpm27,2026-01,nzc97dl,Beginning_Charge_758,True,1.0,True,2.0,False,114,1768306639,0,1463.2,12691.0,29289.0,True
StartUpIndia,1qbpm27,2026-01,nzcaihn,TopDisplay4705,True,2.0,True,4.0,False,74,1768307199,0,1237.7,732.0,9882.0,True
StartUpIndia,1qbpm27,2026-01,nzca7pg,RogueConscious,True,3.0,True,3.0,False,56,1768307071,0,911.2,135.0,19156.0,True
StartUpIndia,1qbpm27,2026-01,nzcfjvo,matki_bhel,True,4.0,False,,False,30,1768309222,0,636.0,1927.0,1194.0,True
StartUpIndia,1qbpm27,2026-01,nzcal65,lawyerdel,True,5.0,True,5.0,False,29,1768307231,0,600.9,1266.0,6460.0,False
StartUpIndia,1qbpm27,2026-01,nzc8ms5,babban_rao,True,6.0,True,1.0,False,8,1768306388,0,2528.1,670.0,10652.0,True
StartUpIndia,1qbpm27,2026-01,nzch672,Apprehensive-Rise711,True,7.0,False,,False,7,1768309842,0,871.6,71.0,418.0,True
StartUpIndia,1qbpm27,2026-01,nzcn6ct,krs1983,True,9.0,False,,False,5,1768311928,0,2155.6,50.0,165.0,True
StartUpIndia,1qbpm27,2026-01,nzd1n6j,Kumbalaya_108,True,8.0,False,,False,7,1768316458,0,944.0,336.0,569.0,False
StartUpIndia,1qbpm27,2026-01,nzl7gt5,Roboticker,True,10.0,False,,False,4,1768417021,0,268.6,42.0,387.0,True
StartUpIndia,1qs5lzk,2026-01,o2t181q,imbecausevr,True,1.0,True,1.0,False,44,1769874787,0,3586.6,320.0,1428.0,True
StartUpIndia,1qs5lzk,2026-01,o3e2ymv,InfamousAddition9875,True,2.0,False,,False,2,1770145082,0,1275.0,1.0,16.0,True
StartUpIndia,1qs5lzk,2026-01,o2t2i4j,thebakedbaker18,True,3.0,True,2.0,False,1,1769875155,0,1816.2,1153.0,757.0,True
StartUpIndia,1qs5lzk,2026-01,o2tp3ky,MyFinanceExpert,True,4.0,True,3.0,False,1,1769881679,0,797.0,904.0,6220.0,True
StartUpIndia,1qs5lzk,2026-01,o2u4nkg,No_Rooster_1642,True,5.0,True,4.0,False,1,1769886056,0,1214.7,63.0,165.0,True
StartUpIndia,1qs5lzk,2026-01,o2yfnam,Asleep-Guess-4286,True,6.0,True,5.0,False,1,1769946541,0,816.2,6.0,-2.0,True
StartUpIndia,1qs5lzk,2026-01,o2ygsgs,dipsy_98,True,7.0,False,,False,1,1769947102,0,2566.5,6899.0,9919.0,True
StartUpIndia,1qs5lzk,2026-01,o2yxihp,Inner_Raccoon_5255,True,8.0,False,,False,1,1769954088,0,408.2,41.0,238.0,True
StartUpIndia,1qs5lzk,2026-01,o30fmws,Intelligent-Pin4050,True,9.0,False,,False,1,1769969819,0,275.9,19.0,410.0,True
StartUpIndia,1qs5lzk,2026-01,o3c4klv,Kdolf_Pitler,True,10.0,False,,False,1,1770124603,0,127.7,1.0,-1.0,True
TwoXIndia,1qbrrbf,2026-01,nzcq1k7,Prestigious721,True,1.0,True,2.0,False,478,1768312859,0,1017.6,4684.0,7673.0,True
TwoXIndia,1qbrrbf,2026-01,nzcprzp,Easy_Literature_1993,True,2.0,True,1.0,False,349,1768312774,0,1211.8,2127.0,1046.0,True
TwoXIndia,1qbrrbf,2026-01,nzcv91m,Ok_Volume_7260,True,3.0,False,,False,152,1768314501,0,2097.3,847.0,3868.0,True
TwoXIndia,1qbrrbf,2026-01,nzct6ja,PracticalDog6455,True,4.0,True,5.0,False,145,1768313856,0,1771.9,476.0,45629.0,True
TwoXIndia,1qbrrbf,2026-01,nzcty04,Any_Animator_880,True,5.0,False,,False,60,1768314097,0,981.2,3276.0,6268.0,True
TwoXIndia,1qbrrbf,2026-01,nzctefv,Status_Ambassador_76,True,6.0,False,,False,49,1768313925,0,1161.7,2249.0,4957.0,True
TwoXIndia,1qbrrbf,2026-01,nzcu915,wealthybby,True,8.0,False,,False,37,1768314192,0,1044.5,2519.0,611.0,True
TwoXIndia,1qbrrbf,2026-01,nzcrg3f,angrytinyfemale,True,7.0,True,4.0,False,38,1768313309,0,3198.9,14320.0,14396.0,True
TwoXIndia,1qbrrbf,2026-01,nzcywf6,Hot_Bookkeeper2430,True,9.0,False,,False,37,1768315628,0,680.6,478.0,13032.0,True
TwoXIndia,1qbrrbf,2026-01,nzcrfpp,LurkingINFJ,True,10.0,True,3.0,False,31,1768313306,0,2155.5,4856.0,25631.0,True
TwoXIndia,1q7ea2t,2026-01,nyessr6,Successful-Map-3941,True,1.0,True,1.0,False,361,1767885416,0,1642.0,111.0,892.0,True
TwoXIndia,1q7ea2t,2026-01,nyeurwo,RevolutionaryCan2463,True,2.0,True,4.0,False,175,1767885963,0,1017.1,733.0,7657.0,True
TwoXIndia,1q7ea2t,2026-01,nyf9fpm,stardust_moon_,True,3.0,False,,False,175,1767889909,0,1597.8,4329.0,53797.0,True
TwoXIndia,1q7ea2t,2026-01,nyf19rd,Derian23,True,4.0,True,5.0,False,84,1767887728,0,3227.5,14066.0,72223.0,True
TwoXIndia,1q7ea2t,2026-01,nyeuep1,KitchenImagination38,True,5.0,True,3.0,False,65,1767885862,0,1200.0,2742.0,10751.0,True
TwoXIndia,1q7ea2t,2026-01,nyf8z2t,SpecialistOne649,True,6.0,False,,False,47,1767889788,0,437.7,1.0,849.0,True
TwoXIndia,1q7ea2t,2026-01,nyfcqi2,PracticalDog6455,True,7.0,False,,False,25,1767890764,0,1771.9,476.0,45629.0,True
TwoXIndia,1q7ea2t,2026-01,nyfohpz,nestsolar71,True,8.0,False,,False,20,1767893846,0,1283.8,242.0,1600.0,True
TwoXIndia,1q7ea2t,2026-01,nyeudxl,Connect-Barracuda-39,True,9.0,True,2.0,False,13,1767885856,0,1864.2,181.0,8389.0,True
TwoXIndia,1q7ea2t,2026-01,nyfihw5,lollipop_laagelu,True,10.0,False,,False,8,1767892261,0,,,,
TwoXIndia,1qp6r7l,2026-01,o26rtni,99problemsandfew,True,1.0,True,4.0,False,553,1769593901,0,1398.7,137.0,35139.0,True
TwoXIndia,1qp6r7l,2026-01,o26qzz7,a_sooshii,True,2.0,True,2.0,False,253,1769593446,0,1928.7,306.0,14844.0,True
TwoXIndia,1qp6r7l,2026-01,o26rhqw,Puzzleheaded-Ad7606,True,3.0,True,3.0,False,127,1769593719,0,2108.3,2150.0,587321.0,True
TwoXIndia,1qp6r7l,2026-01,o26puf2,the_prolouger,True,4.0,True,1.0,False,84,1769592810,0,2820.7,34014.0,11298.0,True
TwoXIndia,1qp6r7l,2026-01,o26w5ro,KatTaken,True,5.0,False,,False,55,1769596233,0,2146.2,295.0,7568.0,True
TwoXIndia,1qp6r7l,2026-01,o26v8z7,Next-Cow-6642,True,6.0,True,5.0,False,40,1769595752,0,948.3,75.0,3729.0,False
TwoXIndia,1qp6r7l,2026-01,o27r2hm,Own-Quality-8759,True,7.0,False,,False,40,1769608797,0,1810.6,6622.0,20740.0,True
TwoXIndia,1qp6r7l,2026-01,o26z6ip,Single-Being-8263,True,8.0,False,,False,31,1769597793,0,1950.3,7.0,31867.0,True
TwoXIndia,1qp6r7l,2026-01,o272fyg,Plastic_Review4687,True,9.0,False,,False,27,1769599421,0,965.7,321.0,15524.0,False
TwoXIndia,1qp6r7l,2026-01,o28bxxj,_womanofculture,True,10.0,False,,False,22,1769614848,0,1146.5,10309.0,26126.0,True
TwoXIndia,1qi52eo,2026-01,o0oqwi6,sweetnessCHARGER,True,1.0,True,1.0,False,207,1768925244,0,250.2,278.0,4742.0,True
TwoXIndia,1qi52eo,2026-01,o0orp2v,evilelf56,True,2.0,True,3.0,False,121,1768925463,0,2060.9,5649.0,32795.0,True
TwoXIndia,1qi52eo,2026-01,o0oqwuf,snacczilla_99,True,3.0,True,2.0,False,69,1768925247,0,460.8,40.0,121.0,True
TwoXIndia,1qi52eo,2026-01,o0ouqhh,shawtylovesmemes,True,4.0,True,5.0,False,46,1768926302,0,1968.0,260.0,11745.0,True
TwoXIndia,1qi52eo,2026-01,o0ov2nb,kookie_doe,True,5.0,False,,False,28,1768926396,0,,,,
TwoXIndia,1qi52eo,2026-01,o0ougpm,OpenBat685,True,6.0,True,4.0,False,15,1768926226,0,579.9,165.0,464.0,True
TwoXIndia,1qi52eo,2026-01,o0p07cy,LonelyLetterhead8765,True,8.0,False,,False,14,1768927824,0,1891.5,973.0,9086.0,True
TwoXIndia,1qi52eo,2026-01,o0p3xbo,bumchickawaowao,True,7.0,False,,False,15,1768928858,0,983.4,283.0,4287.0,True
TwoXIndia,1qi52eo,2026-01,o0p02x5,Damnish,True,9.0,False,,False,12,1768927790,0,2437.8,398.0,6293.0,True
TwoXIndia,1qi52eo,2026-01,o0p7gli,Anonymo7890,True,10.0,False,,False,10,1768929845,0,803.9,87.0,1924.0,True
TwoXIndia,1q4prm9,2026-01,nxusgqx,gareeb_hun,True,1.0,True,2.0,False,56,1767635673,0,862.3,70.0,6687.0,False
TwoXIndia,1q4prm9,2026-01,nxus67l,thecoolcato,True,2.0,True,1.0,False,24,1767635594,0,1386.2,3133.0,28268.0,True
TwoXIndia,1q4prm9,2026-01,nxux1ow,shrezie,True,3.0,True,3.0,False,19,1767636908,0,943.3,3376.0,5006.0,True
TwoXIndia,1q4prm9,2026-01,nxwcn3u,itneverhelps,True,4.0,True,4.0,False,15,1767651150,0,894.6,61227.0,75860.0,True
TwoXIndia,1qhwniq,2026-01,o0n33ih,Altruistic_Virus8460,True,1.0,True,3.0,False,235,1768902539,0,832.5,2476.0,26332.0,True
TwoXIndia,1qhwniq,2026-01,o0n3cd2,moonlight_chicken,True,2.0,True,4.0,False,139,1768902678,0,1621.5,3872.0,43644.0,True
TwoXIndia,1qhwniq,2026-01,o0n2b1r,evanescent_emotions,True,3.0,True,1.0,False,99,1768902089,0,1559.1,31.0,22503.0,True
TwoXIndia,1qhwniq,2026-01,o0n31qv,crazydogmotherr,True,4.0,True,2.0,False,86,1768902512,0,1114.9,3.0,3353.0,False
TwoXIndia,1qhwniq,2026-01,o0n8fh7,DipSoySauce,True,5.0,False,,False,61,1768905485,0,1730.8,104.0,3127.0,True
TwoXIndia,1qhwniq,2026-01,o0namng,rae_is_rad,True,6.0,False,,False,41,1768906648,0,3321.2,4389.0,14048.0,True
TwoXIndia,1qhwniq,2026-01,o0n59r7,lollipop_laagelu,True,9.0,False,,False,29,1768903758,0,,,,
TwoXIndia,1qhwniq,2026-01,o0njcci,Mysterious_System463,True,7.0,False,,False,34,1768910873,0,874.6,41.0,1821.0,True
TwoXIndia,1qhwniq,2026-01,o0pmc54,lilyinthedesert,True,8.0,False,,False,30,1768933909,0,2139.6,196.0,1814.0,True
TwoXIndia,1qhwniq,2026-01,o0n9e4b,theforcedreader,True,10.0,False,,False,23,1768905996,0,2869.1,2004.0,6038.0,True
TwoXIndia,1qhwniq,2026-01,o0n54tv,ConfusedGeminii,False,,True,5.0,False,14,1768903683,0,1053.4,7.0,633.0,True
TwoXIndia,1qgwc9p,2026-01,o0fl4va,Practical_Tear2291,True,1.0,True,1.0,False,349,1768803219,0,1745.8,45.0,5214.0,True
TwoXIndia,1qgwc9p,2026-01,o0fnzr6,Cup_of_Coffee123,True,2.0,False,,False,260,1768804622,0,1798.6,233.0,1011.0,True
TwoXIndia,1qgwc9p,2026-01,o0fmsvi,Bleh_Bleh_Zz,True,4.0,False,,False,101,1768804029,0,,,,
TwoXIndia,1qgwc9p,2026-01,o0fqhlp,dracoismine,True,3.0,False,,False,108,1768805866,0,3469.6,513.0,6114.0,True
TwoXIndia,1qgwc9p,2026-01,o0fo9ym,miss-mojojojo,True,5.0,False,,False,51,1768804763,0,1713.8,901.0,4557.0,False
TwoXIndia,1qgwc9p,2026-01,o0g72gc,Parlor-Aunty,True,6.0,False,,False,39,1768814953,0,974.7,1085.0,11924.0,False
TwoXIndia,1qgwc9p,2026-01,o0flo4x,awkwardchilli,True,7.0,True,2.0,False,32,1768803475,0,641.2,2269.0,16125.0,True
TwoXIndia,1qgwc9p,2026-01,o0frw0n,Rare-Wing-8008,True,8.0,False,,False,28,1768806581,0,1614.2,470.0,22661.0,True
TwoXIndia,1qgwc9p,2026-01,o0floib,Adaptwell,True,9.0,True,3.0,False,27,1768803480,0,1116.2,1190.0,5781.0,True
TwoXIndia,1qgwc9p,2026-01,o0fpeeu,Necessary-Dance9954,True,10.0,False,,False,25,1768805324,0,1065.7,35.0,5306.0,True
TwoXIndia,1qgwc9p,2026-01,o0fmlk2,Yskandr,False,,True,5.0,False,17,1768803929,0,1660.9,2066.0,35981.0,True
TwoXIndia,1qgwc9p,2026-01,o0fmb7f,Life-Eggplant6761,False,,True,4.0,False,9,1768803786,0,1770.4,4869.0,5938.0,True
TwoXIndia,1q68h12,2026-01,ny5rcqi,pinkteddybear08,True,1.0,True,1.0,False,377,1767769450,0,594.8,668.0,5601.0,True
TwoXIndia,1q68h12,2026-01,ny5slh1,agonizingmouse,True,2.0,True,4.0,False,262,1767770093,0,547.7,2574.0,12926.0,True
TwoXIndia,1q68h12,2026-01,ny5thi4,TheWallflower92,True,3.0,True,5.0,False,116,1767770562,0,2556.3,28.0,1940.0,True
TwoXIndia,1q68h12,2026-01,ny5u2wz,butter-roast,True,4.0,False,,False,70,1767770876,0,1464.5,1250.0,3681.0,True
TwoXIndia,1q68h12,2026-01,ny5v0ak,Usual-Independence56,True,5.0,False,,False,58,1767771379,0,1497.0,3222.0,9750.0,True
TwoXIndia,1q68h12,2026-01,ny5tim1,PamBeesly00,True,6.0,False,,False,30,1767770578,0,2166.8,189.0,18694.0,True
TwoXIndia,1q68h12,2026-01,ny5w2kl,ShwethaHolla,True,7.0,False,,False,28,1767771946,0,1140.0,26.0,5773.0,True
TwoXIndia,1q68h12,2026-01,ny5sce3,Chaltahaikoinahi,True,10.0,True,3.0,False,25,1767769961,0,2059.8,579.0,134563.0,True
TwoXIndia,1q68h12,2026-01,ny5wguw,Vishnusakhi7,True,9.0,False,,False,26,1767772158,0,696.3,1922.0,8376.0,True
TwoXIndia,1q68h12,2026-01,ny60x4y,National_Style_1211,True,8.0,False,,False,27,1767774595,0,1150.0,676.0,9638.0,True
TwoXIndia,1q68h12,2026-01,ny5rgxx,tiksheet,False,,True,2.0,False,9,1767769510,0,3286.1,553.0,2254.0,True
TwoXIndia,1q2ljus,2026-01,nxdzgqq,MatchThis1672,True,1.0,False,,False,400,1767417379,0,411.1,1771.0,2667.0,True
TwoXIndia,1q2ljus,2026-01,nxdxbd0,ClumsyHannibalLecter,True,2.0,True,1.0,False,294,1767416457,0,2019.8,11235.0,160976.0,True
TwoXIndia,1q2ljus,2026-01,nxdxo6m,fkaslckrqn,True,3.0,True,3.0,False,126,1767416606,0,1910.1,1150.0,12148.0,True
TwoXIndia,1q2ljus,2026-01,nxe0nb2,Meghnaww,True,4.0,False,,False,75,1767417890,0,2152.4,2708.0,4919.0,True
TwoXIndia,1q2ljus,2026-01,nxe7brr,bhujiya_sev,True,5.0,False,,False,61,1767420961,0,1457.8,11982.0,26871.0,True
TwoXIndia,1q2ljus,2026-01,nxdyzcr,wheygirl,True,6.0,True,5.0,False,59,1767417166,0,372.9,540.0,9871.0,True
TwoXIndia,1q2ljus,2026-01,nxdxnm9,HowFictionalAreYou,True,7.0,True,2.0,False,47,1767416600,0,2095.9,651.0,10749.0,True
TwoXIndia,1q2ljus,2026-01,nxe2ia9,Beautiful_Tooth_2054,True,8.0,False,,False,42,1767418726,0,1483.2,31458.0,7518.0,True
TwoXIndia,1q2ljus,2026-01,nxe2z4n,Adorable_Minimum8029,True,9.0,False,,False,15,1767418938,0,,,,
TwoXIndia,1q2ljus,2026-01,nxdxs0a,Meowranger555,False,,True,4.0,False,12,1767416651,0,283.3,262.0,1317.0,True
TwoXIndia,1q2ljus,2026-01,nxe59qn,moonlight_chicken,True,10.0,False,,False,15,1767419988,0,1621.5,3872.0,43644.0,True
TwoXIndia,1qki60f,2026-01,o16z2tx,_forbiddensimps_,True,1.0,True,1.0,False,82,1769149042,0,1755.3,303.0,1147.0,True
TwoXIndia,1qki60f,2026-01,o170n6q,Dessertedprincess,True,2.0,True,4.0,False,58,1769149793,0,,,,
TwoXIndia,1qki60f,2026-01,o16z8fk,TheDesiDiogenes,True,3.0,True,2.0,False,37,1769149115,0,304.1,972.0,6976.0,True
TwoXIndia,1qki60f,2026-01,o170253,thatgirlfrombandra,True,4.0,True,3.0,False,22,1769149510,0,1138.0,124.0,13579.0,True
TwoXIndia,1qki60f,2026-01,o170wab,QuestionEcstatic5307,True,6.0,False,,False,10,1769149918,0,1631.9,4078.0,2394.0,True
TwoXIndia,1qki60f,2026-01,o17uffm,lines_ofperu,True,5.0,False,,False,11,1769165779,0,2239.5,655.0,4315.0,True
TwoXIndia,1qki60f,2026-01,o170uhy,opinionatednerdd,True,7.0,True,5.0,False,8,1769149893,0,533.8,433.0,972.0,True
TwoXIndia,1qki60f,2026-01,o1720v2,struggling_pelican,True,8.0,False,,False,5,1769150475,0,317.8,5.0,655.0,True
TwoXIndia,1qki60f,2026-01,o176xcf,SpinachAlternative96,True,9.0,False,,False,5,1769152951,0,1802.0,2373.0,6977.0,True
TwoXIndia,1qki60f,2026-01,o176kmb,Snoo-43194,True,10.0,False,,False,3,1769152766,0,2150.7,749.0,4586.0,True
teenindia,1qfixdb,2026-01,o04ydst,PhoenixSenpaiii,True,1.0,True,2.0,False,163,1768670568,0,1555.1,5250.0,32828.0,True
teenindia,1qfixdb,2026-01,o04x9x9,Jingrang-3,True,2.0,True,1.0,False,72,1768670255,0,,,,
teenindia,1qfixdb,2026-01,o04yo1r,AdministrativeDay867,True,3.0,True,3.0,False,35,1768670649,0,1961.3,568.0,1226.0,True
teenindia,1qfixdb,2026-01,o04z26e,gaurav-notfound,True,4.0,True,4.0,False,35,1768670762,0,1000.2,189.0,909.0,True
teenindia,1qfixdb,2026-01,o04zhpv,glumwasabii,True,5.0,False,,False,25,1768670884,0,167.9,3763.0,2742.0,True
teenindia,1qfixdb,2026-01,o050klr,Ok-Fan-4000,True,6.0,False,,False,22,1768671189,0,540.2,2322.0,479.0,True
teenindia,1qfixdb,2026-01,o04z9o5,SensitiveReaction214,True,7.0,True,5.0,False,16,1768670821,0,,,,
teenindia,1qfixdb,2026-01,o04zcpe,Bitter-Clothes1179,True,8.0,False,,False,11,1768670844,0,1148.5,1.0,891.0,True
teenindia,1qfixdb,2026-01,o04zocn,aalo_paratha_pagluu,True,9.0,False,,False,7,1768670936,0,189.8,544.0,2302.0,True
teenindia,1qfixdb,2026-01,o0506na,No-Chapter-8374,True,10.0,False,,False,7,1768671080,0,848.2,433.0,24016.0,True
teenindia,1q78dqi,2026-01,nydk16i,anyahh_,True,1.0,True,5.0,False,268,1767869046,0,,,,
teenindia,1q78dqi,2026-01,nydiqdi,Square-Peace6663,True,2.0,True,1.0,True,182,1767868365,0,1363.6,15619.0,746.0,True
teenindia,1q78dqi,2026-01,nydkja8,_SuiCune_10,True,3.0,False,,False,41,1767869301,0,846.2,300.0,79.0,True
teenindia,1q78dqi,2026-01,nydjljz,akshu_99,True,4.0,True,3.0,False,25,1767868822,0,2022.1,5704.0,11395.0,True
teenindia,1q78dqi,2026-01,nydp8le,lankadhipatidashanan,True,5.0,False,,False,10,1767871635,0,149.3,275.0,522.0,True
teenindia,1q78dqi,2026-01,nydjurm,yare-yare__,True,7.0,True,4.0,False,5,1767868953,0,168.7,114.0,26.0,True
teenindia,1q78dqi,2026-01,nydkgoy,Confident-Machine-80,True,6.0,False,,False,6,1767869265,0,1599.1,153.0,22832.0,True
teenindia,1q78dqi,2026-01,nydj2vk,Any-Associate-5552,True,8.0,True,2.0,False,4,1767868549,0,863.8,257.0,122.0,False
teenindia,1qjksrx,2026-01,o0zql0e,Imaginary_Swan155,True,1.0,False,,False,804,1769057046,0,442.8,382.0,1110.0,False
teenindia,1qjksrx,2026-01,o0zodfi,ifwsuhana,True,2.0,True,1.0,False,612,1769056163,0,342.0,319.0,3884.0,True
teenindia,1qjksrx,2026-01,o0zot6t,Inbtwyourthighs,True,3.0,True,2.0,False,185,1769056336,0,137.7,275.0,864.0,True
teenindia,1qjksrx,2026-01,o0zqdwk,SilverWizard54,True,4.0,True,5.0,False,133,1769056967,0,192.0,7.0,6421.0,True
teenindia,1qjksrx,2026-01,o0zqesh,nooonelikekeshab,True,5.0,False,,False,106,1769056977,0,238.8,1.0,106.0,True
teenindia,1qjksrx,2026-01,o10gyyn,Overall-Economy8831,True,7.0,False,,False,50,1769069828,0,1211.0,1037.0,272.0,True
teenindia,1qjksrx,2026-01,o0zucx7,Ok-Major-1038,True,6.0,False,,False,54,1769058602,0,465.6,836.0,1756.0,True
teenindia,1qjksrx,2026-01,o0zq16p,mint-chocolate9,True,8.0,True,4.0,False,44,1769056824,0,186.0,107.0,1884.0,False
teenindia,1qjksrx,2026-01,o0zoxop,Fluffy-Rent-3538,True,10.0,True,3.0,False,12,1769056386,0,1188.3,819.0,3118.0,True
teenindia,1qjksrx,2026-01,o0zr8re,Jealous-Broccoli951,True,9.0,False,,False,13,1769057314,0,366.7,237.0,1301.0,True
teenindia,1q20on3,2026-01,nx9kwwi,terminator_1904,True,1.0,True,5.0,False,445,1767367451,0,964.3,17.0,734.0,True
teenindia,1q20on3,2026-01,nx9kfig,Apprehensive_Way2681,True,2.0,True,4.0,False,224,1767367306,0,1276.9,1.0,226.0,True
teenindia,1q20on3,2026-01,nx9g0kt,Billa-al-habib,True,3.0,True,1.0,False,188,1767365934,0,188.1,7035.0,6126.0,True
teenindia,1q20on3,2026-01,nx9lr89,Pitiful-Invite73,True,4.0,False,,False,46,1767367702,0,,,,
teenindia,1q20on3,2026-01,nx9hbgk,Impressive_Toe5395,True,5.0,True,2.0,False,31,1767366347,0,1061.1,4799.0,7198.0,True
teenindia,1q20on3,2026-01,nx9xnnf,New_Heart1194,True,6.0,False,,False,21,1767371111,0,169.3,1.0,29.0,True
teenindia,1q20on3,2026-01,nx9k5s7,insceprio,True,7.0,True,3.0,False,16,1767367223,0,1534.0,976.0,5805.0,True
teenindia,1q20on3,2026-01,nx9ortw,TheCleanSlate_,True,8.0,False,,False,10,1767368589,0,169.2,502.0,283.0,True
teenindia,1q20on3,2026-01,nx9r87z,cherrylove_6,True,9.0,False,,False,9,1767369293,0,509.7,121.0,1186.0,True
teenindia,1q20on3,2026-01,nx9p3vm,sanghita_2006,True,10.0,False,,False,8,1767368684,0,444.2,677.0,1501.0,True
teenindia,1qi0njr,2026-01,o0nuaq7,BillSufficient1629,True,1.0,False,,False,1811,1768915229,0,286.9,231.0,9072.0,True
teenindia,1qi0njr,2026-01,o0nzohp,KSH_coolguy_3004,True,2.0,False,,False,590,1768917059,0,417.5,3.0,534.0,True
teenindia,1qi0njr,2026-01,o0nsdwp,ifwsuhana,True,3.0,True,1.0,False,214,1768914536,0,342.0,319.0,3884.0,True
teenindia,1qi0njr,2026-01,o0nsyot,Prestigious_Post1271,True,4.0,True,2.0,False,178,1768914749,0,1160.0,671.0,537.0,True
teenindia,1qi0njr,2026-01,o0nt0b9,Green-Difference4714,True,5.0,True,3.0,False,101,1768914766,0,261.9,494.0,938.0,True
teenindia,1qi0njr,2026-01,o0nuxco,soya-hamster,True,6.0,False,,False,51,1768915451,0,284.9,2405.0,1357.0,True
teenindia,1qi0njr,2026-01,o0nt2of,s_vansh_6782,True,7.0,True,5.0,False,36,1768914791,0,2113.3,4088.0,11925.0,True
teenindia,1qi0njr,2026-01,o0o31ki,Aarish1234,True,8.0,False,,False,17,1768918153,0,318.4,33.0,6731.0,True
teenindia,1qi0njr,2026-01,o0nv7yj,Strong_008,True,10.0,False,,False,11,1768915555,0,698.7,2854.0,464.0,False
teenindia,1qi0njr,2026-01,o0nwaly,cooKieSncreaM_T,True,9.0,False,,False,13,1768915929,0,1644.1,683.0,4686.0,True
teenindia,1qi0njr,2026-01,o0nt0vj,Azi_MUTTHAL__,False,,True,4.0,False,6,1768914772,0,163.1,1.0,2718.0,True
teenindia,1qf35qo,2026-01,o01txl3,Mental-Review8750,True,1.0,True,1.0,False,178,1768623294,0,331.2,1069.0,4045.0,True
teenindia,1qf35qo,2026-01,o01vf9e,Frosty-Diver3885,True,2.0,True,3.0,False,41,1768623924,0,,,,
teenindia,1qf35qo,2026-01,o020gtc,Proper_Card_5520,True,3.0,False,,False,15,1768626072,0,726.8,81911.0,20164.0,True
teenindia,1qf35qo,2026-01,o01uno1,Feeling-Stage-9372,True,4.0,True,2.0,False,11,1768623601,0,,,,
teenindia,1qf35qo,2026-01,o01zdwn,Ok_Pineapple3883,True,5.0,False,,False,6,1768625608,0,,,,
teenindia,1qf35qo,2026-01,o01w1ed,Ancient_Bus_8971,True,6.0,True,5.0,False,4,1768624186,0,1462.2,6166.0,6122.0,True
teenindia,1qf35qo,2026-01,o01yh9d,abhish3k108,True,7.0,False,,False,4,1768625220,0,479.1,25.0,471.0,False
teenindia,1qf35qo,2026-01,o021eoj,JustAnOrdinaryStud,True,8.0,False,,False,3,1768626480,0,,,,
teenindia,1qf35qo,2026-01,o020o0g,Glad_Bunch_5540,True,9.0,False,,False,2,1768626159,0,158.4,4.0,152.0,True
teenindia,1qf35qo,2026-01,o02kzgz,Charming-girll19,True,10.0,False,,False,2,1768636385,0,,,,
teenindia,1qf35qo,2026-01,o01vrpf,yushh_08,False,,True,4.0,False,1,1768624070,0,188.0,4805.0,2367.0,True
teenindia,1qk2x36,2026-01,o13kn8l,notzhongli031,True,1.0,False,,False,109,1769108926,0,993.3,140.0,9781.0,True
teenindia,1qk2x36,2026-01,o15t2j4,CarbonAllotrope17,True,2.0,False,,False,27,1769133299,0,543.7,16.0,187.0,True
teenindia,1qk2x36,2026-01,o13ib99,No-Badger7504,True,3.0,True,4.0,False,21,1769108300,0,2064.2,303.0,24150.0,True
teenindia,1qk2x36,2026-01,o13hiku,Fun_Steak_8671,True,4.0,True,2.0,False,12,1769108091,0,155.0,199.0,623.0,True
teenindia,1qk2x36,2026-01,o13i83c,SuperSam212,True,6.0,True,3.0,False,9,1769108277,0,2082.4,28338.0,11642.0,True
teenindia,1qk2x36,2026-01,o13jdrn,AwkwardHuman__,True,5.0,False,,False,10,1769108585,0,350.9,94.0,6984.0,True
teenindia,1qk2x36,2026-01,o13hg18,Real_Cardiologist67,True,7.0,True,1.0,False,8,1769108074,0,135.0,1.0,304.0,True
teenindia,1qk2x36,2026-01,o13nkhy,SMARTOK221,True,8.0,False,,False,7,1769109715,0,278.4,1650.0,3699.0,True
teenindia,1qk2x36,2026-01,o16xsxj,Vivid_Fondant8008,True,9.0,False,,False,5,1769148444,0,1418.1,23.0,57.0,True
teenindia,1qk2x36,2026-01,o13m3ea,BehindTheGem,True,10.0,False,,False,4,1769109316,0,143.1,9.0,4044.0,True
teenindia,1qk2x36,2026-01,o13j3t8,ActiveOver223,False,,True,5.0,False,3,1769108511,0,548.2,101.0,191.0,True
teenindia,1q2kycp,2026-01,nxdzytp,Aggravating-Soil5712,True,1.0,True,2.0,False,296,1767417596,0,798.9,1.0,1930.0,True
teenindia,1q2kycp,2026-01,nxe65e3,Candid_Parking_1757,True,2.0,True,4.0,False,160,1767420401,0,272.4,1100.0,9797.0,True
teenindia,1q2kycp,2026-01,nxfd8n7,Wise-Barber7860,True,3.0,False,,False,150,1767442242,0,443.0,52.0,304.0,True
teenindia,1q2kycp,2026-01,nxe5dhs,BillSufficient1629,True,4.0,True,3.0,False,80,1767420037,0,286.9,231.0,9072.0,True
teenindia,1q2kycp,2026-01,nxdsnpl,kiisssmemore,True,5.0,True,1.0,False,50,1767414572,0,,,,
teenindia,1q2kycp,2026-01,nxek1ct,In_Your_Books,True,6.0,True,5.0,False,16,1767427381,0,369.8,805.0,3131.0,True
teenindia,1q2kycp,2026-01,nxg2o5e,Acceptable_Good5422,True,7.0,False,,False,9,1767451868,0,,,,
teenindia,1q2kycp,2026-01,nxgbb70,never_exist0000,True,8.0,False,,False,7,1767454541,0,1863.4,3521.0,6099.0,True
teenindia,1q2kycp,2026-01,nxhgo7y,UNSTABLEisSTABLE,True,9.0,False,,False,5,1767466073,0,156.5,16403.0,1401.0,True
teenindia,1q2kycp,2026-01,nxkabe7,ItsMeAvni,True,10.0,False,,False,5,1767497494,0,161.9,1.0,17.0,True
teenindia,1q3ivt9,2026-01,nxl524j,Pale_Raccoon550,True,1.0,False,,False,1494,1767510419,0,959.0,41.0,2153.0,True
teenindia,1q3ivt9,2026-01,nxl4cz5,he_diff,True,2.0,True,4.0,False,520,1767510058,0,883.2,5867.0,5458.0,True
teenindia,1q3ivt9,2026-01,nxl9w6f,Anime_Geek1234,True,3.0,False,,False,360,1767512976,0,850.7,1464.0,13064.0,True
teenindia,1q3ivt9,2026-01,nxlc1m7,aryandhang,True,4.0,False,,False,324,1767514121,0,173.2,80.0,1298.0,True
teenindia,1q3ivt9,2026-01,nxl4t89,Public-Caregiver1214,True,5.0,True,5.0,False,240,1767510292,0,185.4,65.0,283.0,True
teenindia,1q3ivt9,2026-01,nxl3e5r,Lostmommy96,True,6.0,True,3.0,False,194,1767509571,0,256.4,2464.0,5193.0,True
teenindia,1q3ivt9,2026-01,nxlbm6x,KaranPrajapati12,True,7.0,False,,False,141,1767513892,0,1071.9,84.0,687.0,True
teenindia,1q3ivt9,2026-01,nxl9cbb,Killer7909,True,8.0,False,,False,130,1767512679,0,2032.9,240.0,2335.0,True
teenindia,1q3ivt9,2026-01,nxl3e1t,Technical_Beat73,True,9.0,True,2.0,False,36,1767509570,0,278.7,1.0,42.0,False
teenindia,1q3ivt9,2026-01,nxla5nt,Sea-Sleep898,True,10.0,False,,False,34,1767513116,0,441.2,5.0,4231.0,True
teenindia,1q3ivt9,2026-01,nxl2130,satrangdalvirodhi,False,,True,1.0,False,7,1767508893,0,180.1,1.0,5668.0,True
teenindia,1qdj9bk,2026-01,nzq8g6v,_Astareus_,True,10.0,False,,False,1,1768485463,0,1181.5,6744.0,6867.0,True
teenindia,1qdj9bk,2026-01,nzq2ijx,lunablooms1,True,1.0,True,3.0,False,1408,1768483516,0,143.8,7640.0,1150.0,False
teenindia,1qdj9bk,2026-01,nzq5h7o,Agitated-Top-5962,True,2.0,False,,False,306,1768484502,0,679.1,461.0,1758.0,True
teenindia,1qdj9bk,2026-01,nzq1pnj,s_vansh_6782,True,3.0,True,1.0,False,83,1768483239,0,2113.3,4088.0,11925.0,True
teenindia,1qdj9bk,2026-01,nzq3cq0,ChoicePut2932,True,4.0,True,5.0,False,58,1768483798,0,904.2,1.0,78.0,True
teenindia,1qdj9bk,2026-01,nzq481j,Top_Okra_6656,True,5.0,False,,False,58,1768484091,0,,,,
teenindia,1qdj9bk,2026-01,nzq73e1,koolbanrhahu,True,6.0,False,,False,50,1768485025,0,702.9,1136.0,660.0,False
teenindia,1qdj9bk,2026-01,nzq3ano,SaiMan2303,True,7.0,True,4.0,False,35,1768483779,0,311.8,127642.0,11750.0,True
teenindia,1qdj9bk,2026-01,nzq1tsl,NeuroLeech,True,8.0,True,2.0,False,27,1768483279,0,144.9,4464.0,369.0,True
teenindia,1qdj9bk,2026-01,nzq8det,Junior-Support-8140,True,9.0,False,,False,21,1768485439,0,801.7,58356.0,8041.0,True
AskIndianWomen,1q4srg0,2026-01,nxutllt,Logical_Music4430,True,1.0,True,1.0,False,287,1767635977,0,,,,
AskIndianWomen,1q4srg0,2026-01,nxuy7h9,NoProgress4951,True,2.0,True,3.0,False,92,1767637218,0,1910.7,7.0,1634.0,True
AskIndianWomen,1q4srg0,2026-01,nxuyazq,AerieWhole1898,True,3.0,True,4.0,False,45,1767637244,0,,,,
AskIndianWomen,1q4srg0,2026-01,nxuyyzp,_Nocturnalsoul_,True,4.0,True,5.0,False,41,1767637422,0,2013.6,40.0,13482.0,True
AskIndianWomen,1q4srg0,2026-01,nxvjooz,SpecialistPopular,True,5.0,False,,False,28,1767643052,0,2086.9,614.0,12514.0,True
AskIndianWomen,1q4srg0,2026-01,nxv6m03,universalgiver,True,6.0,False,,False,27,1767639463,0,2300.7,2468.0,8327.0,True
AskIndianWomen,1q4srg0,2026-01,nxuuy09,BonolotaSen23,True,8.0,True,2.0,False,16,1767636341,0,271.2,191477.0,6291.0,True
AskIndianWomen,1q4srg0,2026-01,nxuzdrn,ClupTheGreat,True,7.0,False,,False,18,1767637532,0,3019.5,1369.0,15472.0,True
AskIndianWomen,1q4srg0,2026-01,nxx4h8h,Gloomy_Tangerine3123,True,9.0,False,,False,10,1767659724,0,1877.2,20740.0,98389.0,True
AskIndianWomen,1q4srg0,2026-01,nxvckmc,No1peterparkerlover,True,10.0,False,,False,10,1767641085,0,907.9,24506.0,51103.0,True
AskIndianWomen,1qi508i,2026-01,o0oq437,Aggressive_Sugar201,True,1.0,True,1.0,False,371,1768925025,0,2051.9,48167.0,92681.0,True
AskIndianWomen,1qi508i,2026-01,o0oqbu5,Prestigious-Math-328,True,2.0,True,2.0,False,246,1768925085,0,1340.0,2058.0,23803.0,True
AskIndianWomen,1qi508i,2026-01,o0oqm7x,shubham_555,True,3.0,True,3.0,False,119,1768925165,0,300.8,58468.0,16638.0,False
AskIndianWomen,1qi508i,2026-01,o0osews,keshav_0007,True,4.0,False,,False,70,1768925661,0,415.9,1167.0,964.0,True
AskIndianWomen,1qi508i,2026-01,o0orod8,Comfortable-Crew4963,True,5.0,True,4.0,False,54,1768925457,0,419.3,26542.0,5805.0,True
AskIndianWomen,1qi508i,2026-01,o0ovuv4,KelsierBae,True,6.0,False,,False,25,1768926614,0,3246.0,999.0,6444.0,True
AskIndianWomen,1qi508i,2026-01,o0oshnk,LeaveResponsible9937,True,7.0,False,,False,19,1768925682,0,235.7,36069.0,18716.0,False
AskIndianWomen,1qi508i,2026-01,o0oto38,onethingoneyear,True,8.0,False,,False,11,1768926006,0,718.7,80.0,87.0,True
AskIndianWomen,1qi508i,2026-01,o0pcsig,_CapMactavish_,True,9.0,False,,False,11,1768931320,0,721.8,33259.0,1765.0,True
AskIndianWomen,1qi508i,2026-01,o0ou7g0,sillyplan_,True,10.0,False,,False,9,1768926155,0,570.5,129.0,2309.0,True
AskIndianWomen,1qi508i,2026-01,o0os1sw,Amazing-Artichoke964,False,,True,5.0,False,7,1768925560,0,420.0,2566.0,6899.0,False
AskIndianWomen,1q88mw1,2026-01,nylfswl,Your_Marinette,True,1.0,True,1.0,False,198,1767966568,0,562.1,12337.0,41771.0,True
AskIndianWomen,1q88mw1,2026-01,nylhdei,DoubleImprovement593,True,2.0,True,3.0,False,44,1767967060,0,1967.3,410.0,4651.0,True
AskIndianWomen,1q88mw1,2026-01,nyljlel,Foreign_Minute_4882,True,3.0,False,,False,29,1767967753,0,429.8,2.0,1065.0,False
AskIndianWomen,1q88mw1,2026-01,nylo17c,Mosquito-Hunter3249,True,4.0,False,,False,29,1767969114,0,178.6,9.0,4764.0,True
AskIndianWomen,1q88mw1,2026-01,nylh25s,pranavp2345,True,5.0,True,2.0,False,17,1767966964,0,697.4,2489.0,3893.0,True
AskIndianWomen,1q88mw1,2026-01,nylizsg,blobfish-1456,True,6.0,True,5.0,False,11,1767967568,0,1618.0,66.0,558.0,True
AskIndianWomen,1q88mw1,2026-01,nylhyki,Ka_lie_doscope-Eyes,True,7.0,True,4.0,False,8,1767967244,0,2297.1,11157.0,66590.0,True
AskIndianWomen,1q88mw1,2026-01,nylj6x6,Redosaurous,True,8.0,False,,False,8,1767967630,0,2539.0,737.0,13558.0,True
AskIndianWomen,1q88mw1,2026-01,nyljjyn,Profile-Complex,True,9.0,False,,False,8,1767967741,0,2034.5,605.0,6225.0,True
AskIndianWomen,1q88mw1,2026-01,nym6cpn,MessyAndroid,True,10.0,False,,False,3,1767974273,0,1323.3,3281.0,6714.0,True
AskIndianWomen,1qofhg7,2026-01,o20tl8r,fcukitletsgo,True,1.0,True,1.0,False,276,1769524722,0,183.2,130.0,28573.0,False
AskIndianWomen,1qofhg7,2026-01,o20ue0g,silentWhiskerr,True,2.0,True,3.0,False,233,1769524959,0,,,,
AskIndianWomen,1qofhg7,2026-01,o20v5d7,Sea_Review_2995,True,3.0,True,5.0,False,91,1769525182,0,390.9,1.0,1101.0,True
AskIndianWomen,1qofhg7,2026-01,o222149,moon_muffin_,True,4.0,False,,False,60,1769536583,0,327.6,8458.0,2962.0,True
AskIndianWomen,1qofhg7,2026-01,o20tug9,Clear-Title-4453,True,5.0,True,2.0,False,45,1769524798,0,733.2,535.0,2716.0,True
AskIndianWomen,1qofhg7,2026-01,o20uk4c,Unlucky-Cap-8260,True,6.0,True,4.0,False,34,1769525009,0,1399.0,35.0,1966.0,True
AskIndianWomen,1qofhg7,2026-01,o20wvi0,PuzzleheadedTask2675,True,7.0,False,,False,32,1769525684,0,567.5,8931.0,4287.0,False
AskIndianWomen,1qofhg7,2026-01,o20w8f4,Remote_Reality_9967,True,8.0,False,,False,24,1769525498,0,542.4,93.0,417.0,True
AskIndianWomen,1qofhg7,2026-01,o20wcc1,ghaintjatti,True,9.0,False,,False,21,1769525529,0,974.1,220.0,3501.0,True
AskIndianWomen,1qofhg7,2026-01,o20z8gl,romcomheavyon-com,True,10.0,False,,False,20,1769526364,0,422.2,4012.0,1598.0,True
AskIndianWomen,1qldzzk,2026-01,o1dkire,fcukitletsgo,True,1.0,True,1.0,False,107,1769231577,0,183.2,130.0,28573.0,False
AskIndianWomen,1qldzzk,2026-01,o1dos5t,OnlyWholesomeness,True,2.0,True,3.0,False,101,1769233461,0,2526.2,598.0,7017.0,True
AskIndianWomen,1qldzzk,2026-01,o1dnhua,Fyodorchild,True,3.0,True,2.0,False,60,1769232872,0,176.1,1711.0,5159.0,True
AskIndianWomen,1qldzzk,2026-01,o1dpzme,explorer12ka4,True,5.0,True,4.0,False,32,1769234024,0,171.3,552.0,909.0,False
AskIndianWomen,1qldzzk,2026-01,o1dtttr,CodeNeko23,True,4.0,False,,False,35,1769235891,0,553.8,1004.0,11446.0,True
AskIndianWomen,1qldzzk,2026-01,o1dq305,industry__baby,True,6.0,True,5.0,False,23,1769234068,0,171.1,885.0,15006.0,False
AskIndianWomen,1qldzzk,2026-01,o1dvva8,deservesthebest,True,7.0,False,,False,19,1769236927,0,370.7,114.0,4274.0,True
AskIndianWomen,1qldzzk,2026-01,o1f1dn0,Willing-Signal-9936,True,8.0,False,,False,15,1769258839,0,585.5,4681.0,11596.0,True
AskIndianWomen,1qldzzk,2026-01,o1dw0n5,Strangewhisper,True,9.0,False,,False,13,1769237003,0,2995.8,2513.0,822.0,True
AskIndianWomen,1qldzzk,2026-01,o1e5u67,Ok_Jeweler_6710,True,10.0,False,,False,13,1769242190,0,710.1,105.0,6843.0,True
AskIndianWomen,1q7eckk,2026-01,nyeuqzr,Adept_Donkey_2026,True,1.0,True,2.0,False,353,1767885957,0,187.1,1396.0,5838.0,True
AskIndianWomen,1q7eckk,2026-01,nyeztk2,soft_kitty_123,True,2.0,False,,False,113,1767887339,0,4771.1,3498.0,14389.0,True
AskIndianWomen,1q7eckk,2026-01,nyeu4zr,Real-Cup8782,True,3.0,True,1.0,False,106,1767885787,0,341.7,125.0,19596.0,True
AskIndianWomen,1q7eckk,2026-01,nyexze9,bignmfgkgu,True,4.0,False,,False,62,1767886844,0,391.6,230.0,2526.0,True
AskIndianWomen,1q7eckk,2026-01,nyf0y3x,miss_leopops,True,5.0,False,,False,54,1767887641,0,1327.7,15.0,15735.0,True
AskIndianWomen,1q7eckk,2026-01,nyexgtu,Fresh_Yogurt7302,True,6.0,False,,False,43,1767886706,0,1590.5,3474.0,12035.0,True
AskIndianWomen,1q7eckk,2026-01,nyev86n,KitchenSun4620,True,7.0,True,3.0,False,25,1767886088,0,1978.1,720.0,703.0,True
AskIndianWomen,1q7eckk,2026-01,nyevuts,unserious-dude,True,8.0,True,4.0,False,22,1767886263,0,476.2,48870.0,57500.0,True
AskIndianWomen,1q7eckk,2026-01,nyewm51,kadee-creator,True,9.0,True,5.0,False,17,1767886474,0,1879.9,12.0,622.0,True
AskIndianWomen,1q7eckk,2026-01,nyexyj6,Sarangheo_Dattebayo,True,10.0,False,,False,16,1767886838,0,1758.3,899.0,9670.0,True
AskIndianWomen,1qhvcjm,2026-01,o0mv0mx,ProfessionalMiddle89,True,1.0,True,1.0,False,411,1768897937,0,,,,
AskIndianWomen,1qhvcjm,2026-01,o0mxr11,Sylviespov,True,2.0,True,4.0,False,56,1768899481,0,331.3,4429.0,2177.0,True
AskIndianWomen,1qhvcjm,2026-01,o0mvxwc,Sea_Review_2995,True,3.0,True,2.0,False,45,1768898461,0,390.9,1.0,1101.0,True
AskIndianWomen,1qhvcjm,2026-01,o0mydhx,SmooooothOperatorrrr,True,4.0,True,5.0,False,27,1768899832,0,346.1,200.0,1499.0,True
AskIndianWomen,1qhvcjm,2026-01,o0mz3bp,whiterose_14,True,5.0,False,,False,10,1768900246,0,261.7,30.0,602.0,True
AskIndianWomen,1qhvcjm,2026-01,o0mzhbk,myaltegoofball,True,6.0,False,,False,10,1768900469,0,330.4,954.0,2741.0,True
AskIndianWomen,1qhvcjm,2026-01,o0mz3kn,WisdomExplorer_1,True,7.0,False,,False,6,1768900251,0,1054.0,288.0,1583.0,False
AskIndianWomen,1qhvcjm,2026-01,o0mx3ma,zendria7,True,8.0,True,3.0,False,6,1768899119,0,537.2,76.0,3355.0,True
AskIndianWomen,1qhvcjm,2026-01,o0n125h,Cornflax680,True,9.0,False,,False,6,1768901375,0,1884.4,10.0,6130.0,True
AskIndianWomen,1qhvcjm,2026-01,o0ni3kq,preeting,True,10.0,False,,False,3,1768910313,0,390.5,692.0,1224.0,False
AskIndianWomen,1qo9oyj,2026-01,o1zooxq,LobsterSad9842,True,1.0,True,1.0,False,359,1769508502,0,1771.5,133.0,4307.0,True
AskIndianWomen,1qo9oyj,2026-01,o1zr8id,practical-junkie,True,2.0,False,,False,155,1769509864,0,1718.7,2059.0,65844.0,True
AskIndianWomen,1qo9oyj,2026-01,o1zuiwb,Rebolt_99,True,3.0,False,,False,52,1769511577,0,1697.9,4694.0,4392.0,True
AskIndianWomen,1qo9oyj,2026-01,o1zu38x,Tarnished13,True,4.0,False,,False,35,1769511353,0,892.0,4194.0,29951.0,True
AskIndianWomen,1qo9oyj,2026-01,o1zpr5a,SeaGrab869,True,5.0,True,5.0,False,26,1769509075,0,447.7,152.0,6658.0,True
AskIndianWomen,1qo9oyj,2026-01,o1zpo5k,Global-Equipment-856,True,6.0,True,3.0,False,15,1769509029,0,1205.3,1461.0,17825.0,True
AskIndianWomen,1qo9oyj,2026-01,o1zq8p3,Spectator7778,True,7.0,False,,False,15,1769509336,0,480.5,1.0,55398.0,True
AskIndianWomen,1qo9oyj,2026-01,o1zqfi6,timepassredditacc_1,True,8.0,False,,False,14,1769509437,0,642.0,3567.0,9894.0,True
AskIndianWomen,1qo9oyj,2026-01,o1zotmk,Aggravating_Sky_2709,True,10.0,True,2.0,False,10,1769508573,0,1005.8,1218.0,10329.0,True
AskIndianWomen,1qo9oyj,2026-01,o1zqoce,Leather_Solution1772,True,9.0,False,,False,11,1769509570,0,1971.4,16.0,1189.0,True
AskIndianWomen,1qo9oyj,2026-01,o1zpq03,NoFlounder8103,False,,True,4.0,False,9,1769509057,0,430.5,29.0,507.0,True
AskIndianWomen,1qfnzcl,2026-01,o0686qa,Majestic-Effort-541,True,1.0,True,3.0,False,238,1768683807,0,595.0,1027.0,52822.0,True
AskIndianWomen,1qfnzcl,2026-01,o06litt,engineeringboei,True,2.0,False,,False,142,1768687845,0,1530.3,249.0,7917.0,True
AskIndianWomen,1qfnzcl,2026-01,o08vk43,Karmabots,True,3.0,False,,False,41,1768715660,0,2109.2,294.0,12819.0,True
AskIndianWomen,1qfnzcl,2026-01,o06ggkf,Few_Resource_657,True,5.0,False,,False,39,1768686340,0,265.8,5777.0,9095.0,True
AskIndianWomen,1qfnzcl,2026-01,o069hb5,Traditional_Heart218,True,4.0,True,4.0,False,41,1768684208,0,305.7,1023.0,5396.0,True
AskIndianWomen,1qfnzcl,2026-01,o06d3t9,KindUmpire424,True,6.0,True,5.0,False,13,1768685329,0,1740.7,1199.0,6391.0,True
AskIndianWomen,1qfnzcl,2026-01,o066cby,Aggressive_Sugar201,True,7.0,True,1.0,False,13,1768683232,0,2051.9,48167.0,92681.0,True
AskIndianWomen,1qfnzcl,2026-01,o066ru3,dreamsdo_cometrue,True,8.0,True,2.0,False,2,1768683366,0,2238.8,380.0,26478.0,True
AskIndianWomen,1q5n8uj,2026-01,ny18eqv,lonelywarewolf,False,,True,2.0,False,1,1767717925,0,1617.9,21417.0,59167.0,True
AskIndianWomen,1q5n8uj,2026-01,ny1am7p,Global_Discount_8801,True,1.0,True,3.0,False,185,1767718522,0,868.0,50.0,352.0,True
AskIndianWomen,1q5n8uj,2026-01,ny1t0w2,_nouser,True,2.0,False,,False,160,1767723489,0,3565.7,7800.0,29392.0,True
AskIndianWomen,1q5n8uj,2026-01,ny16fx7,WolverineGG,True,3.0,True,1.0,False,98,1767717391,0,398.5,1134.0,2532.0,True
AskIndianWomen,1q5n8uj,2026-01,ny1mop1,Miserable-Aspect6049,True,4.0,False,,False,87,1767721816,0,828.1,4483.0,20045.0,True
AskIndianWomen,1q5n8uj,2026-01,ny2d1fd,Siddchat,True,5.0,False,,False,35,1767728909,0,1932.5,2548.0,31847.0,True
AskIndianWomen,1q5n8uj,2026-01,ny29fvh,Tiny_Firefighter_503,True,6.0,False,,False,26,1767727918,0,546.6,377.0,12897.0,True
AskIndianWomen,1q5n8uj,2026-01,ny1l2wz,ReflectionPristine94,True,7.0,True,5.0,False,13,1767721387,0,1775.8,19.0,93036.0,True
AskIndianWomen,1q5n8uj,2026-01,ny23eag,Welder-Radiant,True,8.0,False,,False,11,1767726263,0,2071.2,2663.0,18961.0,True
AskIndianWomen,1q5n8uj,2026-01,ny25mmn,666wife,True,9.0,False,,False,10,1767726877,0,2890.3,11265.0,82894.0,True
AskIndianWomen,1q5n8uj,2026-01,ny2esl4,AdFunny9284,True,10.0,False,,False,7,1767729391,0,926.6,99.0,1856.0,True
AskIndianWomen,1q5n8uj,2026-01,ny1anlr,chosencalm,False,,True,4.0,False,6,1767718533,0,180.2,1.0,490.0,True
IndianFood,1qr4vxl,2026-01,o2ljneo,mrwonderful50,True,1.0,True,2.0,False,487,1769779305,0,1607.4,509.0,4369.0,True
IndianFood,1qr4vxl,2026-01,o2lh1vw,Emergency-Bug-4044,True,2.0,True,1.0,False,245,1769778410,0,1557.1,614.0,12037.0,True
IndianFood,1qr4vxl,2026-01,o2m9ono,akkosetto,True,3.0,False,,False,132,1769787109,0,1360.2,31045.0,4818.0,False
IndianFood,1qr4vxl,2026-01,o2loct5,lusterbee,True,4.0,True,4.0,False,41,1769780834,0,3743.6,32.0,1841.0,True
IndianFood,1qr4vxl,2026-01,o2ll9k6,Successful_Gate4678,True,5.0,True,3.0,False,20,1769779839,0,1629.2,258.0,18209.0,True
IndianFood,1qr4vxl,2026-01,o2ltr48,Mysterious-Stay-3393,True,6.0,False,,False,14,1769782509,0,1995.9,525.0,6636.0,True
IndianFood,1qr4vxl,2026-01,o2m5jcd,Shimmer-Chance7201,True,9.0,False,,False,6,1769785961,0,1198.9,188.0,229.0,True
IndianFood,1qr4vxl,2026-01,o2mnhp8,LadyMacGuffin,True,7.0,False,,False,7,1769790822,0,5163.3,2487.0,50842.0,True
IndianFood,1qr4vxl,2026-01,o2meesm,EdoOkati,True,8.0,False,,False,7,1769788390,0,3850.8,663.0,7466.0,True
IndianFood,1qr4vxl,2026-01,o2mxa8w,IamUnbelievable,True,10.0,False,,False,6,1769793438,0,980.2,221.0,11329.0,False
IndianFood,1qr4vxl,2026-01,o2ls4dx,billoraani,False,,True,5.0,False,3,1769782008,0,1959.8,1998.0,29091.0,True
IndianFood,1q31779,2026-01,nxhh3ui,barmanrags,True,1.0,True,3.0,False,90,1767466190,0,2540.2,1532.0,227524.0,True
IndianFood,1q31779,2026-01,nxh6x8p,Snoron,True,2.0,True,1.0,False,66,1767463436,0,7009.7,5546.0,185400.0,True
IndianFood,1q31779,2026-01,nxiw0t9,wllmshkspr,True,3.0,False,,False,63,1767481089,0,2839.8,20623.0,33158.0,True
IndianFood,1q31779,2026-01,nxhljwl,Dark_Foggy_Evenings,True,4.0,True,5.0,False,25,1767467401,0,537.0,30984.0,158770.0,True
IndianFood,1q31779,2026-01,nxi0tyh,Physical_Analysis247,True,5.0,False,,False,24,1767471799,0,1034.3,5572.0,50971.0,True
IndianFood,1q31779,2026-01,nxhuwva,jenea,True,6.0,False,,False,20,1767470049,0,5719.8,5889.0,90564.0,True
IndianFood,1q31779,2026-01,nxhgdzj,Potato-chipsaregood,True,8.0,True,2.0,False,4,1767465997,0,735.4,70.0,16714.0,False
IndianFood,1q31779,2026-01,nxhlc13,SabziZindagi,True,9.0,True,4.0,False,4,1767467341,0,1078.2,1079.0,81528.0,True
IndianFood,1q31779,2026-01,nxi6trf,sideshow--,True,7.0,False,,False,5,1767473600,0,2082.7,1655.0,58768.0,True
IndianFood,1q31779,2026-01,nxj24si,SLAYdgeRIDER,True,10.0,False,,False,3,1767483010,0,3046.9,12966.0,6480.0,True
IndianFood,1qlnc0p,2026-01,o1fbo80,Comfortable-Ad-6389,True,1.0,True,5.0,False,218,1769262790,0,2141.9,44.0,40492.0,True
IndianFood,1qlnc0p,2026-01,o1fcnh9,AdmirableCost5692,True,2.0,False,,False,112,1769263135,0,640.8,4525.0,99530.0,True
IndianFood,1qlnc0p,2026-01,o1fasr9,alexthe5th,True,3.0,True,1.0,False,75,1769262482,0,5889.2,16782.0,47868.0,True
IndianFood,1qlnc0p,2026-01,o1fbcew,HoggleSnarf,True,4.0,True,4.0,False,48,1769262674,0,5249.5,1659.0,67569.0,True
IndianFood,1qlnc0p,2026-01,o1fesk7,junkrgNew,True,6.0,False,,False,32,1769263878,0,2773.3,267.0,13990.0,True
IndianFood,1qlnc0p,2026-01,o1fbswp,sushiroll465,True,5.0,False,,False,33,1769262836,0,1567.3,654.0,119589.0,False
IndianFood,1qlnc0p,2026-01,o1fcg5x,No-Active3086,True,7.0,False,,False,29,1769263063,0,2079.1,14637.0,23532.0,True
IndianFood,1qlnc0p,2026-01,o1fasr8,paxbowlski,True,8.0,True,2.0,False,24,1769262482,0,4194.4,964.0,47834.0,True
IndianFood,1qlnc0p,2026-01,o1fcthr,Sw0rdfishface,True,10.0,False,,False,21,1769263194,0,920.7,58.0,149.0,True
IndianFood,1qlnc0p,2026-01,o1gpmtk,painter8,True,9.0,False,,False,22,1769277271,0,3064.5,75.0,1382.0,True
IndianFood,1qlnc0p,2026-01,o1fb4d1,draight926289,False,,True,3.0,False,14,1769262594,0,1037.5,284.0,28057.0,False
IndianFood,1qbuoj9,2026-01,nzdbiku,oarmash,True,1.0,True,1.0,False,56,1768319304,0,4221.7,6287.0,121017.0,True
IndianFood,1qbuoj9,2026-01,nzdpl15,buzzybee2020,True,2.0,True,5.0,False,24,1768323197,0,1901.8,2256.0,20719.0,False
IndianFood,1qbuoj9,2026-01,nzehct8,soumya_af,True,3.0,False,,False,21,1768331360,0,3163.7,4284.0,35660.0,True
IndianFood,1qbuoj9,2026-01,nzdf3l6,InfiniteSoft4539,True,4.0,True,3.0,False,9,1768320288,0,206.9,20683.0,14747.0,True
IndianFood,1qbuoj9,2026-01,nzeykxr,AFC_1886,True,5.0,False,,False,6,1768336118,0,2490.9,6.0,476.0,True
IndianFood,1qbuoj9,2026-01,nzfxdo3,Kixaz007,True,6.0,False,,False,5,1768346129,0,4845.4,2608.0,9502.0,True
IndianFood,1qbuoj9,2026-01,nzgwh8z,beautyguruxzy,True,7.0,False,,False,3,1768357778,0,155.4,416.0,119.0,False
IndianFood,1qbuoj9,2026-01,nzdc1wj,jerryisacuck,True,8.0,True,2.0,False,2,1768319452,0,,,,
IndianFood,1qbuoj9,2026-01,nzibbf6,DeadlyGuts,True,9.0,False,,False,2,1768380490,0,143.0,1.0,1934.0,True
IndianFood,1qbuoj9,2026-01,nzdj3gh,Competitive-Voice219,True,10.0,True,4.0,False,1,1768321383,0,147.1,66.0,295.0,False
IndianFood,1qknejk,2026-01,o17wkue,harshmangat,True,1.0,True,2.0,False,66,1769166865,0,4455.9,250478.0,785999.0,True
IndianFood,1qknejk,2026-01,o17taa1,Tomthegoatboi,True,2.0,True,1.0,False,19,1769165195,0,,,,
IndianFood,1qknejk,2026-01,o184hxm,Upbeat-Dinner-5162,True,3.0,True,4.0,False,15,1769170497,0,730.2,12234.0,9080.0,False
IndianFood,1qknejk,2026-01,o180a7h,Drwynyllo,True,4.0,True,3.0,False,10,1769168640,0,371.1,4329.0,71769.0,True
IndianFood,1qknejk,2026-01,o19bjre,kauniskissa,True,5.0,False,,False,10,1769184184,0,2035.3,1257.0,5581.0,True
IndianFood,1qknejk,2026-01,o18oh8i,Abject_Local2672,True,6.0,False,,False,4,1769177526,0,1038.7,1.0,87.0,True
IndianFood,1qknejk,2026-01,o186dvf,Hashishiva,True,7.0,True,5.0,False,3,1769171277,0,1028.7,4876.0,25850.0,True
IndianFood,1qknejk,2026-01,o18xpt3,twoscoopsofbacon,True,8.0,False,,False,2,1769180326,0,1990.6,343.0,56615.0,True
IndianFood,1qknejk,2026-01,o1a750w,IAmAllThis,True,9.0,False,,False,2,1769192774,0,1692.9,10.0,1318.0,True
IndianFood,1qknejk,2026-01,o1aj2vr,37902,True,10.0,False,,False,2,1769196018,0,2479.2,2348.0,1263.0,True
IndianFood,1qch71u,2026-01,nzi45a5,thecutegirl06,True,1.0,True,1.0,False,368,1768376390,0,2070.9,472.0,17311.0,True
IndianFood,1qch71u,2026-01,nzi4ai8,th3_pund1t,True,2.0,True,2.0,False,199,1768376472,0,5213.2,2966.0,80871.0,True
IndianFood,1qch71u,2026-01,nzi5qmh,hskskgfk,True,3.0,False,,False,120,1768377279,0,3298.7,14435.0,122487.0,False
IndianFood,1qch71u,2026-01,nzibxsz,saturday_sun4,True,5.0,False,,False,53,1768380850,0,1072.1,6445.0,105099.0,True
IndianFood,1qch71u,2026-01,nzi4s4t,Snoo81962,True,4.0,True,3.0,False,57,1768376745,0,2154.2,768.0,2958.0,True
IndianFood,1qch71u,2026-01,nzi52yt,mehulk8,True,6.0,True,4.0,False,25,1768376911,0,633.0,20.0,156.0,True
IndianFood,1qch71u,2026-01,nzicjua,Innocuous_salt,True,7.0,False,,False,21,1768381209,0,2392.2,1.0,12312.0,False
IndianFood,1qch71u,2026-01,nzic22u,HolyBasilChicken,True,8.0,False,,False,12,1768380921,0,691.9,307.0,620.0,True
IndianFood,1qch71u,2026-01,nzi9sg4,nicrrrrrp,True,9.0,False,,False,11,1768379589,0,3355.2,1812.0,7391.0,True
IndianFood,1qch71u,2026-01,nzi580a,shashank-1112,True,10.0,True,5.0,False,11,1768376989,0,1025.8,301.0,2053.0,True
IndianFood,1q0xkxm,2026-01,nx1ns06,svmk1987,True,1.0,True,4.0,False,67,1767250385,0,5272.1,5620.0,255499.0,True
IndianFood,1q0xkxm,2026-01,nx1lkp5,fakeaccount2069,True,2.0,True,2.0,False,61,1767249150,0,2862.7,6639.0,2576.0,True
IndianFood,1q0xkxm,2026-01,nx1ng5e,fkaslckrqn,True,3.0,True,3.0,False,19,1767250198,0,1910.1,1150.0,12148.0,True
IndianFood,1q0xkxm,2026-01,nx1u02o,Introvert_kudi,True,4.0,False,,False,3,1767254120,0,2130.2,182.0,7730.0,True
IndianFood,1q0xkxm,2026-01,nx3h40u,curiousgaruda,True,5.0,False,,False,2,1767283784,0,3030.7,3772.0,22627.0,True
IndianFood,1q0xkxm,2026-01,nx1lhic,dextroz,False,,True,1.0,False,0,1767249101,0,7453.2,1440.0,53995.0,True
IndianFood,1q0xkxm,2026-01,nx1qtqs,tetlee,True,6.0,False,,False,1,1767252173,0,5542.7,10819.0,55994.0,True
IndianFood,1q0xkxm,2026-01,nx33ndi,fruitytropics,True,7.0,False,,False,1,1767279161,0,2047.3,263.0,5893.0,True
IndianFood,1q0xkxm,2026-01,nx6ntzh,marnas86,True,8.0,False,,False,1,1767320597,0,3710.8,351.0,77671.0,True
IndianFood,1q0xkxm,2026-01,nx7sx71,itsthekumar,True,9.0,False,,False,1,1767337874,0,2468.1,577.0,112227.0,True
IndianFood,1q0xkxm,2026-01,nxjt0iy,yash731,True,10.0,False,,False,1,1767491656,0,4274.2,19748.0,1770.0,True
IndianFood,1q0xkxm,2026-01,nx1q6w2,ayush0000,False,,True,5.0,False,-1,1767251795,0,4704.6,132.0,320.0,True
IndianFood,1q3eg51,2026-01,nxk60gu,Fluid_crystal,True,1.0,True,3.0,False,167,1767496003,0,1674.8,829.0,45549.0,True
IndianFood,1q3eg51,2026-01,nxk7f1m,variousnecessities7,True,3.0,False,,False,69,1767496488,0,3107.6,1206.0,7837.0,True
IndianFood,1q3eg51,2026-01,nxk5v8g,mrsrobotic,True,2.0,True,2.0,False,70,1767495955,0,2864.5,7927.0,42130.0,True
IndianFood,1q3eg51,2026-01,nxk682x,Acrobatic-Nebula-428,True,4.0,True,4.0,False,34,1767496077,0,1407.8,322.0,3345.0,True
IndianFood,1q3eg51,2026-01,nxk7ray,hyderabadinawab,True,5.0,False,,False,21,1767496606,0,4626.6,16180.0,12215.0,True
IndianFood,1q3eg51,2026-01,nxk8abl,DaSuthNa,True,7.0,False,,False,18,1767496794,0,3560.6,153.0,2009.0,True
IndianFood,1q3eg51,2026-01,nxkgb87,nomnommish,True,6.0,False,,False,19,1767499618,0,4077.7,15569.0,242311.0,False
IndianFood,1q3eg51,2026-01,nxk6jmc,BiscottiLoud8044,True,8.0,False,,False,11,1767496188,0,305.5,990.0,5142.0,True
IndianFood,1q3eg51,2026-01,nxk54jk,ruminatingthought,True,9.0,True,1.0,False,6,1767495708,0,1536.3,23.0,1876.0,True
IndianFood,1q3eg51,2026-01,nxk98j0,Dodie85,True,10.0,False,,False,6,1767497121,0,2406.5,1198.0,37891.0,True
IndianFood,1q3eg51,2026-01,nxk69hz,DairyQueenElizabeth,False,,True,5.0,False,3,1767496091,0,1283.8,256.0,21844.0,False
IndianFood,1qa5kt1,2026-01,nz0dn6k,garlicshrimpscampi,True,1.0,True,3.0,False,50,1768154752,0,1036.8,3458.0,19484.0,True
IndianFood,1qa5kt1,2026-01,nz0d6lc,lemonybrick,True,2.0,True,2.0,False,30,1768154625,0,4347.4,27.0,1505.0,True
IndianFood,1qa5kt1,2026-01,nz09hk1,itsmebunty,True,3.0,True,1.0,False,9,1768153604,0,862.4,328.0,21992.0,True
IndianFood,1qa5kt1,2026-01,nz46yak,frugalfrog4sure,True,4.0,False,,False,4,1768196951,0,3147.6,6.0,10846.0,True
IndianFood,1qa5kt1,2026-01,nz4g44x,Technical-Escape-419,True,7.0,False,,False,3,1768201531,0,395.0,433.0,2287.0,True
IndianFood,1qa5kt1,2026-01,nz4hf0z,Silver-Advantage8502,True,5.0,False,,False,4,1768202219,0,759.6,60.0,1546.0,True
IndianFood,1qa5kt1,2026-01,nz1zyms,Mr0range,True,8.0,True,5.0,False,3,1768170714,0,5348.8,9955.0,25443.0,True
IndianFood,1qa5kt1,2026-01,nz18thp,peecee99,True,9.0,True,4.0,False,2,1768163102,0,2153.0,98.0,4227.0,True
IndianFood,1qa5kt1,2026-01,nz2cllp,sludge_dragon,True,6.0,False,,False,4,1768174557,0,3737.5,2638.0,9817.0,True
IndianFood,1qa5kt1,2026-01,nz2o7pg,hikentravel,True,10.0,False,,False,2,1768178089,0,646.8,1412.0,285.0,True
IndianFood,1qfv4cs,2026-01,o07w8cl,rahulbaskar-153,True,1.0,True,5.0,False,57,1768702433,0,1996.9,569.0,1584.0,True
IndianFood,1qfv4cs,2026-01,o07rqwl,asushunamir,True,2.0,True,4.0,False,28,1768700976,0,4642.4,2687.0,6001.0,True
IndianFood,1qfv4cs,2026-01,o087oad,hskskgfk,True,3.0,False,,False,21,1768706233,0,3298.7,14435.0,122487.0,False
IndianFood,1qfv4cs,2026-01,o089q6u,PretentiousPepperoni,True,4.0,False,,False,8,1768706929,0,860.9,13615.0,11988.0,True
IndianFood,1qfv4cs,2026-01,o07pqk9,no_name_user,True,5.0,True,1.0,False,8,1768700335,0,5287.6,65.0,466.0,False
IndianFood,1qfv4cs,2026-01,o07qdan,precioustimer,True,6.0,True,2.0,False,7,1768700543,0,3039.3,4577.0,14210.0,True
IndianFood,1qfv4cs,2026-01,o087q0n,valmen01,True,7.0,False,,False,6,1768706250,0,2820.0,627.0,12958.0,True
IndianFood,1qfv4cs,2026-01,o07w8pi,bevars,True,8.0,False,,False,4,1768702436,0,4277.5,694.0,3844.0,True
IndianFood,1qfv4cs,2026-01,o08kkby,oarmash,True,9.0,False,,False,4,1768710922,0,4221.7,6287.0,121017.0,True
IndianFood,1qfv4cs,2026-01,o08tipx,ShhhBees,True,10.0,False,,False,3,1768714719,0,226.4,1.0,1800.0,True
IndianFood,1qfv4cs,2026-01,o07rg2u,spaaltieml,False,,True,3.0,False,3,1768700885,0,3544.6,2305.0,988.0,True
