subreddit,post_id,collection_month,comment_id,author,in_top10,top10_rank,in_first5,first5_rank,is_submitter,comment_score,comment_created_utc,comment_depth,author_account_age_days,author_link_karma,author_comment_karma,author_verified_email
india,1ly4hmw,2025-07,n2r1arp,deep_blue_shirt,True,1.0,True,1.0,False,410,1752337792,0,1002.8,1317.0,1116.0,True
india,1ly4hmw,2025-07,n2r7tls,Technical-Isopod6554,True,2.0,True,5.0,False,272,1752339812,0,1350.2,247.0,77341.0,True
india,1ly4hmw,2025-07,n2r5i0q,Johan-Liebert7,True,3.0,True,3.0,False,172,1752339111,0,336.9,150.0,3096.0,True
india,1ly4hmw,2025-07,n2r7cfa,cheesy_way_out,True,4.0,True,4.0,False,144,1752339668,0,1676.1,4977.0,16319.0,True
india,1ly4hmw,2025-07,n2rtect,letsgobernie,True,5.0,False,,False,130,1752346458,0,3819.4,5176.0,53416.0,True
india,1ly4hmw,2025-07,n2rc4r5,Compote-Motor,True,6.0,False,,False,99,1752341112,0,1897.7,43.0,4746.0,True
india,1ly4hmw,2025-07,n2r58da,turningtop_5327,True,7.0,True,2.0,False,59,1752339029,0,1050.0,5595.0,103366.0,True
india,1ly4hmw,2025-07,n2ra565,blogalwarning,True,8.0,False,,False,58,1752340514,0,814.7,117.0,1496.0,True
india,1ly4hmw,2025-07,n2rms83,YesterdayDreamer,True,9.0,False,,False,54,1752344364,0,1151.0,4268.0,93401.0,True
india,1ly4hmw,2025-07,n2rpvpa,Prize_Guide1982,True,10.0,False,,False,43,1752345350,0,441.0,470.0,61099.0,True
india,1lqnmdm,2025-07,n146jat,ScienceMechEng_Lover,True,1.0,True,4.0,False,1779,1751545842,0,350.5,2675.0,53024.0,True
india,1lqnmdm,2025-07,n14am3r,GL4389,True,2.0,False,,False,407,1751547302,0,,,,
india,1lqnmdm,2025-07,n145767,RedandWhiteFan,True,3.0,True,2.0,False,186,1751545334,0,2041.2,14.0,4039.0,True
india,1lqnmdm,2025-07,n141ogv,AllIsEvanescent,True,4.0,True,1.0,False,128,1751543958,0,848.4,7380.0,59582.0,True
india,1lqnmdm,2025-07,n14c9bw,General-Beautiful574,True,5.0,False,,False,128,1751547871,0,1884.6,1.0,2672.0,True
india,1lqnmdm,2025-07,n14f797,bhodrolok,True,6.0,False,,False,62,1751548882,0,4005.9,698695.0,251065.0,True
india,1lqnmdm,2025-07,n14biit,Aarvy271,True,7.0,False,,False,56,1751547612,0,2593.8,28936.0,35077.0,True
india,1lqnmdm,2025-07,n145765,QuantAnalyst,True,8.0,True,3.0,False,49,1751545334,0,4434.9,1.0,11025.0,True
india,1lqnmdm,2025-07,n149bff,SimpleAd9687,True,9.0,True,5.0,False,46,1751546852,0,2096.1,757.0,15964.0,True
india,1lqnmdm,2025-07,n14f418,confused_manishi,True,10.0,False,,False,33,1751548852,0,1200.1,39.0,1334.0,True
india,1ltcw21,2025-07,n1pmuy7,No_Independent8195,True,1.0,True,4.0,False,1024,1751841205,0,,,,
india,1ltcw21,2025-07,n1pi537,lifegrowthfinance,True,2.0,True,2.0,False,428,1751839566,0,3209.3,466.0,11400.0,True
india,1ltcw21,2025-07,n1pmcpa,objective_think3r,True,3.0,True,3.0,False,371,1751841025,0,839.9,496.0,14816.0,True
india,1ltcw21,2025-07,n1ps4yb,itsjustsufiyan,True,4.0,True,5.0,False,254,1751843043,0,2485.1,36587.0,4610.0,True
india,1ltcw21,2025-07,n1pfttb,orcrist747,True,5.0,True,1.0,False,231,1751838793,0,,,,
india,1ltcw21,2025-07,n1pzdgj,xoogl3,True,6.0,False,,False,213,1751845586,0,4941.3,4480.0,80003.0,True
india,1ltcw21,2025-07,n1q4w3k,Pegasus711_Dual,True,7.0,False,,False,52,1751847592,0,,,,
india,1ltcw21,2025-07,n1r5whj,Due-Contribution295,True,8.0,False,,False,48,1751862119,0,1131.1,1.0,2811.0,True
india,1ltcw21,2025-07,n1qwykw,astroajay,True,9.0,False,,False,43,1751858203,0,4366.0,27.0,1321.0,True
india,1ltcw21,2025-07,n1rgd2o,svmk1987,True,10.0,False,,False,36,1751867334,0,5272.1,5620.0,255499.0,True
india,1lqq06h,2025-07,n14me3i,Zealousideal_Box4766,True,1.0,True,2.0,False,614,1751551183,0,1599.0,140.0,2944.0,True
india,1lqq06h,2025-07,n14r1gy,Thunderlord_x,True,2.0,False,,False,539,1751552596,0,3521.6,28159.0,8257.0,True
india,1lqq06h,2025-07,n14oyhc,Lowkey_observer159,True,3.0,True,5.0,False,174,1751551970,0,381.0,3867.0,1522.0,True
india,1lqq06h,2025-07,n14shuz,Weird-Yogurt6205,True,4.0,False,,False,160,1751553020,0,932.7,112.0,2014.0,True
india,1lqq06h,2025-07,n14nazd,koinaambachabhihai,True,5.0,True,3.0,False,118,1751551466,0,1923.0,1416.0,25112.0,True
india,1lqq06h,2025-07,n14rhmi,L0NERANGER141,True,6.0,False,,False,51,1751552727,0,767.8,109.0,3574.0,True
india,1lqq06h,2025-07,n14khra,Reasonable-Exit4653,True,7.0,True,1.0,False,35,1751550600,0,1357.1,269.0,12552.0,True
india,1lqq06h,2025-07,n14w3de,mmanyquestionss,True,8.0,False,,False,32,1751554072,0,464.6,7292.0,63174.0,True
india,1lqq06h,2025-07,n14taeq,Ill-Rutabaga5125,True,10.0,False,,False,25,1751553250,0,1677.4,77.0,5657.0,True
india,1lqq06h,2025-07,n14nfle,adashelby0,False,,True,4.0,False,20,1751551506,0,1601.8,5030.0,2544.0,True
india,1lqq06h,2025-07,n1520f5,Dear__D,True,9.0,False,,False,26,1751555749,0,1378.6,254.0,1923.0,True
india,1lqvz7v,2025-07,n1611i1,CaptainFatBat,True,1.0,True,4.0,False,3155,1751565574,0,2116.0,282.0,6570.0,True
india,1lqvz7v,2025-07,n161kw8,asc0614,True,2.0,False,,False,1753,1751565729,0,4360.6,10968.0,122132.0,True
india,1lqvz7v,2025-07,n160h3f,chip7646,True,3.0,True,2.0,False,1342,1751565413,0,2341.8,297.0,7790.0,True
india,1lqvz7v,2025-07,n166wu2,Mysterious_Cup_6024,True,4.0,False,,False,1120,1751567292,0,349.2,109.0,11865.0,True
india,1lqvz7v,2025-07,n161ple,bhodrolok,True,5.0,False,,False,601,1751565767,0,4005.9,698695.0,251065.0,True
india,1lqvz7v,2025-07,n161218,Lawschoolsucks13,True,6.0,True,5.0,False,417,1751565578,0,778.9,13.0,588.0,True
india,1lqvz7v,2025-07,n166540,X-Hades-X,True,7.0,False,,False,364,1751567065,0,1975.3,436.0,5966.0,True
india,1lqvz7v,2025-07,n1643lg,Medallion444,True,8.0,False,,False,280,1751566465,0,3779.0,410.0,1572.0,True
india,1lqvz7v,2025-07,n161psz,thisissk717,True,9.0,False,,False,174,1751565768,0,1593.1,277.0,48600.0,True
india,1lqvz7v,2025-07,n1640a2,Frequent_Task,True,10.0,False,,False,135,1751566437,0,,,,
india,1lqvz7v,2025-07,n15zrq5,pranjalsri1,False,,True,1.0,False,125,1751565215,0,4035.7,3.0,1487.0,True
india,1lqvz7v,2025-07,n160nvf,my_100th_acc,False,,True,3.0,False,82,1751565467,0,1860.8,11796.0,12480.0,True
india,1mc96m0,2025-07,n5ryvot,bhodrolok,True,1.0,True,1.0,False,1381,1753789571,0,4005.9,698695.0,251065.0,True
india,1mc96m0,2025-07,n5s10hh,FuckleberryFarm,True,2.0,True,4.0,False,817,1753790424,0,,,,
india,1mc96m0,2025-07,n5tm7cs,i_love_masaladosa,True,3.0,False,,False,586,1753807911,0,1682.0,5145.0,33888.0,True
india,1mc96m0,2025-07,n5s0z58,Life_Machine_9694,True,4.0,True,3.0,False,312,1753790409,0,483.6,3575.0,21076.0,True
india,1mc96m0,2025-07,n5s0v9s,nishaachauhan,True,5.0,True,2.0,False,298,1753790367,0,,,,
india,1mc96m0,2025-07,n5s4ip2,TheOpenSecrets,True,6.0,False,,False,189,1753791769,0,2003.1,1855.0,19405.0,True
india,1mc96m0,2025-07,n5sa1yl,TexasPoonTappa7,True,7.0,False,,False,95,1753793758,0,4141.7,18587.0,18467.0,True
india,1mc96m0,2025-07,n5s3iwc,bluegoldredsilver5,True,8.0,True,5.0,False,77,1753791397,0,914.9,2695.0,95690.0,True
india,1mc96m0,2025-07,n5s8ufx,cranky_finicky,True,9.0,False,,False,67,1753793338,0,640.7,1.0,1986.0,True
india,1mc96m0,2025-07,n5sdyh1,Candid_Juice_1858,True,10.0,False,,False,36,1753795074,0,1356.2,795.0,5055.0,True
india,1lzdecv,2025-07,n30vmps,hudi_baba,True,1.0,True,2.0,False,661,1752468703,0,2226.2,21170.0,144936.0,True
india,1lzdecv,2025-07,n30vhhl,bhodrolok,True,2.0,True,1.0,False,264,1752468635,0,4005.9,698695.0,251065.0,True
india,1lzdecv,2025-07,n30wf4b,WillDo_WontDo,True,3.0,True,4.0,False,116,1752469077,0,492.2,4.0,6843.0,True
india,1lzdecv,2025-07,n30vsp6,readit347,True,4.0,True,3.0,False,37,1752468781,0,1946.5,1332.0,114405.0,True
india,1lzdecv,2025-07,n314rr6,Zurati,True,5.0,False,,False,24,1752473318,0,,,,
india,1lzdecv,2025-07,n30wpn4,broaxyy,True,6.0,True,5.0,False,21,1752469217,0,1433.0,1.0,15.0,True
india,1lzdecv,2025-07,n3168a3,MutedBeach8248,True,8.0,False,,False,13,1752474112,0,831.7,406.0,4829.0,True
india,1lzdecv,2025-07,n31fnj1,BroadResident7805,True,7.0,False,,False,14,1752479449,0,1552.0,138.0,38.0,True
india,1lzdecv,2025-07,n310ejq,tea_snob10,True,9.0,False,,False,10,1752471049,0,2304.8,57400.0,124785.0,True
india,1lzdecv,2025-07,n3120iz,firesnake412,True,10.0,False,,False,8,1752471878,0,1934.5,3430.0,108507.0,True
india,1m0v74d,2025-07,n3cm3m8,UltraNemesis,True,1.0,True,5.0,False,680,1752620479,0,3856.9,3075.0,72615.0,False
india,1m0v74d,2025-07,n3dfo8z,Additional_Curve_333,True,2.0,False,,False,373,1752630619,0,1005.0,1.0,2727.0,False
india,1m0v74d,2025-07,n3cjkf8,DingoHairy2194,True,3.0,True,4.0,False,195,1752619652,0,2154.6,1034.0,12970.0,True
india,1m0v74d,2025-07,n3cjcru,gumnamaadmi,True,4.0,True,3.0,False,145,1752619583,0,991.5,56.0,29910.0,True
india,1m0v74d,2025-07,n3cfg6j,avidstoner,True,5.0,True,2.0,False,62,1752618298,0,3541.2,14.0,8465.0,True
india,1m0v74d,2025-07,n3d8fgi,Pyar_Ka_Tarana,True,6.0,False,,False,41,1752628075,0,1791.2,190.0,313.0,True
india,1m0v74d,2025-07,n3cs49y,Cocktoasttoe,True,7.0,False,,False,29,1752622457,0,676.1,1.0,3367.0,False
india,1m0v74d,2025-07,n3dry05,Silver_Apartment4913,True,8.0,False,,False,22,1752635090,0,,,,
india,1m0v74d,2025-07,n3e59xr,vijayvithal,True,9.0,False,,False,17,1752640606,0,3267.1,3168.0,673.0,True
india,1m0v74d,2025-07,n3do1u3,retroshiri,True,10.0,False,,False,12,1752633622,0,2188.0,33.0,621.0,True
india,1m0v74d,2025-07,n3cemwy,smackdowntactical,False,,True,1.0,False,11,1752618007,0,329.9,4.0,65.0,False
india,1m42s18,2025-07,n418slc,MrAverage456,True,1.0,True,1.0,False,1303,1752948697,0,1950.8,265.0,1185.0,True
india,1m42s18,2025-07,n41aaf4,ConferenceAntique743,True,2.0,True,4.0,False,266,1752949170,0,1900.1,35.0,3393.0,True
india,1m42s18,2025-07,n41fpeo,Unbasic-Bitch,True,3.0,False,,False,239,1752950920,0,1681.7,49.0,337.0,True
india,1m42s18,2025-07,n418v7i,mathes2941,True,4.0,True,2.0,False,145,1752948721,0,3315.8,1.0,240.0,True
india,1m42s18,2025-07,n41lauk,ExtensionBiscotti691,True,5.0,False,,False,85,1752952726,0,337.9,1.0,621.0,True
india,1m42s18,2025-07,n41onyt,manmorgola,True,6.0,False,,False,65,1752953811,0,688.5,569.0,705.0,True
india,1m42s18,2025-07,n41clrp,marketpolls,True,7.0,True,5.0,False,32,1752949919,0,2978.4,76.0,2221.0,True
india,1m42s18,2025-07,n424gxp,singka93,True,8.0,False,,False,28,1752958944,0,2086.1,225.0,3039.0,True
india,1m42s18,2025-07,n41a2ke,Extreme_Tadpole_5150,True,9.0,True,3.0,False,20,1752949102,0,418.6,197.0,719.0,True
india,1m79nc9,2025-07,n4q28xt,psychicsoul123,True,1.0,True,1.0,False,587,1753282690,0,1411.1,1555.0,16114.0,True
india,1m79nc9,2025-07,n4qv6o0,QuantumsparkKK,True,2.0,True,3.0,False,59,1753290662,0,1145.5,1.0,738.0,True
india,1m79nc9,2025-07,n4rnbvy,tsb1021,True,3.0,True,5.0,False,44,1753298386,0,1391.6,84.0,958.0,True
india,1m79nc9,2025-07,n4v9oqa,sleeper_shark,True,4.0,False,,False,22,1753347999,0,2500.2,6322.0,111649.0,True
india,1m79nc9,2025-07,n4siuho,Clear-Mode4310,True,6.0,False,,False,20,1753307391,0,686.0,3921.0,539.0,False
india,1m79nc9,2025-07,n4qy4y8,benedict250,True,5.0,True,4.0,False,21,1753291443,0,2324.1,2702.0,39335.0,True
india,1m79nc9,2025-07,n4q2lj2,Adventurous-Maize-88,True,7.0,True,2.0,False,14,1753282787,0,2077.0,107.0,5103.0,True
india,1m79nc9,2025-07,n4sb7o8,EmployAltruistic647,True,8.0,False,,False,13,1753305126,0,622.9,350.0,35850.0,True
india,1m79nc9,2025-07,n4tdrve,sadnotmad1,True,9.0,False,,False,9,1753317526,0,1650.4,45.0,4258.0,True
india,1m79nc9,2025-07,n4unakw,24pri,True,10.0,False,,False,7,1753335661,0,2173.2,1681.0,3968.0,True
BollyBlindsNGossip,1lynzwj,2025-07,n2v9ygd,Feeling-Dog6184,True,1.0,True,2.0,False,1287,1752396580,0,1037.7,138.0,32287.0,True
BollyBlindsNGossip,1lynzwj,2025-07,n2vd5n7,rishabhsingh9628,True,2.0,False,,False,452,1752398475,0,,,,
BollyBlindsNGossip,1lynzwj,2025-07,n2va3lp,WitChBLadE_in,True,3.0,True,3.0,False,389,1752396663,0,1806.7,646.0,146256.0,True
BollyBlindsNGossip,1lynzwj,2025-07,n2vcwz2,sprIxAlwareArnd6327,True,4.0,True,5.0,False,209,1752398331,0,389.9,127.0,41760.0,True
BollyBlindsNGossip,1lynzwj,2025-07,n2v9w2s,thisissk717,True,5.0,True,1.0,False,200,1752396542,0,1593.1,277.0,48600.0,True
BollyBlindsNGossip,1lynzwj,2025-07,n2veryh,boowebaba,True,6.0,False,,False,137,1752399448,0,2819.9,14898.0,4054.0,True
BollyBlindsNGossip,1lynzwj,2025-07,n2vgbon,Funny-Bit-4148,True,7.0,False,,False,96,1752400349,0,746.0,1630.0,23655.0,True
BollyBlindsNGossip,1lynzwj,2025-07,n2vcbju,Any-Recognition-3652,True,8.0,True,4.0,False,68,1752397974,0,369.1,174.0,34212.0,True
BollyBlindsNGossip,1lynzwj,2025-07,n2w75s5,Armageddonhitfit,True,9.0,False,,False,25,1752412978,0,800.0,7272.0,8141.0,True
BollyBlindsNGossip,1lynzwj,2025-07,n2vf5sn,Hawk777-Stark,True,10.0,False,,False,23,1752399675,0,356.0,697.0,19995.0,True
BollyBlindsNGossip,1ls3w9q,2025-07,n1fnn0s,markelonn,True,1.0,True,3.0,False,852,1751699425,0,4619.7,21879.0,193345.0,True
BollyBlindsNGossip,1ls3w9q,2025-07,n1fnc6r,ManufacturerIll1743,True,2.0,True,2.0,False,626,1751699250,0,434.1,32637.0,23425.0,False
BollyBlindsNGossip,1ls3w9q,2025-07,n1fnoox,Inevitable_august,True,3.0,True,4.0,False,406,1751699451,0,537.1,30.0,461.0,True
BollyBlindsNGossip,1ls3w9q,2025-07,n1fnqq9,Remote_Tap6299,True,4.0,True,5.0,False,344,1751699486,0,680.0,23961.0,207495.0,True
BollyBlindsNGossip,1ls3w9q,2025-07,n1fnw0f,ShallowAstronaut,True,5.0,False,,False,159,1751699572,0,497.9,417849.0,41684.0,True
BollyBlindsNGossip,1ls3w9q,2025-07,n1h4212,Snoo_37953,True,6.0,False,,False,157,1751725842,0,2182.4,19263.0,25942.0,True
BollyBlindsNGossip,1ls3w9q,2025-07,n1fo5pg,ChutiumSulphate,True,8.0,False,,False,71,1751699730,0,2366.2,10013.0,14851.0,True
BollyBlindsNGossip,1ls3w9q,2025-07,n1fq5ky,potersy7,True,7.0,False,,False,74,1751700924,0,1082.9,62.0,834.0,True
BollyBlindsNGossip,1ls3w9q,2025-07,n1fnv9y,Snowflake_December,True,9.0,False,,False,49,1751699560,0,522.8,2.0,23675.0,True
BollyBlindsNGossip,1ls3w9q,2025-07,n1fna87,Glowingzz,True,10.0,True,1.0,False,42,1751699218,0,535.2,2080.0,3731.0,True
BollyBlindsNGossip,1m0nfqu,2025-07,n3akr6q,sizzletea,True,1.0,True,1.0,False,482,1752599280,0,976.0,2403.0,8670.0,True
BollyBlindsNGossip,1m0nfqu,2025-07,n3al72h,Rue_when_was_dis,True,2.0,True,2.0,False,453,1752599401,0,1530.6,2024.0,123816.0,True
BollyBlindsNGossip,1m0nfqu,2025-07,n3alnw2,nallugutku,True,3.0,True,4.0,False,290,1752599527,0,462.4,28761.0,114825.0,True
BollyBlindsNGossip,1m0nfqu,2025-07,n3anm6a,Sassy_extrovert,True,4.0,False,,False,224,1752600051,0,904.8,17913.0,6477.0,True
BollyBlindsNGossip,1m0nfqu,2025-07,n3amtqo,poetess13,True,5.0,False,,False,206,1752599839,0,,,,
BollyBlindsNGossip,1m0nfqu,2025-07,n3aly7g,ContestSuspicious573,True,6.0,True,5.0,False,200,1752599604,0,694.2,5327.0,116606.0,False
BollyBlindsNGossip,1m0nfqu,2025-07,n3ane26,aloof-anon,True,7.0,False,,False,124,1752599990,0,2249.7,1600.0,26303.0,True
BollyBlindsNGossip,1m0nfqu,2025-07,n3alcdy,Cheap_trick1412,True,8.0,True,3.0,False,96,1752599441,0,,,,
BollyBlindsNGossip,1m0nfqu,2025-07,n3ao0y6,Smooth_Succotash4755,True,9.0,False,,False,66,1752600161,0,1440.3,6982.0,32181.0,True
BollyBlindsNGossip,1m0nfqu,2025-07,n3ancuk,LuckNo4294,True,10.0,False,,False,38,1752599981,0,2024.4,55.0,57973.0,True
BollyBlindsNGossip,1luzxxy,2025-07,n221uiv,yours_truly_Davina,True,1.0,True,3.0,False,657,1752008352,0,1398.9,5289.0,39767.0,False
BollyBlindsNGossip,1luzxxy,2025-07,n220wut,Suspicious_Safe_7137,True,2.0,True,2.0,False,576,1752008101,0,1691.1,6706.0,61214.0,True
BollyBlindsNGossip,1luzxxy,2025-07,n222p3e,Sansa_Baratheon,True,3.0,True,4.0,False,503,1752008584,0,510.8,2238.0,44111.0,True
BollyBlindsNGossip,1luzxxy,2025-07,n220lms,LowIntroduction1004,True,4.0,True,1.0,False,335,1752008017,0,670.5,1910.0,1899.0,False
BollyBlindsNGossip,1luzxxy,2025-07,n224u2p,sampil30,True,5.0,False,,False,265,1752009178,0,2309.9,31.0,14953.0,True
BollyBlindsNGossip,1luzxxy,2025-07,n228ro3,Disastrous_Bit_5527,True,6.0,False,,False,145,1752010311,0,1473.4,1.0,16425.0,False
BollyBlindsNGossip,1luzxxy,2025-07,n22gtbj,sahilmdesai,True,7.0,False,,False,122,1752012703,0,2652.5,126.0,91304.0,True
BollyBlindsNGossip,1luzxxy,2025-07,n227yyz,decipher_42,True,8.0,False,,False,76,1752010078,0,,,,
BollyBlindsNGossip,1luzxxy,2025-07,n23rvxi,oceanstwelve,True,9.0,False,,False,39,1752028235,0,3450.5,3507.0,12023.0,True
BollyBlindsNGossip,1luzxxy,2025-07,n241hys,Batman0890,True,10.0,False,,False,36,1752031796,0,576.9,2688.0,4001.0,True
BollyBlindsNGossip,1luzxxy,2025-07,n224fjy,Slash787,False,,True,5.0,False,14,1752009066,0,2530.8,30302.0,291537.0,True
BollyBlindsNGossip,1mc3khu,2025-07,n5qza46,HungryBitch2020,True,1.0,False,,False,770,1753770411,0,1848.1,2162.0,6839.0,False
BollyBlindsNGossip,1mc3khu,2025-07,n5qydnm,IWillReadItOnReddit,True,2.0,False,,False,562,1753769912,0,2711.3,11127.0,11529.0,True
BollyBlindsNGossip,1mc3khu,2025-07,n5qydh3,According-Rub604,True,3.0,False,,False,340,1753769909,0,1553.5,278.0,10331.0,True
BollyBlindsNGossip,1mc3khu,2025-07,n5qxev1,Majestic_District_51,True,4.0,True,4.0,False,213,1753769380,0,1831.0,69998.0,625766.0,True
BollyBlindsNGossip,1mc3khu,2025-07,n5vyblt,cadbury1106,True,5.0,False,,False,87,1753832270,0,2179.0,693.0,65323.0,True
BollyBlindsNGossip,1mc3khu,2025-07,n5qvt1l,Mother-Attention4930,True,6.0,True,1.0,False,81,1753768523,0,731.6,62.0,147437.0,True
BollyBlindsNGossip,1mc3khu,2025-07,n5qxm05,adityashankar_,True,7.0,True,5.0,False,44,1753769489,0,835.2,23.0,423.0,True
BollyBlindsNGossip,1mc3khu,2025-07,n5qyubn,idkping05,True,8.0,False,,False,40,1753770168,0,768.9,2100.0,51046.0,True
BollyBlindsNGossip,1mc3khu,2025-07,n5qwoib,SwimmerAgreeable7251,True,10.0,True,3.0,False,26,1753768987,0,1469.1,706.0,28659.0,True
BollyBlindsNGossip,1mc3khu,2025-07,n5r1xhz,hopespice,True,9.0,False,,False,27,1753771876,0,1073.4,41.0,19029.0,True
BollyBlindsNGossip,1mc3khu,2025-07,n5qwjvt,WillingnessHead7678,False,,True,2.0,False,11,1753768919,0,327.2,89.0,9816.0,True
BollyBlindsNGossip,1mb83gm,2025-07,n5k9js0,GiveMeSomeSunshine3,True,1.0,False,,False,662,1753682133,0,448.8,1815823.0,223800.0,True
BollyBlindsNGossip,1mb83gm,2025-07,n5k8to3,timepasschalrahai,True,2.0,True,2.0,False,299,1753681751,0,865.2,45.0,8557.0,True
BollyBlindsNGossip,1mb83gm,2025-07,n5kai1d,H4RTY17,True,3.0,False,,False,128,1753682647,0,2010.2,173.0,32314.0,True
BollyBlindsNGossip,1mb83gm,2025-07,n5k929y,Downtown_Ebb9600,True,4.0,True,4.0,False,125,1753681876,0,866.8,7084.0,21816.0,True
BollyBlindsNGossip,1mb83gm,2025-07,n5k8lo2,Royal-Rope-1480,True,5.0,True,1.0,False,74,1753681632,0,1805.2,14211.0,15464.0,True
BollyBlindsNGossip,1mb83gm,2025-07,n5kasil,Illustrious-Grape897,True,6.0,False,,False,60,1753682805,0,900.9,9442.0,61443.0,True
BollyBlindsNGossip,1mb83gm,2025-07,n5kbljy,Summer_is_coming_1,True,7.0,False,,False,28,1753683249,0,729.6,3.0,58215.0,True
BollyBlindsNGossip,1mb83gm,2025-07,n5k9act,MaximumOutrageous01,True,8.0,True,5.0,False,19,1753681995,0,721.5,22858.0,6528.0,False
BollyBlindsNGossip,1mb83gm,2025-07,n5kcpzr,6122000,True,9.0,False,,False,17,1753683871,0,2218.8,10739.0,26152.0,True
BollyBlindsNGossip,1mb83gm,2025-07,n5k8tsa,ADD999k,True,10.0,True,3.0,False,15,1753681752,0,1727.8,5968.0,5269.0,True
BollyBlindsNGossip,1lxa28m,2025-07,n2kgbuj,Economy-Damage1870,True,1.0,True,1.0,False,1441,1752248627,0,1671.6,42245.0,35144.0,True
BollyBlindsNGossip,1lxa28m,2025-07,n2kimxc,Deadzombii,True,2.0,True,2.0,False,483,1752249273,0,1895.3,1775.0,16658.0,True
BollyBlindsNGossip,1lxa28m,2025-07,n2kqk77,MarvelousAnna,True,3.0,False,,False,279,1752251533,0,1636.8,1414.0,812.0,True
BollyBlindsNGossip,1lxa28m,2025-07,n2kiog7,Mother-Attention4930,True,4.0,True,3.0,False,135,1752249285,0,731.6,62.0,147437.0,True
BollyBlindsNGossip,1lxa28m,2025-07,n2lez5z,StorageSevere531,True,5.0,False,,False,88,1752258356,0,1073.3,1487.0,6025.0,True
BollyBlindsNGossip,1lxa28m,2025-07,n2kj4y8,Giftmeclearskin,True,6.0,True,4.0,False,81,1752249413,0,3258.2,19177.0,85522.0,False
BollyBlindsNGossip,1lxa28m,2025-07,n2knjrt,Interesting-Ring-869,True,7.0,True,5.0,False,64,1752250671,0,1242.5,2033.0,114529.0,True
BollyBlindsNGossip,1lxa28m,2025-07,n2l36k6,chotasinghamies,True,8.0,False,,False,54,1752255037,0,686.8,1.0,1587.0,True
BollyBlindsNGossip,1lxa28m,2025-07,n2l15u4,Impossible-Matter-79,True,9.0,False,,False,48,1752254483,0,1845.5,1.0,249.0,True
BollyBlindsNGossip,1lxa28m,2025-07,n2knxug,H4RTY17,True,10.0,False,,False,14,1752250782,0,2010.2,173.0,32314.0,True
BollyBlindsNGossip,1m6jdkq,2025-07,n4k0800,ssamyak_,True,1.0,True,2.0,False,1396,1753203251,0,1936.8,789.0,5978.0,True
BollyBlindsNGossip,1m6jdkq,2025-07,n4k1695,abar1603,True,2.0,True,4.0,False,1027,1753203504,0,1162.6,8.0,2608.0,True
BollyBlindsNGossip,1m6jdkq,2025-07,n4k6xd0,redditniki_,True,3.0,False,,False,599,1753205046,0,1346.1,951.0,4914.0,True
BollyBlindsNGossip,1m6jdkq,2025-07,n4k2f18,KamolikasTikali,True,4.0,False,,False,428,1753203841,0,701.5,152.0,86331.0,True
BollyBlindsNGossip,1m6jdkq,2025-07,n4k1m2c,bips99,True,5.0,True,5.0,False,322,1753203622,0,3491.1,2651.0,157427.0,True
BollyBlindsNGossip,1m6jdkq,2025-07,n4k423a,yves-saint-laurent-,True,6.0,False,,False,91,1753204283,0,332.9,3220.0,7743.0,True
BollyBlindsNGossip,1m6jdkq,2025-07,n4k2z5p,p1s2p2,True,7.0,False,,False,86,1753203992,0,2736.3,2640.0,23215.0,True
BollyBlindsNGossip,1m6jdkq,2025-07,n4k5j7y,honey_bee222,True,8.0,False,,False,82,1753204675,0,934.7,897.0,10656.0,True
BollyBlindsNGossip,1m6jdkq,2025-07,n4k3n90,Less-Secret2818,True,9.0,False,,False,75,1753204171,0,989.7,256.0,16208.0,True
BollyBlindsNGossip,1m6jdkq,2025-07,n4k6m5z,divine_pearl,True,10.0,False,,False,47,1753204964,0,,,,
BollyBlindsNGossip,1m6jdkq,2025-07,n4k0qfq,oklengthiness1796,False,,True,3.0,False,36,1753203388,0,867.8,102.0,29338.0,True
BollyBlindsNGossip,1m6jdkq,2025-07,n4k00vj,Cone_silenced,False,,True,1.0,False,31,1753203199,0,1107.9,1307.0,53081.0,True
BollyBlindsNGossip,1luftwo,2025-07,n1xpii8,mayudhon,True,1.0,False,,False,676,1751951637,0,1881.1,7755.0,245843.0,True
BollyBlindsNGossip,1luftwo,2025-07,n1xoj3b,OpeningCourage7719,True,2.0,False,,False,664,1751951164,0,2054.9,2280.0,12035.0,True
BollyBlindsNGossip,1luftwo,2025-07,n1xnvl9,divine_pearl,True,3.0,True,5.0,False,497,1751950852,0,,,,
BollyBlindsNGossip,1luftwo,2025-07,n1xmsxl,Then_Huckleberry_623,True,4.0,True,1.0,False,457,1751950352,0,811.5,48031.0,160003.0,True
BollyBlindsNGossip,1luftwo,2025-07,n1xoctd,Comfortable-Yak-616,True,5.0,False,,False,349,1751951082,0,715.0,278.0,7079.0,True
BollyBlindsNGossip,1luftwo,2025-07,n1xt6c2,sweet_sparkle,True,6.0,False,,False,200,1751953467,0,1633.0,10699.0,36281.0,False
BollyBlindsNGossip,1luftwo,2025-07,n1xq8r4,ContestSuspicious573,True,7.0,False,,False,143,1751951993,0,694.2,5327.0,116606.0,False
BollyBlindsNGossip,1luftwo,2025-07,n1xniml,boko_beam,True,8.0,True,4.0,False,110,1751950682,0,2110.1,1.0,1273.0,True
BollyBlindsNGossip,1luftwo,2025-07,n1xqiuj,Financial-Age-2858,True,10.0,False,,False,44,1751952132,0,,,,
BollyBlindsNGossip,1luftwo,2025-07,n1xnc4t,potato-potahhto,True,9.0,True,2.0,False,45,1751950599,0,461.2,8683.0,30544.0,False
BollyBlindsNGossip,1luftwo,2025-07,n1xncc9,Optimal_Adeptness195,False,,True,3.0,False,23,1751950602,0,1895.9,30.0,1218.0,True
BollyBlindsNGossip,1m0npmc,2025-07,n3aohg5,Secret-Attitude3672,True,1.0,True,5.0,False,656,1752600284,0,1303.8,10133.0,28921.0,True
BollyBlindsNGossip,1m0npmc,2025-07,n3b48ck,Apprehensive_Cut7729,True,2.0,False,,False,185,1752604591,0,723.8,133.0,348.0,True
BollyBlindsNGossip,1m0npmc,2025-07,n3aor8z,aavaaraa,True,3.0,False,,False,133,1752600356,0,693.7,7246.0,41554.0,True
BollyBlindsNGossip,1m0npmc,2025-07,n3awj27,Privateinvestigat0r,True,4.0,False,,False,116,1752602434,0,761.0,2222.0,15737.0,True
BollyBlindsNGossip,1m0npmc,2025-07,n3anmjb,dollyayesha,True,5.0,True,2.0,False,65,1752600054,0,3504.8,11155.0,117081.0,True
BollyBlindsNGossip,1m0npmc,2025-07,n3asznp,LeadZestyclose9516,True,6.0,False,,False,35,1752601489,0,727.3,1619.0,1825.0,True
BollyBlindsNGossip,1m0npmc,2025-07,n3avxv3,arina_0730,True,9.0,False,,False,26,1752602274,0,1003.0,39333.0,374538.0,True
BollyBlindsNGossip,1m0npmc,2025-07,n3ao4ag,yours_truly_Davina,True,8.0,True,3.0,False,30,1752600186,0,1398.9,5289.0,39767.0,False
BollyBlindsNGossip,1m0npmc,2025-07,n3aomcq,SandySlays5969,True,7.0,False,,False,33,1752600321,0,1423.6,619.0,11059.0,False
BollyBlindsNGossip,1m0npmc,2025-07,n3aogv5,Hefty-Conference-791,True,10.0,True,4.0,False,23,1752600280,0,1536.2,55.0,97282.0,True
BollyBlindsNGossip,1m0npmc,2025-07,n3an858,sindoor_tere_naam_ka,False,,True,1.0,False,8,1752599946,0,864.1,106.0,2878.0,True
indiasocial,1ltyj3r,2025-07,n1u6xey,happy_batman876,True,1.0,True,2.0,False,1249,1751908076,0,719.3,13059.0,56163.0,True
indiasocial,1ltyj3r,2025-07,n1vcryz,Pitt_stop01,True,2.0,False,,False,808,1751921447,0,1149.4,30.0,772.0,True
indiasocial,1ltyj3r,2025-07,n1ul076,oye_ap,True,3.0,False,,False,734,1751912306,0,551.6,1190.0,20050.0,True
indiasocial,1ltyj3r,2025-07,n1xbfnz,okayestguyever,True,4.0,False,,False,719,1751945446,0,3211.8,197.0,3036.0,True
indiasocial,1ltyj3r,2025-07,n1us1gf,AnandRathii,True,5.0,False,,False,555,1751914582,0,2185.9,3.0,6596.0,True
indiasocial,1ltyj3r,2025-07,n1udz29,saurav89,True,6.0,True,5.0,False,543,1751910142,0,2565.7,86.0,586.0,True
indiasocial,1ltyj3r,2025-07,n1vifp9,jethaalaal,True,7.0,False,,False,399,1751923401,0,2189.1,2055.0,6104.0,True
indiasocial,1ltyj3r,2025-07,n1udpuo,ShadowedSoulx1,True,8.0,True,4.0,False,384,1751910063,0,358.0,183.0,11914.0,True
indiasocial,1ltyj3r,2025-07,n1v8aki,Ok_Consideration6525,True,9.0,False,,False,213,1751919956,0,,,,
indiasocial,1ltyj3r,2025-07,n1u6xxb,itshpsrz,True,10.0,True,3.0,False,196,1751908080,0,335.2,31.0,167.0,True
indiasocial,1ltyj3r,2025-07,n1u0r8y,sgdabest,False,,True,1.0,False,118,1751906320,0,651.2,20.0,275.0,True
indiasocial,1mcwpej,2025-07,n5x6psr,NotTheHeroYouAsked,True,1.0,True,1.0,False,652,1753848377,0,,,,
indiasocial,1mcwpej,2025-07,n5x8vsy,just_a_normal_guy_07,True,2.0,True,4.0,False,329,1753849326,0,1035.9,927.0,2262.0,True
indiasocial,1mcwpej,2025-07,n5x7kcf,Scholar_n_rich07,True,3.0,True,2.0,False,281,1753848744,0,732.1,113951.0,36117.0,True
indiasocial,1mcwpej,2025-07,n5xiaps,nitinkhatri,True,4.0,False,,False,91,1753853901,0,2663.0,1.0,399.0,True
indiasocial,1mcwpej,2025-07,n5xrfm8,CautiousVariety4058,True,6.0,False,,False,39,1753858883,0,833.8,89.0,1020.0,False
indiasocial,1mcwpej,2025-07,n5xffqo,fameboygame,True,5.0,False,,False,40,1753852428,0,2401.6,8458.0,150253.0,True
indiasocial,1mcwpej,2025-07,n5xbgxf,Deep_Technology_8581,True,7.0,False,,False,32,1753850515,0,593.2,2050.0,116.0,True
indiasocial,1mcwpej,2025-07,n5xzi18,iamatallglassofwater,True,8.0,False,,False,25,1753863551,0,334.3,1732.0,1315.0,True
indiasocial,1mcwpej,2025-07,n5x93fp,dealwithmyhotness,True,9.0,True,5.0,False,21,1753849420,0,,,,
indiasocial,1mcwpej,2025-07,n5yhra6,Mission_Pumpkin5267,True,10.0,False,,False,20,1753873531,0,,,,
indiasocial,1mcwpej,2025-07,n5x7lds,Fantastic_Look5582,False,,True,3.0,False,16,1753848757,0,1542.1,1534.0,281.0,True
indiasocial,1m1c5qf,2025-07,n3fwfdo,Ill-Focus-5215,True,1.0,True,2.0,False,610,1752671689,0,1718.9,412.0,915.0,True
indiasocial,1m1c5qf,2025-07,n3fypdh,Substantial-Ad1692,True,2.0,True,5.0,False,94,1752672435,0,1921.4,1626.0,2625.0,True
indiasocial,1m1c5qf,2025-07,n3g5jzu,maraudershake,True,3.0,False,,False,78,1752674583,0,2952.4,87624.0,67306.0,True
indiasocial,1m1c5qf,2025-07,n3fxqpl,Archit138,True,4.0,True,4.0,False,67,1752672121,0,1704.7,566.0,2615.0,True
indiasocial,1m1c5qf,2025-07,n3fywoy,icrypstrader,True,5.0,False,,False,19,1752672502,0,,,,
indiasocial,1m1c5qf,2025-07,n3gddd5,baeseokryu,True,6.0,False,,False,8,1752676869,0,642.1,191.0,387.0,True
indiasocial,1m1c5qf,2025-07,n3fw1f6,ash-andvibes,True,7.0,True,1.0,False,5,1752671560,0,366.7,212609.0,14347.0,True
indiasocial,1m1c5qf,2025-07,n3h4ixv,TeachingQueasy5014,True,9.0,False,,False,4,1752685763,0,1316.8,677.0,3893.0,True
indiasocial,1m1c5qf,2025-07,n3fwzkw,Tooddaloo,False,,True,3.0,False,3,1752671874,0,1325.3,60.0,257.0,True
indiasocial,1m1c5qf,2025-07,n3gn7tq,NeShAdope,True,10.0,False,,False,4,1752679592,0,1355.1,697.0,6499.0,True
indiasocial,1m1c5qf,2025-07,n3h45uu,shikshaksho-,True,8.0,False,,False,5,1752685664,0,365.9,168.0,127.0,True
indiasocial,1lpyy1a,2025-07,n0yq3t8,Shareef_Ladka01,True,1.0,True,3.0,False,2516,1751472249,0,346.8,369.0,10453.0,True
indiasocial,1lpyy1a,2025-07,n0yonpx,heiheiboii,True,2.0,True,2.0,False,1224,1751471841,0,1062.6,1479.0,18954.0,True
indiasocial,1lpyy1a,2025-07,n0yscnk,Unique_Strawberry978,True,3.0,True,4.0,False,458,1751472888,0,611.9,3062.0,12692.0,True
indiasocial,1lpyy1a,2025-07,n0ytyil,Charged_Dreamer,True,4.0,False,,False,252,1751473347,0,2340.9,4285.0,51896.0,True
indiasocial,1lpyy1a,2025-07,n0ysm4w,BoredOnPurpose,True,5.0,True,5.0,False,83,1751472963,0,339.3,667.0,1036.0,True
indiasocial,1lpyy1a,2025-07,n0z4j6g,Clean-Turnover9884,True,6.0,False,,False,56,1751476342,0,740.7,28.0,2617.0,True
indiasocial,1lpyy1a,2025-07,n0ynncr,AbhiStalwart,True,7.0,True,1.0,False,32,1751471564,0,1257.9,15857.0,23677.0,True
indiasocial,1lpyy1a,2025-07,n0yu50i,No_Artichoke2869,True,8.0,False,,False,14,1751473398,0,914.9,22.0,18305.0,True
indiasocial,1lpyy1a,2025-07,n0yxnjs,Itchy-4243,True,9.0,False,,False,13,1751474414,0,339.8,41.0,12.0,True
indiasocial,1lpyy1a,2025-07,n0z554r,sick_of_gram,True,10.0,False,,False,12,1751476509,0,846.8,10301.0,2800.0,True
indiasocial,1m4duov,2025-07,n43o2e3,Hour_Teaching9993,True,1.0,True,1.0,False,532,1752979027,0,404.9,35758.0,17484.0,True
indiasocial,1m4duov,2025-07,n43prp3,rainbowblade73855,True,2.0,True,3.0,False,158,1752979704,0,,,,
indiasocial,1m4duov,2025-07,n43rrok,Southern-Mud6998,True,3.0,True,4.0,False,32,1752980517,0,637.0,999.0,2109.0,True
indiasocial,1m4duov,2025-07,n43ou8a,shrikaizerion,True,4.0,True,2.0,False,32,1752979333,0,1988.3,297.0,23891.0,True
indiasocial,1m4duov,2025-07,n43upz0,tat_savitur_varenyam,True,5.0,False,,False,7,1752981753,0,435.1,2826.0,15387.0,True
indiasocial,1m4duov,2025-07,n43ss8c,philosopher4_2_0,True,6.0,False,,False,7,1752980941,0,582.2,962.0,2481.0,True
indiasocial,1m4duov,2025-07,n43tmmw,Super-Ad5662,True,8.0,False,,False,6,1752981295,0,1651.2,290.0,1089.0,True
indiasocial,1m4duov,2025-07,n43xxk3,Low_Site_1513,True,7.0,False,,False,7,1752983133,0,1021.9,7.0,343.0,True
indiasocial,1m4duov,2025-07,n44i4kk,Rafael735,True,9.0,False,,False,5,1752992866,0,895.2,653.0,1873.0,True
indiasocial,1m4duov,2025-07,n43rzy0,TheOneWhoAsking,True,10.0,True,5.0,False,4,1752980612,0,983.7,26.0,2299.0,True
indiasocial,1lysd93,2025-07,n2wcnp5,Iamahumanbeing_tryin,True,1.0,False,,False,359,1752414942,0,1802.0,250.0,2888.0,True
indiasocial,1lysd93,2025-07,n2w5gik,Unable-Raccoon7567,True,2.0,True,1.0,False,159,1752412340,0,425.7,23.0,1189.0,True
indiasocial,1lysd93,2025-07,n2w69k4,Only-Apricot8339,True,3.0,True,3.0,False,44,1752412644,0,978.3,1115.0,1847.0,True
indiasocial,1lysd93,2025-07,n2w5s0l,Ruk_Idol,True,4.0,True,2.0,False,32,1752412459,0,979.2,1.0,9108.0,True
indiasocial,1lysd93,2025-07,n2wbbri,tallteensforlife5911,True,5.0,False,,False,28,1752414481,0,1483.6,1106.0,14018.0,True
indiasocial,1lysd93,2025-07,n2waybt,belle_ame777,True,6.0,False,,False,13,1752414348,0,874.8,348.0,25813.0,True
indiasocial,1lysd93,2025-07,n2w7dun,Powerful_Somewhere92,True,7.0,True,4.0,False,11,1752413060,0,1173.9,13727.0,59952.0,True
indiasocial,1lysd93,2025-07,n2wg9zl,tensor69,True,8.0,False,,False,11,1752416151,0,1971.7,641.0,503.0,True
indiasocial,1lysd93,2025-07,n2wcltm,TechieShutterbug,True,9.0,False,,False,8,1752414924,0,1002.8,1335.0,3109.0,True
indiasocial,1lysd93,2025-07,n2waamq,Bettercallsaulgoo,True,10.0,True,5.0,False,5,1752414115,0,1228.4,139406.0,3312.0,True
indiasocial,1m63rgw,2025-07,n4gqv6l,DungeonCrawler19,True,1.0,True,1.0,False,397,1753155602,0,586.0,266.0,61355.0,False
indiasocial,1m63rgw,2025-07,n4gu5hn,DramaUseful5344,True,2.0,True,2.0,False,308,1753156983,0,1192.9,8.0,665.0,True
indiasocial,1m63rgw,2025-07,n4he6o0,PrakharDubey12,True,3.0,False,,False,84,1753166839,0,1659.3,149.0,5973.0,True
indiasocial,1m63rgw,2025-07,n4guxfq,Dumbthumb13,True,4.0,True,3.0,False,75,1753157316,0,414.0,4048.0,2200.0,True
indiasocial,1m63rgw,2025-07,n4guxkn,prof_devilsadvocate3,True,5.0,True,4.0,False,37,1753157318,0,509.2,13664.0,96411.0,True
indiasocial,1m63rgw,2025-07,n4gz68t,Motor_Economist1835,True,6.0,False,,False,17,1753159201,0,1040.9,1305.0,13148.0,True
indiasocial,1m63rgw,2025-07,n4h0772,nyxxx_707,True,7.0,False,,False,9,1753159661,0,398.1,9293.0,7033.0,True
indiasocial,1m63rgw,2025-07,n4gyths,mr_Ak_,True,8.0,True,5.0,False,9,1753159042,0,2836.5,239.0,166.0,True
indiasocial,1m63rgw,2025-07,n4jlis3,LocksmithSuitable821,True,9.0,False,,False,6,1753199150,0,723.9,1050.0,4877.0,True
indiasocial,1m63rgw,2025-07,n4h65o3,Ranger_Hawk3046,True,10.0,False,,False,5,1753162579,0,390.1,123299.0,57317.0,True
indiasocial,1ltm4az,2025-07,n1rewcb,minimalist_mee,True,1.0,True,1.0,False,1358,1751866555,0,369.8,71200.0,32675.0,True
indiasocial,1ltm4az,2025-07,n1rf7o3,Quiet_Twist_8300,True,2.0,True,2.0,False,557,1751866719,0,882.9,18822.0,3553.0,True
indiasocial,1ltm4az,2025-07,n1rguc9,-Pachinko,True,3.0,False,,False,129,1751867596,0,2726.7,7110.0,17157.0,True
indiasocial,1ltm4az,2025-07,n1rgjgo,Snipper09,True,4.0,True,5.0,False,75,1751867430,0,844.8,36219.0,7844.0,False
indiasocial,1ltm4az,2025-07,n1rie7k,kochurshak,True,5.0,False,,False,40,1751868436,0,757.8,14040.0,71771.0,True
indiasocial,1ltm4az,2025-07,n1rfug5,AbleBarber7692,True,6.0,True,3.0,False,37,1751867056,0,1532.8,7115.0,12670.0,True
indiasocial,1ltm4az,2025-07,n1rg668,proclaimedbatman,True,8.0,True,4.0,False,32,1751867230,0,499.1,1846.0,4662.0,True
indiasocial,1ltm4az,2025-07,n1rimox,De_Fine69,True,7.0,False,,False,34,1751868566,0,2296.3,3933.0,30646.0,True
indiasocial,1ltm4az,2025-07,n1rh9yj,yousufahmed_11,True,9.0,False,,False,19,1751867827,0,2616.1,3582.0,6441.0,True
indiasocial,1ltm4az,2025-07,n1rgw0v,24Gameplay_,True,10.0,False,,False,15,1751867621,0,2896.7,5330.0,24118.0,True
indiasocial,1ls48bs,2025-07,n1fqz1o,Kimo_imposta,True,1.0,True,5.0,False,293,1751701423,0,1880.1,31547.0,34696.0,True
indiasocial,1ls48bs,2025-07,n1fpnj0,Terrible_Detective27,True,2.0,True,2.0,False,193,1751700619,0,1193.3,24274.0,97059.0,True
indiasocial,1ls48bs,2025-07,n1fplsl,Ranger_Hawk3046,True,3.0,True,1.0,False,63,1751700590,0,390.1,123299.0,57317.0,True
indiasocial,1ls48bs,2025-07,n1fq23u,No_Koala_1070,True,4.0,True,3.0,False,15,1751700865,0,352.1,1.0,120.0,False
indiasocial,1ls48bs,2025-07,n1fqikc,Distinct-Walk7130,True,5.0,True,4.0,False,10,1751701145,0,691.3,285.0,1077.0,True
indiasocial,1ls48bs,2025-07,n1fw8dp,FeatureTraditional49,True,6.0,False,,False,8,1751704618,0,,,,
indiasocial,1ls48bs,2025-07,n1frjlk,Feisty_Tank_6668,True,8.0,False,,False,5,1751701768,0,654.4,238.0,4731.0,True
indiasocial,1ls48bs,2025-07,n1ge08g,Different__Garbage,True,7.0,False,,False,6,1751715150,0,1926.0,987.0,2112.0,True
indiasocial,1ls48bs,2025-07,n1g4xfl,lemonickous,True,9.0,False,,False,2,1751710067,0,4242.6,200.0,16771.0,True
indiasocial,1ls48bs,2025-07,n1gd2j0,Estd1997,True,10.0,False,,False,2,1751714666,0,830.3,48.0,119.0,True
indiasocial,1lt32qm,2025-07,n1n699t,MudittYadav,True,1.0,True,1.0,False,1293,1751813727,0,395.8,2022.0,21384.0,True
indiasocial,1lt32qm,2025-07,n1nc61s,Technical_Cupcake234,True,2.0,False,,False,1035,1751815545,0,799.7,6969.0,3336.0,True
indiasocial,1lt32qm,2025-07,n1n9did,vyrusrama,True,3.0,True,4.0,False,333,1751814688,0,4024.1,219224.0,269486.0,True
indiasocial,1lt32qm,2025-07,n1nrek3,MerciusDecimus,True,4.0,False,,False,255,1751820132,0,1090.3,282.0,656.0,True
indiasocial,1lt32qm,2025-07,n1nbkph,Technical_Cupcake234,True,5.0,False,,False,215,1751815362,0,799.7,6969.0,3336.0,True
indiasocial,1lt32qm,2025-07,n1ncv7r,hajmolachor,True,6.0,False,,False,187,1751815762,0,,,,
indiasocial,1lt32qm,2025-07,n1olzbk,PuzzleheadedYear1094,True,7.0,False,,False,174,1751829413,0,425.2,4381.0,1705.0,True
indiasocial,1lt32qm,2025-07,n1n7bpx,National-Interest282,True,8.0,True,2.0,False,90,1751814052,0,1240.7,1319.0,2191.0,True
indiasocial,1lt32qm,2025-07,n1nfbb5,Apprehensive_Low2596,True,9.0,False,,False,89,1751816495,0,418.9,307.0,2799.0,True
indiasocial,1lt32qm,2025-07,n1n7sya,Any-Main-3866,True,10.0,True,3.0,False,39,1751814200,0,707.2,138.0,23029.0,True
indiasocial,1lt32qm,2025-07,n1nalsy,madglaamx,False,,True,5.0,False,20,1751815066,0,1188.8,16695.0,34525.0,False
developersIndia,1lzl3hx,2025-07,n32d955,purushX,True,1.0,True,1.0,False,728,1752496433,0,543.0,28.0,653.0,True
developersIndia,1lzl3hx,2025-07,n32dvp4,Apprehensive-Way9494,True,2.0,True,5.0,False,436,1752496667,0,1601.1,1545.0,5095.0,True
developersIndia,1lzl3hx,2025-07,n32disz,Rocket_paglu,True,3.0,True,2.0,False,133,1752496533,0,392.0,3403.0,21797.0,True
developersIndia,1lzl3hx,2025-07,n32dlqx,dud3_mclovin,True,4.0,True,3.0,False,82,1752496564,0,601.0,3849.0,26632.0,True
developersIndia,1lzl3hx,2025-07,n32dsy8,DustofLogic,True,5.0,True,4.0,False,68,1752496639,0,336.1,1.0,59.0,True
developersIndia,1lzl3hx,2025-07,n32eu4v,inthelimbo,True,6.0,False,,False,63,1752497016,0,2510.0,3225.0,15067.0,True
developersIndia,1lzl3hx,2025-07,n32e9ff,Elegant-Road,True,7.0,False,,False,50,1752496807,0,2275.5,1314.0,21425.0,False
developersIndia,1lzl3hx,2025-07,n32gi9g,le_bugsy,True,8.0,False,,False,39,1752497614,0,4109.1,1071.0,2396.0,True
developersIndia,1lzl3hx,2025-07,n32jjh0,DEXTERTOYOU,True,9.0,False,,False,34,1752498666,0,1496.0,1751.0,14772.0,True
developersIndia,1lzl3hx,2025-07,n32ggwy,Dependent_Week3924,True,10.0,False,,False,30,1752497601,0,,,,
developersIndia,1lsvm5i,2025-07,n1ln09u,Z_MAN_8-3,True,1.0,True,1.0,False,252,1751787891,0,1064.9,75.0,3606.0,True
developersIndia,1lsvm5i,2025-07,n1ls0bh,Ok_Swordfish434,True,2.0,False,,False,195,1751790858,0,1454.2,395.0,1797.0,True
developersIndia,1lsvm5i,2025-07,n1lsnw7,beauty_worshipper_69,True,3.0,False,,False,67,1751791261,0,813.9,129.0,10622.0,True
developersIndia,1lsvm5i,2025-07,n1lozfx,Several-Virus4840,True,4.0,True,3.0,True,57,1751789034,0,556.0,6144.0,1150.0,True
developersIndia,1lsvm5i,2025-07,n1lpe7a,i-invincible,True,5.0,True,4.0,False,18,1751789275,0,1594.6,211.0,395.0,True
developersIndia,1lsvm5i,2025-07,n1lqvcl,A_random_zy,True,6.0,True,5.0,False,6,1751790165,0,2486.6,2435.0,121673.0,True
developersIndia,1lsvm5i,2025-07,n1lodsp,Almighty_shivA1,True,7.0,True,2.0,False,5,1751788689,0,2125.0,310.0,467.0,True
developersIndia,1lsvm5i,2025-07,n1lyil9,DFaithG,True,8.0,False,,False,4,1751794858,0,1782.0,111.0,5473.0,True
developersIndia,1lsvm5i,2025-07,n1nbjve,suyogkasture,True,9.0,False,,False,3,1751815355,0,3883.7,3539.0,2005.0,True
developersIndia,1lsvm5i,2025-07,n1mabzg,ILoveTolkiensWorks,True,10.0,False,,False,3,1751801488,0,739.2,30606.0,33055.0,True
developersIndia,1lupt9s,2025-07,n1zsh03,Darksider51,True,1.0,True,4.0,False,381,1751985861,0,1893.0,19.0,426.0,True
developersIndia,1lupt9s,2025-07,n1zo6eg,chilled_antagonist,True,2.0,True,1.0,False,298,1751984620,0,1540.5,1.0,406.0,True
developersIndia,1lupt9s,2025-07,n1zq6xz,WiseObjective8,True,3.0,True,2.0,False,169,1751985208,0,2550.6,16960.0,36771.0,True
developersIndia,1lupt9s,2025-07,n20g6jb,AlertTumbleweed4331,True,4.0,False,,False,72,1751992619,0,2127.3,1.0,178.0,True
developersIndia,1lupt9s,2025-07,n203ijx,deadshot_21,True,5.0,False,,False,32,1751989025,0,2637.1,11.0,797.0,True
developersIndia,1lupt9s,2025-07,n1zu3pu,codernkb,True,6.0,True,5.0,False,32,1751986322,0,1200.7,79.0,3162.0,True
developersIndia,1lupt9s,2025-07,n1zqin1,SorryUnderstanding7,True,7.0,True,3.0,False,18,1751985302,0,2276.9,598.0,10477.0,True
developersIndia,1lupt9s,2025-07,n1zwqen,hobabaObama,True,8.0,False,,False,12,1751987081,0,4130.4,21316.0,76197.0,False
developersIndia,1lupt9s,2025-07,n23v5r7,Special-Bond-007,True,9.0,False,,False,8,1752029405,0,415.1,1.0,6.0,True
developersIndia,1lupt9s,2025-07,n20h8fv,sreeram777,True,10.0,False,,False,8,1751992920,0,3960.7,2550.0,6699.0,True
developersIndia,1lt0nw4,2025-07,n1mwaxz,aayranmour,True,1.0,True,3.0,False,355,1751810495,0,696.0,681.0,1436.0,True
developersIndia,1lt0nw4,2025-07,n1mv6ww,LodaLassan001,True,2.0,True,2.0,False,75,1751810108,0,1111.0,532.0,2296.0,True
developersIndia,1lt0nw4,2025-07,n1mz41w,Classic-Anybody-9857,True,3.0,True,5.0,False,35,1751811455,0,403.9,92.0,535.0,True
developersIndia,1lt0nw4,2025-07,n1n1mmi,kaddupaddu,True,4.0,False,,False,22,1751812278,0,1366.2,518.0,724.0,True
developersIndia,1lt0nw4,2025-07,n1mtaba,Upper_Ad5011,True,5.0,True,1.0,False,22,1751809428,0,1392.9,9.0,83.0,True
developersIndia,1lt0nw4,2025-07,n1n37pc,thesociopathhh,True,6.0,False,,False,13,1751812780,0,1490.6,177.0,305.0,True
developersIndia,1lt0nw4,2025-07,n1n6fgq,it_is_impossible_,True,7.0,False,,False,9,1751813778,0,921.6,268.0,2701.0,True
developersIndia,1lt0nw4,2025-07,n1n2fcg,Old-Motor-9704,True,8.0,False,,False,7,1751812530,0,1108.3,2.0,870.0,True
developersIndia,1lt0nw4,2025-07,n1n0fas,OpppaGangnamStyle,True,9.0,False,,False,5,1751811887,0,,,,
developersIndia,1lt0nw4,2025-07,n1u2537,hey_sarthak,True,10.0,False,,False,5,1751906716,0,1890.3,70.0,148.0,True
developersIndia,1lt0nw4,2025-07,n1mwuft,random__userrrrrrr1,False,,True,4.0,False,3,1751810684,0,510.2,17.0,59.0,False
developersIndia,1lwcumy,2025-07,n2d1wov,darklightning_2,True,1.0,True,1.0,False,709,1752154912,0,1867.9,92.0,8571.0,True
developersIndia,1lwcumy,2025-07,n2df5ge,agathver,True,2.0,False,,False,368,1752158813,0,2146.9,1794.0,33329.0,True
developersIndia,1lwcumy,2025-07,n2dffl4,East-Education8810,True,3.0,False,,False,347,1752158892,0,1105.8,51.0,6975.0,True
developersIndia,1lwcumy,2025-07,n2da9ly,hashashin_2601,True,4.0,True,3.0,False,191,1752157406,0,2226.2,2492.0,2776.0,True
developersIndia,1lwcumy,2025-07,n2dokx4,randomdudelife,True,5.0,False,,False,99,1752161438,0,1187.8,2.0,325.0,True
developersIndia,1lwcumy,2025-07,n2ddwpa,givemefuckinname,True,6.0,False,,False,85,1752158457,0,2509.0,2366.0,15166.0,False
developersIndia,1lwcumy,2025-07,n2d7qc3,coolsid_5,True,7.0,True,2.0,False,54,1752156657,0,,,,
developersIndia,1lwcumy,2025-07,n2dacb7,brejo_29,True,8.0,True,4.0,False,51,1752157428,0,1979.2,1.0,56.0,True
developersIndia,1lwcumy,2025-07,n2dcp1o,Bigusdickus_7,True,9.0,True,5.0,False,40,1752158110,0,1061.2,582.0,15072.0,True
developersIndia,1lwcumy,2025-07,n2ddp8j,RiddledThoughts62442,True,10.0,False,,False,21,1752158398,0,1090.4,27.0,142.0,True
developersIndia,1mccund,2025-07,n5tecbl,lifeslippingaway,True,1.0,True,2.0,False,364,1753805716,0,,,,
developersIndia,1mccund,2025-07,n5trkit,otaku_____,True,2.0,False,,False,256,1753809367,0,2089.3,11444.0,8061.0,True
developersIndia,1mccund,2025-07,n5task3,BhupeshV,True,3.0,True,1.0,False,173,1753804718,0,2784.8,12258.0,7777.0,True
developersIndia,1mccund,2025-07,n5tfldq,Ok-Bee2272,True,4.0,True,3.0,False,56,1753806065,0,373.4,177.0,51928.0,True
developersIndia,1mccund,2025-07,n5tjr9e,snorlaxgang,True,5.0,True,5.0,False,28,1753807234,0,444.4,28918.0,14179.0,True
developersIndia,1mccund,2025-07,n5tp4qr,anon_781,True,6.0,False,,False,21,1753808707,0,4624.2,162.0,726.0,True
developersIndia,1mccund,2025-07,n5tojtw,anastusuh,True,7.0,False,,False,17,1753808546,0,777.1,224.0,209.0,True
developersIndia,1mccund,2025-07,n5tuxkq,bella9977,True,8.0,False,,False,10,1753810270,0,673.4,478.0,9413.0,True
developersIndia,1mccund,2025-07,n5tjnli,gunner6376,True,9.0,True,4.0,False,8,1753807205,0,4339.4,47.0,2283.0,True
developersIndia,1mccund,2025-07,n5txtl9,badxnxdab,True,10.0,False,,False,7,1753811049,0,1749.0,1079.0,46946.0,True
developersIndia,1mbhgcz,2025-07,n5m5x9j,Dry-Crow-2802,True,1.0,True,2.0,False,551,1753713354,0,367.7,7683.0,4892.0,True
developersIndia,1mbhgcz,2025-07,n5m470g,Practical_South_2471,True,2.0,True,1.0,False,541,1753712839,0,1803.5,418.0,18561.0,True
developersIndia,1mbhgcz,2025-07,n5m8ph5,red_jd93,True,3.0,True,3.0,False,171,1753714163,0,2281.0,10.0,6901.0,True
developersIndia,1mbhgcz,2025-07,n5mjzir,FirstConclusion9519,True,4.0,True,5.0,False,112,1753717389,0,2062.2,389.0,399.0,True
developersIndia,1mbhgcz,2025-07,n5mlrux,Yg2312,True,5.0,False,,False,35,1753717886,0,1819.0,952.0,12647.0,True
developersIndia,1mbhgcz,2025-07,n5mocpx,Independent_Plant910,True,6.0,False,,False,34,1753718606,0,502.1,53.0,6207.0,True
developersIndia,1mbhgcz,2025-07,n5mh2bw,GoldInternational135,True,7.0,True,4.0,False,34,1753716563,0,607.6,113.0,41.0,True
developersIndia,1mbhgcz,2025-07,n5mkg0x,Shoddy-Coffee-4294,True,8.0,False,,False,18,1753717518,0,666.4,239.0,499.0,True
developersIndia,1mbhgcz,2025-07,n5mlmg4,jim-jam-biscuit,True,9.0,False,,False,16,1753717844,0,1426.8,1018.0,23006.0,True
developersIndia,1mbhgcz,2025-07,n5n66z9,indifferentcabbage,True,10.0,False,,False,9,1753723571,0,2589.8,465.0,27858.0,True
developersIndia,1m2gcc3,2025-07,n3ouepk,kkgmgfn,True,1.0,True,3.0,False,566,1752781582,0,2174.7,7299.0,37196.0,True
developersIndia,1m2gcc3,2025-07,n3pa8lb,re_DQ_lus,True,2.0,True,5.0,False,235,1752786071,0,2828.7,59718.0,8117.0,True
developersIndia,1m2gcc3,2025-07,n3ou2ng,NAPALM2614,True,3.0,True,2.0,False,132,1752781486,0,2166.8,2971.0,32131.0,True
developersIndia,1m2gcc3,2025-07,n3pfdko,find_a_rare_uuid,True,4.0,False,,False,43,1752787592,0,670.7,41615.0,202686.0,True
developersIndia,1m2gcc3,2025-07,n3r294h,Kingston_17,True,5.0,False,,False,22,1752807868,0,,,,
developersIndia,1m2gcc3,2025-07,n3orruw,satya212,True,6.0,True,1.0,False,21,1752780809,0,2110.9,1998.0,4220.0,True
developersIndia,1m2gcc3,2025-07,n3qrlzz,cow_moma,True,7.0,False,,False,12,1752803865,0,,,,
developersIndia,1m2gcc3,2025-07,n3p0i3s,Escape-Potential-2,True,8.0,True,4.0,False,6,1752783325,0,1621.2,3035.0,5080.0,True
developersIndia,1m2gcc3,2025-07,n3rwxhk,codester001,True,9.0,False,,False,6,1752822215,0,557.2,52.0,1348.0,True
developersIndia,1m2gcc3,2025-07,n3r3x3e,compassion_maximum,True,10.0,False,,False,3,1752808529,0,642.1,1.0,696.0,True
developersIndia,1md1w5s,2025-07,n5y6x0f,Strange_Drive_6598,True,1.0,True,2.0,False,2092,1753867894,0,1003.0,432.0,21008.0,True
developersIndia,1md1w5s,2025-07,n5y7op1,Direction-Remarkable,True,2.0,True,5.0,False,513,1753868341,0,2154.7,896.0,6035.0,True
developersIndia,1md1w5s,2025-07,n5yb6mc,Hencemann,True,3.0,False,,False,345,1753870264,0,2068.6,282.0,588.0,True
developersIndia,1md1w5s,2025-07,n5y9izc,vishwesh_shetty,True,4.0,False,,False,233,1753869369,0,1897.0,8884.0,7343.0,True
developersIndia,1md1w5s,2025-07,n5y6efb,SaracasticByte,True,5.0,True,1.0,False,217,1753867593,0,780.1,540.0,70806.0,True
developersIndia,1md1w5s,2025-07,n5yccxo,InformalEquivalent81,True,6.0,False,,False,136,1753870885,0,,,,
developersIndia,1md1w5s,2025-07,n5y7foi,play3xxx1,True,7.0,True,4.0,False,82,1753868197,0,,,,
developersIndia,1md1w5s,2025-07,n5y744t,Relevant-Ad9432,True,8.0,True,3.0,False,39,1753868010,0,,,,
developersIndia,1md1w5s,2025-07,n5yc2hy,vikeng_gdg,True,9.0,False,,False,26,1753870735,0,2716.8,1.0,4445.0,True
developersIndia,1md1w5s,2025-07,n5yb9mp,Interesting_Ant_,True,10.0,False,,False,20,1753870309,0,680.8,93.0,330.0,True
developersIndia,1m67x9r,2025-07,n4hkf6b,the2ndfloorguy,True,1.0,True,1.0,True,198,1753170337,0,2175.9,31625.0,3742.0,True
developersIndia,1m67x9r,2025-07,n4hmtix,Mindless-Cash7305,True,2.0,True,3.0,False,62,1753171704,0,1764.9,836.0,1801.0,True
developersIndia,1m67x9r,2025-07,n4horxn,HalfAdministrative70,True,3.0,True,4.0,False,15,1753172855,0,1921.5,717.0,428.0,True
developersIndia,1m67x9r,2025-07,n4hq20a,Brief_Dust_9730,True,4.0,False,,False,14,1753173608,0,480.6,26.0,17.0,True
developersIndia,1m67x9r,2025-07,n4hmsjm,imaheshno1,True,5.0,True,2.0,False,8,1753171688,0,,,,
developersIndia,1m67x9r,2025-07,n4hx7ok,Jumpy_Commercial_893,True,6.0,False,,False,6,1753177770,0,1008.6,3434.0,14139.0,True
developersIndia,1m67x9r,2025-07,n4how5t,Sad_Thing_2151,True,7.0,True,5.0,False,1,1753172926,0,595.0,154.0,1170.0,True
developersIndia,1m67x9r,2025-07,n4hpxa3,EducatorWeary3016,True,8.0,False,,False,1,1753173531,0,750.7,7.0,1636.0,True
developersIndia,1m67x9r,2025-07,n4hqd99,Itskiran2000,True,9.0,False,,False,1,1753173792,0,2913.9,1093.0,20430.0,True
developersIndia,1m67x9r,2025-07,n4hu22m,Omenopolis,True,10.0,False,,False,1,1753175962,0,1811.6,303.0,3414.0,True
IndiaCricket,1lse5t8,2025-07,n1huegu,Warm-Beginning-1488,True,1.0,False,,False,427,1751734284,0,433.2,91.0,1527.0,True
IndiaCricket,1lse5t8,2025-07,n1htge6,atkt009,True,2.0,True,1.0,False,224,1751733987,0,488.7,712.0,2397.0,True
IndiaCricket,1lse5t8,2025-07,n1hvplp,RefuseStriking9406,True,3.0,False,,False,136,1751734681,0,1102.3,1.0,25057.0,True
IndiaCricket,1lse5t8,2025-07,n1hu2sg,mahaavtar,True,4.0,True,3.0,False,107,1751734183,0,502.4,46314.0,23534.0,True
IndiaCricket,1lse5t8,2025-07,n1hvxzl,Kooky_Amphibian346,True,5.0,False,,False,93,1751734750,0,877.3,1522.0,5122.0,True
IndiaCricket,1lse5t8,2025-07,n1hu50p,minimalist_mee,True,6.0,True,4.0,False,45,1751734203,0,369.8,71200.0,32675.0,True
IndiaCricket,1lse5t8,2025-07,n1hto4w,brocrodi,True,7.0,True,2.0,False,41,1751734056,0,472.2,166.0,1271.0,True
IndiaCricket,1lse5t8,2025-07,n1i4kgr,KolkataFikru9,True,8.0,False,,False,23,1751737386,0,,,,
IndiaCricket,1lse5t8,2025-07,n1i15cp,Immediate_Demand4841,True,10.0,False,,False,19,1751736338,0,1835.3,3411.0,59921.0,True
IndiaCricket,1lse5t8,2025-07,n1i2v69,ricky_n_rahul,True,9.0,False,,False,21,1751736866,0,408.7,276.0,436.0,True
IndiaCricket,1lse5t8,2025-07,n1hu5ge,croconline_,False,,True,5.0,False,12,1751734207,0,1691.7,18052.0,77949.0,True
IndiaCricket,1lt6gtk,2025-07,n1o1p83,Brave-Specialist-381,True,1.0,False,,False,439,1751823238,0,,,,
IndiaCricket,1lt6gtk,2025-07,n1nxyev,Successful-Door1790,True,2.0,True,1.0,False,371,1751822116,0,1031.8,1050.0,8374.0,False
IndiaCricket,1lt6gtk,2025-07,n1o1vvi,ramaze23,True,3.0,False,,False,203,1751823294,0,2794.9,9601.0,73569.0,True
IndiaCricket,1lt6gtk,2025-07,n1o01ct,Shavamaaya_Pavanaai,True,4.0,False,,False,164,1751822739,0,,,,
IndiaCricket,1lt6gtk,2025-07,n1o0630,VegetableHeron1558,True,5.0,False,,False,155,1751822778,0,1081.6,51142.0,10986.0,True
IndiaCricket,1lt6gtk,2025-07,n1nz3u7,Due_Ranger_2110,True,6.0,True,5.0,False,133,1751822460,0,555.5,5.0,9735.0,True
IndiaCricket,1lt6gtk,2025-07,n1ny387,HumbleCantaloupe7026,True,7.0,True,2.0,False,46,1751822156,0,929.9,5221.0,3782.0,True
IndiaCricket,1lt6gtk,2025-07,n1o31ix,an0nym0us_buddy,True,8.0,False,,False,43,1751823645,0,1626.9,3089.0,12132.0,True
IndiaCricket,1lt6gtk,2025-07,n1nyhle,InternationalLeg8010,True,9.0,True,4.0,False,42,1751822276,0,679.8,379.0,4300.0,True
IndiaCricket,1lt6gtk,2025-07,n1ny7j7,Fresh_Sea99,True,10.0,True,3.0,False,30,1751822191,0,1245.3,31.0,1089.0,True
IndiaCricket,1m2xqit,2025-07,n3sdejw,SidJag,True,1.0,False,,False,522,1752831570,0,3595.1,1217.0,138316.0,True
IndiaCricket,1m2xqit,2025-07,n3sd5gq,Secure_Salt7485,True,2.0,True,4.0,False,196,1752831427,0,,,,
IndiaCricket,1m2xqit,2025-07,n3scqn6,No-Course5688,True,3.0,True,2.0,False,155,1752831189,0,,,,
IndiaCricket,1m2xqit,2025-07,n3sch26,sadsoul0777,True,4.0,True,1.0,False,87,1752831036,0,,,,
IndiaCricket,1m2xqit,2025-07,n3sio7k,Latter-Yam-2115,True,5.0,False,,False,83,1752834378,0,2121.8,4286.0,185758.0,True
IndiaCricket,1m2xqit,2025-07,n3se2hu,Big-Chance5392,True,6.0,False,,False,51,1752831935,0,637.9,1.0,1507.0,True
IndiaCricket,1m2xqit,2025-07,n3sf4rg,Sorry-Ad7838,True,7.0,False,,False,21,1752832510,0,354.1,1.0,976.0,True
IndiaCricket,1m2xqit,2025-07,n3sgkyi,Silver-Shadow2006,True,8.0,False,,False,16,1752833285,0,,,,
IndiaCricket,1m2xqit,2025-07,n3sd95k,Advait8571,True,9.0,True,5.0,False,16,1752831486,0,504.9,5646.0,39568.0,True
IndiaCricket,1m2xqit,2025-07,n3sdrac,One-Salary-9714,True,10.0,False,,False,11,1752831766,0,,,,
IndiaCricket,1m2xqit,2025-07,n3sd4l1,Few_Ad8632,False,,True,3.0,False,8,1752831413,0,1091.8,243.0,-100.0,True
IndiaCricket,1lqnkxn,2025-07,n140lx8,DragonRiser100,True,1.0,True,1.0,False,855,1751543526,0,2561.2,994.0,1174.0,True
IndiaCricket,1lqnkxn,2025-07,n140rif,Subject_Scale_9787,True,2.0,True,2.0,False,181,1751543589,0,795.8,492.0,3587.0,True
IndiaCricket,1lqnkxn,2025-07,n141o3a,MedicalConsequence36,True,3.0,False,,False,156,1751543953,0,1615.7,1215.0,5654.0,True
IndiaCricket,1lqnkxn,2025-07,n1425h9,Next_Antelope_420,True,4.0,False,,False,70,1751544148,0,,,,
IndiaCricket,1lqnkxn,2025-07,n140tly,FifthStump1244,True,5.0,True,4.0,False,62,1751543613,0,,,,
IndiaCricket,1lqnkxn,2025-07,n140sb5,expectopetronum876,True,7.0,True,3.0,False,25,1751543598,0,1452.8,358.0,12696.0,True
IndiaCricket,1lqnkxn,2025-07,n140xqj,AdUpset8652,True,6.0,True,5.0,False,29,1751543659,0,1042.0,1769.0,48068.0,True
IndiaCricket,1lqnkxn,2025-07,n141wru,Moongfali4president,True,8.0,False,,False,18,1751544050,0,582.1,79379.0,139846.0,True
IndiaCricket,1lqnkxn,2025-07,n141i3z,KAMABOKOGONPACHIRO11,True,9.0,False,,False,18,1751543887,0,,,,
IndiaCricket,1lqnkxn,2025-07,n141gu3,Repulsive-Most8454,True,10.0,False,,False,16,1751543873,0,,,,
IndiaCricket,1lp68tn,2025-07,n0sck49,Ok_Dare1460,True,1.0,True,2.0,False,460,1751388521,0,1152.0,664.0,7441.0,True
IndiaCricket,1lp68tn,2025-07,n0scao7,Elegant_Place_9203,True,2.0,True,1.0,False,71,1751388448,0,1048.7,5146.0,16055.0,True
IndiaCricket,1lp68tn,2025-07,n0se5y7,Key_Grapefruit_5248,True,3.0,True,3.0,False,55,1751388967,0,1037.0,12008.0,102581.0,True
IndiaCricket,1lp68tn,2025-07,n0t8lq6,ragu455,True,4.0,False,,False,22,1751397382,0,3422.3,1.0,6090.0,False
IndiaCricket,1lp68tn,2025-07,n0t6e6g,Equivalent_Walk_3446,True,5.0,True,5.0,False,3,1751396747,0,839.8,76.0,3450.0,True
IndiaCricket,1lp68tn,2025-07,n0v0w1v,SuperannuationLawyer,True,6.0,False,,False,2,1751417495,0,2077.0,991.0,75534.0,True
IndiaCricket,1lp68tn,2025-07,n0sy6it,ricky_n_rahul,True,7.0,True,4.0,False,1,1751394418,0,408.7,276.0,436.0,True
IndiaCricket,1lp68tn,2025-07,n0vgl7r,Certain_Plan_5819,True,8.0,False,,False,1,1751423004,0,568.6,3467.0,41463.0,True
IndiaCricket,1lp68tn,2025-07,n0vkxcn,BulldozerBaba,True,9.0,False,,False,1,1751424565,0,1519.2,62.0,2410.0,True
IndiaCricket,1lp68tn,2025-07,n0vlmee,Emergency_Cup_9551,True,10.0,False,,False,1,1751424824,0,894.1,1.0,2352.0,True
IndiaCricket,1mafuz5,2025-07,n5ea2z4,gregoriofranchetti,True,1.0,True,1.0,False,335,1753600966,0,2984.0,3178.0,35632.0,True
IndiaCricket,1mafuz5,2025-07,n5eas8t,Next_Antelope_420,True,2.0,True,3.0,False,184,1753601372,0,,,,
IndiaCricket,1mafuz5,2025-07,n5eesqr,Fragrant_Painter_193,True,3.0,False,,False,19,1753603684,0,1449.6,3809.0,31084.0,True
IndiaCricket,1mafuz5,2025-07,n5eacmz,Rare_Clock4857,True,4.0,True,2.0,False,12,1753601121,0,716.4,761.0,212.0,False
IndiaCricket,1mafuz5,2025-07,n5ef0br,ImaginaryElk7951,True,5.0,False,,False,7,1753603808,0,1841.9,226.0,1170.0,True
IndiaCricket,1mafuz5,2025-07,n5fds36,vidushak17,True,6.0,False,,False,6,1753621659,0,634.9,1.0,889.0,False
IndiaCricket,1mafuz5,2025-07,n5ebn3c,moksh_gg,True,9.0,True,4.0,False,2,1753601862,0,1175.9,1071.0,3224.0,True
IndiaCricket,1mafuz5,2025-07,n5edig8,Data-CHOR-365,True,10.0,False,,False,2,1753602939,0,558.2,3393.0,29742.0,True
IndiaCricket,1mafuz5,2025-07,n5ee7nr,imsaurabh3,True,7.0,False,,False,3,1753603341,0,3065.5,9865.0,22180.0,True
IndiaCricket,1mafuz5,2025-07,n5i0o2d,Shaswat_here,True,8.0,False,,False,3,1753650723,0,1838.1,357.0,1044.0,True
IndiaCricket,1mafuz5,2025-07,n5ebt1u,vjwrites02,False,,True,5.0,False,1,1753601957,0,368.1,160.0,9202.0,True
IndiaCricket,1lw8u54,2025-07,n2c56s9,okboiz123,True,1.0,True,1.0,False,463,1752141849,0,565.8,24810.0,71036.0,True
IndiaCricket,1lw8u54,2025-07,n2c7en6,Archiet_Tanwar,True,2.0,True,2.0,False,177,1752143017,0,1734.4,1618.0,41824.0,True
IndiaCricket,1lw8u54,2025-07,n2c8ejw,Ok-Sector5718,True,3.0,True,3.0,False,133,1752143527,0,1108.1,2709.0,4040.0,True
IndiaCricket,1lw8u54,2025-07,n2cajv1,Shawon770,True,4.0,True,4.0,False,27,1752144583,0,2089.7,424265.0,158367.0,True
IndiaCricket,1lw8u54,2025-07,n2caw25,Icy_Comment_4888,True,5.0,True,5.0,False,19,1752144741,0,599.9,1.0,2485.0,True
IndiaCricket,1lw8u54,2025-07,n2cjnjc,Just_Saw_This,True,6.0,False,,False,11,1752148528,0,1159.3,1.0,10.0,True
IndiaCricket,1lw8u54,2025-07,n2cd0in,EpochOfPhantasm,True,7.0,False,,False,7,1752145714,0,3448.0,405.0,5927.0,True
IndiaCricket,1lw8u54,2025-07,n2ckw4n,No_Crazy290,True,8.0,False,,False,7,1752149021,0,391.0,78.0,2638.0,True
IndiaCricket,1lw8u54,2025-07,n2ci4hf,Creative-Hotel8682,True,9.0,False,,False,5,1752147921,0,,,,
IndiaCricket,1lw8u54,2025-07,n2cma1r,isaacfrost0,True,10.0,False,,False,3,1752149553,0,3068.5,1045.0,36036.0,True
IndiaCricket,1lugnyx,2025-07,n1xusp7,Ok-Feature-1233,True,1.0,True,2.0,False,342,1751954297,0,1659.8,1185.0,22045.0,True
IndiaCricket,1lugnyx,2025-07,n1xtud5,Outrageous-Watch-947,True,2.0,True,1.0,False,124,1751953807,0,,,,
IndiaCricket,1lugnyx,2025-07,n1xzx26,thegoodsun01,True,3.0,True,5.0,False,46,1751957065,0,381.4,16662.0,3436.0,True
IndiaCricket,1lugnyx,2025-07,n1xyiza,Raj-2904,True,4.0,True,4.0,False,33,1751956298,0,631.2,7829.0,2218.0,True
IndiaCricket,1lugnyx,2025-07,n1xvsxo,Top_Fondant2114,True,5.0,True,3.0,False,14,1751954831,0,1810.9,1572.0,33977.0,True
IndiaCricket,1lugnyx,2025-07,n1yvziq,MrArjun_kumar16,True,6.0,False,,False,3,1751974679,0,332.9,705.0,35.0,True
IndiaCricket,1lugnyx,2025-07,n22md0n,SeaMenu25,True,7.0,False,,False,3,1752014437,0,853.4,6990.0,14722.0,True
IndiaCricket,1lugnyx,2025-07,n1y51xq,DismalRoom4,True,8.0,False,,False,1,1751959994,0,2314.2,1174.0,3317.0,False
IndiaCricket,1lugnyx,2025-07,n1zjwyf,LiveSlay,True,9.0,False,,False,-2,1751983325,0,639.3,519.0,12695.0,True
IndiaCricket,1lt5qf5,2025-07,n1nsenk,Same_Investigator_46,False,,True,1.0,False,1,1751820438,0,1094.5,1090135.0,113241.0,True
IndiaCricket,1lt5qf5,2025-07,n1nstdr,wewake_235,True,1.0,True,2.0,False,497,1751820561,0,1858.9,75.0,127951.0,True
IndiaCricket,1lt5qf5,2025-07,n1nurrb,Reasonable_Tea_9825,True,2.0,False,,False,228,1751821156,0,1888.8,10246.0,205785.0,True
IndiaCricket,1lt5qf5,2025-07,n1nt2mq,RefuseStriking9406,True,3.0,True,3.0,False,183,1751820639,0,1102.3,1.0,25057.0,True
IndiaCricket,1lt5qf5,2025-07,n1ntklr,minimalist_mee,True,4.0,True,4.0,False,117,1751820791,0,369.8,71200.0,32675.0,True
IndiaCricket,1lt5qf5,2025-07,n1nugbf,darkjessy_,True,5.0,True,5.0,False,85,1751821061,0,2052.4,16.0,11510.0,True
IndiaCricket,1lt5qf5,2025-07,n1oblry,Junior-Bowl-7744,True,6.0,False,,False,68,1751826207,0,,,,
IndiaCricket,1lt5qf5,2025-07,n1nxp2g,Shadow_Senpai17,True,7.0,False,,False,16,1751822039,0,504.1,202442.0,47627.0,True
IndiaCricket,1lt5qf5,2025-07,n1nv4o0,Artistic_Anything_83,True,8.0,False,,False,15,1751821265,0,665.8,97.0,1070.0,True
IndiaCricket,1lt5qf5,2025-07,n1oswnq,yashy20,True,9.0,False,,False,9,1751831588,0,2698.2,241226.0,26996.0,True
IndiaCricket,1lt5qf5,2025-07,n1pubp8,bleekonos,True,10.0,False,,False,2,1751843804,0,1978.2,15.0,1498.0,True
IndiaCricket,1m8273g,2025-07,n4vthtq,Beautiful-Ad-5676,True,1.0,True,1.0,False,374,1753357706,0,,,,
IndiaCricket,1m8273g,2025-07,n4vtvnt,Disastrous-Bit-5097,True,2.0,True,3.0,False,197,1753357858,0,376.2,25307.0,8828.0,True
IndiaCricket,1m8273g,2025-07,n4vu522,Glad_Future961,True,3.0,True,4.0,False,174,1753357959,0,575.0,1.0,1125.0,True
IndiaCricket,1m8273g,2025-07,n4vv92m,VegetableHeron1558,True,4.0,False,,False,128,1753358391,0,1081.6,51142.0,10986.0,True
IndiaCricket,1m8273g,2025-07,n4vtmzc,Busy_Bench_83,True,5.0,True,2.0,False,76,1753357762,0,,,,
IndiaCricket,1m8273g,2025-07,n4vy838,Last-Wave-9844,True,6.0,False,,False,76,1753359520,0,,,,
IndiaCricket,1m8273g,2025-07,n4vup7x,desimikeross,True,7.0,False,,False,66,1753358178,0,454.4,6735.0,30061.0,True
IndiaCricket,1m8273g,2025-07,n4vujbf,imanc18,True,8.0,False,,False,46,1753358113,0,4561.7,118366.0,26101.0,True
IndiaCricket,1m8273g,2025-07,n4vu6q8,Cosmic_Traveller_,True,10.0,False,,False,36,1753357977,0,572.9,31634.0,74785.0,True
IndiaCricket,1m8273g,2025-07,n4vuvip,romo8325,True,9.0,False,,False,38,1753358246,0,2053.9,156.0,4832.0,True
IndiaCricket,1m8273g,2025-07,n4vu5dh,Royal-Cupcake-5907,False,,True,5.0,False,4,1753357962,0,812.3,23811.0,95062.0,True
bollywood,1lqhor0,2025-07,n12uqmw,jigglephysicist7,True,1.0,True,1.0,False,1485,1751521128,0,352.8,9.0,1795.0,False
bollywood,1lqhor0,2025-07,n12uxhf,comedy6969,True,2.0,True,2.0,False,486,1751521223,0,968.7,20769.0,29084.0,True
bollywood,1lqhor0,2025-07,n12v7j6,DemonCyborg27,True,3.0,True,3.0,False,292,1751521365,0,2344.8,17267.0,76624.0,True
bollywood,1lqhor0,2025-07,n13g2wd,akashuji,True,4.0,False,,False,121,1751533074,0,490.3,18869.0,9418.0,True
bollywood,1lqhor0,2025-07,n12vxud,Educational-Ant8988,True,5.0,True,4.0,False,110,1751521737,0,,,,
bollywood,1lqhor0,2025-07,n12woxf,diablo_0-,True,6.0,True,5.0,False,70,1751522122,0,2432.5,419.0,1094.0,True
bollywood,1lqhor0,2025-07,n12z4cv,Code_Sorcerer_11,True,7.0,False,,False,31,1751523409,0,875.0,4405.0,6302.0,True
bollywood,1lqhor0,2025-07,n1307jk,gogoak69,True,8.0,False,,False,28,1751523989,0,662.1,9972.0,8664.0,True
bollywood,1lqhor0,2025-07,n12z8gi,proprotional,True,9.0,False,,False,12,1751523471,0,1217.6,381.0,1241.0,False
bollywood,1lqhor0,2025-07,n1316ru,Furrylover4206969,True,10.0,False,,False,12,1751524524,0,1259.9,1.0,1962.0,True
bollywood,1lwnf3i,2025-07,n2fhi2u,PsychologicalLab23,True,1.0,True,1.0,False,457,1752179697,0,468.7,1.0,3092.0,True
bollywood,1lwnf3i,2025-07,n2fya3v,RevolutionaryArt7819,True,2.0,False,,False,438,1752184649,0,,,,
bollywood,1lwnf3i,2025-07,n2fihtg,UndeadReborn,True,3.0,True,3.0,False,171,1752179982,0,691.5,93436.0,79847.0,True
bollywood,1lwnf3i,2025-07,n2h6fln,usernamefoundnot,True,4.0,False,,False,145,1752199552,0,2263.0,9057.0,25431.0,True
bollywood,1lwnf3i,2025-07,n2fkuns,SaintSinnerin,True,5.0,True,5.0,False,70,1752180650,0,1119.8,2189.0,16541.0,True
bollywood,1lwnf3i,2025-07,n2gah5z,6by6Hindsight,True,6.0,False,,False,46,1752188569,0,2547.2,422.0,24609.0,True
bollywood,1lwnf3i,2025-07,n2fhvai,SeaMenu25,True,7.0,True,2.0,False,41,1752179803,0,853.4,6990.0,14722.0,True
bollywood,1lwnf3i,2025-07,n2gm6k1,DemonCyborg27,True,8.0,False,,False,23,1752192474,0,2344.8,17267.0,76624.0,True
bollywood,1lwnf3i,2025-07,n2fqfnz,DesiGirl89,True,9.0,False,,False,12,1752182277,0,2165.5,275.0,2346.0,True
bollywood,1lwnf3i,2025-07,n2frckr,IcyScore2684,True,10.0,False,,False,12,1752182551,0,369.7,62.0,1729.0,True
bollywood,1lwnf3i,2025-07,n2fjjl4,acthechamp,False,,True,4.0,False,5,1752180280,0,5211.3,2078.0,11285.0,True
bollywood,1m7vvqo,2025-07,n4uv9u9,thisissk717,True,1.0,True,5.0,False,510,1753339860,0,1593.1,277.0,48600.0,True
bollywood,1m7vvqo,2025-07,n4ux5j1,Kooky_Personality_69,True,2.0,False,,False,275,1753340875,0,1343.2,669.0,1878.0,True
bollywood,1m7vvqo,2025-07,n4v2qvv,Anas_malik0503,True,3.0,False,,False,244,1753344020,0,403.9,21686.0,11287.0,True
bollywood,1m7vvqo,2025-07,n4umkp4,BollywoodMeraMaalik,True,4.0,True,1.0,False,137,1753335295,0,929.9,6149.0,7413.0,False
bollywood,1m7vvqo,2025-07,n4uod0d,Usual_Pin745,True,5.0,True,2.0,False,95,1753336201,0,2057.1,825.0,9866.0,True
bollywood,1m7vvqo,2025-07,n4ve7a3,Slash787,True,6.0,False,,False,49,1753350547,0,2530.8,30302.0,291537.0,True
bollywood,1m7vvqo,2025-07,n4uu3gr,sassysheepy,True,7.0,True,3.0,False,29,1753339225,0,3486.4,5738.0,3210.0,True
bollywood,1m7vvqo,2025-07,n4vpa7r,Outside-Nature3754,True,8.0,False,,False,10,1753355952,0,1926.4,1267.0,6093.0,True
bollywood,1m7vvqo,2025-07,n4v74iw,Rahikolnikov,True,9.0,False,,False,7,1753346545,0,1856.3,7336.0,12710.0,True
bollywood,1m7vvqo,2025-07,n4uv6s9,AneeshRai7,True,10.0,True,4.0,False,4,1753339815,0,2977.2,1815.0,288100.0,True
bollywood,1m0fubo,2025-07,n38wc0d,tanu3151,True,1.0,True,1.0,False,217,1752580989,0,2545.1,7458.0,16676.0,True
bollywood,1m0fubo,2025-07,n391x6o,BenneIdli,True,2.0,True,3.0,False,137,1752583116,0,,,,
bollywood,1m0fubo,2025-07,n39coll,No-Raspberry8481,True,3.0,False,,False,80,1752586815,0,,,,
bollywood,1m0fubo,2025-07,n39eq4s,Late_Cell8983,True,4.0,False,,False,65,1752587437,0,479.8,356.0,8793.0,True
bollywood,1m0fubo,2025-07,n393w2e,Unhappy_Bread_2836,True,5.0,True,4.0,False,48,1752583912,0,,,,
bollywood,1m0fubo,2025-07,n39baey,Beautiful_Apple8767,True,6.0,True,5.0,False,25,1752586378,0,1543.0,1670.0,22869.0,True
bollywood,1m0fubo,2025-07,n38xotd,SuspiciousWeekend41,True,7.0,True,2.0,False,19,1752581507,0,,,,
bollywood,1m0fubo,2025-07,n3abfwj,richie_goku,True,8.0,False,,False,14,1752596754,0,1505.6,12.0,4248.0,True
bollywood,1m0fubo,2025-07,n3asr6f,Infamous-Bat-6021,True,9.0,False,,False,8,1752601425,0,1075.7,265.0,4017.0,False
bollywood,1m0fubo,2025-07,n3bbysg,No-Concept8033,True,10.0,False,,False,4,1752606764,0,1610.6,1.0,317.0,True
bollywood,1m3x0bg,2025-07,n4027y3,Adorable-Touch8081,True,1.0,False,,False,1100,1752935504,0,1792.1,351.0,1891.0,True
bollywood,1m3x0bg,2025-07,n4027m5,20sRandom,True,2.0,False,,False,411,1752935501,0,2272.4,3693.0,9029.0,True
bollywood,1m3x0bg,2025-07,n3zzrt2,Sans010394,True,3.0,False,,False,210,1752934721,0,,,,
bollywood,1m3x0bg,2025-07,n3zyvk1,NoRelative9202,True,4.0,True,5.0,False,90,1752934429,0,487.1,41216.0,9822.0,True
bollywood,1m3x0bg,2025-07,n3zyluk,Dependent-Leave-1590,True,5.0,True,3.0,False,56,1752934342,0,1872.3,611.0,4463.0,True
bollywood,1m3x0bg,2025-07,n403bcx,Appropriate-Cup-7225,True,6.0,False,,False,40,1752935851,0,658.1,7.0,18152.0,False
bollywood,1m3x0bg,2025-07,n4013ub,Initial_Hand5792,True,8.0,False,,False,24,1752935149,0,1149.7,1.0,1780.0,True
bollywood,1m3x0bg,2025-07,n40a37q,GottaLearnStuff,True,7.0,False,,False,27,1752937971,0,1934.8,356.0,38731.0,True
bollywood,1m3x0bg,2025-07,n3zxyey,UndeadReborn,True,9.0,True,1.0,False,24,1752934131,0,691.5,93436.0,79847.0,True
bollywood,1m3x0bg,2025-07,n40db23,Southern_Muscle_5655,True,10.0,False,,False,14,1752938964,0,,,,
bollywood,1m3x0bg,2025-07,n3zyrzk,niharikamishra_,False,,True,4.0,False,6,1752934397,0,2313.8,1912.0,21733.0,True
bollywood,1m3x0bg,2025-07,n3zy9n4,aditya1505,False,,True,2.0,False,7,1752934231,0,810.3,84.0,196.0,True
bollywood,1margmo,2025-07,n5gqa70,UndeadReborn,True,1.0,True,3.0,False,413,1753636766,0,691.5,93436.0,79847.0,True
bollywood,1margmo,2025-07,n5gztyj,Beautiful_Error_279,True,2.0,False,,False,137,1753639521,0,502.2,1.0,12710.0,True
bollywood,1margmo,2025-07,n5gtr40,doesitmatter4u,True,3.0,True,5.0,False,77,1753637769,0,1750.7,781.0,3242.0,True
bollywood,1margmo,2025-07,n5gz1bf,Hurdy_Gurdy_Man_84,True,4.0,False,,False,71,1753639287,0,1225.0,19799.0,174662.0,True
bollywood,1margmo,2025-07,n5gtg9r,broken_vessel1217,True,5.0,True,4.0,False,44,1753637683,0,975.8,15.0,5209.0,True
bollywood,1margmo,2025-07,n5gpha7,Uncertn_Laaife,True,6.0,True,1.0,False,18,1753636534,0,2950.8,1017.0,283243.0,True
bollywood,1margmo,2025-07,n5k264n,Fun-Mathematician992,True,7.0,False,,False,11,1753678312,0,1827.8,164.0,7668.0,True
bollywood,1margmo,2025-07,n5i90s7,Money-Bus-5570,True,8.0,False,,False,10,1753653376,0,704.9,396.0,2741.0,True
bollywood,1margmo,2025-07,n5gq4de,SelectGrowth513,True,10.0,True,2.0,False,6,1753636719,0,1701.1,400.0,32237.0,True
bollywood,1margmo,2025-07,n5h6ouf,No_Still_5776,True,9.0,False,,False,7,1753641567,0,1269.6,674.0,10108.0,True
bollywood,1m1wipx,2025-07,n3ke947,Late-Spite8425,True,1.0,True,1.0,False,198,1752721985,0,1123.0,3102.0,81603.0,True
bollywood,1m1wipx,2025-07,n3ktqer,BollywoodMeraMaalik,True,2.0,False,,False,161,1752728759,0,929.9,6149.0,7413.0,False
bollywood,1m1wipx,2025-07,n3keamz,Late-Spite8425,True,3.0,True,2.0,False,118,1752722001,0,1123.0,3102.0,81603.0,True
bollywood,1m1wipx,2025-07,n3kff11,sharbat-e-roohafza,True,4.0,True,3.0,False,63,1752722456,0,422.0,11174.0,23513.0,False
bollywood,1m1wipx,2025-07,n3kreet,Mother-Cantaloupe-57,True,6.0,False,,False,38,1752727667,0,1404.1,1.0,17703.0,True
bollywood,1m1wipx,2025-07,n3kw6gj,devZishi,True,5.0,False,,False,45,1752729942,0,973.6,9328.0,14770.0,True
bollywood,1m1wipx,2025-07,n3km70y,Appropriate-Cup-7225,True,7.0,True,5.0,False,36,1752725316,0,658.1,7.0,18152.0,False
bollywood,1m1wipx,2025-07,n3kzu57,-_The_Dark_Knight_--,True,8.0,False,,False,25,1752731771,0,543.0,3947.0,35090.0,True
bollywood,1m1wipx,2025-07,n3l312y,TheSandeepReddyVanga,True,9.0,False,,False,23,1752733379,0,,,,
bollywood,1m1wipx,2025-07,n3kriv1,International-Eye771,True,10.0,False,,False,15,1752727723,0,2155.9,36484.0,22046.0,True
bollywood,1m1wipx,2025-07,n3khdfi,Opening-Ad8396,False,,True,4.0,False,12,1752723267,0,2095.3,9791.0,26618.0,True
bollywood,1m2314i,2025-07,n3lnq8m,mayudhon,True,1.0,True,1.0,False,151,1752744906,0,1881.1,7755.0,245843.0,True
bollywood,1m2314i,2025-07,n3lq4df,AneeshRai7,True,2.0,True,2.0,False,77,1752746204,0,2977.2,1815.0,288100.0,True
bollywood,1m2314i,2025-07,n3lr9x5,theroookietraveler,True,3.0,True,3.0,False,64,1752746816,0,3693.1,395.0,2467.0,True
bollywood,1m2314i,2025-07,n3m4j30,Undead_Necromancer,True,4.0,True,5.0,False,38,1752752854,0,1663.8,28847.0,20753.0,True
bollywood,1m2314i,2025-07,n3melnc,ConferenceSuper6123,True,5.0,False,,False,28,1752756509,0,1021.9,416.0,6125.0,True
bollywood,1m2314i,2025-07,n3mjbrs,GiteshS9100,True,6.0,False,,False,23,1752758063,0,926.2,348.0,10017.0,True
bollywood,1m2314i,2025-07,n3md5tj,SHAQBIR,True,8.0,False,,False,13,1752756021,0,1980.9,1506.0,31578.0,True
bollywood,1m2314i,2025-07,n3p8obo,ammabommali,True,7.0,False,,False,15,1752785625,0,,,,
bollywood,1m2314i,2025-07,n3pb6q8,Classic_West8330,True,9.0,False,,False,3,1752786347,0,736.4,4.0,908.0,True
bollywood,1m2314i,2025-07,n3m1cy0,lakg1,True,10.0,True,4.0,False,2,1752751546,0,3495.9,1893.0,1953.0,True
bollywood,1mc7mmp,2025-07,n5roj36,RRaj007,True,1.0,True,2.0,False,492,1753784771,0,2437.1,31770.0,26427.0,True
bollywood,1mc7mmp,2025-07,n5rrw5d,vikyath123,True,2.0,True,5.0,False,207,1753786450,0,1841.9,1.0,2036.0,True
bollywood,1mc7mmp,2025-07,n5rqgdv,docthestrange,True,3.0,True,4.0,False,189,1753785762,0,1241.0,63.0,1300.0,True
bollywood,1mc7mmp,2025-07,n5rnzlt,UndeadReborn,True,4.0,True,1.0,False,92,1753784482,0,691.5,93436.0,79847.0,True
bollywood,1mc7mmp,2025-07,n5rpnki,Swimming_Roll_7109,True,5.0,True,3.0,False,61,1753785360,0,674.1,537.0,2212.0,True
bollywood,1mc7mmp,2025-07,n5s7wk6,PoloSan9,True,6.0,False,,False,50,1753793007,0,2130.5,964.0,49211.0,True
bollywood,1mc7mmp,2025-07,n5u5mzo,Angryhaast786,True,7.0,False,,False,12,1753813193,0,1853.7,9731.0,1336.0,True
bollywood,1mc7mmp,2025-07,n5rwguc,ProxyGOAT89,True,8.0,False,,False,8,1753788536,0,,,,
bollywood,1mc7mmp,2025-07,n5sj865,OMG_NoReally,True,9.0,False,,False,7,1753796779,0,4729.0,21528.0,108625.0,True
bollywood,1mc7mmp,2025-07,n5rzt2e,Quick_Metal8932,True,10.0,False,,False,6,1753789950,0,439.9,601.0,1038.0,True
bollywood,1m73ppd,2025-07,n4oh266,Appropriate_Try_7040,True,1.0,True,2.0,False,144,1753260344,0,1152.7,345.0,5870.0,True
bollywood,1m73ppd,2025-07,n4oh9xl,FinePersimmon3718,True,2.0,True,3.0,False,77,1753260468,0,597.1,8335.0,11400.0,True
bollywood,1m73ppd,2025-07,n4okaqy,NightFury0595,True,3.0,False,,False,32,1753262216,0,2933.1,81376.0,32683.0,True
bollywood,1m73ppd,2025-07,n4okjoz,Eikichi_Onizuka09,True,4.0,False,,False,28,1753262361,0,589.0,612254.0,98170.0,True
bollywood,1m73ppd,2025-07,n4oizh6,narkaputra,True,5.0,True,5.0,False,26,1753261455,0,3111.2,1381.0,11993.0,True
bollywood,1m73ppd,2025-07,n4olofn,TheLastDetective,True,6.0,False,,False,25,1753263010,0,464.8,15787.0,48146.0,True
bollywood,1m73ppd,2025-07,n4ofjn0,DrOfThugonomics,True,8.0,True,1.0,False,14,1753259465,0,2308.0,398.0,457.0,False
bollywood,1m73ppd,2025-07,n4okazf,Own-Weakness-2435,True,7.0,False,,False,16,1753262220,0,1007.7,8614.0,18520.0,True
bollywood,1m73ppd,2025-07,n4phjwq,No-Barracuda4224,True,9.0,False,,False,6,1753276511,0,755.1,833.0,685.0,True
bollywood,1m73ppd,2025-07,n4op9yx,yes-reply,True,10.0,False,,False,4,1753264984,0,513.1,38.0,12870.0,True
bollywood,1m73ppd,2025-07,n4oif8s,EntirePickle398,False,,True,4.0,False,1,1753261129,0,2043.2,4689.0,31745.0,True
IndianStockMarket,1lstvt0,2025-07,n1lbsaf,AlphaSeeker_07,True,1.0,True,2.0,False,228,1751781420,0,532.5,461.0,2006.0,True
IndianStockMarket,1lstvt0,2025-07,n1lc3um,HamsterWheelEngineer,True,2.0,True,4.0,False,171,1751781599,0,,,,
IndianStockMarket,1lstvt0,2025-07,n1lcrzj,JDdiah,True,3.0,False,,False,68,1751781973,0,3131.1,29989.0,32564.0,True
IndianStockMarket,1lstvt0,2025-07,n1lb6ue,Exciting_Strike5598,True,4.0,True,1.0,False,66,1751781100,0,937.2,4224.0,63859.0,True
IndianStockMarket,1lstvt0,2025-07,n1lepdc,killedbycuriousity-,True,5.0,False,,False,42,1751783059,0,2873.7,3842.0,47872.0,False
IndianStockMarket,1lstvt0,2025-07,n1lhbem,PuneFIRE,True,6.0,False,,False,27,1751784560,0,2167.7,360.0,5380.0,True
IndianStockMarket,1lstvt0,2025-07,n1lcolf,ajeeb_gandu,True,7.0,True,5.0,False,14,1751781920,0,624.3,8781.0,31233.0,True
IndianStockMarket,1lstvt0,2025-07,n1lbtf8,kingsman678,True,8.0,True,3.0,False,12,1751781438,0,3255.5,7568.0,2839.0,True
IndianStockMarket,1lstvt0,2025-07,n1lllgo,ArtV16,True,9.0,False,,False,12,1751787049,0,1013.5,303.0,681.0,True
IndianStockMarket,1lstvt0,2025-07,n1lkb62,jabraat12,True,10.0,False,,False,9,1751786288,0,1659.4,117.0,84.0,True
IndianStockMarket,1m69x9b,2025-07,n4hy89v,revolution110,True,1.0,True,1.0,False,886,1753178325,0,3834.9,2103.0,76972.0,True
IndianStockMarket,1m69x9b,2025-07,n4hz5ux,moriarty7878,True,2.0,False,,False,297,1753178835,0,2286.1,8703.0,23981.0,True
IndianStockMarket,1m69x9b,2025-07,n4hygbo,Harveyspector2,True,3.0,True,3.0,False,87,1753178447,0,665.3,80.0,132.0,True
IndianStockMarket,1m69x9b,2025-07,n4hyezo,brownwhale-,True,4.0,True,2.0,False,68,1753178427,0,1231.0,1414.0,3436.0,True
IndianStockMarket,1m69x9b,2025-07,n4hz088,No-Situation4626,True,5.0,True,5.0,False,31,1753178750,0,1918.0,302.0,156.0,True
IndianStockMarket,1m69x9b,2025-07,n4hyy0u,ChepaukPitch,True,6.0,True,4.0,False,25,1753178716,0,1922.3,2612.0,197664.0,True
IndianStockMarket,1m69x9b,2025-07,n4i0ogy,Thaiyervadai,True,7.0,False,,False,22,1753179635,0,,,,
IndianStockMarket,1m69x9b,2025-07,n4i9zkq,acereborn1,True,8.0,False,,False,22,1753184002,0,3156.1,1077.0,710.0,False
IndianStockMarket,1m69x9b,2025-07,n4i5i3v,MadhuT25,True,9.0,False,,False,18,1753182020,0,2320.6,6351.0,18498.0,True
IndianStockMarket,1m69x9b,2025-07,n4i2snw,galeej,True,10.0,False,,False,16,1753180739,0,4087.1,14225.0,137986.0,False
IndianStockMarket,1lrf8jw,2025-07,n1a7bfd,Beautiful-Ad-5676,True,1.0,True,2.0,False,130,1751624471,0,,,,
IndianStockMarket,1lrf8jw,2025-07,n1aboh8,plushdev,True,2.0,False,,False,66,1751626704,0,1447.8,299.0,18393.0,True
IndianStockMarket,1lrf8jw,2025-07,n1a8j2k,Fin_Turtle,True,3.0,True,3.0,False,43,1751625119,0,510.9,558.0,31799.0,True
IndianStockMarket,1lrf8jw,2025-07,n1a91mt,Low_Contribution4235,True,4.0,True,4.0,False,43,1751625393,0,,,,
IndianStockMarket,1lrf8jw,2025-07,n1aau66,shop_casique,True,5.0,False,,False,18,1751626297,0,423.5,508.0,121.0,True
IndianStockMarket,1lrf8jw,2025-07,n1a94rg,InstructionKey6948,True,6.0,True,5.0,False,10,1751625437,0,473.1,2260.0,1631.0,True
IndianStockMarket,1lrf8jw,2025-07,n1a9doc,RohanNotFound,True,7.0,False,,False,6,1751625564,0,1503.8,2536.0,27619.0,True
IndianStockMarket,1lrf8jw,2025-07,n1apxlk,0singularity9,True,10.0,False,,False,3,1751632858,0,400.9,1.0,136.0,True
IndianStockMarket,1lrf8jw,2025-07,n1bfh2c,SudipBhattacharjya,True,8.0,False,,False,4,1751641388,0,2298.5,19.0,781.0,True
IndianStockMarket,1lrf8jw,2025-07,n1cwm2m,Mastersexyy,True,9.0,False,,False,4,1751657805,0,2122.2,1917.0,12388.0,True
IndianStockMarket,1lrf8jw,2025-07,n1a71d3,gauri1200,False,,True,1.0,False,2,1751624323,0,2200.7,11959.0,6816.0,True
IndianStockMarket,1m1aopl,2025-07,n3flqvo,slaythatpony,False,,True,4.0,True,1,1752667913,0,2779.4,35498.0,5855.0,True
IndianStockMarket,1m1aopl,2025-07,n3fl7ew,Aguuueeerrrooo,True,1.0,True,3.0,False,512,1752667707,0,1802.6,243.0,38767.0,True
IndianStockMarket,1m1aopl,2025-07,n3fksoq,Fantastic_Form3607,True,2.0,True,2.0,False,500,1752667551,0,1781.7,3213.0,154836.0,True
IndianStockMarket,1m1aopl,2025-07,n3fkqhx,sumandas094,True,3.0,True,1.0,False,187,1752667527,0,2247.0,11819.0,12743.0,True
IndianStockMarket,1m1aopl,2025-07,n3flue1,triple_hoop,True,4.0,True,5.0,False,75,1752667950,0,1935.1,4512.0,122190.0,True
IndianStockMarket,1m1aopl,2025-07,n3fmtj4,Dante__fTw,True,5.0,False,,False,34,1752668321,0,,,,
IndianStockMarket,1m1aopl,2025-07,n3g7ri9,Formal_Television895,True,6.0,False,,False,22,1752675250,0,642.0,32.0,1602.0,True
IndianStockMarket,1m1aopl,2025-07,n3fqfz9,rufus-the-rowdy-dog,True,7.0,False,,False,19,1752669652,0,3060.8,715.0,13486.0,True
IndianStockMarket,1m1aopl,2025-07,n3fnfnh,WaitOdd5530,True,8.0,False,,False,18,1752668549,0,877.6,140.0,13147.0,False
IndianStockMarket,1m1aopl,2025-07,n3fmxpr,freak-atlantic,True,9.0,False,,False,17,1752668364,0,1497.3,75.0,2573.0,True
IndianStockMarket,1m1aopl,2025-07,n3gbg5c,RestaurantHefty4669,True,10.0,False,,False,14,1752676320,0,1188.0,668.0,2555.0,True
IndianStockMarket,1lyq9te,2025-07,n2wxbtg,the_storm_rider,True,1.0,True,5.0,False,266,1752421368,0,3879.1,373.0,53250.0,True
IndianStockMarket,1lyq9te,2025-07,n2vyjug,Greedy_Rise_6567,True,2.0,True,1.0,False,241,1752409617,0,1873.6,13402.0,7084.0,True
IndianStockMarket,1lyq9te,2025-07,n2w6kwa,piiprince911,True,3.0,True,2.0,False,81,1752412762,0,2461.1,1245.0,8764.0,True
IndianStockMarket,1lyq9te,2025-07,n2wpf68,RestoredVirgin,True,4.0,True,4.0,False,5,1752418986,0,2004.9,5166.0,19974.0,True
IndianStockMarket,1lyq9te,2025-07,n2wd34m,4rindam,True,5.0,True,3.0,False,3,1752415088,0,4108.7,1993.0,47095.0,True
IndianStockMarket,1lyq9te,2025-07,n30mq7i,inward_chapters,True,6.0,False,,False,2,1752464718,0,604.8,291.0,434.0,True
IndianStockMarket,1lyq9te,2025-07,n31kyte,HarbingerPotter,True,7.0,False,,False,2,1752482577,0,329.9,52.0,2002.0,True
IndianStockMarket,1lyq9te,2025-07,n30vzdk,discovering101,True,8.0,False,,False,1,1752468871,0,4860.0,926.0,2717.0,True
IndianStockMarket,1lyq9te,2025-07,n34cylr,immortalpiyush,True,9.0,False,,False,1,1752517544,0,2213.8,4142.0,12180.0,True
IndianStockMarket,1lyq9te,2025-07,n3flw5j,Doughwisdom,True,10.0,False,,False,1,1752667969,0,331.1,3237.0,330.0,True
IndianStockMarket,1lwzhw0,2025-07,n2iaw3a,Charybd1ss,True,1.0,True,3.0,False,551,1752217367,0,1049.4,51791.0,48602.0,True
IndianStockMarket,1lwzhw0,2025-07,n2icp4b,Bruce_wayne_03,True,2.0,True,4.0,False,235,1752218358,0,2690.0,1279.0,25079.0,True
IndianStockMarket,1lwzhw0,2025-07,n2i6x8b,ForthCrusader,True,3.0,True,1.0,False,204,1752215247,0,3030.1,2324.0,37849.0,False
IndianStockMarket,1lwzhw0,2025-07,n2ihyf0,SageSharma,True,4.0,False,,False,118,1752221342,0,584.0,25627.0,53717.0,True
IndianStockMarket,1lwzhw0,2025-07,n2igeah,EARTHB-24,True,5.0,True,5.0,False,52,1752220462,0,1979.8,31134.0,16073.0,True
IndianStockMarket,1lwzhw0,2025-07,n2ik702,Utkarsh_7744,True,6.0,False,,False,24,1752222643,0,2056.5,325.0,4669.0,True
IndianStockMarket,1lwzhw0,2025-07,n2i8w7c,mentallyillloner2,True,7.0,True,2.0,False,17,1752216296,0,,,,
IndianStockMarket,1lwzhw0,2025-07,n2itfb2,Traditional-Dealer18,True,8.0,False,,False,6,1752227905,0,2007.6,48.0,3243.0,True
IndianStockMarket,1lwzhw0,2025-07,n2ivgno,Ecstatic_Detail_6721,True,9.0,False,,False,5,1752228983,0,1024.0,237.0,39675.0,True
IndianStockMarket,1mc9g03,2025-07,n5s0xqs,Adept_Blacksmith_428,True,1.0,True,1.0,False,1095,1753790394,0,1951.9,818.0,7325.0,True
IndianStockMarket,1mc9g03,2025-07,n5s1h1t,SuspectGloomy7668,True,2.0,True,3.0,False,221,1753790605,0,318.2,1.0,394.0,True
IndianStockMarket,1mc9g03,2025-07,n5s7lem,pizzafapper,True,3.0,False,,False,94,1753792897,0,4578.8,12014.0,25803.0,True
IndianStockMarket,1mc9g03,2025-07,n5s5n8p,ajeeb_gandu,True,4.0,True,5.0,False,39,1753792186,0,624.3,8781.0,31233.0,True
IndianStockMarket,1mc9g03,2025-07,n5s1loy,hotcoolhot,True,5.0,True,4.0,False,33,1753790656,0,5258.5,5029.0,98636.0,True
IndianStockMarket,1mc9g03,2025-07,n5sglvp,Beginning_Turnip8716,True,6.0,False,,False,15,1753795944,0,1329.1,3456.0,28347.0,True
IndianStockMarket,1mc9g03,2025-07,n5s19f3,Adorable-Grand68,True,7.0,True,2.0,False,7,1753790521,0,387.5,70532.0,9051.0,True
IndianStockMarket,1mc9g03,2025-07,n5sb5oh,Buzzkill39,True,8.0,False,,False,4,1753794133,0,2820.8,107.0,4046.0,False
IndianStockMarket,1mc9g03,2025-07,n5sd7kd,falcontitan,True,9.0,False,,False,3,1753794826,0,840.8,5607.0,10502.0,True
IndianStockMarket,1mc9g03,2025-07,n5yx0g6,stockman9999999,True,10.0,False,,False,3,1753879532,0,1857.8,4.0,40.0,True
IndianStockMarket,1m16fzz,2025-07,n3ewtey,Weary-Cut-8819,True,1.0,True,1.0,False,165,1752655629,0,1242.3,10.0,9004.0,True
IndianStockMarket,1m16fzz,2025-07,n3f1m1h,onlybloke,True,2.0,True,3.0,False,83,1752658426,0,1117.8,11623.0,17165.0,True
IndianStockMarket,1m16fzz,2025-07,n3ewvi8,CoolPineapple6969,True,3.0,True,2.0,False,62,1752655663,0,951.8,1222.0,10969.0,True
IndianStockMarket,1m16fzz,2025-07,n3febk8,Humble-Side2859,True,4.0,True,4.0,False,6,1752664880,0,332.8,42.0,41.0,True
IndianStockMarket,1m16fzz,2025-07,n3floro,Doughwisdom,True,5.0,False,,False,5,1752667891,0,331.1,3237.0,330.0,True
IndianStockMarket,1m16fzz,2025-07,n3fj37s,Mysterious_Simple_3,True,6.0,True,5.0,False,1,1752666882,0,1622.0,3557.0,1602.0,True
IndianStockMarket,1m16fzz,2025-07,n3l3jwk,JX41,True,7.0,False,,False,1,1752733652,0,1063.2,13.0,50.0,True
IndianStockMarket,1m16fzz,2025-07,n3lh26j,primusautobot,True,8.0,False,,False,1,1752741066,0,3701.7,1.0,21418.0,True
IndianStockMarket,1m16fzz,2025-07,n3rdzu6,SanjuRai1986,True,9.0,False,,False,1,1752812757,0,1183.2,407.0,5746.0,True
IndianStockMarket,1lrankz,2025-07,n19eji9,SimhaSwapna,True,1.0,True,5.0,False,257,1751608504,0,785.1,396.0,7791.0,True
IndianStockMarket,1lrankz,2025-07,n19b8k7,Potential_Honey_3615,True,2.0,True,2.0,False,234,1751606857,0,939.8,2.0,19656.0,True
IndianStockMarket,1lrankz,2025-07,n19j3xp,learn2earn-1,True,3.0,False,,False,90,1751610865,0,387.9,564.0,2006.0,True
IndianStockMarket,1lrankz,2025-07,n19ceb0,PeeOnYoFace007,True,4.0,True,4.0,False,70,1751607426,0,528.6,7.0,8402.0,False
IndianStockMarket,1lrankz,2025-07,n19aodm,Thick_Patience_8515,True,5.0,True,1.0,False,62,1751606583,0,1135.9,4.0,4004.0,False
IndianStockMarket,1lrankz,2025-07,n19caby,convicted_redditor,True,6.0,True,3.0,False,31,1751607371,0,1107.9,7637.0,9494.0,True
IndianStockMarket,1lrankz,2025-07,n19itsx,Capable-Forever-4356,True,7.0,False,,False,17,1751610716,0,951.9,38.0,49.0,True
IndianStockMarket,1lrankz,2025-07,n19f7ei,monkeydyaeger,True,8.0,False,,False,14,1751608834,0,861.6,144.0,9044.0,False
IndianStockMarket,1lrankz,2025-07,n19i1uv,the_ajan,True,9.0,False,,False,10,1751610308,0,2738.0,3606.0,26417.0,True
IndianStockMarket,1lrankz,2025-07,n19g88e,SimhaSwapna,True,10.0,False,,False,7,1751609360,0,785.1,396.0,7791.0,True
IndianStockMarket,1mbbjx6,2025-07,n5kwge0,Intelligent-Name6558,True,1.0,True,2.0,False,156,1753695264,0,1953.1,314.0,3626.0,True
IndianStockMarket,1mbbjx6,2025-07,n5kwcyt,Plus_Confidence3701,True,2.0,True,1.0,False,56,1753695208,0,466.7,1.0,776.0,True
IndianStockMarket,1mbbjx6,2025-07,n5kzia3,shaaka7,True,3.0,True,4.0,False,43,1753696961,0,2452.0,15.0,641.0,True
IndianStockMarket,1mbbjx6,2025-07,n5l74cl,Famous_Plate_1390,True,4.0,True,5.0,False,27,1753700863,0,,,,
IndianStockMarket,1mbbjx6,2025-07,n5kx1cz,SuperbPercentage8050,True,5.0,True,3.0,False,17,1753695602,0,807.4,9750.0,12128.0,True
IndianStockMarket,1mbbjx6,2025-07,n5ldqyf,Born-Mammoth-6155,True,6.0,False,,False,5,1753703784,0,1213.5,3443.0,1550.0,True
IndianStockMarket,1mbbjx6,2025-07,n5lfzc4,macro_trader,True,7.0,False,,False,1,1753704683,0,318.3,29.0,-4.0,True
IndianStockMarket,1mbbjx6,2025-07,n5s5bot,skid3805,True,8.0,False,,False,1,1753792066,0,2384.9,34003.0,12185.0,True
indiaspeaks,1m7zmes,2025-07,n4vdvdn,rahul_p91k,True,1.0,True,2.0,False,523,1753350370,0,2017.2,9633.0,52471.0,True
indiaspeaks,1m7zmes,2025-07,n4vk70y,iam_aryan_gg,True,2.0,True,5.0,False,111,1753353652,0,1963.3,1138.0,7010.0,True
indiaspeaks,1m7zmes,2025-07,n4viocv,NoFuture355,True,3.0,True,4.0,False,54,1753352888,0,2078.0,61.0,20855.0,True
indiaspeaks,1m7zmes,2025-07,n4w0gaa,GutsyGoofy,True,4.0,False,,False,52,1753360332,0,2198.4,4406.0,39438.0,True
indiaspeaks,1m7zmes,2025-07,n4vknmm,OfferWestern,True,5.0,False,,False,21,1753353874,0,2031.1,1731.0,9416.0,True
indiaspeaks,1m7zmes,2025-07,n4vh5zs,No-Pipe8487,True,6.0,True,3.0,False,14,1753352114,0,1606.8,1663.0,22872.0,True
indiaspeaks,1m7zmes,2025-07,n4vr3ai,child_target,True,7.0,False,,False,10,1753356719,0,968.1,767.0,51074.0,True
indiaspeaks,1m7zmes,2025-07,n4vwuga,secular_attack,True,9.0,False,,False,6,1753359010,0,1023.1,2101.0,32687.0,True
indiaspeaks,1m7zmes,2025-07,n4vdocf,Cultural-Escape-7129,True,8.0,True,1.0,False,9,1753350264,0,1656.0,32.0,2018.0,True
indiaspeaks,1m7zmes,2025-07,n4vvfrr,chalkndcheese,True,10.0,False,,False,6,1753358464,0,1090.3,2.0,2196.0,True
indiaspeaks,1mbf1oh,2025-07,n5ll6od,ic_97,True,1.0,True,2.0,False,757,1753706662,0,3632.9,36441.0,111490.0,True
indiaspeaks,1mbf1oh,2025-07,n5lmaoc,alzio26,True,2.0,True,5.0,False,585,1753707064,0,2915.2,3116.0,27231.0,True
indiaspeaks,1mbf1oh,2025-07,n5ln7ph,Baked_potato46,True,3.0,False,,False,299,1753707386,0,1200.4,755.0,9264.0,True
indiaspeaks,1mbf1oh,2025-07,n5llvb3,Any_Union_2279,True,4.0,True,3.0,False,246,1753706913,0,769.6,30338.0,10674.0,True
indiaspeaks,1mbf1oh,2025-07,n5lo80t,Grill-God,True,5.0,False,,False,216,1753707742,0,,,,
indiaspeaks,1mbf1oh,2025-07,n5lq96g,Iron__Man__007,True,6.0,False,,False,165,1753708442,0,874.1,19282.0,3114.0,False
indiaspeaks,1mbf1oh,2025-07,n5lo9xc,GiraffeWaste,True,7.0,False,,False,108,1753707762,0,1778.7,629.0,43829.0,True
indiaspeaks,1mbf1oh,2025-07,n5lm7ox,Glittering_Yogurt630,True,8.0,True,4.0,False,92,1753707034,0,1644.0,3187.0,6408.0,True
indiaspeaks,1mbf1oh,2025-07,n5lngym,FirefighterWeak5474,True,9.0,False,,False,84,1753707477,0,,,,
indiaspeaks,1mbf1oh,2025-07,n5lq36p,Ambitious-Ad5735,True,10.0,False,,False,56,1753708386,0,2032.2,130.0,11948.0,True
indiaspeaks,1mbf1oh,2025-07,n5lkis3,Emergency-Green-2602,False,,True,1.0,True,20,1753706418,0,1003.8,76636.0,7787.0,True
indiaspeaks,1m08udm,2025-07,n37ko1b,CynicalCosmos,True,1.0,True,2.0,False,487,1752556048,0,733.2,15596.0,4334.0,True
indiaspeaks,1m08udm,2025-07,n37lm1c,idkping05,True,2.0,True,4.0,False,296,1752556505,0,768.9,2100.0,51046.0,True
indiaspeaks,1m08udm,2025-07,n37oylq,Ill-Indication-3926,True,3.0,False,,False,157,1752558196,0,1861.1,752.0,15073.0,True
indiaspeaks,1m08udm,2025-07,n37m73v,IamAdvikaaa,True,4.0,False,,False,111,1752556791,0,777.2,29929.0,47106.0,True
indiaspeaks,1m08udm,2025-07,n37kt7m,ApocalypseYay,True,5.0,True,3.0,False,65,1752556116,0,2015.9,21180.0,374946.0,True
indiaspeaks,1m08udm,2025-07,n37uuou,Green-Future-8987,True,6.0,False,,False,56,1752561305,0,723.8,376.0,4698.0,True
indiaspeaks,1m08udm,2025-07,n37on96,Upstairs-Bit6897,True,7.0,False,,False,42,1752558030,0,,,,
indiaspeaks,1m08udm,2025-07,n37os2u,TheOnereddittor,True,8.0,False,,False,38,1752558100,0,2065.6,1817.0,22249.0,True
indiaspeaks,1m08udm,2025-07,n37k5zc,NewWheelView,True,9.0,True,1.0,False,24,1752555807,0,571.1,38225.0,47569.0,True
indiaspeaks,1m08udm,2025-07,n37rqju,rahulrnx,True,10.0,False,,False,24,1752559625,0,745.9,51.0,3745.0,True
indiaspeaks,1m08udm,2025-07,n37lr5j,yamsh_kun,False,,True,5.0,False,15,1752556574,0,1277.2,13.0,1642.0,False
indiaspeaks,1m19ay2,2025-07,n3fb9ds,ask_ur_mom,True,1.0,True,2.0,False,971,1752663493,0,2235.0,18679.0,39961.0,True
indiaspeaks,1m19ay2,2025-07,n3fd55m,viserys8769,True,2.0,False,,False,264,1752664357,0,3089.9,48316.0,119560.0,True
indiaspeaks,1m19ay2,2025-07,n3fchfo,Cyber-Buddha,True,3.0,True,5.0,False,177,1752664058,0,1524.5,3879.0,1769.0,True
indiaspeaks,1m19ay2,2025-07,n3ffjgr,Affectionate-Cap-920,True,4.0,False,,False,150,1752665412,0,2002.8,2790.0,40776.0,True
indiaspeaks,1m19ay2,2025-07,n3fceu4,ChocolateGreedy2878,True,5.0,True,4.0,False,91,1752664025,0,717.9,150.0,8072.0,True
indiaspeaks,1m19ay2,2025-07,n3fosga,Grill-God,True,6.0,False,,False,85,1752669054,0,,,,
indiaspeaks,1m19ay2,2025-07,n3fj5fh,HopefulSpray4409,True,9.0,False,,False,37,1752666906,0,1513.4,453.0,5578.0,True
indiaspeaks,1m19ay2,2025-07,n3fbn5e,Almost_Infamous,True,8.0,True,3.0,False,39,1752663670,0,4768.6,78257.0,106999.0,True
indiaspeaks,1m19ay2,2025-07,n3fq6ei,IamVengance7,True,7.0,False,,False,42,1752669557,0,1102.0,81.0,2473.0,True
indiaspeaks,1m19ay2,2025-07,n3fyjjd,Lower-Penalty-2550,True,10.0,False,,False,20,1752672382,0,1518.8,527.0,20531.0,True
indiaspeaks,1m19ay2,2025-07,n3fb537,HellFox_9,False,,True,1.0,False,18,1752663440,0,,,,
indiaspeaks,1m9karq,2025-07,n57pisy,Cautious-Breath5628,True,1.0,True,1.0,False,292,1753504565,0,488.2,107571.0,11820.0,True
indiaspeaks,1m9karq,2025-07,n57qpdh,DangerousSubstance74,True,2.0,True,4.0,False,191,1753505117,0,705.4,3933.0,8450.0,True
indiaspeaks,1m9karq,2025-07,n57qpju,hawa_aane_de,True,3.0,True,5.0,False,20,1753505119,0,372.5,1.0,4535.0,True
indiaspeaks,1m9karq,2025-07,n57q8pf,vigya16,True,4.0,True,3.0,False,20,1753504901,0,,,,
indiaspeaks,1m9karq,2025-07,n57yi0b,kikikiller,True,5.0,False,,False,11,1753509056,0,5956.9,787.0,10084.0,True
indiaspeaks,1m9karq,2025-07,n57qs2z,Anti_Venom69,True,6.0,False,,False,6,1753505152,0,1764.4,667.0,967.0,True
indiaspeaks,1m9karq,2025-07,n57qtbl,Ken_words,True,7.0,False,,False,6,1753505169,0,2533.8,1993.0,1764.0,True
indiaspeaks,1m9karq,2025-07,n57wdae,akashsal2704,True,9.0,False,,False,4,1753507935,0,1067.0,70381.0,83584.0,True
indiaspeaks,1m9karq,2025-07,n581cni,Ok_Web_4377,True,8.0,False,,False,5,1753510605,0,927.9,24.0,8687.0,True
indiaspeaks,1m9karq,2025-07,n57ufms,Educational-Hyena-69,True,10.0,False,,False,3,1753506939,0,1892.0,25.0,5674.0,True
indiaspeaks,1m9karq,2025-07,n57psiq,Ok_Fish_8076,False,,True,2.0,False,0,1753504690,0,647.1,10570.0,4423.0,True
indiaspeaks,1lyo6va,2025-07,n2vcduq,Vaanaram,True,1.0,True,4.0,False,688,1752398012,0,1399.8,4968.0,20411.0,True
indiaspeaks,1lyo6va,2025-07,n2vc265,Bps33382,True,2.0,True,2.0,False,307,1752397819,0,2398.9,202.0,20926.0,True
indiaspeaks,1lyo6va,2025-07,n2vbubs,Infamous-Chemical111,True,3.0,True,1.0,False,129,1752397688,0,803.6,2847.0,18336.0,True
indiaspeaks,1lyo6va,2025-07,n2ve5as,AttackTitanLit,True,4.0,False,,False,117,1752399068,0,1521.2,8576.0,7241.0,True
indiaspeaks,1lyo6va,2025-07,n2vc2yq,Narrow-Try-5795,True,5.0,True,3.0,False,57,1752397832,0,2140.5,1179.0,4307.0,True
indiaspeaks,1lyo6va,2025-07,n2vgc2s,Confident_Appeal5729,True,6.0,False,,False,34,1752400355,0,1278.1,11002.0,20177.0,True
indiaspeaks,1lyo6va,2025-07,n2vdx9o,WPmitra_,True,7.0,True,5.0,False,11,1752398933,0,1830.9,19557.0,32126.0,True
indiaspeaks,1lyo6va,2025-07,n2vx6yi,Ok_Entertainment1040,True,8.0,False,,False,11,1752409031,0,2079.4,653.0,23806.0,True
indiaspeaks,1lyo6va,2025-07,n2x3rkz,DoomBuzzer,True,9.0,False,,False,8,1752423304,0,3290.7,9472.0,62398.0,True
indiaspeaks,1lyo6va,2025-07,n2woogm,KevinDecosta74,True,10.0,False,,False,6,1752418759,0,,,,
indiaspeaks,1mcz7oh,2025-07,n5xolbj,AncientArugula3939,True,1.0,True,2.0,False,1495,1753857298,0,1406.8,358.0,26035.0,True
indiaspeaks,1mcz7oh,2025-07,n5xr44b,Desi_Hitman,True,2.0,True,5.0,False,589,1753858700,0,338.1,18249.0,22067.0,True
indiaspeaks,1mcz7oh,2025-07,n5xqqbh,td_purgatory0,True,3.0,True,3.0,False,436,1753858488,0,682.0,1791.0,7054.0,True
indiaspeaks,1mcz7oh,2025-07,n5xqvaj,raziel04,True,4.0,True,4.0,False,320,1753858564,0,2684.3,4.0,3579.0,True
indiaspeaks,1mcz7oh,2025-07,n5xspke,Mysterious-Bath-7182,True,5.0,False,,False,171,1753859605,0,1614.0,1.0,3174.0,True
indiaspeaks,1mcz7oh,2025-07,n5xrka4,BuddhaTheGreat,True,6.0,False,,False,113,1753858956,0,3015.5,26349.0,18322.0,True
indiaspeaks,1mcz7oh,2025-07,n5xt1jv,FreshFold6879,True,7.0,False,,False,83,1753859799,0,752.6,1199.0,4193.0,True
indiaspeaks,1mcz7oh,2025-07,n5xsx5e,Ok-Coyote1311,True,8.0,False,,False,60,1753859728,0,1797.2,187.0,6884.0,True
indiaspeaks,1mcz7oh,2025-07,n5xwxhf,amazinglycool256,True,9.0,False,,False,47,1753862057,0,883.2,76.0,29736.0,True
indiaspeaks,1mcz7oh,2025-07,n5xz4nh,No-Signature3576,True,10.0,False,,False,37,1753863335,0,1215.9,64.0,4588.0,True
indiaspeaks,1mcz7oh,2025-07,n5xofxx,Any_Union_2279,False,,True,1.0,False,24,1753857215,0,769.6,30338.0,10674.0,True
indiaspeaks,1lsh2b9,2025-07,n1jh3xp,dbkuper,True,1.0,True,2.0,False,138,1751753431,0,3082.9,609.0,2772.0,True
indiaspeaks,1lsh2b9,2025-07,n1jhrfb,Faltor21,True,2.0,True,3.0,False,90,1751753663,0,560.7,1028.0,8938.0,True
indiaspeaks,1lsh2b9,2025-07,n1jd85q,Unconventional_Voice,True,3.0,True,1.0,False,35,1751752084,0,778.0,8.0,4001.0,False
indiaspeaks,1lsh2b9,2025-07,n1kqqsz,Different-Impress-34,True,4.0,True,4.0,False,9,1751771235,0,1790.9,279.0,1428.0,True
indiaspeaks,1lsh2b9,2025-07,n1l1b3p,usernametaken_23,True,5.0,False,,False,9,1751776026,0,1856.1,412.0,7046.0,True
indiaspeaks,1lsh2b9,2025-07,n1luaab,Bhosad_wala,True,6.0,False,,False,7,1751792239,0,,,,
indiaspeaks,1lsh2b9,2025-07,n1l332o,Agile_Lemon,True,7.0,False,,False,5,1751776882,0,2225.6,216.0,24354.0,True
indiaspeaks,1lsh2b9,2025-07,n1lai7f,tr_567,True,8.0,False,,False,5,1751780720,0,1701.9,37.0,18119.0,False
indiaspeaks,1lsh2b9,2025-07,n1ktrwh,ok_heremeout,True,9.0,True,5.0,False,2,1751772564,0,386.0,359.0,10610.0,True
indiaspeaks,1lyn2op,2025-07,n2v503o,Mission-Pay3582,True,1.0,True,1.0,False,252,1752393666,0,1131.7,16232.0,105598.0,True
indiaspeaks,1lyn2op,2025-07,n2vs6zz,Major-Preference-880,True,2.0,False,,False,102,1752406762,0,,,,
indiaspeaks,1lyn2op,2025-07,n2v5g9a,IndianGolum,True,3.0,True,2.0,False,90,1752393921,0,372.9,220.0,20672.0,True
indiaspeaks,1lyn2op,2025-07,n2v6ig6,OwnStorm,True,4.0,True,4.0,False,50,1752394539,0,2893.0,33827.0,107465.0,True
indiaspeaks,1lyn2op,2025-07,n2v5uyn,Unconventional_Voice,True,5.0,True,3.0,False,37,1752394156,0,778.0,8.0,4001.0,False
indiaspeaks,1lyn2op,2025-07,n2v9eqw,saransh000,True,6.0,False,,False,32,1752396262,0,899.1,192.0,1735.0,True
indiaspeaks,1lyn2op,2025-07,n2vdkyh,mustang-6918,True,7.0,False,,False,20,1752398729,0,1877.9,1665.0,9058.0,True
indiaspeaks,1lyn2op,2025-07,n2v94ow,Impressive_Ad5805,True,9.0,False,,False,14,1752396099,0,1853.8,3.0,2233.0,True
indiaspeaks,1lyn2op,2025-07,n2vw08c,fairenbalanced,True,8.0,False,,False,15,1752408511,0,,,,
indiaspeaks,1lyn2op,2025-07,n2v8bcw,kewlresist,True,10.0,True,5.0,False,13,1752395611,0,2770.3,11704.0,38023.0,True
indiaspeaks,1mc473g,2025-07,n5r1phq,Hot-Survey-26,True,1.0,True,2.0,False,529,1753771759,0,2080.3,193419.0,15691.0,True
indiaspeaks,1mc473g,2025-07,n5r1ry8,Spiderhero007,True,2.0,True,3.0,False,295,1753771795,0,1844.8,10145.0,10075.0,True
indiaspeaks,1mc473g,2025-07,n5r5l0h,razpor,True,3.0,False,,False,260,1753773919,0,,,,
indiaspeaks,1mc473g,2025-07,n5r32sl,Zealousideal-Bank441,True,4.0,False,,False,159,1753772508,0,572.4,281.0,4568.0,True
indiaspeaks,1mc473g,2025-07,n5r4pcf,tiwarinitin94,True,5.0,False,,False,81,1753773421,0,1498.0,17786.0,3654.0,True
indiaspeaks,1mc473g,2025-07,n5rddeo,Nj1437,True,6.0,False,,False,67,1753778452,0,2638.6,1.0,6828.0,True
indiaspeaks,1mc473g,2025-07,n5r01qo,Madeye98,True,7.0,True,1.0,True,38,1753770833,0,2756.7,10078.0,6125.0,True
indiaspeaks,1mc473g,2025-07,n5r9z2m,Weekly_Edge6098,True,8.0,False,,False,32,1753776455,0,1080.3,170.0,12243.0,False
indiaspeaks,1mc473g,2025-07,n5r5dy3,antrax-kd,True,9.0,False,,False,19,1753773807,0,1342.0,2502.0,7569.0,True
indiaspeaks,1mc473g,2025-07,n5r22pn,Veeran1901,False,,True,4.0,False,12,1753771955,0,1788.9,143.0,116.0,True
indiaspeaks,1mc473g,2025-07,n5r3119,Rare-Translator-3781,True,10.0,True,5.0,False,13,1753772482,0,943.9,168.0,97.0,True
IndiaInvestments,1lsg1ha,2025-07,n1ify73,prateekm2995,True,1.0,True,2.0,False,245,1751740998,0,2435.0,217.0,6173.0,True
IndiaInvestments,1lsg1ha,2025-07,n1iprly,CreativeArtist01,True,2.0,False,,False,118,1751744263,0,2020.1,10.0,404.0,True
IndiaInvestments,1lsg1ha,2025-07,n1ihnot,Additional-Pride-911,True,3.0,True,3.0,False,102,1751741560,0,1181.1,251.0,11587.0,True
IndiaInvestments,1lsg1ha,2025-07,n1ju0a1,MialoKoukoutsi,True,4.0,False,,False,59,1751758118,0,5346.1,1584.0,16642.0,True
IndiaInvestments,1lsg1ha,2025-07,n1il33n,Bustee_Bitch,True,5.0,True,4.0,False,45,1751742687,0,1955.4,6.0,1665.0,True
IndiaInvestments,1lsg1ha,2025-07,n1krtfm,drdrakeramoray29,True,6.0,False,,False,42,1751771701,0,2144.3,6192.0,1569.0,True
IndiaInvestments,1lsg1ha,2025-07,n1j0rdk,Ok_Draft4616,True,7.0,False,,False,34,1751747898,0,1319.8,3.0,6161.0,True
IndiaInvestments,1lsg1ha,2025-07,n1lacnd,pgk946,True,8.0,False,,False,27,1751780637,0,3400.1,1034.0,1580.0,True
IndiaInvestments,1lsg1ha,2025-07,n1mmqwr,Prestigious_Owl_549,True,9.0,False,,False,27,1751806961,0,720.8,1299.0,5948.0,True
IndiaInvestments,1lsg1ha,2025-07,n1ib9ps,nikolatesluh,True,10.0,True,1.0,False,17,1751739469,0,3560.3,5353.0,4804.0,True
IndiaInvestments,1lsg1ha,2025-07,n1il9a2,dizzy12527,False,,True,5.0,False,8,1751742745,0,2747.2,3617.0,12750.0,True
IndiaInvestments,1m810z7,2025-07,n4wcxf2,aefasdfas,True,1.0,True,4.0,False,49,1753364433,0,2667.1,436.0,6989.0,True
IndiaInvestments,1m810z7,2025-07,n4w39bv,lostwisdom20,True,2.0,True,3.0,False,4,1753361298,0,1636.8,939.0,131245.0,True
IndiaInvestments,1m810z7,2025-07,n50jji7,KanonKaBadla,True,3.0,False,,False,3,1753409451,0,653.1,1050.0,20014.0,True
IndiaInvestments,1m810z7,2025-07,n5x7k21,nikhil2493,True,4.0,False,,False,3,1753848740,0,3689.0,1.0,5.0,False
IndiaInvestments,1m810z7,2025-07,n4y6vuh,OkPear8053,True,5.0,True,5.0,False,2,1753382780,0,580.9,720.0,3866.0,False
IndiaInvestments,1m810z7,2025-07,n606ud1,gibtle,True,6.0,False,,False,1,1753893252,0,3235.2,478.0,5233.0,False
IndiaInvestments,1m810z7,2025-07,o6qu4xh,FuzzySuccess7491,True,7.0,False,,False,1,1771751686,0,1848.9,1.0,7.0,True
IndiaInvestments,1m810z7,2025-07,n5h4orn,Civil_Professor3641,True,8.0,False,,False,0,1753640966,0,841.8,6.0,124.0,False
IndiaInvestments,1m810z7,2025-07,n4vwnuo,unmole,True,9.0,True,2.0,False,-8,1753358940,0,4787.9,11542.0,23362.0,True
IndiaInvestments,1m810z7,2025-07,n4vqkon,AdministrativeDog546,True,10.0,True,1.0,False,-23,1753356501,0,1758.7,102.0,3640.0,True
IndiaInvestments,1lzhlzf,2025-07,n31pwjx,naruto7bond,True,1.0,True,3.0,False,74,1752485477,0,2104.7,8965.0,26641.0,True
IndiaInvestments,1lzhlzf,2025-07,n31oj9x,idlysambardip,True,2.0,True,2.0,False,28,1752484676,0,514.9,1.0,8995.0,True
IndiaInvestments,1lzhlzf,2025-07,n31rp29,_FruitPunchSamuraiG_,True,3.0,False,,False,26,1752486507,0,1581.9,56.0,8191.0,True
IndiaInvestments,1lzhlzf,2025-07,n31rn0s,SimhaSwapna,True,4.0,True,5.0,False,18,1752486474,0,785.1,396.0,7791.0,True
IndiaInvestments,1lzhlzf,2025-07,n32oh8n,Significant_Show57,True,5.0,False,,False,12,1752500318,0,523.9,1876.0,22534.0,True
IndiaInvestments,1lzhlzf,2025-07,n31oeq6,alistercabral,True,6.0,True,1.0,False,8,1752484602,0,4289.9,25.0,58.0,True
IndiaInvestments,1lzhlzf,2025-07,n31qcpn,etrast75,True,7.0,True,4.0,False,7,1752485739,0,7143.4,1408.0,22915.0,True
IndiaInvestments,1lzhlzf,2025-07,n329cbs,Jackofalltradeshere,True,9.0,False,,False,3,1752494923,0,1109.5,116.0,129.0,True
IndiaInvestments,1lzhlzf,2025-07,n393ech,ritesh1234,True,10.0,False,,False,3,1752583720,0,3854.4,198.0,2702.0,False
IndiaInvestments,1lzhlzf,2025-07,n31tfms,hotcoolhot,True,8.0,False,,False,4,1752487481,0,5258.5,5029.0,98636.0,True
IndiaInvestments,1m1ae7c,2025-07,n3hdosc,EarthyFlavor,True,1.0,True,1.0,False,30,1752688205,0,3151.6,264.0,9311.0,True
IndiaInvestments,1m1ae7c,2025-07,n3i7qu9,saphiki,True,2.0,True,3.0,False,9,1752696599,0,2732.1,1674.0,8969.0,True
IndiaInvestments,1m1ae7c,2025-07,n3hqepp,DrSurgical_Strike,True,3.0,True,2.0,False,5,1752691710,0,2654.2,5783.0,8528.0,True
IndiaInvestments,1m1ae7c,2025-07,n3n3hhw,Historical_Beach806,True,4.0,True,5.0,False,5,1752764024,0,1788.9,205.0,107.0,True
IndiaInvestments,1m1ae7c,2025-07,n4a8mow,jigsawshadow,True,5.0,False,,False,3,1753070697,0,1630.3,1.0,530.0,True
IndiaInvestments,1m1ae7c,2025-07,n4kj61q,Cool_Doughnut1300,True,6.0,False,,False,3,1753208385,0,321.4,1.0,0.0,True
IndiaInvestments,1m1ae7c,2025-07,n3njw0z,bhoepabhu,True,7.0,False,,False,2,1752768585,0,2845.7,117.0,132.0,False
IndiaInvestments,1m1ae7c,2025-07,n3jx6qi,catmommyoffour,True,8.0,True,4.0,False,1,1752715620,0,331.9,69.0,2399.0,True
IndiaInvestments,1mdvi9h,2025-07,n64o2g2,yetanotherdesionfire,True,1.0,True,1.0,False,63,1753949862,0,1650.4,43.0,2193.0,True
IndiaInvestments,1mdvi9h,2025-07,n64q7wv,shrikanthranganadham,True,2.0,True,2.0,False,27,1753951111,0,2250.4,1.0,80.0,True
IndiaInvestments,1mdvi9h,2025-07,n656nxx,rdndas,True,3.0,False,,False,24,1753959819,0,5774.8,29.0,2088.0,True
IndiaInvestments,1mdvi9h,2025-07,n64sran,24Gameplay_,True,4.0,True,5.0,False,14,1753952551,0,2896.7,5330.0,24118.0,True
IndiaInvestments,1mdvi9h,2025-07,n64uvka,large-cuboid,True,5.0,False,,False,12,1753953772,0,1373.1,1.0,21.0,True
IndiaInvestments,1mdvi9h,2025-07,n65dydv,ImpressiveLet3479,True,6.0,False,,False,10,1753962899,0,1885.6,1734.0,9535.0,True
IndiaInvestments,1mdvi9h,2025-07,n64r09q,jenesaispasquijesuis,True,7.0,True,3.0,False,5,1753951560,0,3468.1,81.0,12281.0,True
IndiaInvestments,1mdvi9h,2025-07,n64rd52,callmerush,True,8.0,True,4.0,False,5,1753951760,0,3272.6,424.0,904.0,True
IndiaInvestments,1mdvi9h,2025-07,n64t5if,violetviolinist,True,9.0,False,,False,4,1753952779,0,4012.9,1051.0,13300.0,True
IndiaInvestments,1mdvi9h,2025-07,n64uh6w,mgforce,True,10.0,False,,False,3,1753953543,0,3041.3,8.0,227.0,True
IndiaInvestments,1mdtuet,2025-07,n64oc8w,ff7100,True,1.0,True,1.0,False,128,1753950019,0,3965.8,1415.0,3512.0,True
IndiaInvestments,1mdtuet,2025-07,n64r82y,DevyBash,True,2.0,True,3.0,False,32,1753951681,0,996.3,139.0,4983.0,False
IndiaInvestments,1mdtuet,2025-07,n64rdsp,GilesDreamer,True,3.0,True,4.0,False,25,1753951769,0,,,,
IndiaInvestments,1mdtuet,2025-07,n64oq3l,lostwisdom20,True,4.0,True,2.0,False,6,1753950241,0,1636.8,939.0,131245.0,True
IndiaInvestments,1mdtuet,2025-07,n651qt1,vineetr,True,5.0,False,,False,3,1753957467,0,7145.9,2116.0,11577.0,True
IndiaInvestments,1mdtuet,2025-07,n66xsjc,East-Combination4412,True,6.0,False,,False,3,1753979902,0,1912.0,375.0,859.0,True
IndiaInvestments,1mdtuet,2025-07,n65952x,Up_n_About,True,7.0,False,,False,2,1753960916,0,1729.5,1.0,20.0,True
IndiaInvestments,1mdtuet,2025-07,n65m9bm,Thick_tongue6867,True,8.0,False,,False,2,1753965915,0,913.8,415.0,10170.0,True
IndiaInvestments,1mdtuet,2025-07,n64vjjk,LordVader1015,True,9.0,True,5.0,False,1,1753954150,0,1989.4,53.0,9311.0,True
IndiaInvestments,1mdtuet,2025-07,n65267v,UNREAL_REALITY221,True,10.0,False,,False,1,1753957681,0,,,,
IndiaInvestments,1m2vksx,2025-07,n3twlq2,tanmay-jain,True,1.0,True,5.0,False,50,1752851754,0,3166.8,6191.0,6960.0,True
IndiaInvestments,1m2vksx,2025-07,n3tqk2b,dj184,True,2.0,True,4.0,False,35,1752850057,0,3359.6,123.0,26721.0,True
IndiaInvestments,1m2vksx,2025-07,n3tmhku,No_Kaleidoscope7022,True,3.0,True,2.0,False,13,1752848903,0,2141.0,2.0,1960.0,True
IndiaInvestments,1m2vksx,2025-07,n403n2h,xsandroidx,True,4.0,False,,False,7,1752935955,0,3330.1,296.0,317.0,True
IndiaInvestments,1m2vksx,2025-07,n3x3udq,AdministrativeDog546,True,5.0,False,,False,6,1752887271,0,1758.7,102.0,3640.0,True
IndiaInvestments,1m2vksx,2025-07,n3tmuwv,Various_Feedback_562,True,6.0,True,3.0,True,4,1752849011,0,1314.9,379.0,4.0,True
IndiaInvestments,1m2vksx,2025-07,n3xu4y1,urbanmonk007,True,7.0,False,,False,4,1752897801,0,1352.9,878.0,5569.0,True
IndiaInvestments,1m2vksx,2025-07,n438jjg,bhanu899,True,8.0,False,,False,3,1752973044,0,3122.0,1427.0,8539.0,True
IndiaInvestments,1m2vksx,2025-07,n4rc0l6,Cool_Doughnut1300,True,9.0,False,,False,3,1753295225,0,321.4,1.0,0.0,True
IndiaInvestments,1m2vksx,2025-07,npfqcag,OddEnd1850,True,10.0,False,,False,2,1763437754,0,202.3,5.0,2.0,True
IndiaInvestments,1m2vksx,2025-07,n3tkl0h,Such-Emu-1455,False,,True,1.0,False,1,1752848355,0,1847.2,959.0,28733.0,True
IndiaInvestments,1mcxi1r,2025-07,n5xc9ed,vineetr,True,1.0,True,1.0,False,87,1753850884,0,7145.9,2116.0,11577.0,True
IndiaInvestments,1mcxi1r,2025-07,n5xihng,Impossible-Fudge-523,True,2.0,False,,False,14,1753854003,0,528.3,207.0,523.0,True
IndiaInvestments,1mcxi1r,2025-07,n5xcc72,vineetr,True,3.0,True,2.0,False,13,1753850922,0,7145.9,2116.0,11577.0,True
IndiaInvestments,1mcxi1r,2025-07,n5xcrcg,vineetr,True,4.0,False,,False,10,1753851120,0,7145.9,2116.0,11577.0,True
IndiaInvestments,1mcxi1r,2025-07,n5xcet1,vineetr,True,5.0,True,3.0,False,9,1753850957,0,7145.9,2116.0,11577.0,True
IndiaInvestments,1mcxi1r,2025-07,n5xcj92,vineetr,True,6.0,True,5.0,False,9,1753851016,0,7145.9,2116.0,11577.0,True
IndiaInvestments,1mcxi1r,2025-07,n5yaszn,Frustratedengineer93,True,7.0,False,,False,7,1753870060,0,1749.7,174.0,3979.0,True
IndiaInvestments,1mcxi1r,2025-07,n5xcgw4,vineetr,True,8.0,True,4.0,False,6,1753850984,0,7145.9,2116.0,11577.0,True
IndiaInvestments,1mcxi1r,2025-07,n5xcl93,vineetr,True,9.0,False,,False,6,1753851041,0,7145.9,2116.0,11577.0,True
IndiaInvestments,1mcxi1r,2025-07,n5xcncz,vineetr,True,10.0,False,,False,4,1753851069,0,7145.9,2116.0,11577.0,True
IndiaInvestments,1m9n8g0,2025-07,n58jz26,creagrox,True,1.0,True,1.0,False,10,1753521379,0,5152.9,4772.0,2814.0,True
IndiaInvestments,1m9n8g0,2025-07,n5an68r,InstantaneousPoint,True,2.0,True,3.0,False,8,1753550382,0,3411.7,1743.0,7752.0,True
IndiaInvestments,1m9n8g0,2025-07,n5a1mb8,gokulmuthiah,True,3.0,True,2.0,False,7,1753543670,0,2208.6,96.0,2794.0,True
IndiaInvestments,1m9n8g0,2025-07,n5tg4qo,Hol06969,True,4.0,True,4.0,False,3,1753806216,0,408.1,12.0,611.0,True
IndiaInvestments,1m9n8g0,2025-07,ngehpkd,EventHorizonbyGA,True,5.0,True,5.0,False,2,1758933379,0,515.3,64.0,24090.0,True
IndiaInvestments,1m9n8g0,2025-07,nl2plc9,xenoxidal1337,True,6.0,False,,False,1,1761275929,0,1651.7,15.0,2643.0,True
IndiaInvestments,1lyuq7a,2025-07,n2wp4s8,3ngin3,True,1.0,True,1.0,False,22,1752418898,0,4203.0,11806.0,12039.0,True
IndiaInvestments,1lyuq7a,2025-07,n2ww6gn,bringmeback0,True,2.0,False,,False,15,1752421022,0,2433.5,1117.0,22035.0,True
IndiaInvestments,1lyuq7a,2025-07,n2wsimd,volatile_lab,True,3.0,False,,False,10,1752419910,0,1069.8,978.0,1487.0,True
IndiaInvestments,1lyuq7a,2025-07,n2wp5q4,National-Concern-273,True,4.0,True,2.0,False,8,1752418906,0,433.8,93.0,2358.0,True
IndiaInvestments,1lyuq7a,2025-07,n2wr8ey,mr6reese6,True,5.0,False,,False,6,1752419530,0,2128.9,207.0,2416.0,True
IndiaInvestments,1lyuq7a,2025-07,n2wqr8v,bod__beag,True,7.0,True,5.0,False,5,1752419387,0,2141.9,4579.0,17396.0,True
IndiaInvestments,1lyuq7a,2025-07,n2wuly9,strider_bot,True,6.0,False,,False,6,1752420541,0,1593.1,866.0,9753.0,True
IndiaInvestments,1lyuq7a,2025-07,n2wqabk,eddit21,True,8.0,True,4.0,False,5,1752419245,0,4236.2,250.0,961.0,True
IndiaInvestments,1lyuq7a,2025-07,n2wzziv,shadow29warrior,True,9.0,False,,False,3,1752422165,0,2225.6,4238.0,73838.0,True
IndiaInvestments,1lyuq7a,2025-07,n2x4jeg,social_sparrow,True,10.0,False,,False,3,1752423541,0,676.5,1.0,0.0,True
IndiaInvestments,1lyuq7a,2025-07,n2wq7sc,stutster,False,,True,3.0,False,2,1752419225,0,1929.0,16.0,529.0,True
AskIndia,1lpef19,2025-07,n0u4jzv,SelectMembership5796,True,1.0,True,1.0,False,389,1751406649,0,,,,
AskIndia,1lpef19,2025-07,n0u76rb,Major-Warthog8067,True,2.0,True,4.0,False,219,1751407461,0,746.6,11.0,6870.0,True
AskIndia,1lpef19,2025-07,n0u5ix1,greg_tomlette,True,3.0,True,2.0,False,101,1751406944,0,1044.7,15.0,14219.0,True
AskIndia,1lpef19,2025-07,n0v7m44,Reasonable-Crab5050,True,4.0,False,,False,70,1751419890,0,,,,
AskIndia,1lpef19,2025-07,n0u6w9x,Celestial_Analyst,True,5.0,True,3.0,False,54,1751407369,0,543.2,286.0,1578.0,True
AskIndia,1lpef19,2025-07,n0v99y4,RelevantArmadillo222,True,6.0,False,,False,25,1751420476,0,1870.6,56.0,7632.0,True
AskIndia,1lpef19,2025-07,n0vlgnm,Simba_PuzzleHead,True,7.0,False,,False,23,1751424764,0,1451.1,34.0,206.0,True
AskIndia,1lpef19,2025-07,n0ueddf,productivelylazy2011,True,9.0,True,5.0,False,21,1751409787,0,980.3,260.0,40986.0,True
AskIndia,1lpef19,2025-07,n0vc14e,Muted-Log-3936,True,8.0,False,,False,22,1751421425,0,1501.1,1.0,1580.0,False
AskIndia,1lpef19,2025-07,n0vj03r,slackover,True,10.0,False,,False,15,1751423867,0,1388.0,904.0,40890.0,True
AskIndia,1md0v9f,2025-07,n5y3z0l,voltrix_04,True,1.0,True,2.0,False,136,1753866172,0,1465.1,924.0,14223.0,True
AskIndia,1md0v9f,2025-07,n5y884x,Mysterious_Award_822,True,2.0,False,,False,99,1753868649,0,,,,
AskIndia,1md0v9f,2025-07,n5y6461,RadlogLutar,True,3.0,True,5.0,False,92,1753867427,0,2620.0,44398.0,304275.0,True
AskIndia,1md0v9f,2025-07,n5y6ke4,Cantefffingsleep,True,4.0,False,,False,42,1753867689,0,867.1,209.0,7821.0,True
AskIndia,1md0v9f,2025-07,n5xz59m,AskIndia-ModTeam,True,5.0,True,1.0,False,40,1753863344,0,1184.8,1.0,215.0,False
AskIndia,1md0v9f,2025-07,n5y8dzg,Imaginary-Law7561,True,7.0,False,,False,24,1753868741,0,1873.9,6121.0,2855.0,True
AskIndia,1md0v9f,2025-07,n5y4beu,moodyaf98,True,6.0,True,3.0,False,25,1753866374,0,2387.8,665.0,4359.0,True
AskIndia,1md0v9f,2025-07,n5y5p41,luciddreamingagain,True,8.0,True,4.0,False,14,1753867181,0,396.0,1.0,927.0,True
AskIndia,1md0v9f,2025-07,n5yaavt,DamnitOMG,True,9.0,False,,False,13,1753869791,0,,,,
AskIndia,1md0v9f,2025-07,n5ybdt2,Sea_Guard_8176,True,10.0,False,,False,11,1753870371,0,696.0,355.0,421.0,True
AskIndia,1lyaj5f,2025-07,n2sgml5,medusas_girlfriend90,True,1.0,True,3.0,False,193,1752353937,0,1478.4,1708.0,36785.0,True
AskIndia,1lyaj5f,2025-07,n2tmxnh,Constant_Artist312,True,2.0,False,,False,125,1752368835,0,2010.9,12.0,177.0,True
AskIndia,1lyaj5f,2025-07,n2sghxy,littmann_and_latte,True,3.0,True,2.0,False,66,1752353896,0,824.5,34.0,1667.0,True
AskIndia,1lyaj5f,2025-07,n2twhiz,AggravatingVictory32,True,4.0,False,,False,25,1752372423,0,1461.7,1.0,21.0,True
AskIndia,1lyaj5f,2025-07,n2u0lte,ProgrammerOk2488,True,5.0,False,,False,15,1752374024,0,,,,
AskIndia,1lyaj5f,2025-07,n2sk7m8,Sk5817,True,6.0,True,4.0,False,12,1752355119,0,1361.3,213.0,1352.0,False
AskIndia,1lyaj5f,2025-07,n2um1ia,stoikiy-muzhik,True,7.0,False,,False,8,1752383317,0,,,,
AskIndia,1lyaj5f,2025-07,n2tzxk2,Rare-Progress-4939,True,8.0,False,,False,7,1752373764,0,481.3,239.0,12208.0,True
AskIndia,1lyaj5f,2025-07,n2wdejz,stifler0005,True,9.0,False,,False,6,1752415196,0,888.0,1.0,60.0,True
AskIndia,1lyaj5f,2025-07,n2smsl5,filkirt,True,10.0,True,5.0,False,4,1752355983,0,869.7,64.0,5062.0,True
AskIndia,1lyaj5f,2025-07,n2sf3zr,Kidambs-275,False,,True,1.0,False,2,1752353452,0,1397.1,3302.0,3094.0,True
AskIndia,1m45g1h,2025-07,n41ypjx,Ok_Entertainment5970,True,1.0,True,1.0,False,228,1752957068,0,1850.0,99.0,377.0,True
AskIndia,1m45g1h,2025-07,n42tn6i,Desi_Hitman,True,2.0,True,2.0,False,56,1752967558,0,338.1,18249.0,22067.0,True
AskIndia,1m45g1h,2025-07,n444qv6,Tess_James,True,3.0,True,4.0,False,38,1752986160,0,2893.0,1177.0,114817.0,True
AskIndia,1m45g1h,2025-07,n44b1ae,Visual-Wealth8291,True,4.0,False,,False,25,1752989181,0,878.3,224.0,4368.0,True
AskIndia,1m45g1h,2025-07,n43sy4t,BlowwFishh,True,5.0,True,3.0,False,22,1752981011,0,1143.8,5575.0,8606.0,True
AskIndia,1m45g1h,2025-07,n447h92,jeff22249,True,6.0,True,5.0,False,17,1752987437,0,2309.0,1.0,2768.0,True
AskIndia,1m45g1h,2025-07,n44uyop,ryizer,True,9.0,False,,False,13,1753000065,0,1578.9,231.0,19372.0,True
AskIndia,1m45g1h,2025-07,n45mi3o,puddi_tat,True,7.0,False,,False,14,1753014725,0,6654.1,26736.0,6782.0,True
AskIndia,1m45g1h,2025-07,n44qhnx,Secret_Mud_2401,True,8.0,False,,False,14,1752997512,0,2152.9,1446.0,2852.0,True
AskIndia,1m45g1h,2025-07,n450o2i,Opposite-Eye380,True,10.0,False,,False,13,1753003462,0,381.0,4498.0,10680.0,True
AskIndia,1m35pal,2025-07,n3u8ow3,TribalSoul899,True,1.0,True,5.0,False,61,1752855151,0,883.8,76565.0,207168.0,True
AskIndia,1m35pal,2025-07,n3u46tm,WastedTalents1,True,2.0,True,2.0,False,44,1752853871,0,342.5,42873.0,18591.0,True
AskIndia,1m35pal,2025-07,n3v1mrk,khzombiee,True,3.0,False,,False,21,1752863338,0,559.1,1.0,154.0,True
AskIndia,1m35pal,2025-07,n3u6cbh,Brilliant_Emu_8580,True,4.0,True,4.0,False,16,1752854479,0,,,,
AskIndia,1m35pal,2025-07,n3u41f9,Outside_Bowler8148,True,5.0,True,1.0,False,12,1752853828,0,2032.8,143.0,18547.0,True
AskIndia,1m35pal,2025-07,n3ue8du,curiousgal0007,True,7.0,False,,False,8,1752856748,0,346.9,78.0,1172.0,True
AskIndia,1m35pal,2025-07,n3ut5bf,radeparker2422,True,8.0,False,,False,8,1752860883,0,2115.2,512.0,3226.0,True
AskIndia,1m35pal,2025-07,n3u5vsh,Sure-Environment9072,True,9.0,True,3.0,False,8,1752854348,0,,,,
AskIndia,1m35pal,2025-07,n3ub9eb,PawPawNeWaarKarwaDee,True,6.0,False,,False,9,1752855886,0,393.6,443.0,6095.0,True
AskIndia,1lowa9v,2025-07,n0q4d3k,Limp-Sun-3938,True,1.0,True,1.0,False,1325,1751358434,0,,,,
AskIndia,1lowa9v,2025-07,n0q4g7o,abhijeet80,True,2.0,True,2.0,False,246,1751358488,0,5695.5,7841.0,6690.0,True
AskIndia,1lowa9v,2025-07,n0q6nv8,fantabulous47,True,3.0,True,5.0,False,78,1751359845,0,704.1,281.0,1681.0,True
AskIndia,1lowa9v,2025-07,n0qa89u,Comfortable-Walk4427,True,4.0,False,,False,67,1751361999,0,2009.3,12369.0,5647.0,True
AskIndia,1lowa9v,2025-07,n0q5h8p,Visual-Plenty-9058,True,6.0,True,4.0,False,46,1751359123,0,680.2,995.0,4149.0,False
AskIndia,1lowa9v,2025-07,n0qgulu,R3tard69420,True,5.0,False,,False,48,1751365725,0,2064.8,45.0,36417.0,True
AskIndia,1lowa9v,2025-07,n0q8x8u,Illustrious_Shine216,True,7.0,False,,False,41,1751361213,0,1560.8,1187.0,2588.0,True
AskIndia,1lowa9v,2025-07,n0qg09j,dimebagftw,True,8.0,False,,False,40,1751365272,0,3144.1,556.0,4395.0,True
AskIndia,1lowa9v,2025-07,n0qajoh,No-Active3086,True,9.0,False,,False,28,1751362188,0,2079.1,14637.0,23532.0,True
AskIndia,1lowa9v,2025-07,n0q73dn,notMy_ReelName,True,10.0,False,,False,22,1751360104,0,1178.1,393.0,148015.0,True
AskIndia,1lowa9v,2025-07,n0q58bh,Mundane-Original-335,False,,True,3.0,False,10,1751358970,0,1446.9,377.0,19052.0,True
AskIndia,1lp9oia,2025-07,n0tce3w,Curious_Variety777,True,1.0,True,3.0,False,848,1751398476,0,630.3,1.0,1630.0,False
AskIndia,1lp9oia,2025-07,n0u347m,Late-Warning7849,True,2.0,True,5.0,False,412,1751406214,0,1813.6,82.0,10809.0,True
AskIndia,1lp9oia,2025-07,n0tfhdk,brown_gentleman,True,3.0,True,4.0,False,182,1751399383,0,,,,
AskIndia,1lp9oia,2025-07,n0t9xj5,KezhaKudi,True,4.0,True,2.0,False,119,1751397764,0,444.3,220.0,2824.0,True
AskIndia,1lp9oia,2025-07,n0wq4tg,Puzzleheaded_Mail_12,True,5.0,False,,False,107,1751444802,0,1923.1,96.0,4727.0,True
AskIndia,1lp9oia,2025-07,n0vgxlj,VolatilePiper,True,6.0,False,,False,78,1751423125,0,3079.7,150.0,1938.0,True
AskIndia,1lp9oia,2025-07,n0t2xlc,FickleRelease3092,True,7.0,True,1.0,False,72,1751395761,0,631.9,52.0,1264.0,False
AskIndia,1lp9oia,2025-07,n0vz6bw,oneinmanybillion,True,8.0,False,,False,65,1751430361,0,1472.1,5619.0,107566.0,True
AskIndia,1lp9oia,2025-07,n0wpt42,Downtown-Ebb-5700,True,9.0,False,,False,53,1751444606,0,1629.7,9276.0,2233.0,True
AskIndia,1lp9oia,2025-07,n0vooy4,your-Fun-Pass,True,10.0,False,,False,41,1751426003,0,409.8,1006.0,14627.0,True
AskIndia,1lrg3yb,2025-07,n1agfi7,Late-Warning7849,True,1.0,False,,False,538,1751628918,0,1813.6,82.0,10809.0,True
AskIndia,1lrg3yb,2025-07,n1ada8j,Vegji,True,2.0,True,1.0,False,373,1751627472,0,2326.6,7358.0,9359.0,True
AskIndia,1lrg3yb,2025-07,n1ae71o,Ok-Cauliflower-9676,True,3.0,True,2.0,False,156,1751627894,0,1355.1,1152.0,292.0,True
AskIndia,1lrg3yb,2025-07,n1ard0x,ProfessionalOk9416,True,4.0,False,,False,47,1751633395,0,2042.0,154.0,2478.0,True
AskIndia,1lrg3yb,2025-07,n1ae7bb,Technical-Tough-1699,True,5.0,True,3.0,False,40,1751627898,0,795.3,230.0,1333.0,True
AskIndia,1lrg3yb,2025-07,n1ai2i0,1-2-3-kid,True,6.0,False,,False,31,1751629639,0,1602.3,69.0,6105.0,True
AskIndia,1lrg3yb,2025-07,n1aebao,Galloping_Scallop,True,7.0,True,4.0,False,17,1751627949,0,1795.4,255.0,84001.0,True
AskIndia,1lrg3yb,2025-07,n1aekke,Moist-Law8438,True,8.0,True,5.0,False,17,1751628069,0,339.6,54.0,49.0,True
AskIndia,1lrg3yb,2025-07,n1ajoz7,Worried_Respect_9609,True,9.0,False,,False,17,1751630340,0,894.1,687.0,23321.0,False
AskIndia,1lrg3yb,2025-07,n1afykw,Proper-Yard-5241,True,10.0,False,,False,16,1751628705,0,833.0,27.0,23218.0,True
AskIndia,1ltpxth,2025-07,n1s8twc,engineer_skumar,True,1.0,True,3.0,False,43,1751883882,0,1949.8,39.0,1899.0,True
AskIndia,1ltpxth,2025-07,n1s5jxm,FluffySavings7611,True,3.0,True,1.0,False,21,1751882049,0,382.3,15.0,336.0,True
AskIndia,1ltpxth,2025-07,n1sh68f,persistentcomic,True,2.0,True,5.0,True,22,1751888007,0,2496.0,348.0,247.0,True
AskIndia,1ltpxth,2025-07,n1s5po6,Perfect_Roof_7058,True,4.0,True,2.0,False,16,1751882137,0,1913.4,2874.0,2424.0,True
AskIndia,1ltpxth,2025-07,n1sy8zy,EstablishmentAny6339,True,5.0,False,,False,11,1751894723,0,1008.7,5827.0,23548.0,True
AskIndia,1ltpxth,2025-07,n1tzd2j,alittledo_007,True,6.0,False,,False,7,1751905917,0,799.7,1.0,169.0,False
AskIndia,1ltpxth,2025-07,n1sfk4y,Fresh-Dragonfruit-37,True,7.0,True,4.0,False,3,1751887260,0,1703.4,283.0,14258.0,True
AskIndia,1ltpxth,2025-07,n1sknsh,Mad-Curosity,True,8.0,False,,False,3,1751889541,0,509.0,127.0,2732.0,True
AskIndia,1ltpxth,2025-07,n1slb8x,Ok-Chemical8702,True,9.0,False,,False,3,1751889817,0,347.3,81.0,298.0,True
AskIndia,1m0tqon,2025-07,n3c24vh,unrealharsh,True,1.0,True,2.0,False,314,1752614133,0,2027.1,452.0,6261.0,True
AskIndia,1m0tqon,2025-07,n3cykpw,sim_bha_88,True,2.0,True,5.0,False,172,1752624644,0,2607.5,2163.0,1184.0,True
AskIndia,1m0tqon,2025-07,n3cz4if,93ph6h,True,3.0,False,,False,162,1752624833,0,1529.2,10355.0,24275.0,False
AskIndia,1m0tqon,2025-07,n3c2xg6,RegularFun4462,True,4.0,True,3.0,False,59,1752614366,0,1996.4,764.0,5498.0,True
AskIndia,1m0tqon,2025-07,n3c3n3e,Ms_sharma2712,True,5.0,True,4.0,False,32,1752614576,0,819.2,21521.0,26699.0,True
AskIndia,1m0tqon,2025-07,n3c0pi4,Tryzmo,True,6.0,True,1.0,False,22,1752613718,0,1314.2,3350.0,50831.0,True
AskIndia,1m0tqon,2025-07,n3du5zw,FitAgency8925,True,7.0,False,,False,14,1752635954,0,436.0,2.0,3463.0,True
AskIndia,1m0tqon,2025-07,n3djllm,FearlessNinja007,True,8.0,False,,False,9,1752631997,0,1410.5,80.0,20269.0,True
AskIndia,1m0tqon,2025-07,n3dpty2,Secure-Way1919,True,10.0,False,,False,7,1752634286,0,555.9,34.0,1540.0,True
AskIndia,1m0tqon,2025-07,n3e34fw,ryedyecry,True,9.0,False,,False,8,1752639607,0,3140.5,608.0,837.0,True
ipl,1mat6jv,2025-07,n5h37i2,sanattttttt,True,1.0,True,4.0,False,254,1753640526,0,,,,
ipl,1mat6jv,2025-07,n5h25v6,jinxit7,True,2.0,True,2.0,False,55,1753640215,0,399.8,565.0,2230.0,True
ipl,1mat6jv,2025-07,n5h4xp4,Cheesecakesandcuties,True,3.0,False,,False,49,1753641040,0,922.9,210.0,6651.0,False
ipl,1mat6jv,2025-07,n5h13t8,thandepapa7,True,4.0,True,1.0,False,24,1753639900,0,,,,
ipl,1mat6jv,2025-07,n5h3p1v,little_cuck6,True,5.0,True,5.0,False,21,1753640672,0,,,,
ipl,1mat6jv,2025-07,n5h2r4e,Different_Benefit268,True,6.0,True,3.0,False,8,1753640390,0,,,,
ipl,1mat6jv,2025-07,n5h7atj,RefuseStriking9406,True,7.0,False,,False,6,1753641753,0,1102.3,1.0,25057.0,True
ipl,1mat6jv,2025-07,n5jnpas,Acceptable-Set-8327,True,8.0,False,,False,4,1753671858,0,1062.5,2892.0,13011.0,True
ipl,1mat6jv,2025-07,n5k1kjf,RadioAny2578,True,9.0,False,,False,2,1753678024,0,1706.0,413.0,1305.0,True
ipl,1mat6jv,2025-07,n5kb9nx,amishs389,True,10.0,False,,False,2,1753683065,0,2430.8,2211.0,1340.0,True
ipl,1marfn8,2025-07,n5go6hn,OperationEquivalent3,True,1.0,True,3.0,False,499,1753636160,0,2016.2,1515.0,6149.0,True
ipl,1marfn8,2025-07,n5gnrw6,Inevitable-Dig3420,True,2.0,True,2.0,False,364,1753636043,0,1151.7,880.0,17227.0,True
ipl,1marfn8,2025-07,n5grj0z,Metal-Banana-72,True,3.0,False,,False,314,1753637130,0,1430.8,23822.0,47359.0,True
ipl,1marfn8,2025-07,n5gq2e5,Moongfali4president,True,4.0,False,,False,293,1753636704,0,582.1,79379.0,139846.0,True
ipl,1marfn8,2025-07,n5gorjk,apurvag2799,True,5.0,True,5.0,False,203,1753636328,0,2020.8,1146.0,21185.0,True
ipl,1marfn8,2025-07,n5gs00y,Gullible-Poet4382,True,6.0,False,,False,118,1753637266,0,2152.4,536.0,40385.0,True
ipl,1marfn8,2025-07,n5gnixi,pawan1612314,True,7.0,True,1.0,False,73,1753635970,0,1065.8,1768.0,3870.0,True
ipl,1marfn8,2025-07,n5gof2b,MrCoolBoy001,True,8.0,True,4.0,False,67,1753636230,0,1643.2,79336.0,124832.0,True
ipl,1marfn8,2025-07,n5gy65y,FusioN0301,True,9.0,False,,False,58,1753639033,0,,,,
ipl,1marfn8,2025-07,n5gu4x3,hinterstoisser,True,10.0,False,,False,58,1753637878,0,3079.8,2149.0,103875.0,True
ipl,1lwz1dj,2025-07,n2i5r2u,Livid-Needleworker25,True,1.0,False,,False,543,1752214630,0,1673.6,2339.0,12903.0,True
ipl,1lwz1dj,2025-07,n2i5ldk,XH3LLSinGX,True,2.0,True,5.0,False,497,1752214548,0,2950.1,2981.0,47936.0,True
ipl,1lwz1dj,2025-07,n2i3vm6,CombinationDry1861,True,3.0,True,1.0,False,346,1752213659,0,552.6,105.0,1079.0,True
ipl,1lwz1dj,2025-07,n2i455n,sadsoul0777,True,4.0,True,3.0,False,128,1752213795,0,,,,
ipl,1lwz1dj,2025-07,n2i63p4,Last-Wave-9844,True,5.0,False,,False,118,1752214814,0,,,,
ipl,1lwz1dj,2025-07,n2i8qa6,Shawon770,True,6.0,False,,False,64,1752216208,0,2089.7,424265.0,158367.0,True
ipl,1lwz1dj,2025-07,n2i4hfv,San_07,True,7.0,True,4.0,False,57,1752213971,0,1923.2,42.0,3832.0,True
ipl,1lwz1dj,2025-07,n2ih0uc,Sairam3010,True,9.0,False,,False,49,1752220811,0,801.1,2021.0,916.0,True
ipl,1lwz1dj,2025-07,n2i5qn7,Mannu1727,True,8.0,False,,False,50,1752214623,0,690.1,3362.0,11859.0,True
ipl,1lwz1dj,2025-07,n2ii19l,Moist_Pay_7816,True,10.0,False,,False,22,1752221387,0,1082.2,574.0,8697.0,False
ipl,1lwz1dj,2025-07,n2i438l,Intelligent-Chef-997,False,,True,2.0,False,20,1752213768,0,2003.0,44.0,83.0,True
ipl,1lpmhfs,2025-07,n0w11d4,ronnieratedr,True,1.0,True,2.0,False,664,1751431221,0,2806.9,3234.0,19882.0,True
ipl,1lpmhfs,2025-07,n0w4ya1,Livid-Needleworker25,True,2.0,True,5.0,False,202,1751433084,0,1673.6,2339.0,12903.0,True
ipl,1lpmhfs,2025-07,n0w04j2,QueasyAdvertising173,True,3.0,True,1.0,False,185,1751430794,0,1555.1,6446.0,192838.0,True
ipl,1lpmhfs,2025-07,n0wc9s1,babubahadur,True,4.0,False,,False,49,1751436850,0,758.3,4459.0,6702.0,True
ipl,1lpmhfs,2025-07,n0w2gbd,hello_akki,True,5.0,True,3.0,False,37,1751431880,0,2206.0,250.0,2079.0,True
ipl,1lpmhfs,2025-07,n0w4ve6,No-Tea6903,True,6.0,True,4.0,False,34,1751433044,0,435.9,1.0,650.0,False
ipl,1lpmhfs,2025-07,n0w80vb,Last-Wave-9844,True,7.0,False,,False,24,1751434621,0,,,,
ipl,1lpmhfs,2025-07,n0whbpd,Senior-Carpenter6509,True,8.0,False,,False,21,1751439634,0,,,,
ipl,1lpmhfs,2025-07,n0w72ep,Shubham80,True,9.0,False,,False,17,1751434136,0,4900.1,577.0,2375.0,True
ipl,1lpmhfs,2025-07,n0w59an,fuckingUlosername,True,10.0,False,,False,16,1751433236,0,,,,
ipl,1mba105,2025-07,n5ko8rx,akashsal2704,True,1.0,True,5.0,False,387,1753690422,0,1067.0,70381.0,83584.0,True
ipl,1mba105,2025-07,n5kn9b8,minimalist_mee,True,2.0,True,4.0,False,319,1753689839,0,369.8,71200.0,32675.0,True
ipl,1mba105,2025-07,n5kmj6b,NoMoreResearch,True,3.0,True,1.0,False,290,1753689416,0,3870.1,368.0,14303.0,True
ipl,1mba105,2025-07,n5kn6p1,Old_Reindeer6219,True,4.0,True,3.0,False,43,1753689796,0,,,,
ipl,1mba105,2025-07,n5koy1j,Sayabz22,True,6.0,False,,False,18,1753690837,0,2032.0,185.0,10716.0,True
ipl,1mba105,2025-07,n5koxts,Baajjii,True,5.0,False,,False,19,1753690833,0,1706.4,20822.0,10348.0,True
ipl,1mba105,2025-07,n5kmto7,secretbotlol,True,7.0,True,2.0,False,15,1753689582,0,341.4,329.0,2001.0,True
ipl,1mba105,2025-07,n5mj6r9,Livid-Needleworker25,True,8.0,False,,False,12,1753717167,0,1673.6,2339.0,12903.0,True
ipl,1mba105,2025-07,n5kq32g,Ok-Director-5334,True,9.0,False,,False,9,1753691512,0,2074.4,27.0,290.0,True
ipl,1mba105,2025-07,n5kr4cp,narkaputra,True,10.0,False,,False,6,1753692129,0,3111.2,1381.0,11993.0,True
ipl,1ly6wal,2025-07,n2rmn9e,Flat-Gas-3764,True,1.0,False,,False,523,1752344321,0,,,,
ipl,1ly6wal,2025-07,n2rncea,Cagnus_Malsun_851,True,2.0,False,,False,355,1752344540,0,413.0,10.0,5142.0,True
ipl,1ly6wal,2025-07,n2rkrfr,secretbotlol,True,3.0,True,2.0,False,128,1752343727,0,341.4,329.0,2001.0,True
ipl,1ly6wal,2025-07,n2rm41b,Flat-Gas-3764,True,4.0,True,5.0,False,91,1752344150,0,,,,
ipl,1ly6wal,2025-07,n2rkp33,Sea-Equivalent6249,True,5.0,True,1.0,False,45,1752343707,0,379.3,1015.0,246.0,True
ipl,1ly6wal,2025-07,n2rlcyk,QueasyAdvertising173,True,6.0,True,3.0,False,33,1752343913,0,1555.1,6446.0,192838.0,True
ipl,1ly6wal,2025-07,n2rmc29,clearall5,True,7.0,False,,False,23,1752344221,0,440.0,1.0,327.0,True
ipl,1ly6wal,2025-07,n2u40er,sundaytohruday,True,8.0,False,,False,20,1752375376,0,2479.1,1943.0,140.0,True
ipl,1ly6wal,2025-07,n2tak2i,Head-Plate-1635,True,9.0,False,,False,17,1752364224,0,1992.0,1.0,906.0,True
ipl,1ly6wal,2025-07,n2rns1u,Sg_day_dreamer,True,10.0,False,,False,14,1752344680,0,785.0,3090.0,2715.0,True
ipl,1ly6wal,2025-07,n2rm2et,Apart-Big-6120,False,,True,4.0,False,7,1752344136,0,1713.8,15711.0,50965.0,True
ipl,1ltnorf,2025-07,n1rqarg,Moongfali4president,True,1.0,True,2.0,False,325,1751872901,0,582.1,79379.0,139846.0,True
ipl,1ltnorf,2025-07,n1rr7xw,Hustler_might,True,2.0,True,3.0,False,161,1751873452,0,,,,
ipl,1ltnorf,2025-07,n1rq28x,crt7981,True,3.0,True,1.0,False,55,1751872759,0,2888.6,1725.0,14197.0,True
ipl,1ltnorf,2025-07,n1rv8wp,Assassin_Ankur,True,4.0,True,4.0,False,15,1751875856,0,2104.1,12168.0,307285.0,True
ipl,1ltnorf,2025-07,n1s08pi,-OrekiHoutarou,True,5.0,False,,False,13,1751878879,0,1233.1,4528.0,63699.0,True
ipl,1ltnorf,2025-07,n1s0ame,nuclear_bone,True,6.0,False,,False,10,1751878911,0,800.1,1.0,25726.0,False
ipl,1ltnorf,2025-07,n1svasm,Active_Method1213,True,7.0,False,,False,5,1751893692,0,360.0,6435.0,3766.0,True
ipl,1ltnorf,2025-07,n1uitfs,hakunamatatakarlo,True,8.0,False,,False,5,1751911614,0,,,,
ipl,1ltnorf,2025-07,n1upsvo,Narrow_Chance7639,True,9.0,False,,False,5,1751913851,0,727.7,943.0,289.0,True
ipl,1ltnorf,2025-07,n2c3reb,FifthStump1244,True,10.0,False,,False,1,1752141079,0,,,,
ipl,1ltnorf,2025-07,n1rw9zx,GutsyBatsy,False,,True,5.0,False,-42,1751876480,0,380.0,1.0,120.0,False
ipl,1m9r9iv,2025-07,n5918no,ZENNER51,True,1.0,True,2.0,False,379,1753530624,0,,,,
ipl,1m9r9iv,2025-07,n59absj,Remote_Challenge6132,True,2.0,False,,False,78,1753534361,0,1045.8,681.0,265.0,True
ipl,1m9r9iv,2025-07,n594rln,TR23x,True,3.0,True,5.0,False,63,1753532123,0,1786.5,3470.0,25047.0,True
ipl,1m9r9iv,2025-07,n599fnx,Knight-check44,True,4.0,False,,False,28,1753534019,0,445.7,49862.0,42207.0,True
ipl,1m9r9iv,2025-07,n59879g,yeahthatweirdo,True,5.0,False,,False,20,1753533533,0,1981.2,1858.0,61504.0,True
ipl,1m9r9iv,2025-07,n599m36,Mr_Username885,True,6.0,False,,False,12,1753534088,0,567.5,1.0,50.0,True
ipl,1m9r9iv,2025-07,n591o6z,ndel27,True,9.0,True,4.0,False,5,1753530810,0,318.1,1.0,1367.0,True
ipl,1m9r9iv,2025-07,n59aa4x,ProposalWorried6083,True,7.0,False,,False,6,1753534344,0,836.9,7503.0,4526.0,True
ipl,1m9r9iv,2025-07,n597z6h,Iliketoeatsweets,True,10.0,False,,False,5,1753533442,0,1139.0,1.0,7590.0,True
ipl,1m9r9iv,2025-07,n5910t3,Zestyclose_Skirt7930,True,8.0,True,1.0,False,6,1753530528,0,1720.3,133814.0,5195.0,True
ipl,1m9r9iv,2025-07,n591hov,QueasyAdvertising173,False,,True,3.0,False,1,1753530733,0,1555.1,6446.0,192838.0,True
ipl,1lt68u0,2025-07,n1nxsvj,soyasamosa,True,1.0,True,3.0,False,309,1751822070,0,1372.9,145738.0,7071.0,True
ipl,1lt68u0,2025-07,n1nwcb6,RefuseStriking9406,True,2.0,True,1.0,False,125,1751821631,0,1102.3,1.0,25057.0,True
ipl,1lt68u0,2025-07,n1nxpdt,minimalist_mee,True,3.0,True,2.0,False,84,1751822041,0,369.8,71200.0,32675.0,True
ipl,1lt68u0,2025-07,n1o0xs8,Individual-Good8837,True,4.0,True,4.0,False,43,1751823009,0,1234.1,2603.0,24335.0,True
ipl,1lt68u0,2025-07,n1o3l45,Capable-Magician-418,True,5.0,False,,False,37,1751823807,0,,,,
ipl,1lt68u0,2025-07,n1o111d,Hornbill9,True,6.0,True,5.0,False,25,1751823036,0,635.1,359.0,2237.0,True
ipl,1lt68u0,2025-07,n1o4mj5,Peter_scully69,True,7.0,False,,False,18,1751824119,0,,,,
ipl,1lt68u0,2025-07,n1o3mli,hakunamatatakarlo,True,8.0,False,,False,16,1751823819,0,,,,
ipl,1lt68u0,2025-07,n1o20xj,NeerajPepsu223,True,9.0,False,,False,7,1751823337,0,,,,
ipl,1lt68u0,2025-07,n1o42ll,rdt_Omkar,True,10.0,False,,False,7,1751823952,0,492.9,4.0,3455.0,True
ipl,1lrmwaj,2025-07,n1byx7v,algoxxx,True,1.0,False,,False,317,1751647263,0,2106.5,27100.0,9076.0,True
ipl,1lrmwaj,2025-07,n1bwncp,ragerunner_77,True,2.0,True,1.0,False,268,1751646560,0,1298.0,1.0,9163.0,True
ipl,1lrmwaj,2025-07,n1bwnmx,Mean-Cucumber5051,True,3.0,True,2.0,False,179,1751646562,0,,,,
ipl,1lrmwaj,2025-07,n1c0tyy,Inside_One_9147,True,4.0,False,,False,104,1751647846,0,878.8,240282.0,4686.0,True
ipl,1lrmwaj,2025-07,n1bxsqa,CoolestDude_69,True,5.0,True,4.0,False,69,1751646916,0,785.5,1992.0,14326.0,True
ipl,1lrmwaj,2025-07,n1bwz33,wewake_235,True,6.0,True,3.0,False,49,1751646662,0,1858.9,75.0,127951.0,True
ipl,1lrmwaj,2025-07,n1byk31,DimensionPractical76,True,7.0,True,5.0,False,34,1751647152,0,,,,
ipl,1lrmwaj,2025-07,n1c9st5,Keep0nBuckin,True,8.0,False,,False,16,1751650530,0,1195.8,177.0,146561.0,True
ipl,1lrmwaj,2025-07,n1c645g,Wonderful-Sir-1834,True,9.0,False,,False,11,1751649423,0,1624.6,1685.0,14248.0,True
ipl,1lrmwaj,2025-07,n1cr5mf,Livid-Needleworker25,True,10.0,False,,False,9,1751655994,0,1673.6,2339.0,12903.0,True
IndiaTech,1lt0ah9,2025-07,n1mkkln,Equivalent-Piglet455,True,1.0,True,1.0,False,688,1751806088,0,1316.8,1173.0,5207.0,True
IndiaTech,1lt0ah9,2025-07,n1mm9hu,another-human-1,True,2.0,True,4.0,False,271,1751806768,0,369.2,145.0,2876.0,True
IndiaTech,1lt0ah9,2025-07,n1mlv3i,Apprehensive_Web2882,True,3.0,True,2.0,False,252,1751806607,0,1215.2,152.0,22921.0,True
IndiaTech,1lt0ah9,2025-07,n1mmngc,AffectionateYam5416,True,4.0,True,5.0,True,85,1751806923,0,1515.5,67022.0,8881.0,True
IndiaTech,1lt0ah9,2025-07,n1ms0dc,powerpuffpopcorn,True,5.0,False,,False,75,1751808965,0,3588.0,5457.0,41616.0,True
IndiaTech,1lt0ah9,2025-07,n1mlx0f,New-Experience5507,True,6.0,True,3.0,False,53,1751806628,0,2070.6,10902.0,13376.0,True
IndiaTech,1lt0ah9,2025-07,n1mrbrd,RKC_Viper,True,7.0,False,,False,50,1751808712,0,1526.0,2.0,527.0,True
IndiaTech,1lt0ah9,2025-07,n1mobfb,NainaaDaaaKyaKasoor,True,8.0,False,,False,40,1751807569,0,687.5,7269.0,3878.0,True
IndiaTech,1lt0ah9,2025-07,n1mou4x,SunBeam_07,True,9.0,False,,False,20,1751807768,0,1674.9,2.0,2294.0,True
IndiaTech,1lt0ah9,2025-07,n1mqrs1,ILoveTolkiensWorks,True,10.0,False,,False,13,1751808501,0,739.2,30606.0,33055.0,True
IndiaTech,1lpn6w7,2025-07,n0w53zi,Special_Itch,True,1.0,True,5.0,False,849,1751433163,0,380.1,764.0,4032.0,False
IndiaTech,1lpn6w7,2025-07,n0w5ed4,quietykey,True,2.0,False,,False,450,1751433306,0,365.1,1.0,1168.0,True
IndiaTech,1lpn6w7,2025-07,n0w712v,Dil_Bole_DU,True,3.0,False,,False,439,1751434118,0,430.7,1721.0,3542.0,True
IndiaTech,1lpn6w7,2025-07,n0w95sv,dOLOR96,True,4.0,False,,False,144,1751435204,0,2133.7,899.0,25378.0,True
IndiaTech,1lpn6w7,2025-07,n0w4tka,surfscriber,True,5.0,True,4.0,False,92,1751433019,0,710.7,393.0,6161.0,True
IndiaTech,1lpn6w7,2025-07,n0w3wtg,Content-Chocolate-25,True,6.0,True,2.0,False,49,1751432574,0,677.2,137.0,162.0,True
IndiaTech,1lpn6w7,2025-07,n0w8es1,Code_Sorcerer_11,True,8.0,False,,False,46,1751434818,0,875.0,4405.0,6302.0,True
IndiaTech,1lpn6w7,2025-07,n0w77zs,unnecesary_comma,True,7.0,False,,False,47,1751434215,0,709.9,2216.0,13408.0,True
IndiaTech,1lpn6w7,2025-07,n0w8ovq,Floorless-Room-4321,True,9.0,False,,False,33,1751434963,0,,,,
IndiaTech,1lpn6w7,2025-07,n0wf3gu,ThrottleChronicles,True,10.0,False,,False,26,1751438397,0,781.9,3735.0,560.0,True
IndiaTech,1lpn6w7,2025-07,n0w3zer,ProfessorS11,False,,True,3.0,False,18,1751432609,0,2449.3,2556.0,5292.0,True
IndiaTech,1lpn6w7,2025-07,n0w3hku,jarvis_404,False,,True,1.0,False,14,1751432371,0,851.5,1.0,264.0,True
IndiaTech,1mara24,2025-07,n5gnund,why_i_am_here_why,True,1.0,True,3.0,False,768,1753636064,0,780.8,44.0,3893.0,True
IndiaTech,1mara24,2025-07,n5gob5p,Brave_Agent9,True,2.0,True,5.0,False,318,1753636198,0,820.1,1881.0,2102.0,True
IndiaTech,1mara24,2025-07,n5gotjk,Adventurous-Leg-907,True,3.0,False,,False,191,1753636345,0,791.7,12.0,1220.0,True
IndiaTech,1mara24,2025-07,n5groh1,Psy_Click,True,4.0,False,,False,171,1753637174,0,706.8,4.0,2929.0,True
IndiaTech,1mara24,2025-07,n5gm3j7,trying_to_improve45,True,5.0,True,1.0,False,72,1753635553,0,1350.0,11896.0,21632.0,True
IndiaTech,1mara24,2025-07,n5gmp78,ILoveTolkiensWorks,True,6.0,True,2.0,False,59,1753635728,0,739.2,30606.0,33055.0,True
IndiaTech,1mara24,2025-07,n5gtjyq,_tessaract,True,7.0,False,,False,26,1753637712,0,1604.9,3000.0,488.0,True
IndiaTech,1mara24,2025-07,n5gp8rw,Illustrious_Salt_564,True,8.0,False,,False,22,1753636466,0,467.4,1.0,2842.0,True
IndiaTech,1mara24,2025-07,n5guu2v,Accomplished_Joke688,True,9.0,False,,False,12,1753638079,0,1519.9,943.0,3272.0,True
IndiaTech,1mara24,2025-07,n5go3wq,Proud-Concept-190,True,10.0,True,4.0,False,9,1753636139,0,1656.4,6836.0,32753.0,True
IndiaTech,1lvg3j3,2025-07,n25ndli,SpaceTrash1986,True,1.0,True,3.0,False,291,1752060556,0,549.7,3490.0,12638.0,True
IndiaTech,1lvg3j3,2025-07,n25n84o,ProfessionalSpare523,True,2.0,True,2.0,False,66,1752060492,0,2148.8,127.0,7847.0,True
IndiaTech,1lvg3j3,2025-07,n25p6gy,LuffyAsec,True,3.0,True,4.0,False,12,1752061290,0,1222.0,66.0,3330.0,False
IndiaTech,1lvg3j3,2025-07,n25ms5u,cactusfruit9,True,4.0,True,1.0,False,10,1752060305,0,912.2,2.0,4999.0,True
IndiaTech,1lvg3j3,2025-07,n25vcdc,green9206,True,5.0,False,,False,8,1752063594,0,4078.1,13162.0,144390.0,True
IndiaTech,1lvg3j3,2025-07,n25s0lv,Dhileepan_coimbatore,True,6.0,False,,False,7,1752062371,0,1078.2,53114.0,10111.0,True
IndiaTech,1lvg3j3,2025-07,n25yu0k,CharmingWeather5790,True,7.0,False,,False,7,1752064839,0,,,,
IndiaTech,1lvg3j3,2025-07,n25q8ym,lelouchlamperouge52,True,8.0,False,,False,6,1752061705,0,1994.1,3790.0,383.0,True
IndiaTech,1lvg3j3,2025-07,n25y194,Drk_Kni8,True,10.0,False,,False,4,1752064559,0,2404.8,13696.0,34084.0,True
IndiaTech,1lvg3j3,2025-07,n25pfv2,ironman_gujju,True,9.0,True,5.0,False,5,1752061394,0,1759.2,725.0,19514.0,True
IndiaTech,1lw33s8,2025-07,n2b137d,giga_chad-420,True,1.0,True,2.0,False,499,1752120661,0,360.2,670.0,3098.0,True
IndiaTech,1lw33s8,2025-07,n2azpno,Brilliant-Mix-3829,True,2.0,True,1.0,False,275,1752120077,0,1922.0,293.0,8377.0,True
IndiaTech,1lw33s8,2025-07,n2b1jgp,SakshamOG,True,3.0,True,3.0,False,111,1752120853,0,1361.9,2268.0,3430.0,True
IndiaTech,1lw33s8,2025-07,n2b3mbs,Constant-Recipe-9850,True,4.0,True,4.0,False,110,1752121762,0,2124.3,482.0,81274.0,True
IndiaTech,1lw33s8,2025-07,n2b72lx,Karanopp,True,5.0,False,,False,60,1752123308,0,,,,
IndiaTech,1lw33s8,2025-07,n2bpr2d,official_smit,True,6.0,False,,False,27,1752133004,0,2943.9,264.0,786.0,True
IndiaTech,1lw33s8,2025-07,n2b4xnt,newmemelord,True,7.0,True,5.0,False,17,1752122342,0,3299.4,5913.0,6183.0,True
IndiaTech,1lw33s8,2025-07,n2bxq0s,naammeikyahain,True,8.0,False,,False,17,1752137626,0,1336.6,1428.0,15316.0,True
IndiaTech,1lw33s8,2025-07,n2bkul8,SIIIIIUUUUUUUU,True,10.0,False,,False,6,1752130313,0,1594.1,412.0,5253.0,True
IndiaTech,1lw33s8,2025-07,n2cx8an,moonsmart,True,9.0,False,,False,7,1752153411,0,2922.1,21.0,3685.0,True
IndiaTech,1m5a44b,2025-07,n4ahxm1,bongGirl1989,True,1.0,True,1.0,False,278,1753075047,0,1643.5,5583.0,20458.0,True
IndiaTech,1m5a44b,2025-07,n4akkun,fuckyou_politicians,True,2.0,False,,False,196,1753076401,0,568.9,57647.0,22576.0,True
IndiaTech,1m5a44b,2025-07,n4as78k,BitOkiBun,True,3.0,False,,False,98,1753080485,0,448.2,1958.0,2402.0,True
IndiaTech,1m5a44b,2025-07,n4aiejp,inthelimbo,True,4.0,True,2.0,False,67,1753075281,0,2510.0,3225.0,15067.0,True
IndiaTech,1m5a44b,2025-07,n4aiq7i,Bright-Yam-461,True,5.0,True,3.0,False,33,1753075445,0,457.2,86.0,5025.0,True
IndiaTech,1m5a44b,2025-07,n4an47h,yashrajvanshi,True,6.0,False,,False,16,1753077722,0,1990.1,3542.0,1849.0,True
IndiaTech,1m5a44b,2025-07,n4ajiqm,mustang-6918,True,8.0,True,4.0,False,9,1753075853,0,1877.9,1665.0,9058.0,True
IndiaTech,1m5a44b,2025-07,n4azdqu,Tasty_Memory5412,True,7.0,False,,False,10,1753084536,0,,,,
IndiaTech,1m5a44b,2025-07,n4akdjw,IndPolCom,True,9.0,True,5.0,False,6,1753076295,0,,,,
IndiaTech,1m5a44b,2025-07,n4aqpq3,RC-2050,True,10.0,False,,False,4,1753079670,0,1009.5,122.0,2591.0,True
IndiaTech,1loyjpv,2025-07,n0qjyot,Careless_Feeling8057,True,1.0,True,2.0,False,1689,1751367328,0,1658.0,43137.0,77684.0,True
IndiaTech,1loyjpv,2025-07,n0qk0s3,Many-Report-6008,True,2.0,True,3.0,False,593,1751367356,0,,,,
IndiaTech,1loyjpv,2025-07,n0qknay,IllustratorVisual595,True,3.0,True,5.0,False,140,1751367657,0,556.5,40.0,7928.0,True
IndiaTech,1loyjpv,2025-07,n0qkko9,sjsanthose,True,4.0,True,4.0,False,125,1751367621,0,3611.5,15.0,2024.0,True
IndiaTech,1loyjpv,2025-07,n0qo1ru,Power-of-Behnoi,True,5.0,False,,False,79,1751369216,0,374.9,173.0,3343.0,True
IndiaTech,1loyjpv,2025-07,n0qlzoq,Smoooooth_Operatorrr,True,6.0,False,,False,23,1751368284,0,367.9,6314.0,1757.0,True
IndiaTech,1loyjpv,2025-07,n0qsin6,EmotionalRevenue2024,True,7.0,False,,False,15,1751371129,0,1532.2,65.0,43.0,True
IndiaTech,1loyjpv,2025-07,n0qluf7,FlashyBat5,True,8.0,False,,False,8,1751368216,0,2220.5,63.0,4880.0,True
IndiaTech,1loyjpv,2025-07,n0qjr5b,silvester_x,True,9.0,True,1.0,False,6,1751367223,0,743.8,34288.0,47388.0,True
IndiaTech,1loyjpv,2025-07,n0qmd0e,khorg0sh,True,10.0,False,,False,6,1751368454,0,2271.3,5622.0,14394.0,True
IndiaTech,1lyy8a6,2025-07,n2xhgmd,idkping05,True,1.0,True,1.0,False,436,1752427393,0,768.9,2100.0,51046.0,True
IndiaTech,1lyy8a6,2025-07,n2xkh1o,AncientMetagross,True,2.0,True,3.0,False,199,1752428253,0,1872.0,331.0,797.0,True
IndiaTech,1lyy8a6,2025-07,n2xikhn,Kaam4,True,3.0,True,2.0,False,104,1752427712,0,680.9,5944.0,115428.0,False
IndiaTech,1lyy8a6,2025-07,n2xto0z,Bright-Leg8276,True,4.0,True,5.0,False,43,1752430942,0,1602.2,8787.0,52934.0,True
IndiaTech,1lyy8a6,2025-07,n2xz4ft,Internal_Pin6937,True,5.0,False,,False,31,1752432574,0,468.3,879.0,6300.0,False
IndiaTech,1lyy8a6,2025-07,n3118px,ThrottleMaxed,True,6.0,False,,False,27,1752471484,0,3238.2,10397.0,17353.0,True
IndiaTech,1lyy8a6,2025-07,n2xlec2,Prior_Feature3402,True,7.0,True,4.0,False,13,1752428516,0,1745.4,512.0,1370.0,True
IndiaTech,1lyy8a6,2025-07,n30neg2,Hairy_Grapefruit_614,True,9.0,False,,False,10,1752465001,0,1949.3,671.0,16576.0,True
IndiaTech,1lyy8a6,2025-07,n306fn3,Playful_Wealth3875,True,8.0,False,,False,12,1752458384,0,586.5,1791.0,10280.0,True
IndiaTech,1lyy8a6,2025-07,n30w8zz,Viva_la_Ferenginar,True,10.0,False,,False,7,1752468996,0,908.3,55.0,19152.0,True
IndiaTech,1m1xbi4,2025-07,n3kkjxx,Agreeable_Winter8053,True,1.0,True,3.0,False,440,1752724604,0,1925.9,3278.0,32150.0,True
IndiaTech,1m1xbi4,2025-07,n3kiulw,distorted_edits,True,2.0,True,1.0,False,165,1752723891,0,342.0,232.0,649.0,True
IndiaTech,1m1xbi4,2025-07,n3ktuik,ngin-x,True,3.0,False,,False,53,1752728812,0,,,,
IndiaTech,1m1xbi4,2025-07,n3kyvba,OdeToMyFeed,True,4.0,False,,False,47,1752731285,0,341.6,349.0,3611.0,True
IndiaTech,1m1xbi4,2025-07,n3kk0tk,Loud_Staff5065,True,5.0,True,2.0,False,27,1752724382,0,858.2,14632.0,49405.0,True
IndiaTech,1m1xbi4,2025-07,n3kzdv4,Gumnaamibaba,True,6.0,False,,False,8,1752731542,0,772.8,264.0,17524.0,True
IndiaTech,1m1xbi4,2025-07,n3kzd3l,sheldor_de_conqueror,True,7.0,False,,False,8,1752731530,0,652.3,1124.0,1595.0,True
IndiaTech,1m1xbi4,2025-07,n3kl3a5,Skorpeyo,True,8.0,True,4.0,False,5,1752724833,0,338.8,57292.0,10818.0,True
IndiaTech,1m1xbi4,2025-07,n3kt9m7,ccr87315,True,9.0,True,5.0,False,3,1752728537,0,2597.9,1585.0,8635.0,True
IndiaTech,1m1xbi4,2025-07,n3kutcm,Ok_Tozo_07,True,10.0,False,,False,2,1752729274,0,887.8,1033.0,8528.0,True
IndiaTech,1lplypj,2025-07,n0vv426,piratejack01,True,1.0,True,1.0,False,733,1751428602,0,3178.1,8839.0,12226.0,True
IndiaTech,1lplypj,2025-07,n0vxcui,Aromatic_Appearance7,True,2.0,False,,False,638,1751429559,0,1957.3,7265.0,3702.0,True
IndiaTech,1lplypj,2025-07,n0vw4g1,Limp-Sun-3938,True,3.0,True,3.0,False,390,1751429027,0,,,,
IndiaTech,1lplypj,2025-07,n0vydc2,Arijit12321,True,4.0,False,,False,170,1751430003,0,3588.0,8.0,12097.0,True
IndiaTech,1lplypj,2025-07,n0vxsr1,trying_to_solve24,True,5.0,False,,False,97,1751429753,0,859.3,731.0,10209.0,True
IndiaTech,1lplypj,2025-07,n0vvhj2,simple_man_z,True,6.0,True,2.0,False,51,1751428758,0,414.8,300.0,1728.0,True
IndiaTech,1lplypj,2025-07,n0vzp2k,Shakti-Spider-Man,True,7.0,False,,False,39,1751430596,0,408.7,48.0,1833.0,True
IndiaTech,1lplypj,2025-07,n0vx705,JLordX,True,8.0,True,5.0,False,34,1751429488,0,,,,
IndiaTech,1lplypj,2025-07,n0vybse,Adorable-Wafer4622,True,10.0,False,,False,20,1751429985,0,1156.5,70.0,4055.0,True
IndiaTech,1lplypj,2025-07,n0vz5gf,JustChakra,True,9.0,False,,False,21,1751430350,0,2083.1,21777.0,72487.0,True
IndiaTech,1lplypj,2025-07,n0vx0qg,AsquareM35,False,,True,4.0,False,14,1751429413,0,3015.4,4912.0,6848.0,True
IndianGaming,1mbze8b,2025-07,n5qjbtr,stevey1999996,True,1.0,False,,False,532,1753762482,0,2047.5,1.0,668.0,True
IndianGaming,1mbze8b,2025-07,n5q9ijo,Much_Athlete6335,True,2.0,False,,False,204,1753758424,0,729.5,159.0,340.0,True
IndianGaming,1mbze8b,2025-07,n5q21zp,Traditional_Park_849,True,3.0,True,1.0,False,175,1753755644,0,2090.3,1036.0,579.0,True
IndianGaming,1mbze8b,2025-07,n5qfqjp,Traditional_Can6982,True,4.0,False,,False,104,1753760944,0,2057.0,17191.0,35118.0,True
IndianGaming,1mbze8b,2025-07,n5qt937,No-Laugh-6827,True,5.0,False,,False,29,1753767190,0,455.4,58.0,58.0,False
IndianGaming,1mbze8b,2025-07,n5qck36,r-day,True,6.0,False,,False,27,1753759630,0,2458.0,3100.0,19034.0,True
IndianGaming,1mbze8b,2025-07,n5qbhjd,niyupower,True,7.0,False,,False,19,1753759204,0,4393.2,512.0,8548.0,True
IndianGaming,1mbze8b,2025-07,n5q9dk0,HemRat-2208,True,8.0,True,5.0,False,16,1753758370,0,387.2,97.0,4622.0,True
IndianGaming,1mbze8b,2025-07,n5q5dxo,Arclock_,True,9.0,True,3.0,False,14,1753756859,0,996.1,1.0,125.0,False
IndianGaming,1mbze8b,2025-07,n5qmx73,abhshxk,True,10.0,False,,False,12,1753764107,0,1769.4,4034.0,3352.0,True
IndianGaming,1mbze8b,2025-07,n5q8yn6,logicrak,False,,True,4.0,False,10,1753758209,0,989.9,54118.0,94762.0,True
IndianGaming,1mbze8b,2025-07,n5q4bqz,durgesh2018,False,,True,2.0,False,8,1753756469,0,2861.0,353.0,2573.0,True
IndianGaming,1lwbl6e,2025-07,n2cq9xs,markelonn,True,1.0,True,1.0,False,1218,1752151035,0,4619.7,21879.0,193345.0,True
IndianGaming,1lwbl6e,2025-07,n2cqed3,Ok-Championship7986,True,2.0,True,3.0,False,895,1752151079,0,647.0,10272.0,11735.0,True
IndianGaming,1lwbl6e,2025-07,n2cs0ut,Superb_Technician_43,True,3.0,True,5.0,False,498,1752151657,0,1742.0,1271.0,5538.0,True
IndianGaming,1lwbl6e,2025-07,n2cqecd,stormthewise998,True,4.0,True,4.0,False,95,1752151079,0,,,,
IndianGaming,1lwbl6e,2025-07,n2d3pl9,_TheDepressedOne_,True,5.0,False,,False,93,1752155459,0,1102.1,2448.0,13285.0,True
IndianGaming,1lwbl6e,2025-07,n2cs643,JediBuzz77,True,6.0,False,,False,82,1752151709,0,1882.0,356.0,3870.0,True
IndianGaming,1lwbl6e,2025-07,n2cx1dc,hummy0755,True,8.0,False,,False,43,1752153349,0,1262.9,2071.0,3055.0,True
IndianGaming,1lwbl6e,2025-07,n2ct2sj,Knighthereal,True,7.0,False,,False,47,1752152022,0,,,,
IndianGaming,1lwbl6e,2025-07,n2cqavd,Dapper-Bad7215,True,9.0,True,2.0,False,29,1752151045,0,1532.9,8602.0,1495.0,True
IndianGaming,1lwbl6e,2025-07,n2cuqc1,_DrMischief_,True,10.0,False,,False,4,1752152581,0,2601.6,8490.0,14021.0,True
IndianGaming,1maddnc,2025-07,n5dthin,No_Grass_3728,True,1.0,False,,False,163,1753592017,0,2025.7,30602.0,15062.0,True
IndianGaming,1maddnc,2025-07,n5dr85a,barahPENTALIS,True,2.0,True,1.0,False,144,1753590934,0,324.9,9.0,305.0,True
IndianGaming,1maddnc,2025-07,n5ds4hn,B3_CHAD,True,3.0,True,2.0,False,59,1753591364,0,1510.9,36438.0,89929.0,True
IndianGaming,1maddnc,2025-07,n5du7dp,wildbananashake,True,4.0,False,,False,48,1753592372,0,,,,
IndianGaming,1maddnc,2025-07,n5dslbm,Monkey_D_Ketchum,True,5.0,True,4.0,False,40,1753591587,0,1325.3,17679.0,45585.0,True
IndianGaming,1maddnc,2025-07,n5ds7pn,ReactionSuspicious55,True,6.0,True,3.0,False,17,1753591407,0,1524.3,206.0,3213.0,True
IndianGaming,1maddnc,2025-07,n5e79ps,darksoulxvk,True,7.0,False,,False,12,1753599373,0,1054.0,891.0,2339.0,True
IndianGaming,1maddnc,2025-07,n5dw3jy,Evening_Fall_7226,True,8.0,False,,False,12,1753593312,0,653.1,41.0,86.0,True
IndianGaming,1maddnc,2025-07,n5dxeae,Brawling_Shadow,True,9.0,False,,False,10,1753593979,0,595.4,587.0,1627.0,True
IndianGaming,1maddnc,2025-07,n5dzp2p,SATANICWORSHIPER666,True,10.0,False,,False,9,1753595188,0,636.0,256114.0,33326.0,True
IndianGaming,1maddnc,2025-07,n5dtc40,manan_lilawala,False,,True,5.0,False,5,1753591945,0,518.0,1356.0,699.0,True
IndianGaming,1lw62od,2025-07,n2bw3to,404nova,True,1.0,False,,False,126,1752136693,0,874.1,35.0,308.0,True
IndianGaming,1lw62od,2025-07,n2bn6ns,Mohit-Kumar_1999,True,2.0,False,,False,70,1752131580,0,898.6,1.0,61.0,True
IndianGaming,1lw62od,2025-07,n2blxp9,Hot-Truck-477,True,3.0,True,2.0,False,33,1752130896,0,2065.8,399.0,549.0,True
IndianGaming,1lw62od,2025-07,n2blzd0,IndependentPath6297,True,4.0,True,3.0,False,33,1752130922,0,1682.6,6651.0,15389.0,True
IndianGaming,1lw62od,2025-07,n2bmcz6,SnoopDhoop,True,6.0,False,,False,16,1752131126,0,1981.6,1.0,311.0,True
IndianGaming,1lw62od,2025-07,n2bm8ka,chromebit,True,5.0,True,5.0,False,19,1752131060,0,538.4,1065.0,142.0,True
IndianGaming,1lw62od,2025-07,n2bmc9o,MiddleCanary,True,7.0,False,,False,16,1752131116,0,2588.0,263.0,2741.0,True
IndianGaming,1lw62od,2025-07,n2bn8ss,strange1612,True,8.0,False,,False,10,1752131614,0,2264.2,5.0,20.0,True
IndianGaming,1lw62od,2025-07,n2bp764,Prior_Pick2570,True,9.0,False,,False,8,1752132689,0,548.3,103.0,481.0,True
IndianGaming,1lw62od,2025-07,n2blzwo,Electronic-Foot9271,False,,True,4.0,False,4,1752130930,0,1511.8,1.0,7.0,True
IndianGaming,1lw62od,2025-07,n2bltqq,Tingaribaludu,True,10.0,True,1.0,False,5,1752130837,0,1828.5,70.0,6350.0,True
IndianGaming,1m2h1hk,2025-07,n3ow0af,Sweaty_You1903,True,1.0,False,,False,1298,1752782039,0,866.2,41.0,2373.0,True
IndianGaming,1m2h1hk,2025-07,n3ov0lh,Sir_Keratin,True,2.0,True,5.0,False,332,1752781756,0,2687.9,1728.0,18121.0,True
IndianGaming,1m2h1hk,2025-07,n3ossc2,GOD_Milo,True,3.0,True,2.0,False,305,1752781111,0,3269.1,899.0,4941.0,True
IndianGaming,1m2h1hk,2025-07,n3otxsj,LogicalImplement5690,True,4.0,True,3.0,False,279,1752781448,0,1569.8,291.0,1089.0,True
IndianGaming,1m2h1hk,2025-07,n3ou0mf,LogicalImplement5690,True,5.0,True,4.0,False,107,1752781470,0,1569.8,291.0,1089.0,True
IndianGaming,1m2h1hk,2025-07,n3p988g,SparedPhoenix69,True,6.0,False,,False,76,1752785783,0,2574.2,862.0,14297.0,True
IndianGaming,1m2h1hk,2025-07,n3p3qxo,sainishwanth,True,7.0,False,,False,51,1752784238,0,2937.7,11413.0,9250.0,True
IndianGaming,1m2h1hk,2025-07,n3ovudo,EmuConscious108,True,8.0,False,,False,39,1752781991,0,500.2,22829.0,2219.0,True
IndianGaming,1m2h1hk,2025-07,n3oss56,redditcruzer,True,9.0,True,1.0,False,36,1752781109,0,2198.2,2919.0,215171.0,True
IndianGaming,1m2h1hk,2025-07,n3p8odi,ccoolsat,True,10.0,False,,False,11,1752785626,0,2384.8,549.0,5195.0,True
IndianGaming,1m7z3zm,2025-07,n4v8c4k,Upper-Goat9857,True,1.0,True,1.0,False,212,1753347227,0,541.2,420.0,5733.0,True
IndianGaming,1m7z3zm,2025-07,n4v9c15,NotSoCoolWaffle,True,2.0,True,3.0,False,73,1753347796,0,1762.3,6115.0,50169.0,True
IndianGaming,1m7z3zm,2025-07,n4v954w,0Rohan2,True,3.0,True,2.0,False,18,1753347687,0,2277.0,19997.0,34011.0,True
IndianGaming,1m7z3zm,2025-07,n4vlgw9,mxforest,True,4.0,False,,False,6,1753354254,0,4175.6,8914.0,272684.0,True
IndianGaming,1m7z3zm,2025-07,n4vhd93,redditcruzer,True,5.0,True,4.0,False,6,1753352220,0,2198.2,2919.0,215171.0,True
IndianGaming,1m7z3zm,2025-07,n4vtih5,thegolecha,True,6.0,False,,False,3,1753357713,0,3421.3,2450.0,2910.0,True
IndianGaming,1m7z3zm,2025-07,n4vo1jp,Frequent-World-4095,True,7.0,False,,False,1,1753355410,0,467.7,391.0,688.0,True
IndianGaming,1m7z3zm,2025-07,n4vzr75,zireal666,True,8.0,False,,False,1,1753360080,0,1586.9,46.0,321.0,True
IndianGaming,1m7z3zm,2025-07,n4w8jtc,logryar344,True,9.0,False,,False,1,1753363031,0,2094.8,23906.0,12044.0,True
IndianGaming,1m7z3zm,2025-07,n4wbxsg,l_lawliet_9999,True,10.0,False,,False,1,1753364115,0,1453.4,9954.0,679.0,True
IndianGaming,1m7z3zm,2025-07,n4vj1ha,Acceptable_Bid909,False,,True,5.0,False,-4,1753353076,0,317.1,1.0,-2.0,True
IndianGaming,1lr972i,2025-07,n190bmk,Madrascalcutta,True,1.0,True,4.0,False,268,1751601844,0,3988.1,35394.0,105711.0,True
IndianGaming,1lr972i,2025-07,n192mlk,EmuConscious108,True,2.0,False,,False,107,1751602851,0,500.2,22829.0,2219.0,True
IndianGaming,1lr972i,2025-07,n190iz0,Glittering-One-4336,True,3.0,False,,False,65,1751601934,0,630.0,28.0,95.0,True
IndianGaming,1lr972i,2025-07,n195gkx,BrawnyDevil,True,4.0,False,,False,20,1751604136,0,3048.5,6204.0,58581.0,True
IndianGaming,1lr972i,2025-07,n18zkj2,Antinityfx,True,5.0,True,1.0,False,12,1751601519,0,972.9,6962.0,5351.0,True
IndianGaming,1lr972i,2025-07,n190uqk,NewtWeird8252,True,6.0,False,,False,6,1751602077,0,1620.2,52.0,3215.0,True
IndianGaming,1lr972i,2025-07,n1903tr,Max__007,True,7.0,True,3.0,False,5,1751601750,0,2624.9,3987.0,4457.0,True
IndianGaming,1lr972i,2025-07,n19gtak,thelegalsin,True,8.0,False,,False,5,1751609661,0,1030.7,1940.0,1519.0,True
IndianGaming,1lr972i,2025-07,n191syg,Soggy-Mix5592,True,9.0,False,,False,3,1751602491,0,531.0,1.0,3.0,True
IndianGaming,1lr972i,2025-07,n193df0,Vishvesh_Mishra,True,10.0,False,,False,3,1751603185,0,1892.2,2073.0,1748.0,True
IndianGaming,1lr972i,2025-07,n18zo6x,__Asparagus__,False,,True,2.0,False,2,1751601563,0,1784.7,282.0,110.0,True
IndianGaming,1lr972i,2025-07,n190ez0,Glittering-One-4336,False,,True,5.0,False,2,1751601884,0,630.0,28.0,95.0,True
IndianGaming,1m4lpxy,2025-07,n4591kr,NikShiP,True,1.0,False,,False,554,1753008334,0,4501.1,44784.0,2517.0,True
IndianGaming,1m4lpxy,2025-07,n458yud,PRI-NOVA,True,2.0,False,,False,512,1753008292,0,2544.5,6718.0,4843.0,True
IndianGaming,1m4lpxy,2025-07,n459rxn,mynamesucksd,True,3.0,False,,False,150,1753008727,0,2125.2,1197.0,2963.0,True
IndianGaming,1m4lpxy,2025-07,n45853v,Big_Organization_978,True,4.0,True,2.0,False,95,1753007836,0,2130.7,1263.0,27137.0,True
IndianGaming,1m4lpxy,2025-07,n458546,Integer__,True,5.0,True,3.0,False,50,1753007836,0,969.7,1845.0,2728.0,True
IndianGaming,1m4lpxy,2025-07,n4599kr,frekk69,True,6.0,False,,False,48,1753008455,0,1130.2,436.0,3085.0,True
IndianGaming,1m4lpxy,2025-07,n4580z7,varuncena1,True,8.0,True,1.0,False,34,1753007770,0,2073.1,236.0,12678.0,True
IndianGaming,1m4lpxy,2025-07,n45921e,devansh0208,True,7.0,False,,False,36,1753008340,0,1928.3,21977.0,9479.0,True
IndianGaming,1m4lpxy,2025-07,n45a3un,TROLL_KILLA,True,9.0,False,,False,27,1753008904,0,2083.3,1336.0,27311.0,True
IndianGaming,1m4lpxy,2025-07,n45a9tb,hol_up_bich,True,10.0,False,,False,14,1753008992,0,1906.0,1220.0,5083.0,True
IndianGaming,1m4lpxy,2025-07,n458gaz,THE_IMPROVISER8,False,,True,4.0,False,6,1753008009,0,2976.7,4217.0,24132.0,True
IndianGaming,1m4lpxy,2025-07,n458y7o,PrincipleWeary2225,False,,True,5.0,False,6,1753008282,0,1328.8,3.0,1378.0,True
IndianGaming,1mbm6en,2025-07,n5n7hma,Difficult_Victory774,True,1.0,True,4.0,False,607,1753723922,0,365.0,49.0,5471.0,True
IndianGaming,1mbm6en,2025-07,n5n3os7,lonelyroom-eklaghor,True,2.0,True,1.0,True,461,1753722893,0,643.9,45078.0,59311.0,True
IndianGaming,1mbm6en,2025-07,n5n8c5t,N30_117,True,3.0,False,,False,450,1753724153,0,,,,
IndianGaming,1mbm6en,2025-07,n5n7xcp,Hitman47_x,True,4.0,True,5.0,False,136,1753724042,0,700.9,2310.0,6835.0,True
IndianGaming,1mbm6en,2025-07,n5n525c,ExpressAssumption581,True,5.0,True,2.0,False,131,1753723263,0,827.0,299.0,4130.0,True
IndianGaming,1mbm6en,2025-07,n5ncpv9,rororo013,True,6.0,False,,False,42,1753725340,0,2974.3,353.0,5955.0,True
IndianGaming,1mbm6en,2025-07,n5nmt2m,WillStrongh,True,7.0,False,,False,34,1753728184,0,3835.0,159.0,4941.0,True
IndianGaming,1mbm6en,2025-07,n5npiqr,Single_Difference467,True,8.0,False,,False,31,1753728960,0,1046.2,5369.0,26177.0,True
IndianGaming,1mbm6en,2025-07,n5n8liz,PureMobile3874,True,9.0,False,,False,18,1753724225,0,474.9,12982.0,26818.0,True
IndianGaming,1mbm6en,2025-07,n5nbvw6,devdattaburke,True,10.0,False,,False,16,1753725114,0,2391.3,36486.0,16364.0,True
IndianGaming,1mbm6en,2025-07,n5n5ygb,khizubaba,False,,True,3.0,False,6,1753723507,0,597.9,3289.0,4503.0,True
IndianGaming,1ls2uue,2025-07,n1fhrw2,eating_cement_1984,True,1.0,True,2.0,False,275,1751696043,0,719.1,160384.0,77628.0,True
IndianGaming,1ls2uue,2025-07,n1fh3l7,ULTRADEV_305,True,2.0,True,1.0,False,74,1751695664,0,1152.1,30.0,10487.0,True
IndianGaming,1ls2uue,2025-07,n1fierz,Sad-Passenger8185,True,3.0,True,4.0,False,62,1751696400,0,1020.4,374.0,573.0,True
IndianGaming,1ls2uue,2025-07,n1fjwrr,deathstroke986,True,4.0,False,,False,46,1751697262,0,1079.0,377.0,1326.0,True
IndianGaming,1ls2uue,2025-07,n1fiqsg,DesignerAcademic8366,True,5.0,True,5.0,False,16,1751696592,0,1408.9,127.0,1069.0,True
IndianGaming,1ls2uue,2025-07,n1g1nf5,QuantityElectronic51,True,6.0,False,,False,10,1751708036,0,2171.7,70.0,718.0,True
IndianGaming,1ls2uue,2025-07,n1fpqrf,acowsik,True,7.0,False,,False,9,1751700674,0,3891.9,1077.0,3579.0,True
IndianGaming,1ls2uue,2025-07,n1gg6zd,PinkPixelGoose,True,9.0,False,,False,6,1751716235,0,516.5,10225.0,3707.0,True
IndianGaming,1ls2uue,2025-07,n1fiv5f,XegrandExpressYT,True,8.0,False,,False,7,1751696663,0,,,,
IndianGaming,1ls2uue,2025-07,n1fhy64,Cheap_Ad_9846,True,10.0,True,3.0,False,4,1751696142,0,377.1,507.0,4487.0,True
RelationshipIndia,1m2tx09,2025-07,n3rlwgf,Public-Archer149,True,1.0,True,1.0,False,438,1752816472,0,557.4,32.0,419.0,True
RelationshipIndia,1m2tx09,2025-07,n3rnein,Initial-Confusion511,True,2.0,False,,False,169,1752817229,0,1736.4,1231.0,19576.0,True
RelationshipIndia,1m2tx09,2025-07,n3rm515,Ok-Pudding-9805,True,3.0,True,2.0,False,141,1752816591,0,583.9,94.0,979.0,False
RelationshipIndia,1m2tx09,2025-07,n3rmbvp,CalmAd5122,True,4.0,True,4.0,False,83,1752816687,0,1229.9,13.0,2176.0,True
RelationshipIndia,1m2tx09,2025-07,n3rm9wm,Still-Television-881,True,5.0,True,3.0,False,77,1752816659,0,415.2,108.0,1262.0,True
RelationshipIndia,1m2tx09,2025-07,n3rn017,Patient-Race-9895,True,6.0,False,,False,59,1752817028,0,668.4,29.0,8967.0,True
RelationshipIndia,1m2tx09,2025-07,n3rn3tj,EveryStatistician455,True,7.0,False,,False,42,1752817080,0,387.8,7.0,55.0,True
RelationshipIndia,1m2tx09,2025-07,n3rnoti,Relative-Cry8179,True,8.0,False,,False,17,1752817374,0,355.8,1.0,667.0,True
RelationshipIndia,1m2tx09,2025-07,n3rqhsp,brabarusmark,True,9.0,False,,False,17,1752818801,0,4019.2,3768.0,92255.0,True
RelationshipIndia,1m2tx09,2025-07,n3rmysu,Psychological_Ad1903,True,10.0,False,,False,16,1752817011,0,2154.8,740.0,208.0,True
RelationshipIndia,1m2tx09,2025-07,n3rmjan,Live_Archer123,False,,True,5.0,False,12,1752816792,0,458.9,21060.0,4033.0,True
RelationshipIndia,1m8ek8k,2025-07,n4yopcs,bruhh_1010,True,1.0,True,1.0,False,112,1753387820,0,1583.3,626.0,51648.0,True
RelationshipIndia,1m8ek8k,2025-07,n52r69t,Amazing_Necessary_89,True,2.0,False,,False,35,1753447081,0,2120.4,1.0,85.0,True
RelationshipIndia,1m8ek8k,2025-07,n51k2cx,TokiLoves,True,3.0,True,2.0,False,26,1753425574,0,601.9,43.0,6257.0,True
RelationshipIndia,1m8ek8k,2025-07,n52r3o3,Competitive-West-269,True,4.0,False,,False,24,1753447055,0,385.7,36.0,1671.0,True
RelationshipIndia,1m8ek8k,2025-07,n52idme,vyrusrama,True,6.0,True,3.0,False,17,1753443744,0,4024.1,219224.0,269486.0,True
RelationshipIndia,1m8ek8k,2025-07,n52qvb3,nekoshoyo,True,5.0,False,,False,19,1753446973,0,2244.1,30242.0,9009.0,True
RelationshipIndia,1m8ek8k,2025-07,n52qd1z,Subtly-stranger,True,7.0,True,5.0,False,15,1753446790,0,579.8,1.0,15.0,True
RelationshipIndia,1m8ek8k,2025-07,n52rtqd,senseipuppers,True,8.0,False,,False,14,1753447309,0,1387.3,271.0,10234.0,True
RelationshipIndia,1m8ek8k,2025-07,n52q9uh,worldwar_boomboom,True,10.0,True,4.0,False,5,1753446757,0,,,,
RelationshipIndia,1m8ek8k,2025-07,n52rj0f,Neat-Country-8701,True,9.0,False,,False,6,1753447206,0,2001.8,1.0,113.0,True
RelationshipIndia,1lrb5zd,2025-07,n19i8h6,vyrusrama,True,1.0,True,4.0,False,42,1751610403,0,4024.1,219224.0,269486.0,True
RelationshipIndia,1lrb5zd,2025-07,n19g27j,BalanceIcy1938,True,2.0,True,2.0,False,34,1751609273,0,1967.7,785.0,10760.0,True
RelationshipIndia,1lrb5zd,2025-07,n19g0x5,Hungry4Seva2222,True,3.0,True,1.0,False,21,1751609254,0,587.2,938.0,7553.0,True
RelationshipIndia,1lrb5zd,2025-07,n19imbg,GigaChadAnon,True,4.0,True,5.0,False,9,1751610606,0,1101.7,85.0,10991.0,True
RelationshipIndia,1lrb5zd,2025-07,n19qmeb,les_patron,True,5.0,False,,False,4,1751614982,0,1583.8,102.0,1308.0,True
RelationshipIndia,1lrb5zd,2025-07,n19hzys,akki4223,True,6.0,True,3.0,False,2,1751610281,0,2309.9,2681.0,11425.0,True
RelationshipIndia,1lrb5zd,2025-07,n1fk7ck,Witty_Active,True,7.0,False,,False,1,1751697431,0,1862.7,4717.0,33813.0,True
RelationshipIndia,1lrb5zd,2025-07,n1fljps,AP-Calligrapher5969,True,8.0,False,,False,1,1751698214,0,,,,
RelationshipIndia,1lrb5zd,2025-07,n1hum9p,forza_del_destino,True,9.0,False,,False,1,1751734350,0,1497.0,846.0,20583.0,True
RelationshipIndia,1lrb5zd,2025-07,n1jc84v,Cheerful_Pessimist_0,True,10.0,False,,False,1,1751751736,0,1496.9,51.0,257.0,False
RelationshipIndia,1mcjan3,2025-07,n5u8q4q,saikybatman,True,1.0,True,3.0,False,418,1753814051,0,1155.9,1573.0,11683.0,True
RelationshipIndia,1mcjan3,2025-07,n5uce54,Relative-Cry8179,True,2.0,False,,False,221,1753815069,0,355.8,1.0,667.0,True
RelationshipIndia,1mcjan3,2025-07,n5u8qta,Playful_Analysis2860,True,3.0,True,4.0,False,77,1753814057,0,938.9,1.0,1609.0,True
RelationshipIndia,1mcjan3,2025-07,n5uezcq,That_Avocado_3631,True,4.0,False,,False,70,1753815788,0,1332.6,16096.0,25054.0,True
RelationshipIndia,1mcjan3,2025-07,n5ub1sg,Will-is-thinking,True,5.0,False,,False,62,1753814698,0,1150.6,25833.0,6169.0,True
RelationshipIndia,1mcjan3,2025-07,n5u7j0q,Prith_wish,True,6.0,True,1.0,False,44,1753813717,0,1381.8,14870.0,10904.0,True
RelationshipIndia,1mcjan3,2025-07,n5uk5dz,Important-Archer-544,True,7.0,False,,False,24,1753817255,0,,,,
RelationshipIndia,1mcjan3,2025-07,n5um1eo,Mother_Guidance_3246,True,8.0,False,,False,21,1753817801,0,921.9,2659.0,2643.0,True
RelationshipIndia,1mcjan3,2025-07,n5u8ic9,PatienceHere,True,9.0,True,2.0,False,15,1753813991,0,3086.0,3346.0,57676.0,True
RelationshipIndia,1mcjan3,2025-07,n5u93jm,bhagwankigaltihu,False,,True,5.0,False,10,1753814155,0,416.1,93.0,583.0,False
RelationshipIndia,1mcjan3,2025-07,n5up6p8,namastesaar,True,10.0,False,,False,12,1753818702,0,597.6,70.0,1806.0,False
RelationshipIndia,1lqgyme,2025-07,n12qnx4,SherbetAdept9403,True,1.0,True,3.0,False,659,1751519123,0,1817.7,1834.0,912.0,True
RelationshipIndia,1lqgyme,2025-07,n12pzbx,oye_ap,True,2.0,True,1.0,False,400,1751518796,0,551.6,1190.0,20050.0,True
RelationshipIndia,1lqgyme,2025-07,n1310n7,Raul_xi,True,3.0,False,,False,283,1751524430,0,889.1,1238.0,779.0,True
RelationshipIndia,1lqgyme,2025-07,n12r0pt,idkping05,True,4.0,True,4.0,False,177,1751519296,0,768.9,2100.0,51046.0,True
RelationshipIndia,1lqgyme,2025-07,n12s5v2,brown__momo,True,5.0,True,5.0,False,113,1751519849,0,348.2,56.0,4919.0,True
RelationshipIndia,1lqgyme,2025-07,n1346hi,Viking_Biking,True,6.0,False,,False,72,1751526172,0,,,,
RelationshipIndia,1lqgyme,2025-07,n12wm2y,sanskaaripurush_ig,True,7.0,False,,False,68,1751522081,0,1696.3,3708.0,7339.0,True
RelationshipIndia,1lqgyme,2025-07,n12shta,TopRevolutionary6093,True,8.0,False,,False,29,1751520012,0,1135.0,70.0,1856.0,True
RelationshipIndia,1lqgyme,2025-07,n12uoyk,AuntyNashnal,True,9.0,False,,False,15,1751521104,0,,,,
RelationshipIndia,1lqgyme,2025-07,n12q3vc,Gyan-Chodu-Baba-GCB,True,10.0,True,2.0,False,13,1751518856,0,358.8,36.0,10027.0,True
RelationshipIndia,1lyb4ob,2025-07,n2sislv,ash-andvibes,True,1.0,True,1.0,False,143,1752354646,0,366.7,212609.0,14347.0,True
RelationshipIndia,1lyb4ob,2025-07,n2swn94,conquer_high1,True,2.0,False,,False,57,1752359355,0,356.6,2.0,449.0,True
RelationshipIndia,1lyb4ob,2025-07,n2ucl2n,virginpussypredator,True,3.0,False,,False,19,1752379000,0,1214.2,60.0,464.0,True
RelationshipIndia,1lyb4ob,2025-07,n2sv6lm,Bright-Star1,True,4.0,False,,False,15,1752358840,0,1130.6,1027.0,2560.0,True
RelationshipIndia,1lyb4ob,2025-07,n2v2fpq,Wonderful_Cold807,True,5.0,False,,False,3,1752392204,0,2018.6,34.0,2136.0,True
RelationshipIndia,1lyb4ob,2025-07,n2t0pd2,SeasonInside9957,True,6.0,False,,False,3,1752360765,0,628.3,2184.0,3565.0,True
RelationshipIndia,1lyb4ob,2025-07,n2smih8,Alert-Mistake828,True,8.0,True,4.0,False,2,1752355890,0,496.7,1.0,67.0,False
RelationshipIndia,1lyb4ob,2025-07,n2sn025,KrakenFranken,True,7.0,True,5.0,False,3,1752356052,0,2081.3,216.0,4646.0,True
RelationshipIndia,1lyb4ob,2025-07,n2t0t15,Sam_02095,True,9.0,False,,False,2,1752360802,0,777.5,20.0,3615.0,True
RelationshipIndia,1lyb4ob,2025-07,n2ynizp,variableXi,True,10.0,False,,False,2,1752439838,0,785.7,1.0,315.0,True
RelationshipIndia,1lyb4ob,2025-07,n2sjivm,Desperate_Present_76,False,,True,2.0,False,1,1752354888,0,1818.1,84.0,3353.0,True
RelationshipIndia,1lyb4ob,2025-07,n2skd47,Noice2904,False,,True,3.0,False,1,1752355171,0,883.8,444.0,418.0,True
RelationshipIndia,1m5ewaw,2025-07,n4bgfl5,Mimi_luna,True,1.0,True,4.0,False,318,1753094214,0,2456.0,2872.0,30088.0,True
RelationshipIndia,1m5ewaw,2025-07,n4bdl71,Funny-Fifties,True,2.0,True,1.0,False,175,1753092744,0,944.8,607.0,27464.0,True
RelationshipIndia,1m5ewaw,2025-07,n4bftil,aliceindumbassland,True,3.0,True,3.0,False,121,1753093899,0,,,,
RelationshipIndia,1m5ewaw,2025-07,n4beo6o,Havefun24x7,True,4.0,True,2.0,False,57,1753093315,0,557.4,7.0,510.0,True
RelationshipIndia,1m5ewaw,2025-07,n4bhvyd,jannat1408,True,5.0,True,5.0,False,18,1753094935,0,715.5,23.0,244.0,True
RelationshipIndia,1m5ewaw,2025-07,n4bpl09,AstronomerDry1103,True,6.0,False,,False,4,1753098435,0,1758.7,381.0,5414.0,True
RelationshipIndia,1m5ewaw,2025-07,n4c70x7,Neelam1111,True,7.0,False,,False,3,1753104800,0,809.5,1.0,211.0,False
RelationshipIndia,1m5ewaw,2025-07,n4tt5z2,Logical_Struggle8719,True,8.0,False,,False,3,1753322905,0,1954.9,1.0,18.0,True
RelationshipIndia,1m5ewaw,2025-07,n4c0unu,sanguineanchal,True,9.0,False,,False,3,1753102703,0,1832.7,573.0,541.0,True
RelationshipIndia,1m5ewaw,2025-07,n4cwkxn,Least-Chair389,True,10.0,False,,False,3,1753112492,0,1401.3,1.0,146.0,True
RelationshipIndia,1lptbxy,2025-07,n0y9nvd,ExactVacation8264,True,1.0,True,1.0,False,68,1751467642,0,496.3,525.0,1152.0,False
RelationshipIndia,1lptbxy,2025-07,n0y9zon,Practical_terodactyl,True,2.0,True,2.0,False,14,1751467736,0,,,,
RelationshipIndia,1lptbxy,2025-07,n0yawha,iamtotally_fine,True,3.0,True,3.0,False,7,1751467995,0,576.1,826.0,1146.0,False
RelationshipIndia,1lptbxy,2025-07,n0yb4tx,nalla__420,True,5.0,True,4.0,False,4,1751468062,0,990.2,1791.0,20964.0,True
RelationshipIndia,1lptbxy,2025-07,n0zge43,StrongAd8833,True,4.0,False,,False,6,1751479680,0,862.7,350.0,1341.0,True
RelationshipIndia,1lptbxy,2025-07,n0yc910,rissss612,True,6.0,True,5.0,False,3,1751468380,0,699.9,616.0,795.0,True
RelationshipIndia,1lptbxy,2025-07,n12kufz,Difficult-Custard131,True,7.0,False,,False,2,1751516458,0,542.8,26.0,790.0,False
RelationshipIndia,1lptbxy,2025-07,n136vvu,Careless_Feeling8057,True,8.0,False,,False,2,1751527712,0,1658.0,43137.0,77684.0,True
RelationshipIndia,1lptbxy,2025-07,n13hlg2,Comfortable-Ball-759,True,9.0,False,,False,2,1751533966,0,1691.2,84.0,293.0,True
RelationshipIndia,1lptbxy,2025-07,n148u0r,frustration_king248,True,10.0,False,,False,2,1751546682,0,1146.3,374.0,6233.0,True
RelationshipIndia,1m3wvji,2025-07,n400btn,msmnishere,True,1.0,True,2.0,False,63,1752934900,0,1355.7,23.0,1739.0,True
RelationshipIndia,1m3wvji,2025-07,n40fgt4,humbledenough,True,2.0,True,3.0,False,16,1752939623,0,703.8,11.0,389.0,True
RelationshipIndia,1m3wvji,2025-07,n3zyv1v,Wild_Fuel_9427,True,3.0,True,1.0,False,12,1752934424,0,604.0,569.0,2179.0,True
RelationshipIndia,1m3wvji,2025-07,n45qakw,ColdAd9383,True,4.0,False,,False,5,1753016223,0,985.1,2.0,95.0,True
RelationshipIndia,1m3wvji,2025-07,n77dhu6,Tanyaxunicorn,True,5.0,False,,False,2,1754474356,0,2154.1,11431.0,117326.0,True
RelationshipIndia,1m3wvji,2025-07,n432kfj,KrakenFranken,True,6.0,True,4.0,False,1,1752970788,0,2081.3,216.0,4646.0,True
RelationshipIndia,1m3wvji,2025-07,n43kod5,yodaddy42night,True,7.0,True,5.0,False,1,1752977691,0,1972.8,2.0,514.0,True
RelationshipIndia,1m3wvji,2025-07,n44i38o,No-Cardiologist8871,True,8.0,False,,False,1,1752992845,0,2109.1,39.0,169.0,True
RelationshipIndia,1m3wvji,2025-07,n44kly8,Inevitable-Animal361,True,9.0,False,,False,1,1752994221,0,,,,
RelationshipIndia,1m3wvji,2025-07,n4537yg,infidelpreacher,True,10.0,False,,False,1,1753004980,0,4287.8,7.0,1331.0,True
RelationshipIndia,1lumrwt,2025-07,n1z0cpy,iam_diobrando,True,1.0,True,1.0,False,137,1751976491,0,456.7,1.0,122.0,True
RelationshipIndia,1lumrwt,2025-07,n1z0cnu,Gyan-Chodu-Baba-GCB,True,2.0,True,2.0,False,74,1751976491,0,358.8,36.0,10027.0,True
RelationshipIndia,1lumrwt,2025-07,n1zb2q8,Accomplished_Text906,True,3.0,True,4.0,False,25,1751980438,0,747.7,19.0,29.0,True
RelationshipIndia,1lumrwt,2025-07,n1z3zhh,Accurate_Finance_619,True,4.0,True,3.0,False,13,1751977902,0,617.7,244.0,4244.0,True
RelationshipIndia,1lumrwt,2025-07,n2088iz,virginpussypredator,True,5.0,True,5.0,False,11,1751990359,0,1214.2,60.0,464.0,True
RelationshipIndia,1lumrwt,2025-07,n20aeq4,ProfitPyjama,True,6.0,False,,False,7,1751990986,0,724.0,295.0,1728.0,True
RelationshipIndia,1lumrwt,2025-07,n25zz8m,Iamthebadguy-x1,True,7.0,False,,False,2,1752065235,0,680.8,37.0,576.0,False
RelationshipIndia,1lumrwt,2025-07,n3afjvj,BriefRecognition8582,True,8.0,False,,False,2,1752597887,0,994.3,1.0,513.0,True
personalfinanceindia,1lxu2ba,2025-07,n2p1gem,pressing_o,True,1.0,False,,False,296,1752307650,0,1167.3,375.0,7279.0,True
personalfinanceindia,1lxu2ba,2025-07,n2oyscr,blackandlavender,True,2.0,False,,False,134,1752306106,0,2238.7,4767.0,23381.0,True
personalfinanceindia,1lxu2ba,2025-07,n2oy61x,guardianangel1_1,True,3.0,False,,False,116,1752305745,0,725.7,5359.0,16354.0,False
personalfinanceindia,1lxu2ba,2025-07,n2ouw55,designgirl001,True,4.0,True,2.0,False,94,1752303851,0,,,,
personalfinanceindia,1lxu2ba,2025-07,n2ov69b,Important-Hair-4396,True,5.0,True,3.0,False,50,1752304011,0,837.9,171.0,2471.0,True
personalfinanceindia,1lxu2ba,2025-07,n2oy0im,moxie_king7268,True,6.0,False,,False,47,1752305653,0,1499.7,282.0,2470.0,True
personalfinanceindia,1lxu2ba,2025-07,n2ozlut,EastIndianDutch,True,7.0,False,,False,38,1752306579,0,918.8,575.0,1505.0,False
personalfinanceindia,1lxu2ba,2025-07,n2ous39,CyberPrag,True,8.0,True,1.0,False,32,1752303785,0,2637.8,236.0,313.0,True
personalfinanceindia,1lxu2ba,2025-07,n2p0l4n,Hnd2,True,9.0,False,,False,30,1752307146,0,,,,
personalfinanceindia,1lxu2ba,2025-07,n2ovq8j,Subjectobserver,True,10.0,False,,False,24,1752304328,0,2944.9,3365.0,21578.0,True
personalfinanceindia,1lxu2ba,2025-07,n2ovh5j,Messinem,False,,True,4.0,False,15,1752304182,0,564.8,581.0,1670.0,True
personalfinanceindia,1lxu2ba,2025-07,n2ovq4m,tifosi7,False,,True,5.0,False,8,1752304326,0,3029.0,64572.0,241525.0,True
personalfinanceindia,1m437h6,2025-07,n41gkh6,Flashy-Squirrel6762,True,1.0,False,,False,682,1752951196,0,1112.5,3279.0,77243.0,True
personalfinanceindia,1m437h6,2025-07,n41ic0k,SafetySouthern6397,True,2.0,False,,False,112,1752951763,0,568.9,73.0,751.0,True
personalfinanceindia,1m437h6,2025-07,n41efs3,Suspicious_Bake1350,True,3.0,True,3.0,False,81,1752950511,0,,,,
personalfinanceindia,1m437h6,2025-07,n41h90r,Specialist-Treat1460,True,4.0,False,,False,68,1752951414,0,1617.0,40.0,1976.0,True
personalfinanceindia,1m437h6,2025-07,n41f3we,Strong_Reference3804,True,6.0,False,,False,40,1752950728,0,580.5,112.0,499.0,True
personalfinanceindia,1m437h6,2025-07,n41jske,DetectiveChansey,True,5.0,False,,False,42,1752952238,0,1429.0,14.0,16946.0,True
personalfinanceindia,1m437h6,2025-07,n41bye8,Look4the_Light_,True,7.0,True,1.0,False,36,1752949709,0,1976.2,4127.0,12558.0,True
personalfinanceindia,1m437h6,2025-07,n41kzi5,trumpdolund,True,8.0,False,,False,26,1752952624,0,363.8,96.0,10425.0,False
personalfinanceindia,1m437h6,2025-07,n41j5by,Wide-Independence800,True,9.0,False,,False,25,1752952028,0,1759.1,570.0,270.0,True
personalfinanceindia,1m437h6,2025-07,n43e77k,South_Transition_649,True,10.0,False,,False,13,1752975206,0,487.7,160.0,1063.0,True
personalfinanceindia,1m437h6,2025-07,n41cz83,pakkykk,False,,True,2.0,False,6,1752950039,0,3396.8,2298.0,650.0,True
personalfinanceindia,1m437h6,2025-07,n41eigm,MiserableGrapefruit7,False,,True,4.0,False,5,1752950536,0,2078.9,11147.0,7549.0,True
personalfinanceindia,1m437h6,2025-07,n41err5,sumnyu,False,,True,5.0,False,4,1752950618,0,3141.0,6084.0,3694.0,True
personalfinanceindia,1lt2m4m,2025-07,n1n6ki6,kamruddinn,True,1.0,True,1.0,False,251,1751813819,0,4435.8,15725.0,35092.0,True
personalfinanceindia,1lt2m4m,2025-07,n1n7l73,urnightmare69,True,2.0,True,4.0,False,71,1751814133,0,1583.6,274.0,1040.0,True
personalfinanceindia,1lt2m4m,2025-07,n1ndvoh,Obvious-Instance9551,True,3.0,False,,False,51,1751816065,0,442.7,102.0,2125.0,True
personalfinanceindia,1lt2m4m,2025-07,n1n6ssd,SmoothLawyer4,True,4.0,True,2.0,False,38,1751813888,0,887.3,752.0,5653.0,True
personalfinanceindia,1lt2m4m,2025-07,n1nadud,Budget_Ad5115,True,5.0,False,,False,33,1751814996,0,697.9,1.0,27.0,True
personalfinanceindia,1lt2m4m,2025-07,n1n8109,hifimeriwalilife,True,6.0,True,5.0,False,24,1751814270,0,1014.5,162.0,3472.0,True
personalfinanceindia,1lt2m4m,2025-07,n1n6t7l,Remarkable-Ease-2855,True,7.0,True,3.0,False,11,1751813892,0,1274.2,154.0,615.0,True
personalfinanceindia,1lt2m4m,2025-07,n1n8d8o,friendlyvicky,True,8.0,False,,False,9,1751814375,0,2592.6,1049.0,1366.0,True
personalfinanceindia,1lt2m4m,2025-07,n1r0c96,Objective_Baker9903,True,9.0,False,,False,9,1751859634,0,1291.9,12.0,930.0,True
personalfinanceindia,1lt2m4m,2025-07,n1raudx,Imvu_credits_seller,True,10.0,False,,False,5,1751864480,0,613.9,151.0,101.0,False
personalfinanceindia,1lypbzr,2025-07,n2vkh1c,Jagaauk,True,1.0,True,2.0,False,51,1752402753,0,1101.9,7.0,317.0,False
personalfinanceindia,1lypbzr,2025-07,n2vjkbv,AshishKumar24,True,2.0,True,1.0,False,14,1752402239,0,2497.7,44.0,93.0,True
personalfinanceindia,1lypbzr,2025-07,n2vl8ik,hemanthmsd,True,3.0,True,3.0,False,9,1752403183,0,,,,
personalfinanceindia,1lypbzr,2025-07,n2w6uyr,teut_69420,True,6.0,True,5.0,False,4,1752412866,0,2163.9,399.0,6694.0,True
personalfinanceindia,1lypbzr,2025-07,n2we8fo,raju_lukka,True,4.0,False,,False,5,1752415477,0,2153.0,217.0,3648.0,False
personalfinanceindia,1lypbzr,2025-07,n2wo8m7,AdOwn4203,True,5.0,False,,False,5,1752418627,0,456.0,153.0,2138.0,True
personalfinanceindia,1lypbzr,2025-07,n2vnc5w,Zestyclose-Loss7306,True,7.0,True,4.0,False,4,1752404305,0,1521.8,1102.0,46055.0,True
personalfinanceindia,1lypbzr,2025-07,n2ww2v8,No_Introduction7538,True,8.0,False,,False,4,1752420992,0,360.0,1169.0,1498.0,True
personalfinanceindia,1lypbzr,2025-07,n2xwarg,Luffyxxxxx,True,9.0,False,,False,3,1752431729,0,838.1,1144.0,748.0,True
personalfinanceindia,1lypbzr,2025-07,n30sm45,iwasimshb,True,10.0,False,,False,2,1752467305,0,670.1,25.0,61.0,False
personalfinanceindia,1ltmbw6,2025-07,n1rhwuk,nishbipbop,True,1.0,True,1.0,False,85,1751868175,0,1714.0,245.0,3213.0,True
personalfinanceindia,1ltmbw6,2025-07,n1rju69,Outrageous_Break_911,True,2.0,False,,False,18,1751869234,0,2048.6,1637.0,2821.0,True
personalfinanceindia,1ltmbw6,2025-07,n1rikjm,Wonderful_Swan_1062,True,4.0,True,3.0,False,4,1751868534,0,2103.7,2694.0,2081.0,True
personalfinanceindia,1ltmbw6,2025-07,n1rir0x,adhemagicku,True,3.0,True,4.0,False,5,1751868631,0,546.9,981.0,4888.0,False
personalfinanceindia,1ltmbw6,2025-07,n1s1gj3,Latter_Caregiver_130,True,5.0,False,,False,4,1751879628,0,2016.9,207.0,1242.0,True
personalfinanceindia,1ltmbw6,2025-07,n1ridc4,d_11,True,6.0,True,2.0,False,3,1751868424,0,3091.1,3010.0,10641.0,True
personalfinanceindia,1ltmbw6,2025-07,n1rjpjo,GenePossible4526,True,7.0,False,,False,2,1751869162,0,474.1,6.0,42.0,True
personalfinanceindia,1ltmbw6,2025-07,n1s3f3d,RecluseWithSelfDoubt,True,8.0,False,,False,2,1751880816,0,740.2,504.0,2824.0,True
personalfinanceindia,1ltmbw6,2025-07,n1sw3vd,Broad-Research5220,True,9.0,False,,False,2,1751893980,0,1579.6,111885.0,17683.0,True
personalfinanceindia,1ltmbw6,2025-07,n2p23ch,IndianThought,True,10.0,False,,False,2,1752308027,0,3096.8,3.0,79.0,True
personalfinanceindia,1ltmbw6,2025-07,n1rj670,rishrushrish,False,,True,5.0,False,1,1751868864,0,2651.5,5849.0,17170.0,True
personalfinanceindia,1md10w4,2025-07,n5y193t,SummerSunWinter,True,1.0,True,2.0,False,145,1753864587,0,,,,
personalfinanceindia,1md10w4,2025-07,n5y4yp8,indigeni,True,2.0,True,4.0,False,73,1753866752,0,1116.2,473.0,10759.0,True
personalfinanceindia,1md10w4,2025-07,n5y0zln,IgnisDa,True,3.0,True,1.0,False,62,1753864433,0,2657.3,10568.0,37548.0,True
personalfinanceindia,1md10w4,2025-07,n5y4zgk,jiohotstarlogosucks,True,4.0,True,5.0,False,51,1753866765,0,,,,
personalfinanceindia,1md10w4,2025-07,n5y2tw9,SaracasticByte,True,5.0,True,3.0,False,35,1753865509,0,780.1,540.0,70806.0,True
personalfinanceindia,1md10w4,2025-07,n5ya9jz,potlover4200,True,6.0,False,,False,13,1753869770,0,2767.3,133.0,14347.0,True
personalfinanceindia,1md10w4,2025-07,n5y6lza,anshu_man926,True,7.0,False,,False,11,1753867714,0,2538.5,245.0,209.0,True
personalfinanceindia,1md10w4,2025-07,n5y7yp2,anshu_man926,True,9.0,False,,False,9,1753868501,0,2538.5,245.0,209.0,True
personalfinanceindia,1md10w4,2025-07,n5yca0y,purushottam2216,True,8.0,False,,False,11,1753870844,0,698.5,214.0,1694.0,True
personalfinanceindia,1md10w4,2025-07,n5y5hoi,Fin_Turtle,True,10.0,False,,False,8,1753867058,0,510.9,558.0,31799.0,True
personalfinanceindia,1m204ha,2025-07,n3l44vj,ruchir031,True,1.0,True,2.0,False,51,1752733950,0,3640.4,21127.0,11440.0,True
personalfinanceindia,1m204ha,2025-07,n3l4agf,No-Shift-9598,True,2.0,True,3.0,False,31,1752734031,0,364.2,1.0,24.0,True
personalfinanceindia,1m204ha,2025-07,n3l54uy,flight_or_fight,True,3.0,True,5.0,False,22,1752734469,0,4243.3,596.0,65531.0,True
personalfinanceindia,1m204ha,2025-07,n3l4g7j,AdMiserable9924,True,4.0,True,4.0,False,12,1752734114,0,,,,
personalfinanceindia,1m204ha,2025-07,n3l3aqy,eskaydel22,True,5.0,True,1.0,False,9,1752733519,0,1501.4,419.0,403.0,True
personalfinanceindia,1m204ha,2025-07,n3njkte,According_Bear1543,True,6.0,False,,False,6,1752768497,0,,,,
personalfinanceindia,1m204ha,2025-07,n3no9se,Fattu_trader,True,7.0,False,,False,4,1752769806,0,1336.0,776.0,1129.0,True
personalfinanceindia,1m204ha,2025-07,n3lky71,Iced-Father,True,9.0,False,,False,3,1752743314,0,2118.4,1495.0,7818.0,True
personalfinanceindia,1m204ha,2025-07,n3lpwcq,psydelicdaydreamer,True,8.0,False,,False,4,1752746087,0,3193.2,2096.0,13851.0,True
personalfinanceindia,1m204ha,2025-07,n3smtf4,Working-Cry5143,True,10.0,False,,False,3,1752836407,0,1525.3,330.0,894.0,True
personalfinanceindia,1m2s2kk,2025-07,n3r9u25,Disastrous_Top_5763,True,1.0,True,1.0,False,118,1752810948,0,712.1,10.0,210.0,True
personalfinanceindia,1m2s2kk,2025-07,n3rbi3i,jiohotstarlogosucks,True,2.0,True,3.0,False,27,1752811663,0,,,,
personalfinanceindia,1m2s2kk,2025-07,n3r9zm1,Fit_Range_6806,True,3.0,True,2.0,False,17,1752811014,0,,,,
personalfinanceindia,1m2s2kk,2025-07,n3rdfcy,Inside_Dimension5308,True,4.0,False,,False,10,1752812503,0,1861.3,480.0,15489.0,True
personalfinanceindia,1m2s2kk,2025-07,n3rr16e,Particular_South_624,True,5.0,False,,False,5,1752819081,0,1255.8,2161.0,2541.0,True
personalfinanceindia,1m2s2kk,2025-07,n3s51n8,Former-Collection-47,True,6.0,False,,False,5,1752826767,0,438.9,399.0,757.0,True
personalfinanceindia,1m2s2kk,2025-07,n3rc2i9,dizzy12527,True,7.0,True,4.0,False,3,1752811908,0,2747.2,3617.0,12750.0,True
personalfinanceindia,1m2s2kk,2025-07,n3rj9ro,returnofk,True,8.0,False,,False,3,1752815189,0,954.3,25.0,492.0,True
personalfinanceindia,1m2s2kk,2025-07,n3rchko,Dhoomphatash,True,9.0,True,5.0,False,2,1752812089,0,4600.8,211.0,936.0,True
personalfinanceindia,1m2s2kk,2025-07,n3rg5zx,toki-toki12,True,10.0,False,,False,2,1752813745,0,451.2,62.0,204.0,True
personalfinanceindia,1lpr8fj,2025-07,n0ww0wv,hriturm,True,1.0,True,1.0,False,70,1751448302,0,1705.1,61.0,261.0,True
personalfinanceindia,1lpr8fj,2025-07,n0wwfvg,MatchLock__,True,2.0,True,3.0,False,55,1751448544,0,1747.1,3858.0,24207.0,True
personalfinanceindia,1lpr8fj,2025-07,n0x0rcz,Nirmal4G,True,3.0,True,4.0,False,36,1751450956,0,3500.1,92.0,3223.0,True
personalfinanceindia,1lpr8fj,2025-07,n0x9jm6,FailBrave8666,True,4.0,False,,False,26,1751455237,0,608.1,109.0,1101.0,True
personalfinanceindia,1lpr8fj,2025-07,n0wwe5c,Usual_Sir5304,True,5.0,True,2.0,False,16,1751448517,0,,,,
personalfinanceindia,1lpr8fj,2025-07,n0xy9h9,Miserable_Board8419,True,6.0,False,,False,13,1751464274,0,424.3,178.0,13268.0,True
personalfinanceindia,1lpr8fj,2025-07,n0xt6y6,Sam_1803,True,7.0,False,,False,12,1751462633,0,2684.9,1.0,104.0,True
personalfinanceindia,1lpr8fj,2025-07,n0xae4a,Accomplished_Yam_447,True,8.0,False,,False,6,1751455603,0,2064.0,2160.0,576.0,True
personalfinanceindia,1lpr8fj,2025-07,n0xll4t,lazygeek,True,9.0,False,,False,3,1751460022,0,4771.9,2862.0,13635.0,True
personalfinanceindia,1lpr8fj,2025-07,n0y4943,unmole,True,10.0,False,,False,3,1751466077,0,4787.9,11542.0,23362.0,True
personalfinanceindia,1lpr8fj,2025-07,n0x343c,simpleguy410,False,,True,5.0,False,-5,1751452192,0,417.4,673.0,1301.0,True
personalfinanceindia,1lrbgjh,2025-07,n19hzag,champaklali,True,1.0,True,3.0,False,211,1751610271,0,1489.2,160.0,4674.0,True
personalfinanceindia,1lrbgjh,2025-07,n19gvtg,Unlucky_Claim5822,True,2.0,True,2.0,False,84,1751609697,0,493.8,19.0,1124.0,True
personalfinanceindia,1lrbgjh,2025-07,n19ja06,indigeni,True,3.0,False,,False,56,1751610955,0,1116.2,473.0,10759.0,True
personalfinanceindia,1lrbgjh,2025-07,n19k6ts,alonegamers,True,4.0,False,,False,41,1751611435,0,2381.9,339.0,4634.0,True
personalfinanceindia,1lrbgjh,2025-07,n19izud,hotcoolhot,True,5.0,True,5.0,False,20,1751610804,0,5258.5,5029.0,98636.0,True
personalfinanceindia,1lrbgjh,2025-07,n19j62o,Alarmed_Front4263,True,6.0,False,,False,15,1751610897,0,1344.1,390.0,5397.0,True
personalfinanceindia,1lrbgjh,2025-07,n19kx56,xLoneStar,True,7.0,False,,False,15,1751611821,0,3506.0,609.0,13811.0,True
personalfinanceindia,1lrbgjh,2025-07,n19o4sb,geekyneha,True,8.0,False,,False,14,1751613568,0,1289.8,1558.0,8099.0,True
personalfinanceindia,1lrbgjh,2025-07,n19i20i,Salty_Designer123,True,9.0,True,4.0,False,11,1751610310,0,771.5,143.0,2986.0,True
personalfinanceindia,1lrbgjh,2025-07,n19gh4f,LifeIsHard2030,False,,True,1.0,False,4,1751609486,0,1557.7,3558.0,102308.0,True
personalfinanceindia,1lrbgjh,2025-07,n19mfrp,NagarjunaY,True,10.0,False,,False,6,1751612632,0,2722.3,160.0,68.0,True
unitedstatesofindia,1m3oinj,2025-07,n3y7jve,BrownBomber05,True,1.0,True,1.0,False,174,1752904214,0,1424.2,490.0,6286.0,True
unitedstatesofindia,1m3oinj,2025-07,n3y91mo,SnooPies223,True,2.0,True,4.0,False,63,1752904992,0,2123.6,18.0,6983.0,True
unitedstatesofindia,1m3oinj,2025-07,n3yj0jf,blinkvlr,True,3.0,False,,False,40,1752910448,0,1285.9,197.0,1470.0,True
unitedstatesofindia,1m3oinj,2025-07,n3y8lp3,TylerDurdenpromax,True,4.0,True,3.0,False,30,1752904761,0,578.0,6834.0,4812.0,True
unitedstatesofindia,1m3oinj,2025-07,n3ycss0,anonymous_cutie_nerd,True,6.0,False,,False,17,1752907000,0,1532.4,4573.0,18041.0,True
unitedstatesofindia,1m3oinj,2025-07,n3y81pc,bipolar-scorpio,True,5.0,True,2.0,False,22,1752904473,0,436.4,34239.0,26119.0,True
unitedstatesofindia,1m3oinj,2025-07,n3yfjlf,straightdge,True,7.0,False,,False,16,1752908502,0,3208.5,243324.0,48035.0,True
unitedstatesofindia,1m3oinj,2025-07,n3yadgd,3310_sumit,True,8.0,False,,False,15,1752905693,0,2410.0,269.0,17546.0,True
unitedstatesofindia,1m3oinj,2025-07,n3yg0il,IcyScore2684,True,9.0,False,,False,6,1752908760,0,369.7,62.0,1729.0,True
unitedstatesofindia,1m3oinj,2025-07,n3yhb2v,phahpullandbear,True,10.0,False,,False,6,1752909483,0,985.9,1029.0,32960.0,True
unitedstatesofindia,1m3oinj,2025-07,n3yacvt,Thoughtporn123,False,,True,5.0,False,3,1752905684,0,1297.6,5880.0,47629.0,True
unitedstatesofindia,1m17e9h,2025-07,n3ezhwo,posthumoslyHilarious,True,1.0,False,,False,444,1752657187,0,2708.6,1156.0,15443.0,True
unitedstatesofindia,1m17e9h,2025-07,n3ewsdk,NotTheHeroYouAsked,True,2.0,True,2.0,False,407,1752655612,0,,,,
unitedstatesofindia,1m17e9h,2025-07,n3ex89g,dogisgodspeltright,True,3.0,True,4.0,False,307,1752655871,0,1594.9,1504.0,284492.0,True
unitedstatesofindia,1m17e9h,2025-07,n3f3aky,electr0de07,True,4.0,False,,False,296,1752659376,0,3124.9,121.0,4031.0,True
unitedstatesofindia,1m17e9h,2025-07,n3ez6au,3310_sumit,True,5.0,False,,False,199,1752657001,0,2410.0,269.0,17546.0,True
unitedstatesofindia,1m17e9h,2025-07,n3ex7wx,Fun_Coffee_9207,True,6.0,True,3.0,False,171,1752655865,0,801.0,419.0,20455.0,True
unitedstatesofindia,1m17e9h,2025-07,n3ewlb0,frizene26,True,7.0,True,1.0,False,153,1752655497,0,2370.0,139710.0,177058.0,True
unitedstatesofindia,1m17e9h,2025-07,n3exxxw,sc1onic,True,8.0,True,5.0,False,78,1752656284,0,3420.3,12819.0,142393.0,True
unitedstatesofindia,1m17e9h,2025-07,n3f6cyx,1tonsoprano,True,9.0,False,,False,77,1752661035,0,4315.0,3183.0,64181.0,True
unitedstatesofindia,1m17e9h,2025-07,n3ezwqx,Zealousideal-Year933,True,10.0,False,,False,60,1752657429,0,1626.8,949.0,12741.0,True
unitedstatesofindia,1m12fyp,2025-07,n3dxrp6,SuchIntroduction4335,True,1.0,True,1.0,False,565,1752637375,0,1425.9,422.0,14983.0,True
unitedstatesofindia,1m12fyp,2025-07,n3dza7c,ClickyChucky,True,2.0,True,5.0,False,454,1752637987,0,2699.7,3210.0,2249.0,True
unitedstatesofindia,1m12fyp,2025-07,n3dzaef,JackedAndLeveraged,True,3.0,False,,False,380,1752637989,0,,,,
unitedstatesofindia,1m12fyp,2025-07,n3dzd01,dArklOrd0p,True,4.0,False,,False,87,1752638017,0,2159.9,1.0,5610.0,True
unitedstatesofindia,1m12fyp,2025-07,n3dynye,Kiteretsu_miyoko,True,5.0,True,3.0,False,83,1752637740,0,341.8,99.0,16179.0,True
unitedstatesofindia,1m12fyp,2025-07,n3dyhuw,Successful-Essay-755,True,6.0,True,2.0,False,63,1752637671,0,1062.3,487.0,3950.0,True
unitedstatesofindia,1m12fyp,2025-07,n3e1li5,Rohit_BFire,True,7.0,False,,False,40,1752638941,0,2537.0,77525.0,282560.0,True
unitedstatesofindia,1m12fyp,2025-07,n3e50ly,Repulsive_Bread_2417,True,8.0,False,,False,25,1752640470,0,1166.2,43.0,419.0,True
unitedstatesofindia,1m12fyp,2025-07,n3e7zw0,find_a_rare_uuid,True,10.0,False,,False,20,1752642074,0,670.7,41615.0,202686.0,True
unitedstatesofindia,1m12fyp,2025-07,n3e8seh,Any-Tax-7251,True,9.0,False,,False,23,1752642478,0,899.8,1920.0,2095.0,True
unitedstatesofindia,1m12fyp,2025-07,n3dyx1l,decentbeast,False,,True,4.0,False,19,1752637839,0,2576.2,271.0,8123.0,True
unitedstatesofindia,1m3t9zm,2025-07,n3z5ay1,Overall-Resolve-3807,True,1.0,True,2.0,False,1005,1752922824,0,1095.3,32.0,14173.0,True
unitedstatesofindia,1m3t9zm,2025-07,n3z52au,BionicWanderer2506,True,2.0,True,1.0,False,591,1752922706,0,1406.9,1709.0,49212.0,True
unitedstatesofindia,1m3t9zm,2025-07,n3z5azo,tweedledix,True,3.0,True,3.0,False,257,1752922825,0,3426.7,98.0,2952.0,True
unitedstatesofindia,1m3t9zm,2025-07,n3z76g6,Ok_Reflection4626,True,4.0,False,,False,124,1752923727,0,817.9,684.0,4186.0,True
unitedstatesofindia,1m3t9zm,2025-07,n3z5yl0,Majestic-Effort-541,True,5.0,True,4.0,False,91,1752923143,0,595.0,1027.0,52822.0,True
unitedstatesofindia,1m3t9zm,2025-07,n3zgqk2,LetsDiscussQ,True,6.0,False,,False,59,1752927859,0,712.2,1326.0,31774.0,True
unitedstatesofindia,1m3t9zm,2025-07,n3z61gr,Nomadspen,True,7.0,True,5.0,False,37,1752923182,0,1482.3,867.0,12854.0,True
unitedstatesofindia,1m3t9zm,2025-07,n3z8vl5,AllIsEvanescent,True,8.0,False,,False,29,1752924506,0,848.4,7380.0,59582.0,True
unitedstatesofindia,1m3t9zm,2025-07,n3z815i,Unchained---,True,9.0,False,,False,22,1752924123,0,1162.0,603.0,3153.0,True
unitedstatesofindia,1m3t9zm,2025-07,n3zahib,SenseAny486,True,10.0,False,,False,19,1752925229,0,1376.8,2716.0,46445.0,True
unitedstatesofindia,1m7u9o9,2025-07,n4uc4pq,jaguuuu,True,1.0,False,,False,807,1753330354,0,2146.6,1440.0,21164.0,True
unitedstatesofindia,1m7u9o9,2025-07,n4uaf09,mahakaal00,True,2.0,True,1.0,False,298,1753329603,0,471.1,1.0,2562.0,True
unitedstatesofindia,1m7u9o9,2025-07,n4ube4u,Reasonable_Sample_40,True,3.0,True,4.0,False,286,1753330031,0,1855.0,1704.0,48923.0,True
unitedstatesofindia,1m7u9o9,2025-07,n4ubxc1,Boring_Astronaut_421,True,4.0,True,5.0,False,180,1753330264,0,1901.7,145.0,2123.0,True
unitedstatesofindia,1m7u9o9,2025-07,n4uftz9,fA_Iz_69,True,5.0,False,,False,103,1753332039,0,1651.2,2968.0,4841.0,True
unitedstatesofindia,1m7u9o9,2025-07,n4ubyz9,insanebabydoll,True,6.0,False,,False,87,1753330284,0,,,,
unitedstatesofindia,1m7u9o9,2025-07,n4uazl8,Quick-Seaworthiness9,True,7.0,True,2.0,False,86,1753329854,0,2123.0,1767.0,11348.0,True
unitedstatesofindia,1m7u9o9,2025-07,n4uba0k,Jungian_soul,True,8.0,True,3.0,False,55,1753329981,0,1016.9,202.0,4410.0,True
unitedstatesofindia,1m7u9o9,2025-07,n4ubzl8,Bleak_star_dust,True,9.0,False,,False,44,1753330292,0,1202.0,1278.0,152190.0,True
unitedstatesofindia,1m7u9o9,2025-07,n4udfez,Asleep-Television-24,True,10.0,False,,False,41,1753330934,0,2020.4,17213.0,27400.0,True
unitedstatesofindia,1ly0q0r,2025-07,n2q5y7v,Ok_Somewhere9687,True,1.0,True,1.0,True,555,1752327697,0,,,,
unitedstatesofindia,1ly0q0r,2025-07,n2q9fa9,anor_wondo,True,2.0,True,4.0,False,228,1752328915,0,2849.1,2400.0,110694.0,True
unitedstatesofindia,1ly0q0r,2025-07,n2qa3l2,lemmelearnlol,True,3.0,True,5.0,False,72,1752329149,0,2642.2,13994.0,27653.0,True
unitedstatesofindia,1ly0q0r,2025-07,n2q9eoq,HmmSheriOkay,True,4.0,True,3.0,False,71,1752328910,0,1089.6,1931.0,17335.0,True
unitedstatesofindia,1ly0q0r,2025-07,n2qjnkc,Toulalan,True,5.0,False,,False,66,1752332287,0,3064.6,1312.0,2391.0,True
unitedstatesofindia,1ly0q0r,2025-07,n2q87dr,logicrak,True,6.0,True,2.0,False,59,1752328492,0,989.9,54118.0,94762.0,True
unitedstatesofindia,1ly0q0r,2025-07,n2qkgct,Background-Yam634,True,7.0,False,,False,20,1752332539,0,1058.0,24.0,6007.0,True
unitedstatesofindia,1ly0q0r,2025-07,n2qeah9,Decent_Progress_8678,True,8.0,False,,False,12,1752330551,0,690.4,2034.0,2763.0,True
unitedstatesofindia,1ly0q0r,2025-07,n2txxe3,Fantasy-512,True,9.0,False,,False,5,1752372980,0,1530.9,82.0,29664.0,True
unitedstatesofindia,1ly0q0r,2025-07,n2qoovw,Zealousideal_Jump981,True,10.0,False,,False,3,1752333878,0,2092.1,835.0,1839.0,True
unitedstatesofindia,1m17q8t,2025-07,n3ez62x,TheReaderDude_97,True,1.0,True,1.0,False,319,1752656998,0,912.2,40806.0,96699.0,True
unitedstatesofindia,1m17q8t,2025-07,n3f1c5a,20sRandom,True,2.0,True,3.0,False,206,1752658264,0,2272.4,3693.0,9029.0,True
unitedstatesofindia,1m17q8t,2025-07,n3f1nl2,Fit-Criticism-7165,True,3.0,True,4.0,False,96,1752658451,0,1097.0,8301.0,20616.0,True
unitedstatesofindia,1m17q8t,2025-07,n3f5crg,insanebabydoll,True,5.0,True,5.0,False,38,1752660496,0,,,,
unitedstatesofindia,1m17q8t,2025-07,n3fq722,Guaranteed_username,True,4.0,False,,False,39,1752669564,0,2420.1,22404.0,14264.0,True
unitedstatesofindia,1m17q8t,2025-07,n3f04zp,Feisty_Reason_6288,True,7.0,True,2.0,False,25,1752657561,0,656.2,21.0,14905.0,False
unitedstatesofindia,1m17q8t,2025-07,n3fektp,stoikrus1,True,6.0,False,,False,26,1752664993,0,4972.9,38006.0,33003.0,True
unitedstatesofindia,1m17q8t,2025-07,n3ff63t,Nairobi02,True,8.0,False,,False,5,1752665251,0,2185.4,43965.0,5653.0,True
unitedstatesofindia,1m17q8t,2025-07,n3fsl7y,shubh_oasis05,True,9.0,False,,False,5,1752670397,0,3252.9,34.0,2586.0,True
unitedstatesofindia,1m17q8t,2025-07,n3hlms4,IndPolCom,True,10.0,False,,False,2,1752690382,0,,,,
unitedstatesofindia,1lsx000,2025-07,n1lxyc9,Zawasdea_Zygote,True,1.0,False,,False,872,1751794513,0,1211.4,9491.0,9236.0,True
unitedstatesofindia,1lsx000,2025-07,n1lwhg5,Ok_Somewhere9687,True,2.0,True,1.0,True,631,1751793594,0,,,,
unitedstatesofindia,1lsx000,2025-07,n1lxz81,Seaker_1234,True,3.0,False,,False,188,1751794528,0,1185.8,1754.0,9422.0,True
unitedstatesofindia,1lsx000,2025-07,n1lwonx,Remote_Werewolf_1863,True,4.0,True,2.0,False,72,1751793722,0,595.7,94.0,1462.0,True
unitedstatesofindia,1lsx000,2025-07,n1lyitx,Xakemi83,True,5.0,False,,False,51,1751794862,0,,,,
unitedstatesofindia,1lsx000,2025-07,n1lyc6g,SKAr-FACE,True,7.0,False,,False,48,1751794748,0,2646.8,26750.0,42142.0,True
unitedstatesofindia,1lsx000,2025-07,n1lzqn8,concernedindianguy,True,6.0,False,,False,50,1751795595,0,3371.0,67028.0,46898.0,True
unitedstatesofindia,1lsx000,2025-07,n1m056v,DustyAsh69,True,8.0,False,,False,40,1751795834,0,1316.9,3343.0,109199.0,True
unitedstatesofindia,1lsx000,2025-07,n1lwy8e,Dear__D,True,10.0,True,3.0,False,32,1751793886,0,1378.6,254.0,1923.0,True
unitedstatesofindia,1lsx000,2025-07,n1lxbs6,lgl_egl,True,9.0,True,4.0,False,35,1751794120,0,,,,
unitedstatesofindia,1lsx000,2025-07,n1lxeob,No-Cook1515,False,,True,5.0,False,20,1751794172,0,1785.2,1.0,370.0,True
unitedstatesofindia,1lp5xy3,2025-07,n0sb5y8,PhantomOfTheNopera,True,1.0,False,,False,707,1751388132,0,2113.4,20880.0,530037.0,True
unitedstatesofindia,1lp5xy3,2025-07,n0sogjc,winelover97,True,2.0,False,,False,383,1751391737,0,3315.1,6315.0,7622.0,True
unitedstatesofindia,1lp5xy3,2025-07,n0s82so,Radiant-Cream-4318,True,3.0,True,3.0,False,346,1751387261,0,,,,
unitedstatesofindia,1lp5xy3,2025-07,n0s8183,gilliatnet,True,4.0,True,1.0,False,315,1751387249,0,5366.7,3057.0,6904.0,True
unitedstatesofindia,1lp5xy3,2025-07,n0sakr6,Affectionate-Ball-35,True,5.0,True,4.0,False,305,1751387967,0,2130.7,1014.0,16617.0,True
unitedstatesofindia,1lp5xy3,2025-07,n0sbyoe,Kan14,True,6.0,False,,False,164,1751388355,0,2810.5,1.0,1793.0,True
unitedstatesofindia,1lp5xy3,2025-07,n0soj93,Quiet_Form_2800,True,7.0,False,,False,77,1751391758,0,1462.0,21303.0,4115.0,True
unitedstatesofindia,1lp5xy3,2025-07,n0se8ao,witty_S,True,8.0,False,,False,54,1751388985,0,1097.1,178.0,2721.0,True
unitedstatesofindia,1lp5xy3,2025-07,n0sb44v,ur_anus_,True,9.0,True,5.0,False,52,1751388118,0,2151.5,7029.0,501.0,True
unitedstatesofindia,1lp5xy3,2025-07,n0sgosp,sid_thee,True,10.0,False,,False,46,1751389652,0,2233.6,57.0,1199.0,True
unitedstatesofindia,1lp5xy3,2025-07,n0s82l2,Shiroyasha_a,False,,True,2.0,True,25,1751387260,0,,,,
unitedstatesofindia,1m4fick,2025-07,n4446mu,Expensive_Slice_4835,True,1.0,False,,False,269,1752985900,0,1588.6,162757.0,20785.0,True
unitedstatesofindia,1m4fick,2025-07,n4419xo,indanofucingwau,True,2.0,True,2.0,False,164,1752984591,0,518.9,2599.0,19747.0,True
unitedstatesofindia,1m4fick,2025-07,n441afo,FlyingBike6000,True,3.0,True,3.0,False,115,1752984597,0,527.2,61.0,10182.0,True
unitedstatesofindia,1m4fick,2025-07,n443bsg,insanebabydoll,True,4.0,False,,False,36,1752985512,0,,,,
unitedstatesofindia,1m4fick,2025-07,n444216,SnooPies223,True,5.0,False,,False,21,1752985840,0,2123.6,18.0,6983.0,True
unitedstatesofindia,1m4fick,2025-07,n4466oa,IndPolCom,True,6.0,False,,False,17,1752986826,0,,,,
unitedstatesofindia,1m4fick,2025-07,n441vwu,drdeepakjoseph,True,7.0,True,5.0,False,16,1752984863,0,4246.4,5691.0,11356.0,True
unitedstatesofindia,1m4fick,2025-07,n4409kk,frizene26,True,8.0,True,1.0,True,15,1752984141,0,2370.0,139710.0,177058.0,True
unitedstatesofindia,1m4fick,2025-07,n441vk3,Highmanshuo,True,9.0,True,4.0,False,12,1752984859,0,,,,
unitedstatesofindia,1m4fick,2025-07,n446wkl,hispeedimagins,True,10.0,False,,False,11,1752987169,0,1871.5,104.0,9975.0,True
IndianStreetBets,1lrksgx,2025-07,n1bgmma,Beautiful_Device_549,True,1.0,True,4.0,False,621,1751641736,0,1088.3,695.0,4349.0,True
IndianStreetBets,1lrksgx,2025-07,n1bf3s4,Jaded-Internal-6611,True,2.0,True,1.0,False,329,1751641277,0,1677.8,232.0,1717.0,True
IndianStreetBets,1lrksgx,2025-07,n1bfsy3,carelessNinja101,True,3.0,True,2.0,False,33,1751641487,0,1965.0,2238.0,17311.0,True
IndianStreetBets,1lrksgx,2025-07,n1c0wzt,mavrcktrdr,True,4.0,False,,False,31,1751647871,0,2256.1,385.0,142.0,True
IndianStreetBets,1lrksgx,2025-07,n1bgcru,coldstone87,True,5.0,True,3.0,False,28,1751641653,0,1821.4,1700.0,26808.0,True
IndianStreetBets,1lrksgx,2025-07,n1bn7la,gr8gizmoguru,True,7.0,False,,False,13,1751643706,0,,,,
IndianStreetBets,1lrksgx,2025-07,n1bosv4,pm_me_feet_pics_plz3,True,6.0,False,,False,15,1751644181,0,352.4,416.0,4707.0,True
IndianStreetBets,1lrksgx,2025-07,n1bje8x,jumbovada,True,8.0,True,5.0,False,9,1751642566,0,1966.1,45.0,23293.0,True
IndianStreetBets,1lrksgx,2025-07,n1brw9o,PrestigiousWish105,True,9.0,False,,False,6,1751645112,0,944.0,68.0,17624.0,True
IndianStreetBets,1lrksgx,2025-07,n1cjgw8,hanihaneefa,True,10.0,False,,False,4,1751653520,0,2776.8,80156.0,5412.0,True
IndianStreetBets,1m16bf5,2025-07,n3epip5,HODL_buddy,True,1.0,True,1.0,False,570,1752651377,0,338.9,13216.0,876.0,True
IndianStreetBets,1m16bf5,2025-07,n3es1su,UnoptimizedStudent,True,2.0,True,4.0,False,159,1752652826,0,1421.1,706.0,16501.0,True
IndianStreetBets,1m16bf5,2025-07,n3evadt,Pale_Butterfly_6688,True,3.0,False,,False,92,1752654726,0,1923.2,1.0,61.0,True
IndianStreetBets,1m16bf5,2025-07,n3ffqfo,silentintrovert95,True,4.0,False,,False,55,1752665498,0,2625.8,542.0,13819.0,True
IndianStreetBets,1m16bf5,2025-07,n3f6qq4,vEnoM_420,True,5.0,False,,False,51,1752661237,0,2809.0,4175.0,12979.0,True
IndianStreetBets,1m16bf5,2025-07,n3epvdn,Embarrassed_Look9200,True,6.0,True,3.0,False,41,1752651581,0,425.0,19946.0,95234.0,True
IndianStreetBets,1m16bf5,2025-07,n3epjjo,Otherwise_Tower3862,True,7.0,True,2.0,False,30,1752651392,0,1367.8,11.0,4058.0,True
IndianStreetBets,1m16bf5,2025-07,n3euuu4,StfuCrazy1,True,8.0,True,5.0,False,23,1752654475,0,,,,
IndianStreetBets,1m16bf5,2025-07,n3evdrq,gsvdeep,True,9.0,False,,False,7,1752654782,0,1156.1,44.0,4020.0,True
IndianStreetBets,1m16bf5,2025-07,n3fh2oe,LiveSlay,True,10.0,False,,False,6,1752666069,0,639.3,519.0,12695.0,True
IndianStreetBets,1lz9w8r,2025-07,n305z8h,AdorableFinance4266,True,1.0,True,5.0,False,512,1752458218,0,520.6,3878.0,2853.0,False
IndianStreetBets,1lz9w8r,2025-07,n3055xl,Administrative_Aide9,True,2.0,True,3.0,False,392,1752457929,0,2160.1,78.0,1048.0,True
IndianStreetBets,1lz9w8r,2025-07,n303zna,Fin_Turtle,True,3.0,True,1.0,False,163,1752457505,0,510.9,558.0,31799.0,True
IndianStreetBets,1lz9w8r,2025-07,n305iwy,Sudden-Air-243,True,4.0,True,4.0,False,92,1752458055,0,1456.0,3627.0,16429.0,True
IndianStreetBets,1lz9w8r,2025-07,n307lhv,KSK_GAMING,True,5.0,False,,False,85,1752458808,0,1753.0,1619.0,45254.0,True
IndianStreetBets,1lz9w8r,2025-07,n30bakl,chiuchebaba,True,6.0,False,,False,83,1752460149,0,2141.2,14761.0,44107.0,True
IndianStreetBets,1lz9w8r,2025-07,n309idk,coldstone87,True,7.0,False,,False,63,1752459503,0,1821.4,1700.0,26808.0,True
IndianStreetBets,1lz9w8r,2025-07,n307ox9,Exciting_Strike5598,True,8.0,False,,False,43,1752458843,0,937.2,4224.0,63859.0,True
IndianStreetBets,1lz9w8r,2025-07,n3040kt,scarytale852,True,9.0,True,2.0,False,18,1752457514,0,1722.1,15.0,6347.0,True
IndianStreetBets,1lz9w8r,2025-07,n30avs7,Anurag2426,True,10.0,False,,False,15,1752459998,0,3102.6,642.0,6254.0,True
IndianStreetBets,1lufagn,2025-07,n1xid84,Pragitya,True,1.0,True,1.0,False,921,1751948336,0,2595.5,1035.0,90147.0,True
IndianStreetBets,1lufagn,2025-07,n1xji6z,Pragitya,True,2.0,True,5.0,False,828,1751948844,0,2595.5,1035.0,90147.0,True
IndianStreetBets,1lufagn,2025-07,n1xkoss,organised-choas,True,3.0,False,,False,501,1751949373,0,1035.2,5480.0,27045.0,True
IndianStreetBets,1lufagn,2025-07,n1xiz36,Sad_Compote_2495,True,4.0,True,3.0,False,334,1751948608,0,1596.2,1711.0,19076.0,True
IndianStreetBets,1lufagn,2025-07,n1xjt3v,Spiritwarrior1124,True,5.0,False,,False,130,1751948978,0,624.2,1004.0,2657.0,True
IndianStreetBets,1lufagn,2025-07,n1xjfv8,the_quiescent_one,True,6.0,True,4.0,False,91,1751948814,0,2080.3,7301.0,5994.0,True
IndianStreetBets,1lufagn,2025-07,n1xjjps,Select_Maintenance67,True,7.0,False,,False,69,1751948862,0,1952.9,814.0,6846.0,True
IndianStreetBets,1lufagn,2025-07,n1xk470,SageSharma,True,8.0,False,,False,65,1751949116,0,584.0,25627.0,53717.0,True
IndianStreetBets,1lufagn,2025-07,n1xms7s,nishantam,True,9.0,False,,False,37,1751950343,0,5169.5,2203.0,9669.0,True
IndianStreetBets,1lufagn,2025-07,n1xjnny,RunDull4583,True,10.0,False,,False,22,1751948911,0,2116.9,1562.0,353.0,True
IndianStreetBets,1lufagn,2025-07,n1xir6g,redditu5er,False,,True,2.0,False,18,1751948509,0,5973.6,443.0,6404.0,True
IndianStreetBets,1md51v8,2025-07,n5yuw8i,Royal-Historian-9749,True,1.0,False,,False,783,1753878786,0,580.0,349.0,4868.0,False
IndianStreetBets,1md51v8,2025-07,n5ytpun,freakedmind,True,2.0,True,4.0,False,514,1753878360,0,4247.6,41658.0,890013.0,True
IndianStreetBets,1md51v8,2025-07,n5ytdvt,proprotional,True,3.0,True,2.0,False,486,1753878239,0,1217.6,381.0,1241.0,False
IndianStreetBets,1md51v8,2025-07,n5ytu22,Unfair_Ad_8659,True,4.0,True,5.0,False,443,1753878401,0,1871.4,102.0,1055.0,True
IndianStreetBets,1md51v8,2025-07,n5ytnb5,OrdinaryPotential506,True,5.0,True,3.0,False,119,1753878335,0,2029.1,41.0,10771.0,True
IndianStreetBets,1md51v8,2025-07,n5yu9st,docatwar,True,6.0,False,,False,96,1753878559,0,3909.7,14920.0,61761.0,False
IndianStreetBets,1md51v8,2025-07,n5yuu3t,DilliKaLadka,True,7.0,False,,False,82,1753878764,0,2963.8,2857.0,190774.0,True
IndianStreetBets,1md51v8,2025-07,n5ywjwa,soulseeker31,True,8.0,False,,False,59,1753879373,0,2772.4,27463.0,529104.0,True
IndianStreetBets,1md51v8,2025-07,n5yt5pw,dollar-guru,True,9.0,True,1.0,False,46,1753878156,0,1874.0,256.0,11396.0,True
IndianStreetBets,1md51v8,2025-07,n5yvs07,earthling011,True,10.0,False,,False,38,1753879100,0,1598.5,6698.0,47075.0,True
IndianStreetBets,1lynyq8,2025-07,n2vbfue,Professor_Moraiarkar,True,1.0,True,2.0,False,243,1752397447,0,741.2,50111.0,58333.0,True
IndianStreetBets,1lynyq8,2025-07,n2vb1l8,carelessNinja101,True,2.0,True,1.0,False,115,1752397214,0,1965.0,2238.0,17311.0,True
IndianStreetBets,1lynyq8,2025-07,n2vcmie,DK3A,True,3.0,True,4.0,False,90,1752398157,0,3349.2,376.0,737.0,True
IndianStreetBets,1lynyq8,2025-07,n2vicue,LocalDurian7120,True,4.0,False,,False,26,1752401540,0,843.0,7.0,446.0,True
IndianStreetBets,1lynyq8,2025-07,n2veuur,Material_Detective59,True,5.0,False,,False,22,1752399495,0,1627.5,155.0,7484.0,True
IndianStreetBets,1lynyq8,2025-07,n2w3nlm,subashj24,True,6.0,False,,False,13,1752411656,0,2550.0,244.0,9058.0,True
IndianStreetBets,1lynyq8,2025-07,n2vcymz,A_Certain_Monk,True,7.0,True,5.0,False,10,1752398359,0,763.0,454.0,9096.0,True
IndianStreetBets,1lynyq8,2025-07,n2vhdhi,Minimum_Present7282,True,8.0,False,,False,7,1752400964,0,563.4,21.0,191.0,True
IndianStreetBets,1lynyq8,2025-07,n2vi5d4,Nishanth-N,True,9.0,False,,False,5,1752401419,0,2051.2,269.0,111.0,True
IndianStreetBets,1lynyq8,2025-07,n2vigrq,kittidioting,True,10.0,False,,False,5,1752401603,0,405.8,31605.0,8319.0,True
IndianStreetBets,1lynyq8,2025-07,n2vbran,Witty_Neck_2651,False,,True,3.0,False,2,1752397637,0,563.3,39.0,691.0,True
IndianStreetBets,1mbhz8h,2025-07,n5mked3,kvothe5688,True,1.0,True,3.0,False,193,1753717506,0,4184.2,26087.0,131769.0,True
IndianStreetBets,1mbhz8h,2025-07,n5m7j64,the_money_prophet,True,2.0,True,1.0,False,153,1753713822,0,518.9,4.0,37629.0,False
IndianStreetBets,1mbhz8h,2025-07,n5mvsaj,WAR10CK94,True,3.0,True,4.0,False,53,1753720730,0,2341.8,155.0,17160.0,True
IndianStreetBets,1mbhz8h,2025-07,n5nga1h,PM_ME_YOUR___ISSUES,True,4.0,False,,False,46,1753726329,0,2429.0,21333.0,54385.0,True
IndianStreetBets,1mbhz8h,2025-07,n5mden5,OneMillionFireFlies,True,5.0,True,2.0,False,17,1753715521,0,3619.6,39876.0,51378.0,True
IndianStreetBets,1mbhz8h,2025-07,n5o4kr0,jidddddi,True,6.0,False,,False,8,1753733293,0,2423.9,1.0,22.0,True
IndianStreetBets,1mbhz8h,2025-07,n5q567d,Clear_Storm_4880,True,7.0,False,,False,7,1753756781,0,838.6,2500.0,8820.0,True
IndianStreetBets,1mbhz8h,2025-07,n5q6otf,UnictiveRakar,True,8.0,False,,False,4,1753757343,0,321.7,1.0,5.0,True
IndianStreetBets,1mbhz8h,2025-07,n5n81zg,BaseballAny5716,True,9.0,True,5.0,False,3,1753724076,0,,,,
IndianStreetBets,1mbhz8h,2025-07,n5qnlhd,Embarrassed_Look9200,True,10.0,False,,False,2,1753764418,0,425.0,19946.0,95234.0,True
IndianStreetBets,1m9x1mm,2025-07,n5adqwt,jarvis123451254,True,1.0,True,3.0,False,333,1753547478,0,3330.0,12301.0,20974.0,True
IndianStreetBets,1m9x1mm,2025-07,n5ak4r7,dalalkeeda,True,2.0,True,4.0,False,139,1753549463,0,1952.3,98.0,498.0,True
IndianStreetBets,1m9x1mm,2025-07,n5abwyx,Cress-Used,True,3.0,True,2.0,False,135,1753546890,0,2116.2,4669.0,34646.0,True
IndianStreetBets,1m9x1mm,2025-07,n5aafbv,Neat-Fault-6261,True,4.0,True,1.0,False,70,1753546421,0,1650.8,1.0,97.0,True
IndianStreetBets,1m9x1mm,2025-07,n5apkz4,mrdrinksonme,True,5.0,False,,False,43,1753551119,0,3016.1,20230.0,55999.0,True
IndianStreetBets,1m9x1mm,2025-07,n5asfza,UnableCurrency,True,6.0,False,,False,26,1753551992,0,2140.6,1567.0,10446.0,True
IndianStreetBets,1m9x1mm,2025-07,n5b0how,Iam-Locksmith123,True,7.0,False,,False,10,1753554509,0,2118.8,453.0,4211.0,True
IndianStreetBets,1m9x1mm,2025-07,n5amato,Agreeable_Routine871,True,8.0,True,5.0,False,10,1753550121,0,1947.3,1557.0,2662.0,True
IndianStreetBets,1m9x1mm,2025-07,n5ar03o,NewWheelView,True,9.0,False,,False,5,1753551552,0,571.1,38225.0,47569.0,True
IndianStreetBets,1m9x1mm,2025-07,n5at6z4,Broad-Research5220,True,10.0,False,,False,3,1753552220,0,1579.6,111885.0,17683.0,True
IndianStreetBets,1mdrtsv,2025-07,n63wjl5,Traditional-Set-2473,True,1.0,True,4.0,False,620,1753935507,0,1455.1,1.0,2861.0,True
IndianStreetBets,1mdrtsv,2025-07,n63wb7j,Nuclear_Roombaa,True,2.0,True,3.0,False,328,1753935407,0,,,,
IndianStreetBets,1mdrtsv,2025-07,n63xb1t,SierraBravoLima,True,3.0,False,,False,223,1753935842,0,1740.1,78134.0,109645.0,True
IndianStreetBets,1mdrtsv,2025-07,n63vyzq,GlitteringNinja5,True,4.0,True,1.0,False,169,1753935259,0,2209.2,467.0,122769.0,True
IndianStreetBets,1mdrtsv,2025-07,n63yj6g,Nambruh,True,5.0,False,,False,110,1753936399,0,2442.9,18721.0,13571.0,True
IndianStreetBets,1mdrtsv,2025-07,n63ytys,Turbulent-Spring6156,True,6.0,False,,False,69,1753936539,0,752.5,574.0,4690.0,True
IndianStreetBets,1mdrtsv,2025-07,n63x7b4,StfuCrazy1,True,7.0,False,,False,33,1753935795,0,,,,
IndianStreetBets,1mdrtsv,2025-07,n63w166,CheaperShopGlobal,True,8.0,True,2.0,False,29,1753935286,0,753.2,2.0,2380.0,True
IndianStreetBets,1mdrtsv,2025-07,n63xbam,Top-Progress-6174,True,9.0,False,,False,25,1753935845,0,1290.2,177.0,2578.0,True
IndianStreetBets,1mdrtsv,2025-07,n63xpk7,MaxGamesOP,True,10.0,False,,False,24,1753936023,0,1178.7,110.0,8083.0,True
IndianStreetBets,1mdrtsv,2025-07,n63wmjj,ccp-is-dildo,False,,True,5.0,False,15,1753935543,0,,,,
IndianStreetBets,1m83qou,2025-07,n4w6yc4,Salt-Positive-9771,True,1.0,True,2.0,False,335,1753362515,0,,,,
IndianStreetBets,1m83qou,2025-07,n4w5usb,sumandas094,True,2.0,True,1.0,False,61,1753362155,0,2247.0,11819.0,12743.0,True
IndianStreetBets,1m83qou,2025-07,n4wbd09,Both-Regular7867,True,3.0,False,,False,27,1753363927,0,1246.7,5.0,362.0,False
IndianStreetBets,1m83qou,2025-07,n4w8461,FunBag3445,True,4.0,True,3.0,False,20,1753362892,0,1919.7,75.0,2424.0,True
IndianStreetBets,1m83qou,2025-07,n4wkgc1,17052025,True,5.0,False,,False,18,1753366691,0,386.1,19.0,3177.0,True
IndianStreetBets,1m83qou,2025-07,n4w8szr,IllustriousCash0,True,6.0,True,5.0,False,12,1753363112,0,2303.1,2151.0,971.0,True
IndianStreetBets,1m83qou,2025-07,n4w89u3,ConsiderationKey277,True,7.0,True,4.0,False,7,1753362943,0,1599.8,925.0,9592.0,True
IndianStreetBets,1m83qou,2025-07,n4wt30x,im_starkastic,True,8.0,False,,False,5,1753369142,0,2118.6,44129.0,27782.0,True
IndianStreetBets,1m83qou,2025-07,n4wf9ei,PushIll6076,True,9.0,False,,False,4,1753365154,0,1592.9,1494.0,623.0,True
IndianStreetBets,1m83qou,2025-07,n4wg845,Sweet_Difficulty_566,True,10.0,False,,False,3,1753365445,0,1400.8,1548.0,1446.0,True
JEENEETards,1m4pe1b,2025-07,n45zbsy,Wild_Supermarket_935,True,1.0,True,1.0,False,76,1753019534,0,416.9,420.0,2335.0,True
JEENEETards,1m4pe1b,2025-07,n464u2a,Student535,True,2.0,True,5.0,False,51,1753021403,0,,,,
JEENEETards,1m4pe1b,2025-07,n4636gr,Sasta_tikau,True,3.0,True,2.0,False,51,1753020853,0,1044.5,1727.0,20217.0,True
JEENEETards,1m4pe1b,2025-07,n464udv,Vaidehi36,True,4.0,False,,False,36,1753021406,0,,,,
JEENEETards,1m4pe1b,2025-07,n491e2r,SickVictorian,True,5.0,False,,False,20,1753054201,0,397.2,1.0,21.0,True
JEENEETards,1m4pe1b,2025-07,n47r5c6,PuchukPuchukkk,True,7.0,False,,False,14,1753039175,0,966.1,521.0,3493.0,True
JEENEETards,1m4pe1b,2025-07,n46fsok,TheOnlyWoolly,True,6.0,False,,False,15,1753024907,0,586.0,862.0,1391.0,True
JEENEETards,1m4pe1b,2025-07,n46tc2l,FarReputation7162,True,8.0,False,,False,11,1753029017,0,1068.9,972.0,35699.0,True
JEENEETards,1m4pe1b,2025-07,n465lvg,Cold_Trick_5279,True,9.0,False,,False,7,1753021657,0,1952.0,12420.0,4112.0,True
JEENEETards,1m4pe1b,2025-07,n463phn,SeaOutside8505,True,10.0,True,3.0,False,7,1753021030,0,342.7,91.0,214.0,True
JEENEETards,1m4pe1b,2025-07,n463qkq,Sudden-Awareness-551,False,,True,4.0,False,3,1753021039,0,413.8,627.0,6229.0,True
JEENEETards,1luh85z,2025-07,n1xxg5n,Remote-Ad-8129,True,1.0,True,2.0,False,542,1751955709,0,444.1,868.0,3136.0,True
JEENEETards,1luh85z,2025-07,n1xxbkp,Remote-Ad-8129,True,2.0,True,1.0,False,292,1751955641,0,444.1,868.0,3136.0,True
JEENEETards,1luh85z,2025-07,n1xyar7,Alternative_Run_5565,True,3.0,True,4.0,False,140,1751956172,0,910.0,27.0,26732.0,True
JEENEETards,1luh85z,2025-07,n1xy106,quanto_violo_1,True,4.0,True,3.0,False,116,1751956025,0,364.9,101.0,542.0,True
JEENEETards,1luh85z,2025-07,n1y32m5,VIPER__00,True,5.0,False,,False,77,1751958828,0,1889.3,345.0,2225.0,True
JEENEETards,1luh85z,2025-07,n1xybiy,Alternative_Run_5565,True,6.0,True,5.0,False,69,1751956184,0,910.0,27.0,26732.0,True
JEENEETards,1luh85z,2025-07,n1xz613,Character-Concept432,True,7.0,False,,False,54,1751956652,0,648.9,175.0,3347.0,True
JEENEETards,1luh85z,2025-07,n1xzmph,im_so_high_,True,8.0,False,,False,54,1751956907,0,,,,
JEENEETards,1luh85z,2025-07,n1y06x2,Certified_BATMAN_,True,9.0,False,,False,46,1751957211,0,381.2,58.0,3027.0,True
JEENEETards,1m4i7l6,2025-07,n44kaat,Naive-Translator-814,True,1.0,True,1.0,False,717,1752994044,0,329.6,33.0,1993.0,True
JEENEETards,1m4i7l6,2025-07,n44kzyo,Ok_Leadership4996,True,2.0,True,3.0,False,135,1752994432,0,749.9,16021.0,3529.0,True
JEENEETards,1m4i7l6,2025-07,n44lu0o,ZealousidealChain645,True,3.0,True,5.0,False,32,1752994882,0,330.1,571.0,2501.0,True
JEENEETards,1m4i7l6,2025-07,n44ky8l,therealsaker,True,4.0,True,2.0,False,27,1752994407,0,366.0,116004.0,42433.0,True
JEENEETards,1m4i7l6,2025-07,n44n1lz,WarAggravating4734,True,5.0,False,,False,16,1752995555,0,375.9,56.0,1699.0,True
JEENEETards,1m4i7l6,2025-07,n44l26x,Acrobatic_Win_3319,True,6.0,True,4.0,False,12,1752994466,0,350.8,1.0,2802.0,True
JEENEETards,1m4i7l6,2025-07,n44nh6o,wegesy,True,7.0,False,,False,9,1752995797,0,328.9,104.0,1660.0,True
JEENEETards,1m4i7l6,2025-07,n44mpdu,Dense-Word1633,True,8.0,False,,False,7,1752995365,0,,,,
JEENEETards,1m4i7l6,2025-07,n44ups8,LAWDASURS,True,9.0,False,,False,7,1752999921,0,667.5,3785.0,10871.0,True
JEENEETards,1m4i7l6,2025-07,n44mxgc,quanto_violo_1,True,10.0,False,,False,6,1752995490,0,364.9,101.0,542.0,True
JEENEETards,1mcyev4,2025-07,n5xknro,HostileHeight,True,1.0,False,,False,1442,1753855150,0,1147.1,11802.0,11049.0,True
JEENEETards,1mcyev4,2025-07,n5xj612,Specialist-Aerie-327,True,2.0,True,2.0,False,524,1753854366,0,913.0,3101.0,4226.0,True
JEENEETards,1mcyev4,2025-07,n5xkmaa,im_not_good257,True,3.0,False,,False,242,1753855129,0,1204.1,2040.0,8615.0,True
JEENEETards,1mcyev4,2025-07,n5xja09,frizzypoopoo,True,4.0,True,3.0,False,207,1753854424,0,509.2,33.0,1080.0,True
JEENEETards,1mcyev4,2025-07,n5xk80c,dot_inferno,True,5.0,False,,False,170,1753854921,0,1553.4,1782.0,770.0,True
JEENEETards,1mcyev4,2025-07,n5xk88w,FA_RK_8330,True,6.0,False,,False,134,1753854924,0,1317.8,1902.0,10857.0,True
JEENEETards,1mcyev4,2025-07,n5xie21,fcukurselfbithc,True,7.0,True,1.0,False,117,1753853952,0,728.5,212.0,2997.0,True
JEENEETards,1mcyev4,2025-07,n5xslbz,Serious_Actuary8000,True,9.0,False,,False,43,1753859538,0,1197.7,828.0,2405.0,True
JEENEETards,1mcyev4,2025-07,n5xjww4,adomaxxer,False,,True,5.0,False,42,1753854760,0,,,,
JEENEETards,1mcyev4,2025-07,n5xkkrp,Capable_Dimension588,True,10.0,False,,False,43,1753855108,0,1132.3,262.0,32262.0,True
JEENEETards,1mcyev4,2025-07,n5xya6d,Appropriate-Sky-2149,True,8.0,False,,False,44,1753862839,0,,,,
JEENEETards,1mcyev4,2025-07,n5xjs82,Stunning_Standard601,False,,True,4.0,False,13,1753854691,0,413.7,1.0,227.0,True
JEENEETards,1lypvkn,2025-07,n2vtcsp,Due_Teaching_6974,True,1.0,True,4.0,False,84,1752407313,0,1997.8,88810.0,107971.0,True
JEENEETards,1lypvkn,2025-07,n2vo2u9,Mikey_Kun_ULTRA,True,2.0,True,2.0,False,33,1752404685,0,1577.2,4154.0,3536.0,True
JEENEETards,1lypvkn,2025-07,n2vo1jg,PureMobile3874,True,3.0,True,1.0,False,17,1752404666,0,474.9,12982.0,26818.0,True
JEENEETards,1lypvkn,2025-07,n2x99ng,Your_Father_33,True,4.0,False,,False,10,1752424988,0,,,,
JEENEETards,1lypvkn,2025-07,n2vo5o6,KALIA_KEEDAinshortKK,True,5.0,True,3.0,False,8,1752404727,0,715.1,5282.0,35212.0,True
JEENEETards,1lypvkn,2025-07,n2vvr05,TurbulentBag3020,True,6.0,False,,False,8,1752408397,0,941.1,339.0,8692.0,True
JEENEETards,1lypvkn,2025-07,n2winoe,chadfoss,True,7.0,False,,False,8,1752416914,0,1169.1,212.0,1072.0,True
JEENEETards,1lypvkn,2025-07,n2wuirr,According_List_4961,True,10.0,False,,False,7,1752420514,0,,,,
JEENEETards,1lypvkn,2025-07,n2xdart,Antisocial_freek,True,8.0,False,,False,8,1752426181,0,1311.6,21299.0,26220.0,True
JEENEETards,1lypvkn,2025-07,n2vu606,Knighthereal,True,9.0,True,5.0,False,8,1752407687,0,,,,
JEENEETards,1mczluz,2025-07,n5xqqcf,SakuyaPyon,True,1.0,True,3.0,False,934,1753858488,0,,,,
JEENEETards,1mczluz,2025-07,n5xryxs,No-Badger7504,True,2.0,False,,False,880,1753859185,0,2064.2,303.0,24150.0,True
JEENEETards,1mczluz,2025-07,n5xs7tl,ArpitSuun,True,3.0,False,,False,743,1753859324,0,480.3,1837.0,12204.0,True
JEENEETards,1mczluz,2025-07,n5xroli,Sudden-Term-6290,True,4.0,False,,False,209,1753859024,0,607.0,23.0,225.0,True
JEENEETards,1mczluz,2025-07,n5xqkkn,Disastrous-Fly-1172,True,5.0,True,1.0,False,195,1753858399,0,514.0,35.0,1401.0,True
JEENEETards,1mczluz,2025-07,n5xrzga,Embarrassed_Fun8403,True,6.0,False,,False,115,1753859194,0,509.9,4287.0,769.0,True
JEENEETards,1mczluz,2025-07,n5xur5z,Adorable-Tooth-1214,True,7.0,False,,False,51,1753860789,0,1070.2,59.0,326.0,False
JEENEETards,1mczluz,2025-07,n5xqlqb,Professional_Pay6109,True,9.0,True,2.0,False,42,1753858418,0,411.0,82.0,788.0,True
JEENEETards,1mczluz,2025-07,n5xqxfv,SakuyaPyon,True,8.0,True,5.0,False,44,1753858598,0,,,,
JEENEETards,1mczluz,2025-07,n5xri56,Rook-In-The-Rain,True,10.0,False,,False,33,1753858922,0,445.9,634.0,886.0,True
JEENEETards,1mczluz,2025-07,n5xqs13,lonelypotato-0,False,,True,4.0,False,19,1753858514,0,463.1,833.0,1614.0,True
JEENEETards,1maggj3,2025-07,n5eglew,Soft_Body_6995,True,1.0,True,2.0,False,79,1753604760,0,934.8,6.0,7397.0,True
JEENEETards,1maggj3,2025-07,n5eunn9,LocksmithInfinite585,True,2.0,False,,False,53,1753613100,0,1644.9,203.0,1446.0,True
JEENEETards,1maggj3,2025-07,n5epw3x,Whole_Artichoke9234,True,3.0,False,,False,51,1753610367,0,507.8,133.0,491.0,True
JEENEETards,1maggj3,2025-07,n5ejuad,Professional_Cap_784,True,4.0,True,3.0,False,46,1753606715,0,2014.0,4547.0,31477.0,True
JEENEETards,1maggj3,2025-07,n5ee0f4,Cool-Ad-8804,True,5.0,True,1.0,False,38,1753603223,0,1755.0,46542.0,89343.0,True
JEENEETards,1maggj3,2025-07,n5epnra,INSAANHUMAI1,True,6.0,False,,False,19,1753610231,0,414.6,2552.0,1660.0,True
JEENEETards,1maggj3,2025-07,n5en62j,Casual_Scroller_00,True,8.0,True,5.0,False,5,1753608740,0,883.1,830.0,85181.0,True
JEENEETards,1maggj3,2025-07,n5f6u14,Sarcastic_Cowboy,True,7.0,False,,False,6,1753618942,0,337.4,739.0,114.0,True
JEENEETards,1maggj3,2025-07,n5fv6r5,Common-Possession-80,True,9.0,False,,False,4,1753627519,0,,,,
JEENEETards,1maggj3,2025-07,n5ekjmy,AnxietyScary4494,True,10.0,True,4.0,False,3,1753607138,0,1535.8,11535.0,5836.0,True
JEENEETards,1lowwhw,2025-07,n0q97ly,Difficult-Dig7627,True,1.0,True,5.0,False,493,1751361384,0,1728.1,5515.0,6759.0,True
JEENEETards,1lowwhw,2025-07,n0q8sc3,skisawsome,True,2.0,True,2.0,False,273,1751361132,0,1849.0,4947.0,41510.0,True
JEENEETards,1lowwhw,2025-07,n0q9wiu,Full-of-lies1001,True,3.0,False,,False,159,1751361803,0,441.2,6.0,825.0,True
JEENEETards,1lowwhw,2025-07,n0q8map,BugExotic369,True,4.0,True,1.0,False,95,1751361031,0,391.8,2682.0,26513.0,True
JEENEETards,1lowwhw,2025-07,n0q9xe4,Key_Alternative_8985,True,5.0,False,,False,41,1751361817,0,,,,
JEENEETards,1lowwhw,2025-07,n0q9w5r,Reply_Account_,True,6.0,False,,False,17,1751361797,0,920.2,76.0,22907.0,True
JEENEETards,1lowwhw,2025-07,n0q913l,FickleNail3613,True,7.0,True,4.0,False,14,1751361277,0,1086.7,80.0,2482.0,True
JEENEETards,1lowwhw,2025-07,n0qa68i,ripped-cat,True,8.0,False,,False,13,1751361964,0,1892.8,261.0,3110.0,True
JEENEETards,1lowwhw,2025-07,n0qaciq,Glittering-Key-4852,True,9.0,False,,False,8,1751362069,0,624.7,51.0,1209.0,True
JEENEETards,1lowwhw,2025-07,n0qbyfy,Technical_Notice_,True,10.0,False,,False,6,1751363015,0,500.4,295.0,603.0,True
JEENEETards,1lowwhw,2025-07,n0q8ti3,Admirable_Desk5430,False,,True,3.0,False,6,1751361151,0,396.5,17.0,297.0,True
JEENEETards,1m949mz,2025-07,n546915,kalanerd,True,1.0,True,3.0,True,140,1753462190,0,544.5,27665.0,4541.0,False
JEENEETards,1m949mz,2025-07,n545se6,Special-Grade5315,True,2.0,True,1.0,False,128,1753462061,0,1308.5,7823.0,16265.0,True
JEENEETards,1m949mz,2025-07,n545ttj,Curious_Spite_99,True,3.0,True,2.0,False,89,1753462072,0,372.8,1.0,328.0,True
JEENEETards,1m949mz,2025-07,n548g30,North-Platform-3471,True,4.0,False,,False,54,1753462795,0,783.8,182.0,225.0,True
JEENEETards,1m949mz,2025-07,n5483uv,Razorkingyt,True,5.0,False,,False,45,1753462703,0,2070.7,269.0,5088.0,True
JEENEETards,1m949mz,2025-07,n54cfv0,kalanerd,True,6.0,False,,True,41,1753463888,0,544.5,27665.0,4541.0,False
JEENEETards,1m949mz,2025-07,n54b90q,thehellboy_1,True,7.0,False,,False,21,1753463564,0,1178.8,2354.0,1979.0,True
JEENEETards,1m949mz,2025-07,n54c3pp,CorrectCut798,True,8.0,False,,False,16,1753463796,0,,,,
JEENEETards,1m949mz,2025-07,n547g4k,bhudduadmi,True,9.0,False,,False,14,1753462523,0,337.9,349.0,1427.0,True
JEENEETards,1m949mz,2025-07,n54fdb0,iFerg_Frank,True,10.0,False,,False,11,1753464692,0,2167.7,4751.0,31587.0,True
JEENEETards,1m949mz,2025-07,n546rqf,xidno,False,,True,4.0,False,8,1753462336,0,328.2,1554.0,842.0,True
JEENEETards,1m949mz,2025-07,n54752e,Acceptable-Match-806,False,,True,5.0,False,4,1753462439,0,353.6,2796.0,4376.0,True
JEENEETards,1m1z5so,2025-07,n3kwz2u,preservable_soul_,True,1.0,True,2.0,False,294,1752730340,0,329.3,1.0,428.0,True
JEENEETards,1m1z5so,2025-07,n3kwr6i,Ely-sian_,True,2.0,True,1.0,False,144,1752730232,0,787.0,1193.0,5170.0,True
JEENEETards,1m1z5so,2025-07,n3kyh1y,No_Fortune_1332,True,3.0,True,3.0,False,73,1752731091,0,589.5,533.0,2045.0,True
JEENEETards,1m1z5so,2025-07,n3l82ph,Shareef_Ladka01,True,4.0,False,,False,31,1752736005,0,346.8,369.0,10453.0,True
JEENEETards,1m1z5so,2025-07,n3l4rcp,Huge_Hat3157,True,5.0,True,5.0,False,17,1752734275,0,363.4,107.0,1521.0,False
JEENEETards,1m1z5so,2025-07,n3l6wcl,Huge_Path4806,True,6.0,False,,False,17,1752735383,0,367.0,112.0,1027.0,True
JEENEETards,1m1z5so,2025-07,n3lcadi,Acceptable-One3118,True,7.0,False,,False,10,1752738353,0,1133.9,2133.0,25159.0,True
JEENEETards,1m1z5so,2025-07,n3lnoro,Public-Ad3345,True,8.0,False,,False,7,1752744883,0,2074.0,15738.0,45248.0,True
JEENEETards,1m1z5so,2025-07,n3l0yux,Upstairs-Analyst8353,False,,True,4.0,False,5,1752732329,0,415.8,430.0,4200.0,True
JEENEETards,1m1z5so,2025-07,n3n5njf,Some-Brilliant-1301,True,9.0,False,,False,7,1752764622,0,524.0,212.0,332.0,False
JEENEETards,1m1z5so,2025-07,n3m4u2n,Aspahatt,True,10.0,False,,False,6,1752752974,0,,,,
ISRO,1lpm9d5,2025-07,n0w9bg4,jmurthy,True,1.0,True,2.0,False,75,1751435285,0,3377.8,1261.0,3098.0,True
ISRO,1lpm9d5,2025-07,n0x6486,Keysersoze_66,True,2.0,True,4.0,False,33,1751453675,0,2705.0,12790.0,5933.0,True
ISRO,1lpm9d5,2025-07,n0z7gpi,PharahsMum,True,3.0,False,,False,28,1751477153,0,3091.7,808.0,294.0,True
ISRO,1lpm9d5,2025-07,n0ww50l,Reasonable_Maniac,True,4.0,True,3.0,False,21,1751448369,0,1954.4,1246.0,1827.0,True
ISRO,1lpm9d5,2025-07,n1b3sab,Itchy-Ad-5275,True,5.0,False,,False,11,1751637750,0,832.1,26.0,468.0,True
ISRO,1lpm9d5,2025-07,n104bm8,mratanusarkar,True,6.0,False,,False,11,1751486840,0,2769.6,5726.0,1528.0,True
ISRO,1lpm9d5,2025-07,n12koa5,deepsky__wonders,True,7.0,False,,False,11,1751516384,0,2016.2,119395.0,23630.0,True
ISRO,1lpm9d5,2025-07,n0zaq2o,Massive_Dish_3255,True,8.0,False,,False,9,1751478070,0,1975.3,115.0,682.0,True
ISRO,1lpm9d5,2025-07,n0w0ivg,Successful-Extreme15,True,9.0,True,1.0,False,7,1751430979,0,1614.6,706.0,1473.0,True
ISRO,1lpm9d5,2025-07,n0xa43q,DeadlyGlasses,True,10.0,True,5.0,False,7,1751455483,0,,,,
ISRO,1mdxrn8,2025-07,n65oe6c,spaceTech4kids,True,1.0,True,3.0,False,30,1753966642,0,957.5,621.0,232.0,True
ISRO,1mdxrn8,2025-07,n65p2ha,ISROAddict,True,2.0,True,4.0,False,11,1753966864,0,2197.1,6720.0,656.0,True
ISRO,1mdxrn8,2025-07,n668vnd,handmegun,True,3.0,False,,False,8,1753972900,0,2725.8,22908.0,17044.0,True
ISRO,1mdxrn8,2025-07,n65tjcd,spaceshipengineer,True,4.0,False,,False,7,1753968330,0,2911.2,131.0,40.0,True
ISRO,1mdxrn8,2025-07,n65hwjk,Kimi_Raikkonen2001,True,7.0,True,1.0,False,4,1753964372,0,2312.0,27163.0,4120.0,True
ISRO,1mdxrn8,2025-07,n65j5eq,Massive_Dish_3255,True,5.0,True,2.0,False,6,1753964816,0,1975.3,115.0,682.0,True
ISRO,1mdxrn8,2025-07,n65uio8,HostileHeight,True,8.0,False,,False,3,1753968634,0,1147.1,11802.0,11049.0,True
ISRO,1mdxrn8,2025-07,n663bnm,AwSomB,True,6.0,False,,False,5,1753971294,0,1060.6,67.0,25.0,True
ISRO,1mdxrn8,2025-07,n65s9vi,divyanshu1154,True,9.0,True,5.0,False,3,1753967923,0,1017.7,1.0,35.0,True
ISRO,1mdxrn8,2025-07,n660ppq,Garuda_of_hope,True,10.0,False,,False,3,1753970522,0,2505.0,131.0,13065.0,True
ISRO,1mdb5t2,2025-07,n605mr3,Kimi_Raikkonen2001,True,1.0,True,1.0,True,8,1753892909,0,2312.0,27163.0,4120.0,True
ISRO,1mdb5t2,2025-07,n60b6cl,kunaldewangan999,True,2.0,True,2.0,False,3,1753894463,0,2238.0,37.0,79.0,True
ISRO,1mdb5t2,2025-07,n67f8w8,gaenji,True,3.0,True,4.0,False,3,1753984660,0,2758.2,84311.0,43463.0,True
ISRO,1mdb5t2,2025-07,n9d9r0b,Realistic_Gate_4488,True,4.0,True,5.0,False,2,1755532667,0,890.2,2177.0,3539.0,True
ISRO,1mdb5t2,2025-07,n615hal,classicdecoy,True,5.0,True,3.0,False,1,1753902789,0,1529.8,47.0,2075.0,True
ISRO,1mdb5t2,2025-07,n9dbign,Decronym,True,6.0,False,,False,1,1755533196,0,3901.8,1.0,138989.0,False
ISRO,1mdfx48,2025-07,n61gqyb,rakesh-69,True,1.0,True,2.0,False,6,1753906025,0,2950.1,20557.0,126548.0,True
ISRO,1mdfx48,2025-07,n63qknl,Samarium_15,True,2.0,True,5.0,False,5,1753932975,0,1332.8,3855.0,50953.0,True
ISRO,1mdfx48,2025-07,n638lr2,MasterpieceMother839,True,3.0,True,3.0,False,3,1753926322,0,1923.0,202.0,38.0,True
ISRO,1mdfx48,2025-07,n645mo5,handmegun,True,4.0,False,,False,2,1753939812,0,2725.8,22908.0,17044.0,True
ISRO,1mdfx48,2025-07,n6469ec,JUYED-AWK-YACC,True,5.0,False,,False,2,1753940132,0,4428.7,330.0,73784.0,True
ISRO,1mdfx48,2025-07,n6182t3,Ohsin,True,6.0,True,1.0,True,1,1753903541,0,6317.2,136552.0,54412.0,True
ISRO,1mdfx48,2025-07,n63j1cv,Adityaxkd,True,7.0,True,4.0,False,1,1753930028,0,,,,
ISRO,1mdfx48,2025-07,n6alx3g,GodsWorth01,True,8.0,False,,False,1,1754022448,0,2741.0,1096.0,83105.0,True
ISRO,1mdfx48,2025-07,n6x9slp,ofcourseivereddit,True,9.0,False,,False,1,1754335245,0,519.8,1.0,2965.0,True
ISRO,1m888ns,2025-07,n4x64q5,Ohsin,True,1.0,True,1.0,True,3,1753372722,0,6317.2,136552.0,54412.0,True
ISRO,1m888ns,2025-07,n4y2iro,StArGaZeR299792458,True,2.0,True,2.0,False,1,1753381530,0,1679.4,137.0,209.0,True
ISRO,1lwd49v,2025-07,n2dr73u,Samarium_15,True,1.0,True,1.0,False,5,1752162184,0,1332.8,3855.0,50953.0,True
ISRO,1md2ec9,2025-07,n5y9p6t,muffledvoice24,True,1.0,True,1.0,True,29,1753869461,0,690.1,40190.0,4392.0,True
ISRO,1md2ec9,2025-07,n5zlw75,jaganm,True,2.0,True,2.0,False,9,1753887261,0,5388.1,2591.0,10243.0,True
ISRO,1md2ec9,2025-07,n5zv1hk,Decronym,True,3.0,True,4.0,False,3,1753889920,0,3901.8,1.0,138989.0,False
ISRO,1md2ec9,2025-07,n5zslt3,FenixOfNafo,True,4.0,True,3.0,False,1,1753889235,0,793.6,24485.0,142103.0,True
ISRO,1me33ls,2025-07,n6bu4iz,Deb_99,True,1.0,True,1.0,False,2,1754045907,0,2912.9,6725.0,1839.0,True
ISRO,1me33ls,2025-07,n6k9ags,ResolutionFair8307,True,2.0,True,2.0,False,1,1754157506,0,446.7,2976.0,3629.0,True
ISRO,1m95fu2,2025-07,n5746ed,antariksh_vaigyanik,True,1.0,True,1.0,False,5,1753495564,0,3812.8,3064.0,7082.0,True
ISRO,1m95fu2,2025-07,n58byr3,10Pints_to_Slytherin,True,2.0,True,2.0,False,1,1753516606,0,,,,
ISRO,1m95fu2,2025-07,n5ef3hq,Ramanean3,True,3.0,True,3.0,False,1,1753603859,0,2411.6,1361.0,599.0,True
ISRO,1lqxsfz,2025-07,n16g86b,Reelthusiast,True,1.0,True,1.0,False,18,1751570017,0,883.2,7161.0,4725.0,True
ISRO,1lqxsfz,2025-07,n18lg3e,gaganaut06,True,3.0,True,2.0,False,5,1751595836,0,2914.1,2166.0,1270.0,True
ISRO,1lqxsfz,2025-07,n1aqip0,jmurthy,True,2.0,True,4.0,False,6,1751633078,0,3377.8,1261.0,3098.0,True
ISRO,1lqxsfz,2025-07,n1icc51,aelores,True,4.0,True,5.0,False,2,1751739812,0,3257.2,43.0,3609.0,True
ISRO,1lqxsfz,2025-07,n1a2s3e,hmpher,True,5.0,True,3.0,False,1,1751621981,0,3809.0,5641.0,8040.0,True
ISRO,1lqxsfz,2025-07,n3z3caj,Ohsin,True,6.0,False,,True,1,1752921851,0,6317.2,136552.0,54412.0,True
UPSC,1mb9u8t,2025-07,n5kmlqu,Fluffy_Inspector_628,True,1.0,True,1.0,False,180,1753689456,0,2043.2,28103.0,3972.0,True
UPSC,1mb9u8t,2025-07,n5koqes,Embarrassed-Iron8099,True,2.0,True,3.0,False,9,1753690712,0,1536.8,27.0,2583.0,True
UPSC,1mb9u8t,2025-07,n5kn9t6,Sea-Part4361,True,3.0,True,2.0,False,7,1753689847,0,1085.3,927.0,8253.0,True
UPSC,1mb9u8t,2025-07,n5mfxdj,CaterpillarNo163,True,4.0,False,,False,6,1753716237,0,699.8,71.0,988.0,True
UPSC,1mb9u8t,2025-07,n5kxepj,ManLikeThanoj,True,5.0,False,,False,5,1753695809,0,3517.6,62195.0,23462.0,True
UPSC,1mb9u8t,2025-07,n5krthu,devilPaimon_,True,6.0,False,,False,3,1753692536,0,324.3,1.0,232.0,True
UPSC,1mb9u8t,2025-07,n5ln9ni,howisitrelevant,True,7.0,False,,False,3,1753707405,0,2197.4,2.0,257.0,True
UPSC,1mb9u8t,2025-07,n5lvylj,Remarkable_Tough_130,True,8.0,False,,False,3,1753710323,0,1517.6,14.0,2167.0,True
UPSC,1mb9u8t,2025-07,n5kouve,AyushSharma49,True,9.0,True,4.0,False,2,1753690784,0,1736.8,2488.0,1046.0,True
UPSC,1mb9u8t,2025-07,n5m4f8q,LargeHairyBoobs,True,10.0,False,,False,2,1753712906,0,578.2,1.0,28.0,True
UPSC,1mb9u8t,2025-07,n5krrac,Economy_Permission36,False,,True,5.0,False,1,1753692501,0,1659.9,1842.0,8331.0,True
UPSC,1lykyu8,2025-07,n2upkvu,ColdOk848,True,1.0,True,1.0,False,40,1752385101,0,,,,
UPSC,1lykyu8,2025-07,n2v5ic0,druid_804,True,2.0,True,2.0,False,31,1752393955,0,1930.9,413.0,7529.0,True
UPSC,1lykyu8,2025-07,n2vrzq1,Think_Gur5705,True,3.0,True,3.0,False,22,1752406665,0,328.1,1.0,20.0,False
UPSC,1lykyu8,2025-07,n30r6m7,runningisflying16,True,4.0,True,5.0,False,2,1752466653,0,1051.9,445.0,2000.0,True
UPSC,1lykyu8,2025-07,n309vp9,MortgageNo7376,True,5.0,True,4.0,False,1,1752459638,0,339.3,1.0,0.0,True
UPSC,1lykyu8,2025-07,n3am275,AffectionateYard2990,True,6.0,False,,False,1,1752599633,0,352.0,1.0,1.0,False
UPSC,1lykyu8,2025-07,n3rcflp,OkResolve4193,True,7.0,False,,False,1,1752812065,0,396.8,1.0,0.0,True
UPSC,1lykyu8,2025-07,n52hoha,Kartikeyann,True,8.0,False,,False,1,1753443455,0,,,,
UPSC,1lplyy3,2025-07,n0vw7ir,weirdman008,True,1.0,True,1.0,False,59,1751429064,0,687.8,10.0,750.0,True
UPSC,1lplyy3,2025-07,n0wf1s4,Spray_and_prey,True,2.0,False,,False,26,1751438372,0,2577.0,245.0,2396.0,True
UPSC,1lplyy3,2025-07,n0vy63s,Narrow-Try-5795,True,3.0,True,2.0,False,18,1751429914,0,2140.5,1179.0,4307.0,True
UPSC,1lplyy3,2025-07,n0wh3l4,ArtemisNyxAte,True,4.0,False,,False,15,1751439508,0,1403.8,38.0,1718.0,True
UPSC,1lplyy3,2025-07,n0w5dw0,IntrovertedBuddha,True,5.0,False,,False,12,1751433299,0,1115.5,5502.0,80237.0,False
UPSC,1lplyy3,2025-07,n0vzuw3,westeria568,True,6.0,True,3.0,False,11,1751430669,0,526.0,9.0,42.0,True
UPSC,1lplyy3,2025-07,n0wiiae,Kal_mai_udega,True,7.0,False,,False,9,1751440297,0,1367.9,6560.0,26060.0,True
UPSC,1lplyy3,2025-07,n0w0g8w,yamsh_kun,True,8.0,True,5.0,False,7,1751430945,0,1277.2,13.0,1642.0,False
UPSC,1lplyy3,2025-07,n0wh13l,royalentrylalbatti,True,9.0,False,,False,7,1751439469,0,595.2,387.0,1660.0,True
UPSC,1lplyy3,2025-07,n0w09qn,PrintFun4907,False,,True,4.0,False,6,1751430861,0,1188.2,7383.0,1920.0,True
UPSC,1lplyy3,2025-07,n0wryhc,dolokalelo-650,True,10.0,False,,False,7,1751445900,0,604.8,718.0,5932.0,True
UPSC,1m970a5,2025-07,n553dpv,yuvrajpratapsingh1,True,1.0,True,4.0,False,12,1753471572,0,1012.8,12.0,25240.0,True
UPSC,1m970a5,2025-07,n54t5nc,Present-Marzipan7488,True,2.0,True,1.0,False,9,1753468574,0,578.3,875.0,7201.0,True
UPSC,1m970a5,2025-07,n556lo4,Excellent-Sister613,True,3.0,False,,False,7,1753472543,0,315.7,78.0,30.0,True
UPSC,1m970a5,2025-07,n54u1ty,ZealousidealYouth961,True,4.0,True,2.0,False,5,1753468835,0,830.4,348.0,2091.0,True
UPSC,1m970a5,2025-07,n54y04c,Mission-Peanut2047,True,5.0,True,3.0,False,5,1753469981,0,,,,
UPSC,1m970a5,2025-07,n578w9s,i_sujay,True,6.0,False,,False,3,1753497422,0,1437.0,288.0,577.0,True
UPSC,1m970a5,2025-07,n6aosit,LowLive5312,True,7.0,False,,False,2,1754023781,0,312.3,1.0,1.0,True
UPSC,1m970a5,2025-07,n5yut40,PoolHoliday8667,True,8.0,False,,False,1,1753878754,0,1062.7,1.0,6.0,True
UPSC,1m970a5,2025-07,n553f95,ArchAngel_1983,True,9.0,True,5.0,False,-28,1753471585,0,354.1,1.0,2404.0,True
UPSC,1m5ncag,2025-07,n4ddqyz,Mission-Peanut2047,True,1.0,True,2.0,False,212,1753117305,0,,,,
UPSC,1m5ncag,2025-07,n4dj9pc,adversityisprivilege,True,2.0,True,3.0,False,189,1753118810,0,439.5,42.0,964.0,False
UPSC,1m5ncag,2025-07,n4d79rq,Almondsniffer40,True,3.0,True,1.0,False,92,1753115520,0,716.0,1288.0,7636.0,True
UPSC,1m5ncag,2025-07,n4dplot,Other-Air7389,True,4.0,True,4.0,False,41,1753120534,0,630.5,1.0,190.0,True
UPSC,1m5ncag,2025-07,n4e0ega,PolarBeer5,True,5.0,True,5.0,False,3,1753123559,0,670.1,10.0,1271.0,True
UPSC,1lp20dx,2025-07,n0re8k7,Present_Shower_2296,True,1.0,True,1.0,False,54,1751378766,0,1236.6,4343.0,4504.0,True
UPSC,1lp20dx,2025-07,n0repib,Ecstatic_Detail_6721,True,2.0,True,2.0,False,15,1751378911,0,1024.0,237.0,39675.0,True
UPSC,1lp20dx,2025-07,n0rienq,mistercatty,True,3.0,True,3.0,False,13,1751380013,0,,,,
UPSC,1lp20dx,2025-07,n0rovj3,salik_ansari,True,4.0,True,4.0,False,5,1751381919,0,2125.8,706.0,7162.0,True
UPSC,1lp20dx,2025-07,n0rr8no,ready_to_fuck_yeahh,True,5.0,True,5.0,False,-11,1751382604,0,1004.2,541.0,2289.0,True
UPSC,1m9tyne,2025-07,n59n5j8,sverm03,True,1.0,True,3.0,False,174,1753539019,0,1638.6,121.0,21846.0,True
UPSC,1m9tyne,2025-07,n59oxzm,ChristlikeSam,True,2.0,True,5.0,False,112,1753539616,0,415.1,2.0,235.0,True
UPSC,1m9tyne,2025-07,n59o9lx,escalophobic,True,3.0,True,4.0,False,57,1753539391,0,341.2,3157.0,317.0,True
UPSC,1m9tyne,2025-07,n59l95o,majja_ni_life_,True,4.0,True,1.0,False,57,1753538367,0,319.1,463.0,7211.0,True
UPSC,1m9tyne,2025-07,n59v4u6,No_Sheepherder_3713,True,5.0,False,,False,48,1753541620,0,1922.0,1173.0,1200.0,True
UPSC,1m9tyne,2025-07,n59q09v,Rare_Clock4857,True,7.0,False,,False,40,1753539961,0,716.4,761.0,212.0,False
UPSC,1m9tyne,2025-07,n5a7cwd,OtherVermicelli5306,True,6.0,False,,False,43,1753545455,0,,,,
UPSC,1m9tyne,2025-07,n59p63a,Mission-Peanut2047,True,9.0,False,,False,36,1753539689,0,,,,
UPSC,1m9tyne,2025-07,n5be8rf,Logical-Sky-4067,True,8.0,False,,False,40,1753558990,0,799.8,1.0,84.0,True
UPSC,1m9tyne,2025-07,n59tgtu,HotArmadillo9884,True,10.0,False,,False,27,1753541085,0,1596.0,1.0,588.0,True
UPSC,1m9tyne,2025-07,n59lhm7,CapAcrobatic2539,False,,True,2.0,True,12,1753538449,0,647.1,1694.0,3950.0,True
UPSC,1m4msvy,2025-07,n45vhyf,LoyalLittleOne,True,1.0,True,3.0,False,19,1753018171,0,901.6,13414.0,39188.0,True
UPSC,1m4msvy,2025-07,n45xw60,salik_ansari,True,2.0,True,4.0,False,15,1753019032,0,2125.8,706.0,7162.0,True
UPSC,1m4msvy,2025-07,n47a3q0,akashv94,True,3.0,False,,False,11,1753033949,0,2701.8,1.0,1027.0,True
UPSC,1m4msvy,2025-07,n45ljqq,rapunzeltargy,True,4.0,True,1.0,False,8,1753014333,0,,,,
UPSC,1m4msvy,2025-07,n48714q,07TheAXeSPeaKS,True,5.0,False,,False,3,1753044131,0,346.6,87.0,34.0,True
UPSC,1m4msvy,2025-07,n46g1oz,Potential_Honey_3615,True,6.0,True,5.0,False,2,1753024984,0,939.8,2.0,19656.0,True
UPSC,1m4msvy,2025-07,n46w6fv,Independent-Cold4506,True,7.0,False,,False,2,1753029873,0,,,,
UPSC,1m4msvy,2025-07,n49mwqa,VegPullao,True,8.0,False,,False,2,1753062122,0,888.2,717.0,10348.0,True
UPSC,1m4msvy,2025-07,n48ouw7,Glittering-Stick-993,True,9.0,False,,False,1,1753049862,0,340.3,22.0,8.0,False
UPSC,1m4msvy,2025-07,n4b7vd4,Complete_Arm6867,True,10.0,False,,False,1,1753089529,0,575.6,290.0,165.0,True
UPSC,1m4msvy,2025-07,n45lusn,Mission-Peanut2047,False,,True,2.0,False,-42,1753014460,0,,,,
UPSC,1lxyrba,2025-07,n2pr4i6,homebanber,True,1.0,True,1.0,False,55,1752321882,0,720.0,2663.0,1956.0,True
UPSC,1lxyrba,2025-07,n2pt9fy,ZealousidealYouth961,True,2.0,True,5.0,False,47,1752322804,0,830.4,348.0,2091.0,True
UPSC,1lxyrba,2025-07,n2prh96,Foreign-Umpire3214,True,3.0,True,2.0,False,34,1752322038,0,561.1,132.0,678.0,True
UPSC,1lxyrba,2025-07,n2pu4fw,shonababu169,True,4.0,False,,False,23,1752323162,0,,,,
UPSC,1lxyrba,2025-07,n2pryeb,Ok-Complaint-2173,True,5.0,True,4.0,False,11,1752322245,0,2051.0,23.0,3262.0,True
UPSC,1lxyrba,2025-07,n2px6j3,purplebadam,True,6.0,False,,False,11,1752324400,0,390.6,47.0,76.0,True
UPSC,1lxyrba,2025-07,n2prp8a,ChickenNo2314,True,7.0,True,3.0,False,7,1752322134,0,,,,
UPSC,1lxyrba,2025-07,n2pugjy,InternationalCan3476,True,8.0,False,,False,6,1752323304,0,638.0,23.0,190.0,True
UPSC,1lxyrba,2025-07,n2u3whv,ResponseFew2702,True,9.0,False,,False,6,1752375332,0,,,,
UPSC,1lxyrba,2025-07,n2q8tla,TheCazzedAnmol,True,10.0,False,,False,2,1752328705,0,2007.0,8374.0,11979.0,True
UPSC,1mdxnpk,2025-07,n657lsr,PresenceMaleficent99,True,1.0,True,5.0,False,94,1753960240,0,2157.5,211.0,908.0,True
UPSC,1mdxnpk,2025-07,n65436t,Still-Objective-8088,True,2.0,True,2.0,False,67,1753958630,0,506.9,29.0,802.0,True
UPSC,1mdxnpk,2025-07,n65rsfb,SwimAggravating1351,True,3.0,False,,False,57,1753967767,0,758.9,1025.0,1773.0,True
UPSC,1mdxnpk,2025-07,n657k43,DropOk7005,True,4.0,True,4.0,False,20,1753960219,0,984.8,1.0,1124.0,True
UPSC,1mdxnpk,2025-07,n65c6ka,ChemistryOdd4136,True,5.0,False,,False,19,1753962195,0,1465.4,244.0,166.0,True
UPSC,1mdxnpk,2025-07,n655hx8,RisingPhoenix_37,True,6.0,True,3.0,False,16,1753959289,0,1488.2,1760.0,1389.0,True
UPSC,1mdxnpk,2025-07,n65ypv6,PopularRaisin9656,True,8.0,False,,False,10,1753969928,0,553.3,7106.0,3683.0,True
UPSC,1mdxnpk,2025-07,n6607zf,Green_Actuary_8092,True,7.0,False,,False,11,1753970376,0,1098.4,6.0,1318.0,True
UPSC,1mdxnpk,2025-07,n65kgko,justa_beholder2004,True,9.0,False,,False,6,1753965282,0,751.5,65.0,204.0,True
UPSC,1mdxnpk,2025-07,n69qz85,Wide_Quarter_5232,True,10.0,False,,False,3,1754010373,0,517.1,238.0,3834.0,True
UPSC,1mdxnpk,2025-07,n6542eb,philosopher4_2_0,False,,True,1.0,False,3,1753958619,0,582.2,962.0,2481.0,True
StartUpIndia,1lqckax,2025-07,n12ubb3,EasyRider_Suraj,True,1.0,True,2.0,False,311,1751520915,0,580.7,15646.0,68254.0,False
StartUpIndia,1lqckax,2025-07,n134yby,Brave-Sky263,True,2.0,True,3.0,False,167,1751526610,0,,,,
StartUpIndia,1lqckax,2025-07,n148x6l,ConfusionRude9936,True,3.0,False,,False,52,1751546713,0,1909.9,38.0,1036.0,True
StartUpIndia,1lqckax,2025-07,n13p5ec,ElectricalOrdinary10,True,5.0,True,4.0,False,42,1751538214,0,1360.8,3559.0,1896.0,True
StartUpIndia,1lqckax,2025-07,n144ue3,jumbovada,True,4.0,True,5.0,False,48,1751545201,0,1966.1,45.0,23293.0,True
StartUpIndia,1lqckax,2025-07,n16p7yp,saiyan_prince1998,True,6.0,False,,False,12,1751572692,0,2590.1,232.0,3032.0,True
StartUpIndia,1lqckax,2025-07,n149n75,CarryAhaMed,True,7.0,False,,False,10,1751546966,0,1830.3,2455.0,266.0,True
StartUpIndia,1lqckax,2025-07,n12nfrc,InevitableSwing9028,True,8.0,True,1.0,False,8,1751517623,0,1889.3,2.0,20.0,True
StartUpIndia,1lqckax,2025-07,n16713v,people_bastards,True,9.0,False,,False,6,1751567326,0,1069.9,261.0,17467.0,True
StartUpIndia,1lqckax,2025-07,n171we1,Extra_Traffic4802,True,10.0,False,,False,6,1751576450,0,1966.9,638.0,3604.0,True
StartUpIndia,1m2vnxn,2025-07,n3s3by0,abhijithekv,True,1.0,True,3.0,False,87,1752825791,0,2703.1,2138.0,24281.0,True
StartUpIndia,1m2vnxn,2025-07,n3ry2wl,Living-Medium8662,True,2.0,True,1.0,False,46,1752822845,0,453.4,6122.0,764.0,True
StartUpIndia,1m2vnxn,2025-07,n3sai7s,Tony_Stark0069,True,3.0,True,5.0,False,29,1752829901,0,1094.7,83.0,1165.0,True
StartUpIndia,1m2vnxn,2025-07,n3sqgac,boromaxo,True,4.0,False,,False,17,1752838021,0,1377.8,328.0,5023.0,False
StartUpIndia,1m2vnxn,2025-07,n3sc0ak,boots_the_barbarian,True,5.0,False,,False,13,1752830769,0,761.7,105.0,27718.0,True
StartUpIndia,1m2vnxn,2025-07,n3rzan3,EARTHB-24,True,6.0,True,2.0,False,9,1752823517,0,1979.8,31134.0,16073.0,True
StartUpIndia,1m2vnxn,2025-07,n3sjyln,Plastic-Cat4935,True,7.0,False,,False,5,1752835043,0,925.8,1.0,192.0,True
StartUpIndia,1m2vnxn,2025-07,n3s8b27,LikedIt666,True,9.0,True,4.0,False,4,1752828632,0,847.6,2449.0,59728.0,True
StartUpIndia,1m2vnxn,2025-07,n3scqvd,NoEast9587,True,8.0,False,,False,5,1752831193,0,1118.7,546.0,8543.0,True
StartUpIndia,1m2vnxn,2025-07,n3t9okl,usermous-anonyname,True,10.0,False,,False,4,1752845023,0,855.9,3.0,14.0,True
StartUpIndia,1ls6qkd,2025-07,n1g6ui8,spiritedsenpai,True,1.0,True,1.0,False,101,1751711219,0,,,,
StartUpIndia,1ls6qkd,2025-07,n1hugtq,im_hvsingh,True,2.0,True,5.0,False,9,1751734305,0,1836.0,27077.0,1149.0,True
StartUpIndia,1ls6qkd,2025-07,n1giw03,Time_Blacksmith861,True,3.0,True,3.0,False,7,1751717515,0,1505.8,35525.0,73913.0,True
StartUpIndia,1ls6qkd,2025-07,n1g9ud5,droned-s2k,True,4.0,True,2.0,False,5,1751712928,0,,,,
StartUpIndia,1ls6qkd,2025-07,n1m6qgu,Ok-Shock-9061,True,5.0,False,,False,5,1751799636,0,335.1,72.0,-2.0,False
StartUpIndia,1ls6qkd,2025-07,n1lc061,someoneaman,True,6.0,False,,False,3,1751781541,0,503.3,36.0,125.0,True
StartUpIndia,1ls6qkd,2025-07,n1ha4yw,govt-registered,False,,True,4.0,False,0,1751727812,0,346.0,383.0,9998.0,True
StartUpIndia,1ls6qkd,2025-07,n1ir3dw,Outrageous_Height_64,True,7.0,False,,False,1,1751744705,0,1829.5,316.0,16770.0,True
StartUpIndia,1ls6qkd,2025-07,n1liibu,Jealous-Jellyfish-16,True,8.0,False,,False,1,1751785246,0,544.1,1.0,1.0,True
StartUpIndia,1ls6qkd,2025-07,n1lq6ki,pasads82,True,9.0,False,,False,1,1751789746,0,2853.3,1.0,472.0,True
StartUpIndia,1ls6qkd,2025-07,n1lx3y5,Legitimate-Fan854,True,10.0,False,,False,1,1751793984,0,1382.8,6.0,61.0,True
StartUpIndia,1lvce5d,2025-07,n24ucnv,pushpg,True,1.0,True,1.0,False,239,1752045419,0,2532.0,48.0,8079.0,True
StartUpIndia,1lvce5d,2025-07,n24wedm,anu-inventoryops2024,True,2.0,True,5.0,False,158,1752046578,0,862.6,33.0,504.0,True
StartUpIndia,1lvce5d,2025-07,n24xclv,Original_Time4144,True,3.0,False,,False,39,1752047125,0,547.9,1.0,2542.0,True
StartUpIndia,1lvce5d,2025-07,n24xgg5,onlyneedthat,True,4.0,False,,False,28,1752047187,0,806.2,4102.0,28363.0,True
StartUpIndia,1lvce5d,2025-07,n257ejc,Relevant_Rhubarb_629,True,5.0,False,,False,21,1752052893,0,626.9,8980.0,24196.0,True
StartUpIndia,1lvce5d,2025-07,n25vith,bitterlikemycoffee,True,6.0,False,,False,14,1752063659,0,3266.7,436.0,3699.0,True
StartUpIndia,1lvce5d,2025-07,n25a47t,Ok-Bridge-1045,True,7.0,False,,False,11,1752054385,0,1775.6,8884.0,93813.0,True
StartUpIndia,1lvce5d,2025-07,n24v8p6,dhruvasagar,True,8.0,True,2.0,False,10,1752045919,0,6609.2,3304.0,5418.0,True
StartUpIndia,1lvce5d,2025-07,n24vdg0,the_melancholic,True,9.0,True,3.0,False,10,1752045992,0,,,,
StartUpIndia,1lvce5d,2025-07,n25cpi9,LaRuminator,True,10.0,False,,False,8,1752055732,0,371.9,133.0,338.0,True
StartUpIndia,1lvce5d,2025-07,n24vopm,Neerad-Nandan,False,,True,4.0,False,5,1752046167,0,332.2,19.0,97.0,True
StartUpIndia,1lvb8po,2025-07,n24o6s2,OneDarkCoder,True,1.0,True,3.0,True,98,1752042099,0,2034.8,1210.0,533.0,True
StartUpIndia,1lvb8po,2025-07,n24msse,Neerad-Nandan,True,2.0,True,1.0,False,69,1752041378,0,332.2,19.0,97.0,True
StartUpIndia,1lvb8po,2025-07,n24sfsw,LikedIt666,True,3.0,False,,False,58,1752044373,0,847.6,2449.0,59728.0,True
StartUpIndia,1lvb8po,2025-07,n24qoxf,Glittering-Water1103,True,4.0,True,5.0,False,41,1752043442,0,412.5,6621.0,7144.0,True
StartUpIndia,1lvb8po,2025-07,n24mv6y,MeaterTheBeater,True,5.0,True,2.0,False,32,1752041412,0,,,,
StartUpIndia,1lvb8po,2025-07,n250xto,DefiantTelevision357,True,6.0,False,,False,10,1752049163,0,412.0,1.0,2829.0,True
StartUpIndia,1lvb8po,2025-07,n26jv2a,Funny-Grapefruit5160,True,7.0,False,,False,7,1752071380,0,,,,
StartUpIndia,1lvb8po,2025-07,n24p3zw,Numerous-Training-21,True,8.0,True,4.0,False,6,1752042591,0,1637.1,131.0,3670.0,True
StartUpIndia,1lvb8po,2025-07,n25fsmx,goku_verse,True,9.0,False,,False,3,1752057244,0,383.3,1.0,467.0,False
StartUpIndia,1lvb8po,2025-07,n25qii6,sidm2600883,True,10.0,False,,False,3,1752061807,0,1829.7,16196.0,9178.0,True
StartUpIndia,1m7x0fa,2025-07,n4v99si,PentesterTechno,True,1.0,True,2.0,False,18,1753347760,0,2002.2,276.0,8185.0,True
StartUpIndia,1m7x0fa,2025-07,n4vhukz,kaminapunn,True,2.0,True,4.0,False,2,1753352468,0,2283.1,2804.0,3302.0,True
StartUpIndia,1m7x0fa,2025-07,n4vbejr,Embarrassed_Look9200,True,3.0,True,3.0,False,1,1753348984,0,425.0,19946.0,95234.0,True
StartUpIndia,1m7x0fa,2025-07,n4wg3uf,HugeConsideration959,True,4.0,True,5.0,False,1,1753365410,0,735.9,86.0,492.0,True
StartUpIndia,1m7x0fa,2025-07,n4yz4xx,AryanPandey,True,5.0,False,,False,1,1753390736,0,3048.8,30692.0,13487.0,True
StartUpIndia,1m7x0fa,2025-07,n58540d,Listen_Revolutionary,True,6.0,False,,False,1,1753512686,0,2145.2,425.0,1929.0,True
StartUpIndia,1m7x0fa,2025-07,n5ghwuj,cprash,True,7.0,False,,False,1,1753634335,0,1658.9,57.0,1583.0,True
StartUpIndia,1m7x0fa,2025-07,n5ya189,GoodNothing3033,True,8.0,False,,False,1,1753869643,0,738.7,327.0,4.0,True
StartUpIndia,1m7x0fa,2025-07,n7t8eq2,HakiXDreamXDesire,True,9.0,False,,False,1,1754762443,0,302.5,1.0,6.0,True
StartUpIndia,1m7x0fa,2025-07,n4ux8fn,Due_Entertainment_66,True,10.0,True,1.0,False,-19,1753340919,0,2102.7,353.0,46350.0,True
StartUpIndia,1m221dq,2025-07,n3lj46x,Extreme-Opening7868,True,1.0,True,3.0,False,92,1752742258,0,817.2,63.0,1074.0,True
StartUpIndia,1m221dq,2025-07,n3ljxex,s2k4ever,True,2.0,True,4.0,False,46,1752742723,0,3942.1,106.0,2084.0,True
StartUpIndia,1m221dq,2025-07,n3lkeaf,SorryUnderstanding7,True,3.0,True,5.0,False,28,1752742991,0,2276.9,598.0,10477.0,True
StartUpIndia,1m221dq,2025-07,n3lmbdt,SoopTee,True,4.0,False,,False,18,1752744098,0,579.9,412.0,564.0,True
StartUpIndia,1m221dq,2025-07,n3li6tl,Ne0Vamp,True,5.0,True,2.0,False,10,1752741725,0,1464.3,39.0,1715.0,True
StartUpIndia,1m221dq,2025-07,n3lnljd,ironman_gujju,True,6.0,False,,False,6,1752744833,0,1759.2,725.0,19514.0,True
StartUpIndia,1m221dq,2025-07,n3lsday,Jolly_Lake_6543,True,7.0,False,,False,5,1752747378,0,2175.2,8.0,2188.0,True
StartUpIndia,1m221dq,2025-07,n3rekz7,derEinsameWolf,True,8.0,False,,False,5,1752813023,0,1901.1,97.0,165.0,True
StartUpIndia,1m221dq,2025-07,n3lhksm,Such-Calendar-3784,True,9.0,True,1.0,False,3,1752741367,0,582.5,1.0,98.0,True
StartUpIndia,1m221dq,2025-07,n3m2s24,kaminapunn,True,10.0,False,,False,1,1752752142,0,2283.1,2804.0,3302.0,True
StartUpIndia,1lzn3ut,2025-07,n339dh6,Dean_46,True,1.0,False,,False,337,1752506558,0,2851.3,5482.0,35235.0,True
StartUpIndia,1lzn3ut,2025-07,n32w1cf,Appropriate-Bug-755,True,2.0,True,1.0,False,177,1752502683,0,763.1,673.0,15458.0,True
StartUpIndia,1lzn3ut,2025-07,n32yke1,Kal_mai_udega,True,4.0,True,3.0,False,30,1752503431,0,1367.9,6560.0,26060.0,True
StartUpIndia,1lzn3ut,2025-07,n342f3f,abhizitm,True,3.0,False,,False,34,1752514654,0,2152.5,468.0,8961.0,True
StartUpIndia,1lzn3ut,2025-07,n33glfi,Smooth-Mind4247,True,5.0,False,,False,30,1752508606,0,2027.9,1187.0,15343.0,True
StartUpIndia,1lzn3ut,2025-07,n34alny,ThinkingIndian,True,6.0,False,,False,25,1752516884,0,4075.7,982.0,8312.0,True
StartUpIndia,1lzn3ut,2025-07,n330rr6,Dismal_Ad_6547,True,7.0,True,5.0,False,17,1752504076,0,,,,
StartUpIndia,1lzn3ut,2025-07,n331i11,pm_mba,True,8.0,False,,False,15,1752504285,0,3594.0,2389.0,8613.0,True
StartUpIndia,1lzn3ut,2025-07,n32xhdo,dhu-poe,True,10.0,True,2.0,False,13,1752503112,0,366.1,5407.0,5090.0,False
StartUpIndia,1lzn3ut,2025-07,n32ypq2,Sporty_guyy,True,9.0,True,4.0,False,15,1752503475,0,,,,
StartUpIndia,1lzz4fh,2025-07,n35gd0q,UDIK69,True,1.0,True,1.0,False,229,1752528804,0,1740.7,139.0,1585.0,True
StartUpIndia,1lzz4fh,2025-07,n372pil,ThinkingIndian,True,2.0,False,,False,141,1752548356,0,4075.7,982.0,8312.0,True
StartUpIndia,1lzz4fh,2025-07,n36nv36,trumpdolund,True,3.0,True,2.0,False,20,1752543057,0,363.8,96.0,10425.0,False
StartUpIndia,1lzz4fh,2025-07,n36z4x3,Maginaghat997,True,4.0,True,4.0,False,19,1752547043,0,722.2,80452.0,50125.0,True
StartUpIndia,1lzz4fh,2025-07,n37mr83,International_Ad1896,True,5.0,False,,False,7,1752557069,0,2156.9,20.0,61.0,True
StartUpIndia,1lzz4fh,2025-07,n38t5ak,tocra,True,6.0,False,,False,7,1752579725,0,3951.9,109279.0,91635.0,True
StartUpIndia,1lzz4fh,2025-07,n37wmfa,Latter_Worker4374,True,7.0,False,,False,6,1752562265,0,544.7,27.0,1288.0,True
StartUpIndia,1lzz4fh,2025-07,n37ms2c,EnflamedPhoenix,True,8.0,False,,False,3,1752557081,0,2586.8,175.0,5397.0,True
StartUpIndia,1lzz4fh,2025-07,n38ndh5,Perfumekadeewana,True,9.0,False,,False,3,1752577200,0,854.9,253.0,5686.0,True
StartUpIndia,1lzz4fh,2025-07,n3e0353,TheBrandBuilder96,True,10.0,False,,False,3,1752638306,0,1817.1,503.0,729.0,True
StartUpIndia,1lzz4fh,2025-07,n36sb6r,Thinking_Bug,False,,True,3.0,False,3,1752544615,0,1826.3,685.0,1675.0,True
StartUpIndia,1lzz4fh,2025-07,n370wzq,pm_mba,False,,True,5.0,False,2,1752547689,0,3594.0,2389.0,8613.0,True
StartUpIndia,1m4hzcq,2025-07,n44k0uo,Quirwz,True,1.0,True,4.0,False,89,1752993902,0,,,,
StartUpIndia,1m4hzcq,2025-07,n44jsiu,Ritz_Ind,True,2.0,True,2.0,False,43,1752993776,0,1696.2,2.0,72.0,True
StartUpIndia,1m4hzcq,2025-07,n44n7hy,Beneficial_Split2435,True,3.0,False,,False,15,1752995647,0,1810.8,65.0,856.0,True
StartUpIndia,1m4hzcq,2025-07,n44izfp,Much_Pea_1540,True,4.0,True,1.0,False,13,1752993335,0,905.4,107.0,10083.0,True
StartUpIndia,1m4hzcq,2025-07,n44k1tu,Ok-Bee2272,True,5.0,True,5.0,False,13,1752993917,0,373.4,177.0,51928.0,True
StartUpIndia,1m4hzcq,2025-07,n44o3jx,blrmanager,True,6.0,False,,False,8,1752996149,0,,,,
StartUpIndia,1m4hzcq,2025-07,n44jzoy,jumbovada,True,7.0,True,3.0,False,7,1752993884,0,1966.1,45.0,23293.0,True
StartUpIndia,1m4hzcq,2025-07,n44r45r,learner1021,True,8.0,False,,False,4,1752997865,0,648.4,31.0,1276.0,False
StartUpIndia,1m4hzcq,2025-07,n44r75m,GhostingIsWhatIDo,True,9.0,False,,False,4,1752997911,0,855.6,2520.0,24170.0,False
StartUpIndia,1m4hzcq,2025-07,n44nmb8,ken_kaneki009,True,10.0,False,,False,4,1752995876,0,1332.6,154.0,842.0,True
TwoXIndia,1lznokf,2025-07,n32yi6k,Winter-Ladder-3591,True,1.0,True,2.0,False,559,1752503413,0,1385.7,340.0,27670.0,True
TwoXIndia,1lznokf,2025-07,n32zt70,lumospurple25233,True,2.0,True,3.0,False,249,1752503797,0,592.1,6.0,3951.0,True
TwoXIndia,1lznokf,2025-07,n32yhl7,fancyredditbitch,True,3.0,True,1.0,False,196,1752503408,0,2123.2,3605.0,7335.0,True
TwoXIndia,1lznokf,2025-07,n330mri,Gauriiii_,True,4.0,True,4.0,False,186,1752504036,0,,,,
TwoXIndia,1lznokf,2025-07,n335kum,Ozzysmother,True,5.0,False,,False,95,1752505456,0,2131.3,2219.0,4182.0,True
TwoXIndia,1lznokf,2025-07,n337t8j,VegetableDay7034,True,6.0,False,,False,68,1752506100,0,664.0,1978.0,3448.0,True
TwoXIndia,1lznokf,2025-07,n332c7l,morosis000,True,7.0,True,5.0,False,41,1752504527,0,2389.2,50.0,460.0,True
TwoXIndia,1lznokf,2025-07,n33375h,KamolikasTikali,True,9.0,False,,False,30,1752504775,0,701.5,152.0,86331.0,True
TwoXIndia,1lznokf,2025-07,n337h2i,ClumsyHannibalLecter,True,8.0,False,,False,33,1752506005,0,2019.8,11235.0,160976.0,True
TwoXIndia,1lznokf,2025-07,n33k67a,a_sooshii,True,10.0,False,,False,29,1752509625,0,1928.7,306.0,14844.0,True
TwoXIndia,1mcyyi4,2025-07,n5xov6e,Fancy-Explanation496,True,1.0,True,1.0,False,329,1753857451,0,1808.7,378.0,3343.0,True
TwoXIndia,1mcyyi4,2025-07,n5xq6u6,sir_qoala,True,2.0,True,3.0,False,152,1753858184,0,3666.9,59346.0,43855.0,True
TwoXIndia,1mcyyi4,2025-07,n5xq4ra,Dessertedprincess,True,3.0,True,2.0,False,88,1753858152,0,,,,
TwoXIndia,1mcyyi4,2025-07,n5xx6vz,Babykinnsxoxo,True,4.0,False,,False,65,1753862206,0,1975.8,20048.0,6632.0,True
TwoXIndia,1mcyyi4,2025-07,n5xrjav,Careless-Mammoth-944,True,6.0,False,,False,31,1753858940,0,1642.1,302.0,69790.0,True
TwoXIndia,1mcyyi4,2025-07,n5xr7qj,SunSunny07,True,5.0,True,5.0,False,34,1753858757,0,4147.8,606.0,8323.0,True
TwoXIndia,1mcyyi4,2025-07,n5xret5,4eyedrakshasi,True,7.0,False,,False,28,1753858870,0,2295.3,416.0,471.0,True
TwoXIndia,1mcyyi4,2025-07,n5y1kyo,Tess_James,True,8.0,False,,False,21,1753864782,0,2893.0,1177.0,114817.0,True
TwoXIndia,1mcyyi4,2025-07,n5xv9x0,nabhaa,True,9.0,False,,False,20,1753861099,0,1134.1,346.0,2681.0,True
TwoXIndia,1mcyyi4,2025-07,n5xq6x0,agonizingmouse,True,10.0,True,4.0,False,15,1753858185,0,547.7,2574.0,12926.0,True
TwoXIndia,1lsuw9h,2025-07,n1lir5i,ImprovementSure7540,True,1.0,True,1.0,False,206,1751785385,0,625.0,90232.0,20558.0,True
TwoXIndia,1lsuw9h,2025-07,n1ljqxb,Old_Baby7468,True,2.0,True,2.0,False,84,1751785961,0,1014.5,4873.0,5527.0,True
TwoXIndia,1lsuw9h,2025-07,n1lo2dp,Ok-Inevitable-2689,True,3.0,True,3.0,False,65,1751788504,0,1780.8,3393.0,8873.0,True
TwoXIndia,1lsuw9h,2025-07,n1lvbt9,ivoryshopindia,True,4.0,True,4.0,False,63,1751792878,0,2099.6,1413.0,3337.0,True
TwoXIndia,1lsuw9h,2025-07,n1lylvp,lollipop_laagelu,True,5.0,True,5.0,False,35,1751794914,0,,,,
TwoXIndia,1lsuw9h,2025-07,n1lzi21,whatifnoway12789,True,6.0,False,,False,28,1751795453,0,1780.1,3621.0,14013.0,True
TwoXIndia,1lsuw9h,2025-07,n1mev0v,silent_porcupine123,True,7.0,False,,False,24,1751803640,0,1977.5,3911.0,107668.0,True
TwoXIndia,1lsuw9h,2025-07,n1qt7i4,mrs-bino,True,8.0,False,,False,11,1751856671,0,2605.3,769.0,3848.0,True
TwoXIndia,1lsuw9h,2025-07,n1qral8,whalesarecool14,True,9.0,False,,False,7,1751855920,0,2396.9,1695.0,151505.0,True
TwoXIndia,1lsuw9h,2025-07,n1nvujq,profitmaker_tobe,True,10.0,False,,False,6,1751821479,0,2673.3,1385.0,13908.0,True
TwoXIndia,1lxdvv2,2025-07,n2lbrxh,madhatter248,True,1.0,True,3.0,False,474,1752257428,0,3491.4,479.0,48149.0,True
TwoXIndia,1lxdvv2,2025-07,n2lg8rp,bisexualgoddess_,True,2.0,False,,False,419,1752258725,0,2142.2,1867.0,6845.0,True
TwoXIndia,1lxdvv2,2025-07,n2lbgb0,offlineonlinehoe,True,3.0,True,2.0,False,266,1752257334,0,2445.7,9915.0,5936.0,True
TwoXIndia,1lxdvv2,2025-07,n2lcl9h,SmexxyTaco,True,4.0,False,,False,250,1752257664,0,1719.3,442.0,4180.0,True
TwoXIndia,1lxdvv2,2025-07,n2m3wgj,Ccnagirl,True,5.0,False,,False,152,1752265731,0,3067.6,1373.0,11945.0,True
TwoXIndia,1lxdvv2,2025-07,n2lcn1h,milkyboos,True,6.0,False,,False,114,1752257678,0,2144.4,891.0,11669.0,True
TwoXIndia,1lxdvv2,2025-07,n2lbdbu,SignificantSale3909,True,7.0,True,1.0,False,68,1752257310,0,561.9,668.0,2552.0,True
TwoXIndia,1lxdvv2,2025-07,n2lcvoz,Putrid_Relation2661,True,8.0,False,,False,37,1752257748,0,1557.2,1176.0,10412.0,True
TwoXIndia,1lxdvv2,2025-07,n2lfc75,Educational_Pea7069,True,9.0,False,,False,31,1752258461,0,1652.7,289.0,41974.0,True
TwoXIndia,1lxdvv2,2025-07,n2lc7dn,Aggravating_Taste821,False,,True,5.0,False,20,1752257553,0,2118.6,83893.0,13084.0,True
TwoXIndia,1lxdvv2,2025-07,n2lp41f,lazy_forks,True,10.0,False,,False,23,1752261315,0,2222.0,1415.0,13959.0,True
TwoXIndia,1lxdvv2,2025-07,n2lbs06,yellowcrustedwarbler,False,,True,4.0,False,4,1752257429,0,866.1,137.0,3743.0,True
TwoXIndia,1lscrcm,2025-07,n1hhmg2,Naaan-stop,True,1.0,True,1.0,True,113,1751730172,0,372.7,943.0,484.0,True
TwoXIndia,1lscrcm,2025-07,n1hk0vd,siatica,True,2.0,True,3.0,False,47,1751730921,0,2097.9,88.0,1169.0,True
TwoXIndia,1lscrcm,2025-07,n1hj73t,Most_Sun_5237,True,3.0,True,2.0,False,25,1751730664,0,2010.6,42.0,18708.0,True
TwoXIndia,1lscrcm,2025-07,n1lgeu9,Guac_burrito_21,True,4.0,True,4.0,False,8,1751784038,0,692.3,152.0,340.0,False
TwoXIndia,1lscrcm,2025-07,n1m0d20,NoPhilosophy6306,True,5.0,True,5.0,False,6,1751795963,0,1654.1,411.0,2344.0,True
TwoXIndia,1lscrcm,2025-07,n1m6uo6,cognitive-resonance,True,6.0,False,,False,2,1751799697,0,849.7,84.0,1246.0,True
TwoXIndia,1lscrcm,2025-07,nnabcg1,Minute_Way_7675,True,7.0,False,,False,1,1762369114,0,1725.0,1345.0,2522.0,True
TwoXIndia,1ltrv99,2025-07,n1siftj,struggle-life2087,True,1.0,True,1.0,False,327,1751888576,0,786.2,322.0,36300.0,True
TwoXIndia,1ltrv99,2025-07,n1sjmsy,Ecstatic_Cup7123,True,2.0,True,3.0,False,242,1751889100,0,1611.0,2731.0,37167.0,True
TwoXIndia,1ltrv99,2025-07,n1sjajz,Consistent_Estate168,True,3.0,True,2.0,False,96,1751888950,0,1402.1,197.0,1236.0,True
TwoXIndia,1ltrv99,2025-07,n1spkfa,sukebindseeker,True,4.0,False,,False,92,1751891551,0,1761.0,662.0,969.0,True
TwoXIndia,1ltrv99,2025-07,n1sl4x0,New-Jury6253,True,5.0,True,5.0,False,72,1751889743,0,1645.9,4746.0,21743.0,True
TwoXIndia,1ltrv99,2025-07,n1slnif,Impossible_Test_8478,True,6.0,False,,False,52,1751889959,0,902.1,10355.0,7082.0,True
TwoXIndia,1ltrv99,2025-07,n1spn75,ayu_xi,True,7.0,False,,False,39,1751891581,0,403.4,9544.0,53919.0,False
TwoXIndia,1ltrv99,2025-07,n1slv8f,Wheesa,True,8.0,False,,False,29,1751890050,0,3116.2,7207.0,223748.0,True
TwoXIndia,1ltrv99,2025-07,n1sya4a,Unfair-Level7000,True,9.0,False,,False,27,1751894734,0,1874.1,1.0,1078.0,True
TwoXIndia,1ltrv99,2025-07,n1skmwo,Logical_pshyco,True,10.0,True,4.0,False,23,1751889530,0,1031.6,372.0,15560.0,True
TwoXIndia,1lx72m9,2025-07,n2k9w1m,AmbitiousSomewhere62,True,1.0,True,4.0,False,277,1752246840,0,1949.7,1752.0,7885.0,True
TwoXIndia,1lx72m9,2025-07,n2kbcf2,moonlight_chicken,True,2.0,True,5.0,False,104,1752247246,0,1621.5,3872.0,43644.0,True
TwoXIndia,1lx72m9,2025-07,n2jxsn3,SignificantSale3909,True,3.0,True,1.0,False,90,1752243382,0,561.9,668.0,2552.0,True
TwoXIndia,1lx72m9,2025-07,n2k6add,NatvoAlterice,True,4.0,True,3.0,False,74,1752245830,0,4788.8,26291.0,75599.0,True
TwoXIndia,1lx72m9,2025-07,n2kfdix,Kamasutraaahhh_69,True,5.0,False,,False,74,1752248364,0,,,,
TwoXIndia,1lx72m9,2025-07,n2kc7co,Environmental-Leg33,True,6.0,False,,False,44,1752247484,0,1181.0,237.0,23456.0,True
TwoXIndia,1lx72m9,2025-07,n2kfbs9,messylassie,True,7.0,False,,False,40,1752248351,0,2258.5,518.0,8252.0,True
TwoXIndia,1lx72m9,2025-07,n2lger4,blehblehidk,True,8.0,False,,False,27,1752258774,0,1621.1,21.0,4300.0,True
TwoXIndia,1lx72m9,2025-07,n2kfool,madhatter248,True,9.0,False,,False,22,1752248450,0,3491.4,479.0,48149.0,True
TwoXIndia,1lx72m9,2025-07,n2kfpc3,no-way-but-up,True,10.0,False,,False,10,1752248455,0,410.1,57.0,1045.0,True
TwoXIndia,1lx72m9,2025-07,n2k0b21,NoLandscape404,False,,True,2.0,False,3,1752244112,0,807.7,749.0,3462.0,True
TwoXIndia,1lqn15r,2025-07,n13zl17,KamolikasTikali,True,1.0,False,,False,343,1751543110,0,701.5,152.0,86331.0,True
TwoXIndia,1lqn15r,2025-07,n1414z3,SashaFiery,True,2.0,False,,False,220,1751543741,0,1399.0,15285.0,14230.0,True
TwoXIndia,1lqn15r,2025-07,n13wyux,KnownAd7588,True,3.0,True,1.0,False,194,1751541980,0,1097.6,37.0,12309.0,True
TwoXIndia,1lqn15r,2025-07,n142dgs,AvailableNewspaper94,True,4.0,False,,False,98,1751544238,0,1934.7,39777.0,87349.0,True
TwoXIndia,1lqn15r,2025-07,n140288,Ok_Corner_1813,True,5.0,False,,False,91,1751543305,0,953.8,1.0,413.0,True
TwoXIndia,1lqn15r,2025-07,n13xhge,WittyQueen-0306,True,6.0,True,4.0,False,81,1751542210,0,1008.3,139.0,5014.0,True
TwoXIndia,1lqn15r,2025-07,n13zp2b,anonpumpkin012,True,7.0,False,,False,57,1751543156,0,2399.8,1561.0,82554.0,True
TwoXIndia,1lqn15r,2025-07,n140mgw,NapOnJos,True,8.0,False,,False,46,1751543532,0,400.7,274.0,307.0,False
TwoXIndia,1lqn15r,2025-07,n140r1n,Zurati,True,9.0,False,,False,31,1751543584,0,,,,
TwoXIndia,1lqn15r,2025-07,n13x1ug,prachuprachu,True,10.0,True,2.0,False,29,1751542017,0,1988.2,1700.0,1934.0,True
TwoXIndia,1lqn15r,2025-07,n13x5h9,shanayashar,False,,True,3.0,False,21,1751542062,0,583.9,270.0,7003.0,True
TwoXIndia,1lqn15r,2025-07,n13z5a1,shawtylovesmemes,False,,True,5.0,False,17,1751542928,0,1968.0,260.0,11745.0,True
TwoXIndia,1lw2x07,2025-07,n2b06g6,sinistersinha,True,1.0,True,3.0,False,361,1752120275,0,2729.0,4434.0,2846.0,True
TwoXIndia,1lw2x07,2025-07,n2b16o5,Tough_Rough_6124,True,3.0,True,5.0,False,84,1752120703,0,,,,
TwoXIndia,1lw2x07,2025-07,n2b0snv,leviiOHsaaa,True,2.0,True,4.0,False,85,1752120538,0,1399.9,721.0,15514.0,True
TwoXIndia,1lw2x07,2025-07,n2azka8,writersan,True,4.0,True,2.0,False,65,1752120015,0,1071.7,1480.0,6757.0,True
TwoXIndia,1lw2x07,2025-07,n2b3520,shawtylovesmemes,True,5.0,False,,False,57,1752121551,0,1968.0,260.0,11745.0,True
TwoXIndia,1lw2x07,2025-07,n2axz9v,No_Trackling,True,6.0,True,1.0,False,39,1752119364,0,,,,
TwoXIndia,1lw2x07,2025-07,n2b7c9a,GoldSalt3059,True,7.0,False,,False,31,1752123430,0,1351.2,984.0,13846.0,True
TwoXIndia,1lw2x07,2025-07,n2bdzpk,SunSunny07,True,9.0,False,,False,23,1752126695,0,4147.8,606.0,8323.0,True
TwoXIndia,1lw2x07,2025-07,n2bem4i,mindmybusine55,True,10.0,False,,False,20,1752127011,0,985.8,10638.0,12087.0,True
TwoXIndia,1lw2x07,2025-07,n2bfm3t,CuriousAmazed,True,8.0,False,,False,24,1752127521,0,1854.4,8214.0,12113.0,True
TwoXIndia,1lovj91,2025-07,n0pzw8p,slythnerd06,True,1.0,True,1.0,False,116,1751355725,0,2719.9,205.0,4950.0,True
TwoXIndia,1lovj91,2025-07,n0q36i1,SomeoneInTheRain,True,2.0,True,5.0,False,94,1751357705,0,1675.6,251.0,5280.0,False
TwoXIndia,1lovj91,2025-07,n0q5kup,VariationOrdinary118,True,3.0,False,,False,53,1751359185,0,1299.2,831.0,279.0,True
TwoXIndia,1lovj91,2025-07,n0q1hf5,designgirl001,True,4.0,True,3.0,False,42,1751356684,0,,,,
TwoXIndia,1lovj91,2025-07,n0q9c6p,Professional-Tax5429,True,5.0,False,,False,27,1751361460,0,1181.7,30.0,3093.0,True
TwoXIndia,1lovj91,2025-07,n0q22tk,Annual_Leadership_46,True,6.0,True,4.0,False,24,1751357043,0,,,,
TwoXIndia,1lovj91,2025-07,n0qbp8t,cheesepwincess,True,7.0,False,,False,23,1751362870,0,2268.5,1713.0,1396.0,True
TwoXIndia,1lovj91,2025-07,n0qklm6,ajeebdastanhainye,True,8.0,False,,False,19,1751367634,0,791.2,729.0,796.0,True
TwoXIndia,1lovj91,2025-07,n0q0wc4,sleepsham,True,9.0,True,2.0,False,10,1751356328,0,1970.0,222.0,17886.0,True
TwoXIndia,1lovj91,2025-07,n0rzzwo,pookiblueberries,True,10.0,False,,False,10,1751384997,0,553.6,742.0,5071.0,True
teenindia,1lossil,2025-07,n0pg2sp,Ordinary_Awareness45,True,1.0,True,2.0,False,1573,1751345002,0,1870.2,332.0,7429.0,True
teenindia,1lossil,2025-07,n0ph628,Samarthetic_here,True,2.0,True,5.0,False,684,1751345517,0,548.1,368.0,3197.0,True
teenindia,1lossil,2025-07,n0pfwiy,OrangeBilla33,True,3.0,True,1.0,False,430,1751344921,0,379.2,3011.0,6601.0,True
teenindia,1lossil,2025-07,n0pi1vr,Hellbound_angel69,True,4.0,False,,False,303,1751345946,0,1154.0,52.0,444.0,True
teenindia,1lossil,2025-07,n0pgava,Impossible_Ferret_30,True,5.0,True,3.0,False,87,1751345108,0,1518.0,791.0,1285.0,True
teenindia,1lossil,2025-07,n0porfj,PeachOk54,True,6.0,False,,False,55,1751349353,0,1098.0,719.0,3113.0,True
teenindia,1lossil,2025-07,n0pkw85,kkkkkkk1818,True,7.0,False,,False,51,1751347361,0,1476.1,69.0,908.0,True
teenindia,1lossil,2025-07,n0pho41,yagamigod88,True,8.0,False,,False,36,1751345759,0,773.6,171.0,13544.0,True
teenindia,1lossil,2025-07,n0pgohj,Individual-Regret-33,True,9.0,True,4.0,False,26,1751345285,0,783.9,3371.0,18463.0,True
teenindia,1lossil,2025-07,n0pi14g,incredible_nut,True,10.0,False,,False,18,1751345936,0,580.9,2239.0,23075.0,True
teenindia,1m73y3c,2025-07,n4ohnvo,RealisticSea3963,True,1.0,True,2.0,False,905,1753260689,0,807.8,490.0,2923.0,True
teenindia,1m73y3c,2025-07,n4ojc0b,ket_sama_,True,2.0,False,,False,265,1753261657,0,336.1,499.0,8808.0,True
teenindia,1m73y3c,2025-07,n4oi6t7,Digi_-_-_-,True,3.0,True,3.0,False,241,1753260993,0,1912.9,15.0,963.0,True
teenindia,1m73y3c,2025-07,n4ogswo,Wrong-Ad7457,True,4.0,True,1.0,False,119,1753260196,0,,,,
teenindia,1m73y3c,2025-07,n4ojso9,GrimBreeze,True,5.0,False,,False,93,1753261927,0,,,,
teenindia,1m73y3c,2025-07,n4oil95,Weary-Bad1258,True,6.0,True,4.0,False,44,1753261224,0,1649.3,473.0,3242.0,True
teenindia,1m73y3c,2025-07,n4ojx87,nothalfawake,True,7.0,False,,False,40,1753262000,0,,,,
teenindia,1m73y3c,2025-07,n4ojx6h,Fuzzy_Respect_9589,True,8.0,False,,False,21,1753261999,0,376.0,103.0,1015.0,True
teenindia,1m73y3c,2025-07,n4osaal,painterpopular6781,True,9.0,False,,False,16,1753266569,0,369.8,4551.0,3207.0,True
teenindia,1m73y3c,2025-07,n4oiq59,Bombastion_,True,10.0,True,5.0,False,15,1753261303,0,701.8,193.0,262.0,True
teenindia,1lopone,2025-07,n0otva1,Cold_Trick_5279,True,1.0,True,2.0,False,800,1751336060,0,1952.0,12420.0,4112.0,True
teenindia,1lopone,2025-07,n0oup15,Ara-Arata,True,2.0,True,4.0,False,241,1751336354,0,,,,
teenindia,1lopone,2025-07,n0ouwup,ActiveBackground2206,True,3.0,True,5.0,False,207,1751336433,0,451.0,5555.0,4430.0,True
teenindia,1lopone,2025-07,n0oydfh,Lord_Hoax,True,4.0,False,,False,117,1751337718,0,366.2,3285.0,4676.0,True
teenindia,1lopone,2025-07,n0ot30j,Blastrix-op,True,5.0,True,1.0,False,76,1751335780,0,,,,
teenindia,1lopone,2025-07,n0oubni,Dependent-Lynx3411,True,6.0,True,3.0,False,31,1751336222,0,470.5,5214.0,917.0,True
teenindia,1lopone,2025-07,n0p0f3s,PilotPig3on,True,7.0,False,,False,18,1751338486,0,469.9,1527.0,2614.0,True
teenindia,1lopone,2025-07,n0ovdkq,IamHarryPottah,True,9.0,False,,False,10,1751336603,0,954.9,571.0,3643.0,True
teenindia,1lopone,2025-07,n0pa0bv,reyna_ka_premi,True,10.0,False,,False,10,1751342301,0,,,,
teenindia,1lopone,2025-07,n0oxvf8,Necessary_Public9955,True,8.0,False,,False,11,1751337530,0,1185.6,964.0,1559.0,True
teenindia,1lzcvg0,2025-07,n30roud,NIGG_CHICK,True,1.0,True,1.0,False,129,1752466882,0,,,,
teenindia,1lzcvg0,2025-07,n310l5l,LemonCertain1944,True,2.0,True,2.0,False,123,1752471145,0,499.5,148.0,938.0,False
teenindia,1lzcvg0,2025-07,n314dq1,pta_nhi_yr,True,3.0,True,4.0,False,14,1752473112,0,499.8,691.0,2567.0,False
teenindia,1lzcvg0,2025-07,n310q7q,Right-Bank3561,True,4.0,True,3.0,False,14,1752471218,0,1082.1,922.0,2414.0,True
teenindia,1lzcvg0,2025-07,n31ch1s,ankitt93,True,5.0,True,5.0,False,10,1752477591,0,,,,
teenindia,1m5ho0q,2025-07,n4bxmsm,General_Lemon_293,True,1.0,True,1.0,False,478,1753101564,0,581.0,1.0,2140.0,True
teenindia,1m5ho0q,2025-07,n4by4wn,SherbertNo703,True,2.0,True,2.0,False,311,1753101745,0,1752.8,203.0,4944.0,True
teenindia,1m5ho0q,2025-07,n4byzo6,livingdead_19,True,3.0,True,4.0,False,117,1753102052,0,383.8,101.0,1291.0,True
teenindia,1m5ho0q,2025-07,n4bzl2b,Bright-Article-1358,True,4.0,True,5.0,False,38,1753102261,0,2164.5,4296.0,5813.0,True
teenindia,1m5ho0q,2025-07,n4c1b8c,ShareGeneral700,True,5.0,False,,False,25,1753102862,0,538.6,2475.0,8753.0,True
teenindia,1m5ho0q,2025-07,n4c2nx6,abhigoswami18,True,6.0,False,,False,19,1753103332,0,2793.0,1021702.0,68495.0,True
teenindia,1m5ho0q,2025-07,n4byny2,madglaamx,True,7.0,True,3.0,False,9,1753101934,0,1188.8,16695.0,34525.0,False
teenindia,1m5ho0q,2025-07,n4c0pqf,K2ketan8619,True,8.0,False,,False,5,1753102656,0,1598.2,6779.0,11871.0,True
teenindia,1lyqcr0,2025-07,n2vqnsn,Primary-Structure121,True,1.0,True,2.0,False,111,1752406007,0,1225.8,132.0,748.0,True
teenindia,1lyqcr0,2025-07,n2vrmnr,Radiant-Serve3043,True,2.0,True,4.0,False,99,1752406489,0,912.3,2218.0,3617.0,False
teenindia,1lyqcr0,2025-07,n2vrrej,Kraken_stfu,True,3.0,True,5.0,False,32,1752406554,0,681.9,777.0,4261.0,True
teenindia,1lyqcr0,2025-07,n2vshjb,Undead0707,True,4.0,False,,False,27,1752406901,0,1715.0,7632.0,74905.0,True
teenindia,1lyqcr0,2025-07,n2xg0pw,seanjoe859,True,5.0,False,,False,12,1752426977,0,,,,
teenindia,1lyqcr0,2025-07,n2vpz4o,Inner-Engineer6483,True,6.0,True,1.0,False,9,1752405661,0,542.0,2462.0,3089.0,True
teenindia,1lyqcr0,2025-07,n2wa583,EvilCorpEdits,True,7.0,False,,False,8,1752414063,0,,,,
teenindia,1lyqcr0,2025-07,n2vrbl1,Ateez1117,True,10.0,True,3.0,False,4,1752406337,0,1794.1,107.0,16468.0,True
teenindia,1lyqcr0,2025-07,n2vx1km,incredible_nut,True,8.0,False,,False,5,1752408966,0,580.9,2239.0,23075.0,True
teenindia,1lyqcr0,2025-07,n2wwxre,Federal_Anxiety_773,True,9.0,False,,False,5,1752421251,0,2019.2,1489.0,2603.0,True
teenindia,1m9lqio,2025-07,n57zmq0,Least_Engineer_4337,True,1.0,False,,False,1036,1753509664,0,1543.9,73.0,3386.0,True
teenindia,1m9lqio,2025-07,n57z1zs,EnvironmentLonely935,True,2.0,True,1.0,False,607,1753509352,0,,,,
teenindia,1m9lqio,2025-07,n57zurg,the_minnox,True,3.0,False,,False,101,1753509786,0,392.8,1462.0,4223.0,True
teenindia,1m9lqio,2025-07,n57z78i,Icy_Chemical_4380,True,4.0,True,2.0,False,37,1753509430,0,,,,
teenindia,1m9lqio,2025-07,n57zfjj,Electronic-Pause9243,True,6.0,True,5.0,False,32,1753509555,0,329.1,154.0,1468.0,True
teenindia,1m9lqio,2025-07,n580dem,Khabib_Nurmagomedovs,True,5.0,False,,False,33,1753510069,0,,,,
teenindia,1m9lqio,2025-07,n5803l1,Weary-Bad1258,True,7.0,False,,False,25,1753509921,0,1649.3,473.0,3242.0,True
teenindia,1m9lqio,2025-07,n580wwy,Jolly-Analyst400,True,8.0,False,,False,19,1753510366,0,408.4,160.0,90.0,True
teenindia,1m9lqio,2025-07,n581g8a,Character_Trash_9335,True,9.0,False,,False,19,1753510659,0,,,,
teenindia,1m9lqio,2025-07,n57zahw,Disastrous-Bit-5097,True,10.0,True,3.0,False,15,1753509480,0,376.2,25307.0,8828.0,True
teenindia,1m9lqio,2025-07,n57zb2p,KIRITO122424,False,,True,4.0,False,7,1753509489,0,512.4,300.0,2519.0,False
teenindia,1m2ecio,2025-07,n3o75z9,EdgeOk9457,True,1.0,True,3.0,False,1302,1752774925,0,,,,
teenindia,1m2ecio,2025-07,n3o896k,XimplusGG,True,2.0,False,,False,790,1752775228,0,554.9,123192.0,4946.0,True
teenindia,1m2ecio,2025-07,n3o8lyg,Salty_Problem_7394,True,3.0,False,,False,212,1752775328,0,533.8,4394.0,3697.0,True
teenindia,1m2ecio,2025-07,n3o6ye9,Minimum-Advisor3961,True,4.0,True,1.0,False,109,1752774867,0,,,,
teenindia,1m2ecio,2025-07,n3o71ew,cranberrrycoffee,True,5.0,True,2.0,False,86,1752774891,0,,,,
teenindia,1m2ecio,2025-07,n3o9y8c,ass-slamwhileicum,True,6.0,False,,False,28,1752775715,0,768.9,512.0,2905.0,True
teenindia,1m2ecio,2025-07,n3ogj0a,h6ll0,True,7.0,False,,False,22,1752777601,0,1531.0,1.0,44.0,True
teenindia,1m2ecio,2025-07,n3objfl,Ladiesman-agu,True,8.0,False,,False,16,1752776171,0,1920.8,203.0,258.0,True
teenindia,1m2ecio,2025-07,n3o7f87,sungodnika3000,True,9.0,True,4.0,False,16,1752774996,0,,,,
teenindia,1m2ecio,2025-07,n3o80j3,mritsz,True,10.0,True,5.0,False,12,1752775160,0,936.1,6736.0,6238.0,True
teenindia,1lukdbu,2025-07,n1yicz1,sasta-therapist,True,1.0,True,1.0,False,86,1751967862,0,,,,
teenindia,1lukdbu,2025-07,n1ypxux,ResponsibleWalrus361,True,2.0,False,,False,41,1751971913,0,,,,
teenindia,1lukdbu,2025-07,n1ym5lr,thebannedperson,True,3.0,True,3.0,False,20,1751969964,0,362.6,233.0,532.0,True
teenindia,1lukdbu,2025-07,n1ymnca,AlbusBriamDumbledore,True,4.0,True,4.0,False,19,1751970227,0,956.9,212.0,10842.0,True
teenindia,1lukdbu,2025-07,n1yixd4,ilikefoodonly_,True,5.0,True,2.0,False,15,1751968183,0,356.4,70.0,5119.0,True
teenindia,1lukdbu,2025-07,n1ypifo,Wise-Ad-3506,True,6.0,False,,False,13,1751971701,0,,,,
teenindia,1lukdbu,2025-07,n1yxyos,Terrible_Detective27,True,7.0,False,,False,8,1751975519,0,1193.3,24274.0,97059.0,True
teenindia,1lukdbu,2025-07,n1yybmb,Snoo19285,True,8.0,False,,False,8,1751975668,0,2160.9,121.0,5749.0,True
teenindia,1lukdbu,2025-07,n1yojr4,Shareef_Ladka01,True,9.0,True,5.0,False,7,1751971222,0,346.8,369.0,10453.0,True
teenindia,1lukdbu,2025-07,n1zwehh,AlanSpectre,True,10.0,False,,False,3,1751986984,0,648.7,1.0,238.0,True
teenindia,1m653si,2025-07,n4h2g03,LAGLEGENDARYAKGAMING,True,1.0,True,2.0,False,422,1753160721,0,2038.3,104.0,2966.0,True
teenindia,1m653si,2025-07,n4h4b12,theKidLaroi204,True,2.0,True,5.0,False,90,1753161636,0,,,,
teenindia,1m653si,2025-07,n4hgsil,Fine_Ad_4744,True,3.0,False,,False,58,1753168267,0,1444.6,11.0,61.0,True
teenindia,1m653si,2025-07,n4hfzd4,AcanthisittaSmooth16,True,4.0,False,,False,33,1753167816,0,1293.3,257.0,5795.0,True
teenindia,1m653si,2025-07,n4h22t5,Tejas2639,True,5.0,True,1.0,False,17,1753160540,0,1676.1,16.0,3910.0,True
teenindia,1m653si,2025-07,n4hdwdo,gotnohoemie,True,6.0,False,,False,11,1753166683,0,596.0,34.0,44.0,False
teenindia,1m653si,2025-07,n4h2ile,YourLastLover,True,8.0,True,3.0,False,5,1753160756,0,,,,
teenindia,1m653si,2025-07,n4hidfu,GHoSt_074,True,7.0,False,,False,6,1753169157,0,804.2,93.0,605.0,True
teenindia,1m653si,2025-07,n4h3pi2,theKidLaroi204,True,9.0,True,4.0,False,4,1753161338,0,,,,
teenindia,1m653si,2025-07,n4h5btu,diveR_111,True,10.0,False,,False,1,1753162150,0,412.8,1195.0,11431.0,True
AskIndianWomen,1m6hcjt,2025-07,n4jk2y1,Hot_Statistician_381,True,1.0,True,1.0,False,503,1753198757,0,,,,
AskIndianWomen,1m6hcjt,2025-07,n4jlinl,Successful-Rush1805,True,2.0,True,3.0,False,95,1753199150,0,1063.1,2586.0,46769.0,True
AskIndianWomen,1m6hcjt,2025-07,n4jmcxs,PleaseNoDM,True,3.0,True,5.0,False,80,1753199380,0,862.5,3638.0,3999.0,True
AskIndianWomen,1m6hcjt,2025-07,n4juqek,Catopatra,True,4.0,False,,False,65,1753201731,0,4371.8,8.0,6316.0,True
AskIndianWomen,1m6hcjt,2025-07,n4jkxoa,CompleteFinding6694,True,5.0,True,2.0,False,63,1753198990,0,1041.9,798.0,18247.0,True
AskIndianWomen,1m6hcjt,2025-07,n4jmtbo,gayeegayi88,True,6.0,False,,False,38,1753199507,0,2221.1,262.0,764.0,True
AskIndianWomen,1m6hcjt,2025-07,n4jmozg,magusmagma,True,7.0,False,,False,31,1753199472,0,839.9,364.0,2558.0,True
AskIndianWomen,1m6hcjt,2025-07,n4jvw31,Economy-Praline9372,True,8.0,False,,False,25,1753202053,0,352.7,594.0,3999.0,True
AskIndianWomen,1m6hcjt,2025-07,n4jlvhv,Initial-Confusion511,True,9.0,True,4.0,False,22,1753199248,0,1736.4,1231.0,19576.0,True
AskIndianWomen,1m6hcjt,2025-07,n4k69pm,CharmingAmoeba3330,True,10.0,False,,False,15,1753204872,0,462.5,122.0,4035.0,True
AskIndianWomen,1m360m3,2025-07,n3u5c7n,VelvetEchoes919,True,1.0,True,1.0,False,257,1752854195,0,334.8,395.0,2804.0,True
AskIndianWomen,1m360m3,2025-07,n3uj509,trappedwings,True,2.0,False,,False,117,1752858112,0,615.6,500.0,888.0,True
AskIndianWomen,1m360m3,2025-07,n3u6f8h,caterpillar2420,True,3.0,True,2.0,False,80,1752854502,0,1816.0,641.0,5119.0,True
AskIndianWomen,1m360m3,2025-07,n3ua01j,anieeeee19,True,5.0,True,4.0,False,41,1752855526,0,,,,
AskIndianWomen,1m360m3,2025-07,n3ugttc,Sasuke12187,True,4.0,False,,False,42,1752857479,0,2510.3,6907.0,67469.0,True
AskIndianWomen,1m360m3,2025-07,n3u9oq1,Amazing-Artichoke964,True,6.0,True,3.0,False,38,1752855437,0,420.0,2566.0,6899.0,False
AskIndianWomen,1m360m3,2025-07,n3ubix9,practical-junkie,True,7.0,True,5.0,False,14,1752855962,0,1718.7,2059.0,65844.0,True
AskIndianWomen,1m360m3,2025-07,n3uticn,pearl_mermaid,True,8.0,False,,False,14,1752860985,0,1504.0,11774.0,90840.0,True
AskIndianWomen,1m360m3,2025-07,n3v1sj4,Just-Control-9815,True,9.0,False,,False,12,1752863385,0,1863.8,589.0,2448.0,True
AskIndianWomen,1m360m3,2025-07,n3wiiks,bangtanismyhope,True,10.0,False,,False,9,1752879672,0,,,,
AskIndianWomen,1mbduk9,2025-07,n5leh44,stara1995,True,1.0,True,2.0,False,93,1753704080,0,647.9,5003.0,18174.0,True
AskIndianWomen,1mbduk9,2025-07,n5lmcug,Rasode_Ki_Rashi,True,2.0,False,,False,75,1753707085,0,426.7,1270.0,2576.0,True
AskIndianWomen,1mbduk9,2025-07,n5levvp,AppointmentWorth7441,True,3.0,True,4.0,False,49,1753704246,0,467.9,19239.0,8501.0,True
AskIndianWomen,1mbduk9,2025-07,n5lgfxi,SenseAny486,True,4.0,True,5.0,False,45,1753704862,0,1376.8,2716.0,46445.0,True
AskIndianWomen,1mbduk9,2025-07,n5lemrs,Gingersnaps7685,True,5.0,True,3.0,False,43,1753704144,0,754.1,1343.0,7909.0,True
AskIndianWomen,1mbduk9,2025-07,n5mrwwm,_Vaibhav_007,True,6.0,False,,False,29,1753719621,0,1787.1,75.0,794.0,True
AskIndianWomen,1mbduk9,2025-07,n5li8lb,brown_clux_clan,True,7.0,False,,False,26,1753705554,0,466.8,48.0,1431.0,True
AskIndianWomen,1mbduk9,2025-07,n5le1qe,Ok_Physics_4154,True,8.0,True,1.0,False,22,1753703905,0,780.4,1325.0,3515.0,True
AskIndianWomen,1mbduk9,2025-07,n5mr74k,_Vaibhav_007,True,9.0,False,,False,18,1753719410,0,1787.1,75.0,794.0,True
AskIndianWomen,1mbduk9,2025-07,n5log9v,Ban-samia-upma,True,10.0,False,,False,18,1753707823,0,1096.3,32952.0,24655.0,True
AskIndianWomen,1m8c5e9,2025-07,n4yhbvy,barbiexox123,True,1.0,True,1.0,False,227,1753385768,0,1323.8,2221.0,13360.0,True
AskIndianWomen,1m8c5e9,2025-07,n50h5ph,big-happpy,True,2.0,True,4.0,False,99,1753408584,0,374.1,69.0,4108.0,False
AskIndianWomen,1m8c5e9,2025-07,n4zqsg2,ManyFaithlessness404,True,3.0,True,2.0,False,72,1753399388,0,1185.0,123784.0,39479.0,True
AskIndianWomen,1m8c5e9,2025-07,n4zykuy,im-AMS,True,4.0,True,3.0,False,39,1753401998,0,2199.3,1780.0,4958.0,True
AskIndianWomen,1m8c5e9,2025-07,n51n4zj,Responsible_Mood884,True,5.0,False,,False,15,1753427225,0,585.4,982.0,5188.0,True
AskIndianWomen,1m8c5e9,2025-07,n51mxvf,madzelixir,True,6.0,False,,False,9,1753427116,0,1718.3,17.0,3106.0,True
AskIndianWomen,1m8c5e9,2025-07,n52zvtv,newbie117,True,7.0,False,,False,7,1753450002,0,3370.3,100.0,2275.0,True
AskIndianWomen,1m8c5e9,2025-07,n51k2h4,FunBag3445,True,8.0,False,,False,5,1753425576,0,1919.7,75.0,2424.0,True
AskIndianWomen,1m8c5e9,2025-07,n50p1jm,Working_Pressure_753,True,9.0,True,5.0,False,4,1753411519,0,466.2,584.0,419.0,True
AskIndianWomen,1m8c5e9,2025-07,n57p19d,dankasdark,True,10.0,False,,False,4,1753504335,0,1033.2,1829.0,1490.0,True
AskIndianWomen,1m5iw40,2025-07,n4c8tk4,Willing-Signal-9936,True,1.0,True,3.0,False,233,1753105390,0,585.5,4681.0,11596.0,True
AskIndianWomen,1m5iw40,2025-07,n4c7kgl,PrestigiousSalt4907,True,2.0,True,1.0,False,46,1753104981,0,,,,
AskIndianWomen,1m5iw40,2025-07,n4cknnz,AttemptAcceptable118,True,3.0,True,4.0,False,33,1753109049,0,451.0,27.0,3229.0,True
AskIndianWomen,1m5iw40,2025-07,n4c8lqp,NirmalaRamen,True,4.0,True,2.0,False,22,1753105320,0,378.1,3466.0,7391.0,True
AskIndianWomen,1m5iw40,2025-07,n4co7nc,ZestycloseBite6262,True,5.0,False,,False,13,1753110091,0,,,,
AskIndianWomen,1m5iw40,2025-07,n4cshux,bakedmishtidoi,True,6.0,False,,False,10,1753111330,0,591.9,1992.0,12343.0,True
AskIndianWomen,1m5iw40,2025-07,n4dnhtq,Future-Still-6463,True,7.0,False,,False,10,1753119961,0,827.7,1536.0,49569.0,True
AskIndianWomen,1m5iw40,2025-07,n4cnkmj,CompleteFinding6694,True,8.0,True,5.0,False,10,1753109905,0,1041.9,798.0,18247.0,True
AskIndianWomen,1m5iw40,2025-07,n4d0i52,Scarecrow_in_a_field,True,9.0,False,,False,9,1753113595,0,,,,
AskIndianWomen,1m5iw40,2025-07,n4coyyz,redditor151099,True,10.0,False,,False,6,1753110313,0,2639.7,7297.0,2662.0,True
AskIndianWomen,1lqjntg,2025-07,n1398sw,Past-Level-1623,True,1.0,True,3.0,False,51,1751529100,0,617.1,209.0,1382.0,True
AskIndianWomen,1lqjntg,2025-07,n13cmnu,ennuidevelours,True,2.0,False,,False,48,1751531072,0,653.0,85.0,3389.0,True
AskIndianWomen,1lqjntg,2025-07,n13ah1q,Efficient_Fly_9232,True,3.0,False,,False,47,1751529808,0,478.5,6649.0,32459.0,True
AskIndianWomen,1lqjntg,2025-07,n139jot,SuperDcup,True,4.0,True,4.0,False,32,1751529272,0,369.2,61.0,678.0,True
AskIndianWomen,1lqjntg,2025-07,n13dqlv,RemoteAd6887,True,5.0,False,,False,30,1751531716,0,1428.9,2795.0,6721.0,True
AskIndianWomen,1lqjntg,2025-07,n13a1al,overthinker4597,True,6.0,True,5.0,False,22,1751529553,0,559.6,149.0,1665.0,True
AskIndianWomen,1lqjntg,2025-07,n138u4b,Batwoman_2017,True,7.0,True,1.0,False,20,1751528863,0,3406.1,272.0,271661.0,True
AskIndianWomen,1lqjntg,2025-07,n14su07,Flaky_Rutabaga2795,True,8.0,False,,False,16,1751553118,0,,,,
AskIndianWomen,1lqjntg,2025-07,n138vuo,Prestigious-Math-328,True,9.0,True,2.0,False,15,1751528890,0,1340.0,2058.0,23803.0,True
AskIndianWomen,1lqjntg,2025-07,n14yzth,nanon_2,True,10.0,False,,False,12,1751554896,0,2585.6,6908.0,64529.0,True
AskIndianWomen,1lq1ih9,2025-07,n127je8,Lattice-shadow,True,1.0,True,1.0,False,35,1751511017,0,1500.3,521.0,27770.0,True
AskIndianWomen,1lq1ih9,2025-07,n12b1hz,boss426,True,2.0,True,2.0,False,18,1751512393,0,2507.4,20.0,677.0,True
AskIndianWomen,1lq1ih9,2025-07,n12qkuu,forcedtobeonrddt,True,3.0,True,3.0,False,12,1751519083,0,465.1,353.0,579.0,True
AskIndianWomen,1lq1ih9,2025-07,n12tzaq,InvinciblePsyche,True,4.0,True,4.0,False,2,1751520747,0,,,,
AskIndianWomen,1lq1ih9,2025-07,n1yayjo,No-Musician1043,True,5.0,True,5.0,False,2,1751963475,0,718.4,354.0,6233.0,True
AskIndianWomen,1lx0xqi,2025-07,n2ii3xa,Generalno1,True,1.0,False,,False,294,1752221429,0,4674.6,2545.0,13160.0,True
AskIndianWomen,1lx0xqi,2025-07,n2ihzee,hoyaheaded,True,2.0,True,5.0,False,179,1752221358,0,2092.7,616.0,2001.0,False
AskIndianWomen,1lx0xqi,2025-07,n2ig3am,Batwoman_2017,True,4.0,True,2.0,False,167,1752220290,0,3406.1,272.0,271661.0,True
AskIndianWomen,1lx0xqi,2025-07,n2ifw7p,Welder-Radiant,True,3.0,True,1.0,False,168,1752220179,0,2071.2,2663.0,18961.0,True
AskIndianWomen,1lx0xqi,2025-07,n2igec9,Lazy-Pressure1316,True,5.0,True,3.0,False,73,1752220463,0,1623.0,1.0,2549.0,True
AskIndianWomen,1lx0xqi,2025-07,n2ii49t,Natural-Ad1693,True,6.0,False,,False,39,1752221434,0,1862.7,1008.0,24566.0,True
AskIndianWomen,1lx0xqi,2025-07,n2iki0m,Bleak_star_dust,True,7.0,False,,False,32,1752222822,0,1202.0,1278.0,152190.0,True
AskIndianWomen,1lx0xqi,2025-07,n2ikeez,ennuidevelours,True,8.0,False,,False,29,1752222763,0,653.0,85.0,3389.0,True
AskIndianWomen,1lx0xqi,2025-07,n2ioeql,Klutzy-Donkey,True,9.0,False,,False,27,1752225094,0,2318.2,55.0,970.0,True
AskIndianWomen,1lx0xqi,2025-07,n2ilwx9,ashifaasmr,True,10.0,False,,False,13,1752223648,0,1830.4,7115.0,6462.0,True
AskIndianWomen,1lx0xqi,2025-07,n2ih5pc,aravindkumar87,False,,True,4.0,False,11,1752220888,0,3108.9,1945.0,2090.0,True
AskIndianWomen,1lrbxvt,2025-07,n19kj3l,Apprehensive_Map_336,True,1.0,True,3.0,False,306,1751611615,0,1987.2,2703.0,4641.0,True
AskIndianWomen,1lrbxvt,2025-07,n19k4v9,mistercatty,True,2.0,True,2.0,False,115,1751611406,0,,,,
AskIndianWomen,1lrbxvt,2025-07,n19l011,likeadragon108,True,3.0,False,,False,101,1751611864,0,851.9,457.0,21273.0,True
AskIndianWomen,1lrbxvt,2025-07,n19jy39,mistercatty,True,4.0,True,1.0,False,59,1751611308,0,,,,
AskIndianWomen,1lrbxvt,2025-07,n19knql,aaaloooparathaaa,True,5.0,True,4.0,False,46,1751611683,0,481.6,37.0,12095.0,True
AskIndianWomen,1lrbxvt,2025-07,n19ldx1,No_Independent8195,True,6.0,False,,False,40,1751612067,0,,,,
AskIndianWomen,1lrbxvt,2025-07,n19lgwj,Sensitive_Minimum633,True,7.0,False,,False,33,1751612110,0,857.5,115.0,1519.0,True
AskIndianWomen,1lrbxvt,2025-07,n19m8de,TopGun5678,True,8.0,False,,False,29,1751612520,0,1051.1,26.0,12279.0,False
AskIndianWomen,1lrbxvt,2025-07,n19m2aj,Argtroban,True,9.0,False,,False,23,1751612430,0,2826.1,69.0,3475.0,True
AskIndianWomen,1lrbxvt,2025-07,n19knwq,writersan,True,10.0,True,5.0,False,21,1751611686,0,1071.7,1480.0,6757.0,True
AskIndianWomen,1m6ftig,2025-07,n4j826b,Successful-Rush1805,True,1.0,True,1.0,False,265,1753195423,0,1063.1,2586.0,46769.0,True
AskIndianWomen,1m6ftig,2025-07,n4j9tsa,MissionAntelope4602,True,2.0,True,2.0,False,74,1753195916,0,1115.0,1202.0,35566.0,False
AskIndianWomen,1m6ftig,2025-07,n4jcnlc,VisAsh130421,True,3.0,True,5.0,False,28,1753196696,0,497.8,4.0,1265.0,True
AskIndianWomen,1m6ftig,2025-07,n4jdaxt,Raven_1090,True,4.0,False,,False,18,1753196878,0,2219.0,10383.0,28763.0,False
AskIndianWomen,1m6ftig,2025-07,n4jega2,stara1995,True,5.0,False,,False,18,1753197198,0,647.9,5003.0,18174.0,True
AskIndianWomen,1m6ftig,2025-07,n4jccsh,NoTeaHere,True,6.0,True,4.0,False,10,1753196613,0,572.1,74.0,2351.0,True
AskIndianWomen,1m6ftig,2025-07,n4jeocg,Additional-Ad823,True,7.0,False,,False,10,1753197261,0,1952.7,215.0,2059.0,True
AskIndianWomen,1m6ftig,2025-07,n4jinz0,samy_ret,True,8.0,False,,False,9,1753198367,0,2540.9,150.0,35027.0,False
AskIndianWomen,1m6ftig,2025-07,n4jg086,flibertigibbit,True,9.0,False,,False,9,1753197627,0,1993.2,24.0,544.0,True
AskIndianWomen,1m6ftig,2025-07,n4jduf9,beg_yer_pardon,True,10.0,False,,False,4,1753197029,0,3439.3,127.0,51755.0,True
AskIndianWomen,1m6ftig,2025-07,n4jb4b6,WillowPrevious5141,False,,True,3.0,False,1,1753196272,0,591.3,8610.0,11994.0,True
IndianFood,1lrb6vt,2025-07,n19fs6w,PmMeAnnaKendrick,True,1.0,True,4.0,False,414,1751609129,0,3639.7,2062.0,67656.0,True
IndianFood,1lrb6vt,2025-07,n19fhsk,Dark_Foggy_Evenings,True,2.0,True,1.0,False,147,1751608981,0,537.0,30984.0,158770.0,True
IndianFood,1lrb6vt,2025-07,n19fjmd,GoatMeatMafia,True,3.0,True,2.0,False,128,1751609006,0,2918.8,629.0,8320.0,True
IndianFood,1lrb6vt,2025-07,n19fqe6,TotalFox2,True,4.0,True,3.0,False,27,1751609103,0,2282.0,24803.0,49550.0,False
IndianFood,1lrb6vt,2025-07,n19mszx,britolaf,True,5.0,False,,False,11,1751612834,0,,,,
IndianFood,1lrb6vt,2025-07,n19fvet,Prior-Newt2446,True,6.0,True,5.0,False,10,1751609174,0,1005.1,563.0,10407.0,True
IndianFood,1lrb6vt,2025-07,n19g62b,iamnearlysmart,True,7.0,False,,False,5,1751609329,0,2479.8,1589.0,53946.0,False
IndianFood,1lrb6vt,2025-07,n1ab0p9,deadstr0ke,True,8.0,False,,False,5,1751626385,0,2168.7,730.0,2793.0,True
IndianFood,1lrb6vt,2025-07,n1a7v8x,AtmosphericReverbMan,True,9.0,False,,False,2,1751624765,0,882.6,1.0,22623.0,True
IndianFood,1lrb6vt,2025-07,n1b0eof,MoldyWorp,True,10.0,False,,False,2,1751636636,0,896.2,143.0,8199.0,False
IndianFood,1m1diyc,2025-07,n3hv02f,oarmash,True,1.0,False,,False,188,1752692976,0,4221.7,6287.0,121017.0,True
IndianFood,1m1diyc,2025-07,n3hptc8,bigkutta,True,2.0,True,4.0,False,105,1752691548,0,2831.7,13109.0,131166.0,True
IndianFood,1m1diyc,2025-07,n3hw1kk,ScheduleSame258,True,3.0,False,,False,87,1752693266,0,1875.9,430.0,90432.0,True
IndianFood,1m1diyc,2025-07,n3hln58,nash3101,True,4.0,True,2.0,False,83,1752690385,0,2242.7,338.0,16741.0,True
IndianFood,1m1diyc,2025-07,n3hwqj2,fishchop,True,5.0,False,,False,22,1752693463,0,1848.2,9169.0,111510.0,True
IndianFood,1m1diyc,2025-07,n3homvd,pinkstickynote1,True,6.0,True,3.0,False,22,1752691221,0,2664.0,1908.0,13737.0,True
IndianFood,1m1diyc,2025-07,n3ibk0h,JagmeetSingh2,True,7.0,False,,False,18,1752697640,0,3111.5,30405.0,342499.0,False
IndianFood,1m1diyc,2025-07,n3ihpop,quartzyquirky,True,8.0,False,,False,17,1752699286,0,2638.5,5850.0,28642.0,True
IndianFood,1m1diyc,2025-07,n3hjw28,Unusual-Molasses5633,True,10.0,True,1.0,False,12,1752689899,0,341.4,4535.0,78269.0,True
IndianFood,1m1diyc,2025-07,n3ichel,Signal-Blackberry356,True,9.0,False,,False,14,1752697887,0,,,,
IndianFood,1m1diyc,2025-07,n3hsmi4,lappet,False,,True,5.0,False,10,1752692313,0,5686.7,208.0,5757.0,True
IndianFood,1lz6175,2025-07,n2zb7go,Siddchat,True,1.0,True,1.0,False,83,1752447412,0,1932.5,2548.0,31847.0,True
IndianFood,1lz6175,2025-07,n2zfu1c,regressed2mean,True,3.0,True,2.0,False,17,1752448969,0,1203.2,365.0,3144.0,True
IndianFood,1lz6175,2025-07,n2zk41r,garlicshrimpscampi,True,2.0,True,4.0,False,18,1752450430,0,1036.8,3458.0,19484.0,True
IndianFood,1lz6175,2025-07,n2zjce7,skdr84,True,4.0,True,3.0,False,9,1752450170,0,4614.7,360.0,1968.0,True
IndianFood,1lz6175,2025-07,n30bmxg,ElderberryNext1939,True,5.0,True,5.0,False,3,1752460278,0,858.2,3.0,2360.0,True
IndianFood,1lz6175,2025-07,n3aksir,Rainbow_Sassy,True,6.0,False,,False,3,1752599290,0,1643.0,148.0,4792.0,True
IndianFood,1lz6175,2025-07,n30wudt,hellomouse1234,True,7.0,False,,False,1,1752469282,0,1746.8,450.0,5668.0,True
IndianFood,1lz6175,2025-07,n33qv6v,Knitsanity,True,8.0,False,,False,1,1752511510,0,1971.6,1713.0,485909.0,True
IndianFood,1lz6175,2025-07,n34m55o,Bright_Emotion_1107,True,9.0,False,,False,1,1752520195,0,366.9,7.0,10.0,True
IndianFood,1mcyfgo,2025-07,n5xitp1,Efficient-Celery2319,True,1.0,True,1.0,False,206,1753854182,0,687.1,36.0,1365.0,True
IndianFood,1mcyfgo,2025-07,n5xixk3,Efficient-Celery2319,True,2.0,True,5.0,False,179,1753854239,0,687.1,36.0,1365.0,True
IndianFood,1mcyfgo,2025-07,n5xjdsl,Expensive-View-8586,True,3.0,False,,False,152,1753854480,0,1731.5,20.0,56775.0,True
IndianFood,1mcyfgo,2025-07,n5xkm0y,Tanyaxunicorn,True,4.0,False,,False,112,1753855126,0,2154.1,11431.0,117326.0,True
IndianFood,1mcyfgo,2025-07,n5xjeym,b800h,True,5.0,False,,False,78,1753854497,0,1350.7,1612.0,6012.0,True
IndianFood,1mcyfgo,2025-07,n5xjoq0,PMMEURDIMPLESOFVENUS,True,7.0,False,,False,72,1753854639,0,3085.0,84.0,30116.0,True
IndianFood,1mcyfgo,2025-07,n5xs5wx,appyfizzz3112,True,6.0,False,,False,77,1753859295,0,3371.1,535.0,15296.0,True
IndianFood,1mcyfgo,2025-07,n5xo3vz,Competitive-Reply-18,True,8.0,False,,False,52,1753857029,0,2037.6,19.0,448.0,True
IndianFood,1mcyfgo,2025-07,n5xks1s,GoatMeatMafia,True,9.0,False,,False,28,1753855214,0,2918.8,629.0,8320.0,True
IndianFood,1mcyfgo,2025-07,n5xiuip,hskskgfk,True,10.0,True,2.0,False,24,1753854193,0,3298.7,14435.0,122487.0,False
IndianFood,1mcyfgo,2025-07,n5xiv5b,amyteresad,False,,True,3.0,False,15,1753854203,0,1505.2,1513.0,4975.0,True
IndianFood,1mcyfgo,2025-07,n5xiwmm,Efficient-Celery2319,False,,True,4.0,False,17,1753854225,0,687.1,36.0,1365.0,True
IndianFood,1lsephp,2025-07,n1hzhtw,ibarmy,True,1.0,True,1.0,False,325,1751735835,0,3504.3,8629.0,203769.0,True
IndianFood,1lsephp,2025-07,n1i3lwc,LagrangeMultiplier99,True,2.0,True,5.0,False,99,1751737093,0,1189.9,1693.0,36206.0,True
IndianFood,1lsephp,2025-07,n1i2nrx,apocalypse-052917,True,3.0,True,3.0,False,66,1751736801,0,1932.2,4674.0,121360.0,True
IndianFood,1lsephp,2025-07,n1hzynw,Cainhelm,True,4.0,True,2.0,False,31,1751735976,0,4801.7,1375.0,42331.0,True
IndianFood,1lsephp,2025-07,n1iff04,wynterflowr,True,6.0,False,,False,28,1751740822,0,1984.3,1698.0,44390.0,True
IndianFood,1lsephp,2025-07,n1k9gdy,weallfalldown1234,True,5.0,False,,False,29,1751764080,0,807.1,14057.0,5926.0,True
IndianFood,1lsephp,2025-07,n1i76wn,hskskgfk,True,7.0,False,,False,13,1751738193,0,3298.7,14435.0,122487.0,False
IndianFood,1lsephp,2025-07,n1inotq,Educational-Duck-999,True,8.0,False,,False,12,1751743557,0,1491.0,302.0,10501.0,True
IndianFood,1lsephp,2025-07,n1ix3bd,gear-heads,True,9.0,False,,False,12,1751746708,0,3569.6,435236.0,108468.0,True
IndianFood,1lsephp,2025-07,n1ioe0v,ShakeWeightMyDick,True,10.0,False,,False,9,1751743795,0,3644.4,6214.0,247488.0,True
IndianFood,1lsephp,2025-07,n1i33n4,Il-savitr,False,,True,4.0,False,6,1751736937,0,939.7,805.0,24860.0,True
IndianFood,1lpag68,2025-07,n0u97lk,happylittlejalebi,True,1.0,True,3.0,False,86,1751408106,0,624.6,205.0,1913.0,True
IndianFood,1lpag68,2025-07,n0uhnp8,Dreamblue8,True,2.0,True,4.0,False,71,1751410871,0,355.0,112.0,1210.0,False
IndianFood,1lpag68,2025-07,n0t8ko5,SheddingCorporate,True,3.0,True,1.0,False,30,1751397373,0,3106.1,5968.0,149486.0,True
IndianFood,1lpag68,2025-07,n0whfjs,Introvert_kudi,True,4.0,False,,False,7,1751439693,0,2130.2,182.0,7730.0,True
IndianFood,1lpag68,2025-07,n0y5bwx,Square-Effective8720,True,5.0,False,,False,5,1751466392,0,1395.8,709.0,5010.0,True
IndianFood,1lpag68,2025-07,n0u55rm,barmanrags,True,6.0,True,2.0,False,1,1751406832,0,2540.2,1532.0,227524.0,True
IndianFood,1lpag68,2025-07,n175026,YeoboFoodies,True,7.0,False,,False,1,1751577404,0,935.5,1107.0,3698.0,True
IndianFood,1lpag68,2025-07,n0vglia,not_that_small_40,True,8.0,True,5.0,False,-1,1751423007,0,1898.4,1.0,925.0,True
IndianFood,1lwcyea,2025-07,n2d3xe9,rajrain,True,1.0,False,,False,240,1752155523,0,3738.8,649.0,11842.0,True
IndianFood,1lwcyea,2025-07,n2d4roe,tzippora,True,2.0,False,,False,82,1752155772,0,4229.7,12812.0,70166.0,True
IndianFood,1lwcyea,2025-07,n2d4dwv,cymshah,True,3.0,False,,False,56,1752155658,0,2995.1,286.0,9766.0,True
IndianFood,1lwcyea,2025-07,n2d692d,SabziZindagi,True,4.0,False,,False,30,1752156215,0,1078.2,1079.0,81528.0,True
IndianFood,1lwcyea,2025-07,n2d3cjc,yosoygroot123,True,5.0,True,3.0,False,24,1752155350,0,1120.0,4786.0,46800.0,True
IndianFood,1lwcyea,2025-07,n2d3217,mrs_packletide,True,6.0,True,2.0,False,16,1752155262,0,2126.4,1595.0,23151.0,True
IndianFood,1lwcyea,2025-07,n2dgusi,chocobridges,True,7.0,False,,False,13,1752159293,0,2822.7,540.0,85389.0,True
IndianFood,1lwcyea,2025-07,n2d24vh,Ok-Television-9662,True,8.0,True,1.0,False,9,1752154982,0,1313.6,1568.0,145764.0,True
IndianFood,1lwcyea,2025-07,n2d3h06,catvertising,True,10.0,True,4.0,False,8,1752155387,0,5192.4,6870.0,13148.0,True
IndianFood,1lwcyea,2025-07,n2d3ryc,mycoforever,False,,True,5.0,False,8,1752155479,0,1815.0,82.0,2670.0,True
IndianFood,1lwcyea,2025-07,n2e00yd,Delicious_Essay_7564,True,9.0,False,,False,9,1752164664,0,1383.2,319.0,9262.0,True
IndianFood,1ltnqe8,2025-07,n1rqmev,Independent_Row_6926,True,1.0,True,4.0,False,152,1751873094,0,806.4,1814.0,5232.0,True
IndianFood,1ltnqe8,2025-07,n1rqm02,zero_zeppelii_0,True,2.0,True,3.0,False,60,1751873088,0,398.0,1774.0,27605.0,True
IndianFood,1ltnqe8,2025-07,n1s0kl0,SnooAdvice2768,True,3.0,False,,False,39,1751879081,0,2167.9,2047.0,46782.0,True
IndianFood,1ltnqe8,2025-07,n1rri1s,Spectator7778,True,4.0,True,5.0,False,31,1751873622,0,480.5,1.0,55398.0,True
IndianFood,1ltnqe8,2025-07,n1rulk7,joicy_9442,True,5.0,False,,False,21,1751875467,0,,,,
IndianFood,1ltnqe8,2025-07,n1rrrgv,ConfusedOldPenguin,True,6.0,False,,False,8,1751873781,0,1254.0,511.0,13339.0,True
IndianFood,1ltnqe8,2025-07,n1s0xps,ThatRandomGamerYT,True,7.0,False,,False,8,1751879310,0,2511.8,6051.0,50642.0,True
IndianFood,1ltnqe8,2025-07,n1seyvz,Ok_Apartment1397,True,8.0,False,,False,8,1751886981,0,1259.8,167.0,637.0,True
IndianFood,1ltnqe8,2025-07,n1rqio1,hskskgfk,True,9.0,True,2.0,False,8,1751873032,0,3298.7,14435.0,122487.0,False
IndianFood,1ltnqe8,2025-07,n1sv7w8,No_Enthusiasm_5672,True,10.0,False,,False,8,1751893664,0,1251.0,282.0,15690.0,True
IndianFood,1ltnqe8,2025-07,n1rqi1r,10vatharam,False,,True,1.0,False,6,1751873022,0,3021.1,10038.0,10857.0,False
IndianFood,1m4tl8d,2025-07,n46wf84,SirDoesEverything,True,1.0,True,1.0,False,85,1753029946,0,763.3,1628.0,11717.0,True
IndianFood,1m4tl8d,2025-07,n4757fw,hrkeni,True,2.0,False,,False,51,1753032530,0,4250.7,120.0,547.0,True
IndianFood,1m4tl8d,2025-07,n483mpw,Swadhisthana,True,3.0,False,,False,43,1753043090,0,4620.6,1430.0,24243.0,True
IndianFood,1m4tl8d,2025-07,n46wnx2,Aggressive-Moose-780,True,4.0,True,2.0,False,22,1753030019,0,1067.5,336.0,555.0,True
IndianFood,1m4tl8d,2025-07,n476vk6,HideousMuffin,True,6.0,False,,False,9,1753033016,0,2692.7,281.0,2661.0,True
IndianFood,1m4tl8d,2025-07,n481aqk,lordatlas,True,5.0,False,,False,10,1753042376,0,7415.4,152697.0,79554.0,True
IndianFood,1m4tl8d,2025-07,n474wyx,im_benough,True,8.0,False,,False,6,1753032445,0,773.7,76.0,579.0,False
IndianFood,1m4tl8d,2025-07,n48lzut,Brilliant-Special685,True,7.0,False,,False,7,1753048893,0,1694.9,868.0,5707.0,True
IndianFood,1m4tl8d,2025-07,n47nnvs,basar_auqat,True,9.0,False,,False,6,1753038092,0,851.6,1807.0,24431.0,True
IndianFood,1m4tl8d,2025-07,n46xquw,PrinceHaleemKebabua,False,,True,3.0,False,5,1753030340,0,808.9,2912.0,16421.0,True
IndianFood,1m4tl8d,2025-07,n46zugt,red_storm_risen,True,10.0,True,5.0,False,6,1753030960,0,5147.3,3742.0,103625.0,True
IndianFood,1m4tl8d,2025-07,n46yehf,Tanyaxunicorn,False,,True,4.0,False,3,1753030535,0,2154.1,11431.0,117326.0,True
IndianFood,1m0tvgt,2025-07,n3d4dzt,Semi-On-Chardonnay,True,1.0,False,,False,125,1752626671,0,755.6,2568.0,16985.0,True
IndianFood,1m0tvgt,2025-07,n3d5qmo,quartzyquirky,True,2.0,False,,False,56,1752627139,0,2638.5,5850.0,28642.0,True
IndianFood,1m0tvgt,2025-07,n3cyrus,burplesscucumber,True,3.0,True,5.0,False,24,1752624713,0,2103.0,319.0,3885.0,True
IndianFood,1m0tvgt,2025-07,n3c1f2m,schowdur123,True,4.0,True,1.0,False,24,1752613923,0,2919.2,1821.0,8062.0,True
IndianFood,1m0tvgt,2025-07,n3c5b8f,ibarmy,True,5.0,True,3.0,False,22,1752615077,0,3504.3,8629.0,203769.0,True
IndianFood,1m0tvgt,2025-07,n3ctuik,ComprehensivePin5577,True,6.0,True,4.0,False,6,1752623028,0,1785.5,29.0,48326.0,True
IndianFood,1m0tvgt,2025-07,n3e5jbo,tsk1979,True,7.0,False,,False,3,1752640743,0,4667.2,61954.0,10472.0,True
IndianFood,1m0tvgt,2025-07,n3c47rs,valley_lemon,True,8.0,True,2.0,False,2,1752614747,0,1788.6,1172.0,58160.0,True
IndianFood,1m0tvgt,2025-07,n3e3y17,Beautiful-Beyond-852,True,9.0,False,,False,2,1752639967,0,1999.0,390.0,694.0,True
IndianFood,1m0tvgt,2025-07,n3fcw5h,getin_better_atomik,True,10.0,False,,False,2,1752664244,0,1207.0,219.0,1408.0,True
