subreddit,post_id,collection_month,collected_utc,created_utc,title,score,upvote_ratio,num_comments,total_awards,author,author_account_age_days,author_link_karma,author_comment_karma,author_verified_email,is_top10_for_month
india,1nboonh,2025-09,1780726477,1757340392,What is Actually Happening in Nepal ?? Misinformation by Indian Media.,11489,0.98,647,0,Clear_Boat_2,271.0,4697.0,924.0,True,True
india,1nmx40t,2025-09,1780726477,1758473607,Returned from USA recently. My take on H1b situation and why Americans hate Indians taking up jobs t,5725,0.94,777,0,watchingRummy,525.0,6474.0,5476.0,True,True
india,1nj22ee,2025-09,1780726477,1758078671,The India we don’t notice enough,4233,0.96,186,0,ReductoHere,276.0,21329.0,3710.0,True,True
india,1nblnic,2025-09,1780726477,1757332434,Living in india is just exhausting honestly.,3525,0.96,495,0,captainrushingin,3595.6,8865.0,7044.0,True,True
india,1n940xo,2025-09,1780726477,1757075592,Stuck between two Indias,2800,0.98,134,0,Specialist_Meaning73,1343.1,4361.0,3.0,True,True
india,1nc5b92,2025-09,1780726477,1757379471,Hi. I'm a foreigner stuck in Delhi. Need help to get outta here.,2114,0.97,336,0,ThatTallRussian,467.2,2478.0,1649.0,True,True
india,1n9s9yt,2025-09,1780726477,1757139556,Canadian woman claims she was denied apartment in Toronto since she’s not Gujarati: ‘This is sad and,1943,0.94,261,0,its_luckyluke,2853.8,327121.0,31406.0,True,True
india,1nlug7w,2025-09,1780726477,1758363306,Rahul Gandhi tweets news reports of PM Modi not taking up H1B visa issue with US President Donald Tr,1913,0.88,250,0,beethoven45,2422.3,12124.0,7274.0,True,True
india,1nf5fzo,2025-09,1780726477,1757688999,My 4-year-old cousin's schoolwork is proof of how broken education is in India,1568,0.93,257,0,Ok_Statistician_1554,1829.5,689.0,204.0,True,True
india,1neq9c8,2025-09,1780726477,1757640117,"Indian man stabbed, beheaded at Dallas motel; police arrest suspect in blood-soaked T-shirt",1526,0.99,174,0,waghmor,882.5,2092.0,28.0,False,True
india,1np0lvs,2025-09,1780726477,1758680817,"Shashi Tharoor surprised at Indian-American diaspora's ‘silence’ over H-1B visa fee, Trump tariffs",1471,0.97,255,0,bhodrolok,4005.9,698695.0,251065.0,True,False
india,1nrri2j,2025-09,1780726477,1758967655,"Want to know your true worth in India? Stand in front of a government official, and he will show you",1470,0.98,77,0,Mo_h,4083.6,17402.0,39881.0,True,False
india,1nk0dv0,2025-09,1780726477,1758175132,"Rahul Gandhi intensifies 'vote chori' attack, presents 'proof' against CEC Gyanesh Kumar: 'Protectin",1360,0.92,169,0,mrappbrain,4855.9,112590.0,92118.0,True,False
india,1nlcg1f,2025-09,1780726477,1758308788,Trump To Introduce $100k Fee For H-1B Visas: Report,1310,0.94,310,0,bhodrolok,4005.9,698695.0,251065.0,True,False
india,1n8x2sr,2025-09,1780726477,1757050948,India's fertility rate falls below replacement level even as population hits 1.46 bn: UN report,1297,0.97,292,0,Mrk2d,2209.6,137475.0,36606.0,True,False
india,1np5t11,2025-09,1780726477,1758698599,My boyfriend's best friend is a big time casteist,1287,0.94,179,0,Boss-Soft,2002.1,1539.0,7103.0,True,False
india,1nmdr6n,2025-09,1780726477,1758413602,Why are we Indian so loud even in other countries!?,1265,0.94,176,0,mo_faris,1117.1,767.0,16.0,True,False
india,1nu490e,2025-09,1780726477,1759207987,Why do so many Indian tourists behave so poorly abroad?,1255,0.92,320,0,OutlandishnessLow416,1938.6,1327.0,880.0,True,False
india,1njvmw1,2025-09,1780726477,1758159915,'Govt takes 50% in taxes on property': Tata Realty CEO on why middle class India can’t afford homes ,1204,0.98,84,0,xperia3310,4625.1,82895.0,32078.0,True,False
india,1ne2orp,2025-09,1780726477,1757576667,"Indian mom receives ₹1.26 lakh 'congratulatory aid' after giving birth in South Korea, video surpris",1175,0.97,84,0,xperia3310,4625.1,82895.0,32078.0,True,False
india,1nsrrz6,2025-09,1780726477,1759074704,"China Opens Doors For Indian Pharma With Zero Duty, Relief Arrives As US Shuts Out Imports With 100%",1148,0.98,41,0,RemoteGuy01,441.0,5153.0,2041.0,True,False
india,1n8ytgc,2025-09,1780726477,1757057507,Why is our culture so harsh towards women?,1124,0.85,467,0,milfstar,2785.6,3002.0,394.0,True,False
india,1ncfw0l,2025-09,1780726477,1757415996,"RTI Reveals PM Modi’s 12-Hour Saudi Trip Cost ₹15.54 Crore, ₹10 Crore on Hotels Alone",1102,0.87,158,0,TheIndianRevolution2,809.7,106757.0,111743.0,True,False
india,1nqxv4m,2025-09,1780726477,1758882811,40 minor girls found locked in toilet of illegal madrassa in UP,1096,0.91,66,0,Due_Cod_2167,1670.3,4078.0,822.0,True,False
india,1nceipn,2025-09,1780726477,1757411148,Post office showed me what Digital India has become.,1064,0.96,91,0,kaustubhamokashi,2193.8,920.0,1264.0,True,False
india,1n744wb,2025-09,1780726477,1756869783,‘Called Sonia Gandhi ‘Jersey cow’ used ’50 crore ki Girlfriend’ jibe for Tharoor’s wife’: Mahua Moit,1061,0.91,38,0,one_brown_jedi,5339.7,250340.0,80350.0,True,False
india,1ngjkdf,2025-09,1780726477,1757830229,"Go back to your country, Sikh woman told after being raped at UK park",1041,0.98,85,0,godblessthegays,3417.9,88393.0,27078.0,True,False
india,1nnuyh0,2025-09,1780726477,1758566805,Lost my father as a 22 M to sudden cardiac arrest,1025,0.99,156,0,Gurjoe,350.7,585.0,20.0,False,False
india,1nnowqz,2025-09,1780726477,1758553361,Why do I have to keep proving I'm Indian?,1020,0.89,189,0,buffered_ai,361.1,689.0,33.0,True,False
BollyBlindsNGossip,1noarwf,2025-09,1780726687,1758611637,Katrina Kaif announces pregnancy,7521,0.9,547,0,Physics-Western,2045.0,4939.0,76810.0,True,True
BollyBlindsNGossip,1nua5pv,2025-09,1780726687,1759230182,Only Kajol can make Jaya ji to take a Solo pic and Smile to paps. And she listened,6431,0.98,274,0,Perfect_Chicken16,1037.4,23001.0,53524.0,True,True
BollyBlindsNGossip,1nkxv2t,2025-09,1780726687,1758269984,Aryan Khan invited his classmates to the premier of Bads Of Bollywood,5800,0.96,187,0,nishantatripathi,4196.2,133933.0,174490.0,True,True
BollyBlindsNGossip,1nia6lh,2025-09,1780726687,1758004873,The one thing I always liked about Anushka Sharma is her no nonsense attitude.,5440,0.96,191,0,Janaab_e_Marvel_3000,1970.1,145666.0,201480.0,True,True
BollyBlindsNGossip,1n77o8h,2025-09,1780726687,1756881900,"I will just say it - Siddharth Malhotra is same as Arjun Kapoor, just with better looks",4534,0.96,362,0,Emotional_Passage630,345.0,9973.0,11596.0,True,True
BollyBlindsNGossip,1nk2lnd,2025-09,1780726687,1758183553,Did Aryan just expose the actual convo between KJo and Ranveer? 😭,4330,0.98,139,0,thatlibrachild,1244.8,24907.0,36850.0,True,True
BollyBlindsNGossip,1nb8698,2025-09,1780726687,1757287575,He's right,4264,0.99,56,0,KSKS1995,670.2,200495.0,6690.0,True,True
BollyBlindsNGossip,1ntnpl0,2025-09,1780726687,1759165616,The way Cara Delevingne rushes to hug Ash after spotting her,4220,0.97,102,0,Xixiq,2193.3,10528.0,22328.0,True,True
BollyBlindsNGossip,1ntrssj,2025-09,1780726687,1759174830,Aishwarya rai at the ramp of paris fashion week,3920,0.97,287,0,Hell_holder11,1643.5,79895.0,51098.0,True,True
BollyBlindsNGossip,1njgo9s,2025-09,1780726687,1758123813,SRK taking pics with the paps. At the premiere of Bads of Bollywood. And Aryan taking pics of Srk fo,3811,0.98,111,0,Majestic_District_51,1831.0,69998.0,625766.0,True,True
BollyBlindsNGossip,1nmjjbe,2025-09,1780726687,1758432040,Why blame society when the celeb's themselves don’t want to accept that they are 60?,3513,0.95,144,0,yellow_pills,1407.8,227862.0,20725.0,True,False
BollyBlindsNGossip,1nshto2,2025-09,1780726687,1759043152,Apparently Vijay was still continuing his speech while Ambulances had already arrived to carry those,3361,0.96,269,0,GiveMeSomeSunshine3,448.8,1815823.0,223800.0,True,False
BollyBlindsNGossip,1np83oy,2025-09,1780726687,1758708027,Kriti Rashmika Shahid Shooting for Cocktail 2 in Sicily Italy,3229,0.96,269,0,bollyfanboi,1284.2,41919.0,1924.0,True,False
BollyBlindsNGossip,1ngxysi,2025-09,1780726687,1757872422,"This new ad of Saif and Kareena is giving such ""Modern Family"" energy!",3163,0.97,115,0,FactsSpeaker60,402.6,8031.0,37263.0,True,False
BollyBlindsNGossip,1nl1f3w,2025-09,1780726687,1758282660,"The promotions that Aryan Khan is getting, I don't think any of the nepo kids have got this level of",3040,0.97,371,0,Over-Feature-8476,361.1,6293.0,721.0,True,False
BollyBlindsNGossip,1n77hp6,2025-09,1780726687,1756881203,everyone does look the same these days 😵,2956,0.97,278,0,Competitive_Fold1180,500.2,5698.0,4081.0,True,False
BollyBlindsNGossip,1ntuqnk,2025-09,1780726687,1759181537,Aishwarya’s interaction with Aditya Madiraju at the L’Oreal show,2939,0.98,127,0,Big-Criticism-8926,1721.4,39852.0,83439.0,False,False
BollyBlindsNGossip,1nsjlyc,2025-09,1780726687,1759050116,What’s happening here,2907,0.9,632,0,One-Collection1418,364.2,18112.0,23731.0,True,False
BollyBlindsNGossip,1n9rq72,2025-09,1780726687,1757137578,We don't appreciate this song for the masterpiece that it is(Phir milenge Chalte Chalte),2868,0.96,113,0,Glittering-Fuel-9013,1163.0,20299.0,1305.0,True,False
BollyBlindsNGossip,1nu6zbg,2025-09,1780726687,1759218049,Crowd only chanting Rohit's name at the promotional event of Dharma's next,2828,0.95,265,0,Strict-Cup-6640,316.7,18676.0,21773.0,False,False
BollyBlindsNGossip,1nb21dy,2025-09,1780726687,1757272510,Abit of changes/procedures done on her face changed the peak Kriti beauty,2799,0.97,153,0,Medium_Bicycle_1004,,,,,False
BollyBlindsNGossip,1nm4d08,2025-09,1780726687,1758389711,This scene's take on 'woke culture' in Bollywood. Based or Cringe?,2759,0.95,210,0,HeavyDose123,,,,,False
BollyBlindsNGossip,1nienos,2025-09,1780726687,1758021600,Arjun Kapoor joining the trend 😂,2627,0.98,97,0,unnimanga,454.8,60258.0,24172.0,True,False
BollyBlindsNGossip,1nq7tcs,2025-09,1780726687,1758809416,Maybe the blind is actually true,2537,0.96,255,0,Opposite-Cut3506,979.9,3301.0,6109.0,True,False
BollyBlindsNGossip,1nrle23,2025-09,1780726687,1758945053,we were not the only ones who found it weird,2536,0.96,283,0,dic2big,3192.9,4822.0,1261.0,True,False
BollyBlindsNGossip,1njvnqf,2025-09,1780726687,1758159980,Poor Shloka.,2487,0.94,526,0,arpabecrazy,2579.6,34452.0,14481.0,True,False
BollyBlindsNGossip,1ntjvv8,2025-09,1780726687,1759157008,Aishwarya Rai and Simone Ashley at Loreal backstage.,2455,0.98,115,0,EfficientHospital900,1419.9,81642.0,73924.0,True,False
BollyBlindsNGossip,1nhfpn3,2025-09,1780726687,1757922620,Congratulations 🎊,2424,0.96,218,0,Reasonable_Coach2398,1325.3,4058.0,392.0,True,False
BollyBlindsNGossip,1nsw82e,2025-09,1780726687,1759085329,Aishwarya Rai arrives in Paris looking just wow,2408,0.96,167,0,Xixiq,2193.3,10528.0,22328.0,True,False
BollyBlindsNGossip,1n6fs4k,2025-09,1780726687,1756808630,Why is she so underrated in Bollywood? She is the original singer of this song and has also sung  Ma,2369,0.99,109,0,zac3244,1936.9,16093.0,48611.0,True,False
BollyBlindsNGossip,1noo482,2025-09,1780726687,1758649497,Alia at gucci Milan show,2299,0.9,445,0,Hell_holder11,1643.5,79895.0,51098.0,True,False
BollyBlindsNGossip,1nqwulb,2025-09,1780726687,1758879081,Court rejected Wankhede's plea,2292,0.96,163,0,pashabro24,1409.5,19586.0,1157.0,True,False
BollyBlindsNGossip,1n7irly,2025-09,1780726687,1756915232,"Seeing Sanya play second fiddle to Jahnvi, even in promotions is so disappointing",2289,0.97,208,0,arpabecrazy,2579.6,34452.0,14481.0,True,False
BollyBlindsNGossip,1nofa3k,2025-09,1780726687,1758628375,"Shah Rukh Khan receives his 1st National Award for Best Actor for Jawan, from the Hon'ble President ",2228,0.93,218,0,GiveMeSomeSunshine3,448.8,1815823.0,223800.0,True,False
BollyBlindsNGossip,1nldn4c,2025-09,1780726687,1758311575,Deepika starting King,2217,0.94,489,0,ubcsci,4010.2,2207.0,7551.0,True,False
BollyBlindsNGossip,1nji823,2025-09,1780726687,1758127212,Wow Samay! Kya T-Shirt pehna hai🤣🤣🤣🤣🤣,2214,0.97,113,0,cinematicbeast,1332.0,25238.0,10374.0,True,False
BollyBlindsNGossip,1nbkvab,2025-09,1780726687,1757329967,"30 years later, it’s finally happening!",2213,0.96,128,0,thatlibrachild,1244.8,24907.0,36850.0,True,False
BollyBlindsNGossip,1nnkx4e,2025-09,1780726687,1758543595,Here we go again 💀,2189,0.96,83,0,Looniatiic,1868.8,12569.0,1666.0,True,False
BollyBlindsNGossip,1na5174,2025-09,1780726687,1757178834,According to ITV Kareena's appearance in Birmingham caused a huge chaos as thousands of people showe,2136,0.96,156,0,FactsSpeaker60,402.6,8031.0,37263.0,True,False
BollyBlindsNGossip,1nhugf7,2025-09,1780726687,1757962140,How big Katrina really was during her prime?,2131,0.96,386,0,Glittering_Lotus,343.2,18887.0,17982.0,True,False
indiasocial,1nlnxtu,2025-09,1780726890,1758339803,Spotted in Noida at 1:40 am,9651,0.96,604,0,Sharp-potential7935,310.8,3025126.0,31936.0,True,True
indiasocial,1ntoy08,2025-09,1780726890,1759168384,18-year-old Indian archer Sheetal Devi becomes world champion,9303,1.0,111,0,heythere74,2078.9,18121.0,2707.0,True,True
indiasocial,1nq04ey,2025-09,1780726890,1758784248,"I usually never tip , but this time I will...",8915,0.96,198,0,Afraid-Start-6906,1061.7,8873.0,6545.0,True,True
indiasocial,1ni8gg2,2025-09,1780726890,1757998726,Absolutely true.,7747,0.99,121,0,imfrom_mars_,364.3,1200775.0,9637.0,True,True
indiasocial,1nd8dfn,2025-09,1780726890,1757491959,One pot hole and bro is gone,6565,0.97,199,0,3kushall,320.9,10929.0,3839.0,True,True
indiasocial,1nrnw0f,2025-09,1780726890,1758953801,What the hell is dekhta hu,6114,0.97,106,0,GODS-COMPLEX-,435.3,4496.0,993.0,True,True
indiasocial,1ni7u7k,2025-09,1780726890,1757996622,Any one who can relate this?,5953,0.98,141,0,Sweaty-Attitude5287,,,,,True
indiasocial,1nsv0v8,2025-09,1780726890,1759082517,Mad respect for these girls!,5719,0.96,87,0,flyingburaq,378.6,6537.0,490.0,False,True
indiasocial,1np7chp,2025-09,1780726890,1758705018,This was the iphone of geometry boxes,5524,0.99,220,0,COMRADEGENGHISKHAN,3085.8,48819.0,638.0,True,True
indiasocial,1ndy5cm,2025-09,1780726890,1757560368,It is 100% real.,5306,0.99,52,0,imfrom_mars_,364.3,1200775.0,9637.0,True,True
indiasocial,1n6cq68,2025-09,1780726890,1756796708,"Tell me better combo than this, I will wait",5205,0.86,846,0,crazymooscles,521.2,7930.0,762.0,True,False
indiasocial,1na8efz,2025-09,1780726890,1757186795,Was I stupid for calling 112 about a sparking wire on the road?,5078,0.99,296,0,theguyindelusion,978.2,3005.0,3577.0,True,False
indiasocial,1nnnmkw,2025-09,1780726890,1758550449,The most polite &amp; detailed cancellation I have received on an Uber ride.,4724,0.98,62,0,ImpressiveTie3461,2084.0,2279.0,371.0,True,False
indiasocial,1nmlifc,2025-09,1780726890,1758439289,Worst mistake ever,4237,0.99,127,0,Live_Ostrich_6668,2022.0,229765.0,52109.0,True,False
indiasocial,1n88fx7,2025-09,1780726890,1756987981,18hrs long train journey.,4102,0.99,189,0,Kandpal_Demon-slayer,1928.3,4220.0,2827.0,True,False
indiasocial,1nddq5e,2025-09,1780726890,1757509645,What is up with this blind Craze for Iphones.!,4043,0.94,510,0,Ak0002,1517.9,12934.0,2609.0,True,False
indiasocial,1na6z6s,2025-09,1780726890,1757183399,Dekhlo guys Genz attitude,3893,0.9,399,0,Darksoul00777,983.3,2329.0,5190.0,False,False
indiasocial,1ne0f6j,2025-09,1780726890,1757568004,Aaj finally dikha yeh bhadwa 😭🙏🏻🥀,3483,0.99,160,0,Tridisha_,1030.2,4972.0,1454.0,True,False
indiasocial,1n98jjr,2025-09,1780726890,1757086586,what's that one secret you are dy!ng with? but can tell anonymously.,3452,0.99,1523,0,swhowho,1135.0,17606.0,61.0,True,False
indiasocial,1nu85wm,2025-09,1780726890,1759222751,Whoever invented this deserves belt treatment,3436,0.94,262,0,Sharp-potential7935,310.8,3025126.0,31936.0,True,False
indiasocial,1nsoasy,2025-09,1780726890,1759065957,Who names a fingerprint reading machine Eklavya?? 😭😭,3281,0.99,64,0,o_raju,3150.9,4262.0,555.0,True,False
indiasocial,1nf73qu,2025-09,1780726890,1757692867,Inspired by reality,3232,0.93,111,0,imfrom_mars_,364.3,1200775.0,9637.0,True,False
indiasocial,1nkbofw,2025-09,1780726890,1758209959,Was I wrong for being honest?,3202,0.99,44,0,Game_1Changer9,540.8,10927.0,837.0,True,False
indiasocial,1nb0s2a,2025-09,1780726890,1757269615,Blood moon is looking scary,3058,0.99,129,0,Heretonailyouu,760.2,3992.0,5615.0,False,False
indiasocial,1n75o9w,2025-09,1780726890,1756874673,This guy is flirting with me. But he's in a relationship with......... Me.🙂,3022,0.9,586,0,EarthOpen,2019.9,2571.0,560.0,True,False
indiasocial,1nfszbx,2025-09,1780726890,1757755032,What was the first movie you watched in the theater ?,3012,0.87,2550,0,CelebrationTough9070,797.9,21636.0,2521.0,False,False
indiasocial,1nbifeh,2025-09,1780726890,1757321033,New generation plate!,2959,0.98,104,0,nobodyisonlinehere,626.9,23470.0,2796.0,True,False
indiasocial,1np07eu,2025-09,1780726890,1758679679,This product has done some irreversible damage to many men out there !,2931,0.96,397,0,Emergency_Raisin2341,1111.1,440384.0,8340.0,True,False
indiasocial,1np3fpb,2025-09,1780726890,1758689852,"This was the first YouTube video uploaded from India on '22 March 2006', somewhere from Hyderabad",2727,1.0,116,0,Foreign_Angle_9042,993.3,57649.0,37678.0,True,False
indiasocial,1nnfzi4,2025-09,1780726890,1758525940,Tell your current bad situation and let other fix it,2685,0.91,1819,0,CautiousElderberry22,565.7,20990.0,747.0,True,False
indiasocial,1ngmofk,2025-09,1780726890,1757841566,Hate !!!!!,2645,0.95,140,0,HolidayBreath7897,,,,,False
indiasocial,1neu6is,2025-09,1780726890,1757652335,There goes the truth bombs.,2642,0.98,37,0,untitled_earthling,948.9,8841.0,2237.0,True,False
indiasocial,1nhcmcn,2025-09,1780726890,1757911272,This is so true,2576,0.99,37,0,Professor_Peace,,,,,False
indiasocial,1nu3h17,2025-09,1780726890,1759205381,[OC]Just finished this Maa Durga painting! 20 days of hardwork went into this.,2575,0.97,126,0,Himawari_02,3010.3,52608.0,2498.0,True,False
indiasocial,1nte3dm,2025-09,1780726890,1759140476,Fight yourself first,2565,0.99,47,0,Puzzled_Day7879,1107.3,19041.0,365.0,True,False
indiasocial,1nt9wgj,2025-09,1780726890,1759123867,Our cousin get-togethers just got way better thanks to one simple idea 🍲👨‍👩‍👧‍👦,2560,0.98,128,0,Agasthya_Y,702.6,1208.0,41.0,False,False
indiasocial,1ncgzwf,2025-09,1780726890,1757419386,Accidentally hit on my boss on Hinge,2463,0.93,208,0,Consistent-Cry-3162,876.2,13206.0,5451.0,True,False
indiasocial,1nevac5,2025-09,1780726890,1757656354,I always lose in sticker wars against my friends. Share your favourite stickers so that I can win,2461,0.99,172,0,ThePennyFan,1863.2,35898.0,57661.0,True,False
indiasocial,1nlrf42,2025-09,1780726890,1758351789,Who made this 😭😭,2440,0.99,67,0,NoMoreYouBud,422.4,3523.0,945.0,True,False
indiasocial,1nhpo1d,2025-09,1780726890,1757951615,It’s absolutely true💀🙌,2440,0.97,147,0,imfrom_mars_,364.3,1200775.0,9637.0,True,False
developersIndia,1nhbs59,2025-09,1780727093,1757908551,I have completed a streak of 1300 days on Leetcode.,2415,0.96,178,0,big_hole_energy,1142.8,254265.0,424.0,True,True
developersIndia,1nln213,2025-09,1780727093,1758336972,H1-B Visa Fees Hike - Indian brain drain finally comes to an end?,2141,0.9,256,0,ChillDude02100,425.8,1877.0,391.0,True,True
developersIndia,1n77qp5,2025-09,1780727093,1756882152,Got caught working from train instead of home during WFH - did I mess up badly?,2075,0.94,438,0,unemployed_star,636.8,1309.0,2506.0,True,True
developersIndia,1nd6qwi,2025-09,1780727093,1757485559,I wrote a script that gives me a fake phone call to escape boring and awkward situations,1895,0.99,177,0,the2ndfloorguy,2175.9,31625.0,3742.0,True,True
developersIndia,1nct131,2025-09,1780727093,1757447238,WFO mandate just feels unproductive. Nothing gets done.,1409,0.98,146,0,No_Bother9001,2092.4,4327.0,8341.0,True,True
developersIndia,1ngjdtt,2025-09,1780727093,1757829604,Made an extension that shows elden ring themed banners,1397,0.97,43,0,galalei,1928.2,3856.0,2597.0,True,True
developersIndia,1nsi9ew,2025-09,1780727093,1759044838,Left 45 lpa offer due to high workload feeling guilty,1266,0.96,213,0,Hunter3911,1220.3,1320.0,352.0,True,True
developersIndia,1ne1w7j,2025-09,1780727093,1757573556,WFH + 40% hike sounded great until I joined Nityo Tech (Nityo Infotech),1207,0.99,86,0,Frosty_Patient_2630,298.2,626.0,294.0,True,True
developersIndia,1n83704,2025-09,1780727093,1756969130,Layoff in My Late 40s – Reflecting on IT and Beyond,1120,0.98,149,0,Mo_h,4083.6,17402.0,39881.0,True,True
developersIndia,1nr08zx,2025-09,1780727093,1758890331,It seems impossible to get into Google. Giving up!,1104,0.93,125,0,SatejFying,1769.9,2255.0,23.0,True,True
developersIndia,1ni7p9a,2025-09,1780727093,1757996186,"Those who are working from office, how do you attend interviews?",1021,0.98,303,0,naane_bere,1245.1,12778.0,13819.0,True,False
developersIndia,1n886f9,2025-09,1780727093,1756987240,My collegue vibed coded entire task and now I am being forced to clean up the mess,1008,0.98,99,0,Neo_The_bluepill_One,2302.0,206379.0,57858.0,True,False
developersIndia,1n9rqae,2025-09,1780727093,1757137588,Rejected offer and realised it was a great decision,976,0.98,83,0,throwaway-well,834.3,5021.0,1099.0,True,False
developersIndia,1n6bdf1,2025-09,1780727093,1756791582,"Why is everyone suddenly into AI/ML, earlier it was Web Dev?",879,0.97,181,0,Internalcodeerror159,1782.7,529.0,1264.0,True,False
developersIndia,1n9yz8i,2025-09,1780727093,1757163675,I built a Chrome extension to track YT playlists as structured courses,825,0.99,64,0,alokcodes,328.3,773.0,69.0,True,False
developersIndia,1nmlqdf,2025-09,1780727093,1758440155,$100k H-1B visa fee - Unexpected luck for existing visa holders?,821,0.95,132,0,mlarasa007,2779.3,485.0,2173.0,True,False
developersIndia,1ncd7m4,2025-09,1780727093,1757405888,This startup is expecting me to build their entire product in one month. Is this normal or am I bein,753,0.99,135,0,boiiwithcode,1821.3,3499.0,3464.0,True,False
developersIndia,1nr0ob9,2025-09,1780727093,1758891501,I’m fucking losing it today .How do I recover from this.,677,0.9,328,0,Evening-Hour8934,1751.4,434.0,191.0,True,False
developersIndia,1nqzszv,2025-09,1780727093,1758889060,HR from new job called me pretending to be someone else to test if I am still looking out for better,667,0.98,95,0,Key_Lead3784,571.8,1611.0,885.0,True,False
developersIndia,1nnqovb,2025-09,1780727093,1758557346,Burnout in Tech: Why I’m Seriously Considering Walking Away,643,0.99,70,0,dMONK93,3618.6,392.0,53.0,True,False
developersIndia,1njd4sw,2025-09,1780727093,1758115591,Got 2 fully remote offers (26LPA vs 29LPA) — need advice,639,0.97,223,0,trie_67,1991.3,1024.0,464.0,True,False
developersIndia,1nn8ya7,2025-09,1780727093,1758502931,"2025 grad, got rejected saying that my projects were too basic and does not solve anything new",601,0.97,305,0,EquivalentLunch2943,2012.1,273.0,537.0,True,False
developersIndia,1nlxlis,2025-09,1780727093,1758373301,$100k H-1B visa fee - Brain drain or brain gain for India?,598,0.94,299,0,coldemailutsav,285.3,2740.0,212.0,True,False
developersIndia,1nk3eix,2025-09,1780727093,1758186791,"Went for a job interview applied from naukari, turned out to be an insidious scam, had a very bad ex",593,0.99,53,0,rubeenbilal47,2969.2,27468.0,3247.0,True,False
developersIndia,1nq9j3h,2025-09,1780727093,1758813404,No interview calls for last 45 days. Are we in job crisis?,590,0.95,235,0,AnxiousInterest4219,1626.6,690.0,742.0,True,False
developersIndia,1nci8su,2025-09,1780727093,1757422771,US trying to reduce IT outsourcing with HIRE ACT 2025,585,0.96,215,0,sanskaridaddy,3297.4,3743.0,7277.0,False,False
developersIndia,1nj6ci7,2025-09,1780727093,1758093124,Future of IT industry? Tech going BPO way.. What’s next?,567,0.95,146,0,BullfrogBig5263,520.0,1215.0,610.0,False,False
developersIndia,1n6es9n,2025-09,1780727093,1756804879,"Amazon PPO not converted, only option left is Infosys 3.6 LPA. What should my friend do?",562,0.97,95,0,vamshidhar_522,1489.3,561.0,396.0,True,False
developersIndia,1n8jk3m,2025-09,1780727093,1757013795,I built an AI camera app to translate fancy items menu into desi style version,524,0.97,28,0,the2ndfloorguy,2175.9,31625.0,3742.0,True,False
developersIndia,1n5jzlq,2025-09,1780727093,1756718259,Is Software Engineering in India headed toward obsolescence?,523,0.95,195,0,Rog652,692.1,1559.0,42638.0,True,False
developersIndia,1nfaskk,2025-09,1780727093,1757701507,"Interned At Microsoft, Did not get a PPO due to budget issues",495,0.94,69,0,Enough-Performer4607,1496.0,866.0,546.0,True,False
developersIndia,1n6saft,2025-09,1780727093,1756839614,Why are people in tech so inconsiderate about referrals for freshers?,488,0.88,144,0,Natural_Security_182,1016.6,870.0,1183.0,True,False
developersIndia,1npd1nv,2025-09,1780727093,1758722696,I built my OS-inspired portfolio so recruiters can play with it,487,0.99,58,0,gsamansharma,1296.2,246.0,1148.0,True,False
developersIndia,1nhii5j,2025-09,1780727093,1757933293,Too much expectations in an Interview for Software Engineer,484,0.99,80,0,portashu5,732.7,229.0,116.0,True,False
developersIndia,1n8sra0,2025-09,1780727093,1757037295,How many of you can actually build a full stack app?,483,0.93,185,0,Powerful-Set-5754,712.2,541.0,16157.0,True,False
developersIndia,1nfw1it,2025-09,1780727093,1757765905,Passed Google interview process still no offer after 2 months,479,0.97,55,0,notdank07,2317.5,290.0,117.0,True,False
developersIndia,1nk81hu,2025-09,1780727093,1758201454,"Received an offer from Morgan Stanley, worried about tech stach",477,0.96,120,0,icyblood1,740.9,282.0,11939.0,True,False
IndiaCricket,1nt0jv5,2025-09,1780727292,1759095747,India celebrates the win without the actual trophy by lifting an imaginary cup.,6370,0.98,139,0,-bonkster,1709.4,10280.0,32287.0,True,True
IndiaCricket,1ntdddh,2025-09,1780727292,1759137634,India missed an opportunity to do this yesterday.,4843,0.98,116,0,No-Yogurtcloset4742,1361.7,5909.0,4079.0,True,True
IndiaCricket,1nswmyo,2025-09,1780727292,1759086283,Giga chad Rinku Singh.....,3539,0.99,34,0,yellow_pills,1407.8,227862.0,20725.0,True,True
IndiaCricket,1nsvthw,2025-09,1780727292,1759084381,India is the champion of Asia Cup 2025!!!!,3263,0.93,463,0,Royal-Cupcake-5907,812.3,23811.0,95062.0,True,True
IndiaCricket,1ne9xyi,2025-09,1780727292,1757600098,r/IndiaCricket Mod team has decided not to host or allow posts related to the upcoming India vs Paki,2856,0.95,279,0,Royal-Cupcake-5907,812.3,23811.0,95062.0,True,True
IndiaCricket,1nra4pn,2025-09,1780727292,1758913911,Lord Dubey just needs to be present on the field.,2595,0.99,44,0,GiveMeSomeSunshine3,448.8,1815823.0,223800.0,True,True
IndiaCricket,1nnaxy6,2025-09,1780727292,1758508691,Surya drops a banger again,2472,0.99,87,0,fiesty_life_11,,,,,True
IndiaCricket,1ntei8j,2025-09,1780727292,1759142029,Star Player Tilak Verma talks with Lord Dube about his UNBEATABLE WINNING STREAK 😭,2350,0.99,54,0,Moongfali4president,582.1,79379.0,139846.0,True,True
IndiaCricket,1nsy78m,2025-09,1780727292,1759089994,This thing happened really.,2350,0.99,109,0,Maleficent_Bluejay_9,2045.4,12925.0,1860.0,True,True
IndiaCricket,1ntfj6w,2025-09,1780727292,1759145541,Team India has suffered just ONE defeat in their last 4 major white-ball tournaments,2093,0.99,152,0,Inside_One_9147,878.8,240282.0,4686.0,True,True
IndiaCricket,1ne0u7s,2025-09,1780727292,1757569541,Yuvraj Singh was a different beast before cancer hit him,1970,0.99,153,0,singhdev06,,,,,False
IndiaCricket,1nud1ar,2025-09,1780727292,1759238443,A classic retirement tribute to Chris Woakes by Rishabh Pant,1932,1.0,10,0,poormasshole,1004.7,74764.0,586.0,True,False
IndiaCricket,1nly9m5,2025-09,1780727292,1758375091,Smriti Mandhana - Fastest Century by an Indian in WODIs[Highlights],1820,1.0,31,0,Alarmed_Stop5856,821.1,17109.0,780.0,True,False
IndiaCricket,1nsxbnk,2025-09,1780727292,1759087905,"The Man, The Myth, The LEGEND",1786,1.0,52,0,justin-birbaI,371.6,2159.0,1340.0,True,False
IndiaCricket,1nt0w34,2025-09,1780727292,1759096619,Surya Kumar Yadav donates tournament match fees to the Indian Army and victims of terror attackd,1719,0.99,82,0,Due_Fishing_9588,1966.0,836.0,426.0,True,False
IndiaCricket,1nsz1qu,2025-09,1780727292,1759092048,Abhishek on premium fast bowler [highlight],1713,1.0,51,0,Double_Strawberry717,902.4,10074.0,8679.0,True,False
IndiaCricket,1njawn9,2025-09,1780727292,1758109676,India ruling T20Is in ICC rankings,1607,0.99,40,0,poormasshole,1004.7,74764.0,586.0,True,False
IndiaCricket,1ntlgbs,2025-09,1780727292,1759160548,Tilak Varma’s message after Asia Cup 2025 final,1450,1.0,52,0,poormasshole,1004.7,74764.0,586.0,True,False
IndiaCricket,1ndj46e,2025-09,1780727292,1757521970,Was SKY right here to withdraw appeal?,1450,0.94,139,0,Alarmed_Stop5856,821.1,17109.0,780.0,True,False
IndiaCricket,1nikyhf,2025-09,1780727292,1758037167,"If Dhoni had the Helicopter, what’s Pant’s shot called?",1435,0.99,240,0,Dangerous_Tip_4985,1633.4,102528.0,15117.0,True,False
IndiaCricket,1ncb2ad,2025-09,1780727292,1757397443,What's your favourite Shot of Kohli?,1433,0.99,82,0,Initial-Shoulder5906,1371.2,119925.0,588.0,True,False
IndiaCricket,1nbre72,2025-09,1780727292,1757346626,Sachin Tendulkar played consecutive 239 matches .. what you say about work load management?? It’s ju,1431,0.95,86,0,sachinsuperfan,285.4,559.0,224.0,False,False
IndiaCricket,1nocsq4,2025-09,1780727292,1758619840,From school ground to world stage. Who else felt goosebumps watching them play.,1405,0.99,35,0,ksundaram,267.0,4245.0,381.0,True,False
bollywood,1np5yb9,2025-09,1780727500,1758699209,Was 2007 the greatest year in the history of Bollywood?,4123,0.98,223,0,SevereSuspect3215,978.0,6568.0,1173.0,True,True
bollywood,1nqdqqh,2025-09,1780727500,1758823021,"Dear Bollywood, please utilize him properly. Don’t let his talent go to waste, he has so much more t",3246,0.98,89,0,0Layscheetoskurkure0,311.0,442360.0,5975.0,False,True
bollywood,1ncjukw,2025-09,1780727500,1757426719,Actors who should do age appropriate roles !,2350,0.96,232,0,Sans010394,,,,,True
bollywood,1n90g8e,2025-09,1780727500,1757063999,This level of artistry can only come from a top tier genius brain! 😭🫶🏻,2243,0.97,48,0,SureManufacturer6714,,,,,True
bollywood,1nb1k46,2025-09,1780727500,1757271397,I can't imagine anyone doing justice to this movie like Anil Kapoor!,2207,0.99,101,0,SuperbHealth5023,634.9,733927.0,6870.0,True,True
bollywood,1n5ddwp,2025-09,1780727500,1756695029,"In 'Tujh Mein Rab Dikhta Hai', whenever Taani closes her eyes to pray, Suri appears. When she stops,",2110,0.98,67,0,livingfeelsachore,,,,,True
bollywood,1nmjqp8,2025-09,1780727500,1758432770,guess the movie by single pic,1981,0.97,278,0,External-Opinion-646,264.8,11014.0,45.0,True,True
bollywood,1nu58cz,2025-09,1780727500,1759211426,What went wrong ??,1849,0.98,255,0,the_OG69,2040.8,4183.0,552.0,True,True
bollywood,1nic0i7,2025-09,1780727500,1758012091,They really fumbled one of the most badass looks ever 💔😭,1718,0.97,53,0,SureManufacturer6714,,,,,True
bollywood,1njzsl5,2025-09,1780727500,1758172989,Wonderful shot from RNBDJ:,1663,0.99,53,0,Boss452,3270.5,677629.0,226345.0,True,True
bollywood,1nkt621,2025-09,1780727500,1758253431,Salman Bhai &amp; his obsession with ruining the third installment of every franchise!,1489,0.99,69,0,SureManufacturer6714,,,,,False
bollywood,1nonp50,2025-09,1780727500,1758648537,Who had the better 2007: Akshay Kumar or Shah Rukh Khan?,1487,0.98,170,0,SevereSuspect3215,978.0,6568.0,1173.0,True,False
bollywood,1na78uj,2025-09,1780727500,1757184043,Which web series do you consider the finest work from India?,1395,0.98,626,0,0Layscheetoskurkure0,311.0,442360.0,5975.0,False,False
bollywood,1nglurv,2025-09,1780727500,1757838496,It’s kinda crazy that a Bollywood director has a filmography this insane. People say they want Bolly,1344,0.98,56,0,Dothrak-Reaper,,,,,False
bollywood,1ne0e7c,2025-09,1780727500,1757567905,Maddock supernatural universe,1330,0.98,91,0,Winter_Rough_2616,271.7,3689.0,1498.0,True,False
bollywood,1nanu6s,2025-09,1780727500,1757233397,We need this peak Nawaz 🤞🏻,1302,0.99,23,0,UniqueWillingness180,2012.2,8519.0,2747.0,True,False
bollywood,1nqyei7,2025-09,1780727500,1758884694,Feeling good for a villain,1230,0.99,35,0,pashabro24,1409.5,19586.0,1157.0,True,False
bollywood,1n7gd07,2025-09,1780727500,1756909798,This character transformation scene was insane! 🥶,1224,0.99,69,0,SureManufacturer6714,,,,,False
bollywood,1njb3a1,2025-09,1780727500,1758110219,Amitabh in his negative shades ☠️,1218,0.98,62,0,SureManufacturer6714,,,,,False
bollywood,1nd6ux5,2025-09,1780727500,1757485976,The most badass gangster/mafia character of all time?,1184,0.95,384,0,SureManufacturer6714,,,,,False
bollywood,1npzxgq,2025-09,1780727500,1758783548,What’s the biggest career mistake an actor has ever made?,1099,0.98,164,0,Ready_Ad_1353,1463.8,106475.0,31067.0,True,False
bollywood,1nhei09,2025-09,1780727500,1757917966,What’s the best casting choice in Bollywood history?,1068,0.97,150,0,Slight-Lion-7288,,,,,False
bollywood,1nmjezp,2025-09,1780727500,1758431617,we need this movie,1065,0.98,40,0,External-Opinion-646,264.8,11014.0,45.0,True,False
bollywood,1n9xv3h,2025-09,1780727500,1757160343,Amitabh Bachchan’s entries in 1970s films were literally so badass!,1045,0.98,49,0,SureManufacturer6714,,,,,False
bollywood,1n7z73m,2025-09,1780727500,1756955417,"Billu (2009) While Priyadarshan is rightly celebrated for his epic comedy movies, Billu lives more h",992,0.99,46,0,Sharp-potential7935,310.8,3025126.0,31936.0,True,False
bollywood,1nisipm,2025-09,1780727500,1758053850,"Watching War, did anyone else notice this 👀",980,0.97,49,0,EnvironmentalUse241,1126.1,1182.0,1043.0,False,False
bollywood,1nsqegw,2025-09,1780727500,1759071365,My Favourite bollywood films from every year I've been alive,936,0.97,72,0,bruhtashri,1677.1,1986.0,4076.0,True,False
bollywood,1n6d70i,2025-09,1780727500,1756798546,"First look at ""Gandhi"", a biopic series that stars Pratik Gandhi as Mahatma Gandhi. The series is di",906,0.96,68,0,rn3122,2203.7,142318.0,281044.0,True,False
bollywood,1n6aa2p,2025-09,1780727500,1756787693,"The more you watch this era of SRK(even majority of 10s), the more you realise how far he has fallen",878,0.96,88,0,ethanhunt555,415.2,116916.0,21845.0,True,False
bollywood,1nmhm8u,2025-09,1780727500,1758425526,I don't believe Hrithik and Aish looked great together just because they were both ridiculously good,877,0.97,57,0,UndeadReborn,691.5,93436.0,79847.0,True,False
bollywood,1nu1hcg,2025-09,1780727500,1759199449,"3 years of Vikram Vedha! Hrithik absolutely nailed Vedha, brought his own charm and madness into the",844,0.95,54,0,Hrithik_Ki_Patni,494.3,100955.0,80218.0,True,False
bollywood,1nf3unh,2025-09,1780727500,1757685183,"In the entire filmography of Salman Khan, which is the only Salman Khan movie you felt where the her",822,0.94,86,0,Ready-Geologist-9618,1170.7,1795.0,-62.0,True,False
bollywood,1nbidi0,2025-09,1780727500,1757320828,"Ek Tha Tiger has been featured in the International Spy Museum in Washington DC, USA. It is the only",786,0.96,48,0,rn3122,2203.7,142318.0,281044.0,True,False
bollywood,1n84l9u,2025-09,1780727500,1756974654,Ramayana is on track to be the biggest FLOP in the history of cinema.,775,0.85,245,0,Ordinary-Night-2671,728.9,1730.0,3305.0,True,False
bollywood,1nakqld,2025-09,1780727500,1757222000,"Jawan turns 2. Apart from being a mass feast for fans, lets talk about one of the best things about ",736,0.89,82,0,ethanhunt555,415.2,116916.0,21845.0,True,False
bollywood,1n82aj4,2025-09,1780727500,1756965715,The greatest performance of Sunny Deol! 🛐,729,0.98,47,0,SureManufacturer6714,,,,,False
bollywood,1n77419,2025-09,1780727500,1756879773,One of the most realistic romantic bollywood Movies,721,0.99,35,0,Ready_Ad_1353,1463.8,106475.0,31067.0,True,False
bollywood,1nhfwud,2025-09,1780727500,1757923400,What If Amit Ji got good mass commercial writers today and he does something like Jailer,716,0.98,60,0,arvindharish,2157.9,2001.0,4789.0,True,False
bollywood,1nbq1pr,2025-09,1780727500,1757343576,Amir Khan's aura before 2018!!!,706,0.98,40,0,Practical_Disk_6993,661.2,776.0,478.0,False,False
bollywood,1npug25,2025-09,1780727500,1758765113,Akshay Kumar's Om Shanti Om Cameo: One of the Best in Bollywood History?,690,0.96,38,0,Ok_Bluebird1842,585.9,26698.0,1166.0,True,False
IndianStockMarket,1n8y3yx,2025-09,1780727696,1757054768,Gold &amp; Silver &gt; Stocks,3050,0.96,122,0,stocktwitsindia,949.3,40104.0,28.0,True,True
IndianStockMarket,1njw69i,2025-09,1780727696,1758161443,Am I build different?,2200,0.99,26,0,Heera-Thakur-Bus,261.5,1775.0,64.0,True,True
IndianStockMarket,1n98i58,2025-09,1780727696,1757086491,The only thing that grows faster than my salary is my stock investments😆,1146,1.0,35,0,LongFace7086,513.9,1227.0,372.0,True,True
IndianStockMarket,1nl2ek3,2025-09,1780727696,1758285437,Niftyyyy | Iphone,1062,0.95,77,0,Hot-Temperature3956,1477.8,2010.0,657.0,True,True
IndianStockMarket,1nlnarj,2025-09,1780727696,1758337745,"President Donald Trump announced a $100,000 annual application fee for companies sponsoring H-1B vis",948,0.96,199,0,Broad-Research5220,1579.6,111885.0,17683.0,True,True
IndianStockMarket,1ndjcix,2025-09,1780727696,1757522474,Lets make things bulling trump,872,0.99,17,0,krishnajeya,2670.9,897.0,289.0,True,True
IndianStockMarket,1n6jzhm,2025-09,1780727696,1756820931,India has been the worst performing market in the world over the past 1 year.,805,0.92,104,0,Capital_Chipmunk_16,347.2,667.0,17.0,True,True
IndianStockMarket,1njb4zg,2025-09,1780727696,1758110359,11000% return in less then a decade WTF!!!!,798,0.96,76,0,aware-indian,986.0,359.0,95.0,True,True
IndianStockMarket,1npdco2,2025-09,1780727696,1758723429,Do you agree with him? Should I withdraw my investments from Jewellery companies?,732,0.94,128,0,manikmahajan13,258.3,6340.0,209.0,True,True
IndianStockMarket,1nefoxt,2025-09,1780727696,1757613356,"Zomato today is worth more than HAL, Tata Motors, and Marico. Companies that actually build planes, ",688,0.96,81,0,Strawhat_ankit,1408.1,327.0,2.0,True,True
IndianStockMarket,1n88iue,2025-09,1780727696,1756988212,This is how we're manipulated!!,560,0.8,134,0,ActInfamous3857,2084.9,5948.0,3607.0,True,False
IndianStockMarket,1nu6ukj,2025-09,1780727696,1759217530,Tata Motors demerger,559,0.99,30,0,stocktwitsindia,949.3,40104.0,28.0,True,False
IndianStockMarket,1nkx44p,2025-09,1780727696,1758267035,"Crores in profit but still pay zero tax, how is this possible?",517,0.9,129,0,FreeK_Spirit,522.1,316.0,479.0,True,False
IndianStockMarket,1nieozx,2025-09,1780727696,1758021717,Nithin Kamath shared how Zerodha grew without external funding. Do you think this is why traders tru,517,0.97,24,0,FluffySyntax,323.8,25733.0,91.0,False,False
IndianStockMarket,1nt908i,2025-09,1780727696,1759120636,Another upper circuit and you cannot do shit about it haha.,485,0.97,56,0,Heera-Thakur-Bus,261.5,1775.0,64.0,True,False
IndianStockMarket,1nocpp2,2025-09,1780727696,1758619497,How to make 24% CAGR in market?,465,0.89,94,0,Hot-Temperature3956,1477.8,2010.0,657.0,True,False
IndianStockMarket,1nlx8n4,2025-09,1780727696,1758372302,NOT H-1B but This will be biggest hit on indian IT Companies,446,0.94,91,0,living_my_way,990.4,481.0,390.0,True,False
IndianStockMarket,1nndftu,2025-09,1780727696,1758516620,US H-1B Visa Changes Trigger Sharp Drop in Indian IT Stocks !!,416,0.98,32,0,Super_Molasses124,411.1,11600.0,164.0,True,False
IndianStockMarket,1n7izgh,2025-09,1780727696,1756915691,OLA electric,412,0.99,29,0,LongFace7086,513.9,1227.0,372.0,True,False
IndianStockMarket,1nls9u1,2025-09,1780727696,1758355047,677% return. The dream will wake up on Monday,381,0.96,31,0,Puzzleheaded-Pay4978,607.6,289.0,66.0,True,False
IndianStockMarket,1n9ruqt,2025-09,1780727696,1757138046,Indian market current situation,369,0.99,10,0,arch_user_98,742.2,20745.0,130.0,True,False
IndianStockMarket,1noj5nl,2025-09,1780727696,1758638308,The Indian Rupee Has Lost 30% in a Decade — What Does It Mean for Us?,368,0.92,116,0,IndicationFresh3191,426.0,442.0,3.0,True,False
IndianStockMarket,1nj7uv1,2025-09,1780727696,1758099139,"Nifty 1yr return: 0%, Is it still overvalued?",365,0.95,114,0,Physical-Command-112,,,,,False
IndianStockMarket,1ngr6nr,2025-09,1780727696,1757856136,What unfollowing finfluencers does to a portfolio:,351,0.96,36,0,EmiyaBoi,2524.8,18009.0,11664.0,True,False
IndianStockMarket,1nhfnyg,2025-09,1780727696,1757922429,Paid 84k tax on 4.15 lakhs short term profit,341,0.95,115,0,4lostboys,1242.1,4264.0,2043.0,True,False
IndianStockMarket,1n7g9dp,2025-09,1780727696,1756909557,India is expensive - I know sub dislike but he is telling truth.,340,0.84,114,0,Objective_Coat_999,656.1,1585.0,512.0,True,False
IndianStockMarket,1nao25v,2025-09,1780727696,1757234251,"SIP inflows breaking records every quarter- the new common man ""safety net""?",316,0.96,43,0,Nubra_,297.2,1550.0,46.0,False,False
indiaspeaks,1nce821,2025-09,1780727910,1757409990,Breaking: Nepal Parliament set on fire,5650,0.99,154,0,theanonymoussking,789.9,222720.0,93047.0,True,True
indiaspeaks,1nsspgw,2025-09,1780727910,1759076961,Bumrah's celebration after Rauf's wicket,4666,0.97,109,0,ritchiehicks22,,,,,True
indiaspeaks,1nco5zp,2025-09,1780727910,1757436555,"Man holds a banner and protests in Gujarat in which he asks, don't enforce just helmet rules, make g",4535,0.99,169,0,Altruistic-Issue-887,1417.7,774124.0,13962.0,True,True
indiaspeaks,1npzzch,2025-09,1780727910,1758783725,Finally a genuine statement by a politician,4367,0.95,191,0,MaverickHermit,989.0,5539.0,1507.0,True,True
indiaspeaks,1n5kdgr,2025-09,1780727910,1756719739,Woman confronts and slaps a man for allegedly harassing another passenger on a bus,4146,0.99,236,0,incognitooo_mode,525.9,52411.0,14489.0,True,True
indiaspeaks,1ngkq52,2025-09,1780727910,1757834350,It's nice to see younger generations being vocal on the  inhumane conditions we go through our daily,4060,0.98,134,0,kundi-man,813.9,356607.0,37073.0,True,True
indiaspeaks,1nquaw1,2025-09,1780727910,1758869059,Bahraich (UP): 40 minor girls (aged 9–14) were found inside an illegal madrasa. When the police arri,3744,0.98,115,0,Ok-Equivalent3810,728.6,420058.0,61378.0,False,True
indiaspeaks,1nlmalv,2025-09,1780727910,1758334618,Spotted above noida sky today at 1:40 AM,3395,0.99,209,0,Suku23,3012.8,9018.0,3488.0,True,True
indiaspeaks,1nuidwx,2025-09,1780727910,1759250893,Just gonna drop this here.,3226,0.98,61,0,IllustriousRip7068,1164.9,3381.0,2890.0,False,True
indiaspeaks,1n9yit0,2025-09,1780727910,1757162370,Respect to IPS Anjana Krishna (2022 batch) for standing tall against political bullying. In a fair n,3190,0.99,56,0,imfrom_mars_,364.3,1200775.0,9637.0,True,True
indiaspeaks,1n9p1gy,2025-09,1780727910,1757128611,"I thought it was fake, but when I Googled it, I found out it’s true. 😐",3177,0.99,63,0,imfrom_mars_,364.3,1200775.0,9637.0,True,False
indiaspeaks,1nfzl3f,2025-09,1780727910,1757775443,BCCI has betrayed the nation for money. True Indians must rise together and boycott this match!,3098,0.98,152,0,Unstoppable_X_Force,,,,,False
indiaspeaks,1nsemfo,2025-09,1780727910,1759031724,Some people might also import these,3028,0.97,75,0,Popular_Brilliant_26,709.4,12933.0,11085.0,False,False
indiaspeaks,1navw7g,2025-09,1780727910,1757258315,"Abuse random girls and give rape threat.When they record you, ask them to delete the video. Threaten",2902,0.99,136,0,Himuexe,2026.8,23984.0,2560.0,True,False
indiaspeaks,1n7ad4k,2025-09,1780727910,1756892469,An old man died because he didn’t own a smartphone.,2654,0.96,57,0,imfrom_mars_,364.3,1200775.0,9637.0,True,False
indiaspeaks,1ndduj4,2025-09,1780727910,1757509947,"Hilton, 5 Star Hotel In Kathmandu Nepal Set Ablaze By Protestors",2576,0.98,123,0,Lord_Krasina,302.0,209361.0,31812.0,True,False
indiaspeaks,1nmzm2v,2025-09,1780727910,1758479363,"Boycott them, this is not a game for them",2551,0.97,170,0,Immediate-Humor-6077,1564.1,66967.0,31343.0,True,False
indiaspeaks,1nbt8xs,2025-09,1780727910,1757350749,"All shopkeepers in Tinsukia, Assam were asked to not throw garbage on the road. But one guy didn't l",2541,1.0,43,0,Altruistic-Issue-887,1417.7,774124.0,13962.0,True,False
indiaspeaks,1nswl4h,2025-09,1780727910,1759086167,"Thought it was a parody account, but no, this is real Modi’s post - not sure what to think about it.",2485,0.97,153,0,curiousstrider,3678.4,54378.0,16562.0,True,False
indiaspeaks,1nalwue,2025-09,1780727910,1757226135,"Adina Mosque,West Bengal",2311,0.96,34,0,Subh9510,,,,,False
indiaspeaks,1nbhupb,2025-09,1780727910,1757318716,Husband collapsed after he caught wife with lover.,2278,0.97,320,0,Himuexe,2026.8,23984.0,2560.0,True,False
indiaspeaks,1nruogm,2025-09,1780727910,1758978130,Action needed against Sirjan Public School teacher for beating kids.,2238,0.98,299,0,imfrom_mars_,364.3,1200775.0,9637.0,True,False
indiaspeaks,1noa87z,2025-09,1780727910,1758609525,Maharashtra BJP backs VHP’s ‘only Hindus at garba’ diktat— ‘why take part when you don’t do idol wor,2210,0.97,148,0,theanonymoussking,789.9,222720.0,93047.0,True,False
indiaspeaks,1nf2eud,2025-09,1780727910,1757681538,Nepali citizens are selectively attacking Indian journalists.,2206,0.96,245,0,Timely_Virus_4015,318.2,57240.0,16863.0,True,False
indiaspeaks,1n69vx9,2025-09,1780727910,1756786358,Kudos to India and PM. I’m really impressed with how they managed to deal with Trump and the USA iss,2108,0.92,104,0,Kindly_Department142,501.1,427117.0,38314.0,False,False
indiaspeaks,1nc9h7l,2025-09,1780727910,1757391846,He came out of the lockup in good condition. Then the police chief whispered something in his ear. T,2083,0.99,64,0,Altruistic-Issue-887,1417.7,774124.0,13962.0,True,False
indiaspeaks,1nkeevd,2025-09,1780727910,1758216024,What are Your Thoughts?,2054,0.96,260,0,Sad_Translator_3060,913.5,24386.0,5864.0,True,False
indiaspeaks,1nej2li,2025-09,1780727910,1757621147,"At Coimbatore Medical College Hospital, A man had to drag his 84-year-old father from the 3rd floor ",2045,0.99,39,0,Altruistic-Issue-887,1417.7,774124.0,13962.0,True,False
indiaspeaks,1n9sbn4,2025-09,1780727910,1757139716,Can't even post an opinion now,2008,0.9,54,0,shameless_toddler,,,,,False
indiaspeaks,1nfzot4,2025-09,1780727910,1757775685,Say No to Indo-Pak Cricket.,1965,0.98,75,0,imfrom_mars_,364.3,1200775.0,9637.0,True,False
indiaspeaks,1njzanb,2025-09,1780727910,1758171273,A woman police officer slapped a political party worker for allegedly touching her inappropriately -,1933,0.99,40,0,Altruistic-Issue-887,1417.7,774124.0,13962.0,True,False
indiaspeaks,1n7qia2,2025-09,1780727910,1756932446,The problem isn't the dress. It's the eyes that stare,1888,0.98,182,0,Ok-Equivalent3810,728.6,420058.0,61378.0,False,False
indiaspeaks,1n77bdp,2025-09,1780727910,1756880539,People don't obey law,1882,0.99,80,0,ajay-rut,756.5,85684.0,15990.0,True,False
indiaspeaks,1nj6ijr,2025-09,1780727910,1758093769,Netanyahu's birthday wishes for PM Modi,1838,0.96,50,0,Almost_Infamous,4768.6,78257.0,106999.0,True,False
indiaspeaks,1np3146,2025-09,1780727910,1758688452,"Journalist: India and China are contributing to the Ukraine war

President Zelensky: No, India is mo",1836,0.99,52,0,Himuexe,2026.8,23984.0,2560.0,True,False
indiaspeaks,1nhh31e,2025-09,1780727910,1757928163,"In Manchar, Pune, during the repair work of a mosque, a temple that is connected through a large tun",1811,0.95,37,0,Subh9510,,,,,False
indiaspeaks,1nd5ls0,2025-09,1780727910,1757481344,"""If only we had a PM like Modi, our country too would be touching new heights. K.P. Oli was corrupt,",1789,0.94,90,0,GiveMeSomeSunshine3,448.8,1815823.0,223800.0,True,False
indiaspeaks,1njmgx4,2025-09,1780727910,1758136570,Burj Khalifa lights up for Narendra Modi's 75th birthday,1706,0.94,72,0,Budget_Put1517,1873.9,233675.0,88954.0,True,False
indiaspeaks,1n7z6j9,2025-09,1780727910,1756955372,"The GST on IPL stadium tickets has been raised to 40%, compared to the earlier 28%.",1705,0.99,75,0,imfrom_mars_,364.3,1200775.0,9637.0,True,False
indiaspeaks,1ne2xip,2025-09,1780727910,1757577643,India Schools Switzerland at UN,1689,0.96,40,0,bro-please,1577.1,6104.0,10424.0,True,False
IndiaInvestments,1nnfexg,2025-09,1780728111,1758523778,0% returns: Why Sensex has been flat for over a year - The Times of India,318,0.97,33,0,sharedevaaste,2030.8,125749.0,21933.0,True,True
IndiaInvestments,1ndb95x,2025-09,1780728111,1757502626,"I analyzed all the latest bank FD rates in India, here's a quick summary of the best ones I found. W",208,0.96,110,0,FanImportant631,269.1,216.0,6.0,True,True
IndiaInvestments,1nhdd7y,2025-09,1780728111,1757913844,Upstox told me to ‘go to SEBI’ when I asked to close my account 🤦,131,0.93,44,0,RohitReddits,1066.0,1287.0,208.0,True,True
IndiaInvestments,1nswihd,2025-09,1780728111,1759086006,PPF or MF wont give returns ? How do you make money then ? How to create wealth ?,112,0.89,62,0,dizzy12527,2747.2,3617.0,12750.0,True,True
IndiaInvestments,1nfnbjn,2025-09,1780728111,1757734686,PayPal → Bank (INR) → IBKR (USD): How do I stop bleeding on conversions?,94,0.95,61,0,olympuscitizen,2152.9,970.0,6638.0,True,True
IndiaInvestments,1nndqti,2025-09,1780728111,1758517652,Reverse Engineering the Future: Munger &amp; Buffett’s Way to Spot India’s Winners,91,0.9,11,0,IndiaGrowthStocks,327.0,1035.0,581.0,True,True
IndiaInvestments,1n9qawe,2025-09,1780728111,1757132682,AMA - I'm an IRDAI Licensed Insurance Agent &amp; Licentiate of the Indian Insurance Institute. Ask ,87,0.91,307,0,ArabianCoconut,3155.1,4648.0,2008.0,True,True
IndiaInvestments,1nrovzp,2025-09,1780728111,1758957539,Data shows why rupee movements affect your confidence more than Nifty crashes,75,0.97,8,0,mohityadavx,4423.0,2960.0,4971.0,True,True
IndiaInvestments,1n6bo4l,2025-09,1780728111,1756792672,FCF Mental Model: How Uber Made More Cash in 1 Year Than Coca-Cola Did in 100,70,0.96,11,0,IndiaGrowthStocks,327.0,1035.0,581.0,True,True
IndiaInvestments,1ngszrs,2025-09,1780728111,1757860800,Compound interest in the book 'The Richest Man in Babylon',64,0.92,8,0,reluctantwayfarer,1743.8,207.0,121.0,True,True
IndiaInvestments,1nbqn6q,2025-09,1780728111,1757344915,What should be the strategy for handling a sudden large expense?,55,0.9,27,0,Novelty_Wealth,520.1,1141.0,222.0,True,False
IndiaInvestments,1ngvvqc,2025-09,1780728111,1757867625,Motilal Oswal MF AMC website and app have down for several days now,35,0.97,10,0,NjanDonQuixote,1544.3,2715.0,3370.0,True,False
IndiaInvestments,1nf03uf,2025-09,1780728111,1757674752,Interactive Brokers (IBKR) + India INX GA - Double dipping to added advantage?,30,0.92,70,0,Remarkable-Pin6536,1946.7,79.0,387.0,True,False
IndiaInvestments,1nl2e6k,2025-09,1780728111,1758285410,"Thoughts on ARIPS, India’s First PMS Dedicated to Listed REITs &amp; InvITs",20,1.0,9,0,babloo_reddit,414.1,7.0,2.0,True,False
IndiaInvestments,1nlu6gm,2025-09,1780728111,1758362355,Should I redeem ELSS after 3 years or stay invested?,19,0.91,13,0,shubham-jangid,259.1,46.0,1.0,False,False
IndiaInvestments,1ndew8n,2025-09,1780728111,1757512565,Deep Dive: Reviewing Dezerv PMS Agreement - Seeking Feedback on Performance &amp; Red Flag Clauses,19,0.81,23,0,Firm-Wrongdoer410,1558.8,4.0,4.0,True,False
IndiaInvestments,1ntnclr,2025-09,1780728111,1759164844,Any advisory services or smallcase for ReIT/InVIT only investments,14,0.89,15,0,ZenoSamaDBS,1860.9,4068.0,4815.0,True,False
IndiaInvestments,1ncan44,2025-09,1780728111,1757395899,"Moschip technologies, pump and dump!?",13,0.7,6,0,Electronic_Owl3248,666.1,821.0,2044.0,True,False
IndiaInvestments,1nbumty,2025-09,1780728111,1757353749,What are some key metrics you look for long-term value investing?,13,0.85,3,0,reddit__is_fun,1889.5,29489.0,4701.0,True,False
IndiaInvestments,1nfnw6n,2025-09,1780728111,1757736522,How do you evaluate an advisor when you’re not an expert?,12,0.71,2,0,CupOfGingerTea,3092.7,151.0,55.0,True,False
IndiaInvestments,1nd62jn,2025-09,1780728111,1757483056,Thoughts on Loan against investments,8,0.75,15,0,prasoonpuri91,2046.7,2.0,0.0,True,False
IndiaInvestments,1nbs59t,2025-09,1780728111,1757348292,ULIP Discussion Again,0,0.42,17,0,DazzlingBid6656,1336.9,1.0,1.0,True,False
IndiaInvestments,1nu3zcu,2025-09,1780728111,1759207062,Trump Has Disrupted India’s Markets. Here’s Where to Invest 10 Lakh Rupees,0,0.38,5,0,bloomberg,3013.4,1016103.0,186761.0,True,False
AskIndia,1nak7r0,2025-09,1780728290,1757220181,Why do Indian women so completely depend on their sons for their emotional needs?,1255,0.96,264,0,Messy_Monica,885.2,8114.0,8371.0,True,True
AskIndia,1ncd705,2025-09,1780728290,1757405816,"Why do dark skinned men complain about being ignored for their skin tone, yet only pursue fair skinn",1186,0.93,244,0,Radiant_Instance_583,,,,,True
AskIndia,1nklce0,2025-09,1780728290,1758231853,What's the plan of new gen of India since the immigration doors of the west are closing shut,1117,0.95,330,0,wisdomcrab,755.4,1510.0,488.0,True,True
AskIndia,1nh40u2,2025-09,1780728290,1757886668,Why India is suddenly so hated all over the world ???,1091,0.86,869,0,professorCHAD69,1573.0,2479.0,2425.0,True,True
AskIndia,1nlpafn,2025-09,1780728290,1758344340,"H1B to cost $100,000!",1073,0.87,350,0,MarathiManoos510,523.9,1509.0,3014.0,True,True
AskIndia,1n5t53y,2025-09,1780728290,1756743616,So Supreme Court INDIA rejected the PIL on 20% ethanol in petrol… So that’s it? Citizens officially ,1062,0.95,138,0,shashank_guruprasad,2346.6,977.0,50.0,True,True
AskIndia,1nsgejm,2025-09,1780728290,1759037885,Her only demand was that her parents stay with her as she was an only child. Still unmarried at 35+.,1051,0.94,248,0,Extreme-Balance9311,330.2,2828.0,7557.0,True,True
AskIndia,1nruq10,2025-09,1780728290,1758978246,"People who've known crazy rich indians, what was it like?",1026,0.97,459,0,EmotionalBoat2342,481.8,467.0,214.0,True,True
AskIndia,1ngkyie,2025-09,1780728290,1757835205,Why nobody supports Indians?,904,0.88,324,0,Dense_Succotash_2777,390.1,8605.0,2918.0,True,True
AskIndia,1n9d55i,2025-09,1780728290,1757097108,JUST IN: 🇺🇸🇮🇳 President Trump is reportedly considering blocking US tech companies from outsourcing ,884,0.92,441,0,play3xxx1,,,,,True
AskIndia,1n6cchw,2025-09,1780728290,1756795200,Im a Chinese and I watched the baldandbankrupt's vlog about India,849,0.93,206,0,Zane9593,2846.1,609.0,745.0,True,False
AskIndia,1n6fec0,2025-09,1780728290,1756807250,How does misogyny hide in plain sight in Indian culture?,833,0.86,409,0,nandiz,650.8,989.0,383.0,True,False
AskIndia,1nrt0qs,2025-09,1780728290,1758973108,Why do Men call Women bad when they refused to live with his parents,813,0.93,303,0,Careless-Cobbler-357,335.2,754.0,1137.0,True,False
AskIndia,1nngj2k,2025-09,1780728290,1758528153,"If India and China are both corrupt, why is it that China developed while India didn't?",793,0.92,396,0,DavinaCarter,2206.8,3981.0,7411.0,True,False
AskIndia,1nto5di,2025-09,1780728290,1759166593,Would you continue a marriage if everything is great except intimacy?,672,0.96,334,0,SageWhisky,,,,,False
AskIndia,1ndd3tz,2025-09,1780728290,1757508058,"Am I the only one concerned with the ""NEXT INDIA"" comments under every Nepali protest post?",651,0.88,182,0,getreked007,2125.3,60745.0,11104.0,True,False
AskIndia,1nfov4l,2025-09,1780728290,1757739833,"If India becomes highly developed and people from other countries come and take our jobs legally, wi",608,0.87,414,0,Keachmanne,,,,,False
AskIndia,1nryrdw,2025-09,1780728290,1758988602,Should Indians be banned from pursuing International qualification?,553,0.85,180,0,pls_fix25,685.9,2445.0,7580.0,True,False
AskIndia,1neumxa,2025-09,1780728290,1757653950,Why do Indians hate Western culture but love living in Western countries?,549,0.82,248,0,Keachmanne,,,,,False
AskIndia,1n8gwef,2025-09,1780728290,1757007745,Why is there so much hate for B.R. Ambedkar in modern India?,518,0.8,547,0,Zestyclose-Road4579,1360.7,4080.0,6815.0,True,False
AskIndia,1nc5oao,2025-09,1780728290,1757380481,What's the biggest lesson employment has taught you?,473,0.99,87,0,iqracadabra,371.9,1527.0,4051.0,True,False
AskIndia,1n75ydi,2025-09,1780728290,1756875649,Why do Indian men have a problem if a girl wants to be independent and not get married?,470,0.85,228,0,milii6666,,,,,False
AskIndia,1n9et29,2025-09,1780728290,1757101039,What is this trumps obsession with india?,466,0.89,230,0,getreked007,2125.3,60745.0,11104.0,True,False
AskIndia,1nb9qqv,2025-09,1780728290,1757291941,"Japan’s plan to expand talent exchanges with India—aiming to increase the number to 500,000 over fiv",421,0.94,228,0,GrayRainfall,487.3,23236.0,246.0,True,False
AskIndia,1nl4olz,2025-09,1780728290,1758291146,Why is India losing it Charms across other countries?,419,0.84,264,0,Imaginary-Manager784,271.1,1721.0,65.0,True,False
AskIndia,1nquok3,2025-09,1780728290,1758870502,Why do financially weak people keeps having kids?,395,0.92,147,0,Extreme-Balance9311,330.2,2828.0,7557.0,True,False
AskIndia,1nrvcey,2025-09,1780728290,1758979935,We are living under dictatorship ?,388,0.69,474,0,Technical_Bottle_830,741.6,1839.0,577.0,False,False
AskIndia,1no65p5,2025-09,1780728290,1758595777,America was AMERICA even before Indians started contributing to their GDP. Why do we think their eco,376,0.78,130,0,pranagrapher,1165.0,91438.0,42205.0,True,False
AskIndia,1nml0wc,2025-09,1780728290,1758437491,Why did so many NRIs &amp; Indians support Trump?,347,0.9,293,0,Proper_Estate6704,,,,,False
AskIndia,1nm1c0b,2025-09,1780728290,1758382560,Why are there so many self hating Indians?,343,0.77,273,0,DSisbetterthanAot,1686.8,4375.0,374.0,True,False
AskIndia,1njhkum,2025-09,1780728290,1758125799,Arrange Marriges's are BAD for India as a Whole.,343,0.84,181,0,Vinayakmh19,2599.5,1522.0,2176.0,True,False
AskIndia,1n8yqyr,2025-09,1780728290,1757057230,Why is our culture so harsh towards women?,328,0.78,256,0,milfstar,2785.6,3002.0,394.0,True,False
AskIndia,1n5k9jl,2025-09,1780728290,1756719329,Why are Indians so damn emotional? When it comes to another country showing support.,326,0.87,75,0,sass_mustard,849.9,1485.0,1404.0,True,False
AskIndia,1nbiztg,2025-09,1780728290,1757323243,"A low-paying job, marriage, and kids is it a recipe for a problematic life?",321,0.97,164,0,milii6666,,,,,False
AskIndia,1ncrhmr,2025-09,1780728290,1757443889,[Rant] iPhone 17 lineup launched in India – where’s the “Made in India” benefit?,321,0.9,159,0,Mr_Shafi,577.3,1019.0,1656.0,True,False
AskIndia,1nlxcyn,2025-09,1780728290,1758372642,Trump’s H-1B blunder and India’s golden opportunity,319,0.83,186,0,Moneycontrol,317.8,9429.0,5.0,True,False
AskIndia,1ncs68w,2025-09,1780728290,1757445374,Is there foreign interference behind Nepal’s Gen Z protests?,319,0.83,209,0,Extension_Leather102,487.9,171.0,97.0,True,False
AskIndia,1nhalsi,2025-09,1780728290,1757904955,What is your recommended place to live in India?,313,0.98,524,0,Disastrous_Chef_4416,432.4,449.0,1194.0,True,False
AskIndia,1nr3cuh,2025-09,1780728290,1758898179,IS INDIAN JOURNALISM A JOKE NOW?,312,0.88,188,0,think_big_0,301.8,5817.0,2069.0,True,False
AskIndia,1n8qp8o,2025-09,1780728290,1757031444,Why does South India have a lot of Cousin Marriage?,308,0.87,277,0,Icy-Occasion9344,,,,,False
ipl,1nn20v2,2025-09,1780728484,1758484874,"Suryakumar Yadav in the press conference after today's match: ""It's not a rivalry anymore, you guys ",4055,0.99,93,0,GiveMeSomeSunshine3,448.8,1815823.0,223800.0,True,True
ipl,1nrn6fp,2025-09,1780728484,1758951194,Its never too late to start,3919,0.98,45,0,SalaryEducational323,,,,,True
ipl,1nsvs3i,2025-09,1780728484,1759084287,THIS GUY NEVER DISAPPOINTS LMAO!! WHAT A CLOWN,3220,0.96,175,0,ObjectiveRow1425,,,,,True
ipl,1nsvx8y,2025-09,1780728484,1759084623,"WHAT A MAN, WHAT A PLAYER.",2661,0.99,60,0,NoKale1985,1217.1,12168.0,3798.0,True,True
ipl,1nca28v,2025-09,1780728484,1757393839,"Form is temporary, Aura is permanent",2226,0.94,98,0,Dangerous_Tip_4985,1633.4,102528.0,15117.0,True,True
ipl,1n6j8os,2025-09,1780728484,1756819112,I got it Irfan where that hate is coming from,2139,0.94,77,0,leopard189,351.0,55559.0,1424.0,False,True
ipl,1ntp5dx,2025-09,1780728484,1759168835,He will finish individual worship,2105,0.98,48,0,Left_Bee5657,1807.6,311915.0,7678.0,True,True
ipl,1ndzq79,2025-09,1780728484,1757565545,How do they even do it so accurately.,2070,0.98,55,0,cricfanatic4518,335.1,226768.0,13758.0,True,True
ipl,1n6p0yx,2025-09,1780728484,1756832344,So Irfan wasn't completely wrong,1737,0.95,130,0,leopard189,351.0,55559.0,1424.0,False,True
ipl,1nsw27c,2025-09,1780728484,1759084946,Gautam Gambhir represents all of us tonight.,1675,0.99,37,0,GiveMeSomeSunshine3,448.8,1815823.0,223800.0,True,True
ipl,1nf04xm,2025-09,1780728484,1757674841,Punjab Kings ways of boycotting Ind vs Pak,1384,0.98,54,0,GodseTheGandhiKiller,527.7,133438.0,2670.0,True,False
ipl,1ntek60,2025-09,1780728484,1759142230,Tilak Verma about Lord Dube's Winning Streak 😭,1376,1.0,14,0,Moongfali4president,582.1,79379.0,139846.0,True,False
ipl,1nr9mvk,2025-09,1780728484,1758912781,"Him not playing final is India's loss, always remember we won 2024 from 30 runs 30 balls",1321,0.98,104,0,SalaryEducational323,,,,,False
ipl,1nl9cry,2025-09,1780728484,1758301769,That stadium is cursed for my guy,1259,0.97,56,0,Mysterious-Pilot-448,571.2,20199.0,10362.0,True,False
ipl,1n9xyqo,2025-09,1780728484,1757160659,Hands down the best IPL winning moment,1239,0.91,76,0,leopard189,351.0,55559.0,1424.0,False,False
ipl,1nm38il,2025-09,1780728484,1758387040,Avg jersey no. 18 performance,1221,0.97,37,0,Informal_While6455,,,,,False
ipl,1nr8itj,2025-09,1780728484,1758910122,Can somebody please enlighten me on why this guy is playing in the team again??,1194,0.96,231,0,ObjectiveRow1425,,,,,False
ipl,1np4ks3,2025-09,1780728484,1758693916,Rayudu's six to Bumrah smashes the fridge in MI'S dugout,1190,0.98,33,0,Valuable_Ad_6869,1184.3,74274.0,212782.0,True,False
ipl,1nra5k3,2025-09,1780728484,1758913971,Lord Dubey just needs to be present on the field.,932,0.99,31,0,GiveMeSomeSunshine3,448.8,1815823.0,223800.0,True,False
IndiaTech,1nu7cyk,2025-09,1780728682,1759219529,They knew what they were doing,22264,0.94,446,0,Sharp-potential7935,310.8,3025126.0,31936.0,True,True
IndiaTech,1nt7slf,2025-09,1780728682,1759116641,They murdered my boi,5915,0.98,128,0,lwiaymacde,2396.8,1012270.0,39730.0,True,True
IndiaTech,1nnbhvl,2025-09,1780728682,1758510367,Chatgpt 🥲,5201,0.99,56,0,The-Titan-M,327.1,63025.0,1389.0,True,True
IndiaTech,1n5eews,2025-09,1780728682,1756698291,There is no movie format on earth vlc cannot play.,4597,0.94,306,0,elliyu_salladavanu,325.4,24122.0,1229.0,True,True
IndiaTech,1n6ixh5,2025-09,1780728682,1756818323,VIKRAM-first Made in india semiconductor chip 🔥,4543,0.96,349,0,Top-Earth8069,664.2,10280.0,690.0,True,True
IndiaTech,1nl3sc2,2025-09,1780728682,1758288990,How about you?,4532,0.98,359,0,imfrom_mars_,364.3,1200775.0,9637.0,True,True
IndiaTech,1npdjr9,2025-09,1780728682,1758723908,Samsung's new ad is trolling the iPhone.,3880,0.96,176,0,RTNRN95,1835.0,12702.0,914.0,True,True
IndiaTech,1noor6o,2025-09,1780728682,1758650910,that midnight moment that changed the century… 🥶,3767,0.99,49,0,aadishhere,1901.9,5608.0,1624.0,True,True
IndiaTech,1nktu7z,2025-09,1780728682,1758255474,Achievement of Indian Gen Zs,3278,0.89,363,0,Responsible-Dig3029,307.8,8601.0,110.0,True,True
IndiaTech,1ntdg0o,2025-09,1780728682,1759137929,Zoho is doing some impressive work.,3272,0.93,309,0,SpiritualExtreme2659,978.3,13639.0,2677.0,True,True
IndiaTech,1nlns8r,2025-09,1780728682,1758339297,Indians are in trouble after $100000 annual H-1B visa fee,2953,0.95,506,0,Responsible-Dig3029,307.8,8601.0,110.0,True,False
IndiaTech,1nf3zuw,2025-09,1780728682,1757685545,TRAI begins probe into Jio &amp; Airtel over withdrawal of their cheapest 1GB entry-Level plans.,2677,0.99,102,0,Big-Performance-8132,1803.8,10015.0,2933.0,True,False
IndiaTech,1n6dy3q,2025-09,1780728682,1756801548,Made in India chips,2474,0.97,194,0,Responsible-Dig3029,307.8,8601.0,110.0,True,False
IndiaTech,1noi4ny,2025-09,1780728682,1758635884,2003 - Mark in the Harvard Dorm Room.,2375,0.97,64,0,Satyabrat_in,337.8,2114.0,52.0,True,False
IndiaTech,1nptg8o,2025-09,1780728682,1758762266,Same same but different,2359,0.99,19,0,lwiaymacde,2396.8,1012270.0,39730.0,True,False
IndiaTech,1nj4odg,2025-09,1780728682,1758087038,My classmate is still rocking a redmi note 4!,2147,0.99,273,0,frosty_bs,2362.9,14562.0,6677.0,True,False
IndiaTech,1nj6iqn,2025-09,1780728682,1758093791,Samsung and Apple I see you,2104,0.98,93,0,AppointmentWorth7441,467.9,19239.0,8501.0,True,False
IndiaTech,1n8x41k,2025-09,1780728682,1757051067,Save your Smartphone's Cam from LiDAR,2008,0.98,75,0,next-sapien,362.9,2416.0,4128.0,True,False
IndiaTech,1nqqz1r,2025-09,1780728682,1758857485,Snapdragon 8 Elite Gen 5 Surpasses Apple's A19 Pro,1964,0.96,169,0,BuyersBuddyIndia,286.3,10356.0,1033.0,True,False
IndiaTech,1naq2h3,2025-09,1780728682,1757242009,Hopefully this doesn't age like milk,1757,0.99,73,0,InflationUnable5463,279.1,4147.0,2961.0,True,False
IndiaTech,1ngui7g,2025-09,1780728682,1757864435,Every house in my village is freeloading on Jio with just one SIM and the jugaad is insane!,1688,0.96,260,0,aktarhuss,340.2,5981.0,1524.0,True,False
IndiaTech,1nexxfr,2025-09,1780728682,1757666672,People in the West apparently think that the Chandrayaan-3 Moon Landing didn't happen - this woman i,1609,0.98,96,0,CarbonCrawler,3691.8,31825.0,47714.0,True,False
IndiaTech,1nr0tvd,2025-09,1780728682,1758891881,How do I get ballpoint pen ink off AirPods?,1585,0.95,1222,0,imfrom_mars_,364.3,1200775.0,9637.0,True,False
IndiaTech,1nhlkrm,2025-09,1780728682,1757942200,Saw this and laughed too hard,1556,0.98,21,0,Admirable-Ticket3584,1542.3,21235.0,699.0,True,False
IndiaTech,1nkxl4b,2025-09,1780728682,1758268889,People are fighting outside the Apple store in Mumbai's BKC to buy an iPhone 17.,1474,0.99,189,0,Cautious-Brummie-791,909.1,9243.0,1033.0,True,False
IndiaTech,1n67ttw,2025-09,1780728682,1756780023,"We get it guys, VLC is great so stop spamming.",1422,0.96,40,0,rath_564,1345.3,5685.0,19044.0,True,False
IndiaTech,1njnobh,2025-09,1780728682,1758139369,"Updated my 13mini to iOS 26 , after almost 3 hours , this happened.",1370,0.99,269,0,Ok_Emphasis_6757,693.1,6598.0,926.0,True,False
IndiaTech,1no8kck,2025-09,1780728682,1758603513,"Over 5 years, 500 product modifications and 50,000 lines of code later - built probably the most adv",1301,0.82,239,0,Protagunist,953.6,5596.0,13080.0,True,False
IndiaTech,1nq61ts,2025-09,1780728682,1758805016,Thoughts on AI,1281,0.99,33,0,GodofThunder09,945.5,1325.0,205.0,True,False
IndianGaming,1nmzagd,2025-09,1780728882,1758478620,Someone's gonna get lucky tonight,3985,0.99,113,0,ycwawao,2175.0,2177.0,490.0,True,True
IndianGaming,1ni9yao,2025-09,1780728882,1758004004,We switched from Unity to Unreal Engine for our upcoming horror game.,2908,0.96,209,0,TheDevGoms,1788.8,4685.0,824.0,True,True
IndianGaming,1nroh0i,2025-09,1780728882,1758955994,Universal at this point,2683,0.98,205,0,LmaoMincraft,1850.5,30736.0,2897.0,True,True
IndianGaming,1na6w9u,2025-09,1780728882,1757183203,Wtf!? Games are going crazy nowadays,2266,0.99,69,0,known_osu,655.7,2699.0,861.0,True,True
IndianGaming,1nccotq,2025-09,1780728882,1757403741,Bro has sick gaming setup.,1935,0.99,73,0,8bit_suck,335.9,1613.0,11.0,True,True
IndianGaming,1ngp115,2025-09,1780728882,1757849835,my stomach hurted still :),1896,1.0,31,0,RecklessCapy,1851.9,3849.0,3538.0,True,True
IndianGaming,1nlvftq,2025-09,1780728882,1758366737,Scam Update : There was no GPU in the courier the scammer u/u/Little-Ad-6919 sent . There was a meta,1892,0.93,212,0,No-Sundae3423,2012.8,140350.0,25393.0,True,True
IndianGaming,1nb34l3,2025-09,1780728882,1757275064,I know I am stirring the pot with this one but I can't help it,1628,0.98,63,0,Unnormaldude,2114.9,6406.0,4548.0,True,True
IndianGaming,1n7fic1,2025-09,1780728882,1756907780,Planting Gaming Culture in My Hometown,1499,0.99,132,0,Fantastic_Fox_5538,1998.2,2601.0,673.0,True,True
IndianGaming,1nk3k32,2025-09,1780728882,1758187396,Ghost Of Yotei livery on Mumbai metro,1371,0.99,35,0,Orensans,3113.7,3400.0,7451.0,True,True
IndianGaming,1n93ecu,2025-09,1780728882,1757073861,"One of my students knew I'm a gamer, so he 3D printed a keychain for me on Teacher's Day (it even ha",1356,0.99,39,0,pukkuro,445.4,25916.0,11926.0,True,False
IndianGaming,1nhf2sk,2025-09,1780728882,1757920139,Finally completed my gaming/work setup after an year of research!,1347,0.99,270,0,blues_n_hues,264.7,938.0,113.0,True,False
IndianGaming,1n81y30,2025-09,1780728882,1756964453,Hollow Knight: Silksong GIVEAWAY!!!,1267,0.86,2884,0,rsachan23,3399.0,1340.0,2490.0,True,False
IndianGaming,1nl5uua,2025-09,1780728882,1758293901,I turned my mom's old phone into a retro Nostalgic TV,1240,1.0,60,0,Fazzzzzzzz3663,2518.2,1807.0,814.0,True,False
IndianGaming,1npdaqs,2025-09,1780728882,1758723301,Can I keep my monitor over CPU cabinet?,1159,0.92,383,0,v1per24,1599.0,1023.0,174.0,True,False
IndianGaming,1njd04q,2025-09,1780728882,1758115265,Train to Mount Yotei,1071,0.99,36,0,sarveshinde,3647.0,5930.0,684.0,True,False
IndianGaming,1ncbgi3,2025-09,1780728882,1757398941,Friends gifted these for my housewarming,1064,0.98,67,0,faultyhorror,1346.7,2430.0,6340.0,True,False
IndianGaming,1n8z4hk,2025-09,1780728882,1757058756,How tf is nobody talking about Helldivers 2 in this sub ?,1033,0.94,358,0,Good-Guy-Angad,2014.2,540.0,1987.0,True,False
IndianGaming,1nq53sl,2025-09,1780728882,1758802436,"Seriously guys, learn cable management",1024,0.99,22,0,Such_Technology4937,1092.9,826.0,258.0,True,False
IndianGaming,1nq3v2m,2025-09,1780728882,1758798586,"Forza Horizon 6 announced, set in Japan and coming first to Xbox and PC in 2026 (PS5 post launch)",972,0.99,59,0,SlizerTheChosen,2120.5,93682.0,4935.0,True,False
IndianGaming,1namagh,2025-09,1780728882,1757227521,Broke my fingers. What are some games I can play with a single hand (non dominant),946,0.99,466,0,VirginPhoenix,2600.7,654.0,8404.0,True,False
IndianGaming,1nnn26t,2025-09,1780728882,1758549108,Cosplayed Hornet from Hollow Knight Silksong.,897,0.99,46,0,SameerBundela,2576.7,113555.0,15160.0,True,False
IndianGaming,1nhd669,2025-09,1780728882,1757913143,Is it happening with you all too,872,1.0,26,0,Mysterious_Mess_9059,724.9,1177.0,1194.0,True,False
IndianGaming,1nmt120,2025-09,1780728882,1758463951,Look what i gotttttt,853,0.99,49,0,External_Cell1643,2160.2,48633.0,1710.0,True,False
IndianGaming,1nmmcf6,2025-09,1780728882,1758442442,New PC after 12 Years,828,0.99,122,0,razarahil,6046.7,1033.0,2819.0,True,False
IndianGaming,1ni16sa,2025-09,1780728882,1757977751,CEO of gearbox software btw,817,0.98,68,0,Visual_Temperature71,1280.3,1549.0,1713.0,True,False
IndianGaming,1ntc5ks,2025-09,1780728882,1759132664,8 months of small upgrades,787,1.0,61,0,LmaoMincraft,1850.5,30736.0,2897.0,True,False
IndianGaming,1n9ovmx,2025-09,1780728882,1757128107,Finally Built my DREAM Gaming PC,773,0.99,126,0,Middle-Education-958,1211.9,415.0,509.0,True,False
IndianGaming,1n8azgm,2025-09,1780728882,1756994528,Silksong Broke Steam !!,737,0.98,101,0,Tejas_008,1217.1,33921.0,18892.0,True,False
IndianGaming,1ncmybn,2025-09,1780728882,1757433817,Used solely SD on my trip. Very happy with how useful it is.,734,0.99,61,0,Riki1996,3067.9,28159.0,9780.0,True,False
RelationshipIndia,1n7b2z0,2025-09,1780729085,1756895090,My father [M49] called me [F26] a WHORE and had photos and videos to back his claim!,521,0.97,85,0,Crafty-Commission305,1164.8,4168.0,660.0,True,True
RelationshipIndia,1nb2guu,2025-09,1780729085,1757273516,F28- My boyfriend says this is not a big sin but idk how to feel,241,0.97,104,0,AnywhereOwn9839,303.1,97.0,0.0,False,True
RelationshipIndia,1nn6rq4,2025-09,1780729085,1758496730,this girl came to watch demon slayer infinity castle movie with her boyfriend and was hitting on my ,239,0.95,43,0,she_Eldorado,1359.1,109.0,69.0,True,True
RelationshipIndia,1nd3l8q,2025-09,1780729085,1757474727,23F GF wants an iPhone without any income,176,0.86,195,0,DehshiDarindaa,1147.9,5624.0,7344.0,True,True
RelationshipIndia,1nk4ufa,2025-09,1780729085,1758192139,"Me, 23F don't want to go to my sister’s wedding because of her partner – need advice🥺",168,0.97,144,0,Smol_ass_,276.3,2755.0,2305.0,False,True
RelationshipIndia,1n6j9w8,2025-09,1780729085,1756819201,F[35] Received compliment from young guy in function and now my [M39] husband is mad over IT,155,0.86,55,0,chai_saree,,,,,True
RelationshipIndia,1nhd9au,2025-09,1780729085,1757913459,Am I (m28) overreacting to my girlfriend’s (f30) revelation of her digital past,155,0.94,46,0,Murky-Jaguar-206,856.8,386.0,67.0,False,True
RelationshipIndia,1n5myx9,2025-09,1780729085,1756728560,I(27F) got insecure after partner's(27M) comment,143,0.89,34,0,National-Rub-8472,1551.2,688.0,-10.0,True,True
RelationshipIndia,1n5kgy8,2025-09,1780729085,1756720107,25M advice on dating a girl much richer than me,134,0.97,40,0,InvestmentOpening438,1192.0,93.0,27.0,True,True
RelationshipIndia,1noakav,2025-09,1780729085,1758610810,Harsh reality of indian parants abt marriage (27m),132,0.97,42,0,Jumpy-Ad-5615,1190.1,183.0,295.0,True,True
RelationshipIndia,1ndqlnr,2025-09,1780729085,1757539122,Am I a bad friend for judging my engaged colleague’s F29 behavior with other men?,128,0.88,47,0,Mysterious_Coco0804,1057.0,1026.0,727.0,False,False
RelationshipIndia,1njbg4l,2025-09,1780729085,1758111232,I M26 &amp; F27 being intimate before marriage is good or bad?,128,0.88,45,0,Unlikely-Papaya-7862,674.2,67.0,27.0,True,False
RelationshipIndia,1n6ku5q,2025-09,1780729085,1756822919,Of All Things She[F22]Could Say In Bed I[M23] so did not expect this,121,0.73,40,0,Technical_Anywhere40,822.1,14414.0,2183.0,True,False
RelationshipIndia,1nluxit,2025-09,1780729085,1758364993,My friend 26F tried to set me 26F up with her husband 28M,111,0.96,23,0,Affectionate-Sea6881,1170.1,334.0,262.0,True,False
RelationshipIndia,1njzx0c,2025-09,1780729085,1758173426,Confused about my[27M] wife's [25F] friendship with her guy bestie,109,0.93,73,0,ifaisequaltob,1302.4,744.0,115.0,False,False
RelationshipIndia,1nbyl0h,2025-09,1780729085,1757362586,25F about to get married and still being very close with her ex,108,0.9,48,0,TechSoft-Player,1284.2,107.0,25.0,True,False
RelationshipIndia,1nb05xe,2025-09,1780729085,1757268205,"Husband [M35] who never raised voice at me before [F26] , just hurled abuses while I was in the trai",108,0.91,52,0,Crafty-Commission305,1164.8,4168.0,660.0,True,False
RelationshipIndia,1nanic0,2025-09,1780729085,1757232127,My Fiance (28F) told me (29M) that she will have 0₹ after marriage,103,0.98,24,0,Hyackkkktu,650.0,288.0,2169.0,True,False
RelationshipIndia,1ntymmq,2025-09,1780729085,1759191459,"29M, Am I overreacting about my fiancée's male friend?",97,0.97,45,0,hopelessly2hopeful1,374.7,50.0,43.0,False,False
RelationshipIndia,1nf56eg,2025-09,1780729085,1757688350,Is it okay for me(m38) to leave my mentally sick wife(f34),96,0.97,42,0,Findabook87,2377.8,1257.0,10313.0,True,False
RelationshipIndia,1nmh47p,2025-09,1780729085,1758423898,20F she’s glowing 21M I’m dying everyday,94,0.92,38,0,hygienic_nose_hair,572.7,27.0,-5.0,True,False
RelationshipIndia,1n6rkz5,2025-09,1780729085,1756838032,Me [F26] got cheated on by husband [M35] before our marriage and I had no clue about it.,89,0.96,32,0,Crafty-Commission305,1164.8,4168.0,660.0,True,False
RelationshipIndia,1nlfnib,2025-09,1780729085,1758316376,20F getting unwanted attention from my female roommate,74,0.95,25,0,Hefty-Individual6198,959.8,1697.0,723.0,True,False
RelationshipIndia,1nrnrfo,2025-09,1780729085,1758953325,Suicidal thoughts. Failed relationship 32F,74,0.86,52,0,BubblesPP,1002.4,85.0,178.0,False,False
RelationshipIndia,1ni9odd,2025-09,1780729085,1758002987,I (36 F) started dating my boyfriend (40 M) after more than 10 years of being single.,71,0.96,9,0,No_Garage5594,1140.3,112.0,5733.0,False,False
RelationshipIndia,1nc8uw5,2025-09,1780729085,1757389889,I (26M) made a webpage to ask her for MOVIE DATE 🍿,71,0.94,65,0,Karma_Coder,315.7,175.0,354.0,True,False
RelationshipIndia,1ndgar5,2025-09,1780729085,1757515809,I'm 19F and my boyfriend 20M caught by two policemen,69,0.95,37,0,platinum10111,943.1,572.0,561.0,True,False
RelationshipIndia,1nbjdxv,2025-09,1780729085,1757324748,"6 years meant nothing, he (31M) married his affair partner",64,0.93,35,0,ClassicCompany3387,1168.8,3132.0,6618.0,True,False
RelationshipIndia,1np7ktt,2025-09,1780729085,1758705966,"28M, Should i laugh at my friend's first date?",61,0.97,5,0,ElectronicStrategy43,459.2,117961.0,19665.0,False,False
RelationshipIndia,1nsbkhy,2025-09,1780729085,1759022040,"I am 27F In a relationship with this guy who's 28M called me ""R@nd¡"" And when I Asked to end the rel",59,0.91,41,0,Mysterious_Mix7311,533.2,19.0,147.0,True,False
personalfinanceindia,1nk6qyw,2025-09,1780729282,1758198051,"It takes 1,700+ hours of work in India to buy an iPhone 17",1393,0.97,237,0,nayn09,2599.9,3573.0,424.0,True,True
personalfinanceindia,1nrz7il,2025-09,1780729282,1758989705,The Japanese man who saved ₹4 Crores but lost his life along the way,1171,0.98,186,0,Broad-Research5220,1579.6,111885.0,17683.0,True,True
personalfinanceindia,1nkih6l,2025-09,1780729282,1758225197,Do you tell your salary at home?,775,0.96,394,0,No_Let_5065,2021.0,1242.0,15114.0,True,True
personalfinanceindia,1nu26wu,2025-09,1780729282,1759201535,HUGE NEWS. RBI has notified new rules that will change how banks handle claims when someone passes a,697,0.99,29,0,Broad-Research5220,1579.6,111885.0,17683.0,True,True
personalfinanceindia,1no7xhr,2025-09,1780729282,1758601334,Retired banker lost ₹23 crores in Digital Arrest scam,685,0.98,111,0,Broad-Research5220,1579.6,111885.0,17683.0,True,True
personalfinanceindia,1n83e80,2025-09,1780729282,1756969892,RBI Ombudsman is GOAT,575,0.98,33,0,sexybotinserver,2464.2,7151.0,622.0,True,True
personalfinanceindia,1nq0g2o,2025-09,1780729282,1758785546,"Parents want me to buy land, I'm only 24.",394,0.94,244,0,Dreamofepiphany,2133.3,3283.0,11492.0,True,True
personalfinanceindia,1natris,2025-09,1780729282,1757253179,Should i buy a 3bhk flat for 80 lacs in Bangalore and take 60 lacs home loan,379,0.94,170,0,SleepInteresting2895,,,,,True
personalfinanceindia,1ngykrl,2025-09,1780729282,1757873839,Buy 1 KG of Gold and Hold it For a decade? Inputs Please.,365,0.95,203,0,pitsnvulva69,427.1,10114.0,4459.0,True,True
personalfinanceindia,1n9n2kn,2025-09,1780729282,1757122618,"If you inherited ₹50lacs today, what would you do?",288,0.95,350,0,jaymavs,4997.3,6078.0,19584.0,True,True
personalfinanceindia,1nu7f34,2025-09,1780729282,1759219760,Rental Inflation is Insane!,257,0.96,91,0,No-Way7911,1132.1,13677.0,60506.0,True,False
personalfinanceindia,1ndwmst,2025-09,1780729282,1757555763,Buying a car on 1.5L take home salary. Would 15L be too much?,254,0.93,179,0,t7Saitama,1896.9,12033.0,7645.0,True,False
personalfinanceindia,1nk03mp,2025-09,1780729282,1758174083,24M | Salary: 29k | 2L saved so far | Building towards buying a house,248,0.99,79,0,solitude_sage,1099.9,2616.0,5809.0,True,False
personalfinanceindia,1n7mwnj,2025-09,1780729282,1756924321,Government changes gst on health and life insurance from 18% to 0%. Wait or buy a new insurance?,242,0.98,140,0,Lucky_Editor446,,,,,False
personalfinanceindia,1naiwzd,2025-09,1780729282,1757215885,"If you were to start a new business in India today, what would it be?",224,0.95,132,0,jaymavs,4997.3,6078.0,19584.0,True,False
personalfinanceindia,1ngpuxk,2025-09,1780729282,1757852389,Neha Nagar wants you to loose money and feel good about it,170,0.96,68,0,Efficient_Win_4931,,,,,False
personalfinanceindia,1n5hcyd,2025-09,1780729282,1756708260,Thank you everyone.,155,0.99,13,0,No_Paramedic_586,,,,,False
personalfinanceindia,1n7g8o3,2025-09,1780729282,1756909509,I am buying Gold,153,0.94,123,0,DistributionMain395,468.7,1009.0,1348.0,False,False
personalfinanceindia,1nlrsoj,2025-09,1780729282,1758353187,No-cost EMIs may fuel your festive spree but it will cost you later,144,0.91,30,0,talkingturtle1723,881.9,1618.0,566.0,True,False
personalfinanceindia,1nro9ai,2025-09,1780729282,1758955178,Should I use ₹50L lump sum to close my home loan or invest it? Need advice!,136,0.95,70,0,nadegod_abdul,823.3,186.0,492.0,False,False
personalfinanceindia,1n7jof9,2025-09,1780729282,1756917193,"Switched jobs, looking to invest 1.10L+/Month at 25 years old",133,0.89,64,0,kusts,3064.0,12827.0,4578.0,True,False
personalfinanceindia,1ni54kl,2025-09,1780729282,1757988433,I got 35000 to invest and a lot of responsibilities,132,0.96,37,0,Acceptable_Spare_975,1793.5,1057.0,2810.0,True,False
personalfinanceindia,1nk4744,2025-09,1780729282,1758189830,29F Salary 26lpa – ₹57L Savings+FD + $48k in stocks – Need help with long-term financial planning,123,0.86,138,0,ottavini-2829,742.9,1160.0,658.0,True,False
personalfinanceindia,1newank,2025-09,1780729282,1757660168,26M | Buying a ₹65L house with ₹20L downpayment – good idea financially?,119,0.97,83,0,rgwalani98,2666.6,538.0,653.0,True,False
personalfinanceindia,1ne5xdv,2025-09,1780729282,1757588978,"My infuriating call with an Axis Bank employee selling a ""combo plan.""",115,0.95,30,0,convicted_redditor,1107.9,7637.0,9494.0,True,False
personalfinanceindia,1n6bcwd,2025-09,1780729282,1756791530,Please review my investment plan,111,0.95,68,0,VacationMedium8343,512.1,1279.0,2692.0,True,False
personalfinanceindia,1nnqgt5,2025-09,1780729282,1758556855,Gold ETF is best investment while Trump is alive!,104,0.97,18,0,Ins_anI,2060.3,678.0,3798.0,True,False
personalfinanceindia,1nr16du,2025-09,1780729282,1758892811,I have 25 lakh wants to invest for 10 years,103,0.93,70,0,Initial-Respect-1858,926.4,380.0,818.0,True,False
unitedstatesofindia,1n66vdc,2025-09,1780729488,1756777224,Abroad vs Home,2714,0.96,81,0,GlassShirt9072,1780.0,30973.0,3623.0,True,True
unitedstatesofindia,1nj4s06,2025-09,1780729488,1758087385,"If your birthday isnt worshiped like this, then are you really a Prime Minister?",2325,0.95,197,0,league_9240,999.1,82429.0,25892.0,True,True
unitedstatesofindia,1nctmh6,2025-09,1780729488,1757448515,"Building of the Nepal's biggest Media House burned, it was known to be famous for supporting governm",2282,0.98,166,0,brawler_r,,,,,True
unitedstatesofindia,1na6fht,2025-09,1780729488,1757182098,"If this was a functioning democracy, Ajit Pawar would have been arrested already.",1837,0.99,81,0,sre_ejith,2625.2,33207.0,21359.0,True,True
unitedstatesofindia,1nqy11l,2025-09,1780729488,1758883411,Activist Sonam Wangchuk arrested &amp; internet services shut down in Leh,1710,0.96,161,0,KnH3000,2196.3,7993.0,2764.0,False,True
unitedstatesofindia,1nu1p8j,2025-09,1780729488,1759200091,Rajeev Pratap - a senior journalist who ran the YouTube channel Delhi Uttarakhand Live - vanished on,1628,0.99,43,0,Vegetable_Watch_9578,2128.7,26152.0,35423.0,True,True
unitedstatesofindia,1nomabz,2025-09,1780729488,1758645362,"Arunachal Youth Shouts Dictator Go Back to Modi, as he takes the stage, he has been arrested, and ch",1556,0.97,98,0,ProudKhmer,,,,,True
unitedstatesofindia,1n7m732,2025-09,1780729488,1756922734,"""Baap re itni daring , main aap par strict action lunga"" DCM ajit pawar threatening young lady IPS o",1516,0.99,69,0,future-minister,616.1,23930.0,7946.0,True,True
unitedstatesofindia,1njcb86,2025-09,1780729488,1758113545,Your 1 ₹ != Adani’s 1 ₹,1489,0.98,116,0,kittidioting,405.8,31605.0,8319.0,True,True
unitedstatesofindia,1npchx0,2025-09,1780729488,1758721377,BJP office burnt in Leh,1442,0.97,126,0,Masala_omellete,981.8,3136.0,5077.0,True,True
unitedstatesofindia,1n81wpz,2025-09,1780729488,1756964326,BJP’s Bihar Bandh .A pregnant woman in labour was stopped from reaching the hospital; her vehicle re,1390,0.98,55,0,frizene26,2370.0,139710.0,177058.0,True,False
unitedstatesofindia,1nrcqx5,2025-09,1780729488,1758920094,"Lips Sealed With Glue, Stone Inside Mouth, Newborn Baby Boy Found Abandoned In Rajasthan Forest 🚨",1381,0.99,130,0,Altruistic-Issue-887,1417.7,774124.0,13962.0,True,False
unitedstatesofindia,1nqqm78,2025-09,1780729488,1758856362,"If fighting for your rights makes you a ter*orist, then the whole Indian independence movement shoul",1282,0.94,131,0,CuriousSugar9476,,,,,False
unitedstatesofindia,1n6g4dz,2025-09,1780729488,1756809832,Peak Enlightened Centrism,1236,0.96,49,0,Mirror-On-The-Wall,2367.9,131753.0,65013.0,True,False
unitedstatesofindia,1ntkm40,2025-09,1780729488,1759158656,Just sitting in a AC room and bemoaning about dire state of India won't help us. We need to take thi,1199,0.99,35,0,ActiveCommittee8202,1805.9,37090.0,9226.0,True,False
unitedstatesofindia,1ncij45,2025-09,1780729488,1757423493,🇳🇵 Nepal’s streets turned into a storm of anger. Deputy PM &amp; Finance Minister Bishnu Paudel was ,1175,0.99,151,0,brawler_r,,,,,False
unitedstatesofindia,1n6o6zy,2025-09,1780729488,1756830501,"Let Umar Khalid be free, or imprison me as well. Open Letter to  the Chief Justice of India.",1119,0.91,126,0,rishianand,4017.0,204299.0,87281.0,True,False
unitedstatesofindia,1nu4u4q,2025-09,1780729488,1759210008,"'Not equal to us': Dalit woman abused, dragged by hair for attending garba event in Gujarat; four wo",1112,0.97,126,0,frizene26,2370.0,139710.0,177058.0,True,False
unitedstatesofindia,1nq56i1,2025-09,1780729488,1758802653,A 73 year old congress leader in Dombivli was attacked and forced to wear Sari by BJP workers for po,1100,0.95,117,0,Own_Willingness_8897,733.8,88216.0,6593.0,True,False
unitedstatesofindia,1n5eyvc,2025-09,1780729488,1756700021,Bacche bhagwan ko he roop hote hai,1099,0.96,19,0,brawler_r,,,,,False
unitedstatesofindia,1nr5a1l,2025-09,1780729488,1758902608,He spoke less but didn’t lie to the nation and people. (Not a fan/bhakt &amp; sorry about the BGM),1091,0.96,73,0,kittidioting,405.8,31605.0,8319.0,True,False
unitedstatesofindia,1nfpe6i,2025-09,1780729488,1757741690,Mahua Moitra once again ridicules CEC Gyanesh Kumar by posting her photo while casting vote in the b,1076,0.97,37,0,Mirror-On-The-Wall,2367.9,131753.0,65013.0,True,False
unitedstatesofindia,1n8we8q,2025-09,1780729488,1757048531,The Umar Khalid Paradox,1043,0.96,57,0,find_a_rare_uuid,670.7,41615.0,202686.0,True,False
unitedstatesofindia,1nibpwy,2025-09,1780729488,1758010919,So apparently Prince of Dubai requested for Nitin Gadkari to fix their roads,1040,0.97,126,0,league_9240,999.1,82429.0,25892.0,True,False
unitedstatesofindia,1nbihzw,2025-09,1780729488,1757321316,Who is running the Government of Delhi? Is it Madame Rekha Gupta or her husband?,1034,0.97,65,0,Mirror-On-The-Wall,2367.9,131753.0,65013.0,True,False
unitedstatesofindia,1nlrlf9,2025-09,1780729488,1758352430,Everything is a masterstroke,1032,0.96,124,0,league_9240,999.1,82429.0,25892.0,True,False
unitedstatesofindia,1n5fl6g,2025-09,1780729488,1756702055,Dalit Child Brutally Beaten &amp; Hung Upside Down in Rajasthan for Touching Water Pot || His mother,1032,0.98,79,0,Mirror-On-The-Wall,2367.9,131753.0,65013.0,True,False
unitedstatesofindia,1nfp7i1,2025-09,1780729488,1757741037,Young Nepali protestors troll Godi reporter Aditya Raj Kaul; days ago these Godi reporters said Nepa,1028,0.94,56,0,Mirror-On-The-Wall,2367.9,131753.0,65013.0,True,False
unitedstatesofindia,1np322l,2025-09,1780729488,1758688541,RSS &amp; Sanghis whenever they are asked to put their money where their mouth is,1021,0.92,105,0,Mirror-On-The-Wall,2367.9,131753.0,65013.0,True,False
IndianStreetBets,1ngjtl0,2025-09,1780729693,1757831150,Remember House is always the winner,2947,0.96,91,0,romka79,1955.1,59838.0,31138.0,True,True
IndianStreetBets,1n92qa5,2025-09,1780729693,1757071849,Trump says US has lost India!!!,2575,0.97,296,0,UpbeatAd3429,610.0,16467.0,19393.0,True,True
IndianStreetBets,1n5ovg9,2025-09,1780729693,1756733717,Trump at it once again!!!,2425,0.93,478,0,UpbeatAd3429,610.0,16467.0,19393.0,True,True
IndianStreetBets,1nhbo7s,2025-09,1780729693,1757908208,AI isn’t just taking jobs… it’s wiping out whole industries.,2074,0.96,118,0,funancee,360.5,4558.0,907.0,True,True
IndianStreetBets,1naidic,2025-09,1780729693,1757214155,Peter Navarro got Exposed by Musk’s X!!!,1687,0.98,42,0,UpbeatAd3429,610.0,16467.0,19393.0,True,True
IndianStreetBets,1nqpzst,2025-09,1780729693,1758854446,Trump Imposed 100% Tariff on Pharma!!!,1663,0.95,274,0,UpbeatAd3429,610.0,16467.0,19393.0,True,True
IndianStreetBets,1nlw019,2025-09,1780729693,1758368571,Indians hold 71% of H-1B visas - Trump's Rs 90 lakh fee hits them hardest. Is Trump Crazy ? Why He H,1566,0.94,376,0,Stocks_trader135,,,,,True
IndianStreetBets,1ngy7ib,2025-09,1780729693,1757872972,Finally I got my IPhone 17,1556,0.92,132,0,Solid_Trainer_4705,2018.9,7264.0,1409.0,True,True
IndianStreetBets,1n9qwj5,2025-09,1780729693,1757134712,PM Modi unblocked Trump and accepted his friend request..,1233,0.96,131,0,BetterColSol,420.1,115269.0,2193.0,True,True
IndianStreetBets,1ngnlnl,2025-09,1780729693,1757844962,INFY 🤡,1228,0.98,52,0,gary2812,3208.9,41823.0,22471.0,True,True
IndianStreetBets,1ntft1k,2025-09,1780729693,1759146408,Zomato's PE is insane.,1181,0.99,64,0,SpiritualExtreme2659,978.3,13639.0,2677.0,True,False
IndianStreetBets,1ntn4dd,2025-09,1780729693,1759164333,Indices right now,1036,0.97,31,0,karan65,3367.0,5825.0,10401.0,True,False
IndianStreetBets,1nd2vcw,2025-09,1780729693,1757472556,THANKS FOR YOUR ATTENTION TO THIS MATTER.  😊😊,928,0.98,42,0,Broad-Research5220,1579.6,111885.0,17683.0,True,False
IndianStreetBets,1nqwak1,2025-09,1780729693,1758876906,Buying 1 lakh worth of Nifty 50 ETF for every -1% down from all time high. Day: 28,906,0.98,95,0,peaked_in_high_skool,2812.4,34865.0,50321.0,True,False
IndianStreetBets,1n6cfod,2025-09,1780729693,1756795545,What happens when tariffs hit the Indian service especially IT industry? Trumps closest supporters a,875,0.96,250,0,marbella812,559.0,1015.0,662.0,True,False
IndianStreetBets,1n5vcia,2025-09,1780729693,1756748469,Go BRICS!,815,0.93,37,0,This-Damage-5531,340.0,9112.0,1697.0,True,False
IndianStreetBets,1npyh16,2025-09,1780729693,1758778022,Shoots fired.,772,0.97,31,0,Born-Mammoth-6155,1213.5,3443.0,1550.0,True,False
IndianStreetBets,1nm020e,2025-09,1780729693,1758379520,Microsoft issues 28 hours ultimatum to return to US to save H-1B fee.,754,0.99,35,0,blrmanager,,,,,False
IndianStreetBets,1n7h1on,2025-09,1780729693,1756911392,5% and 18% Slab Approved!!!,718,0.97,83,0,UpbeatAd3429,610.0,16467.0,19393.0,True,False
IndianStreetBets,1nqocx4,2025-09,1780729693,1758849595,Tariff pe Tariff...,684,0.99,67,0,yunhee_9,410.0,1293.0,520.0,True,False
IndianStreetBets,1nip3c2,2025-09,1780729693,1758046263,Bruh what kind of manipulation is this ?,680,0.98,86,0,Euphoric_Implement32,1754.1,3957.0,1931.0,True,False
IndianStreetBets,1nro64j,2025-09,1780729693,1758954842,Me and my friend watching our long positions in Nifty,667,0.99,5,0,Embarrassed_Iron_688,1297.7,2930.0,10498.0,False,False
IndianStreetBets,1n9c5pc,2025-09,1780729693,1757094854,Trump considering a proposal to block US IT companies from outsourcing their work to Indian companie,650,0.9,226,0,marbella812,559.0,1015.0,662.0,True,False
IndianStreetBets,1nnn80z,2025-09,1780729693,1758549510,Do you agree with this?,632,0.97,55,0,KatilKiller07,1553.2,508.0,149.0,True,False
IndianStreetBets,1nj2as9,2025-09,1780729693,1758079368,Wait… did Modi just solve the Russia-Ukraine war?,618,0.91,75,0,HODL_buddy,338.9,13216.0,876.0,True,False
IndianStreetBets,1n6h0rj,2025-09,1780729693,1756812793,SCO situation,613,0.93,29,0,karan65,3367.0,5825.0,10401.0,True,False
IndianStreetBets,1n9zgrx,2025-09,1780729693,1757165035,Benami Property ka THE END,611,0.97,71,0,sumitkdasexp,478.0,50535.0,1495.0,True,False
IndianStreetBets,1nt9lbk,2025-09,1780729693,1759122713,Amit Shah's portfolio.,601,0.96,42,0,SpiritualExtreme2659,978.3,13639.0,2677.0,True,False
IndianStreetBets,1nmk8j1,2025-09,1780729693,1758434572,"USCIS clarifies Trump’s $100K visa fee only affects new applicants; current visa holders, including ",574,0.97,117,0,blrmanager,,,,,False
JEENEETards,1n9b3ol,2025-09,1780729908,1757092436,Radians vs degree meme,3038,1.0,49,0,Practical_Tap_8411,840.0,66946.0,25636.0,True,True
JEENEETards,1npj9s0,2025-09,1780729908,1758736927,riyal 😔,2579,1.0,103,0,aizen2op,325.9,903.0,157.0,True,True
JEENEETards,1nnowfy,2025-09,1780729908,1758553344,Iska iupac name kya hoga?,2441,0.99,121,0,Ok-_-_Computer,484.7,32764.0,10188.0,True,True
JEENEETards,1ncnpte,2025-09,1780729908,1757435544,🤬 gareeb,2372,1.0,46,0,d0bwal,364.8,1320.0,811.0,True,True
JEENEETards,1n98uy2,2025-09,1780729908,1757087322,Almost forgot about this..,2294,0.99,51,0,Objectie,319.4,5469.0,1724.0,True,True
JEENEETards,1nu0iw1,2025-09,1780729908,1759196778,????????????????,2250,0.99,102,0,nitin_burhh,1401.8,9637.0,5740.0,True,True
JEENEETards,1nquue4,2025-09,1780729908,1758871152,Sir Alex Shelby 🥶🥶,2046,0.99,33,0,Pan-Maniac,,,,,True
JEENEETards,1nhnosp,2025-09,1780729908,1757947216,Those Who are studying from TK SIR ( Prayas),1961,0.99,111,0,Chronos_435,1365.3,8047.0,3098.0,True,True
JEENEETards,1nndqzq,2025-09,1780729908,1758517669,Yaad aagyi😭,1868,0.99,48,0,Spiritual_Nobody7974,,,,,True
JEENEETards,1n7bjb6,2025-09,1780729908,1756896692,Tf?🤡🤡,1624,0.95,254,0,TheMORTALTV,,,,,True
JEENEETards,1n8uiqn,2025-09,1780729908,1757042473,THANKS TO THESE 3 GOATS 🛐,1612,0.99,51,0,Depressed_0077,891.8,20402.0,13193.0,True,False
JEENEETards,1nnhl33,2025-09,1780729908,1758532352,RATE MY FRIEND'S STUDY SETUP,1607,0.99,112,0,Fast-Berry1377,1478.4,773.0,4845.0,True,False
JEENEETards,1nbhh8r,2025-09,1780729908,1757317239,(1.23213 * 12042 / 1.234215645 )^12.25235/ (9.7532248*10^49),1593,1.0,60,0,Sufficient_Future_87,579.0,17352.0,34903.0,True,False
JEENEETards,1ngpeit,2025-09,1780729908,1757851017,Guysss its official between us🥰🤩🤩🤩,1417,0.99,91,0,ProfParadox33,338.1,1484.0,466.0,True,False
JEENEETards,1ns5zkz,2025-09,1780729908,1759006260,I shouldn't have given up : your senior,1417,0.99,113,0,light_speed0,296.0,607.0,1324.0,True,False
JEENEETards,1nqv7xq,2025-09,1780729908,1758872641,Title dropper hai,1221,1.0,35,0,unnFocused-being256,393.3,4932.0,9004.0,True,False
JEENEETards,1n82wun,2025-09,1780729908,1756968042,NIT delhi 1st year Hostel Room,1189,0.99,121,0,Hyperdragon5,2283.9,2611.0,8443.0,True,False
JEENEETards,1ncb1dw,2025-09,1780729908,1757397350,Batavo Batavo,1137,0.99,104,0,Infinite-Ad-6217,826.0,647.0,2629.0,True,False
ISRO,1nncbrn,2025-09,1780730112,1758512966,India Plans ‘Bodyguard’ Satellites After Risky Orbital Near-Miss in mid-2024.,179,0.98,8,0,Ohsin,6317.2,136552.0,54412.0,True,True
ISRO,1n5pzpp,2025-09,1780730112,1756736439,"A render of Third Launch Pad (TLP) at SDSC-SHAR, showing its location and associated facilities.",145,0.99,17,0,Ohsin,6317.2,136552.0,54412.0,True,True
ISRO,1np8xvv,2025-09,1780730112,1758711095,"Italy launches first aerospace business mission to India, explores space sector tie-ups",76,0.97,3,0,Ohsin,6317.2,136552.0,54412.0,True,True
ISRO,1nqkbmd,2025-09,1780730112,1758838529,NISAR (NASA-ISRO Synthetic Aperture Radar) Satellite Sends First Radar Images of Earth’s Surface,56,0.98,3,0,Ohsin,6317.2,136552.0,54412.0,True,True
ISRO,1nl1tvr,2025-09,1780730112,1758283838,Gaganyaan mission being updated with inputs from astronaut Shubhanshu Shukla,53,0.97,1,0,Ohsin,6317.2,136552.0,54412.0,True,True
ISRO,1npeay2,2025-09,1780730112,1758725686,What's up with NISAR?,46,0.93,24,0,Avizeet,1974.9,1345.0,1169.0,True,True
ISRO,1ne3ijq,2025-09,1780730112,1757579990,Japan's Astroscale signs agreement with NSIL to launch ISSA-J1 (In-situ Space Situational Awareness-,46,0.98,8,0,Ohsin,6317.2,136552.0,54412.0,True,True
ISRO,1n5ro16,2025-09,1780730112,1756740301,Centre responds positively to ‘Institution of National Importance’ bid for IIST,40,0.96,13,0,Ohsin,6317.2,136552.0,54412.0,True,True
ISRO,1nkmd51,2025-09,1780730112,1758234363,"NOTAM for LVM3-M5 / GSAT-7R (aka CMS-02) launch is out. Enforcement duration 1130-1530 (UTC), 7 Octo",36,0.97,24,0,Ohsin,6317.2,136552.0,54412.0,True,True
ISRO,1n91ds7,2025-09,1780730112,1757067449,"Digantara, Japan's ispace to build cislunar space awareness &amp; domain infrastructure",35,0.96,1,0,Ohsin,6317.2,136552.0,54412.0,True,True
ISRO,1ndc3sx,2025-09,1780730112,1757505293,IIST will be developing the Retarding Potential Analyzer for Venus (RPA-V) payload for Venus Orbiter,32,0.95,1,0,Kimi_Raikkonen2001,2312.0,27163.0,4120.0,True,False
ISRO,1nd4cw1,2025-09,1780730112,1757477112,"ISRO conducts Gaganyaan Analog Experiments (Gyanex). First in the series of these experiments, Gyane",32,1.0,0,0,Ohsin,6317.2,136552.0,54412.0,True,False
ISRO,1n6hsdq,2025-09,1780730112,1756815145,"Why a remote Kutch village, Matanomadh could end up as a field-analogue for Mars missions.",31,0.94,5,0,Ohsin,6317.2,136552.0,54412.0,True,False
ISRO,1nhmm6t,2025-09,1780730112,1757944748,Space Debris Mitigation Activities of Indian Space Research Organisation: Ongoing Efforts and Future,30,0.97,4,0,RonDunE,4783.6,220893.0,26202.0,True,False
ISRO,1ndf6x2,2025-09,1780730112,1757513248,ISTRAC inaugurates Golden Jubilee Celebrations: 50 Years of Tracking India's Space Odyssey,30,0.98,3,0,Ohsin,6317.2,136552.0,54412.0,True,False
ISRO,1ncg1w9,2025-09,1780730112,1757416526,A talk by V Narayanan given today featuring LMLV based Crewed Lunar Exploration Roadmap.,30,1.0,23,0,Ohsin,6317.2,136552.0,54412.0,True,False
ISRO,1nd9brk,2025-09,1780730112,1757495779,"HAL inks SSLV tech transfer agreement with ISRO, IN-SPACe, NSIL",29,1.0,2,0,Ohsin,6317.2,136552.0,54412.0,True,False
ISRO,1nca5h5,2025-09,1780730112,1757394139,"Article on the unique scientific value of Chandrayaan 4 lunar samples, ongoing preparations to reali",28,0.98,1,0,totaldisasterallthis,1597.8,14176.0,558.0,True,False
ISRO,1n8ubjo,2025-09,1780730112,1757041852,"NOTAM for Sounding rocket launch from SSLV Launch Complex (SLC), Kulasekarapattinam. Enforcement dur",25,0.94,8,0,Ohsin,6317.2,136552.0,54412.0,True,False
ISRO,1ntl849,2025-09,1780730112,1759160033,Astrosat still going good after 10 years,23,0.91,3,0,AdSweet1340,800.6,22.0,16.0,True,False
ISRO,1nf69nb,2025-09,1780730112,1757690928,ISRO/VSSC Research Publication: Some Design Aspects of A Strut-Based Hydrogen Fueled Scramjet Combus,23,1.0,2,0,RonDunE,4783.6,220893.0,26202.0,True,False
ISRO,1nhmmxr,2025-09,1780730112,1757944798,Short interview with S Somanath (Former ISRO Chairman) on Vikram-3201 and Kalpana-3201 microprocesso,22,0.96,6,0,Ohsin,6317.2,136552.0,54412.0,True,False
ISRO,1nnm6yv,2025-09,1780730112,1758546954,"New NOTAM for LVM3-M5 / GSAT-7R (aka CMS-02) launch with enforcement duration 1130-1530 (UTC), 16 Oc",20,0.96,7,0,Ohsin,6317.2,136552.0,54412.0,True,False
ISRO,1nq691m,2025-09,1780730112,1758805545,Announcement of Opportunity (AO) for utilizing archival data of Planet Venus for scientific analysis,19,1.0,0,0,Ohsin,6317.2,136552.0,54412.0,True,False
ISRO,1nc77u6,2025-09,1780730112,1757384888,Some info on SSLV guidance,15,0.95,0,0,ravi_ram,2763.5,1755.0,2651.0,True,False
UPSC,1na3ock,2025-09,1780730291,1757175557,"My dear comrades, it is now time to replace the courage example of khemka Sir with that of anjana kr",987,0.99,64,0,No-Seesaw4460,489.4,3424.0,621.0,False,True
UPSC,1ni86a5,2025-09,1780730291,1757997775,"I don't get this ""Chull"" of relatives!",801,0.99,76,0,Smart-Insurance3505,413.6,6532.0,15754.0,False,True
UPSC,1nro6u6,2025-09,1780730291,1758954917,Opinion,782,0.97,107,0,Indicwalterwhite,638.5,1385.0,845.0,True,True
UPSC,1nqx166,2025-09,1780730291,1758879781,Srushti deshmukh husband allegedly took bribe of 10 crore .. to reduce penalty charges from a firm f,654,0.99,116,0,Aggravating-Sign8464,1960.8,777.0,5249.0,True,True
UPSC,1n68bq6,2025-09,1780730291,1756781501,Note of caution for new aspirants,628,0.98,311,0,BrigadierJalebi,300.5,1532.0,981.0,True,True
UPSC,1ngx8sp,2025-09,1780730291,1757870754,WTF !,605,1.0,37,0,Indicwalterwhite,638.5,1385.0,845.0,True,True
UPSC,1nd6boe,2025-09,1780730291,1757483993,Someone had to say it,603,0.98,98,0,BonnieCooperBing,525.1,851.0,1513.0,True,True
UPSC,1nsce33,2025-09,1780730291,1759024601,Sunday Motivation 🙂‍↕️,535,0.94,14,0,Ok_Shelter_6446,805.7,10947.0,391.0,True,True
UPSC,1nu3p9e,2025-09,1780730291,1759206115,"Turns out, his subject wasn’t Ethics—it was Profit &amp; Loss.",515,0.99,61,0,OldRajinderNagar,689.7,1842.0,766.0,False,True
UPSC,1nf5k5w,2025-09,1780730291,1757689270,Life before career tension,510,0.99,24,0,Mysterious-Track-622,278.5,627.0,1789.0,True,True
UPSC,1nq0kw7,2025-09,1780730291,1758786096,Felt good !! Posting to motivate myself.,485,0.97,41,0,MushroomSafe6384,288.0,3816.0,151.0,True,False
UPSC,1njdg2p,2025-09,1780730291,1758116369,Another corrupt one got busted,481,0.98,95,0,Undead_Necromancer,1663.8,28847.0,20753.0,True,False
UPSC,1n5eh6q,2025-09,1780730291,1756698493,POST MAINS,411,0.98,116,0,Durkheim__,443.0,245.0,242.0,False,False
UPSC,1nnkb9o,2025-09,1780730291,1758541810,CSAT PREPARATION.,400,0.99,37,0,Revolutionary-Rub820,1626.2,4450.0,1352.0,True,False
UPSC,1nhbmuh,2025-09,1780730291,1757908087,Wow!!!,390,0.99,52,0,AnimatorLow6463,1146.3,295.0,75.0,False,False
UPSC,1np6ovg,2025-09,1780730291,1758702314,Stealing culture to teach culture? Bold move,389,0.99,20,0,octobergemini20,,,,,False
UPSC,1nbqlgb,2025-09,1780730291,1757344812,Don't Let this Exam Take Away from You These Things,376,0.98,50,0,terriblypoetic,1115.5,1637.0,1945.0,True,False
UPSC,1n7jyj8,2025-09,1780730291,1756917820,My Tryst with Mains.,337,0.98,70,0,i_digit__,1375.8,527.0,1549.0,True,False
UPSC,1n9s41e,2025-09,1780730291,1757138963,Terrified of future….,314,0.98,59,0,Beginning_Special_54,384.9,123.0,326.0,True,False
UPSC,1n6szeb,2025-09,1780730291,1756841175,Mains AMA,286,0.97,190,0,Firm_Persimmon_3234,609.1,289.0,360.0,True,False
UPSC,1ndzkl0,2025-09,1780730291,1757565000,🥸🥸,271,0.96,31,0,Fit_Construction3062,560.0,150.0,193.0,False,False
UPSC,1npzuir,2025-09,1780730291,1758783235,"It was not just replica, it was our PYQ😭",269,0.99,14,0,CivilDreamer9,277.1,10344.0,1631.0,True,False
UPSC,1nk758e,2025-09,1780730291,1758199127,UPSC 2026 Pre Question (Probable),264,0.98,31,0,ShoeOk1086,304.4,864.0,747.0,True,False
UPSC,1n6vod8,2025-09,1780730291,1756847304,"Finally done with UPSC Mains 2025!

 Journey itself was the real test.",237,0.98,43,0,Alone-Evidence-25,365.1,213.0,71.0,True,False
UPSC,1nah0tr,2025-09,1780730291,1757209936,Regarding recent feud between Mr. Ajit Pawar and IPS Anjana Krishna.,237,0.99,44,0,ankitmarc08,964.2,2754.0,1617.0,True,False
UPSC,1n92exy,2025-09,1780730291,1757070863,Post Breakup,236,0.99,29,0,RajIshu07,1184.7,3717.0,804.0,True,False
UPSC,1ntbf3q,2025-09,1780730291,1759129653,Re-reading the Mains question after completing the answer,235,0.99,19,0,enthulookingenthu,641.1,2571.0,509.0,True,False
UPSC,1ncfom3,2025-09,1780730291,1757415332,7 years &amp; 5 attempts. No prelims cleared yet. AMA,235,0.94,114,0,ShriRamJanaki,2052.7,162.0,4442.0,True,False
StartUpIndia,1nrqnyp,2025-09,1780730478,1758964415,"Another Indian flex boasting. BTW, I respect Sridhar and Zoho products, they are great! But why woul",1664,0.92,367,0,Illustrious-Club7787,1376.3,930.0,27.0,True,True
StartUpIndia,1njy6t2,2025-09,1780730478,1758167554,Sure it can't be that bad?!,1268,0.99,15,0,sirDMtheTenth,1381.9,3234.0,815.0,True,True
StartUpIndia,1nl6aw8,2025-09,1780730478,1758294906,Shutting down an Indian company,1180,0.98,103,0,Intelligent_Green633,1073.2,3733.0,2199.0,True,True
StartUpIndia,1np48br,2025-09,1780730478,1758692675,"Hired an intern, got ChatGPT output instead. Normal now?",892,0.97,183,0,megamind114,498.9,955.0,452.0,True,True
StartUpIndia,1n87flh,2025-09,1780730478,1756984922,Doing business in India feels like punishment,444,0.98,65,0,Various-Bullfrog-944,493.9,194.0,56.0,True,True
StartUpIndia,1nokl8u,2025-09,1780730478,1758641557,The company that I whistle-blowed on this subreddit responded publicly,402,0.99,19,0,truth-user,262.3,581.0,67.0,True,True
StartUpIndia,1nhgee7,2025-09,1780730478,1757925455,Dont wait for the last day.,396,0.99,19,0,Ensurekar,1025.2,989.0,20.0,True,True
StartUpIndia,1nqwmdp,2025-09,1780730478,1758878166,Everyone has bills to pay and feed their family. No one will work for free.,312,0.98,34,0,XIFAQ,2268.9,1122.0,271.0,True,True
StartUpIndia,1n806ff,2025-09,1780730478,1756958468,Why this constant useless boasting,310,0.95,45,0,Ashamed-Two-674,571.1,157.0,22.0,True,True
StartUpIndia,1nroz2s,2025-09,1780730478,1758957867,The Ultimate Indian Startup Founder's Bible (2025) - ₹604 Crores Available in Gov Schemes + Complete,304,0.99,23,0,Choice_North_5825,2089.8,4145.0,21.0,True,True
StartUpIndia,1nkxu5s,2025-09,1780730478,1758269883,Average Indian VCs be like..,278,0.98,15,0,Expensive_Street_930,1269.3,2023.0,4531.0,True,False
StartUpIndia,1nij7xo,2025-09,1780730478,1758033306,Customs duty in India is a nightmare – my recent DHL experience 😩,260,0.98,54,0,AltruistW666,309.1,580.0,236.0,False,False
StartUpIndia,1ntbije,2025-09,1780730478,1759130032,Manager complained to the Founder coz I was keeping a cricket bat in the office.,259,0.95,37,0,always_random,1667.0,319.0,6.0,True,False
StartUpIndia,1nskfto,2025-09,1780730478,1759053425,"Indian Startups Exploiting Freshers – Wake Up, Guys!",211,0.95,48,0,Icy-Mix-6607,741.9,134.0,21.0,True,False
StartUpIndia,1n8adeq,2025-09,1780730478,1756993111,Indian startups not able to make their own LLMs after so much time shows our tech standards and abil,206,0.84,141,0,coolzamasu,1898.8,246.0,48.0,True,False
StartUpIndia,1nu0a3h,2025-09,1780730478,1759196093,Co-founder too have stomach and family and deserves to get paid,201,0.91,45,0,XIFAQ,2268.9,1122.0,271.0,True,False
StartUpIndia,1nlyzk6,2025-09,1780730478,1758376936,I am having bad experience with manufacturers,181,0.99,22,0,CrazyCheck3930,551.0,874.0,122.0,True,False
StartUpIndia,1ncguae,2025-09,1780730478,1757418954,"Closed my first seed round with an investor sitting 8,000 miles away",170,0.99,45,0,Sarv56army,1758.6,1273.0,240.0,True,False
StartUpIndia,1nncrga,2025-09,1780730478,1758514356,"If you’re a first time founder, read this.",149,0.98,30,0,Creepy-War6640,287.0,120.0,37.0,True,False
StartUpIndia,1ng1bmr,2025-09,1780730478,1757779579,This is how most AI startup meetups feel like now,146,0.96,11,0,chao0070,2985.5,2225.0,2261.0,True,False
StartUpIndia,1nmobl5,2025-09,1780730478,1758449856,How much salary do you give yourself as founder of a startup in India?,137,0.89,81,0,anonymousfoundr,482.6,72.0,91.0,True,False
StartUpIndia,1ntnqw3,2025-09,1780730478,1759165699,Need advice: I feel stuck in my start up,133,0.96,48,0,Samya_29,992.0,425.0,-9.0,True,False
StartUpIndia,1nftjop,2025-09,1780730478,1757757226,Most useless Sub,132,0.93,34,0,Vegetable_Prompt_583,571.9,2546.0,4007.0,True,False
StartUpIndia,1nqtc2k,2025-09,1780730478,1758865501,"I started building consumer APPs in INDIA, and no one is taking about this",119,0.88,66,0,Top-Significance-511,1007.1,157.0,16.0,True,False
StartUpIndia,1n9vx4d,2025-09,1780730478,1757153508,I finally decided to carry forward my grandfather's legacy instead of going the conventional way!,115,0.92,37,0,rouirouigo,963.1,5034.0,1335.0,True,False
StartUpIndia,1nls25s,2025-09,1780730478,1758354224,"Approaching a investor , VC , angel",114,0.98,14,0,Aggravating-Fox7384,434.9,583.0,42.0,True,False
StartUpIndia,1nnp7qh,2025-09,1780730478,1758554025,Why do startups look for interns/employees when they don't have any money to give ?,100,0.96,34,0,Humung-o-saur,484.2,2251.0,4169.0,True,False
StartUpIndia,1nkt3sm,2025-09,1780730478,1758253238,When your new hire works 2 full time jobs,100,0.95,36,0,zab1e,4504.1,822.0,177.0,True,False
StartUpIndia,1n5k80m,2025-09,1780730478,1756719159,Why you should not try exporting from India - Part 2,94,0.97,53,0,Limp-Question-4778,1793.0,474.0,218.0,True,False
StartUpIndia,1nqwiu2,2025-09,1780730478,1758877783,startup valued at $4 million,93,0.95,51,0,Spantheslayer,2824.2,378.0,667.0,True,False
StartUpIndia,1nqkiw2,2025-09,1780730478,1758839036,Am i heading towards first raise?,91,0.96,58,0,Willing_Front_2397,418.7,15734.0,3810.0,True,False
StartUpIndia,1nbhilq,2025-09,1780730478,1757317391,Read the second para.,85,0.82,23,0,ChallengeEmotional70,721.2,420.0,23.0,True,False
StartUpIndia,1ncx2w5,2025-09,1780730478,1757456680,How is this even cool?,82,0.88,21,0,pappursc,864.3,568.0,699.0,True,False
StartUpIndia,1nm2kn3,2025-09,1780730478,1758385475,Started Cloud kitchen in Kolkata,79,0.93,46,0,dostmohammad_96,1137.3,97.0,27.0,True,False
StartUpIndia,1nbkwwx,2025-09,1780730478,1757330112,My co-founders want equal equity (1:1:1) for a product I built myself. Am I wrong to think this is u,78,0.91,107,0,ButterscotchFlat3086,1103.9,45.0,61.0,True,False
StartUpIndia,1nkanu5,2025-09,1780730478,1758207678,"They sin, you benefit!",78,0.9,23,0,pappursc,864.3,568.0,699.0,True,False
TwoXIndia,1nk4nm3,2025-09,1780730675,1758191468,Apparently my SSC cleared ultra eligible cousin is single because modern women are too demanding.,1093,0.95,79,0,Skid_away,2974.2,7669.0,8056.0,True,True
TwoXIndia,1nl0kkn,2025-09,1780730675,1758279979,Review of Saiyara as a woman,899,0.98,50,0,searching4shiva,2133.0,616.0,2416.0,True,True
TwoXIndia,1nnegdw,2025-09,1780730675,1758520218,"The moment my boyfriend realized women are expected, not asked",787,0.95,29,0,Child_of_destiny99,410.1,2688.0,22973.0,True,True
TwoXIndia,1np3n8v,2025-09,1780730675,1758690568,Y'all need to check your privelege and be nicer to your maids,668,0.88,117,0,Parlor-Aunty,974.7,1085.0,11924.0,False,True
TwoXIndia,1n5ho0v,2025-09,1780730675,1756709394,"""He's such a good son."" They say",650,0.94,36,0,Snoo_22,2184.6,18843.0,19361.0,True,True
TwoXIndia,1nk8krk,2025-09,1780730675,1758202762,Saw the coolest lady in the metro today,631,0.96,12,0,CatatonicCatLady,842.8,1114.0,700.0,True,True
TwoXIndia,1ngk7fd,2025-09,1780730675,1757832533,Please don’t ignore “acidity” or chest discomfort – my father’s story 🙏,577,0.98,33,0,roseshsarabhai_,305.4,3491.0,6422.0,True,True
TwoXIndia,1n6furs,2025-09,1780730675,1756808892,"When men bring misogyny to the table, quite literally",567,0.95,50,0,NainaaDaaaKyaKasoor,687.5,7269.0,3878.0,True,True
TwoXIndia,1n8xn6d,2025-09,1780730675,1757053022,"This one gossip that made me look at a relative with so much disgust, it also opened a can of worms",540,0.97,77,0,Snoo_22,2184.6,18843.0,19361.0,True,True
TwoXIndia,1nibp0i,2025-09,1780730675,1758010820,I have now accepted that being pretty is all that matters as a girl,510,0.94,99,0,surviving-somehow,593.3,8732.0,15564.0,True,True
TwoXIndia,1nhf2ci,2025-09,1780730675,1757920091,Arranged marriage scam and spiked drink,479,0.95,44,0,Cultural_Shock_54,1199.9,504.0,196.0,True,False
TwoXIndia,1nd8z4f,2025-09,1780730675,1757494377,My boyfriend's mom told him my family is patriarchal,467,0.96,50,0,Brave_Ad1124,1523.6,1100.0,3726.0,True,False
TwoXIndia,1nqaizr,2025-09,1780730675,1758815714,My 27Y/O brother slapped my Mom,457,0.98,67,0,i_forgot_bro,1445.0,1043.0,344.0,True,False
TwoXIndia,1nbwoxx,2025-09,1780730675,1757358303,Why don't we talk enough about the 2002 riots in Gujarat,455,0.75,233,0,madandcrazy14,1319.1,3830.0,11992.0,True,False
TwoXIndia,1nne0em,2025-09,1780730675,1758518609,Parenting double standards,440,0.98,39,0,Final_Bookkeeper9635,1183.8,264.0,574.0,True,False
TwoXIndia,1n6pwzp,2025-09,1780730675,1756834322,Wanted to send my daughter to an elite school -- learned its not safe for young kids,431,0.98,34,0,sleepdeprivedsince92,1187.3,5411.0,13050.0,True,False
TwoXIndia,1ndyklc,2025-09,1780730675,1757561718,Partner got a promotion and I am not as happy as I should be,429,0.91,38,0,HoneyB3009,910.1,761.0,4369.0,False,False
TwoXIndia,1nudxgt,2025-09,1780730675,1759240689,Feeling helpless seeing how normalized the hate has become against Muslim women in India.,424,0.73,91,0,Kamasutraaahhh_69,,,,,False
TwoXIndia,1n5mk1r,2025-09,1780730675,1756727316,Saw the most satisfying video today in r/kerala,413,0.99,19,0,rashmi1221,2588.0,2386.0,7348.0,True,False
TwoXIndia,1nkaizl,2025-09,1780730675,1758207383,Deepika Padukone &amp; the Kalki 2 drama — why is asking for fixed working hours such a crime in Ind,406,0.83,84,0,LightKitchen8265,2032.7,1396.0,11888.0,True,False
TwoXIndia,1n5pe6r,2025-09,1780730675,1756735031,I am thinking about divorce,390,0.97,78,0,Vegetable-Extent-903,1733.9,297.0,504.0,True,False
TwoXIndia,1n8aivr,2025-09,1780730675,1756993471,I want you to know how close we are to loosing our rights and freedom.,384,0.91,53,0,meeaaaoowwmee,1611.9,471.0,4676.0,True,False
TwoXIndia,1nnmi9r,2025-09,1780730675,1758547725,Career &gt; Relationship. I learned it the hard way. Please don't make the same mistake.,382,0.96,21,0,lavender4luck,1623.9,3604.0,4519.0,True,False
TwoXIndia,1nn5nb2,2025-09,1780730675,1758493728,I did not/could not report rape,381,0.94,51,0,power-trip7654,1127.4,919.0,2550.0,True,False
TwoXIndia,1nf0ktr,2025-09,1780730675,1757676265,Got mutually divorced today,375,0.97,36,0,la_vie-en-rose,1546.0,327.0,4765.0,True,False
TwoXIndia,1n9rm5g,2025-09,1780730675,1757137168,"Ladies, do you know what happens to your money if you die before your husband?",372,0.92,64,0,soulup_support_group,,,,,False
TwoXIndia,1nijlfu,2025-09,1780730675,1758034145,My first ever solo trip experience - Udaipur,346,0.98,35,0,MiserableGrapefruit7,2078.9,11147.0,7549.0,True,False
TwoXIndia,1nr3k53,2025-09,1780730675,1758898648,A childless Hindu widow women's inheritance goes to her in laws not her parents,346,0.95,33,0,Human-Suggestion-994,1820.2,703.0,665.0,True,False
TwoXIndia,1nj61jr,2025-09,1780730675,1758091990,Men pretending to be women on makeup/nail subs is honestly the most hilarious thing I’ve observed 😂,337,0.96,32,0,nirvanna1,397.9,7788.0,15793.0,True,False
TwoXIndia,1nmov8j,2025-09,1780730675,1758451833,"When you’re a woman, your paycheck means nothing. It’s always about cooking.",335,0.93,92,0,Realistic-Berry6683,1849.6,2191.0,10261.0,True,False
TwoXIndia,1nhhrwt,2025-09,1780730675,1757930729,Did i just get harassed by 10 y/o boys...? Feels weird to even type this.,323,0.96,38,0,glittering-angel-444,1082.6,4026.0,3372.0,True,False
TwoXIndia,1n6fjsj,2025-09,1780730675,1756807793,Story of how marriage ruined my grandma's sisters life entirely,314,0.98,7,0,aloof_head_kum,1819.7,4202.0,3898.0,True,False
TwoXIndia,1nob7go,2025-09,1780730675,1758613396,It's a shame to be attracted to guys,305,0.82,42,0,Bitter_Elk9285,1875.9,10731.0,2255.0,True,False
TwoXIndia,1nhgjx2,2025-09,1780730675,1757926089,Stop reducing women from certain cities to sexist memes/reels.,305,0.91,33,0,Kamasutraaahhh_69,,,,,False
TwoXIndia,1n9zphk,2025-09,1780730675,1757165673,Normalize telling people that ur husband isn't ready for a child yet,291,0.92,26,0,dakuteju,2533.7,1381.0,1064.0,True,False
TwoXIndia,1nr98l6,2025-09,1780730675,1758911842,I confronted a guy for taking my pics and I was left shaken,285,0.95,21,0,Aggravating_Good5880,759.8,1261.0,1077.0,True,False
TwoXIndia,1n9y9b3,2025-09,1780730675,1757161565,"Ladies, pay attention to what he scoffs at!",283,0.75,40,0,girlinthecity26,1832.0,1678.0,1764.0,True,False
TwoXIndia,1nddavs,2025-09,1780730675,1757508587,How lucky are the boomers?,281,0.95,34,0,SickDante,,,,,False
TwoXIndia,1ndatnw,2025-09,1780730675,1757501211,Boondi ka Raita (an essay),281,0.96,54,0,_womanofculture,1146.5,10309.0,26126.0,True,False
TwoXIndia,1nq5f9q,2025-09,1780730675,1758803314,slut shamed by mom for having a boyfriend,274,0.96,35,0,chiyo-breakfree,447.8,313.0,563.0,True,False
teenindia,1ne5uuk,2025-09,1780730876,1757588737,Nepal kids are consuming high level stuff 🥀,11288,0.96,454,0,Serious-Committee732,1211.1,4357.0,953.0,True,True
teenindia,1nl3k7u,2025-09,1780730876,1758288428,This is so true,4559,0.91,307,0,pablowasdead,,,,,True
teenindia,1n64rsz,2025-09,1780730876,1756771202,OP just met someone today😛,4449,0.99,187,0,SeniorStomach4195,865.9,33799.0,17913.0,True,True
teenindia,1nr0r8t,2025-09,1780730876,1758891697,Garba Post Update. I Proposed Her❤️❤️.,3843,0.91,1422,0,Last_Accountant9011,,,,,True
teenindia,1nbmsvp,2025-09,1780730876,1757335652,He is back,3523,0.99,132,0,FastCommand2898,1157.9,33557.0,3438.0,True,True
teenindia,1nevhy3,2025-09,1780730876,1757657149,Keeping the serious chaos &amp; opinions aside.. THIS IS INDEED A GENZ PROTEST,3364,0.97,189,0,Most_Wait4381,,,,,True
teenindia,1nfcfd8,2025-09,1780730876,1757705357,Gen Z in Nepal elected their PM thro discord 😭😭,3128,0.97,51,0,ComprehensiveSide329,,,,,True
teenindia,1nfamcj,2025-09,1780730876,1757701093,My gf broke up with me right before her birthday,3015,0.98,648,0,Ok-Acanthisitta5775,1779.2,1541.0,76.0,True,True
teenindia,1nkx3n4,2025-09,1780730876,1758266984,too accurate,2738,0.98,105,0,Effective-Bus9352,688.8,975.0,917.0,True,True
teenindia,1nal9o7,2025-09,1780730876,1757223853,how yall doing bbgs🥀🥀🥀,2482,1.0,50,0,normie_hai_kya,1847.0,3478.0,9928.0,True,True
teenindia,1n8xxw5,2025-09,1780730876,1757054148,Finally got physical with him !!😭❤️,2399,0.93,274,0,Boba_Lobher,376.0,1656.0,8296.0,True,False
teenindia,1nh1xsi,2025-09,1780730876,1757881658,Smile guys it's free...,2368,0.99,64,0,0WARRIOR0,464.0,2452.0,3635.0,True,False
teenindia,1nevuji,2025-09,1780730876,1757658440,Guys I finally kissed my crush of 3 years 🩷🩷,2284,0.96,190,0,damn_imscared,,,,,False
teenindia,1nciakt,2025-09,1780730876,1757422885,A guy in my class using banyaan ka cover as pencil pouch 😭🥀,2270,0.98,269,0,MasaledaarLadki,276.1,1957.0,4088.0,True,False
teenindia,1n9zza7,2025-09,1780730876,1757166397,A German photographer took photos of Indians in 1920s,2265,0.99,113,0,ComfortableMatter234,426.8,1215.0,887.0,True,False
teenindia,1ngtjud,2025-09,1780730876,1757862168,Bro met her on X and she met him on reddit 😭,2254,0.97,225,0,Typical-Bit-1972,396.7,1989.0,1715.0,True,False
teenindia,1nkwdni,2025-09,1780730876,1758264253,Tell your current bad situation and let others fix it.,2207,0.92,2639,0,CellInevitable7613,1284.9,7616.0,8420.0,True,False
teenindia,1nmizqp,2025-09,1780730876,1758430148,This is going to be a controversial one,2145,0.93,540,0,damn_imscared,,,,,False
teenindia,1nkw01c,2025-09,1780730876,1758262823,Intimate Care Guide for the Boys 🩵,2092,0.98,404,0,OrangeBilla33,379.2,3011.0,6601.0,True,False
teenindia,1n8zx10,2025-09,1780730876,1757061949,Today I unlocked a new level of embarrassment 🚽💀,2019,0.96,225,0,Richie-rich-kid,1169.2,1114.0,113.0,True,False
teenindia,1nu8yqv,2025-09,1780730876,1759225894,Used menstrual cup for the first time,1917,0.94,688,0,kennma28,967.0,2638.0,1945.0,True,False
teenindia,1n6ugxb,2025-09,1780730876,1756844562,I ha*ked my college website,1835,0.98,215,0,Outrageous_Fix136,694.3,802.0,119.0,True,False
teenindia,1nk53e6,2025-09,1780730876,1758192983,“First month of college and I already ran into a lusty fresher 😭I'm 18 male btw,1758,0.96,323,0,Still_Learning_99,292.5,705.0,414.0,True,False
teenindia,1nhktwr,2025-09,1780730876,1757940306,Title he ye,1730,0.98,207,0,baate_paglu_don,274.8,1444.0,638.0,True,False
teenindia,1nu3r4j,2025-09,1780730876,1759206293,Happened near my hometown,1712,0.97,70,0,Puzzled_Day7879,1107.3,19041.0,365.0,True,False
teenindia,1n7dxhe,2025-09,1780730876,1756903822,"A dog did this while he was playing with me, it's not a scratch just a bump, can this cause rabies",1691,0.9,1765,0,Original_Art656,1343.1,1220.0,79.0,True,False
teenindia,1nq259i,2025-09,1780730876,1758792360,I got rejected,1639,0.98,189,0,Greedy_Emphasis_3859,672.1,2414.0,8663.0,True,False
AskIndianWomen,1nk4mq8,2025-09,1780731093,1758191381,"Apparently my obese, orthodox SSC cleared ultra eligible cousin is single because modern women are t",3691,0.94,396,0,Skid_away,2974.2,7669.0,8056.0,True,True
AskIndianWomen,1noduyw,2025-09,1780731093,1758623735,Maid Culture in India Is Disgusting..and Must End,2991,0.86,446,0,Sea_Worth7941,,,,,True
AskIndianWomen,1nlzp4d,2025-09,1780731093,1758378650,I have become what I hated the most,1796,0.93,388,0,Technical-Demand-360,,,,,True
AskIndianWomen,1njbn8h,2025-09,1780731093,1758111776,Got harassed for not wearing a hijab… in India... Like are you serious!?,1442,0.94,192,0,Zephyrine1,,,,,True
AskIndianWomen,1ncemye,2025-09,1780731093,1757411600,Do you all think I'm being taken advantage of by my housemaid?,1075,0.97,168,0,Lenore8264,2600.1,160702.0,114539.0,True,True
AskIndianWomen,1njy11g,2025-09,1780731093,1758167039,Racism against Indian men is still racism. Why is that controversial here?,1046,0.89,134,0,Future-Still-6463,827.7,1536.0,49569.0,True,True
AskIndianWomen,1n9laj6,2025-09,1780731093,1757117397,What’s something people call “unsanskaari” that actually saved your relationship or career?,1025,0.97,50,0,Future_Scar_7875,595.2,4752.0,674.0,True,True
AskIndianWomen,1nqss2j,2025-09,1780731093,1758863498,Why do working women generally avoid marrying jobless men but working men often marry 'jobless' wome,1013,0.88,393,0,Professor_Peace,,,,,True
AskIndianWomen,1ns3hc0,2025-09,1780731093,1759000013,Women… Why are we never enough?,991,0.97,167,0,Massive_Law7816,1557.2,10119.0,3226.0,True,True
AskIndianWomen,1nj5cgg,2025-09,1780731093,1758089394,Its gossip time ladies….,986,0.95,191,0,Miserable-Aspect6049,828.1,4483.0,20045.0,True,True
AskIndianWomen,1nkxjjv,2025-09,1780731093,1758268736,She wants to get married and relax!,973,0.88,196,0,CraftedCandid,397.8,7367.0,1934.0,True,False
AskIndianWomen,1ni74vn,2025-09,1780731093,1757994409,Saw A girl Changing Her Route Because Me And My Friends Were Standing alone 😭😭,940,0.88,228,0,Maximum-Cupcake-4930,1257.7,1176.0,249.0,True,False
AskIndianWomen,1nq72md,2025-09,1780731093,1758807624,How life actually is like after marrying a guy below the girl's financial level?,915,0.9,323,0,CraftedCandid,397.8,7367.0,1934.0,True,False
AskIndianWomen,1nkwvt1,2025-09,1780731093,1758266143,Women's duty is to wash Men's Underwear,909,0.9,455,0,Administrative-Pen48,2143.1,1352.0,396.0,True,False
AskIndianWomen,1n7d539,2025-09,1780731093,1756901648,What’s This online obsession I want girls with no past ? Untouched ? Wtff,885,0.72,905,0,Successful-War4506,703.7,4281.0,935.0,True,False
AskIndianWomen,1ncaf4t,2025-09,1780731093,1757395092,Can we talk about how the word “ALLOWED” is one of the most frustrating things Indian women hear?,880,0.95,72,0,ProfessionalMiddle89,,,,,False
AskIndianWomen,1nigbaz,2025-09,1780731093,1758026354,Has this become so common in offices?,842,0.94,108,0,fiery_grilled,326.9,968.0,362.0,True,False
AskIndianWomen,1n8plet,2025-09,1780731093,1757028443,"Landed in India a few hours ago, my observations.",787,0.87,138,0,erenslefttitty,1766.9,5420.0,8736.0,True,False
AskIndianWomen,1n9lub0,2025-09,1780731093,1757118958,"Every ritual benefits men, women just carry the burde",722,0.85,230,0,Successful-War4506,703.7,4281.0,935.0,True,False
AskIndianWomen,1ncdaq8,2025-09,1780731093,1757406252,Saw a reel today and realized how rare ‘I love you’ is in Indian marriages,666,0.91,118,0,Otherwise_Buy_6165,352.9,9085.0,3761.0,True,False
AskIndianWomen,1ngn0cs,2025-09,1780731093,1757842798,I was never taught these things as a woman.,630,0.94,70,0,omnipotentmisery,335.3,3699.0,2272.0,True,False
AskIndianWomen,1nukc65,2025-09,1780731093,1759255245,Aftermath of pregnancy goin rough,609,0.97,134,0,DiscussionParty2407,1557.7,817.0,3293.0,True,False
AskIndianWomen,1n75o8e,2025-09,1780731093,1756874670,Do you think something like a 4B movement (women who don't want to marry) that happened in Korea mig,606,0.88,188,0,Own_Foot_8530,444.4,2695.0,3021.0,True,False
AskIndianWomen,1npbf70,2025-09,1780731093,1758718636,My uncle and aunt kept telling my cousin she’d get a little brother… then the baby was a girl,601,0.97,112,0,Otherwise_Buy_6165,352.9,9085.0,3761.0,True,False
AskIndianWomen,1nct4da,2025-09,1780731093,1757447434,"Proud, racist pick mes",563,0.87,83,0,retro_guy22,2021.8,4271.0,2192.0,True,False
AskIndianWomen,1nrssvv,2025-09,1780731093,1758972359,My maid commented on my breasts,560,0.97,191,0,IDkwhyImhere_34718,1360.4,5340.0,24273.0,True,False
AskIndianWomen,1nklk46,2025-09,1780731093,1758232370,So disappointed in men on matrimonial sites,547,0.88,191,0,Physical-Turn-1141,1320.4,1319.0,3827.0,True,False
AskIndianWomen,1nlqc9t,2025-09,1780731093,1758347900,Married uncle visiting Thailand is not wrong?,539,0.88,308,0,Constant-Water-5404,319.5,775.0,1265.0,True,False
AskIndianWomen,1n5kan0,2025-09,1780731093,1756719444,How to get contraceptives right,522,0.94,43,0,Snoo_22,2184.6,18843.0,19361.0,True,False
AskIndianWomen,1n8giwy,2025-09,1780731093,1757006887,Sadia Khan and many other glorified trad wives are ruining the mindset of young women,517,0.91,56,0,NerdyDominatrix1111,732.7,8989.0,4526.0,True,False
AskIndianWomen,1n8fusx,2025-09,1780731093,1757005373,How are you supposed to deal with your parents death?,516,0.99,74,0,brokerrrr0,693.0,1454.0,94.0,False,False
AskIndianWomen,1n8du2j,2025-09,1780731093,1757000868,Ladies if you have already have a daughter then think twice before having a second baby,504,0.9,113,0,achipots,1547.8,3353.0,30185.0,True,False
AskIndianWomen,1nqorrq,2025-09,1780731093,1758850815,"Mrs, Thappad, and The Great Indian Kitchen Are Called “Feminist Propaganda” But Selectively",503,0.9,92,0,ArtLoverlady,689.1,10666.0,937.0,False,False
AskIndianWomen,1nneonp,2025-09,1780731093,1758521047,"Dear Indian women, please don’t give up your independence for “princess treatment”",503,0.91,76,0,sickpsychopathicfuck,1020.6,8773.0,11734.0,True,False
AskIndianWomen,1ndqrrs,2025-09,1780731093,1757539553,Being “wife material” isn’t the praise men think it is.,497,0.83,152,0,ManyFaithlessness404,1185.0,123784.0,39479.0,True,False
AskIndianWomen,1n826ua,2025-09,1780731093,1756965346,What’s the most “aunty” thing you’ve caught yourself doing? 😂,478,0.99,170,0,Future_Scar_7875,595.2,4752.0,674.0,True,False
AskIndianWomen,1niuth2,2025-09,1780731093,1758059152,"Am I overreacting, or is my gut right about these guys?",464,0.88,114,0,Obvious-Sell-7974,658.0,1584.0,904.0,True,False
AskIndianWomen,1net90j,2025-09,1780731093,1757649246,I am so done with,463,0.85,185,0,Able_Diet9524,827.3,6180.0,4310.0,True,False
AskIndianWomen,1nok4x1,2025-09,1780731093,1758640530,14 men has been accused of r*ping a 16 yrs old boy,448,0.96,102,0,stara1995,647.9,5003.0,18174.0,True,False
AskIndianWomen,1ngkj4c,2025-09,1780731093,1757833663,The tradition of not calling husband/bf by their name. Why is it still followed?,444,0.82,212,0,Adorable_Fishing_426,1605.8,13797.0,667.0,True,False
IndianFood,1n8neh8,2025-09,1780731293,1757022843,I love Indian everything,158,0.84,61,0,Nice_Carpet3663,1877.9,5927.0,2284.0,True,True
IndianFood,1nfqgex,2025-09,1780731293,1757745458,The Top 5 Biriyanis of India  : Ranked by Taste,157,0.87,73,0,Alarmed-Chest-7160,1361.7,9803.0,1250.0,True,True
IndianFood,1n6f8q2,2025-09,1780731293,1756806655,Unpopular opinion: Plain chai or just cardamom chai is better than masala chai,144,0.86,72,0,apocalypse-052917,1932.2,4674.0,121360.0,True,True
IndianFood,1njsxog,2025-09,1780731293,1758152327,Several years back a person from India gave me this pepper thing,111,0.96,21,0,Gloomy-Wash-429,881.5,82.0,15.0,False,True
IndianFood,1ned7h7,2025-09,1780731293,1757607730,Is There A Reason Curry Leaves Are Not Chopped While Cooking?,90,0.92,83,0,Best_Ad4323,1832.5,63.0,245.0,True,True
IndianFood,1nr2hal,2025-09,1780731293,1758896078,What to do with massive curry tree?,78,0.94,56,0,ddpizza,5038.0,56315.0,54219.0,True,True
IndianFood,1n5boct,2025-09,1780731293,1756689811,Do you guys actually use ghee?,73,0.81,171,0,dont_mess_with_tx,3489.7,194103.0,69163.0,True,True
IndianFood,1ns8fye,2025-09,1780731293,1759012708,South Indian Filter Coffee recipe and some tips that worked for me,66,0.97,48,0,PepperTurmeric9407,803.0,97.0,184.0,True,True
IndianFood,1n65ata,2025-09,1780731293,1756772689,Learning to Cook Indian food.,65,0.93,54,0,FoxDeltaCharlie,1586.3,2856.0,32210.0,True,True
IndianFood,1nk27i8,2025-09,1780731293,1758181990,What’s the comfort food that never fails you?,62,0.91,92,0,Appropriate-Fix-8222,333.2,2460.0,288.0,True,True
IndianFood,1niz4fk,2025-09,1780731293,1758070287,What would be the most popular Pan-Indian dish from each state?,60,0.88,74,0,Ill_Tonight6349,1839.4,21630.0,17632.0,True,False
IndianFood,1n7xsip,2025-09,1780731293,1756951392,What Indian regional cuisines are most popular within India?,55,0.92,54,0,ThisPostToBeDeleted,1668.2,61923.0,52592.0,False,False
IndianFood,1nor8e2,2025-09,1780731293,1758656544,"What do you expect when you see ""Indian Coffee"" in a menu at an Indian restaurant abroad?",50,0.89,37,0,curiousgaruda,3030.7,3772.0,22627.0,True,False
IndianFood,1nsnogv,2025-09,1780731293,1759064246,Sambar substitution (maybe it'll help someone else as well),47,0.95,17,0,VVS281,2671.0,257.0,102171.0,False,False
IndianFood,1nnwuh2,2025-09,1780731293,1758571139,What masalas those roadside egg stalls use? I try at home but cannot replicate it!!,46,0.9,28,0,_HornyPhilosopher_,850.9,3104.0,16281.0,True,False
IndianFood,1n6qe9a,2025-09,1780731293,1756835408,"Without a pressure cooker, dal takes forever to mush or even get soft",41,0.9,64,0,penguinesegossip,796.3,55.0,80.0,False,False
IndianFood,1nku14a,2025-09,1780731293,1758256112,What to serve with pork vindaloo,39,0.87,26,0,Lazy_Classroom7270,494.0,806.0,6402.0,True,False
IndianFood,1nmbbf2,2025-09,1780731293,1758406820,Why is Tilda basmati rice so overrated? It cooks like asian sticky rice.,36,0.77,30,0,673rollingpin,564.0,3797.0,10072.0,True,False
IndianFood,1nf6gzr,2025-09,1780731293,1757691411,What is this Idly side dish I ate?,34,0.87,49,0,silly_rabbit289,2132.6,1197.0,166655.0,True,False
IndianFood,1n9xl2c,2025-09,1780731293,1757159472,What absolutely abominable sounding foods do you actually secretly like? I'll go first. Schezwan che,33,0.89,44,0,KommieAssassin,352.2,7.0,26.0,True,False
IndianFood,1nkxrnk,2025-09,1780731293,1758269609,Healthy Indian dishes that don’t need “superfood” swaps,33,0.84,17,0,Classic-Sentence3148,2089.9,18500.0,22201.0,True,False
IndianFood,1n5gl8b,2025-09,1780731293,1756705490,Mustard oil is a great option for most north Indian dishes,33,0.72,53,0,ECrispy,5015.7,52884.0,98876.0,True,False
IndianFood,1n78nt7,2025-09,1780731293,1756885753,Struggling with Iron Tawa,31,0.89,36,0,SageSharma,584.0,25627.0,53717.0,True,False
IndianFood,1nulb3u,2025-09,1780731293,1759257387,What actually *is* xacuti?,30,0.95,26,0,xiipaoc,5459.3,3245.0,185879.0,True,False
IndianFood,1np8su8,2025-09,1780731293,1758710601,Why pay Zomato/Swiggy tax when Uber/Rapido pickup is cheaper? Change my mind.,29,0.74,14,0,sram22,667.2,395.0,6.0,True,False
IndianFood,1naqdd3,2025-09,1780731293,1757243108,What foods can I pair with dosas?,29,0.85,68,0,HolyBasilChicken,691.9,307.0,620.0,True,False
IndianFood,1najztz,2025-09,1780731293,1757219423,How do I find an Indian place that makes their Malai Kofta with red gravy (not white),28,0.78,32,0,Impressive_Answer297,496.4,231.0,841.0,True,False
IndianFood,1n88aj2,2025-09,1780731293,1756987557,Paneer Manchurian,27,0.94,6,0,Corf_27,2252.6,212.0,206.0,True,False
IndianFood,1nsh07n,2025-09,1780731293,1759040122,What is ur food opinion?,26,0.66,102,0,Short_Ad_3943,425.9,494.0,4138.0,False,False
IndianFood,1nnoz48,2025-09,1780731293,1758553504,Biryani Lovers: Must-Try Biryani Across Every State of India!,25,0.75,33,0,PhaseStreet9860,343.9,4419.0,2924.0,True,False
IndianFood,1nd5ei6,2025-09,1780731293,1757480628,"What Rice does your family use for Dosa batter , is the same rice as what you eat for lunch.",24,0.82,33,0,Comfortable_Rip_6917,1045.0,14859.0,11446.0,True,False
IndianFood,1nrxrt5,2025-09,1780731293,1758986146,Damn Are Sadhya's Really Made like this? 😳,23,0.78,3,0,EquivalentDealer4698,579.3,4266.0,0.0,True,False
IndianFood,1nq6ssa,2025-09,1780731293,1758806958,Basmati Boring? Try New Rice.,21,0.78,44,0,Responsible_Ad1201,2044.2,214.0,190.0,True,False
IndianFood,1nefa1r,2025-09,1780731293,1757612422,"Suggestions for a ""not well known"" south Indian meal",20,0.89,48,0,Sornakka,3444.7,138.0,834.0,True,False
IndianFood,1nllpcb,2025-09,1780731293,1758332861,"Besides Chutney and Sambar, What Else Goes with Idli and Dosa?",20,0.88,61,0,Classic-Sentence3148,2089.9,18500.0,22201.0,True,False
IndianFood,1nadjpx,2025-09,1780731293,1757199906,Advice for making chai,20,0.92,43,0,ghostofzealand,2014.5,701.0,208.0,True,False
IndianFood,1nbjfmv,2025-09,1780731293,1757324923,How to make tender and soft chicken ? ( YouTube hacks failed),17,0.78,35,0,Rare-Cress-2304,577.0,427.0,382.0,True,False
IndianFood,1na4shj,2025-09,1780731293,1757178244,What should I cook next? I'm noobie,17,0.91,19,0,Stock-Astronaut-331,2015.9,151.0,613.0,True,False
IndianFood,1nm8uq9,2025-09,1780731293,1758400514,Would rajma and lobia be considered dhals?,16,0.79,22,0,pdx_foodie_raver,,,,,False
IndianFood,1nf859b,2025-09,1780731293,1757695289,Looking for authentic UP/Bihar homestyle vegetable recipes,16,0.86,20,0,Lost_Seat2973,1821.8,146.0,1040.0,True,False
