subreddit,post_id,collection_month,collected_utc,created_utc,title,score,upvote_ratio,num_comments,total_awards,author,author_account_age_days,author_link_karma,author_comment_karma,author_verified_email,is_top10_for_month
india,1myqyaz,2025-08,1780726477,1756027095,The kind of India we ignore,7019,0.97,291,0,Specialist_Meaning73,1343.1,4361.0,3.0,True,True
india,1mtv19k,2025-08,1780726477,1755543407,"Booked an auto, ended up witnessing pure Islamophobia in my society.",5088,0.88,504,0,Alarmed-Chest-7160,1361.7,9803.0,1250.0,True,True
india,1meuw33,2025-08,1780726477,1754050535,Indians have destroyed the image of India in foreign,4073,0.88,862,0,Zealousideal-Tea3375,,,,,True
india,1mma2dc,2025-08,1780726477,1754802540,Aftermath of Rahul Gandhi's press conference: something is coming and its going to be big,3358,0.89,345,0,Some-Ant-4175,1113.3,7473.0,2410.0,True,True
india,1n32wz2,2025-08,1780726477,1756460353,Is Ethanol mixing a bigger scam than the 2G scam?,2822,0.96,275,0,Weekly-Card-8508,1956.0,1408.0,1260.0,True,True
india,1mkrual,2025-08,1780726477,1754649833,80 voters in 10 sq ft Bengaluru house: India Today ground check on Rahul Gandhi's claim,2726,0.96,128,0,one_brown_jedi,5339.7,250340.0,80350.0,True,True
india,1mlgsmt,2025-08,1780726477,1754714600,Rahul Gandhi’s “Vote Robbery” has left me hopeless,2695,0.9,393,0,bunnyhoops123,2473.8,1242.0,159.0,True,True
india,1mk30sc,2025-08,1780726477,1754580220,Rahul Gandhi: I'm a politician. What I say to the people is my word. I'm saying it publicly to every,2642,0.95,239,0,godblessthegays,3417.9,88393.0,27078.0,True,True
india,1mjqgcy,2025-08,1780726477,1754540517,'India’s sovereignty is non negotiable': China backs Delhi as Trump threatens tariff hike,2411,0.97,273,0,godblessthegays,3417.9,88393.0,27078.0,True,True
india,1mj5znw,2025-08,1780726477,1754490079,Trump raises India tariffs to 50% over Russian oil purchases,2385,0.96,590,0,Realistic-Stuff-1776,536.3,1382.0,4424.0,True,True
india,1mnmbc8,2025-08,1780726477,1754939858,"NDTV treated us like trash at the event, they invited us themselves",2328,0.97,120,0,Unusual_Mongoose_408,890.4,1170.0,1496.0,False,False
india,1n0mh18,2025-08,1780726477,1756216392,"Hey everyone, I’m Rana Daggubati! Join me for an AMA on 26th Aug, 7:30 PM IST, at r/india. Ask me an",2175,0.85,1835,0,BaahubaliFranchise,333.1,3779.0,4207.0,True,False
india,1mjvjzz,2025-08,1780726477,1754559242,Rahul Gandhi alleges ‘massive’ voter fraud,2028,0.93,337,0,unproblem_,1691.1,21453.0,23163.0,True,False
india,1mlgljb,2025-08,1780726477,1754713955,Vote Chori 2024,1999,0.94,130,0,viksi,5562.7,55616.0,115328.0,True,False
india,1mkgzbv,2025-08,1780726477,1754613296,Everyone’s talking about the Election Commission fraud — but what’s truly terrifying is slipping und,1926,0.93,206,0,MeManoos,4904.0,45935.0,17484.0,True,False
india,1mprirh,2025-08,1780726477,1755148601,"Rahul Gandhi Meets, Has Tea With 7 'Dead People' Cut From Bihar Voter List",1802,0.97,65,0,Glass_Extension_6529,512.7,29409.0,37794.0,True,False
india,1n1lz20,2025-08,1780726477,1756312551,"As an Indian in the US, it’s embarrassing how bad we are at greetings compared to Pakistanis.",1766,0.82,358,0,Deadpool_7_,1416.0,967.0,32.0,True,False
india,1n2khzb,2025-08,1780726477,1756406419,"Don’t Visit Lal Baug Cha Raja, if you aren’t a public figure or have 100s crores in your pocket",1666,0.95,205,0,MasalaGuy,821.0,4570.0,4882.0,True,False
india,1mn71g4,2025-08,1780726477,1754899297,"Police detain INDIA bloc MPs, including Rahul Gandhi, Priyanka Gandhi, Sanjay Raut &amp; Sagarika Gh",1605,0.95,122,0,Glass_Extension_6529,512.7,29409.0,37794.0,True,False
india,1mxq8xq,2025-08,1780726477,1755917807,I am a white woman named after a Hindu god,1582,0.92,365,0,bamboosong,2328.9,982.0,810.0,True,False
india,1mqnre5,2025-08,1780726477,1755233055,Politician harassed my mother!,1557,0.98,145,0,Ancient_Economist138,641.7,4288.0,2466.0,True,False
india,1mh75i0,2025-08,1780726477,1754293190,Paan stains on the streets of London spark backlash: ‘Indians doing their thing’,1546,0.96,191,0,bhodrolok,4005.9,698695.0,251065.0,True,False
india,1mmb7sq,2025-08,1780726477,1754806682,People asking why RaGa isn’t going to courts for Election fraud are living under a rock and naive. H,1485,0.9,186,0,Julius_seizure_2k23,1155.2,12855.0,21654.0,True,False
india,1ml3g84,2025-08,1780726477,1754678632,Update- the man I call bhayya touched my chest inappropriatly,1440,0.97,118,0,Logical_Mushroom9561,789.7,2719.0,1364.0,False,False
india,1mm8071,2025-08,1780726477,1754795758,BJP’s fake majority illusion should be shattered,1419,0.87,199,0,Mayor_McCheese7,1462.9,34543.0,38904.0,True,False
india,1mow8cj,2025-08,1780726477,1755063939,"Rahul Gandhi: ""Protest against vote chori. Nationwide torchlight march on the eve of Independence Da",1394,0.94,64,0,Glass_Extension_6529,512.7,29409.0,37794.0,True,False
india,1mylygb,2025-08,1780726477,1756008780,"‘Gave them Scorpio, they still wanted Rs 36 lakh’: Woman tortured, set ablaze by in-laws in Greater ",1364,0.96,167,0,mumbaiblues,5259.3,91277.0,59111.0,True,False
india,1mu7vpk,2025-08,1780726477,1755575328,We’ll take action against you once we’re in power: Rahul Gandhi to top 3 election officers,1351,0.95,173,0,snorlaxgang,444.4,28918.0,14179.0,True,False
india,1meqhee,2025-08,1780726477,1754034994,"Amid Trump’s tariff shock, India informs US it won’t purchase F 35 fighter jets - BusinessToday",1345,0.96,159,0,aaffpp,4926.5,22559.0,17378.0,True,False
india,1mtjmt7,2025-08,1780726477,1755517319,Do NOT lock your AADHAR biometrics if you want a smooth life,1335,0.98,140,0,_2f,4039.9,4971.0,31961.0,False,False
india,1mqzj42,2025-08,1780726477,1755268290,"Rahul Gandhi: Even after 11 years, Modi ji’s same old rhetoric, same rehearsed figures. Last year, a",1327,0.94,39,0,Glass_Extension_6529,512.7,29409.0,37794.0,True,False
india,1mpsciy,2025-08,1780726477,1755151385,Dogs matter more to Indian middle class than people,1319,0.88,258,0,bhodrolok,4005.9,698695.0,251065.0,True,False
india,1mzjnii,2025-08,1780726477,1756105605,Dream11 tells BCCI it will no longer sponsor Indian cricket team; officially terminates contract.,1309,0.98,108,0,rakulkumar555,2991.3,27457.0,4208.0,True,False
india,1mlqcqi,2025-08,1780726477,1754748559,"Exclusive: Bihar SIR rolls reveal 2,92,048 voters with house number ‘0’",1273,0.98,71,0,morose_coder,4136.3,48780.0,70456.0,True,False
india,1mgez1p,2025-08,1780726477,1754213129,Why is there such a massive quality difference in products between the West and India?,1262,0.94,268,0,HuntingNumbers,870.5,581.0,77.0,True,False
india,1mnz5fq,2025-08,1780726477,1754972856,'90% of India makes less than ₹25k a month': Jay Kotak on middle-class hit as ICICI ups minimum bala,1249,0.98,90,0,xperia3310,4625.1,82895.0,32078.0,True,False
india,1mi9e5s,2025-08,1780726477,1754400958,'Will raise tariff substantially in 24 hours': Donald Trump fires fresh salvo; says India 'not good ,1227,0.98,154,0,--5-,2601.7,183979.0,30949.0,True,False
india,1mn40qv,2025-08,1780726477,1754888003,Congress needs to go all-in with the “Vote Chori” campaign before BJP distracts the public,1160,0.93,160,0,Mayor_McCheese7,1462.9,34543.0,38904.0,True,False
india,1mktq9q,2025-08,1780726477,1754655744,'Father's name dfojgaidf; house no. 0': Inside Rahul Gandhi's 'atom bomb proof' of vote rigging in K,1153,0.97,29,0,hauntin,3644.0,43783.0,11626.0,False,False
india,1mep8lj,2025-08,1780726477,1754030203,"Varanasi: After Kanwariya Allegedly Harasses Muslim Girl, Police Files FIR Against Her Family | Desp",1151,0.94,60,0,rahulthewall,6419.9,220482.0,318063.0,True,False
BollyBlindsNGossip,1mrq7sa,2025-08,1780726687,1755336304,"Another day, another video of Hathiram Choudhary dancing effortlessly.",9818,0.94,194,0,CrazyHeart99,2704.9,31570.0,22819.0,True,True
BollyBlindsNGossip,1muictl,2025-08,1780726687,1755609875,This guy is totally unfiltered 🫢😂,6951,0.93,365,0,IncellishStud,,,,,True
BollyBlindsNGossip,1mgcnoy,2025-08,1780726687,1754203999,She is so right,5310,0.96,176,0,SalaryEducational323,,,,,True
BollyBlindsNGossip,1msucvy,2025-08,1780726687,1755445640,Kahaani for me remains the most well made female centric thriller,3886,0.99,169,0,Medium_Bicycle_1004,,,,,True
BollyBlindsNGossip,1mlq3yl,2025-08,1780726687,1754747921,Alia Bhatt's first house is one of my most favorite celeb homes,3580,0.97,134,0,laal_ishq,,,,,True
BollyBlindsNGossip,1mo8s8c,2025-08,1780726687,1755005393,Already loving their chemistry🤣🤣,3392,0.98,70,0,PressureInitial3262,1074.6,21734.0,16510.0,True,True
BollyBlindsNGossip,1mi37xr,2025-08,1780726687,1754380990,Back when maddock convinced all these beauties to come together for this lovely promotional song!,3273,0.97,89,0,arina_0730,1003.0,39333.0,374538.0,True,True
BollyBlindsNGossip,1mq4dg6,2025-08,1780726687,1755186449,Mrunal thakur new story,3140,0.96,343,0,Hell_holder11,1643.5,79895.0,51098.0,True,True
BollyBlindsNGossip,1mywwfq,2025-08,1780726687,1756045370,Aneet Padda singing Saiyaara with her father,3089,0.94,243,0,kokotara,2032.8,18692.0,40122.0,True,True
BollyBlindsNGossip,1my1q0i,2025-08,1780726687,1755956353,I agree with him!,3065,0.96,252,0,cinematicbeast,1332.0,25238.0,10374.0,True,True
BollyBlindsNGossip,1mf315a,2025-08,1780726687,1754070109,Those who deserved it.,3029,0.97,130,0,PressureInitial3262,1074.6,21734.0,16510.0,True,False
BollyBlindsNGossip,1msjtyp,2025-08,1780726687,1755413049,Has anyone seen this? 🤣💀,3014,0.92,341,0,xoxo_gossiper,1648.3,12580.0,22256.0,True,False
BollyBlindsNGossip,1mtno1u,2025-08,1780726687,1755527423,Is it only me who thinks Anushka Sharma’s acting is cringe and underwhelming?,2823,0.91,427,0,zac3244,1936.9,16093.0,48611.0,True,False
BollyBlindsNGossip,1ml6snm,2025-08,1780726687,1754686512,Best Salman Khan Tweet?,2792,0.99,52,0,melodramacamp,1252.8,1799.0,16360.0,True,False
BollyBlindsNGossip,1mtndb2,2025-08,1780726687,1755526756,It’s not easy to shoot with Salman Khan. We have to film day scenes at night because he only arrives,2777,0.99,210,0,WolfAffectionatefk,508.9,53511.0,3142.0,True,False
BollyBlindsNGossip,1mrl6sb,2025-08,1780726687,1755320075,Take me back to this era,2775,0.97,132,0,Longjumping-Ebb7892,981.0,24069.0,2267.0,True,False
BollyBlindsNGossip,1n2gpd5,2025-08,1780726687,1756397892,Why come in crowded places if its inevitably uncomfortable?,2765,0.73,597,0,One-Collection1418,364.2,18112.0,23731.0,True,False
BollyBlindsNGossip,1mtb99n,2025-08,1780726687,1755488177,The downfall is crazy.,2335,0.98,154,0,Former_Mail776,655.5,39340.0,36636.0,False,False
BollyBlindsNGossip,1mv6v9o,2025-08,1780726687,1755670282,Jamie lever shows off her talent,2315,0.99,61,0,measkandureply,,,,,False
BollyBlindsNGossip,1n4zpti,2025-08,1780726687,1756659083,Shahid-Tripti-Avinash together in spain.,2307,0.98,135,0,MaximumOutrageous01,721.5,22858.0,6528.0,False,False
BollyBlindsNGossip,1mssq4b,2025-08,1780726687,1755441788,Kareena Kapoor pulled off all these songs within a span of 1 year.,2299,0.97,100,0,GiveMeSomeSunshine3,448.8,1815823.0,223800.0,True,False
BollyBlindsNGossip,1n2zure,2025-08,1780726687,1756448535,Janhvi Kapoor has done 10 films and has scored ZERO HITS so far in last 7.5 years . Param Sundari is,2262,0.92,417,0,Glad-Ad5911,,,,,False
BollyBlindsNGossip,1mkosdt,2025-08,1780726687,1754638069,"What is the most stupidiously overrated movie, I'll start:",2243,0.85,519,0,VR2005,1613.8,54802.0,1689.0,True,False
BollyBlindsNGossip,1mex6si,2025-08,1780726687,1754056629,"WTF, national award bana filmfare awards 😭",2198,0.95,408,0,yygautam,881.4,3297.0,5735.0,True,False
BollyBlindsNGossip,1mvfw0s,2025-08,1780726687,1755699038,This was a direct reference to...,2150,0.98,85,0,GiveMeSomeSunshine3,448.8,1815823.0,223800.0,True,False
BollyBlindsNGossip,1mgnlx1,2025-08,1780726687,1754238603,Dhanush strongly condemns the AI-altered re-release of Raanjhanaa,2055,0.98,95,0,WolfAffectionatefk,508.9,53511.0,3142.0,True,False
BollyBlindsNGossip,1mgf6do,2025-08,1780726687,1754213943,Is it me or these two pairs are giving serious elder brother-younger sister core?,2011,0.96,143,0,Janaab_e_Marvel_3000,1970.1,145666.0,201480.0,True,False
BollyBlindsNGossip,1mtl0f8,2025-08,1780726687,1755521118,Aishwarya's new Loreal Ad,1978,0.96,252,0,IamInLoveAlways,1319.0,6495.0,3784.0,True,False
indiasocial,1mqigct,2025-08,1780726890,1755218013,F king cat..,7190,0.98,657,0,kaatupoochi10,2395.9,17401.0,3539.0,True,True
indiasocial,1my9pm9,2025-08,1780726890,1755975161,Delivery guys asks the owner for swing,7075,0.99,102,0,Sigma_rizzler69,688.1,30327.0,1858.0,True,True
indiasocial,1mz3hzj,2025-08,1780726890,1756060354,Never in my life I'll be this confident,6279,0.97,144,0,Remote_Salamander456,822.6,4552.0,157.0,True,True
indiasocial,1mzjn53,2025-08,1780726890,1756105568,A Father carries his disabled son to a Calcutta Football League match.,6268,0.98,82,0,idkmanfuc,815.8,136072.0,38373.0,True,True
indiasocial,1mzkoqh,2025-08,1780726890,1756109630,A sketch i made while she was cooking,6225,0.97,286,0,mehuldraw,668.8,136909.0,6223.0,True,True
indiasocial,1mrkq7p,2025-08,1780726890,1755318646,Just watched this mind numbing piece of genius from Bollywood,6169,0.95,952,0,Koach_Chiku,,,,,True
indiasocial,1mppg6m,2025-08,1780726890,1755142001,Guys I'm cooked,6079,0.94,1556,0,SatanOnLeave,,,,,True
indiasocial,1mjs16q,2025-08,1780726890,1754545862,What do you call this in your area?,6018,0.92,1708,0,Itz_curious,805.8,2612.0,872.0,True,True
indiasocial,1mgfk06,2025-08,1780726890,1754215405,Life is unfair guys 💔,5379,0.92,343,0,devZishi,973.6,9328.0,14770.0,True,True
indiasocial,1mj389c,2025-08,1780726890,1754483068,From a Son Watching His Mother Fade — Please Be Our Miracle 🙏,5281,0.96,617,0,Pukerman,2540.0,14557.0,2039.0,True,True
indiasocial,1mfy9xs,2025-08,1780726890,1754160955,Crazy girl at movie theatre,5246,0.98,320,0,Medium-Unit-8908,341.9,3574.0,1105.0,True,False
indiasocial,1mx8vjz,2025-08,1780726890,1755874860,"Dost ne glti se official group Mei reply kr diya,HOD,Dean, program leader sbne dekh Liya 🫡",4884,0.98,295,0,Akshit_j,3180.4,3685.0,4201.0,True,False
indiasocial,1mvb8pg,2025-08,1780726890,1755686444,I want it all worth it in the end,4850,0.98,85,0,Fun_Stay5680,305.2,10287.0,1141.0,True,False
indiasocial,1mizw69,2025-08,1780726890,1754472020,a sketch i made at the library,4685,0.98,198,0,mehuldraw,668.8,136909.0,6223.0,True,False
indiasocial,1mnbs8k,2025-08,1780726890,1754915770,A boon for loners,4674,1.0,106,0,defahoe0_0,1368.5,2058.0,353.0,True,False
indiasocial,1mrsg9h,2025-08,1780726890,1755343365,Enjoy rain with my daughter,4568,0.98,169,0,firstborngod,1357.2,6647.0,4281.0,True,False
indiasocial,1meyrac,2025-08,1780726890,1754060395,Got another sister (brand new),4532,0.96,475,0,sushantshah-dev,1366.1,5630.0,2120.0,True,False
indiasocial,1mqoxix,2025-08,1780726890,1755236929,We got this in breakfast today,4370,0.95,211,0,OverApplication3184,1405.0,30358.0,14026.0,True,False
indiasocial,1mi2ip9,2025-08,1780726890,1754378259,Found a ₹200 note with fancy serial number 888808. Is it valuable?,4257,0.94,435,0,More-Climate-4346,1062.2,2483.0,741.0,True,False
indiasocial,1n5384p,2025-08,1780726890,1756667428,Gifted this to my pasandida madr from my first salary!☺️,4127,0.98,370,0,Exciting_Extent7768,726.0,4757.0,299.0,True,False
indiasocial,1mmmofr,2025-08,1780726890,1754842641,Let's find our birthday twin,4027,0.84,6451,0,bicazamabeach,1291.4,6535.0,13615.0,True,False
indiasocial,1n0e5fr,2025-08,1780726890,1756188582,🩺 Not all heroes wear capes… some wear scrubs! KGMU doctors proved humanity &gt; money by saving a c,3857,0.98,108,0,batman_0102,380.3,47583.0,2911.0,True,False
indiasocial,1mrl76k,2025-08,1780726890,1755320110,I (25m) asked my mom to draw batman as a joke and she did it😭. Thanks ma.,3537,0.99,55,0,athiyan,2408.0,3795.0,3286.0,True,False
indiasocial,1mxx3gl,2025-08,1780726890,1755941976,"Someone asked me to exchange my seat, I generally say no, but this time it was different.",3497,0.99,105,0,Dry_Attorney2918,,,,,False
indiasocial,1mgef3r,2025-08,1780726890,1754210881,My fat loss journey from 112kg to 68kg,3379,0.98,345,0,ElbatPhantom,459.9,13874.0,2482.0,False,False
indiasocial,1mx2pxn,2025-08,1780726890,1755858212,Part 2 Update -&gt; Gym lady harrassing me,3357,0.95,400,0,Fitcook0111,,,,,False
indiasocial,1n3u42w,2025-08,1780726890,1756533651,Stopped mid-ride to paint this in watercolor,3272,0.99,86,0,AnnaRajasekharan,1843.8,93685.0,6233.0,True,False
indiasocial,1mku0ji,2025-08,1780726890,1754656563,Do you guys watch tv ?,3028,0.99,52,0,batman_0102,380.3,47583.0,2911.0,True,False
indiasocial,1n3v1ps,2025-08,1780726890,1756537150,OG Copy-Paste..,2988,1.0,35,0,batman_0102,380.3,47583.0,2911.0,True,False
indiasocial,1muk4kg,2025-08,1780726890,1755613944,Getting harrassed at the gym,2971,0.98,682,0,Fitcook0111,,,,,False
indiasocial,1mn3gy7,2025-08,1780726890,1754886112,"Found this in my house , should I be worried",2800,0.98,523,0,scrollingtillend,545.0,2176.0,790.0,True,False
indiasocial,1mvagr2,2025-08,1780726890,1755683720,Morning convos with my dad😭😭,2752,0.99,387,0,Oreodevi,498.6,13670.0,11082.0,True,False
indiasocial,1mtk4e1,2025-08,1780726890,1755518735,Guys kI accidentally click milkyway on my phone 🙆,2699,0.97,251,0,dopamine-19,330.0,2525.0,793.0,True,False
indiasocial,1mgia8y,2025-08,1780726890,1754224908,Today I learned lenscut exists,2589,0.99,133,0,Proof_Fondant_2475,1928.4,2566.0,1347.0,True,False
indiasocial,1miwhbt,2025-08,1780726890,1754458949,I got to have this goated dessert after very long,2461,0.97,327,0,Ranger_Hawk3046,390.1,123299.0,57317.0,True,False
developersIndia,1mknxjx,2025-08,1780727093,1754634869,I resigned so HR told me come to office daily and can't take leaves as well.,3100,0.96,343,0,ninja_charlie09,550.8,1840.0,31.0,False,True
developersIndia,1mtzb36,2025-08,1780727093,1755552874,"Build an extension that bypasses Dhruv's ""startup"" free usage limit.",2256,0.97,138,0,Killer_Bee_28,2044.3,2590.0,1038.0,True,True
developersIndia,1n1epkk,2025-08,1780727093,1756294973,I got 3 job offers because of my open-source project 🚀,1943,0.99,160,0,Salty-Bodybuilder179,1405.0,1692.0,831.0,True,True
developersIndia,1mv96cv,2025-08,1780727093,1755678930,I follow strict 8-9 hours .This has caused my colleagues to not like me,1873,0.97,186,0,Sufficient_Example30,1196.7,1734.0,893.0,True,True
developersIndia,1mubdgh,2025-08,1780727093,1755587187,"I got tired of paying OTTs and still getting ads, so I built my own plex media server with raspberry",1730,0.96,220,0,hritik-valluvar,452.9,947.0,589.0,True,True
developersIndia,1mh3vud,2025-08,1780727093,1754281316,My side project got sponsored by Vercel. This is big W,1511,0.98,77,0,pavitr-parker,415.1,5323.0,1630.0,True,True
developersIndia,1n44k8u,2025-08,1780727093,1756567912,Advice that helped me become SDE 2 in just 1.5 years,1499,0.98,66,0,wolfzartt,337.4,1213.0,381.0,True,True
developersIndia,1miviea,2025-08,1780727093,1754455600,"Built a free app to compare real-time cab fares (Uber, Ola, Rapido, Namma Yatri) and groceries (Blin",1475,0.99,87,0,akshat207,4034.7,25681.0,4859.0,True,True
developersIndia,1n3wkx6,2025-08,1780727093,1756543098,Failed 11+ companies interviews been trying for almost 1 year finally got an offer,1412,0.99,220,0,Financial_Usual_2424,548.7,756.0,1778.0,True,True
developersIndia,1mi1t2e,2025-08,1780727093,1754375560,I wrote a Python bot that automatically texts my mom when I stay late at work. So she doesn’t have t,1304,0.96,78,0,the2ndfloorguy,2175.9,31625.0,3742.0,True,True
developersIndia,1mn2kdq,2025-08,1780727093,1754883285,IT jobs in India no one to stand for us to represent,1258,0.96,137,0,Gone4Upgrade,320.7,648.0,970.0,True,False
developersIndia,1mqph4o,2025-08,1780727093,1755238743,Please name the companies with 6-day work week policy.,1046,0.99,185,0,mochapoopz,361.2,705.0,35.0,True,False
developersIndia,1mxzv39,2025-08,1780727093,1755951301,What 5 years of interviewing (both as candidate &amp; interviewer) taught me,1043,0.99,40,0,the2ndfloorguy,2175.9,31625.0,3742.0,True,False
developersIndia,1mynqct,2025-08,1780727093,1756014941,sakura -  a media rendering library for terminal that uses ascii blocks,1024,0.99,90,0,Open_Assist_6585,814.9,461.0,64.0,True,False
developersIndia,1mzgzvr,2025-08,1780727093,1756095928,Got terminated from a company after one month of joining.,971,0.98,138,0,Impossible-Pause4575,688.2,897.0,1207.0,True,False
developersIndia,1mvfww2,2025-08,1780727093,1755699091,An Interviewer’s Perspective - Some Advice for Future Candidates,951,0.99,180,0,ETLord,304.0,442.0,220.0,True,False
developersIndia,1mqxwuo,2025-08,1780727093,1755264636,I profited from Perplexity’s Comet browser news in India,912,0.97,70,0,saitamaxmadara,3266.8,1907.0,17445.0,True,False
developersIndia,1muh5xh,2025-08,1780727093,1755606906,When Mathematics and Physics Meet Computer Programmer,870,0.99,41,0,Intelligent-Bill-938,1417.8,703.0,50.0,True,False
developersIndia,1n32qyh,2025-08,1780727093,1756459738,Just found a GitHub repo that lets you register and manage domain names 100% free,810,0.96,53,0,Few_Pollution3851,476.3,543.0,42.0,True,False
developersIndia,1mixmek,2025-08,1780727093,1754463091,TCS firing freshers? And is TCS hiding the actual numbers?,778,0.98,232,0,HuntyBooterxoxo,2141.8,4436.0,373.0,False,False
developersIndia,1mn7vfa,2025-08,1780727093,1754902648,Sharing my organised Homelab (mostly self-hosting),774,0.99,131,0,broly_1033,2797.1,393.0,648.0,True,False
developersIndia,1mti7ym,2025-08,1780727093,1755512794,High Earning Developers in India (50L+) How Did You Do It Without Moving Abroad?,768,0.96,281,0,Healthy-Craft-3693,786.2,370.0,351.0,False,False
developersIndia,1mob4ip,2025-08,1780727093,1755010907,Labeled “ChatGPPT dev” at my first job… feeling demotivated,755,0.95,186,0,HyenaRevolutionary98,1126.0,2508.0,429.0,True,False
developersIndia,1mv7ajo,2025-08,1780727093,1755671838,Manager wants me to change project after hearing my salary,737,0.98,239,0,Unofficial-X,556.5,1274.0,406.0,True,False
developersIndia,1mfia0n,2025-08,1780727093,1754111383,From Unpaid Intern to 50K Stipend in Bangalore - My Journey,640,0.95,129,0,_goodthingsfallapart,353.1,2736.0,566.0,True,False
developersIndia,1n18cyr,2025-08,1780727093,1756271550,AI cannot replace good junior devs yet! Here’s why!,628,0.94,125,0,_RC101_,2400.0,4466.0,6107.0,True,False
developersIndia,1n40st1,2025-08,1780727093,1756558120,Realizing after years that many IT jobs aren’t “real software Engineering knowledge”,597,0.97,41,0,Top_Transition_3803,753.5,279.0,21.0,True,False
developersIndia,1mj0adq,2025-08,1780727093,1754473517,How to politely decline an offer I received? Feeling a bit guilty.,567,0.98,117,0,Bitter_Gazelle7559,459.4,549.0,2269.0,True,False
developersIndia,1n3046z,2025-08,1780727093,1756449499,"BlackRock is S, don't expect much yet. HR are soooo bad.",564,0.99,63,0,chankeypathak,5266.1,11376.0,3458.0,True,False
developersIndia,1mlo5ao,2025-08,1780727093,1754742230,"What will those 12,000 laid-off TCS employees will do now?",543,0.94,184,0,Noble-prize683,714.7,28671.0,3306.0,True,False
developersIndia,1mjct3c,2025-08,1780727093,1754505451,This constant fear of losing my job is destroying me,531,0.97,89,0,Easy_Pizza_001,1248.6,1481.0,2998.0,True,False
developersIndia,1mgfkbu,2025-08,1780727093,1754215435,"""Even if you achieve 80–90% of your realistic goals, you'll still end up feeling unhappy 80% of the ",508,0.97,36,0,ishaanp65,2430.0,2827.0,4239.0,True,False
developersIndia,1mjvu27,2025-08,1780727093,1754560308,6LPA remote or 8LPA bangalore? ahat would you pick?,499,0.96,273,0,JhantuReporter,1007.0,335.0,318.0,True,False
developersIndia,1n4lkkw,2025-08,1780727093,1756614596,"Job seekers are human beings, not just applications",497,0.95,126,0,circusmonkey01,2276.3,442.0,568.0,True,False
developersIndia,1mv49i4,2025-08,1780727093,1755661539,Ami taking too many leaves. Don't feel like working anymore.,497,0.98,80,0,ZealousidealWish7149,907.6,659.0,519.0,True,False
developersIndia,1mqz27b,2025-08,1780727093,1755267255,"Do stress-free, well-paying companies actually exist?",493,0.96,199,0,Excellent_Peach2721,412.9,2542.0,887.0,True,False
IndiaCricket,1mzn7if,2025-08,1780727292,1756119079,Hello Reddit! I’m Sachin Tendulkar. Here for an AMA on r/IndiaCricket - Ask Me Anything!,7416,0.83,4949,0,sachintendulkar,366.1,69673.0,22267.0,True,True
IndiaCricket,1mi8j64,2025-08,1780727292,1754398792,Sharing my thoughts on the Anderson–Tendulkar Trophy! Part 1,4393,0.95,200,0,sachintendulkar,366.1,69673.0,22267.0,True,True
IndiaCricket,1mhbhp3,2025-08,1780727292,1754308880,"185.2 overs in, the man just has no quite. All hail Siraj",3952,0.99,109,0,almonakinvader,2324.5,146444.0,48693.0,True,True
IndiaCricket,1mhb0ch,2025-08,1780727292,1754307401,Test cricket… absolute goosebumps.,3648,1.0,90,0,sachintendulkar,366.1,69673.0,22267.0,True,True
IndiaCricket,1n1joaa,2025-08,1780727292,1756307389,Actual speed of a ball as seen by sky camera,3344,0.99,124,0,Same_Investigator_46,1094.5,1090135.0,113241.0,True,True
IndiaCricket,1mhatrb,2025-08,1780727292,1754306831,Mohammed Siraj bags the POTM,3134,0.99,58,0,EnvironmentalLine262,479.8,5526.0,3104.0,True,True
IndiaCricket,1n3s76o,2025-08,1780727292,1756527056,nitish rana vs digvesh rathi !,3010,0.97,152,0,desimikeross,454.4,6735.0,30061.0,True,True
IndiaCricket,1mhz18o,2025-08,1780727292,1754366084,The love and respect Siraj holds for Bumrah is something really special.,2932,0.99,55,0,itneverhelps,894.6,61227.0,75860.0,True,True
IndiaCricket,1mod48z,2025-08,1780727292,1755015405,"With Every Story, Respect for Siraj Grows",2911,1.0,31,0,poormasshole,1004.7,74764.0,586.0,True,True
IndiaCricket,1mr3xm4,2025-08,1780727292,1755277785,When MS Dhoni showed nothing is bigger than the country's flag (Highlights),2567,0.98,61,0,5missedcallsfromBCCI,594.7,136986.0,41832.0,True,True
IndiaCricket,1msptcr,2025-08,1780727292,1755434298,Peak Athleticism. Imagine hitting 100 by just running.,2519,0.97,115,0,Acceptable-Set-8327,1062.5,2892.0,13011.0,True,False
IndiaCricket,1mi8ylj,2025-08,1780727292,1754399868,KL Rahul's Insta story for Rishabh Pant &amp; Chris Woakes.,2428,1.0,30,0,MidnightWolf__,480.3,130895.0,64401.0,True,False
IndiaCricket,1mhdyjv,2025-08,1780727292,1754315338,KL during post match interview,2359,1.0,67,0,RayInRed,3130.0,979663.0,221958.0,True,False
IndiaCricket,1mh3y2c,2025-08,1780727292,1754281526,"Root is not scared of Siraj 's'fake-anger', he gives his all, a fan anyway...",2298,0.99,61,0,Additional-Battle10,513.1,119411.0,4403.0,True,False
IndiaCricket,1mlkheg,2025-08,1780727292,1754728342,Sad reality of Indian fans,2290,0.97,58,0,One8emo,,,,,False
IndiaCricket,1mvce2f,2025-08,1780727292,1755690034,"then hardik, now axar. this is absolutely absurd.",2263,0.99,97,0,desimikeross,454.4,6735.0,30061.0,True,False
IndiaCricket,1mlgous,2025-08,1780727292,1754714260,I was not on reddit when this match was played. Kya maahol tha us din yha ?,2259,0.96,161,0,pushups0025,407.6,1157.0,76.0,True,False
IndiaCricket,1mgjy6s,2025-08,1780727292,1754229547,These two moments are gonna haunt ICT fans and Siraj ...,2168,0.98,130,0,AdOpening2460,511.8,5373.0,88.0,True,False
IndiaCricket,1mv6wz2,2025-08,1780727292,1755670461,"Your chance to ask me anything – cricket, life, and everything else! Join my AMA on r/IndiaCricket t",2101,0.97,326,0,sachintendulkar,366.1,69673.0,22267.0,True,False
IndiaCricket,1mf29kb,2025-08,1780727292,1754068364,Kl Rahul to Kumar Dharmasena,2042,0.99,187,0,SB0299,1669.8,16758.0,3563.0,True,False
IndiaCricket,1mv7sp5,2025-08,1780727292,1755673677,He was always more than just a batter 💯,1955,0.99,36,0,Fragrant-Beach-8998,352.7,1224.0,0.0,False,False
IndiaCricket,1mics01,2025-08,1780727292,1754408820,"KL Rahul is so calm that even when there was so much pressure, he was aura farming and juggling the ",1954,0.99,36,0,5missedcallsfromBCCI,594.7,136986.0,41832.0,True,False
IndiaCricket,1mn6dt5,2025-08,1780727292,1754896712,Why did KLR do such shit keeping in the CWC final?,1953,0.95,222,0,Maddyadi007,299.2,11985.0,3852.0,False,False
IndiaCricket,1mhfofb,2025-08,1780727292,1754319353,MOHAMMED SIRAJ ABOUT BOWLING 185.3 OVERS IN THE TEST SERIES. - The Diamond of Indian Cricket.,1941,1.0,50,0,Inside_One_9147,878.8,240282.0,4686.0,True,False
IndiaCricket,1mfhxfg,2025-08,1780727292,1754110219,Ponting identified the flaw in Sai Sudarshan technique in an analysis and he got out in the same man,1895,0.99,102,0,Inside_One_9147,878.8,240282.0,4686.0,True,False
IndiaCricket,1mez3k1,2025-08,1780727292,1754061150,Mohammed Siraj is slowly becoming one of our absolute best.,1864,0.99,73,0,futterwackenformed,2860.3,2567.0,24797.0,True,False
IndiaCricket,1mgb8l6,2025-08,1780727292,1754198730,Sunil gavaskar got a gift for shubhman yesterday because he had anticipated that gill will break his,1764,0.99,49,0,NoProfessionn,548.9,45653.0,41122.0,True,False
IndiaCricket,1mhb5sn,2025-08,1780727292,1754307877,Indian cricket team celebrating the oval win and drawing the Anderson Tendulkar Trophy 2025,1763,1.0,63,0,tiramisuu123,,,,,False
IndiaCricket,1mhfacw,2025-08,1780727292,1754318456,"For all the hate that he received for that hand signal,Thank you for this absolute gift Dharmasena",1697,0.99,43,0,lbrandon3399,2578.0,85962.0,39555.0,True,False
IndiaCricket,1mqnvfo,2025-08,1780727292,1755233417,five years today. MSD left behind quite a legacy.,1691,0.98,65,0,desimikeross,454.4,6735.0,30061.0,True,False
IndiaCricket,1myrpnb,2025-08,1780727292,1756029942,Who's gonna carry the boat!!! Probably Pant...,1688,0.97,161,0,Additional-Battle10,513.1,119411.0,4403.0,True,False
IndiaCricket,1mzj3ia,2025-08,1780727292,1756103485,pujara - the man who bats and bats and bats.,1643,1.0,23,0,desimikeross,454.4,6735.0,30061.0,True,False
IndiaCricket,1mhcid1,2025-08,1780727292,1754311713,Siraj showing the 'Believe' wallpaper on his phone in post match conference,1622,1.0,61,0,Determined_fighter,1853.1,43405.0,5047.0,True,False
IndiaCricket,1n18h3x,2025-08,1780727292,1756271969,Ashwin retires from IPL..,1585,0.99,54,0,imfrom_mars_,364.3,1200775.0,9637.0,True,False
IndiaCricket,1mi2t53,2025-08,1780727292,1754379385,The crucial nightwatchman 66.,1484,1.0,32,0,qala_kandy,540.7,603.0,89.0,False,False
IndiaCricket,1mhbt81,2025-08,1780727292,1754309804,The pacer trio who took all the 19 wickets to win the match and level the series.,1400,1.0,31,0,GiveMeSomeSunshine3,448.8,1815823.0,223800.0,True,False
IndiaCricket,1mfv7yo,2025-08,1780727292,1754153240,Washington Sundar Well Played,1398,0.99,34,0,Inside_One_9147,878.8,240282.0,4686.0,True,False
IndiaCricket,1mhavoo,2025-08,1780727292,1754307003,6th Player of the Series Award for Shubman Gill,1391,0.99,63,0,sadsoul0777,,,,,False
IndiaCricket,1mfrq1k,2025-08,1780727292,1754144464,Outstanding 100 by Yashasvi,1359,0.99,27,0,sachintendulkar,366.1,69673.0,22267.0,True,False
IndiaCricket,1mlge1h,2025-08,1780727292,1754713268,A dream come true for Akash Deep and his family - their new car.,1349,0.99,21,0,poormasshole,1004.7,74764.0,586.0,True,False
bollywood,1n4t75y,2025-08,1780727500,1756642649,How the fuck did they make this movie with just 5cr,7345,0.98,280,0,Suyash4126,1234.1,30976.0,29958.0,True,True
bollywood,1msuk1m,2025-08,1780727500,1755446112,SRK doesn't need to use de-aging in his films anymore. He can just use Aryan for flashback scenes.,3973,0.96,123,0,UndeadReborn,691.5,93436.0,79847.0,True,True
bollywood,1mm2s5m,2025-08,1780727500,1754780221,Explain a bollywood movie plot badly.,3035,1.0,304,0,Able-Monitor9189,1686.8,6367.0,733.0,True,True
bollywood,1mo5vyv,2025-08,1780727500,1754997383,Even a negative role seems positive when its Kay Kay Mennon playing it....,3000,0.99,104,0,Sharp-potential7935,310.8,3025126.0,31936.0,True,True
bollywood,1mv6hwf,2025-08,1780727500,1755668906,Alpha male being a Karen over underwear,2969,0.89,392,0,Ready_Ad_1353,1463.8,106475.0,31067.0,True,True
bollywood,1n375s8,2025-08,1780727500,1756473332,Dhoom is Dhoom because of them!,2687,0.97,100,0,SureManufacturer6714,,,,,True
bollywood,1mrmn87,2025-08,1780727500,1755324608,"Race was always meant for Saif, and Saif alone.His character saved an average story.(Race 2)",2426,0.97,45,0,0Layscheetoskurkure0,311.0,442360.0,5975.0,False,True
bollywood,1mua5hg,2025-08,1780727500,1755582844,ohhhh,2262,0.97,153,0,Puzzleheaded-Eye9260,,,,,True
bollywood,1mpr9rz,2025-08,1780727500,1755147773,"""You couldn’t even be loyal to your own parents, what kind of friend would you be"" This rare scene i",2250,0.98,60,0,SureManufacturer6714,,,,,True
bollywood,1mwwple,2025-08,1780727500,1755836118,Wild how Ayan Mukerji had two perfect shots at pan-India and blew them 💀,2168,0.99,95,0,SureManufacturer6714,,,,,True
bollywood,1mm8rwe,2025-08,1780727500,1754798259,Chak De! India turns 18. Every iconic actor has that one scene which lives on for generations to com,2166,0.98,73,0,ethanhunt555,415.2,116916.0,21845.0,True,False
bollywood,1my85f7,2025-08,1780727500,1755971550,Sad to see a man of his caliber has not directed a single film in last 14 years!!,1972,0.97,90,0,LoneBuddy,2247.0,1895.0,386.0,True,False
bollywood,1mw00gd,2025-08,1780727500,1755746720,Stronger dialogue delivery?,1929,0.98,190,0,SureManufacturer6714,,,,,False
bollywood,1mf57v0,2025-08,1780727500,1754075065,I think Shah Rukh Khan won due to this particular scene in Jawan,1906,0.9,175,0,Ready_Ad_1353,1463.8,106475.0,31067.0,True,False
bollywood,1mzgpr9,2025-08,1780727500,1756094989,Aamir Khan's Filmography: Cinema,1817,0.98,93,0,stan_films,677.3,20230.0,20248.0,False,False
bollywood,1mj71ru,2025-08,1780727500,1754492540,Day 1: Worst Hindi actress performance of 2025 (so far)?,1812,0.97,407,0,Dramatic-Custard-831,1127.9,39757.0,4815.0,True,False
bollywood,1n2lutf,2025-08,1780727500,1756409525,"The chutney song is so unhinged. Salman just owned the character of Chulbul Pandey, his swag was off",1752,0.98,39,0,Big-Friendship-5022,502.8,138380.0,9808.0,True,False
bollywood,1mufn33,2025-08,1780727500,1755602582,"With all the action films disappointing this year, Dhurandhar genuinely has a chance to pull off som",1705,0.98,116,0,Dothrak-Reaper,,,,,False
bollywood,1mq0y4k,2025-08,1780727500,1755178735,A rare W in bollywood comedy movies post 2010,1688,0.96,123,0,UniqueWillingness180,2012.2,8519.0,2747.0,True,False
bollywood,1mxxywd,2025-08,1780727500,1755945138,"Loved how Pran went head to head with Bachchan in this scene, anyone else would’ve vanished",1671,0.97,59,0,SureManufacturer6714,,,,,False
bollywood,1mezwy0,2025-08,1780727500,1754063024,National Award had a value when these actors were chosen as the best actors,1614,0.98,115,0,SureManufacturer6714,,,,,False
bollywood,1mj01pd,2025-08,1780727500,1754472610,Tom Alter: The Outsider Who Felt More Indian Than Most Indians,1529,0.99,50,0,baskiyakartom,1953.4,37642.0,4724.0,True,False
bollywood,1n1bwgu,2025-08,1780727500,1756285212,SRK in Dunki is one of the worst performances by a leading mainstream star-actor in recent years,1480,0.91,187,0,Big-Friendship-5022,502.8,138380.0,9808.0,True,False
bollywood,1moalic,2025-08,1780727500,1755009711,Both father and son (Boman and Kayoze Irani) directed films this year. The difference in quality is ,1476,0.99,61,0,BollywoodMeraMaalik,929.9,6149.0,7413.0,False,False
bollywood,1mu9km9,2025-08,1780727500,1755580835,"Achyut Potdar, famously known for his role as a machine class lecturer in 3 Idiots, has passed away ",1371,0.99,46,0,ethanhunt555,415.2,116916.0,21845.0,True,False
bollywood,1msorc8,2025-08,1780727500,1755431122,"That one actor that nobody names as their favorite, yet when you ask about him, they all say he's a ",1360,0.96,211,0,SevereSuspect3215,978.0,6568.0,1173.0,True,False
bollywood,1mw6p1s,2025-08,1780727500,1755770475,Deewar was remade in Hongkong,1354,0.99,41,0,fanatic_fangirl,2975.6,15830.0,526.0,True,False
bollywood,1mmp45q,2025-08,1780727500,1754848299,The worst performance by a mainstream star-actress in recent years - Deepika in Singham Again,1354,0.95,186,0,Big-Friendship-5022,502.8,138380.0,9808.0,True,False
bollywood,1n1o0k8,2025-08,1780727500,1756317058,How is there declination in visual effects as years pass by? Srk raone released 2011,1348,0.98,80,0,comedy6969,968.7,20769.0,29084.0,True,False
bollywood,1mzxbcf,2025-08,1780727500,1756143849,"Action without vfx and cgi, Amatabh bachchans aura was one of a kind🔥",1345,0.99,56,0,NoDish9615,,,,,False
bollywood,1mox9dl,2025-08,1780727500,1755067701,This guy gave one of most defining conceptual movies of Bollywood and then vanished meanwhile back t,1303,0.94,58,0,VastOpportunity7970,1857.9,5026.0,2301.0,True,False
bollywood,1n405ro,2025-08,1780727500,1756556220,"Not a Salman fan, but credit where it’s due, he was damn good in this role!",1281,0.95,55,0,SureManufacturer6714,,,,,False
bollywood,1mgcqij,2025-08,1780727500,1754204296,"Wanted not only brought Salman Khan back to the game but also gave Bollywood a new anti-hero, Prakas",1277,0.99,50,0,DragonDeninSharkTank,1539.1,186549.0,123292.0,True,False
bollywood,1n3vn2s,2025-08,1780727500,1756539397,Curious case of Siddharth Malhotra,1232,0.97,215,0,unplugged_vaibhav,846.2,1255.0,805.0,True,False
bollywood,1mrpey9,2025-08,1780727500,1755333582,The climax of this movie was great writing and performance.,1147,0.98,23,0,PressureInitial3262,1074.6,21734.0,16510.0,True,False
bollywood,1mwcbfo,2025-08,1780727500,1755786124,Katrina single handedly ruined Jab Tak Hai Jaan with her acting. You can see the difference in talen,1144,0.93,217,0,Dothrak-Reaper,,,,,False
bollywood,1mfn9nw,2025-08,1780727500,1754130503,"People often said SRK was robbed of a National Award for Swades. Years later, the director of that v",1125,0.97,73,0,cinematicbeast,1332.0,25238.0,10374.0,True,False
bollywood,1mqob65,2025-08,1780727500,1755234842,"Anybody planning to watch War 2 and rooting for HR's entry this time, lemme tell you, it's not even ",1124,0.97,56,0,InternationalNose980,1090.7,27024.0,15997.0,False,False
bollywood,1mviq61,2025-08,1780727500,1755705338,Is he trying to become the Zoya Akhtar of this generation?,1073,0.86,160,0,yellow_pills,1407.8,227862.0,20725.0,True,False
bollywood,1mr4r7h,2025-08,1780727500,1755279549,Both Karan Johar and Aditya Chopra are way past their prime and are scared of failure.,1019,0.98,90,0,crypticpanda26,711.9,1319.0,9444.0,True,False
IndianStockMarket,1mjr6mq,2025-08,1780727696,1754542939,India is now the most tariffed nation along with Brazil!,2878,0.97,263,0,stocktwitsindia,949.3,40104.0,28.0,True,True
IndianStockMarket,1mk0p5x,2025-08,1780727696,1754574786,This one simple trade could've made you a millionaire (if you had a time machine).,1922,0.96,81,0,HODL_buddy,338.9,13216.0,876.0,True,True
IndianStockMarket,1mv7k1e,2025-08,1780727696,1755672823,Eternal is now bigger than HAL,1775,0.94,168,0,stocktwitsindia,949.3,40104.0,28.0,True,True
IndianStockMarket,1mthvp6,2025-08,1780727696,1755511620,State of the market 👀,1426,0.98,70,0,stocktwitsindia,949.3,40104.0,28.0,True,True
IndianStockMarket,1n0kz4m,2025-08,1780727696,1756212654,US issues notice for extra 25% tariff on India beginning August 27,1383,0.98,48,0,stocktwitsindia,949.3,40104.0,28.0,True,True
IndianStockMarket,1mui1mb,2025-08,1780727696,1755609134,Apple is producing full iPhone 17 lineup in India,1223,0.98,63,0,stocktwitsindia,949.3,40104.0,28.0,True,True
IndianStockMarket,1n343lm,2025-08,1780727696,1756464528,India's Q1 GDP growth at 7.8%,1217,0.95,218,0,stocktwitsindia,949.3,40104.0,28.0,True,True
IndianStockMarket,1mqle9z,2025-08,1780727696,1755226056,Trump threatening India again,1175,0.97,94,0,Material_Parfait9619,1090.1,717.0,188.0,True,True
IndianStockMarket,1mknhx1,2025-08,1780727696,1754633309,NSDL is ripping!,1037,0.99,68,0,stocktwitsindia,949.3,40104.0,28.0,True,True
IndianStockMarket,1meqft8,2025-08,1780727696,1754034820,Trump's new tariffs...👀,971,0.98,125,0,stocktwitsindia,949.3,40104.0,28.0,True,True
IndianStockMarket,1mo6ene,2025-08,1780727696,1754999006,Retail inflation falls to 8-year low,940,0.97,112,0,stocktwitsindia,949.3,40104.0,28.0,True,False
IndianStockMarket,1msgdc6,2025-08,1780727696,1755401398,Tata Bye Bye,903,0.98,23,0,Doctor_Ka_Kutta,854.2,5903.0,24595.0,True,False
IndianStockMarket,1mqnil8,2025-08,1780727696,1755232288,My biggest loss!,800,0.95,302,0,ChemicalSample146,571.6,1326.0,194.0,True,False
IndianStockMarket,1mwkleb,2025-08,1780727696,1755804270,Finally!! 😃,775,0.99,38,0,Broad-Research5220,1579.6,111885.0,17683.0,True,False
IndianStockMarket,1mr7zls,2025-08,1780727696,1755286659,Views on BRICS local currency?,675,0.94,64,0,Maleficent_Pace_1758,306.7,351.0,15.0,True,False
IndianStockMarket,1mo3f4b,2025-08,1780727696,1754988540,Why the SIPs are high,667,0.97,72,0,Manager0808,804.8,830.0,10435.0,True,False
IndianStockMarket,1n3v0ll,2025-08,1780727696,1756537020,Ever happened to you?,664,0.99,83,0,Nubra_,297.2,1550.0,46.0,False,False
IndianStockMarket,1mudz5e,2025-08,1780727696,1755597077,"Under 25, overconfident, and already lost",626,0.93,99,0,CAGRGuy,353.1,21004.0,2718.0,True,False
IndianStockMarket,1mx5mcn,2025-08,1780727696,1755866990,GKB Lenses shareholders meet. Wait till the end to find out how many shares he hold.,597,0.98,33,0,bajiraopeshwa2,290.1,11828.0,2812.0,True,False
IndianStockMarket,1mhdeiq,2025-08,1780727696,1754313994,India is now the 2nd biggest Bitcoin holder!,544,0.96,69,0,Stoxiq,341.1,12513.0,1099.0,True,False
IndianStockMarket,1mj6yca,2025-08,1780727696,1754492333,"Trump has lost his mind, another 25% tariff, now total 50%",544,0.94,173,0,CAGRGuy,353.1,21004.0,2718.0,True,False
IndianStockMarket,1mx78go,2025-08,1780727696,1755871016,USA accounts for 11% of India's total trade,540,0.97,57,0,stocktwitsindia,949.3,40104.0,28.0,True,False
IndianStockMarket,1n25b9g,2025-08,1780727696,1756364339,"Average Indian didn’t see any benefit from cheap Russian oil, and we need more reforms to push the m",516,0.89,78,0,Heartyprofitcalm,1941.8,2159.0,3158.0,True,False
IndianStockMarket,1mp2wgk,2025-08,1780727696,1755087610,India is now least favored Asian stock market,507,0.94,54,0,stocktwitsindia,949.3,40104.0,28.0,True,False
IndianStockMarket,1mowdat,2025-08,1780727696,1755064452,RBI issues a warning on Indian equities,495,0.99,77,0,007dukhiaatma,1444.9,18733.0,5782.0,True,False
IndianStockMarket,1mqw9as,2025-08,1780727696,1755260567,Centre proposes to reduce GST to two slabs of 5 and 18 percent with few sin items ar 40 percent,466,0.97,89,0,Apprehensive-Mix-45,748.7,20317.0,24033.0,True,False
IndianStockMarket,1n22ilh,2025-08,1780727696,1756354245,The brutal truth about Indian markets right now,461,0.92,121,0,Broad-Research5220,1579.6,111885.0,17683.0,True,False
IndianStockMarket,1mj0f6f,2025-08,1780727696,1754474025,Help! My CA says my ₹21k trading profit is actually ₹1 Lakh for tax. How is this possible?,439,0.96,110,0,anoopdreams,3839.1,227.0,-8.0,True,False
IndianStockMarket,1mzq9sc,2025-08,1780727696,1756127923,"India’s growth has quietly slowed down, even slower than Pre-COVID",433,0.91,73,0,Broad-Research5220,1579.6,111885.0,17683.0,True,False
IndianStockMarket,1mhgewg,2025-08,1780727696,1754320981,India May Face 50%+ Tariffs. New Trade War to Begin.,428,0.94,78,0,Silent_Torque,422.2,4465.0,506.0,True,False
IndianStockMarket,1mkultj,2025-08,1780727696,1754658134,Zerodha makes tax reports easy while others make you suffer,425,0.99,47,0,CAGRGuy,353.1,21004.0,2718.0,True,False
IndianStockMarket,1mk3bgk,2025-08,1780727696,1754580899,President Putin likely to visit India at the end of this year,414,0.97,17,0,stocktwitsindia,949.3,40104.0,28.0,True,False
IndianStockMarket,1mgs3iz,2025-08,1780727696,1754249280,Was Akshat right? Everything in US market is so rosy these days. 🥀,392,0.93,40,0,Relative_Scarcity0,1016.2,870.0,398.0,True,False
IndianStockMarket,1n590g2,2025-08,1780727696,1756682011,"Damm. If someone had invested just ₹90K in 2023, it would have turned into a massive ₹80 lakh today.",388,0.78,76,0,TripTales41,301.3,30409.0,3249.0,True,False
IndianStockMarket,1mlgztm,2025-08,1780727696,1754715272,"Minimum balance 50,000 for ICICI Bank account",388,0.95,263,0,yunhee_9,410.0,1293.0,520.0,True,False
IndianStockMarket,1mem0on,2025-08,1780727696,1754019184,Next few decades not good for economy/humanity,379,0.82,188,0,Helpful-Reply-007,,,,,False
IndianStockMarket,1mxu9co,2025-08,1780727696,1755931260,Two Shades of BEBI,358,0.99,7,0,Pale-Play-5936,421.3,188.0,19.0,True,False
IndianStockMarket,1n2x32y,2025-08,1780727696,1756438999,"After 16+ years in the market, I understand why most people LOSE money despite having access to the ",357,0.97,43,0,Broad-Research5220,1579.6,111885.0,17683.0,True,False
IndianStockMarket,1mhz3e5,2025-08,1780727696,1754366275,Lenskart going public can they really change how India wears glasses?,351,0.93,81,0,HODL_buddy,338.9,13216.0,876.0,True,False
IndianStockMarket,1mt1vhb,2025-08,1780727696,1755462980,Why is Zerodha owning so many YouTube channels recently,339,0.97,39,0,nobjour,701.1,209.0,158.0,True,False
indiaspeaks,1mowxzu,2025-08,1780727910,1755066530,Dog Jumps from Balcony to Save Kids from a Stray Dog in Rishikesh,6009,0.98,143,0,Almost_Infamous,4768.6,78257.0,106999.0,True,True
indiaspeaks,1mxzc5i,2025-08,1780727910,1755949696,We need more doctors like him.,5324,0.99,134,0,SwimmerPlus3383,,,,,True
indiaspeaks,1mmew6e,2025-08,1780727910,1754820864,"Uncle rocked, she got shocked",4620,0.99,51,0,SatoruGojo232,864.4,2347967.0,240368.0,True,True
indiaspeaks,1mkos7c,2025-08,1780727910,1754638049,This Couple denied entry in a restaurant because they were wearing decent clothes which don't match ,4308,0.96,404,0,Himuexe,2026.8,23984.0,2560.0,True,True
indiaspeaks,1mev2w4,2025-08,1780727910,1754051065,The only language USA understands.,3293,0.98,114,0,bro-please,1577.1,6104.0,10424.0,True,True
indiaspeaks,1mruvyh,2025-08,1780727910,1755349943,West Bengal police stopped the screening of Bengalfiles in Kolkata.,3180,0.98,145,0,Maheshquest0,428.3,28264.0,4789.0,True,True
indiaspeaks,1mnxp3c,2025-08,1780727910,1754968415,"Woman dies by suicide as boyfriend tortures her, pressurises her to convert in kerala",3103,0.95,272,0,pihhit989,406.9,8086.0,17668.0,False,True
indiaspeaks,1mh8i6a,2025-08,1780727910,1754298538,Woman in Mumbai created a scene after a TC pulled her by her bag when she was trying to escape. She ,3020,0.97,246,0,abduljain,1274.1,10999.0,2621.0,False,True
indiaspeaks,1mfh7or,2025-08,1780727910,1754107845,"India's youth, It's future, is on the streets",2853,0.98,129,0,liberal_bhakt,1657.8,20693.0,2984.0,True,True
indiaspeaks,1meziio,2025-08,1780727910,1754062106,Her Eyes Spoken What Courts Ignored.,2798,0.97,148,0,Illustrious-Wall-293,1408.9,40560.0,3891.0,True,True
indiaspeaks,1mj3440,2025-08,1780727910,1754482753,What the hell is wrong with this guy?,2770,0.96,244,0,Busy_Bench_83,,,,,False
indiaspeaks,1n41prv,2025-08,1780727910,1756560679,Kerala Canara Bank Manager Bans Beef in canteen. Employees Hold Beef Party In Front Of Building,2696,0.92,420,0,prachanda_Ravanaa,,,,,False
indiaspeaks,1myu5rs,2025-08,1780727910,1756038127,"It's not just in India, this kind of behaviour is rampant all around the world",2636,0.94,162,0,CarbonCrawler,3691.8,31825.0,47714.0,True,False
indiaspeaks,1mwa6st,2025-08,1780727910,1755780997,This signpost hits hard. Long live our brave soldiers,2620,0.99,35,0,SatoruGojo232,864.4,2347967.0,240368.0,True,False
indiaspeaks,1mfswf9,2025-08,1780727910,1754147446,The Hatred Towards People From Bihar Becoming Pathetic !!💔,2576,0.96,134,0,Illustrious-Wall-293,1408.9,40560.0,3891.0,True,False
indiaspeaks,1movlf6,2025-08,1780727910,1755061743,"Footage of a man with rabies suffering from hydrophobia, the fatality rate of rabies is 99%-100% in ",2561,0.96,148,0,phoenixvc,,,,,False
indiaspeaks,1n27igh,2025-08,1780727910,1756372987,"Boy fell in open sewer in Indirapuram, Ghaziabad. Covers were broken more than a month ago for clean",2497,0.99,166,0,Kingster3742,1957.0,6014.0,6456.0,True,False
indiaspeaks,1n317ne,2025-08,1780727910,1756453758,"US: LAPD released the tragic footage of shooting of Gurpreet Singh (36), where he seems to be perfor",2444,0.96,388,0,Original-Alfalfa4406,,,,,False
indiaspeaks,1mn9535,2025-08,1780727910,1754907436,This is sad state of rural India! He is playing with them like puppies,2286,0.98,125,0,Desi_Hitman,338.1,18249.0,22067.0,True,False
indiaspeaks,1mswjl5,2025-08,1780727910,1755450730,Lack of civic sense in using E bike rentals..........,2280,0.99,49,0,Next_University_9750,668.8,26668.0,20293.0,True,False
indiaspeaks,1mti23j,2025-08,1780727910,1755512233,This photo is example of how a society can be cruel to girl child.,2144,0.97,126,0,SwimmerPlus3383,,,,,False
indiaspeaks,1mm85m9,2025-08,1780727910,1754796226,They serve believing over a billion Indians are backing them in any situation… but we failed them 💔,2128,0.96,99,0,Illustrious-Wall-293,1408.9,40560.0,3891.0,True,False
indiaspeaks,1mfn88w,2025-08,1780727910,1754130352,"""De-colonise the Mind: Reject Invader Glorification"" -Why are we still Honoring our Oppressors?",2127,0.98,71,0,spiritualblud,611.9,37935.0,4006.0,True,False
indiaspeaks,1n13sss,2025-08,1780727910,1756257625,"We forget too fast. Pakistan attacked, and before the blood dries we’re hyping an Asia Cup with them",2091,0.98,40,0,imfrom_mars_,364.3,1200775.0,9637.0,True,False
indiaspeaks,1mn72mx,2025-08,1780727910,1754899428,"Delhi Police detain Rahul Gandhi, INDIA bloc MPs during protest march to ECI",2022,0.95,253,0,SatoruGojo232,864.4,2347967.0,240368.0,True,False
indiaspeaks,1n1o1vt,2025-08,1780727910,1756317141,17 year old Chinese student Zhang Jiayuan captivates audience with her solo Bharatanatyam debut in B,1964,0.99,26,0,SatoruGojo232,864.4,2347967.0,240368.0,True,False
indiaspeaks,1mu7u5l,2025-08,1780727910,1755575196,Weapons of mass reservation.,1953,0.94,122,0,imfrom_mars_,364.3,1200775.0,9637.0,True,False
indiaspeaks,1mpy4dm,2025-08,1780727910,1755171388,"'Rabies is a mild virus, it dies when washed with soap' - Ambika Shukla, Animal Activist and sister ",1907,0.95,253,0,ll--o--ll,1666.2,732166.0,55754.0,True,False
indiaspeaks,1mlsa62,2025-08,1780727910,1754753576,Viral video of little girl from Arunachal Pradesh singing national anthem with eyes closed wins hear,1888,0.98,35,0,SatoruGojo232,864.4,2347967.0,240368.0,True,False
indiaspeaks,1mitubw,2025-08,1780727910,1754450285,'I don't know anything about it': Trump denies knowledge of US imports from Russia as India highligh,1858,0.99,76,0,Illustrious-Wall-293,1408.9,40560.0,3891.0,True,False
indiaspeaks,1mv3t2k,2025-08,1780727910,1755660153,Looks like half of the assembly will be empty now.,1798,0.99,66,0,pihhit989,406.9,8086.0,17668.0,False,False
indiaspeaks,1my968n,2025-08,1780727910,1755973910,Vote Bank &gt;&gt; National Security,1798,0.88,81,0,shameless_toddler,,,,,False
indiaspeaks,1n30ahv,2025-08,1780727910,1756450159,Nitin Gadkari's son's firm skyrockets amid Ethanol blending [Twitter],1762,0.98,147,0,Shak1196,,,,,False
indiaspeaks,1mj7hu0,2025-08,1780727910,1754493549,"India hits back at Trump, says, “India will take all actions necessary to protect its national inter",1750,0.99,100,0,Himuexe,2026.8,23984.0,2560.0,True,False
indiaspeaks,1mofkcd,2025-08,1780727910,1755020759,This took the interview in a completely unexpected direction…,1746,0.99,45,0,therealsiriusjoker,748.9,62372.0,17699.0,True,False
indiaspeaks,1mp74ot,2025-08,1780727910,1755097908,Felt like sharing this old ad,1736,0.99,31,0,Madeye98,2756.7,10078.0,6125.0,True,False
indiaspeaks,1mevxx6,2025-08,1780727910,1754053440,How much do you agree on this?,1729,0.99,51,0,Fuckhogayadude,1055.8,12371.0,2408.0,True,False
indiaspeaks,1mlhtur,2025-08,1780727910,1754718201,Indian women across the country tie a raakhi on the wrists of Indian soldiers and apply a teeka on t,1704,0.98,19,0,SatoruGojo232,864.4,2347967.0,240368.0,True,False
indiaspeaks,1mkkk2o,2025-08,1780727910,1754623625,National Security Advisor Ajit Doval Meets Russian President Vladimir Putin In Moscow,1688,0.99,64,0,SatoruGojo232,864.4,2347967.0,240368.0,True,False
indiaspeaks,1meorxb,2025-08,1780727910,1754028467,German TikToker Detained By Bengaluru Police For Filming Dance Video Without Permission,1673,0.97,142,0,SatoruGojo232,864.4,2347967.0,240368.0,True,False
IndiaInvestments,1mwxnhs,2025-08,1780728111,1755839224,Dream11 is shutting down its real money gaming business after the new Online Gaming Bill 🚨,1186,0.98,121,0,sanketg6,444.9,1215.0,7.0,True,True
IndiaInvestments,1mfhax9,2025-08,1780728111,1754108131,"AMA with the Zerodha core team - August 2, 2025",391,0.95,437,0,nithin_kamath,2599.2,233.0,969.0,True,True
IndiaInvestments,1mua18m,2025-08,1780728111,1755582421,8 mistakes I made as a beginner investor (sharing so you don’t repeat them),251,0.97,59,0,Mayra_Sohi,,,,,True
IndiaInvestments,1mhfcvj,2025-08,1780728111,1754318615,Shocked to see ₹48.7K “Expenses Paid” on my mutual fund investment 😳 is this normal? PPFAS EXPENSE! ,234,0.88,104,0,Shivjy,1110.0,291.0,121.0,False,True
IndiaInvestments,1mjtrjx,2025-08,1780728111,1754552355,The Only Strategy That Survived Every Crash in the Last 100 Years,217,0.91,36,0,IndiaGrowthStocks,327.0,1035.0,581.0,True,True
IndiaInvestments,1n3upgx,2025-08,1780728111,1756535826,"Even after the April 2023 tax changes, Debt Mutual Funds are more tax-efficient than FDs for regular",188,0.97,55,0,CupOfGingerTea,3092.7,151.0,55.0,True,True
IndiaInvestments,1mw49jg,2025-08,1780728111,1755761191,SEBI discovered that BSE was sending company exchange filings with price-sensitive information to it,180,0.99,19,0,tareekpetareek,1978.0,9234.0,1589.0,True,True
IndiaInvestments,1n4o967,2025-08,1780728111,1756624294,The only way to save home loan interests ( Nomutual fund or SIP),146,0.9,76,0,Lamesarcasm_Dankmind,2005.6,18124.0,2416.0,True,True
IndiaInvestments,1n3uyu0,2025-08,1780728111,1756536828,Nifty vs Nasdaq CAGR (2015–2025): Why US Companies Still Outperform India,118,0.89,46,0,IndiaGrowthStocks,327.0,1035.0,581.0,True,True
IndiaInvestments,1my6yy3,2025-08,1780728111,1755968874,"I picked the ""right stock,” and doubled my money in two years… but my overall returns barely moved. ",117,0.87,31,0,CupOfGingerTea,3092.7,151.0,55.0,True,True
IndiaInvestments,1mliycy,2025-08,1780728111,1754722372,“Wait… I need to file an ITR even if my income is ZERO?!” — Most people miss this,98,1.0,15,0,CAFinalist_Ted,377.8,555.0,1305.0,True,False
IndiaInvestments,1mn83uu,2025-08,1780728111,1754903549,alternative to motilal s&amp;p 500 index fund ? now that it has been paused,70,0.92,71,0,Lanky-Jelly25,,,,,False
IndiaInvestments,1n24i36,2025-08,1780728111,1756361230,Best way to fund Interactive Brokers (IBKR) from India – SBI/ICICI direct vs INDmoney (Federal Bank),69,0.99,100,0,skipper_52,2033.1,3289.0,4838.0,True,False
IndiaInvestments,1mmdb61,2025-08,1780728111,1754814757,4 Rules That Could Save You from Losing Your First Lakh in the Market.,60,0.76,10,0,IndiaGrowthStocks,327.0,1035.0,581.0,True,False
IndiaInvestments,1mh409p,2025-08,1780728111,1754281731,Jane Street India Trades Show Blurry Line Between Arbitrage and Market Manipulation,58,0.89,10,0,bloomberg,3013.4,1016103.0,186761.0,True,False
IndiaInvestments,1muei3q,2025-08,1780728111,1755598920,"Don't fall for ""AI trading prompts"" or courses selling this nonsense",56,0.88,7,0,netham91,4572.7,2110.0,346.0,True,False
IndiaInvestments,1mwyozl,2025-08,1780728111,1755842899,Japan’s 20-Year Government Bond Yields Hit Highest Since 1999.,56,0.84,4,0,Super_Molasses124,411.1,11600.0,164.0,True,False
IndiaInvestments,1miin7n,2025-08,1780728111,1754421758,Is investing in index funds still a good long-term strategy in today's market? Can it help achieve f,55,0.9,42,0,DrawerStill4641,416.1,14.0,0.0,True,False
IndiaInvestments,1n2kj6l,2025-08,1780728111,1756406495,What's the cheapest credit line available in India?,46,0.93,54,0,lycheejuice225,2521.7,1768.0,2484.0,True,False
IndiaInvestments,1msmm5o,2025-08,1780728111,1755423529,Large-cap fund Vs Small-cap + Gold (50:50). What will you choose?,44,0.89,30,0,BitterAd1993,2001.1,360.0,220.0,True,False
IndiaInvestments,1mzzq24,2025-08,1780728111,1756149218,Why real money gaming wont be the only thing that gets banned.,44,0.98,8,0,paidinesh,2023.7,27.0,29.0,True,False
IndiaInvestments,1mi828s,2025-08,1780728111,1754397564,Daily VS Weekly VS Monthly S.I.P,33,0.92,19,0,United-Advantage-906,1744.9,44950.0,9519.0,True,False
IndiaInvestments,1n23nk0,2025-08,1780728111,1756358121,Why are the stocks of Indian pharma giants taking a hit even when there is a tarriff exempt?,32,0.86,16,0,Nikhil_Reddy_X,682.6,34.0,6.0,True,False
IndiaInvestments,1mi01pm,2025-08,1780728111,1754369347,IBKR India has the worst customer support,32,0.94,9,0,freeze_ninja,1572.9,5289.0,12187.0,True,False
IndiaInvestments,1miyjtu,2025-08,1780728111,1754466692,The Phoenix Forge Framework for Deploying Capital in a Crash,27,0.92,4,0,IndiaGrowthStocks,327.0,1035.0,581.0,True,False
IndiaInvestments,1n115bc,2025-08,1780728111,1756250356,Why do Indian investors worship public markets but ignore private SMEs?,22,0.8,10,0,RepresentativeBar451,1949.3,62.0,3.0,True,False
IndiaInvestments,1n1hh3c,2025-08,1780728111,1756302311,"Health insurance renewals due in few days, are you waiting for GST reforms confirmation?",20,0.86,28,0,quite_horizon,2292.8,5489.0,5583.0,True,False
IndiaInvestments,1mx3dre,2025-08,1780728111,1755860454,Does your broker notifies you about changes in Charges on the app/website?,19,0.86,3,0,manubhatt3,3468.8,669.0,3.0,True,False
IndiaInvestments,1mfvj48,2025-08,1780728111,1754154031,"What procedure does a nominee has to follow in case of death of ""direct mutual funds"" unit holder?",19,0.91,10,0,Ok_Bumb,1377.5,48.0,458.0,False,False
IndiaInvestments,1mi4ie8,2025-08,1780728111,1754386021,Are there any good books on investing for my teenage son?,16,0.79,20,0,Jazzlike_Ad2495,315.2,29.0,22.0,True,False
IndiaInvestments,1meowxm,2025-08,1780728111,1754028972,SOIC Research / Stellar Wealth,14,0.79,50,0,everaum,386.7,40.0,31.0,True,False
IndiaInvestments,1midaqj,2025-08,1780728111,1754410032,"Cement Stocks at ATH along with poor fundamentals, why?",12,0.93,9,0,abhishek_gulati,599.3,5.0,1.0,True,False
IndiaInvestments,1n36i5h,2025-08,1780728111,1756471650,ALERT POST - Non Citizen Non Resident (NCNR) of US beware of US Estate Tax,11,0.77,17,0,IndyGlobalNRI,709.8,254.0,2698.0,True,False
IndiaInvestments,1n0kq0u,2025-08,1780728111,1756211988,"Got My NSDL Allotment, and Still Holding (Let’s See Where It Goes)",8,0.68,2,0,Mayra_Sohi,,,,,False
IndiaInvestments,1mvaxmu,2025-08,1780728111,1755685395,Varmora Granito files for ₹400 Cr IPO – worth watching?,8,0.91,4,0,truecopu,908.0,5.0,2.0,True,False
IndiaInvestments,1mte1p3,2025-08,1780728111,1755497438,Global Multi Asset Allocation Portfolio (GMAAP),7,0.89,25,0,peakyrick,2542.3,3500.0,5020.0,True,False
IndiaInvestments,1n3f06d,2025-08,1780728111,1756491496,GE Vernova India - Promising stock with good growth prospects. Thoughts!!,6,0.69,3,0,Alpha_Stock_BigBull,395.8,1316.0,45.0,True,False
IndiaInvestments,1mi3fzy,2025-08,1780728111,1754381873,has anyone done ROCE analysis on ipo only investment strategy,3,0.71,3,0,jidddddi,2423.9,1.0,22.0,True,False
IndiaInvestments,1mxinls,2025-08,1780728111,1755897253,India Has Become the Least Favored Stock Market Because of Trump Tariffs | by Rahul Swami |,0,0.48,3,0,Dangerous_Bike4878,797.2,8.0,-1.0,True,False
IndiaInvestments,1mrr5iv,2025-08,1780728111,1755339382,Is this a scam? A XPO platform,0,0.38,12,0,Fickle_Philosophy802,1790.6,141.0,50.0,True,False
AskIndia,1mq56xe,2025-08,1780728290,1755188219,Why are Indian parents like this?,2252,0.98,572,0,sharan_here379,1385.4,26035.0,30445.0,True,True
AskIndia,1mgl0cy,2025-08,1780728290,1754232229,I was ⚠️molested⚠️ in Tirupati. F19,1334,0.96,205,0,Lonely-Comfort2490,1015.3,515.0,69.0,False,True
AskIndia,1mpa3qh,2025-08,1780728290,1755104562,Why are BJP supporters like this,1081,0.79,343,0,Yonro_bhai,375.2,2772.0,700.0,True,True
AskIndia,1n3vl7f,2025-08,1780728290,1756539187,Why is PM Modi okay with the corruption of Gadkari?,1047,0.91,306,0,SnooComics9938,1985.2,2666.0,50161.0,True,True
AskIndia,1mrx8de,2025-08,1780728290,1755355413,Why are Indians getting so much hatred everywhere all of a sudden?,758,0.85,664,0,wisdomcrab,755.4,1510.0,488.0,True,True
AskIndia,1mpbkg9,2025-08,1780728290,1755107765,Why do so many Indians see “repaying parents first” as life’s primary goal?,720,0.91,269,0,Acceptable-Prior-504,1550.5,5327.0,7627.0,True,True
AskIndia,1mkjn3j,2025-08,1780728290,1754620858,"genuine question to BJP supporters regardign ECi vote chori, is political affiliation above India it",651,0.85,438,0,phoenix_aspirant,,,,,True
AskIndia,1mk3fnh,2025-08,1780728290,1754581165,Thoughts on Rahul Gandhi’s latest video on EC?,627,0.91,372,0,Kitli_99,985.4,3839.0,8548.0,True,True
AskIndia,1mkl2qb,2025-08,1780728290,1754625240,Why are even having elections at this point !?,627,0.85,169,0,Lucky_Mycologist_865,1209.2,9282.0,30024.0,True,True
AskIndia,1mjpdik,2025-08,1780728290,1754537135,Indians love to live in Western countries but hate Western culture?,605,0.81,294,0,Keachmanne,,,,,True
AskIndia,1mv63lb,2025-08,1780728290,1755667514,Is Europe secretly a better model for India than the US or China?,582,0.9,206,0,Informal-Tap4269,852.5,464.0,34.0,True,False
AskIndia,1n3tuyd,2025-08,1780728290,1756532748,Have I met only rude Indian people so far or is it a cultural norm I do not understand? If it is a n,542,0.91,190,0,Envy_Clarissa,906.5,1105.0,4108.0,True,False
AskIndia,1mjyjg2,2025-08,1780728290,1754569167,Why do Indian colleges have absurd timings like 8 hr daily where as developed countries have 12-18 h,507,0.97,94,0,Prasadhegde,784.9,55104.0,11633.0,True,False
AskIndia,1myprua,2025-08,1780728290,1756022560,Why would you marry your daughter to beggars who demand dowry? Isn’t it a fault of such parents too?,495,0.93,142,0,Impressive-Guess6810,409.0,143664.0,839.0,True,False
AskIndia,1mlhxnm,2025-08,1780728290,1754718579,Who used to support the BJP but is now distancing themselves from it? and why?,471,0.82,275,0,Rajput_hu,393.0,1342.0,1450.0,True,False
AskIndia,1mzovoa,2025-08,1780728290,1756124214,Are self-loathing Indians making life harder for Indian immigrants abroad?,447,0.74,299,0,Snoo_46473,2178.6,501.0,11483.0,True,False
AskIndia,1n4xw0r,2025-08,1780728290,1756654669,Why doesn’t anybody asks any real questions to Nitin Gadkari? Why is he not held accountable for eth,445,0.94,87,0,Particular_Leg_5956,2146.9,330.0,151.0,True,False
AskIndia,1n4a6o7,2025-08,1780728290,1756581764,"Those who earn less than 25k rupees, what job are you doing?",418,0.96,386,0,Electrical-Dream-903,348.9,1311.0,3609.0,True,False
AskIndia,1mfjcnw,2025-08,1780728290,1754115231,What’s an expensive brand that actually IS worth the money?,408,0.98,567,0,nilesh_das50,3127.8,5217.0,6504.0,True,False
AskIndia,1mp1e2v,2025-08,1780728290,1755083102,"Where is this country heading, man?",396,0.95,69,0,Atomic_ladka20,,,,,False
AskIndia,1mgsxio,2025-08,1780728290,1754251309,"If given chance, which prime minister would you remove from the history of India and for what reason",393,0.89,259,0,Parrypop,1362.9,23392.0,8408.0,True,False
AskIndia,1mvefv4,2025-08,1780728290,1755695585,Do you think India’s global image is changing for the good or bad?,350,0.79,302,0,Substantial-Ad9907,1954.9,525.0,354.0,True,False
AskIndia,1mjtfqg,2025-08,1780728290,1754551085,"Why do people get extremely angry when someone says they don't want to have kids, especially Indians",339,0.92,171,0,Keachmanne,,,,,False
AskIndia,1mrj18q,2025-08,1780728290,1755313751,Why are Indians obsessed with white foreigners?,333,0.87,183,0,Far-Piano3674,865.6,997.0,621.0,True,False
AskIndia,1mte2pj,2025-08,1780728290,1755497538,Who thinks S. Jaishankar's diplomacy has failed against the US?,326,0.68,277,0,iamatallglassofwater,334.3,1732.0,1315.0,True,False
AskIndia,1mp4x5p,2025-08,1780728290,1755092771,My relatives 7yo daughter was touched inappropriately and how awareness of bad touch prevented a tra,324,0.98,21,0,Desi_Hitman,338.1,18249.0,22067.0,True,False
AskIndia,1mryuy1,2025-08,1780728290,1755359003,Why do Indian men get angry if their wives don't want to have kids?,321,0.75,363,0,milii6666,,,,,False
AskIndia,1mxapbl,2025-08,1780728290,1755878988,Are Indians on reddit are not aware of country's financial situation or just privelledged ?,320,0.89,90,0,Local-Fish-6537,,,,,False
AskIndia,1mqylu5,2025-08,1780728290,1755266242,Nvidia - any person working in India- are you a millionaire?,315,0.96,73,0,Mr_Panda_38,1867.7,3460.0,2562.0,True,False
AskIndia,1mxkkzs,2025-08,1780728290,1755901967,Why the fuck do people not pay for their seats while flight booking and act all rude and hyper when ,311,0.98,73,0,ruchir031,3640.4,21127.0,11440.0,True,False
AskIndia,1n4nbv3,2025-08,1780728290,1756620807,Why I'm not feeling the impact of economic growth of India?,298,0.89,171,0,Jarisatis,2487.1,166463.0,200463.0,True,False
AskIndia,1mmbu9b,2025-08,1780728290,1754809071,Why do people think that before 2014 there weren’t any religious problems in India?,285,0.84,161,0,Kindly_Department142,501.1,427117.0,38314.0,False,False
AskIndia,1n1wvm6,2025-08,1780728290,1756337945,Question About Indian Talent Fleeing India,282,0.88,85,0,WonderfulVariation93,2057.7,5774.0,49722.0,True,False
AskIndia,1mlh5t6,2025-08,1780728290,1754715820,Do you think Vajpayee is right that Bajrang Dal should banned?,281,0.88,146,0,DifferentMaize9794,474.4,303622.0,19133.0,True,False
AskIndia,1mo34k6,2025-08,1780728290,1754987327,India and Bangladesh are neighboring countries with similar cultures. Why are people from Bangladesh,279,0.85,111,0,GrayRainfall,487.3,23236.0,246.0,True,False
AskIndia,1moawxj,2025-08,1780728290,1755010435,Why are people in India so aggressive towards legitimate criticism?,279,0.93,91,0,Plenty_Draft_5747,329.5,4875.0,455.0,True,False
AskIndia,1mtpn4e,2025-08,1780728290,1755531776,Whats something thats illegal but normalized in India ??,278,0.97,215,0,Slow_Ad_7051,1748.1,435.0,1368.0,True,False
AskIndia,1n1o1ep,2025-08,1780728290,1756317110,What’s a middle-class hack that still saves you money today?,269,0.98,279,0,Srikanth_srik,2065.9,2441.0,210.0,True,False
AskIndia,1mvj77c,2025-08,1780728290,1755706330,Why is India still clutching colonial baggage like it’s grandma’s saree?,265,0.89,31,0,katdinadhwaani,473.1,3522.0,1412.0,True,False
AskIndia,1mkn4uw,2025-08,1780728290,1754632035,"Why can't we get rid of reservations by ending the caste system and ditching our last names, if peop",258,0.87,218,0,venusgirl1919,,,,,False
ipl,1mvibot,2025-08,1780728484,1755704470,Hardik vs Bumrah at the nets,1659,1.0,48,0,SoyAmable,666.2,11318.0,68484.0,True,True
ipl,1mtbbod,2025-08,1780728484,1755488376,Brewis No Look MAXIMUMS in 3rd T20i,1621,1.0,59,0,tube_craze,430.4,23904.0,2554.0,True,True
ipl,1mfofkh,2025-08,1780728484,1754134760,Akash Deep brings up his maiden Test half century,1573,0.99,16,0,NoKale1985,1217.1,12168.0,3798.0,True,True
ipl,1mfydwi,2025-08,1780728484,1754161230,AB DE VILLIERS after winning the wcl as a captain.,1531,0.99,32,0,Alone-Technology-867,1977.7,1256.0,1749.0,True,True
ipl,1mfkl2q,2025-08,1780728484,1754119808,Is MS the best WK in IPL currently?,1510,0.94,108,0,Dangerous_Tip_4985,1633.4,102528.0,15117.0,True,True
ipl,1n18avs,2025-08,1780728484,1756271347,Ravichandran Ashwin has announced his retirement from Ipl Cricket. Most probably csk had communicate,1507,0.99,58,0,Inside_One_9147,878.8,240282.0,4686.0,True,True
ipl,1n4kgzg,2025-08,1780728484,1756610929,"The ""MSD vs Pollard Banter"" from IPL 2013",1375,0.99,38,0,ChampionshipCute8004,548.8,14302.0,9330.0,True,True
ipl,1mz1kp5,2025-08,1780728484,1756056065,Green Dot Ball initiative by Tata and BCCI for IPL/WPL | Answer to one of the most asked questions :,1338,0.99,38,0,5missedcallsfromBCCI,594.7,136986.0,41832.0,True,True
ipl,1mi91tp,2025-08,1780728484,1754400098,"Congratulations to Shri Mohammed Siraj, DSP!",1184,0.99,15,0,Zealousideal_Back383,310.4,751.0,388.0,True,True
ipl,1mhi613,2025-08,1780728484,1754324866,Strong GT Representation in ICT,1080,0.98,29,0,DarkPuzzleheaded6259,1004.4,2737.0,34240.0,True,True
ipl,1mwctx4,2025-08,1780728484,1755787234,Always the low quality videos,1017,0.99,37,0,Maiterabhatoora1,644.7,2095.0,414.0,True,False
ipl,1mhacsj,2025-08,1780728484,1754305345,INDIA SEAL A THRILLING 6-RUN VICTORY IN AN OVAL CLASSIC TO DRAW THE SERIES!,1016,0.99,34,0,EquivalentEar3810,528.9,5303.0,730.0,True,False
ipl,1mhakwc,2025-08,1780728484,1754306060,"[𝙎𝙞𝙠𝙝𝙖𝙖𝙣𝙚 𝙖𝙖𝙮𝙚 𝙩𝙝𝙚, 𝙨𝙞𝙠𝙝𝙖 𝙙𝙞𝙮𝙖] Thrilling 6 run victory for India in the 5th test.",999,0.98,37,0,Ok_Lecture8894,879.1,1230.0,302.0,True,False
IndiaTech,1mk3gbh,2025-08,1780728682,1754581208,Scammer tried to scam me using a Powerful Tool,3497,0.99,167,0,Euphoric-Expert523,1955.9,2531.0,3675.0,True,True
IndiaTech,1n0pinp,2025-08,1780728682,1756223381,ILovePDF is basically the unofficial Indian govt database at this point 💀,3464,0.98,201,0,AffectionateYam5416,1515.5,67022.0,8881.0,True,True
IndiaTech,1mkkvyk,2025-08,1780728682,1754624641,This guy has lost his significant amount of viewer base. I still remember his videos used to have ab,3035,0.94,391,0,VastOpportunity7970,1857.9,5026.0,2301.0,True,True
IndiaTech,1n2kbbn,2025-08,1780728682,1756405993,GPT is one of us 💔,2726,0.98,42,0,Ashamed_Fox_9923,1070.3,249761.0,41255.0,True,True
IndiaTech,1n4kvtv,2025-08,1780728682,1756612305,Ather maps now alerts about Potholes in Bengaluru! Technologia...,2490,0.99,79,0,elliyu_salladavanu,325.4,24122.0,1229.0,True,True
IndiaTech,1mw6w13,2025-08,1780728682,1755771145,T3 Chat Ceo reacted to Dhruv Rathee Ai Fiesta,2276,0.99,79,0,Any_Scale300,1652.4,4979.0,2262.0,True,True
IndiaTech,1mnc4zb,2025-08,1780728682,1754916727,Projectors now have a special place in my heart!,2213,0.99,272,0,Far-Sugar7816,2097.3,1134.0,255.0,True,True
IndiaTech,1mulnen,2025-08,1780728682,1755617251,OpenAI just killed Dhruv Rathee's new ai startup,2106,0.99,62,0,Cap_tain_Wolf,2079.2,15054.0,6373.0,True,True
IndiaTech,1n4mrvt,2025-08,1780728682,1756618821,Progress is always slow.....,2032,0.96,163,0,SuperbHealth5023,634.9,733927.0,6870.0,True,True
IndiaTech,1mlghlz,2025-08,1780728682,1754713602,High Laptop prices in India.,1988,0.98,63,0,Kooky-Sugar-531,1722.8,1466.0,706.0,True,True
IndiaTech,1mks0zu,2025-08,1780728682,1754650499,India pauses $3.6 billion deal to acquire Boeing jets after Trump announces 50% tariffs: Reports,1963,0.99,74,0,NoMedicine3572,660.1,258444.0,111734.0,True,False
IndiaTech,1mn7maf,2025-08,1780728682,1754901629,Ngl this guy understands the thin line between his viewers and companies.,1902,0.96,174,0,Limp-Sun-3938,,,,,False
IndiaTech,1n1irmu,2025-08,1780728682,1756305345,You either die a hero or live long enough to see yourself become the villain,1883,0.99,61,0,next-sapien,362.9,2416.0,4128.0,True,False
IndiaTech,1n0buhh,2025-08,1780728682,1756180554,Tell me it's a joke,1843,0.98,101,0,Maialagan,2163.8,3680.0,4390.0,True,False
IndiaTech,1mw2gcp,2025-08,1780728682,1755754567,Pixel event ❌️ Naaptol Ad ✅️,1791,0.98,59,0,UmbraLOLyer,322.0,2479.0,1282.0,True,False
IndiaTech,1mofd6v,2025-08,1780728682,1755020329,Perplexity offers to buy Google's Chrome browser for 3.02 lakh cr rupees,1771,0.98,194,0,rv2k03,641.1,17331.0,4290.0,True,False
IndiaTech,1n1d345,2025-08,1780728682,1756289656,What does this mean?,1754,0.98,251,0,NyxTerminal,429.0,2206.0,527.0,True,False
IndiaTech,1mh5zv0,2025-08,1780728682,1754288752,"censorship is real, guys. vpn are illegal in India",1636,0.96,228,0,calloffire,,,,,False
IndiaTech,1mmdehv,2025-08,1780728682,1754815138,Future in Sports,1604,0.98,47,0,liberal_bhakt,1657.8,20693.0,2984.0,True,False
IndiaTech,1mprsze,2025-08,1780728682,1755149559,What??,1480,0.99,9,0,Gigo_3_,673.0,8992.0,22729.0,True,False
IndiaTech,1mywedm,2025-08,1780728682,1756044150,What to do with all this EWaste?,1402,0.99,389,0,EternalSimpLord,1530.5,7649.0,135.0,True,False
IndiaTech,1mtbdtu,2025-08,1780728682,1755488558,ai scam,1232,0.96,155,0,Weak_Instruction869,972.3,14525.0,10908.0,True,False
IndiaTech,1n1a4mm,2025-08,1780728682,1756278153,"Ola Electric = Biggest Scam in Indian EV Market – Unsafe Scooters, Pathetic Service, 100+ Vehicles R",1217,0.98,84,0,Neal000777,1620.0,20086.0,4451.0,True,False
IndiaTech,1mxae6y,2025-08,1780728682,1755878307,"Dream 11 shuts down paid contests, switches to free to play social game.",1211,0.99,129,0,Big-Hairs,592.3,1010.0,62.0,True,False
IndiaTech,1moi33o,2025-08,1780728682,1755026239,They ain't stopping here,1208,0.99,73,0,Extreme-Maize-5335,787.8,658.0,1012.0,True,False
IndianGaming,1mk00dg,2025-08,1780728882,1754573046,"""Why didn't you buy bitcoin in 2010?"" Me in 2010:",4707,1.0,46,0,2deepstar,391.8,2151.0,50.0,True,True
IndianGaming,1mta8rk,2025-08,1780728882,1755485167,WE DID IT YES WE DIT IT,4277,0.96,131,0,bulletthekrazygamer,2296.5,5759.0,567.0,True,True
IndianGaming,1mqo5nd,2025-08,1780728882,1755234330,Happy Independence Day,2983,0.97,89,0,squarabh,3223.5,129404.0,79402.0,True,True
IndianGaming,1n3u6ez,2025-08,1780728882,1756533881,Oxford level? Nah. Xbox level,2641,0.99,68,0,TheseJudgment3015,1782.7,2840.0,10070.0,True,True
IndianGaming,1mwgnnl,2025-08,1780728882,1755795523,The prime minister commented on the gaming bill now,2550,0.98,202,0,HagguBanda,1513.6,30901.0,8261.0,True,True
IndianGaming,1n1s001,2025-08,1780728882,1756326057,How gaming saved me,2362,0.98,249,0,karanm1997,2743.2,6791.0,1052.0,True,True
IndianGaming,1mtea2c,2025-08,1780728882,1755498277,Someone had to say it,1699,0.97,215,0,Own_Tale_3860,2120.2,28734.0,5181.0,True,True
IndianGaming,1n4q8m3,2025-08,1780728882,1756631998,Hits Hard [God of war],1692,0.99,54,0,Tasty-Cockroach7090,566.8,622.0,4.0,True,True
IndianGaming,1mfimta,2025-08,1780728882,1754112605,What's That Game For You?,1656,0.99,229,0,RecklessCapy,1851.9,3849.0,3538.0,True,True
IndianGaming,1mw50x4,2025-08,1780728882,1755764113,Was it ever just gaming?,1636,0.99,45,0,iamnobody331,3282.7,28150.0,19220.0,True,True
IndianGaming,1mwyx9i,2025-08,1780728882,1755843738,Thanks r/IndianGaming for everything,1470,0.98,410,0,bitty_8BIT,1977.1,5484.0,7187.0,True,False
IndianGaming,1n3tuc9,2025-08,1780728882,1756532687,My recent build,1383,0.99,65,0,farhantahir,3661.3,2979.0,1200.0,True,False
IndianGaming,1n4u0a2,2025-08,1780728882,1756645023,Why wasn't it banned,1344,0.97,54,0,Ishit_xoxo,912.0,17299.0,3775.0,True,False
IndianGaming,1meu3tn,2025-08,1780728882,1754048191,A few screenshots from my solo-developed farming sim game called Hillshade Farm!,1144,0.99,49,0,Traditional_You1631,1686.7,6924.0,913.0,True,False
IndianGaming,1n1a2v5,2025-08,1780728882,1756277988,"Say what you want, this is a MAJOR WIN for the small boy in me.",1139,0.98,58,0,ironhide96,3223.1,1239.0,324.0,True,False
IndianGaming,1mhyp5g,2025-08,1780728882,1754365048,Finally build my first pc,1077,1.0,176,0,Wonderful_Ad7975,832.5,1631.0,137.0,True,False
IndianGaming,1mlzc78,2025-08,1780728882,1754771153,Did a setup photo shoot,1041,0.99,125,0,MythicWukong451,334.9,1999.0,544.0,True,False
IndianGaming,1mhevzu,2025-08,1780728882,1754317509,Finally changed my mousepad after 13 years of use.,1019,0.97,104,0,Zealousideal-Toe-443,2011.5,611.0,783.0,True,False
IndianGaming,1mj5jwv,2025-08,1780728882,1754489034,13yr old me would be so proud!,1011,1.0,42,0,AffectionateBet4385,1390.7,1726.0,2538.0,True,False
IndianGaming,1msr0ge,2025-08,1780728882,1755437495,9060XT 16GB build at 77k,946,0.99,121,0,humanEDC137,1113.9,4736.0,3986.0,True,False
IndianGaming,1n4qxss,2025-08,1780728882,1756634755,I water-cooled my gaming laptop,933,1.0,180,0,debjoy7,2405.7,651.0,215.0,True,False
IndianGaming,1n1isqe,2025-08,1780728882,1756305413,Im working on this Bulldozer game,925,0.96,80,0,OverdoseGameDev,624.1,998.0,168.0,False,False
IndianGaming,1mve6ed,2025-08,1780728882,1755694923,"India's New Online Gaming Bill 2025: Complete Ban on Money Games, Boost for Esports and Social Gamin",815,0.99,238,0,404-Brain_Not-Found,,,,,False
IndianGaming,1mn51hh,2025-08,1780728882,1754891628,Will Battlefield 6 get dedicated Indian Servers?,806,0.97,211,0,Ghost_Wreck,2392.4,23540.0,3768.0,True,False
IndianGaming,1mqs362,2025-08,1780728882,1755247729,Newspaper article from Times of India 2015,787,0.99,24,0,Chai80085,1957.7,47613.0,12371.0,True,False
IndianGaming,1motnet,2025-08,1780728882,1755055470,"Preordered BF6, that beta was just too good to resist",722,0.77,219,0,doom_0000,1524.4,731.0,-99.0,True,False
RelationshipIndia,1mw0x57,2025-08,1780729085,1755749506,I 19M Saw my ex 19F a year later and i was shocked,263,0.95,42,0,Sad_Fix_1460,370.8,149.0,114.0,True,True
RelationshipIndia,1melurh,2025-08,1780729085,1754018665,25F This is how 26M my ex bf cheated on me... Intresting story!!!,234,0.97,101,0,KickPsychological230,807.2,150.0,849.0,True,True
RelationshipIndia,1n38ui2,2025-08,1780729085,1756477461,I(21M) saw a post my gf(21F) of 2 years liked.,215,0.97,83,0,Impossible-Month4787,1279.2,91.0,226.0,False,True
RelationshipIndia,1mlqint,2025-08,1780729085,1754749009,My brother (23M) and I (26F) didn't celebrate Rakhi today as we have not been on talking terms from ,163,0.96,46,0,a_gurl111,582.6,2741.0,3410.0,True,True
RelationshipIndia,1mo2mm6,2025-08,1780729085,1754985393,My (30M ) Girlfriend (29 F)has been  sleeping with someone else for over 1 month,152,0.92,99,0,Ronverine,1713.4,244.0,51.0,True,True
RelationshipIndia,1n0d6o5,2025-08,1780729085,1756185046,24F and 25M — My boyfriend says I’m a ‘dead fish’ in bed even though I try. How can I please him mor,150,0.96,41,0,crackcognac,1042.2,504.0,777.0,True,True
RelationshipIndia,1mit2z6,2025-08,1780729085,1754448054,My girlfriend F29 doesn’t want to date me M30 because of JEE Mains rank (3 year relationship on the ,135,0.8,130,0,jacobmalon21,2887.8,1276.0,3040.0,False,True
RelationshipIndia,1msoio2,2025-08,1780729085,1755430329,"GF (F23) got mad after sex chat, feeling confused",129,0.95,69,0,CallOld2021,1824.1,85.0,109.0,True,True
RelationshipIndia,1moxs52,2025-08,1780729085,1755069642,My GF (26F) *emotionally* cheated on me (26M).,119,0.94,110,0,hru_chau,2139.0,64.0,51.0,True,True
RelationshipIndia,1mfyh7i,2025-08,1780729085,1754161454,My bestie 28F wont talk right to me after I didnt pay for her flights for my wedding,117,0.94,24,0,Alarming_Cow_1470,743.1,506.0,111.0,True,True
RelationshipIndia,1n25j32,2025-08,1780729085,1756365148,My boyfriend(25M) is talking freaky to another girl and I don't feel bothered at all,108,0.92,40,0,Im_an_angel7,419.2,3935.0,618.0,True,False
RelationshipIndia,1n1mxb9,2025-08,1780729085,1756314628,"M32 with F30 GF (Brahmin) have been trying to convince her parents for 2.5 years, but nothing works.",104,0.93,54,0,yicash,1369.2,55.0,34.0,True,False
RelationshipIndia,1mhgmg9,2025-08,1780729085,1754321444,"F 23, he said 'nikal yaha se' and twisted my arm...",101,0.79,311,0,Agreeable-Room-6106,,,,,False
RelationshipIndia,1mikgye,2025-08,1780729085,1754425858,"Boyfriend 30M confessed to cheating, while I was at the hospital because my sister is in the ICU",96,0.96,22,0,chlorophylle93,798.1,826.0,398.0,True,False
RelationshipIndia,1n3gxxh,2025-08,1780729085,1756496022,Why do Indian parents always make things harder than they need to be? 26M,95,0.98,13,0,shadow4148b,,,,,False
RelationshipIndia,1n4x4lx,2025-08,1780729085,1756652854,AITA(25M) for asking my girlfriend(25F) to not go on a all boys trip with people from her office?,91,0.9,44,0,Necessary-Set-1939,374.9,30.0,6.0,False,False
RelationshipIndia,1muj6zp,2025-08,1780729085,1755611861,"A girl 25-F I'm talking to slipped a note in my bag today, how should I 26-M respond?",86,0.96,45,0,MadmanChemist,675.0,187.0,190.0,True,False
RelationshipIndia,1mfkfti,2025-08,1780729085,1754119247,"I am M25 she is F25. She rejected me when I asked her out, so I moved on… but now she keeps looking ",81,0.97,46,0,Immediate-Building67,1650.8,79.0,2.0,True,False
RelationshipIndia,1mka73v,2025-08,1780729085,1754596444,My fiance-25M indirectly called my gift cheap or common,77,0.97,20,0,Fun-Estate-1046,509.4,38.0,16.0,True,False
RelationshipIndia,1mnvu2h,2025-08,1780729085,1754963161,32M She keeps coming back... How do I finally let go?,74,0.91,21,0,himansh15,1832.0,32.0,41.0,True,False
RelationshipIndia,1mjgbag,2025-08,1780729085,1754513457,24M my girlfriend made fun of me in front of her friend cuz I cried in front of her,70,0.94,136,0,ranjan____,565.6,98.0,46.0,True,False
RelationshipIndia,1mpwc48,2025-08,1780729085,1755165706,My(25M) gf(22F) with 3 years of relationship haven’t even kissed once,69,0.89,119,0,Hopeful-Mountain-922,358.0,55.0,198.0,True,False
RelationshipIndia,1mwancw,2025-08,1780729085,1755782154,26F got cheated on by 26M after 5 years of relationship,67,0.99,28,0,cynical_nugget,2195.1,406.0,619.0,True,False
RelationshipIndia,1n2914k,2025-08,1780729085,1756378487,found out my dad(55M) is gay. i(23F) dont know what to feel about it. genuinely i dont give a f*ck. ,63,0.89,9,0,Unique_Acanthaceae14,,,,,False
RelationshipIndia,1mw3i8j,2025-08,1780729085,1755758349,32M got engaged within 45 days and struggling with differences now,62,0.89,30,0,Deathveeng,2742.2,30.0,14.0,True,False
RelationshipIndia,1mwml34,2025-08,1780729085,1755808828,"24M &amp; 23 F 5 years in a relationship, still no intimacy, and I’m exhausted",62,0.87,51,0,Immediate_Taste6240,641.4,56.0,35.0,False,False
RelationshipIndia,1mfi2qx,2025-08,1780729085,1754110727,30M fell for a married 36F. How to get out?,62,0.81,48,0,usurper_4life,489.6,304.0,333.0,True,False
RelationshipIndia,1mv5gcz,2025-08,1780729085,1755665337,"I 21M have crush on girl in gym. She approached me, was her question genuine or she also want to tal",58,0.9,18,0,superiorcomplex03,902.0,21.0,3.0,True,False
personalfinanceindia,1n4ynze,2025-08,1780729282,1756656546,"Reached a (major) milestone -- 1 Crore, took me 25 years",1546,0.99,179,0,srikavig,3216.7,15950.0,488.0,True,True
personalfinanceindia,1n4zxpb,2025-08,1780729282,1756659606,Rs 7.35L annual fees for Grade 1 in Bangalore - When did education become this unaffordable?,1026,0.92,226,0,Broad-Research5220,1579.6,111885.0,17683.0,True,True
personalfinanceindia,1mpz2in,2025-08,1780729282,1755174016,4.3 Lakh Indians Are Paying EMIs for Homes They May Never Get.,1021,0.98,78,0,NoMedicine3572,660.1,258444.0,111734.0,True,True
personalfinanceindia,1mfplyz,2025-08,1780729282,1754138523,Corporate job + Tier-I city life in India is a giant casino setup !!,907,0.98,119,0,Best_Piece_4572,628.0,2262.0,2166.0,True,True
personalfinanceindia,1mlxifv,2025-08,1780729282,1754766516,"Offered a job in UK for 70.1K GBP, while the current company in India pays 19LPA",708,0.96,284,0,Wise_Habit_2757,1846.3,545.0,683.0,True,True
personalfinanceindia,1n3c4gj,2025-08,1780729282,1756484965,F**ked by CIBIL,671,0.95,90,0,Last_Time5091,,,,,True
personalfinanceindia,1mz1mt2,2025-08,1780729282,1756056196,Are EMIs silently destroying India’s middle class?,602,0.96,168,0,NightEvery5255,1060.2,474.0,786.0,True,True
personalfinanceindia,1mn6wgs,2025-08,1780729282,1754898757,4 things you learn late about mutual funds– unfortunately,579,0.97,71,0,No_Memory_1366,467.2,1609.0,924.0,True,True
personalfinanceindia,1n24mar,2025-08,1780729282,1756361683,"Dream11’s co-founder Harsh Jain says that out of their 260 million accounts, 99% have never won or l",493,0.96,58,0,Broad-Research5220,1579.6,111885.0,17683.0,True,True
personalfinanceindia,1myltio,2025-08,1780729282,1756008324,A Year of Hell: How I Fought Niva Bupa &amp; Won My Claim (A Step-by-Step Guide),456,0.99,87,0,adityapixel,2359.0,123511.0,1586.0,True,True
personalfinanceindia,1mrb4s4,2025-08,1780729282,1755293669,Is buying a car of 14lakh(on road)is possible for a person with 50k monthly salary?,443,0.91,367,0,fluffymerch,1754.0,920.0,4450.0,True,False
personalfinanceindia,1mw17if,2025-08,1780729282,1755750432,Best way to keep emergency fund,419,0.99,122,0,cchaosat4,2126.0,978.0,2681.0,True,False
personalfinanceindia,1n0dtn1,2025-08,1780729282,1756187392,"A man lied about drinking on his insurance form. Years later, the Supreme Court ruled against his wi",389,0.96,76,0,Broad-Research5220,1579.6,111885.0,17683.0,True,False
personalfinanceindia,1mjtxug,2025-08,1780729282,1754553048,ROAST MY FINANCES,349,0.95,154,0,thebluecollarkid,2110.9,2288.0,582.0,True,False
personalfinanceindia,1mx7co4,2025-08,1780729282,1755871285,"MobiKwik CEO says he had under Rs 1 crore savings at 40, warns young people against unrealistic mone",341,0.95,23,0,anikale,5097.3,187.0,1247.0,True,False
personalfinanceindia,1n4nh0s,2025-08,1780729282,1756621349,Health insurance biggest scam in India: yet again 61 lakh claim refused in 2.4crore policy,337,0.97,85,0,saransh000,899.1,192.0,1735.0,True,False
personalfinanceindia,1mwlt27,2025-08,1780729282,1755807039,Unpopular opinion: NPS is good.,336,0.92,144,0,Muted_Respect_6595,880.7,682.0,5226.0,False,False
personalfinanceindia,1muhn2w,2025-08,1780729282,1755608154,SBI PAID me 6100!!!,328,0.99,31,0,Deep_Ride488,471.8,21242.0,5452.0,True,False
personalfinanceindia,1myn0mq,2025-08,1780729282,1756012394,"The Art of Enough: When to Save, When to Spend",321,0.98,22,0,Broad-Research5220,1579.6,111885.0,17683.0,True,False
personalfinanceindia,1mibszi,2025-08,1780729282,1754406563,Should we just consider EPFO a stealth tax at this point?,311,0.89,105,0,stuehieyr,2619.1,3132.0,28383.0,True,False
personalfinanceindia,1mte410,2025-08,1780729282,1755497672,The most valuable personal finance asset in India is NOT needing to impress anyone,260,0.98,18,0,Broad-Research5220,1579.6,111885.0,17683.0,True,False
personalfinanceindia,1mvkdi5,2025-08,1780729282,1755708850,Getting salary in USD will it be double taxed?,254,0.97,79,0,abit_pitchy,2185.8,29119.0,8713.0,True,False
personalfinanceindia,1mljfbi,2025-08,1780729282,1754724144,Is creating Generational wealth possible only from salaried path,246,0.92,115,0,bhushan205,1133.8,478.0,1586.0,True,False
personalfinanceindia,1n27uzq,2025-08,1780729282,1756374304,Milestone: 1 Cr / 33M,244,0.94,69,0,hashedboards,,,,,False
personalfinanceindia,1mmszrq,2025-08,1780729282,1754857230,Should we sell our diamond ring and keep the money in FD. Please advise,225,0.93,88,0,Comfortable_Hold_931,1166.1,601.0,863.0,True,False
personalfinanceindia,1mfyb81,2025-08,1780729282,1754161044,Overemployed in india,220,0.95,63,0,whatamidoinghere2023,1146.0,950.0,9164.0,True,False
personalfinanceindia,1mz1em9,2025-08,1780729282,1756055687,Investing in PPF at 7.1% is same as investing in an taxable instrument at 10.14%,188,0.87,59,0,No_Jump7812,615.8,9724.0,3969.0,True,False
personalfinanceindia,1mn4kz3,2025-08,1780729282,1754889962,Job Offer from berlin,174,0.92,85,0,Invisible__Indian,1621.0,363.0,1000.0,True,False
personalfinanceindia,1n45t04,2025-08,1780729282,1756571002,Rich people live 15 years longer than poor people,173,0.95,33,0,Broad-Research5220,1579.6,111885.0,17683.0,True,False
personalfinanceindia,1mw6j4e,2025-08,1780729282,1755769888,SBI Harrasing 80 Yr old Grandfather after ages,173,0.96,31,0,lilishifishy,2056.5,224.0,980.0,True,False
personalfinanceindia,1n4oavr,2025-08,1780729282,1756624471,The only way to save home loans interest ( No mutual funds or SIPs ),163,0.97,72,0,Lamesarcasm_Dankmind,2005.6,18124.0,2416.0,True,False
personalfinanceindia,1n47spb,2025-08,1780729282,1756575895,"ICICI Bank holding my ₹20.74 Lakhs hostage, refusing to close my fully paid Education Loan and still",157,0.95,40,0,aafre,2642.8,1499.0,103.0,True,False
personalfinanceindia,1mpnz39,2025-08,1780729282,1755137710,Kuvera Stole My Money. I no longer recommend Kuvera for MF investing.,151,0.93,33,0,CodeFall,1638.9,792.0,3135.0,True,False
personalfinanceindia,1moztj0,2025-08,1780729282,1755077591,Why is Jio Finance offering IT filling at just 24,148,0.96,33,0,Broad-Research5220,1579.6,111885.0,17683.0,True,False
personalfinanceindia,1mgero9,2025-08,1780729282,1754212311,Scammed by u/OminousDrac. Don't ever give money to redditors who claim to have financial emergency a,139,0.95,14,0,kai8901,,,,,False
personalfinanceindia,1n400wj,2025-08,1780729282,1756555791,"I'm 26, earning well but not free from burden",126,0.91,89,0,No_Audience7978,565.2,1248.0,3000.0,True,False
personalfinanceindia,1mqtlwy,2025-08,1780729282,1755252862,The RIA model will FAIL in India,119,0.9,37,0,Broad-Research5220,1579.6,111885.0,17683.0,True,False
personalfinanceindia,1mmltbz,2025-08,1780729282,1754840621,Tough gig: getting my wife to care about investments,118,0.93,68,0,PanicBig3536,1495.7,6208.0,3974.0,True,False
personalfinanceindia,1mfero8,2025-08,1780729282,1754100250,The Dark Reality of Health Insurance That Made Renu Pay 46% HIGH Premium,114,0.92,15,0,Broad-Research5220,1579.6,111885.0,17683.0,True,False
personalfinanceindia,1mw3twj,2025-08,1780729282,1755759574,Kuvera → CRED: Why I’m Worried,107,0.97,66,0,MeTejaHu,1357.2,7665.0,59811.0,True,False
unitedstatesofindia,1mjx6ns,2025-08,1780729488,1754565014,We should all demand clarification from ELECTION COMMISSION OF INDIA on this..,4567,0.95,476,0,brawler_r,,,,,True
unitedstatesofindia,1msm8m3,2025-08,1780729488,1755422065,Welcome to India,3230,0.96,122,0,One-Development3675,813.1,16717.0,3564.0,False,True
unitedstatesofindia,1mr2th9,2025-08,1780729488,1755275385,Sanghi got cooked.,3185,0.97,90,0,satannnn666,1496.8,78745.0,6163.0,True,True
unitedstatesofindia,1mkpbfe,2025-08,1780729488,1754640120,"India Today tried visiting one of the residence which RG has shown in PC, Flat owned is by BJP affil",2631,0.97,75,0,league_9240,999.1,82429.0,25892.0,True,True
unitedstatesofindia,1mlem5w,2025-08,1780729488,1754707735,BJP exposes ECI  while defending them,2506,0.98,121,0,league_9240,999.1,82429.0,25892.0,True,True
unitedstatesofindia,1mh4l37,2025-08,1780729488,1754283681,13 friends went to eat at a restaurant in Gorakhpur. They mixed bones in the vegetarian food so that,2121,0.97,105,0,JesusRao,,,,,True
unitedstatesofindia,1moxha2,2025-08,1780729488,1755068516,"Modi Govt Has Politicised The Indian Armed Forces To No Limit, Affecting Their Credibility",2012,0.94,206,0,Mirror-On-The-Wall,2367.9,131753.0,65013.0,True,True
unitedstatesofindia,1mkpd9u,2025-08,1780729488,1754640317,ECI is deleting E-voter List of states after people have started verifying that allegations by Rahul,1984,0.98,138,0,Mirror-On-The-Wall,2367.9,131753.0,65013.0,True,True
unitedstatesofindia,1mxsmtb,2025-08,1780729488,1755925530,"These people aren't Patriots, they're a Disgrace",1873,0.95,159,0,rohithkumarsp,4687.2,164146.0,137366.0,True,True
unitedstatesofindia,1mpuy51,2025-08,1780729488,1755160696,Looks like this time they’ve actually come fully prepared.,1773,0.97,72,0,Ok_Attorney9239,848.0,19654.0,3427.0,True,True
unitedstatesofindia,1mhprrp,2025-08,1780729488,1754341556,"Spent over 2 years in jail, lost his health but did not bow down to BJP. Indians don't deserve such ",1762,0.97,65,0,unproblem_,1691.1,21453.0,23163.0,True,False
unitedstatesofindia,1n0rut8,2025-08,1780729488,1756228599,Sanghis are furious at this ad by Sony on X/Twitter because it shows Indian Muslims celebrating Team,1746,0.94,92,0,sliceoflife_daisuki,1398.0,110832.0,57631.0,True,False
unitedstatesofindia,1mw4grj,2025-08,1780729488,1755761951,"Bihar SIR—22 Lakh voters declared dead by ECI, many of those being found alive by journalists invest",1716,0.97,49,0,Mirror-On-The-Wall,2367.9,131753.0,65013.0,True,False
unitedstatesofindia,1mn56fl,2025-08,1780729488,1754892115,Burqa-clad women are being sexually harassed and assaulted by Kanwariyas.,1698,0.93,167,0,Ok_Somewhere9687,,,,,False
unitedstatesofindia,1mqjs75,2025-08,1780729488,1755221579,"Netaji knew this day would come, he warned we did not heed the warning.",1630,0.97,59,0,LateScientist6316,1309.9,7000.0,4624.0,True,False
unitedstatesofindia,1mv5jcd,2025-08,1780729488,1755665614,Gyanesh is Congress' Favourite CEC ❤️,1574,0.98,34,0,Mirror-On-The-Wall,2367.9,131753.0,65013.0,True,False
unitedstatesofindia,1mi65zx,2025-08,1780729488,1754391926,Gems of babu engineering: Flyover gets flooded due to rain in Hyderabad's most posh tech area,1566,0.99,114,0,margazi_perumal_20,463.9,97407.0,25342.0,True,False
unitedstatesofindia,1mfwzt0,2025-08,1780729488,1754157693,This man was having a panic attack for flying on the aircraft but then another guy choose to slap hi,1516,0.98,83,0,brawler_r,,,,,False
unitedstatesofindia,1mq07e2,2025-08,1780729488,1755176907,"Some people are saying, the decision to remove stray dogs came after this video went viral. Shocking",1502,0.96,40,0,sliceoflife_daisuki,1398.0,110832.0,57631.0,True,False
unitedstatesofindia,1n1nv8o,2025-08,1780729488,1756316729,There is something more about gadkari family that needs to be out among masses other than E20 fuel b,1496,0.99,32,0,Hour_Condition720,356.1,27097.0,4731.0,True,False
unitedstatesofindia,1mh3u06,2025-08,1780729488,1754281147,A sign in Thailand specifically in Hindi to teach Indians some basic civility. What a shame!,1483,0.99,58,0,El_Impresionante,5967.7,64698.0,147186.0,True,False
unitedstatesofindia,1muanu4,2025-08,1780729488,1755584627,Solid 6 mins. of CEC Gyanesh Kumar getting smashed by Mahua Moitra || united Oppn held a joint PC in,1475,0.95,74,0,Mirror-On-The-Wall,2367.9,131753.0,65013.0,True,False
unitedstatesofindia,1n2a4df,2025-08,1780729488,1756381909,Bihar showing the path to rest of india,1385,0.99,38,0,LateScientist6316,1309.9,7000.0,4624.0,True,False
unitedstatesofindia,1mkoyy4,2025-08,1780729488,1754638791,Gurkirat Singh Dang voting four times,1371,0.99,30,0,Mirror-On-The-Wall,2367.9,131753.0,65013.0,True,False
unitedstatesofindia,1mwmvt8,2025-08,1780729488,1755809519,"Apparently, people still believe on WhatsApp forwards in big 2025.",1358,0.94,77,0,EquivalentRush670,813.4,7532.0,8495.0,True,False
unitedstatesofindia,1ml2w7z,2025-08,1780729488,1754677357,CM Modi comes in support for RaGa against EC,1340,0.99,57,0,league_9240,999.1,82429.0,25892.0,True,False
unitedstatesofindia,1ml5mjr,2025-08,1780729488,1754683699,Vote Chori 2024,1302,0.97,68,0,trainw09,3447.3,36158.0,9599.0,True,False
unitedstatesofindia,1mqoq8e,2025-08,1780729488,1755236258,"Congress Strikes Back: ""Modi's win built on fraud!""; Demands 2024 elections be nullified, uses BJP’s",1293,0.97,67,0,Mirror-On-The-Wall,2367.9,131753.0,65013.0,True,False
unitedstatesofindia,1mzi3r4,2025-08,1780729488,1756099764,"Foreign nationals living in Gurugram, along with locals, organised a cleanliness drive to clean the ",1267,0.99,84,0,NoMedicine3572,660.1,258444.0,111734.0,True,False
unitedstatesofindia,1mtf92x,2025-08,1780729488,1755501858,"Video From Uttarakhand, 15th August 2025: Muslim Man Beaten for Refusing to Chant ""Jai Shri Ram""",1251,0.94,210,0,Which_Ad_8583,796.2,24368.0,3754.0,True,False
unitedstatesofindia,1mps701,2025-08,1780729488,1755150869,Have you ever seen anything like this after a military operation in any serious country? How is this,1249,0.95,136,0,JesusRao,,,,,False
unitedstatesofindia,1n305al,2025-08,1780729488,1756449615,What is this disease called?,1238,0.95,151,0,Mirror-On-The-Wall,2367.9,131753.0,65013.0,True,False
unitedstatesofindia,1n3eo7b,2025-08,1780729488,1756490735,Throwback to the good old days: GPS technology in new currency notes,1231,0.98,49,0,find_a_rare_uuid,670.7,41615.0,202686.0,True,False
unitedstatesofindia,1moub1b,2025-08,1780729488,1755057515,Priyanka Gandhi on accountability,1230,0.98,82,0,FutureDilf04,1300.3,3935.0,4677.0,True,False
unitedstatesofindia,1n4rhtx,2025-08,1780729488,1756636850,How tides changed,1229,0.95,80,0,Ashamed_Fox_9923,1070.3,249761.0,41255.0,True,False
unitedstatesofindia,1memhqq,2025-08,1780729488,1754020704,"After Molester Kanwariya Harassed 16 y/o Muslim Girl, Police Files FIR Against Her Family",1212,0.96,88,0,Mirror-On-The-Wall,2367.9,131753.0,65013.0,True,False
unitedstatesofindia,1mwabow,2025-08,1780729488,1755781329,"In A Maharashtra Village, A Muslim Youth Who Led Ganpati Festivities Was Lynched By A Hindu Mob—Amon",1197,0.95,69,0,Ok_Somewhere9687,,,,,False
unitedstatesofindia,1mk3xm1,2025-08,1780729488,1754582316,BJP has started it's misinformation attack against Rahul Gandhi's expose,1186,0.95,90,0,LateScientist6316,1309.9,7000.0,4624.0,True,False
unitedstatesofindia,1mvb6eb,2025-08,1780729488,1755686230,"Goodbye Democracy, Hello Custody Rule: Why Elections Won't Matter Anymore",1184,0.96,108,0,Traditionalstretegy,1592.2,9755.0,3427.0,True,False
unitedstatesofindia,1mlfm4g,2025-08,1780729488,1754710816,"A younger voting for bjp 8 times during lok sabha 2024 election in Farrukhabad, i still had this in ",1173,0.98,43,0,EasyDay7889,1503.9,911.0,2658.0,True,False
IndianStreetBets,1mktfvg,2025-08,1780729693,1754654920,Banana tariff,2097,0.99,92,0,SierraBravoLima,1740.1,78134.0,109645.0,True,True
IndianStreetBets,1mm8nos,2025-08,1780729693,1754797878,Thoughts on this,1638,0.97,63,0,Klutzy_Fisherman_727,639.4,3254.0,363.0,True,True
IndianStreetBets,1mhj9ea,2025-08,1780729693,1754327278,DIIs will try their best tomorrow,1321,0.98,99,0,driftdiffusion4,1417.9,15703.0,28638.0,True,True
IndianStreetBets,1n37iyl,2025-08,1780729693,1756474274,Donald Trump was right when he called India a dead economy,1248,0.93,173,0,praosh,3132.0,2373.0,2672.0,True,True
IndianStreetBets,1mj0l2k,2025-08,1780729693,1754474628,Indian markets everytime trump announces new tariffs:😂😂😂,1218,0.99,17,0,itsreallyfather,2323.2,615.0,195.0,True,True
IndianStreetBets,1mumva5,2025-08,1780729693,1755619853,"US: India's richest families profited from Russian Crude, reiterates plan to hike tariffs on India",1186,0.94,187,0,blrmanager,,,,,True
IndianStreetBets,1n0om0o,2025-08,1780729693,1756221346,Aerial view of the Maruti Suzuki stockyard in Gujarat. The plant rolls out 7.5 lakh cars every year,1132,0.99,39,0,Broad-Research5220,1579.6,111885.0,17683.0,True,True
IndianStreetBets,1moy4zz,2025-08,1780729693,1755071027,How he got dividend in cheque form?,1024,0.97,42,0,ManishVishav,1443.2,3066.0,1180.0,True,True
IndianStreetBets,1melx0u,2025-08,1780729693,1754018869,I saw this and couldn't resist sharing. lol !!,945,0.96,24,0,Super_Molasses124,411.1,11600.0,164.0,True,True
IndianStreetBets,1mxyzde,2025-08,1780729693,1755948549,End of Finfluencer and Financial Advisors,857,0.95,78,0,romka79,1955.1,59838.0,31138.0,True,True
IndianStreetBets,1mwypmw,2025-08,1780729693,1755842966,"Avadhut Sathe , if SEBI agrees to take 10% of his illegal gains",857,0.94,120,0,Broad-Research5220,1579.6,111885.0,17683.0,True,False
IndianStreetBets,1mhg0ge,2025-08,1780729693,1754320089,Trump to raise tariffs on India,837,0.97,243,0,boredwithlyf,4083.8,536.0,9402.0,False,False
IndianStreetBets,1n1kai0,2025-08,1780729693,1756308773,This share went up from Rs.41 a year back to Rs.668,829,0.98,68,0,Broad-Research5220,1579.6,111885.0,17683.0,True,False
IndianStreetBets,1mj7w8a,2025-08,1780729693,1754494433,India's response to additional 25% Tariffs levied by USA,828,0.98,59,0,Direct-Skin-3243,646.9,702.0,283.0,True,False
IndianStreetBets,1mesbn7,2025-08,1780729693,1754042096,Buying 1 lakh worth of Nifty 50 ETF for every -1% down from all time high. Day: 27,820,0.97,81,0,peaked_in_high_skool,2812.4,34865.0,50321.0,True,False
IndianStreetBets,1mhh577,2025-08,1780729693,1754322611,Tata Motors - Trump,784,0.95,145,0,versnappin,698.9,427.0,5005.0,True,False
IndianStreetBets,1mvexdh,2025-08,1780729693,1755696778,45 crore people lost 20000 crore annually due to Online Gaming says PM. what about 40k crore loss du,780,0.86,68,0,blrmanager,,,,,False
IndianStreetBets,1mi9g6m,2025-08,1780729693,1754401093,"If the US imposes 50% tariff on India, the tariff is paid by American importer, not Indian exporter.",760,0.94,175,0,No-Cap9116,321.8,17444.0,16234.0,True,False
IndianStreetBets,1mj8j9o,2025-08,1780729693,1754495865,India faces highest Trump tariff,755,0.97,91,0,Adorable-Grand68,387.5,70532.0,9051.0,True,False
IndianStreetBets,1mk0g4e,2025-08,1780729693,1754574145,"“If you bought at ₹3, you’d have ₹1 crore now” bro, shut up.",668,0.97,94,0,Niftymonk,1036.7,13504.0,1799.0,True,False
IndianStreetBets,1mljmq7,2025-08,1780729693,1754724940,Indian traders to trump,644,0.98,26,0,parashok99,1960.1,444.0,456.0,True,False
IndianStreetBets,1muhj2i,2025-08,1780729693,1755607865,Online gaming bill,642,0.98,60,0,Klutzy_Fisherman_727,639.4,3254.0,363.0,True,False
IndianStreetBets,1meng9l,2025-08,1780729693,1754023796,"Jane Street Made Crores in India F&amp;O, Paid ZERO Tax !!",640,0.98,31,0,Super_Molasses124,411.1,11600.0,164.0,True,False
IndianStreetBets,1n2ddj9,2025-08,1780729693,1756390453,Bullish signal for Indian market.,636,0.95,42,0,SelectionCalm70,1625.6,12298.0,8591.0,True,False
IndianStreetBets,1mjtqv2,2025-08,1780729693,1754552279,How will PM Modi’s response to Trump’s 50% tariff actually support Indian farmers?,630,0.93,167,0,hold_it_dude,515.3,6153.0,5803.0,True,False
IndianStreetBets,1mkoe46,2025-08,1780729693,1754636544,Madlad gains,629,0.96,32,0,BearCartel,462.8,422.0,783.0,False,False
IndianStreetBets,1mlvjvx,2025-08,1780729693,1754761657,Thanos knows how to balance,626,0.97,16,0,SierraBravoLima,1740.1,78134.0,109645.0,True,False
IndianStreetBets,1mquzfx,2025-08,1780729693,1755257055,Foreign investors are selling Indian equities like there’s no tomorrow,609,0.97,73,0,Broad-Research5220,1579.6,111885.0,17683.0,True,False
IndianStreetBets,1mma8yk,2025-08,1780729693,1754803164,7th August expiry was absolute cinema!,573,0.98,49,0,Embarrassed_Iron_688,1297.7,2930.0,10498.0,False,False
JEENEETards,1n4pzt4,2025-08,1780729908,1756631040,Guyss rate my study setup,7176,0.97,509,0,rarus_18,,,,,True
JEENEETards,1mg6plz,2025-08,1780729908,1754184086,Allen's canteen,6592,0.99,177,0,Gold_Dependent_934,391.8,2128.0,24.0,True,True
JEENEETards,1n32g9h,2025-08,1780729908,1756458613,Too real,5415,0.99,40,0,NonAromatic_Benzene,296.4,1908.0,653.0,False,True
JEENEETards,1mktzo6,2025-08,1780729908,1754656497,IISER Kolkata Student committed Suicide last night because of ragging!!!,4658,0.98,257,0,Powerful_Nerve_7258,,,,,True
JEENEETards,1mwxcwx,2025-08,1780729908,1755838260,"What do you mean ""🙏"" 😭",4421,0.99,67,0,NonAromatic_Romantic,299.2,15520.0,1981.0,True,True
JEENEETards,1mmcv5j,2025-08,1780729908,1754813004,Iit tirupati 😭😭😭,4338,0.99,66,0,grinding_1258,373.8,1581.0,52.0,True,True
JEENEETards,1n0iq7q,2025-08,1780729908,1756206084,Reached peak humour...!!!,3647,0.98,93,0,Enough-Celery4707,,,,,True
JEENEETards,1mqwvvr,2025-08,1780729908,1755262162,This is huge👏👏,3355,0.99,102,0,Outrageous-Store-688,1887.1,1740.0,1633.0,True,True
JEENEETards,1mti0zs,2025-08,1780729908,1755512130,Theft at IIT Bombay hostel💦💦,2949,0.98,155,0,Cool-Ad-8804,1755.0,46542.0,89343.0,True,True
JEENEETards,1mynd46,2025-08,1780729908,1756013620,True enough ..,2925,0.99,69,0,batman_0102,380.3,47583.0,2911.0,True,True
JEENEETards,1mh4k12,2025-08,1780729908,1754283598,2025 in one pic🫠🫠,2457,0.99,43,0,Lonely-Ad4695,368.9,2550.0,16.0,True,False
JEENEETards,1ml0e7d,2025-08,1780729908,1754671702,ChatGPT for you guyss,2453,0.97,406,0,Mental-Ingenuity3002,1454.1,4981.0,2544.0,True,False
JEENEETards,1mx4knh,2025-08,1780729908,1755864116,What jee does to a mf,2154,0.99,95,0,Downtown_Pool2003,380.1,1866.0,188.0,True,False
JEENEETards,1mkpr1t,2025-08,1780729908,1754641849,No nonsense straight up punches,2084,0.97,84,0,Wrong_Run3311,1659.8,5772.0,860.0,True,False
JEENEETards,1mtgifs,2025-08,1780729908,1755506673,Logic Gate :),1990,1.0,20,0,ironnnheart,308.7,11225.0,123.0,True,False
JEENEETards,1mfiz98,2025-08,1780729908,1754113851,Me redditia😂💀,1981,0.98,122,0,Kind_Channel_963,474.1,1638.0,216.0,True,False
JEENEETards,1mi4u4z,2025-08,1780729908,1754387262,mehnat karta hu bhay,1911,0.99,86,0,SarthakSidhant,1726.3,36293.0,50769.0,True,False
JEENEETards,1mxb6td,2025-08,1780729908,1755880075,Dont Join Old IITs If You Wanna Live,1907,0.97,296,0,PuzzleheadedGolf2728,,,,,False
JEENEETards,1mtwnts,2025-08,1780729908,1755547007,What happened to this guy?,1882,0.99,169,0,F7_2007,667.0,2106.0,11220.0,False,False
JEENEETards,1mp3k02,2025-08,1780729908,1755089408,Based on last post 🥀🥀,1855,0.99,34,0,Objectie,319.4,5469.0,1724.0,True,False
JEENEETards,1mgm2yw,2025-08,1780729908,1754234868,dreams do come true 🤩😋,1655,0.98,119,0,doge-12,1754.5,66101.0,40200.0,True,False
JEENEETards,1n2fj31,2025-08,1780729908,1756395237,My du friend said du is equivalent to iit,1601,0.99,80,0,EstimateNo7142,477.2,1879.0,1658.0,True,False
JEENEETards,1mqkky0,2025-08,1780729908,1755223770,Happy Independence day!!,1518,1.0,36,0,South-Ad-9838,434.9,3873.0,4249.0,True,False
JEENEETards,1n0hy9x,2025-08,1780729908,1756203409,Too real for me 😨😰,1468,1.0,34,0,Ok-Opportunity6777,350.7,2854.0,962.0,True,False
JEENEETards,1mrmiys,2025-08,1780729908,1755324248,IIT Guwahati drinking water facility,1419,0.99,129,0,CarRemarkable1038,1995.8,4255.0,1056.0,True,False
JEENEETards,1mibog5,2025-08,1780729908,1754406275,Thoughts?,1413,0.99,179,0,Creepy_Database7246,1602.2,32156.0,15322.0,True,False
JEENEETards,1mi41f0,2025-08,1780729908,1754384244,Do bhai dono tabhai,1403,0.99,70,0,thedelux04,,,,,False
JEENEETards,1myvqtc,2025-08,1780729908,1756042484,"Padhlo guys 😔Life second chance nahi deti hai , guzra waqt vapis kabhi nahi aaega",1334,0.99,64,0,Humble_Giant123,627.4,14149.0,20576.0,True,False
JEENEETards,1mlm115,2025-08,1780729908,1754734708,How's no JEE yet IIT Madras even possible 😭😭😭,1304,0.97,107,0,ssdlphani,,,,,False
JEENEETards,1mesc25,2025-08,1780729908,1754042142,Pens used in July,1233,0.97,200,0,TheChillGuy2,,,,,False
JEENEETards,1mrxteh,2025-08,1780729908,1755356687,Me after that jee aluminium rod 👅🥀,1225,0.98,68,0,Minute-Actuator-1878,,,,,False
JEENEETards,1mv99ta,2025-08,1780729908,1755679310,The end is near,1220,0.99,24,0,3kushall,320.9,10929.0,3839.0,True,False
JEENEETards,1n53znw,2025-08,1780729908,1756669249,Rajwant sir appreciation post,1191,0.98,69,0,Scout1for1,743.8,607.0,706.0,True,False
JEENEETards,1mx4a1i,2025-08,1780729908,1755863253,Mehnat krlo juniors! It will be worth every second,1162,0.99,72,0,seyk000,862.8,4612.0,665.0,True,False
JEENEETards,1mw6d1h,2025-08,1780729908,1755769272,Bye bye India going to Surathkal,1145,0.97,176,0,Downtown_Pool2003,380.1,1866.0,188.0,True,False
JEENEETards,1mrll9r,2025-08,1780729908,1755321288,IIT guwahati mess,1134,0.96,307,0,Practical-Tooth6922,,,,,False
ISRO,1n30ooc,2025-08,1780730112,1756451667,"Why are Indian firms picking, paying SpaceX over ISRO to launch satellites?",226,0.96,38,0,Secret_Mud_2401,2152.9,1446.0,2852.0,True,True
ISRO,1mxtuq3,2025-08,1780730112,1755929777,SE-2000 PHTA hot test video,149,0.99,7,0,Kimi_Raikkonen2001,2312.0,27163.0,4120.0,True,True
ISRO,1myqaay,2025-08,1780730112,1756024561,IADT-01 images,139,1.0,7,0,Kimi_Raikkonen2001,2312.0,27163.0,4120.0,True,True
ISRO,1min1s8,2025-08,1780730112,1754431907,"Indian rockets in ‘great demand’, we are short of manufacturing capacity: Former ISRO chairman Soman",138,0.96,9,0,Ohsin,6317.2,136552.0,54412.0,True,True
ISRO,1mkwl7q,2025-08,1780730112,1754663000,Skyroot Aerospace completed static test firing of Vikram-1 booster stage (Kalam-1200) for 110 second,133,0.99,3,0,Ohsin,6317.2,136552.0,54412.0,True,True
ISRO,1mzqghu,2025-08,1780730112,1756128379,Slightly better quality render of RLV-ORV,125,0.99,18,0,Ohsin,6317.2,136552.0,54412.0,True,True
ISRO,1mmfiev,2025-08,1780730112,1754823098,[Video] Skyroot Aerospace's static test firing of Vikram-1 booster stage (Kalam-1200),115,1.0,9,0,Ohsin,6317.2,136552.0,54412.0,True,True
ISRO,1mo4erv,2025-08,1780730112,1754992328,"Pixxel-led consortium wins ₹1,200-crore PPP, to build India’s first private Earth Observation satell",108,0.99,33,0,Ohsin,6317.2,136552.0,54412.0,True,True
ISRO,1n3aog8,2025-08,1780730112,1756481673,"India, Japan sign implementing arrangement for joint Lunar Polar Exploration Mission (LuPEx) aka Cha",107,0.98,4,0,Ohsin,6317.2,136552.0,54412.0,True,True
ISRO,1n1n3gx,2025-08,1780730112,1756315012,Nice shot of Chinook and underslung dummy CM from IADT-01 campaign.,96,1.0,5,0,Ohsin,6317.2,136552.0,54412.0,True,True
ISRO,1n1j061,2025-08,1780730112,1756305886,"Gaganyaan astronauts are ageing with each year of delay. They are a fit, focused and formidable team",81,0.99,11,0,Ohsin,6317.2,136552.0,54412.0,True,False
ISRO,1mz3a2m,2025-08,1780730112,1756059846,ISRO accomplishes first Integrated Air Drop Test for Gaganyaan Missions successfully,63,1.0,6,0,Kimi_Raikkonen2001,2312.0,27163.0,4120.0,True,False
ISRO,1mq3t8r,2025-08,1780730112,1755185202,INSPACE - PPP - Now turned to an absolute joke,53,0.9,10,0,Conscious-Attorney10,295.8,43.0,0.0,True,False
ISRO,1mrahbm,2025-08,1780730112,1755292218,NISAR update: Giant Radar Antenna Reflector on NASA-ISRO Satellite in Full ‘Bloom’,52,0.96,9,0,Ohsin,6317.2,136552.0,54412.0,True,False
ISRO,1mym22s,2025-08,1780730112,1756009121,"India’s astronaut pool to have women, people from all walks",52,0.95,7,0,Ohsin,6317.2,136552.0,54412.0,True,False
ISRO,1mpr39j,2025-08,1780730112,1755147200,Bid that bagged the 12 Earth Observation satellites PPP Project quoted Rs 0,49,0.98,21,0,Ohsin,6317.2,136552.0,54412.0,True,False
ISRO,1mesbe8,2025-08,1780730112,1754042068,"Failure analysis on PSLV-C61/EOS-09 mission completed, Narayanan describes the problem as a ‘small’ ",47,1.0,30,0,Ohsin,6317.2,136552.0,54412.0,True,False
ISRO,1mfwvpq,2025-08,1780730112,1754157413,Is low launch number is manufacturing limitations or low requirement,41,1.0,13,0,ResolutionFair8307,446.7,2976.0,3629.0,True,False
ISRO,1mw6bbw,2025-08,1780730112,1755769090,Upcoming launch schedule August 2025 - March 2026,39,1.0,21,0,Ohsin,6317.2,136552.0,54412.0,True,False
ISRO,1n2uar6,2025-08,1780730112,1756430884,"NISAR NASA-ISRO Mission Aces Checkouts, on Track to Start Delivering Science - NASA Science",39,1.0,3,0,Ohsin,6317.2,136552.0,54412.0,True,False
ISRO,1n39p2c,2025-08,1780730112,1756479451,"India and Philippines space industries join hands for joint research, co-development",38,0.98,1,0,Consistent-Figure820,1008.5,103922.0,7063.0,True,False
ISRO,1mfqabk,2025-08,1780730112,1754140534,"ISRO Chairman on SCE-200 engine and SC120 stage readiness: ""The power head tests (on the engine) are",36,0.98,6,0,Ohsin,6317.2,136552.0,54412.0,True,False
ISRO,1mrbbdq,2025-08,1780730112,1755294076,Dr. V Narayanan: Gaganyaan-G1 slated for December 2025,34,0.92,8,0,arjun_raf,2945.1,70546.0,26575.0,True,False
ISRO,1mlbdzo,2025-08,1780730112,1754698346,"[Question] I emailed Bhoonidhi for their API access, neither got a rejection mail nor acceptance mai",34,0.96,10,0,hyperjuanseena,1504.1,2156.0,3009.0,True,False
ISRO,1mym889,2025-08,1780730112,1756009703,Apparently IADT test has been conducted today.,34,1.0,8,0,Ohsin,6317.2,136552.0,54412.0,True,False
ISRO,1n3yauj,2025-08,1780730112,1756549939,Could India swith to ILRS from the Artemis Accords,31,0.9,14,0,Astrotalkuk,3661.0,363.0,48.0,True,False
ISRO,1mf3fjw,2025-08,1780730112,1754071014,Himalayan Outpost For Planetary Exploration (HOPE) - ISRO,30,0.98,10,0,Avizeet,1974.9,1345.0,1169.0,True,False
ISRO,1myuw1w,2025-08,1780730112,1756040249,NGLV has been replaced with LMLV. What's the fate LME110 engine being developed?,29,0.93,43,0,ProfessionalSkirt589,1205.7,294.0,6712.0,True,False
ISRO,1mxaeyv,2025-08,1780730112,1755878356,Proposed Missions between 2025-2040. Apparently NavIC's MEO sats will be launched in a cluster of fo,29,1.0,5,0,Ohsin,6317.2,136552.0,54412.0,True,False
ISRO,1msls0l,2025-08,1780730112,1755420296,GSLV-F17/NVS-03 is now planned in December/January.,29,1.0,25,0,Ohsin,6317.2,136552.0,54412.0,True,False
ISRO,1mysv19,2025-08,1780730112,1756033993,12 satellites at Rs 0: A constellation of questions for India’s space future,28,0.95,3,0,Ohsin,6317.2,136552.0,54412.0,True,False
ISRO,1mjwm43,2025-08,1780730112,1754563090,Report on failed project to develop Carbon Fibre (T800 grade) by the Department of Space (ISRO/VSSC),28,0.98,7,0,Ohsin,6317.2,136552.0,54412.0,True,False
ISRO,1mxh9m3,2025-08,1780730112,1755893966,"IKI, Russia targets to deliver VIRAL payload for Venus Orbiter Mission by March 2027",26,0.94,6,0,Kimi_Raikkonen2001,2312.0,27163.0,4120.0,True,False
ISRO,1mvw2pp,2025-08,1780730112,1755735597,"Launch of AST SpaceMobile's BlueBird FM1 now ""Most likely, in the December-January time frame""",26,0.96,11,0,Ohsin,6317.2,136552.0,54412.0,True,False
ISRO,1mf4zi9,2025-08,1780730112,1754074547,[Video] NISAR For Humanity (20min video by SAC),25,0.95,6,0,Kimi_Raikkonen2001,2312.0,27163.0,4120.0,True,False
ISRO,1mtgnvy,2025-08,1780730112,1755507257,Does ISRO need reshuffle? Questions arise over satellite and rocket production shifts,25,0.93,1,0,Ohsin,6317.2,136552.0,54412.0,True,False
ISRO,1men9xu,2025-08,1780730112,1754023204,"‘Anything that moves, NASA-ISRO satellite will see with unprecedented fidelity’",25,0.96,10,0,analyticpanic,1350.0,535.0,69.0,True,False
ISRO,1ml0wpe,2025-08,1780730112,1754672845,"Successful static test of KALAM 1200 solid motor at SDSC SHAR, Sriharikota",24,0.97,8,0,Ohsin,6317.2,136552.0,54412.0,True,False
ISRO,1miz8ae,2025-08,1780730112,1754469410,"Status of the construction and development of the Third Launch Pad (TLP) at SDSC-SHAR, including tim",23,0.91,9,0,Ohsin,6317.2,136552.0,54412.0,True,False
ISRO,1mxdste,2025-08,1780730112,1755885992,Could it be that bottom-most NVS (MEO) is acting like propulsion module for the whole stack and usin,23,1.0,5,0,Ohsin,6317.2,136552.0,54412.0,True,False
UPSC,1mhn23f,2025-08,1780730291,1754335461,MEA on fire !! Good move or bad move ?,1392,0.99,128,0,Low_Lead_6735,451.8,18760.0,2421.0,True,True
UPSC,1mqzwcp,2025-08,1780730291,1755269091,We know bro.,1364,0.96,82,0,OldRajinderNagar,689.7,1842.0,766.0,False,True
UPSC,1mwe2n6,2025-08,1780730291,1755789900,More than shallow though,1088,0.99,25,0,Cheri-Cherry,578.8,33687.0,5273.0,True,True
UPSC,1mwvzy5,2025-08,1780730291,1755833848,I need to clear my backlog 😭,721,1.0,21,0,Expensive-View-2531,1423.2,736.0,183.0,True,True
UPSC,1mkpd4r,2025-08,1780730291,1754640301,Would you love these kind of offices for All Bureaucrats ?,655,0.97,66,0,PresentRecording9386,393.0,8327.0,3041.0,True,True
UPSC,1mi068l,2025-08,1780730291,1754369776,"I do think Life's harder than UPSC, and I don't get this whining!",640,0.95,38,0,Smart-Insurance3505,413.6,6532.0,15754.0,False,True
UPSC,1mwzgz9,2025-08,1780730291,1755845805,Essay paper 2025,602,0.99,167,0,EagleEyeSierra,390.9,568.0,1589.0,True,True
UPSC,1myu6gi,2025-08,1780730291,1756038188,"Don't trouble the trouble. If you trouble the trouble, trouble troubles you. I'm not the trouble. I'",430,1.0,68,0,Either-Challenge5055,358.7,1523.0,874.0,True,True
UPSC,1mhhnzf,2025-08,1780730291,1754323750,Consolidation (Part 1): How I cracked UPSC CSE twice without Coaching – Background and Prelims,413,0.99,91,0,Individual-Wall-1795,323.4,281.0,274.0,True,True
UPSC,1mp2rid,2025-08,1780730291,1755087222,Dr. Rajendra Prasad ne gandhi pe PhD krr rakhi thi.,411,1.0,24,0,Big-Telephone-1903,,,,,True
UPSC,1mfkq5l,2025-08,1780730291,1754120349,How values are taught!,384,0.99,47,0,Interesting_Tip1919,559.9,1885.0,454.0,True,False
UPSC,1n48bxa,2025-08,1780730291,1756577228,Just found it funny,374,0.99,10,0,Difficult-Piano-178,1061.0,2043.0,1830.0,True,False
UPSC,1mhd61x,2025-08,1780730291,1754313390,New subject has been added for mains,337,0.97,40,0,Brief_Picture787,1682.9,312.0,667.0,True,False
UPSC,1my1s1k,2025-08,1780730291,1755956490,Reaction to GS2!,336,0.99,43,0,vad3rop,2107.2,17909.0,1470.0,True,False
UPSC,1mpct5x,2025-08,1780730291,1755110504,Serious Allegations against an IAS!,334,0.97,82,0,Spirited_Visual_6997,1190.0,3368.0,1720.0,True,False
UPSC,1mxucrz,2025-08,1780730291,1755931610,GS-1 Paper UPSC Mains 2025,334,0.99,93,0,Plastic_Many393,990.5,97370.0,19265.0,True,False
UPSC,1myru3c,2025-08,1780730291,1756030386,"High in the halls of the kings who are gone, Jenny would dance with her ghosts!",334,0.96,33,0,Smart-Insurance3505,413.6,6532.0,15754.0,False,False
UPSC,1mqldt3,2025-08,1780730291,1755226017,UPSC: Because who doesn’t love waiting a whole year to know their fate?,327,0.97,30,0,Economy_Permission36,1659.9,1842.0,8331.0,True,False
UPSC,1n503jm,2025-08,1780730291,1756659987,Finally done with Mains marathon,321,0.98,32,0,Fuzzy_Beyond8767,471.0,221.0,721.0,False,False
UPSC,1mo51zw,2025-08,1780730291,1754994611,Bro needs to hesitate,311,0.98,40,0,dick_in_pie,1787.2,1723.0,1642.0,True,False
UPSC,1mjs8kv,2025-08,1780730291,1754546608,"Remember me? Last year after the Prelims i posted a screenshot, few texts that my dad sent me! It’s ",310,0.98,43,0,FanRopeAndAStool,736.2,321.0,546.0,True,False
UPSC,1my03cg,2025-08,1780730291,1755951960,"🙄 samjhne me hi time lg rha, to likhna kaise hai inn questions ko",309,0.98,103,0,PresentRecording9386,393.0,8327.0,3041.0,True,False
UPSC,1n3xy30,2025-08,1780730291,1756548573,Mistakes that I MADE and you MUST NOT in your UPSC CSE Preparation Journey,305,0.99,42,0,MusicMetalStory,2133.7,2318.0,889.0,True,False
UPSC,1mi8khk,2025-08,1780730291,1754398875,Consolidation (Part 2): How I cracked UPSC CSE twice without Coaching – Mains,305,0.98,75,0,Individual-Wall-1795,323.4,281.0,274.0,True,False
UPSC,1myoj77,2025-08,1780730291,1756017878,GS-3 Paper UPSC Mains 2025,303,0.99,107,0,Plastic_Many393,990.5,97370.0,19265.0,True,False
UPSC,1mgd2jy,2025-08,1780730291,1754205549,Guys how to solve this,299,0.99,89,0,Blind_asf,907.8,925.0,5345.0,True,False
UPSC,1mwycos,2025-08,1780730291,1755841678,Honest feeling after prelims 😂,295,1.0,5,0,TemperatureDense6824,1080.1,413.0,386.0,True,False
UPSC,1mx758g,2025-08,1780730291,1755870798,"Sochta tha, agar sabka UPSC clear ho jayega toh teacher kon banega….",293,0.99,54,0,Shiqshak,476.9,715.0,205.0,True,False
UPSC,1mhorv0,2025-08,1780730291,1754339313,Had to do this!,292,0.96,47,0,Glass_Maintenance233,1693.8,4333.0,2356.0,True,False
UPSC,1mfqa0x,2025-08,1780730291,1754140510,"Daily positive reminder for the aspirants, don't give up!",267,0.98,12,0,0xjaswi,323.3,5731.0,552.0,True,False
UPSC,1my5lnt,2025-08,1780730291,1755965669,A direct mains question from the hindu.,262,0.99,34,0,Successful-Way6273,449.5,36234.0,15941.0,True,False
UPSC,1mq9n4k,2025-08,1780730291,1755197728,Landmark Judgment!,257,0.98,8,0,Spirited_Visual_6997,1190.0,3368.0,1720.0,True,False
UPSC,1mi8tcw,2025-08,1780730291,1754399505,"They are worried about their own viewership, aspirants dropping off, low YouTube numbers.",238,0.95,83,0,Few-Environment6882,363.8,177.0,405.0,True,False
UPSC,1mw6fnu,2025-08,1780730291,1755769535,To all my senior bhaiya and didi writing Mains 2025.,235,0.98,5,0,Mother-Influence-863,904.2,3279.0,999.0,True,False
UPSC,1mx1ihe,2025-08,1780730291,1755853738,June 2020 to june 11 2025,234,0.98,66,0,Throwaway_nyrc,1084.7,574.0,6006.0,True,False
StartUpIndia,1mh8r3w,2025-08,1780730478,1754299493,0 investment Unlimited returns,1804,0.99,26,0,Sharp-potential7935,310.8,3025126.0,31936.0,True,True
StartUpIndia,1n3yl4o,2025-08,1780730478,1756551003,"Why are Indian startups always named like Utho, Upchar, Gharpay, AbeRuk, So Jao, Haglo .. like serio",1007,0.89,195,0,dark_anarchy20,3994.8,9971.0,6267.0,True,True
StartUpIndia,1mp8vwx,2025-08,1780730478,1755101869,A friend of mine just posted this on their LinkedIn. Is this common with startups? Or Indian workpla,973,0.99,115,0,ManOfCultureAssWell,3346.7,6527.0,421.0,True,True
StartUpIndia,1mfkzwb,2025-08,1780730478,1754121378,"A failed startup founder here. We built a cheaper, better pharmacy software… and nobody cared",593,0.96,298,0,Aditya_pixel,471.2,1066.0,419.0,True,True
StartUpIndia,1mhffl1,2025-08,1780730478,1754318790,Blinkit is asking 25k per product listing!,268,0.95,64,0,Dense-File2793,341.0,154.0,37.0,True,True
StartUpIndia,1mo67f9,2025-08,1780730478,1754998389,Most indian VC are same they just doing the work for someone else,205,0.95,26,0,sumandas094,2247.0,11819.0,12743.0,True,True
StartUpIndia,1mupzkf,2025-08,1780730478,1755626549,ChatGPT is now available for ₹399 in India. Thoughts?,191,0.97,24,0,iam-neighbour,300.9,489.0,56.0,True,True
StartUpIndia,1mq53i5,2025-08,1780730478,1755188019,"My Side Project, Weekend Farming",190,0.98,20,0,According-Hunter9659,526.9,162.0,18.0,True,True
StartUpIndia,1myn029,2025-08,1780730478,1756012337,Luck favours the shameless,184,0.98,37,0,South_Protection_734,372.8,2716.0,771.0,True,True
StartUpIndia,1n3z08s,2025-08,1780730478,1756552479,"Got a decent startup idea, somebody make this startup if interested",162,0.97,48,0,wrap_drive,495.0,146.0,1521.0,True,True
StartUpIndia,1my41bd,2025-08,1780730478,1755962024,Harsh truth about Indian VC’s who has successfully exited one startup,157,0.99,38,0,Junior-Way-9030,578.7,150.0,34.0,False,False
StartUpIndia,1n00j2x,2025-08,1780730478,1756151077,Do not think of cloud kitchens in India,144,0.99,73,0,Gloomy_Welcome2152,1848.5,769.0,171.0,True,False
StartUpIndia,1mn6uvd,2025-08,1780730478,1754898578,Your opinions?,143,0.99,10,0,Responsible-Cup-5130,306.8,443.0,231.0,True,False
StartUpIndia,1mzuair,2025-08,1780730478,1756137223,"didn't let a 'lala mindset' lead lowball me, he got offended",131,0.94,30,0,appukhote-feminist,304.8,226.0,678.0,True,False
StartUpIndia,1ml2axv,2025-08,1780730478,1754676020,Fed up with Co-founders,126,0.91,46,0,Will_changeit,2112.2,83.0,464.0,True,False
StartUpIndia,1n4ol7r,2025-08,1780730478,1756625573,Should I chase a ₹1.4 Cr job or finally commit to startup ideas?,123,0.91,98,0,wonderer_9,288.5,261.0,19.0,True,False
StartUpIndia,1mou515,2025-08,1780730478,1755056981,Pronto Funding,119,0.98,32,0,pm_mba,3594.0,2389.0,8613.0,True,False
StartUpIndia,1mpxo2g,2025-08,1780730478,1755170050,Dear Actual Rich People……Please Adopt Me,119,0.87,74,0,Lucifer_78924,641.8,363.0,273.0,True,False
StartUpIndia,1meze4k,2025-08,1780730478,1754061821,"Received incubation offer from IIT Kanpur, but they are asking for 4% equity and 2% revenue till 15 ",104,0.98,84,0,Main-Thanks-7900,1172.1,51.0,38.0,True,False
StartUpIndia,1msio4m,2025-08,1780730478,1755408981,Some advice from a Lawyer for Startup founders and young Advocates,100,0.93,2,0,botomana,3102.6,154.0,4501.0,True,False
StartUpIndia,1mzq45m,2025-08,1780730478,1756127527,Guys how in the hell did they raise this much money?,91,0.91,47,0,Low-Dig-4021,1283.8,1634.0,1751.0,True,False
StartUpIndia,1mj5zh1,2025-08,1780730478,1754490066,"Someone posted this on LinkedIn, what do you guys think ??",91,0.96,15,0,Traditional-Flan7932,,,,,False
StartUpIndia,1n0fpcm,2025-08,1780730478,1756194646,Flipkart will never be profitable,91,0.9,42,0,ActInfamous3857,2084.9,5948.0,3607.0,True,False
StartUpIndia,1mk8bxn,2025-08,1780730478,1754592172,Some one give me a job/internship 🥲🥲,86,0.9,72,0,Actual_County5129,1174.2,59.0,23.0,True,False
StartUpIndia,1mymqxa,2025-08,1780730478,1756011467,What is the most unlike you job that you did for startup?,79,0.98,9,0,swopcornsimba,2217.3,218.0,109.0,True,False
StartUpIndia,1n261q0,2025-08,1780730478,1756367179,What should I do ! Interns and Newcomers,78,0.95,43,0,skyhawx27,1753.1,194.0,419.0,True,False
TwoXIndia,1n402i8,2025-08,1780730675,1756555933,Indian boomers will be the best source of destroying anything that is giving you joy.,1161,0.98,64,0,Firewhiskey880,1700.7,4175.0,34208.0,True,True
TwoXIndia,1n0cf5z,2025-08,1780730675,1756182429,"""You know her VERY well 👀""",1017,0.97,79,0,kookie_doe,,,,,True
TwoXIndia,1n46gqk,2025-08,1780730675,1756572603,Bought my first house with my own money and its on MY name,994,0.99,98,0,sleepdeprivedsince92,1187.3,5411.0,13050.0,True,True
TwoXIndia,1muadvw,2025-08,1780730675,1755583649,daughters in father dominated fields,883,0.98,46,0,big_hole_energy,1142.8,254265.0,424.0,True,True
TwoXIndia,1n2h25k,2025-08,1780730675,1756398679,Now that we have entered the festive months,881,0.97,34,0,ooshn,1359.2,6196.0,29960.0,True,True
TwoXIndia,1muablv,2025-08,1780730675,1755583432,Can't even check my Insta in public anymore,858,0.97,90,0,dieselisdesire,1128.9,1100.0,2063.0,True,True
TwoXIndia,1mnenfe,2025-08,1780730675,1754922871,Don’t get married. At least twice a year I regret it.,762,0.95,113,0,my_100th_acc,1860.8,11796.0,12480.0,True,True
TwoXIndia,1mjwj5c,2025-08,1780730675,1754562806,"Ladies, especially married ones, have you written a will? If not, PLEASE read this post.",666,0.98,110,0,Unusual-Molasses5633,341.4,4535.0,78269.0,True,True
TwoXIndia,1n371um,2025-08,1780730675,1756473060,My househelp thought I was single and pregnant,621,0.95,52,0,Skid_away,2974.2,7669.0,8056.0,True,True
TwoXIndia,1mp2nab,2025-08,1780730675,1755086896,A man is harrassing me in my own dental clinic. No woman is ever safe in india,562,0.97,53,0,Lucky_Importance,2212.6,5157.0,7400.0,True,True
TwoXIndia,1mx2yw3,2025-08,1780730675,1755859064,When you feel bad about that pre menstrual bloated tummy but then someone uses it like a pillow 😭❤️,556,0.98,16,0,kookie_doe,,,,,False
TwoXIndia,1mk695j,2025-08,1780730675,1754587507,It Took Me 30 Years to Learn This. Maybe It'll Save You Some Time.,513,0.95,36,0,avernoinferno,1655.9,782.0,2071.0,True,False
TwoXIndia,1mn0ll9,2025-08,1780730675,1754877359,I made one of my biggest life purchases today - the home my abusive parents once owned,506,0.97,49,0,pixel_creatrice,993.3,7766.0,55634.0,True,False
TwoXIndia,1mpsaci,2025-08,1780730675,1755151191,"Called off my wedding, two months before the date.",488,0.96,87,0,FaultOld6298,459.6,2162.0,1286.0,True,False
TwoXIndia,1n27kxs,2025-08,1780730675,1756373243,"Women who don't wipe the toilet seat, why?",486,0.97,120,0,Ambitious_Steak_224,1468.1,1615.0,12578.0,True,False
TwoXIndia,1mprvui,2025-08,1780730675,1755149823,It's insane how many women don't wash their hands after using the washroom,429,0.95,90,0,Dreamofepiphany,2133.3,3283.0,11492.0,True,False
TwoXIndia,1myyi06,2025-08,1780730675,1756049110,Why do moms always buy these flower printed underwears ? 😭,408,0.93,96,0,Tough_Rough_6124,,,,,False
TwoXIndia,1n0njyt,2025-08,1780730675,1756218954,Issues raised by Feminists vs MRAs,393,0.92,24,0,Important_Menu4937,1350.9,5239.0,12917.0,True,False
TwoXIndia,1mkxsk5,2025-08,1780730675,1754665811,Uninstalled quick delivery apps and started going to the local market instead,391,0.95,19,0,ContributionFirst454,364.7,4244.0,2349.0,True,False
TwoXIndia,1n4p3pe,2025-08,1780730675,1756627571,Virginity Obsession Is India’s Real Disease,372,0.8,99,0,Zurati,,,,,False
TwoXIndia,1n18jp6,2025-08,1780730675,1756272224,Banished to a room during Ganpati because I’m on my period and I am FURIOUS.,368,0.89,85,0,Nerdbie,1635.0,1058.0,907.0,True,False
TwoXIndia,1mrtjkw,2025-08,1780730675,1755346469,"Petty, mean girl energy as a 32 y/o woman.",367,0.95,46,0,AdSame8810,1202.1,1342.0,606.0,True,False
TwoXIndia,1mv8flq,2025-08,1780730675,1755676066,Is rough sex the default now?,365,0.92,57,0,Old_Cupcake_Factory,389.3,3805.0,15745.0,True,False
TwoXIndia,1mlwcop,2025-08,1780730675,1754763606,I’m just fucking tired.  34F,361,0.97,76,0,snoooo321,1564.3,3990.0,33014.0,True,False
TwoXIndia,1n25lri,2025-08,1780730675,1756365431,My boyfriend and best friend forgot my birthday,317,0.95,61,0,Present-Solution-507,1011.9,1207.0,1309.0,True,False
TwoXIndia,1my2jhq,2025-08,1780730675,1755958380,What pretty type are youuu,302,0.82,176,0,kookie_doe,,,,,False
TwoXIndia,1mpuujb,2025-08,1780730675,1755160311,My househelp and I talk dowry,282,0.97,23,0,Fearless-Breakfast-6,1946.1,3374.0,4499.0,True,False
TwoXIndia,1myqme5,2025-08,1780730675,1756025862,Terrifying encounter with a Big Basket delivery agent today in Odisha,278,0.98,47,0,SeaweedUsual,1969.0,2158.0,19024.0,True,False
TwoXIndia,1n3r1yw,2025-08,1780730675,1756523297,Washing lingerie situation. Just my household or someone else with me?,274,0.94,96,0,gudditoto,357.2,2120.0,1218.0,True,False
TwoXIndia,1moyh97,2025-08,1780730675,1755072387,Met a great guy then Unmatched him :(,267,0.9,45,0,GymThrowaway5576,1736.0,3406.0,30518.0,True,False
TwoXIndia,1mj675h,2025-08,1780730675,1754490575,Women who struggled financially but married into a rich family,260,0.94,11,0,Acrobatic-Bed-9261,1442.8,1116.0,613.0,True,False
TwoXIndia,1mprl4b,2025-08,1780730675,1755148822,Girls should marry before puberty.,257,0.95,22,0,RoughChapter7305,390.8,645.0,191.0,True,False
TwoXIndia,1mw4j28,2025-08,1780730675,1755762194,Will men marry someone who has registered a rape case?,253,0.93,94,0,Better-Guava-1786,413.7,1399.0,2571.0,False,False
TwoXIndia,1mqzr0e,2025-08,1780730675,1755268772,Indian Reddit is a conservative cesspool now,253,0.88,21,0,AgentOfDibella,1800.8,5464.0,3849.0,True,False
TwoXIndia,1n25y5n,2025-08,1780730675,1756366795,Please don't leave your phone or laptop at a service centre. a warning from someone else's nightmare,252,0.99,26,0,Mental-Confusion5032,924.8,780.0,3944.0,True,False
TwoXIndia,1mvidyt,2025-08,1780730675,1755704609,"Didis, help a teenager out. Idk what my mother and gynecologist are doing with me",249,0.96,62,0,missducklingg,,,,,False
TwoXIndia,1mn2m7z,2025-08,1780730675,1754883437,My ex said “he is content with his life” and it is killing me from last 2 days,248,0.88,65,0,Accomplished_Kiwi650,341.0,828.0,269.0,True,False
TwoXIndia,1n4t607,2025-08,1780730675,1756642551,How often do you hold your own boobs like a stress ball?,247,0.94,77,0,No_Concentrate2187,542.4,3225.0,5915.0,True,False
TwoXIndia,1n4d42g,2025-08,1780730675,1756589328,why do so many Indian man defend rapists and pedophiles so earnestly?,247,0.92,36,0,cursedMuniya,505.5,7504.0,15031.0,True,False
TwoXIndia,1mrjj36,2025-08,1780730675,1755315167,"I love waking up to his face everyday, hope this kinda love finds you too ❤️",246,0.98,10,0,nodubby,1836.0,7373.0,587.0,True,False
teenindia,1mpt3t6,2025-08,1780730876,1755153988,Is this real chat ? 😭🥀,6653,0.98,273,0,Footballka14da2121,323.1,36759.0,13097.0,True,True
teenindia,1mgbttp,2025-08,1780730876,1754200843,Secular india,4299,0.98,159,0,Appropriate-Sky-2149,,,,,True
teenindia,1mzfipj,2025-08,1780730876,1756091178,"While saying Digital India, we have become a bit too digital 🥲🥲",3933,0.99,93,0,thecaptaincurlss,300.2,8668.0,3999.0,False,True
teenindia,1mjwdfk,2025-08,1780730876,1754562235,I 19f hate my skin colour,3598,0.91,1527,0,classic_ladyy,305.7,1631.0,120.0,True,True
teenindia,1mmiag5,2025-08,1780730876,1754831696,"Happy ""Independence"" month, fellas.",3377,0.99,73,0,kaexthetic,1414.2,41578.0,27301.0,True,True
teenindia,1mqos2s,2025-08,1780730876,1755236430,Girl's Hostel diaries 🫶,2911,0.99,180,0,simplord_07,504.2,2204.0,48.0,True,True
teenindia,1mha0z4,2025-08,1780730876,1754304222,Aaj kal ke bachhe,2601,1.0,46,0,ScaredTaro5,,,,,True
teenindia,1mfl0uk,2025-08,1780730876,1754121486,15f no one wants to hire me because Im underage,2587,0.95,643,0,Logical_Mushroom9561,789.7,2719.0,1364.0,False,True
teenindia,1mqvq43,2025-08,1780730876,1755259170,He said this… then ts 😭💀,2528,0.98,269,0,xidno,328.2,1554.0,842.0,True,True
teenindia,1n33pao,2025-08,1780730876,1756463171,THE DAY WHEN I BAGGED MY MOST AURA,2466,0.95,210,0,Impressive_Pick_4742,492.6,1383.0,1165.0,True,True
teenindia,1mluvzq,2025-08,1780730876,1754759998,ANY COMPETITION 🫡,2375,0.98,218,0,Think_Actuary_381,1520.7,23483.0,4711.0,True,False
teenindia,1mlk3oh,2025-08,1780730876,1754726803,Which one is better guys,2359,0.9,481,0,Khabib_Nurmagomedovs,,,,,False
teenindia,1mu8zpq,2025-08,1780730876,1755578851,Single life’s fine… until it isn’t,2213,0.97,201,0,roman_redn,625.8,2057.0,592.0,True,False
teenindia,1n0dmdi,2025-08,1780730876,1756186622,My mom brought this for me from Guwahati😭😭(18M),2084,0.97,341,0,neggadestroyer2993,448.3,2223.0,2580.0,True,False
teenindia,1mvalcs,2025-08,1780730876,1755684174,My elder brother's yt history,2073,0.99,172,0,Sugar_without_G,721.9,845.0,417.0,True,False
teenindia,1mqtp8h,2025-08,1780730876,1755253157,My Uber Auto is 9357 Km away. ETA 16.5 days?,2059,1.0,67,0,sparrowdark21,2097.8,7014.0,2581.0,True,False
teenindia,1mepqyh,2025-08,1780730876,1754032121,"How did the ""hakla"" meme even start?",1989,0.99,203,0,Past_Low9733,531.0,2113.0,2267.0,True,False
teenindia,1mqolqj,2025-08,1780730876,1755235826,Atlest celebrate the achievements of our brave freedom fighters for ONE DAY,1966,0.93,127,0,tough-cookie21,307.5,208737.0,59553.0,True,False
teenindia,1n3vcoi,2025-08,1780730876,1756538302,"My little sister made this for me, and I had a stroke while reading this.",1945,0.98,210,0,BlankManW,700.2,5395.0,3951.0,True,False
teenindia,1mrvars,2025-08,1780730876,1755350953,I have a crazy name for a corn website,1884,0.98,138,0,daddygohil,,,,,False
teenindia,1mpd2vq,2025-08,1780730876,1755111099,Caught my girlfriend doing something she shouldn’t with her “bhai jesa” friend,1825,0.97,477,0,Addicted_Monk07,639.2,2140.0,1496.0,True,False
teenindia,1mfirxi,2025-08,1780730876,1754113118,Raju is truly an inspiration to all of us here,1814,0.99,30,0,Khabib_Nurmagomedovs,,,,,False
teenindia,1n2b4hu,2025-08,1780730876,1756384761,My father in 90s,1804,0.93,316,0,ApprehensiveHabit676,1703.2,861.0,45.0,True,False
AskIndianWomen,1mqlqe3,2025-08,1780731093,1755227014,Is this how extra marital affairs start?,2198,0.94,680,0,Psychological-Kiwi66,2118.9,1665.0,210.0,True,True
AskIndianWomen,1mxths6,2025-08,1780731093,1755928516,why Indian parents are like this,1868,0.97,177,0,tomjerry43,1833.0,5141.0,1572.0,True,True
AskIndianWomen,1mfl7av,2025-08,1780731093,1754122199,How do woman smell so good?,1552,0.96,497,0,CaptxLevi,,,,,True
AskIndianWomen,1n0ld2h,2025-08,1780731093,1756213632,"Take your ""not all men"" and shove it up your ass",1504,0.7,212,0,Even-Conversation853,1889.5,4225.0,1311.0,True,True
AskIndianWomen,1n3d2j4,2025-08,1780731093,1756487132,Friend took a stand against bigotry,1432,0.83,196,0,Apprehensive_Map_336,1987.2,2703.0,4641.0,True,True
AskIndianWomen,1msus70,2025-08,1780731093,1755446635,How are educated women so brainwashed?,1405,0.92,189,0,AccurateInternal9412,1231.7,3703.0,5866.0,True,True
AskIndianWomen,1mko7gk,2025-08,1780731093,1754635889,I wish men could live just ONE day as a woman in India. They would never ask “Why don’t you just…?” ,1311,0.92,197,0,pretty_cupcake4,,,,,True
AskIndianWomen,1n1mpka,2025-08,1780731093,1756314159,"Dropped my colleague late at night, I think I crossed a boundary",1277,0.92,217,0,Dry_Attorney2918,,,,,True
AskIndianWomen,1n326fr,2025-08,1780731093,1756457562,I am disgusted by my mom and don't want to talk to her,960,0.98,116,0,schvvt,466.9,939.0,182.0,False,True
AskIndianWomen,1mveycw,2025-08,1780731093,1755696850,I am a horrible woman I have been laughing for 10 minutes straight,944,0.93,84,0,babysheaworld,785.7,13205.0,7700.0,True,True
AskIndianWomen,1mprplm,2025-08,1780731093,1755149245,Called off my wedding.,884,0.96,202,0,FaultOld6298,459.6,2162.0,1286.0,True,False
AskIndianWomen,1my1wlx,2025-08,1780731093,1755956806,I once worked for a dating app to catfish users. Here is my experience:,844,0.94,68,0,Adorable_Fishing_426,1605.8,13797.0,667.0,True,False
AskIndianWomen,1n2ho0t,2025-08,1780731093,1756400076,Why do men act like they're unaware of their own kind?,745,0.84,104,0,Temporary_Eye1371,414.9,3381.0,4698.0,True,False
AskIndianWomen,1mkmp6b,2025-08,1780731093,1754630484,My parents beat tf outta me because of me clothes 😚,734,0.96,155,0,Glass_Inspector5399,468.9,820.0,1046.0,True,False
AskIndianWomen,1mos6my,2025-08,1780731093,1755051252,"🎀So ladies, what's your go to microfeminism🎀",725,0.91,130,0,iqracadabra,371.9,1527.0,4051.0,True,False
AskIndianWomen,1mkzsaz,2025-08,1780731093,1754670313,"RIP Abhaya, you might never get justice",723,0.99,52,0,stara1995,647.9,5003.0,18174.0,True,False
AskIndianWomen,1mqndnw,2025-08,1780731093,1755231861,I'M NOT A PICK ME,706,0.97,99,0,Hot-Explanation-1761,708.5,1722.0,233.0,True,False
AskIndianWomen,1mp5uvk,2025-08,1780731093,1755094959,the hate for feminist in india is exactly why we need feminism,680,0.81,215,0,venusgirl1919,,,,,False
AskIndianWomen,1mfv3y4,2025-08,1780731093,1754152960,"Ladies, what made you fall for your man?",589,0.96,183,0,Specialist_Season_68,691.0,2899.0,385.0,True,False
AskIndianWomen,1mokj1f,2025-08,1780731093,1755031691,Foreigner bahu and Indian in-laws,584,0.87,91,0,Fresh_Yogurt7302,1590.5,3474.0,12035.0,True,False
AskIndianWomen,1n374zn,2025-08,1780731093,1756473275,My guy bestie is a misogynist and I hate the guts out of him,573,0.84,100,0,Unfair-Cartoonist705,1334.7,1976.0,3921.0,True,False
AskIndianWomen,1mlho84,2025-08,1780731093,1754717620,Take an initiative to teach your young cousins about bad touch this rakshabandan because it prevente,558,0.98,21,0,Desi_Hitman,338.1,18249.0,22067.0,True,False
AskIndianWomen,1mqaag7,2025-08,1780731093,1755199118,"Ok ladies, let’s explain what we mean when we say “I don’t want to live with in laws”",525,0.92,200,0,Fresh_Yogurt7302,1590.5,3474.0,12035.0,True,False
AskIndianWomen,1n31b2r,2025-08,1780731093,1756454137,I think my boyfriend did something sus,515,0.93,188,0,Anxiouscucumberisme,2113.8,21898.0,682.0,True,False
AskIndianWomen,1mukkzq,2025-08,1780731093,1755614950,"My neighbor worked hard for months for a govt exam, but her husband stopped her from even going to t",505,0.91,122,0,Otherwise_Buy_6165,352.9,9085.0,3761.0,True,False
AskIndianWomen,1mwyjli,2025-08,1780731093,1755842376,Heard my relatives gossiping about my widowed chachi (aunt) and it broke my heart!,502,0.98,60,0,Otherwise_Buy_6165,352.9,9085.0,3761.0,True,False
AskIndianWomen,1mspi6c,2025-08,1780731093,1755433404,"Indian men acting weird next to you in public, a scourge you can't avoid outside the country too",488,0.84,128,0,Frequent_Task,,,,,False
AskIndianWomen,1n1rakn,2025-08,1780731093,1756324456,Concerning that grown men think child support is same as alimony,484,0.85,176,0,WillowPrevious5141,591.3,8610.0,11994.0,True,False
AskIndianWomen,1n1dnut,2025-08,1780731093,1756291630,I am genuinely curious as to why indian men and their families are entitled for dowry even if the gi,476,0.92,232,0,Mission-Swan-3623,319.0,1751.0,3877.0,True,False
AskIndianWomen,1ms28kd,2025-08,1780731093,1755366261,I just need that one hug....,476,0.97,137,0,spawn_cords,2035.8,3450.0,1386.0,True,False
AskIndianWomen,1mi89p2,2025-08,1780731093,1754398099,"""Men will literally choose a shy, polite, soft woman with 0 achievements over an arrogant career wom",460,0.78,188,0,halfhumanhalfgoddess,,,,,False
AskIndianWomen,1mlcg54,2025-08,1780731093,1754701364,Why most of the familial festivals are mainly about women praying for the well-being/long life of me,446,0.84,196,0,VM_Sivakumar,376.3,2141.0,337.0,True,False
AskIndianWomen,1mh9dtf,2025-08,1780731093,1754301899,Caught a creep filming a girl at the mall,445,0.96,28,0,_Pinapple_Pizza_,361.0,1212.0,1008.0,True,False
AskIndianWomen,1n24pst,2025-08,1780731093,1756362046,The hate for women has increased tremendously,435,0.89,143,0,hypnousedconfusion,2241.2,1515.0,10715.0,True,False
AskIndianWomen,1mmcr1z,2025-08,1780731093,1754812576,There should be period leaves in school/jobs for women and girls,431,0.83,249,0,venusgirl1919,,,,,False
AskIndianWomen,1mk34y5,2025-08,1780731093,1754580482,My brother suddenly has an issue with what I wear at home,425,0.95,147,0,Ambitious_Aide_6438,446.1,48452.0,6146.0,True,False
AskIndianWomen,1mhj0iz,2025-08,1780731093,1754326760,This man's Entitlement,414,0.89,140,0,Unintelligent2,1210.3,539.0,1179.0,True,False
AskIndianWomen,1n1fldr,2025-08,1780731093,1756297524,Aunty ji shutup and dance,410,0.97,54,0,cheeseeburstpizza,404.9,3524.0,43048.0,True,False
AskIndianWomen,1muekn8,2025-08,1780731093,1755599167,how to convince your indian mother that her raja betta is not actually a raja betta,408,0.86,132,0,Plastic-Steak-6788,893.0,2354.0,2885.0,True,False
AskIndianWomen,1mspjun,2025-08,1780731093,1755433542,Why do Indian women not want to live in joint families?,401,0.92,120,0,Important_Menu4937,1350.9,5239.0,12917.0,True,False
IndianFood,1mmiwtc,2025-08,1780731293,1754833359,Pav Bhaji: A Street Food Born of the American Civil War!,335,0.96,33,0,Ill_Tonight6349,1839.4,21630.0,17632.0,True,True
IndianFood,1mn1iir,2025-08,1780731293,1754880042,I made homemade paneer and wish I had done it sooner,192,0.97,40,0,fakesaucisse,4519.8,9822.0,269303.0,True,True
IndianFood,1n306te,2025-08,1780731293,1756449773,Why does food from roadside dhabas taste better than anything fancy?,189,0.93,53,0,Excellent-State5543,310.3,641.0,77.0,True,True
IndianFood,1n3qwbg,2025-08,1780731293,1756522803,Wife complains of house smelling like Indian food,175,0.94,207,0,Comfortable-Yam-3288,327.7,82.0,3.0,True,True
IndianFood,1myd652,2025-08,1780731293,1755983468,Goodbye mystery spice,167,0.99,36,0,Whats-in-a-name__,630.4,107.0,433.0,True,True
IndianFood,1mf58h7,2025-08,1780731293,1754075106,Why do Western recipes for Indian food usually specify using Greek yogurt?,163,0.93,86,0,Konflictcam,4206.5,113.0,36695.0,True,True
IndianFood,1mmcmqr,2025-08,1780731293,1754812106,Why haven't olives been adopted into our cuisine despite millenias of trade with the Mediterranean?,152,0.92,65,0,hurricane_news,2630.9,24133.0,202113.0,True,True
IndianFood,1mflr30,2025-08,1780731293,1754124436,"Punjabi kadhi is one the easiest, tastiest and best dishes",123,0.88,32,0,ECrispy,5015.7,52884.0,98876.0,True,True
IndianFood,1mpe2av,2025-08,1780731293,1755113313,How did Chinese cuisine become the only mainstream fusion cuisine that we adopted wholeheartedly?,107,0.89,63,0,Ill_Tonight6349,1839.4,21630.0,17632.0,True,True
IndianFood,1n1lnjd,2025-08,1780731293,1756311847,No papadum in US restaurants,105,0.88,101,0,JerseyGirl4ever,2177.7,1290.0,9942.0,True,True
IndianFood,1n4q8sg,2025-08,1780731293,1756632018,Why does Indian cuisine lack varieties of tomatoes and potatoes subspecies compared to chillis which,69,0.87,39,0,hurricane_news,2630.9,24133.0,202113.0,True,False
IndianFood,1mswtk5,2025-08,1780731293,1755451365,Dindigul Biryani has to be the best biryani in India!!,66,0.78,71,0,Due_Cod_2167,1670.3,4078.0,822.0,True,False
IndianFood,1mhiino,2025-08,1780731293,1754325646,I was surprised to learn that Kathi Rolls have been around since before India’s independence!,60,0.91,13,0,Ill_Tonight6349,1839.4,21630.0,17632.0,True,False
IndianFood,1meq1fo,2025-08,1780731293,1754033249,Kathi rolls - No mayo please,54,0.74,45,0,Super-Blueberry-6540,365.5,21867.0,3671.0,True,False
IndianFood,1n0m3ll,2025-08,1780731293,1756215469,Chinese Bhel and the Economics of Class,49,0.73,22,0,moronbehindthescreen,1857.1,7877.0,30743.0,True,False
IndianFood,1mw8dl1,2025-08,1780731293,1755775999,What do you say to those people who says Indian food tastes good but it lacks in its presentation?,46,0.87,98,0,Ill_Tonight6349,1839.4,21630.0,17632.0,True,False
IndianFood,1mko4sj,2025-08,1780731293,1754635609,I love Indian food,45,0.75,52,0,Adventurous_Bus_859,1269.1,280.0,723.0,True,False
IndianFood,1mvipv6,2025-08,1780731293,1755705320,If somebody is starting to learn Indian veg cooking from basics (like guide 101) what tips would you,32,0.92,38,0,abhilashadubey,778.6,9833.0,2129.0,True,False
IndianFood,1n591bc,2025-08,1780731293,1756682078,"Girlfriend has severe cinnamon, allspice, nutmeg allergy but we want to make Indian food, anyway to ",31,0.79,44,0,ydoihavetopickaname,2981.4,1387.0,4685.0,True,False
IndianFood,1mghpuw,2025-08,1780731293,1754223147,Why is my Chicken Curry NOT coming out good?,31,0.83,97,0,TheRealistDude,3093.7,11672.0,2669.0,True,False
IndianFood,1mjwu06,2025-08,1780731293,1754563853,Indian bean substitute for mexican black beans,30,0.86,45,0,Competitive-Reply-18,2037.6,19.0,448.0,True,False
IndianFood,1mjqkrt,2025-08,1780731293,1754540916,History of Indian food - video,29,0.97,3,0,RupertHermano,1020.0,2743.0,68424.0,True,False
IndianFood,1mkm5gn,2025-08,1780731293,1754628630,Why Apply Oil on Dosa?,28,0.81,25,0,Virtual-Coconut4031,423.2,246.0,90.0,True,False
IndianFood,1mwwvc4,2025-08,1780731293,1755836644,What Indian Subcontinent city has the best street food scene?,26,0.74,50,0,BranchMoist9079,323.2,33188.0,6120.0,False,False
IndianFood,1n2qk32,2025-08,1780731293,1756420765,Is kulfi ever served not frozen?,25,0.88,10,0,pool_snacks,790.4,224.0,2378.0,False,False
IndianFood,1mkx4jj,2025-08,1780731293,1754664279,"What to add to a curry, that give little bursts of flavour?",24,0.9,37,0,EccentricDyslexic,3322.9,1660.0,16139.0,True,False
IndianFood,1mxuoyz,2025-08,1780731293,1755932846,Unheard food combos that actually taste scrumptious,23,0.79,94,0,Rrubhu,2061.9,9521.0,9536.0,True,False
IndianFood,1mfx6kt,2025-08,1780731293,1754158165,One pot Indian vegetarian recipes,22,0.92,14,0,honey_bee_89,2579.7,951.0,1038.0,True,False
IndianFood,1mo4est,2025-08,1780731293,1754992331,"Can anybody recommend some good websites, videos or cookery books to get me started in Indian cookin",21,0.89,31,0,Disastrous_Holiday_1,1967.7,1144.0,979.0,True,False
IndianFood,1muysnw,2025-08,1780731293,1755646394,Hardest Indian recipes?,20,0.88,51,0,More-Introduction673,1990.7,107.0,13.0,True,False
IndianFood,1mr4sim,2025-08,1780731293,1755279628,Can I take packaged Dal/chole/rajma to USA?,20,0.7,38,0,curseKissed,1591.6,161.0,50.0,True,False
IndianFood,1mr0bei,2025-08,1780731293,1755269994,Does anybody know how to make upma ?,19,0.89,37,0,DragonfruitMajor5573,314.7,64.0,69.0,False,False
IndianFood,1n2c8u9,2025-08,1780731293,1756387716,Satyanarayan puja. White sheers.,19,0.81,11,0,TopInevitable3229,1443.0,206.0,408.0,True,False
IndianFood,1n0uo4n,2025-08,1780731293,1756234953,Curry Plant,19,0.91,17,0,luyeasa,2171.6,5477.0,2474.0,True,False
IndianFood,1mx5c41,2025-08,1780731293,1755866222,"If you’re cooking South Indian dishes, which of these would you say are a must: curry leaves, corian",17,0.8,48,0,Feverox,2997.4,469.0,5300.0,True,False
IndianFood,1mtq5we,2025-08,1780731293,1755532915,Is roasted besan always better than raw?,16,0.9,13,0,Shot-Onion8930,1894.9,6.0,76.0,True,False
IndianFood,1mjkyy0,2025-08,1780731293,1754524831,How can I create a flavorful yet light butter chicken?,16,0.77,31,0,Inevitable-Draft2676,303.6,16.0,0.0,True,False
IndianFood,1mgaia8,2025-08,1780731293,1754196158,what is your favourite indian flatbread?,16,0.7,96,0,ruinsofsilver,1557.8,10344.0,15705.0,False,False
IndianFood,1mj0yzl,2025-08,1780731293,1754476021,beginner dish,15,0.86,25,0,AnyInvestigator3091,1366.6,1328.0,423.0,True,False
IndianFood,1my2fg0,2025-08,1780731293,1755958104,which is your favourite dal and why?,15,0.89,34,0,ruinsofsilver,1557.8,10344.0,15705.0,False,False
