subreddit,post_id,collection_month,collected_utc,created_utc,title,score,upvote_ratio,num_comments,total_awards,author,author_account_age_days,author_link_karma,author_comment_karma,author_verified_email,is_top10_for_month
india,1t0z4q4,2026-05,1780726477,1777654641,Delhi people have ruined every hill station within 400km and I'm tired of pretending they haven't.,3566,0.98,321,0,Honest-Estate-4592,2120.2,1678.0,87.0,True,True
india,1tblx4d,2026-05,1780726477,1778637728,The Indian salaried class has been methodically stripped of every single inflation hedge available t,3526,0.97,332,0,panjwani_ajay,5038.6,6069.0,195.0,True,True
india,1t3croj,2026-05,1780726477,1777887275,No Left govt left in India for first time in 50 years,2785,0.97,235,0,godblessthegays,3417.9,88393.0,27078.0,True,True
india,1tjdhl5,2026-05,1780726477,1779349831,Official X handle of Cockroach Janta Party blocked in India.,2579,0.95,282,0,Sufficient_Yak_1263,86.4,11920.0,11670.0,True,True
india,1t2csrq,2026-05,1780726477,1777786911,India Does Not Fear the Law Anymore,2465,0.97,128,0,broski1911,1263.4,9563.0,11178.0,True,True
india,1t8an92,2026-05,1780726477,1778346422,"As a Bengali guy who saw SIR closely, I want to say something",2201,0.86,256,0,beingimmature,997.9,155072.0,33506.0,True,True
india,1tl62jq,2026-05,1780726477,1779510163,Indians no longer have visa-free access to Thailand! New rules place India in VoA category; check up,2189,0.97,318,0,Oldnbold22,97.3,5505.0,3552.0,True,True
india,1tbarqa,2026-05,1780726477,1778611542,I am a urologist trained at AIIMS Delhi and Oxford. The summer heat wave is the single biggest trigg,2043,0.99,141,0,Born-Lingonberry-509,86.1,2499.0,746.0,True,True
india,1thu8tq,2026-05,1780726477,1779212371,"Moved my MNC HQ from New York to Gujarat to ""save money""—now moving back because the corruption and ",2023,0.97,206,0,ExternalUnit6376,327.0,857.0,4.0,True,True
india,1tps4c4,2026-05,1780726477,1779939953,"There Is Corruption In Judiciary, Judges Need Not Be Treated As Holy Cows: Madras High Court",1935,0.99,57,0,Commercial_Way_3816,108.4,1242.0,281.0,True,True
india,1tgcqn4,2026-05,1780726477,1779081143,"""Go Back To India"": Restaurant Owner Ordered To Leave Japan After 30 Years",1920,0.94,244,0,RamenWithChutney,356.2,6084.0,148.0,True,False
india,1tex83k,2026-05,1780726477,1778946302,"PM Modi warns of ‘return of massive poverty’, flags ‘disaster decade’ of Covid, wars, fuel crisis",1883,0.97,498,0,godblessthegays,3417.9,88393.0,27078.0,True,False
india,1tjtd70,2026-05,1780726477,1779388036,A girl in my PG died by suicide. She worked at Swiss Re.,1849,0.98,122,0,Scared-Increase7202,568.7,1026.0,1.0,True,False
india,1t9tok9,2026-05,1780726477,1778476633,"Rahul Gandhi calls PM Modi's 'don't buy gold for a year, WFH' appeal 'proof of failure' | India News",1804,0.94,196,0,SquashClassic8920,324.4,9477.0,87.0,True,False
india,1tr92jn,2026-05,1780726477,1780075595,"Nisarga Adhikary hacks CBSE portal again, plays viral Bad Apple song",1796,0.99,120,0,RamenWithChutney,356.2,6084.0,148.0,True,False
india,1to5me5,2026-05,1780726477,1779798889,'Mujhe use karlo...' Blinkit delivery partner harasses woman for ordering vibrator; company 'fires' ,1786,0.98,157,0,Fit-Celebration-6220,87.2,17290.0,1298.0,True,False
india,1th6n3u,2026-05,1780726477,1779150506,'World sees PM panic': Rahul Gandhi on video of Norwegian journalist asking PM Modi to answer questi,1738,0.93,108,0,JKKIDD231,2191.9,230356.0,519311.0,True,False
india,1t9orwc,2026-05,1780726477,1778462310,"More Indians losing hope of improved quality of life under Modi, survey shows",1732,0.9,225,0,Krankenitrate,86.5,160098.0,2980.0,True,False
india,1tdsz80,2026-05,1780726477,1778843063,World Leaders Mourn As 111 Dead in UP Storm; PM Modi Yet To React,1658,0.96,73,0,RamenWithChutney,356.2,6084.0,148.0,True,False
india,1tlbiba,2026-05,1780726477,1779527751,Cockroach Janta Party website taken down: Founder Abhijeet Dipke calls govt 'dictatorial',1549,0.95,139,0,SuperbHealth5023,634.9,733927.0,6870.0,True,False
india,1tc3u0s,2026-05,1780726477,1778687778,Foreign investors pull out of India at record pace,1519,0.96,158,0,JKKIDD231,2191.9,230356.0,519311.0,True,False
india,1tb0imb,2026-05,1780726477,1778589841,NTA just cancelled NEET UG 2026 and nobody in power will lose a single night of sleep over it,1503,0.98,120,0,Ok-Sense6120,46.0,985.0,5.0,True,False
india,1t5l657,2026-05,1780726477,1778091481,BJP leader Suvendu Adhikari’s Personal Assistant shot dead in West Bengal’s Madhyamgram,1474,0.97,154,0,APrimitiveMartian,2971.7,369538.0,69528.0,True,False
india,1tkcnq8,2026-05,1780726477,1779438201,"Government asks X to block Cockroach Janta Party's handle, cites 'national security' threat: Report",1462,0.98,85,0,ReSkid,4536.0,3614.0,9205.0,True,False
india,1tmnozy,2026-05,1780726477,1779655444,Urologist here. Prostate cancer is rising in Indian men under 60 and almost nobody is talking about ,1444,0.99,116,0,Born-Lingonberry-509,86.1,2499.0,746.0,True,False
india,1tojrvm,2026-05,1780726477,1779828515,Doordarshan anchor calls Delhi student Pakistani for raising CBSE marking grievance,1436,0.98,42,0,KenSuvy,5587.3,16381.0,4513.0,True,False
india,1thgbr6,2026-05,1780726477,1779178491,"Helle Lyng reaches out to Rahul Gandhi amid PM Modi controversy in Norway, asks, “Would you be avail",1419,0.94,157,0,Sufficient_Yak_1263,86.4,11920.0,11670.0,True,False
india,1t7tw4l,2026-05,1780726477,1778298615,A 16-year-old girl was gang raped while attending a wedding with her friends in the Champawat distri,1383,0.97,93,0,Nobita_kothari,183.0,18657.0,212.0,True,False
india,1totclj,2026-05,1780726477,1779851972,Karnataka dairy farmers protest after Muslim groups boycott Bakrid cattle purchase over ‘intimidatio,1376,0.94,197,0,bhodrolok,4005.9,698695.0,251065.0,True,False
india,1tn9vqt,2026-05,1780726477,1779717236,"After receiving low marks, CBSE Class XII student alleges answer-sheet mix-up, gets called ‘Pakistan",1366,0.98,47,0,morose_coder,4136.3,48780.0,70456.0,True,False
india,1tkjm73,2026-05,1780726477,1779457867,Inequality in India is wild. We are basically multiple parallel societies.,1356,0.97,152,0,sengutta1,2551.9,17923.0,15431.0,True,False
india,1tovits,2026-05,1780726477,1779858150,Byju Raveendran sentenced to six months in jail by Singapore court,1355,0.99,76,0,Neo_luigi,234.2,75264.0,9496.0,True,False
india,1taa0po,2026-05,1780726477,1778520203,PM Modi to embark on five-nation trip to UAE and four European countries this week,1326,0.97,121,0,mangoes_love,1862.1,128984.0,5284.0,True,False
india,1t3ae0y,2026-05,1780726477,1777878763,West Bengal election results: BJP holds majority lead over TMC,1318,0.96,276,0,celestia2002,327.3,1388.0,1527.0,True,False
india,1t4jzoc,2026-05,1780726477,1777997426,Narayana Murthy suggests 72 hour work week again to outcompete china,1297,0.92,336,0,VariationLivid3193,1803.3,153711.0,2195.0,True,False
india,1tawrl0,2026-05,1780726477,1778579342,Doctoral student from Tamil Nadu on student visa becomes member of Scottish Parliament,1292,0.96,119,0,solaris_rex,498.8,2594.0,5340.0,True,False
india,1t8yhhg,2026-05,1780726477,1778392577,"'PM Modi Once Called Him Corrupt, Today He Made Him CM': Kejriwal Targets BJP After Suvendu Adhikari",1265,0.95,51,0,Fit-Celebration-6220,87.2,17290.0,1298.0,True,False
india,1towsjt,2026-05,1780726477,1779862017,Japan Halts Indian Mango Imports — And It’s a Major Blow to Exporters,1261,0.96,94,0,RamenWithChutney,356.2,6084.0,148.0,True,False
india,1t59sf5,2026-05,1780726477,1778066064,"Hyderabad Woman Cop Goes Undercover, Approached By 40 Men In 3 Hours",1253,0.98,88,0,bhodrolok,4005.9,698695.0,251065.0,True,False
india,1tidrbe,2026-05,1780726477,1779260165,Italian PM Giorgia Meloni shares a video of PM Modi gifting her a packet of 'Melody' toffee.,1253,0.95,191,0,bhodrolok,4005.9,698695.0,251065.0,True,False
BollyBlindsNGossip,1tcs19v,2026-05,1780726687,1778747789,Alia Bhatt replies to a troll in her insta comments,7556,0.94,531,0,SmallAchiever,1019.2,161122.0,14495.0,True,True
BollyBlindsNGossip,1trtx2o,2026-05,1780726687,1780128919,The cultural impact of Dangal is unparalleled,6539,0.97,245,0,CrazyHeart99,2704.9,31570.0,22819.0,True,True
BollyBlindsNGossip,1te22eg,2026-05,1780726687,1778863909,"Anurag Kashyap: ""In India the obsession with Cannes is only to walk the Red Carpet, which is the lea",4704,0.98,177,0,GiveMeSomeSunshine3,448.8,1815823.0,223800.0,True,True
BollyBlindsNGossip,1t8zezm,2026-05,1780726687,1778395599,Look at the way people have enabled an apparently extramarital affair.,4609,0.94,565,0,ExcellentMango14,727.3,14013.0,15417.0,False,True
BollyBlindsNGossip,1tb70z6,2026-05,1780726687,1778603904,Alia Bhatt at Cannes 2026.,3864,0.91,416,0,EfficientHospital900,1419.9,81642.0,73924.0,True,True
BollyBlindsNGossip,1t89prr,2026-05,1780726687,1778344355,What are some of the biggest backstabbings in Bollywood?,3421,0.97,523,0,Janaab_e_Marvel_3000,1970.1,145666.0,201480.0,True,True
BollyBlindsNGossip,1tbrec5,2026-05,1780726687,1778653796,Do you agree?,3310,0.83,534,0,Janaab_e_Marvel_3000,1970.1,145666.0,201480.0,True,True
BollyBlindsNGossip,1t2n34g,2026-05,1780726687,1777818823,Some lesser seen rare Bollywood pictures ✨,3236,0.98,291,0,Repulsive-Bunch-4126,1980.5,98379.0,17571.0,True,True
BollyBlindsNGossip,1tmbqfm,2026-05,1780726687,1779628067,Kangana defends Aishwarya’s Cannes appearance,3133,0.98,199,0,Big-Criticism-8926,1721.4,39852.0,83439.0,False,True
BollyBlindsNGossip,1tf0n72,2026-05,1780726687,1778953997,Finalllyyyy… Kats bday wish for vicky,3096,0.96,277,0,Maleficent-Army-4758,1941.0,18504.0,63576.0,True,True
BollyBlindsNGossip,1tb7shu,2026-05,1780726687,1778605470,F1 racer Carlos Sainz meeting Alia Bhatt at the Cannes Film Festival,2961,0.94,289,0,AsphaltFuryy,95.3,10072.0,2398.0,True,False
BollyBlindsNGossip,1tlmt6k,2026-05,1780726687,1779557705,Aishwarya rai second day at the CANNES film festival red carpet,2905,0.98,216,0,retrochips,169.2,30010.0,25287.0,True,False
BollyBlindsNGossip,1tkspyz,2026-05,1780726687,1779476977,Diet Sabya doesn't even try to hide them being PR,2752,0.96,256,0,Senior-Explorer11,1010.9,21669.0,41421.0,True,False
BollyBlindsNGossip,1tax1vw,2026-05,1780726687,1778580256,Alia Bhatt’s first look of Cannes.,2624,0.93,253,0,Far-Abies-7482,937.8,7458.0,14790.0,True,False
BollyBlindsNGossip,1tku7vz,2026-05,1780726687,1779480135,Aishwarya rai's second look at Cannes film festival,2363,0.98,174,0,retrochips,169.2,30010.0,25287.0,True,False
BollyBlindsNGossip,1tqgkm6,2026-05,1780726687,1780002513,Background artists don’t just disappear… they take their payment 🤣 The closest Bollywood has ever be,2298,0.99,28,0,Sohailsp10,1137.0,38178.0,9846.0,True,False
BollyBlindsNGossip,1ti1428,2026-05,1780726687,1779226384,Bhai is making a lot of sense here. Our press really needs to follow some basic etiquette,2288,0.97,227,0,AxonBee,1660.2,26154.0,3249.0,True,False
BollyBlindsNGossip,1t7hz6y,2026-05,1780726687,1778268342,"8th may, The day BBNG mods &amp; members did 🔥 exposé of celebs &amp; their PRs.",2273,0.98,122,0,Janaab_e_Marvel_3000,1970.1,145666.0,201480.0,True,False
BollyBlindsNGossip,1t0ohrz,2026-05,1780726687,1777627811,Sara Arjun for Elle India (April 2026),2270,0.96,231,0,GiveMeSomeSunshine3,448.8,1815823.0,223800.0,True,False
BollyBlindsNGossip,1t74j9j,2026-05,1780726687,1778237935,"Anaita Shroff posted image of Isha, with edit instructions on jawline, by mistake",2260,0.99,204,0,Aromatic_Jellyfish15,1480.6,898.0,68.0,True,False
BollyBlindsNGossip,1tpwjil,2026-05,1780726687,1779953796,He looks more like Munaf patel than Sourav Ganguly. (Rajkumar Rao shooting for biopic of Ganguly in ,2258,0.98,213,0,God_Emperor__Doom,93.3,218022.0,9397.0,False,False
BollyBlindsNGossip,1t4dzss,2026-05,1780726687,1777984095,Rare unseen pictures of Bollywood actresses and actors ✨,2184,0.98,256,0,Repulsive-Bunch-4126,1980.5,98379.0,17571.0,True,False
BollyBlindsNGossip,1t75nyd,2026-05,1780726687,1778241171,This Ig acct who has been spreading hate on ahaan aneet is most definitely Rasha's burner account he,2173,0.95,382,0,retrochips,169.2,30010.0,25287.0,True,False
BollyBlindsNGossip,1t89acr,2026-05,1780726687,1778343357,Sonam Kapoor and husband name their second son Rudra,2165,0.97,137,0,Naive_Cause8984,756.2,66833.0,126754.0,True,False
BollyBlindsNGossip,1t0m540,2026-05,1780726687,1777619617,Tabu Miffed With Akshay and Bhoot Bangla Team!,2112,0.96,125,0,Shaitaan-Haiwan,601.6,62112.0,55075.0,True,False
BollyBlindsNGossip,1t8c66g,2026-05,1780726687,1778349789,Kiara Advani talks about her postpartum period,2082,0.96,207,0,SmallAchiever,1019.2,161122.0,14495.0,True,False
BollyBlindsNGossip,1tr6u18,2026-05,1780726687,1780071299,Ranveer Singh upload a story with Arsenal and England player Declan Rice.,2061,0.98,98,0,MaskOff009,1911.2,17354.0,29727.0,True,False
indiasocial,1tdkgrk,2026-05,1780726890,1778816025,This edit deserves appreciation,15697,0.97,351,0,sunflower1713,60.7,4476.0,331.0,True,True
indiasocial,1tpxe6c,2026-05,1780726890,1779956716,"Took me almost a decade, but we made it :)",14224,0.99,911,0,Sabmohmayahaibro,350.0,29142.0,13423.0,True,True
indiasocial,1tejek5,2026-05,1780726890,1778906152,this is literally the best video i have seen today 🥺,13773,0.97,105,0,Hungry-Succotash5780,,,,,True
indiasocial,1tc3wsw,2026-05,1780726890,1778687936,1BHK washroom,8001,0.98,239,0,betichod-1,258.9,3855.0,675.0,False,True
indiasocial,1tbqv5z,2026-05,1780726890,1778652052,Say it in English or stay quiet 🥲🥲,7715,0.95,131,0,ChhotaSaHydra,105.7,56504.0,5034.0,True,True
indiasocial,1tmzhav,2026-05,1780726890,1779686842,"I found this on side of small water stream, near Kudremukha range. Is this valuable?",7679,0.95,463,0,CODM_Penguin,2026.5,9087.0,3352.0,True,True
indiasocial,1tjdio5,2026-05,1780726890,1779349934,Feels weird to casually hold 17 Lakhs in your palm,7101,0.96,401,0,Hee_haw01,892.0,7343.0,1185.0,False,True
indiasocial,1t2dycm,2026-05,1780726890,1777790750,Is this fr ?,7076,0.94,359,0,apersoninheat,43.6,8273.0,894.0,True,True
indiasocial,1tavmx8,2026-05,1780726890,1778575547,Blessing lelo,7047,0.96,138,0,lmfaooomf,224.0,7685.0,966.0,True,True
indiasocial,1tka5bv,2026-05,1780726890,1779429951,Someone's going to be very happy today,6992,0.98,86,0,devsdb,3211.4,4220.0,1403.0,True,True
indiasocial,1tqtg8m,2026-05,1780726890,1780036883,What do u folks think of food pharmer?,6774,0.98,170,0,Haarrruuu,2678.7,3025.0,1037.0,True,False
indiasocial,1t95m3m,2026-05,1780726890,1778416070,Dogesh Ali Mazari,6217,0.99,47,0,godfather_wanderlust,53.7,83036.0,420.0,True,False
indiasocial,1tghq0q,2026-05,1780726890,1779097712,"4 yr old missing, reward 2L; Media coverage needed",6111,0.98,233,0,regularJoeSmith,1792.2,4645.0,1569.0,True,False
indiasocial,1tl4c7w,2026-05,1780726890,1779505259,just a chill cat,6103,0.99,80,0,HotLiterature5507,1765.2,33107.0,1510.0,True,False
indiasocial,1tm828x,2026-05,1780726890,1779617138,10.09 seconds and pure madness on track 🏃‍♂️,5618,0.96,161,0,ChhotaSaHydra,105.7,56504.0,5034.0,True,False
indiasocial,1to9044,2026-05,1780726890,1779806470,Just wanted to share this!,5378,0.99,57,0,Curious-Dot-999,515.1,10015.0,1238.0,True,False
indiasocial,1tbrqt7,2026-05,1780726890,1778654969,Crazy Mirror Transition.,5299,0.99,111,0,Shivam_Singh069,657.0,4280.0,137.0,True,False
indiasocial,1t71q52,2026-05,1780726890,1778228575,Met Gala met a well dressed human.,4710,0.95,185,0,Unlikely-Company1368,549.2,30269.0,2931.0,True,False
indiasocial,1t3st0g,2026-05,1780726890,1777924686,Could I legally do this?,4295,0.99,66,0,basonjourne98,2703.9,64458.0,42793.0,True,False
indiasocial,1thqmfz,2026-05,1780726890,1779205005,😭😭😭 so relatable yaar,3906,1.0,41,0,Complete-Cloud-3969,,,,,False
indiasocial,1t0qo5d,2026-05,1780726890,1777634785,King Dogesh is arriving,3651,0.99,51,0,godfather_wanderlust,53.7,83036.0,420.0,True,False
indiasocial,1t7421r,2026-05,1780726890,1778236444,Vitamin M-om,3527,0.98,29,0,Livid_Ebb_5385,,,,,False
indiasocial,1tfqeru,2026-05,1780726890,1779026514,Do u guys still find this??,3524,0.99,153,0,msd_5878,137.6,15190.0,6076.0,True,False
indiasocial,1tgf3w1,2026-05,1780726890,1779088797,These are the reasons why I pay for the internet 💀,3454,0.98,39,0,godfather_wanderlust,53.7,83036.0,420.0,True,False
indiasocial,1tnzu2s,2026-05,1780726890,1779781169,Made a deal with her,3417,0.96,144,0,Gurugod123,1169.0,109551.0,17100.0,True,False
indiasocial,1t7ubdp,2026-05,1780726890,1778299843,Got ₹2.5 instead of ₹5. Even the coin gave up halfway through life.,3184,0.98,76,0,BulkyTiger8706,1153.9,5488.0,21206.0,True,False
indiasocial,1tgazz7,2026-05,1780726890,1779075993,This is something...,3139,0.97,102,0,Downtown8Cat,31.4,1956.0,2372.0,True,False
indiasocial,1trttyd,2026-05,1780726890,1780128622,What my picky sister eats for lunch,3016,0.94,474,0,PaneerParathaLover,180.9,10311.0,1066.0,True,False
indiasocial,1t1oq5n,2026-05,1780726890,1777725403,Rich Dogesh,3013,0.99,26,0,godfather_wanderlust,53.7,83036.0,420.0,True,False
indiasocial,1tn1p4d,2026-05,1780726890,1779693743,Update on my previous post... Tedhe Medhe with no masala,3011,0.99,144,0,_cyril0curry,2817.9,19184.0,12468.0,True,False
indiasocial,1t90w8n,2026-05,1780726890,1778400625,Adults who dont drink or smoke have their happiness in junk food and sugary drinks💎,2982,0.93,332,0,imtoooobusyy,92.7,3345.0,622.0,True,False
indiasocial,1t5dsui,2026-05,1780726890,1778076027,Is this something to brag about or something to be ashamed of?,2944,0.98,167,0,Entire_Notice_9813,461.0,13592.0,494.0,True,False
indiasocial,1t4hbr8,2026-05,1780726890,1777991767,Shopkeeper sold this ₹9 icecream for ₹10,2859,0.95,802,0,69ForUh,350.9,8632.0,1972.0,True,False
indiasocial,1tdz3vr,2026-05,1780726890,1778857662,Why did i receive Tedhe medhe with no masala ?? :'((((,2818,0.98,483,0,_cyril0curry,2817.9,19184.0,12468.0,True,False
indiasocial,1t10jnq,2026-05,1780726890,1777657654,Hairline really decides your entire personality..,2785,0.97,136,0,Separate_Hospital701,1597.7,3851.0,536.0,True,False
indiasocial,1tn22kp,2026-05,1780726890,1779694978,Uttar Pradesh : Gonda power department turns to cooling overheated transformers amid rising temperat,2740,0.99,183,0,Positive-Height-3848,1886.1,53234.0,361.0,True,False
indiasocial,1temdr1,2026-05,1780726890,1778915529,They think shouting Ratan Tata for 200 times is music ffs,2677,0.96,149,0,God_Emperor__Doom,93.3,218022.0,9397.0,False,False
indiasocial,1teoruv,2026-05,1780726890,1778923586,Toll tax 🥰,2514,0.98,85,0,Notoriousmonkey69,94.5,15746.0,721.0,True,False
indiasocial,1thli0i,2026-05,1780726890,1779193807,Question for folks who work all day in this heat without AC: How do you get by?,2433,0.98,356,0,ManofTheNightsWatch,4621.9,82626.0,39034.0,True,False
indiasocial,1taqzw0,2026-05,1780726890,1778560470,Bro skipped responsibilities,2419,0.98,79,0,ChhotaSaHydra,105.7,56504.0,5034.0,True,False
developersIndia,1t5xr2o,2026-05,1780727093,1778121288,[STORY TIME] Asked an uncle at bihar wedding what he does for work,3482,0.96,161,0,Other-Anybody-6686,2014.0,6676.0,7203.0,True,True
developersIndia,1tc1171,2026-05,1780727093,1778681891,"Built an app to compare Swiggy, Zomato, quick commerce and cab prices all in one place",2011,0.97,224,0,akshat207,4034.7,25681.0,4859.0,True,True
developersIndia,1t67jm4,2026-05,1780727093,1778152833,I created Doraemon in HTML and CSS instead of applying for jobs,1815,0.99,95,0,Mindless_Head_6526,133.9,2941.0,1679.0,True,True
developersIndia,1t2oobt,2026-05,1780727093,1777822459,What actually happens to software jobs in the next 5 years? My honest take.,1745,0.95,284,0,Obvious_Gap_5768,120.4,5160.0,1362.0,True,True
developersIndia,1t0uzwq,2026-05,1780727093,1777645671,Having a family is a disadvantage for career progression in India,1715,0.94,260,0,timukh,2855.1,1110.0,557.0,True,True
developersIndia,1ta3gml,2026-05,1780727093,1778506409,How would someone go about coding something like this? Where would they even begin? I'm guessing C# ,1525,0.99,74,0,Rabbidraccoon18,1904.0,606912.0,67778.0,True,True
developersIndia,1t7a2ow,2026-05,1780727093,1778251554,"Coinbase India, Looks like there has been a bloodbath.",1271,0.99,150,0,lays_indian_masalaaa,263.7,29727.0,5260.0,True,True
developersIndia,1tqeis0,2026-05,1780727093,1779998218,Harsh Reality - Job totally decides your identity.,1264,0.98,171,0,intPixel,967.1,1465.0,6121.0,False,True
developersIndia,1t1f5j4,2026-05,1780727093,1777694202,I started building a 64-bit OS in rust during my board exams and yesterday I got it to run DOOM in u,1220,0.98,176,0,thatmagicalcat,829.9,3205.0,4793.0,True,True
developersIndia,1ts14xz,2026-05,1780727093,1780150530,"Trained an image model on ""Desi maximalism"" aesthetic. Really proud of the results.",1161,0.96,103,0,Creepy_Sun_7638,277.1,588.0,82.0,True,True
developersIndia,1to0t18,2026-05,1780727093,1779784484,Mandatory 5-Day Office Feels Like a Massive Step Back,1158,0.98,233,0,web_dev__,147.5,546.0,372.0,True,False
developersIndia,1t3a5t9,2026-05,1780727093,1777877985,Confession - I just talk to AI models and push code,1060,0.95,386,0,fanatic75,3210.3,7434.0,3972.0,True,False
developersIndia,1tnffxi,2026-05,1780727093,1779729151,Today I attended a most ragebaited interview ever in my life.,982,0.99,126,0,etakodam,743.8,751.0,548.0,True,False
developersIndia,1t3ku6r,2026-05,1780727093,1777908096,A lesson i learnt today to be humble with everyone.,969,0.98,81,0,the_lazy_rich_guy,147.0,4153.0,4327.0,True,False
developersIndia,1tb29j3,2026-05,1780727093,1778593862,Got laid off after our entire R&amp;D team was wiped out,924,1.0,106,0,Effective_Fee_236,669.5,1591.0,619.0,True,False
developersIndia,1tsoqd2,2026-05,1780727093,1780213357,The degradation of engineers value from past 15 years in india,905,0.92,255,0,lexileone,3781.5,2084.0,2600.0,True,False
developersIndia,1tcvlkf,2026-05,1780727093,1778758892,HR got offended and left the call because I asked about revenue?,895,0.99,99,0,Lone_Lunatic,1077.5,3259.0,3218.0,True,False
developersIndia,1t38cf8,2026-05,1780727093,1777871817,Saw something weird at my internship today… is this normal?,868,0.98,83,0,Candid-Strawberry-52,715.6,478.0,1454.0,True,False
developersIndia,1t6dw6s,2026-05,1780727093,1778167718,Why Are Recruiters and Interviewers Like This in India?,859,0.98,102,0,KnownTry,3030.8,756.0,2071.0,True,False
developersIndia,1t60a2h,2026-05,1780727093,1778128635,Big Silicon is Pulling Software Ownership Back to the US,835,0.96,85,0,Love_u3000,2594.4,3882.0,6495.0,True,False
developersIndia,1t1nv1h,2026-05,1780727093,1777722951,"After 2 months of no work, I finally got paid by an international client 💪",795,0.99,89,0,Particular-Age-3576,269.2,8417.0,290.0,True,False
developersIndia,1tb2boo,2026-05,1780727093,1778593994,Bad situation | Seems AI Impact is already there for freshers,773,0.98,118,0,ObfuscatedScript,668.7,2660.0,2868.0,True,False
developersIndia,1tk80jd,2026-05,1780727093,1779423470,Unpopular opinion: WITCH &gt; FAANG when you factor in actually enjoying your life,766,0.86,185,0,Infinite-Fly-64,233.6,860.0,98.0,True,False
developersIndia,1t4hl2b,2026-05,1780727093,1777992356,"Cognizant to eliminate 15,000 roles globally, bulk of cuts to be in India",741,0.99,82,0,lays_indian_masalaaa,263.7,29727.0,5260.0,True,False
developersIndia,1tnwzhm,2026-05,1780727093,1779772078,“AI will replace humans” is slowly turning into “humans + AI is cheaper”,740,0.98,123,0,Over-Conference-8714,19.0,2897.0,169.0,True,False
developersIndia,1t7irro,2026-05,1780727093,1778270121,Yesterday was my last working day (layoff) and people got really concerned when I told them about my,717,0.98,79,0,RCuber,4902.1,72594.0,98314.0,True,False
developersIndia,1t6x3ur,2026-05,1780727093,1778213425,"Cloudflare eliminates 1100 roles, 20% workforce, 1 in 5 gone",714,0.99,112,0,lays_indian_masalaaa,263.7,29727.0,5260.0,True,False
developersIndia,1tlgc7f,2026-05,1780727093,1779542425,Appraisal meeting turned into firing and then turned into promotion,696,0.95,48,0,harrisdunkin,1698.0,387.0,529.0,True,False
developersIndia,1t1muo3,2026-05,1780727093,1777719823,"Andhra Pradesh student dies by suicide in Chicago, leaves scheduled messages for friends; debt-hit f",684,0.98,88,0,Gloomy_Temporary2914,393.9,3282.0,8097.0,True,False
developersIndia,1tcswwg,2026-05,1780727093,1778750723,"Stuck at Accenture and want to switch, what should I do?",674,0.97,231,0,Old_Lobster_9629,327.6,416.0,1097.0,False,False
developersIndia,1t70g9r,2026-05,1780727093,1778224178,"A Manager Changed My Perspective in One Interview,",670,0.95,55,0,Additional_Doubt_17,894.7,335.0,392.0,True,False
developersIndia,1tdaxi7,2026-05,1780727093,1778791952,The abroad dream is getting complicated for Indian tech folks and I think we need to talk about it,628,0.91,282,0,that_dev_who_lifts,1208.0,415.0,1128.0,True,False
developersIndia,1trpiuc,2026-05,1780727093,1780114773,"People working at Google and Microsoft, do you guys still code?",627,0.96,171,0,No_Union_2694,165.7,318.0,20.0,True,False
developersIndia,1tijex7,2026-05,1780727093,1779278172,I thought my software career was over before it even started.,626,0.96,141,0,Special-Salad7359,95.7,339.0,194.0,True,False
developersIndia,1tau8y7,2026-05,1780727093,1778570762,Have anyone received a WFH email yet from their company?,613,0.96,202,0,sigma_AJ,1614.0,530.0,2159.0,True,False
developersIndia,1tcnogx,2026-05,1780727093,1778733693,"The absolute audacity of HRs and ""Immediate Joiner"" requirements",607,0.99,67,0,Perfect-Text-4321,1738.1,259.0,28.0,True,False
developersIndia,1tlgk46,2026-05,1780727093,1779542979,Watching Chinese apps made me realize something about our developers,599,0.93,108,0,UnderTakingBoy,1983.9,1831.0,252.0,True,False
developersIndia,1t4d0pu,2026-05,1780727093,1777981510,6 months building an app to compete with Splitwise in India. What I got wrong.,596,0.96,77,0,krishan-ag,50.9,637.0,337.0,True,False
developersIndia,1ticaux,2026-05,1780727093,1779255511,Is anyone else feeling like they can’t cope with the pace of AI anymore and IT is not for them?,560,0.98,132,0,Eastern_You_1959,26.2,814.0,271.0,True,False
developersIndia,1tp0e3o,2026-05,1780727093,1779874008,Is AI bubble finally bursting?what you guys have thoughts on this ?,556,0.93,222,0,These_Ad_669,196.1,5497.0,617.0,True,False
IndiaCricket,1t9x5lt,2026-05,1780727292,1778488209,The price of that knock against MI. Massive respect for Krunal Pandya!,4191,0.96,185,0,Alone-Wheel2902,272.2,54588.0,38070.0,True,True
IndiaCricket,1tt39ov,2026-05,1780727292,1780252162,Virat Kohli with Vaibhav Sooryavanshi after the IPL final,3827,0.98,97,0,GiveMeSomeSunshine3,448.8,1815823.0,223800.0,True,True
IndiaCricket,1t54lqd,2026-05,1780727292,1778048246,Hands on the best cricket advertisement ever..,2803,0.98,34,0,Brave_Programmer_745,670.1,1257.0,109.0,True,True
IndiaCricket,1tenzv1,2026-05,1780727292,1778920957,Koach hilariously opens up on how even a normal conversation can turn into a headline these days!,2752,0.97,129,0,Additional-Battle10,513.1,119411.0,4403.0,True,True
IndiaCricket,1t6bfvn,2026-05,1780727292,1778162479,"Ran into Shreyas Iyer, genuinely humble and nice guy!",2680,0.99,75,0,shaun1601,2213.7,1557.0,268.0,True,True
IndiaCricket,1tp73te,2026-05,1780727292,1779891796,Vaibhav Sooryavanshi breaks Chris Gayle's 14-year record for the most sixes in an IPL season,2629,0.99,140,0,GiveMeSomeSunshine3,448.8,1815823.0,223800.0,True,True
IndiaCricket,1thtmo9,2026-05,1780727292,1779211144,Who was the A for? He’s most definitely a wonder kid,2500,0.98,339,0,Striking-Draft-5481,506.2,22827.0,12112.0,True,True
IndiaCricket,1thigfk,2026-05,1780727292,1779185522,Former CSK player R Ashwin's take on Ishan Kishan's post-match celebration at Chepauk yesterday:,2411,0.98,125,0,GiveMeSomeSunshine3,448.8,1815823.0,223800.0,True,True
IndiaCricket,1t9wtgo,2026-05,1780727292,1778487028,This goated technology disappeared from cricket as if it had never existed,2406,0.98,76,0,No_Philosopher3798,,,,,True
IndiaCricket,1t3l8he,2026-05,1780727292,1777908944,What a moment this for Raghu Sharma!,2297,0.96,116,0,cricfanatic4518,335.1,226768.0,13758.0,True,True
IndiaCricket,1tkax8x,2026-05,1780727292,1779432445,Their own fans can't take this sound. Can't blame the players who find this constant whistling irrit,2279,0.96,135,0,cricfanatic4518,335.1,226768.0,13758.0,True,False
IndiaCricket,1tswx8i,2026-05,1780727292,1780237871,"With both GT openers falling cheaply and Virat Kohli an improbable 176 runs away, Vaibhav Sooryavans",2180,0.97,147,0,GiveMeSomeSunshine3,448.8,1815823.0,223800.0,True,False
IndiaCricket,1tob30m,2026-05,1780727292,1779810820,Rajat Patidar scored a breathtaking 93* (33) to set a target of 255 vs GT in Qualifier 1 of IPL 2026,2135,0.97,157,0,GiveMeSomeSunshine3,448.8,1815823.0,223800.0,True,False
IndiaCricket,1tcvcvg,2026-05,1780727292,1778758245,Dwayne Bravo voiced the emotions of every fan.,2025,0.98,38,0,poormasshole,1004.7,74764.0,586.0,True,False
IndiaCricket,1tpwxrn,2026-05,1780727292,1779955169,10 Year old Vaibhav Sooryavanshi in 2022..,1998,0.98,158,0,Disastrous-Bit-5097,376.2,25307.0,8828.0,True,False
IndiaCricket,1tq6rwt,2026-05,1780727292,1779981773,"A lovely story from Justin Langer about meeting cricket’s next big thing, Vaibhav Sooryavanshi",1934,0.99,55,0,poormasshole,1004.7,74764.0,586.0,True,False
IndiaCricket,1tt3jti,2026-05,1780727292,1780252769,Rajat Patidar: The Man Who Changed RCB Forever,1917,0.99,49,0,Striking-Draft-5481,506.2,22827.0,12112.0,True,False
IndiaCricket,1t40e55,2026-05,1780727292,1777942485,The most underrated thing Dhoni ever did wasn't winning a World Cup or an IPL. It was how he handled,1911,0.97,152,0,NegativeChemistry546,78.6,3394.0,46.0,False,False
IndiaCricket,1tr92l8,2026-05,1780727292,1780075597,Sai Sudharshan got out hit wicket for the second consecutive time,1903,0.99,115,0,GiveMeSomeSunshine3,448.8,1815823.0,223800.0,True,False
IndiaCricket,1tlakbo,2026-05,1780727292,1779524492,Do you really think he is a spinner,1887,0.96,226,0,Zealousideal_Work797,147.8,815.0,-23.0,True,False
IndiaCricket,1tq3qkz,2026-05,1780727292,1779975077,The Biggest Regret of Delhi Capitals,1870,0.99,94,0,Personal-Business318,244.9,15917.0,3740.0,True,False
IndiaCricket,1th5vm6,2026-05,1780727292,1779148607,Ishan Kishan silenced the whistles at Chepauk with a brilliant knock. What was the point of provokin,1802,0.9,353,0,poormasshole,1004.7,74764.0,586.0,True,False
IndiaCricket,1tavarb,2026-05,1780727292,1778574365,Why everyone is blaming rohit when virat himself dropped Bhuvi in his peak.,1755,0.93,180,0,Flimsy-Ad8945,503.3,5280.0,1326.0,True,False
IndiaCricket,1tszl48,2026-05,1780727292,1780243961,ICC Chairman Jay Shah with Vaibhav Sooryavanshi!,1739,0.99,56,0,cricfanatic4518,335.1,226768.0,13758.0,True,False
IndiaCricket,1tdovwk,2026-05,1780727292,1778829635,Kohli talking about the environment under GG era (?),1729,0.97,251,0,Section80Flow,114.7,33141.0,23237.0,True,False
IndiaCricket,1tkhxe6,2026-05,1780727292,1779453928,Not bad at all considering he’s 30.,1721,0.99,98,0,No_Philosopher3798,,,,,False
IndiaCricket,1tr5yrh,2026-05,1780727292,1780069631,Heartbreak for Vaibhav Sooryavanshi as he falls for 96(47) and misses another hundred but what a bri,1705,0.98,143,0,GiveMeSomeSunshine3,448.8,1815823.0,223800.0,True,False
IndiaCricket,1t96j8u,2026-05,1780727292,1778418618,URVIL PATEL hits the joint fastest fifty in IPL history!,1684,0.99,84,0,Additional-Battle10,513.1,119411.0,4403.0,True,False
IndiaCricket,1tln3b8,2026-05,1780727292,1779558355,While other bowlers bowled with 10+ economy but this guy bowled with 9 economy and took 1 wicket of ,1662,0.99,59,0,King_of_cricket18,47.4,5061.0,583.0,False,False
IndiaCricket,1tneght,2026-05,1780727292,1779727042,Vaibhav Sooryavanshi opens up about his T20 dream,1648,0.98,102,0,poormasshole,1004.7,74764.0,586.0,True,False
IndiaCricket,1t0uzlx,2026-05,1780727292,1777645651,Kyle Jamieson's aggressive celebration after dismissing Vaibhav Sooryavanshi. Vaibhav looked dishear,1647,0.94,289,0,GiveMeSomeSunshine3,448.8,1815823.0,223800.0,True,False
IndiaCricket,1tdp2xa,2026-05,1780727292,1778830307,Mumbai Indians posted a reel for Tilak countering Arshdeep's racial remarks,1634,1.0,40,0,Anxious-Progress3480,1408.0,22006.0,23067.0,True,False
IndiaCricket,1t0kiyb,2026-05,1780727292,1777614271,"This was never going to be a run-out in any world whatsoever But out of his extra aggression,he gift",1630,0.94,169,0,God_Emperor__Doom,93.3,218022.0,9397.0,False,False
IndiaCricket,1t6hgkv,2026-05,1780727292,1778175166,Prince Yadav becomes the 1st bowler to dismiss Virat Kohli for a duck in an IPL chase since 2017. Wh,1609,0.99,100,0,GiveMeSomeSunshine3,448.8,1815823.0,223800.0,True,False
IndiaCricket,1t84973,2026-05,1780727292,1778331306,IPL Centuries — Country wise. Finn Allen becomes only the 2nd player from New Zealand to score an IP,1549,0.99,75,0,poormasshole,1004.7,74764.0,586.0,True,False
IndiaCricket,1tbd9yn,2026-05,1780727292,1778616762,Sai Sudharsan becomes just the fourth player in IPL history to score a fifty against every team he h,1535,0.99,69,0,poormasshole,1004.7,74764.0,586.0,True,False
IndiaCricket,1tp7ukt,2026-05,1780727292,1779893399,Heartbreak for Vaibhav Sooryavanshi as he missed breaking Gayle's record for the fastest T20 century,1495,0.98,128,0,GiveMeSomeSunshine3,448.8,1815823.0,223800.0,True,False
IndiaCricket,1t1g75e,2026-05,1780727292,1777697382,"Kyle Jamieson on Vaibhav Suryavanshi: ""I don't think I have ever been so fearful - of a 15 year old ",1479,0.99,50,0,God_Emperor__Doom,93.3,218022.0,9397.0,False,False
IndiaCricket,1tmdf02,2026-05,1780727292,1779632216,"Rajasthan Royals become the 4th and the final team to make it into IPL 2026 playoffs, PBKS &amp; KKR",1441,0.98,123,0,GiveMeSomeSunshine3,448.8,1815823.0,223800.0,True,False
IndiaCricket,1t4yb7s,2026-05,1780727292,1778029792,That photo of Sanjiv Goenka confronting KL Rahul on the field in 2024 still bothers me. I think it e,1417,0.98,95,0,NegativeChemistry546,78.6,3394.0,46.0,False,False
bollywood,1ta0zds,2026-05,1780727500,1778500331,"If they had reduced the cringe love story and given this man more screen presence, he would’ve eleva",2212,0.99,100,0,Major-Bell2408,68.8,12453.0,1974.0,True,True
bollywood,1t53r9z,2026-05,1780727500,1778045449,What are some of your favourite “realisation of love” scenes in Bollywood?,2042,0.97,193,0,padfoony,1661.5,429915.0,299806.0,True,True
bollywood,1t7xvio,2026-05,1780727500,1778311140,"Dhurandhar: The Revenge will stream on Netflix from May 15 2026 in all countries except India, where",1528,0.96,71,0,rn3122,2203.7,142318.0,281044.0,True,True
bollywood,1t8yi6l,2026-05,1780727500,1778392640,"One of the greatest blockbusters in Bollywood, undoubtedly, is 3 Idiots. It had the perfect balance ",1525,0.97,47,0,0Layscheetoskurkure0,311.0,442360.0,5975.0,False,True
bollywood,1tmcs6z,2026-05,1780727500,1779630712,2018 was probably the last best year Bollywood saw.,1483,0.97,112,0,Glittering_Lotus,343.2,18887.0,17982.0,True,True
bollywood,1tquwzu,2026-05,1780727500,1780041674,"बदलाPUR , a movie so well crafted with each string pulled the right way",1434,0.99,60,0,unwanted_singlechild,41.2,1086.0,231.0,True,True
bollywood,1t7ezhk,2026-05,1780727500,1778261969,"Can anybody explain the meaning of the movie ""October""??",1388,0.98,126,0,Distracttx,169.2,591.0,0.0,True,True
bollywood,1tp9tpg,2026-05,1780727500,1779897515,Just watched a masterpiece.,1210,0.99,137,0,LoveIsTheSpiceOfLife,151.0,453.0,1045.0,True,True
bollywood,1tfunpp,2026-05,1780727500,1779036109,Madhuri Dixit in 1990s was peak Female Superstardom,1050,0.97,114,0,SevereSuspect3215,978.0,6568.0,1173.0,True,True
bollywood,1tdld94,2026-05,1780727500,1778818552,Unpopular Opinion: Hrithik Roshan isn’t good at comedic scenes.,1019,0.96,146,0,Responsible_Oil1046,215.1,62587.0,27857.0,True,True
bollywood,1tmytgy,2026-05,1780727500,1779684847,"Good films are still made, depends on what you wanna watch",1018,0.94,149,0,Mean-Measurement-851,1123.0,555.0,144.0,True,False
bollywood,1tt57tn,2026-05,1780727500,1780256442,What was so special about Rani and Preity that they did a good number of movies with pivotal roles t,949,0.99,205,0,No-Internet1016,1012.8,2287.0,98.0,True,False
bollywood,1tnb052,2026-05,1780727500,1779719661,Alam Bhai desperately needs his own prequel series and I won’t hear otherwise,888,0.96,39,0,MaleficentBicycle517,185.1,2655.0,1091.0,True,False
bollywood,1tqp280,2026-05,1780727500,1780023762,"I am genuinely wondering why in this movie that is suppose to take place 5,000 ago in india , lord r",738,0.91,136,0,Notalabel_4566,1600.1,474199.0,1072.0,True,False
bollywood,1t2kefs,2026-05,1780727500,1777812078,Rewatched Bhaag milkha bhaag and to be honest it's the best biopic in Bollywood. Period,682,0.96,81,0,Desi_stoic,491.6,2861.0,85.0,True,False
bollywood,1t8bibj,2026-05,1780727500,1778348340,The last 3 blockbusters of Salman Khan were not just plain Salman Khan movies like bodyguard but wit,667,0.96,33,0,No-Internet1016,1012.8,2287.0,98.0,True,False
IndianStockMarket,1t4lqo7,2026-05,1780727696,1778001041,fair,5879,0.99,244,0,Adorable-Grand68,387.5,70532.0,9051.0,True,True
IndianStockMarket,1tn45ez,2026-05,1780727696,1779701837,😂😂😂,5561,0.95,64,0,DreamSuccessful1992,393.8,9852.0,598.0,True,True
IndianStockMarket,1taq16g,2026-05,1780727696,1778557716,Any tea on this one? Also a gentle reminder to pay your monthly SIP in case you forgot,4845,0.97,155,0,U2F0eWFH,248.9,3881.0,149.0,True,True
IndianStockMarket,1thixmf,2026-05,1780727696,1779186959,Former chief economist of World Bank,4494,0.96,168,0,Artistic_Dj_6895,765.9,13628.0,182.0,True,True
IndianStockMarket,1tbrwg1,2026-05,1780727696,1778655508,thats why we need gold,3983,0.96,137,0,purienne_09,952.4,46379.0,629.0,True,True
IndianStockMarket,1ti2sw8,2026-05,1780727696,1779230213,War creates strange winners,3967,0.98,66,0,Adorable-Grand68,387.5,70532.0,9051.0,True,True
IndianStockMarket,1t5ag19,2026-05,1780727696,1778067917,Vijay is a Finfluencer's nightmare!,3681,0.96,243,0,Wahteverrrr,1015.6,3133.0,361.0,False,True
IndianStockMarket,1trzmik,2026-05,1780727696,1780146770,"The message checks out, even if the messenger doesn’t",3513,0.97,175,0,WiseSage08,717.6,2275.0,753.0,True,True
IndianStockMarket,1tb05js,2026-05,1780727696,1778588948,Deadliest combination for negative returns of Indian Stock Markets,3338,0.97,86,0,Cold_Alternative_517,588.9,11755.0,1747.0,True,True
IndianStockMarket,1t9yd3c,2026-05,1780727696,1778492418,Let's see how IT companies react,2962,0.98,143,0,Adorable-Grand68,387.5,70532.0,9051.0,True,True
IndianStockMarket,1t7eb2a,2026-05,1780727696,1778260578,🇺🇸 2 Charges vs 🇮🇳 7+ Charges 😭📉 Indian traders are paying everyone except themselves 💀,2903,0.97,90,0,tueursilencieux,409.9,20253.0,1543.0,False,False
IndianStockMarket,1t68x6c,2026-05,1780727696,1778156505,Screener makes ₹15Cr Profit on ₹23Cr revenue…,2863,0.97,110,0,Kindly-Solution-7296,137.1,11223.0,5157.0,True,False
IndianStockMarket,1tna6cr,2026-05,1780727696,1779717874,Finally😭😭,2697,0.97,191,0,MissionIndependence5,2060.5,4489.0,1892.0,True,False
IndianStockMarket,1tp37kp,2026-05,1780727696,1779882644,Thought I’ll be ecstatic on reaching 8 figures. Not the case,2445,0.96,240,0,Rich_Resist_6755,1865.0,1929.0,622.0,True,False
IndianStockMarket,1t9t5o1,2026-05,1780727696,1778474997,Don't buy Gold guys,2382,0.92,183,0,floppy_diks_0,304.9,1608.0,152.0,True,False
IndianStockMarket,1t2heom,2026-05,1780727696,1777802748,True leadership is building something that runs without you,2360,0.96,37,0,happycat07,2955.8,97838.0,10677.0,True,False
IndianStockMarket,1teno72,2026-05,1780727696,1778919825,Indian Rupee 🇮🇳 is now officially the WORST performing major currency in Asia in 2026. ⚠️,2261,0.95,176,0,HatAsleep295,44.0,20216.0,1660.0,True,False
IndianStockMarket,1t9wvsk,2026-05,1780727696,1778487253,ABSOLUTE BLOODBATH 🚨 ₹4 trillion has been wiped out from the Indian stock market today after PM Modi,2214,0.85,333,0,tueursilencieux,409.9,20253.0,1543.0,False,False
IndianStockMarket,1t3rkyn,2026-05,1780727696,1777922103,Indian currency is ruined and no one is talking about it,2191,0.93,287,0,Mundane_Simple_9391,82.9,3223.0,670.0,True,False
IndianStockMarket,1t59qj4,2026-05,1780727696,1778065912,The market immediately after I sell,2168,0.99,55,0,happycat07,2955.8,97838.0,10677.0,True,False
IndianStockMarket,1tjoxck,2026-05,1780727696,1779379181,¥2 TRILLION Yuan WIPED OUT from Chinese Stocks in ONE DAY,1647,0.93,96,0,Darth_Kumbidi,1926.1,1689.0,2121.0,True,False
IndianStockMarket,1tken5l,2026-05,1780727696,1779444764,Former CFO of Infosys calls out for radical solutions to strengthen rupee,1631,0.97,129,0,Artistic_Dj_6895,765.9,13628.0,182.0,True,False
IndianStockMarket,1t37zm7,2026-05,1780727696,1777870691,OMG!!! What a growth,1623,0.94,76,0,eminence999,143.9,1087.0,954.0,True,False
IndianStockMarket,1tn6iff,2026-05,1780727696,1779708950,Nirmala Tai With Her Usual Arrogance - 0 Accountability,1593,0.94,237,0,PM_ME_YOUR___ISSUES,2429.0,21333.0,54385.0,True,False
IndianStockMarket,1tkdhqx,2026-05,1780727696,1779441065,"How the hell does someone turn $15,000 into $160,000,000 in 8 years?",1560,0.97,87,0,makeme_funx,279.3,3392.0,0.0,True,False
IndianStockMarket,1t0ok1v,2026-05,1780727696,1777628030,What is happening with pound to inr?,1519,0.96,168,0,Puzzleheaded-Row-477,2025.5,4033.0,1936.0,True,False
IndianStockMarket,1tpw40i,2026-05,1780727696,1779952340,After split,1332,0.95,62,0,happycat07,2955.8,97838.0,10677.0,True,False
IndianStockMarket,1tmiqtb,2026-05,1780727696,1779644284,"🚨 Reliance Industries posts record $10.1 Billion (₹95,754 crore) profit in FY2025-26, highest ever b",1313,0.98,109,0,Fearless-Ad-422,212.8,30632.0,923.0,False,False
IndianStockMarket,1thfyl3,2026-05,1780727696,1779177261,This is not good news 😐,1297,0.99,101,0,Adorable-Grand68,387.5,70532.0,9051.0,True,False
IndianStockMarket,1t799yl,2026-05,1780727696,1778249826,Intel leke Mental ban gaya hu,1256,0.99,69,0,UdtaKabootar,1832.4,2390.0,2913.0,True,False
IndianStockMarket,1t98vdk,2026-05,1780727696,1778424340,Bonus + split all adjusted 😩,1218,0.97,43,0,Adorable-Grand68,387.5,70532.0,9051.0,True,False
IndianStockMarket,1tgcu3q,2026-05,1780727696,1779081443,You either die a hero or live long enough to see yourself become the villain!,1205,0.97,128,0,V3dhAa,1341.7,2586.0,31.0,True,False
IndianStockMarket,1tdodxo,2026-05,1780727696,1778828000,Pls explain like I am five :why is the indian rupee falling so much,1189,0.96,316,0,fuckmbsanddominicali,51.4,29718.0,18521.0,True,False
IndianStockMarket,1tnug74,2026-05,1780727696,1779764849,Kya kya dekhna baki hain,1149,0.95,145,0,AlpsAccomplished2332,1559.6,5778.0,8278.0,True,False
IndianStockMarket,1t9ua22,2026-05,1780727696,1778478510,Jewellery stocks in Panic Mode,1131,0.97,103,0,Adorable-Grand68,387.5,70532.0,9051.0,True,False
IndianStockMarket,1tma8x8,2026-05,1780727696,1779624022,Compound interest is crazy,1097,0.96,55,0,Adorable-Grand68,387.5,70532.0,9051.0,True,False
IndianStockMarket,1tiej3m,2026-05,1780727696,1779262735,SBI got no chill,1064,1.0,20,0,punjabpolce,2594.9,12927.0,1819.0,True,False
IndianStockMarket,1tjqy61,2026-05,1780727696,1779383282,When you've loads of $$$ stashed away,992,0.96,82,0,OriginalDebate8457,314.9,4469.0,617.0,True,False
IndianStockMarket,1t626rm,2026-05,1780727696,1778134778,Guys with a setup like this to profit 10k a year,986,0.97,46,0,ChartSage,168.2,29695.0,1038.0,True,False
IndianStockMarket,1tgtcsu,2026-05,1780727696,1779124755,😭😭😭😭😭,981,0.99,15,0,DreamSuccessful1992,393.8,9852.0,598.0,True,False
indiaspeaks,1tm4kb0,2026-05,1780727910,1779605357,10.09 seconds of pure history: Gurindervir Singh becomes fastest Indian ever on the track,4536,0.98,132,0,SatoruGojo232,864.4,2347967.0,240368.0,True,True
indiaspeaks,1tiddj4,2026-05,1780727910,1779258946,This video posted by Italian PM is going viral.,3283,0.96,210,0,Longjumping-Drag9043,243.8,71363.0,3194.0,True,True
indiaspeaks,1tq42p8,2026-05,1780727910,1779975848,Never Underestimate the Power of Your Vote,3282,0.95,118,0,Longjumping-Drag9043,243.8,71363.0,3194.0,True,True
indiaspeaks,1tbwwnv,2026-05,1780727910,1778671960,Great news from West Bengal,3194,0.99,93,0,TaroZestyclose1690,288.7,37697.0,7056.0,True,True
indiaspeaks,1t3cqj2,2026-05,1780727910,1777887163,This guy changed the politics of Bengal on his own,3138,0.98,83,0,Mother-Day-1657,350.6,9382.0,14986.0,True,True
indiaspeaks,1tcrotr,2026-05,1780727910,1778746597,We want to serve the nation sir,2807,0.99,91,0,TaroZestyclose1690,288.7,37697.0,7056.0,True,True
indiaspeaks,1t9tr5i,2026-05,1780727910,1778476854,"The 'Mahishasura Mardini' that crushed TMC in WB, Bhadrakali dance by a lady during RG Kar protests",2578,0.98,48,0,katha-sagar,1432.1,8597.0,6338.0,True,True
indiaspeaks,1t45gh0,2026-05,1780727910,1777956472,"Kolkata : TMC men grabbed this playground and built fencing for private use. Because of this, childr",2505,0.97,53,0,Friendly-Cicada2769,1989.0,410548.0,7178.0,True,True
indiaspeaks,1tp3b1y,2026-05,1780727910,1779882914,Pune Porsche Car Crash Case: Viral video shows teen accused’s father celebrating bail with family,2446,0.99,212,0,SatoruGojo232,864.4,2347967.0,240368.0,True,True
indiaspeaks,1t3oddf,2026-05,1780727910,1777915453,Now the Central Govt has no excuses. We want the India-Bangladesh border to be sealed air tight.,2439,0.99,62,0,Party-Bet-4003,2174.9,53797.0,38344.0,True,True
indiaspeaks,1t4dfpt,2026-05,1780727910,1777982623,"Mamata Banerjee refuses to resign from West Bengal CM post: ""I will not resign, I did not lose...mor",2394,0.97,294,0,GiveMeSomeSunshine3,448.8,1815823.0,223800.0,True,False
indiaspeaks,1t3gvcd,2026-05,1780727910,1777899279,"Power to change the system remains in hand of voters, strive for justice 🙏 सादर नमन",2357,0.99,36,0,ResearcherCritical99,266.2,1099.0,17837.0,True,False
indiaspeaks,1t7xqkv,2026-05,1780727910,1778310696,"At Suvendu Adhikari’s oath taking, PM Modi greets &amp; take blessings from 98 year old Makhanlal Sa",2308,0.98,46,0,Immediate-Humor-6077,1564.1,66967.0,31343.0,True,False
indiaspeaks,1toaz0k,2026-05,1780727910,1779810595,"Clashes erupt in Mumbai's Mira Road over alleged animal sacrifice ahead of Eid al-Adha, FIR filed",2305,0.98,210,0,SatoruGojo232,864.4,2347967.0,240368.0,True,False
indiaspeaks,1trx9va,2026-05,1780727910,1780140153,Sandstorm in Rajasthan,2287,0.99,105,0,UnknownGunman21,28.2,21524.0,5803.0,True,False
indiaspeaks,1thbh1l,2026-05,1780727910,1779163236,Norwegian prime minister refuses to take questions from Indian reporters.,2193,0.92,214,0,Longjumping-Drag9043,243.8,71363.0,3194.0,True,False
indiaspeaks,1tftt4z,2026-05,1780727910,1779034197,Condition of stone pelters in Kolkata FAFO,1947,0.99,42,0,Dr_Death21,,,,,False
indiaspeaks,1t6cfxg,2026-05,1780727910,1778164657,West Bengal Governor has Dismissed the Mamata Banerjee Government,1908,0.99,50,0,yaaro_obba_,1707.0,19264.0,150725.0,True,False
indiaspeaks,1tiala6,2026-05,1780727910,1779250335,Prime Minister Modi and Italian Prime Minister Meloni,1871,0.96,171,0,VanilaButterMasala,277.7,29595.0,4280.0,True,False
indiaspeaks,1t2k4cd,2026-05,1780727910,1777811333,"4-year-old's rape-murder sparks outrage in Pune, Mumbai-Bengaluru highway blocked; police promise ac",1829,0.99,27,0,SatoruGojo232,864.4,2347967.0,240368.0,True,False
indiaspeaks,1tnee1u,2026-05,1780727910,1779726897,What’s your take on this?,1808,0.97,110,0,No-Expert-4975,1628.0,7243.0,1234.0,True,False
indiaspeaks,1tmw1ub,2026-05,1780727910,1779676931,"A 10 year old child was raped in Coimbatore, and look at the behaviour of the police in a press meet",1794,0.97,103,0,ShreemBreeze,4233.3,18463.0,14291.0,True,False
indiaspeaks,1tqtobf,2026-05,1780727910,1780037623,Do you think this will help restore trust in competitive exams?,1772,0.98,116,0,ChhotaSaHydra,105.7,56504.0,5034.0,True,False
indiaspeaks,1tds7tf,2026-05,1780727910,1778840822,Where are all those freebies going?,1756,0.99,73,0,TaroZestyclose1690,288.7,37697.0,7056.0,True,False
indiaspeaks,1texjwb,2026-05,1780727910,1778947051,Tata Electronics and ASML Announce Strategic Partnership to Advance the Semiconductor Manufacturing ,1751,0.99,74,0,Longjumping-Drag9043,243.8,71363.0,3194.0,True,False
indiaspeaks,1t2da1m,2026-05,1780727910,1777788482,India makes a world record of unfurling its national flag as the world’s largest underwater flag in ,1735,0.97,90,0,SatoruGojo232,864.4,2347967.0,240368.0,True,False
indiaspeaks,1t3mcho,2026-05,1780727910,1777911262,Suvendu Adhikari has officially defeated Mamata Banerjee by 15105 votes in West Bengal's Bhabanipur ,1704,0.98,49,0,GiveMeSomeSunshine3,448.8,1815823.0,223800.0,True,False
indiaspeaks,1t5ldnr,2026-05,1780727910,1778091917,Imagine the violence and barbarism if TMC had won. They lost and still have murdered 3 BJP workers i,1701,0.98,60,0,AmarDemonX,1851.2,17180.0,62899.0,True,False
indiaspeaks,1t1rd2f,2026-05,1780727910,1777731985,Mumbai Pune connecting link.,1689,0.99,38,0,roytrivia_93,3456.8,47979.0,29912.0,True,False
indiaspeaks,1t82plu,2026-05,1780727910,1778327033,Watching A Disabled Woman Sit Through The Ruins Of Her Demolished Shop In Maharashtra Raises A Diffi,1643,0.97,120,0,Jiwitom,462.8,91481.0,5297.0,True,False
indiaspeaks,1tkl6ww,2026-05,1780727910,1779461315,"Hindu Woman Confronts A Muslim Girl Who Claims To Be A Staff At Badami Caves, Roaming in side The Sa",1634,0.96,68,0,AhamBrahmAssmi,649.1,7596.0,5878.0,True,False
IndiaInvestments,1ts5yvn,2026-05,1780728111,1780161996,ICICI bank employee revealed all our personal contact details to their relative,479,0.98,43,0,mygouldianfinch,2482.5,770.0,3249.0,True,True
IndiaInvestments,1ticf6m,2026-05,1780728111,1779255894,India loses all spots in world’s top 100 companies as equity crash bites- Moneycontrol.com,451,0.96,17,0,sharedevaaste,2030.8,125749.0,21933.0,True,True
IndiaInvestments,1tqsqb3,2026-05,1780728111,1780034523,Individual participation in Indian stock market falls for the first time in 10 years amid F&amp;O de,344,0.99,37,0,sharedevaaste,2030.8,125749.0,21933.0,True,True
IndiaInvestments,1td5d8m,2026-05,1780728111,1778780292,indian founders selling globally. razorpays international card failure rate is brutal. what are you ,122,0.94,34,0,New_Magician4336,458.7,356.0,68.0,True,True
IndiaInvestments,1tby08c,2026-05,1780728111,1778674866,"Taxing Foreign Equity in India: RSUs, ESPPs &amp; Overseas Stocks",82,0.98,33,0,ReymanWealth,233.1,570.0,1002.0,True,True
IndiaInvestments,1tsw0zj,2026-05,1780728111,1780235680,PSA - US estate tax is 40% if assets are above $60K. Here's how you can plan your wealth if you are ,74,0.92,24,0,ReymanWealth,233.1,570.0,1002.0,True,True
IndiaInvestments,1tsoeeo,2026-05,1780728111,1780212239,"This MNC bank gives 7.1% for cibil above 750+ this is better deal on home loan than CBOI , BOM , BOI",70,0.83,23,0,Lamesarcasm_Dankmind,2005.6,18124.0,2416.0,True,True
IndiaInvestments,1t1r5p6,2026-05,1780728111,1777731483,Govt allows 100% FDI in insurance (LIC still capped at 20%). is it bullish or overhyped?,65,0.97,22,0,Tris_Memba,641.5,48815.0,19735.0,True,True
IndiaInvestments,1to5n9f,2026-05,1780728111,1779798947,PSA - Returning to India from the UK - This is the playbook to tax-free capital gains,31,0.82,4,0,ReymanWealth,233.1,570.0,1002.0,True,True
IndiaInvestments,1taxsby,2026-05,1780728111,1778582550,Best way to transfer Stocks sale proceeds from IBKR/Charles Schwab to Indian Bank accounts,23,0.9,62,0,ZenoSamaDBS,1860.9,4068.0,4815.0,True,True
IndiaInvestments,1t0pimz,2026-05,1780728111,1777631228,What are the best practices to get highest insurance approval for a medical situation?,16,0.92,7,0,_Floydimus,1042.2,20343.0,18561.0,True,False
IndiaInvestments,1t7xrjj,2026-05,1780728111,1778310781,"Track private company RSUs (Stripe, Databricks, Rippling &amp; more) in Artos now!",15,0.9,5,0,cynical_bibliophile,3111.1,6555.0,2809.0,True,False
AskIndia,1tfmt1s,2026-05,1780728290,1779017073,Why do people celebrate birth as divine blessing but see sex as disgusting?,965,0.96,264,0,Dry-Ad3046,1305.2,1777.0,3131.0,True,True
AskIndia,1tmfu0p,2026-05,1780728290,1779637787,Is the Gadkari-ethanol corruption another one of BJP’s mega-scams?,547,0.92,105,0,Baba-Elaichi,356.4,14361.0,12948.0,True,True
AskIndia,1toe0mt,2026-05,1780728290,1779816787,Why indian men wants gf and not let their sisters have boyfriends,383,0.87,299,0,Creative_Bridge_2200,556.7,298.0,461.0,True,True
AskIndia,1tp8hse,2026-05,1780728290,1779894734,Why was the coach’s name/faith changed in Chak De India if based on a reality,379,0.87,85,0,Away-Solid2086,147.2,25974.0,292.0,True,True
AskIndia,1tnvooz,2026-05,1780728290,1779768280,Any Countries Left Where Indians Haven’t Migrated Yet?,344,0.82,502,0,PhaseStreet9860,343.9,4419.0,2924.0,True,True
AskIndia,1tm7jtn,2026-05,1780728290,1779615392,Why do people celebrate childbirth while still judging sex so harshly?,322,0.96,87,0,Prestigious_Film_478,59.2,3073.0,612.0,True,True
AskIndia,1tgwed6,2026-05,1780728290,1779129409,Why PM Modi does not take open press conference?,322,0.83,179,0,Present-Singer-5865,1063.7,9993.0,2723.0,True,True
AskIndia,1tb7pm0,2026-05,1780728290,1778605304,Why is flossing not common in India even tho its just as important as brushing,305,0.95,118,0,ThirstyHy3na,2133.9,255.0,278.0,True,True
AskIndia,1t4g2fw,2026-05,1780728290,1777989010,Is Modi ji the only Prime Minister globally who never had a press conference?,300,0.76,129,0,laughing_cactus,406.0,29271.0,6151.0,True,True
AskIndia,1t93538,2026-05,1780728290,1778408447,Indian guests say ‘kuch mat banana’ then look offended when you actually don’t?,297,0.96,57,0,Patrick_walkerr,38.7,2542.0,5201.0,True,True
AskIndia,1tmci49,2026-05,1780728290,1779630007,Why don't parents compete amongst themselves instead of comparing their kids?,235,0.98,62,0,Dry-Ad3046,1305.2,1777.0,3131.0,True,False
AskIndia,1tent0s,2026-05,1780728290,1778920280,Why do people leave education due to poverty but not marriage or having kids?,224,0.92,83,0,Dry-Ad3046,1305.2,1777.0,3131.0,True,False
AskIndia,1tt5y3u,2026-05,1780728290,1780258089,"Let's break the wall, a Pakistani asking Indians what they really think of us?",219,0.75,513,0,tryerN1,,,,,False
AskIndia,1trnf9v,2026-05,1780728290,1780108683,Why do MARRIED men want to live with their parents (even when both are present)?,216,0.76,404,0,jey__bee7,58.3,868.0,2409.0,True,False
ipl,1tt2787,2026-05,1780728484,1780249864,Back to back trophies for rcb,4922,0.93,210,0,Diligent_Season_6096,428.4,14849.0,6322.0,True,True
ipl,1t9eecv,2026-05,1780728484,1778436863,This man is an absolute phenomenon,4841,0.97,188,0,Pani_Paata_Em_Ledhu,516.8,11604.0,15526.0,True,True
ipl,1tmd6zq,2026-05,1780728484,1779631689,Not losing a single match in the first 7 and still not qualified for the playoffs... The worst choke,4477,0.99,214,0,Bot_Bot_123,220.8,35881.0,4883.0,True,True
ipl,1thdeon,2026-05,1780728484,1779168890,The Ghost of 18th May lives on...,3666,0.98,162,0,yellow_pills,1407.8,227862.0,20725.0,True,True
ipl,1tgvy67,2026-05,1780728484,1779128630,Bro ragebaited the ragebaiters!,3602,0.94,536,0,koachpaglu,363.7,4382.0,4871.0,True,True
ipl,1tivn4f,2026-05,1780728484,1779304202,I am literally in tears rn bro really deserved this,3529,0.99,82,0,Adorable-Art-9522,1517.9,4939.0,3048.0,True,True
ipl,1tkslyl,2026-05,1780728484,1779476741,"Respectfully, this is not done.",3329,0.96,565,0,Spirited_Command5642,209.9,59745.0,8600.0,True,True
ipl,1tfq4dq,2026-05,1780728484,1779025840,Oh how the mighty have fallen!,3313,0.99,121,0,Stochastic-Calculus,36.9,4295.0,355.0,False,True
ipl,1tp7s17,2026-05,1780728484,1779893241,Vaibhav Surpassed Gayle’s sixes record and nearly scored the fastest century of IPL 97(29),3250,0.97,322,0,Rushylol,2187.6,14172.0,4303.0,True,True
ipl,1te3svq,2026-05,1780728484,1778867533,It's not that deep alright?,2913,0.92,249,0,jip_jop_man,500.5,4001.0,3890.0,True,True
ipl,1tc9cp4,2026-05,1780728484,1778698932,"Kohli with kohli (not for lockdown kids), I miss him",2857,0.99,64,0,ro-lund-lo,58.1,20731.0,1263.0,True,False
ipl,1tkr4df,2026-05,1780728484,1779473662,Kohli ignored travis head at post match handshake trav tried shaking his hands but kohli went ahead ,2610,0.95,535,0,Lonely_Ocelot_1330,69.5,9156.0,3060.0,False,False
ipl,1tff1du,2026-05,1780728484,1778991746,Most Beautiful Stadium in the World - Dharmshala,2428,0.99,33,0,Time-Excitement-330,265.9,32486.0,1422.0,True,False
ipl,1ts3jh7,2026-05,1780728484,1780156287,No one will show this side of Riyan Parag because it won’t match their agenda,2414,0.95,107,0,superstrikes1999,3025.0,99205.0,24065.0,False,False
ipl,1t9eejw,2026-05,1780728484,1778436874,Krunal Pandya before coming in to bat today,2365,0.99,36,0,Own_Pin5680,1737.6,170990.0,71059.0,True,False
ipl,1t6kxba,2026-05,1780728484,1778182432,Playoffs race in the second half of IPL,2341,0.99,134,0,Medium_Tone_1415,88.7,57238.0,109.0,False,False
ipl,1tpdyto,2026-05,1780728484,1779906007,Andre Russell ig story on vaibhav's new record,2330,0.99,110,0,Interesting-Panic568,701.0,53601.0,2785.0,True,False
ipl,1thepke,2026-05,1780728484,1779173041,First ishan kishan then head.,2322,0.97,326,0,Plane-Lie-5228,1978.8,9415.0,131264.0,True,False
ipl,1tob8bz,2026-05,1780728484,1779811122,First 2 rules of IPL are identical,2231,0.96,150,0,Rushylol,2187.6,14172.0,4303.0,True,False
ipl,1tf07g5,2026-05,1780728484,1778953011,Undisputed goat of ipl isn't he?,2217,0.98,159,0,NewDescription4184,690.9,1474.0,1099.0,False,False
ipl,1t5hl4v,2026-05,1780728484,1778084161,Historians say this an ancient painting of a man called Shashank Singh,2191,1.0,41,0,ZealousidealTank1353,1627.1,33903.0,5691.0,True,False
ipl,1tiv4dk,2026-05,1780728484,1779303164,Peak PBKS vs finished KKR,2123,0.98,162,0,SunshineFlames,3415.2,1502.0,2387.0,True,False
ipl,1tt31vn,2026-05,1780728484,1780251697,RCB admin strikes again..,2084,0.97,67,0,Old-Cantaloupe9119,992.1,50523.0,3639.0,False,False
ipl,1tfq6s8,2026-05,1780728484,1779025999,Goated franchise gifting 12 points to other teams. Top 10 respect moments guys :),2078,0.98,266,0,Slight_Surprise6245,760.9,1968.0,2739.0,True,False
ipl,1tofd8r,2026-05,1780728484,1779819481,"give me freedom, give me fire, give me modi stadium, or i retire",2067,0.92,174,0,MacaroonElectrical31,1633.0,3532.0,856.0,True,False
ipl,1tkbuze,2026-05,1780728484,1779435510,what's your thoughts on this?,2040,0.97,167,0,LifePie9114,460.2,1932.0,464.0,True,False
ipl,1t1k7ii,2026-05,1780728484,1777710811,This is how BCCI/IPL wants every Bowler to celebrate after taking a wicket :,2034,0.99,67,0,yourfreakyguy,,,,,False
ipl,1tac58g,2026-05,1780728484,1778524506,How to lose a trophy in 10 days,1998,0.99,61,0,PickDifferent8197,774.1,1899.0,19100.0,True,False
ipl,1tt2q0w,2026-05,1780728484,1780250991,Rajat Patidar becomes the third Captain to defend IPL title and enters an Elite List!,1922,0.99,72,0,AkRoyalDo,469.9,157969.0,19193.0,True,False
ipl,1tdq4ji,2026-05,1780728484,1778833833,MI admin cooked Arshdeep Singh.,1920,1.0,120,0,ThePR007,1645.0,3473.0,4322.0,True,False
ipl,1tlqbgz,2026-05,1780728484,1779565864,Sachin’s post about Arjun and his performance today.,1893,1.0,54,0,AkRoyalDo,469.9,157969.0,19193.0,True,False
ipl,1tjrtje,2026-05,1780728484,1779384945,Comeback super kings finally qualified for Chennai Central Station,1836,0.94,204,0,Klievee,107.7,17396.0,6410.0,True,False
ipl,1tln0e1,2026-05,1780728484,1779558166,"Bro doesn’t get chances to play because he’s Tendulkar’s son if the team picks him it’s ‘nepotism,’ ",1752,0.99,104,0,Kindly_Department142,501.1,427117.0,38314.0,False,False
ipl,1tpg5sz,2026-05,1780728484,1779910589,Sun family got cooked by freshers,1744,0.97,44,0,blacknoirrrr,522.6,1032.0,36.0,True,False
ipl,1tdpdgu,2026-05,1780728484,1778831325,These guys hate Hardik .lol where was this dedication under hardik,1721,0.93,119,0,No-Day8949,44.1,2867.0,5668.0,True,False
ipl,1trp973,2026-05,1780728484,1780113970,Ashish Nehra has now reached FINALS with 2 out of the 3 captains he has coached in the IPL,1707,0.98,92,0,Aggressive_Lion_5877,165.3,3118.0,1781.0,True,False
ipl,1tfqvb6,2026-05,1780728484,1779027608,RCB Continue to cook them,1684,0.98,132,0,ayushrawatxxiv,600.9,1616.0,7325.0,True,False
ipl,1t9f3bn,2026-05,1780728484,1778438383,"Rajat Patidar said, ""We didn't deserve to win the match"" Glad that they are not ignorant but should ",1653,0.98,214,0,Zygarde_1998,116.4,7819.0,8313.0,True,False
ipl,1tmeiqm,2026-05,1780728484,1779634815,Imagine trolling and then getting eliminated together,1647,0.94,145,0,aryanpote7,539.9,134288.0,10455.0,True,False
ipl,1tmyl78,2026-05,1780728484,1779684138,This is Really Disgusting Tbh.,1637,0.96,347,0,Mobile-Weight6127,683.9,6531.0,281.0,True,False
IndiaTech,1tkavm1,2026-05,1780728682,1779432297,Anyone else has a yahoo id ???,15418,0.98,274,0,Oopsforgotagain,288.2,230809.0,394.0,False,True
IndiaTech,1ta10xg,2026-05,1780728682,1778500452,ChatGPT officially made it into school textbooks,10826,0.98,243,0,imfrom_mars_,364.3,1200775.0,9637.0,True,True
IndiaTech,1tdnht1,2026-05,1780728682,1778825098,I wasn’t surprised.. But this ain’t good,9659,0.94,485,0,i-am-cozy,2767.2,23984.0,1746.0,True,True
IndiaTech,1t291pp,2026-05,1780728682,1777775343,What if India built GitHub?,8305,0.95,298,0,Technical-Relation-9,2069.0,352277.0,4392.0,True,True
IndiaTech,1t3mrv9,2026-05,1780728682,1777912173,Even this was generated by chatGPT?,5776,0.96,310,0,nullparadoxxx,165.6,7575.0,2392.0,True,True
IndiaTech,1trxfsr,2026-05,1780728682,1780140648,Arun Dropped A BOMBSHELL,4978,0.99,199,0,Existing-Guitar-6208,183.7,2648.0,361.0,True,True
IndiaTech,1t0hlvl,2026-05,1780728682,1777605405,Trust me bro,4910,0.98,71,0,imfrom_mars_,364.3,1200775.0,9637.0,True,True
IndiaTech,1t72sgg,2026-05,1780728682,1778232261,High price to pay,3699,0.99,34,0,iquizuanswer,117.3,11915.0,253.0,True,True
IndiaTech,1t3555j,2026-05,1780728682,1777862171,Finally done with my side project guys. Feedback would be appreciated,3430,0.98,162,0,Technical-Relation-9,2069.0,352277.0,4392.0,True,True
IndiaTech,1tn3xtz,2026-05,1780728682,1779701112,90% of people still don’t know the difference between MB/s and Mb/s 💀,3244,0.96,114,0,Global_Common4453,60.2,2998.0,0.0,False,True
IndiaTech,1t1nwad,2026-05,1780728682,1777723059,The goat of app design,2948,1.0,11,0,imfrom_mars_,364.3,1200775.0,9637.0,True,False
IndiaTech,1t46b72,2026-05,1780728682,1777959124,120 days till Android stops being open,2795,0.97,272,0,lonelyroom-eklaghor,643.9,45078.0,59311.0,True,False
IndiaTech,1toz98t,2026-05,1780728682,1779870127,Byju’s founder sentenced to six months in jail by Singapore Court,2737,0.98,121,0,Curious-Dot-999,515.1,10015.0,1238.0,True,False
IndiaTech,1temdkw,2026-05,1780728682,1778915516,Why Are We Still Carrying 5–10 Different IDs in 2026?,2633,0.96,261,0,Interesting_66,753.4,1556.0,132.0,True,False
IndiaTech,1t5e3qt,2026-05,1780728682,1778076685,Copilot winding down !,2629,0.98,121,0,Either-Alfalfa-1840,,,,,False
IndiaTech,1tk7z73,2026-05,1780728682,1779423360,"LOL, even MKBHD is getting defensive when AI is seen doing his job",2573,0.92,100,0,Turbo_Zapped,2134.2,66932.0,11189.0,True,False
IndiaTech,1t8x49n,2026-05,1780728682,1778388364,Let's do it together !,2362,0.98,108,0,Either-Alfalfa-1840,,,,,False
IndiaTech,1t60za6,2026-05,1780728682,1778130846,At least we got 100 secs,2147,0.98,87,0,Ajitabh04,,,,,False
IndiaTech,1tcpqbb,2026-05,1780728682,1778740046,No Electricity for Consumers,2027,0.98,54,0,Luc1fer777,2070.2,1407.0,335.0,True,False
IndiaTech,1t6da0l,2026-05,1780728682,1778166410,Bro disappeared like it never existed,1910,0.96,160,0,Obvious_Shoe7302,2070.8,268131.0,15555.0,True,False
IndiaTech,1tfp9vr,2026-05,1780728682,1779023767,Why are people in India loosing their minds over this launch. Am i missing something? 🤔,1887,0.96,331,0,Separate-Way5095,650.0,152102.0,2918.0,True,False
IndiaTech,1t1jnma,2026-05,1780728682,1777708871,"How are they able to make the msg pop up on the screen, that too with an alert sound?",1800,0.93,284,0,Designer-Resort-4889,825.1,5333.0,2066.0,True,False
IndiaTech,1t64hwd,2026-05,1780728682,1778142925,Mac now supports Windows BTW 🙂‍↔️,1714,0.94,38,0,imfrom_mars_,364.3,1200775.0,9637.0,True,False
IndiaTech,1ts3gbe,2026-05,1780728682,1780156070,"' 'This Indian Engineer Quit Intel to Build AI Chips for India"": Kerala Startup, Backed by Sridhar V",1709,0.99,97,0,iquizuanswer,117.3,11915.0,253.0,True,False
IndiaTech,1t0navf,2026-05,1780728682,1777623642,Still a mystery to me,1650,0.97,54,0,imfrom_mars_,364.3,1200775.0,9637.0,True,False
IndiaTech,1t7wxv0,2026-05,1780728682,1778308078,Ants inside my monitor(not inside my screen but INSIDE MY MONITOR),1630,0.97,222,0,OwnCry9640,348.3,1196.0,92.0,True,False
IndiaTech,1t55750,2026-05,1780728682,1778050291,Probably has less bugs than windows 11,1481,0.97,45,0,Technical-Relation-9,2069.0,352277.0,4392.0,True,False
IndiaTech,1t1e9pk,2026-05,1780728682,1777691546,Dear windows kindly fix this,1414,0.96,441,0,Federal_Leg5278,1848.8,27652.0,17179.0,True,False
IndiaTech,1t1tkgw,2026-05,1780728682,1777737098,Indian Overseas Bank has $8 billion Net Worth and they don't have a custom frameware for their ATM. ,1405,0.97,132,0,Goku_Nuko,1353.2,55125.0,5388.0,True,False
IndiaTech,1teiz5d,2026-05,1780728682,1778904879,Rapido got removed from App Store,1404,0.96,122,0,miniac_for_eternity,923.4,952.0,2020.0,True,False
IndiaTech,1tkp805,2026-05,1780728682,1779469754,AI and cloud growth in India could create a massive hidden water crisis by 2030,1390,0.98,135,0,Admirable_Move6933,149.8,166397.0,231.0,False,False
IndiaTech,1t2s7i4,2026-05,1780728682,1777830392,Worth to wait 🫣,1381,1.0,16,0,RathodKetan,714.5,2910.0,386.0,True,False
IndiaTech,1t2obak,2026-05,1780728682,1777821634,But... but they are portable 🥲,1368,0.97,42,0,Kanshuuu,420.2,1672.0,631.0,True,False
IndiaTech,1tds1j2,2026-05,1780728682,1778840261,So i downloaded the Antivirus and it deleted Microsoft's Copilot from my laptop,1330,0.99,97,0,mohammeddgtll,268.0,7680.0,-8.0,True,False
IndiaTech,1t8ulq5,2026-05,1780728682,1778380879,Brave posted this meme but I genuinely think YouTube is the one subscription that is value for money,1308,0.93,123,0,Technical-Relation-9,2069.0,352277.0,4392.0,True,False
IndiaTech,1t6xf1n,2026-05,1780728682,1778214386,If tech companies were brutally honest 💀,1288,0.98,47,0,imfrom_mars_,364.3,1200775.0,9637.0,True,False
IndiaTech,1t4bsuc,2026-05,1780728682,1777978016,"Nvidia signs deal for new office space in india, it's largest ever in the country",1259,0.99,43,0,Nandu_alias_Parthu,90.7,19004.0,7241.0,True,False
IndianGaming,1tew1kn,2026-05,1780728882,1778943614,That's so real lol,4505,1.0,79,0,chaprigpt,209.1,48745.0,440.0,True,True
IndianGaming,1tgr1o6,2026-05,1780728882,1779120159,Ram in 2026 be like,2969,1.0,69,0,KnownBrilliant608,1853.2,1322.0,166.0,True,True
IndianGaming,1t7w2hf,2026-05,1780728882,1778305270,Finally got a PS5!,2659,0.99,148,0,TheIntern67,114.9,1264.0,-15.0,True,True
IndianGaming,1tn4ek0,2026-05,1780728882,1779702679,Time to leave the body,2625,0.99,215,0,4doorsmorewhoreswith,1281.0,7407.0,10014.0,False,True
IndianGaming,1tjio28,2026-05,1780728882,1779365697,I made Chennai's Tata Ace Livery in Forza Horizon 6,2388,0.99,65,0,AnIdealOfHope,3041.7,21109.0,11063.0,True,True
IndianGaming,1tstvjm,2026-05,1780728882,1780230135,Please recommend some good sci-fi games.,1964,0.99,310,0,xtanxDD,2090.6,928.0,63.0,True,True
IndianGaming,1t3hnbu,2026-05,1780728882,1777901094,Carpenter: Yeah I will do it,1853,0.98,195,0,Wiper-R,1532.1,905.0,1043.0,True,True
IndianGaming,1t6dslr,2026-05,1780728882,1778167503,I Built Mahishmati in Minecraft!,1778,0.98,57,0,Educational-Dig3162,1189.1,9616.0,5024.0,True,True
IndianGaming,1tgc8xn,2026-05,1780728882,1779079695,Top 100 games from Gamerant community,1756,0.94,332,0,NauTWitcher,1845.0,465634.0,15460.0,True,True
IndianGaming,1t1j62e,2026-05,1780728882,1777707177,What About You? Ghost Of Tsushima...,1642,0.96,215,0,Electrical-Offer3829,344.1,1064.0,0.0,True,True
IndianGaming,1tpfnuz,2026-05,1780728882,1779909531,Just completed 007 first light!!!,1583,0.98,96,0,Mindless_Drag7627,1094.7,1760.0,1889.0,True,False
IndianGaming,1timv3w,2026-05,1780728882,1779286197,In FH6 you can chase bullet train with a truck on a railway track and you will win.,1502,0.94,75,0,Critical_Catch_607,1454.0,13639.0,4240.0,True,False
IndianGaming,1tdw20c,2026-05,1780728882,1778850911,Why Does Gaming Feel So Much Better During Exams,1318,0.99,99,0,LadizWasherum_,30.9,5024.0,5708.0,True,False
IndianGaming,1toc8hx,2026-05,1780728882,1779813155,This is my gaming setup. Will society accept me?,1210,0.97,229,0,AwkwardGuy78,2156.4,2160.0,10097.0,True,False
IndianGaming,1tj7kyl,2026-05,1780728882,1779332042,How to lose a subscriber in 10 days,1203,0.98,436,0,Glittering-Excuse588,432.9,676.0,68.0,True,False
IndianGaming,1tnxr4j,2026-05,1780728882,1779774418,The most Indian jugaad I could think of xD,1116,0.96,218,0,vinayj04,2104.0,1789.0,625.0,True,False
IndianGaming,1tdho1y,2026-05,1780728882,1778808486,Steam Support let this customer pick any standard game off Steam for free after there was a mix up w,1065,0.98,70,0,LadizWasherum_,30.9,5024.0,5708.0,True,False
IndianGaming,1tprf2q,2026-05,1780728882,1779937965,[Giveaway Inside] 007 First Light RTX Bundle Launch,952,0.97,943,0,Ritesh_Nvidia,262.6,3108.0,19.0,True,False
IndianGaming,1tihj1z,2026-05,1780728882,1779272749,Couldn’t find a Black Myth: Wukong controller I liked… so I made one,915,0.99,38,0,ExLunatic,2082.9,2115.0,739.0,True,False
IndianGaming,1tp16s8,2026-05,1780728882,1779876588,Pothole in Japan :- forza Horizon 6,911,0.99,28,0,Big_Tank8302,332.0,540.0,267.0,True,False
IndianGaming,1tlnxkk,2026-05,1780728882,1779560276,Finally fulfilled my childhood wish,906,1.0,120,0,John_Wick_6395,2083.0,7677.0,11466.0,True,False
IndianGaming,1t7vvsc,2026-05,1780728882,1778304673,What can i do to further improve my GAMING CAFE!!!,894,0.98,306,0,Rare_Philosophy_2096,1830.1,4703.0,2872.0,True,False
IndianGaming,1ta0u8j,2026-05,1780728882,1778499944,Built my dream Batman themed setup,785,1.0,76,0,ProXrabbit420,1493.1,3267.0,140.0,True,False
IndianGaming,1te6hks,2026-05,1780728882,1778873214,Nintendo are FINALLY releasing the Switch 1 in India.,771,0.94,156,0,crack_station,66.2,54422.0,98.0,True,False
IndianGaming,1tetphg,2026-05,1780728882,1778938073,Got rx9070xt at 61k on Flipkart sale,768,0.98,133,0,titir11,329.6,633.0,109.0,True,False
RelationshipIndia,1t6hovk,2026-05,1780729085,1778175640,25M. caught my girlfriend cheating in the stupidest way possible and genuinely don't know what to do,363,0.99,93,0,Scary-Alternative-81,1601.0,1113.0,131.0,True,True
RelationshipIndia,1tpk9xr,2026-05,1780729085,1779919629,I (22F) became the “boyfriend” in my relationship and now I lowkey enjoy embarrassing him(23F) with ,343,0.85,204,0,Affectionate_Okra286,576.9,430.0,-35.0,True,True
RelationshipIndia,1tl87lo,2026-05,1780729085,1779516723,My friend's (M27) arranged marriage with his wife (F27) is ending because she lied about her past.,315,0.92,101,0,Iworkhard7,2385.1,6172.0,1396.0,True,True
RelationshipIndia,1t7d2xo,2026-05,1780729085,1778257988,I 25M finally fulfilled my fantasy with my girlfriend 23F and now she just dropped an extremely inte,270,0.93,118,0,No_Syllabub_8246,855.2,11909.0,5452.0,True,True
RelationshipIndia,1tggdaq,2026-05,1780729085,1779093134,30M 26F God save me from a divorced and heartbreak,226,0.96,37,0,Alone-Chemistry-2391,1711.7,5204.0,17284.0,True,True
RelationshipIndia,1tbwp3w,2026-05,1780729085,1778671376,Feeling like a predator because I (M23) slept with someone (F25),198,0.86,67,0,afrominic,2962.9,600.0,625.0,True,True
RelationshipIndia,1t9ustf,2026-05,1780729085,1778480165,28F — Parents surprise-visited me to force me into arranged marriage talks and my mother had a compl,187,0.98,131,0,Tweety_Bird_101,714.0,669.0,1218.0,False,True
RelationshipIndia,1thuith,2026-05,1780729085,1779212917,[21M][21F]First time doing penetration. Unable to fit,173,0.92,86,0,pedha_dosakaya,281.7,110.0,117.0,True,True
RelationshipIndia,1terpj6,2026-05,1780729085,1778932818,F 23 M 23 Is it awkward ?? my bf said he would never want me to suck his dih.,156,0.91,59,0,Critical_Cat12,310.2,487.0,867.0,True,True
RelationshipIndia,1tmhboy,2026-05,1780729085,1779641151,31M Accidentally trauma dumped on AM match 28F,143,0.96,14,0,Alone-Chemistry-2391,1711.7,5204.0,17284.0,True,True
RelationshipIndia,1trbrjz,2026-05,1780729085,1780080733,Income disparity with my (M25) girlfriend (F24) is starting to create resentment.,134,0.92,35,0,prof-milkdick-phd,504.4,5706.0,470.0,True,False
RelationshipIndia,1tm1w7k,2026-05,1780729085,1779596833,Just realised that i f28 got used by my bf m28 for 8 years and he has no intention to marry me. Dont,127,0.92,75,0,LegitimateSherbet225,267.0,111.0,55.0,True,False
RelationshipIndia,1tjvro9,2026-05,1780729085,1779392943,Went to my bf's house and felt like dying 19f,112,0.85,15,0,saddiebitch123,,,,,False
RelationshipIndia,1t9408g,2026-05,1780729085,1778411314,my(29m) roka got cancelled after 5 years of dating,109,0.89,67,0,1MLsugar,2090.2,160.0,62.0,True,False
RelationshipIndia,1tg4rnn,2026-05,1780729085,1779059003,I'm 27F with a 25M in a situationship I badly wana get out of!,106,0.91,65,0,Alone_Mushroom_3322,500.9,190.0,135.0,False,False
RelationshipIndia,1t839j1,2026-05,1780729085,1778328602,I 25F feeling guilty because my partner made a big purchase for me,106,0.94,48,0,New-Difficulty7806,824.0,2044.0,2359.0,True,False
RelationshipIndia,1t6xjc2,2026-05,1780729085,1778214760,28M saw my gf talking to her bumble matches and keeping nsfw pictures of her ex,100,0.92,55,0,sehlengethoda7,146.2,651.0,1392.0,True,False
RelationshipIndia,1t12zes,2026-05,1780729085,1777662897,"Men, do you expect physical intimacy or sex as a form of appreciation for your efforts and emotional",96,0.93,46,0,Accomplished987,1007.7,751.0,2199.0,True,False
RelationshipIndia,1t12193,2026-05,1780729085,1777660839,My(29M) GF(26F) wants to go on a trek next week with 3 guys,87,0.87,64,0,Thor_319,266.3,161.0,34.0,True,False
RelationshipIndia,1toy7oq,2026-05,1780729085,1779866570,"31M , earning 5lpa . Entered the arranged marriage market. Getting rejected on salary grounds. What ",84,0.91,79,0,AnimeFreak267,2121.0,38.0,19.0,True,False
RelationshipIndia,1tfy48y,2026-05,1780729085,1779043687,"31M, 5yrs of relationship gone in one small fight.",84,0.95,56,0,jai3125,35.8,133.0,29.0,True,False
RelationshipIndia,1thopt7,2026-05,1780729085,1779201018,My GF (25F) going on a 6-7 day trip with a male friend,81,0.81,116,0,frosttyyyyyy,972.4,64.0,11.0,True,False
RelationshipIndia,1th53qr,2026-05,1780729085,1779146690,"I, (18F) and my partner (18 M) want to invest in a long distance app controlled toy. have any of you",80,0.87,37,0,SecretTadpole9781,1147.5,518.0,142.0,True,False
RelationshipIndia,1tax5qd,2026-05,1780729085,1778580603,F24. First tinder date after years and I was told my dress was too revealing. Red flag or am overrea,80,0.86,50,0,Over-Feature-8476,361.1,6293.0,721.0,True,False
RelationshipIndia,1tgi0mb,2026-05,1780729085,1779098667,I (24F) planned a candlelight anniversary dinner for my boyfriend (25M) and now we’re fighting over ,78,0.91,38,0,80085-58008,896.9,16583.0,1444.0,True,False
RelationshipIndia,1tqy1qi,2026-05,1780729085,1780051709,"My boyfriend [22 M] colleague likes him, what to do",74,0.95,24,0,smi_2413,492.7,26.0,8.0,True,False
RelationshipIndia,1t3s8hp,2026-05,1780729085,1777923470,"I (28m) feel jealous of women because they don't have to put in enough efforts to find a partner, li",73,0.77,33,0,CrazyHuaRe,71.5,80.0,203.0,False,False
RelationshipIndia,1t4fmy1,2026-05,1780729085,1777988013,"F32, Experience of a sophisticated matrimony scam!",70,0.96,16,0,Expensive-Fig3409,344.3,32.0,5.0,True,False
RelationshipIndia,1tbwfd1,2026-05,1780729085,1778670599,My girlfriend 19F failed her boards and I don't know how to comfort her,68,0.94,48,0,Fit-Driver-8237,462.1,184.0,37.0,True,False
RelationshipIndia,1tn3uvs,2026-05,1780729085,1779700844,M20 i really love doing this with my partner,67,0.82,13,0,Unhappysold,347.2,159.0,28.0,True,False
RelationshipIndia,1td9wim,2026-05,1780729085,1778789716,"F 34, partner M 34. I’m pregnant,need advice",67,0.91,45,0,Lucky_Courage7547,589.7,25.0,-15.0,True,False
RelationshipIndia,1t9y3kn,2026-05,1780729085,1778491524,My (25F) boyfriend (26M) isnt able to keep up in bed.,65,0.88,34,0,fkAGA,1956.2,85.0,40.0,False,False
RelationshipIndia,1t2gupm,2026-05,1780729085,1777800817,Update: I (34F) guess you guys were right about my ex (24M)… we broke up and I’m moving on,64,0.92,28,0,Ok_Wallaby_6502,99.7,222.0,76.0,True,False
RelationshipIndia,1tpu5km,2026-05,1780729085,1779945932,She 22F cheated on me before i propose her.,64,0.91,50,0,Hakim_lukha420,1118.2,227.0,621.0,True,False
RelationshipIndia,1th4nd7,2026-05,1780729085,1779145619,My uncle (40M)tried to do something and then outed me(23F) and my bf(25M)s relationship for proving ,63,0.97,16,0,Interesting-Chip67,550.7,34.0,8.0,True,False
RelationshipIndia,1til6k7,2026-05,1780729085,1779282448,Parents opposing marriage despite me (M30) and gf (F30) being together for years and now financially,61,0.92,80,0,PleasantSignature471,325.7,27.0,60.0,True,False
RelationshipIndia,1tn3pqm,2026-05,1780729085,1779700379,"29M, I am in a mess situation with my partner",60,0.89,46,0,Short_Guava63,43.2,1352.0,2445.0,True,False
personalfinanceindia,1td690u,2026-05,1780729282,1778782065,Are there still people in this sub earning less than 1L per month?,828,0.95,453,0,Safe_Mission_3524,649.6,704.0,820.0,True,True
personalfinanceindia,1t77iwi,2026-05,1780729282,1778245844,Can I afford to send my son to the US,748,0.9,350,0,Admirable-Taste6511,708.7,442.0,158.0,False,True
personalfinanceindia,1tqs16b,2026-05,1780729282,1780032367,Parents forced to buy a house and now I lost my freedom,695,0.95,235,0,kuchbhirkhdo77,664.9,1499.0,1130.0,False,True
personalfinanceindia,1tgkiq7,2026-05,1780729282,1779105786,"29, resigned from my ₹25 LPA software job, and I genuinely don’t want to work anymore",606,0.96,177,0,StationImpossible749,269.7,720.0,45.0,True,True
personalfinanceindia,1t93x1o,2026-05,1780729282,1778411038,"27M -- software engineer, recently crossed the ₹1 Cr net worth milestone 🎉",534,0.87,227,0,Aggressive_Debate332,866.8,359.0,67.0,True,True
personalfinanceindia,1te2v92,2026-05,1780729282,1778865585,"Ankur Warikoo SHUTS down his course business, but why?",533,0.95,53,0,Broad-Research5220,1579.6,111885.0,17683.0,True,True
personalfinanceindia,1trwik6,2026-05,1780729282,1780137793,Investing in US stocks from India: the tax and compliance stuff nobody warns you about until it bite,516,0.97,86,0,NYCtoMumbai,32.7,643.0,213.0,True,True
personalfinanceindia,1tt56u2,2026-05,1780729282,1780256380,Brother-in-law stopped paying 10 lac loan taken in my wife's name,482,0.95,315,0,Lets-work,1637.3,404.0,479.0,True,True
personalfinanceindia,1t8dg5m,2026-05,1780729282,1778352699,25M — Crossed my first ₹1 lakh net worth while handling family debt,440,0.99,49,0,sherikkumbatman,711.3,537.0,1162.0,False,True
personalfinanceindia,1t1pnsr,2026-05,1780729282,1777727838,Reached ₹1 Cr Net Worth at 28 - Sharing what worked for me,404,0.92,180,0,anxiousvibez,1009.9,1005.0,17189.0,True,True
personalfinanceindia,1t3ziit,2026-05,1780729282,1777940172,Why iPhone pro models are so common in a country like India,382,0.87,195,0,Correct_Bend_462,106.1,410.0,256.0,True,False
personalfinanceindia,1tbs12l,2026-05,1780729282,1778655924,Walked Away From 1.2 Cr per Year. Now at a Crossroads.,365,0.81,156,0,Prestigious-Gur-820,133.3,509.0,23.0,True,False
personalfinanceindia,1t3w7p4,2026-05,1780729282,1777932101,"Friend paid for something for me on his credit card, I said I'd pay him back — now the amount has ne",358,0.91,187,0,navisnotreal,68.0,7518.0,53.0,True,False
personalfinanceindia,1tgxk6i,2026-05,1780729282,1779131300,I saw my dad cry because he retires next Feb with almost no savings.,353,0.6,496,0,laweelo,2967.1,4867.0,1190.0,True,False
personalfinanceindia,1tcpqvx,2026-05,1780729282,1778740095,I took a 38 lakh loan for a foreign MBA that felt good on paper. Biggest financial mistake of my lif,344,0.93,93,0,xXxFADIxXx,3720.1,453.0,450.0,True,False
personalfinanceindia,1te5k5f,2026-05,1780729282,1778871240,"Got laid off after 15 yrs in IT (Mainframe), spent a year upskilling, just landed a new job. Need he",333,0.96,92,0,nil351,1196.4,213.0,84.0,True,False
personalfinanceindia,1tieny7,2026-05,1780729282,1779263206,Why is everything in hospitals linked to the room you pick?,328,0.98,82,0,Pazcare,324.1,1118.0,7.0,True,False
personalfinanceindia,1t0stlh,2026-05,1780729282,1777640540,Is earning crores in corporate common nowadays?,322,0.9,199,0,Solid-Move-1411,576.6,464814.0,274343.0,True,False
personalfinanceindia,1tb8oal,2026-05,1780729282,1778607274,Insurance company rejected my friend's claim. We got it paid in 6 weeks. Here's exactly what worked.,310,0.98,22,0,AssignmentKind1088,86.3,185.0,-3.0,True,False
personalfinanceindia,1tlbkap,2026-05,1780729282,1779527950,"Lost job, 75 lakh saving, 65 lakh loan. What to do",299,0.93,82,0,look-poor,289.8,229.0,246.0,True,False
personalfinanceindia,1truzyh,2026-05,1780729282,1780132642,How are you all planning to diversify against depreciating INR?,299,0.94,173,0,No-Woodpecker-1682,439.6,165.0,24.0,True,False
personalfinanceindia,1tckse3,2026-05,1780729282,1778725586,People earning 50L+ where does the money actually go?,282,0.93,298,0,AccomplishedLeg3338,161.8,496.0,135.0,True,False
personalfinanceindia,1trsy8g,2026-05,1780729282,1780125596,26M from Tier-3 India earning 70k/month — tracked every rupee for 2 weeks and now I finally understa,266,0.92,163,0,Easy_Check8942,1152.9,942.0,699.0,False,False
personalfinanceindia,1tjek4b,2026-05,1780729282,1779353464,People earning in between 1.5 to 2 cr how you guys save on taxes?,260,0.93,126,0,var-dump,3602.7,13972.0,7333.0,True,False
personalfinanceindia,1thd8nc,2026-05,1780729282,1779168364,50k-80k phones,260,0.89,114,0,kamleshltb1,1466.1,1220.0,4727.0,True,False
personalfinanceindia,1t0j5qj,2026-05,1780729282,1777610058,8 years in IT the personal finance advice nobody gives you,260,0.98,43,0,Jumpy_Draw_6137,537.9,175.0,75.0,True,False
personalfinanceindia,1t5mjq4,2026-05,1780729282,1778094384,Reached 1 cr at 35 :D,256,0.95,75,0,ActuaryPlayful1881,951.1,166.0,134.0,True,False
personalfinanceindia,1t1flaj,2026-05,1780729282,1777695504,29M earning 1.55L pm. Still 5-9k remains in account at month end. Help please,220,0.88,105,0,SuccessUnique9653,1232.9,538.0,199.0,True,False
personalfinanceindia,1tlzh95,2026-05,1780729282,1779589831,I live a minimal Lifestyle but I am facing criticism from my family &amp; friends how to deal with i,220,0.97,123,0,Illustrious_Dig_3941,273.9,265.0,893.0,True,False
personalfinanceindia,1tjce43,2026-05,1780729282,1779346231,Your nominee does NOT inherit your money — most people set this up wrong,211,0.97,65,0,Scared-Money-5540,66.8,1253.0,289.0,True,False
personalfinanceindia,1tc2dze,2026-05,1780729282,1778684814,"28F, earning approx ₹1.10 lakh per month in hand",203,0.91,203,0,Brilliant_Seaweed_24,36.5,125.0,60.0,True,False
personalfinanceindia,1tifge3,2026-05,1780729282,1779265891,"its getting to my nerves thar i cant save 25k even, from 1 lakh salary",202,0.96,38,0,beingthecherrytree,290.2,225.0,12.0,True,False
personalfinanceindia,1t1pd6d,2026-05,1780729282,1777727099,"31M, earning ₹1.75L/month — debt feels heavy. What would you do?",197,0.91,122,0,Ok-Lake-6949,553.0,111.0,170.0,False,False
personalfinanceindia,1t70g5x,2026-05,1780729282,1778224171,Update: HDFC forcing me to settle my RBI Ombudsman complaint for ₹3k.,197,0.99,20,0,Dedhso_rupiya_dega,653.1,699.0,760.0,True,False
personalfinanceindia,1togt1c,2026-05,1780729282,1779822374,Hit 50L mark finally.,189,0.9,77,0,Remote-Dragonfly1657,401.2,333.0,9826.0,True,False
personalfinanceindia,1tmj42d,2026-05,1780729282,1779645095,"IT folks, how much is your in-hand salary per month with comparison to CTC?",186,0.85,332,0,Krankenitrate,86.5,160098.0,2980.0,True,False
personalfinanceindia,1tfz71x,2026-05,1780729282,1779046036,M25 in 2cr debt due to parents,178,0.89,146,0,fangbro,2088.0,1145.0,1006.0,True,False
personalfinanceindia,1t2hk9n,2026-05,1780729282,1777803299,Married Couple Earning ₹2.3/Month but Feel Financially Dumb — Need Guidance🙏🏻,178,0.88,112,0,Brave-Application-28,554.8,286.0,163.0,True,False
personalfinanceindia,1tqtzss,2026-05,1780729282,1780038648,Why do Indian parents often end up favoring the non-hardworking son in family businesses?,177,0.92,38,0,Easy_Check8942,1152.9,942.0,699.0,False,False
personalfinanceindia,1t1ccmv,2026-05,1780729282,1777686079,Why Indian finance subs are so delusional and full of bs?,177,0.89,58,0,boomstar15,2707.7,2728.0,4392.0,True,False
unitedstatesofindia,1to08oh,2026-05,1780729488,1779782550,We have been scammed.,2684,0.99,60,0,ValuableEven5024,1880.0,4272.0,1131.0,True,True
unitedstatesofindia,1tibfhp,2026-05,1780729488,1779252828,"Due to Mass reporting from India in a single day , Meta system suspended the journalist account.",2277,0.95,229,0,malayali-minds,521.4,129755.0,7233.0,True,True
unitedstatesofindia,1teto0p,2026-05,1780729488,1778937966,A boy riding a scooty outside crowded petrol pumps with “Modi Modi Modi” while people waited in long,1864,0.98,59,0,illuminandicomrade,72.0,73772.0,4031.0,True,True
unitedstatesofindia,1tpc6vj,2026-05,1780729488,1779902406,Not easy being a BJP follower,1860,0.98,109,0,shashanksati,1836.6,33206.0,1845.0,True,True
unitedstatesofindia,1tbmu9e,2026-05,1780729488,1778640191,"A BJP supporter, and by extension, a rapist, threatened a young girl with rape on Facebook because s",1805,0.98,67,0,Mirror-On-The-Wall,2367.9,131753.0,65013.0,True,True
unitedstatesofindia,1tq54r2,2026-05,1780729488,1779978183,"Congress worker arrested in gujarat for distributing Melody chocolate &amp; playing ""modi hai to mum",1728,0.99,83,0,littleArtsy,102.3,61450.0,7.0,True,True
unitedstatesofindia,1tmh70n,2026-05,1780729488,1779640858,This is systematic destruction of education by this corrupt and failed govt.,1654,0.99,51,0,GritsVille,1257.7,11536.0,3042.0,True,True
unitedstatesofindia,1tlzh1t,2026-05,1780729488,1779589816,100+ People Had Died Two Weeks Ago in UP. The PM Did Not Utter a Single Word or Tweet About The Inci,1633,0.97,48,0,PM_ME_YOUR___ISSUES,2429.0,21333.0,54385.0,True,True
unitedstatesofindia,1tanxk2,2026-05,1780729488,1778551903,"After asking Indian citizens not to buy gold and to save fuel, PM Modi attends air shows, wasting um",1629,0.97,99,0,Mirror-On-The-Wall,2367.9,131753.0,65013.0,True,True
unitedstatesofindia,1t7vqok,2026-05,1780729488,1778304234,"India's Rape Culture—Hindu devotees flocked the Saryu river to take holy dip, Male devotees grabbed ",1612,0.94,211,0,Mirror-On-The-Wall,2367.9,131753.0,65013.0,True,True
unitedstatesofindia,1tgr0wy,2026-05,1780729488,1779120120,"""Prime Minister of India, Narendra Modi, would not take my question, I was not expecting him to.""",1558,0.97,98,0,KenSuvy,5587.3,16381.0,4513.0,True,False
unitedstatesofindia,1thghyj,2026-05,1780729488,1779179089,Mockery of Democracy,1534,0.98,57,0,Yournewbestfriend_01,1184.2,232368.0,7223.0,True,False
unitedstatesofindia,1td4vk9,2026-05,1780729488,1778779260,Tweet from 12 years ago!,1477,0.99,59,0,Few_Cup8254,1009.5,6100.0,4323.0,True,False
unitedstatesofindia,1tl6qv1,2026-05,1780729488,1779512190,ANI muted the audio but Melony posted the video with audio,1474,0.98,162,0,littleArtsy,102.3,61450.0,7.0,True,False
unitedstatesofindia,1tslv5j,2026-05,1780729488,1780203915,"Elephant Defends His Home As JCB Attempt to Destroy It, Viral.",1435,0.99,90,0,littleArtsy,102.3,61450.0,7.0,True,False
unitedstatesofindia,1tbmoli,2026-05,1780729488,1778639764,No More Andhbhakti of Modi—Brave young man declares war on his father's blind devotion to Modi; call,1421,0.97,61,0,Mirror-On-The-Wall,2367.9,131753.0,65013.0,True,False
unitedstatesofindia,1tp6so6,2026-05,1780729488,1779891158,Dictatorship vs Democracy,1417,0.97,87,0,ValuableEven5024,1880.0,4272.0,1131.0,True,False
unitedstatesofindia,1tnf38l,2026-05,1780729488,1779728413,So Called Gau Rakshak Completely Silent While Thousand Of Dead Cow Rot Found In Jaisalmer.,1406,0.98,107,0,Syed__Sahab__,107.7,134663.0,4523.0,False,False
unitedstatesofindia,1t6zez7,2026-05,1780729488,1778220785,Her account got suspended after this post ig:@shutupamisha_backup,1380,0.98,121,0,Greedy-Frame7931,1471.2,3345.0,1997.0,True,False
unitedstatesofindia,1tr3guz,2026-05,1780729488,1780064658,BJP National President Nitin Nabin Arrives Dehradun Today With Only 35 Vehicles Convoy,1370,0.99,60,0,littleArtsy,102.3,61450.0,7.0,True,False
unitedstatesofindia,1t3h3xd,2026-05,1780729488,1777899821,"This has to be studied,is vijay really that good to replace a person who gave 16% of GDP growth?",1360,0.93,117,0,Similar-Street-8247,1035.7,77263.0,21963.0,True,False
unitedstatesofindia,1tds7xg,2026-05,1780729488,1778840832,Another piece of gold,1330,0.99,24,0,Few_Cup8254,1009.5,6100.0,4323.0,True,False
unitedstatesofindia,1tneczi,2026-05,1780729488,1779726834,Meloni unfollows Modi on insta,1325,0.96,267,0,dillimunda,799.4,62415.0,16768.0,True,False
unitedstatesofindia,1t1rqvv,2026-05,1780729488,1777732891,"This is what Ashok Mochi, the poster boy of the 2002 Gujarat riot said...",1288,0.97,46,0,littleArtsy,102.3,61450.0,7.0,True,False
unitedstatesofindia,1thnzfh,2026-05,1780729488,1779199442,Nitin Gadkari Faces Backlash After Viral Outburst at Nagpur Seminar,1285,0.99,58,0,Ponappa_131,299.0,23167.0,1249.0,True,False
unitedstatesofindia,1t0tcq8,2026-05,1780729488,1777641827,Manipur folks with a unique protest.,1262,0.99,20,0,illuminandicomrade,72.0,73772.0,4031.0,True,False
unitedstatesofindia,1tss4em,2026-05,1780729488,1780224962,CBSE students got arrested,1247,0.99,68,0,Parfait-Ashamed,1987.7,7369.0,6079.0,True,False
unitedstatesofindia,1tjs0hr,2026-05,1780729488,1779385322,Modern problems require ancient achievements.,1229,0.99,31,0,Few_Championship7507,89.0,4078.0,3443.0,True,False
unitedstatesofindia,1tedbmi,2026-05,1780729488,1778889141,"Mr CJI, We Are Not Intimidated By The Thugs Occupying Constitutional Offices",1221,0.99,53,0,rishianand,4017.0,204299.0,87281.0,True,False
unitedstatesofindia,1tiirn3,2026-05,1780729488,1779276375,Dharmendra Pradhan’s daughter’s Phone bill of 70k paid by a Government company using tax payer money,1217,1.0,51,0,FutureVersion812,220.7,503819.0,49363.0,True,False
unitedstatesofindia,1t1fcae,2026-05,1780729488,1777694760,LSG cheerleaders perform inside nets after fans throw money with contact numbers,1176,0.98,97,0,littleArtsy,102.3,61450.0,7.0,True,False
unitedstatesofindia,1tc1yr1,2026-05,1780729488,1778683903,What's your opinion on this?,1154,0.98,65,0,TaroZestyclose1690,288.7,37697.0,7056.0,True,False
unitedstatesofindia,1tjddd7,2026-05,1780729488,1779349432,Official X handle of Cockroach Janta Party blocked in India.,1152,0.95,142,0,Popping_Bubble,2083.8,10347.0,1876.0,True,False
unitedstatesofindia,1t1kdpv,2026-05,1780729488,1777711416,Municipal Drive Sparks Debate After Female Street Vendor Pleads to Keep Cooking Cylinder for Her Chi,1151,0.98,138,0,Altruistic-Issue-887,1417.7,774124.0,13962.0,True,False
unitedstatesofindia,1t62u0l,2026-05,1780729488,1778136989,"No biryani, no kebabs: Only veg dishes in UP's 'One District, One Cuisine' list",1150,0.95,111,0,ExcitingLadder9689,280.9,1317.0,3647.0,True,False
unitedstatesofindia,1t0mwk7,2026-05,1780729488,1777622277,"This building is only 15 floors tall, and the fire brigade cannot even reach the fire.
Imagine payin",1143,0.98,60,0,littleArtsy,102.3,61450.0,7.0,True,False
unitedstatesofindia,1toz3m6,2026-05,1780729488,1779869619,Pune Porsche Case: Internet Furious After Video Of Accused’s Family Celebrating Bail Victory Goes Vi,1142,0.98,139,0,Ponappa_131,299.0,23167.0,1249.0,True,False
unitedstatesofindia,1t9ab05,2026-05,1780729488,1778427633,Instagram took down LoP Rahul Gandhi's reel and photo post featuring Thalapathy Vijay from today's s,1140,0.98,48,0,malayali-minds,521.4,129755.0,7233.0,True,False
unitedstatesofindia,1ts18ys,2026-05,1780729488,1780150797,Mitroo Space Technology Wali Road hai,1123,0.99,39,0,Similar-Street-8247,1035.7,77263.0,21963.0,True,False
unitedstatesofindia,1tqy3xc,2026-05,1780729488,1780051893,A priest named Vijay Pandit allegedly attempted to r@pe a 10-year-old Dalit girl inside a temple. Wh,1114,0.98,94,0,No-Assignment7129,2098.9,163676.0,72803.0,True,False
IndianStreetBets,1ts1bif,2026-05,1780729693,1780150970,This is why RJ never listened to economists,5949,0.96,459,0,Fearless-Ad-422,212.8,30632.0,923.0,False,True
IndianStreetBets,1tmbc5m,2026-05,1780729693,1779627031,Just for laughs,5799,0.98,51,0,Worldly-Pianist453,182.0,16184.0,1168.0,False,True
IndianStreetBets,1tq2m9q,2026-05,1780729693,1779972528,I think we're not even in race,5106,0.96,663,0,Worldly-Pianist453,182.0,16184.0,1168.0,False,True
IndianStreetBets,1tsr9e9,2026-05,1780729693,1780222154,Masterstroke😈,4499,0.9,327,0,Ghost-96x,21.2,7116.0,649.0,True,True
IndianStreetBets,1t1vsi1,2026-05,1780729693,1777742209,Not how investing works 🤦‍♂️,3379,0.98,46,0,Latter-Ability-7729,,,,,True
IndianStreetBets,1tasdnh,2026-05,1780729693,1778564728,"Ambani and Reliance died with Dhirubhai and current gen is just surviving what he built , after muke",3327,0.96,294,0,ghoulkaisen,131.3,13392.0,3124.0,False,True
IndianStreetBets,1taa01v,2026-05,1780729693,1778520163,"You people just guessing nifty Tommorow or Monda, here real traders destroy Nation single handedly. ",2758,0.98,171,0,Equivalent-Spot-1325,1229.7,25457.0,1344.0,True,True
IndianStreetBets,1tbukb5,2026-05,1780729693,1778664635,Nithin Kamath’s take on the midnight gold duty hike,2386,0.96,150,0,Stoxiq,341.1,12513.0,1099.0,True,True
IndianStreetBets,1tlyfq3,2026-05,1780729693,1779586898,Rupee Losing its value,2244,0.97,194,0,iquizuanswer,117.3,11915.0,253.0,True,True
IndianStreetBets,1tdr2o4,2026-05,1780729693,1778837049,Mutual funds sahi hai,2236,0.99,79,0,Acrobatic-Pin-2438,1628.6,6808.0,3399.0,True,True
IndianStreetBets,1tmlci2,2026-05,1780729693,1779650029,The AI boom was supposed to cut costs,2169,0.98,76,0,Adorable-Grand68,387.5,70532.0,9051.0,True,False
IndianStreetBets,1t48wlm,2026-05,1780729693,1777968119,According to geniuses of this sub.,1981,0.86,91,0,Altruistic-Living800,92.6,22002.0,1652.0,True,False
IndianStreetBets,1to5qmh,2026-05,1780729693,1779799184,Now she thinks easing taxes will attract foreign investors,1551,0.98,98,0,Worldly-Pianist453,182.0,16184.0,1168.0,False,False
IndianStreetBets,1tdigcj,2026-05,1780729693,1778810534,"Petrol, diesel prices hiked by Rs 3 per litre effective immediately",1528,0.98,198,0,Broad-Research5220,1579.6,111885.0,17683.0,True,False
IndianStreetBets,1tqz60h,2026-05,1780729693,1780054783,I am pretty sure this tax slab will also piss off FII,1429,0.98,120,0,Adorable-Grand68,387.5,70532.0,9051.0,True,False
IndianStreetBets,1t3od6k,2026-05,1780729693,1777915443,How long are we gonna endure the high fuel prices,1412,0.98,88,0,Adorable-Grand68,387.5,70532.0,9051.0,True,False
IndianStreetBets,1tjngx1,2026-05,1780729693,1779376252,Something s better than nothing,1410,0.8,166,0,Fearless-Ad-422,212.8,30632.0,923.0,False,False
IndianStreetBets,1ti9teq,2026-05,1780729693,1779248174,Agree or not?,1341,0.96,94,0,rj__sai,1374.1,759.0,90.0,True,False
IndianStreetBets,1t1cnab,2026-05,1780729693,1777686914,Nice use of tax payer money,1337,0.98,58,0,iquizuanswer,117.3,11915.0,253.0,True,False
IndianStreetBets,1tnugut,2026-05,1780729693,1779764900,😩😩,1239,0.97,66,0,AlpsAccomplished2332,1559.6,5778.0,8278.0,True,False
IndianStreetBets,1t35t3z,2026-05,1780729693,1777864033,Real,1230,0.98,22,0,Fearless-Ad-422,212.8,30632.0,923.0,False,False
IndianStreetBets,1tcw1is,2026-05,1780729693,1778760046,Unless you short,1198,0.99,10,0,Adorable-Grand68,387.5,70532.0,9051.0,True,False
IndianStreetBets,1tj5ib5,2026-05,1780729693,1779326590,Real,1150,0.99,19,0,Adorable-Grand68,387.5,70532.0,9051.0,True,False
IndianStreetBets,1t66exg,2026-05,1780729693,1778149453,The world remembers the value of water only when the well begins to dry,1148,0.97,32,0,Fearless-Ad-422,212.8,30632.0,923.0,False,False
IndianStreetBets,1t77ox5,2026-05,1780729693,1778246245,when you've been in market more than 5 years,1099,1.0,14,0,Fearless-Ad-422,212.8,30632.0,923.0,False,False
IndianStreetBets,1trw207,2026-05,1780729693,1780136251,Gold demand drops 70% after a sharp duty hike in India,1095,0.98,83,0,Adorable-Grand68,387.5,70532.0,9051.0,True,False
IndianStreetBets,1tm3qq0,2026-05,1780729693,1779602632,Jefferies calling “Retailers a Shutiya” wasn’t in my Sunday bucket list. FUCK BEBI !!,1090,0.97,127,0,IREDA1000,886.0,93243.0,36988.0,True,False
IndianStreetBets,1tna6yg,2026-05,1780729693,1779717911,Finally😭,1027,0.98,120,0,MissionIndependence5,2060.5,4489.0,1892.0,True,False
IndianStreetBets,1tin51m,2026-05,1780729693,1779286812,Friendly reminder..... A recession is looming,1003,0.92,33,0,Long_Consequence3808,101.3,50176.0,2077.0,True,False
IndianStreetBets,1tieau4,2026-05,1780729693,1779261943,Vishwa......,957,0.83,80,0,iquizuanswer,117.3,11915.0,253.0,True,False
IndianStreetBets,1tf06ap,2026-05,1780729693,1778952943,"Ladies and Gentleman, Desh ka YUVA",907,0.89,74,0,c0ochieblaster,426.1,4069.0,3714.0,True,False
IndianStreetBets,1tfegpf,2026-05,1780729693,1778990028,Nation First,893,0.96,83,0,Ok_Paint2941,847.9,1718.0,333.0,True,False
IndianStreetBets,1tgasov,2026-05,1780729693,1779075407,WHAT A LEGEND !! 70 HOURS MAN !!,887,0.95,104,0,IREDA1000,886.0,93243.0,36988.0,True,False
IndianStreetBets,1tdji9e,2026-05,1780729693,1778813375,AI helped a guy recover 5 BTC after 11 years,886,0.94,56,0,Niftymonk,1036.7,13504.0,1799.0,True,False
IndianStreetBets,1t82exu,2026-05,1780729693,1778326127,Intel 400%+ returns,874,0.98,104,0,Similar-Echidna-1530,35.2,741.0,580.0,True,False
IndianStreetBets,1tbw9au,2026-05,1780729693,1778670111,Bullish,870,0.97,24,0,ugiJypS,27.1,3288.0,385.0,False,False
IndianStreetBets,1tmxzsd,2026-05,1780729693,1779682414,Crude oil price looked the same. Petrol price did not,865,0.91,135,0,FinanceWithSEA,147.9,3963.0,470.0,True,False
IndianStreetBets,1tgcfhk,2026-05,1780729693,1779080230,Thank you for your attention to this kind matter,849,0.97,64,0,laughing_cactus,406.0,29271.0,6151.0,True,False
IndianStreetBets,1t1ht4x,2026-05,1780729693,1777702603,How I manage my $10 portfolio,847,0.98,26,0,Fearless-Ad-422,212.8,30632.0,923.0,False,False
IndianStreetBets,1t54kf9,2026-05,1780729693,1778048119,Bears waiting for his 18k Nifty,841,0.99,24,0,ChartSage,168.2,29695.0,1038.0,True,False
JEENEETards,1tpqk6y,2026-05,1780729908,1779935626,Thanks jee,6240,0.98,350,0,kalanerd,544.5,27665.0,4541.0,False,True
JEENEETards,1tau5zy,2026-05,1780729908,1778570481,RIP poor souls,6104,0.97,346,0,darkrom_BP08,1234.2,184821.0,69079.0,True,True
JEENEETards,1tfofve,2026-05,1780729908,1779021615,Farewell 26tard seniors.,4220,0.98,273,0,Personal_Explorer_84,748.1,4298.0,3837.0,True,True
JEENEETards,1to8ixi,2026-05,1780729908,1779805452,MY JEE JOURNEY,4009,0.99,128,0,Human_Broccoli_9522,830.4,1657.0,55.0,True,True
JEENEETards,1tatn0e,2026-05,1780729908,1778568758,A moment of silence for the NEET community from the JEE Community,3794,0.99,272,0,NJSKRH,1892.0,2153.0,3868.0,True,True
JEENEETards,1tb5ii2,2026-05,1780729908,1778600755,feel about this guy💔,3599,0.99,191,0,New_Cartographer3127,728.2,67514.0,659.0,True,True
JEENEETards,1tauuc6,2026-05,1780729908,1778572809,Paisa hi paisa hogaa 🤑,3468,0.99,101,0,Diligent_Season_6096,428.4,14849.0,6322.0,True,True
JEENEETards,1tb8y4f,2026-05,1780729908,1778607845,All i can hear is truth here.,3385,0.99,183,0,Longjumping-Dare4090,103.7,4598.0,2876.0,True,True
JEENEETards,1t7yk36,2026-05,1780729908,1778313499,Gend ki jaankari ki jarurat,3052,0.98,127,0,therealsaker,366.0,116004.0,42433.0,True,True
JEENEETards,1tsn85p,2026-05,1780729908,1780208300,"GUYS, dekho muzhe flight mei kon mila",3045,0.96,325,0,Pussy_Destroyer696,774.0,1389.0,867.0,True,True
JEENEETards,1taugxk,2026-05,1780729908,1778571535,2 minutes of silence for then🙏🏻🙏🏻🙏🏻🙏🏻🙏🏻🙏🏻🙏🏻,2828,0.99,261,0,Ayush_Arpit,1725.1,2391.0,6906.0,True,False
JEENEETards,1t2q3rd,2026-05,1780729908,1777825717,"Years of preparation, sleepless nights, endless revisions, and sacrifices-everything led up to this ",2814,0.89,483,0,Capable_Control_2845,246.2,307421.0,352.0,False,False
JEENEETards,1tqcp87,2026-05,1780729908,1779994363,What is happening in this country😭😭😭,2669,0.99,252,0,DreamSuccessful1992,393.8,9852.0,598.0,True,False
JEENEETards,1t54pty,2026-05,1780729908,1778048636,ByeByjus,2660,0.99,192,0,Brunokopia,116.5,2216.0,11244.0,True,False
JEENEETards,1tfsi1g,2026-05,1780729908,1779031318,"“sultan ab ring me vapas nhi aaega “ 🗣️ “kyuu” ,”KAHANI HAI JI”",2640,0.99,714,0,rotationalmotionnn,,,,,False
JEENEETards,1tkaqi8,2026-05,1780729908,1779431823,No paper out only questions out 🤡,2560,0.98,230,0,HotLiterature5507,1765.2,33107.0,1510.0,True,False
JEENEETards,1tdo2cd,2026-05,1780729908,1778826948,Mathongo NEET test series loading,2545,0.99,140,0,Novel_University_829,88.9,2904.0,6576.0,True,False
JEENEETards,1tatyx6,2026-05,1780729908,1778569840,Neetards you have my sympathy 🥹,2471,1.0,54,0,Zygarde_1998,116.4,7819.0,8313.0,True,False
JEENEETards,1t2wiw2,2026-05,1780729908,1777839978,"Studied in South Korea, now going to pursue MBBS in India",2438,0.97,542,0,Human-Calendar-8459,85.2,1593.0,860.0,True,False
JEENEETards,1t1iz48,2026-05,1780729908,1777706509,Got my periods a day before neet fahhhhhhhhhh 😡😡😡😭😭😭🥰😍,2411,0.93,791,0,SquirrelThat9009,543.2,1997.0,3026.0,False,False
JEENEETards,1t7f5c6,2026-05,1780729908,1778262309,Have you ever wondered what IIT-JEE AIR 1 toppers from 2000 to 2019 are doing?,2408,0.98,357,0,Own_Performer_6456,559.8,3329.0,1146.0,True,False
JEENEETards,1trvhxs,2026-05,1780729908,1780134365,is this real? Because wtf,2334,0.99,165,0,Worldly_Can_4848,530.9,2028.0,1230.0,True,False
JEENEETards,1teremm,2026-05,1780729908,1778931995,Last hukka bar edit before jee advanced 2026,2246,0.94,315,0,Huge_Ladder_926,381.8,1523.0,2472.0,True,False
JEENEETards,1tiqkjc,2026-05,1780729908,1779293925,built IITD in minecraft (ADMISSIONS OPEN),2098,0.98,220,0,alrightwayne,111.6,3130.0,10346.0,True,False
JEENEETards,1t73e4v,2026-05,1780729908,1778234285,Who will tell bro?,2091,0.97,295,0,flingo07,1147.1,3008.0,576.0,True,False
JEENEETards,1thcwem,2026-05,1780729908,1779167354,"I can't believe, rather than making them accountable we are still fighting over past",1983,0.97,169,0,thesamad,623.5,4763.0,1095.0,True,False
JEENEETards,1tel9kp,2026-05,1780729908,1778911967,Mandatory post JeeAdv26,1979,0.98,71,0,Novel_University_829,88.9,2904.0,6576.0,True,False
JEENEETards,1tdn35c,2026-05,1780729908,1778823824,NEET will be conducted in CBT mode from 2027.[official],1923,0.97,485,0,Longjumping-Dare4090,103.7,4598.0,2876.0,True,False
JEENEETards,1t0f4n3,2026-05,1780729908,1777598597,Can't do this shi anymore,1912,0.97,255,0,Unlikely_Citron6590,465.2,7613.0,3950.0,True,False
JEENEETards,1tav3ti,2026-05,1780729908,1778573710,AB YE UNCLE KO VAPIS NEET DENA HOGA😭😭,1786,0.99,63,0,Acceptable_Choice477,550.6,1310.0,307.0,True,False
JEENEETards,1tes6rk,2026-05,1780729908,1778934125,That Fake PwD mf with -69 marks and 0.001%ile in JM entering in JA exam hall,1786,0.99,93,0,SHINESHORYA,1480.3,1382.0,116.0,True,False
JEENEETards,1tkfssv,2026-05,1780729908,1779448246,College jaake grind krne wale like krein❤️,1755,0.99,178,0,RizzWaliBatak,887.3,1005.0,1518.0,True,False
JEENEETards,1t1tg3t,2026-05,1780729908,1777736813,"My parents gave me a treat before NEET💝They said whatever you score, you are a CHAMP for us.",1735,0.99,183,0,Low-Compote-3824,506.7,2630.0,39.0,True,False
JEENEETards,1t6v79w,2026-05,1780729908,1778207903,HC Verma Sir is truly quite humble,1720,0.99,54,0,fountainpenbroke,1251.2,3612.0,2560.0,True,False
JEENEETards,1tqwpgv,2026-05,1780729908,1780047701,guys i have got a very intresting PLAN!!!!!!!!!,1665,0.98,205,0,69ForUh,350.9,8632.0,1972.0,True,False
JEENEETards,1tjbgkc,2026-05,1780729908,1779343268,Inorganic is easy bruh.....,1628,0.99,75,0,____ANOMALY_____,93.9,1891.0,747.0,True,False
JEENEETards,1tb58oc,2026-05,1780729908,1778600213,i predicted future,1618,1.0,101,0,Competitive-Dog2550,306.1,2102.0,1324.0,True,False
JEENEETards,1tbxtmq,2026-05,1780729908,1778674402,Opinion on this,1617,0.97,175,0,Clear-Joke-,271.8,26928.0,7605.0,True,False
JEENEETards,1thikn2,2026-05,1780729908,1779185884,"I lost a friend yesterday, now all that's left of him is the books he used to crack neet",1593,0.99,97,0,_skydom,1649.7,10272.0,5030.0,True,False
JEENEETards,1tkl16c,2026-05,1780729908,1779460968,90% of reason why I solve maths wrong,1586,0.99,81,0,ishaan_jha,764.3,12486.0,1923.0,True,False
ISRO,1tm8x8x,2026-05,1780730112,1779619992,"Gaganyaan G1 mission has received clearance from National Review Committee in early May 2026, launch",117,0.98,16,0,Ohsin,6317.2,136552.0,54412.0,True,True
ISRO,1t3etid,2026-05,1780730112,1777893810,PR is Winning. Engineering Isn’t (Yet): India’s Space Startup Reality - An Insider Perspective,94,0.9,22,0,Front-Thought-4336,,,,,True
ISRO,1tl4xbu,2026-05,1780730112,1779506908,According to regional media report GSLV-F17 / EOS-05 (aka GISAT-1A) launch is now aiming for 10 June,39,0.93,3,0,Ohsin,6317.2,136552.0,54412.0,True,True
ISRO,1thcsop,2026-05,1780730112,1779167046,Science results from India’s Chandrayaan 3 Moon mission,39,0.96,1,0,totaldisasterallthis,1597.8,14176.0,558.0,True,True
ISRO,1ta17x1,2026-05,1780730112,1778500943,"Boeing Honcho front-runner for NSIL chief post, could be first outsider",37,0.94,1,0,Ohsin,6317.2,136552.0,54412.0,True,True
ISRO,1tp9is4,2026-05,1780730112,1779896878,Chandrayaan-2 Dual Frequency Synthetic Aperture Radar (DFSAR) Observations Reveal Subsurface Ice in ,34,0.96,0,0,mudit23june,2585.8,4589.0,401.0,True,True
ISRO,1t649gf,2026-05,1780730112,1778142071,"NOTAM for GSLV-F17 / EOS-05 (aka GISAT-1A) launch is out. Enforcement duration 0315-0715 (UTC), 21 M",32,0.95,25,0,Ohsin,6317.2,136552.0,54412.0,True,True
ISRO,1tgjslh,2026-05,1780730112,1779103852,"Chandrayaan-3 ""Hop"" Experiment Reveals Hidden Lunar Secrets: Scientists Uncover Regolith Heterogenei",31,0.94,1,0,Ohsin,6317.2,136552.0,54412.0,True,True
ISRO,1tkjui4,2026-05,1780730112,1779458403,Rant about DPC,28,1.0,7,0,Murky_Sun1300,808.0,121.0,4.0,True,True
ISRO,1tcqnso,2026-05,1780730112,1778743118,According to regional media report GSLV-F17 / EOS-05 (aka GISAT-1A) launch is scheduled towards end ,26,0.91,11,0,Ohsin,6317.2,136552.0,54412.0,True,True
ISRO,1tnu3h4,2026-05,1780730112,1779763917,The Follower’s Dilemma: The Cost of Chasing China in Space,25,0.9,1,0,spaceshipengineer,2911.2,131.0,40.0,True,False
ISRO,1tleb6y,2026-05,1780730112,1779536941,People who interned at isro/Iirs/Vssc/Drdo or any other isro related organizations.....how was your ,22,0.92,6,0,NoAnybody8034,62.3,157.0,322.0,True,False
ISRO,1tkc4r7,2026-05,1780730112,1779436446,"Even before 1st industry PSLV flies, IN-SPACe offers full PSLV tech transfer",22,0.96,2,0,Ohsin,6317.2,136552.0,54412.0,True,False
ISRO,1tndz6y,2026-05,1780730112,1779726035,Chandrayaan-3 Wins the 2026 Goddard Astronautics Award,21,0.88,0,0,Massive_Dish_3255,1975.3,115.0,682.0,True,False
ISRO,1t3kb2m,2026-05,1780730112,1777906991,"India’s Chandrayaan 4 lunar sampling mission cross-pollinates science, rockets, governance, and huma",21,0.87,1,0,totaldisasterallthis,1597.8,14176.0,558.0,True,False
ISRO,1t582f9,2026-05,1780730112,1778060613,Technology Transfer of ISRO Navigation Sensors to Industry,21,0.92,2,0,Ohsin,6317.2,136552.0,54412.0,True,False
ISRO,1tm58z6,2026-05,1780730112,1779607618,What does scientist C do?,20,0.89,7,0,No-Editor4624,786.9,25278.0,1272.0,False,False
ISRO,1to4gm7,2026-05,1780730112,1779795888,NOTAM for an unidentified launch (Vikram-1 ?) from First Launch Pad is out. Enforcement duration 050,20,0.92,5,0,Ohsin,6317.2,136552.0,54412.0,True,False
ISRO,1thv78h,2026-05,1780730112,1779214235,All Things Policy | The Myth Of ISRO's Frugal Engineering Model,19,0.95,12,0,Ohsin,6317.2,136552.0,54412.0,True,False
ISRO,1ts6k5v,2026-05,1780730112,1780163410,Internship details at SAC Ahmedabad,17,0.87,6,0,Otherwise-Tea4849,1350.3,13.0,0.0,True,False
ISRO,1tdz7ef,2026-05,1780730112,1778857873,Why hasn't ISRO Launched a Cartosat in 7 years?,17,0.95,6,0,Massive_Dish_3255,1975.3,115.0,682.0,True,False
ISRO,1tkiaye,2026-05,1780730112,1779454844,Pickering Lecture - The NASA-ISRO Synthetic Aperture Radar (NISAR) Mission,16,1.0,1,0,Ohsin,6317.2,136552.0,54412.0,True,False
UPSC,1tn2om6,2026-05,1780730291,1779696962,Veteran done with all 6 attempts. Reflecting back on my journey.,1136,0.99,178,0,CareerThis2727,437.2,640.0,10436.0,True,True
UPSC,1tbt2bl,2026-05,1780730291,1778659515,Rigorous analysis of PYQ:,1064,1.0,54,0,Warm-Ebb-3180,380.2,2247.0,3488.0,True,True
UPSC,1tgby0f,2026-05,1780730291,1779078769,Just UPSC CSE things!,936,1.0,39,0,ek-goli-ek-dushman,787.8,472.0,1927.0,True,True
UPSC,1tje3yq,2026-05,1780730291,1779351942,Things to carry and remember before UPSC Prelims 2026.,697,0.99,162,0,ConstructionAny8440,1725.9,1171060.0,83036.0,True,True
UPSC,1t70euh,2026-05,1780730291,1778224044,One of the most beautiful questions asked by UPSC,637,0.98,119,0,Legalchocolatecookie,289.3,301.0,956.0,True,True
UPSC,1tba6zs,2026-05,1780730291,1778610352,Need advice please!!,550,0.99,120,0,Known_Air28,1570.2,912.0,11.0,True,True
UPSC,1te57g6,2026-05,1780730291,1778870479,213 Indian Administrative Service (IAS) officer trainees were required to reappear in examinations d,535,0.97,46,0,Own_Performer_6456,559.8,3329.0,1146.0,True,True
UPSC,1tp32j7,2026-05,1780730291,1779882263,I quit UPSC. Not turning back.,510,0.97,214,0,Prestigious-Cash9965,694.2,265.0,85.0,True,True
UPSC,1tau3e6,2026-05,1780730291,1778570241,One of the saddest state of affairs in a country,438,0.97,71,0,Anxious-Progress3480,1408.0,22006.0,23067.0,True,True
UPSC,1tb8xq3,2026-05,1780730291,1778607820,Haan sach ..........,418,1.0,42,0,Snollygoster_007,46.8,11006.0,465.0,True,True
UPSC,1t61wqi,2026-05,1780730291,1778133865,Self realisation 🥀,402,0.99,30,0,Snollygoster_007,46.8,11006.0,465.0,True,False
UPSC,1tq6nuf,2026-05,1780730291,1779981530,Maybe some journeys do not end with a rank!,386,0.98,102,0,Future_Relative_8337,1857.2,254.0,450.0,True,False
UPSC,1t9wau1,2026-05,1780730291,1778485220,Thought of sharing this piece of information,373,0.99,10,0,Cheri-Cherry,578.8,33687.0,5273.0,True,False
UPSC,1tcul61,2026-05,1780730291,1778756064,Never Ever put your water bottle on your desk in the actual exam.,356,0.99,59,0,IndividualAge715,926.9,5123.0,8674.0,True,False
UPSC,1t2e4ap,2026-05,1780730291,1777791324,Shubhra Ranjan held hostage &amp; extorted ₹2 crore by ex-student Priyank Sharma.,353,0.97,80,0,Kuch-to-log-bolenge,41.2,5039.0,2275.0,True,False
UPSC,1t21ko8,2026-05,1780730291,1777755415,"""Never Discriminate between the sources of Your Knowledge""",353,0.99,42,0,Comfortable_Move6516,454.0,161.0,760.0,False,False
UPSC,1tovxp5,2026-05,1780730291,1779859372,Had AC in my Centre and it did make all the difference,340,0.98,143,0,Hour-Neighborhood-43,1944.9,169.0,114.0,True,False
UPSC,1tir5at,2026-05,1780730291,1779295090,UPSC 2027 Calendar out,340,0.99,35,0,Plastic_Many393,990.5,97370.0,19265.0,True,False
UPSC,1tcmedq,2026-05,1780730291,1778729968,"I may not clear Prelims, but I certainly became a coffee expert!",328,0.98,123,0,Delicious_Scheme_337,2130.4,845.0,985.0,True,False
UPSC,1tda16z,2026-05,1780730291,1778789995,Complied 80% upsc economics in one chart 🥲🫠 I'm done,319,0.97,103,0,MagnaCartaaaa,308.5,214.0,28.0,True,False
UPSC,1tqoxf2,2026-05,1780730291,1780023418,It was doable guys 🫩,318,0.92,229,0,Uv3007,2114.2,4843.0,3969.0,True,False
UPSC,1t3jzn6,2026-05,1780730291,1777906320,Mock tests I solved frm till today( dec2025- may 2026) 😭,314,0.96,101,0,Visible-Fly2853,453.3,8017.0,1315.0,True,False
UPSC,1t7hmmp,2026-05,1780730291,1778267581,UPSC toppers from last 20 years!!,312,0.95,58,0,Own_Performer_6456,559.8,3329.0,1146.0,True,False
UPSC,1t1hxdl,2026-05,1780730291,1777703005,Thanks for reminding me to revise NMDA and the Prahar Policy,287,0.97,61,0,Federal_Leg5278,1848.8,27652.0,17179.0,True,False
UPSC,1tdwp94,2026-05,1780730291,1778852414,Admit Card for Prelims 2026,286,0.99,163,0,UPSC_01,303.0,556.0,63.0,False,False
UPSC,1tbxn2r,2026-05,1780730291,1778673929,PSIR Optional Done ✅,280,0.97,173,0,Leather_Squirrel_,191.9,5908.0,719.0,True,False
UPSC,1t6hj9e,2026-05,1780730291,1778175318,FORM BHARA TOH THA NA?,273,0.97,97,0,New_Geologist6527,409.5,157.0,673.0,True,False
UPSC,1tquzzz,2026-05,1780730291,1780041960,Current condition right now🫠😭🥲,267,0.99,27,0,Either-Challenge5055,358.7,1523.0,874.0,True,False
UPSC,1tmx1ie,2026-05,1780730291,1779679678,Upsc be like : Even if you leak prelims paper you won't be able to solve it,261,0.98,96,0,NihalMSajid,1380.1,104040.0,1727.0,True,False
UPSC,1tp5he9,2026-05,1780730291,1779888226,For people asking what to read what to read,256,0.97,103,0,kappa_79,1929.9,43323.0,17118.0,True,False
UPSC,1tklkh1,2026-05,1780730291,1779462095,Prelims QP discussion [Mega-thread],256,0.96,1194,0,community-home,662.8,17576.0,7.0,False,False
UPSC,1tmx6ie,2026-05,1780730291,1779680070,"People attempted upsc in 70,80,90,00,10's are luckiest",255,0.97,135,0,NihalMSajid,1380.1,104040.0,1727.0,True,False
UPSC,1tlczoh,2026-05,1780730291,1779532801,Tips From IAS on How to handle Prelims,246,0.97,34,0,Nyxfla,170.4,25483.0,782.0,True,False
UPSC,1tn39m1,2026-05,1780730291,1779698896,The neglected issue in UPSC question paper design,245,0.99,39,0,Key_Variation_564,562.9,164.0,11.0,True,False
UPSC,1trd43s,2026-05,1780730291,1780083319,End of 7+ years journey,244,0.98,74,0,chill_guy684,413.8,203.0,169.0,True,False
UPSC,1trvdox,2026-05,1780730291,1780133955,Didn’t know Rishab Jain actually said this,237,0.94,166,0,TrickRing6275,1707.3,108.0,219.0,True,False
UPSC,1tbvbrs,2026-05,1780730291,1778667186,Option third what are you,237,1.0,22,0,Cheri-Cherry,578.8,33687.0,5273.0,True,False
UPSC,1tiiaj1,2026-05,1780730291,1779275027,All British Offering at ONE GO,234,1.0,18,0,Dismal_Royal_7439,1923.8,325.0,19.0,True,False
StartUpIndia,1t9pm70,2026-05,1780730478,1778464669,Peak Productivity of Bangalore Devs,6547,0.98,51,0,shivihs,3066.2,9277.0,244.0,True,True
StartUpIndia,1tasjyp,2026-05,1780730478,1778565280,India isn’t losing the AI race. It never even entered it.,1239,0.96,198,0,Necessary_Plankton,2549.1,704.0,653.0,True,True
StartUpIndia,1tixid8,2026-05,1780730478,1779308054,Google I/O 2026 summary in less than a minute,467,1.0,44,0,sheriffly,199.9,10012.0,1273.0,True,True
StartUpIndia,1t6990r,2026-05,1780730478,1778157350,What's going on at Pocket FM?,420,0.98,30,0,awkwardvampiree,1555.6,482.0,3210.0,True,True
StartUpIndia,1tp6f9r,2026-05,1780730478,1779890374,is it okay to pay salary like this for a founder's office role ?,387,0.93,183,0,____Nikhil___,727.7,1443.0,1878.0,False,True
StartUpIndia,1ts16z9,2026-05,1780730478,1780150664,"I guess, A-J were taken by VCs who's started at 22",368,0.95,24,0,Cunning_Linguist_07,280.0,817.0,998.0,True,True
StartUpIndia,1t8a03r,2026-05,1780730478,1778345016,We tested our autonomous lake cleaning robot at Kengeri Lake and are looking for industrial collabor,366,1.0,33,0,Team_SCRUB_Bot,38.2,813.0,27.0,True,True
StartUpIndia,1tj8z6s,2026-05,1780730478,1779335831,You’re basically beta testing ideas for billion dollar companies,359,0.99,20,0,VX_18A,337.8,174.0,16.0,True,True
StartUpIndia,1thndk1,2026-05,1780730478,1779198115,"Founder has not paid for more than 2 months , should i sell the codebase and API keys ?",319,0.98,93,0,Ticket-Financial,2014.1,10363.0,52678.0,True,True
StartUpIndia,1toip7t,2026-05,1780730478,1779826287,After 1 year with Blinkit - I can clearly say- don’t invest in Dark Store Franchise,315,0.98,53,0,Most-Raisin6910,1734.7,340.0,63.0,True,True
StartUpIndia,1t2e3eq,2026-05,1780730478,1777791240,"Roast this startup idea: Ground-mounted automatic car cover (no arms, no hassle)",300,0.97,103,0,Go_boom420,1465.8,338.0,178.0,True,False
StartUpIndia,1tc9dfl,2026-05,1780730478,1778698975,"Layoffs are okay, but calling 60+ ex employees ""crappy""? Sheer unprofessionalism and gutless behavio",289,0.99,42,0,Technical_Cause3070,149.2,1434.0,63.0,True,False
StartUpIndia,1tcvoje,2026-05,1780730478,1778759118,HR got offended and left the call because I asked about revenue?,282,0.97,95,0,Lone_Lunatic,1077.5,3259.0,3218.0,True,False
StartUpIndia,1tclks7,2026-05,1780730478,1778727687,Denied the 1L/day opportunity,273,0.96,196,0,Sea-Rabbit6801,985.9,1018.0,548.0,True,False
StartUpIndia,1t4o4rx,2026-05,1780730478,1778005938,My friend's family's departmental store is doing 6L sale per day on average in a Tier 3 city.,259,0.94,16,0,Zeroaltop,289.7,480.0,16.0,False,False
StartUpIndia,1tatatg,2026-05,1780730478,1778567632,IIT Founder Ego,249,0.96,43,0,Big-Spell-8152,370.7,128.0,53.0,True,False
StartUpIndia,1tpvuj2,2026-05,1780730478,1779951476,I feel exactly like this. How do we figure out life?,220,0.99,18,0,workdaybatman,71.8,382.0,54.0,False,False
StartUpIndia,1te2ww9,2026-05,1780730478,1778865676,"Ankur Warikoo SHUTS down his course business, but why?",206,0.93,34,0,Broad-Research5220,1579.6,111885.0,17683.0,True,False
StartUpIndia,1t0tzrm,2026-05,1780730478,1777643396,Want a free trip to anywhere in India? Here's the hack,193,0.86,112,0,Economy_Lion_6188,286.5,9530.0,1193.0,True,False
StartUpIndia,1tmo0cg,2026-05,1780730478,1779656195,Can we please ban them?,174,0.89,50,0,Cunning_Linguist_07,280.0,817.0,998.0,True,False
StartUpIndia,1ti49uk,2026-05,1780730478,1779233768,Applied for 80-IAC 3 years ago. crossed 100cr revenue. Still waiting for approval.,152,0.97,41,0,indianpandaaaaa,2309.2,4430.0,995.0,True,False
StartUpIndia,1tkg6s7,2026-05,1780730478,1779449338,Reality check as a zostel franchise owner,150,0.97,32,0,Global-Oil3496,49.7,571.0,11.0,True,False
StartUpIndia,1t86eas,2026-05,1780730478,1778336649,"Bangalore solo founder, full-time job: built AntForms to 50K monthly visitors in 4 months on $0 mark",149,0.93,27,0,riskyinvestor07,617.6,1278.0,151.0,True,False
StartUpIndia,1tjgo1b,2026-05,1780730478,1779360197,"Startups are basically unpaid R&amp;D labs for Google, Meta &amp; Microsoft",144,0.99,21,0,ALFAQ6969,1290.1,6761.0,47.0,True,False
StartUpIndia,1t1hxf6,2026-05,1780730478,1777703009,We pitched to the founder of redBus ( Now AbhiBus ),137,0.9,54,0,vegirajukrishna,192.2,470.0,53.0,True,False
StartUpIndia,1t1vpe7,2026-05,1780730478,1777742015,India’s MSME manufacturing is quietly dying,129,0.91,124,0,Arjun_here,1706.9,688.0,1393.0,True,False
StartUpIndia,1t1sx7s,2026-05,1780730478,1777735587,essentially worked for free on a bulk B2B order. Here is why I don't regret it at all.,115,0.96,31,0,Western_Koala4099,366.5,1368.0,83.0,True,False
StartUpIndia,1tdo01j,2026-05,1780730478,1778826737,Just quit my 1 Cr job to go full time on my own startups. Anxiety is through the roof,110,0.94,53,0,Obvious_Gap_5768,120.4,5160.0,1362.0,True,False
StartUpIndia,1tcd7ak,2026-05,1780730478,1778707050,"Moving to Bangalore for 3 months,how do I find my people?",106,0.91,40,0,Separate_Ad3443,1488.3,168.0,71.0,True,False
StartUpIndia,1tre8y9,2026-05,1780730478,1780085676,Looking for Angel Investors in Aerospace &amp; Defense-Tech,104,0.98,68,0,Six9in,552.2,51.0,8.0,True,False
StartUpIndia,1t7vj69,2026-05,1780730478,1778303572,You Can Sell a Pvt Ltd Company Even If the Business Failed,97,0.99,35,0,luigixun,448.8,161.0,143.0,True,False
StartUpIndia,1t61658,2026-05,1780730478,1778131447,Aakrit Vaish (ActivateVC) is a walking bag of bullshit and narrative fraud,95,0.93,38,0,Sudden-Barracuda526,1064.4,262.0,86.0,False,False
StartUpIndia,1t3khkv,2026-05,1780730478,1777907366,"NDTV launched an ""Enterprise AI"" for the elections. I prompt-injected it in 10 seconds and made it r",94,0.91,20,0,_udit_jain_,1001.3,273.0,32.0,True,False
StartUpIndia,1tqwzrm,2026-05,1780730478,1780048618,From overthinking every day to finally starting a company,88,0.97,74,0,OkMembership2574,169.0,161.0,25.0,True,False
StartUpIndia,1tmbvy0,2026-05,1780730478,1779628464,"Hi chatgpt, rephrase for me",87,0.96,12,0,Substantial-News1099,21.3,74.0,0.0,True,False
StartUpIndia,1tf02kc,2026-05,1780730478,1778952702,Indian founders waste years on the wrong ideas. YC's actual framework for what makes an idea fundabl,82,0.97,15,0,Spiritual_Heron_5680,1073.0,2585.0,171.0,True,False
StartUpIndia,1t58b5k,2026-05,1780730478,1778061458,US investors like our startup. They reject our company structure.,81,0.94,55,0,justdoitbro_,1354.8,1472.0,1369.0,True,False
StartUpIndia,1tnb6vx,2026-05,1780730478,1779720074,"How Delhivery disposes of your shipments without delivering them — and bills you for it. ""Consignee ",80,0.99,13,0,Vegetable-Airline524,514.2,61.0,62.0,True,False
StartUpIndia,1tla5p3,2026-05,1780730478,1779523149,"32, dad of a 6 month old, built a parenting app while handling dad duties.",79,0.96,28,0,VisAlGhul,2759.7,3656.0,940.0,True,False
TwoXIndia,1t361tn,2026-05,1780730675,1777864745,"What birthday wishes look like, as an adult",930,0.99,49,0,FlakyAssistant7681,703.0,8568.0,17386.0,True,True
TwoXIndia,1tm3a9i,2026-05,1780730675,1779601170,I made a few minimalist movie posters.,728,0.97,56,0,stickyzbae,1216.4,7794.0,1147.0,True,True
TwoXIndia,1tjmepb,2026-05,1780730675,1779374070,Slowly realising why patriarchy is SO GOOD,719,0.94,59,0,fantasyandme18110,1224.2,5629.0,8557.0,True,True
TwoXIndia,1toyx1l,2026-05,1780730675,1779868973,Don't have casual sex if you can't control your emotions.,690,0.91,157,0,midnight_coffee_2,346.7,2223.0,4333.0,True,True
TwoXIndia,1tiaect,2026-05,1780730675,1779249782,I would have been another Twisha,686,0.98,75,0,raatkibachibiryani,147.0,691.0,1173.0,False,True
TwoXIndia,1t2dac8,2026-05,1780730675,1777788509,Blinkit doesn't care about women's safety,603,0.98,24,0,Artistic_Lie_5244,1426.5,525.0,28.0,True,True
TwoXIndia,1t7yll9,2026-05,1780730675,1778313635,Frustrating how women’s safety experiences are met with skepticism and demands for evidence by men,489,0.98,18,0,Ancient-Catch7905,65.0,2839.0,1566.0,True,True
TwoXIndia,1t1vsgq,2026-05,1780730675,1777742207,Indian stand up has a gender bias problem and the audience is a big part of it,464,0.92,35,0,LifeCause3433,158.4,553.0,235.0,True,True
TwoXIndia,1tifuih,2026-05,1780730675,1779267252,A man ran away when I told him I work against gender based violence and feminism.,458,0.96,35,0,ooshn,1359.2,6196.0,29960.0,True,True
TwoXIndia,1tg9tlw,2026-05,1780730675,1779072666,Women in Male Dominated Fields - AM Edition,426,0.9,146,0,Hooded_enigma,2973.3,6760.0,8505.0,True,True
TwoXIndia,1t6m7mt,2026-05,1780730675,1778185120,guy from bumble forced himself upon me,391,0.94,101,0,lavendarhaz3,1247.5,3161.0,4325.0,True,False
TwoXIndia,1tjcwy5,2026-05,1780730675,1779347935,If you want a happy marriage say NO to living in joint families.,391,0.95,63,0,writerrani,3022.2,28381.0,104009.0,True,False
TwoXIndia,1t2qy11,2026-05,1780730675,1777827609,Sharing my experience as a 39F Unmarried,387,0.96,68,0,ZombieinIndia,1982.3,720.0,2105.0,True,False
TwoXIndia,1t156bt,2026-05,1780730675,1777667774,how did our mothers do it man,372,0.97,48,0,Upbeat-Bank4444,292.8,481.0,696.0,True,False
TwoXIndia,1tm6szi,2026-05,1780730675,1779612852,Men spread bad stereotypes about working women to keep them out of jobs.,366,0.95,46,0,sabrinachuchundhar,69.8,2799.0,15024.0,True,False
TwoXIndia,1t844iv,2026-05,1780730675,1778330955,I can't believe people are normalising cheating and affairs these days.,347,0.95,29,0,Ok_Nectarine5795,1324.2,454.0,9980.0,True,False
TwoXIndia,1tod9h0,2026-05,1780730675,1779815259,WTF IS WRONG WITH MEN ????,343,0.93,77,0,Inner_Breadfruit_480,695.1,393.0,4998.0,True,False
TwoXIndia,1t9tpxn,2026-05,1780730675,1778476750,Mother's Day Gifts my children gave,337,0.99,28,0,bookdoclove,265.3,537.0,4394.0,True,False
TwoXIndia,1thh1s8,2026-05,1780730675,1779181027,"Did anyone else see Jwala Gutta’s breast milk donation post and the absolutely pathetic, disgusting",336,0.99,21,0,BannedAgain12341,173.2,3188.0,38968.0,True,False
TwoXIndia,1t9tsm3,2026-05,1780730675,1778476981,My bf (29M) got thirst trapped,318,0.91,149,0,Secret_Cat_823,86.7,370.0,341.0,True,False
TwoXIndia,1ts55oq,2026-05,1780730675,1780160149,Living in a high rise gated community has significantly lowered my mental load,310,0.96,18,0,Historicalpoop,1593.3,982.0,102.0,True,False
TwoXIndia,1toxr8c,2026-05,1780730675,1779865090,My mamu's marriage made me question indian marriages,310,0.97,44,0,dazzling_anklets,522.6,1389.0,734.0,True,False
TwoXIndia,1t4hnih,2026-05,1780730675,1777992495,Animes with no female sexualisation and interesting women characters!,303,0.96,95,0,agonizingmouse,547.7,2574.0,12926.0,True,False
TwoXIndia,1t53esg,2026-05,1780730675,1778044346,how do girls wear skirts with just panties and stay unbothered??,299,0.86,126,0,Maleficent_Repair359,733.1,4095.0,8667.0,True,False
TwoXIndia,1tr71t6,2026-05,1780730675,1780071684,Apparently how I look like matters more than my well being,297,0.96,19,0,justAnotherwannabeW,1026.4,1466.0,3711.0,True,False
TwoXIndia,1tctgfs,2026-05,1780730675,1778752507,Boyfriend's parents are asking for cash for marriage,288,0.93,173,0,Embarrassed-Tooth-21,1802.2,5640.0,29387.0,True,False
TwoXIndia,1t348nw,2026-05,1780730675,1777859691,My MIL is lucky and doesn’t even realize it,285,0.92,42,0,Own-Quality-8759,1810.6,6622.0,20740.0,True,False
TwoXIndia,1taw6qd,2026-05,1780730675,1778577371,"""Dating to marry"" new scam in Indian dating market. Don't fall for it.",274,0.92,40,0,chargeofthebison,866.8,56632.0,9470.0,True,False
TwoXIndia,1tmyexw,2026-05,1780730675,1779683620,I think my AM guy is not into me,267,0.95,70,0,SatisfactionCool9718,473.2,3288.0,763.0,False,False
TwoXIndia,1thg812,2026-05,1780730675,1779178125,I found out something horrendous,264,0.97,31,0,Consistent-Tap-4551,256.8,2950.0,1170.0,True,False
TwoXIndia,1t2dibh,2026-05,1780730675,1777789246,Cheers to 10 years of r/TwoXIndia 🤍,264,0.95,17,0,Flaky-Cheek-5571,971.9,1357.0,25273.0,True,False
TwoXIndia,1tmgoou,2026-05,1780730675,1779639708,"Men are so selfish and greedy when they call SIL ""aadhi ghar wali"" or work colleague ""work wife""",258,0.93,22,0,Ancient-Catch7905,65.0,2839.0,1566.0,True,False
TwoXIndia,1tnl6y2,2026-05,1780730675,1779741555,The way men are expecting working women only in marriage is insane.,253,0.81,92,0,Away_Oil6375,123.1,10200.0,3779.0,True,False
TwoXIndia,1tt7y29,2026-05,1780730675,1780262663,"I was hit by my father, (21F)",249,0.95,32,0,dumb_little_bug,250.9,3025.0,1869.0,True,False
TwoXIndia,1thhmli,2026-05,1780730675,1779182923,India is hell on earth for women,246,0.92,25,0,iamokay_3,893.8,921.0,6182.0,True,False
teenindia,1tds2vz,2026-05,1780730876,1778840380,"The rabbit, who lost his wife in a traffic accident, shed tears while crying on his head.",17487,0.97,331,0,sofukincookedinlife,38.9,5041.0,2277.0,True,True
teenindia,1thdqaz,2026-05,1780730876,1779169901,Foreign creators as soon as they realise they aren't getting enough attention,9948,0.97,163,0,iOwnNigas,69.7,3519.0,374.0,True,True
teenindia,1t2r8df,2026-05,1780730876,1777828234,Dude wats wrong with ppl,9395,0.93,912,0,widecoc,77.2,3927.0,105.0,True,True
teenindia,1tpvkax,2026-05,1780730876,1779950519,Got beaten for not wearing a bra🥀,7277,0.93,1627,0,humble-Barnacle-,132.3,2805.0,40.0,True,True
teenindia,1tn8e76,2026-05,1780730876,1779713802,totally worth it💯,7086,0.98,515,0,Icy-prime-,22.6,9103.0,1192.0,True,True
teenindia,1t4bmz6,2026-05,1780730876,1777977516,This was the real pain,6401,0.99,223,0,WittyWanderer420,645.7,48465.0,418.0,True,True
teenindia,1t77ejp,2026-05,1780730876,1778245575,Just whyyy?? Let kids enjoy their childhood 😭😭,6165,0.99,221,0,SergeantTammyCalhoun,62.9,6544.0,392.0,True,True
teenindia,1tc8l53,2026-05,1780730876,1778697336,Jainwin doubt 😭😭✋✋,5935,1.0,147,0,Appropriate-Sun-5866,561.3,3100.0,3768.0,True,True
teenindia,1ts0lyi,2026-05,1780730876,1780149248,my city today,5205,0.97,608,0,a-cuteboy,65.0,2571.0,543.0,True,True
teenindia,1tqxohr,2026-05,1780730876,1780050614,"Uncles, please stop staring at our chest 😤",4950,0.93,953,0,Ok_Balance_726,476.9,5920.0,4764.0,True,True
teenindia,1tp8ca6,2026-05,1780730876,1779894414,I HAD MY FIRST KISSSSSSS!!!(19M),4848,0.92,1278,0,Nuwanda_19,217.0,2278.0,233.0,True,False
teenindia,1tdvmg8,2026-05,1780730876,1778849910,Why can't we have Prom/ball in India?,4845,0.9,1770,0,life_princy9000,1294.1,15956.0,2223.0,True,False
teenindia,1tppzil,2026-05,1780730876,1779934068,Thank you??? Tf?? I got this text from my father yesterday!,4624,0.98,249,0,Cutie_fleming,80.2,37490.0,750.0,True,False
teenindia,1tki2x0,2026-05,1780730876,1779454313,Over 4 Lakh Sign Petition Seeking Dharmendra Pradhan’s Resignation in 8 Hours,4283,0.98,163,0,No-Narwhal7400,818.6,2800.0,186.0,True,False
teenindia,1tn36ze,2026-05,1780730876,1779698656,one day fame and boom☠️,4114,0.93,684,0,pyarvyar_eww,19.4,1803.0,224.0,True,False
teenindia,1tawse8,2026-05,1780730876,1778579416,"Mine is 27 june, wby?",3792,0.87,16422,0,MineLoud1577,1974.1,8710.0,336.0,True,False
teenindia,1tb5ne0,2026-05,1780730876,1778601040,feel about this guy💔,3557,0.98,174,0,New_Cartographer3127,728.2,67514.0,659.0,True,False
teenindia,1t1r5m4,2026-05,1780730876,1777731478,Alert message from mother ji 😭🙏🏻,3531,0.98,254,0,shakyspearee,252.5,55767.0,483.0,True,False
teenindia,1t8z868,2026-05,1780730876,1778394967,What india actually needs,3412,0.97,118,0,AdMaximum9999,514.1,5301.0,1055.0,True,False
teenindia,1t1nb87,2026-05,1780730876,1777721275,So… I had my first kiss today.,3253,0.96,197,0,Stunning_Pea886,,,,,False
teenindia,1tousrd,2026-05,1780730876,1779856008,"Girls, what's the most obvious hint you've dropped but the guy didn't get it?",3209,0.93,1715,0,AwesomeInd,1245.8,2462.0,985.0,True,False
teenindia,1tmucdp,2026-05,1780730876,1779672237,How to convince my dad to return,3035,0.98,388,0,piyush_k25,709.1,3266.0,1951.0,True,False
teenindia,1tk833f,2026-05,1780730876,1779423669,Morning Motivation 🗣🗣🗣,2965,0.99,80,0,rajdeep_shyt,51.1,1635.0,1544.0,True,False
teenindia,1ts2ez4,2026-05,1780730876,1780153595,Can we all agree that this is the most toxic father ever?,2882,0.97,297,0,Dear-Parsley7557,747.7,3554.0,578.0,True,False
teenindia,1t6wti9,2026-05,1780730876,1778212606,Answers from Google ChatGPT VS Answers from 12 year old deleted reddit user,2783,0.99,29,0,CautiousElderberry22,565.7,20990.0,747.0,True,False
teenindia,1tcrso8,2026-05,1780730876,1778746968,What is the most evil thing you have done. This is a safe space (image unrelated),2780,0.96,1060,0,BadassBlazy,658.1,10249.0,769.0,True,False
teenindia,1tmfpwi,2026-05,1780730876,1779637527,This is too relatable 😭✌️,2622,0.99,89,0,Perfect-Advisor1367,,,,,False
teenindia,1tenxv3,2026-05,1780730876,1778920763,The reason : bro is JEE advance !!,2590,0.99,114,0,Radiant-Landscape-92,,,,,False
teenindia,1tcv21y,2026-05,1780730876,1778757395,IMPORTANT NEWS ! ! ! ! !,2549,0.98,164,0,Klutzy-Anything8,47.0,2771.0,2773.0,True,False
teenindia,1t2gg11,2026-05,1780730876,1777799359,Quite a unique experience in this burning Summer 🥰,2505,0.96,409,0,BowlerIntrepid4545,576.9,16229.0,1959.0,True,False
teenindia,1t4fcqo,2026-05,1780730876,1777987362,Made my first income through youtube,2346,0.98,245,0,Idkwhoiam_qe,212.0,1225.0,1957.0,False,False
teenindia,1tpvh4a,2026-05,1780730876,1779950215,Why do singers usually look good?,2259,0.94,815,0,SuperSam212,2082.4,28338.0,11642.0,True,False
teenindia,1t29s5c,2026-05,1780730876,1777777446,Kota coaching centers installed iron mesh around ceiling fans.,2236,0.99,214,0,imfrom_mars_,364.3,1200775.0,9637.0,True,False
teenindia,1tayq5a,2026-05,1780730876,1778585234,Telegram admins are different species,2200,1.0,100,0,NanoSuitX,46.3,6180.0,333.0,True,False
teenindia,1t55y7q,2026-05,1780730876,1778052962,Gimme your most embarising moments 🥀,2164,0.99,613,0,Better-Spread-542,329.3,5163.0,2216.0,True,False
teenindia,1tp1yl2,2026-05,1780730876,1779879028,The economy is collapsing and some people are still expanding the squad.,2136,0.95,357,0,matrix_124,488.0,1592.0,1402.0,True,False
teenindia,1ta6928,2026-05,1780730876,1778512409,How and why is ts funny??,2049,0.93,145,0,HeightLarge1458,201.8,1855.0,113.0,True,False
teenindia,1tfspad,2026-05,1780730876,1779031766,What is wrong with girls on dating apps??,1973,0.97,667,0,Think-Total4053,401.2,807.0,69.0,False,False
teenindia,1t9sizg,2026-05,1780730876,1778473002,Blessing your feed guys,1955,0.96,108,0,BowlerIntrepid4545,576.9,16229.0,1959.0,True,False
teenindia,1t9uqfv,2026-05,1780730876,1778479945,Guys my little brother is getting bullied 😭,1928,0.97,383,0,BadassBlazy,658.1,10249.0,769.0,True,False
AskIndianWomen,1tetuwb,2026-05,1780731093,1778938453,Do you feel India is going backward?,1244,0.93,186,0,TheQuietCollectorr,193.4,1792.0,432.0,False,True
AskIndianWomen,1tilnl8,2026-05,1780731093,1779283527,"My bf of 4.5 years cheated on me, what to do??",1044,0.96,190,0,pehlapasta,67.8,774.0,75.0,True,True
AskIndianWomen,1t8ne5j,2026-05,1780731093,1778361529,What do you think about the misconception that village girls are extremely bholi bhaali and docile ?,932,0.96,122,0,Blossom_0875,354.8,735.0,282.0,True,True
AskIndianWomen,1tfesdu,2026-05,1780731093,1778990995,The concept of first night shouldn’t exist?,921,0.94,143,0,Sweetbiscotti19,477.9,8614.0,4611.0,True,True
AskIndianWomen,1tqvjm4,2026-05,1780731093,1780043784,"I got my wife financially independent, and I am proud of her. Did we do the right thing by not choos",754,0.96,45,0,smootherjoshila,15.8,13011.0,305.0,True,True
AskIndianWomen,1tij7hm,2026-05,1780731093,1779277602,Watching Desi bling on Netflix felt uncomfortable. ?,709,0.99,273,0,Life-Eggplant6761,1770.4,4869.0,5938.0,True,True
AskIndianWomen,1tgd8yq,2026-05,1780731093,1779082759,Why do people have such a big problem seeing women wearing shorts?,670,0.93,121,0,pegasusfree,2208.1,5346.0,12061.0,True,True
AskIndianWomen,1tjac5a,2026-05,1780731093,1779339792,Why are so many people still having unprotected sex ?,644,0.97,102,0,NecessaryWork3305,2033.7,1307.0,1845.0,True,True
AskIndianWomen,1t251iz,2026-05,1780731093,1777764158,Why do MILs feel they are entitled to their son's kids?,617,0.92,78,0,Nice_Neighborhood469,1816.9,1101.0,2008.0,True,True
AskIndianWomen,1tgvzy2,2026-05,1780731093,1779128709,What tf do I do about this man?,602,0.94,72,0,hotparatha,572.6,2547.0,851.0,True,True
AskIndianWomen,1t4b9b6,2026-05,1780731093,1777976330,Why do women give birth lying on their backs???,593,0.89,195,0,uneasy_45,220.7,1898.0,4744.0,False,False
AskIndianWomen,1tp09pw,2026-05,1780731093,1779873612,Why are Indian men (not all) so scared of women with a past?,588,0.76,402,0,BrilliantPhrase9092,105.7,758.0,139.0,True,False
AskIndianWomen,1tswb7a,2026-05,1780731093,1780236370,Is it normal for a girl to share a hotel room with a male friend at night?,580,0.87,149,0,rbsa40826,2144.6,651.0,2.0,False,False
AskIndianWomen,1t9uaz2,2026-05,1780731093,1778478592,Wtf is wrong with my school.. they’re now dictating what colour underwear we wear?,537,0.97,107,0,Ambitious_Aide_6438,446.1,48452.0,6146.0,True,False
AskIndianWomen,1tqob10,2026-05,1780731093,1780021754,My parents insulted my friend over something very petty and silly. Can someone suggest me a way to a,520,0.95,30,0,garlicandcheesiness,1341.3,7811.0,171238.0,True,False
AskIndianWomen,1t824aa,2026-05,1780731093,1778325214,Should I advise my bhabhi to divorce my brother? Please advice,497,0.96,113,0,NoSlide4501,836.7,528.0,329.0,False,False
AskIndianWomen,1tpwi6g,2026-05,1780731093,1779953663,Why are Indian women specifically women with children constantly nudging other women to have childre,484,0.95,187,0,Fickle_Mention_2010,178.3,1030.0,864.0,False,False
AskIndianWomen,1tjmj72,2026-05,1780731093,1779374311,I believe jokes reveal quite a lot about who someone is. What jokes men crack instantly put you off?,459,0.85,91,0,Prestigious_Boss_697,1302.1,3618.0,12859.0,True,False
AskIndianWomen,1tr38fr,2026-05,1780731093,1780064158,Update of the day? I’m finally happy so lemme celebrate.,427,0.98,84,0,Otherwise_Judge0,1518.9,457.0,542.0,True,False
AskIndianWomen,1tkcrks,2026-05,1780731093,1779438584,Am I overthinking my girlfriend’s male best friend or are these genuine red flags?,420,0.95,96,0,Economy-Bar1967,297.4,594.0,125.0,True,False
AskIndianWomen,1tazbbj,2026-05,1780731093,1778586822,Was “your future husband will be lucky” supposed to be a compliment?,387,0.96,72,0,FlakyConversation190,684.2,8898.0,15654.0,True,False
AskIndianWomen,1t4roxd,2026-05,1780731093,1778013476,How much physical intimacy is important in Marriage? My gf follows Brahmakumaris and it's kind of si,375,0.93,233,0,Last-Manufacturer701,559.0,11997.0,1066.0,True,False
AskIndianWomen,1tnnc07,2026-05,1780731093,1779746457,Why indian family romanticise their bahu as maid? (Friend's home condition),362,0.91,53,0,makakkansnhi8737392,,,,,False
AskIndianWomen,1tihqjs,2026-05,1780731093,1779273384,"To the girls who always look ""effortlessly"" put together... be honest, is it actually effortless or ",356,0.95,124,0,Accomplished-Wish490,381.8,381.0,29.0,True,False
IndianFood,1t6cnqr,2026-05,1780731293,1778165102,29 everyday Andhra home recipes from my late mother's kitchen,198,0.99,52,0,khpawan,4286.4,239.0,151.0,True,True
IndianFood,1tmq9n5,2026-05,1780731293,1779661603,Is there a wrong or rude way to eat naan?,164,0.85,219,0,flipflapdragon,1657.7,73913.0,40956.0,True,True
IndianFood,1tbp7r5,2026-05,1780731293,1778646898,Unpopular opinion but the craze for AUTHENTICITY in food is way to hyped,70,0.7,35,0,Adventurous-Board258,988.4,17465.0,11550.0,False,True
IndianFood,1t9wcdo,2026-05,1780731293,1778485365,Indian food one sheet pan meal prep - specially for NRIs,66,0.95,21,0,Unununiumic,2241.0,3831.0,8264.0,True,True
IndianFood,1tpyd68,2026-05,1780731293,1779960104,Why your portable blender keeps failing with Indian ingredients and what to look for instead,66,0.82,35,0,OwlWorth1890,183.6,3831.0,50.0,True,True
IndianFood,1thvmd1,2026-05,1780731293,1779215065,How does your family make chai?,65,0.93,97,0,kiwistarbaby,87.5,193.0,5460.0,True,True
IndianFood,1t17ja0,2026-05,1780731293,1777673302,You can make papads in the microwave!,58,0.91,45,0,melatonia,5078.3,22555.0,105160.0,False,True
IndianFood,1tr1adg,2026-05,1780731293,1780059933,What’s the most underrated food in India?,49,0.8,164,0,tacobelluvr,38.5,1171.0,342.0,True,True
IndianFood,1t5wqim,2026-05,1780731293,1778118532,Any dishes you specifically eat at restaurants/stalls because cooking them at home is too much work?,46,0.91,60,0,BoundIess,3549.2,1854.0,397.0,True,True
IndianFood,1tlbts3,2026-05,1780731293,1779528853,What rice is better - Basmati or Sona Masoori?,45,0.85,85,0,Witty_Option7240,45.0,518.0,21.0,True,True
IndianFood,1t0zptb,2026-05,1780731293,1777655884,Eggplant/brinjal/baingan is a range and it a single vegetable,44,0.89,34,0,desi-auntie,273.6,4252.0,5193.0,True,False
IndianFood,1t3wwk0,2026-05,1780731293,1777933712,I believe I have a butter chicken addiction 😳🫓🥘,43,0.75,74,0,walkdowndrac,385.1,6139.0,9044.0,True,False
IndianFood,1t9idqd,2026-05,1780731293,1778445809,Hygiene - in the street restaurants in urban India,37,0.84,39,0,Confident_One_6279,213.5,52.0,95.0,True,False
IndianFood,1tlfjhn,2026-05,1780731293,1779540348,Why are Lucknow mangoes like Dasheri &amp; Chausa not globally famous like Alphonso?,36,0.83,41,0,Sweaty_Pollution2757,1049.7,45.0,3.0,True,False
IndianFood,1tmxc8z,2026-05,1780731293,1779680529,How do you handle lingering aroma after cooking Indian food?,36,0.82,57,0,Syoto,3488.5,2332.0,3657.0,True,False
IndianFood,1tar1mm,2026-05,1780731293,1778560616,I found the trick to make fall of the bone chicken biryani,33,0.84,22,0,ad_powerlifter,1671.2,82.0,529.0,True,False
IndianFood,1th7wjd,2026-05,1780731293,1779153755,School project: Diwali,32,0.89,34,0,TheFutureScaresMe333,501.8,5708.0,1752.0,True,False
IndianFood,1tqu9tu,2026-05,1780731293,1780039533,Does mutton taste different in other states,31,0.76,33,0,H-chick,1444.6,122.0,1006.0,True,False
IndianFood,1the9h0,2026-05,1780731293,1779171584,"Why does biryani in dubai taste off even at the ""authentic hyderabadi"" places. someone explain",28,0.74,38,0,No_Hovercraft1208,1584.6,8062.0,308.0,True,False
IndianFood,1tfdswe,2026-05,1780731293,1778988023,What oils do you use daily for cooking? 🥘,28,0.86,126,0,ShortVariety3035,483.1,748.0,383.0,True,False
IndianFood,1tpsw64,2026-05,1780731293,1779942161,Why is black pepper barely used in many indian dishes? Does pre ground or fresh ground makes a diffe,27,0.7,43,0,West_Future326,2040.4,234546.0,27483.0,True,False
IndianFood,1to3yjm,2026-05,1780731293,1779794450,What’s one extremely basic Indian food combo you could eat forever and never get bored of?,24,0.86,84,0,Glittering-Cash-2709,161.0,6089.0,453.0,True,False
IndianFood,1tjmvz1,2026-05,1780731293,1779375046,I always thought homemade panipuri was not as good as store bought one untill I noticed 1 big mistak,24,0.75,21,0,ad_powerlifter,1671.2,82.0,529.0,True,False
IndianFood,1tj2wfp,2026-05,1780731293,1779319924,Thoughts on using queso fresco instead of paneer?,23,0.81,51,0,Luna_T_Cr,740.4,584.0,275.0,True,False
IndianFood,1thkyl5,2026-05,1780731293,1779192469,Please drop in your Indian salad recipes.,23,0.93,34,0,Savings_Hat5799,650.4,7425.0,1413.0,True,False
IndianFood,1t7ta15,2026-05,1780731293,1778296809,Best yogurt to use in indian cooking? In USA.,23,0.9,34,0,Select_Safe548,689.3,2230.0,31051.0,True,False
IndianFood,1tjfffs,2026-05,1780731293,1779356327,I always thought of carrots as uninteresting and as an afterthought to be used with other vegetables,22,0.87,12,0,West_Future326,2040.4,234546.0,27483.0,True,False
IndianFood,1tft8cl,2026-05,1780731293,1779032947,Contemplating life choices as a solo diner,22,0.82,35,0,R1sk77,2271.9,1640.0,1465.0,True,False
IndianFood,1tkiszv,2026-05,1780731293,1779455999,What kind of oil do you use for omelettes?,21,0.81,44,0,Babe_Brute,2244.5,1509.0,5234.0,True,False
IndianFood,1tisjze,2026-05,1780731293,1779297969,Help an American out with cooking advice!,20,0.81,37,0,AffectionateIron5336,2053.5,1139.0,68.0,True,False
IndianFood,1trmc5g,2026-05,1780731293,1780105645,Make pulao more flavorful?,20,0.83,46,0,Busy_Armadillo_481,1867.9,77.0,258.0,True,False
IndianFood,1t2t5im,2026-05,1780731293,1777832469,What's the hype about protein?,19,0.63,82,0,DetailFront7782,394.8,2438.0,2789.0,True,False
IndianFood,1tb3w03,2026-05,1780731293,1778597383,Tomato-free recipes,17,0.85,35,0,AnneTheQueene,1497.5,4033.0,35221.0,True,False
IndianFood,1tldm5o,2026-05,1780731293,1779534802,Indian cookbook,17,0.88,23,0,testitest123123,1033.2,470.0,134.0,False,False
IndianFood,1t7ytgp,2026-05,1780731293,1778314353,Best cheese cubes in India?,17,0.81,34,0,Repulsive-Bunch-4126,1980.5,98379.0,17571.0,True,False
IndianFood,1tfk7qq,2026-05,1780731293,1779008592,I’m visiting India for 4 weeks and I want to eat as much food as possible,15,0.73,26,0,LemonLower1155,1870.5,1031.0,1341.0,True,False
IndianFood,1tng6hn,2026-05,1780731293,1779730690,Which Indian states or cities have the best non-indian food?,14,0.72,32,0,Beautiful-Speaker-60,1789.7,4277.0,26174.0,True,False
IndianFood,1tt9q36,2026-05,1780731293,1780267016,Kerala beef curry recipe,14,0.61,12,0,theMagicalDays,813.5,173.0,124.0,True,False
IndianFood,1tccmu2,2026-05,1780731293,1778705847,Dinner cooking time,14,0.82,40,0,Zestyclose_Act_2034,1355.3,475.0,511.0,True,False
IndianFood,1t9aphp,2026-05,1780731293,1778428572,"New to Indian food, what dishes would you suggest?",14,0.79,53,0,Maleficent_1213,1684.0,4165.0,12155.0,True,False
