subreddit,post_id,collection_month,collected_utc,created_utc,title,score,upvote_ratio,num_comments,total_awards,author,author_account_age_days,author_link_karma,author_comment_karma,author_verified_email,is_top10_for_month
india,1r6d5qm,2026-02,1780726477,1771256970,"3 get death penalty for gang-raping Israeli tourist, killing male tourist in Hampi",2521,0.98,128,0,vinay1458,2276.4,12783.0,5467.0,True,True
india,1qzukb0,2026-02,1780726477,1770611268,Indian tech couple divorce after wife refuses to quit high-paying job to care for mother-in-law,2112,0.96,410,0,Mo_h,4083.6,17402.0,39881.0,True,True
india,1rbga50,2026-02,1780726477,1771747927,"We spend ₹50k on an iPhone but won’t spend ₹300 on a gas pipe. Today, that almost cost my wife her l",2107,0.97,95,0,BossChimp,1821.9,5181.0,214.0,True,True
india,1r1vqw5,2026-02,1780726477,1770811968,"‘Honesty might come at a price’: ‘Mohammad’ Deepak’s gym, with 150 members once, now down to 15 | Ut",2067,0.94,144,0,rahulthewall,6419.9,220482.0,318063.0,True,True
india,1rf0fvu,2026-02,1780726477,1772079858,"Comparing Tourism in India vs Sri Lanka: As an Indian, I Was Shocked Last Week",2021,0.96,332,0,According_Speech9248,1076.7,3739.0,33.0,True,True
india,1r55qf8,2026-02,1780726477,1771130923,"Four-month boycott of an anganwadi cook in an Odisha village: Every day she cycles to work, waits fo",1919,0.98,72,0,rahulthewall,6419.9,220482.0,318063.0,True,True
india,1rfbo5s,2026-02,1780726477,1772116296,I'm 32 and my body has started sending me bills for my 20s. Nobody warned me this would happen.,1683,0.98,207,0,Visual-Basis3400,137.8,1705.0,0.0,True,True
india,1qxj9a4,2026-02,1780726477,1770388542,Epstein Offered ‘Tall Swedish Blonde’ to Tycoon Anil Ambani,1604,0.98,117,0,bloomberg,3013.4,1016103.0,186761.0,True,True
india,1qsvxrg,2026-02,1780726477,1769944830,"Epstein- a tall swedish blonde woman , to make it fun to visit ;; Anil Ambani - Arrange that.",1544,0.98,74,0,Aware-Adman,1844.1,1537.0,4303.0,True,True
india,1rd9tns,2026-02,1780726477,1771918240,Pic of desi students at Irish university's food bank queue sparks backlash: ‘Who gives them visas?’,1491,0.94,317,0,puddi_tat,6654.1,26736.0,6782.0,True,True
india,1r9l4au,2026-02,1780726477,1771560018,Bid us goodbye 'with a cheerful heart': Chhattisgarh couple dies by suicide after losing son in road,1367,0.99,60,0,chunmunsingh,115.2,57235.0,5741.0,True,False
india,1rg6zg2,2026-02,1780726477,1772199645,"'You need to kill me to stop me': Kejriwal's all-out attack against PM Modi, Amit Shah after clearan",1329,0.98,53,0,Karna1394,2974.3,70372.0,83548.0,True,False
india,1r8il4v,2026-02,1780726477,1771456279,"After Chinese robot dog row, Galgotias University’s Neha Singh now ‘Open To Work’ on LinkedIn",1321,0.98,153,0,Cosmicola,4308.3,2831.0,3143.0,False,False
india,1qvne60,2026-02,1780726477,1770208523,Two Brits are kicked out of India for 'putting up 'Free Palestine' stickers',1284,0.92,360,0,WhiteGold_Welder,364.9,22503.0,9655.0,True,False
india,1r3oqio,2026-02,1780726477,1770988191,Senior Supreme Court advocates buy memberships at 'Mohammad' Deepak's gym after business hit by row,1270,0.96,38,0,Glass_Extension_6529,512.7,29409.0,37794.0,True,False
india,1r5it82,2026-02,1780726477,1771172725,"India v Pakistan is now miserable, toxic spectacle",1260,0.9,136,0,bhodrolok,4005.9,698695.0,251065.0,True,False
india,1r74int,2026-02,1780726477,1771330801,Father of Noida techie who drowned in 30-foot drain leaves India for UK,1238,0.97,59,0,chunmunsingh,115.2,57235.0,5741.0,True,False
india,1rcaakg,2026-02,1780726477,1771829108,"In India, investigative journalist Ravi Nair sentenced to one year in prison for “defamation” of the",1238,0.97,39,0,Glass_Extension_6529,512.7,29409.0,37794.0,True,False
india,1r1rmsu,2026-02,1780726477,1770797514,"Journalist Ravi Nair convicted in Adani defamation case, sentenced to one-year imprisonment",1167,0.97,43,0,one_brown_jedi,5339.7,250340.0,80350.0,True,False
india,1r1vtmy,2026-02,1780726477,1770812195,‘He has sold India’: Rahul Gandhi alleges PM Modi signed ‘one-sided’ US trade deal under a ‘chokehol,1160,0.9,129,0,Raj_Valiant3011,953.4,1524040.0,34190.0,True,False
india,1r7suyq,2026-02,1780726477,1771387631,Doctor who scored 9/800 in NEET entrance bags PG seat; plunging cut-offs spark outrage among medical,1158,0.97,159,0,Karna1394,2974.3,70372.0,83548.0,True,False
india,1qvggh6,2026-02,1780726477,1770184393,"3 Sisters - 12, 14, 16 - Jump Off 9th Floor In Likely Online Korean Gaming Task",1157,0.97,165,0,Karna1394,2974.3,70372.0,83548.0,True,False
india,1rfzty4,2026-02,1780726477,1772176087,"Arvind Kejriwal Breaks Down After Court Relief, Manish Sisodia Consoles Him",1156,0.97,69,0,Embarrassed_Look9200,425.0,19946.0,95234.0,True,False
india,1r77nzj,2026-02,1780726477,1771339011,Galgotias University accused of showcasing commercial robot as own at Delhi AI Summit,1085,0.99,140,0,shawty_deep,559.0,4335.0,11292.0,True,False
india,1qts0vm,2026-02,1780726477,1770029971,‘Declare it national health emergency’: Rahul Gandhi demands Parliament discussion on air pollution,1079,0.98,69,0,Raj_Valiant3011,953.4,1524040.0,34190.0,True,False
india,1r60b53,2026-02,1780726477,1771217342,"Samajwadi Party leader dies after 1,000 kg lighting pole crashes on SUV in UP’s Pratapgarh",1049,1.0,56,0,Massive_Message_3321,122.0,1477.0,9.0,True,False
india,1r4jc2e,2026-02,1780726477,1771071808,"India’s NSG ranks 62nd among 109 teams at Dubai SWAT challenge; far behind Kazakhstan, China, Thaila",1002,0.93,201,0,shawty_deep,559.0,4335.0,11292.0,True,False
india,1rd6cty,2026-02,1780726477,1771908522,"Google data centre’s 6-billion-gallon thirst, and why recycled water won’t work",985,0.97,125,0,Hour-Passenger-8513,2148.7,14728.0,20867.0,True,False
india,1rcb4md,2026-02,1780726477,1771832085,India’s top beef exporter made its highest-ever donation to the BJP,981,0.96,63,0,bhodrolok,4005.9,698695.0,251065.0,True,False
BollyBlindsNGossip,1rf9ts0,2026-02,1780726687,1772111623,Vijay and Rashmika wedding pics,7916,0.94,625,0,monkeyishh,225.5,30606.0,5667.0,True,True
BollyBlindsNGossip,1r1pijq,2026-02,1780726687,1770789992,"Jasmine Sandlas stopped her Delhi concert midway, asking security to kick out men, who were allegedl",5970,0.97,125,0,GiveMeSomeSunshine3,448.8,1815823.0,223800.0,True,True
BollyBlindsNGossip,1qtin3o,2026-02,1780726687,1769999442,Saw nepo-wife Mira Kapoor in person!,5491,0.97,416,0,Shaitaan-Haiwan,601.6,62112.0,55075.0,True,True
BollyBlindsNGossip,1qumege,2026-02,1780726687,1770106689,Arjun’s touching birthday wish to his mother seems to allude to the online bullying he has been subj,5333,0.98,338,0,TheLastDetective,464.8,15787.0,48146.0,True,True
BollyBlindsNGossip,1qu70ao,2026-02,1780726687,1770064924,Ozempic is ruining Bollywood,4660,0.92,502,0,letsgoinzique,1955.1,23231.0,4651.0,True,True
BollyBlindsNGossip,1r8jwfu,2026-02,1780726687,1771459581,How many careers has Bahubali ruined? Was everyone overdosing stuff and went to the hospital?,4158,0.97,220,0,BollyLOVER1,899.5,44823.0,21603.0,True,True
BollyBlindsNGossip,1rfw089,2026-02,1780726687,1772163959,I always thought big jewellery on us (men) will look bad but look how amazing he looks,4073,0.94,340,0,SalaryEducational323,,,,,True
BollyBlindsNGossip,1r0zp7q,2026-02,1780726687,1770727345,Thoughts?,3954,0.98,97,0,Agreeable-Ostrich536,1016.1,8915.0,528.0,False,True
BollyBlindsNGossip,1rfzwft,2026-02,1780726687,1772176336,"Alia not getting work in Hollywood, despite auditions!",3929,0.94,592,0,Shaitaan-Haiwan,601.6,62112.0,55075.0,True,True
BollyBlindsNGossip,1qx1olq,2026-02,1780726687,1770335097,Rajpal Yadav will surrender today in a cheque bounce case of 2.4cr. 200 movies &amp; almost 30 years,3809,0.9,295,0,ConstructionAny8440,1725.9,1171060.0,83036.0,True,True
BollyBlindsNGossip,1qwfue3,2026-02,1780726687,1770280102,Throwback: Ajay Devgn sister’s wedding reception,3737,0.98,180,0,Kaali_99,723.1,31441.0,13883.0,True,False
BollyBlindsNGossip,1rge5vq,2026-02,1780726687,1772215692,Her inability to serve needs to be studied😭,3702,0.94,579,0,Miserable-Zombie-121,644.8,392999.0,69099.0,True,False
BollyBlindsNGossip,1rg1rkf,2026-02,1780726687,1772183160,Rashmika and Vijay first appearance as husband and wife,3577,0.94,159,0,Naive_Cause8984,756.2,66833.0,126754.0,True,False
BollyBlindsNGossip,1r0fdcy,2026-02,1780726687,1770668542,Vishal Dadlani snaps about ‘contacts’ culture in Bollywood”,3431,0.97,173,0,Shaitaan-Haiwan,601.6,62112.0,55075.0,True,False
BollyBlindsNGossip,1r59lug,2026-02,1780726687,1771144598,Shanaya needs to touch some grass. Like girl are you just this dumb?,3357,0.97,176,0,LazyLooming,187.8,12117.0,16120.0,True,False
BollyBlindsNGossip,1rbq8g6,2026-02,1780726687,1771777809,Alia at BAFTA's red carpet,3284,0.91,335,0,retrochips,169.2,30010.0,25287.0,True,False
BollyBlindsNGossip,1r0qv76,2026-02,1780726687,1770697009,Karnataka Environment Minister Eshwar has alleged that hundreds of trees were illegally felled on fo,3264,0.98,81,0,drunkistin,,,,,False
BollyBlindsNGossip,1r9bybn,2026-02,1780726687,1771536398,The sad reality,3246,0.95,465,0,kokkachi13,1664.8,34105.0,3605.0,True,False
BollyBlindsNGossip,1rhc4sh,2026-02,1780726687,1772308245,she’s allergic to serving 😍,3190,0.96,288,0,typesshit,715.4,38079.0,96410.0,True,False
BollyBlindsNGossip,1qx8yct,2026-02,1780726687,1770355381,Delhi Police to take strict action against Mardaani and YRF,3062,0.99,170,0,mahaavtar,502.4,46314.0,23534.0,True,False
BollyBlindsNGossip,1r2keip,2026-02,1780726687,1770872006,The side death glare/stare Allu Arjun gave the security guy! Now the 42 rule commandment is not hard,2903,0.92,419,0,SerialEntrepreneur01,739.3,12558.0,26951.0,False,False
BollyBlindsNGossip,1r2zkre,2026-02,1780726687,1770917230,A YouTuber from NZ Karl Rock discovers pirated copies of Dhurandhar movie being sold openly in Pakis,2882,0.98,192,0,mahaavtar,502.4,46314.0,23534.0,True,False
BollyBlindsNGossip,1r1whqs,2026-02,1780726687,1770814138,Horrible attempt at pretending to sing live 😂,2741,0.98,202,0,Former_Mail776,655.5,39340.0,36636.0,False,False
BollyBlindsNGossip,1rc748r,2026-02,1780726687,1771818968,madhavan hanging out with college girls,2653,0.96,398,0,Otherwise-Movie8656,2053.2,2466.0,2746.0,True,False
BollyBlindsNGossip,1qzah6q,2026-02,1780726687,1770561344,Such a sweet pic,2635,0.99,46,0,Longjumping-Ebb7892,981.0,24069.0,2267.0,True,False
BollyBlindsNGossip,1qzwfsu,2026-02,1780726687,1770617062,Tea On Arijit Singh 🤍,2490,0.98,93,0,BatmanDomes,230.7,9615.0,761.0,True,False
BollyBlindsNGossip,1r5hm7s,2026-02,1780726687,1771169911,Young Javed Jafferi &amp; Farah Khan dancing together,2470,0.99,62,0,Former_Mail776,655.5,39340.0,36636.0,False,False
BollyBlindsNGossip,1r03stl,2026-02,1780726687,1770642591,What’s with the sudden Akshaye Khanna hate?,2358,0.92,233,0,Responsible_Oil1046,215.1,62587.0,27857.0,True,False
BollyBlindsNGossip,1qsr2la,2026-02,1780726687,1769927986,Shahrukh Khan with the Doctor who did Salman Khan and Ranbir Kapoor’s Hair Transplant.,2260,0.98,253,0,Quaffy_duck,834.0,23315.0,13539.0,True,False
BollyBlindsNGossip,1r6en6d,2026-02,1780726687,1771260193,Her interest in Amitabh Bachchan isn’t emotional; it’s about staying visible and relevant by riding ,2247,0.95,141,0,Downtown-Row-2593,,,,,False
BollyBlindsNGossip,1r7qrl1,2026-02,1780726687,1771381903,More on Akash Ambani’s reckless driving!,2187,0.99,155,0,wannabecontent,1053.4,3697.0,11934.0,False,False
BollyBlindsNGossip,1r6afos,2026-02,1780726687,1771250591,Former child actor master raju endured abuse from Moushumi Chatterjee!!,2169,0.98,115,0,Rude_Affect_7556,277.1,6955.0,13150.0,False,False
BollyBlindsNGossip,1rg89wa,2026-02,1780726687,1772202804,Rashmika Mandana's Instagram picture is about to become the most-liked pic from Asia on Instagram …,2039,0.96,101,0,hitmanbhargav,1336.5,112711.0,5012.0,True,False
BollyBlindsNGossip,1qspkla,2026-02,1780726687,1769923256,"Kalpana Iyer, the original Rambha Ho dancer, dancing on her iconic song at 70 in a family function:",1998,0.99,31,0,Interesting-Take781,473.0,265599.0,55961.0,True,False
indiasocial,1r9pac3,2026-02,1780726890,1771573885,Tru that...,12999,0.98,116,0,Sharp-potential7935,310.8,3025126.0,31936.0,True,True
indiasocial,1raq2sw,2026-02,1780726890,1771677353,UNO Reverse 🤣,10531,0.97,175,0,Visual-Study625,918.6,9080.0,888.0,True,True
indiasocial,1rg2zk0,2026-02,1780726890,1772187565,Bro thinks he's a snake,9363,0.98,245,0,No-Explorer-2427,846.1,142837.0,17794.0,True,True
indiasocial,1rd9o5e,2026-02,1780726890,1771917679,I finally agreed to take him for a walk for 3rd time today,9015,0.99,162,0,Impossible-Fact2010,176.5,20143.0,574.0,False,True
indiasocial,1r0z6hq,2026-02,1780726890,1770725801,Torrent was life,8504,0.99,140,0,illmaticIndian,2060.6,12639.0,727.0,True,True
indiasocial,1qy5ld1,2026-02,1780726890,1770442859,Just because I attended a fest yesterday,7306,0.94,826,0,New_Operation7561,486.2,8003.0,110.0,True,True
indiasocial,1r92xjm,2026-02,1780726890,1771516644,This hits hard when you live alone,6638,0.98,415,0,Inevitable-Pay-241,1467.0,4180.0,2450.0,True,True
indiasocial,1rc7q6n,2026-02,1780726890,1771820819,Aaja meri gaadi me baith ja,6230,0.99,70,0,arjunazi,2305.7,74208.0,3409.0,True,True
indiasocial,1r2sxjn,2026-02,1780726890,1770901594,Meals my boyfriend prepared during my stay at his place,6216,0.96,859,0,witch_trishhh,422.9,7925.0,1885.0,True,True
indiasocial,1r55re1,2026-02,1780726890,1771131010,Remember this?,5839,0.98,336,0,aryanpote7,539.9,134288.0,10455.0,True,True
indiasocial,1rahsma,2026-02,1780726890,1771648566,Helped Grandma with a printed TV guide!,5544,0.98,165,0,CosmicJerky,193.0,3846.0,9960.0,True,False
indiasocial,1rg318v,2026-02,1780726890,1772187736,Poor guy...,5437,0.99,211,0,Acefrost321,1596.4,5836.0,1370.0,True,False
indiasocial,1r0b1by,2026-02,1780726890,1770659306,Kitty choose loyalty over comfort,5309,0.99,106,0,AdmirableSeaweed2774,988.3,8748.0,2602.0,False,False
indiasocial,1reg3dy,2026-02,1780726890,1772032883,Technically correct… but at what cost 😭,5168,0.99,39,0,lunablooms1,143.8,7640.0,1150.0,False,False
indiasocial,1rh9d64,2026-02,1780726890,1772301782,My wifi gave birth to a baby,4966,0.99,255,0,Character-Delay520,250.7,3121.0,407.0,True,False
indiasocial,1qtq3co,2026-02,1780726890,1770022981,He is obbsed with TV. He watches it with us on a daily basis.,4961,0.98,169,0,Prabhu8335,2940.7,4232.0,2448.0,True,False
indiasocial,1r4o528,2026-02,1780726890,1771084605,"Today my respect for Harsh Gujral has increased even more, salute to you 🙌🙌",4800,0.96,116,0,Individual_Scene5641,381.9,3515.0,159.0,True,False
indiasocial,1r0c50o,2026-02,1780726890,1770661634,Completed my work and was about to sleep only to find my roommate like this,4680,0.99,115,0,Extreme-Newspaper667,698.9,3563.0,3371.0,True,False
indiasocial,1rdlnxy,2026-02,1780726890,1771952149,"our works are currently at display at annual exhibition of college of art, DU",4082,0.97,159,0,vidhikaroy,482.7,94270.0,5279.0,True,False
indiasocial,1qvgqur,2026-02,1780726890,1770185315,Core childhood memory,3972,1.0,61,0,WeirdSet1792,967.6,14658.0,38902.0,True,False
indiasocial,1qzw4ax,2026-02,1780726890,1770616044,Sahi Haina ?,3658,0.98,220,0,rajubhai7711,,,,,False
indiasocial,1quvbp0,2026-02,1780726890,1770133391,"4th day of cooking as a 22M corporate guy, what would you name this shape?",3504,0.97,1145,0,idislikehumanbeings,172.7,2456.0,506.0,True,False
indiasocial,1r23suv,2026-02,1780726890,1770831260,My mom got this from one of her students!,3385,1.0,80,0,saintlybeast02,914.4,21992.0,515.0,True,False
indiasocial,1r76f8p,2026-02,1780726890,1771335983,why do majority posh Indian houses look like this ?,3265,0.97,449,0,BeneficialMud222,347.1,1690.0,37.0,True,False
indiasocial,1r4pa2x,2026-02,1780726890,1771087328,Worst ad I've ever seen,3239,0.99,182,0,Jealous-Brick-2515,614.1,7454.0,1312.0,True,False
indiasocial,1qxkbq3,2026-02,1780726890,1770391007,Was given coffee beans with bill. What does that even mean?,3238,0.98,527,0,wreckurrr,1392.2,3302.0,1421.0,True,False
indiasocial,1qxdoju,2026-02,1780726890,1770372251,Yes every single one,3228,0.99,213,0,just_a_boy4u,287.8,1424.0,453.0,True,False
indiasocial,1r3x9r3,2026-02,1780726890,1771007893,Vo din bhi kya din the💖🥺,3145,1.0,145,0,Diligent_Two_3535,437.0,8165.0,1852.0,True,False
indiasocial,1r49ph9,2026-02,1780726890,1771039170,Why tf people get so dramatic before Valentine's Day.,3117,0.97,151,0,AJ-005,1643.0,11588.0,25258.0,True,False
indiasocial,1reih58,2026-02,1780726890,1772038005,I am in a very weird situation,3082,0.91,405,0,technicalhowto,2020.3,11219.0,9142.0,True,False
indiasocial,1r670ic,2026-02,1780726890,1771240739,Hatt jao aaj gaadi meri maa chalayegi,2953,0.99,46,0,arjunazi,2305.7,74208.0,3409.0,True,False
indiasocial,1qx6pe0,2026-02,1780726890,1770348658,Do anyone have something like this creative,2860,0.98,50,0,ABHISHEK_Lonely,1063.8,36581.0,1246.0,True,False
indiasocial,1rf7ba4,2026-02,1780726890,1772103914,Wtf dude 😭❓,2818,0.99,292,0,saiyan_slayer777,103.9,1185.0,593.0,True,False
indiasocial,1r7vvtn,2026-02,1780726890,1771397286,Thank you for the reminder 😭,2799,0.99,51,0,AJaxed03,1906.1,1776.0,2448.0,True,False
indiasocial,1rbn021,2026-02,1780726890,1771769940,Kerala people are celebrating because they rescued a cat from a Kochi Metro pillar,2793,0.98,102,0,RTNRN95,1835.0,12702.0,914.0,True,False
indiasocial,1r73arn,2026-02,1780726890,1771326933,Are you destovesky person or a kafka person?,2643,0.99,350,0,Batman__39,1974.0,25446.0,5405.0,True,False
indiasocial,1rci389,2026-02,1780726890,1771854977,Lost dog reunited with owner after 3 years,2606,0.99,41,0,Glad_Success_6222,183.9,23726.0,7729.0,True,False
indiasocial,1rdnzfl,2026-02,1780726890,1771957035,When you got a problem,2441,1.0,26,0,PolicyDependent1740,237.4,27596.0,2072.0,True,False
indiasocial,1qy16rx,2026-02,1780726890,1770430047,The Evolution Of Indian Currency:,2439,0.98,114,0,rariorrolls,163.8,3461.0,747.0,True,False
indiasocial,1qw9fvg,2026-02,1780726890,1770259969,Whats the hole in the middle for?,2436,0.96,763,0,bulky_lifter01,791.3,7813.0,14018.0,True,False
developersIndia,1r25mhi,2026-02,1780727093,1770835124,How a Zomato “Feature” Enables Stalking - Which They Call “Working as Intended”,1862,0.99,142,0,Ok_Reveal_4284,1224.1,4209.0,954.0,True,True
developersIndia,1rfdoyz,2026-02,1780727093,1772120950,Veritasium’s latest video is about tech mind-blowing,1758,0.98,118,0,spidorboy,1267.2,2850.0,20719.0,True,True
developersIndia,1r8693b,2026-02,1780727093,1771429098,"Sarvam AI unveils 30B and 105B models, says 105B outperforms DeepSeek R1 and Gemini Flash on key ben",1757,0.98,145,0,Living-Structure-101,791.9,1031.0,115.0,True,True
developersIndia,1qsqnck,2026-02,1780727093,1769926566,Don't waste time giving interviews at Google India,1401,0.97,158,0,Bushwookie_69,1583.0,2500.0,689.0,True,True
developersIndia,1rck902,2026-02,1780727093,1771860052,Cautionary - Using AI in your job instead of understanding code got my colleague fired,1285,0.95,130,0,Karmaisabeachhh,482.7,773.0,514.0,True,True
developersIndia,1r2nt1d,2026-02,1780727093,1770883825,I am a Google SWE who just conducted my 100th L3 (SWE II) interview. Here are my observations and ti,1237,0.81,179,0,Lazy-Prize-3993,2099.4,709.0,2447.0,True,True
developersIndia,1rfgnkt,2026-02,1780727093,1772127320,Received a 100% Salary Hike Without Asking — Confused About the Reason,989,0.98,121,0,Alternative-Bed9084,1353.5,886.0,3518.0,True,True
developersIndia,1r1o7pp,2026-02,1780727093,1770785917,EpsteinFiles-RAG: Building a RAG Pipeline on 2M+ Pages,923,0.98,150,0,Cod3Conjurer,591.3,6843.0,375.0,True,True
developersIndia,1qvttvv,2026-02,1780727093,1770223937,Intern terminated for accidental access to unprotected Form 16 on company intranet — HR or employee ,910,0.99,59,0,Justaraandomhumann,1066.0,487.0,928.0,True,True
developersIndia,1qvi9pv,2026-02,1780727093,1770190573,"Indian IT crash, Disruption of outsourcing and services models",869,0.97,235,0,Deep_Suit973,1382.9,1521.0,146.0,True,True
developersIndia,1ra2qgk,2026-02,1780727093,1771610848,Organisation asked to stop writing code manually. Confused on future aspects of software development,867,0.98,201,0,blackpearlinscranton,757.9,2920.0,4157.0,True,False
developersIndia,1r05xdq,2026-02,1780727093,1770648032,"I am developing a Horror game about evil cat, because I don't like cats :)",847,0.93,234,0,FRAGGY_OP,1547.3,1676.0,537.0,True,False
developersIndia,1qz54io,2026-02,1780727093,1770544799,"I made a vector search engine from scratch in C++, cause why not?",845,0.98,62,0,Shonku_,525.1,3564.0,5563.0,True,False
developersIndia,1r3l0j4,2026-02,1780727093,1770975795,HR Says 150% Hike Is “Too High” – But I Already Have a 17.2 LPA Offer. How Do I Negotiate?,761,0.96,189,0,Ok-Possibility795,338.1,405.0,132.0,True,False
developersIndia,1r4blyz,2026-02,1780727093,1771044897,"Publicis sapient Firing spree, Got fired yesterday 7.5 YOE as Data Engineer",731,0.99,109,0,Boring-Bandicoot1606,1979.4,1635.0,5188.0,True,False
developersIndia,1qydsvv,2026-02,1780727093,1770470894,Help me decide - 45LPA Mumbai or 100k SGD Singapore,728,0.93,303,0,Coder_Khiladi,1721.1,578.0,129.0,True,False
developersIndia,1r5n04p,2026-02,1780727093,1771182420,Indian devs earning ₹1L+/month what are you up to now?,722,0.97,398,0,CertainArcher3406,1332.0,5602.0,1070.0,True,False
developersIndia,1qtlo63,2026-02,1780727093,1770007907,Nature of jobs is changing : Coming from a big tech manager turned founder,720,0.93,98,0,Frosty-Parfait-3610,726.2,377.0,33.0,True,False
developersIndia,1qt4vyr,2026-02,1780727093,1769967403,Quitting job hunt out of frustration. Starting my own thing!,716,0.99,128,0,Economy-Taro8270,1949.1,375.0,38.0,True,False
developersIndia,1r3g6rb,2026-02,1780727093,1770958692,I Resigned from my job without a future plan . Looking to start a new journey.,699,0.99,121,0,nelluripeddareddy,393.1,485.0,119.0,True,False
developersIndia,1r523lk,2026-02,1780727093,1771119766,Tcs 2025 rehiring interview experience no wonder this company is doing so bad,692,0.98,79,0,titan110786,2317.1,5215.0,1539.0,True,False
developersIndia,1r1zh3m,2026-02,1780727093,1770821652,Got asked to Implement LRU Cache with TTL and Write Behind,691,0.99,91,0,happyDODO12,2682.0,425.0,1277.0,True,False
developersIndia,1rg6fi8,2026-02,1780727093,1772198314,I made a tool that plays FAHHH every time you mistype a command,655,0.97,94,0,0xN1nja,1143.8,9253.0,3508.0,True,False
developersIndia,1r4jnkl,2026-02,1780727093,1771072826,What even is Founder's office? And why does it pay less than Frontend?,629,0.98,92,0,ChellJ0hns0n,2108.4,3436.0,18523.0,False,False
developersIndia,1r78wqa,2026-02,1780727093,1771341885,submitting this for my final year project as cse undergrad,624,0.97,47,0,Best-Branch-1845,323.0,931.0,122.0,True,False
developersIndia,1r4db12,2026-02,1780727093,1771050260,"Expected 21–25 LPA, Company Offered 12.5 LPA After Interviews Need Advice",600,0.97,257,0,AsuraBak,1153.0,427.0,316.0,True,False
developersIndia,1r86f1y,2026-02,1780727093,1771429460,"Built this in 3 hours, and I got 71 users overnight!",591,0.98,51,0,Billygin,2660.0,19844.0,203.0,True,False
developersIndia,1r8ufy4,2026-02,1780727093,1771492079,PSA: Amazon India has moved to in-person interviews in 2026,582,0.99,99,0,One-Quality-4207,595.8,658.0,303.0,True,False
developersIndia,1rfd76n,2026-02,1780727093,1772119833,Top 30 list of  companies i will focused for SDE 2 roles,581,0.97,243,0,burner-valley,336.9,3667.0,1780.0,True,False
developersIndia,1r6xlql,2026-02,1780727093,1771306390,Recently made a switch to a product company and I'm feeling so stressed,539,0.98,58,0,KaalaSnow,1340.0,491.0,321.0,True,False
developersIndia,1rf3693,2026-02,1780727093,1772088677,Feels like being a developer quietly changed overnight,535,0.98,102,0,Less_Republic_7876,251.8,303.0,430.0,True,False
developersIndia,1r6o44m,2026-02,1780727093,1771280910,Joining Microsoft at Bengaluru location in a few weeks as a lateral hire. Curious to know about perk,534,0.94,124,0,Think-Surround-498,1989.2,272.0,26.0,True,False
developersIndia,1r327q6,2026-02,1780727093,1770922976,Salary trends in India - from Leetcode Compensation section,492,0.98,45,0,Weird_Search_4723,644.0,504.0,273.0,True,False
developersIndia,1r55slo,2026-02,1780727093,1771131121,Opportunity to internal move from Bangalore to Vancouver.,486,0.96,89,0,Ill_End_1481,1771.0,302.0,-1.0,True,False
IndiaCricket,1r55c0t,2026-02,1780727292,1771129632,"Guys, it's that time of the year again...",6589,0.95,113,0,yellow_pills,1407.8,227862.0,20725.0,True,True
IndiaCricket,1qxez31,2026-02,1780727292,1770376778,Highlights of Vaibhav Sooryavanshi's 175(80) that included 15 sixes!,6031,0.98,208,0,QuickLaw5338,258.6,36054.0,1393.0,True,True
IndiaCricket,1rfvjqu,2026-02,1780727292,1772162657,Rinku Singh's Father has passed away. Our heartfelt condolences to him and his family.,4879,0.99,134,0,DesignerGuava4603,,,,,True
IndiaCricket,1r5jd9t,2026-02,1780727292,1771174018,India thrashed Pakistan in group stage match of ICC Men's T20 World Cup 2026:,4337,0.95,396,0,GiveMeSomeSunshine3,448.8,1815823.0,223800.0,True,True
IndiaCricket,1rakv7v,2026-02,1780727292,1771658641,A cricket match you will never forget?,4206,0.99,153,0,Shady_Unstoppable,,,,,True
IndiaCricket,1qykftb,2026-02,1780727292,1770486811,DID WE JUST SURVIVED A GENERATIONAL HUMBLING?,4094,0.99,204,0,Critical-Metal6483,178.6,6007.0,27319.0,True,True
IndiaCricket,1r3iqmg,2026-02,1780727292,1770967165,R Ashwin suggests a legal loophole to counter Pakistan bowler Usman Tariq's weird action:,4046,0.98,209,0,GiveMeSomeSunshine3,448.8,1815823.0,223800.0,True,True
IndiaCricket,1qssy8s,2026-02,1780727292,1769934457,Bro casually tried his leg spin variation and ishan had no clue,3730,0.98,74,0,Mediocre_Front_6686,987.9,3205.0,287.0,True,True
IndiaCricket,1qxjlxq,2026-02,1780727292,1770389376,"India are the Champions of the ICC U19 World Cup 2026, our 6th U19 Men's WC title.",3298,0.98,111,0,GiveMeSomeSunshine3,448.8,1815823.0,223800.0,True,True
IndiaCricket,1r9z9po,2026-02,1780727292,1771603338,Old but Gold Video. Blast from the Past,3229,0.99,64,0,SilenceStillness,740.1,117315.0,2525.0,True,True
IndiaCricket,1r4db6a,2026-02,1780727292,1771050272,"[Highlights] Pant with the bat, Warne with the mic",3214,0.98,36,0,ChandanPerspective,261.5,12804.0,1785.0,True,False
IndiaCricket,1r5jqis,2026-02,1780727292,1771174885,The Most Underrated Gem Of The Team,3185,0.99,118,0,Shadow_Senpai17,504.1,202442.0,47627.0,True,False
IndiaCricket,1rbs7v9,2026-02,1780727292,1771782271,Damn what a accurate Headline man,3077,0.98,118,0,Ritik2237,,,,,False
IndiaCricket,1qzhf2c,2026-02,1780727292,1770577079,CHAHAL DESERVES AN APOLOGY!!!,3020,0.97,234,0,Existing-Rain-3031,160.7,1214.0,7.0,False,False
IndiaCricket,1qxjyi0,2026-02,1780727292,1770390166,Indian Captains to lift the ICC U19 World Cup over the years:,2771,0.99,84,0,GiveMeSomeSunshine3,448.8,1815823.0,223800.0,True,False
IndiaCricket,1qwrsa6,2026-02,1780727292,1770312991,"Royal Challengers Bengaluru Women are the WPL 2026 Champions, their 2nd consecutive WPL title.",2563,0.97,168,0,GiveMeSomeSunshine3,448.8,1815823.0,223800.0,True,False
IndiaCricket,1r4lsu4,2026-02,1780727292,1771078801,Rahmanullah Gurbaz receives a special gift from Virat Kohli after his stellar performance against So,2522,0.99,47,0,poormasshole,1004.7,74764.0,586.0,True,False
IndiaCricket,1qwfz6h,2026-02,1780727292,1770280596,rohit sharma PITCHES at the MLB,2489,0.98,60,0,Neat-Principle-9682,,,,,False
IndiaCricket,1rgxpa2,2026-02,1780727292,1772268594,Jubilance and Celebrations in the J&amp;K camp after their maiden Ranji Trophy win,2439,0.99,42,0,QuickLaw5338,258.6,36054.0,1393.0,True,False
IndiaCricket,1r837g0,2026-02,1780727292,1771421867,Abhishek departs for his third consecutive duck in the T20 World Cup,2387,0.98,373,0,QuickLaw5338,258.6,36054.0,1393.0,True,False
IndiaCricket,1qukgw6,2026-02,1780727292,1770099866,How the night changes....,2320,1.0,53,0,Inside_One_9147,878.8,240282.0,4686.0,True,False
IndiaCricket,1r959bv,2026-02,1780727292,1771521732,India Lost Just ONE Match in ICC Events Since 2023,2303,0.99,78,0,Knight0479,699.1,13705.0,3952.0,True,False
IndiaCricket,1qvg2s2,2026-02,1780727292,1770183163,MS Dhoni shares his views when asked about RO-KO’s participation in the ODI World Cup 2027,2224,0.99,110,0,Additional-Battle10,513.1,119411.0,4403.0,True,False
IndiaCricket,1r61g12,2026-02,1780727292,1771220912,Ishan on his motivation against Pakistan,1926,0.99,100,0,No-Ingenuity6581,897.0,5184.0,12151.0,True,False
IndiaCricket,1r859go,2026-02,1780727292,1771426864,Yet another clutch 50 from Shivam Dube. 2 fours and 5 sixes in 50*(25),1880,1.0,57,0,QuickLaw5338,258.6,36054.0,1393.0,True,False
IndiaCricket,1rda6vx,2026-02,1780727292,1771919590,"Back when India had the OG middle order: Virat, Raina, Yuvi, and Dhoni India needed 17 off 6.",1832,0.99,46,0,Inside_One_9147,878.8,240282.0,4686.0,True,False
IndiaCricket,1rcgdit,2026-02,1780727292,1771850471,"What are some of best bowler's moment like ""caught and bowled"" or ""Bowl &amp; run out moments""",1815,0.99,37,0,no1premiumfastbowler,110.0,12406.0,1987.0,True,False
IndiaCricket,1r56f14,2026-02,1780727292,1771133201,The best thing about today is that it's the last day of this annoying ad,1786,0.99,102,0,Inside_One_9147,878.8,240282.0,4686.0,True,False
IndiaCricket,1qz774v,2026-02,1780727292,1770552144,"ICC Under-19 Cricket World Cup champions, Team India, receive a grand welcome as they arrive in Mumb",1648,0.99,23,0,Odd-House3197,486.4,448954.0,95605.0,True,False
IndiaCricket,1r6dot3,2026-02,1780727292,1771258131,Scenes yesterday after Abhishek's wicket.,1628,0.99,15,0,drai8084,,,,,False
IndiaCricket,1qwbsd9,2026-02,1780727292,1770266520,MS consistently backing his boys till the end.....,1624,0.98,77,0,Valuable_Ad_6869,1184.3,74274.0,212782.0,True,False
IndiaCricket,1qxdavd,2026-02,1780727292,1770370837,Vaibhav Sooryavanshi smashes 175 (80) in the ICC U19 World Cup 2026 Final.,1529,0.99,157,0,GiveMeSomeSunshine3,448.8,1815823.0,223800.0,True,False
IndiaCricket,1r5flrs,2026-02,1780727292,1771164761,Ishan Kishan dismissed after an outstanding innings of 77 (40),1446,0.99,96,0,GiveMeSomeSunshine3,448.8,1815823.0,223800.0,True,False
IndiaCricket,1rgto2n,2026-02,1780727292,1772254744,OTD: Virat Kohli’s unforgettable 133 off 86 vs Sri Lanka — chased 320 in just 37 overs at Hobart (20,1430,0.99,75,0,Tera_hone_laga_hoon,,,,,False
bollywood,1quhby9,2026-02,1780727500,1770090187,Dhurandhar 2: The Revenge Official Poster,2558,0.96,124,0,GiveMeSomeSunshine3,448.8,1815823.0,223800.0,True,True
bollywood,1r4cp1e,2026-02,1780727500,1771048255,When a director stops challenging himself...,2408,0.98,145,0,stan_films,677.3,20230.0,20248.0,False,True
bollywood,1r74twk,2026-02,1780727500,1771331706,"Just watched Piku, hard to believe this is the same guy from Deewar, what a range! 😲",2363,0.99,88,0,Top-Chapter5705,,,,,True
bollywood,1re9k3n,2026-02,1780727500,1772014887,"Ranbir has had an appearance with all 3 khans in his movies or theirs, a rare phenomena",2082,0.98,96,0,Jazzlike_League_480,396.7,10978.0,7359.0,False,True
bollywood,1qzc6ho,2026-02,1780727500,1770565396,Why Shahid never in discussion along with Ranbir &amp; Ranveer?,1859,0.97,210,0,reddevil0394,189.5,605.0,0.0,True,True
bollywood,1qttxr2,2026-02,1780727500,1770035939,Dhurandhar 2 teaser tomorrow,1600,0.97,167,0,WolfAffectionatefk,508.9,53511.0,3142.0,True,True
bollywood,1r4959j,2026-02,1780727500,1771037569,"In 2013, on a 90 CR budget Krrish3, vfx_redchillies delivered VFX that was way ahead of its time Thi",1460,0.97,98,0,Left_Bee5657,1807.6,311915.0,7678.0,True,True
bollywood,1rd87n4,2026-02,1780727500,1771912815,Bhooth Bangla Official Poster,1409,0.96,159,0,YashrajMittal,352.0,29682.0,1711.0,True,True
bollywood,1r3hobr,2026-02,1780727500,1770963477,"So far, the only Bollywood actor to deliver a solo HIT at the age of 77, that too without a franchis",1341,0.98,90,0,Downtown-Row-2593,,,,,True
bollywood,1rbpr73,2026-02,1780727500,1771776711,Dhurandhar is Aditya Dhar's tribute to Ram Gopal Varma's Satya,1301,0.97,46,0,GiveMeSomeSunshine3,448.8,1815823.0,223800.0,True,True
bollywood,1r4pjyj,2026-02,1780727500,1771087973,Movies that are brutal as f*ck.. (inframe:Shakti),1226,0.99,156,0,Neo_The_bluepill_One,2302.0,206379.0,57858.0,True,False
bollywood,1r63opq,2026-02,1780727500,1771228635,"Remake or original? (Purely talking about the characters, not the film)",1177,0.96,146,0,Downtown-Row-2593,,,,,False
bollywood,1qy4qgt,2026-02,1780727500,1770440206,Movies carried by a single actor,1146,0.97,99,0,Alarming-Basil2894,247.9,3408.0,11395.0,True,False
bollywood,1r6um5z,2026-02,1780727500,1771297523,"Aditya Chopra told Aamir Khan, ""You guys have made a fanastic film. No one will be able to stop it o",1145,0.97,133,0,stan_films,677.3,20230.0,20248.0,False,False
bollywood,1r7ucn6,2026-02,1780727500,1771392113,Bollywood adaptation I prefer over their Hollywood counterparts,946,0.92,269,0,Alarming-Basil2894,247.9,3408.0,11395.0,True,False
bollywood,1ragixe,2026-02,1780727500,1771644726,"Opinion: KHNH has one of the most brutally tragic, heartbreaking and unfair endings I've ever seen i",895,0.93,111,0,Electronic-Glove-714,258.0,2778.0,75.0,False,False
bollywood,1r8bby0,2026-02,1780727500,1771439947,Shudhh Desi Romance was too ahead of it's time,858,0.96,63,0,shyamex,5435.8,8323.0,16107.0,True,False
bollywood,1qymvq4,2026-02,1780727500,1770492342,"One of the things I like about commercial Hindi Cinema is that when it's written good, the villains ",802,0.96,56,0,UndeadReborn,691.5,93436.0,79847.0,True,False
bollywood,1qsmlda,2026-02,1780727500,1769914632,Madhavan just had his biggest year in Bollywood with more releases than any other actor playing five,788,0.99,16,0,DrShail,2263.7,50444.0,35740.0,True,False
bollywood,1qsw1y7,2026-02,1780727500,1769945236,YRF Frenchise 3rd movie curse,750,0.98,82,0,Red99it,2305.7,68195.0,35743.0,True,False
bollywood,1qwgon6,2026-02,1780727500,1770283308,"Just wondering, Abhishek has a similar genetic build, so why wasn’t he as physically expressive or f",740,0.92,163,0,Downtown-Row-2593,,,,,False
bollywood,1re8dgm,2026-02,1780727500,1772010589,Khatta Meetha isn’t just a movie; it feels more like a documentary that shows how much hard work goe,739,1.0,30,0,0Layscheetoskurkure0,311.0,442360.0,5975.0,False,False
bollywood,1qvdflz,2026-02,1780727500,1770175510,Is Sunny Deol actually a good actor?,694,0.94,193,0,ShaheerShaz,2406.7,787.0,271.0,True,False
bollywood,1r0rt2a,2026-02,1780727500,1770699835,Zindagi na Milegi Dobara Sequel Update,659,0.98,64,0,Ready_Ad_1353,1463.8,106475.0,31067.0,True,False
bollywood,1rcbrlr,2026-02,1780727500,1771834465,"Forget SRK, Ranveer - Let the OG Don get his dignified ending.",657,0.96,57,0,thereelmeerka,2043.7,240.0,26.0,True,False
IndianStockMarket,1qsrlpu,2026-02,1780727696,1769929811,Union budget 2026 summarised,938,0.95,102,0,Empty-Leg-1351,189.3,762.0,370.0,True,True
IndianStockMarket,1r8usw2,2026-02,1780727696,1771493418,That one bro after NIFTY50 hit -1%,851,0.99,21,0,Sea-Cartographer-883,1770.4,4092.0,10567.0,True,True
IndianStockMarket,1r9oobh,2026-02,1780727696,1771571571,"Asbestos is deadly, kills lakhs every year, still used in India — after the latest Veritasium video,",761,0.99,54,0,PaintTheRed,417.0,2661.0,2607.0,True,True
IndianStockMarket,1rh90yj,2026-02,1780727696,1772301002,Get ready for humiliation 🩷,613,0.98,58,0,Subash_666,2463.3,17798.0,463.0,True,True
IndianStockMarket,1rf1h1y,2026-02,1780727696,1772083001,How a former branch manager pulled off a ₹590 crore fraud at IDFC First Bank and got caught,602,0.88,62,0,Shinchaaaaaaan,,,,,True
IndianStockMarket,1quhyt0,2026-02,1780727696,1770092018,"Woke up to +7% portfolio, thought I was still dreaming 😭📈",569,0.95,66,0,Shivam_34,716.8,883.0,278.0,True,True
IndianStockMarket,1qsvdrp,2026-02,1780727696,1769942929,"NIFTY 50 returns a massive 0% INR returns from July 19, 2024 (1.5 years) to now",565,0.95,104,0,Classic_Reference_10,1806.2,2961.0,18613.0,True,True
IndianStockMarket,1r3jdp7,2026-02,1780727696,1770969556,Warren Buffet is expecting Market crash.,545,0.94,84,0,vlad7208,690.1,1600.0,7768.0,True,True
IndianStockMarket,1r13b08,2026-02,1780727696,1770736237,Mass Layoffs at Angel One that they are trying to hide,543,0.98,38,0,Cold_Alternative_517,588.9,11755.0,1747.0,True,True
IndianStockMarket,1r4hkta,2026-02,1780727696,1771065760,1 Cr. Portfolio Review: Major consolidation and Reduction of Metals,526,0.97,154,0,chitownboyhere,3929.6,2427.0,20139.0,True,True
IndianStockMarket,1qusrb7,2026-02,1780727696,1770127422,China's Growth in 20 years in Crazy 🔥,499,0.98,51,0,kingslayer_314,1141.0,299.0,16.0,False,False
IndianStockMarket,1re5z7l,2026-02,1780727696,1772001915,"Why ₹ 10L investment in shares attract tax notice, someone enlighten me",469,0.97,51,0,TimeVendor,3712.0,254335.0,51860.0,True,False
IndianStockMarket,1rbptic,2026-02,1780727696,1771776855,I lost ₹4.5 lakhs in 2 days. I thought I was experienced. I wasn’t,425,0.95,146,0,Future-Charge470,266.8,194.0,52.0,True,False
IndianStockMarket,1qsqfno,2026-02,1780727696,1769925894,Budget 2026 (Megathread),421,0.97,385,0,CarelessMango1604,1599.8,445.0,1795.0,True,False
IndianStockMarket,1qweque,2026-02,1780727696,1770276010,Mods please ban silver gold portfolios temporarily,394,0.9,52,0,Ok_Ice_814,285.8,394.0,2310.0,True,False
IndianStockMarket,1qwjepi,2026-02,1780727696,1770292805,Important reminder: Keep emergency fund ready,394,0.9,113,0,Sad_Pie227,151.3,477.0,1647.0,True,False
IndianStockMarket,1qssz80,2026-02,1780727696,1769934553,Became a Big FOOL and Lost 3.6 lakhs INR by investing in Nippon Gold ETF at ATH Price,335,0.93,181,0,Acrobatic-Health2681,523.7,10517.0,2917.0,False,False
IndianStockMarket,1qsqy4u,2026-02,1780727696,1769927563,"Budget: All i can hear, nagar nigam bonds, gareeb, SC/ST and kisaan. rest is just shit",321,0.91,61,0,Lazy_Measurement_696,716.2,151.0,154.0,True,False
indiaspeaks,1rc8s0j,2026-02,1780727910,1771824063,"Indian Army sniffer dog Tyson suffered 1st bullet injury in Kishtwar encounter, but kept going, help",3337,0.99,50,0,SatoruGojo232,864.4,2347967.0,240368.0,True,True
indiaspeaks,1qutlky,2026-02,1780727910,1770129455,"Agra man Vishnu Tiwari, aged 43, finally walks free after 20 years of being wrongly imprisoned for a",3250,0.99,111,0,SatoruGojo232,864.4,2347967.0,240368.0,True,True
indiaspeaks,1rh9f73,2026-02,1780727910,1772301913,Indian defence system during op sindoor!!!,2982,0.98,79,0,SomewhereTechnical82,1071.8,25069.0,1918.0,True,True
indiaspeaks,1rei8ws,2026-02,1780727910,1772037517,PM Narendra Modi has now been honoured by both Israel &amp; Palestine with top honors.,2933,0.97,100,0,GiveMeSomeSunshine3,448.8,1815823.0,223800.0,True,True
indiaspeaks,1rh2w1j,2026-02,1780727910,1772285971,"Indian Students in War-Zones, every single time:",2858,0.95,48,0,GiveMeSomeSunshine3,448.8,1815823.0,223800.0,True,True
indiaspeaks,1r40gfp,2026-02,1780727910,1771015121,"Pro UGC protest Mob surrounds a GC woman, Ruchi Tiwari shouting “Remove her clothes!” ""abuse her"" ev",2688,0.96,160,0,ReichReiching007,138.5,70289.0,6064.0,True,True
indiaspeaks,1rant9g,2026-02,1780727910,1771669404,When a gunda chappari becomes a CM,2591,0.98,111,0,Hour_Teaching9993,404.9,35758.0,17484.0,True,True
indiaspeaks,1qz9hu1,2026-02,1780727910,1770558841,Found this in Bangalore today.,2448,0.91,168,0,1more7,1257.4,13517.0,12602.0,False,True
indiaspeaks,1rc3war,2026-02,1780727910,1771809873,How to spot a Bail Buddhi 🐂🐂🧠🧠,2314,0.99,81,0,Firm-Highlight-6782,1892.7,7485.0,9053.0,True,True
indiaspeaks,1r8182u,2026-02,1780727910,1771416356,Students from Galgotias University presented a drone constructed from thermocol at the international,2097,0.98,161,0,New-Smell8084,955.5,23910.0,4210.0,True,True
indiaspeaks,1rcxqw9,2026-02,1780727910,1771889429,I have no words what is happening. Today I was happy but until I saw this. I don't have words what t,2077,1.0,51,0,AnimeWallpaperClub,276.4,58517.0,2411.0,True,False
indiaspeaks,1r3kqx5,2026-02,1780727910,1770974747,Child with cerebral palsy asked to leave park in Delhi... Are public spaces actually accessible in I,1924,0.99,58,0,Old-Engineering-9232,292.0,10918.0,12691.0,True,False
indiaspeaks,1qzxnb3,2026-02,1780727910,1770621194,"Never forgive, never forget these monsters",1884,0.99,41,0,Average_Sujjal,,,,,False
indiaspeaks,1r9qfk5,2026-02,1780727910,1771578209,This is heartwarming,1836,0.99,13,0,New-Smell8084,955.5,23910.0,4210.0,True,False
indiaspeaks,1rg7vhg,2026-02,1780727910,1772201832,Ex muslim critical salim wastik was brutally attacked by islamist today,1763,0.98,75,0,Signal_Tomato_4855,,,,,False
indiaspeaks,1r0594a,2026-02,1780727910,1770646399,Labourer who first saw the buried biker has been arrested for not telling the police.,1697,0.99,65,0,imfrom_mars_,364.3,1200775.0,9637.0,True,False
indiaspeaks,1re44hg,2026-02,1780727910,1771996003,"""Had I not intervened, the Pakistani PM would have been killed by India during Operation Sindoor"" - ",1694,0.96,54,0,SomewhereTechnical82,1071.8,25069.0,1918.0,True,False
indiaspeaks,1r1pb6f,2026-02,1780727910,1770789340,Caught On Drone Cam: Parents Pass Chits To Students During Exam In Maharashtra,1693,0.99,43,0,SatoruGojo232,864.4,2347967.0,240368.0,True,False
indiaspeaks,1qvigda,2026-02,1780727910,1770191278,13 year old girl was rescued after being found locked inside a bed storage box during a raid,1689,1.0,59,0,Ok-Equivalent3810,728.6,420058.0,61378.0,False,False
indiaspeaks,1r0tq4a,2026-02,1780727910,1770706097,"""Thakur hu"" Hdfc employee full context",1681,0.94,166,0,habitual-offender,,,,,False
indiaspeaks,1ra3axu,2026-02,1780727910,1771612084,"CCTV shocker: Told not to smoke while refuelling, man sparks inferno at Raipur petrol pump",1644,0.99,55,0,SatoruGojo232,864.4,2347967.0,240368.0,True,False
indiaspeaks,1r5jk2z,2026-02,1780727910,1771174461,They should’ve just stuck to the boycott call to avoid yet another humiliation in World Cups.,1636,0.97,46,0,Party-Bet-4003,2174.9,53797.0,38344.0,True,False
indiaspeaks,1r5l7jl,2026-02,1780727910,1771178295,It’s that time of the year when Television starts breaking in Pakistan,1619,0.99,47,0,neerajanchan,2094.8,170157.0,19510.0,True,False
indiaspeaks,1r6wg8c,2026-02,1780727910,1771302818,Bajrang dal confronted nadeem ansari for the abusive remarks on a hindu woman and the guy nadeem han,1619,0.96,68,0,Signal_Tomato_4855,,,,,False
IndiaInvestments,1qti8eb,2026-02,1780728111,1769998354,"This govt is a band of beggars and thieves, SGB new taxation proves it",857,0.96,177,0,codittycodittycode,2701.7,1352.0,10928.0,True,True
IndiaInvestments,1rgwnmn,2026-02,1780728111,1772264811,The stock market has kept me afloat during this time of unemployment,485,0.95,69,0,rajeshbhat_ds,2483.3,139729.0,16228.0,True,True
IndiaInvestments,1r2jerg,2026-02,1780728111,1770869003,RBI to Roll Out Stricter Mis-Selling Rules from July 1 ... Full Refunds + Ban on Dark Patterns,163,0.98,16,0,Tris_Memba,641.5,48815.0,19735.0,True,True
IndiaInvestments,1r04q07,2026-02,1780728111,1770645078,"Indian equities set for re‑rating, Sensex could hit 1,07,000 by 2026 end in bull case, Morgan Stanle",124,0.89,21,0,Tris_Memba,641.5,48815.0,19735.0,True,True
IndiaInvestments,1r1sde3,2026-02,1780728111,1770800290,"Is Financial Independence, Retire Early (FIRE) Concept being oversold ?",97,0.9,48,0,DjXer007_,1964.9,1002.0,19821.0,True,True
IndiaInvestments,1qsyklx,2026-02,1780728111,1769952808,Budget 2026: Foreigners Can Buy Indian Stocks Directly Now. Heres the Fine Print,95,0.99,6,0,sharedevaaste,2030.8,125749.0,21933.0,True,True
IndiaInvestments,1r0s7sh,2026-02,1780728111,1770701110,"NSE cautions STT hike on equity futures could harm long-term investors, urges review",89,0.95,18,0,sharedevaaste,2030.8,125749.0,21933.0,True,True
IndiaInvestments,1rcc5d9,2026-02,1780728111,1771835930,portfolio down 18% this month. how are you guys doing lol,68,0.86,39,0,CremeAccomplished610,284.7,17143.0,282.0,True,True
IndiaInvestments,1rfgfg9,2026-02,1780728111,1772126850,"SEBI Overhauls Mutual Fund Framework : Solution Funds Gone, Life Cycle Funds In + Stricter Rules!",66,0.97,16,0,Tris_Memba,641.5,48815.0,19735.0,True,True
IndiaInvestments,1rfx99x,2026-02,1780728111,1772167710,Linde gave away some of its Indian assets to a fully-owned subsidiary. After almost 2 years of confl,65,0.98,2,0,tareekpetareek,1978.0,9234.0,1589.0,True,True
IndiaInvestments,1qx7x31,2026-02,1780728111,1770352239,Could FIIs finally come back to India after tariff cuts and trade deals with the UK/EU/US?,53,0.81,20,0,Tris_Memba,641.5,48815.0,19735.0,True,False
IndiaInvestments,1qxc8d4,2026-02,1780728111,1770366708,RBI keeps repo rate unchanged at 5.25%. How will this impact the economy and the market?,45,0.92,5,0,Tris_Memba,641.5,48815.0,19735.0,True,False
IndiaInvestments,1rg9ppk,2026-02,1780728111,1772206122,"India’s Q3 GDP at 7.8% under new methodology, what it means for growth &amp; long-term investing?",41,0.9,6,0,Tris_Memba,641.5,48815.0,19735.0,True,False
IndiaInvestments,1rcrxs9,2026-02,1780728111,1771876429,State of the Sub: We Want Your Input on Where We Go From Here,39,0.97,9,0,reo_sam,5134.2,1987.0,6561.0,True,False
IndiaInvestments,1qtsjl0,2026-02,1780728111,1770031706,Do insurance companies treat even minor report findings that didn't need any treatment as pre-existi,35,1.0,13,0,dopplegangery,2150.0,1792.0,18195.0,True,False
IndiaInvestments,1r00do5,2026-02,1780728111,1770631519,Which MF app lets you create truly separate portfolios for different goals?,34,0.97,25,0,MranonymousSir,1599.5,30646.0,21187.0,True,False
IndiaInvestments,1rffa2f,2026-02,1780728111,1772124378,Getting Married? Best optimization tips for existing Health Insurance,18,0.86,2,0,batfan47,1495.8,4.0,3.0,True,False
IndiaInvestments,1rfv3xe,2026-02,1780728111,1772161444,SIP cancellation requested but amount still deducted – does it take a month to stop?,13,0.83,5,0,Majestic-Taro-6903,259.1,4751.0,1316.0,True,False
IndiaInvestments,1r2wztj,2026-02,1780728111,1770911477,CPC Updated PAN to NRI but NSDL PROTEAN Portal Still Shows Citizenship Mismatch,10,0.86,16,0,Intelligent-Men,114.1,2.0,3.0,True,False
IndiaInvestments,1rfffzv,2026-02,1780728111,1772124737,How is premature closure penalty calculated in a fixed deposit with monthly interest payout?,9,1.0,5,0,insane-67,2332.1,3487.0,20176.0,True,False
IndiaInvestments,1rftp3r,2026-02,1780728111,1772157619,"Summary of SEBI Circular on Categorization and Rationalization of Mutual Fund Schemes - February 26,",9,0.91,3,0,henry_david_thoreau_,1624.7,59.0,114.0,True,False
IndiaInvestments,1rccl0c,2026-02,1780728111,1771837554,Is financial planning stressful because money decisions feel permanent?,8,1.0,9,0,Relative-Narwhal-362,102.9,1.0,0.0,True,False
IndiaInvestments,1rgghcv,2026-02,1780728111,1772220824,We built a Gruelling Financial Test for r/IndiaInvestments. It has One Question.,2,0.53,7,0,reo_sam,5134.2,1987.0,6561.0,True,False
IndiaInvestments,1rf1bf9,2026-02,1780728111,1772082500,I lived like a king on Day 1 and like a monk on Day 25.,0,0.28,5,0,FintraHq,100.2,1.0,0.0,True,False
AskIndia,1qy5dqf,2026-02,1780728290,1770442200,Why are people not comprehending the Modi mention in the Epstein files?,865,0.88,186,0,Kitli_99,985.4,3839.0,8548.0,True,True
AskIndia,1r10zkp,2026-02,1780728290,1770730760,How is India still a country?,697,0.87,363,0,Shot_Radish7043,,,,,True
AskIndia,1r5bjcn,2026-02,1780728290,1771151846,"As a Kashmiri, I want to ask Indians: What do you genuinely think about us?",494,0.82,586,0,camphorly,119.6,25560.0,294.0,False,True
AskIndia,1qz88k7,2026-02,1780728290,1770555401,Why do arrange marriage folks pretend to the world that their marriage is a love marriage?,412,0.89,236,0,Phatballz39,712.8,11791.0,6484.0,True,True
AskIndia,1qtllil,2026-02,1780728290,1770007688,What was the best dabba/school lunch you always looked forward to?,396,0.97,691,0,beautifullifede,2970.5,104895.0,15707.0,True,True
AskIndia,1qsn9mx,2026-02,1780728290,1769916502,The latest released Epstein files reaction by Indians tells how delusional we are,380,0.87,70,0,Equivalent_Can_4029,474.9,5857.0,1475.0,False,True
AskIndia,1r0rdrs,2026-02,1780728290,1770698565,Why is public peeing by men so normal in India?,349,0.93,172,0,miadeoAnbu,1186.8,182.0,377.0,True,True
AskIndia,1qy5jdr,2026-02,1780728290,1770442692,"Why people are giving the 3 girl sui*ide a ""korean drama addiction"" angle?",326,0.98,27,0,nullparadoxxx,165.6,7575.0,2392.0,True,True
AskIndia,1qzosi7,2026-02,1780728290,1770594572,How did India's spirituality survive British colonization?,324,0.91,147,0,Enough_Set591,538.4,1501.0,583.0,True,True
AskIndia,1r03jw4,2026-02,1780728290,1770641954,"If you could restart your career, what would you do differently?",309,0.99,583,0,Top_Tough_3779,628.9,304.0,64.0,False,True
AskIndia,1r23kg4,2026-02,1780728290,1770830770,What is a clear sign of extremely low level of intelligence??,307,0.93,556,0,TaroZestyclose1690,288.7,37697.0,7056.0,True,False
AskIndia,1qx3m94,2026-02,1780728290,1770340191,Why doesn’t India have a single university in the world’s top 100?,302,0.94,106,0,GroundbreakingBad183,2011.2,74392.0,18972.0,True,False
AskIndia,1qwklsx,2026-02,1780728290,1770296319,A true story from my neighborhood that still gives me chills.,296,0.99,26,0,Bringmethanos12,900.7,2102.0,4309.0,True,False
AskIndia,1qzxyu9,2026-02,1780728290,1770622351,Why doctors marry doctors in india?,280,0.91,169,0,Jazzlike-Reward-2125,1596.9,725.0,240.0,True,False
AskIndia,1rh9xku,2026-02,1780728290,1772303083,Why is Iran att@cking other middleeast countries? I have Dubai flight next month,259,0.76,175,0,fitfighter007,160.7,11318.0,4750.0,True,False
AskIndia,1re2dw4,2026-02,1780728290,1771990936,Why isn't any of the IIT's present in the list of top 100 universities of world?,252,0.92,109,0,Ranger_Hawk3046,390.1,123299.0,57317.0,True,False
AskIndia,1qst0au,2026-02,1780728290,1769934657,What’s the most out of touch rich people thing you have seen living in India,242,0.95,230,0,Awkward-Froyo315,183.6,413.0,179.0,True,False
AskIndia,1rbcb98,2026-02,1780728290,1771734514,Whats the most embarrassing nsfw act you have experienced or been part of ?,219,0.87,153,0,NecessaryOk121,,,,,False
AskIndia,1qysz35,2026-02,1780728290,1770507160,Infidelity in Indian households- A big curiosity,209,0.91,103,0,humour_professor,227.8,167.0,587.0,True,False
ipl,1rb0uky,2026-02,1780728484,1771703883,19 year old Sanju Samson welcomed back to college after IPL,6848,0.99,97,0,scar779,1703.2,2685.0,393.0,True,True
ipl,1qzfyrk,2026-02,1780728484,1770573896,Best stadium in india ???,4665,0.98,144,0,Spidey_JD,457.1,21292.0,17026.0,True,True
ipl,1qwu10b,2026-02,1780728484,1770317757,Who would have believed it 2 years ago??,3091,0.98,61,0,InternationalOil7440,265.1,7769.0,876.0,True,True
ipl,1r4c6an,2026-02,1780728484,1771046594,Look who's gonna appear for 10th boards exam on 17th Feb!,2936,0.98,155,0,cricfanatic4518,335.1,226768.0,13758.0,True,True
ipl,1rebp44,2026-02,1780728484,1772021966,Delhi Capitals this year&gt;,2792,0.99,57,0,Inside_One_9147,878.8,240282.0,4686.0,True,True
ipl,1raon82,2026-02,1780728484,1771672434,"Back to 2021, when Kohli forgets that he has won the toss! Kohli:- “i'm not used to winning tosses!”",2782,0.99,36,0,Inside_One_9147,878.8,240282.0,4686.0,True,True
ipl,1r60le4,2026-02,1780728484,1771218210,"Damnnn, rinku is our best fielder man",2392,0.99,54,0,SalaryEducational323,,,,,True
ipl,1r83uw4,2026-02,1780728484,1771423470,Sanju Samson has more World Cup trophies than Abhishek Sharma has runs in the World Cup.,2365,0.98,91,0,Expensive-Hamster161,670.9,7501.0,15190.0,True,True
ipl,1raw3q7,2026-02,1780728484,1771692887,Yuvi hattrick of sixes against yuzi.,1734,0.99,46,0,Inside_One_9147,878.8,240282.0,4686.0,True,True
ipl,1r3iqtj,2026-02,1780728484,1770967184,"CSK COOKED BABYYY, MASTERSTOKE STRATAGY",1672,0.98,44,0,Spare_Whereas1585,231.1,3542.0,4266.0,True,True
ipl,1r6ffpk,2026-02,1780728484,1771261880,DC uncle really cooked the auction it seems,1639,0.99,34,0,Ursknownstranger,,,,,False
ipl,1r9shdj,2026-02,1780728484,1771585501,Last Over of The 2008 DLF IPL final,1622,0.99,68,0,Inside_One_9147,878.8,240282.0,4686.0,True,False
ipl,1razqk5,2026-02,1780728484,1771701187,Lines that still haunt (and hurt) KKR fans.,1551,0.98,74,0,cricfanatic4518,335.1,226768.0,13758.0,True,False
ipl,1r0zj3h,2026-02,1780728484,1770726870,"When Dhoni almost pulled off the impossible… For a moment, the impossible blinked.",1505,0.98,67,0,Inside_One_9147,878.8,240282.0,4686.0,True,False
ipl,1r4n64q,2026-02,1780728484,1771082237,Kolkata knight riders are the champions of pepsi IPL 2014 &amp; he is off shahrukh celebrating…what ,1378,0.98,40,0,Inside_One_9147,878.8,240282.0,4686.0,True,False
ipl,1rell0i,2026-02,1780728484,1772044369,Richest cricket league. Worst team brandings,1284,0.98,97,0,Dense_Regret4424,1940.2,5096.0,2314.0,True,False
ipl,1qvnp3l,2026-02,1780728484,1770209377,"SUPREME COURT WANTS CRICKET BODIES SHOULD HAVE EX-CRICKETRS - Supreme Court said ""Cricket Associatio",1147,0.97,165,0,Hot_Currency_5700,141.9,5381.0,547.0,True,False
ipl,1r6z71i,2026-02,1780728484,1771311726,We had a good auction for once....,1067,0.99,43,0,MrCoolBoy001,1643.2,79336.0,124832.0,True,False
ipl,1qxc8he,2026-02,1780728484,1770366721,The RCB fandom’s 'MATH' is always legendary guys!,1049,0.92,115,0,Reindeer_Relative,2001.0,11942.0,8759.0,True,False
ipl,1rbjoxp,2026-02,1780728484,1771760294,"Pure nostalgia, Found my full 1st edition 2011 cricketattax collection",1043,1.0,36,0,Accomplished-Cry1420,1246.5,7070.0,4415.0,True,False
ipl,1rcfb5k,2026-02,1780728484,1771847163,"When Mumbai needed 11 runs in 3 balls to win, Rohit finished the match with 6, 2, 6.",1019,0.99,34,0,Inside_One_9147,878.8,240282.0,4686.0,True,False
IndiaTech,1r8ttkt,2026-02,1780728682,1771489732,Galgotians in AI Summit,16436,0.97,217,0,Much-Mess7627,126.1,11053.0,8337.0,True,True
IndiaTech,1r3pc92,2026-02,1780728682,1770989797,Absolutely Legend 💪🏻 ( best part - Not in Epstein files),10300,0.99,142,0,aryanpote7,539.9,134288.0,10455.0,True,True
IndiaTech,1rgd87j,2026-02,1780728682,1772213655,aww 🥹,10188,0.98,300,0,iritul,648.1,31522.0,8472.0,True,True
IndiaTech,1r2svue,2026-02,1780728682,1770901463,We are the last torrent gen,8608,0.98,489,0,Sharp-potential7935,310.8,3025126.0,31936.0,True,True
IndiaTech,1r4m272,2026-02,1780728682,1771079464,There are two types of IITIAN. First one is the reason why I’ve YouTube And second one is the reason,7580,0.98,339,0,Adam_Lame,142.8,3706.0,614.0,True,True
IndiaTech,1rdh03b,2026-02,1780728682,1771941653,Such an irritating Feature!,6903,0.99,129,0,aryanpote7,539.9,134288.0,10455.0,True,True
IndiaTech,1r1l71b,2026-02,1780728682,1770777325,Faaakkk is this possible?,5935,0.97,249,0,Exotic_Tomatillo_695,1481.9,16469.0,1055.0,True,True
IndiaTech,1qxuc5i,2026-02,1780728682,1770412933,indian colleges are doomed,5282,0.97,242,0,Local-Bison-4392,1439.5,28506.0,132.0,True,True
IndiaTech,1r815bz,2026-02,1780728682,1771416127,"Galgotia University has also displayed a drone model made of thermocol, wrapped in foil, and tied to",5023,0.98,327,0,Leading_Scheme2720,167.4,7489.0,518.0,True,True
IndiaTech,1qzop0n,2026-02,1780728682,1770594302,Brave is absolutely GOATed,5022,0.99,101,0,ConstructionAny8440,1725.9,1171060.0,83036.0,True,True
IndiaTech,1r89bo8,2026-02,1780728682,1771435657,No way Galgotia had a seprate block for AI😭😭,5012,0.99,201,0,Altruistic_Hat3337,912.2,24253.0,937.0,True,False
IndiaTech,1rcc8kx,2026-02,1780728682,1771836268,New S26 ULTRA display technology destroys apple,4416,0.94,304,0,Time-Credit43,149.5,98763.0,4553.0,True,False
IndiaTech,1r1rf30,2026-02,1780728682,1770796731,All Editors Bow To Vs Code,4415,0.91,465,0,Admirable-Emphasis54,828.8,14162.0,437.0,True,False
IndiaTech,1qus1o8,2026-02,1780728682,1770125635,"Microsoft, bro.. 😭",4352,0.98,77,0,Capable-Foot6268,416.7,3496.0,97.0,True,False
IndiaTech,1rau8y7,2026-02,1780728682,1771688522,All the corrupt/rejected corporations and evil billionaires will go to India to set up shop once the,3712,0.96,181,0,Artetaarmy,2086.8,47113.0,29416.0,True,False
IndiaTech,1qz95va,2026-02,1780728682,1770557963,Mr Gadkari did an excellent job to improve transparency and let us report the contractors 🙌😂,3614,0.98,112,0,HotReputation3911,759.0,2079.0,926.0,True,False
IndiaTech,1rh59lf,2026-02,1780728682,1772292056,Sim-biding starts from tomorrow,3495,0.95,153,0,Sherdukpen_Mizo,2633.3,11448.0,2184.0,True,False
IndiaTech,1rcp8wa,2026-02,1780728682,1771870761,Data centres could make this entire country more dystopian.,3471,0.99,141,0,mined_it,3501.6,44373.0,31060.0,True,False
IndiaTech,1r7c8u6,2026-02,1780728682,1771348625,A closer look at the Unitree Go2 showcase in Delhi,3202,0.98,156,0,Doranathbhakt,301.8,23511.0,17558.0,True,False
IndiaTech,1rbdmcu,2026-02,1780728682,1771738691,"SAM ALTMAN: ""People talk about how much energy it takes to train an Al model ... But it also takes a",2573,0.93,336,0,Express-World-8473,,,,,False
IndiaTech,1r7xc4p,2026-02,1780728682,1771402582,Another innovation of galgotia university,2455,0.98,142,0,Snehith220,1139.9,517111.0,21021.0,True,False
IndiaTech,1rg10kl,2026-02,1780728682,1772180382,This is some next level stabilisation on S26 ultra,2379,0.97,109,0,Eunoiabunny,553.5,9874.0,8841.0,True,False
IndiaTech,1rgxsez,2026-02,1780728682,1772268904,Nano banana 2 . It's over for designers,2255,0.97,85,0,Soggy_Benefit4732,603.2,35654.0,5084.0,True,False
IndiaTech,1r1zt3f,2026-02,1780728682,1770822418,Found this 😂🤣,2223,0.98,47,0,Upper_Economist_7169,318.8,22682.0,101.0,True,False
IndiaTech,1r8uqhp,2026-02,1780728682,1771493170,"While Galgotias got the headlines for all the wrong reasons, here’s what actually happened at the AI",2214,0.97,72,0,Perfect_Ranger5034,238.8,1909.0,248.0,True,False
IndiaTech,1qvnvhg,2026-02,1780728682,1770209877,Android app that shows details of current 543 MPs.,2147,0.99,154,0,drunkmemer69,1893.6,1223.0,819.0,True,False
IndiaTech,1qxi9y1,2026-02,1780728682,1770386168,Kare to kare kya bole to bole kya🥀🙂,2054,0.96,267,0,According-Spot-6093,892.8,9905.0,859.0,True,False
IndiaTech,1qtrf1r,2026-02,1780728682,1770027841,"Tonight on, ""Of all things that didn't happen"" , this one definitely didn't happen",1986,0.98,116,0,Lost-Department2126,2131.0,4654.0,1438.0,True,False
IndiaTech,1rbqwsp,2026-02,1780728682,1771779338,Screwdriver technology 🤣,1967,0.98,77,0,tony__starck,173.1,24592.0,4831.0,True,False
IndiaTech,1qx5wch,2026-02,1780728682,1770346399,"Who tf is Sachin? Anyway, thankyou sachin",1951,0.93,284,0,puddingsup1st,2057.9,9176.0,2227.0,True,False
IndiaTech,1rgz2lp,2026-02,1780728682,1772273732,SIM binding for chat applications.,1923,0.98,55,0,InsideResolve4517,525.8,8722.0,9450.0,True,False
IndiaTech,1r22tdl,2026-02,1780728682,1770829170,Unskippable 37min Ad on Zee5 OTT,1907,0.99,85,0,MeTejaHu,1357.2,7665.0,59811.0,True,False
IndiaTech,1r3rboe,2026-02,1780728682,1770994665,So relatable,1822,1.0,20,0,ConstructionAny8440,1725.9,1171060.0,83036.0,True,False
IndiaTech,1r7fvy2,2026-02,1780728682,1771356163,Man the lighting show can be this good in india unbelievable,1646,0.98,66,0,hidmabutcherlikepig,,,,,False
IndiaTech,1rf7swe,2026-02,1780728682,1772105558,Great new feature I would say,1643,0.98,56,0,osyhere,1462.6,9215.0,1261.0,True,False
IndiaTech,1r8qi5d,2026-02,1780728682,1771478096,This happened the Same Day in China Wipro and Galgotia were pretending a Chinese Robot was theirs.,1600,0.97,116,0,Significant-Sky2898,172.6,33900.0,3396.0,True,False
IndiaTech,1r0xhrl,2026-02,1780728682,1770720258,Bro just disappeared like he was never part of the history.,1569,0.99,72,0,aryanpote7,539.9,134288.0,10455.0,True,False
IndiaTech,1qwlfu7,2026-02,1780728682,1770298525,GPU shortage discussed in parliament,1517,0.97,138,0,SarthakSidhant,1726.3,36293.0,50769.0,True,False
IndiaTech,1r9m526,2026-02,1780728682,1771563108,AI Summit W’s,1473,0.94,60,0,Perfect_Ranger5034,238.8,1909.0,248.0,True,False
IndiaTech,1r07k9a,2026-02,1780728682,1770651811,Now laptops will also have subscriptions.,1464,0.97,144,0,Legitimate-Dingo824,146.0,4139.0,132.0,True,False
IndianGaming,1r5clry,2026-02,1780728882,1771155726,I know who I'm going to vote XD,6439,0.95,265,0,aloo_paratha-,150.0,7218.0,1375.0,True,True
IndianGaming,1quolba,2026-02,1780728882,1770114965,Who else remember this peak era? It was a popular game back then on Windows 7,4896,0.98,126,0,Admirable-Emphasis54,828.8,14162.0,437.0,True,True
IndianGaming,1rfqf1e,2026-02,1780728882,1772149173,Flip-Flop Fury - No ancient gods. No historical epics. Just a physics-driven arcade game about India,3705,0.99,257,0,Primary-Proof-2358,206.6,5372.0,467.0,True,True
IndianGaming,1qy79o4,2026-02,1780728882,1770448385,Where would i get this?,3407,0.99,25,0,UI_74,1535.5,104520.0,6464.0,True,True
IndianGaming,1r6pldt,2026-02,1780728882,1771284387,John Wick- The Game,2599,0.99,73,0,_Ragnar9,1333.3,41498.0,2323.0,True,True
IndianGaming,1r88ieh,2026-02,1780728882,1771433941,Gaming Machine over Gym Machine,2587,0.99,33,0,Even_Box_9125,212.6,5157.0,211.0,True,True
IndianGaming,1qzxule,2026-02,1780728882,1770621930,Are you a Cs2 player or Valorant player ?,2223,0.99,124,0,Vimsmoke_Sanji,173.8,7304.0,361.0,True,True
IndianGaming,1r2ujeb,2026-02,1780728882,1770905737,Saying this by experience!,1820,0.98,85,0,EastCategory9983,317.9,3468.0,3217.0,True,True
IndianGaming,1qt4geh,2026-02,1780728882,1769966476,"To Be kind, Play Games",1819,1.0,12,0,iZsaq,1759.3,25112.0,2993.0,True,True
IndianGaming,1r4txr3,2026-02,1780728882,1771098284,Which game is this?,1703,0.99,366,0,Hello_World-1289,347.2,106640.0,12046.0,True,True
IndianGaming,1rfabqg,2026-02,1780728882,1772112954,Has your copy arrived yet?,1689,1.0,34,0,deceitfully_perfect,2691.0,5850.0,3994.0,True,False
IndianGaming,1r4jqq1,2026-02,1780728882,1771073095,Recommend games like this,1667,0.99,551,0,Intelligent_Zombie_0,2059.4,2016.0,828.0,True,False
IndianGaming,1r8ugea,2026-02,1780728882,1771492127,My Gaming Setups :),1477,0.99,129,0,PureReception5493,1135.6,2141.0,315.0,True,False
IndianGaming,1r873rd,2026-02,1780728882,1771430967,I am a billionaire now,1339,0.98,74,0,valorantsmurf69,841.3,733.0,231.0,True,False
IndianGaming,1qwbsq9,2026-02,1780728882,1770266552,Soul like gamers at hard boss,1320,0.99,50,0,Odd-Razzmatazz1398,721.9,4396.0,288.0,True,False
IndianGaming,1qwloks,2026-02,1780728882,1770299135,3D prints I’ve been upto,1249,0.99,203,0,ZHart24,,,,,False
IndianGaming,1quwiu8,2026-02,1780728882,1770136039,"Baby dancing videos are fun, until we realised",1230,0.98,16,0,Chandu_yb7,699.9,32870.0,693.0,True,False
IndianGaming,1rgzwwc,2026-02,1780728882,1772276758,FarCry 3 ft. Vaas Lite Edition | It's an ad from 2020 by Dream 11,1216,0.99,29,0,irfaniglesias,4630.7,6948.0,4520.0,True,False
IndianGaming,1rbgywo,2026-02,1780728882,1771750439,I created Hamza (Ranveer Singh) from Dhurandhar in Skyrim.,1177,0.95,57,0,Immediate_Bat5390,1601.2,1401.0,549.0,True,False
IndianGaming,1r4dprd,2026-02,1780728882,1771051685,Happy Valentine Day Gamers,1112,0.99,23,0,Coinsafe_08,477.0,1210.0,1072.0,True,False
IndianGaming,1qxcbb9,2026-02,1780728882,1770367030,Won this from Google play,1109,0.98,89,0,Sure_Diet4975,843.6,5919.0,4377.0,True,False
IndianGaming,1qt1un6,2026-02,1780728882,1769960743,God bless steam... (⁠づ⁠￣⁠ ⁠³⁠￣⁠)⁠づ,1107,0.96,83,0,Weird_Dealer_2194,1585.4,790.0,339.0,True,False
IndianGaming,1qy6esq,2026-02,1780728882,1770445468,Saw so many retailers pushing ant cabinets,1099,0.99,68,0,legendswiki,2446.0,3167.0,20704.0,True,False
IndianGaming,1r4iyyr,2026-02,1780728882,1771070625,How many souls game you finished,1031,0.98,83,0,OptimalObjective6333,393.0,1093.0,1157.0,True,False
IndianGaming,1qvlfuv,2026-02,1780728882,1770202275,"Be honest, would you actually survive 24 hours in your last game?",1021,0.97,865,0,aftab8899,2058.5,11630.0,14211.0,True,False
IndianGaming,1rg86in,2026-02,1780728882,1772202580,Looks so good at maxed out Path Tracing (Resident Evil Requiem),1015,0.99,65,0,Hour-Hope191,1617.7,4965.0,1664.0,True,False
IndianGaming,1r38yoh,2026-02,1780728882,1770938623,"State of play , wtf",1013,0.99,107,0,DrunkenSphinx,,,,,False
IndianGaming,1r04vkt,2026-02,1780728882,1770645471,Thought Of Big Smoke Right Away,966,1.0,33,0,BlanK_4oo,2038.4,37796.0,28568.0,True,False
IndianGaming,1r1qa1x,2026-02,1780728882,1770792620,Insane level of detailing,954,0.94,62,0,Constant-Speech-1010,729.8,9963.0,8552.0,True,False
IndianGaming,1rfw6f4,2026-02,1780728882,1772164465,This game captures the pixelated world of a South Indian village,913,0.99,92,0,Flickshot017_,1436.0,611.0,23.0,True,False
IndianGaming,1rf1juw,2026-02,1780728882,1772083251,Finally built a computer I like,912,0.99,88,0,StormMeDaddy,1923.4,1708.0,211.0,True,False
IndianGaming,1rh03th,2026-02,1780728882,1772277425,"Oh simple things, Where have you gone ?",898,0.99,84,0,Leather_Hunt_4787,1218.9,2105.0,1283.0,True,False
IndianGaming,1rg0tqc,2026-02,1780728882,1772179671,"Happy Birthday to me ( No wife/gf , gifted these to myself )",886,0.99,158,0,KINGDONPARROT,1893.8,2038.0,647.0,True,False
IndianGaming,1qxemhs,2026-02,1780728882,1770375610,PS 5 Controller Drift,883,0.99,232,0,heerawat,2475.7,1701.0,339.0,True,False
IndianGaming,1r3etif,2026-02,1780728882,1770954558,I have cleaned this. Thanks for help.,838,0.98,79,0,RoughResearcher-,449.9,1657.0,1477.0,True,False
IndianGaming,1qty39k,2026-02,1780728882,1770046122,Somewhere in between exploring open world games,835,0.98,57,0,Ok-Nature-4309,299.8,14535.0,558.0,True,False
IndianGaming,1raiccg,2026-02,1780728882,1771650246,Do u think this is happening to make her the scapegoat for the collapse of xbox?,817,0.95,128,0,Ok_Potato7530,814.3,5472.0,5962.0,True,False
IndianGaming,1r5fb50,2026-02,1780728882,1771163995,Probably will be 2029 or worst 2030...,786,0.99,46,0,Electronic_Low2502,1416.8,750.0,1.0,True,False
IndianGaming,1r61g3d,2026-02,1780728882,1771220918,Pulled the trigger and bought Spider Man Miles Morales.,782,0.98,77,0,AyyySomeGuy,351.5,5464.0,10466.0,True,False
IndianGaming,1qtqg5v,2026-02,1780728882,1770024341,@ChawlaaG ....came in my lobby and started cussing and then threatening folks on stream ......(mods ,750,0.96,106,0,Na_-_man,1489.3,121824.0,18880.0,True,False
RelationshipIndia,1rh9rez,2026-02,1780729085,1772302681,My fiancée [F26] stayed at her male best friend’s room at night and I don’t know how to process this,430,0.94,265,0,WorkingMinutes,508.2,649.0,201.0,True,True
RelationshipIndia,1qssomc,2026-02,1780729085,1769933513,I (24M) never told my girlfriend (23F) that the smallest morning habit of hers is my favourite part ,429,0.99,60,0,Practical_Living_424,2088.3,438.0,24.0,True,True
RelationshipIndia,1r28ueb,2026-02,1780729085,1770842204,My(22F) boyfriend (24M) teaches and cooks along with the maid (18F and married) who doesn't know coo,202,0.94,77,0,sowmya_,890.1,154.0,365.0,True,True
RelationshipIndia,1r4l82v,2026-02,1780729085,1771077330,32F just came to know my bf 33 M of 6 months is married for 10 Years with 2 kids,159,0.91,59,0,Express-Marsupial425,193.0,69.0,0.0,False,True
RelationshipIndia,1rfc7wv,2026-02,1780729085,1772117608,My friend (30F) is cheating on her husband and I don’t know how to feel about it ..,146,0.92,82,0,Ok_Watercress_8785,1601.8,5848.0,3771.0,True,True
RelationshipIndia,1r2mfcp,2026-02,1780729085,1770878708,"I’m a broke intern (22M) blowing 40% of my stipend on one dinner. Is the ""experience"" actually worth",142,0.96,36,0,Quick_Eye_6585,450.2,23194.0,1699.0,True,True
RelationshipIndia,1rghf8w,2026-02,1780729085,1772222954,23F- had a serious fight my my 25M boyfriend,110,0.92,27,0,Glittering_Baby7793,909.6,112.0,131.0,True,True
RelationshipIndia,1razxr8,2026-02,1780729085,1771701659,"23M dating a 29F independent queen , Gen Z x Millennial chaos 😭",101,0.81,58,0,Straight_Egg_6392,411.0,2004.0,90.0,True,True
RelationshipIndia,1r5ced7,2026-02,1780729085,1771154986,Has cheating in marriages really become this common? 24f - she (26f),101,0.96,55,0,justaninsanesoul,731.0,630.0,259.0,True,True
RelationshipIndia,1rg5s0u,2026-02,1780729085,1772196548,"28M - Called off my engagement to 28F after her emotional cheating &amp; lies, now she’s contacting ",100,0.96,49,0,Resident-Life-9383,590.5,1372.0,662.0,False,True
RelationshipIndia,1ram88v,2026-02,1780729085,1771663591,Update: My(22F) boyfriend (24M) teaches and cooks along with the maid (18F and married) who doesn't ,89,0.89,39,0,sowmya_,890.1,154.0,365.0,True,False
RelationshipIndia,1r1cs30,2026-02,1780729085,1770756662,I [24F] have stared dating my childhood friend [25 M] and it's going crazzzyyyyy good,88,0.96,18,0,juliapepperwoodx,352.5,337.0,-26.0,True,False
RelationshipIndia,1r8oow3,2026-02,1780729085,1771472590,How can F26 do this to another F27 without even thinking?!!,87,0.92,20,0,Such_Rock6917,591.8,75.0,134.0,True,False
RelationshipIndia,1r1m8ef,2026-02,1780729085,1770780122,I'm scared as fuck was if I got my girlfriend pregnant? 21M and 20F,84,0.95,34,0,Dry-Inspection-4624,450.9,43.0,0.0,True,False
RelationshipIndia,1r2nmkr,2026-02,1780729085,1770883180,"We are 4 MindPeers Psychologists - Radhika, Rohan, Saachi &amp; Jasar - here for an AMA on r/Relatio",78,0.9,323,0,marathe_radhika,117.2,41.0,5.0,True,False
RelationshipIndia,1rgmhxf,2026-02,1780729085,1772234830,[38M] I am Husband with family who ruined his life,71,0.68,71,0,handle_me1,,,,,False
RelationshipIndia,1r6zdv4,2026-02,1780729085,1771312389,He is married 34M. I am 25F. Am I overthinking or is he crossing boundaries?,71,0.76,48,0,MysticRelic8,158.4,44.0,0.0,True,False
RelationshipIndia,1qz3ost,2026-02,1780729085,1770539506,"M27- Got cheated by F24, feeling wrecked and broken",70,0.94,36,0,chiefpussyinspector,407.9,56.0,1747.0,True,False
RelationshipIndia,1r23e52,2026-02,1780729085,1770830397,My (23M) girlfriend (23F) cannot orgasm and is very repulsive sometimes,69,0.89,15,0,vyneeeth,1809.4,149.0,1461.0,True,False
RelationshipIndia,1rf8aex,2026-02,1780729085,1772107187,28F - found husband's secret chats and now I don't know what to do with it,69,0.91,71,0,Salt_Pace_9623,891.7,859.0,1119.0,True,False
RelationshipIndia,1r11dnm,2026-02,1780729085,1770731737,Wife (24F) is very friendly with my cousin (20M) who has a history of affairs. Am I overthinking?,64,0.85,46,0,AsKabira,1065.5,876.0,1468.0,True,False
RelationshipIndia,1rfff4z,2026-02,1780729085,1772124682,M38 - missing sex with my ex wife (not so Ugly Divorce),59,0.8,20,0,NoContest3105,201.0,411.0,1177.0,True,False
RelationshipIndia,1rcsnp6,2026-02,1780729085,1771877941,My boyfriend(27M) said he wouldn’t pursue me(27F) if I had “too many options” and it hurt,56,0.82,34,0,Signal_Arm5170,427.7,608.0,64.0,True,False
personalfinanceindia,1rckkbt,2026-02,1780729282,1771860753,OP got promoted!!,1213,0.97,136,0,_nonbeliever_,568.5,1647.0,7619.0,True,True
personalfinanceindia,1r6xccj,2026-02,1780729282,1771305542,How is every person in their 20s on this sub earning lakhs per month,1103,0.98,436,0,questionalternateacc,1611.2,11186.0,6950.0,False,True
personalfinanceindia,1r5fc0m,2026-02,1780729282,1771164053,Reached 2 crores net worth,778,0.85,257,0,danda-pinda,2180.4,532.0,146.0,True,True
personalfinanceindia,1qz0ofs,2026-02,1780729282,1770529047,Bank refused to reduce interest rate on Home loan after repo rate cut. ChatGPT helped.,759,0.94,118,0,Mental_Scheme_9744,821.9,809.0,96.0,True,True
personalfinanceindia,1re1crh,2026-02,1780729282,1771988099,Reached 50 Lakh Networth,514,0.97,157,0,Neat_Bug_2008,156.0,219.0,127.0,True,True
personalfinanceindia,1qsy23v,2026-02,1780729282,1769951395,Reached 50L net worth,487,0.98,59,0,anonymous_196,1668.9,603.0,1542.0,True,True
personalfinanceindia,1qtibst,2026-02,1780729282,1769998601,SGB new taxation proves you can't trust this govt with your money,347,0.96,64,0,codittycodittycode,2701.7,1352.0,10928.0,True,True
personalfinanceindia,1qwfjo6,2026-02,1780729282,1770278988,"Closed my ₹65L home loan, became debt-free at 27",327,0.96,64,0,Sabmohmayahaibro,350.0,29142.0,13423.0,True,True
personalfinanceindia,1r1493p,2026-02,1780729282,1770738346,Just hit 1cr net worth at 33,303,0.94,85,0,mori4rtee,3983.3,3826.0,2250.0,True,True
personalfinanceindia,1quypbh,2026-02,1780729282,1770140719,Tech Layoff &amp; fear,257,0.9,65,0,babula2018,2988.9,637.0,3533.0,True,True
personalfinanceindia,1qxtxg1,2026-02,1780729282,1770411983,My 1.5 Cr Delta: From -0.25 Crore at 24 to 1.25 Crore at 34,225,0.9,80,0,Chemical_Ant_4943,244.6,119.0,101.0,True,False
personalfinanceindia,1r3l2om,2026-02,1780729282,1770976020,Got 1CR doing nothing. Need 50k-60K/month. Where do I start?,223,0.91,94,0,Comfortable_Aioli492,1126.9,221.0,32.0,True,False
personalfinanceindia,1red48m,2026-02,1780729282,1772025871,I was laid off earlier this month.,216,0.89,136,0,Comprehensive-Sir888,1981.2,226.0,128.0,True,False
personalfinanceindia,1r3f7s5,2026-02,1780729282,1770955732,"SBI blocked my UPI for weeks and tried to push insurance as a ""requirement"" - RBI complaint finally ",214,0.99,41,0,travelnerd11,318.3,106.0,44.0,False,False
personalfinanceindia,1rgcwnv,2026-02,1780729282,1772212978,I trusted my childhood friend with ₹8 lakh. He moved abroad and disappeared. Now I’m jobless and in ,203,0.95,41,0,Best_Lion4982,107.1,105.0,0.0,True,False
personalfinanceindia,1r00i9e,2026-02,1780729282,1770631990,"Please help , 20L in taxes",182,0.78,181,0,Flat-Supermarket5124,276.4,1415.0,1293.0,True,False
personalfinanceindia,1r6ys7y,2026-02,1780729282,1771310267,Have around 9cr after selling the land. Please guide,174,0.89,88,0,chan-mad,,,,,False
personalfinanceindia,1rfwn0m,2026-02,1780729282,1772165830,"receiving €100,000 for the first time, need guidance",172,0.94,35,0,CommunityLoose1469,,,,,False
personalfinanceindia,1ra1e3o,2026-02,1780729282,1771607929,Stuck in multiple loans upto 1.8Cr . Have no options left,159,0.93,95,0,triedagain_,192.7,237.0,125.0,True,False
personalfinanceindia,1r4kadx,2026-02,1780729282,1771074728,Is 50lakhs a lot of money ?,157,0.86,66,0,fan_of_skooma,451.1,1446.0,6331.0,True,False
personalfinanceindia,1rgzfio,2026-02,1780729282,1772275041,With what guarantee are IT people buying home with loans?,151,0.91,96,0,Gloomy_Temporary2914,393.9,3282.0,8097.0,True,False
personalfinanceindia,1rawmk6,2026-02,1780729282,1771694065,Retirement with 3.5 cr,150,0.94,154,0,Key-Loquat-710,111.9,179.0,71.0,True,False
personalfinanceindia,1qsswdi,2026-02,1780729282,1769934266,Became a Big FOOL and Lost 3.6 lakhs INR by investing in Nippon Gold ETF at ATH Price,148,0.87,74,0,Acrobatic-Health2681,523.7,10517.0,2917.0,False,False
personalfinanceindia,1r76x02,2026-02,1780729282,1771337207,The Indian Wealth Ladder,140,0.99,77,0,ravihanda,4571.8,13479.0,9700.0,True,False
personalfinanceindia,1qyehp2,2026-02,1780729282,1770472747,Almost reached 1 crore net worth. How can I plan further?,139,0.93,48,0,Commercial_Ice257,199.9,2229.0,1108.0,True,False
personalfinanceindia,1qy2o2g,2026-02,1780729282,1770434146,Sustaining the IT doomsday,136,0.94,39,0,conscious_cat88,504.5,1052.0,2197.0,True,False
personalfinanceindia,1r33nm1,2026-02,1780729282,1770926218,Reached 1CR at 31,135,0.9,35,0,Nongreedy,795.9,256.0,717.0,False,False
personalfinanceindia,1r8xmz0,2026-02,1780729282,1771503223,Why ₹1.5 Crore doesn’t feel as secure as I thought it would!!,128,0.88,135,0,AkashHisabhkaro,111.9,97.0,438.0,True,False
personalfinanceindia,1r9kyeh,2026-02,1780729282,1771559544,Subject: 37F | ₹5 Cr Net Worth | Facing career blackout  &amp; Lean FIRE Uncertainty,120,0.9,74,0,sadpupper30,794.3,277.0,104.0,True,False
personalfinanceindia,1r4dkx3,2026-02,1780729282,1771051196,26F worried about husband’s debt + parental obligations are derailing our financial future How do we,119,0.84,139,0,colddcoffeeee,1626.4,254.0,39.0,False,False
personalfinanceindia,1r2m06j,2026-02,1780729282,1770877219,Home Loan tricks,118,0.95,57,0,9tanki,3898.2,243.0,2806.0,True,False
personalfinanceindia,1r4p7ij,2026-02,1780729282,1771087161,"30M, NW ~1.8Cr, still feel broke. Planning aggressive 2.5L/month investment for next 3 years - need ",113,0.74,131,0,Turbulent_Writing834,335.1,1020.0,891.0,True,False
personalfinanceindia,1rh5sz5,2026-02,1780729282,1772293401,Decent net worth but feel insecure,104,0.91,29,0,PresentSalary3385,866.8,145.0,7.0,True,False
personalfinanceindia,1qsyw6s,2026-02,1780729282,1769953646,"28 M govt job , 30 L corpus - want to quit for peace. Am I being reckless or realistic?",100,0.93,102,0,ElectronicShirt8356,804.3,221.0,1053.0,True,False
unitedstatesofindia,1rapgjt,2026-02,1780729488,1771675316,"34 minor children sexually abused, porn videos uploaded on internet - Accused UP couple Rambhavan an",2325,0.99,76,0,azaadi101,2677.9,35192.0,48646.0,True,True
unitedstatesofindia,1rd98ma,2026-02,1780729488,1771916136,LoP Rahul Gandhi met 'Mohammad' Deepak at his residence; Deepak said Rahul will take his gym members,2251,0.96,127,0,Mirror-On-The-Wall,2367.9,131753.0,65013.0,True,True
unitedstatesofindia,1r1v8y0,2026-02,1780729488,1770810445,Bro is straight up bullying them now.,2126,0.97,101,0,B7TMANN,755.4,17872.0,28873.0,True,True
unitedstatesofindia,1r79mxu,2026-02,1780729488,1771343457,Indian university presentd the Chinese robot Unitree Go2 as their own innovation at the AI summit in,2094,0.98,136,0,morose_coder,4136.3,48780.0,70456.0,True,True
unitedstatesofindia,1rcl5ch,2026-02,1780729488,1771862064,"[ANI] A minor girl was raped and murdered. Her MLA stood in the assembly, begging for justice with t",2020,0.99,70,0,Sparky-moon,197.9,668014.0,90316.0,True,True
unitedstatesofindia,1r1lyil,2026-02,1780729488,1770779366,Modi Cartoon posted by the wire,2006,0.96,62,0,donot_poke,304.8,12532.0,6825.0,True,True
unitedstatesofindia,1r4gk2z,2026-02,1780729488,1771061960,This was predicted a week ago. Pillar 4 already had cracks. No one listened. Now the Metro slab coll,1916,0.99,134,0,GroundbreakingBad183,2011.2,74392.0,18972.0,True,True
unitedstatesofindia,1r589hi,2026-02,1780729488,1771139650,Wife of the BJP candidate who lost in the Telangana municipal elections collected back the Rs.3000 g,1788,0.98,69,0,Mysterious-Coach120,982.0,39110.0,2805.0,True,True
unitedstatesofindia,1r7y224,2026-02,1780729488,1771405355,Statement by Neha Singh Proff at Golgotiya University after Chinese Robot scam was exposed. Source :,1471,0.98,224,0,FutureVersion812,220.7,503819.0,49363.0,True,True
unitedstatesofindia,1r2lbbj,2026-02,1780729488,1770874900,What the actual fuck is wrong with this baldy,1469,0.97,63,0,CommandSuccessful540,856.8,1340.0,879.0,True,True
unitedstatesofindia,1qtsb1f,2026-02,1780729488,1770030912,The Bitchass Modi-BJP Cabinet,1450,0.98,30,0,Mirror-On-The-Wall,2367.9,131753.0,65013.0,True,False
unitedstatesofindia,1qu1x7q,2026-02,1780729488,1770054255,Meerut woman tricked police and civic teams into cleaning the entire open drain for 3 hours,1437,1.0,59,0,deboo117,4065.3,47082.0,8842.0,True,False
unitedstatesofindia,1rd8ryt,2026-02,1780729488,1771914496,Director Laksmipriya Devi spoke at the BAFTA about her homeland Manipur; she said her state is in tr,1391,0.99,38,0,Mirror-On-The-Wall,2367.9,131753.0,65013.0,True,False
unitedstatesofindia,1qvf9we,2026-02,1780729488,1770180726,"Tharoor shines, Bhakts whines",1376,0.99,59,0,pranagrapher,1165.0,91438.0,42205.0,True,False
unitedstatesofindia,1qy5vcs,2026-02,1780729488,1770443750,Are we that corrupted to not even pretend to be democratic?!,1355,0.98,48,0,Lost_Normal_Guy_5159,1540.1,64861.0,10434.0,True,False
unitedstatesofindia,1r1vt1v,2026-02,1780729488,1770812145,LoP Rahul Gandhi goes around trolling PM Modi at the parliament,1335,0.96,78,0,Mirror-On-The-Wall,2367.9,131753.0,65013.0,True,False
unitedstatesofindia,1quo082,2026-02,1780729488,1770112850,The Prime Minister of India is compromised,1313,0.95,75,0,B7TMANN,755.4,17872.0,28873.0,True,False
unitedstatesofindia,1qvi0db,2026-02,1780729488,1770189634,"Man of Focus, Commitment and sheer freaking Will",1296,0.98,55,0,B7TMANN,755.4,17872.0,28873.0,True,False
unitedstatesofindia,1rf0t4i,2026-02,1780729488,1772080969,Gau rakshak Bittu Bajrangi breaks down after losing Rs.30K in marriage scam,1295,0.96,126,0,littleArtsy,102.3,61450.0,7.0,True,False
unitedstatesofindia,1r59npp,2026-02,1780729488,1771144794,"""I'll fck your mom and you mf, I"" Brave Upper caste Hindu abusing &amp; threatening Dalit Girls infr",1275,0.92,104,0,No-Assignment7129,2098.9,163676.0,72803.0,True,False
unitedstatesofindia,1r8u1fz,2026-02,1780729488,1771490550,Such movies are a danger to the country,1249,0.82,228,0,No_Club_4345,1617.0,51655.0,18390.0,True,False
unitedstatesofindia,1rcakbz,2026-02,1780729488,1771830065,India's Top Beef exporter made its highest ever donation to BJP,1247,0.98,78,0,Longjumping-Mix-9351,605.6,60670.0,21491.0,True,False
unitedstatesofindia,1r6umlu,2026-02,1780729488,1771297555,22 year old Sahil Dhaneshra was killed by 17 year old underage SUV driver in Delhi. His single mothe,1244,0.99,64,0,u34j6,280.3,1579.0,2190.0,True,False
unitedstatesofindia,1rgzs20,2026-02,1780729488,1772276302,"History, indeed, will remember Dr. Manmohan Singh kindly.

Former German Chancellor Angela Merkel de",1223,0.98,20,0,littleArtsy,102.3,61450.0,7.0,True,False
unitedstatesofindia,1qygrys,2026-02,1780729488,1770478369,Posted by BJP’s official handle on twitter,1223,0.97,68,0,league_9240,999.1,82429.0,25892.0,True,False
unitedstatesofindia,1r76jfu,2026-02,1780729488,1771336283,AI summit or global embarrassment?,1217,0.98,56,0,obviously_obese,2197.1,14027.0,9980.0,True,False
unitedstatesofindia,1rdc39r,2026-02,1780729488,1771926832,Why hate towards only kerala,1215,0.96,100,0,Important-Victory683,897.1,1547.0,2438.0,True,False
unitedstatesofindia,1r7wy84,2026-02,1780729488,1771401168,Golgotiya University AI summit Scam update. Some were saying that The Prof never claimed they made i,1194,0.99,129,0,FutureVersion812,220.7,503819.0,49363.0,True,False
unitedstatesofindia,1qzw68x,2026-02,1780729488,1770616213,The Ghaziabad sisters' suicide case just got 10x darker. Father had a partner who died the EXACT sam,1181,0.99,93,0,rufiy_nx,191.9,18261.0,4057.0,True,False
unitedstatesofindia,1r8ak3r,2026-02,1780729488,1771438281,Massive Chaos at the end of Day 3 of India AI Summit,1173,0.98,66,0,Embarrassed_Look9200,425.0,19946.0,95234.0,True,False
unitedstatesofindia,1r1sxma,2026-02,1780729488,1770802370,[ Removed by moderator ],1172,0.89,155,0,Parfait-Ashamed,1987.7,7369.0,6079.0,True,False
unitedstatesofindia,1qtqq2f,2026-02,1780729488,1770025379,"When you are given tax breaks and law changes for everything, it's probably not that hard to be so r",1169,0.98,56,0,new_main_character,1179.3,3680.0,37351.0,True,False
unitedstatesofindia,1r6fffu,2026-02,1780729488,1771261864,Fail To Understand How Unmarried Couple Can Think Of Physical Relationship Before Marriage,1168,0.96,218,0,khorg0sh,2271.3,5622.0,14394.0,True,False
unitedstatesofindia,1r8obiu,2026-02,1780729488,1771471546,Bihar Dy Cm consumes Khaini amid assembly discussions,1145,0.99,36,0,pranagrapher,1165.0,91438.0,42205.0,True,False
unitedstatesofindia,1r2qut6,2026-02,1780729488,1770895217,"Triggered by Rahul Gandhi's brutal criticism of PM Modi, budget, US trade deal, &amp; mention of Jef",1144,0.97,84,0,Mirror-On-The-Wall,2367.9,131753.0,65013.0,True,False
unitedstatesofindia,1qwcmq9,2026-02,1780729488,1770269036,LOP Rahul Gandhi brought Naravane's book to give it to PM Modi—PM was scheduled to give his speech a,1143,0.97,106,0,Mirror-On-The-Wall,2367.9,131753.0,65013.0,True,False
unitedstatesofindia,1quwqm8,2026-02,1780729488,1770136499,Rahul Gandhi warned about the US deal. PM Modi is compromised.,1143,0.94,90,0,rohithkumarsp,4687.2,164146.0,137366.0,True,False
unitedstatesofindia,1rfuop1,2026-02,1780729488,1772160300,Foodpharmer sums up reality.  Make in India (foods)is killing you,1133,0.99,54,0,pranagrapher,1165.0,91438.0,42205.0,True,False
unitedstatesofindia,1reellp,2026-02,1780729488,1772029509,"Another Failure of Law &amp; Order? (Bihar, India) .... Bride Shot During Wedding Ritual by Rejected",1132,0.97,87,0,GroundbreakingBad183,2011.2,74392.0,18972.0,True,False
unitedstatesofindia,1rg1a47,2026-02,1780729488,1772181386,A Delhi court has discharged former Delhi chief minister Arvind Kejriwal and his deputy Manish Sisod,1097,0.98,80,0,littleArtsy,102.3,61450.0,7.0,True,False
IndianStreetBets,1qthvnj,2026-02,1780729693,1769997414,What's in budget for middle class? Her response 'HAWWWWW',6181,0.95,458,0,Fearless-Ad-422,212.8,30632.0,923.0,False,True
IndianStreetBets,1qsz7wj,2026-02,1780729693,1769954484,A slap to every honest taxpayer,6144,0.96,295,0,im_starkastic,2118.6,44129.0,27782.0,True,True
IndianStreetBets,1rh16p4,2026-02,1780729693,1772280985,🤣🤣🤣,4483,0.98,92,0,No-Sun-6114,1997.7,58827.0,5533.0,True,True
IndianStreetBets,1r5i8jq,2026-02,1780729693,1771171386,Calls on baguette,4152,0.9,68,0,Bottom_______G,1288.0,3153.0,1249.0,True,True
IndianStreetBets,1r0vlc8,2026-02,1780729693,1770713113,Demand for Zero LTCG on Equity raised in parliament. This single move if implemented will benefit al,3621,0.97,113,0,goodkarm,1283.7,10477.0,2830.0,True,True
IndianStreetBets,1rbhyks,2026-02,1780729693,1771754124,Why buffet bought Google,3534,0.98,42,0,Adorable-Grand68,387.5,70532.0,9051.0,True,True
IndianStreetBets,1qsru1z,2026-02,1780729693,1769930607,"💔💔 Heartbreaking 💔💔 At 66, Nirmala Sitharaman continues to present the budget. Truly tragic.",2793,0.94,95,0,kittidioting,405.8,31605.0,8319.0,True,True
IndianStreetBets,1rg5zdm,2026-02,1780729693,1772197132,How the rich get treated by banks...,2607,0.97,75,0,Tricky_Clock8263,370.8,13501.0,887.0,False,True
IndianStreetBets,1qxchag,2026-02,1780729693,1770367667,sad life,2384,0.99,43,0,Maximum-Elevator5845,,,,,True
IndianStreetBets,1r4mqki,2026-02,1780729693,1771081193,"With all that tax we get this, army will save us from terrorist but who will save us from goverment?",2337,0.98,64,0,Content-External-948,,,,,True
IndianStreetBets,1r0wki0,2026-02,1780729693,1770716841,any comments,2265,0.96,76,0,Maximum-Elevator5845,,,,,False
IndianStreetBets,1r1t4bj,2026-02,1780729693,1770803104,POWER OF SIP,2115,0.97,85,0,Fearless-Ad-422,212.8,30632.0,923.0,False,False
IndianStreetBets,1rh1adz,2026-02,1780729693,1772281306,💀,1985,0.97,189,0,riofab,234.3,15328.0,378.0,True,False
IndianStreetBets,1qwbley,2026-02,1780729693,1770265951,FOMO buyers assemble 😭,1510,0.99,48,0,dalal_times,131.9,13141.0,2217.0,True,False
IndianStreetBets,1r59hw1,2026-02,1780729693,1771144201,BUSINESS!!!,1265,0.98,73,0,kiddman007,,,,,False
IndianStreetBets,1qtja7i,2026-02,1780729693,1770001146,I am so fucking pissed rn,1196,0.98,106,0,SabudaanaKhichadi,1059.9,22950.0,2080.0,True,False
IndianStreetBets,1ra3xdr,2026-02,1780729693,1771613468,🚨Breaking: Trump imposes 10% additional global tariff on all countries,1181,0.97,128,0,Nice_Efficiency_5,457.8,23228.0,2555.0,True,False
IndianStreetBets,1r0ns3j,2026-02,1780729693,1770688666,"The money isn't made in the buying or selling, it's made in the waiting",1149,0.93,44,0,Feeling_Scarcity_636,352.5,13579.0,728.0,False,False
IndianStreetBets,1qsrghm,2026-02,1780729693,1769929312,The Budget 2026,1132,0.96,42,0,subraminion88,2790.3,70941.0,6395.0,True,False
IndianStreetBets,1r0vv89,2026-02,1780729693,1770714164,relatable,1103,0.96,10,0,Maximum-Elevator5845,,,,,False
IndianStreetBets,1rhcu71,2026-02,1780729693,1772309898,Dead ??,1061,0.96,93,0,riofab,234.3,15328.0,378.0,True,False
IndianStreetBets,1rgsqee,2026-02,1780729693,1772251830,Claude ke L lag ye,1037,0.93,105,0,riofab,234.3,15328.0,378.0,True,False
IndianStreetBets,1r7wexl,2026-02,1780729693,1771399195,Zerodha shareholding,980,0.98,55,0,Adorable-Grand68,387.5,70532.0,9051.0,True,False
IndianStreetBets,1r7tepk,2026-02,1780729693,1771389234,I recently saw a youtube video of how amazing the Bloomberg Terminal is....and it's blown my mind!!!,963,0.97,110,0,wandering_mind_25,144.8,1846.0,12473.0,True,False
IndianStreetBets,1ra2yo5,2026-02,1780729693,1771611342,Private Equity firms now owns half of Indian Hospitals,917,0.99,54,0,Such-Rent7481,1302.8,16183.0,663.0,True,False
IndianStreetBets,1r8m2s6,2026-02,1780729693,1771465333,🇮🇳➡️🇨🇳 Russian crude trade just flipped.,908,0.97,100,0,Tricky_Clock8263,370.8,13501.0,887.0,False,False
IndianStreetBets,1r1stwu,2026-02,1780729693,1770801985,12% on FD😂,897,0.97,42,0,Maximum-Elevator5845,,,,,False
IndianStreetBets,1rc2y17,2026-02,1780729693,1771807324,HE JUST OPENED A $125M SHORT POSITION ahead of potential Iran escalation,889,0.93,44,0,Adorable-Grand68,387.5,70532.0,9051.0,True,False
IndianStreetBets,1r55uq3,2026-02,1780729693,1771131322,"If you owned all of the bitcoin in the world and you offered it to me for $25, I wouldn't take it- W",877,0.97,95,0,Adorable-Grand68,387.5,70532.0,9051.0,True,False
IndianStreetBets,1rd8x5o,2026-02,1780729693,1771914995,Buying 1 lakh worth of Nifty 50 ETF for every -1% down from all time high. Day: 36,866,0.99,72,0,peaked_in_high_skool,2812.4,34865.0,50321.0,True,False
IndianStreetBets,1r8tuh6,2026-02,1780729693,1771489826,Buying 1 lakh worth of Nifty 50 ETF for every -1% down from all time high. Day: 35,866,0.98,112,0,peaked_in_high_skool,2812.4,34865.0,50321.0,True,False
IndianStreetBets,1r3vfmy,2026-02,1780729693,1771003831,She's Gonna Love This Red For Sure ❤️,859,0.99,9,0,Dry_Ad6687,1875.2,15642.0,5769.0,True,False
IndianStreetBets,1qx5l9o,2026-02,1780729693,1770345550,True story,843,0.99,16,0,Adorable-Grand68,387.5,70532.0,9051.0,True,False
IndianStreetBets,1qtp7ri,2026-02,1780729693,1770019718,The government is probably benefiting the most from this SGB downfall.,839,0.97,58,0,dalal_times,131.9,13141.0,2217.0,True,False
IndianStreetBets,1rf1xlh,2026-02,1780729693,1772084478,How a former branch manager pulled off a ₹590 crore fraud at IDFC First Bank and got caught,803,0.96,38,0,Shinchaaaaaaan,,,,,False
IndianStreetBets,1rbhy0a,2026-02,1780729693,1771754066,Stocks vs MF vs Goats,800,0.95,57,0,SierraBravoLima,1740.1,78134.0,109645.0,True,False
IndianStreetBets,1qtmghp,2026-02,1780729693,1770010304,ET Front Page - Leave everything for 2047.,789,0.95,94,0,YehDilMaaangeMore,969.1,78295.0,51293.0,True,False
IndianStreetBets,1rg27rf,2026-02,1780729693,1772184799,Buying 1 lakh worth of Nifty 50 ETF for every -1% fall from all time high. Day: 37,786,0.99,89,0,peaked_in_high_skool,2812.4,34865.0,50321.0,True,False
IndianStreetBets,1r70tyg,2026-02,1780729693,1771317842,That 8x return that wasn’t really a return at all,786,0.96,54,0,Admirable_Move6933,149.8,166397.0,231.0,False,False
IndianStreetBets,1r2vm0k,2026-02,1780729693,1770908317,Carnage in IT sector,769,0.99,91,0,dalal_times,131.9,13141.0,2217.0,True,False
JEENEETards,1r7sqv5,2026-02,1780729908,1771387311,"80 percentile aayi hai but atleast ""i eNjOyEd lIfE!1!1""",4187,0.98,176,0,Cool-Ad-8804,1755.0,46542.0,89343.0,True,True
JEENEETards,1r67pnw,2026-02,1780729908,1771243033,NTA 🤬🤬 case krdunga,4111,0.94,323,0,MathongoQuizrr,213.9,38763.0,18650.0,True,True
JEENEETards,1r6aii4,2026-02,1780729908,1771250782,Dad got me a new iPad for scoring 99.31😭,3909,0.96,782,0,_Masterbaiter_-,253.1,1976.0,1802.0,True,True
JEENEETards,1r227q9,2026-02,1780729908,1770827852,RA sir DMed me regarding my post in which I criticized him for his immature behaviour of leaking a s,3575,0.98,689,0,spiritualblud,611.9,37935.0,4006.0,True,True
JEENEETards,1r68wto,2026-02,1780729908,1771246599,LETS FREAKING GOOOO,3310,0.94,407,0,Ultra-07,442.6,6794.0,1462.0,True,True
JEENEETards,1regb93,2026-02,1780729908,1772033380,Kon samjhaye,3242,0.99,281,0,sheiscrazyyy,341.6,2501.0,4629.0,True,True
JEENEETards,1rh3zbm,2026-02,1780729908,1772288805,"forget everything, lets appreciate this guy",2964,0.97,136,0,Adventurous-Fruit849,156.8,1442.0,8887.0,True,True
JEENEETards,1qyiww9,2026-02,1780729908,1770483368,W Exam goal 🗿🫡,2868,0.99,82,0,Acceptable-Grab-4482,426.2,6261.0,4861.0,True,True
JEENEETards,1r57nde,2026-02,1780729908,1771137417,It's coming gang 🥀results,2434,0.99,51,0,RDM1404,610.2,13697.0,7650.0,True,True
JEENEETards,1r1x51j,2026-02,1780729908,1770815881,Avg calculus and rotational motion experience,2372,0.99,50,0,Specialist_Row2172,,,,,True
JEENEETards,1r88kcw,2026-02,1780729908,1771434050,What do you think about think?,2241,0.98,243,0,flintontv,1295.1,23320.0,5980.0,True,False
JEENEETards,1r81ch5,2026-02,1780729908,1771416731,AIR 564 CHEATER in JEE 2025 got DTU CSE and 1.5 SGPA in 1st SEM,2192,0.99,190,0,chatpata_insan69,322.9,9490.0,9975.0,True,False
JEENEETards,1r793pl,2026-02,1780729908,1771342328,nta reunites old friends,2186,0.99,134,0,SuperSam212,2082.4,28338.0,11642.0,True,False
JEENEETards,1qyp3zm,2026-02,1780729908,1770497624,RIP 🕊️💔 Building collapsed nearly 20 student died,2142,0.99,231,0,4dityachoudhary,,,,,False
JEENEETards,1raxiy7,2026-02,1780729908,1771696119,Dad got me rtx 5060 for scoring 98.89 percentile😭,2072,0.97,412,0,AgentAutopsy,,,,,False
JEENEETards,1qxmc1a,2026-02,1780729908,1770395398,Factory of human robots- Alien💪🏻,2018,0.97,300,0,Glad-Ad-9217,615.9,4864.0,2873.0,True,False
JEENEETards,1r8t007,2026-02,1780729908,1771486636,Top 10 tuffest comments ever🥵🥵🥵🥵🥵🥵🥵🥵🥵,1950,0.98,317,0,Waridfromreddit,,,,,False
JEENEETards,1rf4tug,2026-02,1780729908,1772094667,It requires a special talent to ragebait the calmest teacher of YouTube🤓🙏,1809,0.98,144,0,BundBaxii,265.7,33555.0,1018.0,True,False
JEENEETards,1r3s5ot,2026-02,1780729908,1770996545,Petition to END this RA sir controversy and hate post ( All jeenetard elite members assemble)🙏,1694,0.94,383,0,RDM1404,610.2,13697.0,7650.0,True,False
JEENEETards,1r2wtsd,2026-02,1780729908,1770911081,NOT FAKE GUYS SOME OF YOU ALL PMO,1687,0.97,342,0,aAnushkahaha,,,,,False
JEENEETards,1r66r7l,2026-02,1780729908,1771239859,Since many 99%ilers are gonna post,1584,0.99,63,0,Creepy_Database7246,1602.2,32156.0,15322.0,True,False
JEENEETards,1rg4syr,2026-02,1780729908,1772193625,inse bhi ghost hogyi☹️☹️☹️,1538,0.99,252,0,chilipanner,,,,,False
JEENEETards,1r2xrrw,2026-02,1780729908,1770913220,Another MVP among us !!,1503,0.99,116,0,Spirox_2707,712.3,49533.0,13162.0,True,False
JEENEETards,1rbrqd1,2026-02,1780729908,1771781183,Ayooo😭🙏,1500,0.99,190,0,RDM1404,610.2,13697.0,7650.0,True,False
JEENEETards,1rg7els,2026-02,1780729908,1772200705,Found another W video in my gallery while searching for notes,1470,0.99,129,0,RDM1404,610.2,13697.0,7650.0,True,False
JEENEETards,1qvnylq,2026-02,1780729908,1770210103,"My son said it's a good score. What colleges can he get? He studied very hard, I hope he can secure ",1446,0.96,442,0,Ok_Review1075,312.2,684.0,1873.0,True,False
JEENEETards,1rahmx1,2026-02,1780729908,1771648080,Rome wasn't built in a day and neither was my hate for FUCKING GEL PENS!!,1441,0.95,270,0,UnlikelyAd7024,749.1,4296.0,213.0,True,False
JEENEETards,1r4azf9,2026-02,1780729908,1771042935,W Ashish sir ❤️,1396,0.95,149,0,RyuShizuo,259.8,3252.0,3227.0,True,False
JEENEETards,1qsy1a3,2026-02,1780729908,1769951331,Toes who nose,1386,0.99,113,0,Creepy_Database7246,1602.2,32156.0,15322.0,True,False
JEENEETards,1rfztdf,2026-02,1780729908,1772176028,Life saver 🙏,1362,1.0,71,0,Quick_County_9847,604.2,968.0,181.0,False,False
JEENEETards,1r2mvrt,2026-02,1780729908,1770880353,"original creator u/brunokopia wasn't able to post this, so i did for them :D",1351,0.98,152,0,kaexthetic,1414.2,41578.0,27301.0,True,False
JEENEETards,1r2wgeu,2026-02,1780729908,1770910213,PANKAJ SIR REPLIED,1349,0.96,424,0,aAnushkahaha,,,,,False
JEENEETards,1r698vu,2026-02,1780729908,1771247505,OP ka drop year successful raha,1329,0.99,254,0,RyannFever,2131.9,643.0,11361.0,True,False
JEENEETards,1r2q7i1,2026-02,1780729908,1770892921,How u/spiritualblud was movin on 11th Feb at 8:29 pm.,1273,0.99,120,0,Acceptable-Sea-8057,380.9,70073.0,8626.0,True,False
JEENEETards,1r72epp,2026-02,1780729908,1771323763,Don't believe anything you see on the internet guys.,1249,0.98,256,0,Emergency-Formal-769,484.3,29729.0,606.0,True,False
JEENEETards,1r882b7,2026-02,1780729908,1771432990,😭😭😭🙏🏻🙏🏻,1242,0.98,328,0,Top-Cobbler1688,,,,,False
JEENEETards,1qxgr7z,2026-02,1780729908,1770382230,Ab ya to mera baap seedha mereko meri progress dekh ke goli mardega ya mai april mein 99 le aunga 🥀 ,1224,0.99,204,0,RDM1404,610.2,13697.0,7650.0,True,False
JEENEETards,1r3f8aj,2026-02,1780729908,1770955773,Scenes at PW center today,1195,0.99,54,0,Depressed_0077,891.8,20402.0,13193.0,True,False
JEENEETards,1qyak7x,2026-02,1780729908,1770460465,No wonder why Tata did not opened,1193,0.97,110,0,unemployed_graduate2,286.8,16644.0,287.0,True,False
JEENEETards,1r60zxq,2026-02,1780729908,1771219476,scene after result at my home,1169,0.99,63,0,vermax69,742.0,3674.0,2386.0,True,False
ISRO,1r1wh7j,2026-02,1780730112,1770814094,"ISRO Faces Staff Shortage: 2,613 Vacancies Amid Ambitious Moon and Space Station Plans",211,0.98,40,0,mudit23june,2585.8,4589.0,401.0,True,True
ISRO,1rf40ex,2026-02,1780730112,1772091645,RTI Reply Received from ISRO,165,0.99,21,0,Pallab_1805,337.1,783.0,119.0,True,True
ISRO,1qxehr4,2026-02,1780730112,1770375162,Tu-204-300 aircraft of the Cosmonaut Training Center spotted at Jaipur international airport,133,0.99,5,0,arjun_raf,2945.1,70546.0,26575.0,True,True
ISRO,1r92o28,2026-02,1780730112,1771516054,"India, US moot Gaganyaan uncrewed docking with ISS",106,0.99,11,0,guru-yoda,1713.1,478.0,259.0,True,True
ISRO,1rf5idn,2026-02,1780730112,1772097264,A poster on LuPex mission at JAXA Space Exploration and Open Innovation Forum 2025.,71,1.0,7,0,Ohsin,6317.2,136552.0,54412.0,True,True
ISRO,1rdaurl,2026-02,1780730112,1771922063,NASA has a big lesson for ISRO: Start talking,63,0.98,5,0,Ohsin,6317.2,136552.0,54412.0,True,True
ISRO,1rcbqba,2026-02,1780730112,1771834330,Historic First: Agnikul Cosmos Successfully Test-Fires 3 Semi-Cryogenic Engines in Cluster,52,0.95,2,0,mudit23june,2585.8,4589.0,401.0,True,True
ISRO,1r9u2y4,2026-02,1780730112,1771590568,Gaganyaan launch could be delayed: Isro adds more safety checks post PSLV failures,48,0.94,7,0,Pallab_1805,337.1,783.0,119.0,True,True
ISRO,1r0v5on,2026-02,1780730112,1770711418,PSLV-C62 Mishap: Failure Analysis Committee (FAC) to be formed soon.,47,0.98,2,0,Ohsin,6317.2,136552.0,54412.0,True,True
ISRO,1quvaio,2026-02,1780730112,1770133321,"PSLV failures: National Security Advisor Ajit Doval visits VSSC, holds meeting with Director",46,1.0,11,0,Ohsin,6317.2,136552.0,54412.0,True,True
ISRO,1qtw929,2026-02,1780730112,1770041888,Two PSLV failures (PSLV-C61 and PSLV-C62) were not related. Failure assessment committees have been ,44,1.0,5,0,Ohsin,6317.2,136552.0,54412.0,True,False
ISRO,1r2xdg6,2026-02,1780730112,1770912323,"India Eyes $44B Space Economy, $3.5B from Launch Segment by 2033",43,0.92,4,0,mudit23june,2585.8,4589.0,401.0,True,False
ISRO,1rd72su,2026-02,1780730112,1771909657,From dreaming about ISRO in 1st year… to standing at it's entrance gate.,40,0.95,10,0,ChhotaSaHydra,105.7,56504.0,5034.0,True,False
ISRO,1qv036o,2026-02,1780730112,1770143609,A fresh assessment by enthusiasts yields new location of Luna-9 lander and its cruise/braking stage ,40,0.96,6,0,Ohsin,6317.2,136552.0,54412.0,True,False
ISRO,1qvug2f,2026-02,1780730112,1770225240,"On recent X-Class solar flares, ""There is a strong possibility of radio blackouts. All ISRO satellit",39,0.98,3,0,Ohsin,6317.2,136552.0,54412.0,True,False
ISRO,1qss0oq,2026-02,1780730112,1769931260,Budget for Department of Space in 2026-27 session.,38,1.0,16,0,Ohsin,6317.2,136552.0,54412.0,True,False
ISRO,1qwv6as,2026-02,1780730112,1770320181,"Isro preps for Gisat-1A launch, sat expected to reach spaceport soon - The Times of India",37,0.97,6,0,Pallab_1805,337.1,783.0,119.0,True,False
ISRO,1re4ajo,2026-02,1780730112,1771996514,NISAR captures massive landslide after M7.0 Earthquake near Hubbard Glacier,36,0.97,0,0,mudit23june,2585.8,4589.0,401.0,True,False
ISRO,1rcktpe,2026-02,1780730112,1771861332,Committee to probe ‘systemic issues’ behind repeated failure of PSLV rocket,33,0.95,11,0,vineethgk,3573.0,1977.0,1748.0,True,False
ISRO,1r7330z,2026-02,1780730112,1771326187,"Arun Raj K M (@Arunraj2696) on X: ""Another Special committee to study PSLV Failure. Former Principal",33,1.0,9,0,Ohsin,6317.2,136552.0,54412.0,True,False
ISRO,1rfyk1v,2026-02,1780730112,1772171769,Skyroot to launch Australian-Built LC60 satellite in 2027,32,1.0,1,0,mudit23june,2585.8,4589.0,401.0,True,False
ISRO,1r4pq5i,2026-02,1780730112,1771088372,"Jitendra Singh on Gaganyaan, ""We will launch Vyommitra (…) to space by the end of this year"", ""next ",30,0.98,6,0,Ohsin,6317.2,136552.0,54412.0,True,False
ISRO,1qz1bs7,2026-02,1780730112,1770531171,"AFR satellite images ISS, marking milestone in India’s Space Situational Awareness",29,0.95,0,0,mudit23june,2585.8,4589.0,401.0,True,False
ISRO,1r9u7sh,2026-02,1780730112,1771590966,Navy completes trials to get astronauts out of Gaganyaan capsule on return from space,28,0.98,8,0,Pallab_1805,337.1,783.0,119.0,True,False
ISRO,1qy6l3w,2026-02,1780730112,1770446048,DEM of Shiv Shakti point using OHRC DEM,28,0.95,9,0,Symmetry_7,890.0,27.0,149.0,True,False
ISRO,1qsmfts,2026-02,1780730112,1769914202,Will NSIL pick up the slack of a flat space budget? Industry wants govt. to inject 18x the amount of,28,1.0,3,0,Ohsin,6317.2,136552.0,54412.0,True,False
ISRO,1r1xj2x,2026-02,1780730112,1770816885,"When ISRO loses a PSLV rocket, India loses a launchpad in the present and the future. To understand ",27,0.93,0,0,totaldisasterallthis,1597.8,14176.0,558.0,True,False
ISRO,1r20utj,2026-02,1780730112,1770824810,"IN-SPACe Selects Astrome, Azista &amp; Dhruva for Small Satellite Bus Development Under SBaaS",26,1.0,3,0,mudit23june,2585.8,4589.0,401.0,True,False
ISRO,1qy7vv7,2026-02,1780730112,1770450545,"OrbitAID Aerospace In Talks With ISRO, SpaceX For Twin Satellite Mission",26,0.96,7,0,Ohsin,6317.2,136552.0,54412.0,True,False
ISRO,1r3yv68,2026-02,1780730112,1771011496,PSLV-C62: Post-flight report on KID Capsule by Orbital Paradigm.,24,0.97,3,0,Ohsin,6317.2,136552.0,54412.0,True,False
ISRO,1re8uxh,2026-02,1780730112,1772012376,Australia supports ISRO’s Gaganyaan Mission with Tracking &amp; Control Equipment at Cocos Islands,24,0.96,4,0,mudit23june,2585.8,4589.0,401.0,True,False
ISRO,1quld2c,2026-02,1780730112,1770102902,"NOTAM for GSLV-F17 / EOS-05 (aka GISAT-1A) launch is out. Enforcement duration 1030-1430 (UTC), 20 F",23,0.93,8,0,Ohsin,6317.2,136552.0,54412.0,True,False
ISRO,1qy5eve,2026-02,1780730112,1770442294,Want to join isro,22,0.88,8,0,Select-Protection-35,1137.3,68.0,11.0,True,False
ISRO,1r4cz97,2026-02,1780730112,1771049166,"Some more LVM3 PLF debris has been recovered from ocean, this time near Maldives.",22,0.97,3,0,Ohsin,6317.2,136552.0,54412.0,True,False
ISRO,1r4enbj,2026-02,1780730112,1771054943,NSIL and GalaxEye have signed a Reseller Agreement for high-resolution imagery from space,21,0.97,3,0,Ohsin,6317.2,136552.0,54412.0,True,False
ISRO,1rgvu87,2026-02,1780730112,1772261967,"Mission ShakthiSAT: 12,000 girls from 108 countries to build a satellite for lunar orbit – launch by",19,0.92,1,0,mudit23june,2585.8,4589.0,401.0,True,False
ISRO,1re8wm5,2026-02,1780730112,1772012551,NVS-02 Spacecraft: On-Orbit Observations and Apex Committee Recommendations,19,0.89,6,0,Ohsin,6317.2,136552.0,54412.0,True,False
ISRO,1r7bre2,2026-02,1780730112,1771347643,AstroSat conference 2026: Celebrating a decade of successful operations of India's first multi-wavel,19,1.0,2,0,Ohsin,6317.2,136552.0,54412.0,True,False
ISRO,1qwj28e,2026-02,1780730112,1770291659,Status of the construction and development of the Third Launch Pad (TLP) at SDSC-SHAR,19,0.93,1,0,Ohsin,6317.2,136552.0,54412.0,True,False
ISRO,1r2oh0u,2026-02,1780730112,1770886383,"New NOTAM for GSLV-F17 / EOS-05 (aka GISAT-1A) launch is out. Enforcement duration 0945-1345 (UTC), ",18,1.0,4,0,Ohsin,6317.2,136552.0,54412.0,True,False
UPSC,1qzd23q,2026-02,1780730291,1770567416,IITians Being IITians,8072,0.97,240,0,Ok-Address-7352,274.9,112199.0,6886.0,True,True
UPSC,1qy6owx,2026-02,1780730291,1770446406,Did you know…,1167,0.99,36,0,Professional-Oil9018,914.5,2258.0,1796.0,True,True
UPSC,1r4gmeu,2026-02,1780730291,1771062208,This quote sums up UPSC prep.,936,0.99,18,0,Educational_Gap_4441,121.0,1172.0,1491.0,True,True
UPSC,1rdskfp,2026-02,1780730291,1771966847,Shocking if not true.,898,0.94,68,0,Particular_Low5314,1271.8,466.0,440.0,True,True
UPSC,1r79nwy,2026-02,1780730291,1771343514,"A nation's regression is rarely a single cliff; it is a staircase of compromises across its culture,",722,0.93,106,0,Haunting_Toe536,1739.8,662.0,619.0,True,True
UPSC,1qu2qhd,2026-02,1780730291,1770055918,Depressing.,712,0.95,123,0,dg83146,3489.8,306.0,43.0,True,True
UPSC,1qsnzq4,2026-02,1780730291,1769918563,Saans leta hu toh ek new ramsar site add hojati hai,692,1.0,53,0,Eastern-Emotion9685,1627.2,3811.0,145636.0,True,True
UPSC,1rc3y2r,2026-02,1780730291,1771810015,"working on my hobby, this took 5 hours 🍓🍰",605,0.98,58,0,pratap_aayush21_,1777.2,3269.0,887.0,True,True
UPSC,1rh2doh,2026-02,1780730291,1772284533,We all are in a same boat :(,600,0.99,43,0,witch_tear,109.2,22087.0,546.0,True,True
UPSC,1qtk51c,2026-02,1780730291,1770003469,Funny but real,587,0.98,10,0,Eastern-Capital-1048,1533.0,321.0,0.0,True,True
UPSC,1r800j1,2026-02,1780730291,1771412441,Just saw this,574,0.98,36,0,Warm-Ebb-3180,380.2,2247.0,3488.0,True,False
UPSC,1r0wiyd,2026-02,1780730291,1770716671,Not mine but bhai ka clear hai upsc,538,0.98,88,0,Additional_Vast490,,,,,False
UPSC,1qz3mks,2026-02,1780730291,1770539289,10k Cr scam just dropped,534,0.98,59,0,gujratishawarma911,3075.0,2189.0,961.0,True,False
UPSC,1r8squn,2026-02,1780730291,1771485687,District admin does not have the records for the 91k tanks built under Jal shakti mission for which ,517,0.98,47,0,Plastic_Many393,990.5,97370.0,19265.0,True,False
UPSC,1qwl874,2026-02,1780730291,1770297981,Finally submitted the application. 🫩,479,0.99,171,0,_NuclearOpinions_,239.8,12020.0,845.0,True,False
UPSC,1rh1dot,2026-02,1780730291,1772281592,Iran Israel US 🥪,475,0.99,31,0,ECHO_ANON9,450.8,693.0,1325.0,True,False
UPSC,1qzczog,2026-02,1780730291,1770567262,👀,474,0.96,14,0,berozgaar_mistri,1134.4,878.0,517.0,True,False
UPSC,1qvpxtr,2026-02,1780730291,1770215176,Challenge to UPSC’s notification,452,0.99,46,0,Fit_Shake_1088,689.8,260.0,10.0,True,False
UPSC,1qwa4gc,2026-02,1780730291,1770261822,I don't get this why people are reacting so strongly against these changes - i happens to like them ,432,0.97,94,0,Intelligent-Poet5874,465.9,7373.0,379.0,True,False
UPSC,1r3fi5f,2026-02,1780730291,1770956596,Thoughts on this? Always aspire to win this.,403,0.96,83,0,RajatUpadhyay1,295.6,5840.0,507.0,True,False
UPSC,1qvm8ix,2026-02,1780730291,1770204996,Good move?,389,0.98,123,0,Either-Challenge5055,358.7,1523.0,874.0,True,False
UPSC,1r289ro,2026-02,1780730291,1770840923,It's 1:00 AM and I can't sleep,347,0.97,122,0,Alternativee_girl,880.8,193.0,117.0,True,False
UPSC,1qzrrgn,2026-02,1780730291,1770603236,"The Definitive Guide to UPSC Services Selection — Every Service, Real Perks, Informal Hierarchy &amp",322,0.97,63,0,throwawayintotheC,3879.0,250.0,719.0,True,False
UPSC,1qzgkp6,2026-02,1780730291,1770575237,ghar wale bolre bohot ajeeb baat kar raha hu 🥲,291,0.98,26,0,upschero,,,,,False
UPSC,1r1n1gy,2026-02,1780730291,1770782402,Speaker removal,287,0.99,31,0,shittyfinideas,686.0,869.0,190.0,True,False
UPSC,1r766cv,2026-02,1780730291,1771335348,THE COMMISSION GETTING FREAKY WITH ME !!!🌚🌚🌚🌚🌚🙆🙆🙆🙆🙆🙂🙂🙂🙂🙂,282,0.99,29,0,UPSC1995,759.0,802.0,1628.0,True,False
UPSC,1qxit38,2026-02,1780730291,1770387458,This is how it feels when you spend the whole day selecting the most comfortable pen for the Answer ,279,0.99,22,0,ConstructionAny8440,1725.9,1171060.0,83036.0,True,False
UPSC,1r8pw5n,2026-02,1780730291,1771476193,Flex or Regrets?,268,0.96,70,0,abh11nav,1555.2,509.0,81.0,True,False
UPSC,1rf5fo6,2026-02,1780730291,1772096974,Why so much uproar?,268,0.99,62,0,Plastic_Many393,990.5,97370.0,19265.0,True,False
UPSC,1r0upzw,2026-02,1780730291,1770709756,Should I take the captcha as a sign?,252,0.98,16,0,virginveshya,565.1,1164.0,14.0,True,False
UPSC,1r5yxeh,2026-02,1780730291,1771213205,Hows the Preparation going on guys? Need any help (Genuine)?,246,0.93,92,0,RajatUpadhyay1,295.6,5840.0,507.0,True,False
UPSC,1qxdgpq,2026-02,1780730291,1770371458,I met an ias and asked him for tips this is what he said and his story,240,0.94,62,0,AffectionateTrade982,366.8,3410.0,434.0,True,False
UPSC,1r958c3,2026-02,1780730291,1771521673,This guy should give some maind answer writing sessions,237,0.95,27,0,gouravtrikha,1812.9,8449.0,1303.0,True,False
UPSC,1r82c85,2026-02,1780730291,1771419580,Why UPSC Competition Will Skyrocket in the Next 2 Years,232,0.83,171,0,GodfatheXTonySoprano,579.0,14755.0,4458.0,True,False
StartUpIndia,1r7v1sg,2026-02,1780730478,1771394437,Galgotias University 🤣🤣🤣🤣,4672,0.97,285,0,Exporinglife2050,200.3,40288.0,4690.0,True,True
StartUpIndia,1raqjsm,2026-02,1780730478,1771678826,Our company shut the physical office for 9 days around Holi and honestly.. it changed how see work.,2255,0.99,100,0,Inside_Cloud_9721,105.2,1194.0,2.0,True,True
StartUpIndia,1r9r571,2026-02,1780730478,1771580795,Nothing in India can be done without drama,1624,0.96,71,0,Due-Raise9272,666.2,14699.0,3955.0,True,True
StartUpIndia,1r1muja,2026-02,1780730478,1770781831,"Boat vs JBL jab by Mitthu Don, like there's a diff between Confidence n overconfidence",1123,0.97,88,0,Sharp-potential7935,310.8,3025126.0,31936.0,True,True
StartUpIndia,1r2p2ue,2026-02,1780730478,1770888747,It’s not a trend or a joke that brands have to hop on duh,1097,0.99,23,0,icecoldpd,539.0,6913.0,1062.0,True,True
StartUpIndia,1r72cde,2026-02,1780730478,1771323530,What a shame,940,0.99,40,0,Shot_Industry8144,430.8,2662.0,114.0,False,True
StartUpIndia,1r7wi6q,2026-02,1780730478,1771399517,Galgotia University,888,0.98,84,0,Hopeless_Ninja,793.1,3495.0,159.0,True,True
StartUpIndia,1r81n4x,2026-02,1780730478,1771417596,Galgotias University and AI Summit India gone global.,738,0.98,109,0,Hopeless_Ninja,793.1,3495.0,159.0,True,True
StartUpIndia,1r9zgfq,2026-02,1780730478,1771603740,LiveSpace Fired 1000 employees,632,0.99,86,0,Exporinglife2050,200.3,40288.0,4690.0,True,True
StartUpIndia,1r7vl4c,2026-02,1780730478,1771396254,They have been now asked to vacate the AI Impact Summit,606,0.99,59,0,sheriffly,199.9,10012.0,1273.0,True,True
StartUpIndia,1r00f9k,2026-02,1780730478,1770631684,Shady but brilliant business Ideas that somehow print money 💸,417,0.94,125,0,Diligent-Impress-591,322.4,259.0,4.0,True,False
StartUpIndia,1qya3py,2026-02,1780730478,1770458774,Most AI video models cap at 15 seconds. I built an AI Creative Studio that lets you direct 3 minute+,392,0.86,193,0,Round-Dish3837,1620.9,1337.0,349.0,True,False
StartUpIndia,1r6ah55,2026-02,1780730478,1771250688,Why startup India govt official website is not secure?,348,0.99,52,0,Maleficent_Escape_66,1866.2,1533.0,1353.0,True,False
StartUpIndia,1r7xc29,2026-02,1780730478,1771402575,Why do some Indian startup founders think candidates should absorb all the risk?,304,0.98,130,0,New-Vacation-6717,1637.1,2828.0,5250.0,True,False
StartUpIndia,1r4e96z,2026-02,1780730478,1771053562,Safer x Binge Labs - we are currently raising seed-angel round,304,0.94,119,0,PerfectPie2768,1283.1,398.0,306.0,True,False
StartUpIndia,1r4d6ip,2026-02,1780730478,1771049835,Perfora asks influencers to EDIT images in videos to make teeth look more yellow - founder doubles d,303,0.98,36,0,-AsHxD-,1998.7,8312.0,19764.0,True,False
StartUpIndia,1raoqvh,2026-02,1780730478,1771672801,"Paid ₹12,999 to RegisterKaro and Got Mocked + Dared to Cancel",208,0.99,62,0,homeragain,2237.2,100.0,10.0,True,False
StartUpIndia,1rejy7o,2026-02,1780730478,1772041047,17y/o student working on deep defence-tech Aerial mobility concept seeking 2 min direction,203,0.83,172,0,hacker_dost,1250.0,23927.0,4462.0,True,False
StartUpIndia,1r72vio,2026-02,1780730478,1771325463,Is This the Kind of “Boring” Startup We Should Be Building?,199,0.96,50,0,kathuriasanjay,275.0,3059.0,347.0,True,False
StartUpIndia,1reelxa,2026-02,1780730478,1772029529,It is a punishable offense to not spend half your income on supplements?,173,0.95,33,0,prerith_neureos,108.0,286.0,20.0,True,False
StartUpIndia,1r4m9f3,2026-02,1780730478,1771079988,Another second hand embarrassment post by YourStory,165,0.85,48,0,Flaky_Lie4819,607.8,263.0,111.0,False,False
StartUpIndia,1rg1xhx,2026-02,1780730478,1772183758,Unacademy announces ₹50Cr ESOP buyback. Genuine effort to reward team or optics move?,157,0.96,20,0,shivihs,3066.2,9277.0,244.0,True,False
StartUpIndia,1ra8yun,2026-02,1780730478,1771624905,Can't even hire without LinkedIn these days,148,0.94,16,0,Due-Raise9272,666.2,14699.0,3955.0,True,False
StartUpIndia,1qwmtpm,2026-02,1780730478,1770301965,"The ""Make in India"" Hardware Boom is mostly just a tax loophole. And it's closing.",138,0.92,34,0,iechms,127.0,97.0,21.0,True,False
StartUpIndia,1raqcng,2026-02,1780730478,1771678211,Codeforces just got hacked,129,0.72,16,0,Weird-Gap-2912,197.5,145.0,1.0,True,False
StartUpIndia,1ree1p2,2026-02,1780730478,1772028194,what nobody tells you about life after selling your startup,127,0.93,27,0,Neither-Shallot-9665,1774.0,935.0,110.0,True,False
StartUpIndia,1r4pj0f,2026-02,1780730478,1771087911,Redditers just gave me more product ideas than months of brainstorming,125,0.81,52,0,Western_Koala4099,366.5,1368.0,83.0,True,False
StartUpIndia,1r8u6n0,2026-02,1780730478,1771491107,Can customers afford your product/service is more important than we think!,124,0.92,25,0,prerith_neureos,108.0,286.0,20.0,True,False
StartUpIndia,1r8obov,2026-02,1780730478,1771471560,I sense a massive fraud with Emergent. Are others seeing it?,112,0.98,73,0,Many_Tip_2580,408.5,58.0,-3.0,True,False
StartUpIndia,1qsym8o,2026-02,1780730478,1769952932,Exited Founder (₹1.4Cr ARR) &amp; Tier-1 MBA looking for Chief of Staff/ Founder's Office roles,107,0.94,76,0,Itzuranas,1418.2,67.0,201.0,True,False
StartUpIndia,1repcm9,2026-02,1780730478,1772052416,$20M raised and looking for free products - WTF!,107,0.97,11,0,Ok_Blacksmith2678,1870.1,553.0,379.0,True,False
StartUpIndia,1qz7863,2026-02,1780730478,1770552241,Is Sridhar vembu really a Genuine businessman or all his simplicity is a marketing gimmicks?,106,0.82,88,0,Boomi_19,1000.2,1905.0,876.0,True,False
StartUpIndia,1r4b70v,2026-02,1780730478,1771043587,"My intro video for Antler, would be the same for YC as well",102,0.79,51,0,BDivyesh,314.6,300.0,349.0,True,False
StartUpIndia,1r16jhw,2026-02,1780730478,1770743294,mapped out every stage of an online business acquisition because i wish someone had done this for me,99,1.0,5,0,Neither-Shallot-9665,1774.0,935.0,110.0,True,False
StartUpIndia,1r758tg,2026-02,1780730478,1771332890,AI Summit - 2026 India,90,0.96,58,0,Exporinglife2050,200.3,40288.0,4690.0,True,False
StartUpIndia,1r3wo3c,2026-02,1780730478,1771006584,IIT student launches Dhi-5B (trained from scratch in India),80,0.91,39,0,gradNorm,293.3,497.0,127.0,True,False
TwoXIndia,1qtuca8,2026-02,1780730675,1770037105,"Tried to fry an egg, invented a new organism",1130,0.98,101,0,bl_ueberrycheesecake,517.0,2473.0,15397.0,True,True
TwoXIndia,1rdzmzf,2026-02,1780730675,1771983480,I have made over 1 cr in profit!,1084,0.95,139,0,LexyKate,3164.0,758.0,752.0,True,True
TwoXIndia,1r1r670,2026-02,1780730675,1770795801,My father was and is such a MAN. LET THIS BE THE BAR (especially if you're going to get pregnant),1033,0.97,85,0,kookie_doe,,,,,True
TwoXIndia,1r5awn7,2026-02,1780730675,1771149551,My neighbour aunty is facing the most ironical situation 😅,949,0.98,38,0,Chuckythedolll,1454.7,10518.0,22366.0,True,True
TwoXIndia,1rfbd1r,2026-02,1780730675,1772115538,Saw a young couple coddling their child ; Day = Ruined,884,0.95,71,0,AdeptnessThese1663,719.0,42967.0,1303.0,True,True
TwoXIndia,1r4pm1t,2026-02,1780730675,1771088107,Kerala aunty said “not today” and I’m OBSESSED 😭👏,849,0.99,18,0,kungfuninjaa,564.5,24742.0,3150.0,True,True
TwoXIndia,1qtz0ei,2026-02,1780730675,1770048136,Puked my favourite breakfast after reading Epstein File,804,0.97,164,0,Due-External-1345,193.2,3063.0,3300.0,True,True
TwoXIndia,1r4h5nv,2026-02,1780730675,1771064176,India's own Eipstein Files,764,0.94,54,0,kungfuninjaa,564.5,24742.0,3150.0,True,True
TwoXIndia,1qwrtz7,2026-02,1780730675,1770313092,"Bumped on my ex today at a wedding, after 6 years and….",680,0.96,78,0,naira_naira,1008.5,1625.0,5616.0,True,True
TwoXIndia,1r750mj,2026-02,1780730675,1771332254,Who Judges the Judge? 5 judges who constantly fail Indian Women,665,0.98,57,0,TheDesiDiogenes,304.1,972.0,6976.0,True,True
TwoXIndia,1qyk6v0,2026-02,1780730675,1770486262,Ladies please please read this post !,584,0.96,84,0,Cute_Dolphin_2712,303.1,1638.0,2397.0,True,False
TwoXIndia,1ranopv,2026-02,1780730675,1771668942,"My guid on how to get bikini body before your vacation, it worked for me like miracle",580,0.95,53,0,not-ur_girl,148.1,7646.0,2097.0,True,False
TwoXIndia,1quzbgo,2026-02,1780730675,1770141992,SEX education 101 for Indians,527,0.94,52,0,astrez,3558.0,4148.0,1778.0,False,False
TwoXIndia,1qujds1,2026-02,1780730675,1770096297,The day my LPA has become my age 😭😭🧿🧿,493,0.95,54,0,kookie_doe,,,,,False
TwoXIndia,1ravy4n,2026-02,1780730675,1771692532,From Chaos to Creation…..!,467,0.98,11,0,ella_si123,2291.4,11612.0,31683.0,True,False
TwoXIndia,1rf0ps4,2026-02,1780730675,1772080678,My boyfriend is hot and it's giving me new feelings,435,0.86,61,0,itidao,700.8,9243.0,536.0,True,False
TwoXIndia,1red89i,2026-02,1780730675,1772026159,Have this huge tangerine tree with bountiful fruits. What to do? All ideas welcome,432,0.99,56,0,Candid_Piccolo3925,2046.2,1271.0,2145.0,True,False
TwoXIndia,1qssxa3,2026-02,1780730675,1769934360,I Tried to Calculate the REAL Economic Cost of Being a Housewife in India- It's shocking.,411,0.87,71,0,Forsaken_Lie5396,440.2,1008.0,1670.0,True,False
TwoXIndia,1r2385m,2026-02,1780730675,1770830040,Started learning embroidery recently,407,0.99,38,0,Candid_Piccolo3925,2046.2,1271.0,2145.0,True,False
TwoXIndia,1r2mkpk,2026-02,1780730675,1770879263,"Mom coming for a month long stay, where can I hide 'bad girl' things?",380,0.93,87,0,not-ur_girl,148.1,7646.0,2097.0,True,False
TwoXIndia,1r4uv9x,2026-02,1780730675,1771100540,RULES TO LIVE BY FOR WOMEN (that helped me a lot),378,0.97,36,0,kookie_doe,,,,,False
TwoXIndia,1qybk47,2026-02,1780730675,1770464011,Are you telling me y'all are enjoying a man going down?,369,0.84,130,0,AdventurousGarlic406,1421.7,1037.0,3312.0,True,False
TwoXIndia,1r0b452,2026-02,1780730675,1770659475,"We, as women, are the biggest catalyst of over consumption. I said what I said.",360,0.93,53,0,cocomelon_123,940.8,23648.0,4792.0,True,False
TwoXIndia,1rdifom,2026-02,1780730675,1771945101,Please Count me in your prayers,356,0.98,79,0,Firewhiskey880,1700.7,4175.0,34208.0,True,False
TwoXIndia,1r0tcqc,2026-02,1780730675,1770704815,"Completed 3 years of marriage, feeling very low",352,0.97,16,0,Delicious_Block4734,275.3,1052.0,1725.0,True,False
TwoXIndia,1r3w02c,2026-02,1780730675,1771005118,Swipe to complete coloring this design!!,340,0.99,53,0,ConsistentMessage187,757.1,2072.0,1084.0,True,False
TwoXIndia,1re5yna,2026-02,1780730675,1772001862,Does anyone else get stupidly happy seeing women try new things and just enjoy themselves? 😭,336,0.99,9,0,kungfuninjaa,564.5,24742.0,3150.0,True,False
TwoXIndia,1qyasgw,2026-02,1780730675,1770461307,List your state gals. This made me chuckle.,325,0.92,231,0,Logical_Music4430,,,,,False
TwoXIndia,1r4ofxa,2026-02,1780730675,1771085312,Have reached the threshold of my tolerance,314,0.93,54,0,altruism_never_pays,347.8,542.0,1277.0,True,False
TwoXIndia,1r4dnh9,2026-02,1780730675,1771051453,"Mom I'm not 6😔😔😭😭😭😐 and she got the nerve to say ""you'll look soooo good in this""",306,0.96,26,0,kookie_doe,,,,,False
TwoXIndia,1r4lr03,2026-02,1780730675,1771078669,Indians will celebrate a convicted rapist but will oppose when people celebrate Valentine’s Day.,294,0.97,12,0,writerrani,3022.2,28381.0,104009.0,True,False
TwoXIndia,1r911aq,2026-02,1780730675,1771512302,Everything has a cost and you must me able to pay it,275,0.86,102,0,Ok_Relative_9314,887.1,835.0,2275.0,True,False
TwoXIndia,1r03x5u,2026-02,1780730675,1770642930,Weight loss success story:),263,0.98,50,0,Unlovedlol__,1508.5,1629.0,34486.0,True,False
TwoXIndia,1rh1m5c,2026-02,1780730675,1772282330,Just wanna run away to some place with no men to wear all my revealing fits and still feel safe.,260,0.93,29,0,not-ur_girl,148.1,7646.0,2097.0,True,False
TwoXIndia,1rf7lv5,2026-02,1780730675,1772104915,"Ex told me I wasn’t “pretty enough” and was Manglik, right before his engagement",252,0.96,42,0,notgooseberry,383.9,2395.0,4556.0,True,False
TwoXIndia,1r63b68,2026-02,1780730675,1771227248,Anyone else feels there is not enough outrage about the Epstein files 😅,248,0.96,22,0,ComedownMachine93,320.9,4201.0,1944.0,True,False
teenindia,1r3hbtt,2026-02,1780730876,1770962368,THE NATIONAL SPOON OF INDIA,5801,1.0,144,0,Same_Chip4923,345.0,2103.0,8.0,True,True
teenindia,1re2fsw,2026-02,1780730876,1771991084,would you choose ??,4773,0.99,1523,0,Hour_Conversation123,342.1,3538.0,326.0,True,True
teenindia,1rbmn16,2026-02,1780730876,1771769006,This is so messed up but so real😭,4530,1.0,144,0,Midnight_controller,,,,,True
teenindia,1rf31ku,2026-02,1780730876,1772088220,They don't know introverts exist,4519,0.98,142,0,ounknown_music,1465.3,2497.0,472.0,True,True
teenindia,1r4mpzv,2026-02,1780730876,1771081154,Greatest idea that dropped in my feed today,4505,0.98,246,0,Inside-Flow3297,649.6,9174.0,7171.0,True,True
teenindia,1r0yass,2026-02,1780730876,1770723014,How much did ya'll score in 10th and what are ya'll doing now?,3980,0.99,811,0,Hungry-Appeal6218,535.4,1940.0,5862.0,True,True
teenindia,1r5duou,2026-02,1780730876,1771159793,QUESTION TO TALL GIRLS,3731,0.99,1076,0,retarded_joemama,,,,,True
teenindia,1r56iel,2026-02,1780730876,1771133514,We've all been there...,3356,0.99,53,0,Midnight_controller,,,,,True
teenindia,1rcpd7r,2026-02,1780730876,1771871011,This is what genuine women empowerment looks like.,3182,0.98,184,0,Lazy_Technology215,523.4,2268.0,2856.0,True,True
teenindia,1r64vxn,2026-02,1780730876,1771233063,i came i saw i canquered,3156,0.95,110,0,Sufficient_Low_3488,635.0,2357.0,260.0,True,True
teenindia,1qz4262,2026-02,1780730876,1770540903,I 19M got this gifted by girl next door.,2973,0.95,755,0,Typical_Writing441,628.9,1182.0,915.0,True,False
teenindia,1r9xsjv,2026-02,1780730876,1771600042,What did yall do?,2947,1.0,302,0,May_onnaise_959,135.0,134582.0,4724.0,True,False
teenindia,1qsuau8,2026-02,1780730876,1769939243,Imma cringe 😭,2783,0.98,196,0,Jevlaas_Ka,230.9,11742.0,5994.0,True,False
teenindia,1qxfu19,2026-02,1780730876,1770379550,Baddie so great I Google to see if she is real,2641,1.0,111,0,Kitlerdidi,,,,,False
teenindia,1qyacku,2026-02,1780730876,1770459695,Ye pakk kyu nhi rhi😭,2497,0.99,271,0,Damn-Keyboard-01,,,,,False
teenindia,1rd01x0,2026-02,1780730876,1771894810,FINALLY AFTER A LONG WAIT,2483,0.95,382,0,Own_Assignment_300,955.6,2862.0,275.0,True,False
teenindia,1qz4wck,2026-02,1780730876,1770543966,Now what to do?💀,2463,0.99,264,0,Hour_Ad9988,659.0,1096.0,9.0,False,False
teenindia,1qux0oc,2026-02,1780730876,1770137095,Update : i met her again 😭🙏,2443,0.91,378,0,Extra_Spirit9376,256.9,44469.0,8872.0,True,False
teenindia,1r09bfz,2026-02,1780730876,1770655671,"This is VERY DESPARATELY need in our country, like it or not",2364,0.98,227,0,Maleficent_Fact_632,267.1,3639.0,669.0,True,False
teenindia,1r3ptyt,2026-02,1780730876,1770991063,I feel like a prisoner in my home. I wish I was not a girl.,2344,0.96,646,0,Angel-rini,,,,,False
teenindia,1rbrte2,2026-02,1780730876,1771781379,need more commercials like this.,2268,1.0,42,0,Gold-Sea-5436,,,,,False
teenindia,1r0xevo,2026-02,1780730876,1770719972,This ain't a country for women,2247,0.96,463,0,Chokerbali,,,,,False
teenindia,1r8y3fg,2026-02,1780730876,1771504623,Proposed my crush with this.....,2245,0.95,556,0,Melodic-Credit2381,221.5,1175.0,157.0,False,False
teenindia,1rfmqrh,2026-02,1780730876,1772140671,I got rejected,1911,0.98,407,0,universalbhondu,171.6,766.0,130.0,True,False
teenindia,1qsqu11,2026-02,1780730876,1769927181,HELP I COMPLIMENTED MY CRUSH AND HIS REACTION RUINED ME 😭😭😭😭😭,1839,0.92,485,0,True_Guitar_6941,844.6,7816.0,1919.0,True,False
teenindia,1rfzalc,2026-02,1780730876,1772174201,Found a hidden camera in a popcorn box in my room. What should I do?,1790,0.96,326,0,VariousDare1271,1568.0,1465.0,225.0,True,False
teenindia,1quy9lo,2026-02,1780730876,1770139775,She broke up w me yesterday and aaj ye msg aaya what should I do guys,1769,0.98,1896,0,Jai_sh,443.8,6435.0,4316.0,False,False
teenindia,1rgvphn,2026-02,1780730876,1772261506,ISS SUB KA COLOUR BADAL DO.,1759,0.98,489,0,foolokichadar,352.4,3646.0,8479.0,True,False
teenindia,1r017m3,2026-02,1780730876,1770634532,My mom clicked this pic of mine 😭🫶🏻,1678,0.99,202,0,lvnqtic,532.2,6968.0,1482.0,True,False
AskIndianWomen,1r5b4y9,2026-02,1780731093,1771150374,My neighbour aunty is facing the most ironical situation 🤣,5443,0.96,167,0,Chuckythedolll,1454.7,10518.0,22366.0,True,True
AskIndianWomen,1qvtsd0,2026-02,1780731093,1770223849,"Saw a husband defend his wife today, and it restored my faith in good men🥹",3192,0.97,175,0,Realistic-Candle7342,157.5,4259.0,765.0,False,True
AskIndianWomen,1r6yzed,2026-02,1780731093,1771310985,"Inter-caste , inter-state marriage into a conservative family and I refused to wear sindoor and mang",1630,0.9,138,0,development_era,522.1,10440.0,2549.0,False,True
AskIndianWomen,1r1xpp2,2026-02,1780731093,1770817370,Guys NEVER approached me...now I know why!,1410,0.92,206,0,Charming-Tear-8352,672.3,7848.0,407.0,True,True
AskIndianWomen,1qz87dg,2026-02,1780731093,1770555307,Why do arrange marriage folks pretend to the world that their marriage is a love marriage?,1247,0.92,183,0,Phatballz39,712.8,11791.0,6484.0,True,True
AskIndianWomen,1r2kzgt,2026-02,1780731093,1770873821,This guy rejected a girl cuz she was running on a beach!!!,1133,0.84,162,0,CraftedCandid,397.8,7367.0,1934.0,True,True
AskIndianWomen,1rbe7uy,2026-02,1780731093,1771740677,We are doomed as a society,953,0.96,86,0,Aggressive_Sugar201,2051.9,48167.0,92681.0,True,True
AskIndianWomen,1rdawgw,2026-02,1780731093,1771922249,My uncles expectations for a wife,942,0.98,137,0,iamgirl11,220.0,7150.0,612.0,True,True
AskIndianWomen,1qvvmk8,2026-02,1780731093,1770227768,Through a rapists eyes,806,0.97,51,0,ariseasky07,206.9,1367.0,244.0,True,True
AskIndianWomen,1quujc3,2026-02,1780731093,1770131627,Small bits of misogyny in life,676,0.95,104,0,Lonely-Lil-Me,1902.7,1854.0,869.0,True,True
AskIndianWomen,1r1shm4,2026-02,1780731093,1770800707,Where did I went wrong?,644,0.97,173,0,casuallyfuny,195.6,935.0,172.0,False,False
AskIndianWomen,1qxdg1l,2026-02,1780731093,1770371395,The horror of DNA results from Mumbai. Where are we heading as a society?,640,0.99,26,0,ProfessionalMiddle89,,,,,False
AskIndianWomen,1r2w522,2026-02,1780731093,1770909504,I made a mistake of reading about Epstein files.,546,0.94,107,0,Significant_Policy17,1169.4,900.0,232.0,True,False
AskIndianWomen,1r4ag4v,2026-02,1780731093,1771041343,"My Bua just screamed at me for being ""impure"" on my period and I’m losing it.",475,0.98,93,0,dearestsoul_,162.1,758.0,550.0,True,False
AskIndianWomen,1qwrb52,2026-02,1780731093,1770311964,I finally gave him a chance and 😭😭😂😂,446,0.85,35,0,Doomscrolldiety,439.9,844.0,260.0,True,False
AskIndianWomen,1r82pyx,2026-02,1780731093,1771420601,"Why doesn't India have a 'no-fault divorce' law? Would you support such a law, as a woman?",444,0.94,82,0,Live_Ostrich_6668,2022.0,229765.0,52109.0,True,False
AskIndianWomen,1qukpir,2026-02,1780731093,1770100653,Why do Bengaluru guys only unlock hearing mode for two words: ‘funding’ and ‘p*ssy’?,424,0.9,166,0,Sufficient-Dig1028,193.9,640.0,503.0,True,False
AskIndianWomen,1qz2lb4,2026-02,1780731093,1770535530,Working DIL = ATM + Maid + Cook?,422,0.95,224,0,Ok_Watercress_8785,1601.8,5848.0,3771.0,True,False
AskIndianWomen,1qvgjlo,2026-02,1780731093,1770184674,Initiating intimacy with my girl,421,0.93,145,0,vanthiyadevan_vanar,138.4,769.0,585.0,True,False
AskIndianWomen,1quk0fo,2026-02,1780731093,1770098364,Stop gambling with women's bodies and calling it sex,414,0.95,102,0,Aggressive_Sugar201,2051.9,48167.0,92681.0,True,False
AskIndianWomen,1r64lbd,2026-02,1780731093,1771231971,Any fullproof excuses i could give my parents while i am on a trip with my boyfriend?,412,0.89,133,0,purplepeapot,1702.8,683.0,140.0,True,False
AskIndianWomen,1re6r2f,2026-02,1780731093,1772004582,Is it just me or are most Indian parents incredibly selfish?,396,0.96,58,0,Logical_Lie1155,1485.0,396.0,5.0,True,False
AskIndianWomen,1qypow8,2026-02,1780731093,1770498999,Why are men obsessed with 'Pink'?,383,0.91,133,0,stingray_545,222.6,1054.0,907.0,True,False
AskIndianWomen,1rgz4c8,2026-02,1780731093,1772273914,Why do some Indian men act so sex starved and reduce marriage to just sex (and virginity obsession ),374,0.9,67,0,industry__baby,171.1,885.0,15006.0,False,False
AskIndianWomen,1r17mol,2026-02,1780731093,1770745651,"Walked out of the house after 8 months , got stared and groped",368,0.97,48,0,Dreamy-Flower-1705,310.2,599.0,710.0,True,False
IndianFood,1r3hlg1,2026-02,1780731293,1770963210,Help a white girl out,267,0.89,59,0,Ancient-Cheetah9400,824.6,553.0,867.0,True,True
IndianFood,1r1b8mz,2026-02,1780731293,1770753340,Why is fungi not more prominent in Indian cuisine?,142,0.9,99,0,curry_in_my_beard,4956.0,1692.0,6244.0,True,True
IndianFood,1r4ycyg,2026-02,1780731293,1771109354,Have you ever cooked some dish so good that you just can’t like it at restaurants anymore since then,122,0.95,65,0,chubbypetals,1302.8,2538.0,5313.0,True,True
IndianFood,1r6wxj4,2026-02,1780731293,1771304282,Are indian red onions a different variety than red onions in North America?,114,0.92,47,0,adoreroda,2203.5,3521.0,117105.0,True,True
IndianFood,1ra5fug,2026-02,1780731293,1771616801,I learned about the OG butter chicken recipe from Delhi,110,0.92,24,0,noahstorm,3783.8,594.0,406.0,True,True
IndianFood,1rgvsoz,2026-02,1780731293,1772261817,Finally tried Dosas. 10/10,109,0.96,27,0,Maybe_IDTBFH,,,,,True
IndianFood,1qz6ouc,2026-02,1780731293,1770550408,What are some must-try dishes from each state of India?,104,0.91,114,0,Ecstatic_Jicama_1482,311.1,1340.0,299.0,False,True
IndianFood,1rf9zva,2026-02,1780731293,1772112070,What brands to buy and not buy at US Indian stores?,84,0.95,70,0,SpaceExplorer123,2164.3,21497.0,1906.0,True,True
IndianFood,1r92zyr,2026-02,1780731293,1771516796,Why don't more people talk about pressure cooking without soaking?,64,0.84,62,0,making_ideas_happen,3434.4,8119.0,21910.0,True,True
IndianFood,1r3p4dw,2026-02,1780731293,1770989213,Dishes that tastes good cold?,58,0.94,108,0,LeaveNo7723,1301.7,4177.0,4123.0,True,True
IndianFood,1qvuy5m,2026-02,1780731293,1770226311,Visiting an Indian grocery store soon; what should i get?,56,0.88,102,0,GiuseppeZangara,5167.7,21234.0,377161.0,True,False
IndianFood,1rda7y4,2026-02,1780731293,1771919702,What fats did Indian homes use before factories existed?,50,0.87,65,0,AnimalAltruistic927,148.3,22.0,0.0,True,False
IndianFood,1r2rvta,2026-02,1780731293,1770898558,How to make Indian street side omelette?,50,0.92,25,0,Professional-Gold429,857.1,96.0,1115.0,True,False
IndianFood,1qyojj7,2026-02,1780731293,1770496285,What to get from my Indian supermarket,48,0.84,54,0,luckynumbertwotwo,2963.0,700.0,1399.0,False,False
IndianFood,1r4lfbe,2026-02,1780731293,1771077832,Indian food recommendations?,46,0.87,98,0,healing-earth-1998,395.8,125.0,70.0,True,False
IndianFood,1r4side,2026-02,1780731293,1771094858,What are some good traditional Indian dishes that use a lot of fresh ingredients?,40,0.84,33,0,Glad_Objective_1646,1334.4,3175.0,812.0,True,False
IndianFood,1qus1uy,2026-02,1780731293,1770125649,Just an appreciation post,39,0.9,10,0,Legitimate-Ruin1508,1054.5,44.0,322.0,False,False
IndianFood,1r2p7yl,2026-02,1780731293,1770889308,What happened to all the beef/buff cuisine in banned regions of India? Did it all die out? Same abou,39,0.72,50,0,forsakenstag,1508.9,13969.0,34997.0,True,False
IndianFood,1qujsdy,2026-02,1780731293,1770097632,Why does Parsi food seem mostly limited to Mumbai?,37,0.85,31,0,ayeinduu,,,,,False
IndianFood,1rd27uk,2026-02,1780731293,1771899774,Why does my biryani always turn out bad?,33,0.86,56,0,Careful_Fig8482,836.3,11788.0,18517.0,True,False
IndianFood,1qtmne8,2026-02,1780731293,1770010922,How many types of Indian  Bread are there?,33,0.87,46,0,lookaloulookalou,,,,,False
IndianFood,1r5x6cj,2026-02,1780731293,1771208161,Are there any foods or drinks that you serve as a part of a meal that have a cooling effect for when,33,0.87,74,0,burnt-----toast,1577.2,12335.0,284189.0,True,False
IndianFood,1r6u08h,2026-02,1780731293,1771295899,People living abroad what are must items to buy when visiting India ?,29,0.82,41,0,Lemonade2250,488.4,17602.0,198.0,True,False
IndianFood,1re3amg,2026-02,1780731293,1771993525,Any mustard oil specifically for culinary use?,27,0.81,35,0,Reasonable-Leg-2002,763.0,193.0,6608.0,True,False
IndianFood,1r0ovo9,2026-02,1780731293,1770691546,What do you make for dinner everyday?,27,0.91,15,0,Lemonade2250,488.4,17602.0,198.0,True,False
IndianFood,1qx76xk,2026-02,1780731293,1770350079,How do I make indian style milk coffee?,25,0.83,28,0,madamebutterfly2,1926.6,356.0,8048.0,True,False
IndianFood,1r5g37n,2026-02,1780731293,1771166042,Is podi still part of your daily meals?,22,0.93,19,0,Vendetta_9596,233.7,39.0,138.0,True,False
IndianFood,1rbqyso,2026-02,1780731293,1771779466,"I got a pressure cooker for free from a neighbor who moved away, and I know that they are popular in",22,0.92,24,0,ghdawg6197,5375.6,17701.0,36547.0,True,False
IndianFood,1rgghh2,2026-02,1780731293,1772220830,My go-to Dal Tadka Recipe for weeknights,22,0.93,4,0,Weird-Balance-481,318.7,1169.0,393.0,True,False
IndianFood,1r27fs7,2026-02,1780731293,1770839073,Best yellow dal recipe? Onion/Tomato?,22,0.89,18,0,CorruptHope,5195.4,3819.0,17881.0,True,False
IndianFood,1rh3lb5,2026-02,1780731293,1772287800,How many sabzis/curries do you typically eat for a typical lunch/dinner meal? And is daal an every-m,20,0.86,39,0,LaiBhaariMulgi,2014.4,2483.0,1747.0,True,False
IndianFood,1rgm787,2026-02,1780731293,1772234113,Easiest way for a non-indian to make butter chicken and naan?,19,0.79,39,0,Electronic_Lime7582,,,,,False
IndianFood,1r4eapa,2026-02,1780731293,1771053714,Mujhse Better Maggie Koi Bana Hi Nahi Sakta,19,0.71,26,0,litasducks,1526.3,807.0,194.0,True,False
IndianFood,1rbxz8n,2026-02,1780731293,1771795126,ISO Dal Tadka recipe,18,0.91,28,0,Objective-Dig-5940,1288.6,2068.0,3544.0,True,False
IndianFood,1qsnxjd,2026-02,1780731293,1769918390,advice for a westerner on Indian dishes that use mint?,17,0.84,51,0,papiollie,3096.7,390.0,6325.0,True,False
IndianFood,1r67bxf,2026-02,1780731293,1771241779,Would it be better protein-wise if we made dals and legumes dry instead of watery curries?,16,0.71,18,0,Majestic-Mark2903,293.0,325.0,115.0,True,False
IndianFood,1rgsmwg,2026-02,1780731293,1772251554,Roti advice,15,0.86,18,0,gori_sanatani,498.7,1816.0,9962.0,True,False
IndianFood,1rdjpf9,2026-02,1780731293,1771947916,What is this vegetable in the sambar I got from a South Indian restaurant in the USA?,15,0.82,18,0,supinator1,2981.4,61967.0,6718.0,True,False
IndianFood,1qw5pz4,2026-02,1780731293,1770250249,"I went to a dosa restaurant, and I really loved one of the chutneys. Can anyone help suggest what it",15,0.86,11,0,burnt-----toast,1577.2,12335.0,284189.0,True,False
IndianFood,1r8k8mm,2026-02,1780731293,1771460446,What is this curry powder?!,14,0.71,27,0,kickrockscusinart,391.8,942.0,3172.0,True,False
