45 subs x 24 months = 1080 cells -> data/v3/raw
  [IndiaTrending/2025-02] 101 posts, 36 commenter rows, 4s
[   0.1m] cells 1/1080  posts 101  req 111 (25.50/s, err 0.0%)  23.20 posts/s
  [IndiaTrending/2025-03] 85 posts, 32 commenter rows, 3s
[   0.1m] cells 2/1080  posts 186  req 206 (26.34/s, err 0.0%)  23.78 posts/s
  [IndiaTrending/2025-04] 116 posts, 80 commenter rows, 4s
[   0.2m] cells 3/1080  posts 302  req 339 (27.79/s, err 0.0%)  24.75 posts/s
  [IndiaTrending/2025-05] 120 posts, 88 commenter rows, 7s
[   0.3m] cells 4/1080  posts 422  req 480 (25.22/s, err 0.0%)  22.17 posts/s
  [IndiaTrending/2025-06] 120 posts, 120 commenter rows, 6s
[   0.4m] cells 5/1080  posts 542  req 634 (25.02/s, err 0.0%)  21.39 posts/s
  [IndiaTrending/2025-07] 120 posts, 34 commenter rows, 6s
[   0.5m] cells 6/1080  posts 662  req 765 (24.52/s, err 0.0%)  21.22 posts/s
  [IndiaTrending/2025-08] 120 posts, 34 commenter rows, 41s
[   1.2m] cells 7/1080  posts 782  req 943 (12.98/s, err 5.9%)  10.77 posts/s
  [IndiaTrending/2025-09] 97 posts, 16 commenter rows, 5s
[   1.3m] cells 8/1080  posts 879  req 1045 (13.39/s, err 5.4%)  11.27 posts/s
  [IndiaTrending/2025-10] 87 posts, 10 commenter rows, 4s
[   1.4m] cells 9/1080  posts 966  req 1139 (13.94/s, err 4.9%)  11.82 posts/s
  [IndiaTrending/2025-11] 102 posts, 20 commenter rows, 4s
[   1.4m] cells 10/1080  posts 1068  req 1247 (14.47/s, err 4.5%)  12.39 posts/s
  [IndiaTrending/2025-12] 118 posts, 44 commenter rows, 5s
[   1.5m] cells 11/1080  posts 1186  req 1375 (15.09/s, err 4.1%)  13.02 posts/s
  [IndiaTrending/2026-01] 90 posts, 0 commenter rows, 34s
[   2.1m] cells 12/1080  posts 1276  req 1489 (11.88/s, err 5.4%)  10.18 posts/s
  [IndiaTrending/2026-02] 114 posts, 4 commenter rows, 12s
[   2.3m] cells 13/1080  posts 1390  req 1609 (11.75/s, err 5.2%)  10.15 posts/s
  [IndiaTrending/2026-03] 54 posts, 2 commenter rows, 4s
[   2.3m] cells 14/1080  posts 1444  req 1667 (11.85/s, err 5.0%)  10.27 posts/s
  [IndiaTrending/2026-04] 54 posts, 0 commenter rows, 3s
[   2.4m] cells 15/1080  posts 1498  req 1723 (11.97/s, err 4.8%)  10.41 posts/s
  [IndiaTrending/2026-05] 51 posts, 0 commenter rows, 3s
[   2.4m] cells 16/1080  posts 1549  req 1777 (12.10/s, err 4.7%)  10.54 posts/s
  [IndiaTrending/2026-06] 32 posts, 0 commenter rows, 2s
[   2.5m] cells 17/1080  posts 1581  req 1811 (12.18/s, err 4.6%)  10.63 posts/s
  [IndiaTrending/2026-07] 44 posts, 0 commenter rows, 2s
[   2.5m] cells 18/1080  posts 1625  req 1857 (12.31/s, err 4.5%)  10.77 posts/s
  [IncredibleIndia/2024-08] 120 posts, 486 commenter rows, 11s
[   2.7m] cells 19/1080  posts 1745  req 2047 (12.62/s, err 4.1%)  10.76 posts/s
  [IncredibleIndia/2024-09] 120 posts, 1032 commenter rows, 38s
[   3.3m] cells 20/1080  posts 1865  req 2312 (11.56/s, err 5.1%)  9.32 posts/s
  [IncredibleIndia/2024-10] 120 posts, 1466 commenter rows, 14s
[   3.6m] cells 21/1080  posts 1985  req 2562 (11.96/s, err 4.6%)  9.26 posts/s
  [IncredibleIndia/2024-11] 120 posts, 1660 commenter rows, 43s
[   4.3m] cells 22/1080  posts 2105  req 2841 (11.03/s, err 5.6%)  8.17 posts/s
  [IncredibleIndia/2024-12] 120 posts, 1570 commenter rows, 10s
[   4.5m] cells 23/1080  posts 2225  req 3090 (11.54/s, err 5.1%)  8.31 posts/s
  [IncredibleIndia/2025-01] 120 posts, 1652 commenter rows, 10s
[   4.6m] cells 24/1080  posts 2345  req 3338 (12.03/s, err 4.7%)  8.45 posts/s
  [IncredibleIndia/2025-02] 120 posts, 1348 commenter rows, 44s
[   5.4m] cells 25/1080  posts 2465  req 3607 (11.22/s, err 5.5%)  7.67 posts/s
  [IncredibleIndia/2025-03] 120 posts, 1570 commenter rows, 10s
[   5.5m] cells 26/1080  posts 2585  req 3849 (11.61/s, err 5.1%)  7.80 posts/s
  [IncredibleIndia/2025-04] 120 posts, 1068 commenter rows, 40s
[   6.2m] cells 27/1080  posts 2705  req 4115 (11.09/s, err 5.9%)  7.29 posts/s
  [IncredibleIndia/2025-05] 120 posts, 1060 commenter rows, 9s
[   6.3m] cells 28/1080  posts 2825  req 4351 (11.45/s, err 5.6%)  7.43 posts/s
  [IncredibleIndia/2025-06] 120 posts, 848 commenter rows, 7s
[   6.5m] cells 29/1080  posts 2945  req 4581 (11.82/s, err 5.3%)  7.60 posts/s
  [IncredibleIndia/2025-07] 120 posts, 930 commenter rows, 46s
[   7.2m] cells 30/1080  posts 3065  req 4865 (11.23/s, err 6.2%)  7.08 posts/s
  [IncredibleIndia/2025-08] 120 posts, 1094 commenter rows, 11s
[   7.4m] cells 31/1080  posts 3185  req 5106 (11.50/s, err 5.9%)  7.17 posts/s
  [IncredibleIndia/2025-09] 120 posts, 1196 commenter rows, 48s
[   8.2m] cells 32/1080  posts 3305  req 5393 (10.95/s, err 6.6%)  6.71 posts/s
  [IncredibleIndia/2025-10] 120 posts, 1384 commenter rows, 11s
[   8.4m] cells 33/1080  posts 3425  req 5637 (11.20/s, err 6.3%)  6.81 posts/s
  [IncredibleIndia/2025-11] 120 posts, 1378 commenter rows, 10s
[   8.6m] cells 34/1080  posts 3545  req 5884 (11.46/s, err 6.1%)  6.91 posts/s
  [IncredibleIndia/2025-12] 120 posts, 1016 commenter rows, 43s
[   9.3m] cells 35/1080  posts 3665  req 6153 (11.06/s, err 6.4%)  6.59 posts/s
  [IncredibleIndia/2026-01] 120 posts, 946 commenter rows, 12s
[   9.5m] cells 36/1080  posts 3785  req 6389 (11.25/s, err 6.2%)  6.66 posts/s
  [IncredibleIndia/2026-02] 120 posts, 894 commenter rows, 43s
[  10.2m] cells 37/1080  posts 3905  req 6651 (10.89/s, err 6.6%)  6.39 posts/s
  [IncredibleIndia/2026-03] 120 posts, 844 commenter rows, 10s
[  10.3m] cells 38/1080  posts 4025  req 6883 (11.09/s, err 6.3%)  6.48 posts/s
  [IncredibleIndia/2026-04] 120 posts, 968 commenter rows, 8s
[  10.5m] cells 39/1080  posts 4145  req 7117 (11.32/s, err 6.1%)  6.59 posts/s
  [IncredibleIndia/2026-05] 120 posts, 1148 commenter rows, 46s
[  11.3m] cells 40/1080  posts 4265  req 7405 (10.96/s, err 6.6%)  6.31 posts/s
  [IncredibleIndia/2026-06] 120 posts, 1120 commenter rows, 11s
[  11.4m] cells 41/1080  posts 4385  req 7649 (11.14/s, err 6.5%)  6.39 posts/s
  [IncredibleIndia/2026-07] 120 posts, 1496 commenter rows, 39s
[  12.1m] cells 42/1080  posts 4505  req 7905 (10.90/s, err 6.4%)  6.21 posts/s
  [delhi/2024-08] 120 posts, 2400 commenter rows, 45s
[  12.8m] cells 43/1080  posts 4625  req 8378 (10.87/s, err 6.0%)  6.00 posts/s
  [delhi/2024-09] 120 posts, 2398 commenter rows, 43s
[  13.6m] cells 44/1080  posts 4745  req 8889 (10.92/s, err 5.7%)  5.83 posts/s
  [delhi/2024-10] 120 posts, 2400 commenter rows, 52s
[  14.4m] cells 45/1080  posts 4865  req 9468 (10.94/s, err 5.6%)  5.62 posts/s
  [delhi/2024-11] 120 posts, 2400 commenter rows, 58s
[  15.4m] cells 46/1080  posts 4985  req 9998 (10.83/s, err 5.6%)  5.40 posts/s
  [delhi/2024-12] 120 posts, 2400 commenter rows, 63s
[  16.4m] cells 47/1080  posts 5105  req 10615 (10.76/s, err 5.5%)  5.17 posts/s
  [delhi/2025-01] 120 posts, 2400 commenter rows, 55s
[  17.4m] cells 48/1080  posts 5225  req 11099 (10.65/s, err 5.2%)  5.01 posts/s
  [delhi/2025-02] 120 posts, 2400 commenter rows, 55s
[  18.3m] cells 49/1080  posts 5345  req 11651 (10.62/s, err 5.1%)  4.87 posts/s
  [delhi/2025-03] 120 posts, 2400 commenter rows, 69s
[  19.4m] cells 50/1080  posts 5465  req 12225 (10.49/s, err 5.0%)  4.69 posts/s
  [delhi/2025-04] 120 posts, 2400 commenter rows, 70s
[  20.6m] cells 51/1080  posts 5585  req 12831 (10.39/s, err 4.8%)  4.52 posts/s
  [delhi/2025-05] 120 posts, 2392 commenter rows, 57s
[  21.5m] cells 52/1080  posts 5705  req 13465 (10.42/s, err 4.6%)  4.41 posts/s
  [delhi/2025-06] 120 posts, 2400 commenter rows, 78s
[  22.8m] cells 53/1080  posts 5825  req 14042 (10.24/s, err 4.4%)  4.25 posts/s
  [delhi/2025-07] 120 posts, 2400 commenter rows, 58s
[  23.8m] cells 54/1080  posts 5945  req 14668 (10.27/s, err 4.3%)  4.16 posts/s
  [delhi/2025-08] 120 posts, 2400 commenter rows, 85s
[  25.2m] cells 55/1080  posts 6065  req 15391 (10.17/s, err 4.2%)  4.01 posts/s
  [delhi/2025-09] 120 posts, 2400 commenter rows, 64s
[  26.3m] cells 56/1080  posts 6185  req 15952 (10.11/s, err 4.0%)  3.92 posts/s
  [delhi/2025-10] 120 posts, 2400 commenter rows, 73s
[  27.5m] cells 57/1080  posts 6305  req 16500 (10.00/s, err 3.9%)  3.82 posts/s
  [delhi/2025-11] 120 posts, 2400 commenter rows, 70s
[  28.7m] cells 58/1080  posts 6425  req 17112 (9.95/s, err 3.7%)  3.73 posts/s
  [delhi/2025-12] 120 posts, 2400 commenter rows, 51s
[  29.5m] cells 59/1080  posts 6545  req 17647 (9.96/s, err 3.6%)  3.70 posts/s
  [delhi/2026-01] 120 posts, 2384 commenter rows, 58s
[  30.5m] cells 60/1080  posts 6665  req 18062 (9.88/s, err 3.6%)  3.64 posts/s
  [delhi/2026-02] 120 posts, 2372 commenter rows, 44s
[  31.2m] cells 61/1080  posts 6785  req 18442 (9.85/s, err 3.6%)  3.62 posts/s
  [delhi/2026-03] 120 posts, 2400 commenter rows, 46s
[  32.0m] cells 62/1080  posts 6905  req 18839 (9.82/s, err 3.5%)  3.60 posts/s
  [delhi/2026-04] 120 posts, 2386 commenter rows, 30s
[  32.5m] cells 63/1080  posts 7025  req 19155 (9.83/s, err 3.5%)  3.61 posts/s
  [delhi/2026-05] 120 posts, 2400 commenter rows, 45s
[  33.2m] cells 64/1080  posts 7145  req 19515 (9.79/s, err 3.5%)  3.58 posts/s
  [delhi/2026-06] 120 posts, 2360 commenter rows, 35s
[  33.8m] cells 65/1080  posts 7265  req 19843 (9.78/s, err 3.5%)  3.58 posts/s
  [delhi/2026-07] 120 posts, 2398 commenter rows, 54s
[  34.7m] cells 66/1080  posts 7385  req 20272 (9.74/s, err 3.4%)  3.55 posts/s
  [bangalore/2024-08] 120 posts, 2400 commenter rows, 37s
[  35.3m] cells 67/1080  posts 7505  req 20668 (9.76/s, err 3.4%)  3.54 posts/s
  [bangalore/2024-09] 120 posts, 2400 commenter rows, 31s
[  35.8m] cells 68/1080  posts 7625  req 21044 (9.79/s, err 3.3%)  3.55 posts/s
  [bangalore/2024-10] 120 posts, 2382 commenter rows, 31s
[  36.4m] cells 69/1080  posts 7745  req 21377 (9.80/s, err 3.3%)  3.55 posts/s
  [bangalore/2024-11] 120 posts, 2388 commenter rows, 27s
[  36.8m] cells 70/1080  posts 7865  req 21689 (9.82/s, err 3.3%)  3.56 posts/s
  [bangalore/2024-12] 120 posts, 2398 commenter rows, 42s
[  37.5m] cells 71/1080  posts 7985  req 22006 (9.78/s, err 3.2%)  3.55 posts/s
  [bangalore/2025-01] 120 posts, 2386 commenter rows, 46s
[  38.3m] cells 72/1080  posts 8105  req 22405 (9.76/s, err 3.3%)  3.53 posts/s
  [bangalore/2025-02] 120 posts, 2392 commenter rows, 21s
[  38.6m] cells 73/1080  posts 8225  req 22698 (9.79/s, err 3.3%)  3.55 posts/s
  [bangalore/2025-03] 120 posts, 2332 commenter rows, 40s
[  39.3m] cells 74/1080  posts 8345  req 23055 (9.78/s, err 3.3%)  3.54 posts/s
  [bangalore/2025-04] 120 posts, 2320 commenter rows, 32s
[  39.8m] cells 75/1080  posts 8465  req 23397 (9.79/s, err 3.2%)  3.54 posts/s
  [bangalore/2025-05] 120 posts, 2304 commenter rows, 29s
[  40.3m] cells 76/1080  posts 8585  req 23739 (9.81/s, err 3.2%)  3.55 posts/s
  [bangalore/2025-06] 120 posts, 2370 commenter rows, 23s
[  40.7m] cells 77/1080  posts 8705  req 24038 (9.84/s, err 3.2%)  3.56 posts/s
  [bangalore/2025-07] 120 posts, 2400 commenter rows, 47s
[  41.5m] cells 78/1080  posts 8825  req 24350 (9.78/s, err 3.1%)  3.55 posts/s
  [bangalore/2025-08] 120 posts, 2394 commenter rows, 46s
[  42.3m] cells 79/1080  posts 8945  req 24742 (9.76/s, err 3.2%)  3.53 posts/s
  [bangalore/2025-09] 120 posts, 2384 commenter rows, 22s
[  42.6m] cells 80/1080  posts 9065  req 25053 (9.79/s, err 3.2%)  3.54 posts/s
  [bangalore/2025-10] 120 posts, 2394 commenter rows, 34s
[  43.2m] cells 81/1080  posts 9185  req 25421 (9.81/s, err 3.2%)  3.54 posts/s
  [bangalore/2025-11] 120 posts, 2374 commenter rows, 27s
[  43.7m] cells 82/1080  posts 9305  req 25784 (9.84/s, err 3.2%)  3.55 posts/s
  [bangalore/2025-12] 120 posts, 2400 commenter rows, 42s
[  44.4m] cells 83/1080  posts 9425  req 26186 (9.84/s, err 3.2%)  3.54 posts/s
  [bangalore/2026-01] 120 posts, 2400 commenter rows, 57s
[  45.3m] cells 84/1080  posts 9545  req 26569 (9.78/s, err 3.3%)  3.51 posts/s
  [bangalore/2026-02] 120 posts, 2398 commenter rows, 17s
[  45.6m] cells 85/1080  posts 9665  req 26856 (9.82/s, err 3.2%)  3.53 posts/s
  [bangalore/2026-03] 120 posts, 2394 commenter rows, 35s
[  46.2m] cells 86/1080  posts 9785  req 27189 (9.82/s, err 3.2%)  3.53 posts/s
  [bangalore/2026-04] 120 posts, 2400 commenter rows, 23s
[  46.5m] cells 87/1080  posts 9905  req 27498 (9.85/s, err 3.2%)  3.55 posts/s
  [bangalore/2026-05] 120 posts, 2396 commenter rows, 43s
[  47.3m] cells 88/1080  posts 10025  req 27848 (9.82/s, err 3.3%)  3.53 posts/s
  [bangalore/2026-06] 120 posts, 2400 commenter rows, 27s
[  47.7m] cells 89/1080  posts 10145  req 28174 (9.84/s, err 3.3%)  3.54 posts/s
  [bangalore/2026-07] 120 posts, 2386 commenter rows, 30s
[  48.2m] cells 90/1080  posts 10265  req 28539 (9.86/s, err 3.3%)  3.55 posts/s
  [mumbai/2024-08] 120 posts, 2370 commenter rows, 24s
[  48.6m] cells 91/1080  posts 10385  req 28896 (9.91/s, err 3.2%)  3.56 posts/s
  [mumbai/2024-09] 120 posts, 2398 commenter rows, 47s
[  49.4m] cells 92/1080  posts 10505  req 29273 (9.88/s, err 3.3%)  3.54 posts/s
  [mumbai/2024-10] 120 posts, 2378 commenter rows, 25s
[  49.8m] cells 93/1080  posts 10625  req 29660 (9.92/s, err 3.3%)  3.55 posts/s
  [mumbai/2024-11] 120 posts, 2358 commenter rows, 44s
[  50.6m] cells 94/1080  posts 10745  req 30018 (9.90/s, err 3.2%)  3.54 posts/s
  [mumbai/2024-12] 120 posts, 2378 commenter rows, 47s
[  51.3m] cells 95/1080  posts 10865  req 30426 (9.88/s, err 3.3%)  3.53 posts/s
  [mumbai/2025-01] 120 posts, 2382 commenter rows, 28s
[  51.8m] cells 96/1080  posts 10985  req 30807 (9.91/s, err 3.2%)  3.53 posts/s
  [mumbai/2025-02] 120 posts, 2378 commenter rows, 32s
[  52.3m] cells 97/1080  posts 11105  req 31189 (9.93/s, err 3.2%)  3.54 posts/s
  [mumbai/2025-03] 120 posts, 2358 commenter rows, 61s
[  53.4m] cells 98/1080  posts 11225  req 31635 (9.88/s, err 3.3%)  3.51 posts/s
  [mumbai/2025-04] 120 posts, 2378 commenter rows, 24s
[  53.8m] cells 99/1080  posts 11345  req 32017 (9.93/s, err 3.3%)  3.52 posts/s
  [mumbai/2025-05] 120 posts, 2384 commenter rows, 38s
[  54.4m] cells 100/1080  posts 11465  req 32461 (9.95/s, err 3.3%)  3.51 posts/s
  [mumbai/2025-06] 120 posts, 2364 commenter rows, 56s
[  55.3m] cells 101/1080  posts 11585  req 32907 (9.92/s, err 3.3%)  3.49 posts/s
  [mumbai/2025-07] 120 posts, 2400 commenter rows, 32s
[  55.8m] cells 102/1080  posts 11705  req 33344 (9.95/s, err 3.3%)  3.49 posts/s
  [mumbai/2025-08] 120 posts, 2400 commenter rows, 36s
[  56.4m] cells 103/1080  posts 11825  req 33707 (9.95/s, err 3.2%)  3.49 posts/s
  [mumbai/2025-09] 120 posts, 2380 commenter rows, 51s
[  57.3m] cells 104/1080  posts 11945  req 34057 (9.91/s, err 3.3%)  3.47 posts/s
  [mumbai/2025-10] 120 posts, 2400 commenter rows, 28s
[  57.8m] cells 105/1080  posts 12065  req 34389 (9.92/s, err 3.3%)  3.48 posts/s
  [mumbai/2025-11] 120 posts, 2394 commenter rows, 31s
[  58.3m] cells 106/1080  posts 12185  req 34718 (9.93/s, err 3.3%)  3.49 posts/s
  [mumbai/2025-12] 120 posts, 2386 commenter rows, 23s
[  58.6m] cells 107/1080  posts 12305  req 35063 (9.96/s, err 3.3%)  3.50 posts/s
  [mumbai/2026-01] 120 posts, 2400 commenter rows, 38s
[  59.3m] cells 108/1080  posts 12425  req 35411 (9.96/s, err 3.3%)  3.49 posts/s
  [mumbai/2026-02] 120 posts, 2400 commenter rows, 29s
[  59.8m] cells 109/1080  posts 12545  req 35821 (9.99/s, err 3.3%)  3.50 posts/s
  [mumbai/2026-03] 120 posts, 2394 commenter rows, 37s
[  60.4m] cells 110/1080  posts 12665  req 36152 (9.98/s, err 3.3%)  3.50 posts/s
  [mumbai/2026-04] 120 posts, 2398 commenter rows, 32s
[  60.9m] cells 111/1080  posts 12785  req 36426 (9.97/s, err 3.3%)  3.50 posts/s
  [mumbai/2026-05] 120 posts, 2400 commenter rows, 26s
[  61.3m] cells 112/1080  posts 12905  req 36732 (9.98/s, err 3.3%)  3.51 posts/s
  [mumbai/2026-06] 120 posts, 2400 commenter rows, 28s
[  61.8m] cells 113/1080  posts 13025  req 37059 (9.99/s, err 3.3%)  3.51 posts/s
  [mumbai/2026-07] 120 posts, 2400 commenter rows, 36s
[  62.4m] cells 114/1080  posts 13145  req 37351 (9.97/s, err 3.3%)  3.51 posts/s
  [chennai/2024-08] 120 posts, 2364 commenter rows, 13s
[  62.6m] cells 115/1080  posts 13265  req 37607 (10.01/s, err 3.3%)  3.53 posts/s
  [chennai/2024-09] 120 posts, 2324 commenter rows, 43s
[  63.4m] cells 116/1080  posts 13385  req 37899 (9.97/s, err 3.4%)  3.52 posts/s
  [chennai/2024-10] 120 posts, 2378 commenter rows, 15s
[  63.6m] cells 117/1080  posts 13505  req 38164 (10.00/s, err 3.4%)  3.54 posts/s
  [chennai/2024-11] 120 posts, 2288 commenter rows, 43s
[  64.3m] cells 118/1080  posts 13625  req 38455 (9.96/s, err 3.4%)  3.53 posts/s
  [chennai/2024-12] 120 posts, 2352 commenter rows, 22s
[  64.7m] cells 119/1080  posts 13745  req 38722 (9.98/s, err 3.4%)  3.54 posts/s
  [chennai/2025-01] 120 posts, 2398 commenter rows, 35s
[  65.3m] cells 120/1080  posts 13865  req 39048 (9.97/s, err 3.5%)  3.54 posts/s
  [chennai/2025-02] 120 posts, 2380 commenter rows, 17s
[  65.6m] cells 121/1080  posts 13985  req 39325 (10.00/s, err 3.4%)  3.55 posts/s
  [chennai/2025-03] 120 posts, 2362 commenter rows, 19s
[  65.9m] cells 122/1080  posts 14105  req 39595 (10.02/s, err 3.4%)  3.57 posts/s
  [chennai/2025-04] 120 posts, 2336 commenter rows, 29s
[  66.4m] cells 123/1080  posts 14225  req 39889 (10.02/s, err 3.5%)  3.57 posts/s
  [chennai/2025-05] 120 posts, 2376 commenter rows, 23s
[  66.7m] cells 124/1080  posts 14345  req 40148 (10.03/s, err 3.4%)  3.58 posts/s
  [chennai/2025-06] 120 posts, 2314 commenter rows, 34s
[  67.3m] cells 125/1080  posts 14465  req 40435 (10.01/s, err 3.5%)  3.58 posts/s
  [chennai/2025-07] 120 posts, 2312 commenter rows, 12s
[  67.5m] cells 126/1080  posts 14585  req 40693 (10.05/s, err 3.5%)  3.60 posts/s
  [chennai/2025-08] 120 posts, 2246 commenter rows, 42s
[  68.2m] cells 127/1080  posts 14705  req 40976 (10.02/s, err 3.6%)  3.59 posts/s
  [chennai/2025-09] 120 posts, 2276 commenter rows, 12s
[  68.4m] cells 128/1080  posts 14825  req 41232 (10.05/s, err 3.5%)  3.61 posts/s
  [chennai/2025-10] 120 posts, 2308 commenter rows, 12s
[  68.6m] cells 129/1080  posts 14945  req 41505 (10.09/s, err 3.5%)  3.63 posts/s
  [chennai/2025-11] 120 posts, 2254 commenter rows, 45s
[  69.3m] cells 130/1080  posts 15065  req 41762 (10.04/s, err 3.5%)  3.62 posts/s
  [chennai/2025-12] 120 posts, 2332 commenter rows, 16s
[  69.6m] cells 131/1080  posts 15185  req 42021 (10.06/s, err 3.5%)  3.64 posts/s
  [chennai/2026-01] 120 posts, 2184 commenter rows, 51s
[  70.4m] cells 132/1080  posts 15305  req 42330 (10.01/s, err 3.6%)  3.62 posts/s
  [chennai/2026-02] 120 posts, 2302 commenter rows, 18s
[  70.7m] cells 133/1080  posts 15425  req 42588 (10.03/s, err 3.5%)  3.63 posts/s
  [chennai/2026-03] 120 posts, 2298 commenter rows, 34s
[  71.3m] cells 134/1080  posts 15545  req 42877 (10.02/s, err 3.6%)  3.63 posts/s
  [chennai/2026-04] 120 posts, 2348 commenter rows, 15s
[  71.6m] cells 135/1080  posts 15665  req 43144 (10.05/s, err 3.6%)  3.65 posts/s
  [chennai/2026-05] 120 posts, 2280 commenter rows, 49s
[  72.4m] cells 136/1080  posts 15785  req 43455 (10.01/s, err 3.6%)  3.63 posts/s
  [chennai/2026-06] 120 posts, 2232 commenter rows, 13s
[  72.6m] cells 137/1080  posts 15905  req 43714 (10.04/s, err 3.6%)  3.65 posts/s
  [chennai/2026-07] 120 posts, 2330 commenter rows, 10s
[  72.8m] cells 138/1080  posts 16025  req 43968 (10.07/s, err 3.6%)  3.67 posts/s
  [hyderabad/2024-08] 120 posts, 2390 commenter rows, 36s
[  73.4m] cells 139/1080  posts 16145  req 44284 (10.06/s, err 3.6%)  3.67 posts/s
  [hyderabad/2024-09] 120 posts, 2378 commenter rows, 16s
[  73.6m] cells 140/1080  posts 16265  req 44557 (10.08/s, err 3.6%)  3.68 posts/s
  [hyderabad/2024-10] 120 posts, 2370 commenter rows, 38s
[  74.3m] cells 141/1080  posts 16385  req 44853 (10.07/s, err 3.7%)  3.68 posts/s
  [hyderabad/2024-11] 120 posts, 2372 commenter rows, 18s
[  74.6m] cells 142/1080  posts 16505  req 45130 (10.09/s, err 3.6%)  3.69 posts/s
  [hyderabad/2024-12] 120 posts, 2384 commenter rows, 46s
[  75.3m] cells 143/1080  posts 16625  req 45431 (10.05/s, err 3.7%)  3.68 posts/s
  [hyderabad/2025-01] 120 posts, 2366 commenter rows, 15s
[  75.6m] cells 144/1080  posts 16745  req 45693 (10.08/s, err 3.7%)  3.69 posts/s
  [hyderabad/2025-02] 120 posts, 2380 commenter rows, 35s
[  76.2m] cells 145/1080  posts 16865  req 45986 (10.06/s, err 3.7%)  3.69 posts/s
  [hyderabad/2025-03] 120 posts, 2384 commenter rows, 20s
[  76.5m] cells 146/1080  posts 16985  req 46262 (10.08/s, err 3.7%)  3.70 posts/s
  [hyderabad/2025-04] 120 posts, 2390 commenter rows, 41s
[  77.2m] cells 147/1080  posts 17105  req 46565 (10.05/s, err 3.7%)  3.69 posts/s
  [hyderabad/2025-05] 120 posts, 2384 commenter rows, 24s
[  77.6m] cells 148/1080  posts 17225  req 46880 (10.07/s, err 3.7%)  3.70 posts/s
  [hyderabad/2025-06] 120 posts, 2400 commenter rows, 41s
[  78.3m] cells 149/1080  posts 17345  req 47187 (10.05/s, err 3.7%)  3.69 posts/s
  [hyderabad/2025-07] 120 posts, 2382 commenter rows, 22s
[  78.6m] cells 150/1080  posts 17465  req 47482 (10.06/s, err 3.7%)  3.70 posts/s
  [hyderabad/2025-08] 120 posts, 2400 commenter rows, 23s
[  79.0m] cells 151/1080  posts 17585  req 47760 (10.07/s, err 3.6%)  3.71 posts/s
  [hyderabad/2025-09] 120 posts, 2382 commenter rows, 20s
[  79.4m] cells 152/1080  posts 17705  req 48045 (10.09/s, err 3.6%)  3.72 posts/s
  [hyderabad/2025-10] 120 posts, 2396 commenter rows, 22s
[  79.7m] cells 153/1080  posts 17825  req 48340 (10.11/s, err 3.6%)  3.73 posts/s
  [hyderabad/2025-11] 120 posts, 2400 commenter rows, 36s
[  80.3m] cells 154/1080  posts 17945  req 48659 (10.10/s, err 3.6%)  3.72 posts/s
  [hyderabad/2025-12] 120 posts, 2388 commenter rows, 23s
[  80.7m] cells 155/1080  posts 18065  req 48963 (10.11/s, err 3.6%)  3.73 posts/s
  [hyderabad/2026-01] 120 posts, 2400 commenter rows, 36s
[  81.3m] cells 156/1080  posts 18185  req 49257 (10.10/s, err 3.6%)  3.73 posts/s
  [hyderabad/2026-02] 120 posts, 2392 commenter rows, 21s
[  81.7m] cells 157/1080  posts 18305  req 49554 (10.11/s, err 3.6%)  3.74 posts/s
  [hyderabad/2026-03] 120 posts, 2400 commenter rows, 44s
[  82.4m] cells 158/1080  posts 18425  req 49879 (10.09/s, err 3.6%)  3.73 posts/s
  [hyderabad/2026-04] 120 posts, 2396 commenter rows, 24s
[  82.8m] cells 159/1080  posts 18545  req 50158 (10.10/s, err 3.6%)  3.73 posts/s
  [hyderabad/2026-05] 120 posts, 2400 commenter rows, 33s
[  83.3m] cells 160/1080  posts 18665  req 50469 (10.09/s, err 3.6%)  3.73 posts/s
  [hyderabad/2026-06] 120 posts, 2396 commenter rows, 21s
[  83.7m] cells 161/1080  posts 18785  req 50764 (10.11/s, err 3.6%)  3.74 posts/s
  [hyderabad/2026-07] 120 posts, 2400 commenter rows, 38s
[  84.3m] cells 162/1080  posts 18905  req 51128 (10.11/s, err 3.6%)  3.74 posts/s
  [Kerala/2024-08] 120 posts, 2352 commenter rows, 49s
[  85.1m] cells 163/1080  posts 19025  req 51517 (10.09/s, err 3.7%)  3.72 posts/s
  [Kerala/2024-09] 120 posts, 2382 commenter rows, 17s
[  85.4m] cells 164/1080  posts 19145  req 51790 (10.10/s, err 3.6%)  3.74 posts/s
  [Kerala/2024-10] 120 posts, 2400 commenter rows, 14s
[  85.7m] cells 165/1080  posts 19265  req 52077 (10.13/s, err 3.6%)  3.75 posts/s
  [Kerala/2024-11] 120 posts, 2398 commenter rows, 44s
[  86.4m] cells 166/1080  posts 19385  req 52379 (10.11/s, err 3.7%)  3.74 posts/s
  [Kerala/2024-12] 120 posts, 2376 commenter rows, 16s
[  86.7m] cells 167/1080  posts 19505  req 52638 (10.12/s, err 3.7%)  3.75 posts/s
  [Kerala/2025-01] 120 posts, 2390 commenter rows, 42s
[  87.4m] cells 168/1080  posts 19625  req 53001 (10.11/s, err 3.7%)  3.74 posts/s
  [Kerala/2025-02] 120 posts, 2400 commenter rows, 24s
[  87.8m] cells 169/1080  posts 19745  req 53294 (10.12/s, err 3.7%)  3.75 posts/s
  [Kerala/2025-03] 120 posts, 2400 commenter rows, 36s
[  88.4m] cells 170/1080  posts 19865  req 53593 (10.11/s, err 3.7%)  3.75 posts/s
  [Kerala/2025-04] 120 posts, 2378 commenter rows, 15s
[  88.6m] cells 171/1080  posts 19985  req 53858 (10.13/s, err 3.7%)  3.76 posts/s
  [Kerala/2025-05] 120 posts, 2400 commenter rows, 40s
[  89.3m] cells 172/1080  posts 20105  req 54180 (10.12/s, err 3.7%)  3.75 posts/s
  [Kerala/2025-06] 120 posts, 2386 commenter rows, 17s
[  89.6m] cells 173/1080  posts 20225  req 54461 (10.14/s, err 3.7%)  3.76 posts/s
  [Kerala/2025-07] 120 posts, 2292 commenter rows, 46s
[  90.3m] cells 174/1080  posts 20345  req 54749 (10.10/s, err 3.8%)  3.75 posts/s
  [Kerala/2025-08] 120 posts, 2400 commenter rows, 13s
[  90.5m] cells 175/1080  posts 20465  req 55011 (10.13/s, err 3.8%)  3.77 posts/s
  [Kerala/2025-09] 120 posts, 2384 commenter rows, 14s
[  90.8m] cells 176/1080  posts 20585  req 55272 (10.15/s, err 3.8%)  3.78 posts/s
  [Kerala/2025-10] 120 posts, 2400 commenter rows, 38s
[  91.4m] cells 177/1080  posts 20705  req 55599 (10.14/s, err 3.8%)  3.78 posts/s
  [Kerala/2025-11] 120 posts, 2382 commenter rows, 18s
[  91.7m] cells 178/1080  posts 20825  req 55898 (10.16/s, err 3.8%)  3.79 posts/s
  [Kerala/2025-12] 120 posts, 2400 commenter rows, 36s
[  92.3m] cells 179/1080  posts 20945  req 56172 (10.14/s, err 3.8%)  3.78 posts/s
  [Kerala/2026-01] 120 posts, 2398 commenter rows, 15s
[  92.5m] cells 180/1080  posts 21065  req 56448 (10.17/s, err 3.7%)  3.79 posts/s
  [Kerala/2026-02] 120 posts, 2380 commenter rows, 47s
[  93.3m] cells 181/1080  posts 21185  req 56762 (10.14/s, err 3.8%)  3.78 posts/s
  [Kerala/2026-03] 120 posts, 2398 commenter rows, 18s
[  93.6m] cells 182/1080  posts 21305  req 57057 (10.16/s, err 3.8%)  3.79 posts/s
  [Kerala/2026-04] 120 posts, 2374 commenter rows, 41s
[  94.3m] cells 183/1080  posts 21425  req 57393 (10.14/s, err 3.8%)  3.79 posts/s
  [Kerala/2026-05] 120 posts, 2392 commenter rows, 17s
[  94.6m] cells 184/1080  posts 21545  req 57660 (10.16/s, err 3.8%)  3.80 posts/s
  [Kerala/2026-06] 120 posts, 2326 commenter rows, 44s
[  95.3m] cells 185/1080  posts 21665  req 57944 (10.13/s, err 3.8%)  3.79 posts/s
  [Kerala/2026-07] 120 posts, 2368 commenter rows, 13s
[  95.5m] cells 186/1080  posts 21785  req 58211 (10.15/s, err 3.8%)  3.80 posts/s
  [kolkata/2024-08] 120 posts, 2378 commenter rows, 46s
[  96.3m] cells 187/1080  posts 21905  req 58518 (10.13/s, err 3.9%)  3.79 posts/s
  [kolkata/2024-09] 120 posts, 2330 commenter rows, 13s
[  96.5m] cells 188/1080  posts 22025  req 58784 (10.15/s, err 3.9%)  3.80 posts/s
  [kolkata/2024-10] 120 posts, 2278 commenter rows, 13s
[  96.8m] cells 189/1080  posts 22145  req 59048 (10.17/s, err 3.8%)  3.81 posts/s
  [kolkata/2024-11] 120 posts, 2296 commenter rows, 37s
[  97.4m] cells 190/1080  posts 22265  req 59374 (10.16/s, err 3.9%)  3.81 posts/s
  [kolkata/2024-12] 120 posts, 2372 commenter rows, 15s
[  97.6m] cells 191/1080  posts 22385  req 59643 (10.18/s, err 3.9%)  3.82 posts/s
  [kolkata/2025-01] 120 posts, 2340 commenter rows, 48s
[  98.4m] cells 192/1080  posts 22505  req 59952 (10.15/s, err 3.9%)  3.81 posts/s
  [kolkata/2025-02] 120 posts, 2320 commenter rows, 15s
[  98.7m] cells 193/1080  posts 22625  req 60217 (10.17/s, err 3.9%)  3.82 posts/s
  [kolkata/2025-03] 120 posts, 2394 commenter rows, 40s
[  99.4m] cells 194/1080  posts 22745  req 60569 (10.16/s, err 3.9%)  3.82 posts/s
  [kolkata/2025-04] 120 posts, 2386 commenter rows, 21s
[  99.7m] cells 195/1080  posts 22865  req 60921 (10.18/s, err 3.9%)  3.82 posts/s
  [kolkata/2025-05] 120 posts, 2390 commenter rows, 38s
[ 100.3m] cells 196/1080  posts 22985  req 61230 (10.17/s, err 3.9%)  3.82 posts/s
  [kolkata/2025-06] 120 posts, 2360 commenter rows, 15s
[ 100.6m] cells 197/1080  posts 23105  req 61503 (10.19/s, err 3.9%)  3.83 posts/s
  [kolkata/2025-07] 120 posts, 2316 commenter rows, 47s
[ 101.4m] cells 198/1080  posts 23225  req 61834 (10.17/s, err 4.0%)  3.82 posts/s
  [kolkata/2025-08] 120 posts, 2396 commenter rows, 20s
[ 101.7m] cells 199/1080  posts 23345  req 62134 (10.18/s, err 3.9%)  3.83 posts/s
  [kolkata/2025-09] 120 posts, 2374 commenter rows, 39s
[ 102.3m] cells 200/1080  posts 23465  req 62452 (10.17/s, err 4.0%)  3.82 posts/s
  [kolkata/2025-10] 120 posts, 2340 commenter rows, 20s
[ 102.7m] cells 201/1080  posts 23585  req 62763 (10.19/s, err 3.9%)  3.83 posts/s
  [kolkata/2025-11] 120 posts, 2354 commenter rows, 41s
[ 103.4m] cells 202/1080  posts 23705  req 63088 (10.17/s, err 4.0%)  3.82 posts/s
  [kolkata/2025-12] 120 posts, 2398 commenter rows, 28s
[ 103.8m] cells 203/1080  posts 23825  req 63413 (10.18/s, err 4.0%)  3.82 posts/s
  [kolkata/2026-01] 120 posts, 2370 commenter rows, 27s
[ 104.3m] cells 204/1080  posts 23945  req 63734 (10.19/s, err 4.0%)  3.83 posts/s
  [kolkata/2026-02] 120 posts, 2360 commenter rows, 24s
[ 104.7m] cells 205/1080  posts 24065  req 64077 (10.20/s, err 3.9%)  3.83 posts/s
  [kolkata/2026-03] 120 posts, 2374 commenter rows, 48s
[ 105.5m] cells 206/1080  posts 24185  req 64452 (10.18/s, err 3.9%)  3.82 posts/s
  [kolkata/2026-04] 120 posts, 2384 commenter rows, 44s
[ 106.2m] cells 207/1080  posts 24305  req 64801 (10.17/s, err 4.0%)  3.81 posts/s
  [kolkata/2026-05] 120 posts, 2400 commenter rows, 30s
[ 106.7m] cells 208/1080  posts 24425  req 65226 (10.19/s, err 3.9%)  3.81 posts/s
  [kolkata/2026-06] 120 posts, 2382 commenter rows, 39s
[ 107.4m] cells 209/1080  posts 24545  req 65605 (10.18/s, err 3.9%)  3.81 posts/s
  [kolkata/2026-07] 120 posts, 2384 commenter rows, 25s
[ 107.8m] cells 210/1080  posts 24665  req 65899 (10.19/s, err 3.9%)  3.81 posts/s
  [IndiaSpeaks/2024-08] 120 posts, 2380 commenter rows, 73s
[ 109.0m] cells 211/1080  posts 24785  req 66567 (10.18/s, err 3.9%)  3.79 posts/s
  [IndiaSpeaks/2024-09] 120 posts, 2388 commenter rows, 40s
[ 109.7m] cells 212/1080  posts 24905  req 67008 (10.18/s, err 3.9%)  3.79 posts/s
  [IndiaSpeaks/2024-10] 120 posts, 2380 commenter rows, 42s
[ 110.4m] cells 213/1080  posts 25025  req 67514 (10.20/s, err 3.9%)  3.78 posts/s
  [IndiaSpeaks/2024-11] 120 posts, 2314 commenter rows, 58s
[ 111.3m] cells 214/1080  posts 25145  req 67914 (10.17/s, err 3.9%)  3.76 posts/s
  [IndiaSpeaks/2024-12] 120 posts, 2400 commenter rows, 31s
[ 111.8m] cells 215/1080  posts 25265  req 68384 (10.19/s, err 3.9%)  3.77 posts/s
  [IndiaSpeaks/2025-01] 120 posts, 2398 commenter rows, 40s
[ 112.5m] cells 216/1080  posts 25385  req 68893 (10.21/s, err 3.9%)  3.76 posts/s
  [IndiaSpeaks/2025-02] 120 posts, 2310 commenter rows, 49s
[ 113.3m] cells 217/1080  posts 25505  req 69237 (10.18/s, err 4.0%)  3.75 posts/s
  [IndiaSpeaks/2025-03] 120 posts, 2348 commenter rows, 18s
[ 113.6m] cells 218/1080  posts 25625  req 69528 (10.20/s, err 3.9%)  3.76 posts/s
  [IndiaSpeaks/2025-04] 120 posts, 2398 commenter rows, 47s
[ 114.4m] cells 219/1080  posts 25745  req 69924 (10.19/s, err 4.0%)  3.75 posts/s
  [IndiaSpeaks/2025-05] 120 posts, 2380 commenter rows, 31s
[ 114.9m] cells 220/1080  posts 25865  req 70314 (10.20/s, err 3.9%)  3.75 posts/s
  [IndiaSpeaks/2025-06] 120 posts, 2382 commenter rows, 38s
[ 115.5m] cells 221/1080  posts 25985  req 70669 (10.19/s, err 3.9%)  3.75 posts/s
  [IndiaSpeaks/2025-07] 120 posts, 2334 commenter rows, 51s
[ 116.4m] cells 222/1080  posts 26105  req 71030 (10.17/s, err 4.0%)  3.74 posts/s
  [IndiaSpeaks/2025-08] 120 posts, 2392 commenter rows, 15s
[ 116.6m] cells 223/1080  posts 26225  req 71330 (10.19/s, err 3.9%)  3.75 posts/s
  [IndiaSpeaks/2025-09] 120 posts, 2388 commenter rows, 36s
[ 117.2m] cells 224/1080  posts 26345  req 71662 (10.19/s, err 4.0%)  3.75 posts/s
  [IndiaSpeaks/2025-10] 120 posts, 2370 commenter rows, 12s
[ 117.4m] cells 225/1080  posts 26465  req 71920 (10.21/s, err 4.0%)  3.76 posts/s
  [IndiaSpeaks/2025-11] 120 posts, 2396 commenter rows, 14s
[ 117.7m] cells 226/1080  posts 26585  req 72178 (10.22/s, err 3.9%)  3.77 posts/s
  [IndiaSpeaks/2025-12] 120 posts, 2354 commenter rows, 43s
[ 118.4m] cells 227/1080  posts 26705  req 72471 (10.20/s, err 4.0%)  3.76 posts/s
  [IndiaSpeaks/2026-01] 120 posts, 2368 commenter rows, 9s
[ 118.6m] cells 228/1080  posts 26825  req 72721 (10.22/s, err 4.0%)  3.77 posts/s
  [IndiaSpeaks/2026-02] 120 posts, 2200 commenter rows, 42s
[ 119.3m] cells 229/1080  posts 26945  req 73003 (10.20/s, err 4.0%)  3.77 posts/s
  [IndiaSpeaks/2026-03] 120 posts, 2388 commenter rows, 18s
[ 119.6m] cells 230/1080  posts 27065  req 73319 (10.22/s, err 4.0%)  3.77 posts/s
  [IndiaSpeaks/2026-04] 120 posts, 2344 commenter rows, 45s
[ 120.3m] cells 231/1080  posts 27185  req 73632 (10.20/s, err 4.0%)  3.77 posts/s
  [IndiaSpeaks/2026-05] 120 posts, 2386 commenter rows, 12s
[ 120.5m] cells 232/1080  posts 27305  req 73881 (10.22/s, err 4.0%)  3.78 posts/s
  [IndiaSpeaks/2026-06] 120 posts, 2380 commenter rows, 46s
[ 121.3m] cells 233/1080  posts 27425  req 74161 (10.19/s, err 4.1%)  3.77 posts/s
  [IndiaSpeaks/2026-07] 120 posts, 2354 commenter rows, 13s
[ 121.5m] cells 234/1080  posts 27545  req 74431 (10.21/s, err 4.0%)  3.78 posts/s
  [unitedstatesofindia/2024-08] 120 posts, 2360 commenter rows, 59s
[ 122.5m] cells 235/1080  posts 27665  req 74948 (10.20/s, err 4.1%)  3.77 posts/s
  [unitedstatesofindia/2024-09] 120 posts, 2400 commenter rows, 22s
[ 122.8m] cells 236/1080  posts 27785  req 75297 (10.22/s, err 4.0%)  3.77 posts/s
  [unitedstatesofindia/2024-10] 120 posts, 2400 commenter rows, 31s
[ 123.3m] cells 237/1080  posts 27905  req 75586 (10.21/s, err 4.1%)  3.77 posts/s
  [unitedstatesofindia/2024-11] 120 posts, 2400 commenter rows, 20s
[ 123.7m] cells 238/1080  posts 28025  req 75882 (10.23/s, err 4.1%)  3.78 posts/s
  [unitedstatesofindia/2024-12] 120 posts, 2398 commenter rows, 45s
[ 124.4m] cells 239/1080  posts 28145  req 76176 (10.20/s, err 4.1%)  3.77 posts/s
  [unitedstatesofindia/2025-01] 120 posts, 2400 commenter rows, 21s
[ 124.8m] cells 240/1080  posts 28265  req 76465 (10.21/s, err 4.1%)  3.78 posts/s
  [unitedstatesofindia/2025-02] 120 posts, 2400 commenter rows, 41s
[ 125.5m] cells 241/1080  posts 28385  req 76807 (10.20/s, err 4.1%)  3.77 posts/s
  [unitedstatesofindia/2025-03] 120 posts, 2400 commenter rows, 17s
[ 125.7m] cells 242/1080  posts 28505  req 77086 (10.22/s, err 4.1%)  3.78 posts/s
  [unitedstatesofindia/2025-04] 120 posts, 2400 commenter rows, 41s
[ 126.4m] cells 243/1080  posts 28625  req 77454 (10.21/s, err 4.1%)  3.77 posts/s
  [unitedstatesofindia/2025-05] 120 posts, 2400 commenter rows, 24s
[ 126.8m] cells 244/1080  posts 28745  req 77807 (10.23/s, err 4.1%)  3.78 posts/s
  [unitedstatesofindia/2025-06] 120 posts, 2400 commenter rows, 179s
[ 129.8m] cells 245/1080  posts 28865  req 78180 (10.04/s, err 4.1%)  3.71 posts/s
  [unitedstatesofindia/2025-07] 120 posts, 2400 commenter rows, 28s
[ 130.3m] cells 246/1080  posts 28985  req 78543 (10.05/s, err 4.1%)  3.71 posts/s
  [unitedstatesofindia/2025-08] 120 posts, 2400 commenter rows, 25s
[ 130.7m] cells 247/1080  posts 29105  req 78882 (10.06/s, err 4.1%)  3.71 posts/s
  [unitedstatesofindia/2025-09] 120 posts, 2380 commenter rows, 38s
[ 131.3m] cells 248/1080  posts 29225  req 79235 (10.06/s, err 4.1%)  3.71 posts/s
  [unitedstatesofindia/2025-10] 120 posts, 2386 commenter rows, 25s
[ 131.7m] cells 249/1080  posts 29345  req 79557 (10.07/s, err 4.1%)  3.71 posts/s
  [unitedstatesofindia/2025-11] 120 posts, 2388 commenter rows, 39s
[ 132.4m] cells 250/1080  posts 29465  req 79885 (10.06/s, err 4.1%)  3.71 posts/s
  [unitedstatesofindia/2025-12] 120 posts, 2400 commenter rows, 19s
[ 132.7m] cells 251/1080  posts 29585  req 80198 (10.07/s, err 4.1%)  3.72 posts/s
  [unitedstatesofindia/2026-01] 120 posts, 2396 commenter rows, 38s
[ 133.3m] cells 252/1080  posts 29705  req 80496 (10.06/s, err 4.1%)  3.71 posts/s
  [unitedstatesofindia/2026-02] 120 posts, 2400 commenter rows, 13s
[ 133.5m] cells 253/1080  posts 29825  req 80770 (10.08/s, err 4.1%)  3.72 posts/s
  [unitedstatesofindia/2026-03] 120 posts, 2330 commenter rows, 50s
[ 134.4m] cells 254/1080  posts 29945  req 81097 (10.06/s, err 4.1%)  3.71 posts/s
  [unitedstatesofindia/2026-04] 120 posts, 2394 commenter rows, 19s
[ 134.7m] cells 255/1080  posts 30065  req 81391 (10.07/s, err 4.1%)  3.72 posts/s
  [unitedstatesofindia/2026-05] 120 posts, 2400 commenter rows, 37s
[ 135.3m] cells 256/1080  posts 30185  req 81733 (10.07/s, err 4.1%)  3.72 posts/s
  [unitedstatesofindia/2026-06] 120 posts, 2394 commenter rows, 15s
[ 135.6m] cells 257/1080  posts 30305  req 82000 (10.08/s, err 4.1%)  3.73 posts/s
  [unitedstatesofindia/2026-07] 120 posts, 2384 commenter rows, 41s
[ 136.3m] cells 258/1080  posts 30425  req 82340 (10.07/s, err 4.1%)  3.72 posts/s
  [BollyBlindsNGossip/2024-08] 120 posts, 2382 commenter rows, 32s
[ 136.8m] cells 259/1080  posts 30545  req 82793 (10.09/s, err 4.1%)  3.72 posts/s
  [BollyBlindsNGossip/2024-09] 120 posts, 2400 commenter rows, 73s
[ 138.0m] cells 260/1080  posts 30665  req 83210 (10.05/s, err 4.1%)  3.70 posts/s
  [BollyBlindsNGossip/2024-10] 120 posts, 2400 commenter rows, 41s
[ 138.7m] cells 261/1080  posts 30785  req 83689 (10.06/s, err 4.1%)  3.70 posts/s
  [BollyBlindsNGossip/2024-11] 120 posts, 2400 commenter rows, 44s
[ 139.4m] cells 262/1080  posts 30905  req 84200 (10.06/s, err 4.1%)  3.69 posts/s
  [BollyBlindsNGossip/2024-12] 120 posts, 2400 commenter rows, 55s
[ 140.3m] cells 263/1080  posts 31025  req 84728 (10.06/s, err 4.1%)  3.68 posts/s
  [BollyBlindsNGossip/2025-01] 120 posts, 2360 commenter rows, 63s
[ 141.4m] cells 264/1080  posts 31145  req 85232 (10.05/s, err 4.1%)  3.67 posts/s
  [BollyBlindsNGossip/2025-02] 120 posts, 2400 commenter rows, 27s
[ 141.8m] cells 265/1080  posts 31265  req 85605 (10.06/s, err 4.1%)  3.67 posts/s
  [BollyBlindsNGossip/2025-03] 120 posts, 2400 commenter rows, 42s
[ 142.5m] cells 266/1080  posts 31385  req 86083 (10.07/s, err 4.1%)  3.67 posts/s
  [BollyBlindsNGossip/2025-04] 120 posts, 2400 commenter rows, 51s
[ 143.4m] cells 267/1080  posts 31505  req 86476 (10.05/s, err 4.1%)  3.66 posts/s
  [BollyBlindsNGossip/2025-05] 120 posts, 2388 commenter rows, 24s
[ 143.8m] cells 268/1080  posts 31625  req 86869 (10.07/s, err 4.1%)  3.67 posts/s
  [BollyBlindsNGossip/2025-06] 120 posts, 2400 commenter rows, 54s
[ 144.7m] cells 269/1080  posts 31745  req 87345 (10.06/s, err 4.1%)  3.66 posts/s
  [BollyBlindsNGossip/2025-07] 120 posts, 2400 commenter rows, 45s
[ 145.4m] cells 270/1080  posts 31865  req 87772 (10.06/s, err 4.1%)  3.65 posts/s
  [BollyBlindsNGossip/2025-08] 120 posts, 2400 commenter rows, 48s
[ 146.2m] cells 271/1080  posts 31985  req 88230 (10.06/s, err 4.1%)  3.65 posts/s
  [BollyBlindsNGossip/2025-09] 120 posts, 2400 commenter rows, 32s
[ 146.8m] cells 272/1080  posts 32105  req 88622 (10.06/s, err 4.1%)  3.65 posts/s
  [BollyBlindsNGossip/2025-10] 120 posts, 2400 commenter rows, 40s
[ 147.4m] cells 273/1080  posts 32225  req 89081 (10.07/s, err 4.1%)  3.64 posts/s
  [BollyBlindsNGossip/2025-11] 120 posts, 2320 commenter rows, 62s
[ 148.4m] cells 274/1080  posts 32345  req 89496 (10.05/s, err 4.1%)  3.63 posts/s
  [BollyBlindsNGossip/2025-12] 120 posts, 2400 commenter rows, 44s
[ 149.2m] cells 275/1080  posts 32465  req 89908 (10.04/s, err 4.1%)  3.63 posts/s
  [BollyBlindsNGossip/2026-01] 120 posts, 2400 commenter rows, 38s
[ 149.8m] cells 276/1080  posts 32585  req 90394 (10.06/s, err 4.1%)  3.62 posts/s
  [BollyBlindsNGossip/2026-02] 120 posts, 2400 commenter rows, 35s
[ 150.4m] cells 277/1080  posts 32705  req 90869 (10.07/s, err 4.1%)  3.62 posts/s
  [BollyBlindsNGossip/2026-03] 120 posts, 2340 commenter rows, 57s
[ 151.4m] cells 278/1080  posts 32825  req 91288 (10.05/s, err 4.1%)  3.61 posts/s
  [BollyBlindsNGossip/2026-04] 120 posts, 2320 commenter rows, 58s
[ 152.3m] cells 279/1080  posts 32945  req 91799 (10.04/s, err 4.1%)  3.60 posts/s
  [BollyBlindsNGossip/2026-05] 120 posts, 2400 commenter rows, 19s
[ 152.6m] cells 280/1080  posts 33065  req 92166 (10.06/s, err 4.1%)  3.61 posts/s
  [BollyBlindsNGossip/2026-06] 120 posts, 2400 commenter rows, 47s
[ 153.4m] cells 281/1080  posts 33185  req 92576 (10.06/s, err 4.1%)  3.60 posts/s
  [BollyBlindsNGossip/2026-07] 120 posts, 2400 commenter rows, 22s
[ 153.8m] cells 282/1080  posts 33305  req 92964 (10.07/s, err 4.1%)  3.61 posts/s
  [bollywood/2024-08] 120 posts, 2400 commenter rows, 39s
[ 154.4m] cells 283/1080  posts 33425  req 93285 (10.07/s, err 4.1%)  3.61 posts/s
  [bollywood/2024-09] 120 posts, 2378 commenter rows, 16s
[ 154.7m] cells 284/1080  posts 33545  req 93634 (10.09/s, err 4.1%)  3.61 posts/s
  [bollywood/2024-10] 120 posts, 2398 commenter rows, 47s
[ 155.5m] cells 285/1080  posts 33665  req 93969 (10.07/s, err 4.1%)  3.61 posts/s
  [bollywood/2024-11] 120 posts, 2352 commenter rows, 48s
[ 156.3m] cells 286/1080  posts 33785  req 94339 (10.06/s, err 4.1%)  3.60 posts/s
  [bollywood/2024-12] 120 posts, 2396 commenter rows, 17s
[ 156.6m] cells 287/1080  posts 33905  req 94650 (10.07/s, err 4.1%)  3.61 posts/s
  [bollywood/2025-01] 120 posts, 2346 commenter rows, 46s
[ 157.4m] cells 288/1080  posts 34025  req 94989 (10.06/s, err 4.2%)  3.60 posts/s
  [bollywood/2025-02] 120 posts, 2396 commenter rows, 13s
[ 157.6m] cells 289/1080  posts 34145  req 95278 (10.08/s, err 4.1%)  3.61 posts/s
  [bollywood/2025-03] 120 posts, 2312 commenter rows, 43s
[ 158.3m] cells 290/1080  posts 34265  req 95595 (10.07/s, err 4.2%)  3.61 posts/s
  [bollywood/2025-04] 120 posts, 2390 commenter rows, 18s
[ 158.6m] cells 291/1080  posts 34385  req 95912 (10.08/s, err 4.2%)  3.61 posts/s
  [bollywood/2025-05] 120 posts, 2388 commenter rows, 38s
[ 159.2m] cells 292/1080  posts 34505  req 96253 (10.08/s, err 4.2%)  3.61 posts/s
  [bollywood/2025-06] 120 posts, 2400 commenter rows, 22s
[ 159.6m] cells 293/1080  posts 34625  req 96651 (10.09/s, err 4.2%)  3.62 posts/s
  [bollywood/2025-07] 120 posts, 2400 commenter rows, 54s
[ 160.5m] cells 294/1080  posts 34745  req 97039 (10.08/s, err 4.2%)  3.61 posts/s
  [bollywood/2025-08] 120 posts, 2400 commenter rows, 14s
[ 160.7m] cells 295/1080  posts 34865  req 97316 (10.09/s, err 4.2%)  3.62 posts/s
  [bollywood/2025-09] 120 posts, 2400 commenter rows, 39s
[ 161.4m] cells 296/1080  posts 34985  req 97648 (10.08/s, err 4.2%)  3.61 posts/s
  [bollywood/2025-10] 120 posts, 2366 commenter rows, 19s
[ 161.7m] cells 297/1080  posts 35105  req 97941 (10.10/s, err 4.2%)  3.62 posts/s
  [bollywood/2025-11] 120 posts, 2344 commenter rows, 39s
[ 162.3m] cells 298/1080  posts 35225  req 98290 (10.09/s, err 4.2%)  3.62 posts/s
  [bollywood/2025-12] 120 posts, 2400 commenter rows, 21s
[ 162.7m] cells 299/1080  posts 35345  req 98656 (10.11/s, err 4.2%)  3.62 posts/s
  [bollywood/2026-01] 120 posts, 2390 commenter rows, 38s
[ 163.3m] cells 300/1080  posts 35465  req 98977 (10.10/s, err 4.2%)  3.62 posts/s
  [bollywood/2026-02] 120 posts, 2384 commenter rows, 18s
[ 163.6m] cells 301/1080  posts 35585  req 99270 (10.11/s, err 4.2%)  3.62 posts/s
  [bollywood/2026-03] 120 posts, 2324 commenter rows, 48s
[ 164.4m] cells 302/1080  posts 35705  req 99585 (10.09/s, err 4.2%)  3.62 posts/s
  [bollywood/2026-04] 120 posts, 2388 commenter rows, 13s
[ 164.6m] cells 303/1080  posts 35825  req 99863 (10.11/s, err 4.2%)  3.63 posts/s
  [bollywood/2026-05] 120 posts, 2328 commenter rows, 43s
[ 165.4m] cells 304/1080  posts 35945  req 100158 (10.10/s, err 4.2%)  3.62 posts/s
  [bollywood/2026-06] 120 posts, 2368 commenter rows, 11s
[ 165.5m] cells 305/1080  posts 36065  req 100412 (10.11/s, err 4.2%)  3.63 posts/s
  [bollywood/2026-07] 120 posts, 2256 commenter rows, 44s
[ 166.3m] cells 306/1080  posts 36185  req 100701 (10.09/s, err 4.2%)  3.63 posts/s
  [InstaCelebsGossip/2024-08] 120 posts, 2400 commenter rows, 16s
[ 166.5m] cells 307/1080  posts 36305  req 101039 (10.11/s, err 4.2%)  3.63 posts/s
  [InstaCelebsGossip/2024-09] 120 posts, 2290 commenter rows, 50s
[ 167.4m] cells 308/1080  posts 36425  req 101389 (10.10/s, err 4.3%)  3.63 posts/s
  [InstaCelebsGossip/2024-10] 120 posts, 2400 commenter rows, 13s
[ 167.6m] cells 309/1080  posts 36545  req 101665 (10.11/s, err 4.2%)  3.63 posts/s
  [InstaCelebsGossip/2024-11] 120 posts, 2320 commenter rows, 42s
[ 168.3m] cells 310/1080  posts 36665  req 101974 (10.10/s, err 4.3%)  3.63 posts/s
  [InstaCelebsGossip/2024-12] 120 posts, 2400 commenter rows, 14s
[ 168.5m] cells 311/1080  posts 36785  req 102245 (10.11/s, err 4.3%)  3.64 posts/s
  [InstaCelebsGossip/2025-01] 120 posts, 2400 commenter rows, 46s
[ 169.3m] cells 312/1080  posts 36905  req 102565 (10.10/s, err 4.3%)  3.63 posts/s
  [InstaCelebsGossip/2025-02] 120 posts, 2396 commenter rows, 24s
[ 169.7m] cells 313/1080  posts 37025  req 103064 (10.12/s, err 4.3%)  3.64 posts/s
  [InstaCelebsGossip/2025-03] 120 posts, 2392 commenter rows, 45s
[ 170.4m] cells 314/1080  posts 37145  req 103563 (10.13/s, err 4.3%)  3.63 posts/s
  [InstaCelebsGossip/2025-04] 120 posts, 2318 commenter rows, 50s
[ 171.3m] cells 315/1080  posts 37265  req 104017 (10.12/s, err 4.3%)  3.63 posts/s
  [InstaCelebsGossip/2025-05] 120 posts, 2400 commenter rows, 65s
[ 172.3m] cells 316/1080  posts 37385  req 104495 (10.11/s, err 4.3%)  3.62 posts/s
  [InstaCelebsGossip/2025-06] 120 posts, 2400 commenter rows, 54s
[ 173.2m] cells 317/1080  posts 37505  req 104766 (10.08/s, err 4.3%)  3.61 posts/s
  [InstaCelebsGossip/2025-07] 120 posts, 2400 commenter rows, 17s
[ 173.5m] cells 318/1080  posts 37625  req 105101 (10.10/s, err 4.3%)  3.61 posts/s
  [InstaCelebsGossip/2025-08] 120 posts, 2340 commenter rows, 61s
[ 174.5m] cells 319/1080  posts 37745  req 105507 (10.07/s, err 4.3%)  3.60 posts/s
  [InstaCelebsGossip/2025-09] 120 posts, 2400 commenter rows, 23s
[ 174.9m] cells 320/1080  posts 37865  req 105783 (10.08/s, err 4.3%)  3.61 posts/s
  [InstaCelebsGossip/2025-10] 120 posts, 2400 commenter rows, 25s
[ 175.3m] cells 321/1080  posts 37985  req 106193 (10.09/s, err 4.3%)  3.61 posts/s
  [InstaCelebsGossip/2025-11] 120 posts, 2400 commenter rows, 14s
[ 175.6m] cells 322/1080  posts 38105  req 106536 (10.11/s, err 4.3%)  3.62 posts/s
  [InstaCelebsGossip/2025-12] 120 posts, 2340 commenter rows, 53s
[ 176.5m] cells 323/1080  posts 38225  req 106831 (10.09/s, err 4.3%)  3.61 posts/s
  [InstaCelebsGossip/2026-01] 120 posts, 2400 commenter rows, 21s
[ 176.8m] cells 324/1080  posts 38345  req 107150 (10.10/s, err 4.3%)  3.61 posts/s
  [InstaCelebsGossip/2026-02] 120 posts, 2400 commenter rows, 42s
[ 177.5m] cells 325/1080  posts 38465  req 107517 (10.10/s, err 4.4%)  3.61 posts/s
  [InstaCelebsGossip/2026-03] 120 posts, 2400 commenter rows, 11s
[ 177.7m] cells 326/1080  posts 38585  req 107786 (10.11/s, err 4.3%)  3.62 posts/s
  [InstaCelebsGossip/2026-04] 120 posts, 2358 commenter rows, 47s
[ 178.5m] cells 327/1080  posts 38705  req 108141 (10.10/s, err 4.4%)  3.61 posts/s
  [InstaCelebsGossip/2026-05] 120 posts, 2398 commenter rows, 46s
[ 179.2m] cells 328/1080  posts 38825  req 108499 (10.09/s, err 4.4%)  3.61 posts/s
  [InstaCelebsGossip/2026-06] 120 posts, 2400 commenter rows, 23s
[ 179.6m] cells 329/1080  posts 38945  req 108979 (10.11/s, err 4.3%)  3.61 posts/s
  [InstaCelebsGossip/2026-07] 120 posts, 2400 commenter rows, 51s
[ 180.5m] cells 330/1080  posts 39065  req 109397 (10.10/s, err 4.4%)  3.61 posts/s
  [bollywoodmemes/2024-08] 120 posts, 2362 commenter rows, 11s
[ 180.6m] cells 331/1080  posts 39185  req 109658 (10.12/s, err 4.3%)  3.62 posts/s
  [bollywoodmemes/2024-09] 120 posts, 2272 commenter rows, 42s
[ 181.4m] cells 332/1080  posts 39305  req 109943 (10.10/s, err 4.4%)  3.61 posts/s
  [bollywoodmemes/2024-10] 120 posts, 2354 commenter rows, 10s
[ 181.5m] cells 333/1080  posts 39425  req 110196 (10.12/s, err 4.4%)  3.62 posts/s
  [bollywoodmemes/2024-11] 120 posts, 2234 commenter rows, 40s
[ 182.2m] cells 334/1080  posts 39545  req 110481 (10.11/s, err 4.4%)  3.62 posts/s
  [bollywoodmemes/2024-12] 120 posts, 2290 commenter rows, 13s
[ 182.4m] cells 335/1080  posts 39665  req 110774 (10.12/s, err 4.4%)  3.62 posts/s
  [bollywoodmemes/2025-01] 120 posts, 2296 commenter rows, 48s
[ 183.2m] cells 336/1080  posts 39785  req 111104 (10.11/s, err 4.4%)  3.62 posts/s
  [bollywoodmemes/2025-02] 120 posts, 2332 commenter rows, 41s
[ 183.9m] cells 337/1080  posts 39905  req 111388 (10.10/s, err 4.4%)  3.62 posts/s
  [bollywoodmemes/2025-03] 120 posts, 2332 commenter rows, 37s
[ 184.5m] cells 338/1080  posts 40025  req 111643 (10.08/s, err 4.4%)  3.62 posts/s
  [bollywoodmemes/2025-04] 120 posts, 2374 commenter rows, 29s
[ 185.0m] cells 339/1080  posts 40145  req 111897 (10.08/s, err 4.4%)  3.62 posts/s
  [bollywoodmemes/2025-05] 120 posts, 2316 commenter rows, 30s
[ 185.5m] cells 340/1080  posts 40265  req 112151 (10.08/s, err 4.4%)  3.62 posts/s
  [bollywoodmemes/2025-06] 120 posts, 2354 commenter rows, 9s
[ 185.6m] cells 341/1080  posts 40385  req 112440 (10.09/s, err 4.4%)  3.63 posts/s
  [bollywoodmemes/2025-07] 120 posts, 2302 commenter rows, 44s
[ 186.4m] cells 342/1080  posts 40505  req 112775 (10.08/s, err 4.4%)  3.62 posts/s
  [bollywoodmemes/2025-08] 120 posts, 2380 commenter rows, 10s
[ 186.6m] cells 343/1080  posts 40625  req 113053 (10.10/s, err 4.4%)  3.63 posts/s
  [bollywoodmemes/2025-09] 120 posts, 2266 commenter rows, 42s
[ 187.3m] cells 344/1080  posts 40745  req 113347 (10.09/s, err 4.4%)  3.63 posts/s
  [bollywoodmemes/2025-10] 120 posts, 2398 commenter rows, 12s
[ 187.5m] cells 345/1080  posts 40865  req 113604 (10.10/s, err 4.4%)  3.63 posts/s
  [bollywoodmemes/2025-11] 120 posts, 2350 commenter rows, 52s
[ 188.3m] cells 346/1080  posts 40985  req 113909 (10.08/s, err 4.5%)  3.63 posts/s
  [bollywoodmemes/2025-12] 120 posts, 2376 commenter rows, 15s
[ 188.6m] cells 347/1080  posts 41105  req 114169 (10.09/s, err 4.4%)  3.63 posts/s
  [bollywoodmemes/2026-01] 120 posts, 2386 commenter rows, 41s
[ 189.2m] cells 348/1080  posts 41225  req 114440 (10.08/s, err 4.4%)  3.63 posts/s
  [bollywoodmemes/2026-02] 120 posts, 2288 commenter rows, 16s
[ 189.5m] cells 349/1080  posts 41345  req 114709 (10.09/s, err 4.4%)  3.64 posts/s
  [bollywoodmemes/2026-03] 120 posts, 2110 commenter rows, 14s
[ 189.7m] cells 350/1080  posts 41465  req 114971 (10.10/s, err 4.4%)  3.64 posts/s
  [bollywoodmemes/2026-04] 120 posts, 2210 commenter rows, 33s
[ 190.3m] cells 351/1080  posts 41585  req 115272 (10.10/s, err 4.4%)  3.64 posts/s
  [bollywoodmemes/2026-05] 120 posts, 2192 commenter rows, 13s
[ 190.5m] cells 352/1080  posts 41705  req 115537 (10.11/s, err 4.4%)  3.65 posts/s
  [bollywoodmemes/2026-06] 120 posts, 2176 commenter rows, 41s
[ 191.2m] cells 353/1080  posts 41825  req 115821 (10.10/s, err 4.5%)  3.65 posts/s
  [bollywoodmemes/2026-07] 120 posts, 2304 commenter rows, 12s
[ 191.4m] cells 354/1080  posts 41945  req 116085 (10.11/s, err 4.4%)  3.65 posts/s
  [BollywoodFashion/2024-08] 120 posts, 2250 commenter rows, 51s
[ 192.2m] cells 355/1080  posts 42065  req 116380 (10.09/s, err 4.5%)  3.65 posts/s
  [BollywoodFashion/2024-09] 120 posts, 2364 commenter rows, 11s
[ 192.4m] cells 356/1080  posts 42185  req 116630 (10.10/s, err 4.5%)  3.65 posts/s
  [BollywoodFashion/2024-10] 120 posts, 2380 commenter rows, 14s
[ 192.7m] cells 357/1080  posts 42305  req 116883 (10.11/s, err 4.5%)  3.66 posts/s
  [BollywoodFashion/2024-11] 120 posts, 2234 commenter rows, 40s
[ 193.3m] cells 358/1080  posts 42425  req 117160 (10.10/s, err 4.5%)  3.66 posts/s
  [BollywoodFashion/2024-12] 120 posts, 2330 commenter rows, 10s
[ 193.5m] cells 359/1080  posts 42545  req 117413 (10.11/s, err 4.5%)  3.66 posts/s
  [BollywoodFashion/2025-01] 120 posts, 2214 commenter rows, 41s
[ 194.2m] cells 360/1080  posts 42665  req 117688 (10.10/s, err 4.5%)  3.66 posts/s
  [BollywoodFashion/2025-02] 120 posts, 2146 commenter rows, 19s
[ 194.5m] cells 361/1080  posts 42785  req 117936 (10.11/s, err 4.5%)  3.67 posts/s
  [BollywoodFashion/2025-03] 120 posts, 2044 commenter rows, 11s
[ 194.7m] cells 362/1080  posts 42905  req 118182 (10.12/s, err 4.5%)  3.67 posts/s
  [BollywoodFashion/2025-04] 120 posts, 1530 commenter rows, 47s
[ 195.5m] cells 363/1080  posts 43025  req 118457 (10.10/s, err 4.5%)  3.67 posts/s
  [BollywoodFashion/2025-05] 120 posts, 2362 commenter rows, 16s
[ 195.7m] cells 364/1080  posts 43145  req 118707 (10.11/s, err 4.5%)  3.67 posts/s
  [BollywoodFashion/2025-06] 120 posts, 1966 commenter rows, 28s
[ 196.2m] cells 365/1080  posts 43265  req 118981 (10.11/s, err 4.5%)  3.67 posts/s
  [BollywoodFashion/2025-07] 120 posts, 1894 commenter rows, 9s
[ 196.4m] cells 366/1080  posts 43385  req 119225 (10.12/s, err 4.5%)  3.68 posts/s
  [BollywoodFashion/2025-08] 120 posts, 2366 commenter rows, 10s
[ 196.5m] cells 367/1080  posts 43505  req 119476 (10.13/s, err 4.5%)  3.69 posts/s
  [BollywoodFashion/2025-09] 120 posts, 2318 commenter rows, 47s
[ 197.3m] cells 368/1080  posts 43625  req 119778 (10.12/s, err 4.5%)  3.68 posts/s
  [BollywoodFashion/2025-10] 120 posts, 2366 commenter rows, 10s
[ 197.5m] cells 369/1080  posts 43745  req 120023 (10.13/s, err 4.5%)  3.69 posts/s
  [BollywoodFashion/2025-11] 120 posts, 2250 commenter rows, 44s
[ 198.2m] cells 370/1080  posts 43865  req 120313 (10.12/s, err 4.6%)  3.69 posts/s
  [BollywoodFashion/2025-12] 120 posts, 2288 commenter rows, 11s
[ 198.4m] cells 371/1080  posts 43985  req 120556 (10.13/s, err 4.6%)  3.69 posts/s
  [BollywoodFashion/2026-01] 120 posts, 2210 commenter rows, 8s
[ 198.5m] cells 372/1080  posts 44105  req 120800 (10.14/s, err 4.6%)  3.70 posts/s
  [BollywoodFashion/2026-02] 120 posts, 2070 commenter rows, 50s
[ 199.4m] cells 373/1080  posts 44225  req 121092 (10.12/s, err 4.6%)  3.70 posts/s
  [BollywoodFashion/2026-03] 120 posts, 2316 commenter rows, 9s
[ 199.5m] cells 374/1080  posts 44345  req 121335 (10.14/s, err 4.6%)  3.70 posts/s
  [BollywoodFashion/2026-04] 120 posts, 2188 commenter rows, 45s
[ 200.3m] cells 375/1080  posts 44465  req 121618 (10.12/s, err 4.6%)  3.70 posts/s
  [BollywoodFashion/2026-05] 120 posts, 2362 commenter rows, 10s
[ 200.4m] cells 376/1080  posts 44585  req 121864 (10.13/s, err 4.6%)  3.71 posts/s
  [BollywoodFashion/2026-06] 120 posts, 2212 commenter rows, 8s
[ 200.6m] cells 377/1080  posts 44705  req 122107 (10.15/s, err 4.6%)  3.71 posts/s
  [BollywoodFashion/2026-07] 120 posts, 2200 commenter rows, 46s
[ 201.3m] cells 378/1080  posts 44825  req 122389 (10.13/s, err 4.6%)  3.71 posts/s
  [AnimeMirchi/2024-08] 120 posts, 1310 commenter rows, 8s
[ 201.5m] cells 379/1080  posts 44945  req 122628 (10.14/s, err 4.6%)  3.72 posts/s
  [AnimeMirchi/2024-09] 120 posts, 1372 commenter rows, 66s
[ 202.6m] cells 380/1080  posts 45065  req 122919 (10.11/s, err 4.7%)  3.71 posts/s
  [AnimeMirchi/2024-10] 120 posts, 1222 commenter rows, 29s
[ 203.1m] cells 381/1080  posts 45185  req 123161 (10.11/s, err 4.6%)  3.71 posts/s
  [AnimeMirchi/2024-11] 120 posts, 1332 commenter rows, 20s
[ 203.4m] cells 382/1080  posts 45305  req 123405 (10.11/s, err 4.6%)  3.71 posts/s
  [AnimeMirchi/2024-12] 120 posts, 1228 commenter rows, 18s
[ 203.7m] cells 383/1080  posts 45425  req 123650 (10.12/s, err 4.6%)  3.72 posts/s
  [AnimeMirchi/2025-01] 120 posts, 1454 commenter rows, 39s
[ 204.3m] cells 384/1080  posts 45545  req 123920 (10.11/s, err 4.6%)  3.71 posts/s
  [AnimeMirchi/2025-02] 120 posts, 910 commenter rows, 7s
[ 204.5m] cells 385/1080  posts 45665  req 124148 (10.12/s, err 4.6%)  3.72 posts/s
  [AnimeMirchi/2025-03] 120 posts, 1200 commenter rows, 8s
[ 204.6m] cells 386/1080  posts 45785  req 124386 (10.13/s, err 4.6%)  3.73 posts/s
  [AnimeMirchi/2025-04] 120 posts, 1624 commenter rows, 43s
[ 205.3m] cells 387/1080  posts 45905  req 124669 (10.12/s, err 4.7%)  3.73 posts/s
  [AnimeMirchi/2025-05] 120 posts, 2080 commenter rows, 11s
[ 205.5m] cells 388/1080  posts 46025  req 124936 (10.13/s, err 4.7%)  3.73 posts/s
  [AnimeMirchi/2025-06] 120 posts, 1998 commenter rows, 49s
[ 206.3m] cells 389/1080  posts 46145  req 125249 (10.12/s, err 4.7%)  3.73 posts/s
  [AnimeMirchi/2025-07] 120 posts, 1604 commenter rows, 10s
[ 206.5m] cells 390/1080  posts 46265  req 125493 (10.13/s, err 4.7%)  3.73 posts/s
  [AnimeMirchi/2025-08] 120 posts, 1620 commenter rows, 44s
[ 207.2m] cells 391/1080  posts 46385  req 125774 (10.12/s, err 4.7%)  3.73 posts/s
  [AnimeMirchi/2025-09] 120 posts, 2196 commenter rows, 13s
[ 207.4m] cells 392/1080  posts 46505  req 126024 (10.13/s, err 4.7%)  3.74 posts/s
  [AnimeMirchi/2025-10] 120 posts, 2128 commenter rows, 13s
[ 207.6m] cells 393/1080  posts 46625  req 126304 (10.14/s, err 4.7%)  3.74 posts/s
  [AnimeMirchi/2025-11] 120 posts, 2264 commenter rows, 43s
[ 208.3m] cells 394/1080  posts 46745  req 126624 (10.13/s, err 4.7%)  3.74 posts/s
  [AnimeMirchi/2025-12] 120 posts, 2330 commenter rows, 11s
[ 208.5m] cells 395/1080  posts 46865  req 126940 (10.15/s, err 4.7%)  3.75 posts/s
  [AnimeMirchi/2026-01] 120 posts, 2180 commenter rows, 48s
[ 209.3m] cells 396/1080  posts 46985  req 127246 (10.13/s, err 4.7%)  3.74 posts/s
  [AnimeMirchi/2026-02] 120 posts, 2220 commenter rows, 14s
[ 209.6m] cells 397/1080  posts 47105  req 127518 (10.14/s, err 4.7%)  3.75 posts/s
  [AnimeMirchi/2026-03] 120 posts, 2238 commenter rows, 45s
[ 210.3m] cells 398/1080  posts 47225  req 127849 (10.13/s, err 4.7%)  3.74 posts/s
  [AnimeMirchi/2026-04] 120 posts, 2286 commenter rows, 52s
[ 211.2m] cells 399/1080  posts 47345  req 128348 (10.13/s, err 4.8%)  3.74 posts/s
  [AnimeMirchi/2026-05] 120 posts, 2354 commenter rows, 21s
[ 211.5m] cells 400/1080  posts 47465  req 128819 (10.15/s, err 4.7%)  3.74 posts/s
  [AnimeMirchi/2026-06] 120 posts, 2310 commenter rows, 48s
[ 212.3m] cells 401/1080  posts 47585  req 129245 (10.15/s, err 4.8%)  3.74 posts/s
  [AnimeMirchi/2026-07] 120 posts, 2080 commenter rows, 10s
[ 212.5m] cells 402/1080  posts 47705  req 129504 (10.16/s, err 4.7%)  3.74 posts/s
  [animeindian/2024-08] 120 posts, 2354 commenter rows, 48s
[ 213.3m] cells 403/1080  posts 47825  req 129851 (10.15/s, err 4.8%)  3.74 posts/s
  [animeindian/2024-09] 120 posts, 2330 commenter rows, 55s
[ 214.2m] cells 404/1080  posts 47945  req 130309 (10.14/s, err 4.8%)  3.73 posts/s
  [animeindian/2024-10] 120 posts, 2368 commenter rows, 17s
[ 214.5m] cells 405/1080  posts 48065  req 130643 (10.15/s, err 4.8%)  3.73 posts/s
  [animeindian/2024-11] 120 posts, 2286 commenter rows, 42s
[ 215.2m] cells 406/1080  posts 48185  req 130952 (10.14/s, err 4.8%)  3.73 posts/s
  [animeindian/2024-12] 120 posts, 2364 commenter rows, 13s
[ 215.4m] cells 407/1080  posts 48305  req 131227 (10.15/s, err 4.8%)  3.74 posts/s
  [animeindian/2025-01] 120 posts, 2388 commenter rows, 42s
[ 216.1m] cells 408/1080  posts 48425  req 131538 (10.14/s, err 4.8%)  3.73 posts/s
  [animeindian/2025-02] 120 posts, 2390 commenter rows, 24s
[ 216.5m] cells 409/1080  posts 48545  req 131876 (10.15/s, err 4.8%)  3.74 posts/s
  [animeindian/2025-03] 120 posts, 2350 commenter rows, 48s
[ 217.3m] cells 410/1080  posts 48665  req 132238 (10.14/s, err 4.8%)  3.73 posts/s
  [animeindian/2025-04] 120 posts, 2398 commenter rows, 15s
[ 217.6m] cells 411/1080  posts 48785  req 132539 (10.15/s, err 4.8%)  3.74 posts/s
  [animeindian/2025-05] 120 posts, 2310 commenter rows, 49s
[ 218.4m] cells 412/1080  posts 48905  req 132891 (10.14/s, err 4.8%)  3.73 posts/s
  [animeindian/2025-06] 120 posts, 2368 commenter rows, 18s
[ 218.7m] cells 413/1080  posts 49025  req 133199 (10.15/s, err 4.8%)  3.74 posts/s
  [animeindian/2025-07] 120 posts, 2382 commenter rows, 38s
[ 219.3m] cells 414/1080  posts 49145  req 133548 (10.15/s, err 4.8%)  3.73 posts/s
  [animeindian/2025-08] 120 posts, 2384 commenter rows, 16s
[ 219.6m] cells 415/1080  posts 49265  req 133835 (10.16/s, err 4.8%)  3.74 posts/s
  [animeindian/2025-09] 120 posts, 2376 commenter rows, 47s
[ 220.4m] cells 416/1080  posts 49385  req 134200 (10.15/s, err 4.8%)  3.73 posts/s
  [animeindian/2025-10] 120 posts, 2378 commenter rows, 14s
[ 220.6m] cells 417/1080  posts 49505  req 134512 (10.16/s, err 4.8%)  3.74 posts/s
  [animeindian/2025-11] 120 posts, 2312 commenter rows, 43s
[ 221.3m] cells 418/1080  posts 49625  req 134827 (10.15/s, err 4.8%)  3.74 posts/s
  [animeindian/2025-12] 120 posts, 2386 commenter rows, 13s
[ 221.6m] cells 419/1080  posts 49745  req 135132 (10.17/s, err 4.8%)  3.74 posts/s
  [animeindian/2026-01] 120 posts, 2250 commenter rows, 46s
[ 222.3m] cells 420/1080  posts 49865  req 135448 (10.15/s, err 4.8%)  3.74 posts/s
  [animeindian/2026-02] 120 posts, 2374 commenter rows, 15s
[ 222.6m] cells 421/1080  posts 49985  req 135757 (10.17/s, err 4.8%)  3.74 posts/s
  [animeindian/2026-03] 120 posts, 2262 commenter rows, 46s
[ 223.3m] cells 422/1080  posts 50105  req 136081 (10.16/s, err 4.8%)  3.74 posts/s
  [animeindian/2026-04] 120 posts, 2374 commenter rows, 15s
[ 223.6m] cells 423/1080  posts 50225  req 136389 (10.17/s, err 4.8%)  3.74 posts/s
  [animeindian/2026-05] 120 posts, 2302 commenter rows, 50s
[ 224.4m] cells 424/1080  posts 50345  req 136744 (10.16/s, err 4.8%)  3.74 posts/s
  [animeindian/2026-06] 120 posts, 2376 commenter rows, 21s
[ 224.8m] cells 425/1080  posts 50465  req 137029 (10.16/s, err 4.8%)  3.74 posts/s
  [animeindian/2026-07] 120 posts, 2378 commenter rows, 31s
[ 225.3m] cells 426/1080  posts 50585  req 137395 (10.16/s, err 4.8%)  3.74 posts/s
  [BollywoodMusic/2024-08] 120 posts, 2224 commenter rows, 13s
[ 225.5m] cells 427/1080  posts 50705  req 137648 (10.17/s, err 4.8%)  3.75 posts/s
  [BollywoodMusic/2024-09] 120 posts, 2258 commenter rows, 44s
[ 226.2m] cells 428/1080  posts 50825  req 137926 (10.16/s, err 4.9%)  3.74 posts/s
  [BollywoodMusic/2024-10] 120 posts, 2276 commenter rows, 12s
[ 226.4m] cells 429/1080  posts 50945  req 138182 (10.17/s, err 4.8%)  3.75 posts/s
  [BollywoodMusic/2024-11] 120 posts, 2268 commenter rows, 11s
[ 226.6m] cells 430/1080  posts 51065  req 138464 (10.18/s, err 4.8%)  3.76 posts/s
  [BollywoodMusic/2024-12] 120 posts, 2264 commenter rows, 43s
[ 227.3m] cells 431/1080  posts 51185  req 138757 (10.17/s, err 4.9%)  3.75 posts/s
  [BollywoodMusic/2025-01] 120 posts, 2232 commenter rows, 11s
[ 227.5m] cells 432/1080  posts 51305  req 139029 (10.18/s, err 4.8%)  3.76 posts/s
  [BollywoodMusic/2025-02] 120 posts, 2160 commenter rows, 41s
[ 228.2m] cells 433/1080  posts 51425  req 139313 (10.18/s, err 4.9%)  3.76 posts/s
  [BollywoodMusic/2025-03] 120 posts, 2240 commenter rows, 12s
[ 228.4m] cells 434/1080  posts 51545  req 139562 (10.18/s, err 4.9%)  3.76 posts/s
  [BollywoodMusic/2025-04] 120 posts, 2244 commenter rows, 54s
[ 229.3m] cells 435/1080  posts 51665  req 139882 (10.17/s, err 4.9%)  3.76 posts/s
  [BollywoodMusic/2025-05] 120 posts, 2198 commenter rows, 17s
[ 229.6m] cells 436/1080  posts 51785  req 140159 (10.18/s, err 4.9%)  3.76 posts/s
  [BollywoodMusic/2025-06] 120 posts, 2042 commenter rows, 51s
[ 230.4m] cells 437/1080  posts 51905  req 140521 (10.16/s, err 4.9%)  3.75 posts/s
  [BollywoodMusic/2025-07] 120 posts, 2266 commenter rows, 109s
[ 232.2m] cells 438/1080  posts 52025  req 140812 (10.11/s, err 4.9%)  3.73 posts/s
  [BollywoodMusic/2025-08] 120 posts, 2252 commenter rows, 18s
[ 232.5m] cells 439/1080  posts 52145  req 141058 (10.11/s, err 4.9%)  3.74 posts/s
  [BollywoodMusic/2025-09] 120 posts, 2164 commenter rows, 10s
[ 232.7m] cells 440/1080  posts 52265  req 141304 (10.12/s, err 4.9%)  3.74 posts/s
  [BollywoodMusic/2025-10] 120 posts, 2216 commenter rows, 33s
[ 233.3m] cells 441/1080  posts 52385  req 141603 (10.12/s, err 4.9%)  3.74 posts/s
  [BollywoodMusic/2025-11] 120 posts, 2246 commenter rows, 11s
[ 233.4m] cells 442/1080  posts 52505  req 141857 (10.13/s, err 4.9%)  3.75 posts/s
  [BollywoodMusic/2025-12] 120 posts, 2174 commenter rows, 50s
[ 234.3m] cells 443/1080  posts 52625  req 142157 (10.11/s, err 4.9%)  3.74 posts/s
  [BollywoodMusic/2026-01] 120 posts, 2308 commenter rows, 15s
[ 234.5m] cells 444/1080  posts 52745  req 142421 (10.12/s, err 4.9%)  3.75 posts/s
  [BollywoodMusic/2026-02] 120 posts, 2156 commenter rows, 41s
[ 235.2m] cells 445/1080  posts 52865  req 142713 (10.11/s, err 4.9%)  3.75 posts/s
  [BollywoodMusic/2026-03] 120 posts, 2300 commenter rows, 13s
[ 235.4m] cells 446/1080  posts 52985  req 142976 (10.12/s, err 4.9%)  3.75 posts/s
  [BollywoodMusic/2026-04] 120 posts, 2168 commenter rows, 42s
[ 236.1m] cells 447/1080  posts 53105  req 143312 (10.12/s, err 4.9%)  3.75 posts/s
  [BollywoodMusic/2026-05] 120 posts, 2296 commenter rows, 14s
[ 236.4m] cells 448/1080  posts 53225  req 143576 (10.12/s, err 4.9%)  3.75 posts/s
  [BollywoodMusic/2026-06] 120 posts, 2352 commenter rows, 12s
[ 236.6m] cells 449/1080  posts 53345  req 143883 (10.14/s, err 4.9%)  3.76 posts/s
  [BollywoodMusic/2026-07] 120 posts, 2196 commenter rows, 50s
[ 237.4m] cells 450/1080  posts 53465  req 144198 (10.12/s, err 4.9%)  3.75 posts/s
  [IndiaCricket/2024-08] 120 posts, 2382 commenter rows, 18s
[ 237.7m] cells 451/1080  posts 53585  req 144489 (10.13/s, err 4.9%)  3.76 posts/s
  [IndiaCricket/2024-09] 120 posts, 2392 commenter rows, 41s
[ 238.4m] cells 452/1080  posts 53705  req 144789 (10.12/s, err 4.9%)  3.75 posts/s
  [IndiaCricket/2024-10] 120 posts, 2386 commenter rows, 15s
[ 238.6m] cells 453/1080  posts 53825  req 145063 (10.13/s, err 4.9%)  3.76 posts/s
  [IndiaCricket/2024-11] 120 posts, 2400 commenter rows, 47s
[ 239.4m] cells 454/1080  posts 53945  req 145424 (10.12/s, err 4.9%)  3.76 posts/s
  [IndiaCricket/2024-12] 120 posts, 2400 commenter rows, 24s
[ 239.8m] cells 455/1080  posts 54065  req 145764 (10.13/s, err 4.9%)  3.76 posts/s
  [IndiaCricket/2025-01] 120 posts, 2394 commenter rows, 33s
[ 240.4m] cells 456/1080  posts 54185  req 146113 (10.13/s, err 4.9%)  3.76 posts/s
  [IndiaCricket/2025-02] 120 posts, 2384 commenter rows, 12s
[ 240.6m] cells 457/1080  posts 54305  req 146386 (10.14/s, err 4.9%)  3.76 posts/s
  [IndiaCricket/2025-03] 120 posts, 2360 commenter rows, 50s
[ 241.4m] cells 458/1080  posts 54425  req 146709 (10.13/s, err 4.9%)  3.76 posts/s
  [IndiaCricket/2025-04] 120 posts, 2396 commenter rows, 18s
[ 241.7m] cells 459/1080  posts 54545  req 146983 (10.13/s, err 4.9%)  3.76 posts/s
  [IndiaCricket/2025-05] 120 posts, 2388 commenter rows, 38s
[ 242.4m] cells 460/1080  posts 54665  req 147345 (10.13/s, err 4.9%)  3.76 posts/s
  [IndiaCricket/2025-06] 120 posts, 2400 commenter rows, 16s
[ 242.6m] cells 461/1080  posts 54785  req 147646 (10.14/s, err 4.9%)  3.76 posts/s
  [IndiaCricket/2025-07] 120 posts, 2340 commenter rows, 47s
[ 243.4m] cells 462/1080  posts 54905  req 147976 (10.13/s, err 4.9%)  3.76 posts/s
  [IndiaCricket/2025-08] 120 posts, 2400 commenter rows, 19s
[ 243.7m] cells 463/1080  posts 55025  req 148339 (10.14/s, err 4.9%)  3.76 posts/s
  [IndiaCricket/2025-09] 120 posts, 2364 commenter rows, 44s
[ 244.4m] cells 464/1080  posts 55145  req 148651 (10.14/s, err 4.9%)  3.76 posts/s
  [IndiaCricket/2025-10] 120 posts, 2306 commenter rows, 48s
[ 245.2m] cells 465/1080  posts 55265  req 148997 (10.13/s, err 4.9%)  3.76 posts/s
  [IndiaCricket/2025-11] 120 posts, 2386 commenter rows, 18s
[ 245.5m] cells 466/1080  posts 55385  req 149287 (10.13/s, err 4.9%)  3.76 posts/s
  [IndiaCricket/2025-12] 120 posts, 2400 commenter rows, 13s
[ 245.8m] cells 467/1080  posts 55505  req 149569 (10.14/s, err 4.9%)  3.76 posts/s
  [IndiaCricket/2026-01] 120 posts, 2378 commenter rows, 37s
[ 246.4m] cells 468/1080  posts 55625  req 149893 (10.14/s, err 4.9%)  3.76 posts/s
  [IndiaCricket/2026-02] 120 posts, 2400 commenter rows, 15s
[ 246.6m] cells 469/1080  posts 55745  req 150205 (10.15/s, err 4.9%)  3.77 posts/s
  [IndiaCricket/2026-03] 120 posts, 2396 commenter rows, 55s
[ 247.5m] cells 470/1080  posts 55865  req 150487 (10.13/s, err 4.9%)  3.76 posts/s
  [IndiaCricket/2026-04] 120 posts, 2400 commenter rows, 12s
[ 247.7m] cells 471/1080  posts 55985  req 150762 (10.14/s, err 4.9%)  3.77 posts/s
  [IndiaCricket/2026-05] 120 posts, 2390 commenter rows, 40s
[ 248.4m] cells 472/1080  posts 56105  req 151070 (10.14/s, err 4.9%)  3.76 posts/s
  [IndiaCricket/2026-06] 120 posts, 2400 commenter rows, 15s
[ 248.7m] cells 473/1080  posts 56225  req 151347 (10.14/s, err 4.9%)  3.77 posts/s
  [IndiaCricket/2026-07] 120 posts, 2392 commenter rows, 36s
[ 249.3m] cells 474/1080  posts 56345  req 151648 (10.14/s, err 4.9%)  3.77 posts/s
  [ipl/2024-08] 120 posts, 2390 commenter rows, 12s
[ 249.5m] cells 475/1080  posts 56465  req 151939 (10.15/s, err 4.9%)  3.77 posts/s
  [ipl/2024-09] 120 posts, 2342 commenter rows, 48s
[ 250.3m] cells 476/1080  posts 56585  req 152256 (10.14/s, err 4.9%)  3.77 posts/s
  [ipl/2024-10] 120 posts, 2344 commenter rows, 11s
[ 250.4m] cells 477/1080  posts 56705  req 152517 (10.15/s, err 4.9%)  3.77 posts/s
  [ipl/2024-11] 120 posts, 2316 commenter rows, 46s
[ 251.2m] cells 478/1080  posts 56825  req 152859 (10.14/s, err 4.9%)  3.77 posts/s
  [ipl/2024-12] 120 posts, 2382 commenter rows, 13s
[ 251.4m] cells 479/1080  posts 56945  req 153153 (10.15/s, err 4.9%)  3.77 posts/s
  [ipl/2025-01] 120 posts, 2316 commenter rows, 48s
[ 252.2m] cells 480/1080  posts 57065  req 153448 (10.14/s, err 5.0%)  3.77 posts/s
  [ipl/2025-02] 120 posts, 2400 commenter rows, 13s
[ 252.4m] cells 481/1080  posts 57185  req 153731 (10.15/s, err 5.0%)  3.78 posts/s
  [ipl/2025-03] 120 posts, 2400 commenter rows, 20s
[ 252.8m] cells 482/1080  posts 57305  req 154036 (10.16/s, err 4.9%)  3.78 posts/s
  [ipl/2025-04] 120 posts, 1294 commenter rows, 38s
[ 253.4m] cells 483/1080  posts 57425  req 154276 (10.15/s, err 4.9%)  3.78 posts/s
  [ipl/2025-05] 120 posts, 2376 commenter rows, 53s
[ 254.3m] cells 484/1080  posts 57545  req 154677 (10.14/s, err 4.9%)  3.77 posts/s
  [ipl/2025-06] 120 posts, 2400 commenter rows, 15s
[ 254.5m] cells 485/1080  posts 57665  req 154953 (10.15/s, err 4.9%)  3.78 posts/s
  [ipl/2025-07] 120 posts, 2286 commenter rows, 15s
[ 254.8m] cells 486/1080  posts 57785  req 155211 (10.15/s, err 4.9%)  3.78 posts/s
  [ipl/2025-08] 120 posts, 2340 commenter rows, 30s
[ 255.3m] cells 487/1080  posts 57905  req 155488 (10.15/s, err 4.9%)  3.78 posts/s
  [ipl/2025-09] 120 posts, 2342 commenter rows, 12s
[ 255.5m] cells 488/1080  posts 58025  req 155732 (10.16/s, err 4.9%)  3.79 posts/s
  [ipl/2025-10] 120 posts, 2286 commenter rows, 44s
[ 256.2m] cells 489/1080  posts 58145  req 156021 (10.15/s, err 5.0%)  3.78 posts/s
  [ipl/2025-11] 120 posts, 2352 commenter rows, 11s
[ 256.4m] cells 490/1080  posts 58265  req 156271 (10.16/s, err 5.0%)  3.79 posts/s
  [ipl/2025-12] 120 posts, 2350 commenter rows, 8s
[ 256.5m] cells 491/1080  posts 58385  req 156521 (10.17/s, err 4.9%)  3.79 posts/s
  [ipl/2026-01] 120 posts, 2358 commenter rows, 49s
[ 257.3m] cells 492/1080  posts 58505  req 156829 (10.16/s, err 5.0%)  3.79 posts/s
  [ipl/2026-02] 120 posts, 2370 commenter rows, 9s
[ 257.5m] cells 493/1080  posts 58625  req 157099 (10.17/s, err 5.0%)  3.79 posts/s
  [ipl/2026-03] 120 posts, 2338 commenter rows, 46s
[ 258.2m] cells 494/1080  posts 58745  req 157411 (10.16/s, err 5.0%)  3.79 posts/s
  [ipl/2026-04] 120 posts, 2400 commenter rows, 28s
[ 258.7m] cells 495/1080  posts 58865  req 157751 (10.16/s, err 5.0%)  3.79 posts/s
  [ipl/2026-05] 120 posts, 2400 commenter rows, 34s
[ 259.3m] cells 496/1080  posts 58985  req 158070 (10.16/s, err 5.0%)  3.79 posts/s
  [ipl/2026-06] 120 posts, 2398 commenter rows, 10s
[ 259.4m] cells 497/1080  posts 59105  req 158318 (10.17/s, err 5.0%)  3.80 posts/s
  [ipl/2026-07] 120 posts, 1992 commenter rows, 44s
[ 260.2m] cells 498/1080  posts 59225  req 158606 (10.16/s, err 5.0%)  3.79 posts/s
  [CricketShitpost/2024-08] 120 posts, 2400 commenter rows, 11s
[ 260.4m] cells 499/1080  posts 59345  req 158852 (10.17/s, err 5.0%)  3.80 posts/s
  [CricketShitpost/2024-09] 120 posts, 2356 commenter rows, 9s
[ 260.5m] cells 500/1080  posts 59465  req 159101 (10.18/s, err 5.0%)  3.80 posts/s
  [CricketShitpost/2024-10] 120 posts, 2320 commenter rows, 44s
[ 261.2m] cells 501/1080  posts 59585  req 159393 (10.17/s, err 5.0%)  3.80 posts/s
  [CricketShitpost/2024-11] 120 posts, 2400 commenter rows, 16s
[ 261.5m] cells 502/1080  posts 59705  req 159657 (10.18/s, err 5.0%)  3.81 posts/s
  [CricketShitpost/2024-12] 120 posts, 2340 commenter rows, 48s
[ 262.3m] cells 503/1080  posts 59825  req 159958 (10.16/s, err 5.0%)  3.80 posts/s
  [CricketShitpost/2025-01] 120 posts, 2400 commenter rows, 12s
[ 262.5m] cells 504/1080  posts 59945  req 160214 (10.17/s, err 5.0%)  3.81 posts/s
  [CricketShitpost/2025-02] 120 posts, 2320 commenter rows, 42s
[ 263.2m] cells 505/1080  posts 60065  req 160494 (10.16/s, err 5.0%)  3.80 posts/s
  [CricketShitpost/2025-03] 120 posts, 2400 commenter rows, 22s
[ 263.6m] cells 506/1080  posts 60185  req 160757 (10.16/s, err 5.0%)  3.81 posts/s
  [CricketShitpost/2025-04] 120 posts, 2400 commenter rows, 16s
[ 263.8m] cells 507/1080  posts 60305  req 161017 (10.17/s, err 5.0%)  3.81 posts/s
  [CricketShitpost/2025-05] 120 posts, 2400 commenter rows, 30s
[ 264.3m] cells 508/1080  posts 60425  req 161313 (10.17/s, err 5.0%)  3.81 posts/s
  [CricketShitpost/2025-06] 120 posts, 2400 commenter rows, 15s
[ 264.6m] cells 509/1080  posts 60545  req 161579 (10.18/s, err 5.0%)  3.81 posts/s
  [CricketShitpost/2025-07] 120 posts, 2358 commenter rows, 46s
[ 265.4m] cells 510/1080  posts 60665  req 161873 (10.17/s, err 5.0%)  3.81 posts/s
  [CricketShitpost/2025-08] 120 posts, 2384 commenter rows, 11s
[ 265.5m] cells 511/1080  posts 60785  req 162126 (10.18/s, err 5.0%)  3.82 posts/s
  [CricketShitpost/2025-09] 120 posts, 2316 commenter rows, 43s
[ 266.3m] cells 512/1080  posts 60905  req 162407 (10.17/s, err 5.0%)  3.81 posts/s
  [CricketShitpost/2025-10] 120 posts, 2372 commenter rows, 13s
[ 266.5m] cells 513/1080  posts 61025  req 162655 (10.17/s, err 5.0%)  3.82 posts/s
  [CricketShitpost/2025-11] 120 posts, 2398 commenter rows, 10s
[ 266.6m] cells 514/1080  posts 61145  req 162906 (10.18/s, err 5.0%)  3.82 posts/s
  [CricketShitpost/2025-12] 120 posts, 2276 commenter rows, 42s
[ 267.3m] cells 515/1080  posts 61265  req 163181 (10.17/s, err 5.0%)  3.82 posts/s
  [CricketShitpost/2026-01] 120 posts, 2376 commenter rows, 8s
[ 267.5m] cells 516/1080  posts 61385  req 163427 (10.18/s, err 5.0%)  3.82 posts/s
  [CricketShitpost/2026-02] 120 posts, 2330 commenter rows, 43s
[ 268.2m] cells 517/1080  posts 61505  req 163712 (10.17/s, err 5.0%)  3.82 posts/s
  [CricketShitpost/2026-03] 120 posts, 2400 commenter rows, 13s
[ 268.4m] cells 518/1080  posts 61625  req 163971 (10.18/s, err 5.0%)  3.83 posts/s
  [CricketShitpost/2026-04] 120 posts, 2400 commenter rows, 13s
[ 268.6m] cells 519/1080  posts 61745  req 164230 (10.19/s, err 5.0%)  3.83 posts/s
  [CricketShitpost/2026-05] 120 posts, 2360 commenter rows, 50s
[ 269.5m] cells 520/1080  posts 61865  req 164517 (10.18/s, err 5.0%)  3.83 posts/s
  [CricketShitpost/2026-06] 120 posts, 2368 commenter rows, 10s
[ 269.6m] cells 521/1080  posts 61985  req 164764 (10.18/s, err 5.0%)  3.83 posts/s
  [CricketShitpost/2026-07] 120 posts, 2372 commenter rows, 43s
[ 270.3m] cells 522/1080  posts 62105  req 165042 (10.18/s, err 5.0%)  3.83 posts/s
  [indiansports/2024-08] 120 posts, 2382 commenter rows, 13s
[ 270.6m] cells 523/1080  posts 62225  req 165295 (10.18/s, err 5.0%)  3.83 posts/s
  [indiansports/2024-09] 120 posts, 1922 commenter rows, 38s
[ 271.2m] cells 524/1080  posts 62345  req 165543 (10.17/s, err 5.0%)  3.83 posts/s
  [indiansports/2024-10] 120 posts, 1298 commenter rows, 10s
[ 271.3m] cells 525/1080  posts 62465  req 165780 (10.18/s, err 5.0%)  3.84 posts/s
  [indiansports/2024-11] 120 posts, 1308 commenter rows, 7s
[ 271.5m] cells 526/1080  posts 62585  req 166019 (10.19/s, err 5.0%)  3.84 posts/s
  [indiansports/2024-12] 120 posts, 1146 commenter rows, 45s
[ 272.2m] cells 527/1080  posts 62705  req 166297 (10.18/s, err 5.0%)  3.84 posts/s
  [indiansports/2025-01] 120 posts, 1234 commenter rows, 8s
[ 272.3m] cells 528/1080  posts 62825  req 166534 (10.19/s, err 5.0%)  3.84 posts/s
  [indiansports/2025-02] 120 posts, 1330 commenter rows, 6s
[ 272.4m] cells 529/1080  posts 62945  req 166772 (10.20/s, err 5.0%)  3.85 posts/s
  [indiansports/2025-03] 120 posts, 1080 commenter rows, 51s
[ 273.3m] cells 530/1080  posts 63065  req 167059 (10.19/s, err 5.1%)  3.85 posts/s
  [indiansports/2025-04] 120 posts, 900 commenter rows, 9s
[ 273.5m] cells 531/1080  posts 63185  req 167286 (10.20/s, err 5.1%)  3.85 posts/s
  [indiansports/2025-05] 120 posts, 1178 commenter rows, 43s
[ 274.2m] cells 532/1080  posts 63305  req 167561 (10.19/s, err 5.1%)  3.85 posts/s
  [indiansports/2025-06] 120 posts, 1584 commenter rows, 10s
[ 274.3m] cells 533/1080  posts 63425  req 167802 (10.19/s, err 5.1%)  3.85 posts/s
  [indiansports/2025-07] 120 posts, 1148 commenter rows, 7s
[ 274.4m] cells 534/1080  posts 63545  req 168038 (10.20/s, err 5.1%)  3.86 posts/s
  [indiansports/2025-08] 120 posts, 726 commenter rows, 57s
[ 275.4m] cells 535/1080  posts 63665  req 168316 (10.19/s, err 5.1%)  3.85 posts/s
  [indiansports/2025-09] 120 posts, 1288 commenter rows, 6s
[ 275.5m] cells 536/1080  posts 63785  req 168555 (10.20/s, err 5.1%)  3.86 posts/s
  [indiansports/2025-10] 120 posts, 936 commenter rows, 38s
[ 276.1m] cells 537/1080  posts 63905  req 168787 (10.19/s, err 5.1%)  3.86 posts/s
  [indiansports/2025-11] 120 posts, 900 commenter rows, 10s
[ 276.3m] cells 538/1080  posts 64025  req 169006 (10.19/s, err 5.1%)  3.86 posts/s
  [indiansports/2025-12] 120 posts, 962 commenter rows, 7s
[ 276.4m] cells 539/1080  posts 64145  req 169227 (10.20/s, err 5.1%)  3.87 posts/s
  [indiansports/2026-01] 120 posts, 884 commenter rows, 69s
[ 277.6m] cells 540/1080  posts 64265  req 169508 (10.18/s, err 5.1%)  3.86 posts/s
  [indiansports/2026-02] 120 posts, 730 commenter rows, 21s
[ 277.9m] cells 541/1080  posts 64385  req 169737 (10.18/s, err 5.1%)  3.86 posts/s
  [indiansports/2026-03] 120 posts, 1014 commenter rows, 32s
[ 278.5m] cells 542/1080  posts 64505  req 169975 (10.17/s, err 5.1%)  3.86 posts/s
  [indiansports/2026-04] 120 posts, 894 commenter rows, 19s
[ 278.8m] cells 543/1080  posts 64625  req 170204 (10.18/s, err 5.1%)  3.86 posts/s
  [indiansports/2026-05] 120 posts, 1506 commenter rows, 7s
[ 278.9m] cells 544/1080  posts 64745  req 170438 (10.19/s, err 5.1%)  3.87 posts/s
  [indiansports/2026-06] 120 posts, 1770 commenter rows, 30s
[ 279.4m] cells 545/1080  posts 64865  req 170710 (10.18/s, err 5.1%)  3.87 posts/s
  [indiansports/2026-07] 120 posts, 1618 commenter rows, 10s
[ 279.6m] cells 546/1080  posts 64985  req 170955 (10.19/s, err 5.1%)  3.87 posts/s
  [RelationshipIndia/2024-08] 120 posts, 2354 commenter rows, 49s
[ 280.4m] cells 547/1080  posts 65105  req 171278 (10.18/s, err 5.1%)  3.87 posts/s
  [RelationshipIndia/2024-09] 120 posts, 2382 commenter rows, 15s
[ 280.6m] cells 548/1080  posts 65225  req 171562 (10.19/s, err 5.1%)  3.87 posts/s
  [RelationshipIndia/2024-10] 120 posts, 2394 commenter rows, 39s
[ 281.3m] cells 549/1080  posts 65345  req 171887 (10.18/s, err 5.1%)  3.87 posts/s
  [RelationshipIndia/2024-11] 120 posts, 2400 commenter rows, 19s
[ 281.6m] cells 550/1080  posts 65465  req 172146 (10.19/s, err 5.1%)  3.87 posts/s
  [RelationshipIndia/2024-12] 120 posts, 2316 commenter rows, 43s
[ 282.3m] cells 551/1080  posts 65585  req 172434 (10.18/s, err 5.1%)  3.87 posts/s
  [RelationshipIndia/2025-01] 120 posts, 2400 commenter rows, 20s
[ 282.6m] cells 552/1080  posts 65705  req 172696 (10.18/s, err 5.1%)  3.87 posts/s
  [RelationshipIndia/2025-02] 120 posts, 2398 commenter rows, 12s
[ 282.8m] cells 553/1080  posts 65825  req 172949 (10.19/s, err 5.1%)  3.88 posts/s
  [RelationshipIndia/2025-03] 120 posts, 2376 commenter rows, 26s
[ 283.3m] cells 554/1080  posts 65945  req 173226 (10.19/s, err 5.1%)  3.88 posts/s
  [RelationshipIndia/2025-04] 120 posts, 2384 commenter rows, 13s
[ 283.5m] cells 555/1080  posts 66065  req 173483 (10.20/s, err 5.1%)  3.88 posts/s
  [RelationshipIndia/2025-05] 120 posts, 2370 commenter rows, 44s
[ 284.2m] cells 556/1080  posts 66185  req 173777 (10.19/s, err 5.1%)  3.88 posts/s
  [RelationshipIndia/2025-06] 120 posts, 2354 commenter rows, 18s
[ 284.5m] cells 557/1080  posts 66305  req 174038 (10.20/s, err 5.1%)  3.88 posts/s
  [RelationshipIndia/2025-07] 120 posts, 2298 commenter rows, 48s
[ 285.3m] cells 558/1080  posts 66425  req 174326 (10.18/s, err 5.1%)  3.88 posts/s
  [RelationshipIndia/2025-08] 120 posts, 2372 commenter rows, 14s
[ 285.5m] cells 559/1080  posts 66545  req 174585 (10.19/s, err 5.1%)  3.88 posts/s
  [RelationshipIndia/2025-09] 120 posts, 2360 commenter rows, 12s
[ 285.7m] cells 560/1080  posts 66665  req 174842 (10.20/s, err 5.1%)  3.89 posts/s
  [RelationshipIndia/2025-10] 120 posts, 2358 commenter rows, 75s
[ 287.0m] cells 561/1080  posts 66785  req 175149 (10.17/s, err 5.1%)  3.88 posts/s
  [RelationshipIndia/2025-11] 120 posts, 2366 commenter rows, 55s
[ 287.9m] cells 562/1080  posts 66905  req 175413 (10.15/s, err 5.1%)  3.87 posts/s
  [RelationshipIndia/2025-12] 120 posts, 2386 commenter rows, 20s
[ 288.2m] cells 563/1080  posts 67025  req 175662 (10.16/s, err 5.1%)  3.88 posts/s
  [RelationshipIndia/2026-01] 120 posts, 2322 commenter rows, 14s
[ 288.5m] cells 564/1080  posts 67145  req 175912 (10.16/s, err 5.1%)  3.88 posts/s
  [RelationshipIndia/2026-02] 120 posts, 2248 commenter rows, 43s
[ 289.2m] cells 565/1080  posts 67265  req 176204 (10.16/s, err 5.1%)  3.88 posts/s
  [RelationshipIndia/2026-03] 120 posts, 2352 commenter rows, 14s
[ 289.4m] cells 566/1080  posts 67385  req 176454 (10.16/s, err 5.1%)  3.88 posts/s
  [RelationshipIndia/2026-04] 120 posts, 2354 commenter rows, 12s
[ 289.6m] cells 567/1080  posts 67505  req 176705 (10.17/s, err 5.1%)  3.88 posts/s
  [RelationshipIndia/2026-05] 120 posts, 2324 commenter rows, 42s
[ 290.3m] cells 568/1080  posts 67625  req 177006 (10.16/s, err 5.1%)  3.88 posts/s
  [RelationshipIndia/2026-06] 120 posts, 2386 commenter rows, 18s
[ 290.6m] cells 569/1080  posts 67745  req 177262 (10.17/s, err 5.1%)  3.89 posts/s
  [RelationshipIndia/2026-07] 120 posts, 2340 commenter rows, 44s
[ 291.3m] cells 570/1080  posts 67865  req 177540 (10.16/s, err 5.1%)  3.88 posts/s
  [SaimanSays/2024-08] 120 posts, 2196 commenter rows, 10s
[ 291.5m] cells 571/1080  posts 67985  req 177785 (10.16/s, err 5.1%)  3.89 posts/s
  [SaimanSays/2024-09] 120 posts, 1760 commenter rows, 38s
[ 292.2m] cells 572/1080  posts 68105  req 178056 (10.16/s, err 5.1%)  3.89 posts/s
  [SaimanSays/2024-10] 120 posts, 1732 commenter rows, 7s
[ 292.3m] cells 573/1080  posts 68225  req 178296 (10.17/s, err 5.1%)  3.89 posts/s
  [SaimanSays/2024-11] 120 posts, 1742 commenter rows, 8s
[ 292.4m] cells 574/1080  posts 68345  req 178539 (10.18/s, err 5.1%)  3.90 posts/s
  [SaimanSays/2024-12] 120 posts, 2150 commenter rows, 50s
[ 293.2m] cells 575/1080  posts 68465  req 178836 (10.16/s, err 5.2%)  3.89 posts/s
  [SaimanSays/2025-01] 120 posts, 2218 commenter rows, 9s
[ 293.4m] cells 576/1080  posts 68585  req 179079 (10.17/s, err 5.2%)  3.90 posts/s
  [SaimanSays/2025-02] 120 posts, 2098 commenter rows, 37s
[ 294.0m] cells 577/1080  posts 68705  req 179339 (10.17/s, err 5.2%)  3.89 posts/s
  [SaimanSays/2025-03] 120 posts, 1786 commenter rows, 21s
[ 294.3m] cells 578/1080  posts 68825  req 179583 (10.17/s, err 5.2%)  3.90 posts/s
  [SaimanSays/2025-04] 120 posts, 2014 commenter rows, 12s
[ 294.5m] cells 579/1080  posts 68945  req 179827 (10.18/s, err 5.1%)  3.90 posts/s
  [SaimanSays/2025-05] 120 posts, 1862 commenter rows, 41s
[ 295.2m] cells 580/1080  posts 69065  req 180109 (10.17/s, err 5.2%)  3.90 posts/s
  [SaimanSays/2025-06] 120 posts, 1470 commenter rows, 11s
[ 295.4m] cells 581/1080  posts 69185  req 180351 (10.18/s, err 5.2%)  3.90 posts/s
  [SaimanSays/2025-07] 120 posts, 1206 commenter rows, 8s
[ 295.5m] cells 582/1080  posts 69305  req 180587 (10.18/s, err 5.2%)  3.91 posts/s
  [SaimanSays/2025-08] 120 posts, 1184 commenter rows, 44s
[ 296.3m] cells 583/1080  posts 69425  req 180867 (10.17/s, err 5.2%)  3.91 posts/s
  [SaimanSays/2025-09] 120 posts, 1624 commenter rows, 8s
[ 296.4m] cells 584/1080  posts 69545  req 181109 (10.18/s, err 5.2%)  3.91 posts/s
  [SaimanSays/2025-10] 120 posts, 1888 commenter rows, 50s
[ 297.2m] cells 585/1080  posts 69665  req 181405 (10.17/s, err 5.2%)  3.91 posts/s
  [SaimanSays/2025-11] 120 posts, 1244 commenter rows, 13s
[ 297.5m] cells 586/1080  posts 69785  req 181641 (10.18/s, err 5.2%)  3.91 posts/s
  [SaimanSays/2025-12] 120 posts, 1794 commenter rows, 7s
[ 297.6m] cells 587/1080  posts 69905  req 181881 (10.19/s, err 5.2%)  3.92 posts/s
  [SaimanSays/2026-01] 120 posts, 1278 commenter rows, 39s
[ 298.2m] cells 588/1080  posts 70025  req 182153 (10.18/s, err 5.2%)  3.91 posts/s
  [SaimanSays/2026-02] 120 posts, 1344 commenter rows, 12s
[ 298.4m] cells 589/1080  posts 70145  req 182390 (10.19/s, err 5.2%)  3.92 posts/s
  [SaimanSays/2026-03] 120 posts, 1382 commenter rows, 51s
[ 299.3m] cells 590/1080  posts 70265  req 182681 (10.17/s, err 5.2%)  3.91 posts/s
  [SaimanSays/2026-04] 120 posts, 1282 commenter rows, 13s
[ 299.5m] cells 591/1080  posts 70385  req 182917 (10.18/s, err 5.2%)  3.92 posts/s
  [SaimanSays/2026-05] 120 posts, 1866 commenter rows, 12s
[ 299.7m] cells 592/1080  posts 70505  req 183161 (10.19/s, err 5.2%)  3.92 posts/s
  [SaimanSays/2026-06] 120 posts, 2174 commenter rows, 40s
[ 300.4m] cells 593/1080  posts 70625  req 183433 (10.18/s, err 5.2%)  3.92 posts/s
  [SaimanSays/2026-07] 120 posts, 2300 commenter rows, 9s
[ 300.5m] cells 594/1080  posts 70745  req 183677 (10.19/s, err 5.2%)  3.92 posts/s
  [IndianStockMarket/2024-08] 120 posts, 2266 commenter rows, 48s
[ 301.3m] cells 595/1080  posts 70865  req 183971 (10.18/s, err 5.2%)  3.92 posts/s
  [IndianStockMarket/2024-09] 120 posts, 2392 commenter rows, 17s
[ 301.6m] cells 596/1080  posts 70985  req 184227 (10.18/s, err 5.2%)  3.92 posts/s
  [IndianStockMarket/2024-10] 120 posts, 2400 commenter rows, 15s
[ 301.8m] cells 597/1080  posts 71105  req 184485 (10.19/s, err 5.2%)  3.93 posts/s
  [IndianStockMarket/2024-11] 120 posts, 2366 commenter rows, 36s
[ 302.4m] cells 598/1080  posts 71225  req 184756 (10.18/s, err 5.2%)  3.93 posts/s
  [IndianStockMarket/2024-12] 120 posts, 2360 commenter rows, 13s
[ 302.6m] cells 599/1080  posts 71345  req 185010 (10.19/s, err 5.2%)  3.93 posts/s
  [IndianStockMarket/2025-01] 120 posts, 2194 commenter rows, 44s
[ 303.4m] cells 600/1080  posts 71465  req 185291 (10.18/s, err 5.2%)  3.93 posts/s
  [IndianStockMarket/2025-02] 120 posts, 2398 commenter rows, 16s
[ 303.6m] cells 601/1080  posts 71585  req 185547 (10.18/s, err 5.2%)  3.93 posts/s
  [IndianStockMarket/2025-03] 120 posts, 2308 commenter rows, 41s
[ 304.3m] cells 602/1080  posts 71705  req 185826 (10.18/s, err 5.2%)  3.93 posts/s
  [IndianStockMarket/2025-04] 120 posts, 2330 commenter rows, 14s
[ 304.6m] cells 603/1080  posts 71825  req 186077 (10.18/s, err 5.2%)  3.93 posts/s
  [IndianStockMarket/2025-05] 120 posts, 2348 commenter rows, 15s
[ 304.8m] cells 604/1080  posts 71945  req 186327 (10.19/s, err 5.2%)  3.93 posts/s
  [IndianStockMarket/2025-06] 120 posts, 2352 commenter rows, 32s
[ 305.3m] cells 605/1080  posts 72065  req 186611 (10.19/s, err 5.2%)  3.93 posts/s
  [IndianStockMarket/2025-07] 120 posts, 2364 commenter rows, 12s
[ 305.5m] cells 606/1080  posts 72185  req 186866 (10.19/s, err 5.2%)  3.94 posts/s
  [IndianStockMarket/2025-08] 120 posts, 2310 commenter rows, 40s
[ 306.2m] cells 607/1080  posts 72305  req 187147 (10.19/s, err 5.2%)  3.94 posts/s
  [IndianStockMarket/2025-09] 120 posts, 2332 commenter rows, 12s
[ 306.4m] cells 608/1080  posts 72425  req 187399 (10.19/s, err 5.2%)  3.94 posts/s
  [IndianStockMarket/2025-10] 120 posts, 2350 commenter rows, 41s
[ 307.1m] cells 609/1080  posts 72545  req 187666 (10.18/s, err 5.2%)  3.94 posts/s
  [IndianStockMarket/2025-11] 120 posts, 2340 commenter rows, 19s
[ 307.4m] cells 610/1080  posts 72665  req 187918 (10.19/s, err 5.2%)  3.94 posts/s
  [IndianStockMarket/2025-12] 120 posts, 2218 commenter rows, 9s
[ 307.6m] cells 611/1080  posts 72785  req 188166 (10.20/s, err 5.2%)  3.94 posts/s
  [IndianStockMarket/2026-01] 120 posts, 2232 commenter rows, 44s
[ 308.3m] cells 612/1080  posts 72905  req 188443 (10.19/s, err 5.2%)  3.94 posts/s
  [IndianStockMarket/2026-02] 120 posts, 2384 commenter rows, 13s
[ 308.5m] cells 613/1080  posts 73025  req 188694 (10.19/s, err 5.2%)  3.95 posts/s
  [IndianStockMarket/2026-03] 120 posts, 2344 commenter rows, 42s
[ 309.2m] cells 614/1080  posts 73145  req 188975 (10.19/s, err 5.2%)  3.94 posts/s
  [IndianStockMarket/2026-04] 120 posts, 2346 commenter rows, 25s
[ 309.6m] cells 615/1080  posts 73265  req 189253 (10.19/s, err 5.2%)  3.94 posts/s
  [IndianStockMarket/2026-05] 120 posts, 2356 commenter rows, 45s
[ 310.4m] cells 616/1080  posts 73385  req 189599 (10.18/s, err 5.2%)  3.94 posts/s
  [IndianStockMarket/2026-06] 120 posts, 2396 commenter rows, 14s
[ 310.6m] cells 617/1080  posts 73505  req 189856 (10.19/s, err 5.2%)  3.94 posts/s
  [IndianStockMarket/2026-07] 120 posts, 2374 commenter rows, 19s
[ 310.9m] cells 618/1080  posts 73625  req 190110 (10.19/s, err 5.2%)  3.95 posts/s
  [IndiaInvestments/2024-08] 120 posts, 1356 commenter rows, 23s
[ 311.3m] cells 619/1080  posts 73745  req 190344 (10.19/s, err 5.2%)  3.95 posts/s
  [IndiaInvestments/2024-09] 120 posts, 1116 commenter rows, 8s
[ 311.4m] cells 620/1080  posts 73865  req 190533 (10.20/s, err 5.2%)  3.95 posts/s
  [IndiaInvestments/2024-10] 120 posts, 1178 commenter rows, 7s
[ 311.5m] cells 621/1080  posts 73985  req 190732 (10.20/s, err 5.2%)  3.96 posts/s
  [IndiaInvestments/2024-11] 120 posts, 686 commenter rows, 39s
[ 312.2m] cells 622/1080  posts 74105  req 190942 (10.19/s, err 5.2%)  3.96 posts/s
  [IndiaInvestments/2024-12] 120 posts, 1028 commenter rows, 9s
[ 312.3m] cells 623/1080  posts 74225  req 191136 (10.20/s, err 5.2%)  3.96 posts/s
  [IndiaInvestments/2025-01] 120 posts, 1082 commenter rows, 8s
[ 312.5m] cells 624/1080  posts 74345  req 191327 (10.21/s, err 5.2%)  3.97 posts/s
  [IndiaInvestments/2025-02] 120 posts, 922 commenter rows, 44s
[ 313.2m] cells 625/1080  posts 74465  req 191557 (10.19/s, err 5.3%)  3.96 posts/s
  [IndiaInvestments/2025-03] 120 posts, 1142 commenter rows, 9s
[ 313.4m] cells 626/1080  posts 74585  req 191754 (10.20/s, err 5.2%)  3.97 posts/s
  [IndiaInvestments/2025-04] 120 posts, 982 commenter rows, 6s
[ 313.5m] cells 627/1080  posts 74705  req 191943 (10.21/s, err 5.2%)  3.97 posts/s
  [IndiaInvestments/2025-05] 120 posts, 926 commenter rows, 44s
[ 314.2m] cells 628/1080  posts 74825  req 192185 (10.19/s, err 5.3%)  3.97 posts/s
  [IndiaInvestments/2025-06] 120 posts, 1326 commenter rows, 10s
[ 314.4m] cells 629/1080  posts 74945  req 192391 (10.20/s, err 5.3%)  3.97 posts/s
  [IndiaInvestments/2025-07] 120 posts, 1508 commenter rows, 9s
[ 314.5m] cells 630/1080  posts 75065  req 192620 (10.21/s, err 5.3%)  3.98 posts/s
  [IndiaInvestments/2025-08] 120 posts, 1454 commenter rows, 42s
[ 315.2m] cells 631/1080  posts 75185  req 192892 (10.20/s, err 5.3%)  3.98 posts/s
  [IndiaInvestments/2025-09] 120 posts, 768 commenter rows, 8s
[ 315.3m] cells 632/1080  posts 75305  req 193072 (10.20/s, err 5.3%)  3.98 posts/s
  [IndiaInvestments/2025-10] 120 posts, 572 commenter rows, 7s
[ 315.5m] cells 633/1080  posts 75425  req 193235 (10.21/s, err 5.3%)  3.99 posts/s
  [IndiaInvestments/2025-11] 120 posts, 262 commenter rows, 5s
[ 315.5m] cells 634/1080  posts 75545  req 193379 (10.21/s, err 5.3%)  3.99 posts/s
  [IndiaInvestments/2025-12] 120 posts, 382 commenter rows, 43s
[ 316.2m] cells 635/1080  posts 75665  req 193584 (10.20/s, err 5.3%)  3.99 posts/s
  [IndiaInvestments/2026-01] 120 posts, 526 commenter rows, 8s
[ 316.4m] cells 636/1080  posts 75785  req 193751 (10.21/s, err 5.3%)  3.99 posts/s
  [IndiaInvestments/2026-02] 120 posts, 502 commenter rows, 6s
[ 316.5m] cells 637/1080  posts 75905  req 193915 (10.21/s, err 5.3%)  4.00 posts/s
  [IndiaInvestments/2026-03] 120 posts, 514 commenter rows, 44s
[ 317.2m] cells 638/1080  posts 76025  req 194124 (10.20/s, err 5.3%)  3.99 posts/s
  [IndiaInvestments/2026-04] 120 posts, 420 commenter rows, 8s
[ 317.3m] cells 639/1080  posts 76145  req 194287 (10.20/s, err 5.3%)  4.00 posts/s
  [IndiaInvestments/2026-05] 120 posts, 370 commenter rows, 6s
[ 317.4m] cells 640/1080  posts 76265  req 194439 (10.21/s, err 5.3%)  4.00 posts/s
  [IndiaInvestments/2026-06] 120 posts, 550 commenter rows, 6s
[ 317.5m] cells 641/1080  posts 76385  req 194614 (10.22/s, err 5.3%)  4.01 posts/s
  [IndiaInvestments/2026-07] 120 posts, 256 commenter rows, 39s
[ 318.2m] cells 642/1080  posts 76505  req 194798 (10.20/s, err 5.3%)  4.01 posts/s
  [personalfinanceindia/2024-08] 120 posts, 2392 commenter rows, 13s
[ 318.4m] cells 643/1080  posts 76625  req 195064 (10.21/s, err 5.3%)  4.01 posts/s
  [personalfinanceindia/2024-09] 120 posts, 2372 commenter rows, 16s
[ 318.7m] cells 644/1080  posts 76745  req 195337 (10.22/s, err 5.3%)  4.01 posts/s
  [personalfinanceindia/2024-10] 120 posts, 2360 commenter rows, 48s
[ 319.5m] cells 645/1080  posts 76865  req 195624 (10.21/s, err 5.3%)  4.01 posts/s
  [personalfinanceindia/2024-11] 120 posts, 2394 commenter rows, 12s
[ 319.7m] cells 646/1080  posts 76985  req 195901 (10.21/s, err 5.3%)  4.01 posts/s
  [personalfinanceindia/2024-12] 120 posts, 2342 commenter rows, 45s
[ 320.4m] cells 647/1080  posts 77105  req 196212 (10.21/s, err 5.3%)  4.01 posts/s
  [personalfinanceindia/2025-01] 120 posts, 2386 commenter rows, 12s
[ 320.6m] cells 648/1080  posts 77225  req 196491 (10.21/s, err 5.3%)  4.01 posts/s
  [personalfinanceindia/2025-02] 120 posts, 2312 commenter rows, 42s
[ 321.3m] cells 649/1080  posts 77345  req 196782 (10.21/s, err 5.3%)  4.01 posts/s
  [personalfinanceindia/2025-03] 120 posts, 2362 commenter rows, 14s
[ 321.5m] cells 650/1080  posts 77465  req 197040 (10.21/s, err 5.3%)  4.02 posts/s
  [personalfinanceindia/2025-04] 120 posts, 2320 commenter rows, 43s
[ 322.3m] cells 651/1080  posts 77585  req 197331 (10.21/s, err 5.3%)  4.01 posts/s
  [personalfinanceindia/2025-05] 120 posts, 2370 commenter rows, 12s
[ 322.5m] cells 652/1080  posts 77705  req 197594 (10.21/s, err 5.3%)  4.02 posts/s
  [personalfinanceindia/2025-06] 120 posts, 2340 commenter rows, 10s
[ 322.6m] cells 653/1080  posts 77825  req 197846 (10.22/s, err 5.3%)  4.02 posts/s
  [personalfinanceindia/2025-07] 120 posts, 2296 commenter rows, 42s
[ 323.3m] cells 654/1080  posts 77945  req 198127 (10.21/s, err 5.3%)  4.02 posts/s
  [personalfinanceindia/2025-08] 120 posts, 2386 commenter rows, 9s
[ 323.5m] cells 655/1080  posts 78065  req 198381 (10.22/s, err 5.3%)  4.02 posts/s
  [personalfinanceindia/2025-09] 120 posts, 2328 commenter rows, 43s
[ 324.2m] cells 656/1080  posts 78185  req 198676 (10.21/s, err 5.3%)  4.02 posts/s
  [personalfinanceindia/2025-10] 120 posts, 2378 commenter rows, 11s
[ 324.4m] cells 657/1080  posts 78305  req 198938 (10.22/s, err 5.3%)  4.02 posts/s
  [personalfinanceindia/2025-11] 120 posts, 2348 commenter rows, 39s
[ 325.0m] cells 658/1080  posts 78425  req 199235 (10.22/s, err 5.3%)  4.02 posts/s
  [personalfinanceindia/2025-12] 120 posts, 2370 commenter rows, 18s
[ 325.3m] cells 659/1080  posts 78545  req 199491 (10.22/s, err 5.3%)  4.02 posts/s
  [personalfinanceindia/2026-01] 120 posts, 2350 commenter rows, 12s
[ 325.5m] cells 660/1080  posts 78665  req 199741 (10.23/s, err 5.3%)  4.03 posts/s
  [personalfinanceindia/2026-02] 120 posts, 2310 commenter rows, 41s
[ 326.2m] cells 661/1080  posts 78785  req 200021 (10.22/s, err 5.3%)  4.03 posts/s
  [personalfinanceindia/2026-03] 120 posts, 2392 commenter rows, 13s
[ 326.4m] cells 662/1080  posts 78905  req 200279 (10.23/s, err 5.3%)  4.03 posts/s
  [personalfinanceindia/2026-04] 120 posts, 2350 commenter rows, 46s
[ 327.2m] cells 663/1080  posts 79025  req 200615 (10.22/s, err 5.3%)  4.03 posts/s
  [personalfinanceindia/2026-05] 120 posts, 2386 commenter rows, 18s
[ 327.5m] cells 664/1080  posts 79145  req 200879 (10.22/s, err 5.3%)  4.03 posts/s
  [personalfinanceindia/2026-06] 120 posts, 2326 commenter rows, 44s
[ 328.2m] cells 665/1080  posts 79265  req 201178 (10.22/s, err 5.3%)  4.02 posts/s
  [personalfinanceindia/2026-07] 120 posts, 2382 commenter rows, 13s
[ 328.4m] cells 666/1080  posts 79385  req 201436 (10.22/s, err 5.3%)  4.03 posts/s
  [IndianStreetBets/2024-08] 120 posts, 2396 commenter rows, 14s
[ 328.7m] cells 667/1080  posts 79505  req 201724 (10.23/s, err 5.3%)  4.03 posts/s
  [IndianStreetBets/2024-09] 120 posts, 2334 commenter rows, 42s
[ 329.4m] cells 668/1080  posts 79625  req 202042 (10.22/s, err 5.3%)  4.03 posts/s
  [IndianStreetBets/2024-10] 120 posts, 2358 commenter rows, 14s
[ 329.6m] cells 669/1080  posts 79745  req 202330 (10.23/s, err 5.3%)  4.03 posts/s
  [IndianStreetBets/2024-11] 120 posts, 2310 commenter rows, 49s
[ 330.4m] cells 670/1080  posts 79865  req 202623 (10.22/s, err 5.3%)  4.03 posts/s
  [IndianStreetBets/2024-12] 120 posts, 2328 commenter rows, 13s
[ 330.6m] cells 671/1080  posts 79985  req 202883 (10.23/s, err 5.3%)  4.03 posts/s
  [IndianStreetBets/2025-01] 120 posts, 2296 commenter rows, 44s
[ 331.4m] cells 672/1080  posts 80105  req 203185 (10.22/s, err 5.3%)  4.03 posts/s
  [IndianStreetBets/2025-02] 120 posts, 2290 commenter rows, 12s
[ 331.6m] cells 673/1080  posts 80225  req 203444 (10.23/s, err 5.3%)  4.03 posts/s
  [IndianStreetBets/2025-03] 120 posts, 2162 commenter rows, 43s
[ 332.3m] cells 674/1080  posts 80345  req 203730 (10.22/s, err 5.3%)  4.03 posts/s
  [IndianStreetBets/2025-04] 120 posts, 2220 commenter rows, 13s
[ 332.5m] cells 675/1080  posts 80465  req 203987 (10.23/s, err 5.3%)  4.03 posts/s
  [IndianStreetBets/2025-05] 120 posts, 2176 commenter rows, 11s
[ 332.7m] cells 676/1080  posts 80585  req 204239 (10.23/s, err 5.3%)  4.04 posts/s
  [IndianStreetBets/2025-06] 120 posts, 2272 commenter rows, 38s
[ 333.3m] cells 677/1080  posts 80705  req 204543 (10.23/s, err 5.3%)  4.04 posts/s
  [IndianStreetBets/2025-07] 120 posts, 2304 commenter rows, 11s
[ 333.5m] cells 678/1080  posts 80825  req 204801 (10.24/s, err 5.3%)  4.04 posts/s
  [IndianStreetBets/2025-08] 120 posts, 2294 commenter rows, 48s
[ 334.3m] cells 679/1080  posts 80945  req 205090 (10.23/s, err 5.3%)  4.04 posts/s
  [IndianStreetBets/2025-09] 120 posts, 2338 commenter rows, 14s
[ 334.5m] cells 680/1080  posts 81065  req 205379 (10.23/s, err 5.3%)  4.04 posts/s
  [IndianStreetBets/2025-10] 120 posts, 2258 commenter rows, 46s
[ 335.3m] cells 681/1080  posts 81185  req 205691 (10.22/s, err 5.4%)  4.04 posts/s
  [IndianStreetBets/2025-11] 120 posts, 2364 commenter rows, 12s
[ 335.5m] cells 682/1080  posts 81305  req 205944 (10.23/s, err 5.3%)  4.04 posts/s
  [IndianStreetBets/2025-12] 120 posts, 2354 commenter rows, 11s
[ 335.7m] cells 683/1080  posts 81425  req 206196 (10.24/s, err 5.3%)  4.04 posts/s
  [IndianStreetBets/2026-01] 120 posts, 2290 commenter rows, 42s
[ 336.4m] cells 684/1080  posts 81545  req 206486 (10.23/s, err 5.3%)  4.04 posts/s
  [IndianStreetBets/2026-02] 120 posts, 2366 commenter rows, 12s
[ 336.6m] cells 685/1080  posts 81665  req 206757 (10.24/s, err 5.3%)  4.04 posts/s
  [IndianStreetBets/2026-03] 120 posts, 2314 commenter rows, 47s
[ 337.4m] cells 686/1080  posts 81785  req 207052 (10.23/s, err 5.4%)  4.04 posts/s
  [IndianStreetBets/2026-04] 120 posts, 2308 commenter rows, 13s
[ 337.6m] cells 687/1080  posts 81905  req 207315 (10.24/s, err 5.3%)  4.04 posts/s
  [IndianStreetBets/2026-05] 120 posts, 2346 commenter rows, 43s
[ 338.3m] cells 688/1080  posts 82025  req 207636 (10.23/s, err 5.4%)  4.04 posts/s
  [IndianStreetBets/2026-06] 120 posts, 2352 commenter rows, 12s
[ 338.5m] cells 689/1080  posts 82145  req 207888 (10.24/s, err 5.4%)  4.04 posts/s
  [IndianStreetBets/2026-07] 120 posts, 2190 commenter rows, 10s
[ 338.7m] cells 690/1080  posts 82265  req 208138 (10.24/s, err 5.3%)  4.05 posts/s
  [developersIndia/2024-08] 120 posts, 2394 commenter rows, 51s
[ 339.5m] cells 691/1080  posts 82385  req 208456 (10.23/s, err 5.3%)  4.04 posts/s
  [developersIndia/2024-09] 120 posts, 2400 commenter rows, 43s
[ 340.2m] cells 692/1080  posts 82505  req 208922 (10.23/s, err 5.3%)  4.04 posts/s
  [developersIndia/2024-10] 120 posts, 2398 commenter rows, 32s
[ 340.8m] cells 693/1080  posts 82625  req 209268 (10.23/s, err 5.3%)  4.04 posts/s
  [developersIndia/2024-11] 120 posts, 2400 commenter rows, 31s
[ 341.3m] cells 694/1080  posts 82745  req 209600 (10.24/s, err 5.3%)  4.04 posts/s
  [developersIndia/2024-12] 120 posts, 2362 commenter rows, 41s
[ 342.0m] cells 695/1080  posts 82865  req 209937 (10.23/s, err 5.3%)  4.04 posts/s
  [developersIndia/2025-01] 120 posts, 2400 commenter rows, 34s
[ 342.5m] cells 696/1080  posts 82985  req 210272 (10.23/s, err 5.3%)  4.04 posts/s
  [developersIndia/2025-02] 120 posts, 2382 commenter rows, 42s
[ 343.2m] cells 697/1080  posts 83105  req 210622 (10.23/s, err 5.3%)  4.04 posts/s
  [developersIndia/2025-03] 120 posts, 2400 commenter rows, 31s
[ 343.7m] cells 698/1080  posts 83225  req 210970 (10.23/s, err 5.3%)  4.04 posts/s
  [developersIndia/2025-04] 120 posts, 2400 commenter rows, 33s
[ 344.3m] cells 699/1080  posts 83345  req 211295 (10.23/s, err 5.3%)  4.03 posts/s
  [developersIndia/2025-05] 120 posts, 2400 commenter rows, 53s
[ 345.2m] cells 700/1080  posts 83465  req 211695 (10.22/s, err 5.3%)  4.03 posts/s
  [developersIndia/2025-06] 120 posts, 2400 commenter rows, 40s
[ 345.9m] cells 701/1080  posts 83585  req 212061 (10.22/s, err 5.3%)  4.03 posts/s
  [developersIndia/2025-07] 120 posts, 2400 commenter rows, 34s
[ 346.4m] cells 702/1080  posts 83705  req 212441 (10.22/s, err 5.3%)  4.03 posts/s
  [developersIndia/2025-08] 120 posts, 2400 commenter rows, 52s
[ 347.3m] cells 703/1080  posts 83825  req 212786 (10.21/s, err 5.3%)  4.02 posts/s
  [developersIndia/2025-09] 120 posts, 2378 commenter rows, 29s
[ 347.8m] cells 704/1080  posts 83945  req 213093 (10.21/s, err 5.3%)  4.02 posts/s
  [developersIndia/2025-10] 120 posts, 2386 commenter rows, 27s
[ 348.2m] cells 705/1080  posts 84065  req 213422 (10.22/s, err 5.3%)  4.02 posts/s
  [developersIndia/2025-11] 120 posts, 2400 commenter rows, 27s
[ 348.7m] cells 706/1080  posts 84185  req 213719 (10.22/s, err 5.3%)  4.02 posts/s
  [developersIndia/2025-12] 120 posts, 2400 commenter rows, 36s
[ 349.3m] cells 707/1080  posts 84305  req 214052 (10.21/s, err 5.3%)  4.02 posts/s
  [developersIndia/2026-01] 120 posts, 2392 commenter rows, 35s
[ 349.8m] cells 708/1080  posts 84425  req 214436 (10.22/s, err 5.2%)  4.02 posts/s
  [developersIndia/2026-02] 120 posts, 2400 commenter rows, 37s
[ 350.5m] cells 709/1080  posts 84545  req 214821 (10.22/s, err 5.2%)  4.02 posts/s
  [developersIndia/2026-03] 120 posts, 2386 commenter rows, 55s
[ 351.4m] cells 710/1080  posts 84665  req 215199 (10.21/s, err 5.2%)  4.02 posts/s
  [developersIndia/2026-04] 120 posts, 2400 commenter rows, 31s
[ 351.9m] cells 711/1080  posts 84785  req 215579 (10.21/s, err 5.2%)  4.02 posts/s
  [developersIndia/2026-05] 120 posts, 2400 commenter rows, 37s
[ 352.5m] cells 712/1080  posts 84905  req 215922 (10.21/s, err 5.2%)  4.01 posts/s
  [developersIndia/2026-06] 120 posts, 2400 commenter rows, 46s
[ 353.3m] cells 713/1080  posts 85025  req 216338 (10.21/s, err 5.2%)  4.01 posts/s
  [developersIndia/2026-07] 120 posts, 2400 commenter rows, 33s
[ 353.8m] cells 714/1080  posts 85145  req 216679 (10.21/s, err 5.2%)  4.01 posts/s
  [JEENEETards/2024-08] 120 posts, 2400 commenter rows, 53s
[ 354.7m] cells 715/1080  posts 85265  req 217254 (10.21/s, err 5.2%)  4.01 posts/s
  [JEENEETards/2024-09] 120 posts, 2400 commenter rows, 40s
[ 355.4m] cells 716/1080  posts 85385  req 217709 (10.21/s, err 5.2%)  4.00 posts/s
  [JEENEETards/2024-10] 120 posts, 2400 commenter rows, 58s
[ 356.4m] cells 717/1080  posts 85505  req 218084 (10.20/s, err 5.2%)  4.00 posts/s
  [JEENEETards/2024-11] 120 posts, 2380 commenter rows, 33s
[ 356.9m] cells 718/1080  posts 85625  req 218420 (10.20/s, err 5.2%)  4.00 posts/s
  [JEENEETards/2024-12] 120 posts, 2400 commenter rows, 46s
[ 357.7m] cells 719/1080  posts 85745  req 218834 (10.20/s, err 5.2%)  4.00 posts/s
  [JEENEETards/2025-01] 120 posts, 2400 commenter rows, 58s
[ 358.6m] cells 720/1080  posts 85865  req 219277 (10.19/s, err 5.2%)  3.99 posts/s
  [JEENEETards/2025-02] 120 posts, 2400 commenter rows, 71s
[ 359.8m] cells 721/1080  posts 85985  req 219832 (10.18/s, err 5.2%)  3.98 posts/s
  [JEENEETards/2025-03] 120 posts, 2400 commenter rows, 51s
[ 360.7m] cells 722/1080  posts 86105  req 220252 (10.18/s, err 5.2%)  3.98 posts/s
  [JEENEETards/2025-04] 120 posts, 2398 commenter rows, 87s
[ 362.1m] cells 723/1080  posts 86225  req 220770 (10.16/s, err 5.1%)  3.97 posts/s
  [JEENEETards/2025-05] 120 posts, 2400 commenter rows, 82s
[ 363.5m] cells 724/1080  posts 86345  req 221354 (10.15/s, err 5.1%)  3.96 posts/s
  [JEENEETards/2025-06] 120 posts, 2400 commenter rows, 67s
[ 364.6m] cells 725/1080  posts 86465  req 221895 (10.14/s, err 5.1%)  3.95 posts/s
  [JEENEETards/2025-07] 120 posts, 2400 commenter rows, 54s
[ 365.5m] cells 726/1080  posts 86585  req 222332 (10.14/s, err 5.1%)  3.95 posts/s
  [JEENEETards/2025-08] 120 posts, 2400 commenter rows, 46s
[ 366.3m] cells 727/1080  posts 86705  req 222769 (10.14/s, err 5.1%)  3.95 posts/s
  [JEENEETards/2025-09] 120 posts, 2400 commenter rows, 29s
[ 366.8m] cells 728/1080  posts 86825  req 223098 (10.14/s, err 5.1%)  3.95 posts/s
  [JEENEETards/2025-10] 120 posts, 2394 commenter rows, 34s
[ 367.3m] cells 729/1080  posts 86945  req 223478 (10.14/s, err 5.1%)  3.94 posts/s
  [JEENEETards/2025-11] 120 posts, 2400 commenter rows, 56s
[ 368.2m] cells 730/1080  posts 87065  req 223852 (10.13/s, err 5.1%)  3.94 posts/s
  [JEENEETards/2025-12] 120 posts, 2398 commenter rows, 39s
[ 368.9m] cells 731/1080  posts 87185  req 224194 (10.13/s, err 5.1%)  3.94 posts/s
  [JEENEETards/2026-01] 120 posts, 2400 commenter rows, 66s
[ 370.0m] cells 732/1080  posts 87305  req 224601 (10.12/s, err 5.1%)  3.93 posts/s
  [JEENEETards/2026-02] 120 posts, 2400 commenter rows, 79s
[ 371.3m] cells 733/1080  posts 87425  req 225093 (10.10/s, err 5.1%)  3.92 posts/s
  [JEENEETards/2026-03] 120 posts, 2400 commenter rows, 55s
[ 372.2m] cells 734/1080  posts 87545  req 225493 (10.10/s, err 5.1%)  3.92 posts/s
  [JEENEETards/2026-04] 120 posts, 2400 commenter rows, 84s
[ 373.6m] cells 735/1080  posts 87665  req 226011 (10.08/s, err 5.1%)  3.91 posts/s
  [JEENEETards/2026-05] 120 posts, 2400 commenter rows, 66s
[ 374.7m] cells 736/1080  posts 87785  req 226464 (10.07/s, err 5.0%)  3.90 posts/s
  [JEENEETards/2026-06] 120 posts, 2398 commenter rows, 47s
[ 375.5m] cells 737/1080  posts 87905  req 226824 (10.07/s, err 5.0%)  3.90 posts/s
  [JEENEETards/2026-07] 120 posts, 2400 commenter rows, 44s
[ 376.2m] cells 738/1080  posts 88025  req 227207 (10.06/s, err 5.0%)  3.90 posts/s
  [IndianFashionAddicts/2024-08] 120 posts, 2400 commenter rows, 15s
[ 376.5m] cells 739/1080  posts 88145  req 227494 (10.07/s, err 5.0%)  3.90 posts/s
  [IndianFashionAddicts/2024-09] 120 posts, 2342 commenter rows, 44s
[ 377.2m] cells 740/1080  posts 88265  req 227792 (10.06/s, err 5.0%)  3.90 posts/s
  [IndianFashionAddicts/2024-10] 120 posts, 2386 commenter rows, 19s
[ 377.5m] cells 741/1080  posts 88385  req 228089 (10.07/s, err 5.0%)  3.90 posts/s
  [IndianFashionAddicts/2024-11] 120 posts, 2380 commenter rows, 49s
[ 378.4m] cells 742/1080  posts 88505  req 228429 (10.06/s, err 5.0%)  3.90 posts/s
  [IndianFashionAddicts/2024-12] 120 posts, 2398 commenter rows, 15s
[ 378.6m] cells 743/1080  posts 88625  req 228702 (10.07/s, err 5.0%)  3.90 posts/s
  [IndianFashionAddicts/2025-01] 120 posts, 2284 commenter rows, 43s
[ 379.3m] cells 744/1080  posts 88745  req 228999 (10.06/s, err 5.0%)  3.90 posts/s
  [IndianFashionAddicts/2025-02] 120 posts, 2392 commenter rows, 14s
[ 379.6m] cells 745/1080  posts 88865  req 229274 (10.07/s, err 5.0%)  3.90 posts/s
  [IndianFashionAddicts/2025-03] 120 posts, 2256 commenter rows, 45s
[ 380.3m] cells 746/1080  posts 88985  req 229579 (10.06/s, err 5.0%)  3.90 posts/s
  [IndianFashionAddicts/2025-04] 120 posts, 2264 commenter rows, 12s
[ 380.5m] cells 747/1080  posts 89105  req 229836 (10.07/s, err 5.0%)  3.90 posts/s
  [IndianFashionAddicts/2025-05] 120 posts, 2390 commenter rows, 11s
[ 380.7m] cells 748/1080  posts 89225  req 230093 (10.07/s, err 5.0%)  3.91 posts/s
  [IndianFashionAddicts/2025-06] 120 posts, 2292 commenter rows, 42s
[ 381.4m] cells 749/1080  posts 89345  req 230379 (10.07/s, err 5.0%)  3.90 posts/s
  [IndianFashionAddicts/2025-07] 120 posts, 2384 commenter rows, 11s
[ 381.6m] cells 750/1080  posts 89465  req 230659 (10.08/s, err 5.0%)  3.91 posts/s
  [IndianFashionAddicts/2025-08] 120 posts, 2286 commenter rows, 43s
[ 382.3m] cells 751/1080  posts 89585  req 230945 (10.07/s, err 5.1%)  3.91 posts/s
  [IndianFashionAddicts/2025-09] 120 posts, 2388 commenter rows, 13s
[ 382.5m] cells 752/1080  posts 89705  req 231205 (10.07/s, err 5.0%)  3.91 posts/s
  [IndianFashionAddicts/2025-10] 120 posts, 2302 commenter rows, 44s
[ 383.2m] cells 753/1080  posts 89825  req 231500 (10.07/s, err 5.1%)  3.91 posts/s
  [IndianFashionAddicts/2025-11] 120 posts, 2368 commenter rows, 12s
[ 383.4m] cells 754/1080  posts 89945  req 231758 (10.07/s, err 5.1%)  3.91 posts/s
  [IndianFashionAddicts/2025-12] 120 posts, 2252 commenter rows, 10s
[ 383.6m] cells 755/1080  posts 90065  req 232010 (10.08/s, err 5.0%)  3.91 posts/s
  [IndianFashionAddicts/2026-01] 120 posts, 2150 commenter rows, 42s
[ 384.3m] cells 756/1080  posts 90185  req 232290 (10.07/s, err 5.1%)  3.91 posts/s
  [IndianFashionAddicts/2026-02] 120 posts, 2194 commenter rows, 11s
[ 384.5m] cells 757/1080  posts 90305  req 232544 (10.08/s, err 5.1%)  3.91 posts/s
  [IndianFashionAddicts/2026-03] 120 posts, 2248 commenter rows, 44s
[ 385.2m] cells 758/1080  posts 90425  req 232838 (10.07/s, err 5.1%)  3.91 posts/s
  [IndianFashionAddicts/2026-04] 120 posts, 2302 commenter rows, 12s
[ 385.4m] cells 759/1080  posts 90545  req 233090 (10.08/s, err 5.1%)  3.92 posts/s
  [IndianFashionAddicts/2026-05] 120 posts, 2330 commenter rows, 12s
[ 385.6m] cells 760/1080  posts 90665  req 233353 (10.09/s, err 5.1%)  3.92 posts/s
  [IndianFashionAddicts/2026-06] 120 posts, 2292 commenter rows, 42s
[ 386.3m] cells 761/1080  posts 90785  req 233637 (10.08/s, err 5.1%)  3.92 posts/s
  [IndianFashionAddicts/2026-07] 120 posts, 2344 commenter rows, 9s
[ 386.4m] cells 762/1080  posts 90905  req 233885 (10.09/s, err 5.1%)  3.92 posts/s
  [CarsIndia/2024-08] 120 posts, 2338 commenter rows, 46s
[ 387.2m] cells 763/1080  posts 91025  req 234195 (10.08/s, err 5.1%)  3.92 posts/s
  [CarsIndia/2024-09] 120 posts, 2400 commenter rows, 19s
[ 387.5m] cells 764/1080  posts 91145  req 234510 (10.09/s, err 5.1%)  3.92 posts/s
  [CarsIndia/2024-10] 120 posts, 2340 commenter rows, 52s
[ 388.4m] cells 765/1080  posts 91265  req 234856 (10.08/s, err 5.1%)  3.92 posts/s
  [CarsIndia/2024-11] 120 posts, 2386 commenter rows, 24s
[ 388.8m] cells 766/1080  posts 91385  req 235193 (10.08/s, err 5.1%)  3.92 posts/s
  [CarsIndia/2024-12] 120 posts, 2400 commenter rows, 34s
[ 389.4m] cells 767/1080  posts 91505  req 235551 (10.08/s, err 5.1%)  3.92 posts/s
  [CarsIndia/2025-01] 120 posts, 2400 commenter rows, 19s
[ 389.7m] cells 768/1080  posts 91625  req 235873 (10.09/s, err 5.1%)  3.92 posts/s
  [CarsIndia/2025-02] 120 posts, 2400 commenter rows, 38s
[ 390.3m] cells 769/1080  posts 91745  req 236201 (10.09/s, err 5.1%)  3.92 posts/s
  [CarsIndia/2025-03] 120 posts, 2400 commenter rows, 20s
[ 390.6m] cells 770/1080  posts 91865  req 236528 (10.09/s, err 5.1%)  3.92 posts/s
  [CarsIndia/2025-04] 120 posts, 2400 commenter rows, 49s
[ 391.5m] cells 771/1080  posts 91985  req 236806 (10.08/s, err 5.1%)  3.92 posts/s
  [CarsIndia/2025-05] 120 posts, 2400 commenter rows, 19s
[ 391.8m] cells 772/1080  posts 92105  req 237117 (10.09/s, err 5.0%)  3.92 posts/s
  [CarsIndia/2025-06] 120 posts, 2400 commenter rows, 38s
[ 392.4m] cells 773/1080  posts 92225  req 237527 (10.09/s, err 5.0%)  3.92 posts/s
  [CarsIndia/2025-07] 120 posts, 2360 commenter rows, 55s
[ 393.3m] cells 774/1080  posts 92345  req 237889 (10.08/s, err 5.1%)  3.91 posts/s
  [CarsIndia/2025-08] 120 posts, 2400 commenter rows, 28s
[ 393.8m] cells 775/1080  posts 92465  req 238243 (10.08/s, err 5.0%)  3.91 posts/s
  [CarsIndia/2025-09] 120 posts, 2400 commenter rows, 31s
[ 394.3m] cells 776/1080  posts 92585  req 238651 (10.09/s, err 5.0%)  3.91 posts/s
  [CarsIndia/2025-10] 120 posts, 2380 commenter rows, 62s
[ 395.4m] cells 777/1080  posts 92705  req 239090 (10.08/s, err 5.1%)  3.91 posts/s
  [CarsIndia/2025-11] 120 posts, 2400 commenter rows, 26s
[ 395.8m] cells 778/1080  posts 92825  req 239411 (10.08/s, err 5.0%)  3.91 posts/s
  [CarsIndia/2025-12] 120 posts, 2400 commenter rows, 34s
[ 396.3m] cells 779/1080  posts 92945  req 239781 (10.08/s, err 5.0%)  3.91 posts/s
  [CarsIndia/2026-01] 120 posts, 2400 commenter rows, 24s
[ 396.7m] cells 780/1080  posts 93065  req 240123 (10.09/s, err 5.0%)  3.91 posts/s
  [CarsIndia/2026-02] 120 posts, 2398 commenter rows, 32s
[ 397.3m] cells 781/1080  posts 93185  req 240500 (10.09/s, err 5.0%)  3.91 posts/s
  [CarsIndia/2026-03] 120 posts, 2400 commenter rows, 25s
[ 397.7m] cells 782/1080  posts 93305  req 240862 (10.09/s, err 5.0%)  3.91 posts/s
  [CarsIndia/2026-04] 120 posts, 2400 commenter rows, 46s
[ 398.5m] cells 783/1080  posts 93425  req 241260 (10.09/s, err 5.0%)  3.91 posts/s
  [CarsIndia/2026-05] 120 posts, 2400 commenter rows, 46s
[ 399.2m] cells 784/1080  posts 93545  req 241625 (10.09/s, err 5.0%)  3.91 posts/s
  [CarsIndia/2026-06] 120 posts, 2392 commenter rows, 35s
[ 399.8m] cells 785/1080  posts 93665  req 242045 (10.09/s, err 5.0%)  3.90 posts/s
  [CarsIndia/2026-07] 120 posts, 2398 commenter rows, 28s
[ 400.3m] cells 786/1080  posts 93785  req 242385 (10.09/s, err 5.0%)  3.90 posts/s
  [IndiaTech/2024-08] 120 posts, 2378 commenter rows, 17s
[ 400.6m] cells 787/1080  posts 93905  req 242658 (10.10/s, err 5.0%)  3.91 posts/s
  [IndiaTech/2024-09] 120 posts, 2334 commenter rows, 46s
[ 401.3m] cells 788/1080  posts 94025  req 242951 (10.09/s, err 5.0%)  3.90 posts/s
  [IndiaTech/2024-10] 120 posts, 2368 commenter rows, 12s
[ 401.5m] cells 789/1080  posts 94145  req 243204 (10.09/s, err 5.0%)  3.91 posts/s
  [IndiaTech/2024-11] 120 posts, 2274 commenter rows, 42s
[ 402.2m] cells 790/1080  posts 94265  req 243491 (10.09/s, err 5.0%)  3.91 posts/s
  [IndiaTech/2024-12] 120 posts, 2400 commenter rows, 11s
[ 402.4m] cells 791/1080  posts 94385  req 243748 (10.10/s, err 5.0%)  3.91 posts/s
  [IndiaTech/2025-01] 120 posts, 2392 commenter rows, 43s
[ 403.1m] cells 792/1080  posts 94505  req 244016 (10.09/s, err 5.0%)  3.91 posts/s
  [IndiaTech/2025-02] 120 posts, 2364 commenter rows, 17s
[ 403.4m] cells 793/1080  posts 94625  req 244283 (10.09/s, err 5.0%)  3.91 posts/s
  [IndiaTech/2025-03] 120 posts, 2386 commenter rows, 15s
[ 403.7m] cells 794/1080  posts 94745  req 244581 (10.10/s, err 5.0%)  3.91 posts/s
  [IndiaTech/2025-04] 120 posts, 2328 commenter rows, 45s
[ 404.4m] cells 795/1080  posts 94865  req 244884 (10.09/s, err 5.0%)  3.91 posts/s
  [IndiaTech/2025-05] 120 posts, 2394 commenter rows, 12s
[ 404.6m] cells 796/1080  posts 94985  req 245147 (10.10/s, err 5.0%)  3.91 posts/s
  [IndiaTech/2025-06] 120 posts, 2340 commenter rows, 45s
[ 405.4m] cells 797/1080  posts 95105  req 245473 (10.09/s, err 5.0%)  3.91 posts/s
  [IndiaTech/2025-07] 120 posts, 2396 commenter rows, 13s
[ 405.6m] cells 798/1080  posts 95225  req 245749 (10.10/s, err 5.0%)  3.91 posts/s
  [IndiaTech/2025-08] 120 posts, 2334 commenter rows, 44s
[ 406.3m] cells 799/1080  posts 95345  req 246041 (10.09/s, err 5.0%)  3.91 posts/s
  [IndiaTech/2025-09] 120 posts, 2380 commenter rows, 15s
[ 406.6m] cells 800/1080  posts 95465  req 246329 (10.10/s, err 5.0%)  3.91 posts/s
  [IndiaTech/2025-10] 120 posts, 2314 commenter rows, 43s
[ 407.3m] cells 801/1080  posts 95585  req 246629 (10.09/s, err 5.0%)  3.91 posts/s
  [IndiaTech/2025-11] 120 posts, 2386 commenter rows, 14s
[ 407.5m] cells 802/1080  posts 95705  req 246944 (10.10/s, err 5.0%)  3.91 posts/s
  [IndiaTech/2025-12] 120 posts, 2336 commenter rows, 47s
[ 408.3m] cells 803/1080  posts 95825  req 247285 (10.09/s, err 5.0%)  3.91 posts/s
  [IndiaTech/2026-01] 120 posts, 2380 commenter rows, 12s
[ 408.5m] cells 804/1080  posts 95945  req 247551 (10.10/s, err 5.0%)  3.91 posts/s
  [IndiaTech/2026-02] 120 posts, 2400 commenter rows, 16s
[ 408.8m] cells 805/1080  posts 96065  req 247824 (10.10/s, err 5.0%)  3.92 posts/s
  [IndiaTech/2026-03] 120 posts, 2394 commenter rows, 38s
[ 409.4m] cells 806/1080  posts 96185  req 248134 (10.10/s, err 5.0%)  3.92 posts/s
  [IndiaTech/2026-04] 120 posts, 2358 commenter rows, 14s
[ 409.7m] cells 807/1080  posts 96305  req 248430 (10.11/s, err 5.0%)  3.92 posts/s
  [IndiaTech/2026-05] 120 posts, 1868 commenter rows, 39s
[ 410.3m] cells 808/1080  posts 96425  req 248683 (10.10/s, err 5.0%)  3.92 posts/s
  [IndiaTech/2026-06] 120 posts, 2348 commenter rows, 11s
[ 410.5m] cells 809/1080  posts 96545  req 248939 (10.11/s, err 5.0%)  3.92 posts/s
  [IndiaTech/2026-07] 120 posts, 2318 commenter rows, 44s
[ 411.2m] cells 810/1080  posts 96665  req 249236 (10.10/s, err 5.0%)  3.92 posts/s
  [IndianGaming/2024-08] 120 posts, 2314 commenter rows, 20s
[ 411.5m] cells 811/1080  posts 96785  req 249532 (10.11/s, err 5.0%)  3.92 posts/s
  [IndianGaming/2024-09] 120 posts, 2286 commenter rows, 49s
[ 412.4m] cells 812/1080  posts 96905  req 249849 (10.10/s, err 5.0%)  3.92 posts/s
  [IndianGaming/2024-10] 120 posts, 2324 commenter rows, 19s
[ 412.7m] cells 813/1080  posts 97025  req 250142 (10.10/s, err 5.0%)  3.92 posts/s
  [IndianGaming/2024-11] 120 posts, 2322 commenter rows, 38s
[ 413.3m] cells 814/1080  posts 97145  req 250479 (10.10/s, err 5.0%)  3.92 posts/s
  [IndianGaming/2024-12] 120 posts, 2260 commenter rows, 18s
[ 413.6m] cells 815/1080  posts 97265  req 250805 (10.11/s, err 5.0%)  3.92 posts/s
  [IndianGaming/2025-01] 120 posts, 2368 commenter rows, 39s
[ 414.3m] cells 816/1080  posts 97385  req 251131 (10.10/s, err 5.0%)  3.92 posts/s
  [IndianGaming/2025-02] 120 posts, 2354 commenter rows, 16s
[ 414.5m] cells 817/1080  posts 97505  req 251431 (10.11/s, err 5.0%)  3.92 posts/s
  [IndianGaming/2025-03] 120 posts, 2248 commenter rows, 49s
[ 415.4m] cells 818/1080  posts 97625  req 251759 (10.10/s, err 5.0%)  3.92 posts/s
  [IndianGaming/2025-04] 120 posts, 2220 commenter rows, 14s
[ 415.6m] cells 819/1080  posts 97745  req 252027 (10.11/s, err 5.0%)  3.92 posts/s
  [IndianGaming/2025-05] 120 posts, 2342 commenter rows, 45s
[ 416.3m] cells 820/1080  posts 97865  req 252442 (10.11/s, err 5.0%)  3.92 posts/s
  [IndianGaming/2025-06] 120 posts, 2316 commenter rows, 25s
[ 416.7m] cells 821/1080  posts 97985  req 252766 (10.11/s, err 5.0%)  3.92 posts/s
  [IndianGaming/2025-07] 120 posts, 2400 commenter rows, 44s
[ 417.5m] cells 822/1080  posts 98105  req 253205 (10.11/s, err 5.0%)  3.92 posts/s
  [IndianGaming/2025-08] 120 posts, 2400 commenter rows, 16s
[ 417.7m] cells 823/1080  posts 98225  req 253480 (10.11/s, err 5.0%)  3.92 posts/s
  [IndianGaming/2025-09] 120 posts, 2336 commenter rows, 40s
[ 418.4m] cells 824/1080  posts 98345  req 253789 (10.11/s, err 5.0%)  3.92 posts/s
  [IndianGaming/2025-10] 120 posts, 2360 commenter rows, 48s
[ 419.2m] cells 825/1080  posts 98465  req 254123 (10.10/s, err 5.0%)  3.91 posts/s
  [IndianGaming/2025-11] 120 posts, 2398 commenter rows, 22s
[ 419.6m] cells 826/1080  posts 98585  req 254566 (10.11/s, err 5.0%)  3.92 posts/s
  [IndianGaming/2025-12] 120 posts, 2400 commenter rows, 51s
[ 420.4m] cells 827/1080  posts 98705  req 255015 (10.11/s, err 5.0%)  3.91 posts/s
  [IndianGaming/2026-01] 120 posts, 2364 commenter rows, 48s
[ 421.2m] cells 828/1080  posts 98825  req 255389 (10.10/s, err 5.0%)  3.91 posts/s
  [IndianGaming/2026-02] 120 posts, 2384 commenter rows, 15s
[ 421.5m] cells 829/1080  posts 98945  req 255663 (10.11/s, err 5.0%)  3.91 posts/s
  [IndianGaming/2026-03] 120 posts, 2376 commenter rows, 15s
[ 421.7m] cells 830/1080  posts 99065  req 255942 (10.11/s, err 5.0%)  3.92 posts/s
  [IndianGaming/2026-04] 120 posts, 2374 commenter rows, 41s
[ 422.4m] cells 831/1080  posts 99185  req 256319 (10.11/s, err 5.0%)  3.91 posts/s
  [IndianGaming/2026-05] 120 posts, 2394 commenter rows, 20s
[ 422.8m] cells 832/1080  posts 99305  req 256619 (10.12/s, err 5.0%)  3.91 posts/s
  [IndianGaming/2026-06] 120 posts, 2130 commenter rows, 41s
[ 423.4m] cells 833/1080  posts 99425  req 256891 (10.11/s, err 5.0%)  3.91 posts/s
  [IndianGaming/2026-07] 120 posts, 2378 commenter rows, 55s
[ 424.4m] cells 834/1080  posts 99545  req 257362 (10.11/s, err 5.0%)  3.91 posts/s
  [GadgetsIndia/2024-08] 120 posts, 2350 commenter rows, 22s
[ 424.7m] cells 835/1080  posts 99665  req 257637 (10.11/s, err 5.0%)  3.91 posts/s
  [GadgetsIndia/2024-09] 120 posts, 2352 commenter rows, 27s
[ 425.2m] cells 836/1080  posts 99785  req 257931 (10.11/s, err 5.0%)  3.91 posts/s
  [GadgetsIndia/2024-10] 120 posts, 2394 commenter rows, 12s
[ 425.4m] cells 837/1080  posts 99905  req 258184 (10.12/s, err 5.0%)  3.91 posts/s
  [GadgetsIndia/2024-11] 120 posts, 2386 commenter rows, 10s
[ 425.6m] cells 838/1080  posts 100025  req 258435 (10.12/s, err 5.0%)  3.92 posts/s
  [GadgetsIndia/2024-12] 120 posts, 2302 commenter rows, 43s
[ 426.3m] cells 839/1080  posts 100145  req 258716 (10.12/s, err 5.0%)  3.92 posts/s
  [GadgetsIndia/2025-01] 120 posts, 2330 commenter rows, 11s
[ 426.4m] cells 840/1080  posts 100265  req 258971 (10.12/s, err 5.0%)  3.92 posts/s
  [GadgetsIndia/2025-02] 120 posts, 2276 commenter rows, 46s
[ 427.2m] cells 841/1080  posts 100385  req 259273 (10.11/s, err 5.0%)  3.92 posts/s
  [GadgetsIndia/2025-03] 120 posts, 2380 commenter rows, 27s
[ 427.7m] cells 842/1080  posts 100505  req 259595 (10.12/s, err 5.0%)  3.92 posts/s
  [GadgetsIndia/2025-04] 120 posts, 2370 commenter rows, 34s
[ 428.2m] cells 843/1080  posts 100625  req 259902 (10.12/s, err 5.0%)  3.92 posts/s
  [GadgetsIndia/2025-05] 120 posts, 2400 commenter rows, 20s
[ 428.6m] cells 844/1080  posts 100745  req 260215 (10.12/s, err 5.0%)  3.92 posts/s
  [GadgetsIndia/2025-06] 120 posts, 2334 commenter rows, 44s
[ 429.3m] cells 845/1080  posts 100865  req 260547 (10.12/s, err 5.0%)  3.92 posts/s
  [GadgetsIndia/2025-07] 120 posts, 2400 commenter rows, 28s
[ 429.8m] cells 846/1080  posts 100985  req 260973 (10.12/s, err 5.0%)  3.92 posts/s
  [GadgetsIndia/2025-08] 120 posts, 2380 commenter rows, 36s
[ 430.4m] cells 847/1080  posts 101105  req 261341 (10.12/s, err 5.0%)  3.92 posts/s
  [GadgetsIndia/2025-09] 120 posts, 2394 commenter rows, 24s
[ 430.8m] cells 848/1080  posts 101225  req 261658 (10.12/s, err 5.0%)  3.92 posts/s
  [GadgetsIndia/2025-10] 120 posts, 2366 commenter rows, 40s
[ 431.4m] cells 849/1080  posts 101345  req 261995 (10.12/s, err 5.0%)  3.91 posts/s
  [GadgetsIndia/2025-11] 120 posts, 2258 commenter rows, 51s
[ 432.3m] cells 850/1080  posts 101465  req 262364 (10.12/s, err 5.0%)  3.91 posts/s
  [GadgetsIndia/2025-12] 120 posts, 2338 commenter rows, 42s
[ 433.0m] cells 851/1080  posts 101585  req 262626 (10.11/s, err 5.0%)  3.91 posts/s
  [GadgetsIndia/2026-01] 120 posts, 2330 commenter rows, 32s
[ 433.5m] cells 852/1080  posts 101705  req 262887 (10.11/s, err 5.0%)  3.91 posts/s
  [GadgetsIndia/2026-02] 120 posts, 2336 commenter rows, 20s
[ 433.9m] cells 853/1080  posts 101825  req 263151 (10.11/s, err 5.0%)  3.91 posts/s
  [GadgetsIndia/2026-03] 120 posts, 2348 commenter rows, 32s
[ 434.4m] cells 854/1080  posts 101945  req 263409 (10.11/s, err 5.0%)  3.91 posts/s
  [GadgetsIndia/2026-04] 120 posts, 2394 commenter rows, 16s
[ 434.7m] cells 855/1080  posts 102065  req 263736 (10.11/s, err 5.0%)  3.91 posts/s
  [GadgetsIndia/2026-05] 120 posts, 2354 commenter rows, 45s
[ 435.4m] cells 856/1080  posts 102185  req 264009 (10.11/s, err 5.0%)  3.91 posts/s
  [GadgetsIndia/2026-06] 120 posts, 2380 commenter rows, 12s
[ 435.6m] cells 857/1080  posts 102305  req 264275 (10.11/s, err 5.0%)  3.91 posts/s
  [GadgetsIndia/2026-07] 120 posts, 2372 commenter rows, 46s
[ 436.4m] cells 858/1080  posts 102425  req 264582 (10.11/s, err 5.0%)  3.91 posts/s
  [indiameme/2024-08] 120 posts, 2366 commenter rows, 12s
[ 436.6m] cells 859/1080  posts 102545  req 264852 (10.11/s, err 5.0%)  3.91 posts/s
  [indiameme/2024-09] 120 posts, 2280 commenter rows, 44s
[ 437.3m] cells 860/1080  posts 102665  req 265134 (10.10/s, err 5.0%)  3.91 posts/s
  [indiameme/2024-10] 120 posts, 2344 commenter rows, 13s
[ 437.5m] cells 861/1080  posts 102785  req 265395 (10.11/s, err 5.0%)  3.92 posts/s
  [indiameme/2024-11] 120 posts, 2310 commenter rows, 46s
[ 438.3m] cells 862/1080  posts 102905  req 265700 (10.10/s, err 5.0%)  3.91 posts/s
  [indiameme/2024-12] 120 posts, 2368 commenter rows, 15s
[ 438.6m] cells 863/1080  posts 103025  req 265966 (10.11/s, err 5.0%)  3.92 posts/s
  [indiameme/2025-01] 120 posts, 2396 commenter rows, 16s
[ 438.8m] cells 864/1080  posts 103145  req 266244 (10.11/s, err 5.0%)  3.92 posts/s
  [indiameme/2025-02] 120 posts, 2400 commenter rows, 37s
[ 439.4m] cells 865/1080  posts 103265  req 266583 (10.11/s, err 5.0%)  3.92 posts/s
  [indiameme/2025-03] 120 posts, 2382 commenter rows, 21s
[ 439.8m] cells 866/1080  posts 103385  req 266867 (10.11/s, err 5.0%)  3.92 posts/s
  [indiameme/2025-04] 120 posts, 2380 commenter rows, 37s
[ 440.4m] cells 867/1080  posts 103505  req 267200 (10.11/s, err 5.0%)  3.92 posts/s
  [indiameme/2025-05] 120 posts, 2292 commenter rows, 15s
[ 440.7m] cells 868/1080  posts 103625  req 267473 (10.12/s, err 5.0%)  3.92 posts/s
  [indiameme/2025-06] 120 posts, 2280 commenter rows, 42s
[ 441.4m] cells 869/1080  posts 103745  req 267759 (10.11/s, err 5.0%)  3.92 posts/s
  [indiameme/2025-07] 120 posts, 2316 commenter rows, 20s
[ 441.7m] cells 870/1080  posts 103865  req 268073 (10.12/s, err 5.0%)  3.92 posts/s
  [indiameme/2025-08] 120 posts, 2400 commenter rows, 40s
[ 442.4m] cells 871/1080  posts 103985  req 268422 (10.11/s, err 5.0%)  3.92 posts/s
  [indiameme/2025-09] 120 posts, 2390 commenter rows, 27s
[ 442.8m] cells 872/1080  posts 104105  req 268778 (10.12/s, err 5.0%)  3.92 posts/s
  [indiameme/2025-10] 120 posts, 2386 commenter rows, 34s
[ 443.4m] cells 873/1080  posts 104225  req 269123 (10.12/s, err 5.0%)  3.92 posts/s
  [indiameme/2025-11] 120 posts, 2392 commenter rows, 13s
[ 443.6m] cells 874/1080  posts 104345  req 269399 (10.12/s, err 5.0%)  3.92 posts/s
  [indiameme/2025-12] 120 posts, 2352 commenter rows, 51s
[ 444.4m] cells 875/1080  posts 104465  req 269746 (10.12/s, err 5.0%)  3.92 posts/s
  [indiameme/2026-01] 120 posts, 2392 commenter rows, 52s
[ 445.3m] cells 876/1080  posts 104585  req 270096 (10.11/s, err 5.0%)  3.91 posts/s
  [indiameme/2026-02] 120 posts, 2372 commenter rows, 22s
[ 445.7m] cells 877/1080  posts 104705  req 270371 (10.11/s, err 5.0%)  3.92 posts/s
  [indiameme/2026-03] 120 posts, 2398 commenter rows, 22s
[ 446.1m] cells 878/1080  posts 104825  req 270688 (10.11/s, err 5.0%)  3.92 posts/s
  [indiameme/2026-04] 120 posts, 2380 commenter rows, 30s
[ 446.6m] cells 879/1080  posts 104945  req 271076 (10.12/s, err 5.0%)  3.92 posts/s
  [indiameme/2026-05] 120 posts, 2400 commenter rows, 47s
[ 447.3m] cells 880/1080  posts 105065  req 271524 (10.12/s, err 5.0%)  3.91 posts/s
  [indiameme/2026-06] 120 posts, 2380 commenter rows, 57s
[ 448.3m] cells 881/1080  posts 105185  req 271958 (10.11/s, err 5.0%)  3.91 posts/s
  [indiameme/2026-07] 120 posts, 2400 commenter rows, 31s
[ 448.8m] cells 882/1080  posts 105305  req 272423 (10.12/s, err 5.0%)  3.91 posts/s
  [funnyIndia/2024-08] 120 posts, 2074 commenter rows, 30s
[ 449.3m] cells 883/1080  posts 105425  req 272703 (10.12/s, err 5.0%)  3.91 posts/s
  [funnyIndia/2024-09] 120 posts, 2068 commenter rows, 8s
[ 449.4m] cells 884/1080  posts 105545  req 272952 (10.12/s, err 5.0%)  3.91 posts/s
  [funnyIndia/2024-10] 120 posts, 2248 commenter rows, 9s
[ 449.6m] cells 885/1080  posts 105665  req 273203 (10.13/s, err 5.0%)  3.92 posts/s
  [funnyIndia/2024-11] 120 posts, 2096 commenter rows, 43s
[ 450.3m] cells 886/1080  posts 105785  req 273483 (10.12/s, err 5.0%)  3.92 posts/s
  [funnyIndia/2024-12] 120 posts, 2306 commenter rows, 12s
[ 450.5m] cells 887/1080  posts 105905  req 273734 (10.13/s, err 5.0%)  3.92 posts/s
  [funnyIndia/2025-01] 120 posts, 1958 commenter rows, 50s
[ 451.3m] cells 888/1080  posts 106025  req 274021 (10.12/s, err 5.0%)  3.92 posts/s
  [funnyIndia/2025-02] 120 posts, 1676 commenter rows, 16s
[ 451.6m] cells 889/1080  posts 106145  req 274268 (10.12/s, err 5.0%)  3.92 posts/s
  [funnyIndia/2025-03] 120 posts, 2074 commenter rows, 41s
[ 452.3m] cells 890/1080  posts 106265  req 274529 (10.12/s, err 5.0%)  3.92 posts/s
  [funnyIndia/2025-04] 120 posts, 1524 commenter rows, 7s
[ 452.4m] cells 891/1080  posts 106385  req 274770 (10.12/s, err 5.0%)  3.92 posts/s
  [funnyIndia/2025-05] 120 posts, 1940 commenter rows, 8s
[ 452.5m] cells 892/1080  posts 106505  req 275014 (10.13/s, err 5.0%)  3.92 posts/s
  [funnyIndia/2025-06] 120 posts, 2010 commenter rows, 40s
[ 453.2m] cells 893/1080  posts 106625  req 275295 (10.12/s, err 5.0%)  3.92 posts/s
  [funnyIndia/2025-07] 120 posts, 2024 commenter rows, 10s
[ 453.4m] cells 894/1080  posts 106745  req 275549 (10.13/s, err 5.0%)  3.92 posts/s
  [funnyIndia/2025-08] 120 posts, 1936 commenter rows, 50s
[ 454.2m] cells 895/1080  posts 106865  req 275832 (10.12/s, err 5.0%)  3.92 posts/s
  [funnyIndia/2025-09] 120 posts, 2040 commenter rows, 9s
[ 454.4m] cells 896/1080  posts 106985  req 276080 (10.13/s, err 5.0%)  3.92 posts/s
  [funnyIndia/2025-10] 120 posts, 2280 commenter rows, 8s
[ 454.5m] cells 897/1080  posts 107105  req 276328 (10.13/s, err 5.0%)  3.93 posts/s
  [funnyIndia/2025-11] 120 posts, 2204 commenter rows, 47s
[ 455.3m] cells 898/1080  posts 107225  req 276620 (10.13/s, err 5.0%)  3.93 posts/s
  [funnyIndia/2025-12] 120 posts, 2248 commenter rows, 10s
[ 455.5m] cells 899/1080  posts 107345  req 276869 (10.13/s, err 5.0%)  3.93 posts/s
  [funnyIndia/2026-01] 120 posts, 2258 commenter rows, 46s
[ 456.2m] cells 900/1080  posts 107465  req 277166 (10.13/s, err 5.0%)  3.93 posts/s
  [funnyIndia/2026-02] 120 posts, 2316 commenter rows, 11s
[ 456.4m] cells 901/1080  posts 107585  req 277425 (10.13/s, err 5.0%)  3.93 posts/s
  [funnyIndia/2026-03] 120 posts, 2362 commenter rows, 9s
[ 456.6m] cells 902/1080  posts 107705  req 277681 (10.14/s, err 5.0%)  3.93 posts/s
  [funnyIndia/2026-04] 120 posts, 2280 commenter rows, 43s
[ 457.3m] cells 903/1080  posts 107825  req 277979 (10.13/s, err 5.0%)  3.93 posts/s
  [funnyIndia/2026-05] 120 posts, 2318 commenter rows, 12s
[ 457.5m] cells 904/1080  posts 107945  req 278268 (10.14/s, err 5.0%)  3.93 posts/s
  [funnyIndia/2026-06] 120 posts, 2390 commenter rows, 48s
[ 458.3m] cells 905/1080  posts 108065  req 278612 (10.13/s, err 5.0%)  3.93 posts/s
  [funnyIndia/2026-07] 120 posts, 2390 commenter rows, 15s
[ 458.5m] cells 906/1080  posts 108185  req 278922 (10.14/s, err 5.0%)  3.93 posts/s
  [IndianDankMemes/2024-08] 120 posts, 2374 commenter rows, 46s
[ 459.3m] cells 907/1080  posts 108305  req 279227 (10.13/s, err 5.1%)  3.93 posts/s
  [IndianDankMemes/2024-09] 120 posts, 2344 commenter rows, 16s
[ 459.6m] cells 908/1080  posts 108425  req 279509 (10.14/s, err 5.0%)  3.93 posts/s
  [IndianDankMemes/2024-10] 120 posts, 2310 commenter rows, 45s
[ 460.3m] cells 909/1080  posts 108545  req 279796 (10.13/s, err 5.1%)  3.93 posts/s
  [IndianDankMemes/2024-11] 120 posts, 2398 commenter rows, 19s
[ 460.6m] cells 910/1080  posts 108665  req 280045 (10.13/s, err 5.1%)  3.93 posts/s
  [IndianDankMemes/2024-12] 120 posts, 2382 commenter rows, 10s
[ 460.8m] cells 911/1080  posts 108785  req 280295 (10.14/s, err 5.0%)  3.93 posts/s
  [IndianDankMemes/2025-01] 120 posts, 2400 commenter rows, 33s
[ 461.3m] cells 912/1080  posts 108905  req 280584 (10.14/s, err 5.1%)  3.93 posts/s
  [IndianDankMemes/2025-02] 120 posts, 2388 commenter rows, 12s
[ 461.5m] cells 913/1080  posts 109025  req 280845 (10.14/s, err 5.0%)  3.94 posts/s
  [IndianDankMemes/2025-03] 120 posts, 2366 commenter rows, 48s
[ 462.3m] cells 914/1080  posts 109145  req 281142 (10.14/s, err 5.1%)  3.93 posts/s
  [IndianDankMemes/2025-04] 120 posts, 2394 commenter rows, 28s
[ 462.8m] cells 915/1080  posts 109265  req 281400 (10.13/s, err 5.1%)  3.94 posts/s
  [IndianDankMemes/2025-05] 120 posts, 2356 commenter rows, 30s
[ 463.3m] cells 916/1080  posts 109385  req 281674 (10.13/s, err 5.1%)  3.94 posts/s
  [IndianDankMemes/2025-06] 120 posts, 2382 commenter rows, 11s
[ 463.5m] cells 917/1080  posts 109505  req 281922 (10.14/s, err 5.1%)  3.94 posts/s
  [IndianDankMemes/2025-07] 120 posts, 2348 commenter rows, 14s
[ 463.7m] cells 918/1080  posts 109625  req 282173 (10.14/s, err 5.1%)  3.94 posts/s
  [IndianDankMemes/2025-08] 120 posts, 2228 commenter rows, 46s
[ 464.5m] cells 919/1080  posts 109745  req 282450 (10.14/s, err 5.1%)  3.94 posts/s
  [IndianDankMemes/2025-09] 120 posts, 2296 commenter rows, 16s
[ 464.7m] cells 920/1080  posts 109865  req 282701 (10.14/s, err 5.1%)  3.94 posts/s
  [IndianDankMemes/2025-10] 120 posts, 2314 commenter rows, 33s
[ 465.3m] cells 921/1080  posts 109985  req 282984 (10.14/s, err 5.1%)  3.94 posts/s
  [IndianDankMemes/2025-11] 120 posts, 2254 commenter rows, 9s
[ 465.4m] cells 922/1080  posts 110105  req 283231 (10.14/s, err 5.1%)  3.94 posts/s
  [IndianDankMemes/2025-12] 120 posts, 2252 commenter rows, 7s
[ 465.6m] cells 923/1080  posts 110225  req 283477 (10.15/s, err 5.1%)  3.95 posts/s
  [IndianDankMemes/2026-01] 120 posts, 2170 commenter rows, 46s
[ 466.3m] cells 924/1080  posts 110345  req 283757 (10.14/s, err 5.1%)  3.94 posts/s
  [IndianDankMemes/2026-02] 120 posts, 2230 commenter rows, 8s
[ 466.4m] cells 925/1080  posts 110465  req 284004 (10.15/s, err 5.1%)  3.95 posts/s
  [IndianDankMemes/2026-03] 120 posts, 2240 commenter rows, 46s
[ 467.2m] cells 926/1080  posts 110585  req 284296 (10.14/s, err 5.1%)  3.94 posts/s
  [IndianDankMemes/2026-04] 120 posts, 2324 commenter rows, 10s
[ 467.4m] cells 927/1080  posts 110705  req 284545 (10.15/s, err 5.1%)  3.95 posts/s
  [IndianDankMemes/2026-05] 120 posts, 2264 commenter rows, 40s
[ 468.0m] cells 928/1080  posts 110825  req 284828 (10.14/s, err 5.1%)  3.95 posts/s
  [IndianDankMemes/2026-06] 120 posts, 2280 commenter rows, 15s
[ 468.3m] cells 929/1080  posts 110945  req 285077 (10.15/s, err 5.1%)  3.95 posts/s
  [IndianDankMemes/2026-07] 120 posts, 2320 commenter rows, 9s
[ 468.4m] cells 930/1080  posts 111065  req 285326 (10.15/s, err 5.1%)  3.95 posts/s
  [DesiVideoMemes/2024-08] 120 posts, 2300 commenter rows, 47s
[ 469.2m] cells 931/1080  posts 111185  req 285620 (10.15/s, err 5.1%)  3.95 posts/s
  [DesiVideoMemes/2024-09] 120 posts, 2358 commenter rows, 10s
[ 469.4m] cells 932/1080  posts 111305  req 285866 (10.15/s, err 5.1%)  3.95 posts/s
  [DesiVideoMemes/2024-10] 120 posts, 2228 commenter rows, 47s
[ 470.2m] cells 933/1080  posts 111425  req 286158 (10.14/s, err 5.1%)  3.95 posts/s
  [DesiVideoMemes/2024-11] 120 posts, 2280 commenter rows, 13s
[ 470.4m] cells 934/1080  posts 111545  req 286406 (10.15/s, err 5.1%)  3.95 posts/s
  [DesiVideoMemes/2024-12] 120 posts, 2216 commenter rows, 11s
[ 470.6m] cells 935/1080  posts 111665  req 286653 (10.15/s, err 5.1%)  3.95 posts/s
  [DesiVideoMemes/2025-01] 120 posts, 2216 commenter rows, 40s
[ 471.2m] cells 936/1080  posts 111785  req 286930 (10.15/s, err 5.1%)  3.95 posts/s
  [DesiVideoMemes/2025-02] 120 posts, 2374 commenter rows, 12s
[ 471.4m] cells 937/1080  posts 111905  req 287199 (10.15/s, err 5.1%)  3.96 posts/s
  [DesiVideoMemes/2025-03] 120 posts, 2276 commenter rows, 49s
[ 472.2m] cells 938/1080  posts 112025  req 287508 (10.15/s, err 5.1%)  3.95 posts/s
  [DesiVideoMemes/2025-04] 120 posts, 2186 commenter rows, 9s
[ 472.4m] cells 939/1080  posts 112145  req 287759 (10.15/s, err 5.1%)  3.96 posts/s
  [DesiVideoMemes/2025-05] 120 posts, 2326 commenter rows, 9s
[ 472.5m] cells 940/1080  posts 112265  req 288014 (10.16/s, err 5.1%)  3.96 posts/s
  [DesiVideoMemes/2025-06] 120 posts, 2092 commenter rows, 44s
[ 473.3m] cells 941/1080  posts 112385  req 288300 (10.15/s, err 5.1%)  3.96 posts/s
  [DesiVideoMemes/2025-07] 120 posts, 2182 commenter rows, 11s
[ 473.5m] cells 942/1080  posts 112505  req 288561 (10.16/s, err 5.1%)  3.96 posts/s
  [DesiVideoMemes/2025-08] 120 posts, 1852 commenter rows, 45s
[ 474.2m] cells 943/1080  posts 112625  req 288851 (10.15/s, err 5.1%)  3.96 posts/s
  [DesiVideoMemes/2025-09] 120 posts, 2060 commenter rows, 11s
[ 474.4m] cells 944/1080  posts 112745  req 289096 (10.16/s, err 5.1%)  3.96 posts/s
  [DesiVideoMemes/2025-10] 120 posts, 1968 commenter rows, 11s
[ 474.6m] cells 945/1080  posts 112865  req 289342 (10.16/s, err 5.1%)  3.96 posts/s
  [DesiVideoMemes/2025-11] 120 posts, 1992 commenter rows, 42s
[ 475.3m] cells 946/1080  posts 112985  req 289626 (10.16/s, err 5.1%)  3.96 posts/s
  [DesiVideoMemes/2025-12] 120 posts, 2030 commenter rows, 9s
[ 475.4m] cells 947/1080  posts 113105  req 289870 (10.16/s, err 5.1%)  3.97 posts/s
  [DesiVideoMemes/2026-01] 120 posts, 2064 commenter rows, 50s
[ 476.2m] cells 948/1080  posts 113225  req 290166 (10.15/s, err 5.1%)  3.96 posts/s
  [DesiVideoMemes/2026-02] 120 posts, 2262 commenter rows, 11s
[ 476.4m] cells 949/1080  posts 113345  req 290416 (10.16/s, err 5.1%)  3.97 posts/s
  [DesiVideoMemes/2026-03] 120 posts, 2242 commenter rows, 46s
[ 477.2m] cells 950/1080  posts 113465  req 290724 (10.15/s, err 5.2%)  3.96 posts/s
[ 477.2m] cells 951/1080  posts 113465  req 290725 (10.15/s, err 5.2%)  3.96 posts/s
[ 477.2m] cells 952/1080  posts 113465  req 290726 (10.15/s, err 5.2%)  3.96 posts/s
[ 477.2m] cells 953/1080  posts 113465  req 290727 (10.15/s, err 5.2%)  3.96 posts/s
[ 477.2m] cells 954/1080  posts 113465  req 290728 (10.15/s, err 5.2%)  3.96 posts/s
  [ISRO/2024-08] 101 posts, 458 commenter rows, 5s
[ 477.3m] cells 955/1080  posts 113566  req 290897 (10.16/s, err 5.1%)  3.97 posts/s
  [ISRO/2024-09] 84 posts, 302 commenter rows, 5s
[ 477.4m] cells 956/1080  posts 113650  req 291031 (10.16/s, err 5.1%)  3.97 posts/s
  [ISRO/2024-10] 90 posts, 402 commenter rows, 5s
[ 477.5m] cells 957/1080  posts 113740  req 291182 (10.16/s, err 5.1%)  3.97 posts/s
  [ISRO/2024-11] 94 posts, 328 commenter rows, 47s
[ 478.2m] cells 958/1080  posts 113834  req 291379 (10.15/s, err 5.2%)  3.97 posts/s
  [ISRO/2024-12] 120 posts, 510 commenter rows, 6s
[ 478.3m] cells 959/1080  posts 113954  req 291579 (10.16/s, err 5.2%)  3.97 posts/s
  [ISRO/2025-01] 120 posts, 1054 commenter rows, 8s
[ 478.5m] cells 960/1080  posts 114074  req 291816 (10.16/s, err 5.2%)  3.97 posts/s
  [ISRO/2025-02] 120 posts, 612 commenter rows, 43s
[ 479.2m] cells 961/1080  posts 114194  req 292061 (10.16/s, err 5.2%)  3.97 posts/s
  [ISRO/2025-03] 108 posts, 302 commenter rows, 11s
[ 479.4m] cells 962/1080  posts 114302  req 292228 (10.16/s, err 5.2%)  3.97 posts/s
  [ISRO/2025-04] 96 posts, 240 commenter rows, 4s
[ 479.4m] cells 963/1080  posts 114398  req 292366 (10.16/s, err 5.2%)  3.98 posts/s
  [ISRO/2025-05] 120 posts, 552 commenter rows, 6s
[ 479.5m] cells 964/1080  posts 114518  req 292560 (10.17/s, err 5.2%)  3.98 posts/s
  [ISRO/2025-06] 120 posts, 494 commenter rows, 42s
[ 480.3m] cells 965/1080  posts 114638  req 292801 (10.16/s, err 5.2%)  3.98 posts/s
  [ISRO/2025-07] 120 posts, 608 commenter rows, 6s
[ 480.3m] cells 966/1080  posts 114758  req 293013 (10.17/s, err 5.2%)  3.98 posts/s
  [ISRO/2025-08] 120 posts, 662 commenter rows, 10s
[ 480.5m] cells 967/1080  posts 114878  req 293218 (10.17/s, err 5.2%)  3.98 posts/s
  [ISRO/2025-09] 85 posts, 254 commenter rows, 42s
[ 481.2m] cells 968/1080  posts 114963  req 293391 (10.16/s, err 5.2%)  3.98 posts/s
  [ISRO/2025-10] 120 posts, 582 commenter rows, 10s
[ 481.4m] cells 969/1080  posts 115083  req 293595 (10.17/s, err 5.2%)  3.98 posts/s
  [ISRO/2025-11] 120 posts, 428 commenter rows, 10s
[ 481.5m] cells 970/1080  posts 115203  req 293791 (10.17/s, err 5.2%)  3.99 posts/s
  [ISRO/2025-12] 120 posts, 612 commenter rows, 43s
[ 482.3m] cells 971/1080  posts 115323  req 294039 (10.16/s, err 5.2%)  3.99 posts/s
  [ISRO/2026-01] 120 posts, 756 commenter rows, 14s
[ 482.5m] cells 972/1080  posts 115443  req 294264 (10.16/s, err 5.2%)  3.99 posts/s
  [ISRO/2026-02] 120 posts, 402 commenter rows, 5s
[ 482.6m] cells 973/1080  posts 115563  req 294456 (10.17/s, err 5.2%)  3.99 posts/s
  [ISRO/2026-03] 120 posts, 438 commenter rows, 42s
[ 483.3m] cells 974/1080  posts 115683  req 294672 (10.16/s, err 5.2%)  3.99 posts/s
  [ISRO/2026-04] 120 posts, 552 commenter rows, 6s
[ 483.4m] cells 975/1080  posts 115803  req 294875 (10.17/s, err 5.2%)  3.99 posts/s
  [ISRO/2026-05] 120 posts, 340 commenter rows, 5s
[ 483.5m] cells 976/1080  posts 115923  req 295051 (10.17/s, err 5.2%)  4.00 posts/s
  [ISRO/2026-06] 91 posts, 378 commenter rows, 4s
[ 483.5m] cells 977/1080  posts 116014  req 295185 (10.17/s, err 5.2%)  4.00 posts/s
  [ISRO/2026-07] 120 posts, 760 commenter rows, 43s
[ 484.2m] cells 978/1080  posts 116134  req 295435 (10.17/s, err 5.2%)  4.00 posts/s

[ 484.2m] cells 978/1080  posts 116134  req 295435 (10.17/s, err 5.2%)  4.00 posts/s
DONE.
