subreddit,post_id,title,score,upvote_ratio,num_comments,created_utc,author,total_karma,account_age_days,karma_per_day,commenter_avg_kpd,commenter_suspicious,commenters_checked
india,1sp0w1z,Sat through 10 minutes of our PM's address.,5861,0.88,506,1776526619.0,Weak_Tennis6697,11852.0,1770.23833334824,6.695143685869152,53.05133350121944,2.0,5
india,1t0z4q4,Delhi people have ruined every hill station within 400km and I'm tired of preten,3115,0.97,236,1777654641.0,Honest-Estate-4592,1764.0,2086.415359771158,0.8454692359020396,7.276669726222023,0.0,5
india,1sczgqv,Student complains of being forced to attend Modi event in 29° heat; Instagram vl,2357,0.95,121,1775382104.0,BannedForFactsAgain,61329.0,3053.1370080514585,20.087208611427744,14.212039403571808,0.0,4
india,1ssa6br,Top MAGA influencer revealed to be AI — created by a guy in India who made a min,2306,0.97,97,1776829379.0,God_Emperor__Doom,143645.0,59.67545236866784,2407.1036632044,7.011812848184286,0.0,5
india,1sfxd9p,'This isn’t India'—Indian tourists in Nepal made to clean gutkha spit on the str,2288,0.99,74,1775664747.0,bhodrolok,934611.0,3972.038361242455,235.2975764583637,27.240389924650486,0.0,4
india,1sete5n,"Picked up a phone from a bus seat in 2008, went wrong after that",2129,0.96,90,1775561704.0,CorgiGlittering3167,1248.0,54.49750984730268,22.900128895738323,15.75467495996289,0.0,5
india,1skz2xb,"TCS Nashik row explodes: How undercover police op revealed sexual abuse, coercio",2109,0.96,346,1776143081.0,mumbaiblues,148607.0,5225.739613002062,28.437505693979432,144.15539582879262,1.0,4
india,1sq7mt1,My 18yo brother was brutally assaulted by a mob of 20 people on his FIRST DAY at,2053,0.99,101,1776638897.0,tadipaar69,4170.0,650.832610448403,6.407177410988983,25.54585415631795,1.0,5
india,1srh4ah,‘PM Modi darkened his skin tone for Tamil Nadu campaign?’ Internet erupts | Math,2029,0.92,142,1776758345.0,desigooner,154596.0,3831.2260517862014,40.35157359820205,28.418843632046475,0.0,5
india,1syul4a,"10,000 litres water for one litre ethanol: India's fuel push to worsen water cri",1953,0.98,83,1777457614.0,God_Emperor__Doom,143645.0,59.67545236866784,2407.1036632044,34.01235644360463,0.0,5
india,1srp8fd,My mother has no savings. Zero. And she's not the exception. She's the norm.,1923,0.97,153,1776781551.0,GlassProfession1142,1215.0,90.15913694506996,13.476171591352376,10.763351379745826,0.0,5
india,1shxass,"Nepali Man Makes Indian Tourists Clean Gutka Spit From Street, Video Sparks Deba",1861,0.98,56,1775850862.0,Upstairs-Bit6897,433029.0,538.1361727842358,804.6829443922585,17.883719285166265,0.0,5
india,1sjv9tr,Assaulted and held against our will for simply relaxing in our car with doors wi,1814,0.97,202,1776039563.0,OriginalSinger1406,1462.0,902.0430457131482,1.6207652250610216,5.673900370525061,0.0,5
india,1svaluc,Raghav Chadha loses 1 million followers on social media after BJP switch,1771,0.95,132,1777119376.0,Yournewbestfriend_01,219719.0,1150.5088205184732,190.97550238770384,75.37088133757382,1.0,5
india,1sftdwd,"Sir, I’ll tell you everything: Constable was key to death penalty for 9 Tamil Na",1652,0.99,72,1775656125.0,bhodrolok,934611.0,3972.038361242455,235.2975764583637,110.72205359661457,2.0,5
india,1szqs5a,"Govt's pin drop silence aggravates suspicion as CAG flags Rs 54,282 cr ‘unaccoun",1630,0.97,61,1777540152.0,B-L-A-N-K-S-P-A-C-E,9006.0,2205.131499350115,4.084110177852977,11.399663731520835,0.0,5
india,1svtq6r,"Gen Z icon faces online backlash: Raghav Chadha loses over 1 million followers, ",1614,0.95,155,1777166391.0,No_Suspect8128,2040.0,321.1717503846299,6.351741700684853,42.48753398389086,1.0,5
india,1steh83,"‘Drink spiked, Wi-Fi cut for 3 days’: Chilling details emerge in rape case of US",1576,0.97,126,1776938911.0,mumbaiblues,148607.0,5225.739613002062,28.437505693979432,67.84103986711678,2.0,5
india,1sj7tej,Legendary singer Asha Bhosle dies,1546,0.97,73,1775978834.0,Yournewbestfriend_01,219719.0,1150.5088205184732,190.97550238770384,75.42143828474009,1.0,5
india,1skbpex,"Why is nobody talking about how expensive ""basic life"" has become in India?",1496,0.97,206,1776088848.0,Prestigious_Hair_757,820.0,1962.35936899037,0.4178643386924018,11.732254447891469,0.0,5
india,1sdzo2g,9 Tamil Nadu Cops Get Death Sentence In Father-Son Custodial Torture Case,1482,0.99,72,1775483991.0,aadsarraficionado,19249.0,220.4847689907749,87.30308260343088,16.640582232406768,0.0,4
india,1szy8i1,"Girls injected to appear young, boyfriends make them pregnant: Babies sold for ₹",1413,0.97,130,1777560531.0,Sweaty_Explorer_8441,11217.0,317.291561888288,35.3523426001139,38.939707680653996,0.0,5
india,1sns0s3,"""I Was Blaring Siren, Why Didn't You Move?"" BJP MLA's Son After Ramming 5 With T",1404,0.98,72,1776404545.0,bhodrolok,934611.0,3972.038361242455,235.2975764583637,142.9222144435211,2.0,5
india,1so5dmv,Caterer throws 11-year-old boy into burning tandoor for eating rasgullas at wedd,1380,0.98,88,1776442075.0,mumbaiblues,148607.0,5225.739613002062,28.437505693979432,57.27344846451835,1.0,5
india,1sflae8,Samay Raina says he was forced to delete India's Got Latent episodes after polic,1372,0.96,193,1775630726.0,Mrk2d,173837.0,2176.01942089808,79.88761420532478,151.17522964645582,1.0,4
india,1smzr1p,Zimbabwe and Bangladesh surpass India in gdp per capita as India slips to 149th ,1359,0.94,117,1776335879.0,Puzzleheaded-Row-477,3501.0,1991.9016887678345,1.7576168641965837,66.60571453820384,1.0,4
india,1smxdcp,"CAG flags Modi govt’s Rs 54,282 crore unaccounted spending",1345,0.97,76,1776327567.0,TheIndianRevolution2,213330.0,776.0194458126746,274.90290501237814,25.42148235171153,0.0,5
india,1ssosuh,"Watch: Bali Hotel Catches Indian Tourists Taking Robes, Hairdryer, Doormat, And ",1315,0.95,142,1776871679.0,brazendude,26668.0,1552.1299777857407,17.18155076035862,21.920774780782676,0.0,5
india,1svdvu2,India turns into a hotbox: 95 out of 100 world's hottest cities today are in Ind,1301,0.98,95,1777127785.0,No_Suspect8128,2040.0,321.1717503846299,6.351741700684853,9.779692550886946,0.0,5
india,1swxvto,"China Has 1.4 billion Barrels Strategic Oil Inventory, India 21.4 million",1273,0.95,137,1777279394.0,BannedForFactsAgain,61329.0,3053.1370080514585,20.087208611427744,30.784084686336985,1.0,5
unitedstatesofindia,1shm4mf,"He didn't say sorry like Samay did, Balls of steel",2767,0.97,162,1775826644.0,potter_k,4940.0,2057.6004920127657,2.400854791382579,132.970249798258,1.0,5
unitedstatesofindia,1sl0jat,Just a Dalit icon? Think again.,2275,0.96,179,1776147845.0,No-Assignment7129,233702.0,2065.2988200198142,113.15650681374906,58.629198544850325,1.0,4
unitedstatesofindia,1sxwndx,"""Bureaucratic Cruelty Exposed: Illiterate Tribal Man in Odisha Digs Up Dead Sist",2170,0.98,121,1777369488.0,Long_Consequence3808,32342.0,67.5227089305774,478.97959830450543,53.84695189319367,0.0,5
unitedstatesofindia,1sp262r,Nehru did that.,1871,0.97,86,1776529583.0,Giwargis_Sahada,247115.0,807.4232519783576,306.05385638141587,67.87016031217914,0.0,5
unitedstatesofindia,1sywooq,"""The Great Nicobar Project Is Possibly the Biggest Scam and Largest Theft Of Ind",1808,0.97,161,1777463941.0,Mirror-On-The-Wall,192203.0,2334.178643679514,82.34288344658067,49.799034189080025,0.0,5
unitedstatesofindia,1se4zfw,"This man, a retired ARMY MAN , tied a baby girl to an iron railing and beat her ",1702,0.98,160,1775495537.0,Obvious_Shoe7302,263877.0,2037.0006738867944,129.54193063495515,11.827234524561227,0.0,4
unitedstatesofindia,1syqh7i,One of the finest and cleanest explaintion on Caste based Reservation,1660,0.93,317,1777443486.0,chhagan04,11112.0,1403.2113773334966,7.9189779811477745,4.151946427383308,0.0,4
unitedstatesofindia,1sscfdl,Bootlicking of Politicians needs to be stopped and their careless behaviour need,1646,0.98,82,1776836227.0,playboy787,,,,712.1710632228051,3.0,4
unitedstatesofindia,1scz16v,"""Jaipur Residents Challenge BJP MLA to Drink 'Clean' Water He Defended-Leader Re",1512,0.99,32,1775380434.0,littleArtsy,41293.0,68.44260906452658,603.3229966594294,101.41572783404439,1.0,4
unitedstatesofindia,1skynct,Kejriwal Accuses Justice Swarna Kanta Sharma Of Bias,1498,0.99,78,1776141703.0,littleArtsy,41293.0,68.44260906452658,603.3229966594294,9.47133339295077,0.0,4
unitedstatesofindia,1ste4bp,Wtf is happening to our country,1420,0.96,173,1776937688.0,Hopeful_Panda_6833,4144.0,1507.2647713018405,2.749351062203082,12.185369888462933,0.0,4
unitedstatesofindia,1sd70z5,"Mob Justice Is Not Anger, It’s Administrative Breakdown",1340,0.97,100,1775404172.0,Oppyhead,347039.0,607.1062091011333,571.6281513803285,83.72630678760089,1.0,4
unitedstatesofindia,1spgzpi,"The greatest speaker, india ever had, in his 30 minute speech!!",1334,0.98,70,1776566958.0,Acceptable_Unit_9610,5200.0,294.082926605904,17.682087362278057,16.348488927081046,0.0,4
unitedstatesofindia,1shgbe0,"Woman praised, called ""a man""—Two women, two ways of how they view it",1328,0.98,93,1775808592.0,Mirror-On-The-Wall,192203.0,2334.178643679514,82.34288344658067,50.31849603998566,0.0,5
unitedstatesofindia,1swybmu,UNO Reverse—RSS stooge Justice Swarnakanta Sharma had refused to recuse herself ,1321,0.96,98,1777280991.0,Mirror-On-The-Wall,192203.0,2334.178643679514,82.34288344658067,49.79584893205324,0.0,5
unitedstatesofindia,1sqhl8t,Are we for real?,1321,0.97,71,1776667529.0,shashanksati,15288.0,1802.924669027883,8.479555614624276,80.36138258294629,0.0,4
unitedstatesofindia,1si9ww2,ELECTION FRAUD—Locals show a sudden surge in hundreds of Bihar registered busses,1317,0.98,76,1775883994.0,Mirror-On-The-Wall,192203.0,2334.178643679514,82.34288344658067,70.35848104724664,0.0,5
unitedstatesofindia,1scb69r,Modi spends ₹1.5 crore every single day for promotion,1281,0.98,48,1775314180.0,malayali-minds,128899.0,487.56487433071766,264.37302354264176,31.05821839133369,0.0,4
unitedstatesofindia,1siq2e4,My man Kamra got that spine,1266,0.96,26,1775930374.0,shashanksati,15288.0,1802.924669027883,8.479555614624276,6.491774665182291,0.0,4
unitedstatesofindia,1shd93b,2 Indias in 1 Frame,1248,0.98,44,1775797978.0,Yournewbestfriend_01,219719.0,1150.5088205184732,190.97550238770384,73.65651576036522,1.0,5
unitedstatesofindia,1sqvxrl,"how do we call it a part of our nation, but treat it worse than our enemies",1247,0.99,22,1776705740.0,shashanksati,15288.0,1802.924669027883,8.479555614624276,80.44288779778446,1.0,4
unitedstatesofindia,1sgqy3f,"In UP's Hathras, journalist identified as Ved Prakash found dead in a sewer. Alm",1235,1.0,38,1775744336.0,littleArtsy,41293.0,68.44260906452658,603.3229966594294,30.55239821730538,0.0,4
unitedstatesofindia,1t0tcq8,Manipur folks with a unique protest.,1223,0.99,18,1777641827.0,illuminandicomrade,5312.0,38.32525026828603,138.60313925714024,41.49936645778265,1.0,5
unitedstatesofindia,1sui57g,Founder &amp; Chancellor of Lovely Professional University,1214,0.99,22,1777042718.0,ciao-adios,147552.0,189.09891924704945,780.2900227432278,94.20215562382245,0.0,4
unitedstatesofindia,1t1rqvv,"This is what Ashok Mochi, the poster boy of the 2002 Gujarat riot said...",1211,0.97,45,1777732891.0,littleArtsy,41293.0,68.44260906452658,603.3229966594294,110.48329124614715,1.0,4
unitedstatesofindia,1sij9t1,"ANI's Smita Prakash , a popular BJp dalal , had gone to Miranda college of Delhi",1173,0.96,92,1775914480.0,sidmis,228389.0,2379.9989306507646,95.9618078221369,69.16629589247222,0.0,4
unitedstatesofindia,1sy7al7,"Taiwan is begging for workers and 40,000 of its citizens just signed a petition ",1171,0.95,186,1777395621.0,malayali-minds,128899.0,487.56487433071766,264.37302354264176,55.504350002295865,1.0,4
unitedstatesofindia,1sgiyj1,"One full tanker milk ""Offered"" to Narmada river.",1148,0.95,185,1775720315.0,No-Assignment7129,233702.0,2065.2988200198142,113.15650681374906,34.6328021875507,0.0,4
unitedstatesofindia,1t1fcae,LSG cheerleaders perform inside nets after fans throw money with contact numbers,1147,0.98,96,1777694760.0,littleArtsy,41293.0,68.44260906452658,603.3229966594294,45.315285542082265,0.0,4
unitedstatesofindia,1sum3vm,"Rs 54,282 cr unaccounted under BJP rule: CAG report",1145,0.98,55,1777051238.0,TheBlockChainVillage,20034.0,1786.292061379883,11.215411204662717,61.64444337175403,1.0,4
indiaspeaks,1sk4hzw,IT department head in TCS,3890,0.99,53,1776067912.0,God_Emperor__Doom,143645.0,59.67545236866784,2407.1036632044,272.84884163846397,1.0,3
indiaspeaks,1si8lgh,Civic sense of Indian people; expectations from government,3168,0.96,132,1775879954.0,[deleted],,,,30.14920363389909,0.0,4
indiaspeaks,1sepwxg,Delivery Platforms should boycott this residential society.,3064,0.98,112,1775549785.0,Low-Hedgehog-2607,25102.0,587.2219641912149,42.74703865100341,139.94788393879583,1.0,5
indiaspeaks,1scylih,Please wear a helmet 🙏🏽,2952,0.99,47,1775378762.0,Typical_Spray928,14714.0,771.9763914518169,19.060168371636504,30.257161629033693,0.0,4
indiaspeaks,1sk2w3d,Joining kit sent by TCS,2889,0.96,64,1776062214.0,God_Emperor__Doom,143645.0,59.67545236866784,2407.1036632044,25.127541294325304,0.0,4
indiaspeaks,1sfn7qx,To all the people who say kashmiri pandit genocide is a propaganda❤️‍🩹,2513,0.98,83,1775637879.0,Fun_Document_1991,22098.0,113.92363726105404,193.97203715821345,28.770203232360263,0.0,4
indiaspeaks,1sxt2a2,"Zaib Zuber Ansari (31), who had returned from the USA, asked the 2 security guar",2408,0.98,119,1777356905.0,ciao-adios,147552.0,189.09891924704945,780.2900227432278,32.17332404447954,0.0,3
indiaspeaks,1siek0c,A 20-year old Indian boy Ayush Shetty Beats WR7 and Li Shi Feng at Badminton Asi,2199,0.99,35,1775900148.0,[deleted],,,,16.29088854318855,0.0,4
indiaspeaks,1svzzng,"India Know Your Heroes. Braveheart Tahir Fazal Chaudhary. Also known as""Bahadur-",2152,0.98,44,1777185620.0,Electronic_Cause_796,160337.0,363.09116846300935,441.5888182538779,222.12576280192567,2.0,4
indiaspeaks,1su8t94,🎥🇮🇷 Iran consulate in Mumbai takes a jab at Trump over ‘Hellhole’ remark with vi,2046,0.99,46,1777015935.0,Syed__Sahab__,112290.0,74.19634263653998,1513.4169153062778,40.974448673008105,0.0,4
indiaspeaks,1sohne6,"Rajasthan SDM ‘caught taking Rs 60,000 bribe’ once promised ‘positive change in ",2047,0.99,126,1776469722.0,Upstairs-Bit6897,433029.0,538.1361727842358,804.6829443922585,14.0869204970885,0.0,5
indiaspeaks,1sls2l7,Dhurandhar in Nashik Police,1861,0.96,77,1776216961.0,UnderstandingWild134,12396.0,167.3408998458667,74.0763316763423,202.5298005161375,1.0,3
indiaspeaks,1sp1gzu,"'Women's Power Bill could not pass in Parliament, I apologize to all mothers and",1761,0.83,383,1776527975.0,SatoruGojo232,2417547.0,830.6980543607998,2910.259615162141,17.49092668821941,0.0,4
indiaspeaks,1ssaiqc,India will never bow to any form of terror: PM Modi on Pahalgam attack anniversa,1746,0.97,50,1776830353.0,SatoruGojo232,2417547.0,830.6980543607998,2910.259615162141,31.98439237884582,0.0,5
indiaspeaks,1shi8r1,the National Commission for Scheduled Tribe determined that Monalisa was born on,1654,0.99,84,1775815482.0,Atomsmasher_kal,48690.0,1729.050641537477,28.15996179076901,60.09558834531792,0.0,4
indiaspeaks,1smzge4,"Another case in tcs, Chennai",1639,0.98,65,1776334904.0,Altruistic-Berry8462,38260.0,1195.522287373126,32.002749262054486,6.372434958461093,0.0,5
indiaspeaks,1shq7km,This is embarassing. A German guy was just praising Indian hospital services for,1634,0.97,161,1775835781.0,God_Emperor__Doom,143645.0,59.67545236866784,2407.1036632044,5.296771703946832,0.0,3
indiaspeaks,1se4xj7,9 Policemen Given Capital Punishment in Father–Son Custodial Case,1617,0.99,53,1775495423.0,imfrom_mars_,834019.0,330.7113158099877,2521.894353561191,55.17717605582109,0.0,4
indiaspeaks,1t1rd2f,Mumbai Pune connecting link.,1605,0.99,38,1777731985.0,roytrivia_93,77786.0,3423.2049812917026,22.72314992094001,124.6035631443692,1.0,4
indiaspeaks,1ssfjpw,While all of India was mourning the loss of 26 innocent lives in the Pahalgam At,1587,0.98,40,1776846979.0,Electronic_Cause_796,160337.0,363.09116846300935,441.5888182538779,131.6889511355636,1.0,5
indiaspeaks,1sw93q5,Bombs recovered from TMC worker house.,1584,0.98,38,1777213917.0,Atomsmasher_kal,48690.0,1729.050641537477,28.15996179076901,31.077303206382048,0.0,4
indiaspeaks,1syryla,EVM button for BJP candidates blocked with tapes in several pooling booths in We,1557,0.98,47,1777448449.0,GiveMeSomeSunshine3,1699863.0,415.1911416986695,4094.16971914516,57.78965066610323,0.0,5
indiaspeaks,1srsd9e,"Mumbai: Traffic affected during protest, confrontation with protesters caught on",1545,0.97,128,1776788008.0,jack_1760,19815.0,1678.6227150110403,11.804320186308022,3.276821309318775,0.0,4
indiaspeaks,1sl6hct,Training Manager at TCS Nashik,1512,0.98,32,1776167691.0,imfrom_mars_,834019.0,330.7113158099877,2521.894353561191,20.181779845472928,0.0,4
indiaspeaks,1t2awpl,When will we start taking men's mental health and domestic harassment seriously?,1503,0.98,62,1777780901.0,EkantVairagi,130026.0,19.722835077535773,6592.662742898412,122.61885975248072,1.0,4
indiaspeaks,1syptir,"Man takes sister’s skeletal remains to Odisha bank to prove her death, all for R",1451,0.98,80,1777441341.0,ic_97,140015.0,3599.1001989438414,38.90277910047836,35.34368486722942,0.0,4
indiaspeaks,1sj5qu4,‘Vande Mataram’ row in Indore civic body: Congress councillor refuses to sing Va,1422,0.96,120,1775971873.0,SatoruGojo232,2417547.0,830.6980543607998,2910.259615162141,40.76434438167444,0.0,4
indiaspeaks,1seng7r,"Miss India Earth Sayali, who reconverted to Hinduism, goes missing",1420,0.99,62,1775541016.0,AppolloAlphaa,33719.0,596.1936130263546,56.55713054160052,137.09280034845307,1.0,4
indiaspeaks,1svvw0m,Groom Side Are Rejecting Girls Because She Doesn't Want To Work After Marriage,1406,0.96,178,1777172761.0,ClientRelevant5046,81178.0,606.17816701551,133.91772323255407,27.855990108020563,0.0,4
indiaspeaks,1szqwx4,Why can't we keep any places clean,1403,0.99,44,1777540603.0,MovieMate7,10392.0,802.6104849520023,12.947750116448407,8.724160870163761,0.0,4
teenindia,1snu16j,India is way hotter than Africa,6267,0.97,476,1776411304.0,BenjaRiders2026,4357.0,702.0785317160659,6.205858466217928,14.553997295501228,0.0,3
teenindia,1sjdc2k,My teacher asked me to go for a movie with her🙀😭🙏🏻,6103,0.9,1780,1775997238.0,No_Falcon_9178,3701.0,772.3145096076611,4.79208917346396,120.77042615378122,2.0,3
teenindia,1scaeww,Crush started crying after i proposed to her,5693,0.97,666,1775312279.0,BottleQuiet4862,10863.0,105.14942050244244,103.31012713234752,37.77732770084664,2.0,5
teenindia,1ssigbd,"Creepy expirience, kya Maine Sahi Kiya?",5354,0.96,800,1776856555.0,Embarrassed-Wolf-700,2881.0,539.4212568288186,5.340909286625062,10.702041829935482,0.0,1
teenindia,1sovd1c,You paid extra for a window seat… and got a live horror show 💀✈️,4727,0.98,259,1776512468.0,kakarotx1,4384.0,730.2196274225801,6.003673190042819,18.755983106597682,0.0,3
teenindia,1sgvzxv,"I DON'T HAVE ANY WORDS, HOLY F MOLY😭😭😭😭😭😭😭😭😭",4354,0.94,1540,1775755169.0,akash_xv,11286.0,909.048580095012,12.415178074223943,8.979537656824434,0.0,3
teenindia,1swf0l0,"This is our gift to the next generation, and sad part is that climate change isn",3950,0.93,298,1777227215.0,vishal55282,,,,39.4535929409602,0.0,4
teenindia,1szny2i,Car flies off hilly road in Himachal after tyre burst💔,3818,0.98,331,1777530281.0,SubjectRice9419,2646.0,29.423070172038344,89.92943239875001,35.769286501766956,1.0,5
teenindia,1st6h4e,Sir ka ghee khatam,3687,0.99,203,1776912799.0,Nice_cube17,2933.0,36.43081286005676,80.50877182638385,39.21320559811436,2.0,5
teenindia,1slx4fp,ITS KINDA SAD IDK WHY,3667,0.99,141,1776231537.0,Different-One2238,1327.0,477.0185973149648,2.781862190424856,31.32680046224172,0.0,3
teenindia,1sqnroo,Toxic parenting of Indian parents,3547,0.97,1217,1776687837.0,Live-Window2010,1695.0,270.0565058211928,6.276464234200962,13.974679272906542,0.0,4
teenindia,1syzay1,I fucked up big time in my mom's phone,3323,0.97,343,1777470397.0,bigwayush,9119.0,1156.0141709619209,7.888311604702967,27.466189513574236,0.0,4
teenindia,1sz5g29,Is this true gng?,3237,0.95,244,1777483542.0,i_hate_bharat,5094.0,206.06510494577665,24.72034263802413,9.782928952572085,0.0,4
teenindia,1so04u6,Proof of my brother's intelligence,3082,0.99,308,1776430433.0,randomguy-06,2609.0,182.98482039383163,14.25801328429726,6.9842312471723424,0.0,4
teenindia,1sufqid,Any dudes having this exact issue when it comes to puberty?,3079,0.99,361,1777037179.0,lowiqscroller,3304.0,97.2371264426493,33.97879103254566,41.31145035750397,1.0,3
teenindia,1t1r5m4,Alert message from mother ji 😭🙏🏻,2745,0.98,176,1777731478.0,shakyspearee,55366.0,218.9388641606354,252.88338008083377,21.103713853738753,0.0,4
teenindia,1suartl,Point to point vlogging,2730,0.99,111,1777022929.0,pulloffmydihh,4626.0,31.336738565925646,147.62225463469682,55.53713878093159,1.0,5
teenindia,1ssiqu1,Bargained it from 13k to 5.5k!!,2618,0.98,598,1776857406.0,catalyst_core,1908.0,31.98970730370393,59.64418435860718,39.59939490870643,1.0,4
teenindia,1sw0g3v,The girl I liked for so long finally likes me back but I don’t want her anymore,2500,0.95,393,1777187119.0,WrongOwl45,4597.0,211.4679147716308,21.738522389859515,17.038286556381916,1.0,5
teenindia,1slccoa,Cartoon character who scared you most in your childhood mine 'rangda ',2469,0.99,682,1776181262.0,TennisFine2776,3007.0,281.5830317672342,10.678910519315968,14.740739655181951,0.0,4
teenindia,1t1nb87,So… I had my first kiss today.,2319,0.95,153,1777721275.0,Stunning_Pea886,1394.0,673.6091463384142,2.069449335089148,134.08122674078228,2.0,5
teenindia,1sqfxga,Finally ended my 3-year LDR after catching her in 4K.,2262,0.98,271,1776662035.0,Famous_Zebra_7152,3322.0,124.62168904451308,26.65667610084653,128.74756187166133,2.0,5
teenindia,1synywz,who even uses this app in big 26,2201,0.98,173,1777435628.0,TrifleActual8966,1692.0,45.49376785019758,37.19190737446584,114.72676213555037,2.0,5
teenindia,1spnduz,My hand got stuck in this glass honey bottle what should i do 😭😭😭😭😭😭😭😭😭😭,2172,0.93,1170,1776587684.0,Safe-Presence7,2846.0,221.7316605065984,12.835334356391146,84.73334868879624,1.0,3
teenindia,1setvgz,I (16M) drew this and took it to school and then got scolded by my teachers that,2142,0.98,298,1775563106.0,NeighborhoodSad5291,1511.0,697.2316869898609,2.1671418958644844,26.73124848502312,0.0,3
teenindia,1smsb84,I just turned 18 and none of my friends remembers my birthday.,1994,0.98,1395,1776310908.0,Street_Buddy6875,1368.0,159.34672901185297,8.585052284934205,9.509776829389827,0.0,3
teenindia,1sy2uet,"Why are the ""uniforms"" in india not actually uniform?",1945,0.95,632,1777386076.0,ayooo_sms,2172.0,1065.1378739808556,2.039172630189506,131.36930412414836,2.0,5
teenindia,1sghoq1,why my mom is like this,1933,0.99,157,1775715803.0,DiskAsleep9525,1468.0,1257.3569615253696,1.167528430605011,21.505924421749402,1.0,3
teenindia,1sc2c8j,Any guy else who's short? I'm 5'5 only😭 What's your height?,1839,0.98,658,1775285903.0,Ill_Grass_4811,5929.0,51.473792910104,115.18482833302484,44.320252163729414,0.0,5
teenindia,1suk5r5,"My Goat died two days ago what a great show it was ""Storage Wars""",1717,0.99,147,1777047046.0,6ix9ineisGoat,4928.0,1523.197384152142,3.235299673747192,20.223863929552618,0.0,5
indiasocial,1suzmq4,A batman painting I did,9421,0.97,713,1777084057.0,vidhikaroy,94027.0,449.14024947127257,209.3488617657591,12.669270330276195,0.0,5
indiasocial,1swsh35,Travelled in my Ambassador Car from Kanyakumari to Kashmir,9054,0.98,466,1777261457.0,MadrasThorn,9439.0,34.00622346535877,277.56684036424264,39.40767726366015,0.0,5
indiasocial,1sd16oa,My friend brought his dog to my house…worst mistake of his life.,6966,0.98,338,1775388334.0,Bugskabunny,10645.0,361.2192587191087,29.46963580443468,86.3465960356459,1.0,4
indiasocial,1sxt8g1,"Sorry ladies for making fun of you for doing this in summers, I was not aware of",6336,0.97,316,1777357472.0,ryukendo_144,7326.0,1132.6090339885072,6.468251426709297,127.33477080483149,2.0,5
indiasocial,1sslf1l,Idk what else to say 😭😭,6048,0.95,385,1776864231.0,Skythrill18,3791.0,56.29120903568411,67.34621737466698,7.861134611983966,0.0,4
indiasocial,1szklvc,Why do pigeon don't even try building a nest?,5888,0.98,341,1777519842.0,StewartLittle_7030,5220.0,275.9961156549526,18.913309658770665,8.507417481621705,0.0,4
indiasocial,1swv2yl,"This is Pokhara, Nepal, just 180 km from India. The current temperature is 23°C ",5880,0.96,208,1777269625.0,Initial-Shoulder5906,107275.0,1337.381362345903,80.21272242932169,12.723108801691698,0.0,4
indiasocial,1sdrk86,Do we need new strict law again against plant thefts,5309,0.97,431,1775458711.0,Own-Coat7436,,,,28.415603407789444,0.0,5
indiasocial,1sphsdg,"Feel the aura, it’s unmatchable.",4840,0.96,61,1776569273.0,God_Emperor__Doom,143645.0,59.67545236866784,2407.1036632044,96.61491688568803,1.0,3
indiasocial,1sn1xzv,How many of you have done this.,4824,0.99,114,1776342142.0,Wise-Formal494,,,,21.05221299609366,0.0,5
indiasocial,1srd54h,this is how silk is made,4756,0.97,518,1776745103.0,ObviousBody3053,,,,122.7330952957739,1.0,5
indiasocial,1sot9az,Can't even deny 😭🙏🏻,4359,0.96,99,1776505534.0,lmfaooomf,,,,38.89834589282977,1.0,3
indiasocial,1sjjz7l,We dont rent to bachelors/students because.........,4042,0.89,500,1776013183.0,Ecstatic_Writer5021,,,,18.421456313656346,0.0,4
indiasocial,1sfy8ua,And here they even refuse sick leaves,3313,0.99,44,1775666600.0,ciao-adios,147552.0,189.09891924704945,780.2900227432278,70.30487607599363,1.0,5
indiasocial,1t0qo5d,King Dogesh is arriving,3304,0.99,47,1777634785.0,godfather_wanderlust,,,,5.341931624077121,0.0,4
indiasocial,1su5bsf,From software job to rooftop ganja farming,3147,0.98,183,1777004562.0,Distinct-Let6921,,,,11.476150572304821,0.0,5
indiasocial,1smyzwh,Indian moms 💯,3091,0.98,43,1776333375.0,GearOutrageous6712,1626.0,886.2197491709143,1.8347593827842053,21.917603014011053,1.0,4
indiasocial,1si9m34,Platypus?perry the Platypus????,3002,0.99,33,1775883059.0,West_Future326,153646.0,2006.6287945960407,76.56921918681569,29.130808400451336,0.0,5
indiasocial,1sv8opx,We are so cooked,2918,0.97,159,1777113461.0,CalendarPretend2377,5442.0,133.7763289804867,40.679842551172094,23.538903497945746,0.0,5
indiasocial,1swvyx7,It’s 2026 bro. Stopppp,2894,0.95,542,1777272601.0,DARK_SPIRIT467,5544.0,1373.6565723557412,4.035943271098949,113.78369665486164,2.0,5
indiasocial,1ss9i8q,"Stood up for myself, should I call out my mom?",2835,0.99,342,1776827494.0,Competitive-Sir-6404,2115.0,357.5387934473736,5.915442012899527,36.10551483575763,0.0,4
indiasocial,1sc96g4,Delhi police btw 😭😭😭,2831,0.98,161,1775309062.0,sapta_cr7,8729.0,801.3436323087496,10.892954842419966,7.301192519066884,0.0,4
indiasocial,1smbbud,It started on reddit and now I can't imagine life without him🧿,2817,0.88,888,1776271028.0,almondkulfi,11627.0,786.2427953399083,14.788052836749262,66.21496013282005,1.0,5
indiasocial,1sdsva6,Which Indian movie traumatised you after you finished watching it? I will start,2651,0.98,722,1775463471.0,Street_Bed_1393,9682.0,1834.4256195959504,5.277946348204924,9.673596011693053,0.0,5
indiasocial,1suzsdn,Saw this linkedin post about a hotel in Patna,2579,0.99,64,1777084490.0,ChemicalCity2933,25857.0,738.1516495955211,35.029387273155386,15.54076970535842,0.0,5
indiasocial,1t10jnq,Hairline really decides your entire personality..,2577,0.97,122,1777657654.0,Separate_Hospital701,2075.0,1564.0083603760877,1.3267192507212924,181.92571741658077,1.0,5
indiasocial,1sx4n3p,I mean Seriously??,2498,0.97,210,1777298603.0,pixworm,16682.0,1105.9590012933231,15.083741784724252,143.94659662764587,3.0,5
indiasocial,1t1oq5n,Rich Dogesh,2490,0.99,26,1777725403.0,godfather_wanderlust,,,,8.832227148039745,0.0,5
indiasocial,1swd2zq,"Today, 7 years back.",2446,0.99,74,1777222921.0,-asimpleboy,31487.0,145.51572277515024,216.38211596319024,26.418529040149078,0.0,4
indiasocial,1sroj6i,Dhurandhar will surpass Bahubali tomorrow,2321,0.92,212,1776780023.0,Senior-Mix-3715,183964.0,275.5205262664457,667.6961694755738,58.80647727469521,1.0,5
AskIndianWomen,1sc4hve,"I just want a traditional, sanskari, gharelu husband, is it too much to ask?",1853,0.9,187,1775293759.0,PersonalRun712,22129.0,355.6765904381954,62.21663329806709,25.6047227944578,1.0,4
AskIndianWomen,1szr1yx,Women really have unrealistic standards and demands?,1552,0.92,233,1777541091.0,billi_ke_chaachi,5951.0,42.08967560476727,141.3885926772494,6.547396779982854,0.0,4
AskIndianWomen,1sfpvum,I left my husband today. We've been married 6 months. How do I survive?,885,0.95,225,1775647028.0,AlfalfaPopular2582,1126.0,150.47411835137618,7.483014436879085,8.295528085462998,0.0,4
AskIndianWomen,1sqhmul,Got called the R word by CRPF personnel. Are we still supposed to give utmost re,703,0.88,76,1776667683.0,SmirnoffSandwich99,8595.0,661.4048089871886,12.995067291938128,76.52047414409466,1.0,4
AskIndianWomen,1sxbi9b,Got asked my “body count” at an office dinner in front of everyone felt humiliat,646,0.96,102,1777312962.0,Glass-Advantage3635,5983.0,442.2364322471177,13.528962255775332,56.92187749700022,0.0,3
AskIndianWomen,1sjl5id,Why are women still expected to live with in-laws after marriage in India?,633,0.8,252,1776015768.0,Aromatic-Fun-1170,3131.0,2044.442529933425,1.5314688254416022,38.09155086614271,0.0,4
AskIndianWomen,1sk7shj,Has anyone else noticed that the ‘sons take care of parents’ idea doesn’t match ,622,0.93,116,1776079014.0,Sweet-Opportunity111,7679.0,1559.2030215165405,4.924951974843603,47.83357617246126,1.0,4
AskIndianWomen,1sy7tjl,How long until these backward thoughts about married women exist?,618,0.93,50,1777396687.0,Wonderful_Will_3666,757.0,165.50518221961678,4.573874907406224,64.50577016859752,1.0,4
AskIndianWomen,1se1kwu,Why is cleavage considered immodest?,616,0.84,190,1775488198.0,cosmosisshrinking,931.0,40.038735368008965,23.252482663173,112.07509919421848,2.0,5
AskIndianWomen,1srgq0f,My mom gave me a lot of shit because my husband folded my sister's underwear. Is,610,0.87,191,1776756838.0,writergorrl,1484.0,803.4817070717475,1.8469617751577323,8.97924968537306,0.0,4
AskIndianWomen,1sscery,My parents are forcing me to come back to India and marry a guy of their choice ,606,0.97,143,1776836165.0,Both_Mycologist_8651,1198.0,144.5123274767592,8.289950213366158,40.34573496558896,0.0,4
AskIndianWomen,1ssnqns,"This was so embarassing, how would have you looked at it?",582,0.92,56,1776869402.0,KisBaatNeRoneNaDiya,4490.0,122.40527596175949,36.68142541014912,90.67567212098862,2.0,4
AskIndianWomen,1sufhs6,What does my husband want?,565,0.89,75,1777036601.0,black_cat7325,1003.0,114.50365381583296,8.75954580116037,12.70873321234204,0.0,4
AskIndianWomen,1sfu0mc,Does anyone else prefer slight dad bods/softer bodies over rock-hard washboard a,562,0.92,121,1775657536.0,shoeee788,2536.0,125.46562564058988,20.21270756075176,109.97026934633159,1.0,3
AskIndianWomen,1sqfuxu,Why are men such creeps ?,520,0.93,106,1776661811.0,Oblivion_Gem4137,1937.0,374.3810888912032,5.173872445685687,19.553545286577076,0.0,4
AskIndianWomen,1sm1ca5,16-year-old girl being forced into marriage with her own brother. I don't know w,512,0.93,239,1776246355.0,iamgirl11,6646.0,186.1727419723046,35.69802931187784,17.866993949925728,0.0,4
AskIndianWomen,1sx58n7,yesterday was my parents' wedding anniversary and i can't understand what are th,495,0.98,67,1777299874.0,justasnugglepuppy,13117.0,1283.169449526585,10.222344371461938,82.55638439521458,1.0,3
AskIndianWomen,1syu879,Women earning in crores (who are unmarried and don't have heavy extra expenses) ,502,0.9,138,1777456433.0,celestia2002,1533.0,293.63297380765005,5.220803304618715,10.149370558135065,0.0,4
AskIndianWomen,1scuwss,How close is too close with a cousin? Feeling uncomfortable but unsure if I’m ov,484,0.87,207,1775365559.0,24HoursChampagneDiet,4955.0,850.0765787195248,5.828886625089406,8.433869651955538,0.0,4
AskIndianWomen,1sv3rf0,How do men even justify this ?,470,0.88,94,1777096376.0,blackoutmartini,2762.0,240.31622062824115,11.493190067568078,28.5156502530702,0.0,4
AskIndianWomen,1t251iz,Why do MILs feel they are entitled to their son's kids?,472,0.9,68,1777764158.0,Nice_Neighborhood469,2961.0,1783.344470614675,1.660363462466349,21.6889971680909,0.0,4
AskIndianWomen,1sjchsh,A 22 year old single mother???,467,0.95,90,1775994831.0,heretogivegyan,1150.0,469.2413181763777,2.4507645756116894,6.499754204562431,0.0,4
AskIndianWomen,1svbb7l,This couple is getting divorced over “ironing clothes.” Is that reasonable?,441,0.97,86,1777121345.0,judgemental__genie,3511.0,413.6372789187619,8.4881130858845,19.549201730110507,0.0,4
AskIndianWomen,1sj5odj,How do you deal with guys who don't listen to you during makeout?,431,0.94,149,1775971657.0,baddie_since1988,11741.0,184.4269231384496,63.66207167695366,31.475804712501994,0.0,3
AskIndianWomen,1sf5qf8,Why is the grooming and molestation of male infants so normalized in our homes?,424,0.96,108,1775589326.0,First_Performance801,747.0,692.3895155130216,1.0788724890591608,87.52744375191642,1.0,4
AskIndianWomen,1su97by,(HELP) Forced engagement at 21. Came home to relax after exams and my life got f,417,0.97,169,1777017359.0,No_Language5040,911.0,530.0820449813069,1.718601881774973,61.19064091174449,1.0,4
AskIndianWomen,1srdzmw,What is the most tonedeaf thing you've seen someone with pretty privelege say?,410,0.96,133,1776747713.0,finestien7890,3214.0,1707.2709376444916,1.8825365846350848,6.900315808678868,0.0,3
AskIndianWomen,1skz09b,What are some basic feminine things every girl should know?,406,0.92,123,1776142850.0,vamppicklemorty,1524.0,1642.51188578051,0.9278471670089656,13.698228756417258,0.0,4
AskIndianWomen,1sl078k,Should traditions be followed only by woman!?,404,0.95,101,1776146712.0,Fast_Stuff_177,890.0,1008.0934595451864,0.8828546515930521,46.5121350227611,1.0,4
AskIndianWomen,1seug6y,Why do guyz think that calling us 'Didi' will offend us?? Lol,399,0.87,133,1775564646.0,Worldly_Pop9770,,,,27.28050648523725,0.0,3
Cricket,1sva3wd,KL Rahul registers the highest individual score by an Indian in IPL history with,4048,0.97,233,1777117999.0,GiveMeSomeSunshine3,1700421.0,415.2194890352201,4095.234074756461,329.59994330360837,2.0,5
Cricket,1skfpsa,Praful Hinge becomes the 1st bowler in 19 years of IPL history to take 3 wickets,3754,0.99,185,1776097193.0,GiveMeSomeSunshine3,1700421.0,415.2194890352201,4095.234074756461,523.2132614532054,3.0,5
Cricket,1snb5ne,"Jasprit Bumrah has now gone wicketless for 5 matches (19 overs) in IPL 2026, lon",3571,0.99,342,1776362259.0,Own_Pin5680,237300.0,1704.01824032103,139.25907269354911,73.68625906426716,0.0,5
Cricket,1sx5ogc,Delhi Capitals' 13/6 is the lowest powerplay total in IPL history,2931,0.98,123,1777300815.0,GiveMeSomeSunshine3,1700421.0,415.2194890352201,4095.234074756461,458.9725040397901,2.0,5
Cricket,1sspecl,"Ajitesh Argal, who was the POTM in the final of ICC U-19 WC 2008, made his IPL d",1996,0.99,66,1776872945.0,GiveMeSomeSunshine3,1700421.0,415.2194890352201,4095.234074756461,30.483939487086285,0.0,5
Cricket,1svf2yu,Vaibhav Sooryavanshi becomes the 1st uncapped player to score 2 IPL hundreds.,1966,0.99,164,1777130635.0,GiveMeSomeSunshine3,1700421.0,415.2194890352201,4095.234074756461,224.0731241764649,3.0,5
Cricket,1scdt87,Ashok Sharma bowls fastest ball of IPL 2026. Clocking 154.2 KMPH in 16th over.,1948,0.99,130,1775320463.0,arao81,4775.0,702.4078490674412,6.798044763223498,256.5804461570057,1.0,4
Cricket,1sd7n3s,Bhuvneshwar Kumar becomes the first pacer to 200 IPL wickets,1907,0.99,72,1775405615.0,Prof_XdR,408270.0,2065.1132230840844,197.69860336775184,114.6966384056781,2.0,5
Cricket,1simdmb,First Centurion of every IPL season:,1893,0.99,85,1775922021.0,GiveMeSomeSunshine3,1700421.0,415.2194890352201,4095.234074756461,251.017382567834,2.0,5
Cricket,1shtlw0,Vaibhav Suryavanshi with an explosive innings against RCB scoring 78(26),1888,0.98,255,1775842933.0,oklolzzzzs,2638666.0,1496.5970753475583,1763.110488096615,284.0220010725027,1.0,5
Cricket,1sqt9bg,Tilak Varma brings up his maiden IPL hundred in 45 balls.,1766,0.98,100,1776700251.0,GiveMeSomeSunshine3,1700421.0,415.2194890352201,4095.234074756461,136.25338390696703,2.0,4
Cricket,1sx8o1u,Virat Kohli becomes the first player to score 9000 runs in the IPL,1718,0.98,104,1777307104.0,GiveMeSomeSunshine3,1700421.0,415.2194890352201,4095.234074756461,357.2303971855431,4.0,5
Cricket,1snrp53,Quinton de Kock became the first overseas player and third overall to score hund,1581,0.99,61,1776403505.0,DriveItLikeBrian,15190.0,60.57128135941095,250.77891137661945,98.63981687918044,1.0,5
Cricket,1swgv12,LSG woes at home continue....,1491,0.99,118,1777231293.0,pulsarian_13,42061.0,2222.211746502985,18.92753922581405,59.76742206011029,0.0,4
Cricket,1srrt0p,Highest Individual Scores in IPL history: Abhishek Sharma occupies 2 out of 5 sl,1485,0.98,130,1776786850.0,GiveMeSomeSunshine3,1700421.0,415.2194890352201,4095.234074756461,76.72837910132827,2.0,5
Cricket,1sx5n84,Delhi Capitals become the 1st team to lose 6 wickets before 10 runs in IPL histo,1477,0.99,94,1777300740.0,GiveMeSomeSunshine3,1700421.0,415.2194890352201,4095.234074756461,257.3955590075153,2.0,5
Cricket,1sul3m3,Virat Kohli has joined the 300 6s club in IPL; only the third batter to do so,1462,0.97,75,1777049065.0,Own_Pin5680,237300.0,1704.01824032103,139.25907269354911,50.99690537207444,1.0,5
Cricket,1spzr5l,Blessing Muzarabani got banned for breaching a contract which was never signed.,1458,0.97,115,1776620757.0,el_jefe_del_mundo,32530.0,2139.267361463739,15.206140469390505,18.904662245034828,0.0,5
Cricket,1swsymo,Tim David and Romario Shepherd Enjoying Gully cricket in India,1448,0.99,81,1777262902.0,Initial-Shoulder5906,107320.0,1337.4089546900684,80.24471469526715,54.86182611062772,0.0,5
Cricket,1svdd8o,Punjab Kings register the highest successful run-chase in IPL as well as T20 cri,1411,0.99,169,1777126546.0,GiveMeSomeSunshine3,1700421.0,415.2194890352201,4095.234074756461,229.62610422145775,2.0,5
Cricket,1sh22sk,Brazil’s Laura Cardoso emotional after taking a 9-fer against Lesotho,1406,0.99,57,1775768181.0,marco7788,27744.0,2055.2882740706373,13.49883631898076,5.931337934837956,0.0,5
Cricket,1sq099m,Punjab Kings make history as the first team to remain unbeaten in the first six ,1345,0.99,99,1776621828.0,GiveMeSomeSunshine3,1700421.0,415.2194890352201,4095.234074756461,30.25631587325389,0.0,5
Cricket,1srrbgd,Abhishek Sharma now has the joint-most T20 hundreds by an Indian batter,1331,0.98,124,1776785822.0,GiveMeSomeSunshine3,1700421.0,415.2194890352201,4095.234074756461,57.98571092796915,1.0,5
Cricket,1spsw46,"The Chinnaswamy Stadium, Bengaluru, becomes the 1st stadium to host 100 IPL game",1274,0.98,42,1776605024.0,Only-Trying-,15680.0,970.6169942284956,16.154672845454765,51.042860117317325,0.0,5
Cricket,1t0nqmt,"98,697 fans were in attendance for GT vs RCB, the highest for this season yet.",1276,0.98,77,1777625168.0,cxletron,30603.0,2052.5487706497806,14.90975534301771,127.12992919035621,1.0,5
Cricket,1sg0q1u,GT pulled off a thriller as they win by 1 run against DC in IPL 2026,1121,0.98,175,1775671837.0,Prof_XdR,408270.0,2065.1132230840844,197.69860336775184,225.75826289637416,3.0,5
Cricket,1skacgc,Northwood CC having some sightscreen issues on the first weekend of the season,1105,1.0,44,1776085712.0,CarnivalSorts,367940.0,2587.970508833994,142.17318116417596,252.17176424009807,1.0,5
Cricket,1svfhin,KL Rahul receives PLAYER OF THE MATCH award for his unbeaten and record-breaking,1037,0.99,66,1777131602.0,JKKIDD231,693020.0,2158.3298419142707,321.0908669016711,108.01683727677828,1.0,3
Cricket,1stezxo,Jude Bellingham shares his love for cricket after he was announced as a new inve,988,0.99,94,1776940609.0,SkySports,108988.0,1528.8081781380567,71.28951922061081,119.61580277304611,1.0,5
Cricket,1shh33x,Pitch invader during the Sydney Kangaroos innings in the Brisbane Champions Leag,980,0.99,78,1775811389.0,CarnivalSorts,367940.0,2587.970508833994,142.17318116417596,58.44584318463119,0.0,5
IndianFood,1sxwk9a,Why is Soy rare in our cuisine despite us being in the vicinity of China and tra,400,0.96,67,1777369192.0,hurricane_news,204437.0,2597.381244410566,78.7088920580828,104.28941952026634,1.0,4
IndianFood,1sz4eke,Nani’s Garam masala🫶🏼,240,0.96,33,1777481354.0,Forsaken-Audience-12,170.0,1614.1802135434718,0.1053166174220495,112.95868325850242,1.0,5
IndianFood,1szfrwp,Why in the world is Indian food so expensive?!!!,234,0.83,261,1777506748.0,Postmateit,10013.0,1946.8909735472448,5.143071767268132,11.970330103243365,0.0,5
IndianFood,1sittjt,"Need ""THE"" Indian dessert to win a very serious (and slightly petty) bet ;)",97,0.87,202,1775938869.0,Astronaut_in_Sea,1398.0,25.85254887557968,54.07590588951757,17.209351282655643,0.0,5
IndianFood,1su3a1g,Indian food for my neighbors,85,0.94,149,1776998738.0,IndiHippi,278.0,985.970524915846,0.2819556903323532,16.603151271151802,0.0,5
IndianFood,1sqgp5r,What Percentage of Indian Food Is Actually Native?,84,0.75,119,1776664546.0,Classic-Sentence3148,38888.0,2056.2896379011345,18.911732706922155,17.220659243532523,0.0,5
IndianFood,1t17ja0,You can make papads in the microwave!,51,0.89,44,1777673302.0,melatonia,126566.0,5044.660564481307,25.08910131459232,6.075416012702545,0.0,5
IndianFood,1sua847,What is your go-to food order at an Indian restaurant?,53,0.86,106,1777020986.0,LaiBhaariMulgi,4185.0,1980.6612636728364,2.112930704889715,16.19690165322244,0.0,5
IndianFood,1smo3k5,Trying Rogan Josh,50,0.84,56,1776299568.0,BSUFan07,9747.0,3187.1904822432057,3.0581793131924373,23.317320640853353,0.0,5
IndianFood,1t0zptb,Eggplant/brinjal/baingan is a range and it a single vegetable,40,0.89,32,1777655884.0,desi-auntie,8968.0,239.94989175066075,37.37446987189693,127.19747501345714,1.0,5
IndianFood,1sn3qoa,Apart from Indian cuisine what is your favourite cuisine?,37,0.86,98,1776346535.0,Adventurous-Board258,28102.0,954.6996711528246,29.435434879815247,46.042255665048685,0.0,5
IndianFood,1sd0io0,Tips for getting through the gas shortage: India,38,0.86,11,1775386027.0,pegasusfree,16545.0,2174.5208894005445,7.608572573685875,36.58975911865255,0.0,4
IndianFood,1swa0k8,I'm allergic to lentil but am able to eat poppadoms?,32,0.82,36,1777216046.0,Few-Card8875,407.0,242.20726340935187,1.6803790037961566,12.176876739561518,0.0,5
IndianFood,1sjjur5,"If gajar ka halwa is a laborious seasonal sweet, how come it’s a common dessert ",37,0.84,31,1776012899.0,RhubarbBusy7122,1543.0,1005.6940421566092,1.5342638370325756,20.10755918960285,0.0,5
IndianFood,1szs7gj,Here are my simple Tamil dish recipes for beginners,30,0.75,21,1777545015.0,Best-Project-230,58083.0,995.2182150989826,58.36207488849385,23.595495731179476,0.0,5
IndianFood,1sji3gb,"Built a crowd-sourced map of 2,900+ biryani spots across India, every regional s",28,0.88,14,1776008946.0,abhilashst1,559.0,2439.3608601363085,0.2291583869918958,5.56199172067789,0.0,5
IndianFood,1shjvkr,How many of ya'll use pressure cookers for everyday cooking?,29,0.8,91,1775820644.0,LaiBhaariMulgi,4185.0,1980.6612636728364,2.112930704889715,22.55343785462503,0.0,5
IndianFood,1sfdn9w,"I'm a young adult with little to no cooking experience, and desire to make India",28,0.88,39,1775607947.0,One-Material-9466,130.0,618.2669664514921,0.2102651557564648,22.0548169266497,0.0,5
IndianFood,1swm7k0,How is dahi/curd consumed where you're from in India?,27,0.85,57,1777243990.0,Putrid_Sympathy7276,4556.0,1990.1477562528128,2.289277258779192,15.357805576667769,0.0,4
IndianFood,1siakw4,Delicious North-South Fusion Foods,24,0.84,28,1775886159.0,pegasusfree,16545.0,2174.5208894005445,7.608572573685875,32.523981438764416,0.0,5
IndianFood,1sxdjt0,Sanjyot Kheer - Chef and Krish Ashok have a beautiful video regarding Indian Foo,23,0.77,12,1777317244.0,ibarmy,204004.0,3470.627908932592,58.78014162075428,25.76235705373002,1.0,5
IndianFood,1sewg8n,Healthy 20-min meals for someone living alone? Running out of ideas!!,20,0.87,65,1775569552.0,adiihooyaar,145.0,342.9562740313317,0.4227944230195162,24.831171334613995,0.0,5
IndianFood,1sw8yo8,Why is my chai coming out watery / not spicy? Please critique my recipe!,17,0.79,30,1777213591.0,acurazine,59443.0,4444.811949223021,13.373569158621208,34.26564723535735,0.0,5
IndianFood,1scmm5v,What food is this,16,0.8,8,1775341489.0,Bill_skis,1069.0,2380.2420530894565,0.4491139876351995,8.923725152398989,0.0,5
IndianFood,1syjps2,What are the go to Indian spices?,14,0.77,49,1777423906.0,sopchuy,301.0,82.57277308562564,3.6452693636420745,14.730667515638462,0.0,5
IndianFood,1stfyy7,Trying to recall an Indian sweet,13,0.79,36,1776943593.0,mashed-batata,8222.0,645.5799323026395,12.735835778962276,12.437253320760608,0.0,5
IndianFood,1ssfa7k,Homemade Chicken Tikka Masala - Looking for feedback on my technique,15,0.85,51,1776846033.0,AcanthaceaeOk8183,77.0,1356.2730220667825,0.0567732298344046,16.56785002723115,0.0,5
IndianFood,1sl7p1n,Basic Go-To Stir-Fry Recipes,15,0.89,0,1776170816.0,LaiBhaariMulgi,4185.0,1980.6612636728364,2.112930704889715,,,0
IndianFood,1sk5vm0,No luck finding South Indian cooking videos :(,14,0.72,45,1776072864.0,Possible-Star-9150,672.0,509.5549541720141,1.3187978931378384,2.9086744882608437,0.0,5
IndianFood,1skgkyd,Best butter for ghee,14,0.82,54,1776098973.0,Technical-Escape-419,2663.0,361.19699492254745,7.372708071868192,25.996425942660117,0.0,5
BollyBlindsNGossip,1sj5zgw,Ranveer having to tone down his colorful personality just to be liked by the gen,7975,0.91,407,1775972681.0,WolfAffectionatefk,55361.0,475.2883895095962,116.47875526082515,56.50292134405088,0.0,3
BollyBlindsNGossip,1spjotk,Deepika announces her second pregnancy ✨,6188,0.92,559,1776575200.0,SugarfreeJalebi,62478.0,1286.265663593508,48.57316942244414,13.850498730018199,0.0,4
BollyBlindsNGossip,1ssmqr5,Sara Arjun for Femina India:,5452,0.97,298,1776867206.0,GiveMeSomeSunshine3,1700586.0,415.2299179554869,4095.528589012473,1065.567979026252,1.0,4
BollyBlindsNGossip,1sk502z,"Asha ji received Guard Of Honour,and rightly so 🙏",4540,0.98,61,1776069721.0,SerialEntrepreneur01,37428.0,705.5893989338422,53.04501464528004,60.30932617251645,0.0,4
BollyBlindsNGossip,1sxuugm,58 years old Akshay Kumar calling 9 year younger Jisshu Sengupta 'Papa' and roma,4070,0.96,312,1777363086.0,CrazyHeart99,51514.0,2671.308975597929,19.28417883164168,17.776306401849293,0.0,4
BollyBlindsNGossip,1sw34oc,Rihanna with the Ambanis at Antilia,3897,0.95,486,1777196495.0,GiveMeSomeSunshine3,1700586.0,415.2299179554869,4095.528589012473,32.179432401340215,0.0,4
BollyBlindsNGossip,1szxuf9,This video of Genelia with her kid is so freaking adorable!,3376,0.96,183,1777559674.0,nishantatripathi,308043.0,4162.354412638854,74.00691278585923,123.21488817239894,1.0,4
BollyBlindsNGossip,1snc58e,Anushka ke pati ka algrothim is wilding. Mark zuckerberg should resign imo,3343,0.96,432,1776364327.0,Leather_Community775,25634.0,284.58244466097267,90.07583032937316,99.66280495749739,1.0,3
BollyBlindsNGossip,1syplow,Today’s nepobabies &amp; audience don’t know how tough was it for Karisma Kapoor,3276,0.96,263,1777440643.0,Janaab_e_Marvel_3000,339086.0,1936.2147900728248,175.12829761374064,144.80642001784275,2.0,4
BollyBlindsNGossip,1sj7dri,Tacky Ambanis are the worst thing to have happened to celeb culture &amp; I am s,3273,0.92,272,1775977383.0,Janaab_e_Marvel_3000,339086.0,1936.2147900728248,175.12829761374064,90.57270772122571,0.0,3
BollyBlindsNGossip,1soyd5k,A sad reality of Bollywood (and every glamour-related industry). Veteran actor S,3218,0.97,99,1776520712.0,BombayJeans,105931.0,2250.964229220671,47.06027693593134,63.69819654940935,0.0,3
BollyBlindsNGossip,1sd90lw,"""Dhurandhar se sabki jali to hai. Bomb fute lyari me lekin dhura bandra se leke ",3078,0.95,192,1775408849.0,God_Emperor__Doom,143700.0,59.715364777997685,2406.4158451385147,85.24259872967923,1.0,3
BollyBlindsNGossip,1sm8z6c,"Upasana Singh - ""Kapil Sharma asked Shah Rukh Khan to call me ugly and insult me",3055,0.97,168,1776266073.0,Griezzyy,87418.0,222.0553657007162,393.67659378166536,26.973003151862184,0.0,3
BollyBlindsNGossip,1sk6i5j,The career downfall of these four should be studied.,2957,0.97,401,1776075024.0,Janaab_e_Marvel_3000,339086.0,1936.2147900728248,175.12829761374064,161.87262021167055,1.0,4
BollyBlindsNGossip,1sdmypg,Alia’s Hosting Skills = Painful.,2715,0.96,111,1775443882.0,Shaitaan-Haiwan,109993.0,567.7500559726744,193.7348994383788,66.98451881818143,1.0,4
BollyBlindsNGossip,1sqlwgm,He is such a misfit for this movie!!,2690,0.97,328,1776682615.0,BiscottiOk120,17604.0,204.18386688034843,86.21641008648312,120.44694042246317,1.0,4
BollyBlindsNGossip,1sjbwmu,Athiya shetty Uploaded lata Mangeshkar picture instead of Asha bhosle after the ,2656,0.98,154,1775992989.0,God_Emperor__Doom,143700.0,59.715364777997685,2406.4158451385147,16.803931556341862,0.0,4
BollyBlindsNGossip,1skyj6b,Director Kunal Kohli says the industry was rooting for Dhurandhar’s failure,2600,0.96,199,1776141349.0,Glad-Ad5911,,,,14.746167100059473,0.0,4
BollyBlindsNGossip,1sxtu6w,Which unmarried ex couple can break the internet if they get together &amp; marr,2594,0.95,487,1777359552.0,Janaab_e_Marvel_3000,339086.0,1936.2147900728248,175.12829761374064,20.807663345087025,0.0,4
BollyBlindsNGossip,1t00io1,Never expected this from Aamir Khan,2563,0.93,161,1777564823.0,ZealousidealTank1353,35820.0,1593.5018508171538,22.47879409843884,89.90093727337796,1.0,4
BollyBlindsNGossip,1sujps0,The first pics leaked of iconic couples who were then rumored to be dating.,2337,0.98,206,1777046121.0,Janaab_e_Marvel_3000,339086.0,1936.2147900728248,175.12829761374064,639.7984594975397,1.0,4
BollyBlindsNGossip,1sk7wh9,Superstars like SRK and Salman happily attend the most random Ambani events from,2284,0.93,233,1776079334.0,PsychologicalAlarm91,1021.0,2063.0533437636327,0.4948975280190222,81.52737518325789,1.0,4
BollyBlindsNGossip,1srdoll,Who are some of the rarest actresses who never got involved with a married/taken,2272,0.9,458,1776746788.0,Janaab_e_Marvel_3000,339086.0,1936.2147900728248,175.12829761374064,120.13383918638749,1.0,3
BollyBlindsNGossip,1suj8ra,The changing faces of male stars. Female actors are often judged for plastic sur,2268,0.97,469,1777045095.0,writerrani,128686.0,2988.369605397408,43.06227709168749,188.06863387361818,2.0,4
BollyBlindsNGossip,1sc4bxb,Rakesh Bedi gets a standing ovation from a houseful audience at a recent theatre,2236,0.99,59,1775293143.0,GiveMeSomeSunshine3,1700586.0,415.2299179554869,4095.528589012473,26.18624733466445,0.0,4
BollyBlindsNGossip,1sgen9d,Prabhas and Sandeep Reddy Vanga were spotted watching Dhurandhar: The Revenge at,2174,0.97,138,1775706102.0,WolfAffectionatefk,55361.0,475.2883895095962,116.47875526082515,4.970580050669777,0.0,2
BollyBlindsNGossip,1t0ohrz,Sara Arjun for Elle India (April 2026),2150,0.96,218,1777627811.0,GiveMeSomeSunshine3,1700586.0,415.2299179554869,4095.528589012473,184.74076521863068,1.0,4
BollyBlindsNGossip,1sn926y,Kangana on DP's 8 hour shift demand - Video,2135,0.98,176,1776357930.0,EfficientHospital900,145574.0,1386.2777352996309,105.01070333394308,112.2473336664248,2.0,4
BollyBlindsNGossip,1shebby,And she is a doctor!!!,2128,0.93,447,1775801561.0,Salty_Performance950,5540.0,1229.9930344820243,4.504090547417619,45.62241895542904,0.0,4
BollyBlindsNGossip,1sprkgl,"Ranveer Singh x Adidas India, official announcement:",2117,0.97,120,1776601493.0,GiveMeSomeSunshine3,1700586.0,415.2299179554869,4095.528589012473,15.837821489352306,0.0,4
developersIndia,1sv9mwm,"started with a raspberry pi, now i run an entire AWS region at home",4938,0.96,645,1777116542.0,0xN1nja,12754.0,1110.117467569364,11.488874261140374,6.397798945685434,0.0,4
developersIndia,1sg5en8,Built this component using expo and gyrometer for fun.,2861,1.0,105,1775682063.0,Separate-Swim-8436,2627.0,202.0676372379396,13.000597403465669,23.06979016076018,0.0,4
developersIndia,1sd1mk9,I created the Indian Flag using HTML and CSS with proper proportions.,2270,0.94,210,1775389833.0,Mindless_Head_6526,1679.0,100.25116234455948,16.747935492551598,5.5963241336518434,0.0,4
developersIndia,1sfq8h9,I went from ₹10K intern to running my own company. Sharing every salary number s,1716,0.97,206,1775648061.0,Ok_Pineapple_5163,2475.0,1671.3864865123949,1.480806516010829,6.725686894729958,0.0,3
developersIndia,1stolv6,reverse engineered an old telephone into a music player,1665,1.0,79,1776963614.0,studious_gamer,5952.0,2143.093749052893,2.777293341754365,12.252855744498463,0.0,4
developersIndia,1t0uzwq,Having a family is a disadvantage for career progression in India,1592,0.93,234,1777645671.0,timukh,1668.0,2821.527900110243,0.5911690612504054,12.666423047275519,0.0,4
developersIndia,1sqdhai,"Got the teams call - ""Important Team Update"" from Business Unit",1462,0.99,72,1776654664.0,Excellent_Effort6030,672.0,990.544281115485,0.678414900587017,9.966413255857553,0.0,4
developersIndia,1sv2fh7,"3LPM in-hand salary, 16 months shelf life. reality nobody talks about",1422,0.96,148,1777092181.0,lays_indian_masalaaa,29607.0,230.10195670662105,128.6690492499757,11.201066914072063,0.0,3
developersIndia,1svher3,What is the coolest website you’ve visited that no one knows about?,1392,0.99,265,1777136068.0,callLx,789.0,55.510673853680494,14.2134826552405,7.732739662350561,0.0,5
developersIndia,1sk615k,"Got taken off project last week, meeting with HR in an hour.. guess I'm getting ",1368,0.98,205,1776073432.0,RCuber,165826.0,4868.375100582465,34.06187825998867,14.399872915561211,0.0,4
developersIndia,1srzoft,"Got hired in JP morgan with this resume, check it out",1189,0.94,240,1776803200.0,desi_coder04,4499.0,161.95374222687548,27.77953715757617,9.693068126808061,0.0,4
developersIndia,1t1f5j4,I started building a 64-bit OS in rust during my board exams and yesterday I got,1151,0.98,166,1777694202.0,thatmagicalcat,7851.0,796.3926198920138,9.858202856104503,1.5519214874038263,0.0,4
developersIndia,1sdv9mb,I built a skill that makes LLMs stop making mistakes,1062,0.98,59,1775472063.0,Mr_BETADINE,5803.0,2078.2537524957515,2.792248055864806,4.231740843884309,0.0,4
developersIndia,1sj9vs7,“Just doing your job well” is no longer enough for software engineers – 4 people,1016,0.99,133,1775986091.0,MujeSabPataaHai,8867.0,257.1119164678123,34.48692741205581,40.221371362475715,1.0,3
developersIndia,1slvk7d,"10 YOE, pregnant wife, joined a company ignoring Glassdoor red flags, got laid o",928,0.98,185,1776226606.0,Turbulent_Writing834,1565.0,301.276959404548,5.194555876735841,7.550839565264682,0.0,4
developersIndia,1sfhn2s,"After years of uncertainty, I was placed as SDE-1 with 8 LPA",916,0.99,148,1775618835.0,Soggy_Brilliant4728,658.0,1843.4904804988423,0.3569315963171924,1.455313378246818,0.0,3
developersIndia,1siao77,"My chaotic, exhausting, and rewarding 2-month job switch journey",889,0.98,156,1775886468.0,here_fo4_fun,882.0,203.82993609446893,4.327136714556099,16.40173727721268,0.0,4
developersIndia,1ssxs5y,"This Intern Has Been a Bit of a Nightmare for Me. Guys, use AI wisely.",883,0.98,115,1776890829.0,yo-caesar,10409.0,629.0601453901606,16.54690744005734,12.450983381450614,0.0,4
developersIndia,1syby35,Doing my first switch and sharing current market trend,878,0.99,124,1777405315.0,Psychological_Two978,1215.0,1993.239891048518,0.6095603471797191,6.843026998238009,0.0,4
developersIndia,1srpt6r,"Went in for a call to discuss my hike, got laid off",870,0.98,153,1776782811.0,LOfP,1795.0,3919.092866677002,0.4580141530358733,10.003058093166977,0.0,3
developersIndia,1sjz8z5,I was taking an interview for sde3 that day and i asked about,861,0.97,63,1776050602.0,jaun_speaks,19737.0,1569.0976012268277,12.578567441928572,6.477011693499474,0.0,4
developersIndia,1slupl2,I am sick and tired of the constant upskilling expectations in Indian IT industr,832,0.97,190,1776224126.0,_chungkingexpress_,16300.0,1220.422865946886,13.356026386275026,8.393247142449544,0.0,4
developersIndia,1soxb5p,"Around 8k roles to be eliminated at Meta Starting May 20th, 2026",820,0.98,79,1776517975.0,lays_indian_masalaaa,29607.0,230.10195670662105,128.6690492499757,21.227239206825068,0.0,4
developersIndia,1swjo5p,"Folks who got laid off, how's it going for you guys?",799,0.98,177,1777237697.0,Remote_Focus1863,4982.0,1556.573808629328,3.2006191883615203,5.395250347775762,0.0,4
developersIndia,1slzqgv,ML model accuracy is 90% but client wants it to be 100%,793,0.98,192,1776240589.0,abhunia,1867.0,1330.982253991782,1.402723435568456,3.3944991272918523,0.0,4
developersIndia,1sepfx3,Around 15k roles to be eliminated at Amazon in May 2026,787,0.98,90,1775548039.0,lays_indian_masalaaa,29607.0,230.10195670662105,128.6690492499757,6.33525737797933,0.0,5
developersIndia,1sj8fcy,I built this component to simulate shredding a degree,788,0.96,35,1775980905.0,Separate-Swim-8436,2627.0,202.0676372379396,13.000597403465669,27.75106950146474,0.0,3
developersIndia,1ssbbhk,Company has reduced notice period from 90 to 30 days for organization wide,761,0.99,94,1776832708.0,Equivalent-Big6808,911.0,627.6670824818644,1.451406367206332,12.054967099988461,0.0,4
developersIndia,1t1nv1h,"After 2 months of no work, I finally got paid by an international client 💪",742,0.99,81,1777722951.0,Particular-Age-3576,8647.0,235.6309756716313,36.697212560245966,5.774714285461644,0.0,5
developersIndia,1skwua2,Client thinks he is superior to vendors and refuses to work beyond 5pm,739,0.9,106,1776136411.0,Mess_Emotional,6843.0,2055.6913503033447,3.3288071183401264,22.2731289264462,0.0,4
IndiaCricket,1su42y9,Akash Ambani walked off in the middle of MI's innings yesterday and asked the cr,3733,0.98,320,1777000965.0,God_Emperor__Doom,143700.0,59.715364777997685,2406.4158451385147,49.93156768008525,0.0,4
IndiaCricket,1svdif7,He was there during Mccullum 158 He was there during Gayle 175 He is here during,3616,0.99,75,1777126888.0,God_Emperor__Doom,143700.0,59.715364777997685,2406.4158451385147,42.09706197088866,0.0,4
IndiaCricket,1smdcgk,Virat Kohli - current orange cap holder of IPL 2026 at 37!!!,2708,0.98,97,1776275228.0,Additional-Battle10,116252.0,479.3859231428361,242.50190585041847,169.05127875121443,1.0,5
IndiaCricket,1sby4ny,Dhoni should write a book how did he manage to win that wc with these many huge ,2547,0.97,288,1775272257.0,Regular_Drama3393,53240.0,65.09653624237136,817.862256169416,92.16377668158738,0.0,4
IndiaCricket,1ssd8mr,Sakib Hussain bowled 12 overs this IPL so far. Blud didn’t concede a single six,2397,0.99,76,1776838927.0,Initial-Shoulder5906,107342.0,1337.420181730809,80.26049065678403,66.097050698867,0.0,3
IndiaCricket,1sfww44,Hardik Pandya just fumbled his chance to become Gujarat’s Dhoni/Kohli,2241,0.99,197,1775663743.0,asenze,4400.0,623.1145905578358,7.061301511269305,25.428159714933052,0.0,4
IndiaCricket,1sy8qyl,Riyan parag caught smoking?,2186,0.97,237,1777398584.0,kashyap1ankit,4680.0,638.5619995060866,7.328967279011082,34.607888191296354,0.0,4
IndiaCricket,1sl6grl,Muzarabani banned from PSL for two year on choosing IPL over PSL.,2183,0.99,115,1776167648.0,Niman-Laika,,,,33.88575521014731,1.0,4
IndiaCricket,1t02uwq,The aggression from Virat Kohli after Shubman Gill’s wicket,2159,0.96,203,1777569838.0,secondacc_to_delete,5191.0,454.12896695616894,11.430673614134417,14.67055085496146,0.0,4
IndiaCricket,1sx2frm,Preity Zinta with a savage reply to Yuzvendra Chahal’s opening dreams,2149,0.96,52,1777293503.0,poormasshole,60432.0,971.1294270874891,62.228574600237785,30.691294321288428,0.0,4
IndiaCricket,1shz365,"Virat Kohli signed Vaibhav's cap after the match, surely making the kid's day ev",2073,0.99,31,1775854851.0,cricfanatic4518,218889.0,301.32466973416786,726.4224339583826,17.458658580788544,0.0,4
IndiaCricket,1svefiw,KL Rahul becomes the first player in IPL 2026 to win POTM award in losing cause.,2029,1.0,51,1777129104.0,Initial-Shoulder5906,107342.0,1337.420181730809,80.26049065678403,265.6724025718083,1.0,3
IndiaCricket,1t0v17k,"An in-swinging yorker, Kyle Jamieson gets Vaibhav Sooryavanshi early",2013,0.99,133,1777645754.0,God_Emperor__Doom,143700.0,59.715364777997685,2406.4158451385147,23.4252586201158,0.0,4
IndiaCricket,1svfkhy,KLR literally went from 21 to 1 in an innings Outrageous!!,1945,1.0,23,1777131798.0,This-You-2737,61537.0,211.2856724553362,291.250226694895,1.6225653549630568,0.0,4
IndiaCricket,1skg27o,Praful Hinge becomes the 1st bowler in 19 years of IPL history to take 3 wickets,1893,0.99,58,1776097903.0,GiveMeSomeSunshine3,1700586.0,415.2299179554869,4095.528589012473,18.438552766112885,0.0,2
IndiaCricket,1spsdsq,Simply magnificent Dhruv Jurel!,1888,0.97,112,1776603718.0,sachintendulkar,88469.0,332.32188471649255,266.214787736516,26.839037914132774,0.0,5
IndiaCricket,1si7lw2,Wait a Min! How's this even allowed? Phone in a live match in RR Dugout?,1826,0.98,113,1775876997.0,Ill_Fennel9008,1367.0,57.419787997443365,23.80712377518472,39.31954616227036,0.0,3
IndiaCricket,1shtm3g,I see no difference here .. definitely he have that bat too,1785,0.99,88,1775842946.0,Mysterious_Beyond_39,10705.0,572.3515086879388,18.703541158719386,328.1894928019754,1.0,2
IndiaCricket,1sm38x9,True GOAT of Modern Cricket,1757,1.0,36,1776252306.0,SilenceStillness,117430.0,706.4507311235644,166.22532163458186,71.55340581608725,1.0,4
IndiaCricket,1t0uzlx,Kyle Jamieson's aggressive celebration after dismissing Vaibhav Sooryavanshi. Va,1646,0.94,287,1777645651.0,GiveMeSomeSunshine3,1700586.0,415.2299179554869,4095.528589012473,19.447744350933984,1.0,5
IndiaCricket,1sun3wg,Virat Kohli is again the current Orange Cap holder in IPL 2026.,1616,0.97,128,1777053394.0,GiveMeSomeSunshine3,1700586.0,415.2299179554869,4095.528589012473,21.647030391206364,0.0,5
IndiaCricket,1snptod,Shreyas Iyer gives a pat to himself for that spectacular catch.,1584,0.99,38,1776397746.0,Initial-Shoulder5906,107342.0,1337.420181730809,80.26049065678403,15.976442335542576,0.0,4
IndiaCricket,1t0kiyb,This was never going to be a run-out in any world whatsoever But out of his extr,1582,0.94,168,1777614271.0,God_Emperor__Doom,143700.0,59.715364777997685,2406.4158451385147,13.894484804619665,0.0,4
IndiaCricket,1so91ne,Three consecutive fifties in three different grounds.,1509,0.98,73,1776449924.0,Niman-Laika,,,,73.12747364064252,0.0,5
IndiaCricket,1svjcqq,Punjab playing this season like India in 2023 World Cup.,1503,0.99,89,1777140534.0,God_Emperor__Doom,143700.0,59.715364777997685,2406.4158451385147,70.7485337019148,0.0,4
IndiaCricket,1sf6oz7,Are we in a parallel universe?,1489,0.99,41,1775591416.0,kawaishigurachan,5456.0,1004.2009581243992,5.4331754574208615,7.140702083319799,0.0,4
IndiaCricket,1szy22a,How is this a completed catch? The ball touched the ground.,1465,0.94,206,1777560147.0,Itz_Raj69_,265896.0,1894.387188915682,140.35990190167763,20.7684243300705,0.0,4
IndiaCricket,1t1g75e,"Kyle Jamieson on Vaibhav Suryavanshi: ""I don't think I have ever been so fearful",1423,0.99,48,1777697382.0,God_Emperor__Doom,143700.0,59.715364777997685,2406.4158451385147,15.802907441396219,0.0,4
IndiaCricket,1srgwe9,Tilak Varma talks about his interaction with Hardik Pandya during the time-out,1418,0.98,72,1776757501.0,poormasshole,60432.0,971.1294270874891,62.228574600237785,112.53473895626574,1.0,4
IndiaCricket,1svb3g7,Lungi Ngidi had to be taken off on a stretcher into an ambulance for immediate m,1403,0.98,86,1777120766.0,GiveMeSomeSunshine3,1700586.0,415.2299179554869,4095.528589012473,48.83097230941256,0.0,5
bollywood,1sk0b32,The Prestigious Club openers of Bollywood! 🔥,6425,0.96,251,1776053724.0,Glittering_Ask_6693,49368.0,117.30211969732686,420.8619599320422,40.039084810733755,1.0,4
bollywood,1svxzve,This is my favourite scene in Bajrangi Bhaijaan. Salman Khan didn’t utter a sing,4666,0.95,169,1777179228.0,0Layscheetoskurkure0,383652.0,277.3923571643868,1383.0662240367428,70.8353670204236,0.0,4
bollywood,1sgjv9w,Aishwarya Rai and Sara Arjun as mother and daughter in Jazbaa (2015)... long bef,3863,0.99,67,1775723590.0,BombayJeans,105931.0,2250.964229220671,47.06027693593134,92.75276766996129,1.0,5
bollywood,1sxw7aw,"Was Akshay Kumar the first bollywood actor to shed the ego of a ""Hero"" and play ",2154,0.97,183,1777367910.0,UndeadReborn,167142.0,657.7392946270716,254.11588050971932,51.477861825006926,0.0,4
bollywood,1sc7yaf,Ang Laga De being equally appealing to the male &amp; female gaze.,1806,0.98,53,1775305622.0,padfoony,683965.0,1627.6695037312031,420.2112274218485,15.513625755708409,0.0,3
bollywood,1synu5j,Dhoom 2 was easily the best film of Dhoom franchise,1725,0.95,157,1777435247.0,Wise_Rip_1984,3802.0,33.51020378677106,113.4579790738524,96.62061457137261,1.0,4
bollywood,1sr0n8u,HOT TAKE : Major Iqbal did not needed to be humanised,1723,0.9,132,1776714482.0,Foreign_Evidence9781,6279.0,84.25711047649384,74.52190046027894,61.67320615536437,1.0,3
bollywood,1sfobwl,The revenge scene in Sarkar was truly elevated by Abhishek Bachchan’s terrific p,1522,0.99,90,1775641922.0,0Layscheetoskurkure0,383652.0,277.3923571643868,1383.0662240367428,45.19575152575774,0.0,3
bollywood,1sdt0b5,Sharad Kelkar is a great example of perfect casting for a legendary historical f,1311,0.99,23,1775463977.0,0Layscheetoskurkure0,383652.0,277.3923571643868,1383.0662240367428,23.449708053211918,0.0,2
bollywood,1stbct2,"Hey r/bollywood! I’m Mustafa Ahmed, aka Rizwan from Dhurandhar: The Revenge. Act",1225,0.96,464,1776927785.0,Mustafa_thebullahmed,3318.0,13.50991121613317,245.59746891879897,298.6254306699741,1.0,4
bollywood,1sc54yz,Adipurush has set the bar too high for any new take on this story. Although Mano,1165,0.92,112,1775296180.0,0Layscheetoskurkure0,383652.0,277.3923571643868,1383.0662240367428,497.41061301353784,3.0,4
bollywood,1sozwox,"Was watching Saiyaara, found Aneet very below average in terms of acting!",1105,0.9,263,1776524400.0,vibewithme7,11989.0,180.6771754953486,66.35591887647507,26.55324891166981,0.0,4
bollywood,1snm1d1,"Anybody else addicted to Jimmy Shergill's ""AAAAAA"" background music from A Wedne",1081,0.99,77,1776387348.0,GyaneAryan,56828.0,2541.7661225655206,22.35768251669076,15.214527055786471,0.0,4
bollywood,1sjadpk,"Movie Detail: In Sarfarosh, despite playing an IPS officer, Aamir Khan never wor",1088,0.97,76,1775987871.0,PressFtoGiveRespects,127110.0,1990.9701353574296,63.84324794363655,52.802984205600644,1.0,3
bollywood,1ssviyu,At some point of time in your career you have to realize blowing up cars is not ,1027,0.98,57,1776885872.0,UndeadReborn,167142.0,657.7392946270716,254.11588050971932,29.00767436257808,0.0,4
bollywood,1shj2at,"With Cocktail 2 around the corner, can't help thinking that the original will st",950,0.97,40,1775818146.0,Electronic-Glove-714,2793.0,224.3795144159016,12.447660417086912,217.3328321057211,1.0,4
bollywood,1t00bnp,"One man has in just about a decade ruined all the goodwill with the public, acti",936,0.96,103,1777564417.0,UndeadReborn,167142.0,657.7392946270716,254.11588050971932,47.139077634977504,0.0,3
bollywood,1slt9y6,FAN turns 10. Arguably SRK's best performance. One of the biggest carryjobs by a,917,0.91,57,1776220202.0,ethanhunt555,132620.0,381.3691904723148,347.74702129386475,158.91106104636356,2.0,4
bollywood,1spwnpt,Highest Grossing Bollywood Actors of 2020s so far.,905,0.95,154,1776613872.0,SevereSuspect3215,6676.0,944.376577132256,7.069213872576865,21.017215232636197,0.0,4
bollywood,1srra2t,"Two A-listers, amazing songs… and still a forgettable film?",876,0.99,120,1776785745.0,Ok_Bluebird1842,26567.0,552.2831018467826,48.10395232293448,13.729359700268779,0.0,4
bollywood,1sv2gfb,"Bhooth Bangla is the first clean hit for Akshay Kumar since OMG 2 in 2023, and n",815,0.96,74,1777092263.0,Griezzyy,87418.0,222.0553657007162,393.67659378166536,144.4319792313182,1.0,4
bollywood,1sigmod,Bhoi got unlucky again 😭,787,0.96,146,1775907136.0,ChilledVansh,558.0,1220.0279820628575,0.4573665589673754,25.487596284323295,0.0,4
bollywood,1sevgxo,Can we say that Parineeti Chopra actually was suitable for girl next door roles?,725,0.96,73,1775567226.0,KakashiUchiha30,1210.0,371.7868534954637,3.2545529478082083,74.14608435332477,0.0,3
bollywood,1sw9ohf,This was such a badass entry scene 📈,724,0.98,39,1777215286.0,Wise_Rip_1984,3802.0,33.51020378677106,113.4579790738524,37.08882384064577,1.0,4
bollywood,1syz7w7,"This scene from PINK gave goosebumps to everyone present in the theatre , Amitab",692,0.98,20,1777470198.0,Responsible_Oil1046,61451.0,181.38270344435065,338.79195112368336,42.58988491258735,1.0,4
bollywood,1sky7rb,Tom Cruise and Aamir Khan are both known to be obsessive about their films to th,693,0.95,181,1776140385.0,stan_films,38512.0,643.683783833161,59.83062020089989,95.34531108475356,1.0,5
bollywood,1sp88vg,"Kareena Kapoor Khan, Aishwarya Rai Bachchan, Preity Zinta and Rani Mukerji",688,0.98,57,1776543514.0,Red99it,102885.0,2271.953367790185,45.28482030424378,6.87582986170146,0.0,4
bollywood,1siam8p,This film basically defined my entire childhood summers,643,0.99,44,1775886288.0,padfoony,683965.0,1627.6695037312031,420.2112274218485,20.555523422869317,0.0,4
bollywood,1sj6h7a,"In this striking moment from Gangaajal, a mob driven by revenge faces off agains",647,0.98,31,1775974300.0,0Layscheetoskurkure0,383652.0,277.3923571643868,1383.0662240367428,407.3327947166477,1.0,4
bollywood,1side9n,"Bhansali has made better films, but Hum Dil De Chuke Sanam will always remain my",627,0.96,48,1775895894.0,0Layscheetoskurkure0,383652.0,277.3923571643868,1383.0662240367428,406.6461724804729,1.0,4
IndianStockMarket,1sx2woh,"I started with ₹500 and zero clarity. 7 years later, I hit ₹1 crore at 27.",5154,0.94,775,1777294653.0,Ministoic,2619.0,143.1306589693852,18.297966479426247,12.767341460070917,0.0,4
IndianStockMarket,1sxprsu,Cheat Code *I got Money* 😭,3685,0.97,79,1777346784.0,SageSingh,2721.0,601.0257241500693,4.527260466010598,5.118725139660101,0.0,4
IndianStockMarket,1szksod,Good morning 👋,2775,0.95,208,1777520399.0,AlpsAccomplished2332,8801.0,1526.074916506749,5.767082536253112,32.68406542893679,0.0,4
IndianStockMarket,1svbvno,me holding to zero instead of selling for a loss,2386,0.99,58,1777122813.0,ChartSage,17163.0,134.59372606757063,127.51708791673984,78.97380156482639,1.0,4
IndianStockMarket,1so38zf,Long live Trump uncle 😎,2022,0.97,36,1776437492.0,Monkey2Human,6511.0,267.9904699359724,24.295640070915923,2.1552261425723485,0.0,3
IndianStockMarket,1sr3vvu,Randomly bought this when it was a penny stock.,1942,0.98,116,1776721045.0,PainterSimple7241,1565.0,1863.417093099248,0.8398549126739421,1.03997770792751,0.0,3
IndianStockMarket,1sg10o2,Thanks for the market God’s today,1816,0.97,304,1775672473.0,Coldvibe1,4249.0,1882.055062467384,2.257638516924972,9.47515230402022,0.0,4
IndianStockMarket,1sqiaqj,My father sent me a list of stocks to research which stocks from this list are w,1770,0.93,316,1776669975.0,SwiPerHaHa,24091.0,49.07622450833243,490.88943253794304,27.48701169792867,0.0,4
IndianStockMarket,1srluyd,New Idea from Nethanol Tollkari,1688,0.96,483,1776773632.0,Cold_Alternative_517,11785.0,555.3592898317233,21.22049674107534,41.56769568343261,1.0,3
IndianStockMarket,1sxxt4y,After increasing fares by almost 25% still not profitable?,1576,0.97,126,1777373249.0,happycat07,93290.0,2922.3212591481124,31.923252690977247,12.184862344815059,0.0,4
IndianStockMarket,1sgm593,For real🫠,1520,0.99,29,1775731668.0,_MR_CriticaL_,7806.0,190.5070238491424,40.97486718485178,3.012696039973451,0.0,1
IndianStockMarket,1t0ok1v,What is happening with pound to inr?,1520,0.96,166,1777628030.0,Puzzleheaded-Row-477,3504.0,1991.9430178384373,1.7590864641310753,11.283931446835961,0.0,4
IndianStockMarket,1slcdes,Achieved a 5cr equity portfolio long time dream,1486,0.98,168,1776181307.0,93ph6h,32828.0,1495.3795089718176,21.95295562299877,7.359447636177791,0.0,4
IndianStockMarket,1sse26t,Best place for Trading 😅,1208,0.97,26,1776841695.0,aammman5,959.0,99.35870389717596,9.651897240854176,20.7440391866081,0.0,4
IndianStockMarket,1sw8e13,stock 5 seconds after i sold,1064,0.99,39,1777212196.0,ChartSage,17163.0,134.59372606757063,127.51708791673984,81.88667685928037,1.0,4
IndianStockMarket,1ss9yb4,Sugarcane juice straight into the vehicle! 🙂,1029,0.98,116,1776828740.0,_pranith_reddy,1039.0,1823.09677766067,0.5699094051020188,29.96152563476382,1.0,4
IndianStockMarket,1shofnc,Reddit made me realize why equities can’t make everyone rich,933,0.96,93,1775831963.0,Best_Piece_4572,4294.0,594.3271957054044,7.224976462508113,8.088769023086456,0.0,4
IndianStockMarket,1smaw3s,Okay so the fall is almost over what's the one stock for you.,899,0.96,290,1776270089.0,dalalstreetgambler,5989.0,778.8886307659496,7.689160893400754,2.541545366134599,0.0,4
IndianStockMarket,1sosmb3,US and Iran behaves like Teenagers,866,0.95,63,1776503281.0,platofromgreece,1212.0,25.10669007038077,48.27398580228775,24.695133446422286,1.0,4
IndianStockMarket,1sgol6o,MONKEY SEE GREEN AFTER LONG TIME MONKEY POST PICTURE,788,0.96,147,1775738697.0,No_Blackberry6125,1911.0,693.0026873706722,2.7575650640700147,7.052973346472588,0.0,4
IndianStockMarket,1slwfax,Remember Before You Start Your Trading Day.,736,0.97,18,1776229275.0,EssySnipp,960.0,39.46316885852979,24.32648030474877,664.1645980192403,1.0,4
IndianStockMarket,1sgoye3,"FIIs showing interest in India and are now exploring other Asian &amp;, European",743,0.96,102,1775739640.0,SuperbHealth5023,689574.0,601.3055003591076,1146.7947650373685,2.89266558839721,0.0,4
IndianStockMarket,1sqe2aa,Well well well 📉,725,0.97,26,1776656363.0,nonillicit,591.0,2138.220717801772,0.2763980327566866,9.967251030401593,0.0,4
IndianStockMarket,1sm32qe,"Doesn't matter who promises.., the bill comes to you 💀 like wives shopping bill",707,0.92,44,1776251809.0,PanduRangaRao,2196.0,67.40788989955904,32.5777887910769,18.195269328140736,0.0,4
IndianStockMarket,1sqw3nv,How did he!?? 👀 🫨,695,0.94,69,1776706069.0,_pranith_reddy,1039.0,1823.09677766067,0.5699094051020188,7.3728071409588525,0.0,3
IndianStockMarket,1sv0jy6,Me trying to sleep after turning $250 into $5000 then back to $0,690,0.99,18,1777086653.0,ChartSage,17163.0,134.59372606757063,127.51708791673984,12.283286672594738,0.0,4
IndianStockMarket,1snsof6,What's your highest return in one stock?,684,0.98,304,1776406732.0,ajeeb_gandu,37968.0,590.7173973741437,64.27438935906629,3.6369956762522624,0.0,4
IndianStockMarket,1ssqrbv,CIAN agro 💸💸💸💸💸💸,668,0.99,58,1776875855.0,DreamSuccessful1992,4214.0,360.10838148345,11.702032545425965,50.84505653039945,0.0,2
IndianStockMarket,1subqrp,Plagiarism in Leadership?,650,0.98,44,1777026226.0,unrealharsh,6368.0,1993.355716776564,3.1946129566365764,28.015775678826913,0.0,4
IndianStockMarket,1si6ceh,Gold in INR. 44 years. The same clock ticking.,630,0.95,94,1775873450.0,stock-investo,1554.0,65.14791054037158,23.853412751234742,0.7286033864331141,0.0,4
IndiaInvestments,1svzc9s,FPI Ownership In Indian Stocks Falls To 16-Year Low As Domestic Investors Hit Re,143,0.98,22,1777183496.0,sharedevaaste,138932.0,1997.0659451404983,69.56805824968679,24.49215580765144,0.0,4
IndiaInvestments,1sgpisj,How can we attract FIIs back Nithin kamath's take. Do you agree?,98,0.9,46,1775741025.0,Tris_Memba,59446.0,607.74071531213,97.81473990839842,12.642482191894187,0.0,5
IndiaInvestments,1sdoanv,Indian stock markets only loser among EMs in FY26: What lies ahead? | Markets Ne,68,0.98,2,1775447801.0,sharedevaaste,138932.0,1997.0659451404983,69.56805824968679,,,0
IndiaInvestments,1su7cx4,"Is Mythos AI model opening up ""Unprecedented""  threats for banks and financial i",41,0.79,21,1777010928.0,Tris_Memba,59446.0,607.74071531213,97.81473990839842,4.930010199753427,0.0,4
IndiaInvestments,1skcnn8,What to do with your 401K/ IRA/ HSA on returning to India,35,0.93,16,1776090896.0,ReymanWealth,1126.0,199.2989727162156,5.649803331416696,0.9641893906422924,0.0,5
IndiaInvestments,1smusiq,What hidden strategy inside SIP makes volatility your biggest advantage?,32,0.82,23,1776318590.0,AdLoud3193,232.0,148.25191157143425,1.564903936420491,1.4387222922753138,0.0,5
IndiaInvestments,1shr46x,World Bank slashes India’s 2026-27 growth outlook to 6.6% on West Asia conflict ,32,0.9,11,1775837662.0,Tris_Memba,59446.0,607.74071531213,97.81473990839842,0.4033493121094742,0.0,4
IndiaInvestments,1srcajo,Jeena Sikho Life Care: analysis of a rapidly growing business,29,0.8,27,1776742600.0,Troygun,14648.0,2002.2155112537491,7.315895775289294,0.2423673229532216,0.0,3
IndiaInvestments,1sd03qj,Moody's cuts India's FY27 GDP growth estimates to 6% amid West Asia conflict,27,0.86,4,1775384487.0,Tris_Memba,59446.0,607.74071531213,97.81473990839842,0.23464167903164976,0.0,2
IndiaInvestments,1t1r5p6,Govt allows 100% FDI in insurance (LIC still capped at 20%). is it bullish or ov,23,0.87,6,1777731483.0,Tris_Memba,59446.0,607.74071531213,97.81473990839842,1.145789802185081,0.0,3
IndiaInvestments,1sk8f95,“Can Your Mutual Fund Investment (SWP- Systematic Withdrawal Plan) pay you a Mon,17,0.68,13,1776080832.0,AdLoud3193,232.0,148.25191157143425,1.564903936420491,10.361072459892245,0.0,5
IndiaInvestments,1snc36e,"Bi-Weekly Advice Thread April 16, 2026: All Your Personal Queries",17,1.0,10,1776364210.0,AutoModerator,,,,1.4576189866881173,0.0,3
IndiaInvestments,1slwc2t,BAF : Are you a Sport Mode investor or a Cruise Control investor?,13,0.74,13,1776229000.0,AdLoud3193,232.0,148.25191157143425,1.564903936420491,11.140738074532152,0.0,5
IndiaInvestments,1se7864,"Bi-Weekly Advice Thread April 06, 2026: All Your Personal Queries",10,0.82,8,1775500228.0,AutoModerator,,,,4.651446973558938,0.0,4
IndiaInvestments,1t0pimz,What are the best practices to get highest insurance approval for a medical situ,9,0.92,4,1777631228.0,_Floydimus,35541.0,1008.55059302617,35.23967983932143,0.40373554132460315,0.0,3
IndiaInvestments,1sqy3nd,"Bi-Weekly Advice Thread April 20, 2026: All Your Personal Queries",8,0.91,8,1776709830.0,AutoModerator,,,,6.796206027068392,0.0,4
IndiaInvestments,1sgy0sd,"Bi-Weekly Advice Thread April 09, 2026: All Your Personal Queries",9,0.86,10,1775759430.0,AutoModerator,,,,13.33720733209195,1.0,4
IndiaInvestments,1sxcaik,"Bi-Weekly Advice Thread April 27, 2026: All Your Personal Queries",8,0.91,10,1777314608.0,AutoModerator,,,,3.493273031492895,0.0,5
IndiaInvestments,1ssiqtz,Show II : Promotional Content thread for April 2026,6,0.88,11,1776857406.0,AutoModerator,,,,1.4995421404117362,0.0,5
IndiaInvestments,1skjjjb,"Bi-Weekly Advice Thread April 13, 2026: All Your Personal Queries",7,1.0,2,1776105010.0,AutoModerator,,,,4.50078057691155,0.0,2
IndiaInvestments,1str77a,"Bi-Weekly Advice Thread April 23, 2026: All Your Personal Queries",5,1.0,10,1776969012.0,AutoModerator,,,,10.152227216268466,0.0,5
IndiaInvestments,1t04qbq,"Bi-Weekly Advice Thread April 30, 2026: All Your Personal Queries",5,1.0,12,1777573810.0,AutoModerator,,,,5.59154943912259,0.0,5
IndiaInvestments,1szv34y,“What’s Costlier: Paying Car EMI… or Breaking Your Equity Investment?”,0,0.14,12,1777553195.0,AdLoud3193,232.0,148.25191157143425,1.564903936420491,6.983097966310474,0.0,4
AskIndia,1sskql0,Do you think PewDiePie is one of the reasons why Indians face racism?,720,0.83,203,1776862658.0,Paldavin,124472.0,380.3528798056146,327.2539965087511,28.80734437935174,0.0,4
AskIndia,1sltlvq,Do light skinned Indians know that they r always 'brown' in the global context?,434,0.85,317,1776221086.0,Individual_Mix_4234,3243.0,415.3623134490268,7.807641413279012,31.26986974138348,1.0,4
AskIndia,1sgekos,"Why do Indians want to move to liberal western countries, but want RW in India?",375,0.8,289,1775705896.0,Ecstatic-Sea-8882,12518.0,220.97988952261707,56.64768874236764,6.298799938089853,0.0,3
AskIndia,1so4nbs,Pakistan has no future. Why do Indians obsess over it so much?,312,0.83,217,1776440500.0,Naive_Direction1816,18320.0,1105.506098231527,16.57159560612684,36.56371838135131,0.0,3
AskIndia,1szooas,"Are people in India starting to like Modi less, or is it just me noticing it?",252,0.82,143,1777532727.0,Rohit948X,2245.0,1014.251687893252,2.213454536775966,27.29734556323769,1.0,4
AskIndia,1srgsp5,"Indians abroad, what habit did you only realize was ""very Indian"" after leaving?",223,0.87,282,1776757103.0,Crescitaly,22271.0,1505.855375702119,14.789600886881942,26.368238636743108,0.0,4
AskIndia,1sv5yxo,What’s something under ₹1000 that actually improved your daily life?,218,0.97,248,1777103896.0,Critical_Can_8114,2635.0,1790.6034985706706,1.4715708989194758,64.1593049862878,1.0,3
AskIndia,1sfnx9a,Ever found anything nsfw in your parents’ phone by mistake? Did you tell anyone?,221,0.94,117,1775640452.0,Character-Lawyer2328,4161.0,718.5913705281141,5.790495364482261,5.987371653136701,0.0,4
AskIndia,1sowrh3,Will Modi use the women card at 8:30 PM to gain support before the elections?,216,0.88,62,1776516519.0,Tough_Oven_7890,15737.0,1442.3587445787616,10.910600472419892,62.56056598506932,1.0,4
AskIndia,1skhlyz,"Is any country really friendly with Indians? Not just politically, but socially",214,0.82,354,1776101062.0,Unique-Sun-7545,399.0,1850.5629750064347,0.2156100632017738,11.653489486501096,0.0,4
AskIndia,1si8q0c,Why do Indian parents act so entitled by just doing the bare minimum?,202,0.86,216,1775880315.0,Adventurous-Board258,28102.0,954.7138886215732,29.43499653134196,35.18122797160344,0.0,4
AskIndia,1sfl3q6,Every Indian home has a smell. You know exactly what I mean.,199,0.85,47,1775630048.0,SoSaCandles,2092.0,1845.3374725502315,1.1336679773314766,7.061345934006541,0.0,4
AskIndia,1sru32e,Why are lesser people in India allergic to food items in comparison to the West?,186,0.92,194,1776791542.0,jey__bee7,1664.0,24.52505624449088,67.84897793552618,2.759922808559046,0.0,4
AskIndia,1shg80c,"Polluted narmada by pouring 11000 liters of milk, what is our government doing?",159,0.88,38,1775808247.0,nullparadoxxx,4866.0,131.9777331641896,36.86985587141698,113.57099554050816,1.0,4
AskIndia,1t15k3e,how do arrange marriage couples initiate the sex?,156,0.92,119,1777668639.0,naheedobaggyjean,3418.0,401.2401383512495,8.51858942638448,21.992281449288594,1.0,4
AskIndia,1shirvl,What’s a secret about your life that would surprise everyone who knows you?,148,0.96,194,1775817207.0,Temporary_Writing_92,1364.0,1827.5126603877543,0.7463696583697493,9.579015699663724,0.0,2
AskIndia,1scz8kb,What are the craziest stories of rich people you know?,144,0.94,78,1775381212.0,johnxina8247,727.0,1259.1135179235537,0.5773903541270211,22.994925460343666,0.0,4
AskIndia,1shp68a,Why is Raga still the leader of INC despite loosing over 90 elections?,139,0.79,177,1775833542.0,FeedCreepy9403,,,,4.552716256080259,0.0,4
AskIndia,1sv5ogg,How daily masturbation is bad but daily sex is healthy,138,0.89,70,1777102868.0,Mammoth-Exchange6698,1059.0,847.5479712972349,1.2494867970471597,35.013425798582894,0.0,4
AskIndia,1soklwu,Why is there so much unnecessary involvement from parents after marriage?,135,0.95,83,1776477881.0,think_big_0,6943.0,268.2470533818752,25.882856540146147,20.70346712475906,0.0,4
AskIndia,1sy5usv,"Women who dated, kindly give some not so obvious red flags you’ve seen in a man?",131,0.95,351,1777392556.0,Kohl_And_Curves,4464.0,15.010612029872007,297.38960617437687,8.137519785181631,0.0,4
AskIndia,1szqvwz,Why does Maggie noodle taste so bland now a days,134,0.95,55,1777540513.0,XDAasimXD,344.0,2523.1381789266206,0.1363381533651647,41.81675387541805,1.0,3
AskIndia,1swb9eu,How's living in one of the 40+ °C places?,129,0.95,176,1777218904.0,Beneficial_Plant_281,3109.0,1122.3713328058327,2.7700279837224326,19.284711533607968,0.0,4
AskIndia,1snoali,What’s one “small adult cheat code” you wish you learned earlier?,128,0.98,71,1776393488.0,Temporary_Writing_92,1364.0,1827.5126603877543,0.7463696583697493,13.115329731932011,0.0,4
AskIndia,1shgarb,Are women not allowed inside Mosques??,125,0.87,184,1775808526.0,I9secrets,3521.0,30.30822125811268,116.17309937175958,18.27749763817115,0.0,4
AskIndia,1scuf2p,Why does life in India feel more like surviving than actually living?,125,0.91,63,1775364003.0,HERMAN_vai,146.0,1185.351439022361,0.1231702220907716,29.809958402558316,0.0,4
AskIndia,1ssdtdi,Men of this sub. Have you ever been touched inappropriately by anyone?,121,0.91,156,1776840899.0,Character-Lawyer2328,4161.0,718.5913705281141,5.790495364482261,14.187693349389763,0.0,4
AskIndia,1szu7rt,"What’s something you’re pretty sure everyone does, but we all pretend we don’t?",116,0.96,82,1777550897.0,VibeCheckVadaPav,5298.0,38.12486926291552,138.9644109587393,2.05487789590254,0.0,4
AskIndia,1srhgq7,Why is Sex considered a Sin when its the most natural feeling every human feels?,117,0.9,107,1776759580.0,Heisenberg011235,1865.0,36.46080596898165,51.15081662173387,27.16190175906103,0.0,2
AskIndia,1t1zass,you can spit or pee in public but not kiss your partner. What is this?,114,0.87,49,1777750098.0,Expensive-Milk1353,143.0,15.282724030834656,9.35697063635259,17.862202216099703,0.0,4
ipl,1sn740f,"What a catch by shreyas iyer, hardik departs",5897,0.97,239,1776353817.0,priyanka_sharma1,2815.0,83.05481941558972,33.89327699232362,18.776750251318624,0.0,4
ipl,1svdgao,What kinda monstrous team has this man created!!,4604,0.97,310,1777126747.0,Spirited_Command5642,53497.0,176.20434072503338,303.6077305466725,87.00004609675938,1.0,5
ipl,1svjiv9,"Almost 1,000 runs, 12 dropped catches, and zero respect for the art of bowling. ",4054,0.98,304,1777140909.0,Alone-Wheel2902,47103.0,238.46457128509329,197.5261974814976,19.44884753351161,0.0,5
ipl,1sps8bs,What a glove work by Jurel ..!!,3681,0.99,63,1776603331.0,anonymous232003,3618.0,266.3938357369795,13.581395342691732,18.33624201374758,0.0,4
ipl,1sht76h,Another 50 for Vaibhav Suryavanshi,3522,0.99,134,1775842069.0,vvitch_-,5985.0,2018.6393886638648,2.964868333398301,29.252496731816535,1.0,5
ipl,1sx9aav,A decade later and the swing still hits the same,3328,0.99,121,1777308398.0,Inside_One_9147,239033.0,845.2807049289704,282.7853500099545,99.86538038556803,2.0,5
ipl,1so15bs,“The peak of sadness is when you smile just to hide the pain.”,3311,0.99,95,1776432807.0,Born_Researcher_4141,3032.0,30.56875638708196,99.18623975430324,22.94916746368756,0.0,3
ipl,1sby0ww,"I always thought after Rohit, BCCI would go for Shreyas Iyer as a Captain but we",3187,0.98,167,1775271953.0,AkRoyalDo,161909.0,436.1445716241085,371.227823373075,14.66157727287809,0.0,4
ipl,1sz521d,Ain't beating the MI agent allegations anytime soon,3035,0.98,82,1777482716.0,Maddyadi007,12363.0,265.5409107102095,46.55779769277061,22.14253103085365,1.0,4
ipl,1sqfp3r,Cam Green is not as shana as Rohit,2805,0.99,67,1776661299.0,lbrandon3399,120227.0,2544.309673529676,47.25328887863371,8.249501192412698,0.0,4
ipl,1shnt9h,Nothing like IPL banters lol!,2707,0.99,98,1775830579.0,cricfanatic4518,218889.0,301.32466973416786,726.4224339583826,82.84425660523024,1.0,4
ipl,1svawkh,Man noo i hope hes okay because it looks very serious,2703,0.99,130,1777120227.0,danknoodleclassic,3340.0,1353.2938957627891,2.468052217229131,150.98334076081977,1.0,5
ipl,1sqtrhu,Bumrah 1st wicket after 5 matches,2618,0.99,94,1776701270.0,sanu_123_s,17347.0,1379.6622413550456,12.57336721990921,24.474105021815507,0.0,4
ipl,1sx6p68,"Nothing much to say, just feel the Aura",2558,0.98,150,1777302960.0,Pani_Paata_Em_Ledhu,24771.0,483.24334480472186,51.25988855575432,17.594023261851127,0.0,4
ipl,1sncw36,Are they ok? what should be changed,2559,0.99,349,1776365884.0,Polity-Culturalist3,40396.0,117.47805939756886,343.8599531448846,57.585587544835086,1.0,4
ipl,1sooa38,"Pollard, Kohli and Gayle reacting to Muralitharan's moves in an IPL afterparty",2504,1.0,35,1776488657.0,BhargavK_18,44853.0,1439.9575367121536,31.14883519580208,78.16511389994628,1.0,4
ipl,1snae0a,It will be shameful if this guy still doesnt makes it straight into the Indian P,2501,0.98,151,1776360655.0,Express-Homework-752,20265.0,1009.5962278180432,20.07238086041295,125.22435873305156,2.0,5
ipl,1swf5uo,MAKE A STATUE OUTSIDE EDEN FOR GOAT NARINE RN !!!,2381,0.99,111,1777227534.0,Express-Homework-752,20265.0,1009.5962278180432,20.07238086041295,29.59389122147271,0.0,5
ipl,1syhv91,"Last time these two teams played, they created one of the strangest moments in I",2288,0.98,169,1777418977.0,Ssore_loser,27139.0,2055.3042715196643,13.204370942086248,84.71500765034247,1.0,4
ipl,1stqi09,Sanju Samson trying the Akeal Hosein celebration.,2222,1.0,47,1776967540.0,God_Emperor__Doom,143700.0,59.715364777997685,2406.4158451385147,56.088343884440334,1.0,4
ipl,1t2isch,Powell just pulled a miracle out of thin air!,2130,0.97,77,1777807347.0,Alone-Wheel2902,47103.0,238.46457128509329,197.5261974814976,57.87845040176034,1.0,4
ipl,1sgwvcp,Remember the name Mukul Chaudhary,2053,0.98,189,1775757015.0,Regular_Drama3393,53240.0,65.09653624237136,817.862256169416,7.718977988919899,0.0,5
ipl,1sd7s9g,The kingdom gets cursed when you betray the king,2014,0.95,46,1775405946.0,Efficient-Repair1178,3908.0,51.54058471503357,75.82374203954458,36.3693701359951,0.0,5
ipl,1sbotcg,"Punjab Kings is the only franchise in history who can use term ""STEAL"" after spe",1963,0.98,93,1775248034.0,PreetInData,2768.0,148.38325456964196,18.654396063949864,56.05986487131357,1.0,5
ipl,1sy8z3m,Riyan Parag vaping in RR vs PBKS,1941,0.98,405,1777399044.0,redditakaNoFOS,3541.0,308.11376398556763,11.492508332623087,25.063890717981923,0.0,3
ipl,1soylpt,Best Thing About Time Is That It Changes!,1918,0.99,27,1776521281.0,DabstarLOL,2982.0,1667.4753369547925,1.788332297283535,12.311694259788313,0.0,5
ipl,1smayva,Bro's Statement Against Punjab Aged Like Milk,1906,0.99,41,1776270249.0,Moongfali4president,208418.0,548.3289182475568,380.0966774944095,75.04208699071236,0.0,5
ipl,1sxtq38,People get scared about 49 everytime there's a lot of wickets at the top but for,1867,0.98,91,1777359153.0,Difficult_Project_91,80513.0,2138.295132161701,37.65289402244754,5.95097333515482,0.0,5
ipl,1sg1arn,Always at the crime scene and somehow manages to escape just in time...,1837,0.81,157,1775673072.0,yellow_pills,236193.0,1374.0767832661006,171.89214087336734,50.78705156617062,1.0,5
ipl,1t1k7ii,This is how BCCI/IPL wants every Bowler to celebrate after taking a wicket :,1812,0.99,62,1777710811.0,yourfreakyguy,,,,86.4933634418969,1.0,5
IndiaTech,1syszsm,Exactly,9834,0.98,85,1777452118.0,imfrom_mars_,,,,15.698720635390263,0.0,4
IndiaTech,1ss9cop,Near Perfect take i guess.,9184,0.91,602,1776827074.0,EmbarrassedTea2658,,,,6.370663781463454,0.0,2
IndiaTech,1sepc59,Your thoughts ?,9061,0.9,1453,1775547653.0,Single_Recording1130,,,,57.29373046341973,0.0,3
IndiaTech,1sqjaho,Mobile Phone Batteries are going to be removable as they were earlier,7251,0.97,253,1776673523.0,Indervir007,,,,53.72415040180346,0.0,4
IndiaTech,1svx5pe,The fall of Chegg,6710,0.97,273,1777176584.0,Redislove44,4396.0,113.53548686304302,38.719171612861984,40.458026468018616,0.0,3
IndiaTech,1t291pp,What if India built GitHub?,6207,0.94,256,1777775343.0,Technical-Relation-9,227541.0,2035.4978029802196,111.78641395085369,20.06833097699205,0.0,4
IndiaTech,1swvzt2,A Japanese developer built a Chrome extension that shows a FAT CAT on the screen,6045,0.97,120,1777272680.0,beparwaah,29598.0,2738.604629909457,10.80769369800509,81.04808166541734,0.0,4
IndiaTech,1sv3dl7,"Google invested $40,000,0000,000 on Claude",5797,0.98,96,1777095128.0,Technical-Relation-9,227541.0,2035.4978029802196,111.78641395085369,21.66835476129769,0.0,4
IndiaTech,1t0hlvl,Trust me bro,4666,0.97,70,1777605405.0,imfrom_mars_,,,,33.48971971725599,0.0,4
IndiaTech,1shl13h,The amount of pride I get seeing this is beyond words 😊😊,4423,0.92,450,1775823880.0,PriorGuidance3706,2629.0,916.3360602209136,2.869034750598149,15.268438901044105,0.0,4
IndiaTech,1sibg22,How do they make money?,4307,0.97,527,1775889099.0,Admirable_Move6933,114213.0,116.08855699107605,983.8437392996434,89.73314822765464,2.0,4
IndiaTech,1srg6lc,Minimalism ruins everything,4000,0.96,155,1776754942.0,Capable_Control_2845,258034.0,212.47490281136496,1214.4210755520728,71.5907466963031,0.0,4
IndiaTech,1snq97n,"You type a Gmail username and UI instantly shows ""Username already taken""

There",3840,0.95,338,1776398982.0,ExplanationPale4698,5904.0,113.54539353325136,51.99682537778192,3.307446518870921,0.0,4
IndiaTech,1sc38h1,Why not ?👀,3756,0.94,401,1775289090.0,Fahim_444,8423.0,1533.6716742258684,5.492049009936608,139.667005027447,2.0,4
IndiaTech,1syp742,"More RAM, less efficiency",3670,0.98,102,1777439357.0,NoMedicine3572,330998.0,626.4719179901398,528.352493535408,140.68404570750977,1.0,4
IndiaTech,1sz6d45,Where do they actually go...,3615,0.98,89,1777485436.0,justacasualanimefan,6649.0,291.27685809161926,22.827079513157205,2.506026102060312,0.0,4
IndiaTech,1snp7xu,Are you guys agree with it?,3608,0.98,59,1776396031.0,Manish_1734,66127.0,1522.175551092964,43.44242682949348,103.15315674335437,1.0,4
IndiaTech,1sgsp1d,AI would only slow bro down.,3089,1.0,55,1775748125.0,Technical-Relation-9,227541.0,2035.4978029802196,111.78641395085369,24.007570777757483,0.0,4
IndiaTech,1sf5yca,Dr. Homi J. Bhabha would have been so proud today.,3076,1.0,156,1775589800.0,ajib-aadmi,3898.0,150.99422569883092,25.81555673377105,7.6800171137843005,0.0,4
IndiaTech,1sj7q81,Did anyone noticed this?,2774,0.98,291,1775978539.0,SuryanshShekhar,9433.0,1239.3080574346416,7.611505423055378,4.771347516939371,0.0,4
IndiaTech,1sxozhs,AI replaced itself I guess.,2705,0.98,58,1777344617.0,KakashiNoChill,11409.0,624.2142821771872,18.27737737785609,193.06538501185648,2.0,4
IndiaTech,1sdp06g,Youtube and their sh!t copyright law,2607,0.98,56,1775449965.0,RRaj007,50695.0,2403.3058913587283,21.09386082823572,21.25117069983959,0.0,4
IndiaTech,1srfhiv,type c charging is enough for today,2563,0.98,126,1776752561.0,FcukMan360,36542.0,184.6151574953232,197.93607684095883,6.680193780784848,0.0,3
IndiaTech,1silt7d,75% of UPI users say they’ll quit UPI if fees are introduced. What do you think ,2478,0.98,277,1775920692.0,Manish_1734,66127.0,1522.175551092964,43.44242682949348,12.448627787422044,0.0,4
IndiaTech,1ssgvjm,When will India get replaceable battery rules like the EU?,2363,0.99,137,1776851575.0,Early_Negotiation142,101638.0,532.2067029946518,190.97467098421976,20.154914060842593,0.0,4
IndiaTech,1sfh963,What's the point of end to end encryption then ?,2290,0.98,199,1775617721.0,Vegetable_Captain886,19609.0,74.24101094754758,264.1262524543754,6.632762517372197,0.0,3
IndiaTech,1sl0t10,How to make a server angry,2253,0.99,26,1776148802.0,Technical-Relation-9,227541.0,2035.4978029802196,111.78641395085369,8.997425551846558,0.0,3
IndiaTech,1sgqymq,Got it?,2169,0.98,59,1775744369.0,BowlerIntrepid4545,8723.0,543.4029690445491,16.05254387059647,12.822981657732681,0.0,3
IndiaTech,1t1nwad,The goat of app design,2136,0.99,11,1777723059.0,imfrom_mars_,,,,9.794550490416352,0.0,4
IndiaTech,1sj5309,Drone didi yojna🥀,2107,0.97,286,1775969755.0,Nowa_Iscord,33665.0,1394.1778661962378,24.146847268382523,8.10982824431745,0.0,4
IndianGaming,1smr7wj,I’m guessing 90% of the votes are from this sub,3859,0.94,278,1776307871.0,kruthikv9,11101.0,3241.169079782152,3.424998735563073,8.383701835840991,0.0,5
IndianGaming,1shc9ky,General Radahn riding into battle,3288,0.99,37,1775794823.0,WEISHEN_THE_KIRA,232480.0,2238.352365139828,103.86211019348475,22.51678051948386,0.0,4
IndianGaming,1sijk0j,Anyone else slowly moving away from Multiplayer?,3049,0.99,164,1775915219.0,KusuoX,1352.0,23.512875344223445,57.50041116652091,81.72709020773107,1.0,3
IndianGaming,1sv46gd,Asha Sharma faced unreal racism after becoming the first Indian-origin CEO of Xb,2720,0.95,158,1777097775.0,God_Emperor__Doom,143700.0,59.715364777997685,2406.4158451385147,5.660460631402306,0.0,3
IndianGaming,1stj20z,I Built the Pushpak Viman in Minecraft!,2308,0.97,74,1776951512.0,Educational-Dig3162,13651.0,1155.3049145340035,11.815928269902823,7.869101297150316,0.0,4
IndianGaming,1sppnfv,Easily Game of the Year,1874,0.97,98,1776595695.0,HiddenGamer666,10181.0,1863.2926846176963,5.4639832400184085,6.2118638272406415,0.0,4
IndianGaming,1sjcbje,told my dad it's a Set Top Box,1620,0.99,78,1775994293.0,AuraOfYou_,7806.0,395.5479488681588,19.73464916791122,7.2929203766151955,0.0,4
IndianGaming,1snd613,🎮 Giving Away 2 Units of 8BitDo Controllers – GenesisPC x 8BitDo💚,1412,0.98,3851,1776366449.0,GenesisPCIndia,2879.0,1823.6781425732515,1.578677691414158,3.3248039774147315,0.0,5
IndianGaming,1t1j62e,What About You? Ghost Of Tsushima...,1404,0.95,190,1777707177.0,Electrical-Offer3829,730.0,310.4868091469341,2.351146581736219,9.08092028994284,0.0,4
IndianGaming,1semwaf,Cyberpunk 2077 will always be close to my heart,1366,0.99,60,1775539177.0,Time-Credit43,48393.0,115.76550059349448,418.0260937144816,9.86195642126942,0.0,4
IndianGaming,1shdb3z,Is this happening for real? Lets fking goo,1261,0.97,148,1775798163.0,mojo_jojo_gojo,1099.0,1274.4187201585069,0.8623539364388111,45.08995953090276,1.0,4
IndianGaming,1scbjwa,Moved into a new apartment. Designed my room to the fullest,1145,0.99,147,1775315076.0,MythicWukong451,2515.0,301.1836247006721,8.350387583320654,4.181206791294095,0.0,4
IndianGaming,1see0vm,Finally I made it to an OLED.,1113,0.99,114,1775515184.0,IamVishan,2500.0,1183.0804607097336,2.1131276215146366,18.77331312250679,0.0,4
IndianGaming,1sxtq5p,Pushpak Viman in Minecraft x Blender,1029,0.98,36,1777359161.0,Educational-Dig3162,13651.0,1155.3049145340035,11.815928269902823,37.035301476740656,0.0,4
IndianGaming,1st4no5,"The sequel to this game will be called Pragpita, but you play as a woman.",1005,0.96,42,1776907871.0,Naive-Tap1689,2250.0,1670.3415417302538,1.3470299000462482,8.306763891353874,0.0,4
IndianGaming,1sw5ss1,"True, at least for me",921,0.99,37,1777205217.0,Ok-Philosopher1724,,,,13.96937587863227,0.0,4
IndianGaming,1sm69n6,Train Journeys like these &gt;&gt;&gt;&gt;,916,1.0,70,1776260018.0,infernusdante,50399.0,2237.5956030785983,22.52373035174832,27.811496186347693,0.0,4
IndianGaming,1ss8nr9,"When she joins the hunt, the game does not matter!",913,0.99,44,1776825198.0,unknown_guy02,22398.0,419.7153709301159,53.36473608380034,14.539270821621527,0.0,4
IndianGaming,1si94g0,Skyrim modding in particular,833,1.0,22,1775881538.0,World_Seller,21787.0,64.14813445361123,339.63575379975055,14.913008647428136,0.0,4
IndianGaming,1scgz7f,Got Asus Zephyrus g14(2025) for free,825,0.96,127,1775327780.0,D2427,831.0,2189.414719662512,0.3795534909567498,8.027116536240033,0.0,4
IndianGaming,1sp9ffk,Peak Year For Gamers,797,0.99,25,1776546339.0,Graphical27,912.0,210.56786829418883,4.331145142837394,7.6411664219074265,0.0,4
IndianGaming,1sdmurx,MotoGP: elden lord edition,795,0.99,22,1775443567.0,UI_74,110132.0,1501.8183000436345,73.33243974773792,34.90507748845361,0.0,4
IndianGaming,1scxere,A Cute Streamer With 1 Million Followers Played My Indie Horror Demo!,764,0.95,42,1775374272.0,Captain0010,882956.0,3878.5340959832174,227.65198865066787,42.65834536338402,0.0,4
IndianGaming,1sw9dqa,Far Cry 4 Aggressive Outpost Liberation,713,0.98,32,1777214574.0,Ruturaj_4zare,1725.0,2115.2498598412617,0.8155064953553298,2.514054870727845,0.0,4
IndianGaming,1t0omor,Got to celebrate the launch of DeepCool LT360 Vision in India,690,0.98,46,1777628281.0,Vishvesh_Mishra,3674.0,1858.618074964387,1.9767374747339617,7.447631740347355,0.0,4
IndianGaming,1sz81g1,Monthly reminder: never place your tempered glass panel on marble.,687,0.98,86,1777488902.0,bruhlife8,1838.0,1904.3430853372345,0.9651622200600026,11.786989325218205,0.0,4
IndianGaming,1sgyhzd,What game are you playing rn,673,0.97,608,1775760448.0,Remarkable-Yard4860,65137.0,261.3155028912949,249.26573157466453,1.8692885512411037,0.0,4
IndianGaming,1sp21fj,People who wanna try adult games,668,0.94,150,1776529273.0,NewSpeaker8546,1986.0,1311.2775552957285,1.5145534917297532,62.30017869961085,1.0,4
IndianGaming,1smw4g8,GeForce now free experience!,639,0.97,150,1776323071.0,sensiebro,2065.0,1594.1584002503007,1.2953543384871742,2.1359266969567363,0.0,4
IndianGaming,1sk5ohq,Finally Built My Dream PC (AMD RYZEN 9950X + NVIDIA RTX 5090) from Vishal Periph,637,0.98,225,1776072129.0,The_Based_Indian,866.0,1085.910698402963,0.7974873083704,9.853201576215072,0.0,4
RelationshipIndia,1sza5bf,Found out my (27M) girlfriend (25F) is a Bangladeshi illigal immigrant,543,0.91,174,1777493437.0,Western-Director3218,291.0,153.98300323090345,1.889818966341592,50.34217380118415,1.0,3
RelationshipIndia,1sysjyx,"M28, found wife's F27 location history (SHOCKING) just after 2 months of marriag",335,0.97,110,1777450529.0,ordinaryobserver9211,968.0,1834.708264014641,0.527604316711289,13.112040461547773,0.0,3
RelationshipIndia,1sh77x2,My(21f) boyfriend (23M) is sleeping beside me,288,0.96,86,1775780778.0,notnerdy19,6873.0,911.019425107812,7.544295775237323,25.13375209812969,0.0,4
RelationshipIndia,1sd6q0i,My(40M) Wife(33F) is having an affair after 10 years of Marriage,283,0.95,110,1775403448.0,vinstarworld,470.0,639.5639710781585,0.734875667257628,4.1341260178744585,0.0,4
RelationshipIndia,1t1y27m,"26F dated a insanely rich 30M… thought I’d be a gold digger, but that wasn’t the",260,0.86,84,1777747303.0,anarkalii_hun_mei,5752.0,154.16763320221116,37.31003635799153,44.64744077984954,1.0,4
RelationshipIndia,1skbq0h,Today i [M25]got to know how sex feels in real life.,237,0.94,35,1776088881.0,mai_hu_don_,5253.0,686.4538940292017,7.652371187184988,8.891956551439014,0.0,4
RelationshipIndia,1sq4rq0,32 M. Dated a girl. Absolute perfect for me. Parents said no. Was spineless back,221,0.96,43,1776631950.0,zerocoolneo,12096.0,2125.483973944038,5.690939168811854,3.3656761311662713,0.0,3
RelationshipIndia,1suab2u,Found something in my(33M) Wife's(33f) phone which hurt me a little. AIO?,216,0.94,73,1777021265.0,Human_Instruction275,2787.0,252.09607273572848,11.055309072274216,42.72085628032133,1.0,4
RelationshipIndia,1smtxxd,I (18F) got physically intimate with my college senior (20M) during a study sess,165,0.85,87,1776315831.0,tvishhaaa,121.0,230.5978579077097,0.5247230008893962,10.131727009415354,0.0,4
RelationshipIndia,1sudna0,I (M22) had a ONS with my newly married manager (F29). What should I do?,168,0.89,86,1777031933.0,Sure_Plankton2475,128.0,695.4633626664016,0.1840499541330961,15.971124288045946,0.0,4
RelationshipIndia,1sgnqfe,29F - constantly thinking about my hookup/ situationship who is getting married,157,0.91,131,1775736404.0,WillingUniversity981,573.0,933.0892938297324,0.6140891378661123,11.305513964548497,0.0,3
RelationshipIndia,1sun6jd,"I, 28F, went on a date. Not sure if a boundary was pushed!",149,0.86,99,1777053566.0,Opening-Building-833,131.0,42.54314953681772,3.0792266540264,6.55753391001514,0.0,4
RelationshipIndia,1sljqwg,My (30 M)  soon to be wife (25 F) wants to go out on day with another guy she me,146,0.91,110,1776196802.0,BrainelessMan,164.0,1631.4776902607523,0.1005223675316017,2.676473029041082,0.0,4
RelationshipIndia,1shdpqo,My (23 F) boyfriend (25M) cared for me in ways I wasn't expecting,146,0.99,29,1775799535.0,cinnamongirl14,14107.0,1003.2903932222116,14.060734653995176,74.8241770201153,1.0,3
RelationshipIndia,1sosn7n,Father 62m used to watch my 28f chest while i was sleeping.,134,0.94,27,1776503374.0,LegitimateSherbet225,100.0,233.26890436804405,0.4286898001725222,15.961073040706275,0.0,3
RelationshipIndia,1t044n4,I (26F) ended 3 years relationship because he lied about where he (27M) lived,99,0.91,36,1777572518.0,DemiGod7799,65.0,484.26539391194507,0.1342239210506524,7.302310237183668,0.0,4
RelationshipIndia,1sib558,"25 M — She came back, I chose my peace now",99,0.95,39,1775888051.0,Nice-Bell-7670,69.0,433.6707069466788,0.1591068958422496,1.5260324105552616,0.0,3
RelationshipIndia,1t12zes,"Men, do you expect physical intimacy or sex as a form of appreciation for your e",97,0.93,45,1777662897.0,Accomplished987,2138.0,974.1904196855452,2.194642809862692,19.341313733515538,0.0,4
RelationshipIndia,1sd1gs3,"[Serious] 5th year MBBS student in Russia, secretly dating a Russian girl. Paren",97,0.91,33,1775389291.0,PutResponsible9326,72.0,254.3177583180451,0.2831103910170446,3.3708434799023763,0.0,4
RelationshipIndia,1sjpbp7,"Was it only a drunken thing ? Me 23F , Him 25M",96,0.96,13,1776025030.0,AdeptnessThese1663,40106.0,685.5121720930906,58.50516100617644,26.550716679039027,0.0,4
RelationshipIndia,1sjea5b,"28M here, how would paying for sex/massage services be a complete dealbreaker fo",94,0.79,107,1775999762.0,[deleted],,,,26.038491446592193,0.0,4
RelationshipIndia,1spn6mt,Am I(20F)being used in this casual with (21M)situation or am I overthinking?,90,0.92,40,1776586975.0,hotpot16,547.0,934.526716551284,0.5853230199973446,9.462270472254875,0.0,4
RelationshipIndia,1svx1zy,My girlfriend (F23) is breaking up with me (M28) because I've become fit and I c,88,0.92,56,1777176269.0,St_OneNickelShort,66.0,35.66164282988343,1.850727974446929,23.657960674715294,0.0,3
RelationshipIndia,1ssf1tr,[30M] [27F] Great relationship but confusing sex life. Need advice,86,0.95,29,1776845213.0,No_Account_6522,120.0,2090.368075961945,0.0574061579775984,21.141902595910594,0.0,4
RelationshipIndia,1syxh10,"I (34F) in India planning to marry a 24M, is this realistic despite social norms",90,0.9,80,1777465978.0,Ok_Wallaby_6502,282.0,66.08001444991815,4.267553546219742,5.081391215283755,0.0,4
RelationshipIndia,1sjcg6x,My(22F) husband(29M) still loves his exes more than me,87,0.97,30,1775994698.0,Outrageous-Serve38,13025.0,226.1405164091317,57.596932238517006,14.875636138937313,0.0,4
RelationshipIndia,1t12193,My(29M) GF(26F) wants to go on a trek next week with 3 guys,84,0.86,65,1777660839.0,Thor_319,184.0,232.4753876846532,0.7914816352498837,12.810748276227969,0.0,4
RelationshipIndia,1sgqdei,How do i 28F move on with my fiance's 32M past FWB,82,0.89,35,1775743044.0,celestialwanderer007,163.0,193.73859257449155,0.8413398581768229,5.333843749431891,0.0,4
RelationshipIndia,1sikfww,"Do I warn ""Guy C"" (28M) about my female friend's (28F) past before he marries he",78,0.81,61,1775917427.0,Responsible-Sugar-73,266.0,1657.5574300636572,0.1604770942927657,2.1203330829416447,0.0,4
RelationshipIndia,1t00ok3,Take notes from me: a husband(32M) who got it wrong.,75,0.93,13,1777565149.0,Gullible-Yak-4830,1709.0,1437.0922540029387,1.1892068830234648,17.123123576395123,0.0,4
personalfinanceindia,1sgno29,Dad giving me a property that generates 5.5L a month.,1096,0.94,352,1775736223.0,Such_Use8566,2760.0,81.63947480106519,33.80717485904244,35.40661145876534,1.0,4
personalfinanceindia,1syo6jf,Salary jumped from 7 LPA to 50 LPA base (contractor/WFH). Feeling confused about,1058,0.96,292,1777436256.0,PitifulParamedic536,6033.0,987.6591007559608,6.1083829383866375,10.716861274582476,0.0,5
personalfinanceindia,1sqhh40,"31M earning ₹1L/month in Bengalore, in-laws from rural poor background keep aski",979,0.97,572,1776667138.0,Simple_Doggy1994,1742.0,772.3631391297225,2.2554157646140878,128.84912192842077,1.0,5
personalfinanceindia,1smztby,Saw Dad teach my teen cousins how to Invest and I felt stupidly jealous,931,0.97,142,1776336090.0,blueagra,534.0,3462.436760456192,0.1542266435299869,7.822760864209632,0.0,5
personalfinanceindia,1shobcn,Reddit made me realize why equities can’t make everyone rich,849,0.95,102,1775831695.0,Best_Piece_4572,4294.0,594.3271957054044,7.224976462508113,9.985687620673835,0.0,5
personalfinanceindia,1stvaol,Never Trust Banks... Lost ₹15L and the peace of mind.,822,0.95,165,1776978024.0,ProfessionalWeb7240,953.0,274.4765835350807,3.4720630362196183,3.8548547050423396,0.0,5
personalfinanceindia,1siqqf7,Indians are getting doomed in EMIs,751,0.91,246,1775931839.0,Candid_Profile3553,1188.0,147.3464638253467,8.062629866761954,9.398121934690554,0.0,5
personalfinanceindia,1sfp9ro,Husband does not know the value of money.,680,0.96,160,1775645112.0,Narrow-Werewolf5692,630.0,1909.2511808745949,0.3299722982030096,30.05939678020339,0.0,5
personalfinanceindia,1sqgff9,"My dad and uncle are weaponizing my grandmother’s death to turn a ""loan"" into a ",659,0.97,398,1776663646.0,Muscular_Farmer_,1695.0,262.15322560694483,6.465684319068309,92.56126957975557,1.0,5
personalfinanceindia,1sfu5zm,Samay Raina and 8 crores,642,0.91,250,1775657863.0,flubbergrubbery,26062.0,3038.093959803148,8.578404863320513,6.898375125919883,0.0,4
personalfinanceindia,1scv8zx,People earning ₹10–25 LPA — how much do you ACTUALLY save?,629,0.95,558,1775366684.0,salaryexitindia,409.0,29.0187240977199,14.094348139590895,0.8431095867963105,0.0,5
personalfinanceindia,1sn92hl,My father passed away last year. It took us 4 months just to find out what bank ,538,1.0,99,1776357946.0,Asleep_Bag_5440,338.0,33.16021644688591,10.192937085962289,1.5032560671737571,0.0,5
personalfinanceindia,1srsnp8,This is how life &amp; finances of lower middle class 20M look like in India,530,0.96,49,1776788592.0,gorovaa,631.0,211.21291995568407,2.9875066361110587,5.761892799623277,0.0,5
personalfinanceindia,1szpu21,Reached 50 lakhs net worth from absolute scratch,442,0.98,67,1777536814.0,PlentyEconomics101,743.0,303.2391313510057,2.4502114772910417,1.6039589041352091,0.0,5
personalfinanceindia,1szpqtz,Nifty went nowhere in INR. In USD terms it's actually down 13%. Nobody is talkin,410,0.92,96,1777536498.0,NeilBorate,3035.0,2979.1104848361456,1.0187604707674776,13.973401911524324,0.0,4
personalfinanceindia,1sht2o9,"By the grace of the almighty, I got a massive stock grant today",400,0.92,114,1775841803.0,PanicBig3536,9747.0,1462.100151176969,6.666437994793866,11.451880043182884,0.0,5
personalfinanceindia,1sc63df,Reminder to max out PPF today!,391,0.96,133,1775299636.0,Minute-Helicopter-59,340.0,1324.5089181196884,0.2566989133472003,17.34297218251558,0.0,5
personalfinanceindia,1syh27f,60 LPA in India vs 220k in NYC,376,0.86,329,1777416935.0,caps-von,28027.0,1366.1274506724544,20.51565539233119,3.3635359503061344,0.0,5
personalfinanceindia,1sdzkpo,3.5 crores in IDFC Bank Savings Account - Is this okay?,355,0.92,159,1775483776.0,Sailing_Catamaran,9025.0,469.4562086494433,19.22437031126631,22.057477507043274,0.0,4
personalfinanceindia,1ss5s76,Pls check ur parents phones man. just found out my dad was secretly getting bled,352,0.97,38,1776817603.0,Infinite-Tadpole4794,366.0,1872.488216967177,0.1954618441299466,13.822340554031593,0.0,5
personalfinanceindia,1t1pnsr,Reached ₹1 Cr Net Worth at 28 - Sharing what worked for me,330,0.9,141,1777727838.0,anxiousvibez,16901.0,976.1253793435654,17.31437411387229,6.290678011272235,0.0,5
personalfinanceindia,1slgq42,When did ₹1.5-2 cr for a 2BHK become the new normal in big cities and what’s the,330,0.97,81,1776190414.0,TopicGreat3936,394.0,194.3744761793509,2.0270151088996533,28.49313234650248,0.0,4
personalfinanceindia,1sycw8t,Stay in India for 55 LPA base or move to Germany for 80k,320,0.88,466,1777407348.0,TripleFlipp,349.0,1324.3522440918646,0.2635250565375954,10.433833185289306,0.0,5
personalfinanceindia,1svd4a2,How is ₹50L household income considered “average” here?,320,0.92,70,1777125927.0,Additional-Meet-8839,249.0,62.47513986217479,3.9855853152040015,4.829902264515982,0.0,5
personalfinanceindia,1sl0oep,"Saved ₹2.3L in tax this year without doing anything illegal, here is exactly wha",320,0.87,112,1776148345.0,Vegetable-Skin315,,,,6.308562795350942,0.0,5
personalfinanceindia,1srgvck,"Father treats my (22 F) savings as ""leisure money"" what should I do",316,0.92,156,1776757389.0,Express_Channel7066,,,,21.0541027665653,0.0,5
personalfinanceindia,1sejc4j,just realized ive spent 4.5 lakhs on rapido since 2020... im scared to check swi,305,0.93,75,1775528800.0,Unlikely_Heron_9207,,,,12.037294381376086,0.0,5
personalfinanceindia,1t0stlh,Is earning crores in corporate common nowadays?,298,0.9,196,1777640540.0,Solid-Move-1411,,,,13.470414005270607,0.0,5
personalfinanceindia,1sfntun,Very interesting idea to fund future vacations,294,0.93,68,1775640102.0,Indian-on-a-mission,,,,14.000710362025803,0.0,5
personalfinanceindia,1sk5tij,I tried being a good son… now I’m buried under ₹65L+ debt. Time to reset?,267,0.97,101,1776072651.0,AScrumMaster,,,,7.155311959850868,0.0,5
IndianStreetBets,1sm5r2a,Zimbabwe surpasses India in GDP Per Capita. India rank has dropped from 136th to,3752,0.96,568,1776258795.0,Solid-Move-1411,,,,3.2394238233433716,0.0,5
IndianStreetBets,1syrkwf,"NVIDIA is now bigger than the economies of JAPAN, the UK and INDIA",3699,0.9,175,1777447139.0,Worldly-Pianist453,,,,14.054487222230438,0.0,5
IndianStreetBets,1sffe32,Markets tomorrow,2777,0.96,40,1775612594.0,xXLucifer-KingXx,12674.0,2159.5790804184035,5.868736234259363,24.769821860466685,0.0,4
IndianStreetBets,1sptbn8,Schizophrenia,2527,0.99,14,1776606106.0,karan65,16193.0,3333.5293255768056,4.857614383577712,132.8121519676897,2.0,5
IndianStreetBets,1sfzm84,I had a gut feeling this was about to happen… it seems like someone doesn’t want,2140,0.99,110,1775669484.0,Character_Calendar47,140536.0,1526.5806374853933,92.05933610653744,30.560039007987008,0.0,5
IndianStreetBets,1se68ui,DO IT!!,1931,0.98,48,1775498177.0,Silent_Ambivert_283,25524.0,1092.4314823652887,23.3643943917988,36.410409040081966,1.0,3
IndianStreetBets,1siij8r,"UPI Transaction Fees: Nearly Eight In 10 Users May Quit If MDR Is Introduced, Sa",1903,0.98,132,1775912600.0,IREDA1000,119400.0,852.4069727818971,140.07393629163863,53.4980903348173,0.0,5
IndianStreetBets,1t1vsi1,Not how investing works 🤦‍♂️,1872,0.97,33,1777742209.0,Latter-Ability-7729,1577.0,5.789029414190186,272.41181330577206,36.8984798492957,0.0,5
IndianStreetBets,1sjddzj,Is this why we are underperforming all global markets?,1597,0.96,172,1775997395.0,[deleted],,,,42.44893529534976,0.0,5
IndianStreetBets,1sfrj56,Celebrations now be like.,1512,0.99,11,1775651615.0,Soft_Humble_Leader,2717.0,426.73401593743097,6.366963725709588,1.6326072249895398,0.0,4
IndianStreetBets,1sdmqjx,It's tough out there ...,1345,0.99,10,1775443238.0,Yellow-Capcicum69,26122.0,37.33547168960726,699.6563540744377,6.074816484550487,0.0,5
IndianStreetBets,1ssgr83,😂😂,1304,0.99,9,1776851146.0,LORD-96,12821.0,221.48226488800788,57.88725343983148,9.353647508760746,0.0,5
IndianStreetBets,1sm44gh,"If China confirms this, we may finally have strait of hormuz problem solved",1290,0.95,171,1776254743.0,Ashryfinancial,30274.0,257.51876381204914,117.56036551222176,6.769347411725958,0.0,5
IndianStreetBets,1t29x4q,Gandcurryji wet dream,1280,0.96,58,1777777856.0,iquizuanswer,4149.0,83.56680473053345,49.64890082107026,41.90486034357748,0.0,5
IndianStreetBets,1srq4gb,🤣🤣🤣,1254,0.99,12,1776783479.0,S_a_i_i,2265.0,1978.6038270742476,1.1447465980843905,9.015701639709022,0.0,4
IndianStreetBets,1t1cnab,Nice use of tax payer money,1226,0.98,51,1777686914.0,iquizuanswer,4149.0,83.56680473053345,49.64890082107026,27.058774192056706,1.0,4
IndianStreetBets,1sjf1f0,"Effective immediately, the US navy wil beginthe process of blockading any and al",1177,0.97,265,1776001707.0,HardMarginSVM,13480.0,356.494194576216,37.812677471576805,7.881525390620605,0.0,3
IndianStreetBets,1sw3kf7,2015 was the year they decided to do it but Narayan Murthy didn't allow it,1138,0.99,39,1777198031.0,Fearless-Ad-422,21916.0,179.30903603753558,122.22473827483086,31.54847230295299,0.0,5
IndianStreetBets,1seag2n,Didn’t know that Ola electric has more patents than any other unicorn!,1130,0.95,91,1775507061.0,Lonely_Pie_5,1864.0,142.05615035789432,13.12157196505652,11.631026837308921,0.0,5
IndianStreetBets,1sxxh3t,So China buy Iran oil and sell to US at 100% more expensive?,1098,0.99,30,1777372187.0,Adorable-Grand68,56134.0,353.720608036932,158.69587104786115,105.74787711777824,1.0,5
IndianStreetBets,1sltg7u,Latest GDP figures. UK takes over India,1068,0.95,335,1776220667.0,RedditsfiltersIsShit,2819.0,235.4138710741892,11.974655474365017,38.192464803780325,0.0,5
IndianStreetBets,1sfn85u,A Price for Peace? Iran To Charge Fees On Ships Crossing Strait of Hormuz Under ,1052,0.97,94,1775637918.0,Tris_Memba,59446.0,607.74071531213,97.81473990839842,12.308522508995303,0.0,5
IndianStreetBets,1snxkh4,An IIT professor just said 10 crores is barely enough to retire and the internet,1040,0.95,189,1776423322.0,mostly_chill_tbh,5666.0,30.8099996814932,183.9013326379041,13.876597617364208,0.0,5
IndianStreetBets,1shsm71,Economy slowdown confirmed ?,1015,0.92,98,1775840833.0,IREDA1000,119400.0,852.4069727818971,140.07393629163863,15.23922900735872,0.0,5
IndianStreetBets,1su7gkq,"Ram Madhav: ""India agreed to stop buying oil from Iran. We agreed to stop buying",970,0.97,61,1777011276.0,isdjtantichrist,16057.0,466.60708676720935,34.4122505966371,27.534547397917937,0.0,5
IndianStreetBets,1sn04p1,India drops to 6th in IMF rankings due to rupee fall; temporary setback or bigge,937,0.91,129,1776337084.0,KunalKohli01,757.0,579.5976202116768,1.306078516546589,42.06513700898283,0.0,4
IndianStreetBets,1snrlhu,Old Bitcoin whale just dumped EVERYTHING… why??,862,0.91,86,1776403169.0,Niftymonk,14635.0,1003.0482847852784,14.59052392790134,34.446806475602315,1.0,4
IndianStreetBets,1sn6kep,The guy who made 80 crores selling finance courses just said courses are useless,843,0.96,102,1776352659.0,mostly_chill_tbh,5666.0,30.8099996814932,183.9013326379041,21.993786470055934,1.0,5
IndianStreetBets,1sk9pr9,Zerodha doesn’t run ads. Others run ads on its name.,809,0.99,52,1776084220.0,Ashamed_Abalone_8045,1392.0,131.40541405702632,10.593170836902583,158.36229858779922,1.0,5
IndianStreetBets,1sj7n3m,Nifty Gap down OFFICIALLY confirmed,810,0.97,89,1775978245.0,SpyJigu,189318.0,1884.559200612431,100.45744380886352,9.708158690661271,0.0,5
JEENEETards,1shkeio,Ishika mam dar gyi dar gyi 🥀🥀,6124,0.94,709,1775822191.0,sarthakk911,6919.0,79.04825361831044,87.5288154170848,58.75840559332866,2.0,4
JEENEETards,1sqqzgh,I am literally the last person standing. My exact percentile is the cutoff.💀,5847,0.98,390,1776695308.0,_WalkingParadoxx_,3014.0,1434.486103287662,2.1011008702644736,20.890761684198388,0.0,5
JEENEETards,1t1opu9,Papa yaar😭😭😭,5073,0.98,94,1777725378.0,imfrom_mars_,,,,33.68622295095564,1.0,4
JEENEETards,1ss7hd4,Rest in peace little soldier 💔,3126,0.99,359,1776822054.0,rawsnskr,12463.0,115.46521278951457,107.93727131234952,25.33876535512176,0.0,3
JEENEETards,1syc826,maybe in another life we would not waste out teenage life to competative exams,3090,0.98,468,1777405909.0,No-Tip1624,10731.0,62.28939370099593,172.27652032561724,17.844896749399496,0.0,4
JEENEETards,1szuo0i,please don't be late guys,2925,0.96,610,1777552116.0,Teckgeek960,1610.0,56.1257254388073,28.68559804639584,34.47303639530473,1.0,4
JEENEETards,1setmn9,Missed JEE Mains exam for ₹2 argument,2902,0.99,389,1775562403.0,Dry_Water74,6620.0,88.65686874182964,74.66990537729859,22.874196122977587,0.0,2
JEENEETards,1snr532,"Rapist roaming free and fearless in kanpur, Coaching teacher set free to teach a",2661,0.99,177,1776401712.0,photon229,4944.0,1131.2366335200352,4.370438380001807,29.309824001017482,1.0,4
JEENEETards,1sc3cur,"Notty NTA, bechara bachcha 💔💔",2544,1.0,94,1775289537.0,SufficientClue6386,3679.0,312.456712890822,11.774430979453811,12.420466818894427,0.0,3
JEENEETards,1sjbth2,The winner takes it all......,2525,0.99,179,1775992707.0,FinishCrafty5616,1382.0,349.27794743282374,3.956734200248353,78.4932523739516,1.0,3
JEENEETards,1sv72xe,Carboxylic acid &gt; Sulfonic acid &gt; Ester &gt; Acid halide &gt; Amide &gt; N,2259,0.99,79,1777107808.0,toosourr,12355.0,230.40279624134303,53.62348114498727,13.010227580769637,0.0,3
JEENEETards,1sj7dya,Is this tuff? 😂,2232,0.97,202,1775977400.0,t8rixxd,5459.0,693.2697652769089,7.874279643249035,71.31052549704643,1.0,4
JEENEETards,1sqqn75,I finallyy did itttt 😭😭😭😭,2193,0.97,313,1776694568.0,Simple_Excuse_8645,2194.0,21.94015889759141,99.99927576827427,22.4232902096707,0.0,4
JEENEETards,1t1iz48,Got my periods a day before neet fahhhhhhhhhh 😡😡😡😭😭😭🥰😍,2161,0.92,757,1777706509.0,SquirrelThat9009,4978.0,509.6588043921192,9.767318757374094,9.116004051824197,0.0,3
JEENEETards,1sm7r94,cbse got scared,2103,1.0,70,1776263434.0,Homework_Dodger,28038.0,62.67843325739658,447.3309006442225,138.52584741667343,1.0,3
JEENEETards,1sqrowt,This country doesnt deserve me,2046,0.93,632,1776696856.0,buying_heroin,10919.0,393.9690055143971,27.715378233227483,6.4314239088914995,0.0,3
JEENEETards,1sppflw,How some parents will react tomorrow after finding out their kid wasn't in top f,2004,0.99,196,1776594965.0,SuperSam212,35812.0,2048.950686033148,17.478214699902562,75.30752297892944,1.0,3
JEENEETards,1srkyv2,daadi gave me this for 98.8%ile 😭❤️,1879,0.99,346,1776771209.0,HappuSingh1729,1304.0,21.374840709282843,61.006302584219405,72.62457069298495,1.0,4
JEENEETards,1sicgk0,Jee slander 26,1836,0.99,128,1775892585.0,aapkapyara,7702.0,1254.5809721340845,6.139101557469534,107.575776696946,1.0,4
JEENEETards,1sqn0in,Mandatory Pre Result post.,1805,0.97,153,1776685851.0,Key-Nobody6247,5289.0,225.67082594172547,23.436791078018068,6.9809557875824355,0.0,3
JEENEETards,1t0f4n3,Can't do this shi anymore,1791,0.97,241,1777598597.0,Unlikely_Citron6590,11484.0,431.4055095623158,26.61996600750681,16.33545336892774,0.0,4
JEENEETards,1stn20u,WAITT!! WHAT??😭🙏🏻,1744,0.96,485,1776960260.0,Jas_saysstfu,1094.0,520.2626705733438,2.102783962559493,35.11524052155083,0.0,2
JEENEETards,1syprbe,"Guys, how do I tell this to my bf?",1651,0.98,120,1777441147.0,FickleImplement7703,1299.0,610.8687537018761,2.126479693269685,27.993307724916754,1.0,4
JEENEETards,1skje41,Fake PwD Certificate User in IIT Bombay,1615,0.98,286,1776104691.0,No_Ninja_406,2485.0,661.398615731401,3.757189599273636,8.193581314523529,0.0,3
JEENEETards,1sd0sl8,Wth is going on bruh...😭😭,1609,0.99,134,1775386992.0,yuvii_t,976.0,49.45896057851888,19.733532378840536,8.837220732421665,0.0,3
JEENEETards,1slzohk,Found this in my cousin brother's bag ...he's 9M,1600,0.99,242,1776240392.0,tylerdurden__96,1033.0,44.21693422681756,23.362090069407973,29.325838737560304,1.0,3
JEENEETards,1sorye8,No freaking Title,1570,0.97,445,1776500857.0,Tight_Weather7333,5134.0,508.5199289750584,10.095966170584065,11.266557073798115,0.0,2
JEENEETards,1shh26d,Title cute kawaii nhi h :(,1565,0.99,119,1775811298.0,MKR_Family,,,,33.37214802454067,1.0,3
JEENEETards,1stmdzn,I made my papa proud of me 😭😭,1520,0.99,156,1776958831.0,nishant__-,1742.0,1144.2320611405096,1.5224184491594015,21.973623232971022,0.0,3
JEENEETards,1t1tg3t,"My parents gave me a treat before NEET💝They said whatever you score, you are a C",1500,0.99,168,1777736813.0,Low-Compote-3824,2513.0,473.0568937177073,5.312257433245676,25.107766161336126,0.0,4
ISRO,1sud9r6,"Former IAF chief ACM Rakesh Kumar Singh Bhadauria (Retd) : ""NaVIC will be rememb",166,0.97,13,1777030855.0,Ohsin,190528.0,6283.558057853044,30.321674160690304,13.492762759220245,0.0,5
ISRO,1ssaoie,"NavIC's Clock Crisis, And The Indian Clocks That Could Fix It",145,0.98,9,1776830793.0,Humbash,16728.0,217.99309532268452,76.73637541243386,26.88245654139834,0.0,4
ISRO,1sfy4gi,Land clearing for Third Launch Pad at SDSC,93,0.99,2,1775666358.0,Kimi_Raikkonen2001,31281.0,2278.17796215324,13.730709593220054,30.318729124541616,0.0,1
ISRO,1sn49m4,ISRO budget since 2005 adjusted to inflation,90,0.95,5,1776347750.0,Alive__but_why,21421.0,1700.2259618489693,12.59891360363948,15.272912270346009,0.0,2
ISRO,1sldef7,Antrix-Devas: India wins sovereign immunity case in Australia High Court over $1,77,0.99,3,1776183475.0,Ohsin,190528.0,6283.558057853044,30.321674160690304,20.919975258244477,0.0,2
ISRO,1swy9s4,"For the second batch of Indian astronauts, ISRO's committee on astronaut selecti",58,0.95,3,1777280799.0,Ohsin,190528.0,6283.558057853044,30.321674160690304,15.750282699121751,0.0,2
ISRO,1shfe52,Gaganyaan mission: ISRO completes second Integrated Air Drop Test,53,0.97,9,1775805286.0,vineethgk,3725.0,3539.2233845527558,1.0524907854808156,83.34834790786009,1.0,5
ISRO,1sfonx3,"Launch date of HLVM3-G1/OM1, first uncrewed mission of Gaganyaan to be announced",45,0.96,16,1775643069.0,Ohsin,190528.0,6283.558057853044,30.321674160690304,8.498692144514795,0.0,5
ISRO,1shhj4o,ISRO conducts Second Integrated Air Drop Test (IADT-02) for Gaganyaan with simul,38,0.92,15,1775812956.0,Ohsin,190528.0,6283.558057853044,30.321674160690304,9.756793267982777,0.0,4
ISRO,1sclell,ISRO eyes May launch; Integrated Air Drop Test-2 (IADT-2) preparations ongoing.,36,0.95,9,1775338401.0,Ohsin,190528.0,6283.558057853044,30.321674160690304,15.685514666327713,0.0,2
ISRO,1sugrt7,"Phase 3, the Integrated Electrical Test Campaign, of Vikram-1's pre-launch test ",35,0.91,4,1777039616.0,Ohsin,190528.0,6283.558057853044,30.321674160690304,13.61610877231646,0.0,3
ISRO,1sl3q36,Vikram Lunar South Pole: Vikram's 'hop' unravels surficial 'layers' near lunar s,35,0.96,2,1776159136.0,Ohsin,190528.0,6283.558057853044,30.321674160690304,9.359526168016062,0.0,1
ISRO,1sgsni5,Chandrayaan-2 reveals water buried on the Moon for billions of years is stable,39,0.95,0,1775748029.0,mudit23june,4965.0,2552.1836791088544,1.945392896538555,,,0
ISRO,1szrhpd,'State Must Be Model Employer' : Supreme Court Criticises Union For Not Regulari,29,0.92,1,1777542617.0,Ohsin,190528.0,6283.558057853044,30.321674160690304,30.318729124541616,0.0,1
ISRO,1swy76d,"Lunar Polar Exploration@JAXA（LUPEX） (@lupex_jaxa) on X : ""ISRO members visited T",24,0.94,3,1777280534.0,Ohsin,190528.0,6283.558057853044,30.321674160690304,,,0
ISRO,1sxu2s4,DoS Annual Report 2025-2026,21,0.93,8,1777360364.0,Kimi_Raikkonen2001,31281.0,2278.17796215324,13.730709593220054,13.272773334274401,0.0,5
ISRO,1sm6e2c,BRICS Nations Shape the Future of Space Exploration | Russian Space Forum 2026,21,0.97,1,1776260317.0,Ohsin,190528.0,6283.558057853044,30.321674160690304,30.318729124541616,0.0,1
ISRO,1sz2ebx,Apparently GSLV-F17 / EOS-05 (aka GISAT-1A) launch is being held back due to a t,21,0.86,11,1777477087.0,Ohsin,190528.0,6283.558057853044,30.321674160690304,9.570688171773067,0.0,5
ISRO,1sww3yu,"Chandrayaan 2, the orbiter to remember",22,0.89,1,1777273087.0,totaldisasterallthis,14647.0,1564.22388908514,9.363749078507244,0.07568346657018524,0.0,1
ISRO,1smwyiz,Indian Space Situational Awareness Report (ISSAR) for 2025 Released,18,0.91,1,1776326066.0,Ohsin,190528.0,6283.558057853044,30.321674160690304,30.318729124541616,0.0,1
ISRO,1sideh8,ISRO’s Achievements during FY 2025-2026,16,0.87,6,1775895915.0,Ohsin,190528.0,6283.558057853044,30.321674160690304,16.597522309687555,0.0,2
ISRO,1se5fkh,Advice for ISRO internship,13,0.82,22,1775496495.0,astro_naren_06,15461.0,104.53537591612174,147.9020844810064,0.2540584757271168,0.0,3
ISRO,1smne1m,Looking for team members for IN-SPACe Model Rocketry Competition 🚀 (India),14,0.89,6,1776297688.0,ShoddyMammoth4466,46.0,22.453470181527518,2.048681100431604,0.5789302810488972,0.0,5
ISRO,1sig0c7,Investigation for water-ice within lunar polar PSR using Chandrayaan-2 DFSAR dat,15,1.0,1,1775905169.0,Ohsin,190528.0,6283.558057853044,30.321674160690304,2.376445769254943,0.0,1
ISRO,1sg467g,"Anyone applied for North Eastern SAC, Meghalaya?",14,0.94,10,1775679334.0,HystericScientist,113.0,744.0066004831951,0.1518803730055783,0.7728766910742572,0.0,4
ISRO,1sqpjmp,ISRO and TIFR Sign MoU for Collaboration in Space Science and Related Technologi,13,1.0,0,1776692166.0,Ohsin,190528.0,6283.558057853044,30.321674160690304,,,0
ISRO,1sftjvu,Any advice for my upcoming internship? Few questions as well.,12,0.8,4,1775656509.0,justshutupz,156.0,258.1083777835082,0.6043972742754093,0.47671352225996677,0.0,2
ISRO,1sdt9js,LPSC internship mail expected today evening,12,0.88,94,1775464949.0,biriyani_biceps,52.0,345.28625076035934,0.1505996832642195,0.017173960774535806,0.0,5
ISRO,1siotfs,PG Diploma Courses provided by IIRS,11,0.87,1,1775927575.0,No_Narwhal_1006,9.0,425.23504803214087,0.0211647653260221,,,0
ISRO,1sevtk4,New NOTAM for Integrated Air Drop Test (IADT-02). Enforcement duration between 0,12,0.93,4,1775568058.0,Ohsin,190528.0,6283.558057853044,30.321674160690304,11.209872974609175,0.0,3
UPSC,1sd3qam,NCERT casually dropped one of the coolest covers,1609,0.99,56,1775395940.0,Nyxfla,19327.0,136.9407475972231,141.13403306987584,6.709939841010292,0.0,5
UPSC,1se8kfg,India's First Queer MP,1144,0.93,92,1775503112.0,dilmaangemore77,2074.0,174.98746777165542,11.852277345406264,11.220029656067924,0.0,5
UPSC,1ssnzwv,First batch of IAS Officers (1948),1034,0.98,123,1776869964.0,ClassicEconomist563,2284.0,1399.3165375030565,1.6322254034641617,6.852140665173276,0.0,4
UPSC,1srjos9,Is anyone here who wanna skip this attempt but can’t ??😿,662,0.99,117,1776767330.0,Tasty_Milk3402,739.0,421.4606077069789,1.7534260295894386,3.5252169955680053,0.0,5
UPSC,1svxokw,IAS Raju Narayana Swamy: 32 transfers in 34 years for honesty,647,0.98,37,1777178235.0,Normal-Cup-7454,634.0,432.1766516206358,1.466992716109348,4.944103952603926,0.0,4
UPSC,1sshtg7,ts so me,523,0.99,39,1776854647.0,Downtown-Sandwich317,14559.0,714.6032710873033,20.373542340280338,20.037964521456907,0.0,5
UPSC,1sp0rsn,"Same event, four headlines three push narratives, one reports facts. This is exa",513,0.89,164,1776526350.0,Financial-Soup6902,2106.0,123.20966235786952,17.092815284916554,10.222664118176578,0.0,5
UPSC,1sgj8c9,How I crossed the prelims hurdle thrice (By more than 20 marks): Shaping the Att,441,0.99,109,1775721330.0,ALazyScribbler,31335.0,2150.6838864938527,14.569784149489216,9.241439842338945,0.0,4
UPSC,1sepmph,Finally off the treadmill. Cleared UPPSC 2024 (Assistant Commissioner - GST).,435,0.98,188,1775548733.0,wardaddy93,1161.0,3357.057785290764,0.3458385509737189,6.657608881142108,0.0,4
UPSC,1se80c8,Historic Feat,419,0.98,20,1775501980.0,dilmaangemore77,2074.0,174.98746777165542,11.852277345406264,16.14161622420745,0.0,3
UPSC,1svsp7o,Let us prepare with peace of mind. We are literally so fed up from all of the BS,416,0.96,30,1777163504.0,ConstructionAny8440,1070544.0,1692.0927963353583,632.6745213492578,130.45461529398443,1.0,5
UPSC,1ssp5sh,Found this tweet today and it can be a potential question!,376,0.98,26,1776872446.0,AppropriateSpite9373,2756.0,1521.12666511433,1.811814928504232,6.588160357200609,0.0,5
UPSC,1szs5ao,The most GOATED comment,352,0.96,26,1777544823.0,logical_sundae69,2033.0,143.50353517234876,14.166898380296711,10.995897629671486,0.0,5
UPSC,1sm4eco,"OP revised full environment yesterday and today, now half-dead!",339,0.97,102,1776255465.0,Federal_Leg5278,37941.0,1815.0329752539128,20.903752448184736,35.069973707633004,0.0,4
UPSC,1su6skx,IRS officer daughter who was an IIT graduate and a upsc aspirant was R and murde,333,0.97,36,1777009060.0,COYGoonerSTANimal_17,55432.0,541.4355758066199,102.37967816839245,20.085896041775733,1.0,5
UPSC,1sv2bsq,Can't comprehend this melancholy,330,0.99,38,1777091859.0,ConsiderationNew314,676.0,364.38024024758073,1.855204880321411,11.397102819044411,0.0,4
UPSC,1scgsmz,Saans leta hu toh ek INS commission hojata hai,313,0.99,54,1775327342.0,pulchritudinous_luos,14138.0,109.19168547118151,129.47872302723434,79.92960342160552,1.0,4
UPSC,1sgvfo7,put your emo baggage of prelims here and let the lord handle the rest.,308,0.96,37,1775753989.0,_forthepurpose,242.0,561.146953792986,0.4312595806931472,43.63847441887504,0.0,5
UPSC,1t2e4ap,Shubhra Ranjan held hostage &amp; extorted ₹2 crore by ex-student Priyank Sharma,308,0.98,74,1777791324.0,Kuch-to-log-bolenge,192.0,7.728628954848758,24.84269863667653,22.994884283981275,0.0,5
UPSC,1stqp8h,"Lesson For the Day: Don't use ""Dr."" and ""Sir"" together with your name if you do ",307,0.95,148,1776967960.0,More_Economist_7883,1625.0,291.6725200734729,5.571316761656735,3.8583897680867807,0.0,5
UPSC,1t21ko8,"""Never Discriminate between the sources of Your Knowledge""",282,0.99,35,1777755415.0,Comfortable_Move6516,290.0,420.5085227901847,0.689641194608313,2.0553343917149913,0.0,5
UPSC,1t1hxdl,Thanks for reminding me to revise NMDA and the Prahar Policy,280,0.97,62,1777703005.0,Federal_Leg5278,37941.0,1815.0329752539128,20.903752448184736,10.889738854539527,0.0,5
UPSC,1ssfy7a,Reserves,259,0.98,37,1776848374.0,Sufficient-Cap-154,1069.0,1116.0004236432885,0.957884941038059,14.45909473241195,0.0,5
UPSC,1snw4ui,Master of this Exam | OG,264,0.93,71,1776418595.0,mitchellwolverine,1050.0,460.3178970150236,2.281032318771066,163.69582706473903,1.0,4
UPSC,1sxdwwj,Made a small art amid depressed phase,261,1.0,36,1777318001.0,Unhappy_Ad1040,2845.0,399.45763253322906,7.12215706571419,153.89270320938266,1.0,5
UPSC,1smw8b8,Zimbabwe surpasses India in GDP Per Capita. India rank has dropped from 136th to,249,0.93,82,1776323441.0,RevolutionSmall9860,2558.0,342.07041817918974,7.477992436808787,26.75659235516838,0.0,5
UPSC,1swyul5,Library study room feels like a slow cooker at 43°C 😭,245,1.0,81,1777282896.0,pookiblueberries,5624.0,520.0552107335186,10.814236419374698,8.9184873538906,0.0,4
UPSC,1strrun,what do you think why these students do such horrific things? Why cant they just,233,0.99,40,1776970255.0,Anxious-Progress3480,42175.0,1374.4078675837732,30.68594192067905,34.26667595518903,1.0,5
UPSC,1selpu2,Will the Supreme Court not overturn this decision?,226,0.96,33,1775535473.0,Maverick_Im,3196.0,79.36025000776682,40.27205055033489,16.477613754776833,0.0,5
UPSC,1sgz7f8,Only a UPSC aspirant can elaborate this picture. Anyone ?,227,0.96,44,1775761924.0,theakashsingh07_,146.0,1246.3277120154737,0.1171441496425519,20.554853825113394,0.0,5
StartUpIndia,1sc5ugk,Not surprised! India was always going to be a tough market for Donuts!,1350,0.99,159,1775298738.0,One_Door2204,10303.0,419.13286044276697,24.58170420977261,37.3347541012208,0.0,5
StartUpIndia,1siceg4,Top 10 Profit-Making Startups in India (FY25),1020,0.99,54,1775892372.0,sheriffly,10461.0,166.32409150674664,62.89527815984294,5.939051617404869,0.0,4
StartUpIndia,1swm32x,Indian VC’s are a joke,826,0.98,135,1777243667.0,alpha_merge,1161.0,2153.017931416793,0.5392430704169769,8.651122599011154,0.0,5
StartUpIndia,1svg7e0,This is exactly how I'm feeling rn,717,0.99,17,1777133263.0,mothersuperiormedia,17092.0,326.4413987165386,52.35855521756795,9.50439839357529,0.0,5
StartUpIndia,1t11y6r,My 1-Month Experience Opening a Chaat Shop in Hyderabad — What Went Wrong,657,0.98,84,1777660658.0,rubi33bi,2216.0,2060.080417041042,1.0756861633503172,6.697742540506655,0.0,5
StartUpIndia,1smbzwm,Why isn't anyone solving the AC problems in India?,647,0.93,171,1776272441.0,StatSigEntropy,15095.0,61.61024463949104,245.0079542505887,3.871259394769935,0.0,5
StartUpIndia,1sta10q,What are some timeless start up ideas?,632,0.98,35,1776923357.0,DefiantLocksmith221,1877.0,212.23895761027657,8.843805214340707,48.27611129953704,1.0,5
StartUpIndia,1sy59ly,For People Who Dream Big But Do Nothing,439,0.99,49,1777391327.0,BringYourOwnVenture,,,,5.738016524573664,0.0,5
StartUpIndia,1srs080,I Quit a ₹28 LPA Job for doing a Startup. Here’s What Actually Happened,377,0.96,112,1776787256.0,Charming-Ad1028,,,,0.22908674831707004,0.0,5
StartUpIndia,1scedl1,drone with infinite range.... only limited by battery,340,0.97,53,1775321768.0,LavishnessWilling542,,,,22.378812237344608,0.0,5
StartUpIndia,1su5xrs,Vishal Sikka would laughing (and crying) when he see this - Infosys signs a coll,337,0.99,28,1777006386.0,naren_93,,,,21.00998235497169,0.0,5
StartUpIndia,1sw5mp0,Got my GSTIN in exactly 2 hours. Didn't know govt portals were this fast now,260,0.96,136,1777204748.0,Kamalagr007,,,,25.15751656572447,0.0,5
StartUpIndia,1t1j6ud,"I'm Ashita Batra, Founder at Endl, building stablecoin-powered banking for busin",257,0.88,83,1777707247.0,Zealousideal-Boot172,,,,3.47045646079969,0.0,5
StartUpIndia,1shkb8a,Now Need to be Shift on Plan B,247,0.96,61,1775821934.0,Disastrous_Top4504,,,,14.964900313303566,0.0,4
StartUpIndia,1sm3hef,Stunning New creativity by chance,229,0.84,52,1776252984.0,Special_Priority2142,186.0,364.1615519693301,0.5107623223652811,8.99413085115846,0.0,5
StartUpIndia,1sffr09,Anthropic Mythos just scored 93.9% on SWE-bench. Building a SaaS from India is a,198,0.93,52,1775613550.0,Double_Security6824,837.0,213.7332832783792,3.916095739332468,8.928949390231839,0.0,5
StartUpIndia,1syu9r2,YC - Request for Startups Summer 26,182,0.99,11,1777456581.0,PracticalHead5042,296.0,318.53539023737386,0.9292531036486076,1.1096334639090597,0.0,4
StartUpIndia,1sh6yt2,You raised ₹10 Cr at a ₹40 Cr valuation. You think you sold 20%. You actually so,175,0.95,13,1775780088.0,Double_Security6824,837.0,213.7332832783792,3.916095739332468,1.9933434140408608,0.0,5
StartUpIndia,1t04q8k,We are not behind in the AI race.. We are not even in the race.. we are running ,171,0.95,47,1777573805.0,Charming-Ad1028,,,,38.716813548595454,0.0,5
StartUpIndia,1sidspv,Remember Deepinder Goyal's 20L rupee Chief of Staff post? That was me. Left that,169,0.74,75,1775897346.0,Puzzleheaded-Two5230,1455.0,61.34812029281148,23.71710808832216,34.37069720263681,0.0,4
StartUpIndia,1swya3g,VCs are some of the most cutoff folks from the ground reality of StartUps,164,0.96,46,1777280830.0,Individual-Lab-2008,568.0,1266.5283391814928,0.4484700282088247,2.811282439637358,0.0,5
StartUpIndia,1sp7vu7,We’re feeding millions from dead soil — and no one is talking about it,151,1.0,39,1776542678.0,SAWAN_3,562.0,1847.227931158416,0.3042396612352889,0.5651635510112192,0.0,5
StartUpIndia,1scdqhi,"My SaaS made a sale, Nearly every day for the last 2 weeks!",141,0.95,62,1775320286.0,Opposite-Art-1829,3035.0,1157.4011389576974,2.622254201972863,0.8128960513358858,0.0,5
StartUpIndia,1t1hxf6,We pitched to the founder of redBus ( Now AbhiBus ),136,0.9,54,1777703009.0,vegirajukrishna,230.0,158.52171418887596,1.4509053297642167,3.8057886773462455,0.0,5
StartUpIndia,1shl51w,Investors in India play safe - Deep tech startups!!,132,0.99,31,1775824165.0,WarMachine00096,679.0,500.6395683905317,1.356265151360021,4.114673847956989,0.0,4
StartUpIndia,1srj4m4,"Either Shiprocket is leaking data of our customers or it's delivery guys, Pls he",127,1.0,30,1776765485.0,callLx,789.0,55.510673853680494,14.2134826552405,11.840815337071602,0.0,5
StartUpIndia,1sdvv9j,Terrified to back to the job market after shutting down my startup,131,0.98,26,1775473941.0,Common_Knee1430,350.0,897.1705669162836,0.390115339163438,2.083510238928564,0.0,5
StartUpIndia,1sics5p,Me and My Friends😆,125,0.96,5,1775893755.0,Disastrous_Top4504,,,,55.62797375385784,0.0,4
StartUpIndia,1stw078,where do I start after earning 1Cr,119,0.94,61,1776979668.0,AggravatingCounter84,3242.0,1652.0001374682067,1.962469570352801,4.1474907901395,0.0,5
StartUpIndia,1sov2gt,"Built an AI model for detection of TB and pleural effusion (water in lungs), nee",110,0.92,50,1776511571.0,Mush_o_Mushroom,5038.0,128.3548457888431,39.25056330392097,2.2261783321076614,0.0,5
TwoXIndia,1szlmf5,My cousin had the guts to do this to her would be in-laws and finance,1401,0.97,203,1777522850.0,expression-waves,6036.0,690.5230013292476,8.741200493511123,9.380576614262244,0.0,5
TwoXIndia,1spalc3,Broke off my engagement because consent was not respected,1302,0.97,112,1776549187.0,the_rice_life,38996.0,1267.6672079446637,30.76201684133353,16.55303832988207,0.0,5
TwoXIndia,1sv28g8,Girls - Decenter men or you will be commuting 2 hours while your hubby WFH,821,0.94,101,1777091573.0,nanon_2,71220.0,2551.874025950161,27.908901174493533,23.455603051333405,0.0,5
TwoXIndia,1ssib1g,Update - broke off my engagement because consent wasn’t respected,749,0.97,69,1776856112.0,the_rice_life,38996.0,1267.6672079446637,30.76201684133353,24.67071838537672,0.0,5
TwoXIndia,1sid905,"My fiancé got annoyed when i asked him about ""consent after shaadi"" and now I'm ",747,0.93,107,1775895371.0,Dafodils_,6133.0,92.69056169123836,66.16639157317486,8.665975964036146,0.0,4
TwoXIndia,1skbmz7,The little girl inside me is finally smiling.,730,0.98,26,1776088704.0,Personal_Camel_2417,3322.0,1346.1632486696542,2.467754191984491,4.812052579834629,0.0,5
TwoXIndia,1snqsnl,The most accurate thing I read today.,619,0.96,14,1776400627.0,-wallflowerlife,9431.0,474.0559688421284,19.8942754017738,11.912897821409356,0.0,4
TwoXIndia,1sc0660,How I Stopped Fighting My Mom and Started Changing Our Relationship,578,0.98,20,1775278568.0,Historicalpoop,889.0,1559.6763015727313,0.5699900672361046,19.549426220696873,0.0,5
TwoXIndia,1smuksj,Marital T&amp;Cs - would you agree?,570,0.96,104,1776317875.0,confabulati0ns,2136.0,1312.5136997174995,1.6274115847017403,16.83760877406785,0.0,5
TwoXIndia,1scwduj,It's so unfair how easy it is for men to finish,567,0.91,152,1775370585.0,SanctaFeria,2183.0,1548.163225894918,1.4100580374773557,16.627916574807607,0.0,5
TwoXIndia,1szzweh,Landed the best thing that’s happened to my career and I have nobody to celebrat,563,0.93,104,1777563615.0,MiserableGrapefruit7,18585.0,2045.2068581570825,9.087100371229331,7.348133562353593,0.0,5
TwoXIndia,1sj89w8,"I am convinced that our families don't think we have, you know, desires",528,0.85,116,1775980416.0,midnight_coffee_2,5342.0,313.0118137563765,17.066448502029345,4.054889078970971,0.0,5
TwoXIndia,1sqsz61,Stop having sex without condoms please?,506,0.93,105,1776699653.0,chargeofthebison,64200.0,833.1989091648023,77.05242925048235,35.311587724632766,0.0,5
TwoXIndia,1sgicdy,Am I wrong for experimenting on my bf and getting the ick?,501,0.96,130,1775718092.0,Training-Swimmer8159,32033.0,1094.3247510265394,29.271932276000527,13.018050671066169,0.0,5
TwoXIndia,1t2dac8,Blinkit doesn't care about women's safety,473,0.98,23,1777788509.0,Artistic_Lie_5244,488.0,1392.7634056343525,0.3503825545859556,2.220330778975087,0.0,5
TwoXIndia,1skzdyq,How do you explain to your own mother that your saggy breasts aren’t your doing?,443,0.97,84,1776144068.0,Ashamed_Map_7694,1684.0,1605.3649723397114,1.048982648192257,47.34383496241004,0.0,5
TwoXIndia,1t1vsgq,Indian stand up has a gender bias problem and the audience is a big part of it,429,0.92,32,1777742207.0,LifeCause3433,753.0,124.655939740798,6.040626716751264,39.39792951561916,1.0,5
TwoXIndia,1su6mem,I wish I had the courage of the Mumbai lady who stood up against BJP causing the,426,0.93,30,1777008503.0,Delicious_Biscotti27,16449.0,1071.422469516493,15.352487434226608,19.032781837117923,0.0,4
TwoXIndia,1sypbiq,Married to an emotionally unavailable husband,428,0.94,156,1777439745.0,thenerdwritersblog,1584.0,1341.9452797333206,1.1803759988743967,12.107411659757824,0.0,5
TwoXIndia,1sl58n4,"TCS Nashik case: Inside the ‘grooming trap’ that involved sexual abuse, religiou",417,0.91,197,1776164060.0,Euphoric-Athlete105,1285.0,1920.3246936808555,0.6691576712149274,53.455920136441115,1.0,5
TwoXIndia,1snx5db,Why do kids point out your breasts ughh ...,412,0.88,65,1776422015.0,AdeptnessThese1663,40106.0,685.5121720930906,58.50516100617644,11.240017671599695,0.0,5
TwoXIndia,1stia2y,How do we actually ensure our safety? Do we even prepare ourselves? Self-defense,404,0.97,41,1776949672.0,Exotic-Gate-8952,52584.0,609.0322265316794,86.3402587075822,14.489753961803192,0.0,5
TwoXIndia,1swvv3h,Why are men literally so disgusting?,392,0.87,82,1777272233.0,PersonalRun712,22129.0,355.71048567666776,62.21070474744095,14.663516032015988,0.0,5
TwoXIndia,1se5v6q,I got boob shamed alot of time by other women's then men itself,392,0.96,61,1775497396.0,Lazy_Mycologist_6667,22156.0,1898.551414525128,11.66994995789552,26.437356994117287,0.0,5
TwoXIndia,1slgjpx,When did interviews become a place to humiliate people?,370,0.97,28,1776190047.0,wintwr124,1439.0,506.7979670836224,2.839395762143148,11.454232763416716,0.0,5
TwoXIndia,1t156bt,how did our mothers do it man,360,0.97,46,1777667774.0,Upbeat-Bank4444,988.0,259.3616577722684,3.809352579275653,23.10764789377425,0.0,5
TwoXIndia,1sgmoys,angry incels on the internet make me want to sleep around even more,346,0.8,75,1775733383.0,sabbekaarhay,2921.0,193.25123514144784,15.1150392278839,31.501274809080808,0.0,5
TwoXIndia,1t00g11,My dad said my dress is “not allowed” because he’s a man??,328,0.97,48,1777564671.0,Tualgr,37149.0,1236.5255618433323,30.043050581680397,9.409018555636818,0.0,5
TwoXIndia,1snevyh,Humiliated someone today at work.,325,0.96,23,1776370166.0,kookie_doe,,,,9.220607168754201,0.0,5
TwoXIndia,1svn8hy,How do I report the sub r/indianbrastraps?,328,0.97,78,1777149446.0,whisper_kitten0,10429.0,56.57434309178205,184.34151295545328,76.58223286833788,2.0,5
